timestamp_ms,ir_finger,ir_toe,temp_finger,temp_toe,ax,ay,az,gx,gy,gz
0,1051,768,33.656,25.648,0.021,-0.0261,9.7764,0.6161,0.2487,-0.4681
5,1054,769,33.56,25.679,0.054,-0.0499,9.8176,0.1017,0.2178,-0.4281
10,1067,767,33.644,25.598,0.0253,-0.0317,9.8002,0.0623,0.5014,0.3092
15,1082,766,33.583,25.711,0.0745,-0.0033,9.845,0.4449,-0.446,0.6685
20,1088,764,33.592,25.621,-0.0142,-0.0649,9.7302,-0.8406,0.1106,-0.2965
25,1105,763,33.663,25.648,0.0092,0.0193,9.8754,-0.3866,0.1887,-0.1448
30,1111,755,33.609,25.63,0.0321,-0.0424,9.8727,-0.2893,-0.5258,0.8388
35,1117,757,33.581,25.605,0.0223,-0.0435,9.839,0.3393,0.468,0.6673
40,1138,754,33.481,25.574,0.0374,0.0008,9.7965,0.6464,-0.1198,-0.5758
45,1134,752,33.63,25.7,0.053,0.0038,9.8373,-1.0999,0.8042,-0.5739
50,1151,750,33.564,25.576,-0.0172,0.0047,9.8449,-0.2492,-0.2458,0.3157
55,1151,747,33.695,25.693,-0.0296,0.0497,9.8013,-0.4347,0.212,0.0484
60,1153,744,33.603,25.662,0.0245,-0.0844,9.7436,0.233,0.1085,-0.3846
65,1150,744,33.559,25.731,0.007,-0.0297,9.8515,-0.746,0.3708,-0.658
70,1172,742,33.52,25.664,-0.0107,-0.0369,9.8529,-0.804,0.15,-0.13
75,1172,738,33.551,25.664,-0.0018,0.0277,9.8644,-0.2238,-0.3313,-0.1982
80,1190,748,33.571,25.703,0.0869,0.0405,9.7753,-0.1947,0.5575,0.3225
85,1181,741,33.541,25.697,0.0719,0.1023,9.8322,-0.3326,-0.1803,0.0408
90,1176,733,33.613,25.626,-0.042,0.0164,9.7676,-0.2915,-0.3425,-0.4251
95,1183,745,33.618,25.729,-0.0424,-0.0212,9.7899,-0.8768,-0.4393,0.3421
100,1188,739,33.596,25.682,0.0154,0.0697,9.8418,-0.046,-0.8592,-0.9169
105,1184,733,33.582,25.691,0.0025,0.0092,9.7627,-0.4986,0.659,0.7688
110,1193,742,33.668,25.747,-0.0009,0.0427,9.7951,-0.1123,-0.2532,0.575
115,1179,744,33.708,25.629,0.0369,0.0377,9.8594,0.4184,0.9253,0.4903
120,1191,741,33.535,25.646,0.0285,-0.0952,9.7752,0.2206,0.5412,0.2072
125,1180,740,33.562,25.605,-0.0543,0.0742,9.7563,0.4971,0.2533,-0.2363
130,1177,746,33.656,25.601,0.1218,-0.0384,9.8696,0.2073,0.4717,0.0932
135,1186,736,33.564,25.627,0.0779,0.002,9.8618,0.0785,0.0552,0.6187
140,1175,741,33.651,25.592,-0.0195,0.0163,9.881,0.5645,-0.6479,0.8713
145,1182,743,33.577,25.633,0.0,-0.0454,9.7598,-0.1133,0.1534,0.4512
150,1164,745,33.54,25.675,0.0644,-0.0172,9.8114,0.7735,-0.0565,0.5468
155,1170,749,33.566,25.625,-0.036,-0.0222,9.8202,0.5609,0.1641,0.2332
160,1176,750,33.581,25.699,-0.0139,-0.0546,9.8195,-0.0456,0.9177,-0.0675
165,1166,749,33.625,25.589,-0.0854,0.0669,9.8964,0.0139,0.3343,0.208
170,1163,750,33.612,25.574,0.0811,-0.0358,9.8212,0.1055,0.6335,-0.1863
175,1161,760,33.609,25.623,0.0233,0.044,9.8229,0.358,-0.7369,0.6317
180,1144,762,33.548,25.658,-0.0376,0.0979,9.7246,-0.2352,-0.4771,0.0557
185,1154,763,33.551,25.667,0.0104,-0.0256,9.8168,-0.406,-0.0762,-0.0423
190,1139,766,33.542,25.635,-0.0636,0.0328,9.7695,0.2214,-0.2676,0.4166
195,1147,764,33.574,25.617,0.0855,-0.0158,9.8828,0.3528,-0.6526,0.3759
200,1139,773,33.54,25.63,-0.0021,-0.0496,9.854,0.1492,0.0853,0.3332
205,1133,773,33.59,25.734,0.0395,0.0339,9.8333,-0.157,-0.2929,-0.3949
210,1133,781,33.555,25.594,-0.0514,-0.0009,9.8185,0.4281,0.6352,0.7006
215,1131,784,33.673,25.614,-0.0527,-0.0102,9.8226,-1.0415,0.5695,-0.1238
220,1119,785,33.65,25.627,-0.0292,-0.0105,9.741,0.1907,-0.1468,-0.3953
225,1119,787,33.615,25.686,-0.1289,0.038,9.7657,-1.1046,0.5842,0.3672
230,1121,791,33.586,25.746,-0.0189,-0.0034,9.7493,-0.1342,-0.1497,0.4785
235,1119,794,33.522,25.661,0.0477,-0.0173,9.7547,-0.1143,0.1933,-0.1355
240,1104,794,33.628,25.683,-0.0857,-0.0631,9.757,-0.0396,-0.3027,0.5327
245,1104,798,33.582,25.722,0.043,-0.0813,9.8475,-0.7202,-0.5652,-1.1928
250,1109,804,33.676,25.717,0.0767,0.0319,9.8698,0.3723,-0.2673,0.4392
255,1106,810,33.629,25.648,0.0161,0.0201,9.8445,0.6977,0.0714,-0.1879
260,1095,814,33.603,25.616,0.029,0.0879,9.7403,1.1666,0.1949,0.1274
265,1102,814,33.657,25.693,0.1378,0.0422,9.8244,-0.1228,-0.6792,0.1677
270,1100,813,33.596,25.554,-0.0317,0.0981,9.6723,-0.4489,-0.3657,0.3904
275,1097,826,33.518,25.676,-0.0791,0.0212,9.773,0.0988,-0.6361,-0.3822
280,1079,823,33.541,25.643,0.05,-0.0063,9.7816,0.0872,-1.121,-0.1762
285,1084,826,33.673,25.679,-0.056,0.0082,9.8253,0.2045,-0.2563,0.0163
290,1084,833,33.611,25.648,0.0658,-0.0991,9.8416,-0.0895,0.1735,-1.2332
295,1085,829,33.505,25.666,0.049,0.0745,9.8169,0.0237,0.395,0.8263
300,1095,835,33.576,25.631,-0.0103,0.0385,9.8066,-0.5972,-1.0415,-0.6967
305,1081,834,33.599,25.613,0.0727,0.0003,9.8509,0.4076,0.5321,0.1888
310,1078,834,33.644,25.695,-0.0848,-0.0472,9.8054,-0.2562,-0.0719,0.1995
315,1078,841,33.699,25.664,0.0836,-0.0089,9.7808,-0.9368,1.082,0.2154
320,1074,836,33.52,25.694,0.1075,-0.1032,9.8713,-1.1287,0.7654,-0.4807
325,1066,842,33.611,25.674,0.1035,0.0231,9.8712,0.428,-0.0762,0.1107
330,1072,843,33.694,25.635,-0.0801,-0.0485,9.7515,-0.0344,-0.2835,-0.0496
335,1054,844,33.646,25.63,0.0925,-0.0282,9.7562,0.9112,0.1122,-0.2658
340,1048,845,33.681,25.564,0.0072,0.0371,9.8205,-0.7366,0.1097,0.3084
345,1048,843,33.563,25.732,0.0415,0.1025,9.824,-0.3311,-0.0219,0.1754
350,1054,842,33.668,25.712,-0.1027,-0.0022,9.7256,-0.234,-0.5039,0.0975
355,1045,845,33.566,25.626,0.0801,0.0299,9.9224,0.1316,0.7427,0.3843
360,1040,848,33.599,25.565,0.0444,0.0404,9.8402,0.8462,-0.2553,0.0137
365,1031,845,33.528,25.638,-0.0063,-0.0229,9.7819,-0.2319,0.2132,0.8017
370,1029,850,33.634,25.632,0.0495,0.0156,9.8432,0.1231,0.078,-0.5592
375,1013,847,33.639,25.673,-0.0565,-0.0838,9.8129,0.4002,-0.7668,0.1403
380,1013,839,33.65,25.624,0.0268,-0.0382,9.7342,-0.04,-0.0541,0.2859
385,1004,842,33.653,25.707,0.0507,-0.0272,9.8668,0.945,-1.2516,0.0025
390,1000,838,33.713,25.672,-0.0128,0.0501,9.7564,-0.4964,-1.0451,-0.3459
395,986,845,33.605,25.583,0.0034,0.1467,9.8748,-0.5836,-0.1845,-0.5176
400,979,839,33.59,25.644,0.0126,-0.0821,9.8317,-0.9455,-0.1306,-0.2516
405,969,846,33.599,25.646,-0.0313,-0.0022,9.8538,-0.0509,0.2826,-1.1358
410,964,843,33.612,25.546,0.0473,0.001,9.7823,-0.1082,-0.1789,-0.5516
415,954,837,33.593,25.653,-0.0203,0.0159,9.7415,0.2424,0.0227,0.1695
420,934,839,33.561,25.678,-0.0312,0.001,9.8513,-0.016,-0.1179,0.1891
425,933,849,33.67,25.59,-0.0009,-0.1029,9.8442,0.3391,0.9176,-0.5432
430,913,839,33.533,25.568,-0.1268,-0.0236,9.7842,0.7987,0.058,-0.6106
435,908,839,33.668,25.715,-0.0503,-0.0977,9.8648,0.005,-0.9748,-0.3483
440,907,836,33.572,25.704,0.0586,-0.0014,9.8545,0.5029,-0.3873,0.675
445,880,834,33.656,25.581,-0.0286,0.0335,9.8176,-0.7409,-0.7457,-0.2949
450,881,832,33.527,25.602,0.0854,0.0882,9.7783,0.5763,0.8312,-0.9065
455,861,835,33.613,25.648,0.0875,-0.0354,9.8707,-0.4266,0.8772,0.1338
460,859,835,33.634,25.592,-0.086,0.0186,9.7803,-0.2615,-0.2393,-0.2534
465,846,830,33.643,25.632,-0.0027,0.0307,9.831,0.548,0.7651,0.7514
470,833,829,33.691,25.601,0.0567,0.054,9.8184,0.1977,0.4144,-0.3794
475,842,835,33.691,25.563,-0.0207,0.0346,9.7629,0.0265,0.1147,1.1629
480,822,826,33.553,25.607,0.0721,0.0233,9.9162,0.0951,-0.2626,-0.0607
485,808,834,33.585,25.609,0.0009,-0.0417,9.8,-0.8552,0.5365,0.3378
490,810,822,33.685,25.723,-0.052,0.0985,9.8307,0.9625,-0.5742,0.094
495,794,824,33.593,25.706,0.034,-0.0383,9.8151,1.0938,-0.6269,-0.4251
500,785,831,33.598,25.664,0.0675,-0.0069,9.7677,0.7391,0.8763,-0.0934
505,783,829,33.691,25.702,0.0086,-0.0191,9.8368,0.0589,-0.3191,-0.3868
510,777,830,33.702,25.652,0.0209,0.0546,9.8995,0.5123,0.8239,0.2109
515,769,827,33.613,25.711,0.0099,0.0799,9.8958,0.0533,-0.3513,0.7565
520,759,822,33.576,25.593,-0.0354,0.0364,9.9405,-0.7003,0.0755,-0.3057
525,759,827,33.552,25.646,0.0222,0.0108,9.7619,0.6436,-1.2506,-0.1319
530,756,820,33.608,25.617,0.0126,0.0084,9.8411,-0.1886,-0.1285,0.1287
535,751,820,33.538,25.661,-0.0731,0.0026,9.7733,-0.4047,-0.1795,-0.1989
540,754,828,33.678,25.758,0.0,0.0322,9.7765,0.774,0.7667,-0.0635
545,751,822,33.637,25.654,-0.0004,-0.0395,9.8907,-0.0457,-0.2442,0.6303
550,752,819,33.648,25.626,0.0154,-0.0343,9.7975,-0.425,-0.2176,0.1133
555,738,823,33.696,25.702,-0.0009,0.0405,9.8174,-0.4423,0.1074,-0.2897
560,749,823,33.631,25.718,0.0473,-0.0504,9.746,0.4686,-0.4455,-0.4355
565,749,817,33.597,25.657,-0.0255,0.0885,9.8068,-0.1364,-0.1977,-0.4486
570,751,819,33.578,25.794,0.0168,0.0558,9.8351,-0.075,0.5538,-0.5537
575,758,816,33.613,25.514,-0.0472,-0.0266,9.8117,-0.2538,-0.3764,-0.0122
580,765,816,33.574,25.682,0.0411,0.1106,9.8902,0.8448,0.5419,-0.1415
585,761,814,33.573,25.564,0.1465,-0.0089,9.8509,0.2058,-0.1517,-0.0544
590,764,814,33.663,25.716,-0.0065,0.0238,9.8152,0.0102,0.2794,0.9942
595,765,815,33.691,25.719,-0.0173,0.0476,9.8019,-0.8749,-1.0009,0.0116
600,785,808,33.515,25.604,0.0125,-0.0514,9.7233,0.381,-0.2749,0.549
605,795,812,33.628,25.654,0.0041,-0.0486,9.8338,0.5013,-0.4398,-0.5441
610,798,809,33.552,25.735,0.0254,-0.0039,9.8541,0.8447,-0.4279,0.609
615,809,807,33.502,25.675,-0.0643,0.0229,9.805,-0.1712,-0.1669,0.2282
620,813,809,33.484,25.736,-0.0056,-0.0066,9.8223,0.2917,0.4947,0.7505
625,831,802,33.734,25.672,-0.0093,0.069,9.8488,-0.5183,-0.1232,0.0984
630,840,802,33.539,25.525,-0.0594,0.025,9.865,0.472,-0.1523,-0.0222
635,850,802,33.7,25.65,-0.0803,0.0065,9.7672,-0.4552,0.1641,0.5448
640,869,804,33.725,25.689,0.0394,-0.029,9.7829,0.2968,-0.4369,-0.4254
645,870,798,33.636,25.689,-0.116,0.0046,9.8599,-0.2538,-0.1108,-0.1258
650,887,795,33.649,25.623,-0.0205,-0.1178,9.8366,-0.4556,0.6692,0.1507
655,906,796,33.604,25.687,-0.0355,0.0651,9.7624,0.2107,0.6484,0.9189
660,922,796,33.549,25.729,0.0442,-0.089,9.8051,-0.0919,0.3694,-0.0181
665,939,787,33.566,25.717,0.061,-0.072,9.8234,0.4908,0.0449,0.1812
670,953,792,33.655,25.724,0.0634,0.0273,9.8747,0.7542,-0.0593,-0.3905
675,951,789,33.628,25.722,-0.0885,0.026,9.9102,0.2785,0.657,-0.8867
680,970,786,33.577,25.651,-0.026,-0.0245,9.8381,0.4365,0.4598,-0.1124
685,987,791,33.62,25.688,0.009,-0.027,9.8897,0.0397,-0.2278,0.7029
690,987,777,33.626,25.652,0.0432,-0.0523,9.7389,0.3736,-0.7639,0.7329
695,1019,778,33.636,25.675,0.018,-0.0478,9.7968,0.0754,-0.6866,0.3148
700,1020,774,33.592,25.576,0.0851,-0.1131,9.8263,0.1161,0.5816,-0.0708
705,1041,775,33.692,25.584,0.0252,-0.016,9.8893,0.2429,0.0041,0.1207
710,1052,769,33.618,25.665,-0.0523,0.0284,9.8182,0.1887,-0.0152,-0.1751
715,1067,773,33.58,25.648,0.0236,-0.0644,9.7914,0.1357,-0.5185,0.4515
720,1079,768,33.621,25.64,-0.0089,-0.0547,9.8066,-0.1663,-0.2215,-0.7526
725,1090,768,33.677,25.612,-0.0588,0.0252,9.8105,0.9164,0.3033,-0.0751
730,1089,764,33.682,25.651,-0.0706,0.027,9.8304,0.4547,0.1957,0.7248
735,1111,757,33.609,25.668,-0.0242,0.0791,9.8343,0.9889,0.1661,-0.4083
740,1116,756,33.508,25.685,0.0549,-0.0092,9.7613,-0.5359,0.5962,-0.2703
745,1123,751,33.633,25.61,-0.0008,-0.0215,9.7777,-0.1547,-0.6173,0.1589
750,1133,750,33.6,25.531,0.002,0.0094,9.7957,0.2941,-0.5215,0.4337
755,1145,757,33.629,25.565,0.1281,0.0917,9.7994,-0.1622,-0.6333,0.2249
760,1151,744,33.567,25.699,-0.0789,-0.0468,9.8796,-1.0417,-0.2869,0.0046
765,1153,745,33.67,25.695,-0.0256,-0.0052,9.8328,0.8865,-0.3742,-0.6658
770,1173,744,33.671,25.781,-0.0539,-0.0033,9.6837,-0.1697,-0.4852,-0.3836
775,1164,750,33.623,25.67,0.0266,-0.0722,9.833,-0.7733,0.2,-0.5548
780,1172,739,33.65,25.736,-0.0058,-0.0532,9.8827,-1.0117,-0.9864,0.3758
785,1185,740,33.74,25.636,-0.0248,-0.0053,9.8403,-0.5962,-0.3849,0.0907
790,1182,742,33.619,25.635,0.0731,0.0243,9.821,-0.9625,0.1435,0.4485
795,1181,743,33.641,25.651,0.0462,-0.0073,9.8726,-0.8763,0.333,0.8044
800,1191,739,33.609,25.627,-0.0209,0.0654,9.7662,-0.0031,0.5929,-0.6052
805,1183,740,33.687,25.7,-0.0254,-0.023,9.7722,0.0854,0.2378,0.0657
810,1184,739,33.71,25.717,-0.0766,-0.0697,9.8502,-0.2477,-0.3441,0.5417
815,1198,739,33.604,25.657,0.0199,-0.0629,9.8121,0.294,0.1929,-0.707
820,1188,742,33.597,25.662,-0.0191,-0.0604,9.763,-0.2947,-0.2061,-0.4233
825,1188,739,33.518,25.696,-0.062,-0.0169,9.86,0.7564,-0.3014,0.1549
830,1188,737,33.653,25.689,0.0566,-0.0177,9.9066,0.6897,-0.4131,0.3268
835,1189,741,33.641,25.635,-0.0008,0.0677,9.8292,-0.5435,-0.1141,-0.0246
840,1189,736,33.519,25.665,0.1049,0.0445,9.7852,-0.3066,0.4768,0.0839
845,1182,740,33.601,25.617,0.048,-0.0087,9.8422,0.3765,-0.1448,-0.5655
850,1173,746,33.601,25.671,0.0094,-0.1185,9.7646,-0.3336,-0.2342,-0.7835
855,1173,745,33.582,25.653,-0.0255,-0.024,9.7869,-0.5322,-0.1989,0.2054
860,1171,748,33.586,25.578,0.029,0.0415,9.8827,-0.1974,-0.7555,-0.1891
865,1172,749,33.705,25.729,-0.0262,0.0191,9.8255,0.056,0.457,-0.281
870,1165,753,33.601,25.76,-0.0041,-0.0127,9.8366,0.4069,0.1529,-0.0339
875,1169,754,33.711,25.565,-0.0438,-0.0459,9.8067,0.7788,0.2281,-0.4578
880,1165,757,33.615,25.644,0.0668,0.09,9.8467,-0.2445,-0.1516,-0.5764
885,1152,756,33.678,25.627,0.0652,-0.1269,9.8402,-0.2499,-0.0898,0.1067
890,1153,761,33.607,25.674,0.0313,0.0302,9.8473,0.0148,-0.2419,0.9819
895,1149,763,33.641,25.617,0.0063,0.0709,9.8603,0.1381,0.2324,-0.0882
900,1145,771,33.658,25.677,-0.0846,0.0157,9.7743,-0.4001,0.2186,-0.4215
905,1141,768,33.551,25.658,0.0125,-0.0039,9.9176,0.3092,0.2186,-0.8813
910,1135,777,33.563,25.745,-0.0746,0.022,9.8551,-0.337,-0.6478,0.1861
915,1132,776,33.596,25.746,-0.0231,0.0119,9.842,0.0339,0.0146,-0.4355
920,1126,779,33.707,25.689,0.0786,-0.0081,9.8389,-1.1038,0.5514,-0.2366
925,1121,783,33.623,25.65,0.0321,-0.0085,9.8488,0.7191,-0.3214,0.0077
930,1119,787,33.586,25.675,0.0558,-0.0424,9.8314,0.6207,0.3862,0.4733
935,1120,790,33.618,25.654,-0.0092,0.0282,9.8318,-0.1273,-0.0808,0.3535
940,1112,793,33.642,25.746,0.0063,-0.0216,9.7758,-0.136,-0.6495,-0.2207
945,1113,800,33.608,25.667,-0.0157,0.1539,9.7714,-0.7531,-0.0544,-0.46
950,1108,795,33.65,25.665,0.025,0.0204,9.7931,-0.0793,0.1971,1.4566
955,1109,803,33.662,25.705,-0.0155,-0.0889,9.8831,-0.4217,0.4423,-1.0316
960,1116,812,33.645,25.65,0.0618,0.0716,9.8353,-0.3423,-0.5018,-0.6682
965,1101,811,33.569,25.601,-0.0103,-0.0275,9.8354,-0.402,0.2129,0.222
970,1099,810,33.621,25.658,0.0496,0.0215,9.8151,-0.578,0.3584,-0.3864
975,1090,818,33.627,25.714,0.0347,0.0263,9.7814,0.5793,0.2197,0.5471
980,1092,819,33.645,25.704,0.0147,-0.0099,9.8151,-0.161,-0.7671,0.6112
985,1088,823,33.593,25.638,-0.0148,-0.0031,9.8735,0.1137,-0.3662,1.0103
990,1092,820,33.691,25.707,-0.0176,-0.0142,9.8909,0.3845,0.0089,0.2023
995,1091,826,33.665,25.583,-0.0674,0.0036,9.7427,-0.368,0.1596,0.1198
1000,1083,827,33.648,25.668,-0.0877,-0.009,9.8491,-0.3851,0.9536,0.1672
1004,1076,832,33.597,25.721,-0.0504,-0.0272,9.8731,0.2426,-0.4958,0.6135
1010,1072,837,33.635,25.611,-0.0596,-0.0403,9.8354,-0.6217,-0.4374,-0.1947
1014,1091,835,33.65,25.677,-0.0107,-0.0077,9.8496,-0.2485,0.0903,-0.3244
1020,1076,834,33.603,25.631,-0.0531,0.0427,9.8164,0.3377,-0.209,-0.381
1025,1070,839,33.636,25.647,-0.0442,-0.0606,9.856,-0.0169,-0.7408,-0.296
1030,1067,839,33.603,25.566,0.0191,0.0105,9.7782,0.2217,-0.1493,0.6621
1035,1074,839,33.617,25.727,-0.0322,-0.0528,9.7443,-0.12,0.1203,-0.1967
1040,1061,842,33.652,25.669,-0.1026,-0.0429,9.8185,0.1815,-0.3692,0.7951
1045,1058,849,33.63,25.683,0.0019,-0.0054,9.8509,-0.8767,-0.1354,0.2339
1050,1049,845,33.665,25.651,0.051,0.0521,9.7528,0.6187,-0.2055,-0.0325
1055,1039,843,33.632,25.619,-0.034,0.0216,9.785,-0.8514,-0.3641,0.1517
1060,1039,845,33.607,25.677,0.0144,0.0532,9.7966,0.4295,-0.8046,-1.0915
1065,1041,847,33.642,25.687,0.09,-0.0251,9.8111,-0.714,-0.5094,0.4784
1070,1028,845,33.705,25.622,-0.0123,0.0196,9.8247,-0.55,0.0923,-0.1177
1075,1023,848,33.78,25.697,0.0382,-0.0465,9.7776,-0.2755,0.8016,0.548
1080,1021,840,33.538,25.628,0.055,0.0151,9.825,0.3726,-0.1279,-0.7811
1085,1018,848,33.655,25.633,0.0418,0.0266,9.7651,-0.6653,-0.1104,0.2343
1090,1011,846,33.573,25.621,0.0015,-0.0597,9.8559,-0.3441,0.2864,0.5463
1095,1004,851,33.612,25.662,-0.0422,0.0929,9.7606,0.3217,-0.1594,-0.7455
1100,974,842,33.62,25.686,0.1056,-0.0173,9.8766,-0.568,-0.4426,-0.4767
1105,973,843,33.654,25.666,-0.0849,0.0441,9.7883,-0.5003,-0.3041,-0.3484
1110,975,844,33.566,25.674,0.012,0.0616,9.8339,-0.3767,0.0747,0.859
1115,972,844,33.7,25.664,0.1123,-0.0063,9.7505,0.3846,-0.0777,0.011
1120,961,847,33.548,25.584,0.0171,-0.0089,9.8422,-0.003,0.6849,0.3251
1125,945,841,33.591,25.695,0.1185,-0.0235,9.9253,1.0058,0.3203,-0.2594
1130,934,836,33.629,25.671,-0.0019,0.0884,9.7817,-0.8477,0.5855,0.5174
1135,923,843,33.593,25.653,-0.0193,-0.0343,9.8926,0.1664,-0.7318,-0.1097
1140,923,838,33.602,25.715,0.0022,-0.0014,9.7915,0.1033,0.3713,-0.7678
1145,895,837,33.534,25.582,0.032,0.0342,9.8778,0.3059,-0.2291,-0.6578
1150,896,833,33.685,25.667,0.0526,-0.0675,9.8638,-0.4404,-0.9276,-0.1634
1155,897,832,33.567,25.642,0.0029,-0.0079,9.9065,-0.2197,-0.2241,0.5122
1160,877,839,33.571,25.621,0.0351,0.0511,9.8192,-0.0754,1.0753,-0.2968
1165,868,833,33.541,25.728,-0.0615,-0.0289,9.7552,-0.4078,0.2826,0.5403
1170,847,832,33.577,25.695,-0.0108,-0.0939,9.7771,-0.8759,0.0668,-0.5161
1175,845,829,33.664,25.647,-0.0625,0.0105,9.816,-0.0593,-0.0307,0.4074
1180,842,832,33.605,25.658,0.0063,-0.0441,9.8422,0.2779,0.7324,-0.8093
1185,831,829,33.658,25.687,0.0597,0.0576,9.7776,0.0749,-0.1275,0.6617
1190,817,830,33.567,25.727,0.0108,0.0076,9.7629,-0.4877,-0.9055,-0.6769
1195,809,828,33.58,25.6,0.0283,0.0947,9.8041,-0.1013,0.0149,0.6527
1200,805,831,33.569,25.706,0.0149,-0.0588,9.8599,-0.225,-0.001,-0.5033
1205,783,826,33.585,25.766,0.0576,0.0597,9.8032,-0.5006,0.1782,-0.334
1210,789,824,33.665,25.678,0.0258,-0.0634,9.8016,-0.5441,-0.2673,0.1719
1215,784,830,33.659,25.611,0.1103,0.0357,9.8125,0.0721,-0.1027,-0.0501
1220,763,823,33.639,25.677,0.071,0.0421,9.8571,-0.9657,-0.37,0.1501
1225,765,821,33.667,25.677,0.0129,0.0696,9.8404,-0.3132,0.0808,-0.4407
1230,757,825,33.62,25.607,0.0123,-0.0089,9.8303,0.8439,0.0213,-1.0786
1235,750,825,33.532,25.713,0.0007,0.0222,9.8151,-0.2058,0.2384,-0.5081
1240,745,824,33.675,25.702,0.0167,0.1022,9.8463,0.3191,0.3867,0.3857
1245,750,824,33.638,25.638,0.0247,0.0809,9.7007,0.6507,-0.1574,-0.9447
1250,746,820,33.636,25.626,0.0225,0.0858,9.7557,0.7003,-0.2223,0.4313
1255,752,817,33.613,25.72,-0.0093,0.0803,9.8468,-0.7142,0.0324,-0.016
1260,753,822,33.646,25.63,0.0413,-0.0804,9.742,0.025,0.3915,0.0555
1265,744,819,33.673,25.621,-0.0326,0.0048,9.81,-0.0157,0.1162,0.1712
1270,746,816,33.667,25.689,0.056,-0.0296,9.8222,-1.3779,0.1083,0.0368
1275,751,816,33.7,25.691,0.0042,-0.0517,9.9347,-0.6774,1.2371,0.3341
1280,752,823,33.667,25.597,0.0792,0.0674,9.8414,-0.1051,0.6154,-0.3082
1285,768,817,33.558,25.656,-0.0408,-0.0006,9.7409,0.7432,-0.9606,-0.3836
1290,763,813,33.65,25.638,-0.0171,-0.0035,9.8785,-0.0716,0.1007,-0.3394
1295,767,815,33.584,25.605,-0.0558,0.0023,9.8159,0.5956,-0.1044,0.3859
1300,769,818,33.571,25.692,-0.0063,0.0329,9.8264,0.0836,0.1387,-0.0503
1305,774,809,33.633,25.647,0.0292,0.0435,9.8806,-0.3792,-0.7252,-0.2718
1310,788,811,33.637,25.652,-0.0415,0.105,9.8109,-0.0311,0.4469,0.549
1315,795,809,33.663,25.658,0.056,0.0324,9.8025,-0.3043,-0.8207,0.6545
1320,817,810,33.626,25.695,-0.0413,0.0002,9.7794,1.009,-0.6738,0.7409
1325,817,804,33.658,25.733,-0.0861,-0.0704,9.7173,-0.4553,-0.3966,0.1624
1330,831,808,33.585,25.598,0.0462,-0.0194,9.8269,-0.3531,-0.0499,-0.3138
1335,831,812,33.658,25.719,0.031,0.0911,9.7628,0.4985,0.0808,-0.7314
1340,856,804,33.622,25.634,-0.0829,-0.0585,9.8117,0.7683,0.1567,0.3241
1345,857,799,33.641,25.731,0.0611,-0.0328,9.7986,-0.1473,-0.3548,0.4545
1350,871,801,33.663,25.723,-0.0145,0.0106,9.8942,0.1654,1.0012,0.2935
1355,887,799,33.585,25.694,0.0332,-0.0685,9.7458,-0.5951,-0.4659,0.3108
1360,897,798,33.644,25.745,0.0333,0.0215,9.8569,-0.5816,0.2491,-0.0833
1365,917,792,33.67,25.629,0.0224,-0.0028,9.7947,1.0356,-1.0167,0.171
1370,921,793,33.58,25.69,0.0641,0.0222,9.8173,0.6768,-0.3888,0.2253
1375,945,788,33.732,25.742,0.0058,-0.0245,9.8779,-0.7885,-0.0985,-0.787
1380,954,786,33.652,25.669,-0.0098,0.0013,9.834,-0.4113,-0.3033,0.2071
1385,962,786,33.739,25.726,-0.0293,-0.0228,9.7781,-0.6089,-0.0355,-1.2607
1390,993,784,33.572,25.63,-0.0782,0.06,9.7392,-0.2558,0.3895,0.3595
1395,996,779,33.607,25.705,0.0158,-0.0391,9.7797,0.4946,0.9843,0.7492
1400,1001,773,33.613,25.661,-0.0371,-0.0817,9.7803,1.4303,-0.2754,-0.3229
1405,1023,773,33.628,25.524,0.026,0.0408,9.7788,0.9977,-0.2109,0.0001
1410,1042,772,33.688,25.683,0.0222,0.0572,9.8316,0.2057,0.4137,0.6974
1415,1049,765,33.628,25.7,0.088,0.0124,9.8256,-0.0662,0.7673,0.2008
1420,1060,767,33.56,25.658,0.0097,-0.0503,9.8397,0.7676,-0.9234,0.1795
1425,1066,771,33.598,25.55,-0.0198,0.0,9.7951,-0.0518,0.1865,-0.1642
1430,1094,767,33.594,25.705,0.0085,0.0239,9.7991,-0.3061,-0.144,-0.4955
1435,1091,762,33.619,25.657,0.0678,0.0609,9.7792,0.2257,0.1953,-0.1583
1440,1098,759,33.64,25.686,0.0057,-0.0125,9.7783,-1.1368,-0.1421,0.383
1445,1113,754,33.677,25.676,0.0247,-0.0012,9.7805,0.2689,0.287,0.0256
1450,1121,758,33.598,25.73,-0.0075,-0.0029,9.7221,0.2556,-0.9745,-0.2835
1455,1143,749,33.619,25.652,-0.0227,0.0431,9.7757,-0.023,-0.1691,0.2249
1460,1143,757,33.701,25.627,0.0301,0.0274,9.8475,-0.3397,-0.1975,-0.5974
1465,1144,747,33.617,25.689,0.0497,-0.0625,9.8706,0.3571,-0.7012,-0.6624
1470,1145,745,33.708,25.724,0.0495,0.0126,9.8375,0.399,-0.3177,-0.4777
1475,1155,740,33.608,25.641,0.0076,0.0682,9.692,-0.2405,0.8169,-0.3069
1480,1175,748,33.594,25.606,0.036,0.0143,9.7692,0.187,-0.474,-0.0026
1485,1171,742,33.598,25.655,-0.0379,0.0349,9.7779,-0.601,-0.4053,0.2443
1490,1171,739,33.615,25.651,-0.0065,0.0135,9.7579,-0.7355,-1.1762,-0.5361
1495,1176,737,33.624,25.651,-0.0278,-0.0648,9.8604,0.5189,-1.0381,-0.1828
1500,1175,736,33.639,25.641,0.0603,0.0396,9.9261,-0.3298,0.3239,0.0551
1505,1180,736,33.712,25.749,0.0036,-0.0365,9.7601,0.286,0.5158,-0.4652
1510,1183,736,33.67,25.707,-0.0094,-0.0807,9.786,0.5646,0.1714,-0.0073
1515,1187,736,33.684,25.723,0.0028,-0.05,9.8438,0.2449,1.3441,-0.6045
1520,1187,736,33.592,25.745,-0.0379,-0.0647,9.8514,-0.1359,-0.0747,0.3818
1525,1188,741,33.66,25.729,-0.091,0.0504,9.8272,0.5157,0.2775,0.5189
1530,1194,737,33.553,25.582,0.0282,-0.0198,9.8907,0.4442,0.3167,-0.1352
1535,1180,735,33.638,25.75,-0.0505,-0.044,9.7366,0.6615,0.8178,-0.1269
1540,1191,738,33.58,25.642,-0.0335,0.0482,9.8433,0.2497,0.4521,-0.0623
1545,1180,745,33.604,25.668,-0.0605,-0.0051,9.8734,-0.4029,-0.2522,0.4506
1550,1180,744,33.656,25.623,-0.032,0.0561,9.8035,-0.37,-0.4761,0.0028
1555,1183,750,33.598,25.651,0.0011,0.0469,9.8416,-0.1038,-0.4035,-0.1555
1560,1180,741,33.744,25.619,0.0434,0.0293,9.8828,0.3522,-0.6271,-0.0138
1565,1160,750,33.544,25.672,-0.0541,0.0089,9.8281,-1.4069,0.4651,-0.8082
1570,1173,747,33.636,25.672,0.0345,0.0666,9.8756,0.9527,-0.1809,0.4402
1575,1166,755,33.595,25.68,-0.0872,0.0627,9.8541,0.1487,0.2935,-0.5453
1580,1159,755,33.645,25.742,-0.0295,-0.0527,9.8529,0.3568,-0.7094,0.5695
1585,1160,754,33.637,25.699,-0.0333,-0.0642,9.8044,0.3514,0.4253,0.1232
1590,1155,760,33.627,25.683,-0.0452,-0.069,9.8671,-0.6338,0.4105,-0.0763
1595,1148,762,33.621,25.584,0.0635,-0.1174,9.7883,0.029,-0.0237,-0.0613
1600,1146,764,33.649,25.605,-0.0236,0.0998,9.7854,0.6747,0.4113,0.5451
1605,1138,775,33.601,25.715,0.0143,0.0062,9.8517,-0.4913,0.1712,-0.3671
1610,1149,772,33.604,25.636,0.0246,-0.0275,9.8275,-0.1107,0.6262,0.2684
1615,1134,777,33.664,25.649,-0.1154,-0.091,9.8024,0.6635,-0.0172,0.1132
1620,1133,774,33.591,25.631,0.0672,0.0714,9.7535,-0.1153,-0.4121,-0.308
1625,1133,773,33.614,25.663,-0.0443,0.0933,9.845,0.7077,0.1185,-0.9408
1630,1121,784,33.67,25.601,0.0126,-0.0666,9.8057,-0.1967,-0.4272,1.0434
1635,1126,789,33.653,25.631,0.0227,0.1089,9.7574,-0.1245,-0.3251,-0.2896
1640,1117,795,33.644,25.738,0.0702,0.1244,9.8004,-0.0009,0.1434,0.4906
1645,1123,795,33.628,25.678,0.0194,-0.0172,9.7875,-0.1184,-0.6156,0.9597
1650,1116,791,33.646,25.575,-0.0803,0.0093,9.8152,0.1234,0.3449,-0.0767
1655,1109,798,33.568,25.758,-0.0525,-0.003,9.7982,0.5482,-0.1901,-0.9208
1660,1117,807,33.657,25.664,0.007,-0.0293,9.7288,-0.5363,0.9351,-0.7279
1665,1101,809,33.688,25.642,-0.0473,-0.1382,9.828,0.3052,0.3739,-0.3305
1670,1097,816,33.611,25.65,-0.0573,-0.036,9.7681,-0.1906,-0.3314,0.2629
1675,1097,814,33.553,25.731,-0.0051,-0.0251,9.8422,-0.1051,-0.7136,0.1468
1680,1097,815,33.597,25.591,0.0072,0.0818,9.7911,-0.4687,-0.0843,-0.0588
1685,1095,821,33.549,25.743,0.0012,-0.0292,9.8684,0.2426,-0.1727,-0.1813
1690,1094,819,33.582,25.684,0.0523,0.0008,9.8413,0.4792,-0.079,-0.6849
1695,1091,820,33.686,25.666,-0.0693,0.0176,9.7402,0.3797,-0.864,0.2466
1700,1087,828,33.617,25.716,0.0688,-0.0379,9.7814,0.006,0.1946,-0.0659
1705,1080,829,33.704,25.676,0.07,-0.0004,9.8463,0.0485,0.2728,-0.6039
1710,1077,835,33.606,25.673,0.023,0.1071,9.7876,-0.1183,-0.0321,0.0161
1715,1085,831,33.707,25.718,-0.008,0.0431,9.7473,-1.3837,0.0606,0.7258
1720,1078,836,33.613,25.621,0.0089,0.071,9.77,0.3382,-0.3076,0.4081
1725,1074,837,33.666,25.706,0.0069,0.0638,9.8452,0.1596,0.2636,0.6964
1730,1078,834,33.758,25.632,-0.0422,0.0078,9.8867,0.6557,-0.4884,0.2876
1735,1067,846,33.615,25.653,-0.0011,0.0699,9.7188,-0.1986,-0.3477,0.0664
1740,1065,844,33.721,25.704,-0.0141,-0.0423,9.8786,-0.4739,-0.4644,-0.5636
1745,1070,841,33.614,25.644,0.0459,0.0022,9.7903,0.4767,-0.4243,-0.0756
1750,1055,839,33.644,25.672,-0.0871,-0.0223,9.7634,-0.5564,-0.152,-0.0741
1755,1056,845,33.721,25.758,-0.054,0.0411,9.7975,0.3132,0.0008,-0.1758
1760,1042,844,33.646,25.62,0.0136,-0.019,9.877,-0.384,0.147,-0.0776
1765,1042,844,33.683,25.648,-0.0053,-0.0352,9.81,-0.2857,1.1965,0.0649
1770,1036,845,33.638,25.575,-0.0031,0.023,9.8711,-0.1796,-0.3778,-0.2335
1775,1027,842,33.594,25.665,0.0587,-0.0502,9.752,-0.484,-0.9355,-0.0356
1780,1030,844,33.664,25.659,-0.0246,0.0312,9.833,0.2094,-0.7496,0.9375
1785,1017,846,33.579,25.661,0.0427,0.0236,9.8292,-0.4023,-0.0948,-0.1751
1790,1014,847,33.619,25.677,0.0071,-0.0489,9.6797,0.0773,0.1524,-1.5017
1795,1009,847,33.59,25.699,-0.079,-0.1276,9.8148,0.0454,0.3891,-0.1216
1800,992,847,33.596,25.727,0.0178,0.1241,9.8533,0.4351,0.1362,0.4436
1805,998,850,33.652,25.655,0.0371,-0.049,9.7864,0.2836,0.0213,0.3926
1810,970,846,33.63,25.683,-0.0666,0.0506,9.7519,0.8667,0.6117,0.4983
1815,982,841,33.597,25.699,0.045,0.0377,9.8429,-0.0532,0.6284,-0.3173
1820,957,846,33.517,25.687,-0.0237,0.0479,9.8451,-0.0784,-0.1046,-1.0486
1825,961,843,33.615,25.681,0.0865,0.0085,9.7252,0.3135,0.9072,0.1804
1830,952,840,33.719,25.628,-0.0155,0.0137,9.879,-0.5641,0.88,0.0954
1835,933,832,33.594,25.651,0.0281,0.07,9.7954,0.3462,0.1809,0.3981
1840,936,845,33.592,25.624,0.0841,0.007,9.7432,0.1576,-0.4207,-0.0371
1845,922,837,33.568,25.658,-0.072,-0.0063,9.8425,0.5525,-0.6066,0.5947
1850,908,834,33.676,25.729,-0.0396,-0.0025,9.7382,0.937,0.2806,-0.0632
1855,906,833,33.622,25.666,-0.0411,-0.1051,9.7337,0.4786,0.6396,0.0355
1860,892,832,33.516,25.698,-0.0487,-0.0391,9.7411,-0.4864,-0.3135,-0.676
1865,881,835,33.508,25.673,0.0574,0.0428,9.8093,-1.0055,1.0826,-0.1092
1870,863,835,33.666,25.724,-0.0349,-0.0149,9.7664,0.4879,0.9309,-0.3362
1875,861,834,33.571,25.735,-0.004,0.0159,9.8404,0.1231,-0.1355,-0.2516
1880,851,832,33.585,25.695,0.0076,-0.034,9.7581,0.6838,-0.5031,-0.5021
1885,840,832,33.623,25.682,0.0979,-0.0298,9.7214,-0.1091,0.8036,0.087
1890,828,831,33.612,25.675,-0.0208,0.0832,9.7874,0.4378,0.0627,0.7822
1895,818,824,33.671,25.686,0.006,0.0336,9.8536,1.0481,0.7422,-0.2902
1900,814,824,33.567,25.648,-0.1086,-0.079,9.8368,-0.3344,0.0637,0.2033
1905,801,831,33.616,25.663,0.0251,-0.0653,9.8887,-0.2552,0.2161,-1.0908
1910,789,825,33.544,25.624,-0.0519,-0.0383,9.798,0.8105,0.1247,0.0744
1915,789,825,33.642,25.675,-0.0333,-0.0896,9.7971,0.3161,-0.8868,-0.206
1920,778,824,33.64,25.687,-0.114,0.0289,9.7615,0.8765,0.0786,-0.5643
1925,779,827,33.63,25.69,-0.0461,0.0059,9.7988,-0.3097,-0.5716,0.0408
1930,774,827,33.579,25.647,0.0577,-0.0391,9.8128,-0.2754,0.6073,-0.6334
1935,761,820,33.681,25.698,-0.0258,0.0121,9.8063,0.3704,-0.5822,-0.1801
1940,755,821,33.646,25.675,0.0819,0.1039,9.7723,-0.4901,-0.2325,0.9901
1945,762,827,33.637,25.632,0.0046,0.0165,9.6836,0.6243,0.2847,0.1915
1950,747,821,33.657,25.826,0.0742,-0.0397,9.8652,0.2662,-0.0831,0.5032
1955,758,822,33.572,25.775,0.0251,0.0472,9.7075,-0.1433,0.4547,0.7319
1960,752,823,33.588,25.679,-0.0007,-0.0391,9.8413,0.391,0.2131,-0.3596
1965,747,817,33.621,25.7,-0.0386,-0.0235,9.8316,0.2757,0.0264,-0.0586
1970,747,827,33.657,25.682,-0.068,-0.0086,9.7738,0.5477,-0.6454,0.5016
1975,742,815,33.537,25.657,0.003,-0.0556,9.7814,-0.2315,-0.2052,0.3922
1980,752,820,33.659,25.604,-0.0832,0.0797,9.6985,0.0275,-0.0648,1.0572
1985,750,818,33.65,25.655,0.0339,-0.0325,9.8754,-0.1694,0.2898,-0.0304
1990,765,821,33.665,25.58,-0.0449,0.0883,9.8179,-0.3644,0.4773,-0.3048
1995,758,812,33.673,25.637,0.0247,0.0037,9.8194,-0.9613,0.4675,-0.1961
2000,763,816,33.585,25.643,0.0494,-0.0149,9.7393,-0.2013,0.1558,0.3552
2005,781,811,33.649,25.643,-0.0457,-0.0106,9.816,-0.9097,-0.1449,0.486
2009,776,813,33.643,25.655,0.0119,0.0461,9.8243,0.5055,-0.3623,-0.3518
2015,789,813,33.55,25.73,0.0254,-0.0722,9.8749,1.3981,0.7822,0.8059
2020,793,814,33.538,25.615,0.0126,0.0169,9.8976,-0.6441,-0.29,0.6377
2025,807,809,33.647,25.7,0.0353,0.0728,9.8092,0.3679,0.0076,-0.4095
2029,812,808,33.546,25.63,0.0383,0.0402,9.8041,1.0346,0.662,-0.1145
2035,825,807,33.654,25.638,-0.0417,-0.0143,9.8736,-1.3893,-0.2836,0.0536
2040,837,805,33.565,25.627,-0.0,-0.0196,9.7545,-0.3558,0.1727,-0.7624
2045,850,802,33.658,25.624,0.0036,-0.019,9.8021,0.9304,-0.6211,0.4104
2050,864,800,33.713,25.685,0.0968,-0.0223,9.8657,-0.1829,-0.964,-0.4546
2055,877,801,33.581,25.645,-0.0586,0.0401,9.8064,-0.1396,0.2134,-0.5832
2060,879,794,33.712,25.746,0.0443,0.0973,9.8226,-0.4502,0.4491,0.1164
2065,900,799,33.626,25.698,0.0109,0.026,9.815,-0.4206,0.479,-0.2056
2070,915,799,33.621,25.624,0.0176,0.0146,9.79,-0.7718,-0.6975,0.3326
2075,930,788,33.61,25.675,0.0459,0.0174,9.8529,-0.2529,-0.5038,0.4488
2080,941,789,33.573,25.629,0.023,0.0469,9.7824,0.2672,1.6102,-0.3253
2085,952,789,33.552,25.615,0.0663,0.0524,9.7315,0.6238,-0.0911,-0.585
2090,963,785,33.655,25.727,0.0269,-0.0458,9.7457,0.4063,0.717,1.107
2095,986,781,33.668,25.683,-0.0472,0.0172,9.7821,-0.2457,0.0815,0.2499
2100,997,784,33.551,25.645,-0.0428,0.0553,9.7432,1.176,-0.3427,0.7336
2105,1006,770,33.592,25.698,-0.0335,0.0111,9.8601,-0.1193,0.5526,0.1277
2110,1015,776,33.671,25.733,0.0107,0.0062,9.8217,-0.2475,-0.18,0.1726
2115,1030,780,33.622,25.675,0.0135,-0.0116,9.8498,0.5718,-0.5227,-0.2699
2120,1046,773,33.626,25.661,0.0046,0.0115,9.7753,-0.6676,0.9845,0.3846
2125,1057,755,33.66,25.653,-0.0212,0.064,9.8977,0.4877,-0.1157,0.8695
2130,1069,764,33.633,25.806,-0.084,0.0947,9.8679,-0.3277,0.4368,0.9375
2135,1084,760,33.653,25.693,-0.0462,0.0846,9.7502,-0.2796,0.6237,0.676
2140,1096,761,33.625,25.717,-0.1401,0.0589,9.8124,0.3169,0.0625,0.0684
2145,1108,764,33.711,25.597,0.0169,-0.0004,9.8089,-0.1155,-0.071,0.5916
2150,1108,759,33.642,25.687,-0.0384,0.0069,9.8163,-0.1979,0.1853,-0.3176
2155,1121,756,33.636,25.731,0.0534,0.0406,9.6983,0.3976,0.5871,-0.5855
2160,1131,751,33.533,25.656,-0.0126,-0.0129,9.793,-0.3275,-0.4704,-0.3059
2165,1144,747,33.635,25.726,0.0027,0.0197,9.8489,-0.8863,0.6176,0.8608
2170,1149,751,33.649,25.651,-0.0354,0.0632,9.8537,-0.1533,0.9274,0.5761
2175,1154,750,33.564,25.704,-0.1268,0.0653,9.7441,0.0536,-0.4411,0.3023
2180,1164,741,33.659,25.642,0.0568,-0.0001,9.7756,0.5048,-0.1218,-0.003
2185,1162,744,33.573,25.657,-0.0129,-0.1437,9.778,0.4569,0.2758,0.3559
2190,1168,748,33.693,25.717,-0.0299,-0.0266,9.8481,-0.4195,0.4316,0.2165
2195,1171,744,33.686,25.664,0.0652,0.0076,9.7857,0.9387,0.1011,0.3128
2200,1173,740,33.559,25.691,0.0729,-0.0068,9.8308,0.2367,-0.5043,0.0219
2205,1180,739,33.669,25.663,-0.0186,0.0458,9.8169,-1.1785,-0.5404,-0.5151
2210,1185,746,33.766,25.666,0.0243,-0.0037,9.8009,-0.1496,0.004,-0.3443
2215,1178,741,33.64,25.654,-0.0627,0.0292,9.7752,0.1621,-0.5805,-0.2403
2220,1189,743,33.646,25.672,0.0178,0.0508,9.7927,0.5426,-0.4899,-0.3978
2225,1186,731,33.608,25.676,0.043,-0.0822,9.8544,-0.8685,0.3966,0.4945
2230,1189,738,33.654,25.644,0.0191,0.0137,9.9214,-1.1291,-0.4597,-0.2775
2235,1191,739,33.605,25.654,0.1194,-0.0202,9.7755,0.4663,0.1348,-0.3206
2240,1183,738,33.643,25.749,-0.0558,0.0072,9.7494,0.3587,-0.4596,0.0085
2245,1189,740,33.615,25.665,-0.0967,0.0515,9.8661,0.7325,0.9269,-0.3872
2250,1185,742,33.624,25.671,-0.0333,-0.1399,9.8334,0.2092,-0.7494,0.4037
2255,1181,742,33.717,25.68,0.0201,0.0134,9.8541,0.1207,0.0166,0.1294
2260,1172,745,33.648,25.617,-0.0251,-0.0122,9.8424,-0.1018,-0.1286,-0.4665
2265,1176,745,33.684,25.73,-0.0294,-0.0039,9.7548,0.2665,-1.028,0.236
2270,1183,746,33.721,25.731,-0.0462,-0.0351,9.784,-0.2604,-0.2528,-0.0279
2275,1174,752,33.622,25.745,0.0805,-0.0441,9.7635,-0.1673,-0.4827,0.2468
2280,1158,750,33.71,25.698,-0.0731,0.0189,9.8002,0.0303,0.2733,0.4499
2285,1165,748,33.613,25.694,-0.0282,-0.0569,9.7817,-0.6246,0.8638,-0.2991
2290,1158,756,33.705,25.682,-0.0297,-0.0067,9.8458,0.3996,0.5221,-0.9562
2295,1158,755,33.609,25.721,0.0195,-0.0417,9.7643,-0.3587,-0.2329,-0.3864
2300,1154,761,33.619,25.651,-0.0455,0.0601,9.8495,0.4193,0.3007,0.1688
2305,1147,762,33.683,25.619,0.0253,-0.0795,9.7534,0.5699,-0.2378,0.1706
2310,1142,770,33.573,25.646,-0.0291,0.0795,9.7713,0.4499,0.3197,-0.005
2315,1136,774,33.668,25.766,0.0428,0.1006,9.7313,-0.8373,-0.1057,0.1126
2320,1130,773,33.582,25.714,-0.0711,0.0228,9.834,-0.0315,0.6234,-0.584
2325,1141,785,33.606,25.698,-0.0142,-0.0052,9.765,-0.8845,0.5353,-0.6599
2330,1132,782,33.584,25.635,-0.018,-0.029,9.8846,0.932,0.0249,-0.8601
2335,1132,779,33.597,25.648,0.0405,0.0764,9.8864,0.2136,0.2251,-0.6188
2340,1126,787,33.62,25.651,-0.0108,-0.0775,9.6999,-1.3494,-0.1293,-0.2622
2345,1111,789,33.674,25.594,0.0445,-0.0865,9.7935,0.5651,-0.5188,0.6046
2350,1116,792,33.648,25.68,-0.0232,-0.0223,9.8083,0.2177,-0.3109,-0.1548
2355,1120,801,33.677,25.639,0.0014,0.0176,9.855,-0.2831,0.1548,-0.2089
2360,1112,797,33.649,25.702,-0.0067,0.0018,9.8514,-0.694,-0.5826,-0.4226
2365,1114,801,33.661,25.689,0.0094,0.114,9.7982,0.6809,0.0318,0.5569
2370,1106,803,33.58,25.679,-0.0259,-0.0366,9.8229,-0.0635,0.6372,0.1386
2375,1100,810,33.634,25.64,0.009,0.0003,9.8557,-0.1477,-0.9906,-1.6338
2380,1104,812,33.715,25.73,-0.0495,0.0287,9.8516,0.0759,-0.812,-0.1302
2385,1106,820,33.66,25.731,-0.0645,-0.0114,9.7648,0.2934,-0.4163,0.7076
2390,1102,815,33.631,25.72,0.0109,-0.0113,9.7294,-0.2528,0.2248,0.4069
2395,1097,820,33.613,25.709,-0.0261,-0.0131,9.7894,0.5552,1.0502,-0.1702
2400,1087,818,33.655,25.693,0.0615,0.0066,9.8495,-0.0484,-0.1062,0.1732
2405,1090,824,33.709,25.758,0.0404,0.0681,9.8627,-0.0115,-0.1502,0.9279
2410,1088,826,33.567,25.634,0.0061,0.0714,9.8338,0.3619,-0.6603,-0.5533
2415,1096,832,33.657,25.654,-0.0061,-0.0747,9.8465,1.002,0.3325,0.4339
2420,1091,833,33.678,25.706,-0.002,-0.0107,9.7816,0.0918,0.4211,-0.1452
2425,1076,835,33.545,25.685,-0.0071,-0.089,9.8048,0.2889,-0.1451,0.7248
2430,1067,838,33.628,25.767,0.0237,-0.0003,9.892,0.5895,0.0443,0.7556
2435,1073,839,33.635,25.644,-0.054,0.0301,9.835,-0.3099,0.2994,-0.4839
2440,1062,842,33.594,25.652,-0.0131,0.0142,9.8054,-0.2076,0.1611,0.8651
2445,1064,840,33.591,25.742,-0.0747,-0.0592,9.8175,0.0187,-1.1741,0.77
2450,1063,842,33.656,25.593,0.0065,0.1122,9.83,-0.8332,-0.387,-0.1715
2455,1054,839,33.714,25.709,-0.0152,0.0288,9.8476,0.2807,0.1564,0.0116
2460,1052,839,33.582,25.646,0.067,0.0115,9.8018,-0.2162,0.6925,0.1644
2465,1053,846,33.583,25.728,-0.0167,0.0711,9.879,-0.275,0.8129,-0.334
2470,1040,844,33.656,25.599,0.0554,0.0502,9.8789,-0.5068,0.251,-0.6591
2475,1038,847,33.566,25.604,-0.0332,0.0032,9.8854,-0.4459,-0.3146,-0.1904
2480,1026,848,33.596,25.734,-0.0658,0.0279,9.8536,-0.6861,-0.3158,-0.5553
2485,1021,846,33.637,25.656,0.0546,0.115,9.895,0.7423,-0.0942,0.8365
2490,1021,835,33.643,25.746,0.0724,-0.0177,9.8529,-0.2302,-0.5594,-0.6291
2495,1008,845,33.634,25.649,0.0425,-0.0074,9.8808,-0.0085,-0.2144,0.6535
2500,1003,841,33.699,25.653,0.0681,0.0345,9.7042,-0.0303,0.0617,-0.2074
2505,1004,844,33.698,25.695,-0.015,-0.0671,9.8258,-0.0301,-0.0692,0.232
2510,996,841,33.689,25.612,0.0878,0.0465,9.7554,0.9024,-0.2725,0.1739
2515,986,838,33.549,25.594,0.0379,0.0405,9.8222,0.0097,-1.1411,0.1605
2520,972,844,33.531,25.65,0.0232,-0.0449,9.8078,0.1046,0.0916,-0.1251
2525,970,846,33.737,25.615,0.0458,-0.0461,9.8806,0.043,1.2097,-0.2146
2530,966,838,33.602,25.652,0.0508,-0.1083,9.856,0.1624,0.7756,0.1105
2535,956,844,33.661,25.709,0.0424,0.0008,9.7582,-0.1184,-0.0964,1.4082
2540,944,837,33.581,25.627,0.0032,0.0174,9.7955,0.2468,-0.6274,-0.4836
2545,936,838,33.635,25.651,0.0201,0.014,9.8236,-0.221,-0.1687,-0.4116
2550,920,843,33.64,25.653,0.0886,-0.0101,9.8278,0.2311,0.6565,0.2309
2555,906,840,33.619,25.657,0.0169,-0.015,9.7682,0.0807,-0.5499,0.4577
2560,907,837,33.735,25.728,-0.0301,0.0044,9.8759,0.3509,-0.5435,-0.5244
2565,886,836,33.612,25.677,0.0647,-0.0325,9.8006,0.5279,-0.1003,0.7234
2570,877,834,33.596,25.671,-0.0046,-0.0773,9.7339,0.3421,0.1165,0.874
2575,865,830,33.696,25.686,-0.0286,-0.032,9.8765,0.4502,-0.4877,0.2258
2580,857,829,33.568,25.663,0.0703,0.0476,9.8298,-0.0107,0.7491,0.9334
2585,849,835,33.653,25.751,-0.0019,0.0294,9.8569,-0.1885,0.3458,-0.6164
2590,842,833,33.667,25.73,-0.0277,-0.1485,9.8488,-0.7101,-0.9253,-0.5489
2595,830,825,33.612,25.673,0.0478,-0.063,9.8867,-0.4166,-0.4034,0.454
2600,809,834,33.673,25.695,-0.0682,-0.0358,9.7643,0.6712,0.1579,-0.0477
2605,813,831,33.605,25.713,-0.0118,-0.0052,9.8113,-0.1915,-0.3984,0.0655
2610,806,825,33.626,25.693,0.0481,-0.0178,9.8283,-0.0463,-0.1315,-0.4806
2615,797,822,33.665,25.701,-0.0754,0.018,9.8222,-0.6916,-0.6832,0.5923
2620,783,828,33.599,25.741,0.0449,0.0605,9.8108,-0.6339,-0.2977,-0.6132
2625,777,823,33.54,25.651,0.0196,0.0038,9.7701,-0.073,0.8508,0.3949
2630,780,828,33.548,25.613,-0.0149,0.0736,9.7837,-1.1248,0.4965,-0.3695
2635,770,827,33.689,25.722,0.0344,0.0262,9.7828,-0.126,-0.2052,0.132
2640,767,827,33.752,25.654,0.0508,0.039,9.7777,0.513,0.0284,-0.4775
2645,763,825,33.631,25.632,0.0233,0.0122,9.7998,0.4746,-0.6125,-0.0396
2650,746,825,33.672,25.726,-0.0708,-0.0014,9.7434,-0.958,0.5683,0.4332
2655,751,819,33.684,25.652,-0.0102,-0.0099,9.7666,1.0943,0.3627,0.2426
2660,753,820,33.633,25.591,-0.0017,0.0635,9.9585,0.573,0.4839,0.681
2665,746,819,33.628,25.662,-0.0022,-0.0281,9.7863,0.6546,0.4565,-0.4557
2670,757,818,33.677,25.649,0.0943,0.0546,9.8515,0.8591,-0.133,-0.0146
2675,744,818,33.64,25.755,0.0213,-0.1177,9.8692,0.6927,-0.3326,-0.7527
2680,749,819,33.587,25.754,-0.0338,-0.0374,9.8291,0.0167,0.1949,0.9925
2685,757,819,33.736,25.641,-0.0013,-0.0401,9.8315,0.2212,-0.0102,0.1385
2690,750,819,33.598,25.684,-0.0367,-0.0552,9.8629,-0.3156,0.7424,-0.0324
2695,756,818,33.676,25.649,0.063,0.0006,9.7735,-0.4698,-0.8414,0.4639
2700,763,818,33.605,25.657,-0.0184,-0.0043,9.7895,-0.3326,0.6022,0.1813
2705,771,814,33.642,25.679,-0.0243,0.0739,9.7289,0.4443,0.0692,0.3321
2710,778,813,33.63,25.685,0.0142,0.0065,9.8264,-0.2582,-0.4471,-0.2551
2715,775,811,33.618,25.649,-0.0311,-0.0236,9.8575,-0.2435,-0.0504,0.0052
2720,780,813,33.695,25.649,0.0472,-0.035,9.8607,0.2505,0.6895,-0.5426
2725,794,805,33.645,25.743,0.0676,-0.0646,9.8903,0.0544,-1.1554,-0.4502
2730,794,806,33.579,25.511,0.0474,-0.0061,9.8119,0.1145,0.3832,-0.626
2735,811,807,33.633,25.661,-0.0243,0.0864,9.8249,0.0144,1.005,-0.3357
2740,824,811,33.585,25.663,0.0279,0.0083,9.7747,0.0801,0.4645,0.0901
2745,825,808,33.659,25.747,0.098,0.055,9.7905,-0.7617,0.2132,0.0624
2750,849,806,33.57,25.614,0.0333,0.0306,9.8125,0.5545,0.1796,0.2927
2755,861,802,33.603,25.66,-0.0316,0.0564,9.8949,-0.1699,-0.4374,0.3295
2760,867,801,33.628,25.667,-0.0269,-0.0151,9.8679,-0.6928,-0.4404,0.992
2765,884,801,33.592,25.66,-0.1135,0.0155,9.8394,0.3549,0.2031,-0.6906
2770,898,800,33.663,25.716,0.037,-0.0196,9.7887,0.2062,0.7634,-0.0269
2775,912,799,33.67,25.71,-0.0514,0.0057,9.8704,0.0888,-0.1505,-0.7505
2780,915,799,33.71,25.701,0.0104,0.0366,9.8741,0.5273,-0.1186,1.7966
2785,937,794,33.576,25.627,0.002,0.0279,9.7055,0.0391,-0.4556,0.3388
2790,940,788,33.597,25.745,0.1221,-0.0737,9.7882,-0.3277,-0.6724,0.5066
2795,973,785,33.57,25.641,0.0117,0.0183,9.7448,0.2128,-0.217,-0.6167
2800,974,777,33.702,25.642,0.055,-0.0034,9.825,-0.0783,0.0825,0.2026
2805,986,786,33.638,25.645,-0.024,0.033,9.7448,-0.5681,0.3885,0.4653
2810,1007,781,33.609,25.654,0.0175,-0.0257,9.8145,0.2087,0.4079,-0.3066
2815,1021,772,33.569,25.711,-0.0041,-0.1028,9.8606,-0.2135,0.4948,0.5455
2820,1030,778,33.589,25.722,0.0384,-0.0061,9.8057,0.2646,0.9761,0.0875
2825,1043,775,33.608,25.626,-0.0803,0.0177,9.8013,-1.0741,0.4816,1.3806
2830,1057,774,33.677,25.675,-0.0198,0.0475,9.8331,-0.3201,-0.9133,-0.3738
2835,1064,769,33.584,25.68,0.0027,0.0161,9.7356,-0.2128,0.2941,0.0756
2840,1088,763,33.632,25.726,-0.0148,-0.0306,9.7711,-1.0213,0.2014,-0.2025
2845,1083,767,33.689,25.606,0.0874,0.0738,9.7773,-0.3601,-0.3904,0.0792
2850,1098,759,33.557,25.752,0.0327,0.0674,9.85,-0.7011,-0.2087,0.2158
2855,1111,754,33.651,25.69,-0.0077,-0.0001,9.7185,-0.2563,1.2272,0.4203
2860,1124,755,33.635,25.662,-0.0538,-0.0873,9.8549,0.03,-0.2313,-0.1926
2865,1126,752,33.626,25.61,0.0166,0.0762,9.7808,-0.5539,-0.1549,-0.2616
2870,1138,746,33.7,25.751,0.0576,-0.0642,9.8183,1.0976,-0.1412,0.7391
2875,1151,745,33.744,25.74,-0.1081,-0.1829,9.7907,0.1459,0.2718,0.4039
2880,1145,749,33.677,25.728,0.0514,-0.0518,9.8014,-0.1099,-0.3773,0.4111
2885,1158,749,33.593,25.736,-0.0621,-0.036,9.8189,-0.0932,-0.2036,-0.1904
2890,1162,745,33.701,25.713,0.003,0.0632,9.7533,0.3958,0.7419,-0.9509
2895,1184,743,33.647,25.728,0.0204,0.0868,9.8157,0.2035,0.7403,0.1593
2900,1175,739,33.603,25.81,-0.0443,0.0516,9.7931,0.2415,-0.1871,0.397
2905,1175,743,33.655,25.703,-0.0294,0.0067,9.8506,-0.4745,0.1404,-0.2812
2910,1179,740,33.637,25.681,-0.0186,-0.0525,9.7957,-0.4078,0.0618,-0.0458
2915,1184,737,33.672,25.734,-0.0647,-0.0633,9.7896,0.2882,-0.026,0.3119
2920,1191,739,33.667,25.704,-0.0319,0.0085,9.8177,0.6242,-0.692,-0.5035
2925,1189,734,33.536,25.658,-0.0506,0.0036,9.7953,0.5015,-0.6267,0.5503
2930,1184,739,33.686,25.571,-0.0128,0.0381,9.8231,1.2091,-0.2162,-1.2126
2935,1194,744,33.703,25.644,-0.0297,-0.0358,9.7788,-0.1227,0.0426,1.0344
2940,1185,740,33.633,25.639,-0.0884,-0.0055,9.8405,0.3187,-0.2022,0.319
2945,1184,735,33.671,25.686,0.0091,-0.0515,9.851,1.0669,0.0413,-0.4532
2950,1187,744,33.662,25.674,0.0194,-0.0064,9.8503,0.0826,-0.3036,-0.456
2955,1184,738,33.732,25.674,-0.039,-0.0538,9.8182,-0.3076,0.1682,-0.0657
2960,1183,744,33.637,25.591,-0.0159,-0.0577,9.705,-0.9169,-0.468,-0.2401
2965,1178,744,33.71,25.739,0.0083,-0.0646,9.7428,-0.0305,-0.1361,0.861
2970,1182,745,33.611,25.788,-0.0154,0.022,9.8175,-0.795,0.0949,0.0753
2975,1171,747,33.667,25.594,0.0026,-0.0165,9.795,-0.232,-0.6169,1.333
2980,1176,744,33.633,25.678,-0.0685,-0.0235,9.8104,-0.0502,-0.6184,-0.6145
2985,1168,748,33.655,25.703,0.0186,0.0218,9.7844,-0.0621,0.6484,-0.1383
2990,1173,756,33.741,25.678,0.0482,-0.0381,9.7819,-0.7648,0.0056,-0.0994
2995,1158,757,33.712,25.669,-0.0998,-0.0138,9.848,-0.6599,-0.5792,0.1031
3000,1153,756,33.635,25.622,-0.0372,0.0612,9.8678,0.1338,0.2991,0.0855
3005,1158,763,33.49,25.686,0.0341,-0.0837,9.8711,0.0879,0.8799,-0.3983
3010,1149,759,33.741,25.766,0.0363,0.0301,9.8306,1.6423,-0.0894,0.1443
3015,1139,768,33.611,25.611,-0.024,0.0577,9.7414,0.319,-0.6802,0.2231
3020,1148,766,33.636,25.745,-0.0234,-0.075,9.8075,1.4997,0.2591,-0.195
3025,1138,769,33.598,25.757,0.0018,-0.0368,9.7856,0.1263,0.1714,-0.3369
3030,1133,774,33.649,25.654,0.0293,0.0297,9.7973,0.3715,-0.1966,-0.348
3035,1132,779,33.613,25.724,0.0151,-0.0032,9.9213,-0.6327,-0.5599,-0.0512
3040,1123,784,33.534,25.656,-0.0125,0.0707,9.8477,-0.5957,-0.2026,0.0785
3045,1122,788,33.544,25.703,-0.0309,-0.0594,9.8113,0.1537,0.0727,0.0503
3050,1128,793,33.634,25.65,-0.0219,-0.0002,9.7384,0.2503,-0.7711,-0.1862
3055,1128,792,33.543,25.761,-0.0258,-0.0097,9.7953,-0.788,0.3848,-0.0534
3060,1120,797,33.618,25.786,-0.0164,-0.0783,9.7607,0.2892,-0.159,0.8646
3065,1106,800,33.645,25.638,0.031,-0.0202,9.8172,0.5541,-0.4786,-0.3172
3070,1107,803,33.705,25.727,-0.0105,0.0345,9.9406,0.2639,0.2789,0.8462
3075,1108,805,33.625,25.699,-0.0728,-0.0905,9.816,-0.1571,-0.0361,0.4031
3080,1105,809,33.622,25.783,-0.0236,-0.0442,9.7035,-1.2188,-0.2425,-0.2234
3085,1105,815,33.633,25.656,-0.0107,-0.0243,9.7396,-0.4746,0.4233,1.5605
3090,1093,814,33.693,25.617,-0.0639,0.0059,9.8254,-0.1704,0.3375,0.0199
3095,1096,817,33.642,25.681,-0.0109,-0.0974,9.8409,0.0836,-0.3267,-1.0312
3100,1087,822,33.704,25.666,-0.0285,0.0316,9.7661,0.2249,-0.2294,0.2608
3105,1085,819,33.725,25.626,0.0355,-0.0463,9.7334,0.0948,0.0726,-1.3038
3110,1088,828,33.585,25.661,-0.0095,0.0651,9.8147,-0.2397,0.8483,-0.1552
3115,1086,826,33.564,25.718,-0.0589,-0.0057,9.8016,0.3431,-1.0747,-0.4938
3120,1093,833,33.593,25.633,0.1075,-0.02,9.852,0.911,0.1831,0.7914
3125,1087,831,33.681,25.679,-0.0599,-0.0219,9.7834,-0.5836,-0.1321,0.7147
3130,1089,830,33.664,25.675,0.0779,0.0677,9.8548,0.3905,-0.7162,0.8649
3135,1079,838,33.641,25.654,-0.108,-0.0218,9.8173,0.2348,0.6635,-0.7994
3140,1069,838,33.585,25.641,0.0193,-0.0363,9.8072,-0.7648,-0.0157,-0.3202
3145,1070,840,33.623,25.644,0.064,-0.0449,9.8491,0.5115,-0.0582,-0.3397
3150,1065,836,33.719,25.75,0.0863,-0.0041,9.7956,0.6474,-0.429,-1.041
3155,1065,844,33.652,25.69,0.0259,0.0416,9.8258,0.4223,-0.1414,-0.6105
3160,1056,836,33.623,25.697,-0.0376,-0.0183,9.842,0.0352,-0.2311,-0.1448
3165,1052,844,33.628,25.661,-0.0339,0.0512,9.734,-0.1216,0.5002,-0.3473
3170,1053,842,33.665,25.668,-0.0514,0.0142,9.7888,-0.4128,-0.1782,-0.9978
3175,1041,845,33.648,25.732,-0.0396,-0.0599,9.8467,-0.2238,0.7188,0.2859
3180,1039,845,33.567,25.685,-0.0348,-0.0648,9.8091,0.1664,0.192,-0.6459
3185,1031,839,33.675,25.634,-0.0649,0.0041,9.8562,-0.6362,-0.7582,-0.1754
3190,1025,841,33.643,25.697,-0.0031,-0.0875,9.8207,0.307,0.1259,0.1843
3195,1029,849,33.702,25.727,0.0808,0.0441,9.8812,0.0701,-0.2873,-0.1755
3200,1014,844,33.632,25.721,0.0455,-0.0132,9.801,-0.2426,-0.1565,0.6681
3205,1019,845,33.642,25.669,-0.0276,-0.0039,9.7969,-0.0937,0.0605,0.6312
3210,993,846,33.575,25.702,-0.0392,-0.0369,9.8113,-0.2553,-0.0479,-0.0999
3215,990,845,33.687,25.638,-0.0738,0.0474,9.7414,0.4663,-0.6872,0.9055
3220,988,848,33.592,25.638,0.0057,-0.0055,9.9115,0.6814,-0.2799,0.8869
3225,980,837,33.559,25.675,-0.0232,-0.0447,9.7794,0.8662,0.8766,0.0841
3230,964,842,33.587,25.691,0.0124,0.0304,9.791,-0.1297,-0.1127,0.1433
3235,960,843,33.708,25.769,0.0188,-0.0483,9.7864,-0.1047,-0.0955,-0.2614
3240,943,840,33.593,25.656,0.0131,0.0333,9.769,-0.339,-1.3766,-0.2208
3245,938,840,33.643,25.623,-0.0427,0.0164,9.8225,-0.0947,-0.4032,0.1577
3250,932,846,33.617,25.699,0.072,-0.0128,9.8933,-0.0198,0.4784,0.0991
3255,921,836,33.658,25.697,0.0355,0.0049,9.835,0.6607,0.2175,0.7402
3260,910,839,33.607,25.622,-0.0292,-0.0252,9.8083,0.5915,-0.024,0.8329
3265,911,835,33.623,25.584,-0.0033,0.0317,9.8233,0.3449,-0.0136,-0.3718
3270,906,834,33.573,25.658,-0.0341,-0.094,9.8421,-0.1436,0.221,0.4562
3275,889,838,33.562,25.595,-0.0584,0.0065,9.7862,0.1228,0.7246,0.3778
3280,866,838,33.536,25.702,0.0461,0.0239,9.779,0.7302,0.2165,0.4557
3285,864,833,33.558,25.708,0.0059,-0.0755,9.8627,0.4863,0.837,0.1651
3290,841,839,33.717,25.713,0.0352,0.0316,9.8119,0.6027,-0.4069,-0.5575
3295,846,832,33.612,25.67,0.0342,-0.0312,9.7916,-0.0608,0.567,0.4181
3300,830,829,33.663,25.721,-0.0586,0.0282,9.7378,0.7671,-0.8771,0.2078
3305,812,828,33.571,25.717,-0.0213,0.0812,9.7433,-0.4357,0.8485,-0.2088
3310,814,832,33.619,25.708,0.0081,0.0397,9.814,0.4766,0.0355,-0.2872
3315,807,826,33.705,25.71,0.024,-0.0359,9.8279,0.4186,-0.424,0.3919
3320,800,822,33.591,25.653,-0.014,0.0346,9.7656,0.3661,-0.8802,-0.5573
3325,788,829,33.598,25.756,0.0601,0.0539,9.8408,0.3483,0.0041,0.2059
3330,777,828,33.57,25.687,-0.0551,0.0666,9.8227,-0.0999,0.0351,0.1683
3335,772,824,33.631,25.641,-0.0284,0.0269,9.7988,-0.3103,0.4158,0.2568
3340,772,825,33.672,25.631,-0.0652,-0.0811,9.7938,0.0678,0.2672,0.0768
3345,762,828,33.714,25.648,-0.0263,-0.0323,9.8016,-0.6379,0.0468,-1.1269
3350,764,828,33.669,25.666,-0.0108,0.1214,9.8654,0.0391,-0.2832,-0.126
3355,761,825,33.641,25.665,-0.019,-0.0747,9.7895,-0.2231,-0.5111,0.6945
3360,759,823,33.668,25.749,0.0024,0.049,9.8264,-0.3294,0.6777,-0.7438
3365,749,826,33.628,25.706,0.0373,-0.0022,9.8097,-0.1497,0.3764,0.3031
3370,743,819,33.678,25.726,0.0452,0.0118,9.8027,0.3791,-0.1156,-0.9708
3375,758,822,33.629,25.66,-0.0236,0.0475,9.7995,1.1769,-0.9245,-0.3187
3380,756,815,33.631,25.712,-0.0155,-0.0657,9.7865,-0.5264,0.1976,0.6667
3385,739,816,33.574,25.611,0.0622,0.0136,9.7556,0.2148,-0.8395,0.1471
3390,745,818,33.644,25.761,0.0623,-0.0906,9.7573,-0.0403,-0.3915,-0.7751
3395,746,819,33.604,25.76,0.05,0.0326,9.7991,-0.0227,0.1102,0.181
3400,758,819,33.63,25.624,-0.0168,-0.1152,9.7058,-0.6298,0.6171,-0.4359
3405,753,816,33.565,25.657,0.0144,0.0101,9.7958,0.428,0.6591,-0.9971
3410,767,819,33.738,25.683,0.0792,-0.0996,9.8031,-0.1449,0.9333,0.1209
3415,779,818,33.593,25.759,-0.0177,-0.031,9.7805,0.3884,0.0615,0.1812
3420,768,809,33.657,25.725,-0.0259,-0.0232,9.7793,-0.1049,0.0879,0.7418
3425,784,810,33.644,25.665,-0.0061,0.0388,9.7474,0.9243,0.1759,-0.3429
3430,801,806,33.616,25.703,-0.0293,-0.052,9.6601,-0.9744,-0.1825,0.504
3435,801,802,33.65,25.635,0.0398,-0.0055,9.802,-0.369,0.1164,0.2284
3440,806,807,33.662,25.641,0.0691,0.0176,9.7966,0.6871,0.8082,-0.9951
3445,823,805,33.536,25.646,0.002,-0.013,9.7801,-0.6929,0.5374,0.045
3450,828,805,33.674,25.682,0.0379,-0.065,9.8174,-0.0156,-0.1316,-0.391
3455,838,801,33.635,25.768,-0.0418,-0.0348,9.7855,0.4098,0.3751,-0.4356
3460,858,805,33.612,25.641,-0.0788,-0.0498,9.826,0.0043,0.7439,-0.366
3465,869,802,33.639,25.705,0.0475,-0.0188,9.8639,-0.1116,-0.5469,1.1715
3470,884,794,33.671,25.697,0.0249,-0.117,9.7775,0.4279,-0.4078,0.8988
3475,895,800,33.604,25.71,-0.0569,0.0354,9.8422,-0.531,0.19,0.5328
3480,900,798,33.662,25.736,-0.0304,0.019,9.8628,-0.3923,-0.649,-0.0239
3485,918,797,33.643,25.735,0.0381,-0.0293,9.8278,0.5563,1.3546,0.1569
3490,931,791,33.729,25.677,-0.0044,-0.0799,9.8037,-0.4027,0.965,0.7704
3495,941,789,33.656,25.604,0.0232,-0.0023,9.8231,-0.1737,0.3491,-0.1807
3500,960,787,33.682,25.663,0.0353,0.1419,9.7521,0.7175,0.225,-0.5061
3505,973,783,33.716,25.779,0.0098,0.0888,9.7991,0.8955,-0.3507,0.3147
3510,991,783,33.609,25.735,0.0744,-0.0746,9.8237,-0.5933,0.1962,0.3669
3515,1002,778,33.609,25.739,-0.0093,-0.0255,9.7936,-0.2056,-1.1545,-0.5264
3520,1006,775,33.712,25.599,0.0271,0.0984,9.8874,-0.1613,-0.8787,-1.0114
3525,1031,773,33.626,25.741,0.0529,0.0538,9.9493,-0.2981,-0.3909,-0.4935
3530,1037,776,33.678,25.708,0.0384,0.0277,9.7784,-0.2205,-0.2413,0.0452
3535,1048,770,33.56,25.71,0.026,0.0088,9.7993,0.3192,-1.185,0.0829
3540,1060,770,33.678,25.665,0.011,0.058,9.8151,0.4862,0.0004,0.0954
3545,1075,765,33.596,25.713,0.0173,0.0745,9.7999,0.0124,-0.7625,0.1179
3550,1086,763,33.644,25.66,-0.0861,0.0022,9.8139,-0.5626,-0.1737,-0.4985
3555,1101,756,33.65,25.677,-0.0219,-0.0248,9.8934,-0.7533,-0.0717,-0.703
3560,1101,760,33.653,25.568,0.0098,-0.0143,9.8774,-0.2002,0.8545,0.5776
3565,1130,754,33.604,25.688,-0.0467,-0.0404,9.8909,0.251,-0.236,-0.429
3570,1131,752,33.567,25.673,-0.0631,-0.0147,9.8309,-0.2668,0.0693,1.0202
3575,1135,759,33.725,25.67,0.0267,-0.0433,9.7725,-0.9634,0.04,-0.2597
3580,1142,748,33.643,25.65,-0.1111,0.025,9.8109,0.2329,0.6898,-0.7096
3585,1148,748,33.676,25.578,0.1023,0.0754,9.8366,-0.2868,-0.3444,0.5996
3590,1164,747,33.657,25.649,0.0172,0.0815,9.8684,-0.2053,-0.144,-1.0446
3595,1164,744,33.58,25.685,-0.0016,-0.0002,9.8351,-0.5971,0.3828,-0.0929
3600,1163,743,33.652,25.687,0.0418,-0.0016,9.836,-0.6462,-0.2596,-0.0769
3605,1168,742,33.673,25.659,-0.0064,0.022,9.8788,-0.4486,-1.0236,0.3974
3610,1175,743,33.726,25.71,0.0508,0.0191,9.796,0.4455,0.3936,-0.1469
3615,1176,740,33.551,25.678,-0.0639,0.0185,9.8436,-0.6735,-0.1937,-0.194
3620,1181,742,33.606,25.708,0.1401,-0.021,9.8375,0.6286,-0.3839,-0.0911
3625,1174,742,33.662,25.688,0.0731,-0.0348,9.8491,0.6811,-0.4376,-0.6717
3630,1190,739,33.669,25.693,0.01,-0.0219,9.8036,-0.1849,0.5147,-0.4972
3635,1175,739,33.656,25.551,-0.0263,0.0269,9.7608,0.1204,0.7992,0.3793
3640,1192,737,33.616,25.702,0.0627,-0.0113,9.7808,-0.0201,-0.2048,-0.4225
3645,1188,735,33.705,25.746,0.0316,0.032,9.8726,0.4231,0.5334,0.2403
3650,1187,739,33.688,25.725,-0.0416,0.0454,9.8665,0.7594,-0.2741,-0.8792
3655,1196,743,33.66,25.729,-0.0573,0.0218,9.7459,-0.693,-1.2881,0.5734
3660,1188,736,33.654,25.673,-0.0816,0.0277,9.8367,0.7357,0.1589,0.2436
3665,1182,739,33.632,25.585,-0.0279,-0.0312,9.7633,0.5467,1.1879,-0.3444
3670,1178,745,33.753,25.685,0.0428,0.0792,9.7625,0.4099,-0.3345,-0.5646
3675,1165,744,33.696,25.723,-0.0422,0.0641,9.7884,-0.2041,-0.2807,-0.9807
3680,1173,751,33.637,25.69,0.0581,0.0499,9.8652,0.1064,-0.609,0.8791
3685,1170,747,33.595,25.69,0.0097,0.0152,9.8575,-0.488,-0.1793,-0.9705
3690,1169,748,33.609,25.704,-0.0401,0.0221,9.7576,0.0601,0.7206,-0.1765
3695,1164,751,33.685,25.711,0.0625,0.0094,9.7509,0.233,0.0776,0.1495
3700,1165,751,33.585,25.733,-0.0193,0.0664,9.7878,-0.5342,0.1206,0.4394
3705,1157,758,33.678,25.62,-0.0467,0.0147,9.8536,0.4415,-0.6902,-0.6935
3710,1154,759,33.645,25.757,-0.0564,0.0737,9.8345,0.1175,-0.2762,0.6876
3715,1140,764,33.699,25.68,-0.0055,-0.0671,9.7373,-0.2849,0.1467,-0.2083
3720,1151,762,33.588,25.714,-0.0563,0.011,9.8031,0.4945,0.2383,0.0867
3725,1148,769,33.71,25.695,-0.008,0.0501,9.8424,0.0273,0.2758,0.6567
3730,1132,770,33.691,25.784,-0.0744,-0.0199,9.7998,0.5385,0.1968,-0.6708
3735,1133,771,33.624,25.712,0.0202,-0.0469,9.7874,-0.4374,0.4233,-0.1949
3740,1136,779,33.703,25.647,0.0163,-0.0053,9.8357,0.3095,0.517,-0.5206
3745,1129,785,33.681,25.714,-0.1055,-0.0711,9.8143,-0.0907,-0.8339,0.6819
3750,1126,786,33.662,25.711,0.0086,0.0018,9.8204,-0.5874,-0.3012,1.4235
3755,1117,785,33.715,25.629,0.014,-0.0641,9.7974,0.492,0.8057,0.5885
3760,1114,791,33.6,25.676,0.0245,-0.0383,9.7713,-0.0249,1.0403,-0.2601
3765,1107,790,33.63,25.84,0.0411,-0.013,9.8314,0.0135,-0.8685,-0.6633
3770,1108,800,33.612,25.654,-0.0023,-0.0152,9.8297,0.8478,0.3643,-0.4636
3775,1103,807,33.654,25.679,0.0143,-0.0117,9.7556,-0.3564,0.0703,0.5978
3780,1100,800,33.635,25.723,0.0487,-0.0477,9.816,-0.5532,-1.3956,-0.5843
3785,1117,810,33.626,25.683,0.0523,0.0176,9.8435,-0.3098,-0.2663,0.3674
3790,1098,808,33.635,25.726,0.0353,0.0947,9.7481,-0.0176,-0.3246,-0.5602
3795,1092,811,33.582,25.703,-0.0605,0.1022,9.9114,0.4857,-0.6203,-0.2891
3800,1098,818,33.621,25.73,-0.0058,0.0383,9.8445,-0.5128,-0.053,0.1422
3805,1092,823,33.663,25.789,0.0044,-0.062,9.7806,0.0463,-0.3581,0.541
3810,1099,826,33.642,25.737,0.1013,0.0547,9.8168,-0.4699,-0.0705,-0.076
3815,1095,828,33.62,25.65,0.0457,0.0348,9.874,0.7094,0.1288,0.2659
3820,1091,829,33.65,25.697,0.0777,-0.0215,9.8166,1.499,0.3582,0.2319
3825,1081,828,33.549,25.636,0.0156,0.0038,9.8686,0.1676,0.4485,-0.2714
3830,1087,830,33.704,25.782,0.0315,0.1038,9.782,0.0796,-0.4183,0.4786
3835,1072,838,33.682,25.72,-0.0914,-0.0606,9.8328,-0.2647,-0.7819,0.0402
3840,1063,840,33.626,25.757,0.0349,-0.034,9.725,0.2958,-0.4449,0.8878
3845,1071,841,33.723,25.673,0.0136,-0.1206,9.8218,0.3944,0.5007,0.295
3850,1076,842,33.601,25.656,0.0018,0.0105,9.7659,-0.5867,-0.6303,-0.8374
3855,1072,842,33.617,25.59,0.0152,-0.0026,9.7867,-0.0559,-0.3512,0.2369
3860,1066,840,33.664,25.699,-0.0041,0.0047,9.8013,0.0403,-0.0896,0.3448
3865,1062,843,33.617,25.632,0.0226,-0.0286,9.8024,0.2372,0.4509,0.3887
3870,1060,843,33.619,25.676,-0.025,0.061,9.7695,0.3149,-0.1487,-0.3588
3875,1061,844,33.644,25.673,0.0533,-0.0307,9.7275,-0.6835,0.022,-1.1189
3880,1052,847,33.624,25.665,0.0505,-0.0054,9.8065,-0.2854,0.8186,-1.0526
3885,1038,844,33.625,25.675,0.0031,-0.0377,9.8575,0.1672,0.0776,0.1042
3890,1042,849,33.674,25.673,-0.0754,0.0244,9.8472,0.4149,-0.7039,-0.0508
3895,1029,840,33.569,25.734,-0.0033,0.017,9.7824,-1.0907,0.3739,0.1139
3900,1029,851,33.562,25.691,0.0292,0.0311,9.722,0.1179,0.1318,0.5427
3905,1014,846,33.578,25.661,-0.0416,-0.0702,9.8294,-0.1033,-0.4922,0.1417
3910,1008,842,33.683,25.697,-0.0562,-0.003,9.8075,-0.4087,-0.1445,-0.219
3915,1001,838,33.638,25.657,-0.0081,-0.0829,9.8381,-0.3525,-1.1166,0.5384
3920,1009,848,33.55,25.748,-0.0055,-0.0043,9.8225,0.3308,0.0852,-0.4299
3925,980,846,33.605,25.698,0.0549,0.0917,9.7497,-0.2671,0.4431,-0.1501
3930,978,842,33.618,25.617,0.0186,0.0258,9.7756,-0.7826,-0.1958,0.8325
3935,979,843,33.694,25.755,0.0844,0.0796,9.901,0.2151,-0.0225,0.2165
3940,966,841,33.681,25.671,0.0201,0.0481,9.7759,-0.8512,0.0782,-0.4464
3945,945,834,33.665,25.601,0.0173,-0.0044,9.8499,-1.6952,0.392,0.2813
3950,937,840,33.644,25.697,0.1013,-0.0617,9.7831,-0.1082,-0.766,-0.1889
3955,927,844,33.673,25.74,-0.0079,0.0533,9.7585,0.2303,0.7397,-0.2818
3960,931,839,33.651,25.699,-0.0699,-0.0108,9.8242,0.0835,-0.7656,0.3834
3965,911,835,33.686,25.743,-0.0201,-0.065,9.8329,1.4847,0.3249,0.4068
3970,905,839,33.565,25.727,-0.1041,-0.0128,9.7799,-0.1973,0.1078,-1.2076
3975,894,836,33.637,25.714,0.0403,0.0115,9.7776,-0.6416,-0.195,0.6649
3980,875,831,33.715,25.734,0.0473,-0.0507,9.8166,-0.6196,-0.3379,0.5563
3985,876,839,33.695,25.696,-0.009,0.0332,9.724,0.1193,-0.3017,0.1488
3990,860,832,33.604,25.721,0.0098,0.0092,9.6583,-0.8234,0.2726,0.2058
3995,844,834,33.62,25.69,-0.0848,0.0641,9.8133,-0.3694,0.6186,0.2908
4000,846,829,33.73,25.606,-0.071,-0.0454,9.7797,0.0703,0.3822,-0.296
4005,835,836,33.642,25.653,0.0367,0.1057,9.7792,0.4808,0.2078,-0.2857
4010,822,830,33.636,25.724,0.0832,-0.0765,9.8258,-0.0479,-0.8393,0.1857
4014,820,834,33.733,25.711,-0.0659,0.0505,9.8232,0.2136,-0.1702,-1.6439
4019,801,829,33.677,25.741,-0.0322,-0.0156,9.8491,-0.0526,-0.975,-0.5899
4025,801,831,33.591,25.741,-0.1207,-0.0196,9.8515,0.7898,0.3838,0.334
4030,788,829,33.624,25.672,-0.0013,0.0356,9.7603,0.4757,-0.5934,-0.4837
4035,786,827,33.693,25.724,0.0481,0.0709,9.83,0.2882,-0.1176,0.1435
4040,786,832,33.707,25.68,-0.0782,-0.0933,9.861,-0.0792,0.0424,-0.1358
4045,772,822,33.681,25.683,-0.0472,-0.0202,9.8632,0.0231,0.6617,0.7622
4050,763,823,33.587,25.636,0.02,-0.012,9.8578,0.307,0.0795,-0.2853
4054,770,818,33.707,25.703,0.0489,-0.067,9.8393,-0.3345,-0.8097,0.9241
4059,751,821,33.68,25.736,0.0518,0.0192,9.6811,-0.31,0.2365,-0.0521
4065,744,821,33.711,25.72,0.0181,-0.0588,9.8016,0.2914,-0.0989,0.4394
4070,748,825,33.578,25.679,0.0047,0.0034,9.8606,0.0924,-0.9792,-0.0614
4075,754,822,33.577,25.75,0.0671,-0.0117,9.8832,-0.3464,0.3267,0.2646
4080,753,820,33.652,25.713,0.054,-0.002,9.7997,0.0301,-0.1408,-0.9873
4085,753,826,33.639,25.619,0.0218,-0.0136,9.7287,0.1358,-0.1267,0.7366
4090,749,820,33.74,25.732,-0.0477,-0.0253,9.7253,0.324,-0.9679,0.435
4094,755,817,33.634,25.623,0.0014,-0.0022,9.7368,-0.6202,-0.1612,0.0077
4100,745,816,33.623,25.601,-0.0359,0.0093,9.7513,-1.0397,0.4478,-0.5364
4105,752,820,33.565,25.713,-0.0763,0.0086,9.7819,0.489,-0.3814,-0.272
4110,762,810,33.624,25.762,-0.0715,0.0391,9.787,0.4262,0.5191,0.0134
4115,756,812,33.698,25.693,0.0127,-0.0041,9.8714,-0.5181,-0.0914,0.6228
4120,763,815,33.712,25.78,-0.1156,0.115,9.8128,-0.3369,0.4923,-0.0654
4125,777,809,33.642,25.626,-0.0516,-0.0129,9.822,0.4001,-0.0499,0.1523
4130,785,812,33.662,25.654,0.0217,0.0572,9.8793,1.464,0.0198,0.1046
4135,791,812,33.59,25.693,-0.0315,0.0716,9.7689,0.0612,-0.0889,0.1147
4140,801,813,33.606,25.712,0.0244,-0.0044,9.8217,-0.7429,0.5178,-0.812
4145,810,816,33.662,25.68,0.051,0.0394,9.8188,0.0668,0.4461,-0.9975
4150,812,808,33.571,25.71,-0.0077,-0.0528,9.7777,-0.4053,0.7766,-0.3833
4155,833,807,33.644,25.65,0.0103,0.0417,9.8503,-0.9314,0.013,0.8299
4160,848,807,33.678,25.629,-0.0116,-0.0289,9.8722,-0.5833,-0.284,0.4444
4165,851,802,33.7,25.624,-0.1031,0.027,9.7571,-0.0939,0.099,0.7542
4170,855,802,33.596,25.617,-0.0163,-0.0284,9.8707,0.1901,-0.4625,-0.5988
4175,865,806,33.557,25.792,-0.0275,-0.0666,9.8949,-0.3941,0.1702,0.3998
4180,895,803,33.677,25.765,0.0404,0.0567,9.8665,-0.3162,0.6119,0.0259
4185,899,796,33.67,25.612,0.0663,-0.0122,9.7857,-0.0584,-0.0873,-0.1506
4190,917,791,33.521,25.698,0.008,-0.0466,9.8881,-0.0889,-0.4555,0.3399
4195,932,790,33.604,25.683,-0.0011,0.0172,9.7585,0.1508,0.3512,-0.4146
4200,945,789,33.709,25.731,0.0377,0.084,9.734,0.08,-0.159,-0.1207
4205,960,787,33.691,25.71,-0.0018,0.0058,9.9219,0.055,-0.0919,-0.1231
4210,963,789,33.685,25.704,-0.0734,0.029,9.8757,0.2616,-0.5061,0.3194
4215,986,785,33.631,25.729,-0.0385,0.0006,9.7526,-0.3068,-0.1661,-0.5008
4220,998,783,33.656,25.725,-0.0036,-0.0717,9.8297,-0.2653,-0.6651,1.0161
4225,1015,775,33.611,25.749,0.0415,-0.0083,9.8055,0.5334,0.5534,0.4721
4230,1029,772,33.56,25.744,0.065,0.0459,9.8085,-0.1942,0.1079,0.5586
4235,1032,779,33.69,25.692,-0.0448,-0.0523,9.792,0.9343,0.0129,0.2405
4240,1054,772,33.64,25.68,-0.0048,-0.019,9.8075,0.3032,-0.4759,-0.1945
4245,1062,766,33.669,25.706,-0.0686,-0.0512,9.87,-0.2662,1.0099,-0.0325
4250,1072,765,33.579,25.666,-0.0618,-0.0059,9.8628,-0.3858,0.6439,0.9399
4255,1082,765,33.626,25.661,0.0255,-0.0418,9.8795,0.0275,-0.064,0.742
4260,1092,758,33.6,25.726,0.0606,0.0516,9.856,-0.049,-0.1853,0.5152
4265,1103,756,33.647,25.676,-0.006,0.0461,9.7648,-0.2298,-0.0281,0.1945
4270,1123,756,33.599,25.676,0.0093,-0.0246,9.8572,-0.178,0.5658,0.6403
4275,1125,754,33.659,25.701,-0.0032,0.0288,9.7709,0.4231,0.094,0.0226
4280,1123,749,33.694,25.751,-0.0958,0.0963,9.7453,0.0771,0.1321,0.5602
4285,1137,755,33.759,25.712,0.0384,-0.0414,9.8636,-0.5386,0.0707,-0.5075
4290,1150,751,33.649,25.723,-0.0646,0.0655,9.7063,0.0885,-0.2306,0.1759
4295,1155,744,33.721,25.612,-0.0438,-0.0247,9.8279,0.5051,0.502,0.6073
4300,1152,747,33.682,25.633,-0.032,-0.0291,9.8619,-0.2183,-0.4151,0.1973
4305,1160,747,33.596,25.631,0.0576,0.0253,9.8295,-0.5563,0.3648,0.3099
4310,1176,747,33.6,25.761,-0.0205,0.0514,9.8526,-0.0062,0.4603,-0.2055
4315,1176,740,33.623,25.709,0.0585,-0.0259,9.8389,0.3095,0.6179,0.5074
4320,1188,737,33.663,25.731,-0.0735,-0.0814,9.7766,0.1445,0.534,-0.6424
4325,1172,746,33.674,25.716,0.027,-0.0591,9.887,0.3109,-0.5207,-0.4072
4330,1188,740,33.675,25.714,-0.0667,0.0231,9.8106,0.4831,0.3078,-0.3315
4335,1194,735,33.674,25.685,-0.0224,-0.0192,9.7822,0.3438,0.5273,0.1299
4340,1194,738,33.588,25.699,0.0288,-0.0018,9.7549,-0.7358,-0.5663,0.1839
4345,1187,738,33.598,25.739,0.0382,0.0577,9.8364,-0.7259,-0.591,-0.7448
4350,1193,740,33.659,25.716,0.0191,-0.1498,9.7921,0.3736,-0.2714,-1.0511
4355,1188,735,33.693,25.676,-0.0201,-0.0103,9.8354,0.0768,0.3173,0.4295
4360,1186,738,33.691,25.668,-0.0117,0.036,9.8666,-1.4078,-0.6106,-0.1801
4365,1188,742,33.628,25.769,-0.0376,0.0544,9.907,0.6935,0.1759,-0.0044
4370,1190,739,33.635,25.681,-0.0081,0.0117,9.8304,-0.5948,-0.4613,0.3163
4375,1172,743,33.71,25.754,-0.1269,0.003,9.7448,-0.6191,-0.2615,-0.0026
4380,1176,745,33.71,25.722,0.0751,0.112,9.7764,0.2259,-0.0724,0.1258
4385,1180,746,33.655,25.687,-0.0142,0.068,9.737,-0.0147,-0.1443,-0.7683
4390,1172,744,33.602,25.685,0.0528,0.0529,9.8077,0.4503,-0.0554,0.3356
4395,1168,747,33.633,25.724,-0.0311,0.0428,9.6897,-0.1524,0.0801,-0.1003
4400,1156,751,33.583,25.673,-0.0864,0.0428,9.8042,0.3986,0.6027,-0.7384
4405,1161,754,33.622,25.762,-0.0557,0.0197,9.8018,-0.6698,-0.2004,-0.1105
4410,1164,754,33.664,25.791,0.0377,-0.0033,9.8033,0.4427,0.0385,0.0156
4415,1158,759,33.685,25.729,-0.1385,0.0406,9.7976,-0.3801,0.421,0.4994
4420,1160,765,33.607,25.743,-0.0758,0.0033,9.8913,-0.9058,0.0858,0.5377
4425,1142,763,33.659,25.65,0.0275,-0.0153,9.7378,0.0297,0.0153,-0.0304
4430,1147,772,33.689,25.812,-0.0055,0.0478,9.6996,-0.2782,-0.6503,-0.701
4435,1136,774,33.684,25.65,-0.0343,-0.0132,9.7577,-0.0529,0.2247,0.1251
4440,1142,773,33.621,25.774,-0.0438,-0.0582,9.7184,-0.1421,0.842,0.4701
4445,1136,776,33.65,25.711,-0.0295,-0.038,9.8512,0.3713,-0.1593,-0.3879
4450,1130,774,33.681,25.668,0.0941,-0.0763,9.745,0.1068,-0.4548,-0.8138
4455,1129,782,33.706,25.732,0.0054,-0.0235,9.8089,0.4143,-0.6068,-0.0027
4460,1123,786,33.669,25.611,-0.1156,-0.0438,9.8147,0.2998,-0.1172,0.4738
4465,1129,789,33.557,25.65,-0.007,0.0198,9.8576,-0.1479,0.0993,-0.4666
4470,1120,792,33.648,25.758,0.1303,0.0492,9.7915,-0.9141,0.1586,-0.5974
4475,1116,794,33.664,25.77,0.0275,-0.0061,9.7874,-0.3534,-0.1874,-0.0508
4480,1109,803,33.71,25.644,-0.0202,0.0232,9.8029,-0.8918,0.5446,-1.0647
4485,1106,800,33.607,25.626,-0.0149,0.0528,9.8388,-0.3005,0.4093,-0.1973
4490,1111,807,33.621,25.743,-0.0054,-0.0096,9.7113,-0.1284,-0.006,0.4297
4495,1107,808,33.703,25.713,-0.016,-0.0674,9.8483,0.3192,-0.0596,0.5329
4500,1097,811,33.632,25.696,-0.0069,-0.0236,9.8558,0.2862,-0.0755,-0.1029
4505,1095,814,33.775,25.589,-0.0485,0.0723,9.8334,0.0432,-0.0118,-0.2638
4510,1096,813,33.69,25.708,-0.0165,0.0082,9.7951,0.9799,0.5226,0.2541
4515,1097,825,33.611,25.748,0.0775,-0.0171,9.8734,-0.3132,0.8546,0.6661
4520,1087,821,33.676,25.694,0.0014,-0.0481,9.7531,-0.4402,0.2363,-0.3671
4525,1092,828,33.623,25.678,-0.078,-0.0314,9.8096,0.6525,0.0465,-0.4206
4530,1085,828,33.674,25.677,-0.0458,0.0459,9.817,-0.3102,-0.0251,-0.385
4535,1088,828,33.667,25.677,-0.0138,-0.0324,9.8979,0.7517,-0.1612,-0.436
4540,1079,835,33.63,25.677,-0.0405,-0.038,9.8162,1.0745,-0.1973,0.0926
4545,1073,833,33.605,25.71,0.0063,0.0512,9.8731,0.3386,0.3002,0.9155
4550,1076,833,33.564,25.667,-0.0943,0.0954,9.7447,-0.256,-0.3396,-0.2687
4555,1073,837,33.736,25.638,-0.0835,0.006,9.8343,0.3928,-0.2229,-0.6657
4560,1069,844,33.671,25.643,0.0724,0.0417,9.8569,-0.0825,-0.1199,-0.6825
4565,1059,841,33.668,25.723,-0.0111,0.0154,9.7312,0.4048,-0.256,-0.7223
4570,1061,842,33.649,25.63,0.1312,-0.04,9.8173,0.3179,0.2452,-0.1609
4575,1055,845,33.689,25.762,-0.0272,0.0012,9.7245,-0.0391,1.1601,0.5523
4580,1053,844,33.547,25.683,-0.0065,-0.0698,9.8056,-0.1233,0.0281,-0.456
4585,1052,847,33.608,25.714,0.0691,0.033,9.6936,0.534,0.5817,0.0973
4590,1041,845,33.609,25.56,-0.031,-0.0463,9.7397,-0.1588,0.1307,0.0469
4595,1043,845,33.611,25.687,0.0082,0.0034,9.6976,-0.1492,-0.5078,-0.1817
4600,1037,843,33.647,25.739,0.055,0.0521,9.8635,0.8726,0.66,-0.007
4605,1025,849,33.657,25.599,0.027,-0.069,9.8259,0.4626,0.2152,0.4291
4610,1021,845,33.593,25.644,-0.0323,0.0518,9.7777,-1.0356,1.3184,0.4547
4615,1010,838,33.689,25.703,0.0111,-0.0352,9.8078,-0.3291,1.0627,0.5914
4620,998,840,33.687,25.667,0.0743,0.0228,9.6896,0.8846,-0.7925,0.0316
4625,998,846,33.69,25.628,-0.0686,0.0018,9.7465,0.2873,0.4186,0.3867
4630,998,844,33.713,25.711,-0.0617,-0.0263,9.8296,-0.3426,0.7704,0.1505
4635,980,838,33.607,25.667,0.0128,0.0576,9.7984,-0.0325,0.2512,-0.0731
4640,975,846,33.694,25.67,0.0817,0.0361,9.8352,0.2259,-0.4646,0.9343
4645,968,842,33.632,25.739,0.0444,-0.0963,9.8344,0.4692,0.1074,-0.4847
4650,957,838,33.722,25.684,0.013,0.0329,9.7734,0.3767,0.3934,-0.2584
4655,946,841,33.686,25.707,-0.0776,-0.0015,9.8509,0.3009,0.1154,-0.2344
4660,943,835,33.596,25.755,-0.0517,0.0072,9.8233,-0.0839,-0.6805,-0.2971
4665,925,839,33.694,25.699,0.0215,-0.1632,9.7613,0.8742,0.6626,0.5084
4670,918,835,33.628,25.752,-0.0011,-0.0208,9.7523,0.1128,-0.1094,-0.7123
4675,904,836,33.664,25.798,-0.0403,-0.0047,9.8777,0.0769,-0.3297,0.4183
4680,894,835,33.708,25.636,0.0851,0.0235,9.7986,-0.0639,0.0719,-0.4585
4685,892,832,33.669,25.694,-0.0329,-0.0089,9.8666,0.0493,-0.1018,-0.3507
4690,870,834,33.594,25.688,-0.084,-0.0258,9.8387,-0.1307,0.142,0.1539
4695,867,830,33.656,25.755,0.05,0.0154,9.8035,-0.2846,-0.2399,0.1405
4700,859,832,33.643,25.734,-0.0503,0.0229,9.7452,0.1474,0.857,1.0152
4705,845,828,33.699,25.71,0.0443,0.0081,9.8525,0.2696,0.1342,-0.1207
4710,842,832,33.67,25.735,0.011,0.0456,9.826,0.7321,-0.2365,-0.3265
4715,839,833,33.709,25.696,0.0215,-0.0016,9.7346,0.0482,0.3214,-0.7169
4720,811,828,33.684,25.679,0.018,-0.036,9.8737,0.1222,1.1346,0.4422
4725,810,823,33.616,25.617,0.0689,0.0258,9.8279,-1.3426,-0.1486,0.5145
4730,806,826,33.674,25.777,0.0083,0.0468,9.7843,-0.6023,-0.5056,0.3151
4735,788,826,33.628,25.671,-0.0237,0.0144,9.7992,-0.0754,-0.232,-0.1112
4740,791,827,33.6,25.679,-0.0827,-0.0402,9.8285,0.0211,-0.2829,0.2297
4745,783,822,33.602,25.707,0.0467,0.0148,9.7918,-0.9102,0.2506,-0.3174
4750,772,823,33.66,25.675,0.0323,0.009,9.6737,0.0408,-0.5894,0.107
4755,780,823,33.583,25.724,0.0023,0.0138,9.8704,-0.444,-0.2207,-0.3268
4760,767,817,33.635,25.769,0.0165,-0.0736,9.817,-0.6537,-0.9566,0.2598
4765,754,825,33.594,25.721,-0.0149,-0.0441,9.8521,0.2572,-0.4764,0.0498
4770,755,822,33.618,25.646,0.027,0.0075,9.8007,-0.496,-0.1058,-0.3505
4775,752,820,33.665,25.702,0.0968,0.0422,9.7784,-0.4176,-0.3222,-0.1982
4780,751,820,33.594,25.679,-0.0618,-0.0118,9.7865,0.4597,-0.289,-0.0155
4785,749,819,33.692,25.702,-0.0067,-0.0476,9.6775,0.5561,-0.399,0.0131
4790,742,827,33.59,25.742,0.0046,-0.008,9.8574,0.3016,0.0111,0.1703
4795,740,823,33.578,25.738,0.0392,-0.0298,9.8272,0.1261,-0.2189,0.7864
4800,743,812,33.692,25.762,0.0187,-0.1408,9.7946,0.398,-1.0637,-0.0429
4805,750,821,33.696,25.729,0.0031,0.0029,9.9223,0.0353,0.598,0.6736
4810,767,822,33.639,25.763,0.0114,0.0527,9.8793,-0.4512,0.3811,0.4089
4815,755,812,33.595,25.661,0.0119,0.0058,9.7524,-0.4198,-0.8604,-0.1427
4820,750,814,33.593,25.701,0.0428,0.0351,9.8229,-0.4956,0.306,0.456
4825,761,816,33.677,25.711,0.0879,-0.05,9.7025,0.5117,-0.1694,-0.5508
4830,773,815,33.697,25.633,-0.0395,-0.0075,9.8756,-0.3788,0.2479,0.2862
4835,774,815,33.601,25.753,-0.0272,0.0684,9.8495,0.3141,-0.1494,0.0885
4840,790,811,33.671,25.71,-0.0209,0.0059,9.7884,0.5791,0.3338,-0.2956
4845,788,813,33.676,25.732,-0.0353,0.0224,9.7871,-0.4244,-0.0243,-0.3019
4850,802,810,33.687,25.712,0.0793,-0.0097,9.7587,0.0164,-0.3622,-0.4022
4855,825,812,33.597,25.703,0.0189,0.0237,9.8338,-0.3108,-0.4863,0.0833
4860,828,809,33.723,25.674,0.0035,0.0034,9.911,0.1162,0.3587,-0.0553
4865,833,801,33.667,25.689,-0.0273,-0.0494,9.8578,-0.095,-0.7443,-0.205
4870,847,807,33.674,25.651,0.0584,0.0263,9.8784,-0.4714,-1.1252,-0.3475
4875,854,803,33.677,25.701,0.014,-0.0961,9.858,0.0614,0.4332,-0.039
4880,871,800,33.61,25.673,-0.0864,-0.0126,9.8136,-0.6686,0.1772,0.0839
4885,883,796,33.739,25.718,0.0639,-0.0793,9.7321,0.4269,0.3453,-0.3485
4890,898,795,33.595,25.685,-0.0292,-0.0141,9.8161,-0.2112,0.0767,0.2516
4895,918,790,33.716,25.711,-0.019,0.0198,9.6938,0.6485,-1.2351,0.1525
4900,916,798,33.604,25.753,0.0486,0.0983,9.7855,-0.3109,-0.1622,-0.6171
4905,939,791,33.675,25.744,-0.0638,0.0285,9.7625,-0.5038,-0.4768,-0.4254
4910,945,786,33.674,25.62,0.0204,-0.0273,9.7753,-0.3404,-0.7755,0.3327
4915,966,783,33.652,25.699,-0.0688,0.0157,9.8001,-0.007,-0.6583,-0.2732
4920,979,781,33.634,25.658,0.0202,-0.0367,9.7119,-0.736,0.4357,0.1512
4925,988,787,33.654,25.729,-0.0098,-0.0656,9.8287,0.5048,-1.0847,0.1799
4930,998,779,33.689,25.687,-0.0604,-0.003,9.8112,-0.5091,-0.749,0.6246
4935,1025,778,33.661,25.683,-0.0019,-0.0028,9.8309,0.2584,-0.9049,-0.422
4940,1026,775,33.692,25.744,-0.0734,0.0412,9.79,-0.1513,-0.3186,-0.9123
4945,1044,774,33.618,25.737,0.0783,0.0175,9.7988,0.6763,0.0149,-0.4647
4950,1051,763,33.656,25.704,0.0121,-0.0151,9.8329,-0.9542,0.1012,-0.1249
4955,1067,767,33.656,25.693,0.0264,-0.0295,9.7772,0.2258,-0.1086,0.1129
4960,1077,761,33.642,25.669,-0.0224,0.0239,9.7981,0.2593,1.0552,-0.8534
4965,1099,766,33.674,25.685,-0.0041,-0.0289,9.7972,-0.1506,-0.2594,0.2782
4970,1102,759,33.714,25.702,0.0494,0.0208,9.7937,0.3944,-0.1698,0.0757
4975,1116,756,33.605,25.702,-0.0434,-0.0232,9.8167,0.8706,-0.1166,-0.1673
4980,1124,754,33.661,25.703,0.0727,-0.0063,9.7155,0.1004,-0.8167,-0.0229
4985,1135,751,33.671,25.718,-0.0188,-0.0156,9.8289,0.0079,0.18,-0.8478
4990,1143,754,33.696,25.735,0.0051,0.015,9.8802,0.6476,-0.5547,-0.6051
4995,1145,748,33.58,25.789,0.0596,-0.0374,9.7595,0.1447,0.5694,0.2359
5000,1152,750,33.635,25.765,0.0277,-0.0232,9.8544,-0.7437,-0.2201,0.6031
5005,1171,745,33.546,25.686,0.0969,-0.0316,9.8465,0.0895,0.3191,-0.1251
5010,1161,743,33.677,25.706,-0.0434,-0.0079,9.7325,0.0612,0.7633,-0.1756
5015,1165,742,33.679,25.696,-0.0568,-0.0875,9.7464,-0.112,0.2926,0.1491
5020,1181,740,33.679,25.711,-0.0196,0.0142,9.7695,-0.2776,0.4874,0.277
5025,1188,747,33.627,25.747,0.0075,-0.0077,9.8089,0.2363,0.1273,1.0277
5030,1173,740,33.538,25.736,0.0682,0.0679,9.7861,-0.3502,-0.1376,-0.1542
5035,1176,738,33.634,25.701,-0.0208,-0.0282,9.826,-0.4529,-0.4662,0.2123
5040,1194,737,33.792,25.616,0.0374,-0.0198,9.8282,0.055,-0.1756,0.5776
5045,1193,743,33.584,25.757,0.0435,-0.0027,9.8687,-0.2952,-0.0152,0.0628
5050,1186,740,33.648,25.655,-0.0578,-0.0618,9.8696,-0.934,-0.3838,0.1837
5055,1184,739,33.676,25.75,0.0037,-0.0281,9.7952,0.0393,0.3419,-0.1418
5060,1195,738,33.671,25.742,-0.0471,-0.0405,9.8642,-0.3764,0.2641,0.3949
5065,1186,739,33.672,25.717,0.0007,-0.1063,9.7571,0.7953,-0.7515,0.2443
5070,1189,738,33.664,25.742,0.0289,0.0289,9.8501,-0.3425,0.3195,0.2582
5075,1193,740,33.564,25.745,0.0717,0.1083,9.8023,0.7839,-0.5205,0.4207
5080,1180,747,33.75,25.675,-0.0001,-0.0247,9.8691,-0.3859,0.2206,-0.4332
5085,1170,744,33.557,25.733,-0.0281,0.0219,9.7784,-0.3355,0.466,-0.6207
5090,1172,746,33.647,25.769,0.0197,0.0713,9.8564,1.1644,0.9764,-0.0449
5095,1176,746,33.688,25.801,-0.0804,0.0246,9.8337,0.9559,-0.4357,0.8514
5100,1174,748,33.69,25.648,-0.0915,-0.0406,9.8349,-0.0463,-0.5392,-0.0997
5105,1178,753,33.587,25.679,-0.0897,-0.069,9.9185,0.151,0.0827,-0.0908
5110,1164,753,33.561,25.722,-0.0498,0.0189,9.839,-0.3909,0.7059,-0.2992
5115,1165,753,33.651,25.762,0.0486,0.0468,9.8077,-0.2032,0.1241,-0.4153
5120,1154,759,33.661,25.688,-0.065,0.0183,9.7395,0.1494,0.4583,-0.152
5125,1155,759,33.619,25.71,0.0745,-0.1017,9.8625,-0.1779,0.304,-0.332
5130,1150,761,33.568,25.644,-0.0371,0.0001,9.7695,-1.1093,-0.0759,-0.0236
5135,1147,765,33.644,25.81,-0.0636,-0.0729,9.8303,1.2719,0.2697,0.0369
5140,1141,766,33.725,25.64,-0.0172,0.0605,9.7375,-0.8354,0.009,0.4717
5145,1128,780,33.662,25.717,0.0362,0.0636,9.8517,-0.1327,-0.1783,0.0348
5150,1124,779,33.687,25.604,0.0059,0.0326,9.8583,0.2689,0.0175,0.6489
5155,1123,778,33.752,25.695,-0.0685,-0.0017,9.8208,0.3154,-0.0255,0.0617
5160,1131,782,33.703,25.736,0.0233,0.0093,9.9102,-0.1869,0.4493,-0.1667
5165,1130,780,33.621,25.674,-0.0222,0.0067,9.8161,-0.1771,0.8248,0.6883
5170,1122,786,33.614,25.72,-0.0478,-0.036,9.7886,0.6736,-0.3586,0.6958
5175,1116,797,33.607,25.669,0.0048,-0.0094,9.7857,0.0421,0.5715,-0.4388
5180,1116,792,33.661,25.698,0.0316,-0.065,9.7968,-1.2079,-0.0313,-0.1164
5185,1111,800,33.708,25.679,-0.0118,-0.0157,9.8438,-0.1077,0.1743,0.9538
5190,1111,802,33.605,25.714,0.0453,0.007,9.7964,0.6883,0.3278,0.0207
5195,1105,803,33.747,25.697,-0.0045,0.0426,9.8421,-0.6278,0.9802,-0.4951
5200,1108,809,33.651,25.677,-0.0493,0.0395,9.825,-0.7295,0.3489,-0.2795
5205,1108,803,33.764,25.727,-0.0443,0.0106,9.8327,-0.3381,-0.2052,-0.626
5210,1096,812,33.64,25.697,-0.1076,-0.0028,9.8145,-0.0199,0.5017,0.626
5215,1100,816,33.642,25.667,0.0301,-0.0176,9.8332,-0.9193,0.0598,-0.5315
5220,1100,821,33.621,25.74,0.0114,-0.0353,9.7828,0.6087,-0.3129,-0.7679
5225,1091,826,33.656,25.752,-0.0588,0.0517,9.8201,-0.3544,0.0273,0.5967
5230,1091,824,33.687,25.717,0.0447,0.0457,9.7379,0.7081,-0.1862,0.3819
5235,1085,828,33.685,25.627,-0.0094,-0.0185,9.7962,0.0046,-0.1019,0.164
5240,1077,832,33.709,25.779,0.0297,0.0171,9.7729,-0.4852,0.3329,-0.2196
5245,1083,829,33.646,25.657,-0.0681,0.0679,9.8887,1.1014,0.4932,-0.3347
5250,1080,829,33.664,25.646,0.0573,-0.0182,9.7654,-0.1016,0.0683,-0.766
5255,1072,833,33.565,25.678,0.0515,-0.0915,9.7502,0.9564,0.1693,0.0271
5260,1076,832,33.626,25.743,-0.0399,0.0149,9.757,0.6713,0.46,-0.1317
5265,1068,835,33.746,25.745,0.0748,0.0623,9.7702,-0.4418,0.1672,-0.0446
5270,1065,840,33.678,25.747,-0.013,0.032,9.7917,-1.3495,0.466,-0.1277
5275,1065,844,33.686,25.632,-0.0086,-0.0086,9.8322,0.712,1.0668,0.193
5280,1053,842,33.713,25.747,0.0992,-0.0437,9.7004,0.1511,0.6521,1.0556
5285,1054,844,33.692,25.608,-0.0715,0.0658,9.8863,-0.4396,-0.6084,-0.0128
5290,1050,843,33.654,25.628,-0.0126,-0.0467,9.8672,-0.2564,-0.5532,0.955
5295,1052,844,33.707,25.774,-0.0148,0.0303,9.7377,-0.2818,-0.6344,-1.0447
5300,1033,847,33.658,25.734,-0.0369,0.0606,9.798,-0.1239,0.803,0.3468
5305,1030,841,33.558,25.689,0.0037,0.043,9.8848,0.6032,0.5314,0.1453
5310,1025,847,33.685,25.681,-0.0406,-0.0299,9.8438,0.8315,-0.0779,-0.0399
5315,1031,847,33.666,25.668,0.04,-0.0368,9.7777,-0.5848,-0.1069,0.4655
5320,1016,845,33.626,25.696,0.0048,-0.1282,9.8914,-0.1982,-0.3659,0.2937
5325,1007,845,33.628,25.675,0.009,0.001,9.8177,0.3675,-0.1648,0.2988
5330,1003,842,33.65,25.773,0.0585,-0.0166,9.8597,-0.1968,0.0135,-0.6377
5335,992,845,33.643,25.693,0.0165,0.0201,9.7437,0.2735,0.6649,-0.4937
5340,983,846,33.618,25.729,-0.02,0.0057,9.8159,0.0672,-0.7789,-0.652
5345,966,844,33.631,25.743,0.0252,-0.0838,9.7403,0.9968,-0.3145,-0.0908
5350,959,845,33.735,25.766,0.0539,-0.044,9.8207,0.888,0.1769,-0.0999
5355,953,839,33.656,25.736,-0.0011,-0.0829,9.7218,1.509,-1.0496,-0.0737
5360,946,845,33.711,25.71,-0.0414,0.0476,9.721,-1.2601,0.5331,0.1696
5365,943,842,33.691,25.593,0.0726,-0.0468,9.8572,-0.2329,-0.2575,-0.3042
5370,932,833,33.695,25.69,-0.0772,-0.0362,9.8232,-0.058,-0.4911,0.3669
5375,920,837,33.646,25.747,-0.0076,0.0024,9.8231,0.2162,-0.2815,-0.8992
5380,907,837,33.652,25.723,-0.0028,0.0228,9.8018,-0.2514,-0.0559,-0.1297
5385,903,841,33.685,25.644,0.0008,0.061,9.8339,0.2059,0.0077,0.2613
5390,885,835,33.656,25.651,-0.0212,0.0806,9.8277,-0.0452,-0.0366,-0.1557
5395,889,840,33.635,25.708,0.0142,-0.0562,9.8015,-0.1075,-0.0281,0.0177
5400,863,829,33.662,25.731,-0.0307,0.0703,9.7604,-0.3263,-0.2312,0.9094
5405,855,827,33.675,25.663,-0.0072,0.0232,9.7985,0.2895,0.5499,-0.6207
5410,850,832,33.625,25.622,-0.0519,0.0387,9.828,0.4503,0.4746,-0.4976
5415,844,831,33.631,25.729,-0.0074,-0.0067,9.8595,0.2811,0.222,-0.1033
5420,836,833,33.646,25.682,0.1338,-0.0035,9.8275,0.0312,0.0243,-0.4828
5425,825,826,33.605,25.702,-0.045,-0.0134,9.8109,0.2499,0.4087,-0.3346
5430,805,826,33.745,25.685,0.0964,-0.046,9.8101,-0.5482,0.0403,-0.6086
5435,804,833,33.682,25.745,0.0166,-0.0363,9.7982,0.0951,0.2098,0.0396
5440,805,825,33.724,25.75,-0.0975,0.064,9.7654,0.4272,-0.4822,0.603
5445,791,823,33.577,25.691,-0.0178,0.0051,9.8129,0.1414,-0.4025,0.1106
5450,788,829,33.672,25.719,0.0156,0.0049,9.7218,0.2482,-0.2832,0.3335
5455,770,822,33.616,25.783,0.0036,-0.0065,9.8223,-0.6257,0.9,-1.1375
5460,776,829,33.685,25.756,-0.0126,0.037,9.7506,-0.1641,-0.1306,-1.0209
5465,767,821,33.644,25.682,0.0545,-0.0142,9.8595,-0.5128,0.4625,-0.2834
5470,763,829,33.681,25.775,-0.0105,0.0371,9.8756,0.9617,-0.3754,-1.1127
5475,751,822,33.708,25.729,0.04,-0.054,9.8232,-0.4576,0.1437,1.0099
5480,755,820,33.659,25.747,0.0339,-0.045,9.7888,0.0059,-0.5325,-0.1324
5485,748,819,33.707,25.7,0.0106,0.141,9.8235,-0.2807,0.1287,0.7804
5490,747,821,33.712,25.787,0.0079,-0.0888,9.8485,-0.2364,-0.1299,-0.3038
5495,746,821,33.651,25.754,-0.0769,0.0466,9.7527,-0.9651,0.4729,0.6863
5500,742,820,33.658,25.786,0.0746,0.0113,9.8227,0.0197,-0.1483,-0.3246
5505,744,814,33.66,25.727,0.0006,0.0768,9.8894,-0.307,-0.4484,0.1506
5510,753,815,33.685,25.671,0.1049,0.019,9.7684,0.4606,0.3349,-0.4583
5515,747,818,33.55,25.713,0.0875,0.018,9.8608,0.2304,-0.4469,-0.4189
5520,769,817,33.707,25.619,-0.0524,0.0617,9.8087,0.3778,0.1084,-0.171
5525,761,815,33.655,25.765,-0.0255,-0.0436,9.7998,0.7933,0.045,0.5186
5530,762,809,33.623,25.695,-0.0036,-0.0699,9.8643,-0.541,-0.0313,0.3689
5535,786,818,33.719,25.705,0.0675,-0.0332,9.7752,0.4249,-0.1767,-0.5717
5540,778,809,33.637,25.64,-0.0944,0.0841,9.8884,-0.4581,0.0088,0.4518
5545,786,817,33.684,25.748,0.0082,0.0162,9.8923,0.7346,-0.5528,-0.1797
5550,794,813,33.647,25.688,0.0016,0.0748,9.7199,-0.3435,0.5793,-0.2599
5555,801,808,33.61,25.638,0.0021,0.0304,9.8562,0.1372,-0.0892,0.1969
5560,821,805,33.658,25.709,0.0676,-0.0165,9.8195,0.3113,0.6787,0.1161
5565,823,809,33.571,25.659,0.0015,0.0175,9.7456,0.2126,0.2899,-1.0955
5570,833,804,33.712,25.743,0.0473,-0.0552,9.7868,-0.5435,1.218,0.5086
5575,839,808,33.636,25.712,0.0161,0.0125,9.8326,0.9139,-0.1301,-0.9285
5580,859,800,33.676,25.691,0.0178,-0.0049,9.7567,0.4168,-0.4711,0.1931
5585,865,805,33.693,25.638,-0.1054,0.0228,9.8624,-0.7165,-0.3734,0.7532
5590,882,802,33.666,25.75,0.0248,0.0154,9.8568,-0.188,0.5271,0.5703
5595,891,799,33.64,25.651,-0.0834,0.0704,9.7625,-0.2639,0.8587,-0.2334
5600,913,797,33.658,25.79,-0.0195,0.0273,9.8657,-0.4147,0.1541,0.1059
5605,928,791,33.716,25.727,0.0601,0.0533,9.8346,-0.0373,-0.4041,-0.7116
5610,938,790,33.727,25.68,0.0208,0.0043,9.7562,0.4594,0.517,0.2351
5615,943,785,33.725,25.741,-0.0467,-0.033,9.8254,-0.1337,0.1649,0.1116
5620,957,782,33.617,25.731,0.0376,-0.0094,9.7852,1.1366,0.1747,1.0348
5625,971,786,33.589,25.694,0.0651,0.011,9.8083,0.2628,-0.2182,-0.0913
5630,995,780,33.662,25.779,0.0385,0.0103,9.8416,-0.4253,-0.2014,-0.306
5635,999,779,33.669,25.67,0.0623,0.0146,9.7781,-0.4253,0.7221,0.5295
5640,1017,780,33.584,25.726,-0.017,0.0539,9.8309,0.1018,0.251,0.1477
5645,1027,769,33.729,25.682,-0.0058,-0.0423,9.7196,0.1459,0.5827,-0.551
5650,1037,770,33.723,25.651,-0.0544,0.0902,9.7305,-0.4852,0.2999,0.2048
5655,1059,767,33.629,25.663,0.0082,0.068,9.8287,-0.3549,0.1392,-0.0682
5660,1063,766,33.682,25.658,-0.0583,0.0746,9.827,0.3645,-0.4435,-0.6167
5665,1077,770,33.631,25.6,0.0381,0.0079,9.8414,-0.3169,0.2138,-0.4045
5670,1082,756,33.718,25.656,0.0279,-0.0039,9.8303,-0.4987,0.7736,0.0145
5675,1101,767,33.724,25.731,0.043,-0.0151,9.7633,0.1826,0.2615,0.8316
5680,1116,752,33.659,25.655,-0.0154,-0.0002,9.8758,0.5152,1.24,-0.0616
5685,1121,755,33.647,25.722,-0.0278,-0.0226,9.7064,-0.1766,-0.3344,0.7806
5690,1135,754,33.701,25.722,0.0331,0.0048,9.7895,-0.0101,0.1541,-0.2153
5695,1130,751,33.655,25.721,0.0032,-0.0989,9.7112,0.3231,-0.2109,-0.3769
5700,1140,747,33.717,25.76,0.0298,-0.0122,9.7394,-0.2043,-1.7707,0.1921
5705,1152,751,33.568,25.692,0.0703,0.065,9.8396,-0.5981,0.8213,0.3282
5710,1171,749,33.721,25.794,0.0267,-0.0633,9.7885,0.24,-0.7711,-0.4544
5715,1168,747,33.579,25.681,0.0511,0.0437,9.8354,-0.3733,0.4443,-0.7589
5720,1164,748,33.723,25.649,0.0002,0.0185,9.8336,0.5735,-0.1738,0.1194
5725,1177,738,33.645,25.757,0.0341,-0.0183,9.8256,0.23,-0.6159,0.1168
5730,1175,738,33.652,25.703,0.0336,0.0635,9.8003,0.2635,-0.2927,-0.6591
5735,1182,740,33.64,25.653,0.18,0.0653,9.8266,0.4366,0.6407,-0.3077
5740,1182,736,33.615,25.761,0.0062,0.0046,9.8264,0.0425,-0.1474,-0.1442
5745,1176,740,33.692,25.72,-0.0306,0.0055,9.7872,0.7635,1.3218,0.3298
5750,1185,736,33.731,25.783,0.0003,0.0426,9.802,0.5715,-0.4288,-1.1042
5755,1190,743,33.722,25.712,0.022,0.0195,9.9236,0.3488,-0.3523,-0.3338
5760,1186,743,33.669,25.636,-0.0039,-0.0495,9.8376,-0.1539,0.2203,0.6553
5765,1187,741,33.713,25.715,-0.0046,-0.0014,9.8586,-0.0241,-0.6541,0.5235
5770,1189,739,33.565,25.731,0.0169,-0.0145,9.7403,0.444,-0.4427,-0.4946
5775,1196,742,33.634,25.736,-0.0283,0.0146,9.7469,0.153,0.6515,0.2433
5780,1184,740,33.635,25.721,0.03,0.115,9.9048,0.8248,0.6115,-0.2456
5785,1186,739,33.632,25.716,-0.0295,0.0855,9.7902,-0.2494,-0.1238,0.0042
5790,1181,744,33.547,25.751,-0.0156,0.0456,9.8165,-0.762,0.3845,0.2043
5795,1178,746,33.607,25.656,0.0105,0.0027,9.8,0.1576,0.4233,0.6665
5800,1172,754,33.64,25.672,-0.054,0.0428,9.7877,-0.4174,0.0883,0.3919
5805,1167,750,33.622,25.649,-0.0008,-0.0793,9.8724,0.7658,-0.1285,0.4808
5810,1168,745,33.639,25.75,0.0799,-0.0028,9.848,-0.4425,-0.3588,0.2942
5815,1174,758,33.685,25.715,0.0722,-0.0029,9.8546,-0.9758,0.2202,-0.5071
5820,1165,755,33.684,25.797,-0.0922,-0.0606,9.7991,0.7766,-0.3372,0.3171
5825,1152,758,33.78,25.612,0.0631,0.056,9.8436,-0.6272,-0.3724,0.5728
5830,1154,760,33.647,25.713,-0.0369,-0.0066,9.8094,-0.1277,0.7454,-0.1077
5835,1156,766,33.739,25.714,-0.0191,-0.0149,9.867,0.0326,-0.0876,-0.5987
5840,1149,766,33.701,25.746,0.0397,-0.0235,9.8677,-1.093,0.6629,0.1364
5845,1141,764,33.734,25.7,-0.0293,0.0349,9.8023,-0.8375,0.9074,0.4114
5850,1147,772,33.672,25.699,0.0018,0.0109,9.8137,0.8782,-0.8483,-0.3097
5855,1138,777,33.664,25.715,0.1116,-0.039,9.7568,-0.147,-0.0344,0.1192
5860,1133,778,33.695,25.74,-0.0417,-0.1121,9.8065,0.0306,0.0573,0.2553
5865,1130,782,33.662,25.729,-0.0303,-0.0061,9.7391,-0.9686,-1.1469,-0.24
5870,1126,790,33.705,25.7,0.0245,0.0217,9.8031,-0.6715,-0.0679,-0.0436
5875,1127,788,33.696,25.734,0.0126,0.0405,9.7837,1.2786,0.1897,-0.5372
5880,1112,790,33.645,25.687,0.0971,-0.0386,9.7764,0.7307,-0.1875,-0.2915
5885,1124,797,33.612,25.681,0.0447,0.1033,9.7791,-0.1736,0.2488,-0.4513
5890,1116,796,33.711,25.717,0.0173,-0.1438,9.9127,0.1345,0.2581,-0.4676
5895,1107,805,33.616,25.732,0.0405,0.0061,9.7925,-1.0027,-0.0435,0.2784
5900,1099,801,33.703,25.709,-0.0553,-0.0147,9.8046,0.3489,0.1727,0.5365
5905,1111,813,33.666,25.754,-0.0026,-0.0566,9.8005,0.2295,-0.3339,0.0585
5910,1113,806,33.707,25.719,0.0158,0.0094,9.8385,-0.2094,-0.0691,0.5556
5915,1100,814,33.626,25.803,0.0644,-0.0533,9.7574,0.3453,-0.6005,0.4488
5920,1099,818,33.645,25.707,-0.0044,-0.0557,9.7372,0.4248,-0.6387,0.0157
5925,1089,825,33.778,25.759,-0.0138,-0.0365,9.8083,-0.5229,0.5773,-0.4133
5930,1099,821,33.648,25.748,-0.0446,-0.06,9.7781,0.1172,1.7921,0.4575
5935,1086,824,33.626,25.718,0.0162,-0.0051,9.8744,0.2471,-0.2848,0.6064
5940,1079,827,33.685,25.763,0.0033,-0.006,9.7548,-0.7377,0.2553,-0.2638
5945,1089,833,33.661,25.68,0.0046,-0.055,9.8815,-0.4497,-0.2187,-0.547
5950,1079,838,33.736,25.66,0.0012,-0.0514,9.8247,-0.0597,0.4948,-0.7432
5955,1083,833,33.702,25.637,0.0899,-0.0388,9.8343,-0.3311,0.7909,0.6014
5960,1085,839,33.67,25.647,-0.0717,0.0371,9.8893,-0.8745,0.5496,0.1317
5965,1076,838,33.694,25.699,-0.0357,-0.0501,9.7454,-0.3267,0.9145,-0.6372
5970,1071,841,33.656,25.727,-0.0157,0.034,9.7215,-0.1879,0.1966,0.3481
5975,1066,840,33.656,25.724,-0.1186,-0.1009,9.7983,-0.4775,-0.3741,-0.1493
5980,1068,844,33.767,25.74,0.1015,0.0318,9.7921,-0.3785,0.5589,-0.2399
5985,1058,844,33.614,25.668,0.0641,-0.072,9.864,0.0684,0.6805,0.315
5990,1052,846,33.69,25.766,0.0233,-0.064,9.9397,0.0865,0.8869,-0.1921
5995,1055,846,33.684,25.649,-0.0109,0.0562,9.7732,-0.2429,-0.6032,-0.4705
6000,1045,844,33.64,25.704,0.0452,-0.0421,9.8183,0.1843,0.3246,0.3634
6005,1041,843,33.633,25.776,0.0525,0.0097,9.8096,0.4668,-0.454,0.1751
6010,1030,844,33.696,25.681,0.0434,-0.0323,9.8079,-0.3824,-0.7314,-0.5003
6015,1033,841,33.684,25.682,-0.0999,0.0146,9.7625,-1.6374,-0.5005,0.0256
6020,1034,838,33.603,25.767,0.0358,0.0102,9.8161,0.7691,0.0257,0.1327
6025,1020,846,33.703,25.705,0.062,0.0273,9.7333,-1.4028,0.1371,0.8237
6030,1007,843,33.692,25.824,0.0152,-0.0543,9.7544,0.3773,0.2679,-0.6917
6035,1012,845,33.688,25.582,0.0086,0.1323,9.8093,0.7045,0.138,-0.9549
6040,986,847,33.683,25.689,-0.0644,0.073,9.771,-0.338,0.6616,-0.5437
6045,996,839,33.656,25.691,0.0097,-0.0274,9.8293,0.5942,0.2405,-0.1156
6050,977,844,33.724,25.773,-0.0215,0.039,9.7978,-0.2904,0.0459,0.1976
6055,970,841,33.655,25.784,-0.0257,0.0254,9.8052,-0.0952,-0.3908,0.2449
6060,962,843,33.64,25.701,-0.0353,-0.001,9.8713,-0.5493,-0.3534,-0.1235
6065,948,840,33.693,25.702,0.0301,0.0173,9.8407,0.2253,0.5307,-0.883
6070,937,843,33.673,25.731,0.0776,-0.0689,9.7349,0.027,0.9699,-0.5875
6075,934,839,33.673,25.763,0.0178,-0.0649,9.8193,-0.0635,-0.2344,-0.0068
6080,929,843,33.672,25.712,0.0821,-0.0781,9.8047,0.5726,0.1292,0.1146
6085,920,836,33.605,25.743,-0.0249,-0.0315,9.7231,-0.4517,0.0517,-0.3234
6090,895,839,33.719,25.614,-0.0581,-0.0361,9.7631,0.8254,-0.6606,-0.8758
6095,897,834,33.749,25.713,0.0018,0.0174,9.8351,0.9142,0.3512,-0.1798
6100,878,831,33.698,25.664,-0.0153,-0.0039,9.8004,-0.982,0.1618,-0.9116
6105,875,834,33.692,25.731,0.058,-0.0413,9.757,-1.0965,-0.3818,0.9072
6110,862,834,33.692,25.704,0.0119,0.0064,9.7848,1.585,0.217,0.0595
6115,855,829,33.57,25.703,0.0706,-0.0897,9.8301,0.4947,-0.7587,-0.422
6120,851,831,33.713,25.664,-0.033,0.0189,9.7955,-0.5452,0.0204,0.528
6125,833,835,33.649,25.859,-0.0334,-0.0226,9.8981,-0.0244,0.3981,-0.163
6130,816,831,33.669,25.76,-0.1488,0.0359,9.7583,-1.0382,-0.0387,-0.8462
6135,813,829,33.624,25.692,-0.0072,-0.0234,9.7851,0.5008,0.4917,0.538
6140,805,824,33.621,25.706,0.001,-0.0478,9.8215,0.6348,0.0358,1.0773
6145,800,826,33.759,25.691,0.068,-0.0039,9.763,-0.741,-0.6473,-0.132
6150,792,828,33.694,25.794,0.0372,-0.009,9.7907,-0.2323,0.5465,-0.2443
6155,779,829,33.677,25.715,-0.0471,-0.0151,9.8025,0.3884,0.8102,-0.3799
6160,773,826,33.656,25.75,-0.0125,-0.0612,9.763,0.3957,-1.1766,-0.339
6165,772,826,33.673,25.674,0.0421,0.0189,9.8263,-0.7081,0.0627,-0.315
6170,768,820,33.646,25.653,-0.102,0.0165,9.8505,-0.1229,0.3366,0.129
6175,758,823,33.658,25.752,0.1289,-0.0169,9.7444,-0.5574,0.1531,0.1711
6180,751,823,33.759,25.774,-0.0013,-0.0056,9.8376,-0.6516,-0.6754,0.327
6185,746,823,33.569,25.735,-0.0623,0.0142,9.7575,-0.4864,0.0474,0.367
6190,747,819,33.723,25.721,-0.0308,0.0408,9.7859,0.2085,-0.8867,-0.4249
6195,748,821,33.662,25.641,-0.029,0.0279,9.8433,-0.0272,-0.7598,0.3671
6200,743,824,33.664,25.764,-0.0026,0.0531,9.7796,0.3089,0.5073,0.1961
6205,753,820,33.715,25.731,-0.047,-0.0045,9.8021,0.764,-0.2435,0.0129
6210,756,825,33.682,25.741,0.0435,-0.0147,9.845,0.034,-0.0419,-0.3853
6215,754,820,33.647,25.802,-0.0116,-0.0375,9.7835,-0.3498,0.3995,-0.6891
6220,754,816,33.65,25.74,-0.0666,-0.0012,9.7836,-0.0827,0.2711,0.6166
6225,752,819,33.709,25.683,-0.0068,0.0054,9.8794,-0.4918,0.6454,-0.2516
6230,764,815,33.67,25.648,0.0343,0.0339,9.804,0.5784,0.0502,-0.1414
6235,770,816,33.696,25.683,0.1402,-0.0014,9.7159,0.3447,-0.3665,0.2416
6240,777,817,33.715,25.839,0.0007,-0.0882,9.7504,-0.7481,0.4599,-0.3413
6245,779,815,33.652,25.683,0.0871,-0.0581,9.7499,-0.1765,0.6747,-0.1858
6250,784,814,33.592,25.588,-0.043,-0.0207,9.763,0.0192,0.6133,-0.2113
6255,792,818,33.695,25.719,-0.0219,0.0502,9.8134,-0.1857,-0.1319,0.1494
6260,801,804,33.659,25.705,-0.0223,-0.0705,9.7484,-0.3524,0.6558,-0.5219
6265,812,809,33.696,25.734,-0.0484,0.0805,9.7981,0.3279,0.5434,-0.1484
6270,819,803,33.701,25.75,-0.0185,-0.0241,9.8631,-0.2745,0.4257,-0.7698
6275,828,804,33.577,25.73,0.0057,0.0204,9.7132,0.162,0.7448,-0.4663
6280,843,806,33.67,25.648,-0.14,0.1004,9.8346,0.663,-0.7137,0.3642
6285,843,803,33.694,25.695,-0.0054,-0.0778,9.7605,0.1841,-0.5659,-0.8979
6290,861,802,33.616,25.747,0.0167,0.1022,9.7888,0.2357,0.6643,1.2093
6295,872,801,33.619,25.694,-0.017,-0.035,9.8227,-0.8806,-0.7758,0.0211
6300,893,796,33.613,25.768,-0.0076,0.0539,9.8853,0.5455,0.0294,0.6741
6305,905,794,33.731,25.675,0.0458,0.0616,9.8796,-0.1134,-0.3941,0.2799
6310,918,792,33.734,25.733,-0.0403,-0.0093,9.8248,-0.3865,0.5566,0.1391
6315,922,790,33.686,25.714,-0.0339,0.0284,9.8632,0.2712,-0.1073,0.2803
6320,943,790,33.629,25.764,0.044,-0.0372,9.7437,-0.2145,0.4135,-0.3904
6325,963,787,33.709,25.689,0.0019,-0.0318,9.8485,-0.426,0.0214,0.1088
6330,980,784,33.646,25.635,0.0105,-0.0057,9.8659,0.0434,0.098,0.0773
6335,985,782,33.638,25.63,0.0132,0.0103,9.777,-0.5326,0.6474,0.8845
6340,1003,777,33.671,25.787,-0.0072,-0.0209,9.8038,-0.7795,0.31,0.0905
6345,1014,776,33.763,25.639,-0.0351,-0.0202,9.8211,1.0661,0.435,0.2938
6350,1025,777,33.606,25.793,-0.0217,0.0557,9.9337,-0.5595,0.6623,-0.703
6355,1036,772,33.562,25.765,-0.0097,-0.0014,9.7746,-0.1385,-0.9301,-0.5176
6360,1052,771,33.591,25.689,-0.0456,0.0074,9.8134,-0.3059,0.3282,0.5312
6365,1068,770,33.62,25.803,0.1168,-0.0058,9.7865,-0.0397,0.225,0.0039
6370,1081,763,33.624,25.753,-0.019,-0.0302,9.7991,0.4395,-1.3441,0.1724
6375,1087,762,33.681,25.708,0.148,0.0119,9.7752,-0.2984,-0.344,0.831
6380,1098,755,33.659,25.842,-0.0471,0.0268,9.758,-0.3101,-0.1312,0.0717
6385,1101,755,33.673,25.648,-0.0403,0.0339,9.7351,-0.1293,0.4848,-0.5515
6390,1128,756,33.635,25.784,0.0248,-0.047,9.8816,0.2806,-0.5755,-0.1072
6395,1134,756,33.649,25.691,-0.0204,-0.0098,9.891,-0.248,-0.368,-0.1079
6400,1135,756,33.707,25.746,-0.0108,0.0111,9.8489,-0.3535,0.2156,-0.625
6405,1152,747,33.711,25.738,-0.0861,0.0005,9.8128,-0.5244,0.46,-0.2153
6410,1154,740,33.686,25.715,0.0843,0.0388,9.8137,-0.7838,-0.0275,-0.0806
6415,1149,749,33.711,25.817,0.0169,0.0572,9.9087,0.7202,0.452,0.4607
6420,1157,749,33.683,25.747,0.0061,0.0885,9.8255,0.4318,0.0888,0.1649
6425,1168,744,33.69,25.695,-0.0173,-0.0391,9.7769,0.0911,-0.346,0.0938
6430,1173,742,33.75,25.614,0.0643,0.0762,9.7956,-0.4433,-0.4408,0.4717
6435,1183,741,33.641,25.663,0.0107,0.0315,9.7829,0.1316,-0.0641,-0.0472
6440,1185,738,33.692,25.75,0.0683,0.0106,9.8647,0.0608,-0.1243,-0.2847
6445,1188,738,33.664,25.641,0.0764,-0.0338,9.7625,0.2579,0.184,-0.247
6450,1187,731,33.668,25.729,0.0492,-0.0857,9.7295,-0.2644,0.2176,0.1594
6455,1186,734,33.637,25.793,-0.0116,0.005,9.8904,-0.6645,-0.0725,0.2374
6460,1188,740,33.77,25.741,-0.002,-0.0533,9.8415,-0.0642,0.2979,-0.4123
6465,1193,742,33.778,25.716,0.024,0.0149,9.7579,0.7899,0.2379,-0.2094
6470,1188,737,33.706,25.682,0.0105,-0.0286,9.8222,0.5805,0.6252,-0.2944
6475,1186,735,33.632,25.839,-0.0347,0.0957,9.8069,0.0441,1.1706,0.0613
6480,1176,743,33.703,25.803,0.0216,0.0124,9.7144,-0.191,0.6644,-0.3504
6485,1190,742,33.676,25.695,0.0307,-0.0396,9.838,0.0893,0.3295,0.2877
6490,1182,741,33.65,25.821,0.012,-0.017,9.8269,-0.1562,-0.3387,-0.5876
6495,1185,739,33.689,25.743,0.0686,0.0395,9.7739,0.4227,0.3579,-0.9847
6500,1181,748,33.75,25.661,0.0142,0.0273,9.8651,0.4229,-0.5852,-0.0196
6505,1175,747,33.623,25.736,0.0462,0.0624,9.8294,0.57,0.2822,-0.1385
6510,1177,742,33.728,25.756,-0.0367,-0.0916,9.7516,-0.574,0.2006,-0.07
6515,1169,748,33.755,25.718,0.0605,0.037,9.8198,0.0709,0.0532,-0.7937
6520,1161,755,33.668,25.691,-0.0094,-0.0276,9.8258,-0.4102,-0.4373,0.0706
6525,1165,754,33.608,25.598,0.0319,0.0626,9.8347,-0.3197,0.233,0.1886
6530,1152,761,33.678,25.69,-0.0692,-0.0077,9.8538,-0.02,-1.598,0.1124
6535,1151,761,33.745,25.694,-0.1028,0.0144,9.784,-0.0294,0.0154,0.2656
6540,1147,760,33.672,25.712,-0.0062,-0.0064,9.795,-0.2113,-0.2333,0.0096
6545,1151,769,33.705,25.696,0.0145,-0.0433,9.8214,0.146,-0.146,0.9528
6550,1145,768,33.725,25.758,0.0125,0.141,9.7858,0.4614,0.61,0.057
6555,1136,772,33.642,25.747,-0.0466,0.0162,9.7953,-0.3637,-0.0228,-0.7495
6560,1139,773,33.64,25.651,0.1263,-0.0815,9.771,0.2772,0.2462,0.0257
6565,1128,781,33.68,25.737,0.0163,-0.0197,9.8307,-0.1902,-0.5149,0.0454
6570,1128,786,33.639,25.644,0.0365,0.0141,9.8414,-0.8396,-0.4706,0.2039
6575,1126,784,33.665,25.69,0.0701,0.0589,9.8453,0.2834,0.1357,-0.7952
6580,1125,791,33.688,25.714,0.0519,-0.0238,9.7892,0.1187,0.0058,-0.3117
6585,1117,793,33.595,25.67,0.0838,0.024,9.8292,0.1656,0.2597,-0.1431
6590,1120,795,33.642,25.717,-0.0163,-0.0816,9.8561,-0.8248,0.6146,0.0163
6595,1109,802,33.607,25.747,-0.0427,-0.0348,9.8577,-0.2081,0.749,-0.2248
6600,1107,796,33.67,25.611,0.0082,0.019,9.8585,-0.1036,-0.931,-0.4273
6605,1111,800,33.62,25.745,0.0209,0.0205,9.8634,0.1043,-0.1998,0.2999
6610,1100,805,33.605,25.697,0.0171,0.0401,9.8428,-0.454,-0.5484,-0.0997
6615,1091,807,33.673,25.717,-0.0166,0.034,9.8,-0.3586,0.2641,0.5642
6620,1100,812,33.719,25.669,0.0004,-0.0473,9.7702,0.2111,0.0784,0.3422
6625,1087,814,33.681,25.734,-0.0195,-0.049,9.7857,0.2542,0.0282,-0.0727
6630,1096,818,33.711,25.704,0.0981,0.0127,9.8253,-0.1723,-0.581,0.1913
6635,1088,822,33.657,25.714,0.0006,0.0085,9.8043,0.0397,0.1953,0.3697
6640,1087,821,33.507,25.735,-0.0034,0.0501,9.7353,-0.0706,-0.7623,-0.717
6645,1082,829,33.727,25.692,0.0341,0.0126,9.7434,-0.0942,-0.7608,-0.0207
6650,1081,829,33.709,25.725,0.0108,-0.0466,9.8473,-0.8091,-1.0096,0.301
6655,1084,830,33.675,25.739,-0.0274,-0.0963,9.8388,0.1598,0.4449,0.245
6660,1082,837,33.716,25.757,0.0661,0.0319,9.8129,-0.0332,-0.3455,0.2968
6665,1074,835,33.668,25.684,-0.0304,0.0522,9.7905,-0.1509,0.3277,-0.0896
6670,1069,838,33.703,25.708,0.0026,-0.0497,9.7902,0.3267,0.7519,0.229
6675,1074,837,33.694,25.753,0.0421,0.0001,9.8012,-0.6997,0.1089,-0.6188
6680,1075,838,33.684,25.709,-0.0219,0.0225,9.7225,0.7736,0.1555,0.0161
6685,1063,843,33.628,25.64,-0.0123,-0.0077,9.8076,-0.1191,0.2121,0.1136
6690,1058,840,33.708,25.631,0.0895,0.1225,9.8397,-0.0808,-0.0837,-0.0132
6695,1061,842,33.605,25.663,0.0421,0.0246,9.749,-0.1496,-1.653,-0.1452
6700,1052,841,33.639,25.786,0.0311,0.0464,9.8703,-0.1764,-0.4166,-0.4559
6705,1046,846,33.562,25.698,-0.0034,0.0819,9.8247,-0.6002,-0.6444,-0.1772
6710,1033,840,33.7,25.737,-0.0397,0.0198,9.8459,0.6457,-0.5349,0.8348
6715,1038,841,33.761,25.751,-0.0076,-0.0182,9.8251,0.926,0.8,0.3793
6720,1035,840,33.752,25.658,-0.0385,-0.0027,9.8728,0.361,0.0453,-0.6019
6725,1026,850,33.676,25.693,-0.0293,-0.0693,9.7692,0.3127,0.3237,-1.2827
6730,1014,848,33.663,25.697,-0.0335,-0.0669,9.8702,-0.0772,0.0126,-0.4508
6735,1016,851,33.663,25.743,-0.0629,-0.0966,9.7343,0.2949,0.1892,-0.5471
6740,1004,842,33.718,25.766,0.0235,-0.0075,9.7571,-0.2655,-0.0311,0.3008
6745,999,847,33.68,25.765,0.0648,0.1288,9.8404,0.1409,-0.5169,-0.7532
6750,983,844,33.632,25.714,-0.0509,0.0809,9.8466,-0.5058,0.024,0.0761
6755,986,839,33.659,25.716,-0.0426,0.0144,9.7966,0.4827,-0.9336,-0.8096
6760,972,841,33.743,25.781,0.0073,-0.0239,9.8155,-0.4245,0.7423,0.9168
6765,962,842,33.708,25.651,0.0155,0.0375,9.8037,-0.2958,1.2345,-0.2031
6770,959,843,33.721,25.783,-0.0471,-0.0707,9.9236,0.7927,-0.4369,-0.1031
6775,944,848,33.661,25.698,-0.0511,-0.0153,9.7902,-0.6383,-0.5315,0.7773
6780,930,840,33.703,25.865,0.035,-0.0321,9.7659,0.1786,0.8256,0.3857
6785,924,834,33.78,25.839,0.029,0.0524,9.7811,-0.5708,-0.6608,0.1129
6790,913,834,33.687,25.693,-0.0638,-0.0427,9.8576,-0.5304,0.0958,0.294
6795,912,839,33.636,25.68,0.0631,0.0505,9.7563,-0.239,-0.006,-0.4259
6800,890,835,33.597,25.727,0.0614,-0.032,9.8133,-0.1041,-0.1388,-0.0853
6805,892,832,33.626,25.687,-0.0105,0.0575,9.8367,0.8679,-0.1286,0.6349
6810,875,839,33.6,25.631,-0.0329,-0.0048,9.807,-0.0949,-0.5254,-0.3216
6815,864,834,33.716,25.701,0.0382,0.0569,9.8312,0.3306,-0.5531,-0.368
6820,859,830,33.653,25.802,-0.0581,0.0348,9.8191,-0.2898,-0.3806,-0.4364
6825,839,835,33.678,25.617,0.0807,0.0472,9.7896,-0.7229,-0.2179,-0.6181
6830,837,828,33.743,25.719,0.1106,0.0022,9.7691,-0.5632,0.1761,0.5209
6835,822,833,33.591,25.769,-0.0236,-0.0657,9.8319,0.4841,0.4664,0.1893
6840,817,827,33.67,25.746,-0.059,0.0378,9.8508,0.5768,0.3719,0.8713
6845,809,824,33.667,25.668,-0.0309,-0.062,9.8238,-0.3827,0.1609,0.4512
6850,805,835,33.684,25.757,-0.0217,0.0885,9.8481,-0.4135,0.6313,0.2707
6855,785,828,33.672,25.665,-0.0367,0.0338,9.8557,0.2764,-0.2719,-1.1361
6860,788,829,33.747,25.743,-0.012,0.0322,9.8338,0.3442,0.3429,-0.7103
6865,769,823,33.692,25.752,-0.011,-0.0313,9.7917,-0.2296,-0.1137,-0.7233
6870,771,823,33.755,25.681,0.0557,-0.0123,9.8215,0.0766,0.2883,0.6295
6875,763,826,33.62,25.74,-0.064,-0.0404,9.7658,0.4276,0.5503,0.2912
6880,763,823,33.66,25.756,0.0187,-0.0378,9.781,0.2696,-0.1168,-0.0265
6885,752,822,33.761,25.746,0.0311,-0.0233,9.7541,-0.9171,-0.1463,0.3331
6890,760,824,33.602,25.685,-0.0297,0.0042,9.8611,0.1629,0.0589,-0.2444
6895,753,823,33.577,25.739,-0.0165,0.0639,9.7911,-0.3124,-0.7,0.0243
6900,751,818,33.639,25.732,0.0672,-0.0617,9.7907,-0.5811,0.5307,0.2039
6905,750,816,33.745,25.707,0.0497,-0.0086,9.7645,0.4854,0.6078,-0.5213
6910,742,820,33.728,25.758,-0.0459,-0.0235,9.8453,-0.717,0.5671,-0.1928
6915,746,814,33.672,25.706,0.0869,-0.1306,9.7701,-0.0587,-0.1722,0.2096
6920,750,815,33.772,25.795,-0.1412,0.0006,9.7992,0.612,-0.5945,0.1131
6925,741,817,33.708,25.641,0.0895,0.0997,9.8228,0.4292,-0.1201,-1.1386
6930,752,815,33.71,25.823,0.0436,-0.0955,9.8254,0.3396,-0.6013,-0.6535
6935,762,818,33.68,25.726,-0.0552,-0.0585,9.7647,0.3832,-0.7929,-0.7866
6940,758,815,33.73,25.735,-0.0144,0.0553,9.8985,-0.8654,0.1923,0.4733
6945,770,825,33.618,25.711,-0.0836,-0.0133,9.8046,1.218,0.2157,0.1477
6950,774,810,33.598,25.693,0.0457,-0.0142,9.7961,0.8979,-0.1192,-0.4091
6955,791,813,33.643,25.68,0.0689,0.045,9.8667,0.7277,0.4718,0.1218
6960,797,808,33.617,25.712,0.0164,0.03,9.8064,0.1585,-0.2079,-0.3206
6965,800,814,33.67,25.789,0.0474,0.0504,9.7645,0.5253,-0.428,0.5809
6970,807,810,33.689,25.63,-0.0495,0.0277,9.8402,0.8627,-0.177,-0.5229
6975,824,809,33.762,25.827,-0.0116,0.0294,9.8204,-0.1425,0.8003,0.3911
6980,824,807,33.712,25.749,0.0686,-0.0981,9.8044,0.1697,0.8091,-0.3634
6985,842,803,33.682,25.716,-0.0346,-0.0222,9.8073,0.4848,-0.4942,0.231
6990,852,803,33.75,25.774,0.0373,-0.0408,9.8152,-1.0822,-0.0988,-0.7101
6995,862,796,33.739,25.712,-0.0536,0.0126,9.8341,0.3373,-0.1239,0.9618
7000,872,804,33.729,25.681,-0.0193,0.0288,9.7581,-0.5132,-0.2058,0.3455
7005,882,791,33.655,25.677,0.034,0.012,9.8178,-0.4493,-0.1894,-0.7959
7010,910,803,33.686,25.72,-0.0537,-0.0913,9.8238,0.558,-0.0986,-0.3584
7015,918,788,33.644,25.706,-0.0457,-0.0359,9.8151,-0.519,0.6129,0.2061
7020,929,791,33.691,25.71,-0.0238,-0.0102,9.7973,-0.0828,0.689,0.7341
7025,943,785,33.628,25.646,0.0334,-0.0094,9.8511,0.4551,0.0805,-0.2877
7030,951,792,33.69,25.731,-0.0408,0.0486,9.808,0.0986,-0.0921,0.3929
7035,978,783,33.671,25.687,0.1031,-0.0487,9.897,0.2516,0.3054,0.5258
7040,979,782,33.685,25.652,0.034,-0.0373,9.7016,0.4472,0.5552,-0.1239
7045,999,778,33.659,25.728,-0.0564,-0.0892,9.8683,0.4297,0.3736,-0.3926
7050,1015,777,33.65,25.689,-0.0238,0.0118,9.8912,0.2546,0.1058,0.1277
7055,1028,778,33.642,25.775,-0.0153,-0.0035,9.829,0.0587,-0.5345,-0.5692
7060,1040,772,33.691,25.676,-0.0142,-0.0692,9.7966,-0.2848,-0.0008,0.0027
7065,1046,774,33.735,25.784,0.0221,-0.0586,9.8048,-0.3736,-1.2488,-0.4416
7070,1057,772,33.716,25.707,-0.0364,0.0256,9.8003,0.5195,-0.2813,-0.0073
7075,1073,764,33.571,25.696,0.0495,0.0124,9.7849,0.0808,-0.6342,0.5416
7080,1085,758,33.611,25.686,0.0926,-0.0036,9.8363,-0.1931,-0.15,0.646
7085,1100,760,33.769,25.676,0.0408,-0.0174,9.8202,-0.2082,-0.5297,0.051
7090,1109,755,33.675,25.755,-0.099,-0.0075,9.9547,-0.619,0.2516,-0.1795
7095,1108,758,33.672,25.733,-0.0871,-0.0031,9.8458,-0.0193,0.1781,-0.2054
7100,1123,756,33.728,25.704,0.0471,-0.0048,9.8748,-0.7962,0.8118,0.6061
7105,1136,756,33.7,25.715,-0.0747,-0.0372,9.8122,-0.0383,0.2911,-0.2139
7110,1151,749,33.724,25.824,-0.0266,0.0574,9.8186,-0.0797,-1.0867,0.637
7115,1157,752,33.569,25.69,0.0765,-0.042,9.7795,0.6638,-0.2057,-0.1569
7120,1158,750,33.668,25.726,0.0759,-0.0393,9.8066,1.0199,-0.5936,-0.4499
7125,1164,739,33.668,25.637,-0.0083,-0.0751,9.783,-1.1009,0.1259,-0.076
7130,1171,747,33.683,25.691,-0.0129,-0.0183,9.977,0.8938,0.4466,-0.3261
7135,1169,741,33.683,25.655,0.003,0.0483,9.7876,-0.0741,0.0653,0.5126
7140,1173,742,33.702,25.586,-0.0055,-0.0238,9.7852,-0.5266,1.4006,-0.7252
7145,1187,737,33.689,25.619,-0.0887,0.0189,9.8792,0.2756,-0.0029,-0.4744
7150,1181,740,33.662,25.715,-0.0038,-0.0617,9.8099,-0.3422,-0.0864,0.2889
7155,1184,739,33.723,25.765,-0.0383,-0.0162,9.8357,-0.4377,0.7235,-0.4917
7160,1190,744,33.699,25.682,-0.0163,-0.0016,9.7469,0.8886,-0.6225,-0.3004
7165,1190,736,33.625,25.739,-0.0514,-0.088,9.7808,0.4385,0.3567,-0.6588
7170,1181,737,33.678,25.664,0.0327,0.0291,9.7673,-0.5899,-0.2023,0.8118
7175,1191,742,33.735,25.636,0.0635,-0.0626,9.8581,-0.6094,0.2481,0.8523
7180,1193,740,33.656,25.729,-0.0397,0.002,9.7744,-0.2102,0.1617,0.5663
7185,1188,738,33.677,25.665,0.0473,0.0297,9.8657,0.3015,-0.1886,0.7036
7190,1193,742,33.661,25.618,0.0629,-0.0153,9.7798,-0.2424,-0.3786,-0.4319
7195,1185,742,33.743,25.684,0.0618,-0.0311,9.8539,1.1739,-0.3716,0.7863
7200,1186,748,33.788,25.72,-0.0324,0.0171,9.8287,-0.5429,0.1564,-0.4706
7205,1178,740,33.693,25.613,-0.0268,0.0535,9.7873,-0.6122,-0.4601,0.1236
7210,1180,744,33.671,25.676,0.0684,0.0212,9.8066,-0.4886,0.0003,-0.1099
7215,1187,738,33.698,25.643,-0.007,-0.0026,9.8426,0.2628,-0.0784,0.0073
7220,1175,751,33.796,25.658,0.0169,-0.0712,9.8421,0.8681,0.5909,0.1981
7225,1161,750,33.72,25.748,0.0353,0.0198,9.7864,-1.5199,0.2639,-0.1031
7230,1153,749,33.641,25.651,0.0548,0.0103,9.7993,0.2276,0.7188,0.5559
7235,1157,759,33.752,25.649,0.0406,-0.13,9.8815,-0.6211,-0.4073,-0.3514
7240,1152,758,33.703,25.683,0.1138,0.0977,9.6946,-0.6371,0.4869,-0.2961
7245,1154,759,33.58,25.796,-0.0095,0.0814,9.8154,-0.0324,-0.0462,1.138
7250,1145,760,33.7,25.687,-0.1131,-0.0398,9.8366,0.5656,-0.16,1.1419
7255,1147,766,33.703,25.646,-0.0232,-0.0268,9.7616,0.0543,0.4283,-0.1853
7260,1132,769,33.574,25.677,0.1039,0.0588,9.7927,0.7579,-0.4352,-0.6553
7265,1138,777,33.627,25.736,-0.0041,0.0009,9.8691,-0.1239,-0.8244,0.0832
7270,1134,779,33.627,25.667,0.0014,0.0128,9.7442,0.0436,-0.0627,-0.742
7275,1131,782,33.621,25.806,0.0263,0.0224,9.8375,-0.3548,0.3624,-0.2837
7280,1125,784,33.571,25.707,-0.0301,-0.041,9.8532,0.5555,-0.089,-0.1922
7285,1123,784,33.725,25.756,0.0391,-0.0013,9.7685,-0.1592,0.0921,-0.4658
7290,1124,787,33.632,25.754,0.0676,-0.0099,9.8787,-0.7241,-0.2812,0.1502
7295,1117,795,33.688,25.784,-0.0437,0.0721,9.7713,-0.0263,0.2947,0.0146
7300,1111,800,33.69,25.669,-0.0337,0.0026,9.7991,0.2317,0.4869,-0.1503
7305,1110,802,33.674,25.703,-0.0002,-0.0134,9.788,-0.3016,1.3235,-0.168
7310,1104,804,33.668,25.671,0.0466,0.0953,9.732,-0.1129,0.0288,0.273
7315,1103,810,33.694,25.677,-0.0213,0.0755,9.8573,-0.4361,-0.2778,0.299
7320,1103,811,33.617,25.683,0.0277,0.0316,9.769,0.3397,-0.1632,-0.0477
7325,1104,816,33.718,25.781,-0.0813,0.0295,9.8615,-0.1935,0.1191,-0.9081
7330,1105,810,33.73,25.611,-0.0297,0.0318,9.7707,-0.1396,-0.2207,0.702
7335,1090,819,33.707,25.717,-0.0946,-0.1124,9.8109,-0.0535,0.3153,-0.0449
7340,1090,822,33.739,25.809,0.0946,-0.0199,9.7853,-0.9475,-0.0473,0.2897
7345,1094,822,33.534,25.715,-0.014,0.0388,9.7889,-0.6104,0.3176,-0.3724
7350,1082,826,33.657,25.744,-0.0019,-0.074,9.7622,-0.0614,0.228,-0.4013
7355,1091,832,33.634,25.702,-0.032,-0.0454,9.8582,0.3715,0.1967,0.1502
7360,1090,833,33.693,25.792,0.0231,0.0592,9.8161,-0.0457,0.6204,0.3712
7365,1077,836,33.692,25.631,0.0217,-0.0354,9.7786,-0.7766,1.5896,1.706
7370,1083,836,33.601,25.71,0.0636,-0.0158,9.8233,0.1982,-0.3025,-0.0015
7375,1079,836,33.657,25.812,-0.0405,0.0357,9.7356,-0.0768,0.4592,0.5412
7380,1080,836,33.728,25.702,-0.0871,0.0293,9.8326,-0.0712,-0.1259,-0.3443
7385,1064,831,33.681,25.695,-0.0084,0.001,9.84,-0.3395,0.043,-0.6649
7390,1064,841,33.641,25.693,0.0337,0.1144,9.7942,0.4139,-1.0711,-0.21
7395,1058,845,33.654,25.726,0.0505,0.0006,9.8205,-0.3294,0.121,-0.2827
7400,1050,838,33.757,25.7,-0.0815,-0.024,9.7503,-0.4091,-0.4672,0.0248
7405,1056,845,33.715,25.75,0.0855,-0.0004,9.7069,-0.2353,0.1436,-0.0474
7410,1046,850,33.667,25.755,0.0672,-0.0047,9.8639,-0.3832,-0.2886,0.6772
7415,1049,842,33.639,25.777,-0.0413,-0.0674,9.8235,-0.3032,1.5696,0.0995
7420,1042,841,33.592,25.735,0.0923,0.0227,9.7138,-0.4673,0.3845,-0.5478
7425,1027,843,33.617,25.751,-0.0204,-0.0326,9.7732,-0.33,0.6694,-0.7661
7430,1023,846,33.708,25.711,0.0206,0.0302,9.789,-0.132,0.2598,0.1008
7435,1020,845,33.664,25.706,0.0013,0.045,9.7751,1.1098,-0.9267,-0.568
7440,1013,844,33.582,25.682,0.01,-0.0323,9.9048,0.5702,0.4141,0.2291
7445,995,842,33.651,25.678,-0.0065,0.034,9.7289,-0.0309,0.0365,-0.0421
7450,1002,848,33.717,25.64,-0.0159,0.0586,9.8514,0.1613,0.7011,0.0758
7455,984,850,33.654,25.739,-0.0774,-0.0954,9.8482,-0.1017,-0.1628,-0.4369
7460,989,840,33.682,25.693,-0.0659,0.0472,9.7968,-0.9455,0.4081,0.3068
7465,976,841,33.652,25.723,-0.0722,-0.0171,9.8512,0.3508,-0.7625,-0.4503
7470,961,836,33.661,25.727,-0.0068,-0.0153,9.8411,-0.5271,-0.6809,0.3756
7475,956,839,33.632,25.756,-0.0469,-0.0357,9.8659,-0.4053,-0.5505,0.8286
7480,956,839,33.702,25.722,0.0146,-0.0113,9.7862,0.3108,-0.1664,0.0238
7485,936,843,33.661,25.747,0.0631,0.0609,9.787,0.661,-0.3518,-0.2785
7490,931,839,33.682,25.764,0.1181,0.0805,9.8207,-0.4649,-0.5832,0.6132
7495,914,840,33.726,25.676,-0.0361,0.0456,9.7791,0.6086,0.1608,-0.2118
7500,915,837,33.718,25.688,-0.0114,-0.0004,9.9114,-0.3946,-0.1573,-0.7329
7505,890,842,33.776,25.823,-0.1568,-0.0001,9.8558,-0.1233,0.7325,0.7893
7510,880,835,33.632,25.702,-0.0446,0.0479,9.8111,-0.0826,-0.1627,1.1588
7515,875,835,33.695,25.673,-0.0316,-0.002,9.7819,0.9448,0.6289,0.5716
7520,868,834,33.624,25.695,0.0567,-0.0066,9.8669,-0.2842,0.5383,-0.3449
7525,852,837,33.708,25.778,-0.0726,-0.0414,9.883,0.1237,-0.0564,0.7151
7530,853,831,33.626,25.713,-0.0911,-0.0471,9.8355,-1.3825,-0.9079,0.2956
7535,838,834,33.681,25.726,-0.0557,0.0211,9.8335,0.8185,-0.2086,-0.2351
7540,831,829,33.685,25.717,0.031,-0.0372,9.7525,0.09,0.1067,-0.1483
7545,824,832,33.657,25.63,0.0038,-0.023,9.7854,-0.1281,0.3523,-0.1116
7550,821,827,33.638,25.692,-0.0126,0.0738,9.86,-0.4094,0.5488,-1.0148
7555,808,830,33.622,25.709,-0.0201,0.1024,9.829,-0.2495,-0.5052,-0.6437
7560,789,827,33.74,25.636,-0.0409,0.0121,9.7795,0.0912,-0.0592,1.3202
7565,782,826,33.746,25.764,0.0249,0.032,9.8215,-0.1297,0.5736,-0.053
7570,784,829,33.693,25.69,-0.0353,0.006,9.8228,-0.1918,-0.3592,0.2759
7575,770,826,33.765,25.675,0.0472,-0.0239,9.9768,0.397,-0.5492,0.8042
7580,768,823,33.64,25.829,0.0923,-0.0302,9.7622,-0.6718,-0.5651,-0.7292
7585,757,817,33.773,25.719,0.033,-0.0273,9.8222,-0.2955,-0.2845,-0.4688
7590,761,826,33.696,25.724,-0.083,0.0136,9.8689,0.6041,0.1376,-0.4689
7595,756,826,33.704,25.598,0.0241,0.0011,9.7675,0.2984,-0.1192,0.6879
7600,751,818,33.656,25.72,-0.0159,0.0634,9.8576,0.1961,-0.1259,-0.2222
7605,747,821,33.741,25.627,-0.0434,-0.0172,9.7158,1.1363,0.557,-0.1701
7610,743,823,33.737,25.72,0.0083,-0.0365,9.8674,0.273,-0.0667,-0.6504
7615,752,825,33.594,25.623,-0.0234,-0.0047,9.887,-0.5255,0.7425,-0.4194
7620,745,825,33.687,25.767,0.0996,0.0148,9.7771,-0.2201,-0.3711,-0.6643
7625,744,820,33.697,25.703,0.0554,-0.045,9.7677,0.5073,0.2525,0.4398
7630,744,819,33.61,25.695,0.0411,0.0393,9.7368,-0.3088,-0.4237,-0.6434
7635,756,816,33.695,25.634,-0.0576,0.0157,9.7305,-0.1928,0.0373,0.164
7640,767,815,33.768,25.762,-0.0026,-0.0223,9.7164,-0.0342,-1.119,-0.4324
7645,759,811,33.649,25.733,-0.0204,-0.0127,9.8092,0.196,-0.3538,-0.1669
7650,763,822,33.662,25.719,-0.0029,0.0467,9.8034,0.3104,-0.235,0.416
7655,772,816,33.724,25.655,0.0598,0.0311,9.7726,-0.1841,-0.1288,0.0695
7660,781,813,33.649,25.674,-0.0216,0.0052,9.7571,-0.3393,0.1243,-0.2036
7665,780,810,33.591,25.725,-0.0785,0.0155,9.795,0.1366,-0.1113,0.1937
7670,803,816,33.657,25.71,0.0397,-0.0089,9.7515,-0.6412,0.4081,-0.1773
7675,802,811,33.603,25.779,-0.0345,-0.062,9.7578,-0.5758,-0.1752,0.5891
7680,816,809,33.625,25.735,0.034,-0.0752,9.9336,0.4698,-0.1939,-0.2449
7685,829,812,33.72,25.763,-0.0488,0.0354,9.8087,0.1044,-0.3401,-0.3828
7690,841,802,33.569,25.672,0.0171,-0.0764,9.9109,0.4741,0.878,0.8963
7695,848,803,33.722,25.721,0.0377,0.0387,9.7443,-0.3002,-0.8336,0.0543
7700,856,801,33.694,25.709,0.0838,-0.0172,9.8188,0.9943,-0.1083,0.3623
7705,880,800,33.714,25.687,-0.0244,-0.0332,9.7383,-0.3669,-0.5569,0.7609
7710,876,796,33.689,25.739,0.0573,-0.0797,9.9085,0.9235,0.6818,0.956
7715,900,802,33.711,25.676,0.0271,-0.1061,9.7537,0.5603,-1.0498,0.0043
7720,913,790,33.642,25.639,0.0383,0.0333,9.8382,-0.242,-0.3778,-0.2993
7725,919,796,33.667,25.76,-0.0322,-0.0455,9.8478,0.2516,0.5036,0.6752
7730,933,786,33.766,25.702,-0.0428,0.0161,9.7338,0.6674,-0.2587,0.4066
7735,953,786,33.698,25.783,-0.0606,0.0689,9.8052,0.2742,-0.4995,0.7063
7740,963,786,33.689,25.767,0.0305,-0.0196,9.8492,0.6446,-0.8212,0.7394
7745,984,777,33.706,25.704,0.0392,-0.0735,9.7968,0.7202,-0.4832,-0.251
7750,978,786,33.61,25.736,-0.0678,0.0431,9.7162,0.7615,-0.0412,-0.5581
7755,1004,784,33.711,25.846,0.0103,-0.0722,9.7999,-0.1527,-0.7795,-0.1466
7760,1026,773,33.736,25.754,0.0225,0.0484,9.9048,-0.3318,-0.8467,0.2634
7765,1036,772,33.611,25.669,-0.0189,0.016,9.7921,0.2655,-0.1364,0.5571
7770,1051,773,33.779,25.733,-0.0373,0.0135,9.8077,-0.024,1.0148,0.1319
7775,1064,768,33.629,25.739,-0.0259,-0.0733,9.8582,0.1343,-0.5573,0.1516
7780,1072,770,33.71,25.749,-0.0982,-0.0847,9.8574,-0.2692,-0.2464,0.1995
7785,1089,759,33.738,25.727,0.0196,0.0959,9.7355,0.2507,0.2446,0.4088
7790,1101,762,33.696,25.732,0.0271,-0.0441,9.8965,-0.0005,-0.4724,0.0482
7795,1106,760,33.688,25.733,-0.0028,0.0275,9.7402,-0.4838,0.5741,-0.2438
7800,1113,763,33.759,25.737,-0.013,0.0426,9.7903,0.3491,0.1027,0.3234
7805,1115,755,33.666,25.778,-0.0797,0.0059,9.7584,-0.4527,-0.3439,0.53
7810,1134,754,33.636,25.76,-0.0019,0.0295,9.8101,0.4299,-0.1258,0.2079
7815,1144,750,33.717,25.647,-0.0131,-0.033,9.688,0.8616,0.0411,0.02
7820,1149,751,33.707,25.716,-0.0448,-0.0715,9.7314,-0.8275,-0.0074,0.1933
7825,1159,745,33.724,25.686,-0.0462,-0.0122,9.8605,0.0393,1.028,-0.5233
7830,1162,744,33.648,25.758,-0.0719,-0.0536,9.7907,0.4504,0.1368,0.0989
7835,1162,741,33.774,25.682,0.0176,-0.0036,9.885,-0.2021,0.0047,-0.0546
7840,1166,744,33.694,25.703,-0.0225,0.0218,9.7874,-0.3406,0.1527,-0.0485
7845,1176,744,33.699,25.72,0.0387,-0.0413,9.8478,-0.4094,0.1142,0.1308
7850,1176,741,33.667,25.704,0.0216,0.0036,9.7218,0.3298,0.6383,-0.6246
7855,1187,736,33.722,25.732,-0.067,0.0391,9.9201,0.3971,0.4774,-0.4209
7860,1188,740,33.762,25.787,0.0973,-0.098,9.6992,-0.3571,0.5532,-0.1943
7865,1183,733,33.711,25.758,0.0129,0.0196,9.8008,-0.5181,0.0375,-0.327
7870,1170,734,33.675,25.734,0.0721,-0.012,9.7622,0.8245,0.3042,0.0997
7875,1184,740,33.736,25.793,0.0178,-0.0135,9.7757,0.4076,-0.057,-0.0275
7880,1183,738,33.665,25.746,0.0338,-0.0877,9.8949,-1.0364,0.3904,-0.4953
7885,1191,746,33.632,25.667,-0.0743,0.0493,9.861,0.2945,0.9768,-0.7187
7890,1186,739,33.702,25.722,-0.0313,0.0358,9.8276,0.8005,0.0566,-0.3659
7895,1180,735,33.651,25.706,0.0395,-0.0148,9.8948,-1.0492,-0.3911,1.3133
7900,1181,742,33.73,25.715,-0.0525,0.0199,9.7658,0.3122,0.6634,0.0688
7905,1185,740,33.657,25.739,0.0034,0.0588,9.6789,1.0233,-0.3919,-0.6125
7910,1182,745,33.714,25.663,0.0175,0.0274,9.7802,0.8625,-0.3271,0.23
7915,1181,747,33.593,25.744,0.0265,0.0755,9.7624,-0.0255,0.9833,0.3654
7920,1177,743,33.728,25.778,0.06,0.0086,9.8276,0.3931,0.5287,0.0194
7925,1175,749,33.7,25.723,0.0142,0.0923,9.8661,-0.9338,1.1697,-1.1446
7930,1165,761,33.627,25.722,-0.0565,0.0186,9.7875,-0.4706,1.1107,-0.8433
7935,1167,752,33.645,25.773,0.0141,0.0219,9.7777,-0.3209,-0.6869,-0.8699
7940,1165,755,33.662,25.724,-0.0001,0.019,9.797,0.1809,0.3989,-0.3923
7945,1158,761,33.704,25.689,-0.0378,-0.101,9.8726,0.4963,0.0675,-0.0305
7950,1159,761,33.624,25.681,-0.0848,-0.0092,9.7914,-0.6873,0.4634,-0.4269
7955,1142,762,33.713,25.6,-0.0552,0.0512,9.7715,-0.0259,0.4292,0.6863
7960,1146,771,33.739,25.781,0.0471,0.039,9.7224,0.1151,0.0657,-0.8931
7965,1148,770,33.648,25.682,0.0137,-0.0412,9.8361,-0.2519,0.2607,-0.6516
7970,1138,769,33.711,25.722,-0.1289,-0.1033,9.8886,-0.5561,0.523,0.305
7975,1136,775,33.646,25.687,0.0423,-0.0313,9.8387,-0.2789,-0.6127,-0.3598
7980,1134,775,33.569,25.685,-0.028,0.0044,9.8344,0.4957,-0.5681,0.4453
7985,1126,784,33.645,25.797,0.0128,0.0234,9.933,-0.3647,-0.4351,0.1681
7990,1124,786,33.625,25.705,-0.0409,0.0495,9.7862,0.049,-0.3982,0.0446
7995,1117,785,33.643,25.688,-0.0103,0.0074,9.7824,0.4217,-0.3344,-0.0098
8000,1115,793,33.772,25.789,0.0539,0.0607,9.8706,1.0794,0.0903,1.2484
8005,1110,797,33.656,25.736,0.0364,0.0208,9.8536,0.9266,-0.5493,-0.3885
8010,1118,800,33.61,25.8,-0.0176,0.0399,9.8572,-0.1773,0.2695,-0.5386
8015,1118,805,33.627,25.699,0.0489,-0.0295,9.8346,-0.7307,-0.1389,0.0319
8020,1104,801,33.645,25.757,-0.0664,-0.0067,9.7828,1.1283,-0.2638,0.2179
8025,1104,808,33.7,25.649,0.0334,-0.0386,9.7594,0.2148,0.4081,-0.338
8029,1099,814,33.734,25.722,0.0475,-0.1252,9.742,-0.4532,-0.4721,-0.6961
8035,1092,811,33.727,25.783,0.0412,-0.0299,9.8678,-0.4941,-1.1164,-1.0696
8039,1095,818,33.678,25.764,-0.0149,0.0203,9.7929,0.1013,0.1981,0.3345
8045,1097,813,33.723,25.681,-0.0263,-0.0421,9.7703,0.3568,0.4295,0.337
8050,1097,816,33.754,25.797,0.0384,-0.0185,9.6841,0.2637,0.5005,-0.0658
8055,1080,821,33.706,25.689,0.0068,-0.0824,9.8634,0.0894,0.1784,-0.2418
8060,1090,827,33.706,25.689,-0.0179,0.0671,9.8323,-0.5969,0.1009,-0.5199
8064,1091,832,33.68,25.78,0.0392,0.0742,9.8803,-0.426,-0.3948,0.4802
8070,1087,835,33.591,25.727,0.0012,-0.0071,9.8446,0.8823,0.0883,0.3055
8074,1083,831,33.692,25.702,0.0001,0.0374,9.8477,-0.3595,-0.3148,0.0511
8080,1077,831,33.698,25.633,0.0665,0.0396,9.8699,-0.154,-0.6471,0.237
8085,1073,835,33.566,25.717,0.0831,0.0227,9.8831,0.4637,0.3925,-0.937
8090,1070,837,33.696,25.81,-0.1052,0.0474,9.7714,-0.0649,-0.2221,0.1375
8095,1070,845,33.584,25.753,-0.0303,-0.0775,9.7203,-0.2158,0.5581,-0.0282
8100,1059,843,33.654,25.785,0.0743,0.0073,9.7745,-0.2888,-0.3315,0.2317
8105,1054,842,33.691,25.783,-0.084,-0.1096,9.7887,-0.2013,-0.0756,-0.8431
8109,1055,843,33.732,25.758,-0.0586,0.0469,9.8674,-0.8793,0.3866,0.2948
8115,1054,848,33.707,25.724,0.0088,0.0267,9.8032,-0.2341,-0.574,-0.4891
8119,1041,850,33.678,25.714,-0.085,-0.0159,9.7763,-0.3832,0.0888,0.0272
8125,1035,847,33.676,25.757,-0.0257,0.0236,9.743,0.1649,-0.3654,-0.0678
8130,1033,845,33.667,25.637,-0.0187,0.0856,9.8259,0.5476,-0.7089,0.768
8135,1025,841,33.737,25.703,-0.0207,0.0565,9.8183,-0.0048,0.096,0.5887
8140,1014,846,33.712,25.787,-0.0737,-0.0977,9.8227,0.5856,-0.6643,0.3036
8145,1018,848,33.663,25.809,0.049,0.0821,9.8324,-0.168,-0.7397,0.5794
8150,1013,847,33.639,25.751,-0.0044,0.0302,9.8807,-0.2666,0.669,-0.1509
8154,994,848,33.66,25.77,0.0007,0.062,9.7485,0.2546,0.7744,0.5302
8160,991,844,33.678,25.791,0.0911,0.007,9.8146,0.3639,-0.5502,0.6963
8164,969,850,33.67,25.682,-0.1427,-0.1416,9.8437,0.8379,-0.3244,0.9327
8170,971,841,33.693,25.716,0.0362,0.074,9.7829,0.2656,0.1382,0.4713
8175,961,837,33.691,25.791,-0.0677,0.059,9.8209,0.4486,0.194,0.1174
8180,959,845,33.668,25.747,-0.0106,-0.0653,9.8844,1.0971,-0.2188,1.3498
8185,947,837,33.683,25.634,-0.0502,-0.0872,9.7986,0.1825,0.2713,-0.2632
8189,937,838,33.648,25.734,0.0018,0.0939,9.8687,0.7187,0.6682,1.2996
8195,946,844,33.713,25.728,0.1383,0.0439,9.8082,-0.6127,-1.2105,-0.1048
8200,925,840,33.656,25.645,0.0908,0.0143,9.6856,0.0709,-0.6927,0.4178
8205,914,837,33.757,25.795,-0.0271,0.0182,9.8519,-1.6451,0.9112,-0.0163
8210,897,834,33.777,25.708,-0.0302,0.0399,9.7833,1.1862,-0.5271,0.3853
8215,886,836,33.662,25.779,0.0497,0.0669,9.7436,0.48,-0.9405,0.1388
8220,883,838,33.635,25.759,-0.0346,0.0027,9.856,-0.6222,0.1867,0.1188
8225,875,831,33.676,25.7,-0.0419,0.0159,9.8386,-0.1244,0.0769,0.1333
8230,863,831,33.653,25.791,0.0527,-0.0301,9.8433,-0.8646,0.1934,0.1931
8235,856,828,33.643,25.727,0.0479,-0.0254,9.8363,-0.1535,-0.0554,-0.0699
8240,843,823,33.659,25.698,0.0246,-0.0528,9.811,-0.9271,-0.4297,-0.0937
8245,833,829,33.69,25.714,-0.003,-0.0254,9.8505,0.0359,-0.4976,-0.7753
8250,820,830,33.664,25.724,0.0639,0.0015,9.7862,-0.9199,-0.4205,-0.3822
8255,816,831,33.583,25.647,0.0292,-0.0845,9.8145,-0.0165,0.8539,-0.0525
8260,798,827,33.616,25.775,-0.0126,-0.0167,9.7977,0.0044,0.3248,0.2739
8265,801,827,33.761,25.773,0.0357,-0.0379,9.806,0.0868,0.2207,-0.0679
8270,782,827,33.702,25.772,-0.0222,0.0966,9.8723,-0.0914,0.0987,-0.7268
8275,789,828,33.714,25.776,0.0491,0.0108,9.7023,0.2627,-1.1315,-0.5344
8280,778,824,33.701,25.717,-0.0166,0.0324,9.7662,0.3026,0.3282,-1.1325
8285,770,819,33.761,25.719,0.0336,-0.0507,9.9388,0.2432,-0.2885,-0.6526
8290,757,822,33.795,25.807,-0.05,0.0851,9.8097,1.1311,0.1056,-0.022
8295,753,824,33.622,25.782,0.0393,0.0174,9.8831,-0.0683,-1.0314,0.5703
8300,752,825,33.656,25.681,-0.0895,0.0071,9.8458,0.612,-0.0556,-0.2239
8305,754,819,33.686,25.701,-0.0055,0.0752,9.8109,-0.4998,0.095,0.6165
8310,743,825,33.636,25.722,0.0095,0.0402,9.8806,0.4234,-0.3216,0.6785
8315,741,824,33.64,25.722,-0.065,-0.0224,9.8503,1.0029,-0.0338,0.0812
8320,748,821,33.61,25.718,0.0886,-0.0102,9.7612,0.4115,-0.0202,0.3394
8325,753,822,33.697,25.677,0.0196,-0.0348,9.786,0.002,0.2084,-0.3945
8330,748,817,33.685,25.719,-0.0036,-0.0927,9.7634,0.4522,-0.0729,0.5232
8335,753,817,33.631,25.717,-0.07,-0.0791,9.8793,-0.1816,-0.1029,-0.8787
8340,760,817,33.656,25.602,-0.0738,0.0621,9.785,-0.2114,0.4847,-0.1665
8345,758,819,33.672,25.68,-0.0548,-0.0377,9.7341,-0.7242,-0.4282,0.401
8350,767,820,33.689,25.691,0.048,-0.0021,9.8028,-0.3077,-0.7172,0.3275
8355,762,813,33.626,25.661,0.0253,0.001,9.9176,-0.4214,0.0183,0.3039
8360,773,815,33.689,25.862,0.0799,-0.0789,9.8125,0.5875,1.2992,-0.1483
8365,780,813,33.738,25.658,-0.0129,0.063,9.766,-1.0145,-0.19,0.2577
8370,782,815,33.661,25.807,-0.1281,0.0029,9.7879,0.1467,0.3128,0.1661
8375,798,813,33.712,25.695,0.0476,0.0104,9.7943,-0.5897,0.1424,-0.554
8380,796,813,33.688,25.757,0.0001,-0.0649,9.8109,0.276,-0.4361,0.0107
8385,813,816,33.711,25.703,-0.0241,-0.0212,9.8226,0.4924,-0.2682,0.0973
8390,831,812,33.686,25.779,0.0431,-0.0494,9.7544,-0.1375,0.0496,0.3464
8395,841,802,33.693,25.784,0.0177,0.0829,9.7634,0.394,0.3352,-0.3618
8400,841,809,33.786,25.669,-0.022,-0.044,9.849,-0.0595,0.0793,0.9672
8405,861,805,33.614,25.773,-0.0699,0.0394,9.8551,-0.0511,-0.8411,-0.3037
8410,868,803,33.716,25.666,0.0045,0.0379,9.7106,0.1814,-1.034,0.1804
8415,887,799,33.665,25.672,-0.0196,-0.0061,9.7926,-0.2263,-0.6724,-0.7583
8420,899,799,33.688,25.675,-0.1123,0.0029,9.8683,-0.6648,-0.1004,-0.3977
8425,907,789,33.743,25.679,-0.0004,0.0158,9.8412,0.3016,0.6869,0.6204
8430,925,792,33.7,25.728,-0.0348,-0.0047,9.7903,-0.263,-0.7832,0.6833
8435,938,786,33.66,25.684,-0.0365,0.0319,9.7001,-0.6242,0.3349,-0.0194
8440,950,784,33.67,25.69,-0.0107,0.0402,9.7772,0.1674,0.0317,-1.1999
8445,962,784,33.645,25.739,-0.0038,-0.0039,9.898,0.0003,-0.0627,-0.1388
8450,971,790,33.711,25.656,-0.046,-0.0049,9.7943,0.7223,-0.2085,-0.4109
8455,982,782,33.603,25.698,-0.0454,0.0027,9.7567,-0.5723,-0.523,-0.0395
8460,1003,784,33.616,25.784,-0.0416,0.002,9.721,-0.531,0.2524,0.6815
8465,1019,779,33.689,25.733,0.091,0.0434,9.8832,0.3685,0.326,-0.0821
8470,1032,768,33.727,25.742,-0.1166,-0.0046,9.7902,-0.0041,-0.1435,0.4555
8475,1036,768,33.674,25.667,-0.0799,-0.0292,9.7811,0.3569,-0.0956,0.7242
8480,1054,772,33.678,25.781,0.0041,0.0064,9.8034,0.1057,-0.1746,0.6757
8485,1063,764,33.722,25.708,0.0569,0.0471,9.7853,-0.058,-0.7014,0.5865
8490,1080,767,33.673,25.751,0.0278,0.0359,9.7822,0.8873,0.3491,-0.474
8495,1082,756,33.732,25.762,-0.0595,-0.04,9.771,1.0811,-0.165,-0.1459
8500,1091,761,33.675,25.748,-0.0055,-0.0425,9.8159,0.6063,-0.3696,1.2235
8505,1115,757,33.707,25.709,-0.0967,-0.0273,9.7863,0.4922,0.0321,-0.2163
8510,1131,754,33.676,25.677,0.0355,0.0127,9.8338,0.0927,1.0401,0.5158
8515,1132,752,33.665,25.765,-0.025,0.0105,9.7585,-0.3141,-0.2616,0.4733
8520,1135,746,33.657,25.724,0.0132,-0.016,9.7832,-0.6876,0.3196,-0.687
8525,1146,752,33.714,25.753,-0.0406,0.0199,9.7862,-0.1644,-0.5716,0.0148
8530,1155,749,33.698,25.732,-0.0141,-0.0213,9.7678,0.3817,0.1112,-0.4907
8535,1156,746,33.707,25.744,0.0287,0.0081,9.794,0.3356,0.0034,0.6747
8540,1170,747,33.693,25.796,0.0225,0.0412,9.8645,-1.033,-0.0381,0.7174
8545,1168,742,33.652,25.733,-0.0201,0.0036,9.788,-0.5774,0.5329,0.6766
8550,1180,737,33.608,25.731,-0.076,0.0658,9.7768,-1.1107,0.273,0.3972
8555,1173,744,33.704,25.723,-0.0101,-0.012,9.8285,-0.1262,0.2762,-0.8141
8560,1176,746,33.69,25.732,-0.1123,0.1136,9.7892,0.2474,-0.4457,-0.315
8565,1189,741,33.735,25.765,-0.0276,-0.0461,9.7452,0.4791,-1.1461,0.3108
8570,1185,738,33.697,25.795,-0.0123,-0.0423,9.7683,-0.3466,-0.1529,-0.4399
8575,1177,737,33.721,25.768,-0.0238,0.0481,9.8997,-0.4818,-0.4318,0.9988
8580,1191,738,33.656,25.707,0.0576,-0.0446,9.7916,0.401,1.1283,-0.3731
8585,1192,740,33.693,25.792,-0.0676,0.1391,9.7514,0.0114,-0.3511,0.3937
8590,1194,733,33.748,25.684,0.0157,-0.0456,9.8498,1.2497,0.5897,0.7631
8595,1194,739,33.656,25.639,-0.0016,0.0632,9.7575,0.6938,-0.0255,-0.2109
8600,1187,739,33.727,25.735,-0.0325,-0.0011,9.9613,-0.3712,0.4118,-0.4609
8605,1189,743,33.693,25.754,-0.021,-0.0866,9.8834,-0.3101,-0.1237,-0.785
8610,1180,746,33.71,25.725,-0.0388,-0.11,9.788,-0.518,0.0966,0.6809
8615,1174,743,33.69,25.684,0.0158,-0.019,9.8114,-0.7135,0.5766,0.382
8620,1180,745,33.73,25.769,-0.0114,-0.0172,9.7435,-0.5441,0.1113,0.1086
8625,1179,744,33.678,25.702,0.0476,0.0885,9.8122,-0.0976,0.6382,0.148
8630,1178,753,33.659,25.811,0.0686,0.0009,9.8178,-0.0908,0.2363,0.1176
8635,1166,749,33.621,25.749,0.0923,0.0105,9.7726,-1.3623,-0.2708,0.0686
8640,1164,747,33.649,25.757,-0.0031,-0.0725,9.8478,-0.3088,-0.8757,-0.4753
8645,1158,753,33.62,25.689,-0.03,-0.0615,9.8473,0.2667,0.8041,0.0684
8650,1164,757,33.75,25.673,-0.1201,0.0381,9.8404,0.9281,0.3435,0.2281
8655,1147,761,33.637,25.693,0.0323,-0.049,9.8396,0.4195,-0.1435,-0.7459
8660,1152,765,33.767,25.729,-0.0183,0.0585,9.7899,-0.2076,-1.1794,0.1163
8665,1144,765,33.783,25.747,-0.0245,0.0054,9.7824,-0.7825,0.1041,0.753
8670,1142,772,33.636,25.748,0.0099,-0.0241,9.7507,0.2741,-0.818,-0.5776
8675,1134,776,33.657,25.729,0.0018,-0.0156,9.7496,-0.4387,-0.0103,-0.4588
8680,1136,778,33.748,25.804,0.0184,0.0099,9.839,0.3442,-0.4376,-0.783
8685,1134,779,33.651,25.772,-0.0325,0.0238,9.8038,0.1751,-0.559,1.6858
8690,1127,780,33.597,25.729,0.0473,-0.021,9.7625,-0.0711,-0.33,0.6286
8695,1125,782,33.669,25.65,0.0038,-0.0056,9.7447,0.0243,0.6592,-0.3663
8700,1114,789,33.684,25.733,-0.1011,0.0559,9.8307,0.5446,0.7034,-0.8639
8705,1124,792,33.685,25.713,-0.0464,-0.0199,9.8751,-0.6673,-0.523,0.2936
8710,1116,796,33.637,25.761,0.0056,-0.1383,9.7912,-0.0809,0.5397,-0.3214
8715,1116,799,33.683,25.687,0.0257,0.0292,9.8398,-0.4386,-0.7005,0.1817
8720,1122,801,33.744,25.762,-0.0561,-0.0172,9.8193,0.2471,-0.0096,0.1261
8725,1097,800,33.637,25.663,-0.0278,-0.053,9.7874,0.0814,0.6889,-0.6758
8730,1097,805,33.691,25.793,0.0326,0.0208,9.8333,0.2131,0.6989,-0.9267
8735,1099,810,33.613,25.787,0.0238,-0.0157,9.7686,-0.0776,0.1544,-0.3754
8740,1093,816,33.621,25.731,0.041,0.0574,9.8609,0.8525,-0.4779,-0.5781
8745,1096,813,33.742,25.722,0.0586,0.0499,9.811,-0.5082,-0.612,-0.1667
8750,1092,821,33.764,25.764,-0.0286,-0.0477,9.8068,0.88,0.4573,-0.1089
8755,1091,821,33.716,25.743,-0.0012,0.0649,9.8913,-0.4333,0.1926,-0.3308
8760,1088,820,33.704,25.813,-0.056,0.0125,9.7846,-0.2297,0.1017,0.838
8765,1083,825,33.649,25.749,0.0256,0.0514,9.7379,0.3022,-0.2746,0.003
8770,1073,830,33.784,25.779,-0.0497,-0.0088,9.7737,-0.6253,-0.1371,-0.0536
8775,1073,834,33.665,25.675,-0.0454,-0.0151,9.8642,-0.3517,-0.3499,-0.12
8780,1080,837,33.716,25.67,-0.0193,0.0334,9.757,-0.2197,0.5543,0.1725
8785,1073,835,33.629,25.62,0.0085,0.0086,9.8342,0.7307,0.3707,0.6113
8790,1076,836,33.8,25.808,-0.0459,0.0059,9.8207,-0.4369,0.5063,0.6283
8795,1066,841,33.713,25.801,-0.0045,-0.0083,9.8315,0.055,0.4284,-0.5211
8800,1062,843,33.734,25.73,0.0454,-0.1009,9.7266,-0.1632,-0.6829,0.0986
8805,1062,838,33.682,25.769,-0.0412,-0.0381,9.8688,-0.2702,-0.2949,1.0104
8810,1052,847,33.731,25.72,0.054,-0.0371,9.8385,-0.5452,0.9127,-0.4548
8815,1048,844,33.714,25.708,-0.0872,0.0647,9.7917,-0.7845,0.3032,0.5839
8820,1057,847,33.799,25.684,-0.015,-0.0503,9.7645,0.0035,0.9263,0.2342
8825,1048,839,33.674,25.78,0.0315,0.0421,9.8221,0.6555,0.6323,-0.422
8830,1048,848,33.634,25.715,0.0135,-0.0525,9.8447,0.7059,-0.5003,-0.2688
8835,1038,845,33.653,25.726,0.0625,-0.0303,9.8718,0.2422,-0.7652,0.4183
8840,1024,838,33.662,25.648,0.013,0.0373,9.8519,0.5707,0.3128,-0.6058
8845,1021,844,33.71,25.678,0.0695,0.0494,9.8543,-0.0562,0.0771,0.3533
8850,1012,849,33.735,25.689,-0.1088,-0.0374,9.8225,-0.2052,-0.1306,-0.0614
8855,1012,843,33.677,25.774,-0.0584,0.0317,9.7376,0.087,-0.4425,0.5803
8860,1006,850,33.684,25.705,0.1162,0.0066,9.8685,-0.3018,0.3598,0.603
8865,993,842,33.621,25.67,0.0167,-0.0489,9.9078,0.1324,-0.3104,0.3979
8870,990,841,33.674,25.788,-0.0131,-0.0417,9.7578,0.983,0.7485,0.383
8875,974,841,33.671,25.81,0.0605,0.0096,9.8838,0.3719,-0.4495,0.2487
8880,968,844,33.648,25.592,-0.0872,0.0533,9.875,0.5277,0.2326,-0.3547
8885,960,845,33.681,25.667,-0.0449,0.0571,9.7705,0.4483,0.6043,0.0929
8890,956,837,33.733,25.772,0.0574,-0.0516,9.798,-0.2873,-0.8656,-0.2803
8895,952,843,33.652,25.676,-0.0076,-0.0195,9.8933,-0.4498,-0.7115,-0.4567
8900,920,832,33.694,25.661,0.0557,-0.0378,9.8278,-0.084,0.402,-0.5161
8905,924,836,33.74,25.695,-0.0178,-0.034,9.7613,0.3185,0.3642,-0.0863
8910,912,841,33.641,25.754,0.024,-0.0228,9.7649,0.334,0.0959,-0.0922
8915,906,841,33.708,25.771,0.0359,0.0214,9.8529,0.1177,0.3253,-0.4499
8920,891,832,33.606,25.723,0.0199,0.0012,9.7892,0.5948,-0.5068,0.1316
8925,884,838,33.652,25.662,0.0347,-0.0381,9.7882,0.1897,-1.0459,0.3533
8930,869,834,33.697,25.672,0.0482,-0.0187,9.788,-0.4974,0.1994,-0.3924
8935,856,830,33.728,25.704,0.1296,-0.0041,9.7036,-0.3742,-0.032,-0.4077
8940,850,831,33.57,25.657,0.0063,0.0827,9.8084,-0.1177,-0.8919,-0.2141
8945,843,831,33.69,25.683,0.0081,-0.0585,9.768,0.6865,0.0508,-0.058
8950,826,826,33.722,25.653,-0.0281,-0.0366,9.8117,-0.138,0.2023,-0.0399
8955,819,826,33.734,25.785,0.0157,-0.1021,9.7583,-0.5687,-0.2953,0.1239
8960,821,830,33.731,25.692,-0.0714,-0.0356,9.767,-0.2907,0.4632,-1.0682
8965,805,830,33.659,25.722,0.0233,0.057,9.7374,0.077,0.6309,0.033
8970,793,825,33.654,25.808,-0.0451,-0.0694,9.9076,-1.2228,0.4038,0.1608
8975,783,830,33.659,25.715,-0.0388,-0.005,9.6747,0.5335,-0.1834,0.0849
8980,783,827,33.671,25.816,0.0417,-0.0439,9.8058,-0.8939,0.3478,0.7314
8985,776,826,33.756,25.699,0.0897,0.0498,9.7773,0.6861,0.4235,0.3783
8990,774,820,33.682,25.706,-0.1366,-0.0287,9.7948,-0.0051,-0.281,-0.0394
8995,760,826,33.617,25.688,-0.0162,0.0184,9.7914,-0.1378,0.7996,-0.0029
9000,763,824,33.6,25.801,0.0014,0.0327,9.8297,-0.5533,-0.226,-0.6907
9005,763,824,33.757,25.722,0.0294,0.0124,9.7883,0.1016,1.1218,-0.1378
9010,750,826,33.68,25.593,-0.0064,0.145,9.8178,-0.0891,0.1236,-0.2464
9015,748,828,33.637,25.691,-0.0177,-0.0319,9.838,0.1972,0.6289,0.0936
9020,747,817,33.639,25.756,-0.1046,0.0001,9.8073,-0.7241,-0.2138,0.0252
9025,743,821,33.716,25.699,0.0457,-0.0881,9.8539,-0.6146,-0.3274,-1.1217
9030,741,817,33.63,25.641,-0.0621,-0.0131,9.7731,0.3533,0.9169,-0.6635
9035,756,818,33.727,25.786,-0.0298,-0.0064,9.7798,-0.939,0.3697,0.3144
9040,750,822,33.624,25.81,-0.028,0.0567,9.8544,-0.1876,-0.1391,0.1944
9045,762,821,33.682,25.748,0.0415,0.0361,9.8412,0.1766,0.4021,-0.2658
9050,759,822,33.697,25.78,-0.0623,0.0233,9.8462,0.5699,0.4508,-0.2187
9055,757,816,33.736,25.794,0.0061,-0.0038,9.7767,-0.3207,0.5737,0.5232
9060,763,815,33.65,25.772,0.0092,0.0534,9.8896,-0.1094,0.6215,-0.1238
9065,769,818,33.685,25.665,-0.1125,0.0226,9.8133,-0.4447,-0.8787,-0.572
9070,769,814,33.728,25.746,0.0193,-0.1414,9.8463,0.54,0.116,0.2927
9075,787,820,33.709,25.702,-0.0848,-0.0093,9.8101,-0.3809,0.7879,-0.7508
9080,797,814,33.649,25.632,-0.0225,0.0265,9.8256,-0.0923,0.1646,-0.8822
9085,801,813,33.758,25.76,0.0914,0.0402,9.8811,-0.056,0.4239,-0.6831
9090,810,809,33.682,25.706,-0.0063,-0.006,9.8192,-0.467,0.4337,0.441
9095,823,804,33.682,25.763,-0.0035,-0.0213,9.7123,0.0312,-0.8089,0.6071
9100,827,801,33.592,25.758,0.0554,-0.0076,9.7688,0.7041,-0.2511,0.2666
9105,850,804,33.762,25.729,-0.1178,-0.0065,9.7823,-0.2016,-0.9567,0.6586
9110,848,809,33.665,25.698,-0.0066,-0.0742,9.7609,-0.2044,-0.1273,0.0298
9115,861,800,33.669,25.702,-0.1099,-0.0346,9.738,-0.3924,0.604,0.8093
9120,880,802,33.574,25.668,-0.0112,0.0057,9.8196,0.0437,-0.5796,-0.0334
9125,896,795,33.696,25.787,-0.0637,0.052,9.7768,0.8051,-0.1771,-0.7986
9130,901,789,33.683,25.778,-0.0211,0.0259,9.7792,-0.2262,-0.7702,1.0063
9135,913,789,33.73,25.692,0.0705,-0.0947,9.853,0.1817,0.8783,0.3858
9140,938,788,33.678,25.709,-0.0342,0.0056,9.8019,0.8013,-0.1465,0.2914
9145,940,790,33.709,25.738,-0.0231,0.0456,9.7806,0.8835,0.5783,-0.2848
9150,958,787,33.696,25.779,-0.0706,0.0199,9.785,0.1025,0.0312,0.4916
9155,969,787,33.668,25.704,-0.0686,0.025,9.7985,0.4194,0.285,-1.6052
9160,983,785,33.623,25.625,0.0852,0.0326,9.7711,-0.2517,-0.5207,-0.5962
9165,995,781,33.727,25.733,-0.0046,0.0521,9.8332,0.3183,-0.4302,-0.0778
9170,1010,783,33.719,25.722,0.0276,-0.0517,9.8835,0.1242,0.0107,1.0452
9175,1028,774,33.708,25.682,-0.0003,0.001,9.8493,-0.8292,0.1567,-0.2071
9180,1035,775,33.77,25.696,-0.0311,-0.1034,9.8104,-0.6095,0.2746,0.1762
9185,1058,772,33.688,25.681,0.0044,-0.0482,9.8048,-0.3551,-1.3322,0.306
9190,1062,769,33.661,25.664,0.0275,0.0018,9.8217,1.2166,-0.3305,-0.2935
9195,1071,767,33.715,25.828,0.0148,0.0173,9.8448,0.7252,-0.8746,0.7485
9200,1088,753,33.782,25.92,0.0224,0.0088,9.8484,0.0111,0.0274,0.3467
9205,1092,762,33.638,25.722,0.0434,0.0475,9.77,0.0504,-0.5147,-0.0775
9210,1110,759,33.764,25.575,-0.0025,0.0701,9.8928,-0.1911,0.0489,-0.3468
9215,1115,757,33.658,25.747,-0.0082,0.0736,9.7472,0.1753,-0.1331,0.9492
9220,1132,753,33.627,25.754,-0.1175,0.0723,9.8195,-0.1365,0.182,0.1349
9225,1137,749,33.713,25.662,0.0382,0.0381,9.8462,0.3122,-0.843,-0.0432
9230,1146,752,33.703,25.742,-0.0177,0.0096,9.8441,0.4156,0.526,-0.0698
9235,1159,747,33.794,25.764,-0.0157,0.012,9.8656,-0.3766,-0.4117,-0.4905
9240,1161,746,33.73,25.746,0.0146,-0.0139,9.8535,0.2232,0.6574,0.7821
9245,1167,748,33.674,25.762,0.0277,0.0604,9.8897,-0.0517,0.3898,-0.5503
9250,1161,744,33.615,25.824,-0.0234,-0.0316,9.8127,0.6015,0.7701,0.2872
9255,1170,742,33.652,25.761,0.0089,0.0276,9.8403,-0.0106,-0.5354,-0.0763
9260,1179,739,33.767,25.81,0.0322,0.0331,9.8387,0.4199,-0.767,-0.079
9265,1187,744,33.692,25.619,-0.0106,-0.0143,9.8135,-0.6261,0.163,1.1955
9270,1180,738,33.63,25.743,0.0558,-0.1254,9.7694,-0.3222,0.5907,0.5047
9275,1191,742,33.694,25.697,-0.0319,0.0038,9.7607,-0.2679,-0.3101,-0.5971
9280,1190,742,33.605,25.73,-0.0468,0.0256,9.8288,1.0098,-0.4245,-0.2986
9285,1175,739,33.652,25.738,0.0204,0.032,9.8489,-0.1525,-0.4901,-0.4685
9290,1188,740,33.642,25.837,0.0103,-0.0582,9.8206,-0.7568,-0.2769,-1.0154
9295,1183,733,33.719,25.715,-0.104,0.0766,9.8217,0.3521,-0.1694,0.3022
9300,1177,742,33.719,25.665,-0.0414,-0.0013,9.8886,-0.4445,-0.4802,-0.2514
9305,1189,741,33.71,25.75,0.0352,-0.0285,9.8327,-0.0319,-0.4088,-0.6165
9310,1189,744,33.652,25.718,0.0078,0.066,9.7941,-0.0151,-0.114,-0.5801
9315,1191,737,33.678,25.767,0.1368,0.0369,9.8353,0.552,0.2285,0.1422
9320,1182,743,33.664,25.84,0.0028,0.0659,9.8648,-0.0054,-0.3082,0.0107
9325,1176,748,33.704,25.69,-0.0667,0.0371,9.749,-0.6255,0.0662,0.1127
9330,1174,742,33.708,25.622,-0.0367,0.0597,9.7849,-0.2955,0.0142,-1.8115
9335,1173,750,33.658,25.719,0.0053,-0.0809,9.8265,-0.0265,0.1297,-0.4355
9340,1162,749,33.76,25.706,-0.095,-0.0596,9.7451,0.6124,-0.1738,0.2112
9345,1166,750,33.609,25.657,0.0417,-0.0223,9.8494,0.0986,-0.896,0.0455
9350,1173,756,33.608,25.675,-0.0854,0.0211,9.9092,-0.4389,-0.2978,-0.4669
9355,1158,755,33.635,25.668,-0.0143,0.0068,9.8288,-0.8782,0.5349,-1.0238
9360,1162,759,33.677,25.742,0.0293,0.0474,9.7,-0.03,0.6851,0.1165
9365,1150,764,33.715,25.824,0.043,-0.0032,9.8715,-0.1697,0.7657,0.0338
9370,1153,761,33.762,25.666,-0.0421,-0.0788,9.8456,0.6967,0.0678,-0.0244
9375,1139,772,33.671,25.756,0.0499,-0.0454,9.8553,0.2087,0.5638,-0.247
9380,1135,777,33.557,25.816,-0.0152,0.0383,9.7977,-0.3247,0.6398,-0.2356
9385,1136,774,33.716,25.853,-0.0088,0.1276,9.8148,0.5282,0.232,0.5015
9390,1131,780,33.696,25.789,0.0046,-0.0505,9.8304,0.8906,0.3554,0.0226
9395,1136,779,33.656,25.757,-0.0399,0.0533,9.8436,-0.1579,-0.3318,-0.2083
9400,1121,782,33.634,25.705,0.07,0.0539,9.8056,-0.2177,0.5373,0.5269
9405,1128,786,33.684,25.699,-0.0535,0.0506,9.7665,-0.0511,-0.0098,0.874
9410,1113,795,33.712,25.743,-0.0551,0.0961,9.963,-0.1393,-0.4221,0.015
9415,1120,800,33.7,25.672,-0.059,0.0313,9.7511,0.0397,1.148,0.6297
9420,1116,802,33.725,25.707,0.0072,0.0309,9.8938,-0.1158,0.7019,-0.4987
9425,1110,802,33.789,25.742,-0.0172,0.0008,9.8249,0.0112,-0.2331,0.045
9430,1100,801,33.601,25.775,0.0254,-0.0298,9.7953,-0.0496,0.622,0.6091
9435,1100,804,33.657,25.753,-0.0025,0.0253,9.7294,0.5224,-0.1249,-0.225
9440,1102,808,33.744,25.789,-0.049,-0.0455,9.8354,0.4195,-0.7789,-0.2319
9445,1104,814,33.701,25.715,-0.0069,-0.0748,9.8641,0.1953,0.7458,-0.6267
9450,1094,819,33.66,25.664,-0.0191,0.0145,9.8499,0.2989,0.3975,0.6903
9455,1108,822,33.661,25.798,0.0292,0.0112,9.8446,-0.4263,-0.1976,-0.0508
9460,1089,822,33.682,25.703,-0.0154,0.008,9.8419,1.0466,-0.7364,0.7025
9465,1096,820,33.704,25.659,0.0365,0.0035,9.8949,-0.0157,-0.808,-0.2225
9470,1093,829,33.708,25.685,0.0396,-0.0274,9.7032,-0.2606,0.7971,-0.4218
9475,1087,836,33.634,25.675,-0.05,0.0609,9.7724,-0.3432,-0.4809,0.7279
9480,1080,832,33.683,25.721,-0.012,-0.0286,9.7872,-0.8074,-0.341,-0.0281
9485,1086,831,33.76,25.696,0.0679,0.0623,9.8463,-0.8316,-0.4558,1.0695
9490,1082,834,33.652,25.786,0.0109,-0.0455,9.8844,-0.1483,0.3898,-0.8991
9495,1071,839,33.671,25.696,0.026,0.0033,9.849,-0.3249,0.441,0.3808
9500,1071,838,33.718,25.673,-0.0065,-0.0099,9.8587,-0.1833,0.0991,0.4457
9505,1072,843,33.726,25.711,-0.0753,-0.0316,9.7526,0.2208,-0.3102,0.2964
9510,1069,841,33.646,25.724,0.0984,0.0118,9.7831,-0.6972,-0.9672,-0.3292
9515,1063,839,33.737,25.682,-0.0571,0.0152,9.8939,-0.068,-0.8172,-0.7843
9520,1057,835,33.663,25.777,-0.093,0.0306,9.8819,-0.1101,-0.1865,-0.5545
9525,1059,842,33.619,25.787,-0.044,-0.0376,9.7848,0.0842,0.8387,-0.1081
9530,1047,851,33.601,25.667,-0.0207,0.0207,9.7728,-0.3702,-0.5161,0.1128
9535,1046,843,33.612,25.804,0.0712,-0.0673,9.8735,-0.0202,-0.5068,-0.3399
9540,1040,843,33.696,25.639,-0.0931,0.0138,9.8094,0.3464,0.3314,0.7061
9545,1034,842,33.696,25.663,-0.0405,0.0312,9.9321,-1.3245,0.3702,-0.6312
9550,1019,846,33.724,25.764,0.0065,0.005,9.8579,0.6248,-0.2274,0.5343
9555,1021,848,33.774,25.73,-0.0703,-0.0463,9.7536,0.3748,0.7641,0.6711
9560,1005,846,33.667,25.641,-0.0021,-0.0158,9.8229,0.0447,0.3541,0.2385
9565,1005,846,33.646,25.62,-0.0296,0.0778,9.8484,0.277,1.0856,0.2832
9570,998,848,33.756,25.793,-0.0075,-0.0157,9.7968,0.345,-0.2115,1.4423
9575,976,842,33.621,25.735,0.0805,-0.0314,9.7908,-0.7255,0.5636,-0.0739
9580,989,841,33.694,25.72,-0.0172,-0.0827,9.8002,0.0014,-0.5237,0.5015
9585,977,845,33.685,25.826,0.0054,-0.0473,9.8083,0.0776,-0.4733,-0.1258
9590,960,840,33.652,25.706,-0.0121,0.0029,9.8249,-0.5164,-0.0026,0.0371
9595,957,842,33.626,25.809,-0.076,0.1166,9.8406,-0.224,0.9208,-0.6241
9600,943,837,33.646,25.747,0.0209,0.0735,9.782,-0.0077,0.471,0.9578
9605,936,843,33.692,25.704,-0.101,0.001,9.6889,0.9125,0.3587,0.5069
9610,926,838,33.743,25.71,-0.0024,0.0875,9.7996,-0.644,0.2496,-0.1934
9615,916,836,33.72,25.75,-0.0552,0.0287,9.7236,0.1236,0.3118,-0.2338
9620,909,839,33.692,25.741,-0.0644,-0.0592,9.7686,0.523,-0.5378,0.3024
9625,897,835,33.732,25.746,0.0176,-0.0687,9.7842,0.3581,-0.4856,-0.6602
9630,890,834,33.651,25.71,-0.01,-0.0766,9.8469,0.0135,0.0605,-0.2342
9635,874,835,33.745,25.802,-0.0392,-0.0113,9.699,-0.0811,-0.7664,0.1421
9640,859,828,33.709,25.664,0.0338,-0.0119,9.8295,0.0382,-0.3142,-0.5949
9645,851,829,33.632,25.765,-0.0039,0.0597,9.7359,1.0241,0.3045,-0.5301
9650,853,833,33.646,25.754,0.022,-0.0085,9.8558,0.0899,0.2071,0.3008
9655,830,829,33.67,25.703,0.0056,-0.0165,9.7135,-0.3121,-0.2246,0.3097
9660,830,831,33.641,25.668,0.044,0.0065,9.8476,-0.3638,0.0828,0.2946
9665,819,830,33.77,25.694,0.002,-0.0018,9.7584,-0.1163,-0.7208,-0.1381
9670,814,826,33.756,25.747,0.0336,0.0714,9.8773,0.2095,0.385,-0.2417
9675,806,830,33.666,25.731,-0.0825,-0.0251,9.7464,0.8655,0.3947,0.1118
9680,799,826,33.664,25.732,-0.0391,0.0393,9.7654,0.4207,0.9071,0.338
9685,781,824,33.68,25.794,-0.0054,0.0752,9.8291,0.9386,-0.2667,0.2808
9690,785,829,33.711,25.716,-0.0273,-0.0561,9.8671,0.5716,-1.3039,0.046
9695,763,822,33.717,25.754,-0.0681,0.0564,9.7947,-0.0804,0.3739,-0.564
9700,764,829,33.75,25.788,-0.12,0.1112,9.8122,-0.3827,-0.3415,-0.083
9705,761,825,33.705,25.674,-0.039,-0.0451,9.7986,0.39,0.7793,-0.421
9710,754,822,33.644,25.795,0.0001,0.0033,9.935,-1.0886,-0.419,0.4877
9715,749,829,33.671,25.715,0.0074,-0.0478,9.8647,-0.1417,0.4054,0.2598
9720,747,820,33.798,25.734,-0.0319,0.01,9.8605,-0.6152,-0.4049,0.241
9725,751,820,33.73,25.728,-0.0096,-0.024,9.7732,-0.6436,0.365,-0.3276
9730,750,820,33.778,25.729,-0.0655,-0.0396,9.8207,0.6376,0.0209,-0.0577
9735,744,819,33.683,25.828,0.0197,0.0293,9.7988,0.3601,0.1677,0.0133
9740,748,815,33.629,25.727,0.0071,-0.013,9.7515,-0.3729,-0.5274,-0.4182
9745,752,820,33.627,25.73,-0.0628,-0.0407,9.8681,0.0599,-0.057,0.1732
9750,756,827,33.763,25.774,-0.0076,-0.0427,9.8608,-0.8104,-0.404,-0.5881
9755,755,814,33.656,25.679,0.0612,-0.0159,9.8585,0.167,-0.7746,-0.3816
9760,756,814,33.712,25.653,-0.1013,0.0333,9.8061,0.0694,0.079,-0.9302
9765,763,816,33.749,25.776,0.0877,0.0206,9.8166,-0.0516,0.1591,0.4771
9770,762,810,33.691,25.666,-0.0731,0.0217,9.8407,-0.0064,0.4281,-0.4878
9775,778,811,33.624,25.693,0.0201,0.0216,9.8646,-1.0707,-0.7407,-0.018
9780,779,813,33.687,25.699,-0.0232,0.0178,9.8061,0.5963,0.4686,-1.5442
9785,787,814,33.73,25.68,-0.0377,-0.0052,9.9251,0.3137,-0.9348,0.0177
9790,795,810,33.767,25.721,-0.0238,-0.0349,9.8115,-0.5397,-0.0983,-0.6662
9795,808,807,33.68,25.694,0.0219,0.0111,9.6891,0.5798,0.6272,0.2778
9800,822,812,33.763,25.689,0.0551,0.0576,9.7985,0.2901,0.0148,-1.037
9805,831,805,33.755,25.723,-0.017,0.0405,9.8031,-0.2431,-0.6051,0.2783
9810,837,810,33.798,25.631,0.0365,-0.0335,9.7907,-0.7761,0.1124,0.3674
9815,850,805,33.689,25.801,0.0282,-0.0187,9.7896,-0.0766,-0.2002,-0.6748
9820,868,802,33.654,25.806,0.0286,-0.0848,9.8982,-0.671,0.5752,0.5295
9825,878,799,33.58,25.832,0.0479,-0.0776,9.9082,-0.3471,0.2584,0.2149
9830,890,798,33.721,25.707,0.0674,0.0903,9.8003,-0.2856,0.2966,-1.4735
9835,900,796,33.734,25.811,0.0333,0.0357,9.8658,-0.5432,-0.3417,-0.1523
9840,916,793,33.662,25.816,0.0583,-0.0606,9.8295,-0.3434,-0.8027,0.5129
9845,929,787,33.647,25.793,0.0073,0.0222,9.7776,-0.8078,0.7523,0.0223
9850,935,797,33.781,25.787,0.0215,0.0098,9.8014,0.0955,-0.4908,0.052
9855,951,792,33.668,25.635,-0.0535,-0.057,9.7993,-0.3098,-1.2409,-0.6679
9860,966,788,33.703,25.722,-0.0747,0.0374,9.7529,0.6977,-0.5027,-0.474
9865,973,783,33.734,25.78,0.0313,0.046,9.7881,0.1816,0.229,-0.0219
9870,986,778,33.665,25.766,0.055,-0.0398,9.7559,0.1849,-1.3181,0.2144
9875,1006,780,33.706,25.646,-0.0236,0.0131,9.7534,0.2985,0.8041,0.3048
9880,1022,776,33.694,25.654,-0.0244,0.0991,9.7994,-0.5779,0.0925,-0.0968
9885,1038,773,33.671,25.707,-0.0074,0.0483,9.8039,-0.5407,0.1871,-0.6632
9890,1052,768,33.675,25.735,-0.0334,0.0238,9.7793,0.2654,-0.1615,-0.8146
9895,1061,768,33.628,25.823,0.0935,-0.0696,9.761,0.8126,0.4402,0.3458
9900,1080,770,33.718,25.797,0.027,-0.1033,9.8563,0.259,0.0262,0.4701
9905,1084,757,33.692,25.838,0.0703,-0.0366,9.7837,-0.3025,-0.1951,-0.4699
9910,1101,762,33.687,25.78,0.0222,-0.0076,9.7798,-0.8184,0.7241,0.0583
9915,1110,757,33.696,25.769,0.0371,0.0018,9.8781,-0.5805,-0.2254,0.5225
9920,1118,761,33.655,25.734,-0.0044,-0.0568,9.8078,1.2269,0.0605,-0.6878
9925,1124,760,33.694,25.751,-0.0433,0.0957,9.8318,-0.5106,-0.601,0.6329
9930,1139,750,33.677,25.717,0.0096,-0.0593,9.8438,0.0757,-0.2591,0.4709
9935,1146,753,33.737,25.617,0.0206,-0.0195,9.7172,1.1342,-0.3713,0.1723
9940,1153,752,33.749,25.712,0.0377,-0.0107,9.8006,-0.1214,0.0815,-0.3273
9945,1151,749,33.676,25.671,0.0491,0.0546,9.8048,0.3412,0.5959,-0.028
9950,1160,746,33.688,25.724,0.0798,0.023,9.809,-0.4746,-0.8344,-0.7766
9955,1156,736,33.671,25.711,-0.0823,0.0777,9.7058,0.2775,0.1244,0.21
9960,1168,741,33.644,25.702,0.0132,-0.0413,9.7806,-0.0547,0.2315,0.4162
9965,1179,743,33.729,25.727,0.0311,-0.008,9.7553,0.1855,-0.736,-0.0031
9970,1195,739,33.71,25.759,0.01,-0.051,9.8158,0.374,0.0619,0.4851
9975,1183,742,33.726,25.701,0.0452,0.0607,9.7589,-1.2421,0.5326,-0.3865
9980,1176,733,33.692,25.776,0.0261,-0.0034,9.7448,0.4325,0.0619,-0.222
9985,1181,740,33.645,25.74,-0.0037,0.054,9.7653,-0.42,-0.7015,0.5414
9990,1187,736,33.764,25.718,-0.0003,0.0299,9.8169,0.0517,-0.5648,-0.7831
9995,1188,737,33.766,25.77,0.0019,0.0119,9.7551,0.2436,0.0857,0.3608
10000,1187,740,33.613,25.639,0.0101,-0.0677,9.8033,0.0325,-0.0941,0.2555
10005,1183,736,33.656,25.805,0.0225,0.0411,9.8727,-0.2547,0.3017,-0.3438
10010,1189,743,33.718,25.694,0.085,0.0504,9.8716,0.556,0.03,-0.6017
10015,1179,744,33.696,25.802,-0.0275,-0.1175,9.9308,-0.179,0.3888,-0.3904
10020,1172,737,33.74,25.808,0.0304,-0.0151,9.8209,0.0465,-0.6385,-0.277
10025,1181,745,33.737,25.716,-0.0174,0.0784,9.774,-0.8253,-0.4326,0.5445
10030,1181,749,33.681,25.758,-0.0696,0.0484,9.8148,0.4467,0.3569,1.0486
10035,1178,744,33.708,25.747,0.0258,-0.0247,9.8728,0.059,-0.7708,-0.2966
10040,1173,747,33.637,25.733,-0.062,0.0232,9.67,0.0646,0.1296,-0.6915
10045,1175,751,33.723,25.713,0.049,-0.0091,9.815,0.216,-0.1808,-0.23
10050,1161,750,33.686,25.731,0.0113,-0.0051,9.8849,0.6723,-0.2584,0.8059
10055,1161,751,33.666,25.746,-0.0333,0.0029,9.8032,0.0831,0.2323,0.1898
10060,1162,756,33.678,25.688,-0.0077,0.0005,9.8407,0.0426,0.5133,0.72
10065,1165,755,33.681,25.713,0.0352,-0.0219,9.8082,0.969,0.1014,-1.5453
10070,1157,761,33.69,25.781,0.0596,0.0381,9.7564,0.1794,0.0935,-1.0463
10075,1149,764,33.683,25.71,-0.0094,-0.0337,9.7972,0.366,-0.4599,-0.5418
10080,1141,771,33.702,25.709,0.1061,0.0147,9.877,-1.3401,0.6669,0.3065
10085,1139,770,33.755,25.706,0.044,-0.0389,9.8613,-0.3264,0.2696,0.3605
10090,1138,778,33.719,25.744,0.0154,0.0524,9.7626,0.2961,-0.0467,0.2922
10095,1135,772,33.677,25.712,-0.0651,-0.0619,9.8432,-1.4478,0.4388,-0.1303
10100,1131,777,33.712,25.709,0.0019,0.0129,9.8388,0.3222,-0.2018,0.083
10105,1127,786,33.814,25.74,-0.0451,-0.0321,9.7799,-0.9102,0.7979,-0.972
10110,1130,787,33.63,25.802,-0.057,0.0376,9.7763,-0.0781,0.1092,-0.2917
10115,1114,786,33.699,25.776,-0.0203,0.0088,9.8622,-0.0176,0.2009,-0.5695
10120,1121,792,33.74,25.785,-0.0057,0.0619,9.793,-0.309,0.0635,-0.833
10125,1115,795,33.711,25.814,-0.0496,-0.0102,9.7413,0.2356,0.3996,0.2974
10130,1114,798,33.682,25.729,0.0197,-0.1082,9.789,-0.2488,0.0407,0.3327
10135,1104,804,33.749,25.784,0.0593,-0.0202,9.7779,0.612,-0.7489,0.7611
10140,1107,800,33.603,25.725,-0.0508,0.0434,9.8321,0.2022,0.7046,0.1643
10145,1105,815,33.627,25.784,0.035,-0.0082,9.795,0.0816,-0.3016,-0.3148
10150,1099,814,33.703,25.659,0.0511,-0.037,9.8071,0.6416,0.3036,0.4043
10155,1100,812,33.765,25.657,-0.0425,0.0069,9.9312,0.6678,0.0943,0.5014
10160,1092,818,33.747,25.806,0.08,-0.0366,9.7719,0.8828,-0.1922,-0.2598
10165,1085,823,33.63,25.742,0.0692,-0.0255,9.7685,-0.4932,-0.1742,-0.5925
10170,1090,822,33.836,25.785,0.052,0.0122,9.8229,-0.3631,-0.1859,-0.0094
10175,1081,832,33.727,25.746,0.0349,-0.0233,9.8802,0.2056,-0.4973,-0.2578
10180,1090,832,33.733,25.673,-0.0289,0.0371,9.8204,0.4097,0.3947,-0.1043
10185,1084,834,33.742,25.795,0.0134,-0.0721,9.8258,0.4416,0.2973,0.1877
10190,1078,834,33.696,25.719,-0.034,0.0053,9.7662,0.1513,-0.2523,0.7961
10195,1072,825,33.731,25.758,-0.0602,0.0958,9.8992,-0.3791,-0.3904,0.1044
10200,1081,839,33.732,25.744,-0.0246,0.0166,9.7933,0.1226,-0.1592,0.0266
10205,1074,839,33.631,25.788,0.0335,0.0174,9.8285,0.6691,-0.0586,0.4995
10210,1065,834,33.711,25.716,-0.1096,0.0294,9.8311,0.1257,-0.0035,-0.08
10215,1065,846,33.701,25.751,0.0372,-0.044,9.7909,-0.3176,-0.0528,0.7721
10220,1062,842,33.778,25.826,-0.0617,-0.0558,9.799,-0.2808,0.4089,0.1943
10225,1064,840,33.662,25.695,0.0297,0.0719,9.8475,-0.1879,0.9503,-0.8282
10230,1057,841,33.793,25.723,0.0272,-0.0179,9.8126,0.4814,-0.0574,0.3725
10235,1045,848,33.653,25.706,0.055,0.0272,9.8284,-0.5189,-0.3613,-0.1834
10240,1033,846,33.643,25.787,0.0699,-0.0116,9.8039,0.1672,0.0153,-0.1368
10245,1036,844,33.698,25.78,-0.0222,0.0239,9.8386,-0.3492,0.3968,-0.3126
10250,1028,849,33.687,25.718,-0.0603,0.0032,9.777,-0.0145,0.3636,-0.4714
10255,1025,847,33.701,25.741,0.0388,0.0227,9.8132,0.4851,-0.6162,1.0247
10260,1022,849,33.744,25.696,0.0163,-0.0559,9.8103,0.2714,0.0966,-0.8649
10265,1015,844,33.66,25.745,0.0639,-0.0991,9.7939,-0.1355,0.3783,0.1958
10270,1005,847,33.741,25.788,0.022,0.0122,9.8482,0.3467,-0.3779,0.6934
10275,995,842,33.663,25.723,-0.0205,0.0637,9.8443,-0.7319,-0.7282,0.6258
10280,993,852,33.752,25.819,-0.0777,0.0148,9.9198,0.0675,0.003,0.2554
10285,986,841,33.699,25.84,0.092,-0.0355,9.7223,0.5859,-0.3322,-0.7827
10290,970,842,33.724,25.718,0.0325,0.041,9.7866,-0.2432,-0.499,-0.1125
10295,964,840,33.719,25.73,0.023,0.0263,9.8611,-1.4097,0.115,0.3189
10300,957,840,33.67,25.676,-0.1,-0.0349,9.9059,0.4659,0.2497,0.1325
10305,950,840,33.593,25.819,-0.0145,0.0088,9.8857,-0.4566,0.3162,-0.4829
10310,948,848,33.695,25.768,0.0675,0.0873,9.8008,0.037,-0.0409,0.7856
10315,921,836,33.707,25.654,-0.0491,0.0119,9.7767,0.8506,0.4228,0.0383
10320,919,838,33.681,25.799,0.0431,-0.0071,9.7971,0.8652,0.3161,0.1349
10325,912,836,33.661,25.741,-0.123,-0.0264,9.8176,-0.938,1.0317,-1.0144
10330,896,837,33.701,25.752,0.0271,0.0515,9.8182,-0.0762,-0.4372,-0.393
10335,887,833,33.726,25.793,0.0404,-0.0257,9.7902,0.0232,-0.1088,0.0518
10340,872,829,33.641,25.698,0.0759,0.0727,9.8425,0.0222,0.8144,-0.6879
10345,867,834,33.691,25.723,-0.0094,0.1016,9.8118,-0.9362,-0.1213,0.4651
10350,860,837,33.724,25.687,-0.0986,-0.0313,9.7199,0.6443,0.0904,0.5919
10355,841,825,33.682,25.821,-0.0365,0.0779,9.7772,-0.0582,0.1017,-0.7889
10360,846,830,33.726,25.767,0.0639,0.0306,9.8214,0.1228,-0.2106,-1.0523
10365,828,831,33.736,25.614,0.018,-0.0617,9.88,-0.3841,0.469,-0.0221
10370,821,827,33.646,25.781,-0.0083,0.027,9.8516,-0.6421,0.0923,-0.0872
10375,814,826,33.689,25.807,0.0255,-0.0345,9.8363,0.836,-0.2041,-0.4036
10380,795,829,33.732,25.666,-0.0086,0.01,9.7841,-0.5885,-0.0894,-0.1441
10385,791,829,33.676,25.666,0.0317,-0.0316,9.7824,-0.1614,0.7269,-0.1747
10390,786,826,33.682,25.768,0.0704,-0.0192,9.8525,-0.0256,-0.1308,0.0265
10395,773,826,33.703,25.699,-0.0101,0.0114,9.8258,0.3726,-0.1949,-0.0442
10400,769,828,33.691,25.721,0.0007,0.0075,9.8165,0.2862,-0.4756,-0.3488
10405,769,820,33.681,25.709,-0.0461,0.0127,9.9112,-0.0732,-0.2739,0.0961
10410,762,826,33.702,25.768,-0.0717,0.0171,9.773,1.0548,-0.2543,0.6964
10415,748,827,33.69,25.809,-0.0506,0.0876,9.8295,0.7184,0.3867,0.2458
10420,751,826,33.666,25.77,-0.023,-0.0292,9.8159,0.0271,-0.558,-0.3171
10425,750,824,33.678,25.783,-0.0856,-0.0871,9.8453,-0.0532,-0.0717,0.1613
10430,756,821,33.645,25.756,0.0293,0.05,9.7917,0.6182,0.9234,-0.0089
10435,746,817,33.695,25.793,-0.0114,0.0714,9.7274,-0.8479,-0.7514,-0.4558
10440,748,816,33.596,25.79,0.0916,-0.027,9.9151,-0.8205,-0.3965,-0.076
10445,743,818,33.688,25.765,-0.0347,-0.0345,9.8144,0.175,-0.33,-0.2653
10450,750,824,33.731,25.741,-0.0259,-0.0366,9.8207,-0.3515,0.5821,0.3046
10455,751,819,33.791,25.692,0.0523,-0.0899,9.7155,0.8809,0.568,-0.285
10460,753,819,33.66,25.749,0.0325,0.0006,9.6737,0.2869,0.6661,0.1527
10465,751,813,33.737,25.744,-0.0672,0.107,9.7109,-0.2213,-0.3508,-0.195
10470,758,812,33.666,25.762,0.0216,-0.0568,9.7787,-0.0323,-0.1698,0.4491
10475,773,817,33.672,25.711,-0.0298,-0.0573,9.8502,0.2369,-0.142,-0.3059
10480,772,814,33.677,25.61,0.0531,-0.0168,9.7659,0.0983,0.1936,0.3201
10485,777,812,33.691,25.781,0.009,0.0627,9.8295,-0.0246,-0.0977,0.8668
10490,787,812,33.656,25.825,-0.084,0.0385,9.7803,-0.1563,-0.1716,-0.6651
10495,803,813,33.76,25.831,-0.0341,-0.0129,9.7302,0.2951,0.3208,-0.2827
10500,802,810,33.688,25.751,0.0571,0.0225,9.9883,0.1123,0.7537,-0.0004
10505,819,808,33.668,25.766,0.0377,-0.044,9.7635,0.3031,-0.7659,-0.4478
10510,823,798,33.666,25.748,0.0004,0.015,9.809,-0.0239,0.703,0.2205
10515,837,804,33.608,25.719,0.023,-0.0246,9.8059,0.2564,0.1241,0.0919
10520,843,795,33.717,25.737,-0.1069,-0.0493,9.8353,-0.0836,-0.2357,-0.4268
10525,858,804,33.708,25.642,-0.0258,0.0198,9.7912,-1.0633,0.3158,-0.9714
10530,878,803,33.722,25.676,0.0911,-0.027,9.9113,0.4676,0.3085,0.0405
10535,889,800,33.756,25.746,0.0332,0.0595,9.7765,0.0554,0.6004,0.2601
10540,903,800,33.711,25.829,0.0869,0.0138,9.8691,-0.4269,0.4255,0.5002
10545,920,793,33.705,25.733,-0.0571,-0.0018,9.8067,0.6221,0.8106,-0.4531
10550,922,798,33.693,25.673,-0.0082,0.0191,9.8371,-0.0736,0.4741,-0.2204
10555,937,792,33.643,25.824,0.0895,0.0076,9.9377,0.0745,-0.6489,0.1944
10560,945,789,33.657,25.701,-0.0003,-0.0395,9.9001,0.6721,-0.1129,0.5226
10565,960,786,33.681,25.774,-0.0105,0.0353,9.8451,0.1883,0.7535,-0.9929
10570,974,783,33.641,25.786,0.0654,0.0382,9.849,0.7212,-0.8584,-0.6151
10575,1000,787,33.649,25.769,0.0043,-0.023,9.8407,0.7952,0.4897,-0.2375
10580,1005,781,33.66,25.764,0.0483,0.0287,9.7975,0.4932,-0.2545,-0.4539
10585,1009,779,33.714,25.78,-0.0216,0.0219,9.6864,-0.6383,0.0015,0.2275
10590,1042,773,33.617,25.77,0.0094,0.0355,9.8949,-0.4403,0.3893,-0.5578
10595,1030,771,33.795,25.737,-0.0009,0.0066,9.7851,-0.9184,0.0158,-1.1065
10600,1056,770,33.71,25.719,0.0128,0.1454,9.7564,0.5519,-0.4126,0.2259
10605,1072,765,33.684,25.693,0.0174,-0.0263,9.7367,0.178,-0.5238,0.5217
10610,1083,769,33.654,25.724,-0.0063,0.0415,9.8284,0.7232,0.2567,0.2924
10615,1096,762,33.707,25.722,-0.044,0.0398,9.7897,0.0586,-0.0238,-0.413
10620,1107,756,33.702,25.722,-0.0264,-0.042,9.6886,0.6561,-0.3914,-0.1899
10625,1107,760,33.668,25.697,-0.0382,0.0295,9.8517,0.1782,0.3203,0.2727
10630,1121,757,33.749,25.721,0.0274,0.0001,9.8506,0.011,0.1347,-0.3804
10635,1139,748,33.731,25.722,0.0052,-0.1218,9.8968,0.7659,-0.562,0.6059
10640,1142,751,33.587,25.749,-0.039,0.0304,9.77,-0.1835,-0.2674,0.3022
10645,1148,751,33.703,25.777,0.0072,0.0226,9.8127,0.2178,-0.1725,-0.081
10650,1157,746,33.711,25.721,0.0401,0.0228,9.8741,-0.4452,0.0209,-0.3295
10655,1154,741,33.742,25.815,0.0077,-0.0412,9.7986,-0.5779,0.5823,0.0903
10660,1169,743,33.778,25.757,-0.0034,0.1123,9.8141,0.115,-0.5066,-0.3064
10665,1171,747,33.707,25.805,-0.0598,-0.0065,9.8345,0.5466,-0.3972,-0.989
10670,1172,745,33.748,25.764,0.0444,0.066,9.8738,0.1236,0.6278,0.7961
10675,1189,741,33.692,25.741,-0.0056,0.0112,9.8266,0.4326,-0.6854,0.6173
10680,1170,740,33.678,25.672,-0.0209,0.0342,9.7937,0.0767,-0.6969,0.4057
10685,1189,733,33.752,25.735,0.0285,0.0005,9.7781,0.0733,1.3769,0.3954
10690,1183,743,33.634,25.709,-0.0558,-0.0033,9.7752,-0.6663,0.4299,-0.6239
10695,1190,738,33.827,25.731,-0.0036,0.0224,9.7779,-0.0101,0.5364,0.5143
10700,1198,739,33.785,25.707,-0.0005,-0.0443,9.9076,-0.3467,-0.2672,0.5677
10705,1176,740,33.75,25.754,0.0247,0.0247,9.8432,-0.0008,0.3917,0.4643
10710,1192,737,33.628,25.69,0.0146,-0.0031,9.7433,-0.2462,-0.6736,-0.1158
10715,1186,738,33.757,25.792,-0.0441,0.0072,9.8335,0.0542,-0.1082,0.2458
10720,1186,741,33.619,25.756,-0.0326,-0.0025,9.8427,-0.4681,0.0879,0.3376
10725,1177,741,33.709,25.781,-0.0018,-0.0443,9.9336,0.76,-0.3845,0.206
10730,1180,741,33.721,25.725,0.0476,-0.0492,9.8246,-0.2071,-0.6322,0.1938
10735,1186,748,33.774,25.772,0.0347,0.016,9.8574,0.5301,0.323,-0.6923
10740,1177,744,33.668,25.753,0.0261,0.072,9.8755,-0.1763,0.1372,-0.1884
10745,1169,751,33.702,25.757,0.1131,0.0132,9.9178,0.8754,-0.0408,-0.2677
10750,1171,751,33.714,25.745,-0.0126,0.0324,9.8085,0.6256,-0.655,0.517
10755,1169,752,33.63,25.712,0.0328,-0.087,9.8241,0.4992,0.3297,-0.3063
10760,1172,751,33.666,25.774,-0.091,0.0067,9.741,0.701,-0.5337,-0.6086
10765,1162,758,33.637,25.744,0.0181,-0.0635,9.8013,-0.1475,-0.9824,-0.0651
10770,1157,755,33.643,25.826,-0.0495,-0.0138,9.8037,0.4105,0.0851,-0.9793
10775,1149,762,33.732,25.707,-0.0106,0.024,9.7642,0.3885,-0.154,-0.5264
10780,1142,759,33.623,25.727,-0.083,0.0633,9.8409,0.1599,-1.0806,0.6338
10785,1135,766,33.729,25.713,-0.0759,-0.0422,9.8221,-0.4528,-0.1678,-0.2495
10790,1141,771,33.697,25.664,0.0058,-0.0799,9.9086,0.8716,-0.1669,-0.2137
10795,1139,778,33.793,25.732,-0.044,0.0023,9.8365,-0.062,-0.4048,-0.9519
10800,1134,775,33.711,25.742,0.1201,-0.0646,9.8034,1.4156,-0.6002,-0.1245
10805,1133,782,33.769,25.717,0.0482,0.0632,9.7463,-0.2988,0.3856,0.1406
10810,1128,784,33.638,25.697,-0.0329,0.0073,9.8213,0.6794,-0.4408,0.3946
10815,1120,786,33.734,25.779,0.0257,0.0427,9.7749,0.2019,0.1505,-0.3409
10820,1118,789,33.731,25.736,-0.0378,0.1204,9.7323,-0.7087,-0.0804,0.3113
10825,1118,790,33.659,25.765,0.0977,-0.0389,9.9181,-0.2953,0.4818,-0.5836
10830,1110,793,33.702,25.743,0.0237,-0.0613,9.8183,0.0438,0.4303,-0.1701
10835,1119,801,33.779,25.809,0.0232,-0.011,9.83,-0.6372,-1.4837,0.6946
10840,1112,800,33.662,25.74,-0.0809,-0.0739,9.8086,-1.2222,-0.3293,-0.9844
10845,1096,802,33.695,25.74,0.0525,0.0326,9.7805,-0.5972,0.5337,-0.3207
10850,1101,809,33.692,25.669,0.0273,-0.0194,9.8769,-0.8074,0.0089,0.6182
10855,1102,808,33.656,25.785,-0.0828,-0.0675,9.757,-0.1949,0.1364,0.5072
10860,1109,814,33.746,25.84,-0.0001,0.0009,9.8631,-0.4399,-0.1209,-0.5964
10865,1092,816,33.686,25.756,0.0034,-0.0049,9.7416,0.0445,-0.0874,0.323
10870,1087,818,33.697,25.799,-0.0031,0.0276,9.8726,-0.2423,1.0195,0.9161
10875,1089,820,33.721,25.75,-0.0084,-0.0788,9.752,-0.4347,-0.4245,-0.3876
10880,1085,822,33.726,25.669,-0.0115,-0.0438,9.7897,0.0914,-0.4908,-0.0894
10885,1081,824,33.725,25.863,-0.0188,0.1016,9.828,-0.1251,0.5648,0.3824
10890,1081,830,33.733,25.736,0.1001,0.0941,9.8009,-0.1348,0.5281,0.148
10895,1070,836,33.725,25.756,-0.0371,0.0785,9.7992,0.3533,-0.195,-0.1458
10900,1078,837,33.691,25.853,0.0476,-0.0579,9.9332,0.0207,0.3135,0.0884
10905,1081,833,33.724,25.661,-0.0273,0.0253,9.8039,0.7369,-0.3701,0.1406
10910,1081,837,33.697,25.799,-0.005,0.0327,9.8685,0.1673,-0.4392,-0.5879
10915,1063,840,33.668,25.792,-0.0959,0.0173,9.7628,0.0468,-0.092,0.1173
10920,1066,841,33.793,25.766,0.0175,0.06,9.7447,0.1123,-0.7631,0.1798
10925,1060,845,33.724,25.691,-0.0495,-0.0346,9.7499,-0.2711,0.0784,-0.5821
10930,1063,844,33.729,25.747,0.0092,-0.0383,9.8092,0.0985,0.9933,-0.0674
10935,1060,846,33.676,25.765,-0.0193,-0.0134,9.8493,-1.5404,-0.2669,0.0206
10940,1045,840,33.661,25.657,-0.0002,0.0072,9.8045,0.4601,0.2527,0.373
10945,1048,847,33.765,25.719,-0.0613,-0.0819,9.719,0.6522,0.4628,-0.0518
10950,1040,849,33.707,25.711,-0.037,-0.0778,9.7499,-0.2376,-0.4477,0.1132
10955,1028,845,33.659,25.656,0.0474,0.0754,9.8239,-0.1108,-0.523,-0.3726
10960,1033,847,33.714,25.684,0.0222,-0.1207,9.8355,1.0676,0.1886,0.3934
10965,1028,843,33.787,25.672,0.0069,-0.0297,9.7847,-0.2062,-0.6085,-0.2905
10970,1013,849,33.77,25.749,0.042,-0.0042,9.8092,-0.1858,0.3388,0.0956
10975,1013,850,33.703,25.764,-0.0849,-0.0163,9.8866,0.3236,-0.1542,0.6364
10980,999,849,33.704,25.739,-0.0215,-0.0271,9.833,-0.1718,-0.2706,-0.5409
10985,995,848,33.694,25.759,-0.001,0.0135,9.7319,0.646,-0.9068,-0.0969
10990,982,846,33.692,25.72,0.006,0.0612,9.7707,-1.2633,-0.2958,0.2408
10995,966,848,33.761,25.713,0.0506,-0.0058,9.7995,0.8981,0.4583,-0.3599
11000,978,841,33.719,25.731,0.0655,-0.1034,9.7421,-0.2514,0.0276,-0.3473
11005,954,845,33.759,25.712,0.0357,-0.0563,9.7894,-0.2646,0.2574,0.3087
11010,950,846,33.731,25.766,-0.0097,0.0061,9.8603,-0.7317,-0.2597,-0.2519
11015,933,842,33.624,25.704,-0.091,-0.0065,9.8504,-0.727,-0.7224,-0.9583
11020,930,838,33.688,25.726,-0.0068,0.0515,9.7715,0.6214,0.2044,-0.3926
11025,921,840,33.695,25.766,0.0375,0.0569,9.8478,-0.1284,-0.4356,-0.3888
11030,903,834,33.676,25.84,-0.0007,0.0214,9.8202,0.1846,-0.5469,-0.1742
11035,900,834,33.649,25.708,0.0139,-0.0261,9.7394,0.4965,-0.0518,-0.0471
11040,886,833,33.741,25.804,-0.0109,-0.0121,9.815,0.7027,-0.0575,0.0584
11045,884,830,33.656,25.851,0.0455,0.0291,9.8391,0.4542,-0.7832,-0.327
11050,866,837,33.655,25.813,0.0184,-0.0154,9.784,-0.0579,-0.5137,-0.037
11055,852,832,33.752,25.783,0.1049,0.0308,9.8012,-0.0848,0.5786,-0.1804
11060,857,828,33.627,25.69,-0.0059,0.033,9.8668,0.0659,-0.0396,-0.1903
11065,841,831,33.731,25.781,0.042,-0.0922,9.6555,0.0698,-0.2701,-0.4129
11070,830,830,33.775,25.72,0.0157,-0.0133,9.815,-0.2587,0.0295,0.5509
11075,822,836,33.729,25.806,-0.0105,0.0051,9.8379,-0.0401,0.5758,-0.2656
11080,811,832,33.74,25.787,-0.0681,0.0755,9.8307,-0.2018,0.318,-0.2876
11085,790,821,33.677,25.769,0.0271,0.0468,9.8399,0.6802,0.345,-1.3798
11090,789,830,33.778,25.717,-0.0113,-0.0688,9.9078,-0.6125,-0.2391,1.2114
11095,784,828,33.652,25.78,-0.0883,0.0466,9.7702,-0.859,-0.3493,-0.4491
11100,781,825,33.591,25.774,0.0284,0.133,9.7338,0.541,-0.5653,1.3741
11105,774,824,33.671,25.647,-0.0633,-0.084,9.8486,-0.9974,-1.1705,0.0542
11110,769,824,33.729,25.737,0.0184,-0.0402,9.8064,-0.2847,-0.4407,-0.8979
11115,762,829,33.708,25.725,-0.0191,-0.0156,9.8178,0.6422,-0.3932,-0.4217
11120,756,823,33.743,25.774,-0.0426,-0.0825,9.7747,-0.0131,0.6447,0.1979
11125,747,822,33.616,25.736,0.0059,-0.0012,9.6977,-0.3917,-0.4928,0.1837
11130,754,819,33.678,25.776,-0.0176,0.0151,9.833,-0.7726,0.5457,-0.2731
11135,755,824,33.653,25.736,-0.0971,0.0458,9.8734,0.0413,0.7043,-0.4018
11140,751,819,33.687,25.733,0.0351,-0.0332,9.8423,-0.9448,-0.7385,-0.4003
11145,736,825,33.699,25.809,0.0041,-0.0116,9.8709,-0.0978,-0.8478,-0.1285
11150,761,820,33.679,25.709,0.1049,-0.0142,9.7303,0.5529,-0.5193,-0.2775
11155,747,818,33.754,25.692,-0.0172,-0.0502,9.8117,0.2385,-0.7088,-0.0792
11160,746,819,33.687,25.725,-0.0792,-0.0245,9.7475,0.3541,-1.0777,-0.5649
11165,760,811,33.663,25.781,-0.008,0.0025,9.8189,0.0919,0.506,-0.0389
11170,751,814,33.785,25.725,-0.0346,-0.0731,9.8464,-0.302,-0.2794,0.2591
11175,766,817,33.656,25.753,0.115,-0.0107,9.8154,0.7329,0.5349,-0.1065
11180,769,815,33.775,25.819,0.062,0.0095,9.7441,-0.5813,0.081,0.4651
11185,768,817,33.743,25.709,0.0282,0.0203,9.8893,-0.6971,0.2672,-0.22
11190,777,810,33.664,25.759,0.0576,-0.0394,9.775,-0.073,0.0535,0.3445
11195,787,813,33.731,25.853,0.0842,-0.0322,9.8304,-0.545,0.3725,0.3389
11200,798,816,33.699,25.706,0.0444,0.0725,9.7624,-0.4383,0.8227,0.154
11205,808,810,33.679,25.781,0.0244,-0.0006,9.7806,-0.6464,-0.8598,0.0331
11210,818,811,33.755,25.82,-0.0019,-0.0612,9.8506,-0.6896,-0.542,0.6457
11215,837,806,33.657,25.72,0.1149,-0.026,9.8479,-0.7508,-0.0363,-0.1799
11220,832,811,33.74,25.727,-0.0017,0.0552,9.7968,0.6838,0.0844,0.212
11225,852,799,33.707,25.641,0.0041,0.006,9.8493,-0.4542,0.1455,0.1237
11230,861,797,33.711,25.745,-0.0042,-0.0563,9.7859,0.7955,-0.019,-0.6692
11235,867,802,33.754,25.734,0.1279,0.0358,9.8102,-0.1561,0.2317,-0.2398
11240,875,801,33.768,25.746,-0.045,0.0349,9.7386,0.211,-0.4418,-0.0918
11245,892,795,33.652,25.695,-0.0198,0.0601,9.74,0.3659,0.8053,1.18
11250,912,790,33.747,25.707,0.0615,-0.0275,9.7956,0.1056,-0.1551,-0.3758
11255,920,792,33.729,25.726,0.0453,-0.1124,9.8163,0.1091,-0.4221,-1.2017
11260,928,790,33.696,25.754,-0.0767,0.004,9.8266,-0.4101,-0.826,-0.052
11265,951,790,33.758,25.666,-0.0337,0.0549,9.8301,0.8154,0.004,-0.0153
11270,962,794,33.736,25.67,0.0417,-0.0059,9.7455,0.4154,-0.2685,0.2653
11275,975,785,33.674,25.811,-0.0215,0.0222,9.8154,0.0138,0.2434,0.4056
11280,992,785,33.617,25.712,0.0471,0.0419,9.7489,0.3416,-0.9419,0.1861
11285,1004,782,33.748,25.748,0.0692,-0.0713,9.8003,-0.4146,0.519,-0.1086
11290,1018,779,33.673,25.754,0.1325,0.0681,9.7806,0.3213,0.8092,-0.1343
11295,1022,778,33.682,25.732,0.0205,0.0384,9.78,-0.5013,-0.1614,0.443
11300,1043,781,33.746,25.799,-0.0146,-0.03,9.8025,-0.0356,0.6154,0.4422
11305,1068,769,33.748,25.787,0.0129,-0.0353,9.7909,0.0598,-0.3407,0.2018
11310,1069,773,33.713,25.715,-0.1065,0.0445,9.7978,0.8035,-0.4957,-0.4405
11315,1077,765,33.686,25.709,-0.0402,0.0024,9.8425,-0.5292,1.0334,-0.5405
11320,1092,756,33.681,25.703,0.067,-0.0674,9.84,-0.0212,0.0191,-0.2125
11325,1102,759,33.769,25.765,-0.0853,0.0039,9.8031,0.2935,0.5569,-0.8438
11330,1111,752,33.729,25.666,-0.02,-0.0207,9.8093,-0.3286,1.0512,-0.241
11335,1117,754,33.764,25.719,-0.0325,-0.1049,9.8906,0.5109,0.0209,0.1779
11340,1131,754,33.619,25.73,-0.098,0.0508,9.7416,0.3082,-0.3018,0.7611
11345,1144,752,33.751,25.682,-0.0082,0.0608,9.882,0.1643,-0.866,0.1949
11350,1134,751,33.596,25.738,-0.0206,-0.0009,9.7304,0.4402,0.6979,0.1775
11355,1153,747,33.677,25.765,0.0311,-0.0544,9.7145,-0.2209,0.0643,-0.6955
11360,1152,747,33.687,25.811,-0.0267,-0.0616,9.85,-0.3653,0.1681,-0.2175
11365,1166,744,33.752,25.78,-0.0391,-0.062,9.7817,-0.5313,-0.2007,-1.1307
11370,1164,746,33.664,25.862,-0.0238,-0.0708,9.8675,-0.1016,0.2446,0.3717
11375,1170,745,33.626,25.709,0.0559,-0.0593,9.8317,0.723,0.3623,0.8592
11380,1179,742,33.691,25.741,-0.0376,-0.0148,9.7301,-0.7548,0.127,-0.2881
11385,1175,742,33.664,25.804,-0.0072,-0.0703,9.8691,0.0692,-0.141,0.2502
11390,1182,741,33.712,25.757,-0.008,0.0791,9.7293,-0.314,-1.1045,0.6258
11395,1186,741,33.763,25.674,0.087,0.0089,9.7453,0.5869,-0.7563,0.0019
11400,1182,739,33.673,25.709,0.0779,0.0122,9.7979,0.0427,-0.3728,0.2736
11405,1188,742,33.704,25.752,0.0434,-0.0808,9.8007,-1.1405,0.3651,-0.0216
11410,1186,733,33.632,25.735,0.056,0.0154,9.7294,-1.5173,0.2391,0.0374
11415,1189,745,33.727,25.832,-0.0012,-0.056,9.8604,-0.2177,0.0859,0.0177
11420,1184,741,33.733,25.693,-0.0454,-0.0434,9.8184,-0.2906,-0.2167,-0.2179
11425,1184,740,33.691,25.761,0.0632,0.0769,9.9049,0.3099,0.4346,-0.4602
11430,1194,739,33.692,25.698,0.0487,-0.0026,9.8701,-0.6624,0.2313,0.0066
11435,1190,747,33.652,25.776,-0.0015,-0.0468,9.7908,-0.0201,-0.7461,-0.6187
11440,1182,743,33.755,25.743,0.0155,0.0814,9.8094,-0.1082,0.1319,-0.2413
11445,1178,746,33.818,25.758,-0.0501,-0.0208,9.8043,0.469,-0.0919,-0.2295
11450,1174,741,33.669,25.671,0.0278,-0.02,9.7853,0.9477,-0.0224,0.0726
11455,1178,749,33.725,25.722,0.0474,-0.1016,9.8288,-0.8973,-0.3234,-0.3234
11460,1175,756,33.718,25.801,-0.0205,0.039,9.7743,0.3682,-0.0539,0.311
11465,1160,756,33.76,25.776,-0.1247,-0.045,9.8084,-0.9518,0.7724,0.5944
11470,1170,755,33.739,25.754,-0.016,-0.0271,9.796,0.1439,0.2421,-0.1495
11475,1154,755,33.751,25.674,0.0249,0.0796,9.7835,-0.4051,-0.7351,0.6986
11480,1152,758,33.701,25.651,0.0234,0.0999,9.8934,-0.678,0.0153,0.0523
11485,1160,763,33.588,25.753,0.0411,-0.0681,9.7409,-1.1146,-0.1646,-0.2669
11490,1150,764,33.698,25.632,0.0725,0.0028,9.8207,-0.3684,-0.2743,-0.825
11495,1128,765,33.694,25.832,0.03,0.0319,9.6954,0.239,0.1293,-0.1925
11500,1141,772,33.789,25.776,-0.0219,-0.0064,9.9154,-0.0517,-0.1393,0.6866
11505,1127,775,33.68,25.785,0.0234,-0.0597,9.8607,-0.2551,-0.1586,-0.0304
11510,1128,777,33.683,25.796,0.0124,0.0823,9.7627,0.0821,-0.7621,0.1587
11515,1127,783,33.608,25.832,0.1284,0.0416,9.8727,-0.1197,1.1238,-0.2303
11520,1115,783,33.724,25.813,0.1416,-0.0317,9.8443,-0.479,-0.9781,0.1693
11525,1118,788,33.749,25.765,-0.0058,-0.1057,9.7713,0.2051,-0.7852,-0.5249
11530,1118,793,33.747,25.788,-0.0464,0.105,9.8048,-0.6585,-0.444,-0.2514
11535,1113,794,33.75,25.749,-0.0075,-0.0052,9.7457,-0.5096,0.7283,-0.4832
11540,1109,797,33.731,25.704,0.0383,0.0394,9.7869,-0.1465,-1.3841,0.6932
11545,1109,804,33.771,25.693,-0.1064,-0.0602,9.8031,0.4175,-0.4782,-0.0859
11550,1113,805,33.749,25.729,0.0469,-0.0353,9.7492,-0.2343,-1.0477,0.4569
11555,1103,808,33.694,25.754,-0.0299,0.0494,9.7924,-0.0409,-0.1145,-0.4687
11560,1105,810,33.711,25.762,0.0346,-0.0616,9.8218,-0.4878,0.2603,0.135
11565,1098,808,33.715,25.756,0.016,0.0308,9.9354,-0.1596,0.2791,-0.3517
11570,1090,820,33.734,25.709,-0.0339,-0.0357,9.8437,0.5861,0.1515,-0.0363
11575,1089,816,33.72,25.631,0.0657,-0.0048,9.8101,0.4236,-0.7662,0.1291
11580,1087,818,33.664,25.747,0.0111,0.0669,9.8023,0.3418,0.4027,0.3249
11585,1084,823,33.634,25.748,-0.0806,0.0778,9.894,-0.7172,0.3399,0.1014
11590,1092,827,33.67,25.727,0.0213,0.018,9.841,-0.211,-0.0495,-0.6674
11595,1078,831,33.687,25.811,0.0731,0.0435,9.7336,0.1582,0.8728,-0.6857
11600,1081,834,33.64,25.758,-0.0229,-0.0666,9.8226,-0.1421,-0.1013,0.219
11605,1076,835,33.694,25.828,-0.1102,0.0013,9.6859,0.2617,0.8817,-0.0083
11610,1082,833,33.807,25.733,-0.0298,0.1146,9.7905,-0.6601,1.342,0.0563
11615,1071,836,33.774,25.716,-0.0323,-0.0267,9.8631,-0.133,0.4842,0.676
11620,1062,837,33.718,25.805,-0.0209,0.0198,9.7788,-0.4718,0.1492,-0.263
11625,1065,843,33.71,25.712,0.0394,-0.0394,9.7929,-0.5546,-0.5541,-0.3392
11630,1068,842,33.699,25.787,0.0036,-0.0878,9.8466,0.1717,-0.8104,0.6928
11635,1049,846,33.652,25.767,-0.032,-0.0376,9.7722,-0.1194,0.2088,-0.7966
11640,1055,842,33.599,25.756,-0.0053,0.0137,9.8165,0.2241,-0.7302,-0.3402
11645,1055,844,33.621,25.666,-0.0364,-0.0474,9.8511,0.3072,0.3256,-0.0575
11650,1046,850,33.68,25.789,-0.0669,-0.0204,9.7431,-0.3944,0.4718,-0.0495
11655,1045,846,33.725,25.633,0.0662,0.0013,9.8528,-0.4536,0.0809,-0.0646
11660,1035,844,33.763,25.733,-0.0511,0.0004,9.7308,-0.4431,0.0339,-0.1085
11665,1028,847,33.767,25.783,0.0684,-0.1097,9.8459,-0.2884,0.6669,-0.2722
11670,1016,845,33.681,25.807,-0.0386,0.0417,9.9241,0.1629,0.3209,-0.1928
11675,1016,850,33.717,25.778,0.0449,-0.0869,9.8627,0.4285,0.4002,0.0669
11680,1006,850,33.639,25.709,0.0443,-0.0086,9.7658,0.4141,-0.2752,-0.4662
11685,1010,844,33.712,25.648,-0.0144,-0.0022,9.7859,-0.6519,-1.1688,0.2256
11690,993,839,33.681,25.708,0.018,-0.0302,9.849,1.2586,-0.1085,0.3107
11695,989,844,33.706,25.712,0.0349,-0.0538,9.8701,0.0669,0.287,0.2495
11700,975,849,33.703,25.65,-0.0591,0.0218,9.7818,0.2762,-0.6663,-0.4353
11705,974,836,33.683,25.749,-0.0629,-0.0536,9.8468,-0.3714,0.4493,-0.3317
11710,965,844,33.745,25.665,0.0695,0.0749,9.7404,0.0614,0.2905,0.4523
11715,952,846,33.661,25.708,-0.0885,0.0246,9.8481,0.6924,-0.2911,-0.3184
11720,947,840,33.617,25.764,0.0275,-0.0049,9.7466,0.4311,-0.0377,-0.3193
11725,935,836,33.689,25.759,-0.1217,0.0504,9.7441,-0.0289,0.222,0.3343
11730,923,840,33.688,25.679,-0.0247,0.057,9.8349,0.724,-0.1115,0.0676
11735,912,838,33.742,25.637,-0.0055,-0.0066,9.8094,-0.5095,-0.0139,-0.611
11740,905,838,33.729,25.774,-0.0138,-0.0319,9.7896,-0.0551,0.2166,0.0053
11745,887,833,33.707,25.788,0.043,-0.1276,9.7896,-0.3589,-1.1322,0.3962
11750,888,837,33.666,25.775,0.0438,0.0411,9.8454,0.0011,-0.8604,-0.0239
11755,881,832,33.683,25.737,-0.0237,0.0249,9.8336,-0.2095,0.1013,0.1
11760,869,827,33.688,25.711,0.0205,-0.0041,9.7628,-0.0658,0.5385,-0.3482
11765,861,831,33.657,25.797,0.0111,0.0314,9.7783,-0.3178,1.1861,-0.4038
11770,840,836,33.683,25.842,-0.0004,-0.0404,9.8289,0.3716,-0.2284,-0.4933
11775,830,828,33.747,25.715,0.1645,0.0189,9.8078,-0.2194,0.3036,0.0081
11780,825,830,33.722,25.729,-0.057,0.0072,9.8555,-0.1784,0.6312,-0.0058
11785,826,827,33.647,25.727,0.0066,-0.0178,9.7946,-0.7247,-0.5483,0.2562
11790,801,828,33.667,25.757,0.0019,-0.0106,9.7056,-0.053,-0.1444,0.0159
11795,791,825,33.707,25.76,-0.0154,0.0675,9.7316,-0.7321,1.4115,0.5731
11800,787,828,33.709,25.706,-0.062,0.0564,9.9073,0.2119,0.983,0.362
11805,781,823,33.812,25.722,-0.0531,-0.0071,9.8972,-0.6048,0.2696,0.9019
11810,775,829,33.682,25.739,0.0376,-0.1343,9.8225,-0.002,-0.4553,-0.0122
11815,769,825,33.742,25.761,0.0153,0.0615,9.8535,-0.4285,0.2545,1.4912
11820,768,822,33.746,25.794,0.0189,0.0058,9.8346,-0.4177,0.1517,0.2828
11825,759,823,33.694,25.804,0.0222,0.0443,9.6921,0.0799,0.5686,0.1692
11830,760,822,33.772,25.688,-0.0458,-0.0152,9.8573,0.6796,-0.5618,0.0445
11835,756,824,33.694,25.773,-0.004,0.0677,9.8808,0.0601,-0.2166,-0.3456
11840,761,823,33.715,25.78,-0.1009,-0.0479,9.7653,-0.1527,-0.2921,-0.6454
11845,748,830,33.767,25.625,-0.0762,-0.0516,9.7909,-0.0825,-0.2051,-0.3873
11850,754,822,33.698,25.729,-0.0797,-0.0024,9.8078,-0.1535,-0.128,0.2962
11855,745,822,33.732,25.72,0.0625,-0.0186,9.8201,-0.7202,0.5998,0.6908
11860,743,824,33.791,25.727,0.0292,0.0174,9.7643,-1.2178,-0.1055,-0.1211
11865,753,816,33.745,25.711,-0.091,0.0019,9.8523,-0.736,-0.0628,0.3734
11870,750,812,33.836,25.749,-0.0003,-0.0342,9.7728,-0.3268,-0.0192,-0.2296
11875,756,813,33.663,25.772,-0.059,0.1254,9.8466,0.0225,0.0968,-1.0016
11880,767,816,33.732,25.714,-0.0578,-0.0687,9.8045,-0.1641,0.2959,-0.6422
11885,764,822,33.695,25.82,0.0262,0.0094,9.8071,0.088,-0.2104,-0.0779
11890,771,818,33.664,25.74,0.022,-0.0277,9.8149,0.2259,0.804,0.1549
11895,772,810,33.758,25.748,0.0494,0.0172,9.8406,-0.1973,0.3414,-0.214
11900,791,813,33.767,25.77,-0.0101,0.0425,9.8905,-0.3712,-0.2915,-0.1359
11905,794,811,33.654,25.807,0.0425,-0.0116,9.6958,0.1381,0.609,1.1105
11910,806,813,33.712,25.734,-0.052,0.0059,9.7332,-0.3264,-0.2059,0.2677
11915,812,807,33.686,25.822,0.036,-0.0367,9.8764,0.0757,-0.1667,-0.7872
11920,814,803,33.723,25.797,0.0247,-0.0953,9.785,0.5232,-0.0523,-0.2859
11925,823,804,33.672,25.665,-0.0536,-0.0196,9.8352,0.4579,0.0441,-0.1647
11930,845,806,33.746,25.84,0.1022,0.0166,9.7745,-0.0121,0.1437,-0.388
11935,849,801,33.653,25.844,-0.0076,0.0758,9.8772,-0.9432,-0.5307,-0.1108
11940,863,798,33.694,25.768,0.055,0.0122,9.8548,0.112,0.252,0.0582
11945,876,801,33.71,25.752,-0.0045,0.0426,9.8859,-0.1687,0.277,0.3754
11950,888,796,33.678,25.751,0.0739,-0.0421,9.7426,-0.1444,0.4336,-0.0194
11955,909,790,33.774,25.695,0.0083,-0.0726,9.7302,-0.2168,0.0789,0.9572
11960,912,796,33.755,25.64,0.0268,0.0669,9.8481,0.0148,-0.3837,-0.19
11965,928,795,33.687,25.758,0.0053,-0.0157,9.8246,0.4574,-0.2483,-0.6972
11970,944,785,33.715,25.661,-0.0749,-0.0164,9.8379,0.3597,-0.8474,-0.0738
11975,965,787,33.735,25.773,-0.0492,0.0754,9.8915,-1.1522,0.4841,-0.465
11980,968,782,33.746,25.723,0.0035,-0.0029,9.8063,0.0075,0.4408,0.5198
11985,982,781,33.762,25.721,0.0282,0.037,9.8805,-1.0261,-0.4528,-0.4248
11990,1004,781,33.621,25.713,0.0127,-0.021,9.7785,-0.0766,-0.6561,-0.2752
11995,1014,777,33.694,25.705,0.0532,0.0022,9.762,0.1564,-1.1384,0.737
12000,1032,773,33.705,25.743,0.0184,0.0536,9.825,0.1558,-0.1395,-0.114
12005,1038,776,33.655,25.749,0.0057,-0.0934,9.8324,-0.5518,-1.0692,0.2673
12010,1052,770,33.852,25.682,0.0116,0.0371,9.8724,0.9677,-0.4569,-0.6954
12015,1067,769,33.725,25.679,0.0893,0.0155,9.8145,-0.0177,-0.5613,0.1891
12020,1069,769,33.727,25.742,0.0391,-0.0591,9.7944,0.4088,-0.3138,0.8513
12025,1080,758,33.709,25.652,0.0083,0.0726,9.8143,-0.1411,-1.2058,-0.0117
12030,1099,765,33.666,25.676,-0.0264,-0.0034,9.7554,-0.093,-0.4362,-0.3503
12035,1103,757,33.722,25.794,-0.0116,0.0247,9.7822,-0.529,0.9905,0.2159
12040,1112,757,33.633,25.666,0.0146,-0.0298,9.8024,0.0365,-0.2726,0.5096
12045,1127,752,33.667,25.816,0.0669,0.0464,9.8761,-0.2016,-0.076,-0.0372
12050,1136,751,33.69,25.771,0.0967,-0.0053,9.7979,0.4349,0.1515,0.0681
12055,1140,751,33.669,25.704,0.0295,-0.0201,9.7685,-1.4224,-0.6438,0.0187
12060,1141,745,33.599,25.784,-0.0048,0.0987,9.7555,-0.1011,-0.4665,-0.005
12065,1156,749,33.605,25.79,-0.003,-0.0505,9.7522,-0.3924,-0.9297,0.5666
12070,1160,746,33.673,25.763,-0.0612,0.0667,9.7942,0.3983,0.259,-0.3541
12075,1166,746,33.675,25.784,-0.0728,-0.0001,9.8396,0.3365,-0.2977,-0.1216
12080,1173,740,33.788,25.751,-0.0041,0.076,9.7969,-0.1896,0.2725,0.2468
12085,1176,738,33.669,25.753,-0.0026,0.0354,9.7689,0.8012,-0.6454,0.6432
12090,1179,740,33.7,25.744,0.0741,0.1013,9.7532,1.0851,0.1525,-0.3166
12095,1186,739,33.683,25.761,0.0328,-0.0539,9.6936,0.112,0.5604,0.7479
12100,1182,743,33.627,25.736,-0.0202,-0.0138,9.8118,-0.4564,0.9411,0.0824
12105,1182,739,33.751,25.739,0.0282,0.0638,9.9161,-0.2255,-0.8081,0.6167
12110,1196,736,33.684,25.832,-0.0329,-0.0399,9.8496,-0.3947,0.9557,-0.0452
12115,1176,737,33.748,25.694,0.0258,0.0137,9.8406,-0.6228,0.7537,0.2217
12120,1190,736,33.807,25.779,0.0668,0.0395,9.7556,-0.541,0.1518,0.2262
12125,1187,737,33.78,25.788,-0.04,-0.0226,9.7461,-0.451,-0.2837,0.1234
12130,1192,739,33.659,25.804,0.0283,-0.0328,9.9048,-0.03,-0.3699,0.0204
12135,1189,734,33.664,25.828,0.0362,-0.0013,9.8349,-0.8063,-0.4223,-0.1232
12140,1186,742,33.684,25.805,-0.0755,-0.0041,9.7759,0.686,0.2316,-0.5028
12145,1173,741,33.746,25.746,0.0754,-0.0814,9.8652,-0.7142,0.3701,-0.4151
12150,1178,745,33.718,25.714,0.0482,-0.031,9.8127,0.237,-0.2842,0.0958
12155,1170,747,33.703,25.792,0.0321,0.0179,9.7648,0.5052,-0.7867,-0.006
12160,1173,746,33.619,25.724,0.0159,0.0114,9.7823,-0.5425,-0.3607,0.2795
12165,1181,752,33.678,25.776,0.0462,-0.0173,9.7952,-0.3444,1.1202,-0.3493
12170,1162,759,33.72,25.694,-0.028,-0.0705,9.7197,-0.257,-1.3328,-0.1662
12175,1166,756,33.713,25.729,-0.0237,0.008,9.828,-0.6707,-0.1926,-1.0667
12180,1161,756,33.655,25.77,0.0136,-0.0205,9.7115,0.074,0.0954,-0.2692
12185,1150,757,33.619,25.69,-0.0057,0.0026,9.8407,-0.3929,-0.6439,0.604
12190,1159,768,33.672,25.774,-0.1323,-0.1138,9.8409,0.441,0.1509,-0.7104
12195,1149,766,33.682,25.701,-0.0061,-0.0036,9.8559,-0.2645,0.3746,-0.6926
12200,1152,770,33.638,25.738,-0.0203,-0.0581,9.8079,0.1153,0.8353,0.5798
12205,1141,772,33.721,25.782,-0.0158,-0.0361,9.7951,0.1868,-0.461,-0.0929
12210,1135,779,33.785,25.736,-0.0465,0.0019,9.8389,0.5239,1.0133,-0.4095
12215,1138,778,33.653,25.802,-0.1115,0.0031,9.861,-0.1727,-0.0419,0.6032
12220,1125,779,33.653,25.697,0.0045,0.0038,9.7703,0.514,0.0399,-0.9152
12225,1119,777,33.768,25.772,-0.0456,-0.0634,9.7631,0.1359,-0.3854,-0.6295
12230,1124,792,33.657,25.688,-0.0452,-0.0201,9.8205,0.6384,0.3389,-0.5483
12235,1121,792,33.637,25.734,0.0871,0.025,9.7357,-0.5564,0.1304,0.0261
12240,1110,796,33.728,25.768,-0.0134,0.0848,9.7833,0.5987,0.1761,-0.1079
12245,1123,798,33.632,25.747,0.0639,0.0533,9.8154,-0.5495,-0.6321,0.7741
12250,1119,809,33.693,25.681,-0.0323,-0.1032,9.8433,-0.154,0.5613,1.0926
12255,1113,804,33.698,25.72,-0.089,-0.0056,9.7409,-0.2673,0.2177,0.0728
12260,1101,813,33.783,25.837,-0.0212,0.0005,9.729,-0.1022,-0.0144,-0.1813
12265,1093,811,33.706,25.718,-0.0251,0.0537,9.8069,-0.0935,0.5274,-0.0626
12270,1096,813,33.722,25.72,-0.0274,0.0429,9.8105,0.2448,0.1963,0.8289
12275,1098,811,33.708,25.668,-0.014,0.0234,9.8684,-0.4167,-0.3292,-0.1509
12280,1094,823,33.728,25.732,-0.0496,0.0415,9.791,0.4696,-0.5893,-0.2624
12285,1094,820,33.667,25.789,0.0442,0.0344,9.8303,-0.0643,-0.3605,0.2358
12290,1096,831,33.675,25.753,0.0036,0.0377,9.8417,0.3334,0.706,0.4116
12295,1081,828,33.63,25.805,0.0178,-0.016,9.8287,0.849,0.5797,-0.0564
12300,1086,831,33.777,25.702,-0.0411,0.0052,9.8014,0.0055,0.2397,0.7028
12305,1081,828,33.684,25.804,-0.0558,-0.0076,9.7154,0.4051,1.2761,-0.184
12310,1078,838,33.703,25.802,0.0726,0.0291,9.8779,-0.333,-1.2471,0.1752
12315,1078,834,33.686,25.803,0.0636,-0.0512,9.8021,0.2483,-0.3345,-0.0112
12320,1077,835,33.653,25.696,-0.0072,-0.0316,9.7782,0.1325,-0.1152,-0.5867
12325,1067,840,33.766,25.748,-0.0053,0.0791,9.7358,0.006,-0.444,0.2301
12330,1067,844,33.731,25.802,0.0465,-0.0941,9.8028,1.1727,0.0399,-0.2276
12335,1071,844,33.817,25.741,-0.0315,-0.0003,9.8115,0.3705,-0.1942,0.2874
12340,1062,842,33.696,25.791,-0.0488,0.0586,9.8777,0.1141,0.3111,-0.0729
12345,1054,842,33.65,25.754,0.0467,0.0307,9.8127,0.894,0.1546,-0.0635
12350,1051,843,33.817,25.761,-0.0066,-0.0069,9.7486,0.1995,0.2826,0.051
12355,1044,847,33.707,25.699,0.0269,0.0126,9.8613,0.3317,0.3471,-1.1543
12360,1042,844,33.788,25.717,0.0519,0.0104,9.8275,-0.012,-0.3481,-1.037
12365,1034,845,33.659,25.83,-0.0416,-0.0267,9.7832,-1.0563,-0.266,0.4021
12370,1033,844,33.606,25.758,-0.0467,-0.0074,9.779,-0.046,-0.2338,0.9592
12375,1025,843,33.751,25.778,0.0157,-0.058,9.7956,0.3272,-0.1151,0.6494
12380,1015,846,33.726,25.673,0.0409,0.0573,9.7645,-0.0157,0.6961,-0.1375
12385,1008,842,33.734,25.739,0.044,-0.0603,9.8414,-0.0385,0.515,-0.9072
12390,1009,846,33.687,25.665,0.0416,-0.0387,9.9246,-0.5019,0.3258,-0.602
12395,998,845,33.727,25.739,-0.0591,-0.0534,9.8311,0.3517,-0.2303,-0.1082
12400,990,840,33.661,25.681,-0.0094,-0.0563,9.7644,0.0273,0.0949,0.9828
12405,977,840,33.698,25.791,-0.0495,-0.046,9.8404,0.1554,-0.1073,-0.6214
12410,979,842,33.727,25.716,0.0068,0.0094,9.8149,0.3913,0.6839,0.122
12415,966,841,33.692,25.763,-0.0297,-0.0413,9.7473,-0.4181,0.7152,0.262
12420,961,843,33.739,25.705,0.018,-0.0352,9.9205,-0.0199,-0.311,-0.0094
12425,938,840,33.626,25.669,0.0361,-0.0605,9.7553,-0.1146,0.5641,0.3156
12430,938,842,33.737,25.662,0.0109,-0.0339,9.7899,0.2334,0.7978,-0.6399
12435,926,839,33.701,25.791,0.0536,0.0403,9.7824,-0.3996,-0.7379,-0.7249
12440,917,838,33.74,25.74,-0.0731,-0.0568,9.7479,-0.1605,-0.131,-0.2892
12445,908,832,33.661,25.717,0.031,-0.0943,9.8739,0.3055,-0.2319,0.8389
12450,899,835,33.744,25.616,0.0206,-0.0284,9.7789,0.5629,0.2862,0.3771
12455,888,834,33.672,25.814,-0.0269,0.0258,9.884,-0.645,-0.0621,0.2205
12460,871,831,33.631,25.845,0.0753,0.0172,9.7528,0.0897,-0.431,-0.911
12465,869,838,33.75,25.77,-0.033,-0.0522,9.7955,0.1132,0.4031,0.2556
12470,858,824,33.807,25.749,0.0174,0.0725,9.8067,-0.8522,0.1285,-0.1635
12475,859,832,33.701,25.767,0.0151,-0.0483,9.8473,1.5879,-0.1714,-0.4685
12480,831,832,33.744,25.822,-0.1119,0.024,9.7591,0.9015,0.1907,-0.3906
12485,825,833,33.74,25.728,-0.0594,0.0516,9.8336,-0.4534,0.5029,-0.3151
12490,821,831,33.663,25.686,-0.0923,-0.012,9.7928,-0.4562,-0.1502,-0.3831
12495,810,828,33.713,25.797,0.0033,0.0033,9.7934,-0.3589,0.1917,-0.5288
12500,808,832,33.768,25.778,-0.0616,-0.0494,9.812,0.0826,-0.0387,-0.544
12505,788,823,33.636,25.705,-0.019,0.0557,9.7731,-0.1764,-0.2358,0.0503
12510,795,824,33.741,25.737,-0.0535,-0.0532,9.8627,-0.1002,0.3532,-0.1511
12515,784,827,33.67,25.69,0.0317,0.0103,9.8245,0.05,0.473,0.0843
12520,770,824,33.733,25.78,0.0486,0.0976,9.8872,-0.6623,0.2368,-0.2578
12525,765,822,33.766,25.859,-0.0207,0.034,9.8387,0.6036,0.5493,0.2544
12530,762,822,33.652,25.805,0.054,0.0639,9.8342,0.9366,-0.3357,-0.1207
12535,749,819,33.774,25.698,0.0493,0.0182,9.8559,0.4935,0.2917,0.1697
12540,755,823,33.724,25.82,-0.0576,0.0039,9.8392,0.4728,-0.0675,0.0044
12545,744,824,33.716,25.799,0.0359,0.0073,9.8585,-0.0364,-0.6008,0.1497
12550,749,825,33.681,25.78,0.0618,-0.0429,9.7649,-0.0322,1.0771,0.0323
12555,745,820,33.612,25.648,-0.0642,0.0902,9.8178,-0.4935,0.5938,0.3227
12560,749,821,33.652,25.738,0.0364,0.0264,9.8781,0.3878,0.3499,-0.6135
12565,745,824,33.623,25.696,0.0189,0.0237,9.8258,-0.6152,0.3699,-0.0576
12570,746,817,33.684,25.812,0.0119,-0.0762,9.8197,-0.3807,-0.8462,0.2462
12575,745,818,33.656,25.72,-0.0001,0.0103,9.8489,0.3093,0.0647,0.4527
12580,752,817,33.59,25.756,-0.0438,-0.0521,9.8219,-0.7494,0.5098,-1.1076
12585,756,820,33.639,25.65,0.0102,-0.0401,9.8506,0.2865,1.0513,-0.1172
12590,758,816,33.679,25.721,0.041,0.0037,9.8913,-1.383,1.089,-0.4325
12595,770,815,33.709,25.829,0.0506,0.0551,9.7957,-0.339,-0.6177,-0.0283
12600,778,815,33.672,25.756,-0.015,0.0153,9.749,-0.9457,-0.3449,-0.731
12605,774,814,33.751,25.739,0.045,0.0825,9.8698,-0.1064,0.2137,-0.0564
12610,784,811,33.701,25.777,0.0399,0.0217,9.8159,0.1092,0.6639,-0.1899
12615,800,813,33.777,25.808,-0.0255,-0.0156,9.8304,0.2265,-0.2201,-0.1499
12620,814,813,33.701,25.723,0.0709,0.0684,9.8124,0.1764,-0.3435,0.4434
12625,816,812,33.701,25.716,0.0241,-0.0713,9.6869,0.5131,0.5743,0.9564
12630,828,810,33.765,25.719,-0.0504,0.0194,9.916,-0.1665,0.701,0.3607
12635,840,805,33.63,25.726,0.0925,-0.0571,9.7993,-0.1685,0.3446,-0.4144
12640,853,801,33.669,25.76,-0.0507,0.1053,9.7645,1.1414,-0.7486,-0.3037
12645,863,801,33.702,25.661,0.055,0.0226,9.8089,0.5635,0.434,0.0656
12650,879,800,33.691,25.814,-0.1095,-0.0808,9.8008,-0.1411,-1.2142,0.4951
12655,887,794,33.606,25.767,0.003,0.0089,9.834,-0.0996,0.4336,-0.8405
12660,901,797,33.621,25.757,-0.0188,-0.0381,9.7584,0.1487,0.1679,0.0635
12665,912,793,33.628,25.731,0.014,0.0545,9.76,-0.1505,0.3252,-0.6032
12670,917,786,33.78,25.68,-0.0426,0.0239,9.7893,-0.351,0.3897,-0.5606
12675,937,791,33.667,25.8,0.0819,-0.0956,9.7981,-0.4016,0.5269,0.5175
12680,963,787,33.766,25.762,0.0312,-0.0334,9.7302,-0.2716,-0.0818,-0.2179
12685,969,784,33.739,25.742,0.0208,0.0086,9.8553,-0.5176,0.2675,0.2187
12690,981,782,33.735,25.812,0.0305,0.0116,9.849,0.0235,-1.3372,-0.4282
12695,1000,780,33.656,25.71,-0.0041,-0.0522,9.8303,0.6808,-0.3134,1.1533
12700,1003,775,33.784,25.766,-0.0084,0.0422,9.7844,-0.3507,0.4124,-0.0436
12705,1022,778,33.643,25.726,0.0269,-0.0127,9.7683,0.2386,-0.6566,-0.2437
12710,1035,775,33.731,25.803,-0.0574,-0.0443,9.7847,-0.7564,-0.0522,-0.1489
12715,1051,775,33.731,25.854,0.0329,-0.012,9.8523,0.0517,-0.6825,0.0739
12720,1062,763,33.693,25.748,-0.0067,0.0743,9.8823,-0.0918,-0.3358,0.5361
12725,1067,764,33.678,25.725,0.0733,-0.0211,9.7346,-0.0993,-0.4913,-0.8897
12730,1074,760,33.73,25.787,-0.0174,0.028,9.8089,-0.6992,-0.3935,0.5823
12735,1100,761,33.654,25.766,0.0997,0.0827,9.8611,-0.6469,-0.7566,-0.5098
12740,1099,757,33.645,25.702,-0.0022,0.0147,9.7937,0.6977,0.5389,-0.4098
12745,1107,752,33.648,25.834,-0.0012,0.122,9.7371,-0.367,-0.9576,-0.8146
12750,1120,752,33.631,25.789,-0.0622,0.0064,9.7589,0.1695,0.3507,-0.488
12755,1126,750,33.561,25.778,-0.0063,0.0651,9.8079,0.1272,-0.7219,-0.5442
12760,1136,749,33.765,25.808,-0.0245,0.0386,9.8504,0.2514,-0.5425,0.3781
12765,1143,745,33.675,25.702,-0.0238,-0.0381,9.9101,0.6824,0.0908,-0.0543
12770,1154,744,33.747,25.718,-0.0071,-0.0531,9.8353,0.0995,-0.1447,-0.1234
12775,1158,745,33.648,25.749,0.0005,0.0115,9.764,0.0158,-0.0678,0.1416
12780,1175,745,33.695,25.745,0.006,-0.054,9.8759,0.4559,-0.126,0.2033
12785,1170,739,33.663,25.69,-0.1061,0.0365,9.8699,0.5803,-0.0655,0.2273
12790,1177,743,33.732,25.816,0.0421,-0.0349,9.8891,0.2997,0.0622,0.2196
12795,1170,743,33.73,25.844,0.105,0.08,9.8648,0.108,0.4375,0.0808
12800,1179,738,33.739,25.763,-0.0172,-0.0263,9.7903,-0.7687,-0.0835,0.6422
12805,1180,744,33.641,25.739,-0.0379,-0.0468,9.8417,-0.2084,-0.3979,-0.934
12810,1183,738,33.76,25.697,0.0298,0.044,9.8358,-0.2511,0.4133,-0.7511
12815,1190,737,33.701,25.79,0.0238,-0.0494,9.7758,-0.5142,0.3273,1.033
12820,1184,738,33.67,25.818,-0.0461,-0.0441,9.8861,-0.0592,-1.0042,-0.2898
12825,1189,739,33.61,25.712,-0.0994,0.0167,9.7317,-0.2202,-0.5386,-0.4908
12830,1180,736,33.823,25.719,0.1017,0.0869,9.8339,-0.0945,-0.0765,0.187
12835,1185,739,33.632,25.744,0.0097,0.0234,9.8002,1.2001,-0.1122,0.5453
12840,1176,736,33.756,25.743,0.1079,0.0022,9.8125,0.2375,0.1016,0.8395
12845,1177,741,33.589,25.732,-0.0048,0.0041,9.7797,-0.3822,0.0381,-0.0049
12850,1196,743,33.709,25.692,0.0139,-0.0433,9.8084,0.0077,-0.1331,-0.0956
12855,1181,745,33.735,25.794,0.0204,-0.0154,9.9298,0.4128,-0.3433,-0.2423
12860,1172,746,33.748,25.792,-0.1279,-0.0172,9.754,0.8907,0.448,-0.6491
12865,1174,741,33.731,25.733,-0.0119,0.0143,9.8216,0.4016,0.6069,-0.088
12870,1172,745,33.803,25.752,0.0441,-0.0036,9.9435,-0.4813,0.1614,0.0933
12875,1167,749,33.743,25.792,0.0204,0.0494,9.7839,-0.052,-0.0905,0.5136
12880,1170,752,33.714,25.769,0.0408,-0.0032,9.7978,0.0835,-0.0022,-0.0801
12885,1162,758,33.66,25.723,0.0154,-0.1086,9.8558,0.2565,0.4588,-0.682
12890,1168,762,33.702,25.761,0.0442,-0.0217,9.6869,0.8414,-0.528,0.1475
12895,1154,762,33.702,25.731,-0.0459,0.0089,9.7923,0.2557,-0.3296,-0.991
12900,1147,766,33.729,25.725,0.0257,-0.0452,9.7686,0.0827,-0.3216,-0.2652
12905,1148,767,33.706,25.702,0.0814,-0.0276,9.8493,-0.1746,0.6791,-0.093
12910,1143,770,33.672,25.806,0.0506,-0.0685,9.8674,-0.0173,0.6268,0.9859
12915,1132,776,33.705,25.685,0.0265,-0.0173,9.8303,-0.3121,0.0745,0.4665
12920,1137,772,33.668,25.728,-0.0197,-0.0212,9.7482,-0.1398,0.1022,0.1803
12925,1126,779,33.711,25.744,-0.0226,-0.0172,9.7528,-0.2922,-0.4306,0.2133
12930,1120,777,33.699,25.764,-0.0342,0.011,9.8032,0.9679,-0.6185,0.1309
12935,1123,785,33.732,25.747,0.0046,0.0495,9.6711,-0.3509,-0.3109,-0.571
12940,1116,788,33.647,25.807,0.057,-0.0211,9.8547,-0.7337,-0.1366,-0.4118
12945,1109,797,33.719,25.691,0.1007,-0.0387,9.9125,-0.4209,-1.0495,0.1928
12950,1113,799,33.707,25.717,0.0426,0.0174,9.7574,-0.4291,-0.3721,0.5508
12955,1099,801,33.542,25.724,0.0677,-0.0732,9.797,0.2561,0.4662,-0.5883
12960,1105,806,33.764,25.813,-0.0169,-0.0195,9.8089,-0.3167,0.0528,0.7188
12965,1116,807,33.727,25.847,0.0585,0.065,9.7437,-0.1535,-0.507,0.1588
12970,1090,809,33.823,25.753,0.0372,-0.0466,9.8472,0.3616,0.6245,0.112
12975,1101,814,33.737,25.744,-0.0183,0.009,9.8144,-1.4973,0.8197,1.0473
12980,1093,812,33.725,25.763,-0.0065,-0.0035,9.8188,0.115,-0.3301,-0.4508
12985,1094,820,33.69,25.727,0.0003,-0.0639,9.832,-0.4982,0.3894,1.0591
12990,1092,823,33.712,25.725,-0.0401,-0.0895,9.7624,-0.9811,0.1329,-0.4649
12995,1088,824,33.655,25.765,-0.0316,-0.0716,9.8236,0.0587,0.4003,0.1666
13000,1090,826,33.63,25.747,-0.0578,0.0533,9.709,-0.1272,-0.551,-0.3167
13005,1085,824,33.683,25.723,-0.0154,-0.0379,9.8694,0.2787,0.0997,0.4063
13010,1087,832,33.713,25.733,0.0291,0.0088,9.8274,0.3795,-0.0712,1.0235
13015,1083,828,33.713,25.801,-0.0306,-0.02,9.7842,0.1729,0.0459,0.0592
13020,1084,831,33.705,25.686,0.0053,0.0379,9.7774,-0.2909,0.6934,-0.5618
13025,1065,832,33.706,25.688,0.0444,0.0135,9.9249,-0.6769,0.6927,0.8539
13030,1065,837,33.759,25.741,-0.0102,-0.0006,9.7629,-0.1491,0.0062,-0.3669
13035,1065,834,33.716,25.785,-0.0682,-0.0164,9.8587,0.2479,-0.0096,0.0121
13040,1061,841,33.711,25.811,0.0328,-0.0107,9.8142,0.1147,0.0666,1.4039
13045,1050,846,33.747,25.827,0.0182,-0.0495,9.831,0.2637,-0.1442,-0.9515
13050,1069,849,33.7,25.719,0.0393,-0.043,9.7557,-0.7469,0.3169,0.2821
13055,1049,840,33.769,25.779,-0.0319,-0.0114,9.8337,0.4752,-0.7778,0.9005
13060,1056,841,33.635,25.754,-0.0244,-0.0771,9.7924,0.3943,-0.5484,1.277
13065,1042,844,33.775,25.815,-0.0592,-0.1254,9.8443,-0.5605,0.5101,0.5048
13070,1032,844,33.741,25.811,-0.0027,0.0405,9.8114,-0.244,0.2446,-0.7562
13075,1037,844,33.708,25.826,0.0205,0.023,9.7621,-0.1834,0.2007,0.1981
13080,1028,846,33.656,25.715,0.005,0.0326,9.7759,0.0703,-0.4058,-0.2006
13085,1022,850,33.673,25.808,-0.0364,0.0817,9.8529,-0.2893,0.1349,0.0103
13090,1016,846,33.717,25.669,-0.0086,-0.0095,9.8689,-0.3898,-0.3654,-0.7169
13095,1011,846,33.676,25.799,0.062,0.0494,9.8122,0.1603,0.1409,-0.0422
13100,1003,848,33.649,25.869,-0.0234,0.0281,9.8355,0.0276,0.3617,0.6552
13105,1000,840,33.602,25.688,-0.0594,0.0527,9.8187,0.0029,0.6119,0.3459
13110,989,841,33.671,25.755,-0.0033,0.0396,9.8272,0.1519,-0.4614,-0.5487
13115,974,841,33.667,25.822,-0.0104,-0.0318,9.798,-0.3999,-0.1793,0.1576
13120,964,842,33.756,25.758,-0.0907,-0.0736,9.7737,-1.009,-0.1232,0.057
13125,955,838,33.698,25.803,-0.0182,0.0148,9.7925,0.1043,-0.1086,0.1096
13130,945,842,33.698,25.749,-0.0017,0.0386,9.782,0.3783,0.1857,0.0287
13135,939,836,33.762,25.768,0.0146,0.0581,9.835,0.6647,0.5865,-0.3509
13140,921,840,33.633,25.751,-0.0013,0.0172,9.7689,-0.0119,0.0406,0.0875
13145,925,847,33.723,25.787,-0.066,0.0584,9.7147,0.6693,0.0795,-1.2652
13150,912,835,33.752,25.716,0.0694,-0.0078,9.8009,-0.077,0.1837,-0.2924
13155,898,837,33.719,25.779,0.0355,0.033,9.9265,-0.0976,1.1805,-0.0266
13160,887,833,33.753,25.715,-0.0,-0.0307,9.8784,-0.2866,-0.2995,0.1906
13165,878,830,33.674,25.838,-0.0849,0.0412,9.7348,0.6014,-0.4729,-0.0671
13170,865,833,33.755,25.787,0.0056,-0.0752,9.7932,1.5193,0.3623,-0.8201
13175,859,832,33.589,25.725,0.0162,-0.0109,9.7401,0.7144,0.1005,-0.1895
13180,842,831,33.619,25.704,-0.0321,0.0456,9.7594,-1.4085,0.3603,-0.2073
13185,849,831,33.74,25.699,0.018,0.103,9.8164,-0.2742,-0.38,-0.1044
13190,826,837,33.657,25.75,-0.0128,-0.0304,9.8942,0.3869,0.2162,-0.0647
13195,812,829,33.59,25.757,0.026,0.0414,9.8354,-0.3888,-0.7536,-0.4782
13200,812,825,33.643,25.727,-0.0456,-0.0188,9.7769,-0.8625,0.7458,0.5341
13205,803,827,33.561,25.753,-0.0145,0.07,9.7949,0.3727,-0.2457,-0.1813
13210,796,824,33.655,25.706,-0.0658,0.0374,9.8586,-0.9907,-0.72,0.034
13215,787,830,33.655,25.701,-0.0836,-0.0054,9.8718,-0.5777,-0.3768,0.3179
13220,778,826,33.719,25.769,-0.0375,0.0734,9.7739,-0.6108,0.377,0.8152
13225,763,828,33.738,25.763,0.0789,-0.0438,9.801,0.8683,-1.1467,0.0617
13230,772,823,33.716,25.756,0.0062,0.0087,9.7903,0.4634,-0.6548,-0.1905
13235,754,824,33.713,25.803,0.0165,-0.0289,9.8276,0.0585,1.1011,0.5266
13240,764,824,33.768,25.767,-0.0913,0.0292,9.6605,-0.7463,0.0088,-0.0091
13245,754,819,33.628,25.716,-0.0827,0.0926,9.831,0.5364,0.3096,0.0106
13250,751,826,33.748,25.747,-0.0108,0.0755,9.8221,-0.1087,0.1043,0.6986
13255,751,824,33.734,25.723,0.0499,-0.1021,9.83,0.4912,-0.8395,-0.0421
13260,745,820,33.688,25.763,-0.0217,-0.0588,9.7786,0.1989,-0.6047,-0.6879
13265,750,823,33.739,25.71,0.1093,-0.0295,9.7817,-0.3474,-0.0554,0.1543
13270,755,821,33.742,25.754,0.0475,-0.0419,9.773,-0.3972,0.0412,-0.1244
13275,750,822,33.738,25.685,-0.0173,-0.0107,9.7964,0.2904,-0.3388,0.0217
13280,743,824,33.691,25.682,0.1562,-0.0938,9.7191,-0.1814,-0.9495,-0.2442
13285,757,818,33.668,25.687,-0.0015,0.0203,9.8271,0.2264,0.5177,-0.8714
13290,762,814,33.701,25.749,-0.0095,0.0598,9.7574,0.1225,0.0568,0.1371
13295,765,819,33.732,25.731,-0.0661,-0.006,9.7904,0.0444,-0.0093,0.4842
13300,775,810,33.675,25.741,0.018,-0.0357,9.8221,0.0035,-0.4503,0.5986
13305,774,812,33.744,25.729,0.0105,0.0182,9.7608,0.9893,0.0927,-0.0989
13310,790,819,33.655,25.718,-0.0192,-0.0273,9.7476,0.1755,0.3877,-0.2167
13315,789,812,33.794,25.739,-0.0166,-0.0926,9.8263,0.6537,-0.9607,0.5284
13320,785,808,33.711,25.773,0.16,0.0546,9.835,-0.3436,-0.4636,0.2734
13325,808,807,33.685,25.754,0.0664,0.0767,9.8039,-0.6996,-0.1433,0.6635
13330,809,809,33.691,25.746,0.0506,-0.0122,9.7653,-1.3579,-0.8692,0.486
13335,823,805,33.693,25.764,-0.0345,0.0202,9.8573,-0.4161,-0.9788,0.0927
13340,851,804,33.719,25.765,-0.07,-0.0098,9.8648,-1.7823,-0.3249,0.1471
13345,836,803,33.673,25.754,0.1286,0.0032,9.801,0.8732,0.5191,0.3416
13350,857,799,33.652,25.745,-0.0042,0.1029,9.7472,0.0889,-0.1456,-0.0487
13355,869,798,33.66,25.798,-0.0115,-0.0279,9.7754,-0.3804,-0.7804,-0.5574
13360,891,805,33.726,25.814,0.0664,0.0126,9.8344,-0.2237,-0.128,-0.1319
13365,893,796,33.648,25.841,0.0992,-0.0302,9.6997,0.364,-0.4943,0.4428
13370,911,794,33.673,25.72,0.0765,-0.0545,9.8738,0.0946,-0.3282,0.3739
13375,917,794,33.72,25.851,-0.0211,0.0608,9.8308,0.6931,-0.5471,-0.8585
13380,934,789,33.672,25.796,0.0654,0.0782,9.9023,-0.2156,0.226,-0.1161
13385,951,788,33.659,25.695,-0.0462,0.0319,9.7989,0.1615,-0.2184,-0.0491
13390,955,787,33.709,25.829,0.0083,0.0435,9.8475,0.4544,-0.2039,-0.1901
13395,982,784,33.729,25.706,0.0207,0.066,9.7578,0.7875,0.6105,0.0039
13400,992,776,33.673,25.76,0.0333,0.1037,9.7476,-0.8051,-0.1206,-0.1171
13405,1014,781,33.701,25.669,-0.0496,0.0507,9.8637,0.3446,-1.0932,0.0008
13410,1020,779,33.689,25.767,-0.0515,0.0541,9.7866,-0.1421,-0.0694,-0.1203
13415,1025,779,33.743,25.787,0.0123,0.0587,9.8086,-1.2566,-0.4617,-0.5435
13420,1045,772,33.742,25.758,-0.1065,0.0298,9.7515,0.087,-0.1928,-1.2902
13425,1054,767,33.705,25.828,-0.0461,0.0109,9.8476,0.1295,0.027,-0.5192
13430,1077,765,33.727,25.808,0.0448,-0.0887,9.8238,0.6266,-0.4139,-0.0021
13435,1086,754,33.563,25.668,-0.053,0.0108,9.7552,-0.0652,0.1616,-0.3637
13440,1091,759,33.658,25.648,0.0005,-0.0113,9.8514,-0.4789,0.5383,-0.6966
13445,1099,759,33.744,25.735,-0.0163,-0.0707,9.8114,0.1371,-0.4828,1.0764
13450,1111,759,33.781,25.861,0.0623,-0.0046,9.8221,-0.5342,0.0239,0.3235
13455,1121,752,33.772,25.781,-0.0159,0.0097,9.8284,0.4093,0.1383,0.2802
13460,1134,752,33.655,25.754,0.0901,0.0411,9.8307,0.1047,-0.082,-0.2843
13465,1134,746,33.648,25.644,-0.0063,-0.0543,9.7987,-0.0787,-0.0415,-0.4532
13470,1151,751,33.745,25.707,0.0089,0.1219,9.8088,1.2856,-0.4204,-0.0721
13475,1155,748,33.684,25.653,0.0742,-0.0669,9.8029,0.0912,-0.874,-1.0365
13480,1164,748,33.733,25.708,-0.1074,0.0888,9.7859,0.0739,0.5968,0.219
13485,1166,742,33.741,25.697,-0.0839,-0.0102,9.8175,-0.0187,0.0081,-0.8932
13490,1171,743,33.7,25.708,-0.0328,0.0286,9.7856,-0.4798,0.5409,-0.3186
13495,1170,742,33.667,25.833,-0.0304,-0.0148,9.687,-0.4958,-0.0757,-0.0262
13500,1175,746,33.663,25.719,-0.0017,-0.039,9.7961,0.0862,-0.0459,0.1395
13505,1169,731,33.658,25.68,-0.0958,0.0366,9.8441,-0.76,0.0371,-0.0678
13510,1185,744,33.755,25.726,-0.0923,0.0359,9.7927,0.6898,0.0191,-0.2994
13515,1189,742,33.733,25.675,0.061,-0.1131,9.7568,-0.91,0.287,-0.0592
13520,1193,741,33.673,25.706,0.0104,-0.0288,9.776,-0.5386,0.5097,-0.1849
13525,1191,739,33.624,25.823,-0.0397,0.0066,9.882,0.1004,-0.2176,0.4303
13530,1186,741,33.678,25.754,-0.0252,-0.0152,9.7587,0.4272,0.2233,0.3082
13535,1183,738,33.628,25.737,-0.0163,0.0774,9.9286,-0.4265,0.1159,0.6677
13540,1182,741,33.727,25.756,-0.0915,0.0648,9.7378,-0.0593,0.1031,-0.2401
13545,1186,738,33.669,25.764,0.0421,0.0108,9.7864,-0.2016,-0.4675,0.6881
13550,1178,742,33.625,25.709,-0.1309,-0.0205,9.8137,0.2065,-0.1583,-0.7118
13555,1180,738,33.778,25.702,0.0569,-0.0483,9.8279,-0.5782,0.1711,0.7724
13560,1188,738,33.742,25.783,0.0424,0.0164,9.8596,-0.0782,0.2538,0.2388
13565,1178,742,33.66,25.689,0.0308,0.052,9.7687,-1.0188,-0.7949,0.3333
13570,1178,747,33.701,25.705,-0.0446,-0.1038,9.7726,-0.342,-0.5828,0.1591
13575,1159,751,33.658,25.785,0.1099,-0.0467,9.7794,0.1273,0.1425,-0.0966
13580,1164,747,33.722,25.694,-0.0221,-0.0035,9.8312,0.2412,0.1572,0.5643
13585,1157,748,33.754,25.785,0.0033,-0.0906,9.8673,0.1758,0.5786,-0.5975
13590,1156,746,33.571,25.811,-0.0255,0.0161,9.8652,1.3025,0.3364,0.3088
13595,1164,756,33.715,25.745,-0.0265,0.0228,9.7968,-0.3692,0.1749,-0.0929
13600,1154,763,33.744,25.812,-0.0467,-0.0413,9.8769,-0.5789,0.0883,0.3878
13605,1158,765,33.75,25.784,0.0244,-0.03,9.7996,-0.0558,-0.0983,0.5391
13610,1146,765,33.819,25.737,-0.0155,0.0113,9.8532,0.2849,-0.2256,0.1319
13615,1136,770,33.676,25.692,-0.0075,-0.0348,9.8713,-0.9229,0.7198,-0.2188
13620,1133,775,33.833,25.682,-0.0077,-0.0029,9.8388,0.2366,-0.1505,1.0044
13625,1133,776,33.737,25.69,-0.0021,-0.0421,9.9485,-0.018,0.2394,-0.1038
13630,1123,785,33.694,25.827,-0.0231,0.0527,9.8884,0.4781,-0.4049,-0.0081
13635,1126,784,33.672,25.766,0.0721,0.0512,9.8207,-0.1492,0.4421,-0.1488
13640,1131,790,33.707,25.755,-0.0222,0.037,9.7698,0.7418,0.1979,0.3001
13645,1118,792,33.666,25.747,-0.0827,0.0096,9.8461,0.0092,0.3839,0.3392
13650,1115,791,33.738,25.741,-0.0661,0.012,9.7304,0.5647,-0.642,-0.1438
13655,1110,798,33.76,25.744,0.0553,0.0949,9.7444,-0.7721,-0.5163,0.0817
13660,1116,802,33.789,25.733,0.0176,0.0032,9.878,0.1723,-0.3556,-0.26
13665,1112,798,33.617,25.777,0.0149,-0.0244,9.8433,0.3413,0.9458,0.0019
13670,1114,804,33.742,25.638,0.0567,-0.0336,9.8419,0.4014,-0.4261,0.1447
13675,1096,805,33.696,25.772,0.0412,-0.0473,9.7961,-0.3127,0.5642,0.2058
13680,1099,816,33.721,25.759,-0.0352,0.0398,9.8161,-0.5785,-0.1283,0.5263
13685,1101,816,33.734,25.728,-0.0258,0.0243,9.8471,-1.1677,0.8988,0.6303
13690,1104,818,33.729,25.806,0.0295,0.0331,9.7802,0.4524,0.3917,0.5456
13695,1086,824,33.788,25.78,0.0495,0.0331,9.8553,0.1812,-0.7291,-0.1229
13700,1094,817,33.671,25.73,-0.0209,-0.0352,9.8154,-1.23,0.2706,-0.6366
13705,1090,824,33.73,25.76,0.0717,-0.0951,9.8617,0.6462,-0.2168,0.3256
13710,1081,823,33.632,25.771,-0.0416,-0.0109,9.784,0.2641,0.2676,0.115
13715,1085,828,33.664,25.804,0.0714,-0.0493,9.8245,-0.3024,-0.0795,0.093
13720,1079,833,33.762,25.749,-0.0179,-0.0509,9.8046,0.3321,0.1904,0.1655
13725,1081,830,33.819,25.774,-0.0401,-0.0319,9.7974,-0.3799,-0.5555,0.737
13730,1080,841,33.847,25.778,0.0217,0.0221,9.7169,0.1494,-0.0725,-0.6177
13735,1069,841,33.713,25.785,-0.0311,0.027,9.7069,-0.0348,0.48,-0.2988
13740,1062,840,33.585,25.716,0.0693,-0.0138,9.7777,0.3993,0.7817,0.3592
13745,1074,836,33.706,25.751,-0.0163,-0.0747,9.8126,0.0108,0.339,-1.238
13750,1061,839,33.703,25.742,-0.0366,-0.0568,9.8863,-0.0331,-0.5591,-0.2414
13755,1059,845,33.776,25.783,0.0559,-0.0182,9.8097,-0.0389,-0.4462,-0.3178
13760,1051,841,33.697,25.783,-0.0921,0.031,9.7798,-0.8162,0.5029,0.2198
13765,1047,844,33.673,25.706,-0.1123,0.0116,9.8274,0.6975,-0.7142,-0.3263
13770,1043,847,33.63,25.7,0.0411,0.0065,9.6759,-0.6243,0.1106,-0.0786
13775,1048,844,33.763,25.762,0.0206,-0.015,9.815,-0.5664,-0.4506,-0.2753
13780,1037,846,33.67,25.776,0.1434,0.0612,9.7471,0.0652,0.9561,0.3501
13785,1029,849,33.741,25.719,-0.0839,0.0066,9.8244,-0.7959,1.2481,0.3691
13790,1029,839,33.596,25.799,0.0553,0.0543,9.7468,0.0753,0.3912,-0.3167
13795,1015,839,33.724,25.734,-0.0575,-0.0652,9.8006,-0.775,-0.4636,-0.4651
13800,1006,847,33.72,25.694,-0.009,-0.04,9.8767,1.155,0.5307,-0.9601
13805,1003,846,33.681,25.803,-0.0279,0.0944,9.8414,0.1344,0.4741,1.1813
13810,1001,850,33.665,25.79,-0.04,-0.0452,9.6584,0.0295,-1.3464,0.5414
13815,990,839,33.775,25.707,-0.0524,0.0222,9.7604,-0.0421,0.2367,1.0136
13820,980,849,33.775,25.796,-0.0554,0.0373,9.8203,0.1686,-0.0882,0.0782
13825,974,845,33.716,25.742,-0.0158,0.0166,9.86,0.1139,-0.3796,-1.0488
13830,966,841,33.675,25.724,-0.0545,-0.0894,9.7224,0.4758,0.3138,-0.3357
13835,953,838,33.711,25.769,0.0835,-0.033,9.8663,-0.3492,-0.8056,0.465
13840,948,837,33.712,25.691,-0.0358,-0.031,9.7922,-0.2243,-0.9789,-0.0281
13845,927,843,33.654,25.762,-0.0041,0.0418,9.8143,-0.0474,-0.6512,-1.0145
13850,924,834,33.703,25.765,0.0423,0.0469,9.7263,-0.1427,0.314,0.1568
13855,903,840,33.696,25.826,-0.0005,-0.0052,9.7863,-0.1368,-0.5103,-0.9772
13860,903,835,33.73,25.776,-0.006,-0.0622,9.7479,-0.0827,-0.4792,-0.5452
13865,896,840,33.649,25.759,0.0172,-0.004,9.7627,-0.2902,0.9444,0.7122
13870,880,837,33.715,25.722,-0.0926,-0.0822,9.7865,0.3971,-0.1527,0.0074
13875,865,834,33.722,25.792,-0.0364,-0.0207,9.8846,0.4787,-0.2937,-0.7473
13880,859,831,33.712,25.814,0.0383,0.0317,9.9123,-0.0717,-0.0432,0.0036
13885,845,835,33.68,25.717,0.009,-0.0364,9.8078,0.2275,0.6249,0.21
13890,845,833,33.653,25.803,-0.0278,-0.0332,9.7996,-0.3498,-0.0197,-0.5956
13895,831,828,33.753,25.705,0.0095,0.0332,9.6919,0.4513,-0.0256,-0.5735
13900,827,826,33.691,25.772,0.1026,-0.0184,9.7907,0.0495,-0.6066,-0.0092
13905,800,834,33.804,25.646,-0.0604,-0.0412,9.8559,-0.162,-0.131,0.0262
13910,808,822,33.721,25.759,0.0197,-0.0592,9.7724,0.4729,-0.4706,0.0221
13915,794,832,33.746,25.698,0.0515,0.0672,9.8627,0.1153,-0.2486,0.0806
13920,785,829,33.757,25.757,-0.0288,-0.0594,9.8118,-0.4676,-0.1037,0.998
13925,774,827,33.783,25.651,-0.0494,-0.1065,9.7903,-0.7562,-0.8245,0.1904
13930,775,828,33.566,25.758,-0.0651,0.0684,9.7777,-0.7368,-0.6327,-0.3986
13935,767,827,33.67,25.729,-0.0041,0.1013,9.9435,-0.3274,-0.1539,0.1877
13940,768,827,33.779,25.738,-0.0078,-0.004,9.8776,-0.6495,-0.846,0.075
13945,764,821,33.723,25.769,0.0506,0.0899,9.8182,-0.4294,0.0186,-0.6262
13950,759,825,33.639,25.771,0.122,-0.0322,9.8132,-0.0376,-0.3166,0.0813
13955,755,819,33.724,25.667,0.0342,0.001,9.7408,-0.4183,-0.3698,0.7208
13960,750,825,33.751,25.793,-0.0518,-0.0824,9.7515,0.2661,0.2787,0.7343
13965,748,818,33.76,25.757,-0.0347,-0.0501,9.7962,-0.3269,0.1217,0.0883
13970,751,818,33.751,25.75,0.0095,-0.0416,9.7299,0.133,-0.0726,0.0179
13975,751,816,33.646,25.765,-0.0207,-0.0131,9.7682,-0.4563,0.6032,0.4845
13980,747,822,33.746,25.733,-0.0413,-0.0179,9.868,0.4421,-0.0677,0.4719
13985,749,817,33.672,25.75,0.0191,0.0365,9.8808,-0.7029,-0.0293,-0.1357
13990,749,819,33.797,25.806,-0.0619,-0.0116,9.8469,-0.0497,0.0359,0.2712
13995,769,818,33.685,25.787,0.0853,-0.0454,9.8176,-0.1284,0.0139,0.3798
14000,762,815,33.685,25.631,-0.01,0.1231,9.7826,1.042,-0.0788,0.4715
14005,764,817,33.655,25.75,-0.0734,0.0125,9.7818,-0.7378,0.2331,0.1217
14010,782,821,33.676,25.769,-0.0099,0.0138,9.8281,-0.1976,0.7595,-0.4792
14015,790,814,33.714,25.723,0.0179,-0.0792,9.7488,0.1841,0.3843,-0.5805
14020,787,807,33.711,25.814,0.0614,0.0552,9.8386,0.0774,-0.3908,1.0609
14025,791,814,33.652,25.785,0.039,0.0302,9.8376,-0.0516,-1.0388,-0.2046
14030,810,807,33.708,25.76,0.0269,0.0062,9.8068,0.6836,-0.7004,-0.3069
14035,802,810,33.722,25.684,0.0298,0.1115,9.8121,-0.0642,0.3187,-0.2488
14040,825,809,33.655,25.735,0.0083,0.0913,9.853,0.2205,0.3136,0.7724
14045,834,804,33.806,25.733,-0.0345,0.0268,9.9298,0.4142,0.0879,-0.0408
14050,847,806,33.688,25.636,0.0244,-0.0118,9.8178,-0.0708,-0.0667,1.1222
14055,859,804,33.712,25.741,0.1,0.0206,9.8279,0.3169,0.0306,-0.5128
14060,869,797,33.728,25.846,0.0058,0.0357,9.8585,0.1019,-0.1339,0.089
14065,879,807,33.685,25.799,0.0491,-0.0558,9.803,-0.3937,0.1445,0.2344
14070,894,793,33.657,25.689,-0.0665,0.0101,9.7824,-0.5298,0.4037,0.1216
14075,909,798,33.698,25.676,0.0265,0.0426,9.8267,-0.0264,0.0047,0.3314
14080,918,792,33.747,25.668,-0.004,0.0489,9.8733,-0.3526,-0.4154,0.3766
14085,936,792,33.784,25.652,-0.0225,0.0563,9.7369,0.084,-0.4157,0.1264
14090,955,786,33.672,25.739,-0.0203,-0.0082,9.8402,-0.3805,0.4217,0.5421
14095,961,791,33.686,25.75,0.0401,-0.0187,9.7872,-0.0068,0.5622,0.0627
14100,980,784,33.691,25.734,-0.0141,0.0057,9.7264,-0.1285,-0.1755,-0.0506
14105,990,782,33.785,25.825,0.044,0.017,9.8157,0.0121,0.5416,-0.0886
14110,999,776,33.756,25.803,-0.0006,-0.0783,9.7736,-0.562,0.0856,0.2735
14115,1017,774,33.732,25.746,0.0741,-0.1289,9.8311,0.3007,0.1713,0.0062
14120,1034,773,33.651,25.842,0.0447,0.0826,9.8348,0.3662,-0.1906,0.0078
14125,1042,771,33.745,25.721,-0.0736,0.0703,9.7219,-0.244,-0.4286,0.06
14130,1048,768,33.67,25.697,0.0177,0.0644,9.8332,-0.1765,-0.2471,0.1573
14135,1066,771,33.665,25.787,-0.077,-0.1142,9.8078,-0.2185,-0.4248,-0.1909
14140,1077,765,33.743,25.721,-0.0011,-0.0032,9.8584,0.048,-0.4872,0.1186
14145,1093,771,33.671,25.732,-0.0171,-0.0195,9.8477,-0.1132,0.0296,-0.5413
14150,1097,761,33.813,25.806,-0.014,0.0431,9.8946,0.5601,0.6085,0.4179
14155,1109,757,33.704,25.749,0.0278,-0.039,9.7682,-0.2805,0.33,-0.6978
14160,1121,758,33.721,25.736,-0.0155,-0.0528,9.7864,-0.0047,0.37,-0.1096
14165,1131,751,33.736,25.835,0.0532,-0.0865,9.7734,-0.1852,-0.8291,0.1548
14170,1136,755,33.688,25.799,-0.0595,-0.0729,9.88,-0.4017,0.2747,-0.8077
14175,1145,749,33.807,25.743,0.0105,0.076,9.8807,-0.3515,0.4246,-0.4565
14180,1154,753,33.72,25.721,-0.014,0.0063,9.7632,0.0592,0.3574,0.1441
14185,1152,748,33.796,25.821,0.0358,-0.0272,9.8349,-0.2584,-0.1262,0.3746
14190,1174,749,33.718,25.802,0.0237,-0.0469,9.7963,-0.0239,-0.3654,-0.5501
14195,1175,745,33.733,25.727,-0.0358,-0.0271,9.8153,0.0651,0.0179,-0.6198
14200,1178,738,33.803,25.751,-0.0708,-0.0333,9.7684,0.4083,-0.6575,-0.4074
14205,1187,738,33.604,25.744,-0.0138,0.0177,9.8145,-0.5307,1.0036,-0.7938
14210,1182,741,33.606,25.755,0.0107,-0.1257,9.8053,-0.309,0.4265,0.4067
14215,1182,740,33.724,25.758,-0.0351,0.0528,9.8228,-0.0338,-0.4193,0.1362
14220,1190,735,33.739,25.686,0.0448,-0.0786,9.8563,0.305,0.1947,0.6852
14225,1175,736,33.663,25.777,0.0465,0.0603,9.7886,0.35,-0.5519,0.7102
14230,1198,737,33.656,25.802,0.0407,0.0268,9.8082,-0.6915,0.9982,-0.1038
14235,1188,740,33.679,25.782,0.0212,0.1177,9.8068,0.3376,0.1235,0.4561
14240,1178,736,33.693,25.728,-0.0787,-0.0355,9.7675,-0.0393,-0.8873,0.3723
14245,1179,740,33.802,25.675,0.0208,0.0402,9.8731,-0.0481,0.7751,0.6138
14250,1188,741,33.657,25.705,0.0138,-0.0647,9.7446,0.7093,0.5582,0.1929
14255,1175,739,33.732,25.795,-0.0583,0.0351,9.7519,0.6693,-0.0658,0.0009
14260,1184,737,33.76,25.723,-0.0101,0.0923,9.8109,-0.5946,0.3724,-0.3265
14265,1184,750,33.778,25.812,-0.0682,0.0385,9.798,0.1225,0.047,-0.1257
14270,1178,745,33.61,25.753,-0.0148,0.0184,9.6988,-0.6079,0.0947,-0.6118
14275,1178,740,33.67,25.823,0.0217,0.0359,9.8978,-0.0127,-0.4851,-0.3353
14280,1167,753,33.696,25.829,0.0134,-0.0111,9.7888,-0.692,1.0329,-0.4765
14285,1173,747,33.678,25.777,-0.0215,0.0082,9.8049,0.5099,-0.2627,0.1437
14290,1172,752,33.676,25.742,0.0178,0.0172,9.8574,0.3826,0.2159,-0.6192
14295,1164,754,33.653,25.775,-0.0051,0.0005,9.793,1.0138,-0.562,-0.3792
14300,1157,757,33.811,25.797,0.053,0.0745,9.865,1.3467,-0.6803,1.4225
14305,1154,755,33.667,25.743,0.0166,0.0163,9.8139,0.3127,0.0615,-0.3446
14310,1152,769,33.65,25.703,0.0535,0.0342,9.7753,0.2142,-0.3615,0.3958
14315,1146,765,33.683,25.856,-0.0248,-0.0223,9.7708,-0.7664,0.0608,0.3065
14320,1140,766,33.68,25.703,0.0647,-0.0124,9.8002,0.0331,-0.0282,-0.1364
14325,1136,767,33.7,25.652,0.0716,-0.0222,9.8274,0.0591,1.08,-0.8488
14330,1138,775,33.685,25.713,-0.0321,-0.0404,9.8951,0.0461,-0.3646,0.1057
14335,1140,779,33.687,25.847,-0.0552,-0.0064,9.769,-0.3413,-0.4749,0.9352
14340,1132,788,33.788,25.743,-0.0623,0.0387,9.7399,-0.1563,-0.1694,0.4023
14345,1129,786,33.666,25.737,-0.0185,-0.0383,9.7713,0.0761,0.2038,-0.6177
14350,1120,789,33.635,25.716,0.0531,0.0056,9.8555,0.7949,-0.3913,1.3555
14355,1124,791,33.694,25.732,-0.0544,-0.0331,9.8219,-1.3498,-0.5171,-0.057
14360,1119,800,33.749,25.736,0.0316,-0.0124,9.8335,0.2932,-0.1583,0.1232
14365,1113,795,33.673,25.716,-0.0018,0.0304,9.7863,0.0321,0.0745,0.0984
14370,1110,802,33.746,25.714,-0.0147,0.0274,9.8598,-0.925,0.431,-0.063
14375,1110,801,33.735,25.706,0.0311,0.0228,9.8082,-0.7412,-0.2062,0.2045
14380,1103,807,33.655,25.681,-0.056,0.0076,9.8247,0.7309,-0.2281,0.0205
14385,1100,809,33.737,25.825,-0.0836,-0.0117,9.8737,0.7688,-0.768,0.0708
14390,1102,813,33.668,25.838,-0.0535,-0.0253,9.8495,-0.4916,-0.108,-0.4316
14395,1095,817,33.656,25.796,-0.0664,-0.0168,9.8168,-0.0781,-0.1529,0.496
14400,1094,823,33.756,25.832,-0.0408,-0.0036,9.7901,0.1115,-0.0739,-0.1314
14405,1090,828,33.711,25.716,0.0038,-0.0051,9.848,0.4597,0.1744,-0.5151
14410,1087,825,33.789,25.754,0.0215,0.0147,9.8049,-0.5092,-0.4882,0.0405
14415,1080,830,33.644,25.755,0.0294,0.0058,9.754,0.3898,-0.7729,0.155
14420,1082,831,33.59,25.749,0.0005,-0.0426,9.816,-0.1533,-0.1181,0.5353
14425,1080,833,33.767,25.758,0.0682,-0.0121,9.7563,0.1504,-0.1389,-1.554
14430,1080,838,33.673,25.842,0.0328,0.0657,9.8858,-0.2522,0.2391,0.2372
14435,1070,836,33.68,25.755,0.0128,0.0112,9.8292,-0.4939,-0.4346,0.7008
14440,1076,840,33.711,25.788,0.0843,-0.0049,9.8332,0.0949,-0.8379,-0.7408
14445,1075,836,33.733,25.797,-0.0107,-0.0188,9.7888,0.4314,-0.251,0.3041
14450,1070,843,33.744,25.737,-0.0354,-0.0544,9.7886,-0.0584,-0.1163,-0.7013
14455,1064,842,33.773,25.733,-0.0522,0.0343,9.8101,0.6569,0.1643,0.2754
14460,1061,841,33.73,25.791,0.0056,-0.0463,9.8936,-0.3738,0.4049,0.2524
14465,1052,844,33.764,25.742,-0.0255,-0.018,9.8219,0.0019,0.4177,-0.4824
14470,1045,842,33.656,25.792,0.0209,0.044,9.7541,0.5385,-0.5305,-0.1737
14475,1048,847,33.645,25.73,-0.1071,0.0314,9.8041,0.1221,-0.1199,-0.1857
14480,1038,848,33.697,25.692,-0.0572,-0.0615,9.7906,-0.198,-0.1009,-0.041
14485,1029,847,33.707,25.776,0.0643,0.1005,9.836,-0.4482,-0.3297,-0.0073
14490,1026,851,33.647,25.742,0.0277,-0.0664,9.7907,-0.5156,0.0366,-0.0118
14495,1018,845,33.77,25.757,-0.0223,0.1031,9.7643,-0.2013,0.2282,0.8047
14500,1020,840,33.615,25.74,0.0131,-0.0382,9.6792,-0.5798,1.145,0.1314
14505,1013,851,33.661,25.699,0.074,-0.0252,9.7748,0.3919,-0.3984,-0.211
14510,1002,846,33.676,25.715,-0.0346,-0.0596,9.8901,-0.308,0.6865,0.8295
14515,993,842,33.749,25.762,-0.0251,0.0018,9.8198,0.3645,0.1369,-0.0459
14520,981,844,33.697,25.716,-0.0084,0.0551,9.7797,0.4213,-0.44,0.1051
14525,984,846,33.627,25.831,-0.0026,0.016,9.834,-1.0151,-0.323,-0.2507
14530,974,842,33.774,25.714,-0.0636,-0.0586,9.7808,-0.1946,0.4421,0.2367
14535,961,843,33.666,25.767,-0.0613,-0.0662,9.827,-0.6486,0.6383,0.5497
14540,954,843,33.71,25.706,0.015,-0.0023,9.8638,0.0853,0.6278,0.3258
14545,947,835,33.686,25.722,0.013,0.0163,9.7305,0.2669,-0.3952,-0.2435
14550,930,843,33.76,25.782,-0.0112,0.0003,9.8212,-0.0357,-0.2843,-0.6047
14555,915,843,33.684,25.633,-0.0163,0.0413,9.8387,-0.7336,0.4693,0.2516
14560,907,839,33.655,25.64,-0.0301,0.008,9.8081,0.1239,-0.3476,-0.074
14565,909,838,33.731,25.755,0.0325,0.0011,9.7977,-0.5302,0.2519,-0.8817
14570,892,835,33.726,25.662,-0.0497,0.0477,9.7717,-0.3616,-0.4113,-0.1913
14575,880,835,33.637,25.76,-0.0175,-0.0916,9.7385,0.217,-0.3661,0.1652
14580,876,833,33.727,25.74,-0.0527,-0.0285,9.8114,-0.7603,-0.1105,0.299
14585,863,832,33.574,25.839,-0.0462,-0.0547,9.8509,0.9452,-0.9695,0.606
14590,858,837,33.648,25.78,-0.01,0.0535,9.8559,0.2957,-0.344,1.0653
14595,844,831,33.655,25.764,-0.0081,-0.1122,9.8131,-0.0052,0.2709,0.9655
14600,843,831,33.633,25.692,-0.0679,-0.0086,9.8042,0.1085,-0.622,0.3469
14605,822,833,33.674,25.813,0.0165,0.061,9.8018,0.1008,0.0056,0.3608
14610,815,831,33.74,25.677,-0.0694,-0.0771,9.8014,0.1272,-0.4978,-0.5728
14615,808,828,33.792,25.7,-0.0396,0.0332,9.87,-0.1053,0.3377,1.2425
14620,789,823,33.671,25.87,0.0239,0.1062,9.873,-0.5754,-0.2396,-0.8211
14625,799,824,33.67,25.782,-0.0135,0.0832,9.7549,-0.0629,-0.1281,0.3062
14630,782,818,33.733,25.811,-0.0445,-0.0057,9.8274,0.0642,-0.8402,-0.5622
14635,783,825,33.764,25.792,-0.0323,-0.0156,9.8162,0.4483,-0.2297,-0.7628
14640,772,826,33.787,25.663,-0.0591,0.0212,9.8051,0.5184,-0.0888,-0.1969
14645,767,822,33.802,25.754,-0.0227,-0.0632,9.7349,0.2981,-0.6945,0.4475
14650,754,829,33.655,25.746,-0.0943,0.0795,9.736,0.3688,-0.5228,-0.1422
14655,754,824,33.761,25.795,-0.0986,0.0283,9.7847,-0.0856,0.1233,0.2033
14660,751,824,33.69,25.739,-0.0248,0.0747,9.7798,-0.7552,-0.2149,0.1429
14665,756,821,33.724,25.699,-0.0658,0.0657,9.8688,-0.1872,-0.0452,-0.092
14670,752,824,33.762,25.806,0.025,0.0851,9.7017,-0.7272,-0.0439,-0.5921
14675,741,822,33.806,25.757,0.0556,0.0782,9.8055,0.1748,-0.2409,-0.2583
14680,753,823,33.685,25.85,0.016,-0.014,9.8686,-0.9817,-0.5392,-0.3823
14685,751,818,33.768,25.703,-0.0386,-0.0321,9.9098,-0.1707,0.4004,0.033
14690,745,816,33.671,25.785,0.0079,0.0174,9.8883,-0.5973,-0.4809,-0.0062
14695,746,819,33.726,25.835,-0.0636,0.091,9.8091,0.8908,0.1715,-0.5919
14700,756,820,33.695,25.74,0.002,0.0016,9.7867,0.7101,-0.3954,-0.7702
14705,760,817,33.734,25.745,0.0444,0.082,9.7858,-0.1558,-0.0341,0.5201
14710,761,810,33.728,25.818,0.0146,0.0092,9.8485,0.6387,-0.041,-0.1047
14715,778,810,33.806,25.648,0.0373,-0.1121,9.8429,-0.1619,-0.0252,-0.5203
14720,777,814,33.763,25.727,0.0197,-0.0017,9.8912,-0.5925,-0.8981,-0.0582
14725,784,813,33.657,25.821,0.0371,0.0164,9.741,0.6142,-0.4596,0.083
14730,787,809,33.68,25.66,-0.0088,0.0236,9.8218,0.0461,0.4032,0.5162
14735,802,813,33.773,25.827,0.0216,-0.0377,9.8485,0.4944,0.212,0.3475
14740,811,811,33.636,25.799,0.0595,-0.0784,9.8344,0.3172,-0.1558,0.7449
14745,818,805,33.755,25.804,0.0187,0.0238,9.8131,0.0423,0.0865,0.2082
14750,838,801,33.668,25.724,0.031,0.0433,9.7695,0.5209,0.2262,-0.0474
14755,840,804,33.705,25.762,0.0448,0.0711,9.8144,0.4955,0.8481,-0.3446
14760,856,799,33.87,25.785,0.0173,-0.0396,9.7846,-0.4344,-0.6459,0.347
14765,868,802,33.643,25.837,0.0377,-0.0539,9.8813,0.742,0.023,-0.02
14770,870,801,33.637,25.786,0.0622,-0.0022,9.769,-0.6867,0.0316,-0.7648
14775,897,797,33.693,25.776,-0.0323,-0.0687,9.8159,0.0617,-0.5206,-0.5219
14780,896,795,33.756,25.798,0.0082,-0.1099,9.8419,0.0017,-0.0038,0.285
14785,918,788,33.704,25.715,0.0295,0.0562,9.8343,1.1394,1.0083,0.4876
14790,938,791,33.663,25.696,-0.0194,0.0241,9.7975,0.5557,-0.2052,-0.1936
14795,946,787,33.666,25.719,0.0745,0.1191,9.7599,0.1243,0.6675,-0.6015
14800,957,788,33.668,25.808,-0.0158,-0.0534,9.9127,-0.6957,-0.6411,-0.9883
14805,972,788,33.705,25.713,-0.0626,-0.0462,9.8056,0.5599,0.0559,0.4701
14810,981,778,33.73,25.762,0.0181,-0.0128,9.8728,0.0396,0.6034,0.0495
14815,997,784,33.631,25.793,0.0828,-0.0771,9.7378,0.3232,1.2793,0.2425
14820,1007,775,33.729,25.723,0.0901,-0.0613,9.8592,0.2917,-0.0406,-0.9912
14825,1034,775,33.737,25.739,0.0083,0.0282,9.8697,-0.9511,0.4202,0.5637
14830,1037,771,33.58,25.72,-0.067,-0.0499,9.8396,-0.1946,0.5804,-0.297
14835,1051,768,33.648,25.754,-0.0073,0.0035,9.7927,-0.3773,0.5973,-0.1374
14840,1066,769,33.737,25.736,-0.0653,-0.0109,9.7716,-0.1803,-0.2239,0.0744
14845,1072,761,33.744,25.819,-0.0811,0.0069,9.7975,0.6221,-0.8668,0.0931
14850,1088,760,33.687,25.741,0.0047,-0.0741,9.8532,-0.3209,-0.6237,-0.24
14855,1097,760,33.648,25.848,-0.0882,0.0303,9.8045,-0.3896,-1.2166,0.0926
14860,1108,759,33.617,25.786,0.0005,0.0042,9.7836,0.358,0.3661,-0.4616
14865,1119,761,33.739,25.781,0.0335,-0.0875,9.8051,0.0737,1.068,-0.5125
14870,1128,752,33.646,25.758,-0.0095,0.0237,9.7332,-0.801,-1.2427,0.2317
14875,1135,755,33.579,25.793,-0.0744,0.0401,9.8074,-0.8034,0.1039,0.0191
14880,1153,752,33.695,25.84,0.0573,-0.0714,9.7507,-0.0759,0.2567,0.8388
14885,1150,747,33.753,25.768,0.0128,-0.0182,9.7858,-0.0139,0.3707,0.1039
14890,1159,745,33.778,25.684,-0.079,-0.1187,9.803,-0.5131,0.6431,0.1865
14895,1157,746,33.715,25.745,0.0875,-0.0352,9.8329,-0.8424,-0.3738,0.2192
14900,1158,742,33.655,25.755,0.0285,0.0042,9.8354,0.0536,-0.142,-0.2525
14905,1164,748,33.713,25.759,0.0686,-0.0417,9.8422,0.5042,-0.6719,0.2409
14910,1169,739,33.73,25.819,-0.0053,-0.0243,9.7053,-0.1685,0.912,-0.2058
14915,1180,737,33.69,25.783,-0.0138,-0.0243,9.7935,1.1275,-0.7262,-1.3626
14920,1185,739,33.73,25.753,-0.0153,-0.0638,9.7979,-0.5642,0.1024,-0.2533
14925,1185,743,33.742,25.733,-0.0819,0.0314,9.8444,0.5638,1.2091,0.2582
14930,1187,734,33.73,25.673,-0.0661,0.0017,9.7558,0.3394,0.1814,0.1397
14935,1195,736,33.777,25.741,-0.1287,0.0376,9.7184,0.1075,0.3292,0.2008
14940,1191,731,33.767,25.74,-0.1541,0.0451,9.8761,0.6743,-0.1996,0.1505
14945,1190,736,33.68,25.799,0.0021,0.0105,9.7877,-0.0426,0.7808,0.3331
14950,1186,741,33.753,25.703,-0.061,-0.0071,9.7417,-0.2301,-0.1332,-0.7184
14955,1187,741,33.744,25.765,0.0045,-0.0283,9.7501,-0.7408,0.984,-0.0262
14960,1182,743,33.69,25.816,0.0445,0.0098,9.8264,-0.6708,0.1042,0.1944
14965,1184,739,33.753,25.668,-0.0423,0.0219,9.8774,-0.4589,-0.5697,-0.7798
14970,1178,743,33.793,25.742,0.0919,0.0867,9.8066,-0.2639,-0.4398,-0.5493
14975,1173,744,33.745,25.637,-0.0526,0.108,9.7628,0.1411,0.522,-0.1368
14980,1175,745,33.729,25.754,-0.0256,-0.0118,9.8806,0.7937,-0.043,0.2178
14985,1178,747,33.725,25.771,0.0257,-0.0891,9.7718,0.1096,0.0537,0.3537
14990,1172,752,33.716,25.81,-0.0733,-0.0208,9.7916,0.0546,-0.0531,-0.0706
14995,1164,755,33.672,25.743,0.0297,0.0106,9.7441,-1.3881,0.5306,-0.2969
15000,1162,757,33.686,25.808,0.0695,0.0517,9.7926,-0.744,-0.4627,0.1367
15005,1167,756,33.75,25.648,0.0852,-0.0599,9.8631,0.5708,-0.3435,-0.3883
15010,1163,762,33.719,25.741,-0.0005,0.0383,9.7882,-0.4072,0.3332,0.9077
15015,1151,759,33.723,25.705,-0.0493,-0.0299,9.8126,-0.0044,-0.4818,0.0635
15020,1151,764,33.625,25.726,0.003,-0.006,9.8879,-0.1238,-0.3966,-0.291
15025,1140,767,33.695,25.699,0.0593,0.0011,9.8539,-0.3883,0.3976,-0.5869
15030,1138,768,33.647,25.703,-0.0431,0.0117,9.8014,-0.0513,0.4081,-0.2893
15035,1144,774,33.661,25.785,-0.011,0.054,9.802,0.1142,0.3919,-0.232
15040,1130,774,33.608,25.776,-0.0479,-0.0538,9.8505,0.534,-0.1723,0.487
15045,1133,775,33.699,25.724,0.0787,-0.0446,9.8209,-0.1293,0.0671,-0.1589
15050,1130,780,33.747,25.733,-0.0013,0.0255,9.8417,0.0097,-1.5203,-0.1246
15055,1121,785,33.709,25.803,0.0551,-0.0052,9.788,0.3366,0.3344,0.215
15060,1127,795,33.682,25.687,0.0571,0.0127,9.7792,-0.1477,-0.2486,-0.5045
15065,1116,798,33.663,25.756,0.0406,-0.0398,9.8012,0.6084,0.2301,0.0687
15070,1111,799,33.682,25.747,0.0514,-0.0231,9.839,0.0183,0.8299,0.2233
15075,1119,796,33.624,25.739,-0.0181,0.0243,9.8462,0.5026,-0.6115,0.5509
15080,1109,809,33.674,25.867,0.0061,0.0405,9.8367,-0.1404,-0.1231,0.5027
15085,1108,799,33.753,25.676,-0.0737,0.0472,9.8327,0.0812,0.2458,0.2374
15090,1100,814,33.774,25.783,0.0897,-0.0298,9.7593,-0.6371,-0.1314,-0.4412
15095,1102,811,33.737,25.706,-0.0495,0.0395,9.8033,0.5846,0.1466,-0.3429
15100,1091,815,33.701,25.733,-0.0396,0.0511,9.7698,-0.0647,-0.4066,0.1474
15105,1104,821,33.797,25.816,0.0083,0.0291,9.7105,0.7582,0.1022,0.1085
15110,1083,825,33.77,25.74,-0.0585,-0.0296,9.8389,-0.1851,0.4658,-0.0664
15115,1088,827,33.686,25.817,-0.0538,-0.0026,9.9082,-0.3142,0.293,-0.8803
15120,1094,826,33.69,25.834,-0.1174,-0.06,9.8072,-0.0851,-0.3997,-0.0526
15125,1088,829,33.77,25.782,0.063,0.0503,9.7921,-0.5597,0.634,0.1839
15130,1081,827,33.774,25.75,0.0333,-0.0546,9.7884,-0.4726,-0.6083,0.1029
15135,1075,833,33.614,25.726,-0.0824,-0.0566,9.7357,0.0623,-0.4948,-0.5042
15140,1070,839,33.735,25.758,0.0925,-0.0053,9.8111,0.4257,0.665,0.3351
15145,1075,833,33.703,25.783,0.0583,0.0948,9.7097,-0.2492,-0.8064,-0.2571
15150,1068,836,33.652,25.753,-0.0452,-0.1064,9.8732,-0.3034,0.9688,-0.1033
15155,1068,839,33.734,25.712,0.0172,-0.0225,9.8384,-0.0596,-0.2413,0.317
15160,1060,840,33.733,25.76,0.0428,0.0517,9.8095,0.5511,-0.3674,-0.2066
15165,1056,847,33.649,25.71,0.034,0.0353,9.7805,0.3708,0.0173,0.7459
15170,1051,843,33.723,25.75,-0.0147,-0.1059,9.6909,0.9589,0.2032,-0.044
15175,1054,843,33.698,25.752,0.0632,-0.0475,9.8371,0.3923,0.4153,0.6527
15180,1040,840,33.756,25.719,0.0244,-0.0087,9.7874,-0.2736,0.9405,0.1858
15185,1042,847,33.712,25.815,-0.034,-0.1141,9.8615,-0.0723,-0.7948,-0.0368
15190,1040,848,33.676,25.728,-0.0442,-0.0036,9.8519,0.2536,0.1516,0.0886
15195,1024,845,33.692,25.661,0.0612,-0.0539,9.8596,-0.8857,-0.1531,-0.1289
15200,1028,849,33.677,25.754,0.0316,0.0052,9.7461,0.7167,-0.0653,0.2745
15205,1022,848,33.652,25.687,0.0642,0.0051,9.806,-0.2472,-0.4778,0.5857
15210,1008,848,33.702,25.795,-0.0746,0.0599,9.8309,-0.4815,-0.6255,-0.1672
15215,995,842,33.742,25.74,0.002,0.0515,9.7634,-0.6413,-0.5178,0.2509
15220,999,839,33.649,25.736,-0.044,0.0362,9.8713,1.6003,1.1616,-0.3512
15225,986,843,33.705,25.669,0.1316,-0.0282,9.8031,-0.1849,0.1532,-0.0771
15230,984,843,33.685,25.831,0.0233,0.0144,9.7302,0.8291,0.3585,-0.0977
15235,979,843,33.648,25.718,-0.0129,-0.0724,9.8571,-0.039,-0.4694,0.3116
15240,962,836,33.647,25.727,-0.0542,0.0581,9.816,-1.2788,-0.4904,-0.4476
15245,956,842,33.708,25.764,-0.003,-0.0415,9.7939,0.5792,0.2375,0.0465
15250,944,841,33.711,25.771,-0.0344,-0.0714,9.8711,0.0464,-0.0046,0.0869
15255,926,842,33.71,25.692,0.0244,0.0371,9.8118,0.2604,-0.5842,0.4135
15260,921,839,33.737,25.698,0.0294,-0.0371,9.7467,0.2475,0.6018,-0.0008
15265,920,836,33.759,25.67,-0.0331,-0.0038,9.8656,0.0662,0.785,-0.1572
15270,907,834,33.785,25.804,0.0326,0.0714,9.7285,-0.2491,-0.0895,-0.1582
15275,900,839,33.583,25.71,-0.0612,-0.0411,9.8359,0.6306,0.4981,1.3077
15280,877,835,33.74,25.691,-0.0211,0.0132,9.7279,-0.0529,0.2266,0.294
15285,874,834,33.679,25.739,-0.0197,-0.025,9.7937,0.1775,-0.4265,0.2037
15290,860,829,33.81,25.776,-0.006,0.0128,9.7118,-0.4219,-0.5774,-0.5755
15295,853,827,33.624,25.749,-0.0345,-0.0295,9.7728,-0.3415,0.4441,-0.4524
15300,840,832,33.754,25.714,0.0771,0.0111,9.7138,0.6449,-0.9987,0.1843
15305,845,830,33.643,25.692,-0.0314,0.0399,9.7906,0.3013,-0.2356,-0.3075
15310,841,833,33.787,25.724,-0.022,0.0213,9.8216,0.4559,0.4303,0.9495
15315,818,831,33.652,25.714,0.0353,-0.0347,9.8363,-0.2214,-0.6942,0.6983
15320,811,831,33.656,25.786,-0.0079,0.0002,9.7259,-0.3718,0.1249,0.4993
15325,794,826,33.65,25.66,-0.0815,-0.015,9.8761,-0.1315,-0.3924,-0.4743
15330,793,827,33.696,25.818,0.0006,-0.0984,9.81,-0.186,-1.085,-0.3492
15335,786,828,33.67,25.7,-0.0275,0.1203,9.7961,-0.6192,0.4059,-0.9987
15340,774,829,33.601,25.685,0.0137,-0.0386,9.8022,0.7577,-0.2897,0.6132
15345,779,826,33.71,25.784,0.0356,-0.0036,9.7656,-0.0622,-0.3123,0.0028
15350,766,825,33.682,25.713,0.0111,-0.0792,9.8198,-0.5203,0.2821,0.7808
15355,770,818,33.713,25.796,-0.0391,0.0377,9.7984,-0.5606,-0.3405,-0.6964
15360,755,823,33.739,25.788,0.0301,0.0249,9.8399,-0.8161,0.5789,-0.2388
15365,754,823,33.772,25.841,0.0322,-0.0883,9.819,0.2887,-0.383,0.5432
15370,763,819,33.661,25.686,-0.0446,-0.0294,9.8631,-0.2392,0.5605,0.0384
15375,751,821,33.75,25.775,0.0084,0.041,9.8825,0.9937,-0.4471,0.3471
15380,753,818,33.613,25.768,-0.0187,-0.0732,9.8524,-0.0916,0.143,-0.3322
15385,750,821,33.66,25.622,-0.0118,-0.0352,9.7163,-0.9289,-0.4862,0.2522
15390,751,822,33.725,25.701,0.0048,-0.0432,9.8645,0.062,0.039,0.5694
15395,749,818,33.717,25.837,-0.0933,0.0482,9.7336,0.1174,-0.0176,0.4192
15400,755,824,33.595,25.704,0.0538,0.0103,9.7763,-0.0963,0.9265,0.2856
15405,750,813,33.774,25.775,0.0057,0.0221,9.8987,-0.3574,0.2542,0.6007
15410,757,819,33.761,25.737,-0.0177,-0.0266,9.7946,-0.3345,0.1306,0.3145
15415,771,816,33.627,25.815,-0.0003,-0.0324,9.8356,-0.3233,0.5791,0.0541
15420,766,817,33.702,25.8,0.0575,0.0046,9.7874,-0.0491,0.3478,0.5822
15425,774,810,33.658,25.795,0.0285,-0.008,9.8178,-0.4445,0.5445,-0.5212
15430,780,812,33.682,25.728,0.0087,-0.0154,9.805,0.1241,1.4638,-0.3774
15435,797,807,33.652,25.658,-0.0527,0.0247,9.8778,-0.0027,-0.4983,-0.1108
15440,805,812,33.712,25.718,-0.006,-0.009,9.8763,0.592,0.1836,0.091
15445,805,811,33.705,25.754,0.044,0.0378,9.8633,-0.1784,0.1778,0.9792
15450,819,808,33.685,25.758,-0.0315,0.0562,9.9118,0.3938,0.5336,0.2018
15455,823,806,33.713,25.712,-0.028,-0.0525,9.8217,0.1582,-0.8758,0.5072
15460,847,805,33.62,25.733,-0.0198,-0.01,9.7704,-0.4601,-0.398,-0.5914
15465,855,801,33.783,25.82,-0.0038,-0.0515,9.8255,0.5268,-0.391,0.8246
15470,871,804,33.689,25.73,0.0541,0.0462,9.7277,0.6324,0.3147,0.7362
15475,878,798,33.717,25.847,0.0438,-0.007,9.8251,0.1845,0.6267,0.0755
15480,899,799,33.766,25.803,-0.0915,-0.0793,9.7441,-0.547,-0.0026,0.3433
15485,905,792,33.65,25.736,0.0412,-0.0216,9.8444,-0.693,-0.0046,-0.535
15490,916,792,33.636,25.763,-0.0263,0.0688,9.8407,0.7263,-0.3632,-0.4454
15495,925,789,33.657,25.797,0.0002,-0.1467,9.7883,0.3564,0.2197,0.7597
15500,944,790,33.663,25.737,0.04,-0.0789,9.8738,-0.162,0.3255,0.4113
15505,950,784,33.759,25.737,0.1024,0.0114,9.7348,-0.1962,-0.6417,0.2826
15510,971,788,33.729,25.732,0.0433,-0.0703,9.9028,-0.3611,0.4215,-0.9013
15515,985,785,33.741,25.768,-0.0848,0.0207,9.7054,0.6467,1.0528,-0.7573
15520,1003,782,33.733,25.803,0.0153,-0.0935,9.6684,0.0233,0.5555,0.3128
15525,1013,773,33.594,25.689,-0.0152,-0.0097,9.7826,-0.8557,-0.187,-0.1667
15530,1026,775,33.603,25.861,-0.0532,-0.0122,9.8644,-0.7421,0.3142,0.007
15535,1037,774,33.702,25.794,0.0138,-0.0367,9.8589,0.3984,0.1516,-0.043
15540,1051,769,33.667,25.819,-0.0796,-0.0212,9.8442,0.2372,0.2455,-0.2314
15545,1059,763,33.587,25.826,0.0325,0.0323,9.6724,-0.2171,0.1354,0.4856
15550,1079,765,33.744,25.795,0.0606,0.0381,9.7151,0.6401,1.3053,0.3226
15555,1085,764,33.648,25.778,-0.0059,0.0452,9.7172,-0.3158,0.7785,-0.906
15560,1098,764,33.695,25.742,0.0721,-0.0494,9.7559,-0.5247,-0.2505,-0.587
15565,1104,763,33.678,25.792,-0.0279,0.0399,9.7173,-0.2313,0.221,-0.7063
15570,1115,758,33.81,25.742,0.0423,-0.1753,9.9652,0.7806,0.4407,0.408
15575,1130,754,33.666,25.736,-0.0563,0.0004,9.6817,0.2813,-0.2842,0.2356
15580,1131,751,33.806,25.811,0.0737,-0.0933,9.7525,0.3009,0.8046,-0.5231
15585,1140,751,33.742,25.715,0.0131,0.0046,9.7929,-0.3443,-1.0039,-0.5944
15590,1138,755,33.716,25.72,0.0115,-0.0684,9.8149,0.8494,-0.3591,-0.1611
15595,1150,745,33.672,25.821,-0.0647,0.0366,9.7988,0.1288,-0.1591,0.3018
15600,1163,742,33.71,25.727,-0.0737,-0.084,9.8293,0.5398,-0.1566,0.4461
15605,1159,743,33.739,25.712,0.0521,0.0874,9.8361,0.8355,-0.2405,0.3854
15610,1174,747,33.674,25.758,0.0133,0.0052,9.8189,-0.3355,-0.032,0.1686
15615,1179,742,33.625,25.766,0.0402,-0.0972,9.8131,-0.2151,0.5914,-0.7461
15620,1188,739,33.739,25.806,-0.0009,-0.0496,9.7847,0.6331,0.2821,1.0802
15625,1180,742,33.617,25.846,0.0072,0.0172,9.8277,0.2302,0.0959,-0.8516
15630,1178,741,33.713,25.825,0.0358,-0.0571,9.894,0.1454,-0.475,0.2557
15635,1186,734,33.612,25.789,0.0688,0.049,9.8679,0.524,-0.3439,0.3104
15640,1184,740,33.773,25.787,0.0628,-0.0821,9.8854,0.1551,-0.4243,-0.3447
15645,1179,732,33.737,25.742,-0.0426,-0.0246,9.79,0.5846,-0.1705,0.0048
15650,1188,736,33.649,25.73,0.02,0.0378,9.7235,-0.2521,0.0012,0.6925
15655,1183,732,33.697,25.765,0.0888,-0.0669,9.7656,0.0903,-0.9936,0.4851
15660,1188,735,33.662,25.728,-0.0537,-0.0032,9.7784,0.1423,0.2515,0.0469
15665,1189,736,33.795,25.809,0.0037,0.0305,9.8332,-0.0652,0.146,0.1436
15670,1186,736,33.723,25.707,0.039,0.0474,9.8674,-0.7161,-0.515,-0.4482
15675,1187,742,33.78,25.873,-0.0205,-0.035,9.8593,0.2354,0.403,-0.2566
15680,1181,742,33.744,25.756,0.0733,-0.0095,9.783,0.4309,0.824,-0.2691
15685,1182,742,33.667,25.637,-0.0062,-0.0252,9.8003,-0.7847,0.5179,-1.0128
15690,1169,749,33.665,25.798,0.0118,-0.0607,9.8555,0.3803,-0.7643,0.0711
15695,1168,748,33.67,25.772,-0.056,-0.0962,9.8166,-0.1093,0.2285,-0.554
15700,1166,751,33.73,25.664,-0.0642,0.0183,9.7598,0.0623,-0.0134,-0.4331
15705,1168,751,33.702,25.85,-0.0653,0.0481,9.9224,-0.4968,-0.3227,0.4985
15710,1151,756,33.71,25.689,-0.068,0.0384,9.8524,1.0334,0.4116,0.7915
15715,1146,754,33.784,25.769,-0.0818,0.0293,9.9403,0.4765,-0.0231,-1.0347
15720,1149,761,33.72,25.694,0.0067,0.0541,9.7882,0.533,0.5234,0.6192
15725,1144,767,33.727,25.793,-0.0545,0.0064,9.79,-0.2139,0.3123,-0.3173
15730,1148,763,33.696,25.684,0.0197,-0.1005,9.7572,0.4613,-0.5624,0.0132
15735,1141,771,33.731,25.808,0.0446,-0.0088,9.8421,-0.6291,-1.0689,0.428
15740,1151,772,33.724,25.837,0.046,-0.0691,9.9517,0.366,0.0552,-0.1275
15745,1135,774,33.732,25.769,-0.0237,0.0041,9.8458,0.096,-1.1606,-0.1071
15750,1134,778,33.665,25.707,-0.0548,0.0628,9.7939,-0.4578,0.0193,0.3554
15755,1117,780,33.682,25.859,0.0782,0.0002,9.8337,0.438,0.4614,-0.4005
15760,1125,788,33.723,25.698,-0.0389,-0.0379,9.8554,-0.5583,-0.288,0.3906
15765,1125,788,33.723,25.726,0.0508,-0.0183,9.8098,-0.4051,0.1984,0.2869
15770,1124,794,33.706,25.767,-0.0293,-0.0772,9.8884,0.1327,0.3573,-1.1408
15775,1110,796,33.72,25.779,0.0529,-0.0094,9.7555,0.1538,0.3673,-0.0165
15780,1102,803,33.697,25.721,-0.1014,-0.0401,9.8767,-0.4556,0.5604,0.9106
15785,1104,803,33.806,25.688,-0.0132,0.0332,9.8332,0.2318,-0.1,-0.1523
15790,1105,809,33.69,25.724,0.0028,0.048,9.822,0.6268,0.3273,0.3217
15795,1107,805,33.736,25.654,-0.0039,-0.0977,9.7641,0.6445,-0.4495,0.4327
15800,1097,814,33.721,25.772,-0.0004,-0.0492,9.7999,-0.0646,-0.0868,0.3701
15805,1100,815,33.811,25.751,-0.0816,-0.1034,9.8412,-0.2734,-0.0039,0.3126
15810,1102,821,33.739,25.696,0.025,-0.0431,9.8769,0.2934,0.189,0.7479
15815,1092,821,33.652,25.731,0.0152,0.0322,9.8271,1.0693,-0.1434,-0.1243
15820,1093,828,33.691,25.766,-0.0384,0.0075,9.8447,0.7268,-0.3174,0.6779
15825,1084,823,33.656,25.744,-0.0174,0.0803,9.9216,0.2027,0.8978,0.4068
15830,1079,826,33.74,25.7,-0.0069,0.0148,9.7769,-0.8644,-0.3372,0.4523
15835,1086,836,33.758,25.811,0.089,-0.0027,9.8128,-0.2951,0.3058,-0.41
15840,1083,833,33.737,25.771,-0.0012,-0.0404,9.8312,-0.2739,-0.3835,0.6675
15845,1081,833,33.725,25.724,0.0286,-0.0178,9.7223,0.0703,0.964,0.0328
15850,1072,836,33.717,25.718,-0.0024,-0.0598,9.8213,0.7566,0.0272,0.1796
15855,1070,834,33.739,25.841,0.037,-0.0236,9.7603,-0.3968,0.5954,-0.5386
15860,1066,843,33.658,25.741,-0.0369,0.0233,9.8055,-0.2741,0.082,-0.1811
15865,1068,842,33.667,25.779,0.0969,0.0433,9.8445,0.535,0.1974,0.0531
15870,1062,843,33.644,25.77,-0.1038,-0.0042,9.8789,-0.4717,0.3108,-0.9668
15875,1059,844,33.702,25.757,-0.076,0.0258,9.8209,-0.4843,0.4616,-0.2842
15880,1050,844,33.717,25.736,-0.0273,0.066,9.83,-0.5621,-0.1421,0.6664
15885,1053,851,33.633,25.784,-0.0834,0.0236,9.782,-0.688,0.8041,-0.3902
15890,1047,841,33.647,25.715,0.0236,0.084,9.8174,0.4783,0.123,0.4883
15895,1036,847,33.691,25.725,0.0043,-0.0491,9.8494,0.2832,0.5876,0.0422
15900,1027,843,33.701,25.797,0.0654,0.0428,9.7943,0.4416,0.4662,0.0455
15905,1035,844,33.659,25.767,-0.0918,-0.0202,9.9026,-0.3194,0.3705,-0.5163
15910,1016,845,33.635,25.673,0.073,0.0476,9.7045,-0.127,0.0818,0.243
15915,1016,846,33.683,25.762,0.1108,-0.0675,9.8874,1.1898,-0.0971,-0.3322
15920,1003,844,33.66,25.855,0.0096,-0.0503,9.8076,-0.2622,-0.0878,-0.427
15925,995,843,33.666,25.737,0.0233,0.0026,9.8518,0.2305,0.455,0.1645
15930,987,844,33.609,25.808,0.0226,-0.0141,9.8061,0.219,0.508,0.6949
15935,973,843,33.704,25.786,0.0164,-0.0262,9.7411,0.4537,-0.0184,-1.3506
15940,970,840,33.773,25.763,0.0366,0.0042,9.827,-0.0509,-0.2314,-0.6673
15945,961,844,33.705,25.708,0.0093,0.0248,9.7263,-1.0413,0.4879,0.3211
15950,955,839,33.66,25.833,-0.0166,-0.0186,9.8618,0.1211,-0.3479,0.6545
15955,951,843,33.721,25.757,-0.0439,-0.0162,9.7854,-0.7434,-0.0052,-0.1915
15960,945,844,33.682,25.727,0.0578,0.0041,9.8714,0.2231,0.1802,0.5877
15965,929,838,33.7,25.684,-0.0189,0.0079,9.8374,0.5381,-0.159,1.2231
15970,911,839,33.762,25.671,-0.0493,0.0085,9.8333,-0.5924,-0.4297,0.0954
15975,909,840,33.682,25.827,0.0046,0.0139,9.803,0.6543,0.3783,-0.3293
15980,902,835,33.712,25.739,0.0219,-0.0111,9.8173,0.4399,0.7761,0.3717
15985,881,833,33.651,25.719,-0.0125,-0.1399,9.7443,-0.5907,0.0026,-0.0323
15990,881,834,33.779,25.827,0.0286,-0.0129,9.7956,0.1759,0.3569,0.3859
15995,862,829,33.701,25.776,0.0096,-0.0079,9.8079,-0.647,0.1774,-0.0296
16000,857,832,33.653,25.76,0.0075,-0.0826,9.8194,-0.7972,0.2921,0.2888
16004,841,830,33.749,25.716,0.0174,0.0332,9.7934,-0.6629,0.1557,-0.5811
16010,839,834,33.645,25.739,0.0308,-0.0249,9.8072,-0.0763,-0.7837,0.11
16015,829,828,33.765,25.775,-0.0107,0.0695,9.7922,-1.1258,1.0923,-0.7387
16020,819,830,33.637,25.627,-0.0244,0.0353,9.8222,0.2375,0.4735,0.825
16024,809,832,33.64,25.73,-0.0014,0.0474,9.8866,-0.233,-0.5897,0.062
16030,796,824,33.763,25.733,-0.1135,0.034,9.788,0.4338,-0.3288,0.1135
16035,799,824,33.856,25.693,-0.0482,0.0061,9.7449,-0.1195,0.6134,-0.3881
16040,780,830,33.696,25.708,-0.027,-0.0926,9.7614,0.4918,-0.0587,0.0184
16045,784,826,33.718,25.812,0.0429,0.0298,9.7847,0.389,-0.0488,0.366
16050,772,830,33.718,25.775,0.0305,0.0151,9.888,0.668,-0.1112,1.0504
16055,767,824,33.776,25.769,-0.037,0.1521,9.8315,-0.2939,0.2228,-0.3327
16059,764,826,33.715,25.714,-0.007,0.0279,9.7573,0.4536,-0.0509,-1.2102
16065,756,823,33.588,25.722,0.0031,-0.0563,9.8579,0.1107,0.3646,-0.0745
16070,757,822,33.669,25.626,-0.0334,-0.1003,9.7689,0.1861,-0.3142,-0.2921
16075,750,824,33.673,25.811,0.0165,0.0395,9.8151,1.5449,1.0064,-0.4755
16079,745,823,33.702,25.758,-0.083,-0.0113,9.8624,0.6499,0.3988,-0.1054
16085,752,819,33.739,25.752,-0.042,-0.0041,9.6994,0.0512,-0.0488,-0.3254
16090,746,819,33.678,25.737,-0.0092,0.0584,9.8815,0.221,0.4739,0.0648
16094,742,823,33.707,25.707,0.1374,0.0146,9.7931,-0.5795,-0.5144,0.3217
16100,749,817,33.774,25.746,-0.0491,0.0549,9.7795,-0.729,-0.4752,0.0553
16105,759,818,33.71,25.723,0.0123,-0.0168,9.7328,0.1667,-1.0252,0.6991
16110,765,818,33.734,25.703,-0.0579,-0.0196,9.8584,0.5338,0.2495,-0.2845
16114,756,815,33.657,25.856,0.0195,-0.058,9.7735,0.0038,0.354,-0.5939
16120,759,819,33.739,25.715,-0.0371,0.0668,9.8424,-0.1407,-0.7412,0.31
16125,769,822,33.673,25.856,-0.1108,0.0422,9.7924,0.3251,-0.1223,-0.7031
16129,771,818,33.676,25.803,-0.0149,0.0537,9.7763,0.3153,-0.4277,0.2592
16135,784,811,33.755,25.788,0.0431,-0.0338,9.8033,0.4322,-0.1282,-0.4084
16140,784,815,33.649,25.741,-0.0391,-0.0079,9.7384,0.3856,-0.5678,-0.3293
16145,784,811,33.633,25.739,-0.0617,-0.0245,9.7672,-0.2599,-0.417,-0.234
16149,800,807,33.697,25.809,-0.0859,-0.0327,9.8296,-0.3723,-0.2226,0.1866
16155,816,813,33.801,25.704,-0.041,-0.0195,9.8477,-0.0555,-0.3884,0.4775
16160,833,811,33.685,25.772,-0.0851,0.0032,9.8834,0.1779,0.1648,-0.4319
16165,835,802,33.664,25.71,-0.0537,-0.0109,9.7421,-1.0717,-0.7689,0.4903
16170,846,806,33.727,25.776,-0.0043,-0.0564,9.8376,-0.5294,0.4576,-0.7554
16175,869,802,33.695,25.688,-0.0143,-0.0351,9.7964,0.6934,-0.1138,-0.3799
16180,874,801,33.676,25.745,0.081,-0.0057,9.75,-0.1101,0.0786,-0.0381
16184,887,802,33.682,25.778,-0.0066,0.0274,9.8968,0.2247,0.1102,0.7669
16190,895,797,33.772,25.737,-0.0403,-0.0387,9.906,0.8776,0.283,-0.2336
16195,908,796,33.718,25.727,-0.0722,-0.0818,9.8946,0.1253,0.0255,0.5455
16200,927,789,33.654,25.728,-0.0249,0.0681,9.7627,-0.2377,-0.0723,0.0362
16204,940,794,33.715,25.696,0.091,0.0094,9.7701,0.2212,0.9233,-0.2339
16210,948,792,33.708,25.748,0.0108,0.0588,9.7913,0.8234,0.349,0.27
16215,960,789,33.74,25.704,0.0151,-0.0086,9.866,-0.6694,-0.0097,-0.3124
16219,980,785,33.8,25.733,0.0051,-0.028,9.7864,0.2243,0.1279,0.0088
16225,993,783,33.663,25.664,-0.0103,-0.0378,9.7098,-0.0071,0.0537,0.0425
16230,1002,775,33.704,25.821,0.0525,-0.0045,9.7844,0.2507,-0.4025,-0.4884
16235,1028,780,33.704,25.752,-0.0694,-0.0432,9.8171,0.1755,-0.2247,-0.859
16239,1038,772,33.64,25.8,0.0242,-0.0642,9.8463,-0.2866,0.0287,0.8391
16245,1046,772,33.798,25.729,-0.0324,0.008,9.7054,-0.4657,0.2335,0.9958
16250,1064,767,33.711,25.685,0.0195,-0.0283,9.7513,0.5182,0.188,0.044
16254,1066,766,33.752,25.757,0.0801,-0.0728,9.7872,0.3759,-0.3639,-0.3762
16260,1080,765,33.605,25.695,0.016,-0.0051,9.8341,0.3086,0.2178,0.2801
16265,1098,760,33.707,25.788,-0.1084,-0.0685,9.8542,0.1634,-0.6587,0.0748
16270,1108,755,33.731,25.826,0.0019,0.0157,9.7619,0.5262,0.5353,-0.496
16274,1111,760,33.723,25.819,0.0237,0.0599,9.876,-0.6177,0.0194,-0.0719
16280,1120,753,33.687,25.791,0.0298,-0.0137,9.7933,-0.009,-0.2543,-0.4941
16285,1127,750,33.797,25.854,-0.0302,0.0471,9.7958,-0.0722,-0.6077,-0.0559
16290,1140,751,33.716,25.759,0.0614,-0.0614,9.9325,0.8796,-1.4141,-0.0549
16295,1146,754,33.724,25.784,-0.0678,-0.0817,9.7878,0.4215,0.2336,-0.698
16300,1156,755,33.707,25.762,0.0015,-0.0265,9.7852,0.2484,0.2165,-0.9841
16305,1158,745,33.668,25.784,0.0447,0.0141,9.8946,-0.0945,0.4474,0.7397
16309,1169,744,33.674,25.733,0.0071,-0.0564,9.872,-0.7333,-1.2375,0.4792
16315,1176,742,33.668,25.781,0.04,0.0256,9.8631,-0.3316,0.6957,0.6309
16320,1180,738,33.685,25.815,0.0369,-0.0824,9.8581,-0.5637,-0.4366,-0.1892
16325,1172,740,33.68,25.816,-0.0747,0.039,9.8854,0.1074,0.1119,0.3885
16329,1180,741,33.652,25.855,0.0367,-0.0147,9.7621,0.86,0.4914,0.9905
16335,1180,739,33.779,25.693,0.0242,-0.0461,9.764,0.748,0.0418,-0.3672
16340,1175,735,33.716,25.7,-0.026,-0.0187,9.8683,-0.4852,0.1459,0.2176
16344,1192,733,33.642,25.772,0.0337,0.0592,9.8598,-0.3851,-0.2153,0.4669
16350,1184,733,33.764,25.723,-0.087,-0.0362,9.8748,-0.2561,0.0904,0.6302
16355,1187,740,33.706,25.764,0.0154,-0.0208,9.7142,-1.3024,-0.2566,-0.1613
16360,1193,740,33.659,25.706,0.0033,0.0168,9.7872,-0.7009,-0.121,0.9508
16364,1183,736,33.66,25.694,-0.0242,0.003,9.7995,-0.072,-0.3858,-0.413
16370,1188,734,33.719,25.803,0.0028,0.1103,9.7152,0.8517,-0.0851,-0.1932
16375,1179,741,33.725,25.792,0.0155,0.0932,9.8552,0.027,0.4216,0.7456
16379,1181,744,33.692,25.711,0.0113,0.0154,9.7898,0.0467,-0.3975,0.7641
16385,1187,750,33.62,25.778,-0.0709,0.0187,9.7882,0.015,0.3104,-0.1416
16390,1176,751,33.704,25.816,-0.1078,-0.0214,9.7563,1.2441,-0.7365,-0.1996
16395,1175,746,33.704,25.702,0.0312,0.0433,9.8711,0.21,0.16,-0.9869
16400,1171,757,33.72,25.649,-0.0879,-0.0236,9.8538,0.599,-0.9391,0.3169
16405,1171,750,33.804,25.759,0.0762,0.0459,9.7928,0.8448,0.8575,0.3623
16410,1159,752,33.686,25.761,-0.0363,0.0135,9.8432,0.1676,-0.7501,0.7961
16415,1160,754,33.815,25.692,0.0025,-0.066,9.8738,0.0858,-0.0337,0.0726
16420,1157,761,33.739,25.742,0.0006,0.0243,9.7873,-0.0966,0.4681,-0.7082
16425,1141,760,33.666,25.702,0.0035,0.009,9.7878,0.5346,0.0792,-0.0271
16430,1151,758,33.771,25.701,-0.0146,-0.1133,9.8592,0.2765,-0.0157,0.6098
16435,1136,768,33.617,25.741,0.0275,-0.0855,9.8412,-0.3711,-0.4009,0.2098
16440,1143,769,33.739,25.763,0.0146,-0.1045,9.8469,0.0246,0.0874,-0.3
16445,1141,771,33.744,25.799,0.0538,-0.0818,9.8015,0.2291,0.3298,-0.2554
16450,1137,777,33.734,25.694,0.0436,-0.0262,9.8429,0.4533,-0.3606,-0.2583
16455,1133,780,33.806,25.75,0.0159,0.0024,9.7748,0.1083,0.4035,-0.0328
16460,1123,785,33.706,25.717,0.0498,0.1107,9.8583,0.5096,-0.1737,-0.1014
16465,1127,784,33.756,25.777,-0.0526,-0.086,9.7571,0.2025,-0.1406,-0.4744
16470,1119,792,33.629,25.698,-0.0343,-0.0121,9.8028,0.7271,-1.0385,-0.1319
16475,1118,793,33.695,25.849,-0.0818,0.0211,9.7674,-0.2012,0.0436,0.6872
16480,1115,794,33.632,25.731,0.005,-0.0824,9.8316,0.5027,0.0405,0.0797
16485,1105,802,33.757,25.779,-0.0296,-0.0609,9.8462,0.1096,0.291,-0.107
16490,1102,802,33.694,25.743,-0.014,-0.0569,9.814,0.0262,-0.5382,0.8299
16495,1106,803,33.647,25.764,-0.0135,0.0213,9.8679,0.5007,0.4049,-0.3746
16500,1099,811,33.695,25.78,-0.0233,0.0981,9.7968,0.2963,0.4197,-0.0396
16505,1108,813,33.69,25.739,-0.0218,0.0927,9.7569,0.1328,-0.1452,0.7974
16510,1096,817,33.795,25.812,-0.0551,0.048,9.7368,0.5919,-0.2872,-0.2939
16515,1092,808,33.7,25.702,-0.0698,-0.0466,9.7962,0.0817,0.3332,-0.6108
16520,1092,818,33.773,25.759,-0.0318,-0.0078,9.7452,-0.3786,-0.2959,-0.3355
16525,1097,822,33.742,25.735,-0.087,-0.0069,9.7679,-0.1112,0.2816,-0.8189
16530,1082,826,33.686,25.712,-0.0313,0.02,9.7452,0.6821,0.142,-0.1464
16535,1085,823,33.699,25.739,-0.0359,0.0077,9.741,-0.9723,-0.9178,-0.2796
16540,1085,831,33.618,25.775,-0.0133,0.0246,9.8463,-0.5759,-0.0581,-0.1819
16545,1083,834,33.78,25.702,-0.033,0.0079,9.7474,-0.3151,0.3871,-0.5514
16550,1068,837,33.703,25.699,-0.0042,-0.046,9.7802,0.5561,0.4358,-0.5316
16555,1071,832,33.683,25.76,-0.0801,-0.0752,9.8188,0.9293,-0.6952,0.7423
16560,1066,840,33.691,25.761,0.0512,0.0336,9.7272,-0.3713,-0.372,-0.2542
16565,1071,841,33.804,25.7,-0.0721,0.0081,9.8753,-0.1748,0.2645,0.722
16570,1061,839,33.77,25.741,-0.0204,0.0276,9.8235,0.4817,-0.8178,-0.4991
16575,1062,840,33.625,25.802,0.0494,0.0099,9.7798,-0.5689,-0.0125,-0.6202
16580,1057,843,33.759,25.751,-0.0757,-0.0392,9.7453,-0.3462,0.7464,-0.6774
16585,1051,850,33.704,25.673,-0.0253,0.0228,9.8134,-0.6078,-0.4916,-0.2408
16590,1052,843,33.73,25.806,0.0028,0.0392,9.8277,-0.1939,0.6575,-0.2445
16595,1039,841,33.73,25.7,0.0629,0.0322,9.8467,1.02,-0.0547,-0.0472
16600,1040,838,33.671,25.693,0.0313,-0.0597,9.8277,-0.1729,0.3517,0.2216
16605,1039,848,33.693,25.725,0.0041,-0.0848,9.861,-0.1968,-0.4163,-0.7102
16610,1032,850,33.729,25.761,0.0256,0.0068,9.8171,-0.1426,0.0626,-0.3979
16615,1018,848,33.717,25.78,0.037,0.0396,9.9211,-0.9427,-0.6696,0.0225
16620,1013,851,33.799,25.822,-0.0175,-0.0569,9.8638,-0.8553,0.5149,0.5211
16625,1013,844,33.706,25.799,0.0421,-0.0362,9.7687,0.292,-0.324,-0.6117
16630,1000,847,33.758,25.633,-0.0463,0.0854,9.7966,0.0621,-0.6272,0.031
16635,1000,845,33.633,25.781,-0.042,-0.0459,9.6791,-0.1915,-1.1441,0.2107
16640,987,849,33.741,25.766,-0.0723,-0.0077,9.8234,0.0738,0.4287,-0.1562
16645,978,845,33.712,25.704,-0.0478,0.0241,9.8914,0.2314,-0.4656,0.7733
16650,971,840,33.698,25.72,-0.0126,-0.0509,9.8066,0.0024,-0.1063,-0.3499
16655,962,844,33.756,25.751,0.0013,0.0568,9.8177,0.1291,0.2327,0.8416
16660,956,842,33.687,25.792,0.017,0.079,9.7691,-0.3838,0.2844,0.2123
16665,940,843,33.73,25.761,-0.0123,0.0192,9.8152,-0.5422,0.5524,-0.087
16670,931,839,33.7,25.803,0.02,-0.0642,9.813,0.3759,-0.2813,0.8547
16675,915,844,33.742,25.716,-0.0998,0.024,9.8498,-0.3807,-0.0336,-0.6965
16680,901,837,33.781,25.682,0.1079,0.0047,9.9011,0.3751,-0.1987,-0.0247
16685,898,837,33.778,25.693,-0.0823,-0.0078,9.9053,-1.0762,-0.2313,0.9576
16690,892,832,33.715,25.796,-0.0788,-0.0126,9.8655,-0.3706,0.0171,-0.2172
16695,878,833,33.693,25.72,0.046,-0.0407,9.898,-0.4303,0.836,-0.6584
16700,864,832,33.775,25.832,0.0082,-0.0574,9.7584,-0.2477,0.7037,-0.2485
16705,858,831,33.73,25.74,0.0388,-0.0015,9.8142,-0.8437,0.1569,0.7055
16710,851,831,33.665,25.822,0.0168,-0.0806,9.769,0.8423,-0.6673,-0.302
16715,849,829,33.741,25.739,-0.0199,0.0188,9.8576,0.4411,-0.1226,0.223
16720,835,824,33.829,25.824,-0.0031,0.0985,9.7054,-0.1988,-0.9711,0.3614
16725,822,829,33.659,25.806,-0.0012,-0.031,9.8841,0.1724,-0.5841,-0.4165
16730,819,830,33.723,25.833,0.011,-0.0416,9.868,0.6418,-0.1461,0.2098
16735,802,824,33.676,25.742,-0.0026,0.0489,9.8257,-0.2123,-0.0616,0.3501
16740,797,839,33.678,25.677,-0.0244,0.0185,9.8795,0.8734,-1.0225,-0.3992
16745,795,827,33.707,25.791,0.0141,0.0488,9.8237,0.2679,0.5777,-0.2908
16750,782,825,33.748,25.674,-0.0363,0.0391,9.7659,-0.4342,1.1067,0.3958
16755,779,827,33.663,25.805,0.0087,-0.0695,9.7617,0.2904,-0.6858,-0.0193
16760,765,828,33.802,25.793,0.0286,0.064,9.7909,-0.1675,-0.4693,0.6978
16765,767,827,33.627,25.711,-0.0135,-0.0493,9.7591,-0.0277,0.9625,-0.1109
16770,765,827,33.728,25.799,0.0128,0.0297,9.8056,0.462,0.461,0.1008
16775,748,820,33.711,25.723,0.0609,0.0064,9.7698,-1.1015,0.1172,-0.6534
16780,752,821,33.694,25.787,0.0292,0.138,9.8668,-0.3402,0.1439,-0.4734
16785,754,822,33.772,25.78,-0.0322,-0.0612,9.844,-0.1251,0.042,0.5177
16790,755,818,33.738,25.753,0.0729,0.0135,9.8418,-0.4638,0.9974,0.5195
16795,751,821,33.758,25.71,-0.0104,-0.0408,9.6899,-0.1915,0.2675,1.3075
16800,744,818,33.768,25.666,0.0162,-0.0504,9.8231,0.2476,-0.3615,-0.6396
16805,746,811,33.639,25.687,0.0061,-0.0107,9.7465,0.2176,-0.281,0.3032
16810,746,817,33.656,25.752,-0.0499,-0.071,9.8085,0.014,0.1343,0.3694
16815,761,813,33.734,25.742,-0.0688,0.0438,9.9014,0.915,0.263,-0.0555
16820,758,818,33.75,25.733,-0.0805,0.0591,9.8064,0.0892,-0.0291,0.3082
16825,764,815,33.784,25.639,0.0291,-0.0475,9.8104,-0.1842,0.6373,1.3515
16830,768,814,33.684,25.778,0.0137,0.0335,9.7611,0.1015,-0.3721,0.3563
16835,774,815,33.775,25.725,-0.0186,0.0383,9.8224,0.188,0.1974,-1.2846
16840,784,817,33.685,25.723,-0.0851,0.0222,9.8807,0.6265,-0.1305,0.2791
16845,786,809,33.64,25.735,-0.0018,0.0361,9.8663,0.3825,0.3608,0.2269
16850,795,812,33.7,25.728,0.0257,0.0457,9.734,0.0622,0.0884,0.5853
16855,803,808,33.745,25.669,-0.0769,0.0087,9.8586,-0.7318,0.1685,0.1747
16860,820,804,33.711,25.736,0.0513,0.0022,9.8663,-0.0843,-0.8715,0.2499
16865,833,809,33.69,25.737,0.0022,0.0084,9.799,0.1477,0.19,0.2265
16870,833,805,33.747,25.811,0.0875,-0.0188,9.787,-0.1725,-0.2366,0.5357
16875,841,806,33.806,25.716,0.0059,0.036,9.8529,0.6072,0.334,0.2354
16880,851,806,33.662,25.668,0.0576,-0.0554,9.743,0.4881,0.1054,-0.6002
16885,868,801,33.671,25.715,0.0355,-0.0146,9.7497,0.4251,-0.2891,-0.604
16890,882,797,33.669,25.859,-0.0053,-0.0748,9.8333,0.423,-1.2222,0.1737
16895,895,797,33.744,25.807,0.079,-0.0193,9.7735,-0.5366,0.0567,1.1131
16900,906,798,33.714,25.716,-0.0055,0.0116,9.8464,0.0865,0.2041,0.6909
16905,925,791,33.602,25.845,-0.0541,-0.0049,9.7946,-0.7934,-0.1412,-0.2546
16910,937,783,33.623,25.731,0.0002,0.0377,9.814,-0.042,0.2052,-0.1789
16915,954,785,33.711,25.802,0.0924,-0.0235,9.7352,-0.1947,0.1858,-0.0211
16920,966,786,33.628,25.617,-0.0114,-0.0143,9.8576,0.2874,0.0923,-0.042
16925,982,781,33.721,25.723,0.0716,0.0625,9.6392,0.4524,-0.0964,0.3738
16930,998,777,33.698,25.638,0.0656,0.0169,9.7297,-0.4186,0.2281,0.0659
16935,1004,778,33.848,25.686,0.0323,0.031,9.8132,-1.577,-1.1081,1.2145
16940,1017,771,33.738,25.817,-0.0624,0.0599,9.8559,-0.29,0.3168,0.4115
16945,1022,771,33.759,25.694,0.0613,-0.0466,9.7915,0.1373,-0.0894,0.1187
16950,1042,771,33.752,25.837,-0.0264,0.0644,9.8708,-0.1978,-0.4209,0.2085
16955,1061,769,33.744,25.797,0.0718,0.0035,9.7766,0.0562,0.0135,-0.4271
16960,1074,769,33.68,25.808,0.0135,0.0452,9.7062,0.2926,0.1892,0.3842
16965,1084,768,33.672,25.813,-0.0535,-0.1156,9.7722,0.4846,-0.9024,0.1941
16970,1100,763,33.72,25.717,-0.0363,0.0911,9.8438,-1.4698,0.767,0.0584
16975,1103,759,33.805,25.733,0.0116,-0.0163,9.8629,-0.3935,-0.5197,0.745
16980,1106,756,33.77,25.781,-0.0288,-0.1123,9.7733,-0.5293,-0.7744,0.5025
16985,1111,754,33.688,25.851,0.0442,-0.0099,9.8103,0.8347,-0.633,0.5777
16990,1145,755,33.705,25.736,-0.0748,0.0311,9.8228,0.0385,0.0807,0.0265
16995,1133,751,33.675,25.762,-0.0398,-0.0224,9.7372,0.331,0.5029,0.6304
17000,1150,752,33.707,25.762,0.1393,0.0496,9.7984,0.1105,0.5602,-0.2841
17005,1154,750,33.658,25.739,-0.0323,-0.0708,9.8509,-0.49,0.3138,0.2075
17010,1161,751,33.648,25.815,-0.0404,0.0686,9.8505,-0.5978,-0.4512,-0.0328
17015,1166,742,33.704,25.79,-0.0066,-0.0295,9.8438,0.8303,-0.9625,-0.1805
17020,1175,743,33.53,25.746,0.0453,0.0655,9.823,0.9596,0.0397,0.0582
17025,1174,742,33.658,25.712,-0.0196,0.0268,9.7617,-0.7968,0.1673,-0.5096
17030,1173,742,33.675,25.744,0.0344,0.0621,9.8055,0.1938,-0.0119,-0.7265
17035,1183,743,33.721,25.779,-0.0235,-0.0283,9.7756,-0.6363,-0.0569,-0.6394
17040,1176,741,33.638,25.762,0.0491,-0.0113,9.852,-0.5543,0.0324,0.7585
17045,1190,740,33.741,25.789,-0.0104,0.0168,9.7419,0.2572,0.4355,0.634
17050,1195,742,33.653,25.749,-0.013,0.0232,9.7933,-0.9672,-0.7634,0.133
17055,1196,737,33.708,25.724,-0.0601,0.0524,9.7217,0.714,0.0844,-0.2913
17060,1188,732,33.707,25.681,-0.0502,0.0306,9.8514,0.4498,0.2181,0.0591
17065,1192,737,33.775,25.751,-0.0273,0.0286,9.7501,-0.0583,0.7811,-0.4691
17070,1179,738,33.671,25.725,0.0431,0.0159,9.8218,0.0079,-0.2136,0.6415
17075,1190,737,33.67,25.733,-0.0267,0.0563,9.7885,0.0568,0.0556,0.162
17080,1192,742,33.686,25.791,0.0327,-0.0129,9.8145,-0.0275,-0.5329,1.01
17085,1191,744,33.749,25.71,-0.0206,-0.0985,9.7293,-0.454,0.9918,0.0424
17090,1188,740,33.738,25.831,-0.0236,-0.0008,9.7425,-0.4737,0.5688,0.1416
17095,1173,747,33.652,25.711,0.0144,0.0993,9.9255,-0.057,-0.3143,-0.1565
17100,1181,745,33.732,25.73,0.0007,-0.0023,9.8101,-0.2428,-0.3628,-0.147
17105,1164,750,33.616,25.725,0.0849,-0.0412,9.8368,-0.2286,0.2461,0.2664
17110,1169,749,33.753,25.747,-0.0281,-0.0871,9.7834,0.3067,-0.133,0.8405
17115,1169,745,33.694,25.689,-0.0266,-0.0267,9.8801,-0.109,-0.0198,0.2746
17120,1165,757,33.697,25.663,0.0715,-0.0012,9.7824,-0.5135,0.1223,0.221
17125,1154,751,33.661,25.714,0.0644,0.039,9.8617,-0.2073,0.6453,0.5162
17130,1162,763,33.806,25.762,-0.0335,-0.0375,9.7844,-0.0803,1.5438,-0.2144
17135,1150,765,33.705,25.757,-0.0544,-0.1214,9.7695,-0.0906,1.5558,-0.4712
17140,1147,767,33.637,25.643,-0.058,0.0835,9.8524,-0.3079,0.0967,-0.5827
17145,1137,771,33.629,25.718,-0.0325,0.0608,9.7726,-0.0016,-0.2634,0.5464
17150,1136,776,33.667,25.821,0.0011,-0.0069,9.7765,0.034,0.427,-0.2582
17155,1133,772,33.636,25.635,0.0307,-0.0121,9.8126,-0.1835,-0.4893,-0.3833
17160,1137,780,33.676,25.822,-0.0155,0.0236,9.8308,-0.0116,0.5677,0.6321
17165,1123,783,33.752,25.755,0.0443,-0.015,9.8444,-0.4241,0.2079,-0.8528
17170,1115,783,33.772,25.698,0.0074,-0.0233,9.7607,0.1782,0.3456,-1.1416
17175,1117,792,33.682,25.725,0.0745,0.0318,9.8111,-0.6904,0.5704,0.3694
17180,1108,793,33.725,25.813,0.0729,-0.0195,9.7713,0.8057,0.4244,0.1427
17185,1111,796,33.687,25.706,-0.0571,-0.0421,9.8442,0.5908,0.2838,0.7629
17190,1111,796,33.743,25.739,-0.0039,-0.0081,9.8032,0.9143,-1.1888,0.1241
17195,1107,797,33.772,25.773,0.0406,-0.0622,9.8176,0.2847,-0.5242,0.6933
17200,1103,802,33.679,25.741,0.1331,-0.0404,9.7825,-0.3011,-0.2771,0.6329
17205,1109,808,33.707,25.82,0.0404,-0.0162,9.855,0.8714,0.1001,-0.0268
17210,1095,808,33.685,25.827,-0.0033,-0.0084,9.7613,-0.36,-0.4148,0.3024
17215,1091,816,33.71,25.649,-0.0441,0.0487,9.7973,0.2641,1.2576,-0.0756
17220,1093,821,33.659,25.655,0.0208,0.0911,9.7628,-0.2318,0.5017,-0.2545
17225,1091,820,33.812,25.69,-0.001,-0.0086,9.8421,-0.7852,-0.2357,-0.1919
17230,1090,818,33.697,25.728,-0.0263,-0.0359,9.8654,-0.5515,-0.379,0.4748
17235,1092,823,33.672,25.84,0.0072,-0.0004,9.8783,0.1722,-0.2578,0.0286
17240,1085,828,33.637,25.757,0.0238,0.1171,9.7667,-0.2511,0.5038,0.2312
17245,1080,830,33.803,25.652,0.1036,-0.0276,9.8268,-0.5409,0.1886,0.8225
17250,1089,829,33.724,25.704,-0.0472,-0.0945,9.8762,0.04,-0.3403,0.3598
17255,1082,832,33.68,25.754,0.0146,-0.0575,9.7985,-0.959,0.605,0.2681
17260,1079,835,33.756,25.775,0.0039,0.0391,9.7589,-0.3886,-0.7836,0.8204
17265,1072,838,33.692,25.83,0.0194,-0.0616,9.8017,-0.3082,-0.1954,-0.4381
17270,1064,839,33.727,25.75,0.0349,-0.0468,9.8303,-0.3216,0.5766,0.7394
17275,1071,841,33.733,25.668,0.0021,-0.067,9.8309,0.6215,0.2717,0.7212
17280,1065,847,33.719,25.748,-0.0472,-0.0352,9.8472,-1.1627,0.3497,0.2142
17285,1063,846,33.764,25.705,-0.0152,-0.0069,9.81,1.0219,-0.0142,0.0613
17290,1053,844,33.626,25.696,-0.0105,0.0804,9.7969,0.5291,1.1512,-0.3567
17295,1051,841,33.738,25.734,-0.0404,-0.0759,9.7852,0.4798,0.4347,0.1121
17300,1039,843,33.761,25.738,-0.0568,0.0407,9.8332,0.0011,0.0614,0.0962
17305,1040,843,33.83,25.739,-0.0158,-0.1099,9.665,0.1072,0.7104,1.0252
17310,1029,842,33.666,25.671,-0.1136,-0.0177,9.7632,-1.1749,0.2435,0.2479
17315,1016,846,33.698,25.796,0.0497,0.0106,9.8392,-0.0181,0.6524,-0.9045
17320,1018,845,33.603,25.772,-0.0516,0.0014,9.806,-0.1872,0.6659,0.5129
17325,1025,852,33.749,25.696,0.0356,-0.0301,9.8543,-0.0559,0.2208,0.2779
17330,1014,848,33.71,25.699,-0.0165,0.0468,9.8558,-0.1387,0.8809,0.3268
17335,1009,843,33.711,25.689,0.0185,-0.1066,9.8312,0.39,0.0682,-0.1298
17340,991,838,33.767,25.754,-0.0705,-0.0599,9.7361,-0.5693,0.3253,0.1993
17345,973,838,33.69,25.708,-0.0325,-0.0172,9.7577,0.2308,-0.033,-0.1059
17350,975,842,33.781,25.715,-0.0016,-0.0637,9.7399,0.4816,-1.0247,-0.4521
17355,974,848,33.593,25.746,-0.0047,-0.038,9.7935,-0.3223,0.6016,-0.2039
17360,956,838,33.8,25.714,0.0183,-0.0393,9.8165,-0.1722,0.1145,-0.1458
17365,947,842,33.767,25.742,0.0441,-0.0171,9.8869,0.521,0.3512,-0.0302
17370,946,839,33.705,25.789,0.0182,-0.0953,9.7786,0.657,-0.2087,0.7621
17375,939,839,33.734,25.738,0.0823,0.0842,9.8378,0.4392,0.8095,0.4822
17380,925,840,33.652,25.792,0.0757,0.0094,9.8973,0.668,0.6881,-0.4419
17385,924,834,33.688,25.749,-0.0281,0.0196,9.8189,0.801,-0.0917,0.3906
17390,910,833,33.582,25.698,0.0902,0.0382,9.8089,0.0315,0.2412,-0.5484
17395,893,838,33.79,25.828,0.0375,0.0746,9.8667,-0.3375,-0.4782,0.4133
17400,878,833,33.625,25.729,0.0437,-0.008,9.7906,0.3818,-0.5185,-0.6608
17405,868,836,33.703,25.846,0.0347,0.0134,9.8092,-0.0987,0.5321,0.6097
17410,859,839,33.684,25.723,0.0452,0.0723,9.847,-1.0005,0.9235,-0.6563
17415,845,833,33.693,25.794,0.007,0.0276,9.8218,-0.3027,0.0557,-0.1142
17420,840,834,33.708,25.759,0.0113,0.0547,9.7947,0.8428,0.0708,0.4881
17425,829,829,33.725,25.779,-0.0061,0.0218,9.7741,0.024,0.7333,0.3298
17430,830,828,33.814,25.864,-0.0664,0.0674,9.7765,-0.1556,0.1441,-0.8664
17435,813,832,33.68,25.696,-0.0298,0.0517,9.7199,0.5454,-0.3758,-0.1419
17440,802,829,33.703,25.765,0.0118,0.0558,9.7764,-0.4564,0.1258,-0.2144
17445,790,829,33.683,25.731,-0.0727,-0.0416,9.7189,-0.8344,-0.4122,0.3275
17450,793,833,33.686,25.704,-0.0241,0.0442,9.8187,-0.1584,-0.372,-0.3119
17455,774,823,33.75,25.759,0.0634,-0.0161,9.8726,-0.8549,-0.2423,0.1512
17460,781,825,33.672,25.751,0.0012,-0.0295,9.8467,-0.4648,0.133,-0.653
17465,769,827,33.758,25.741,0.0229,-0.0649,9.8512,0.605,0.0226,-0.2633
17470,765,829,33.788,25.784,-0.0263,-0.0747,9.7835,0.344,-0.1016,-1.038
17475,760,822,33.757,25.733,0.0868,-0.0223,9.7508,0.0213,0.5072,0.2674
17480,764,830,33.718,25.846,0.0307,0.0409,9.8114,-0.998,-0.0364,0.1529
17485,754,823,33.661,25.763,-0.0199,-0.0804,9.8673,-0.4768,-0.3609,0.2522
17490,747,821,33.717,25.747,0.0568,0.0312,9.7391,0.234,0.3178,0.1186
17495,747,820,33.65,25.853,0.0441,0.0557,9.759,0.8748,-0.0474,-0.6407
17500,751,820,33.638,25.709,-0.0111,-0.0005,9.846,0.6667,-0.26,0.273
17505,750,819,33.635,25.765,0.0761,0.0564,9.8204,-0.235,0.3937,0.3266
17510,748,820,33.679,25.759,0.0393,0.0681,9.7834,-0.0073,-0.1413,-0.4948
17515,743,818,33.691,25.739,0.0591,-0.0984,9.7993,-0.616,-0.6882,0.1934
17520,745,818,33.706,25.741,0.0233,0.008,9.7977,0.1891,0.2045,0.4088
17525,758,821,33.695,25.768,0.0154,-0.1224,9.8857,0.0548,-0.3557,0.1362
17530,761,816,33.702,25.788,-0.0552,-0.0495,9.8149,-0.2628,0.8797,0.3127
17535,771,819,33.707,25.693,0.0151,-0.0822,9.8738,-0.4461,0.0515,0.3708
17540,783,819,33.639,25.842,-0.052,0.0531,9.8294,0.4621,0.0678,-0.106
17545,776,816,33.733,25.75,0.0189,0.0164,9.9022,-0.2363,0.2945,0.5269
17550,787,811,33.814,25.767,0.0604,0.021,9.8626,0.6505,-0.0808,0.0452
17555,786,813,33.728,25.759,0.0906,-0.0114,9.7908,-0.379,-0.2926,-0.3542
17560,800,809,33.699,25.813,-0.0073,0.0321,9.8944,-0.6658,-0.0162,-0.0222
17565,811,805,33.669,25.763,0.0316,0.0405,9.7819,-0.7131,0.1392,0.2498
17570,822,805,33.743,25.797,0.0124,-0.019,9.7312,-0.3885,-0.018,-0.3614
17575,829,807,33.609,25.762,-0.0293,-0.0962,9.7738,0.2565,0.4163,-0.1468
17580,846,802,33.598,25.7,0.0707,0.0522,9.8366,-0.0898,-0.9076,-0.0712
17585,847,810,33.741,25.791,0.0091,-0.0088,9.8302,0.3285,1.0597,0.7564
17590,867,803,33.734,25.786,-0.0431,0.0385,9.8674,0.4769,-0.0472,-0.4575
17595,867,796,33.682,25.739,0.0393,0.0319,9.8784,-0.3663,-0.2999,-0.3326
17600,892,798,33.738,25.747,0.0596,0.0082,9.8631,0.0986,0.2993,0.0161
17605,909,795,33.68,25.771,0.0218,-0.0132,9.7882,-0.3754,0.3172,0.0388
17610,915,798,33.785,25.741,-0.0075,0.0026,9.8168,0.7129,0.2446,0.507
17615,925,791,33.753,25.732,-0.0085,-0.0146,9.8657,0.6602,-0.6014,0.1805
17620,935,789,33.64,25.718,0.0092,-0.1112,9.7299,-0.6627,-0.1986,-0.1892
17625,957,787,33.678,25.754,0.0571,-0.0295,9.8578,-0.0485,-0.1574,0.0836
17630,969,789,33.672,25.719,-0.0141,0.0337,9.8375,-0.8679,0.1581,-0.5341
17635,997,782,33.718,25.804,-0.0317,0.0404,9.8712,-0.3672,0.698,-0.485
17640,1000,779,33.728,25.786,0.0645,0.0098,9.928,-0.2243,0.5169,0.0634
17645,1017,779,33.726,25.808,0.1183,-0.0125,9.7521,-0.2903,0.0667,-0.5144
17650,1021,774,33.68,25.803,-0.0127,-0.008,9.894,-0.7691,0.1482,-0.9698
17655,1038,773,33.74,25.746,-0.0202,0.0554,9.6991,-0.5268,-0.9065,0.78
17660,1057,768,33.726,25.814,0.0398,0.048,9.8732,0.082,0.0935,-0.0879
17665,1073,766,33.685,25.74,-0.0351,-0.0242,9.8525,-0.8154,-0.5404,0.0348
17670,1070,765,33.76,25.81,-0.0814,0.0525,9.8071,0.0358,-0.2613,0.4401
17675,1084,762,33.667,25.709,-0.0713,0.0956,9.7846,-1.2213,0.6378,0.6762
17680,1101,761,33.774,25.709,0.0078,-0.0729,9.8995,-0.1273,-0.5288,-0.149
17685,1118,763,33.639,25.7,-0.0159,-0.1041,9.7863,0.6788,0.789,0.2389
17690,1119,758,33.64,25.796,-0.0128,-0.1034,9.8429,0.1201,-0.0333,0.4257
17695,1125,754,33.77,25.752,-0.0048,-0.0009,9.8804,-0.3173,0.5438,-0.0022
17700,1139,754,33.737,25.713,0.049,0.0694,9.7886,-0.3911,-0.0608,0.0016
17705,1134,753,33.795,25.777,-0.0011,0.1356,9.8414,0.1698,0.8187,-0.1926
17710,1153,749,33.61,25.739,0.0409,0.0823,9.8427,-0.313,-0.2741,0.5874
17715,1160,747,33.657,25.798,-0.07,0.0538,9.7385,0.4289,0.2727,-0.1339
17720,1165,742,33.625,25.844,-0.1292,-0.1142,9.8039,0.7496,0.0319,-0.9034
17725,1171,747,33.707,25.737,-0.0062,0.1077,9.8366,-0.8848,-0.6482,-0.2382
17730,1175,746,33.667,25.726,-0.023,0.0227,9.8626,-0.475,-0.2212,0.1268
17735,1176,740,33.774,25.746,-0.0166,0.0449,9.827,0.4955,-0.2237,0.5343
17740,1184,737,33.703,25.825,0.1077,-0.1405,9.881,0.242,0.12,0.6176
17745,1192,742,33.757,25.755,0.002,-0.0386,9.8108,0.8594,-0.0487,-0.1817
17750,1183,739,33.646,25.753,0.0136,0.0123,9.8221,-0.146,-0.0617,-0.091
17755,1197,739,33.74,25.723,0.0339,0.0199,9.8083,-1.0932,0.1569,0.0182
17760,1190,739,33.676,25.766,0.1196,0.0712,9.8112,-0.5963,-0.7232,-0.3662
17765,1186,738,33.706,25.755,0.0333,-0.0635,9.7824,0.3326,0.1144,-0.6124
17770,1188,742,33.63,25.741,-0.0066,-0.0091,9.8241,0.0148,-0.3657,0.3118
17775,1186,740,33.688,25.701,-0.0369,0.0776,9.92,-0.0367,-0.2011,-0.0861
17780,1187,738,33.72,25.748,-0.0192,0.0646,9.8844,0.0456,0.1114,0.1156
17785,1186,745,33.675,25.696,-0.0683,-0.0298,9.7702,0.4144,0.2367,-0.131
17790,1185,740,33.745,25.786,0.0193,0.0448,9.8076,-0.3783,0.2839,0.4544
17795,1167,746,33.67,25.727,-0.0471,-0.063,9.7554,0.0438,0.1155,0.5098
17800,1181,746,33.65,25.761,-0.0647,0.0388,9.8376,0.5332,0.5443,-0.0397
17805,1174,749,33.716,25.697,-0.0362,0.0577,9.7842,-0.2119,0.3362,-0.5167
17810,1162,749,33.66,25.824,-0.123,0.015,9.7643,0.2124,0.5938,-0.115
17815,1172,746,33.767,25.774,-0.0329,-0.0176,9.7784,-1.6725,-0.1656,0.1592
17820,1158,752,33.694,25.69,0.0704,-0.0091,9.8403,-0.6336,-0.259,0.9111
17825,1164,750,33.783,25.718,-0.0267,0.07,9.8366,0.4122,0.1707,-0.8365
17830,1160,762,33.648,25.743,0.0421,0.017,9.8839,0.1749,0.0457,-0.2613
17835,1153,759,33.657,25.768,-0.0239,0.012,9.8356,0.5746,0.3079,-1.0973
17840,1156,763,33.674,25.714,-0.0365,0.0101,9.8555,-0.2633,0.6393,-0.0865
17845,1147,771,33.63,25.705,-0.0179,-0.0048,9.7764,-0.2859,0.3579,-0.0653
17850,1133,773,33.709,25.766,0.0122,-0.0214,9.8821,0.835,0.7702,-0.2446
17855,1143,774,33.703,25.807,0.0467,-0.0029,9.8107,-0.533,0.0669,0.1376
17860,1143,775,33.701,25.754,0.0466,0.0425,9.8163,-0.5515,-0.0656,0.4297
17865,1130,781,33.738,25.771,0.0188,0.032,9.7647,0.1679,-0.1692,0.4884
17870,1128,783,33.716,25.853,-0.0158,0.0585,9.8336,-0.2957,-0.2888,-0.0288
17875,1131,784,33.764,25.784,0.0221,-0.041,9.8144,-0.0928,-0.3177,0.1437
17880,1124,787,33.71,25.712,-0.0417,0.0222,9.8788,-0.0551,-0.8931,0.5101
17885,1127,793,33.733,25.785,0.0974,-0.0015,9.7385,-0.2004,0.184,-0.0917
17890,1114,792,33.727,25.739,-0.0343,0.0223,9.845,-0.9817,0.4167,0.3281
17895,1112,798,33.724,25.752,-0.082,-0.0158,9.8778,-0.4956,-0.1021,-0.167
17900,1104,797,33.742,25.753,0.0599,-0.0149,9.873,0.0948,0.5368,-0.0857
17905,1102,801,33.794,25.737,-0.0154,-0.0192,9.8372,0.401,0.6177,0.4637
17910,1105,804,33.681,25.827,-0.0464,0.0214,9.8962,0.2226,0.3606,0.4917
17915,1101,808,33.65,25.842,0.0351,0.0353,9.8588,0.3475,-0.5074,-0.4794
17920,1104,813,33.7,25.798,0.1215,0.0366,9.7848,0.2999,0.7699,-0.6692
17925,1099,819,33.774,25.793,0.0248,0.0013,9.8652,-0.7074,0.1194,0.7808
17930,1095,814,33.78,25.768,-0.0638,-0.0211,9.7769,0.5553,-0.0067,-0.3065
17935,1099,819,33.748,25.796,-0.0149,0.0351,9.8248,-0.162,0.5709,-0.352
17940,1096,822,33.747,25.705,0.0069,0.0021,9.8129,0.5827,0.1736,0.6963
17945,1096,826,33.705,25.77,-0.0458,0.1244,9.7483,0.6299,0.4923,0.1881
17950,1086,833,33.637,25.672,-0.0227,-0.0363,9.7785,0.2434,0.2566,0.8246
17955,1084,836,33.767,25.746,-0.1009,-0.0079,9.773,-0.9174,-0.0376,-0.1522
17960,1077,832,33.765,25.721,0.0494,-0.0022,9.7243,-0.3087,-0.1117,-0.2117
17965,1072,839,33.674,25.727,0.0037,-0.0144,9.8409,-1.4764,-0.4304,-0.2362
17970,1080,835,33.722,25.777,-0.0051,-0.0496,9.85,-0.5742,0.7045,0.4325
17975,1074,841,33.723,25.783,0.0036,0.0827,9.8347,0.1948,0.1501,0.9593
17980,1069,841,33.707,25.758,0.0111,-0.0823,9.7718,-0.633,-0.1194,0.0505
17985,1062,834,33.731,25.789,0.0285,0.0125,9.6959,-0.0993,-0.2927,-0.3416
17990,1074,841,33.628,25.692,-0.0167,0.0274,9.9314,0.1254,-0.2148,-0.078
17995,1051,843,33.739,25.701,-0.0201,0.0191,9.8976,0.2399,-0.6757,0.3185
18000,1051,843,33.684,25.784,-0.0044,0.0456,9.8503,-0.5003,-0.3822,0.6053
18005,1047,846,33.727,25.724,-0.0223,0.0425,9.8978,-0.136,-0.2994,-0.8158
18010,1039,851,33.715,25.712,0.0279,-0.0086,9.7907,-0.3076,0.5779,0.3074
18015,1044,852,33.693,25.689,0.0834,0.0725,9.8513,-0.6104,0.6687,1.5548
18020,1035,854,33.681,25.734,-0.0063,-0.0584,9.8325,0.6083,-0.0705,0.2217
18025,1030,843,33.677,25.665,-0.0058,-0.061,9.7131,-0.2441,-0.5485,0.4648
18030,1022,846,33.77,25.789,0.1134,0.0093,9.8694,0.0872,0.7776,0.644
18035,1002,845,33.709,25.837,-0.0113,0.0535,9.8706,0.7583,0.1416,-0.0185
18040,1003,844,33.625,25.701,-0.0571,0.0184,9.7972,0.4061,-0.5253,0.0034
18045,1003,844,33.712,25.746,-0.0138,-0.0273,9.7172,-0.646,-0.5985,0.2233
18050,993,847,33.681,25.686,0.0109,0.059,9.8776,0.0024,-0.4553,-0.9148
18055,985,850,33.606,25.744,0.0103,-0.0689,9.9035,0.3724,-0.0413,-0.1716
18060,966,844,33.637,25.712,-0.0394,-0.0478,9.8043,0.6011,0.2049,0.1956
18065,971,845,33.671,25.703,0.0457,-0.0391,9.7541,-0.5632,0.5419,-0.684
18070,959,845,33.718,25.772,0.0415,-0.0517,9.8628,-0.7105,0.0697,0.2662
18075,947,839,33.653,25.803,0.0032,0.0842,9.8157,-0.533,0.2427,0.0802
18080,936,837,33.66,25.715,-0.0102,-0.0037,9.8267,0.6686,0.6973,0.2441
18085,932,842,33.658,25.748,-0.0146,-0.0085,9.7885,-0.6465,-0.1744,0.1528
18090,917,845,33.698,25.734,-0.0568,-0.0466,9.8071,-0.2106,0.3612,-0.0876
18095,899,842,33.774,25.834,-0.0012,-0.0125,9.801,-0.2607,0.4133,0.1315
18100,905,833,33.703,25.709,0.0528,0.0132,9.8021,-0.7337,-0.5731,-0.488
18105,879,842,33.787,25.812,0.0364,-0.0859,9.7727,0.4327,1.4106,-0.3704
18110,880,827,33.8,25.712,-0.0429,0.064,9.7529,1.1443,-0.4072,-0.63
18115,866,833,33.76,25.719,0.0101,0.0444,9.7768,0.6572,0.0666,-0.2015
18120,864,829,33.732,25.738,0.0274,-0.0272,9.8211,-0.2227,-0.4521,-0.0252
18125,852,834,33.675,25.696,-0.0717,0.0713,9.7977,-0.1331,0.5479,-0.7959
18130,834,838,33.64,25.696,-0.0195,0.0362,9.7747,-0.1188,-0.5528,-1.3278
18135,826,827,33.665,25.709,-0.0232,-0.074,9.7658,0.4484,0.7359,-0.4573
18140,812,832,33.671,25.793,0.0304,0.039,9.84,0.1277,0.094,-0.5005
18145,802,829,33.746,25.774,-0.0163,0.1039,9.8153,-0.6748,-0.704,0.297
18150,800,826,33.683,25.761,0.0251,-0.0548,9.7753,-0.1447,-0.4975,0.1789
18155,799,834,33.664,25.748,0.0647,0.0055,9.7629,-0.7144,0.3162,-0.7527
18160,787,825,33.732,25.775,-0.092,-0.0557,9.8781,0.5194,0.3108,0.5906
18165,787,830,33.756,25.642,0.005,0.0144,9.7985,0.8139,-0.2855,0.2797
18170,770,826,33.765,25.709,0.0113,0.0829,9.7519,-0.0683,0.175,-0.2375
18175,770,827,33.676,25.707,-0.0118,0.0617,9.8,1.2306,0.8774,1.328
18180,761,822,33.605,25.804,0.1089,-0.0701,9.7424,-0.2434,0.1409,0.284
18185,754,818,33.659,25.807,0.0583,0.0553,9.8298,-0.2413,-0.2456,0.5909
18190,756,826,33.714,25.763,0.0226,-0.0576,9.8258,-0.3346,0.7365,0.1634
18195,750,820,33.755,25.741,-0.0319,-0.0123,9.7708,0.1137,0.5979,-0.1288
18200,754,824,33.712,25.783,-0.0824,0.0024,9.7634,-0.1438,0.6811,-0.6023
18205,748,817,33.68,25.682,0.0408,-0.045,9.7886,0.9514,0.2755,-0.0619
18210,742,816,33.681,25.763,0.0008,0.0371,9.8579,-0.5965,0.637,1.1199
18215,752,818,33.754,25.645,0.0066,0.0422,9.842,0.0756,0.0585,0.0309
18220,752,818,33.75,25.756,-0.0073,0.0433,9.806,0.1915,0.2006,-0.2172
18225,758,813,33.734,25.732,-0.0548,0.0103,9.8603,-0.4419,0.6504,0.6587
18230,750,816,33.759,25.584,0.0022,-0.0601,9.9565,0.7217,0.4356,-0.3698
18235,754,811,33.76,25.74,0.0814,0.0734,9.7644,0.5495,-0.5166,-0.7415
18240,767,816,33.671,25.708,-0.044,-0.0155,9.7191,0.2246,-0.2776,0.1174
18245,765,821,33.635,25.782,-0.0297,0.0002,9.8604,0.2055,-0.7913,0.101
18250,777,816,33.676,25.737,0.0188,-0.0639,9.8592,0.2207,-0.0954,0.145
18255,781,812,33.664,25.726,-0.0661,0.0356,9.8553,-0.7744,0.1566,0.2039
18260,784,808,33.609,25.724,0.0918,0.117,9.8499,0.5853,-0.18,-0.4407
18265,801,803,33.673,25.671,-0.0464,0.0086,9.7634,-0.152,1.1444,0.2603
18270,808,810,33.675,25.66,0.0531,-0.046,9.8111,0.2262,0.698,0.187
18275,818,810,33.74,25.718,0.0025,-0.0109,9.7585,0.6748,-0.9646,0.1996
18280,828,803,33.774,25.686,-0.1024,-0.0483,9.6719,0.3774,0.1307,-0.3478
18285,839,807,33.633,25.821,0.0531,0.0202,9.8217,-0.4133,-0.703,0.1621
18290,843,802,33.724,25.651,-0.0766,0.0174,9.814,0.6726,0.2203,-0.0835
18295,857,799,33.75,25.701,-0.0155,0.0517,9.8518,-0.2465,-1.1222,0.664
18300,872,805,33.737,25.801,-0.0474,0.0131,9.8335,-0.3855,0.7324,0.0968
18305,891,800,33.65,25.71,0.0904,0.0225,9.8146,0.6214,0.293,0.7383
18310,895,795,33.638,25.736,0.086,-0.0126,9.8341,-0.1969,-0.3324,0.0687
18315,909,793,33.703,25.853,0.1128,0.0043,9.8424,0.2361,0.5532,-0.9628
18320,927,791,33.739,25.707,0.0297,0.0073,9.8664,0.4843,0.0552,-0.5649
18325,938,789,33.529,25.771,0.0164,-0.0271,9.7527,-1.0179,-0.0434,0.1508
18330,957,781,33.77,25.798,-0.0455,-0.0514,9.8377,1.02,0.6222,0.1699
18335,968,787,33.727,25.679,-0.032,-0.0133,9.7611,0.2163,-0.475,-0.8085
18340,985,793,33.682,25.719,-0.0271,-0.054,9.8008,0.3279,-0.1602,-0.1526
18345,996,773,33.793,25.739,-0.0729,0.0155,9.7846,0.0601,-0.1063,-1.1952
18350,1006,779,33.755,25.677,0.0023,-0.0251,9.7165,-0.6116,-0.3456,-0.2937
18355,1025,780,33.704,25.737,-0.0291,0.0938,9.7589,-0.3488,0.2207,0.0109
18360,1039,778,33.721,25.778,0.0022,-0.0179,9.7194,0.2819,0.2083,0.1914
18365,1045,770,33.64,25.725,-0.003,-0.0568,9.8541,-0.3432,0.3096,-0.0626
18370,1061,764,33.603,25.727,-0.003,0.0523,9.7562,-0.036,0.0346,-0.1154
18375,1079,770,33.812,25.793,-0.0558,-0.0034,9.7741,0.3039,-0.0638,1.1443
18380,1083,763,33.735,25.644,0.014,0.0377,9.8594,0.0555,-0.1019,-0.5353
18385,1098,761,33.661,25.735,-0.0704,-0.0215,9.8051,1.0336,0.6276,0.1342
18390,1109,758,33.742,25.734,-0.054,0.0172,9.8514,0.9592,-0.0587,0.406
18395,1115,755,33.779,25.816,0.073,-0.058,9.7513,0.4402,1.0767,-0.0252
18400,1119,755,33.72,25.818,-0.0102,0.0447,9.738,0.5756,-0.1893,-0.1697
18405,1132,751,33.591,25.733,-0.0527,-0.0046,9.7926,0.2714,-0.3362,0.1241
18410,1137,747,33.753,25.726,-0.0176,-0.0128,9.8083,0.4306,0.2426,-0.3476
18415,1147,743,33.707,25.807,-0.0485,-0.0894,9.8374,-0.3289,-0.0725,-0.1658
18420,1153,753,33.765,25.85,-0.0369,-0.0367,9.755,-0.4257,0.3882,-0.0726
18425,1156,748,33.721,25.741,0.0181,-0.0597,9.9319,-0.5015,-0.1313,-0.0108
18430,1170,744,33.694,25.724,0.0341,-0.0467,9.9315,0.6201,-0.3852,0.3314
18435,1173,739,33.668,25.787,0.0503,0.0057,9.7771,0.9143,-0.1877,-0.9645
18440,1178,740,33.728,25.763,-0.026,0.0867,9.7947,-0.2766,-0.0783,1.0993
18445,1184,740,33.73,25.673,-0.0782,0.1126,9.8047,-0.0098,-0.2035,0.478
18450,1180,737,33.682,25.701,0.0306,-0.1193,9.8086,-0.1599,0.4737,0.213
18455,1186,739,33.72,25.687,0.0283,-0.0264,9.7899,0.2916,0.4879,0.2114
18460,1183,739,33.694,25.762,0.0324,0.0151,9.7745,0.0216,-0.0372,0.3816
18465,1183,739,33.601,25.771,-0.0375,-0.0564,9.7505,0.2318,0.5607,-0.8959
18470,1189,744,33.7,25.636,0.1273,-0.0072,9.7972,-0.546,0.8334,-0.0924
18475,1195,741,33.725,25.816,0.025,0.0202,9.8829,-0.5536,0.5282,-0.1214
18480,1185,750,33.746,25.856,-0.055,0.0112,9.7913,-0.4914,0.0729,0.0578
18485,1175,732,33.724,25.773,0.0439,-0.024,9.7553,-0.5595,0.4071,0.0361
18490,1182,743,33.681,25.748,-0.0574,-0.02,9.7455,0.4121,0.9544,-0.9605
18495,1171,739,33.779,25.743,-0.0309,-0.0714,9.8273,-0.051,-1.2412,-0.236
18500,1175,744,33.608,25.803,0.0415,-0.1186,9.8637,0.63,1.3564,-0.0623
18505,1178,748,33.787,25.709,0.0263,0.0269,9.8431,0.1308,0.2452,-0.0558
18510,1177,751,33.687,25.718,0.0192,0.1004,9.817,-0.4079,-0.5263,0.7489
18515,1165,744,33.713,25.715,0.0216,0.1058,9.8231,0.8039,0.3931,-0.4979
18520,1170,748,33.762,25.744,-0.0023,0.0099,9.7942,-0.2936,0.3815,0.6115
18525,1171,749,33.7,25.703,-0.0019,0.0829,9.7846,0.4966,-0.1286,0.012
18530,1155,754,33.71,25.81,-0.0147,-0.0249,9.8293,0.0296,0.4339,0.0351
18535,1157,757,33.759,25.747,0.0338,-0.0275,9.8974,0.0144,-0.1576,0.4311
18540,1158,755,33.747,25.724,-0.0459,0.0024,9.8565,0.1276,-0.2927,-0.3184
18545,1157,761,33.658,25.73,-0.0371,0.0187,9.7759,-0.0488,-0.4391,-0.0091
18550,1141,758,33.655,25.746,-0.0945,0.0357,9.8406,-0.136,-0.5127,0.0339
18555,1143,767,33.708,25.83,-0.0698,0.076,9.8874,-0.2145,0.0534,-0.2856
18560,1145,767,33.712,25.744,0.0069,-0.009,9.8356,0.5046,0.4961,-0.0381
18565,1141,772,33.731,25.726,-0.0153,0.0667,9.8533,0.965,0.4246,-0.7663
18570,1134,776,33.619,25.698,0.0093,0.0415,9.8376,-0.0474,0.0345,-0.4985
18575,1128,783,33.729,25.743,-0.0409,-0.0115,9.802,0.6164,-0.5895,-0.2716
18580,1129,784,33.68,25.681,0.0502,-0.0558,9.8106,-0.3315,-0.469,1.3195
18585,1126,784,33.744,25.777,-0.062,-0.0468,9.8044,0.2096,-0.7797,0.3258
18590,1121,788,33.751,25.707,0.0141,-0.0233,9.8071,0.2042,-0.5918,-0.0767
18595,1121,791,33.699,25.747,0.0822,-0.0119,9.7735,-0.6698,0.3659,-0.0538
18600,1121,792,33.749,25.693,-0.0528,0.0833,9.8324,-0.4546,-0.3541,0.4832
18605,1118,797,33.63,25.654,0.0325,0.0327,9.8006,0.6824,-0.5919,0.6963
18610,1115,807,33.685,25.658,0.0399,0.0064,9.8228,0.3749,-0.3509,0.2677
18615,1106,808,33.75,25.758,0.004,-0.0704,9.8829,-0.1297,-0.4196,-0.576
18620,1101,809,33.788,25.818,-0.042,0.0584,9.8424,0.2927,-0.5265,-0.1122
18625,1104,815,33.712,25.766,-0.0049,-0.0148,9.7064,0.4342,0.7588,-0.5197
18630,1097,815,33.737,25.831,-0.0039,-0.0177,9.7826,-0.6711,-0.8036,0.0232
18635,1098,818,33.708,25.739,-0.1363,0.0296,9.7605,1.3143,-0.9535,-0.4413
18640,1096,823,33.659,25.661,-0.0773,-0.0438,9.7313,-0.741,0.3039,-0.3432
18645,1095,829,33.726,25.694,0.0069,0.0808,9.8178,-0.0481,0.1284,0.0103
18650,1094,826,33.74,25.755,-0.0431,0.0135,9.7726,0.7215,-0.8354,-0.1259
18655,1084,827,33.691,25.675,0.0629,0.0074,9.8148,0.1407,0.5258,-1.1094
18660,1078,831,33.67,25.742,-0.0016,0.0391,9.8028,0.4794,-0.346,0.8798
18665,1076,832,33.72,25.709,-0.0487,0.0076,9.7867,0.1824,0.6097,-0.4961
18670,1073,834,33.688,25.787,0.0328,0.0059,9.8694,0.5382,-0.4771,-0.6349
18675,1077,836,33.689,25.769,0.0482,0.0056,9.8791,-0.3269,-0.8082,0.0739
18680,1073,836,33.659,25.732,0.0358,0.025,9.7626,0.174,-0.4794,0.3075
18685,1076,840,33.707,25.74,-0.0431,-0.0133,9.7252,0.3882,0.3715,-0.2901
18690,1073,841,33.715,25.766,-0.0872,0.0273,9.7025,-0.683,1.0258,-0.1954
18695,1059,845,33.64,25.643,0.093,-0.0508,9.8149,0.1636,-0.5489,-0.0494
18700,1054,844,33.72,25.802,-0.0715,0.0009,9.8313,0.236,-0.7429,0.4996
18705,1052,841,33.695,25.743,0.0334,-0.0039,9.8433,0.2687,-0.0516,1.0017
18710,1047,841,33.677,25.675,-0.0451,0.0397,9.7643,0.598,0.0139,0.4277
18715,1044,846,33.608,25.789,0.0086,0.0934,9.7702,-0.851,-0.2554,-0.1853
18720,1037,848,33.721,25.724,-0.0106,0.0445,9.7811,-1.1285,0.1099,0.337
18725,1025,848,33.656,25.748,-0.02,0.019,9.8164,-0.487,0.0785,0.2315
18730,1029,843,33.622,25.731,-0.0442,0.045,9.8497,-0.4248,-0.0947,0.105
18735,1030,847,33.649,25.706,-0.0514,0.078,9.8679,0.1143,-0.0508,-0.0862
18740,1009,845,33.755,25.782,0.0629,-0.0429,9.8129,-0.2942,0.3954,0.5586
18745,1010,844,33.777,25.735,0.0374,-0.0182,9.797,-0.7156,-0.0091,-0.1844
18750,996,846,33.686,25.706,0.0082,0.0222,9.8092,0.5803,0.8921,1.2965
18755,985,848,33.733,25.791,-0.0486,0.0547,9.7753,0.4623,0.0234,-0.4972
18760,968,854,33.754,25.643,0.0696,-0.0273,9.8303,0.1343,-0.0909,-0.1511
18765,978,849,33.766,25.723,0.1002,0.0171,9.8553,0.5464,-0.8679,1.053
18770,970,842,33.675,25.689,-0.0408,0.1177,9.676,0.5984,0.0212,0.1779
18775,960,843,33.659,25.72,0.0112,-0.0368,9.8556,0.8458,-0.3653,0.1188
18780,946,837,33.705,25.774,0.0686,-0.0254,9.8618,-0.2618,-0.6002,-0.3454
18785,935,842,33.736,25.732,-0.0486,0.0173,9.823,0.7121,0.0711,-0.3578
18790,932,840,33.69,25.792,0.0859,0.028,9.8072,-0.279,0.2224,0.849
18795,920,839,33.714,25.704,-0.0584,0.0491,9.7496,-0.8417,0.132,-0.5779
18800,908,836,33.673,25.866,0.0626,0.0642,9.831,0.1716,-0.4661,0.3714
18805,897,841,33.641,25.713,0.0256,0.0383,9.8781,-0.2065,-0.0211,0.8018
18810,884,834,33.675,25.689,0.0862,-0.014,9.9278,-0.1915,-0.0682,0.3756
18815,884,833,33.699,25.759,0.0434,-0.0814,9.81,-0.918,0.0142,-0.4572
18820,867,838,33.671,25.686,-0.0237,-0.041,9.7753,-0.6839,-0.0017,0.3582
18825,857,830,33.691,25.724,-0.0086,-0.0523,9.808,-0.1085,-0.5346,-0.2405
18830,850,835,33.712,25.753,-0.0808,0.034,9.8425,0.2483,-0.5995,-0.0891
18835,844,835,33.801,25.649,-0.032,0.0828,9.812,0.0191,0.2972,-0.6966
18840,830,830,33.675,25.727,0.1033,0.0466,9.7359,-0.5928,0.6803,-0.1362
18845,814,830,33.762,25.761,-0.0418,0.0089,9.7615,0.4921,0.6196,0.2515
18850,806,832,33.67,25.776,0.0322,0.0291,9.8092,0.0959,0.078,-0.2457
18855,809,832,33.653,25.779,-0.0401,-0.0487,9.8004,-0.0129,-0.0347,-0.4361
18860,788,832,33.625,25.747,-0.0953,-0.0276,9.7742,0.1066,0.2691,0.2004
18865,784,823,33.684,25.695,0.0071,-0.0722,9.8915,-0.7819,-0.152,-0.0602
18870,781,823,33.651,25.787,0.0211,-0.0191,9.7911,-0.1686,-0.4773,0.3321
18875,779,827,33.813,25.736,0.0228,0.0139,9.7939,0.3555,0.1079,0.3151
18880,766,825,33.676,25.689,-0.0029,0.0094,9.805,0.2346,0.4344,-0.7508
18885,773,826,33.71,25.714,0.0362,-0.0555,9.7905,-0.541,-0.614,0.1269
18890,753,825,33.758,25.776,-0.0098,-0.0141,9.7871,0.4918,0.2663,-0.1552
18895,757,827,33.653,25.717,0.016,-0.0031,9.8768,-0.4204,-0.0117,1.5684
18900,740,819,33.691,25.712,0.0215,0.065,9.8124,-0.1134,-0.7593,0.3323
18905,746,820,33.678,25.756,-0.0238,0.0411,9.7698,-0.1388,0.4455,0.5606
18910,753,826,33.715,25.763,0.007,0.0631,9.8017,0.0764,-0.3301,0.9007
18915,753,822,33.652,25.781,-0.0862,0.1284,9.7514,0.1046,-0.4057,-1.1522
18920,756,818,33.637,25.755,0.0455,-0.1113,9.8274,0.4816,0.9797,-0.612
18925,748,821,33.718,25.777,-0.0398,0.0638,9.8164,1.5287,-0.1462,-0.0474
18930,755,819,33.684,25.716,-0.0386,-0.0044,9.8032,0.6517,-0.5106,0.9464
18935,757,820,33.705,25.706,-0.0627,-0.0502,9.8004,-0.0052,0.2159,0.1298
18940,765,814,33.674,25.635,-0.0143,0.1157,9.7558,-0.1984,0.4958,-0.4275
18945,760,815,33.639,25.695,0.0073,-0.0488,9.7338,0.2994,0.9472,0.3602
18950,766,817,33.716,25.717,0.1032,-0.0565,9.9099,-0.0698,-0.2712,-0.0738
18955,767,818,33.69,25.765,-0.0151,-0.0331,9.8669,0.1482,-0.2385,0.083
18960,781,813,33.757,25.774,0.0848,0.0936,9.9107,-0.0901,0.0865,-0.0049
18965,791,810,33.722,25.745,0.0412,-0.0584,9.8054,0.4222,-0.9659,0.2726
18970,793,813,33.761,25.681,-0.048,0.0391,9.7332,0.0981,-0.5239,0.4762
18975,808,809,33.685,25.792,-0.0065,-0.0007,9.8679,-0.6774,0.4108,0.1994
18980,820,809,33.657,25.671,-0.0633,-0.0465,9.7033,0.685,0.4063,-0.3244
18985,822,807,33.623,25.687,-0.1042,0.0537,9.7584,-1.2742,0.3256,-0.4126
18990,827,805,33.656,25.69,-0.0271,-0.0304,9.8631,-0.1991,0.9243,0.0165
18995,852,802,33.697,25.73,0.0506,0.0101,9.7355,0.7794,0.7934,-0.1368
19000,853,801,33.653,25.832,0.0255,0.0473,9.7728,0.3084,0.4235,-0.2556
19005,874,799,33.639,25.659,-0.0292,-0.0228,9.8738,-0.3587,0.0869,-0.9018
19010,880,803,33.783,25.673,-0.0243,0.0096,9.7998,0.7357,-0.9949,0.398
19015,900,795,33.671,25.669,0.0551,-0.0421,9.8609,0.1977,0.2132,-0.3343
19020,907,799,33.721,25.817,0.0047,0.0382,9.7859,-1.1645,-0.3262,0.0668
19025,925,794,33.663,25.7,0.0195,0.0612,9.8081,0.4098,0.3071,-0.7228
19030,940,791,33.679,25.697,0.0669,0.0058,9.8518,0.3584,0.2855,0.7319
19035,952,785,33.696,25.732,-0.0121,-0.0722,9.7941,-0.2526,0.1622,0.4551
19040,966,783,33.714,25.718,-0.0029,-0.0179,9.8221,-1.0564,0.4625,0.4159
19045,982,783,33.702,25.708,0.0678,-0.0169,9.7591,0.3124,0.152,0.246
19050,982,778,33.668,25.734,-0.0076,-0.0682,9.7979,0.3792,0.4376,-0.3892
19055,1006,781,33.698,25.734,0.0468,-0.0208,9.8315,-0.4637,0.2774,0.0807
19060,1020,776,33.637,25.788,-0.0604,-0.0425,9.8456,-0.0397,0.0734,0.0955
19065,1036,777,33.768,25.731,-0.0603,0.0442,9.7861,-0.8834,0.3362,0.6161
19070,1038,767,33.653,25.692,-0.0029,0.0027,9.7711,0.1941,0.1623,0.3344
19075,1064,766,33.696,25.755,-0.0107,0.0405,9.8767,-0.6386,0.2686,0.2519
19080,1071,765,33.687,25.685,-0.0267,-0.0478,9.8332,0.055,0.0605,0.4527
19085,1085,762,33.728,25.719,0.0343,-0.0148,9.8244,0.6109,-0.0116,0.0159
19090,1098,760,33.645,25.686,0.0025,0.0285,9.8312,0.6714,0.2898,-0.1283
19095,1108,764,33.673,25.718,-0.0425,0.0226,9.7373,-0.3193,0.0866,0.3581
19100,1117,755,33.676,25.715,-0.0564,-0.0695,9.8017,0.4176,0.8617,-1.1637
19105,1121,751,33.674,25.732,-0.0164,0.0175,9.7651,-0.3946,-0.0105,0.4427
19110,1135,749,33.624,25.751,-0.0296,0.0269,9.826,-0.8306,-0.4016,0.2575
19115,1140,747,33.696,25.684,0.0022,-0.0003,9.7883,0.0806,0.2553,0.4179
19120,1141,753,33.626,25.749,0.0502,-0.0323,9.8854,-0.3464,-0.2852,0.4411
19125,1152,747,33.661,25.796,-0.0463,0.0684,9.8544,-0.2452,0.3176,-0.421
19130,1168,748,33.718,25.757,-0.106,-0.0652,9.8606,0.3932,-0.1139,0.8984
19135,1169,745,33.773,25.83,0.002,0.0085,9.718,0.4754,0.1183,0.0307
19140,1169,742,33.69,25.736,0.0294,-0.0564,9.7275,-0.0259,-0.131,-0.1056
19145,1173,738,33.657,25.771,0.064,0.042,9.7525,0.1567,-0.4397,0.8468
19150,1176,743,33.619,25.69,0.0435,-0.0142,9.7492,-0.0502,-0.2017,0.2077
19155,1180,741,33.695,25.721,-0.1061,0.0427,9.7514,-0.298,0.078,0.1153
19160,1186,742,33.734,25.815,-0.045,-0.0173,9.779,-0.8262,-0.8415,0.1562
19165,1181,740,33.753,25.801,-0.0292,-0.0612,9.766,-0.1365,0.5771,0.4758
19170,1183,745,33.723,25.626,0.0489,0.0612,9.8625,0.3423,0.0175,0.7477
19175,1195,740,33.67,25.718,-0.0752,0.0019,9.8285,-0.4902,-0.0585,0.4661
19180,1187,743,33.706,25.697,0.0749,-0.0199,9.8714,0.5416,0.1987,0.2923
19185,1198,733,33.674,25.705,0.0644,0.03,9.8867,-0.5577,-0.1877,0.497
19190,1185,738,33.8,25.698,0.0386,0.0442,9.7833,0.9855,0.3519,0.1106
19195,1178,741,33.731,25.796,-0.0562,-0.1059,9.8359,-0.34,-0.1255,0.4882
19200,1182,746,33.709,25.691,-0.059,0.1098,9.7378,0.0708,-0.2254,-0.3801
19205,1183,748,33.721,25.744,-0.0088,-0.0543,9.8084,-1.0045,-0.9612,0.5103
19210,1178,746,33.66,25.751,0.0296,0.0068,9.7983,0.6172,0.0952,-0.9174
19215,1176,745,33.785,25.73,0.0016,-0.045,9.7763,0.4513,-0.0637,-0.512
19220,1181,745,33.728,25.734,0.0164,0.0178,9.7489,0.0393,0.1326,0.1333
19225,1174,746,33.774,25.754,0.0339,-0.0488,9.8345,-0.4273,0.1856,-0.1515
19230,1166,750,33.62,25.702,-0.0254,-0.041,9.7546,-0.3069,-0.6914,-0.264
19235,1174,755,33.756,25.8,-0.0133,0.1194,9.8436,-1.2385,-0.853,-0.1403
19240,1158,753,33.784,25.735,-0.019,-0.0181,9.7304,-0.2533,-0.3641,-0.2073
19245,1156,760,33.771,25.806,0.0298,0.0942,9.7323,-0.4931,0.0469,0.5773
19250,1147,761,33.678,25.708,-0.0218,0.0626,9.8105,-0.2194,0.5196,0.3115
19255,1148,770,33.773,25.84,-0.0111,0.0284,9.8635,-0.5759,0.4219,-0.0506
19260,1145,767,33.736,25.703,-0.0076,0.0029,9.8954,0.3624,-0.4409,-0.5855
19265,1142,768,33.689,25.71,0.0488,0.0861,9.7923,-0.3059,0.3519,-1.0007
19270,1141,771,33.69,25.723,-0.0781,0.0634,9.8703,-0.4397,0.2196,-0.0307
19275,1133,774,33.675,25.693,0.0694,-0.0113,9.829,-0.3906,0.1825,-0.0248
19280,1132,775,33.7,25.679,0.0812,-0.0234,9.7854,0.3843,-0.3444,-0.0946
19285,1138,780,33.747,25.667,0.0058,-0.1838,9.7389,0.7587,0.0862,-0.8991
19290,1115,787,33.68,25.707,0.0327,0.0038,9.7668,-0.55,0.2212,0.1525
19295,1127,789,33.725,25.777,0.0295,-0.0685,9.8747,1.0843,1.1055,-0.408
19300,1115,789,33.685,25.677,-0.0017,-0.0058,9.8494,-0.1411,-0.1853,0.8714
19305,1107,795,33.704,25.904,-0.0138,0.0139,9.8195,0.1364,0.6378,-0.685
19310,1114,801,33.676,25.803,0.0873,0.0527,9.794,-0.1775,-0.1125,-0.2336
19315,1108,809,33.686,25.557,0.0067,-0.017,9.8803,-0.5805,0.2056,-0.9414
19320,1107,809,33.702,25.877,-0.047,0.001,9.7711,-0.2095,-0.1862,-0.4437
19325,1108,803,33.68,25.755,0.0242,0.0023,9.8593,0.9489,-0.9857,-0.4743
19330,1098,808,33.671,25.738,-0.0101,0.0281,9.7737,-0.5941,0.4318,-0.0469
19335,1104,816,33.643,25.69,-0.0527,0.0482,9.7469,-0.5108,-0.7097,-0.3213
19340,1091,813,33.637,25.719,0.027,0.0012,9.7592,-0.2729,0.2732,-0.295
19345,1097,818,33.672,25.703,0.0343,-0.0208,9.8449,0.718,0.2689,-0.8074
19350,1081,828,33.699,25.664,0.1377,0.0316,9.7543,-0.4754,-0.1057,0.1867
19355,1084,827,33.758,25.677,0.03,-0.0118,9.8239,-0.8811,-0.2491,-0.8864
19360,1079,824,33.757,25.734,0.0328,0.0115,9.8143,-0.5723,0.1975,0.4263
19365,1080,828,33.624,25.722,0.1194,0.0437,9.7943,0.2746,-0.1752,0.5294
19370,1084,837,33.665,25.788,0.0534,-0.0089,9.8222,1.4437,-0.2997,-0.6621
19375,1078,828,33.617,25.704,0.0016,-0.0365,9.8519,0.9022,-0.0227,0.3161
19380,1081,834,33.662,25.685,-0.0352,-0.0096,9.8634,-0.4591,-0.1497,0.3075
19385,1070,837,33.683,25.754,-0.0005,0.0152,9.8675,0.3785,-0.2321,-0.2525
19390,1077,841,33.665,25.683,0.0025,0.0576,9.8119,-0.4025,-0.5271,0.4186
19395,1060,841,33.725,25.8,-0.0608,-0.0734,9.7379,0.0135,-0.154,0.9971
19400,1060,844,33.741,25.737,-0.0502,0.0769,9.7774,0.3374,0.1303,0.6565
19405,1054,850,33.678,25.624,0.0343,-0.0912,9.8783,-0.6184,-0.6626,0.2938
19410,1052,843,33.648,25.763,0.0143,0.0003,9.8118,0.0439,0.1708,0.2566
19415,1053,843,33.645,25.791,0.0005,-0.067,9.8131,0.6553,-0.3989,-0.01
19420,1054,844,33.733,25.818,0.0098,-0.0696,9.8475,0.3985,-0.6928,-0.2482
19425,1040,840,33.753,25.771,-0.0171,0.0225,9.8236,0.3492,-0.4312,0.2283
19430,1034,849,33.67,25.729,-0.0335,-0.03,9.8981,0.181,0.7642,-0.4608
19435,1023,850,33.685,25.687,-0.004,-0.0294,9.7873,-0.0031,-0.3262,-0.0218
19440,1025,848,33.732,25.705,0.0504,-0.0418,9.7804,-0.284,-0.0073,0.3744
19445,1015,849,33.708,25.755,0.0289,0.0164,9.7403,0.3097,0.0656,-0.0984
19450,1008,844,33.707,25.893,-0.0961,-0.0013,9.8458,0.0295,0.2984,0.0658
19455,1005,845,33.731,25.759,-0.0173,-0.0092,9.8585,-0.6078,-0.1522,0.3438
19460,991,844,33.664,25.83,0.0205,0.0185,9.7942,0.6075,0.175,-0.4595
19465,980,844,33.731,25.69,0.0153,-0.026,9.7946,-0.0395,-0.2815,-0.5637
19470,981,845,33.705,25.714,0.008,0.0614,9.7959,-0.254,0.1511,0.8474
19475,966,840,33.802,25.734,0.071,0.0902,9.8158,-0.5545,-0.431,0.511
19480,952,842,33.665,25.762,-0.0683,-0.0033,9.7948,0.3915,0.5407,-0.4426
19485,955,837,33.661,25.652,-0.0802,0.0359,9.8332,0.5931,0.5921,-0.5704
19490,940,841,33.656,25.73,0.0483,-0.0323,9.772,-0.4492,-0.9301,-0.6326
19495,931,840,33.61,25.802,-0.0487,0.0131,9.8481,-0.568,0.3868,0.6464
19500,926,842,33.634,25.774,0.0166,-0.0154,9.8197,-0.0075,0.654,-0.1963
19505,915,844,33.642,25.742,0.0433,-0.0105,9.8466,1.0049,0.0804,0.0224
19510,900,839,33.707,25.733,-0.0346,-0.0066,9.8068,-0.0991,0.1806,0.5069
19515,894,836,33.751,25.652,0.0271,-0.0527,9.7204,0.0651,0.0095,0.1337
19520,884,835,33.82,25.759,-0.0093,0.076,9.7457,0.0287,0.2205,0.5857
19525,863,835,33.712,25.693,-0.0624,-0.017,9.7453,0.1677,1.2925,0.3397
19530,869,829,33.715,25.72,-0.033,0.0684,9.7868,-0.6017,-0.5724,-0.811
19535,853,829,33.743,25.799,-0.0307,0.0309,9.8322,0.7326,-1.0526,-0.064
19540,842,831,33.772,25.826,-0.0026,-0.0075,9.7632,0.1568,-0.2293,0.1365
19545,838,829,33.651,25.655,-0.0446,-0.0233,9.7589,0.0807,-0.7603,0.4623
19550,820,828,33.703,25.743,0.0553,-0.0136,9.739,0.3341,0.0914,-0.0683
19555,812,830,33.773,25.735,-0.0224,0.0326,9.8045,-0.3791,-0.3759,-0.1738
19560,809,823,33.742,25.802,0.103,-0.0438,9.8198,0.0798,-0.3223,0.0808
19565,790,825,33.667,25.699,0.0516,0.0367,9.7774,-0.046,-0.692,0.2315
19570,790,826,33.689,25.774,-0.0214,0.0215,9.9029,-0.3669,0.7558,-0.1844
19575,770,824,33.773,25.661,-0.0031,0.0189,9.8983,0.2135,-0.0265,0.6962
19580,778,823,33.593,25.762,-0.0126,0.0177,9.8145,-0.1611,0.218,0.5124
19585,775,826,33.602,25.743,0.0986,-0.0123,9.8494,0.0439,-0.3742,-0.012
19590,769,824,33.651,25.739,0.0448,-0.026,9.7754,-0.0794,0.0817,0.575
19595,762,823,33.724,25.789,-0.069,0.0004,9.8005,-0.3047,-0.0813,-0.3306
19600,756,819,33.634,25.749,-0.0329,-0.0374,9.8125,-0.1074,-1.038,-0.021
19605,753,826,33.665,25.751,-0.0776,-0.0203,9.8527,-0.0006,0.0469,-1.3027
19610,751,825,33.704,25.734,0.0512,0.0406,9.859,0.4732,0.792,-0.263
19615,744,822,33.774,25.676,-0.1001,-0.1346,9.872,-0.1514,0.267,-0.3231
19620,743,823,33.73,25.751,-0.0655,-0.1033,9.7615,0.4799,-0.6967,-0.4517
19625,751,813,33.684,25.796,0.0684,0.0105,9.728,-0.2307,-0.1105,-0.8481
19630,744,815,33.593,25.688,-0.0469,-0.0376,9.8329,-0.2182,0.6586,-0.3848
19635,753,816,33.679,25.782,-0.0459,0.0291,9.7916,0.6743,0.8266,-0.566
19640,755,811,33.627,25.671,-0.0888,0.0663,9.7929,0.0842,0.5815,0.1546
19645,761,821,33.683,25.74,-0.0664,-0.0595,9.7311,0.0927,0.3143,0.8419
19650,765,815,33.709,25.718,-0.0144,-0.0188,9.7387,-0.1738,-0.4533,-0.4419
19655,772,819,33.756,25.683,0.017,0.0009,9.8245,0.3928,0.3352,0.3486
19660,767,807,33.705,25.662,0.0186,-0.0317,9.8113,0.2445,-0.3327,-0.8746
19665,781,818,33.806,25.692,0.0005,-0.0043,9.8051,0.2823,-0.2678,-0.765
19670,786,815,33.692,25.718,-0.0597,-0.0549,9.7517,-0.4587,0.322,0.8332
19675,793,816,33.628,25.682,-0.0098,-0.0083,9.7973,-0.2933,0.6879,0.5699
19680,805,813,33.669,25.74,-0.1301,-0.0138,9.735,-0.0371,0.4071,-0.7723
19685,819,807,33.757,25.682,-0.0214,0.0278,9.7704,0.247,0.243,-1.1715
19690,826,812,33.757,25.806,-0.0324,-0.0158,9.824,1.0297,-0.1221,-0.5989
19695,839,798,33.66,25.762,0.0825,0.0067,9.7752,-0.112,0.1914,-0.546
19700,849,801,33.733,25.685,0.0097,-0.0529,9.8113,-0.4138,0.4481,0.3233
19705,856,805,33.592,25.646,0.0633,0.0939,9.8508,-0.111,0.3316,-0.2373
19710,860,799,33.704,25.778,-0.0235,0.034,9.9075,-0.38,-0.568,0.3376
19715,877,798,33.77,25.768,0.0138,-0.0233,9.8131,-0.2239,-0.1529,0.5421
19720,887,795,33.72,25.759,0.054,-0.1324,9.7562,-0.2216,-0.315,0.2184
19725,904,799,33.681,25.859,-0.0184,-0.0206,9.8072,0.4972,0.1244,0.2766
19730,914,794,33.692,25.747,-0.0042,0.0449,9.863,-0.2966,-0.8347,0.2922
19735,942,789,33.672,25.727,0.0347,-0.0627,9.8722,-0.271,0.2935,-0.0925
19740,941,793,33.659,25.738,-0.036,0.0426,9.7441,-0.5611,0.4852,0.3942
19745,962,783,33.644,25.741,0.035,0.01,9.8165,-0.0642,-0.7943,0.2389
19750,977,785,33.679,25.815,-0.0317,-0.0592,9.7608,-0.2957,0.3342,-0.4978
19755,989,780,33.695,25.826,0.0506,-0.0425,9.8271,-0.0389,-0.0964,0.8514
19760,1003,783,33.756,25.717,0.0329,0.0691,9.7779,-0.0779,-0.413,0.4301
19765,1027,775,33.762,25.743,0.0454,0.0578,9.7505,0.4253,0.6412,0.8521
19770,1033,774,33.674,25.733,0.0098,0.012,9.8314,-1.0422,0.7229,-0.4968
19775,1050,769,33.68,25.759,0.0628,0.0868,9.759,0.2162,-0.5666,-0.0965
19780,1052,773,33.765,25.757,0.0894,-0.1679,9.8655,-0.9956,1.174,-0.4841
19785,1057,768,33.548,25.716,-0.0418,-0.0333,9.7762,0.4274,0.3256,-0.4782
19790,1075,767,33.704,25.685,-0.0467,-0.0408,9.8305,0.6172,0.908,0.4041
19795,1087,763,33.654,25.611,-0.022,-0.0217,9.8329,1.3582,0.0223,0.0898
19800,1103,758,33.761,25.812,0.0072,0.0183,9.8982,-0.1003,-0.048,-0.9648
19805,1108,757,33.673,25.66,0.0103,-0.0875,9.7704,0.1285,-0.3528,-0.1291
19810,1121,755,33.692,25.791,-0.0924,-0.0692,9.821,-0.4348,0.3342,-0.3758
19815,1135,756,33.747,25.814,0.0284,-0.0417,9.8618,-0.3077,-1.1697,-0.3019
19820,1138,753,33.676,25.864,0.0883,-0.1246,9.8574,-0.2741,0.9603,0.4312
19825,1146,752,33.669,25.766,-0.0207,-0.0583,9.7827,0.6125,-0.1042,0.0769
19830,1159,747,33.681,25.745,0.0655,0.0604,9.8318,-0.3729,-0.5846,-0.1865
19835,1159,747,33.718,25.749,-0.0014,0.0078,9.7537,0.1503,0.194,0.4451
19840,1169,748,33.723,25.662,-0.0424,-0.0037,9.8124,0.3024,-0.764,-0.5748
19845,1167,744,33.753,25.749,-0.1035,0.0501,9.7626,0.1418,-0.3904,-0.8385
19850,1175,735,33.782,25.749,-0.0246,-0.042,9.7983,0.8655,0.5106,-0.5012
19855,1178,739,33.588,25.732,0.0371,-0.0149,9.7882,0.1053,-0.5978,0.0092
19860,1176,738,33.751,25.695,0.0128,-0.0269,9.7531,0.6782,-1.1846,0.6528
19865,1182,744,33.722,25.8,0.0649,-0.0264,9.8387,0.8652,-0.7082,-0.0008
19870,1186,737,33.61,25.757,0.0501,-0.0374,9.7664,0.3363,0.6958,-0.3024
19875,1184,736,33.641,25.706,0.0409,-0.0027,9.8374,0.4743,-0.3892,-0.3056
19880,1193,736,33.663,25.75,0.0013,-0.0546,10.0118,0.1365,-0.1495,-0.3123
19885,1186,738,33.691,25.712,0.0428,-0.0499,9.7991,-0.2348,0.4374,-0.5093
19890,1189,740,33.682,25.706,-0.0837,0.0721,9.812,0.4657,-0.4442,0.4881
19895,1191,741,33.734,25.689,-0.06,-0.0729,9.805,-0.5068,0.6069,-0.1073
19900,1188,740,33.613,25.788,-0.0654,0.0083,9.7661,0.2197,-0.2743,0.3396
19905,1186,741,33.616,25.726,0.0106,0.02,9.7718,1.7042,-0.1866,-0.3738
19910,1177,744,33.657,25.736,0.0608,-0.0213,9.8313,-0.1507,0.2409,0.2105
19915,1177,743,33.696,25.707,-0.0054,0.0466,9.8835,0.5569,0.2823,1.1351
19920,1178,747,33.731,25.828,0.0123,0.0962,9.7817,-0.5853,1.0689,0.4874
19925,1174,748,33.747,25.697,-0.0887,0.0993,9.792,0.0571,0.71,-0.5657
19930,1172,743,33.729,25.664,-0.007,0.0788,9.7919,-0.4655,-0.4297,-0.5887
19935,1164,748,33.589,25.778,-0.0177,0.0428,9.8857,0.4289,-0.1452,0.1398
19940,1161,756,33.682,25.79,-0.0933,0.064,9.7472,0.3844,0.3641,-0.0975
19945,1154,759,33.703,25.766,-0.0334,-0.0297,9.7843,-0.7193,-0.1956,0.0109
19950,1150,762,33.661,25.766,-0.0303,-0.024,9.8049,0.5631,-0.1184,0.1171
19955,1155,758,33.681,25.702,-0.0589,-0.0503,9.7504,0.5604,-0.13,-0.4198
19960,1146,759,33.7,25.71,0.0242,-0.0821,9.8008,-0.0276,0.0922,0.308
19965,1150,766,33.664,25.694,-0.0221,-0.0379,9.7921,-0.0693,0.1947,-0.1157
19970,1137,766,33.686,25.649,0.0666,0.0411,9.7272,0.2859,0.5775,-0.2466
19975,1141,768,33.725,25.756,0.0068,-0.0839,9.8779,-0.2099,0.1009,0.4708
19980,1136,774,33.733,25.872,-0.0523,-0.0599,9.8389,0.4185,0.2614,0.6688
19985,1129,776,33.645,25.733,-0.1009,0.0981,9.8345,0.3404,0.4157,0.3761
19990,1125,784,33.717,25.738,-0.0863,0.0292,9.7424,-0.0514,0.7888,0.7133
19995,1126,788,33.735,25.76,0.0456,-0.083,9.8127,0.6939,0.3912,0.0981
20000,1120,791,33.599,25.652,0.0354,-0.0369,9.8814,-1.1138,0.3074,0.0752
20005,1129,795,33.707,25.714,-0.0151,-0.0278,9.8078,0.1479,-0.3505,1.0472
20010,1110,797,33.642,25.743,0.0227,0.0062,9.7728,-0.3586,-0.1191,0.9774
20015,1108,802,33.726,25.719,0.0436,-0.0833,9.8178,0.1958,0.843,0.6659
20020,1111,798,33.75,25.717,-0.0043,0.0221,9.8111,-0.0383,-0.3603,-0.0659
20025,1105,806,33.724,25.718,-0.0156,0.1296,9.7928,0.0034,-0.2274,0.1718
20030,1110,807,33.741,25.76,-0.1258,-0.0052,9.8937,1.4167,0.0315,0.6692
20035,1096,810,33.668,25.774,-0.0469,0.0395,9.7984,0.1877,-0.0014,0.0249
20040,1101,814,33.701,25.859,0.0148,-0.0172,9.8811,0.3939,-0.0709,0.9846
20045,1100,814,33.623,25.758,0.0698,-0.0394,9.7664,0.5306,-0.0357,-0.1016
20050,1097,814,33.751,25.639,0.0728,-0.0858,9.8776,-0.2768,-0.4903,-0.0453
20055,1093,821,33.672,25.768,-0.0664,-0.0196,9.8398,-0.2026,-0.7911,-0.1245
20060,1086,825,33.709,25.738,-0.0121,0.0035,9.8095,-0.0912,-0.4951,0.2344
20065,1081,830,33.653,25.607,-0.0464,0.0122,9.775,-0.5866,0.5791,-0.6297
20070,1080,825,33.772,25.729,-0.0759,0.0184,9.8551,-0.0666,0.1387,0.0449
20075,1091,835,33.724,25.835,-0.0187,0.0144,9.8263,-0.3634,0.0875,0.6102
20080,1074,839,33.75,25.761,0.0189,0.0273,9.8221,1.0928,-0.0585,0.0172
20085,1080,837,33.716,25.729,-0.0199,-0.0164,9.7704,-0.0003,0.2202,-0.0888
20090,1078,839,33.703,25.756,0.0456,-0.0114,9.8975,0.074,-0.6157,-0.2638
20095,1073,839,33.725,25.864,0.0047,-0.0273,9.8529,0.3919,-0.0909,-0.8851
20100,1063,837,33.634,25.715,0.0531,0.0086,9.8644,-0.8639,0.2492,0.5695
20105,1061,841,33.772,25.788,-0.0196,-0.0306,9.7626,-0.89,-0.1063,-0.151
20110,1066,844,33.732,25.819,-0.0241,0.018,9.8301,1.1664,-0.2118,0.3622
20115,1059,841,33.642,25.815,-0.0393,-0.031,9.8097,0.5803,0.1384,-0.4592
20120,1046,845,33.548,25.693,0.0001,-0.0334,9.757,0.3948,-0.244,1.0307
20125,1055,844,33.722,25.645,-0.0509,-0.0296,9.7647,0.159,1.0862,-0.1109
20130,1044,839,33.65,25.762,0.038,-0.0145,9.8345,-0.2815,-0.6073,-0.1898
20135,1045,847,33.702,25.768,-0.0427,0.0062,9.7976,0.2649,-0.3476,-0.0803
20140,1024,849,33.674,25.602,-0.0803,-0.0624,9.7801,1.2916,-0.8026,-0.3324
20145,1021,849,33.673,25.759,-0.0235,-0.0834,9.8182,0.1753,0.9461,0.3453
20150,1017,838,33.735,25.792,0.0281,-0.014,9.7792,0.814,-0.0358,0.8246
20155,1013,848,33.676,25.657,-0.0192,0.1367,9.7915,-0.4183,0.0022,-0.1062
20160,1004,845,33.736,25.741,-0.0215,0.0271,9.7961,-0.4062,0.2878,0.0031
20165,991,843,33.749,25.818,-0.0722,0.0226,9.7921,-0.333,-0.5923,0.3357
20170,978,843,33.708,25.683,-0.0089,0.0381,9.8211,-0.7083,0.1801,0.4362
20175,979,848,33.756,25.752,-0.067,0.0952,9.7612,-0.4601,0.221,0.198
20180,975,843,33.708,25.713,-0.044,-0.0045,9.8152,-0.6676,-0.1389,-0.7361
20185,956,846,33.689,25.661,0.0037,0.0142,9.7668,0.2062,0.6548,0.2296
20190,949,843,33.647,25.723,0.0105,-0.052,9.7906,-0.5266,-0.0375,-0.0225
20195,941,839,33.767,25.762,0.0793,0.013,9.8377,0.0166,0.9548,0.1544
20200,938,838,33.651,25.742,-0.0621,-0.0284,9.8616,-0.281,-0.275,-0.3101
20205,926,842,33.746,25.779,0.0264,-0.0175,9.8229,-0.3527,-0.3099,-0.0745
20210,908,837,33.642,25.682,-0.0371,0.0248,9.7237,-0.1243,-0.134,0.79
20215,911,837,33.697,25.69,-0.0227,-0.0625,9.8607,-0.2132,-0.5577,-0.2838
20220,896,843,33.665,25.665,-0.0127,0.035,9.8387,0.6754,-1.018,-0.3123
20225,885,832,33.648,25.812,0.0753,0.0906,9.925,0.3513,-0.8523,0.3237
20230,869,833,33.656,25.723,-0.0229,-0.0505,9.8099,-1.1243,0.309,0.4314
20235,866,832,33.716,25.814,0.0197,0.0265,9.8094,-0.0014,-0.6218,-0.0218
20240,863,834,33.781,25.761,-0.0458,-0.0539,9.8484,0.2551,0.2239,-0.9215
20245,844,832,33.734,25.815,0.0096,-0.0622,9.8676,0.5236,0.9122,-0.3448
20250,818,828,33.655,25.71,0.0304,0.014,9.7413,0.0388,1.3892,0.4705
20255,807,830,33.737,25.733,-0.0744,-0.0106,9.7492,0.5543,-0.3218,-0.2497
20260,815,826,33.679,25.736,0.0276,-0.0281,9.7753,-0.4396,0.3172,0.0476
20265,808,826,33.665,25.739,-0.0499,-0.1055,9.7422,-0.9893,0.7065,0.6164
20270,801,829,33.712,25.813,-0.0225,0.0016,9.7637,0.6364,-0.3343,0.3289
20275,796,829,33.679,25.648,-0.0002,-0.0091,9.8112,0.297,0.4728,0.3637
20280,783,830,33.685,25.811,-0.0785,0.0066,9.8701,0.8478,0.5206,0.2162
20285,780,825,33.72,25.768,0.0663,-0.028,9.8338,-0.0294,-0.3142,0.295
20290,779,828,33.72,25.744,0.0016,0.0539,9.7886,-0.6635,0.2459,-0.8716
20295,769,827,33.704,25.831,0.0377,-0.0081,9.833,-0.4754,0.1581,0.4511
20300,764,825,33.652,25.734,-0.0077,0.0064,9.7329,-1.0239,0.1296,-0.0554
20305,758,823,33.66,25.761,-0.0613,0.0636,9.9375,-0.8741,-0.1157,0.213
20310,760,823,33.668,25.724,-0.0606,-0.0833,9.7776,0.6587,0.0026,0.6542
20315,748,818,33.665,25.75,0.0253,-0.0392,9.8145,0.1243,-0.8794,0.1475
20320,751,822,33.74,25.715,0.0266,0.0143,9.7686,-0.5145,-0.2712,0.1624
20325,745,822,33.644,25.694,-0.0025,0.0325,9.8101,-0.5649,1.1014,-0.2399
20330,746,824,33.77,25.742,-0.0882,0.0101,9.7735,-0.0641,0.1414,0.4625
20335,749,823,33.669,25.737,0.0394,-0.0868,9.7926,-0.5452,-0.0733,-0.5617
20340,758,819,33.684,25.767,-0.1219,-0.0305,9.7689,0.7456,0.717,0.0145
20345,766,816,33.639,25.716,0.0395,-0.0672,9.7733,0.9975,-0.8802,-0.9153
20350,754,819,33.757,25.726,0.025,0.012,9.8822,0.4445,0.0474,0.2141
20355,751,815,33.684,25.695,0.0196,-0.0139,9.828,-0.738,-0.8657,-0.3545
20360,764,816,33.644,25.717,-0.0744,0.0627,9.7441,0.5763,-0.9015,-0.4541
20365,776,818,33.697,25.775,-0.0067,0.0205,9.7368,-1.1233,0.8253,0.8385
20370,773,812,33.665,25.784,-0.0235,-0.0956,9.7483,-0.0771,0.734,-0.4687
20375,792,814,33.73,25.871,-0.1244,0.0065,9.8,-0.2572,0.6725,-0.7673
20380,794,811,33.805,25.703,0.0049,-0.0457,9.8743,0.6078,-1.1176,0.4484
20385,792,811,33.745,25.628,0.0684,-0.1062,9.7752,-0.0172,-1.2034,-0.1855
20390,812,809,33.665,25.679,-0.0077,0.0611,9.8573,0.666,0.0861,0.1593
20395,819,807,33.647,25.782,-0.015,0.0464,9.81,-0.0927,0.441,0.2668
20400,826,807,33.584,25.726,-0.0926,-0.0302,9.7988,-0.2274,0.1693,-0.3574
20405,841,805,33.696,25.802,-0.0638,-0.0584,9.8646,0.5931,0.0323,-0.1927
20410,854,801,33.737,25.779,-0.0794,-0.0602,9.7344,0.0602,-0.2998,-0.2663
20415,853,802,33.669,25.729,-0.0767,0.0867,9.795,-0.235,0.1516,0.0584
20420,873,804,33.751,25.765,-0.0133,0.0061,9.8114,0.4478,0.3986,-0.3574
20425,889,799,33.707,25.718,-0.1121,0.0005,9.7923,-0.2143,0.3666,-0.0969
20430,902,792,33.681,25.741,-0.0051,-0.0072,9.8949,-0.5794,-0.1114,0.4386
20435,923,797,33.646,25.733,0.1079,-0.0557,9.849,-0.6663,0.0185,-0.0666
20440,920,789,33.668,25.644,0.0326,0.0076,9.7388,-1.4179,-0.8544,-0.1806
20445,951,791,33.673,25.768,0.0207,-0.0413,9.8163,-0.0441,0.2574,0.4707
20450,951,784,33.743,25.712,0.039,-0.1063,9.8676,-0.5833,0.1973,-0.5767
20455,975,783,33.643,25.685,-0.0528,0.0702,9.9148,-0.4131,0.218,0.0392
20460,984,786,33.712,25.725,-0.0325,0.0197,9.8016,0.2103,0.2106,0.4125
20465,1013,779,33.708,25.722,0.0154,-0.0569,9.8002,0.0982,0.023,-0.4821
20470,1019,780,33.623,25.783,-0.0362,-0.035,9.8156,0.2213,-0.505,-0.487
20475,1032,775,33.586,25.703,0.0751,0.0557,9.798,-0.5942,0.5635,-0.1674
20480,1026,773,33.769,25.724,0.0991,-0.046,9.9164,-0.1549,0.8316,-0.6432
20485,1047,776,33.69,25.753,0.0325,0.0095,9.7951,-1.0082,-0.3472,-0.0726
20490,1067,767,33.68,25.775,0.0894,0.0115,9.8807,0.1994,-0.9186,-0.3512
20495,1079,766,33.659,25.754,0.0331,0.0253,9.847,0.3005,-0.2348,-0.3516
20500,1085,759,33.702,25.775,0.078,0.0243,9.8119,-0.639,-0.0629,-0.0159
20505,1094,757,33.681,25.732,-0.0224,0.0115,9.7041,0.1869,-0.5061,-0.2804
20510,1118,756,33.705,25.734,-0.0167,-0.0218,9.8754,0.5136,0.1439,-0.0771
20515,1119,754,33.666,25.716,0.0237,-0.0184,9.9169,-0.19,-1.444,0.5166
20520,1129,756,33.657,25.701,0.067,0.0355,9.7686,0.0303,-0.1858,-0.0633
20525,1137,749,33.647,25.749,-0.0773,0.0184,9.821,0.0347,0.7703,-0.3461
20530,1141,743,33.644,25.744,0.0528,0.0013,9.7647,0.0427,0.495,-0.1548
20535,1154,746,33.735,25.823,0.042,0.0622,9.7601,-0.5328,0.0761,-0.7616
20540,1154,746,33.649,25.789,0.026,0.0269,9.7624,-0.4208,0.089,0.4934
20545,1168,746,33.69,25.734,-0.022,0.008,9.7727,-0.4522,0.2737,-0.016
20550,1168,741,33.76,25.721,0.0141,0.0097,9.8138,-0.4457,-0.17,0.4147
20555,1168,741,33.773,25.679,-0.0422,-0.0083,9.7475,0.3924,0.2071,-0.1445
20560,1180,742,33.658,25.827,0.06,-0.0406,9.7393,0.1426,0.7631,-0.1188
20565,1175,741,33.663,25.819,0.0298,-0.0541,9.8268,0.1923,-0.3416,0.4929
20570,1182,738,33.734,25.762,-0.0227,0.0275,9.7799,0.0018,0.4176,0.4836
20575,1186,739,33.706,25.755,-0.0304,0.0146,9.8609,-0.0687,-0.1479,-1.4593
20580,1185,742,33.637,25.689,-0.0186,0.0251,9.914,-0.0473,0.5487,0.4602
20585,1199,735,33.686,25.75,-0.1176,0.0463,9.7837,0.4357,0.7563,-0.2464
20590,1194,740,33.662,25.72,0.1195,0.0128,9.6982,-0.0308,0.0859,0.6808
20595,1196,737,33.65,25.663,-0.0231,-0.1199,9.7922,-0.5059,0.4208,-0.0624
20600,1184,738,33.646,25.699,-0.0405,-0.0118,9.9062,-0.2019,0.449,0.844
20605,1180,743,33.7,25.749,0.0304,-0.032,9.7927,0.0155,0.2876,-0.3231
20610,1185,740,33.691,25.714,0.0604,-0.0077,9.7251,0.4244,0.2539,0.3512
20615,1183,738,33.633,25.681,-0.0106,0.0081,9.758,0.1171,-0.004,-0.0192
20620,1182,737,33.667,25.803,0.0499,0.0128,9.8447,-0.5674,0.9777,-0.1355
20625,1182,745,33.683,25.795,-0.0667,0.0417,9.8498,-0.0286,0.1112,0.2951
20630,1174,743,33.636,25.714,-0.0229,0.0614,9.8796,-1.0679,-0.0938,-0.3051
20635,1176,750,33.738,25.697,0.0171,-0.0163,9.749,-0.3249,0.0239,-0.0199
20640,1165,751,33.727,25.56,0.0653,0.0569,9.819,0.0262,-0.8204,-0.3913
20645,1168,757,33.787,25.754,0.0576,-0.0336,9.8227,0.1721,-0.0875,0.2868
20650,1160,758,33.751,25.712,0.0465,0.0907,9.7457,0.2899,-0.5083,-0.4453
20655,1158,755,33.803,25.743,-0.0446,0.0567,9.8247,0.4213,-0.4807,0.353
20660,1148,757,33.713,25.748,-0.0075,-0.023,9.799,-0.3061,-0.5845,-0.3142
20665,1158,760,33.708,25.692,0.0531,-0.0754,9.7839,0.3597,0.147,0.2588
20670,1152,761,33.703,25.697,0.0618,0.0515,9.7605,0.3085,-0.1602,-0.449
20675,1142,765,33.648,25.686,-0.0063,-0.0109,9.7321,-0.374,-0.5726,0.592
20680,1136,772,33.573,25.73,0.0502,0.0274,9.8313,-0.2468,0.4268,-0.4291
20685,1140,775,33.759,25.729,0.0607,0.0004,9.8245,0.3407,0.0387,0.1561
20690,1125,780,33.729,25.739,0.0335,0.0039,9.7979,0.1142,0.3844,-0.0051
20695,1130,778,33.693,25.777,0.0195,-0.0939,9.8295,-0.6433,-0.5385,0.3521
20700,1115,782,33.695,25.901,0.0121,0.0954,9.7605,-0.1253,-0.2414,-0.7712
20705,1129,784,33.697,25.724,-0.0507,0.0862,9.8497,-0.3402,-0.4999,0.5798
20710,1112,794,33.702,25.714,-0.0101,0.0194,9.8399,0.6589,0.6281,-0.2956
20715,1109,797,33.753,25.746,0.0384,0.0138,9.747,-0.0994,-0.1088,-0.3245
20720,1115,801,33.662,25.682,0.0097,0.0258,9.8287,-1.022,0.5622,-0.1872
20725,1111,795,33.782,25.716,0.0429,0.0328,9.8447,-0.6336,-0.426,-0.0019
20730,1111,805,33.72,25.731,0.0625,0.0139,9.8082,-0.3945,-0.4315,-0.0439
20735,1103,808,33.587,25.833,-0.0398,0.0289,9.7398,0.4591,0.0686,-0.2728
20740,1107,806,33.73,25.755,-0.0284,-0.0811,9.8528,-0.0399,0.032,-0.1718
20745,1101,814,33.672,25.726,-0.0486,0.0134,9.7725,-0.8776,-0.4476,0.1851
20750,1098,818,33.729,25.767,0.0127,0.0062,9.7814,0.0043,0.2245,0.5569
20755,1107,818,33.625,25.802,0.001,0.0737,9.8615,-0.2359,0.3495,-0.3702
20760,1093,820,33.637,25.735,-0.0193,0.0383,9.8728,0.1193,-0.0891,-0.1359
20765,1094,826,33.743,25.769,0.0551,0.0762,9.8232,-0.452,0.3375,-0.7273
20770,1087,823,33.758,25.778,-0.0567,-0.0343,9.7666,-0.0677,0.7507,1.0402
20775,1090,831,33.722,25.668,0.0499,0.0515,9.8306,0.8739,0.8972,-0.1334
20780,1082,829,33.666,25.752,-0.0064,0.0077,9.7149,0.6947,0.5381,-0.0333
20785,1074,832,33.692,25.716,0.0086,-0.0141,9.8503,-0.5133,-0.2043,-0.4536
20790,1075,840,33.713,25.641,-0.0218,0.0062,9.7803,0.0846,-0.1739,0.0129
20795,1072,838,33.725,25.62,-0.0651,-0.0476,9.7448,-0.5404,0.1836,0.7004
20800,1071,838,33.55,25.768,0.0036,-0.0444,9.8773,0.5983,-0.104,0.4761
20805,1070,839,33.704,25.745,-0.0026,0.0266,9.8324,0.0527,0.8221,-0.3562
20810,1059,837,33.701,25.78,-0.04,-0.064,9.7199,0.6722,-0.2747,0.373
20815,1059,842,33.689,25.796,-0.0429,0.0625,9.8736,-0.0026,-0.0273,-1.0445
20820,1055,846,33.698,25.756,-0.1134,-0.0362,9.8285,0.6351,0.2258,0.042
20825,1058,850,33.736,25.834,0.0224,0.0146,9.7603,0.0697,-0.3256,0.266
20830,1048,844,33.741,25.653,0.1059,-0.0372,9.7999,0.1762,0.6452,-0.6104
20835,1054,847,33.647,25.769,-0.0111,0.0219,9.8156,-0.1987,-0.0621,-0.2495
20840,1042,848,33.585,25.723,-0.0274,0.0492,9.801,0.4542,0.0129,0.0342
20845,1031,843,33.667,25.736,-0.012,0.0253,9.8726,-1.1177,-0.0075,-0.1022
20850,1032,848,33.758,25.66,0.0431,-0.0916,9.7975,-0.7125,0.1355,0.5038
20855,1021,849,33.667,25.759,0.0114,0.0787,9.8378,-0.585,-0.2315,-0.7815
20860,1006,843,33.629,25.703,0.0789,-0.0439,9.843,0.3477,-0.6199,-0.0987
20865,1004,843,33.638,25.782,-0.089,0.0235,9.8338,0.437,0.4309,0.3672
20870,993,845,33.614,25.728,0.0376,0.0097,9.8232,0.2451,0.9685,0.5562
20875,979,839,33.682,25.754,-0.0093,-0.0176,9.8157,0.4183,0.8481,0.1594
20880,979,844,33.666,25.74,-0.0754,0.0987,9.8455,0.173,0.1671,-0.9159
20885,976,841,33.635,25.717,-0.0756,0.0481,9.7658,-0.4509,0.8487,0.3178
20890,966,840,33.672,25.68,0.0477,-0.064,9.883,-0.8848,-0.8708,-0.2789
20895,956,840,33.711,25.746,0.0134,-0.0292,9.8197,-0.2408,-0.2414,-0.0414
20900,940,838,33.774,25.693,0.0312,-0.0157,9.7446,-0.2466,-0.7523,0.4415
20905,937,837,33.689,25.711,0.0069,-0.0597,9.7461,0.1973,0.3788,0.1017
20910,923,834,33.678,25.79,0.0867,0.0128,9.7786,-0.0376,0.0872,0.7561
20915,911,838,33.643,25.639,-0.0203,-0.0541,9.7816,-0.492,-0.3059,0.0107
20920,917,836,33.669,25.728,0.0037,-0.0484,9.7841,-0.4685,-0.2689,-0.1466
20925,897,832,33.731,25.807,-0.0647,-0.0272,9.7089,-0.6302,-0.502,-0.1649
20930,881,839,33.747,25.722,-0.0569,0.0165,9.7803,0.4424,-0.3005,-0.4106
20935,866,831,33.773,25.773,0.0681,-0.0337,9.8048,0.1796,0.5029,-0.7028
20940,863,832,33.632,25.692,0.0066,-0.0115,9.8852,0.6378,0.113,0.9284
20945,852,832,33.759,25.696,0.0594,-0.0136,9.8537,0.449,-0.0315,-0.4503
20950,840,831,33.698,25.778,-0.07,-0.058,9.7661,-0.515,0.2304,-0.4727
20955,837,833,33.743,25.738,-0.0608,-0.0378,9.8495,-0.1307,0.8392,0.0659
20960,834,830,33.655,25.718,0.0137,0.061,9.8431,0.9068,-0.6795,-0.0805
20965,814,835,33.625,25.747,-0.0254,0.0205,9.8354,-0.5337,1.1901,-0.3272
20970,809,830,33.824,25.76,0.0071,-0.0422,9.793,-0.4533,-0.2952,0.2191
20975,801,831,33.639,25.83,-0.0646,0.0094,9.9361,-0.1874,0.031,0.2688
20980,796,828,33.738,25.795,-0.0158,0.0431,9.7952,0.4957,-0.1017,0.4358
20985,797,832,33.627,25.738,0.0171,0.0357,9.8437,-0.0903,0.8036,-0.2126
20990,781,823,33.689,25.709,0.1216,0.0646,9.814,-0.9771,0.3427,0.2937
20995,775,824,33.721,25.688,-0.0398,-0.0177,9.8379,-0.4405,0.1879,-0.7293
21000,765,823,33.652,25.717,-0.0422,-0.0376,9.8211,-0.2935,0.3558,-0.4122
21005,760,827,33.644,25.563,-0.0095,0.0355,9.8519,0.0667,0.0215,0.1726
21010,747,824,33.629,25.786,0.0261,-0.0195,9.7928,1.0822,-0.1812,0.8169
21015,755,823,33.667,25.673,0.0693,-0.0153,9.7735,0.0105,0.3475,0.6333
21020,750,824,33.674,25.665,-0.0255,0.0282,9.821,-0.5698,0.0629,-0.0714
21025,743,824,33.718,25.621,-0.0112,-0.0332,9.8126,-0.3797,0.2896,-0.2373
21030,743,818,33.693,25.733,0.0484,-0.0865,9.7409,1.2239,0.4764,0.1457
21035,750,815,33.742,25.789,-0.0073,0.0628,9.7685,-0.4949,-0.0107,0.4708
21040,743,820,33.647,25.726,0.024,0.0775,9.8412,-0.2937,0.4364,-0.022
21045,747,817,33.765,25.824,-0.0581,-0.0572,9.8312,0.4303,-0.2399,0.3711
21050,752,822,33.715,25.774,-0.0377,-0.0382,9.8728,0.6049,0.6196,-0.9775
21055,755,819,33.654,25.767,0.0039,-0.0353,9.7445,0.2485,0.1043,-0.1936
21060,753,813,33.706,25.787,-0.0174,-0.0331,9.738,0.192,-0.252,-0.0608
21065,764,815,33.704,25.743,0.0339,-0.0263,9.7857,-0.0417,-0.5244,0.1653
21070,773,816,33.592,25.744,-0.0467,0.0058,9.7628,0.2565,-1.2685,-0.0442
21075,776,814,33.737,25.713,0.0602,-0.0565,9.8907,0.2213,-0.7168,0.0577
21080,774,809,33.681,25.699,-0.0632,-0.0762,9.8146,0.6457,0.5029,0.2199
21085,788,811,33.693,25.761,0.0982,0.0327,9.8495,-0.1811,0.2832,0.4421
21090,808,813,33.689,25.752,0.0159,-0.0105,9.8601,0.2224,0.937,-0.5399
21095,800,804,33.642,25.65,-0.0375,-0.0354,9.7708,0.2732,0.2364,-0.7074
21100,824,809,33.72,25.726,0.0634,0.02,9.837,-0.0208,-0.3484,-0.7593
21105,826,810,33.678,25.683,0.0472,-0.054,9.8192,-0.0389,0.5055,-0.2052
21110,836,802,33.75,25.748,-0.0201,-0.0124,9.8618,0.1536,-0.0948,0.037
21115,852,801,33.732,25.723,-0.018,-0.0537,9.7287,0.1821,0.6527,0.3265
21120,864,803,33.683,25.718,-0.0116,0.0019,9.7598,-0.3233,-0.0855,-0.1949
21125,866,800,33.653,25.817,-0.0369,-0.0027,9.7438,-0.0769,0.087,0.0166
21130,887,803,33.737,25.712,-0.0472,-0.028,9.8992,-0.713,-0.4745,0.3454
21135,903,796,33.64,25.8,0.0782,0.0353,9.8085,0.702,-0.6099,0.5319
21140,912,791,33.624,25.795,-0.0133,-0.0011,9.9267,0.8741,0.958,-0.7116
21145,937,790,33.672,25.689,0.0541,-0.0568,9.7766,0.0139,0.5064,0.1691
21150,937,793,33.621,25.752,0.0147,0.0029,9.8248,0.7299,-0.378,-0.4578
21155,961,789,33.663,25.708,0.0111,-0.0496,9.8258,0.4442,0.5049,-0.5927
21160,967,787,33.662,25.719,-0.0381,0.0665,9.8122,-0.3466,0.091,-0.351
21165,991,785,33.672,25.733,-0.0414,-0.0834,9.8036,0.2644,0.5166,-0.272
21170,993,777,33.679,25.648,0.0793,0.0668,9.7864,0.4854,0.2175,-0.576
21175,1012,781,33.679,25.743,-0.0258,0.0731,9.8138,0.4531,0.9676,-0.2485
21180,1026,776,33.691,25.753,-0.0224,0.0499,9.8276,-0.3686,-0.0965,0.1404
21185,1032,772,33.741,25.818,-0.0707,0.0012,9.7269,-0.1875,0.1973,0.3419
21190,1040,773,33.673,25.663,0.0107,0.0552,9.8261,-0.2612,-0.4742,0.2647
21195,1062,772,33.642,25.712,-0.0434,-0.008,9.8375,-0.4506,0.2218,0.0402
21200,1070,768,33.761,25.767,0.0126,-0.0068,9.8787,0.4765,-0.3698,-0.463
21205,1091,766,33.704,25.633,0.0154,0.0438,9.7752,-0.0439,-0.4792,-0.0937
21210,1099,763,33.676,25.623,-0.0336,-0.0535,9.8334,-0.2229,-0.4684,0.1223
21215,1108,756,33.719,25.707,0.037,-0.0501,9.7811,-0.3861,-0.2138,0.7154
21220,1112,751,33.653,25.714,0.063,-0.0454,9.8897,-0.1428,-0.217,-0.4989
21225,1122,759,33.751,25.767,-0.1082,0.0259,9.7391,0.2987,-0.8651,-0.1903
21230,1134,751,33.746,25.761,-0.0287,0.0016,9.7863,0.1205,-0.3761,0.5112
21235,1135,752,33.686,25.717,-0.0021,-0.0357,9.823,-0.0358,0.4326,0.5592
21240,1138,753,33.711,25.728,-0.0271,0.0031,9.7999,-0.2856,-0.676,-0.4864
21245,1154,748,33.697,25.682,-0.032,0.1309,9.8139,-0.0467,0.7327,0.4765
21250,1152,747,33.746,25.813,0.0294,0.0069,9.8126,-0.2076,-0.4762,-0.1026
21255,1179,743,33.693,25.698,0.0454,0.0119,9.8011,1.0142,0.6135,-0.8485
21260,1167,738,33.684,25.673,-0.0659,0.0442,9.776,0.3267,-0.8172,0.3137
21265,1181,741,33.643,25.672,-0.0029,0.057,9.7591,-0.6433,0.3826,-0.0872
21270,1180,738,33.629,25.755,0.0429,-0.0653,9.8293,0.0979,-0.736,0.7883
21275,1183,740,33.703,25.697,-0.0098,-0.0192,9.8531,-0.3034,0.071,0.3834
21280,1188,739,33.681,25.76,0.0625,-0.023,9.8481,0.4743,-0.2688,0.2228
21285,1183,744,33.678,25.707,0.0508,-0.0365,9.8404,0.0104,-0.2277,-0.1842
21290,1185,744,33.688,25.797,0.0248,0.0486,9.833,0.1018,-0.3141,-0.3562
21295,1192,730,33.587,25.682,-0.0075,-0.0139,9.8492,-0.4941,-0.3918,-0.2329
21300,1193,739,33.717,25.647,0.0064,0.0207,9.8238,-0.2351,-0.3729,-0.0305
21305,1180,741,33.786,25.717,0.0131,-0.0573,9.8127,-1.1497,-0.1514,-0.2878
21310,1180,737,33.676,25.701,-0.0007,0.0478,9.7385,-1.2708,-0.4331,-0.3844
21315,1182,743,33.657,25.697,-0.0151,0.018,9.8293,-0.3703,-0.1626,-0.2247
21320,1178,746,33.742,25.727,0.079,-0.0466,9.9007,0.5513,-0.1448,0.1047
21325,1185,743,33.618,25.741,0.0108,-0.0642,9.6964,0.2862,-0.4827,-0.7022
21330,1176,747,33.738,25.703,-0.0599,0.0229,9.7579,-0.0906,-0.3898,0.1455
21335,1175,748,33.741,25.686,0.0244,0.0039,9.8141,-0.6796,-0.6053,0.2485
21340,1171,748,33.701,25.743,-0.0265,0.0707,9.8586,0.876,-0.0904,0.5708
21345,1163,743,33.71,25.672,-0.0355,-0.1068,9.8346,0.3926,-0.5143,0.3985
21350,1167,749,33.674,25.676,0.0117,0.0199,9.8254,-0.3472,-0.6289,0.1855
21355,1165,753,33.707,25.756,-0.0703,0.0615,9.8493,0.5316,0.2882,-0.1299
21360,1155,761,33.639,25.753,-0.0304,0.0519,9.7922,0.2424,0.1256,-0.2777
21365,1149,755,33.749,25.779,0.0684,-0.0514,9.8724,0.1405,-0.8668,0.2476
21370,1153,764,33.631,25.703,-0.0261,0.0022,9.8911,-0.2533,-0.5855,0.0907
21375,1142,762,33.638,25.707,0.0245,0.0115,9.8381,0.6902,0.6749,0.3495
21380,1134,766,33.745,25.702,-0.0072,-0.0451,9.7775,-0.7136,0.3091,-0.1931
21385,1142,770,33.769,25.789,-0.0193,0.0551,9.7649,-0.1645,-0.7245,-0.344
21390,1136,770,33.638,25.662,-0.0435,0.0256,9.8317,-0.0077,-0.0376,-0.0678
21395,1139,774,33.608,25.64,-0.0244,-0.1213,9.873,-0.0274,0.6126,0.262
21400,1130,781,33.678,25.708,-0.0746,-0.0195,9.8299,0.2015,0.1333,-0.7583
21405,1128,788,33.671,25.738,0.1235,0.0506,9.7677,0.0501,0.3455,0.3348
21410,1113,787,33.706,25.681,0.1589,0.0571,9.7374,-0.853,-0.6791,-0.2502
21415,1125,786,33.674,25.761,0.0012,-0.0392,9.7902,0.2645,-0.4673,0.4317
21420,1111,785,33.702,25.711,-0.0623,0.0772,9.8435,-0.9157,-0.0131,0.5656
21425,1110,796,33.674,25.661,-0.1505,-0.0198,9.8468,-0.3951,0.0678,0.4006
21430,1110,798,33.749,25.801,-0.0067,0.0164,9.7773,0.4988,0.2216,0.1733
21435,1098,798,33.752,25.816,0.0602,-0.0009,9.8316,-0.8465,0.4754,0.1217
21440,1104,811,33.69,25.769,0.01,-0.0145,9.8434,0.5524,0.4346,-0.2708
21445,1112,815,33.709,25.677,-0.034,0.0338,9.7467,0.505,0.1184,-0.2687
21450,1093,814,33.599,25.696,0.0701,-0.0473,9.8061,0.3595,-0.0123,-0.0259
21455,1094,815,33.698,25.729,0.0207,-0.0217,9.7295,-0.1266,0.1766,-0.3226
21460,1103,810,33.773,25.714,-0.0103,0.0857,9.8469,0.5143,-0.7672,0.1034
21465,1100,821,33.662,25.784,0.021,0.0118,9.7687,-0.0051,1.0237,0.3119
21470,1082,830,33.697,25.652,-0.0582,-0.0476,9.8445,0.2812,-0.1117,0.1906
21475,1098,824,33.667,25.742,-0.0141,0.0831,9.8039,-0.4468,-0.5647,0.5612
21480,1090,821,33.715,25.74,-0.0584,0.0951,9.8001,-0.8179,-1.1769,-0.1846
21485,1087,829,33.691,25.706,0.0641,0.0805,9.812,-0.0655,-0.1359,-0.045
21490,1082,831,33.648,25.638,-0.0409,-0.0502,9.8714,-0.2033,-0.3705,0.9027
21495,1072,829,33.713,25.781,-0.0065,0.0199,9.7274,-0.3792,0.2945,-0.3335
21500,1070,837,33.681,25.711,-0.0319,-0.0273,9.8114,-0.1334,-0.103,0.0591
21505,1077,839,33.671,25.677,-0.0026,0.0245,9.8142,-0.0469,-0.3903,0.9849
21510,1067,837,33.725,25.752,0.0031,0.1032,9.9373,-0.3213,0.0095,0.4886
21515,1069,840,33.784,25.786,-0.1504,0.0803,9.7544,0.0229,0.1415,0.4175
21520,1062,842,33.689,25.734,-0.0424,-0.0168,9.7616,-0.2163,-0.3086,-0.5053
21525,1059,846,33.703,25.693,0.0167,0.0181,9.8028,1.2926,0.2504,0.0313
21530,1055,841,33.683,25.776,0.0002,0.0882,9.8645,0.0225,0.745,-0.1893
21535,1042,842,33.761,25.681,-0.0423,-0.0437,9.8345,-0.8588,-0.2948,-0.5115
21540,1045,846,33.699,25.713,0.0548,0.0126,9.8249,0.2482,0.0152,0.4278
21545,1043,841,33.615,25.717,-0.0328,0.0474,9.7416,0.0419,-0.5125,-0.3286
21550,1025,846,33.681,25.718,-0.0402,-0.141,9.8031,0.0876,-0.2786,0.4258
21555,1031,844,33.699,25.767,-0.0209,-0.0631,9.7607,0.2385,0.9139,-0.2277
21560,1013,845,33.71,25.852,-0.0908,0.089,9.8792,-0.8124,0.8711,0.3681
21565,1010,847,33.691,25.672,0.0201,-0.02,9.7951,-0.0292,0.2093,-0.7216
21570,1014,850,33.684,25.697,0.0249,-0.0359,9.771,0.5015,0.2945,0.3016
21575,1007,846,33.726,25.772,0.0062,0.0961,9.7997,1.1255,-0.5488,-0.2533
21580,991,839,33.684,25.766,-0.0169,-0.0388,9.7202,-0.2699,0.2645,-0.5648
21585,980,841,33.707,25.66,0.0313,-0.0177,9.8574,0.4268,-0.352,0.1684
21590,975,842,33.716,25.771,-0.0032,-0.1101,9.9162,-0.5586,0.5417,0.2265
21595,969,841,33.581,25.698,0.0301,0.0359,9.8188,0.6682,0.5938,0.3005
21600,959,843,33.59,25.73,0.0008,-0.0044,9.7958,0.7065,0.3537,-0.0558
21605,958,845,33.653,25.74,-0.032,0.118,9.7561,-0.5278,-0.8194,0.4735
21610,932,834,33.727,25.732,0.0104,-0.0779,9.745,-0.7175,0.6483,-0.1109
21615,923,839,33.63,25.822,-0.0263,-0.0085,9.7967,0.2443,0.5718,0.117
21620,918,836,33.667,25.686,-0.0694,-0.0746,9.8278,0.1238,0.4175,-0.4337
21625,898,833,33.66,25.683,0.0081,-0.031,9.8808,-0.0817,0.2573,-0.1366
21630,898,835,33.776,25.854,0.0724,-0.0218,9.8571,0.3571,0.1415,0.2744
21635,894,836,33.771,25.763,0.0527,0.0549,9.7306,0.8044,-0.517,0.2582
21640,884,838,33.652,25.719,-0.0086,-0.0176,9.8783,-0.6594,0.1324,-0.3454
21645,864,825,33.735,25.651,-0.0412,-0.0388,9.8628,0.9784,-0.072,-0.8546
21650,857,833,33.683,25.678,0.0109,-0.0217,9.8338,-0.1694,-0.2239,-0.7359
21655,845,833,33.669,25.696,-0.0442,-0.0307,9.8827,-0.2631,0.0091,-0.2843
21660,834,833,33.712,25.692,-0.0628,-0.029,9.8412,-0.2701,0.1968,0.1401
21665,826,828,33.654,25.718,-0.0663,0.0206,9.8019,-0.0634,0.1919,-0.367
21670,808,825,33.573,25.797,-0.0182,0.0841,9.8214,0.1892,0.1937,0.0203
21675,807,831,33.726,25.696,0.1167,0.0133,9.7594,0.0922,0.8228,0.0404
21680,807,835,33.715,25.807,-0.1147,-0.0474,9.8567,0.1862,0.8624,-0.2
21685,786,825,33.692,25.699,-0.0265,-0.0037,9.7311,-1.2172,0.1293,-0.6121
21690,791,825,33.66,25.776,0.002,-0.0132,9.8062,-0.0739,0.2279,-0.9709
21695,780,826,33.688,25.753,0.0807,0.0976,9.8703,-0.0241,0.2642,-0.2316
21700,781,827,33.562,25.67,0.0234,-0.0016,9.8686,-0.3825,0.4552,-0.1652
21705,764,827,33.733,25.679,0.0758,0.0769,9.8582,0.4502,-1.0466,0.1313
21710,764,827,33.717,25.757,-0.0847,0.056,9.7995,-0.7167,-0.6047,0.3616
21715,747,819,33.678,25.744,-0.0518,-0.0711,9.7807,0.6325,-0.083,0.4716
21720,745,824,33.67,25.82,0.1083,-0.0164,9.7631,-0.9028,0.1605,-0.8093
21725,740,820,33.659,25.712,-0.0245,0.0404,9.8385,0.1325,0.21,0.5895
21730,753,825,33.655,25.734,0.0405,-0.0209,9.6874,0.3094,-0.4336,0.5735
21735,750,825,33.738,25.642,0.0141,-0.1033,9.8353,-0.0246,-0.1,-0.111
21740,737,821,33.677,25.746,0.0293,0.0209,9.8048,0.0891,-0.1851,0.3156
21745,743,819,33.602,25.831,-0.0378,-0.0543,9.6988,0.7628,-0.1118,0.1186
21750,744,821,33.644,25.718,0.086,0.0319,9.8571,0.1023,0.1881,-0.4114
21755,755,821,33.657,25.73,-0.0815,-0.0967,9.7345,-0.3989,0.421,-0.727
21760,745,812,33.692,25.735,0.0284,-0.026,9.7722,0.5588,-0.0407,-0.5708
21765,762,815,33.685,25.707,0.0623,-0.0411,9.92,0.1222,0.6958,-0.0713
21770,764,818,33.634,25.712,0.016,-0.043,9.7784,0.7044,-0.3735,-0.0327
21775,772,816,33.611,25.637,-0.0211,-0.0698,9.8607,-0.5176,0.1249,0.1874
21780,770,812,33.699,25.749,-0.0337,-0.0534,9.8013,-0.1963,-0.0969,0.2471
21785,779,815,33.723,25.731,0.0347,0.1163,9.7593,0.1186,-0.1238,0.2767
21790,777,815,33.654,25.733,0.0209,-0.0566,9.8345,-0.2842,0.1725,0.1187
21795,796,811,33.631,25.774,0.1203,0.085,9.866,0.2362,0.5007,-0.2136
21800,808,810,33.697,25.714,-0.0256,-0.0616,9.8329,0.6474,-0.2615,0.429
21805,814,812,33.638,25.782,0.0496,-0.0363,9.7691,-0.8985,-0.2467,1.004
21810,821,805,33.762,25.809,-0.0304,0.0057,9.8551,-0.4243,0.9913,-0.5481
21815,835,805,33.604,25.741,0.0571,0.0002,9.8259,0.0799,0.1143,-0.6172
21820,842,796,33.713,25.666,0.0551,0.0216,9.8395,-0.3743,0.5522,-0.2259
21825,863,801,33.742,25.757,0.0245,0.0235,9.7818,0.23,0.3762,0.2463
21830,866,799,33.694,25.665,0.1153,-0.0192,9.862,-0.9128,0.0355,-1.3732
21835,888,799,33.699,25.69,-0.0443,0.0464,9.7578,-1.2301,0.8026,0.8583
21840,894,800,33.722,25.737,-0.0103,-0.0081,9.7416,0.7647,-0.3627,0.2419
21845,903,796,33.756,25.762,-0.002,-0.029,9.8387,0.0721,0.0116,-0.3921
21850,918,786,33.598,25.69,0.0392,-0.0739,9.835,0.711,0.284,-0.3518
21855,936,787,33.638,25.735,-0.0646,0.001,9.8624,0.2059,-0.4264,0.429
21860,945,792,33.703,25.709,-0.0021,-0.0209,9.7291,-0.1148,-0.7102,0.9287
21865,963,784,33.629,25.728,0.0572,0.0125,9.7432,0.441,0.3631,-0.2487
21870,981,783,33.745,25.681,0.0149,-0.0349,9.7195,0.5333,-0.2572,0.7689
21875,990,776,33.779,25.65,0.0421,-0.0618,9.7924,0.5112,-0.0705,-0.1926
21880,1004,778,33.634,25.697,-0.0531,-0.0192,9.8721,-0.0143,0.2091,-0.2157
21885,1015,778,33.684,25.648,0.0255,0.106,9.7499,0.0403,0.0754,1.2751
21890,1032,775,33.759,25.729,0.0068,-0.0026,9.8318,0.8253,-0.6297,0.7039
21895,1046,769,33.69,25.775,-0.0272,0.0275,9.8511,-0.6699,-0.2217,0.7454
21900,1058,773,33.705,25.772,0.0076,-0.1009,9.867,-0.1384,0.2254,0.0867
21905,1068,768,33.683,25.796,0.0111,-0.0577,9.7545,-0.3711,-1.1499,-0.1891
21910,1079,767,33.727,25.726,-0.0445,-0.0122,9.7315,0.6304,0.0707,0.3845
21915,1096,758,33.802,25.701,0.0127,0.0618,9.8836,0.8493,-0.4547,-0.7451
21920,1104,758,33.674,25.768,-0.0606,0.0356,9.7805,0.3603,-1.2966,1.3004
21925,1113,755,33.725,25.731,0.0193,0.0212,9.7286,0.5775,-0.2519,0.9452
21930,1118,753,33.703,25.662,-0.0733,0.0271,9.8144,-1.1608,0.6118,0.2983
21935,1131,757,33.669,25.71,-0.078,0.0098,9.8726,0.1269,0.7683,-0.6017
21940,1130,750,33.688,25.658,0.0142,-0.0048,9.7629,-0.4076,-0.4696,-0.1621
21945,1153,747,33.691,25.742,0.0101,-0.0274,9.7662,0.5959,-0.5771,0.2664
21950,1156,744,33.681,25.765,-0.0361,0.0546,9.8628,-0.688,0.3948,0.5806
21955,1163,746,33.676,25.722,0.008,0.0243,9.7952,0.2999,1.3874,-1.1023
21960,1156,742,33.677,25.723,0.0444,-0.0632,9.8902,-0.2801,-0.7088,0.4239
21965,1170,740,33.654,25.689,0.0723,-0.0627,9.7188,0.2695,-0.1801,0.4202
21970,1177,745,33.611,25.738,-0.0202,-0.1059,9.8342,0.412,0.1897,-0.1567
21975,1179,747,33.684,25.701,-0.0056,0.1389,9.8025,-0.2957,0.7833,0.8337
21980,1184,732,33.677,25.805,-0.0226,-0.0047,9.8658,0.2718,-0.5049,0.2987
21985,1179,742,33.678,25.75,-0.0104,0.07,9.8436,-0.1672,-0.015,-0.5437
21990,1189,738,33.709,25.714,-0.0868,0.0275,9.7589,0.6106,0.61,-0.1926
21995,1190,735,33.69,25.78,-0.0315,0.0141,9.7925,-0.1248,0.0117,0.0022
22000,1203,738,33.687,25.795,-0.014,-0.0208,9.8838,-0.4422,-0.1663,0.2744
22005,1180,735,33.7,25.68,0.0171,-0.0309,9.8319,-0.1892,-0.3539,-0.8886
22010,1190,740,33.723,25.73,-0.0127,0.0677,9.7321,1.3046,-0.3454,-0.0283
22015,1185,734,33.696,25.708,0.0425,0.0364,9.8029,-0.2991,-1.0263,0.3982
22020,1178,739,33.719,25.759,0.1208,0.0255,9.887,-0.0566,0.2241,0.1701
22025,1187,742,33.637,25.694,-0.0543,-0.0432,9.7612,-0.6682,-0.0391,0.157
22030,1181,745,33.695,25.669,0.052,0.0231,9.8346,-0.6055,0.0145,0.5462
22035,1185,747,33.728,25.613,0.1257,0.0295,9.8355,0.7862,0.5513,0.4973
22040,1176,743,33.546,25.821,-0.0688,-0.0473,9.8472,-0.5478,-0.3757,0.3263
22045,1160,739,33.699,25.761,0.0277,-0.0552,9.8353,-0.0791,-0.4452,-0.0473
22050,1183,748,33.671,25.835,-0.0372,-0.012,9.9118,-0.4735,0.4715,-0.7544
22055,1155,745,33.655,25.676,-0.0592,0.0363,9.8085,0.122,-0.0183,-0.0455
22060,1173,752,33.731,25.791,-0.0702,0.017,9.8004,-0.0198,0.2811,1.1809
22065,1161,759,33.689,25.78,0.041,0.0684,9.7796,-0.3841,-0.01,0.8966
22070,1165,757,33.802,25.834,-0.0188,0.0392,9.8018,0.2166,0.2787,-0.0116
22075,1157,757,33.709,25.689,0.0085,-0.0272,9.7395,0.16,0.0744,-0.261
22080,1149,754,33.614,25.763,-0.0153,0.0277,9.7812,0.1754,-0.9766,-0.6514
22085,1144,769,33.615,25.653,0.0132,0.058,9.8097,0.426,-0.2974,0.0351
22090,1134,773,33.668,25.753,0.1094,0.0444,9.8909,0.3778,0.769,0.0045
22095,1134,773,33.793,25.626,0.0583,-0.0772,9.8307,-1.1595,-0.0137,1.413
22100,1132,777,33.7,25.718,0.0246,0.0402,9.8457,-0.3693,0.1313,1.1589
22105,1128,783,33.692,25.808,0.0216,-0.0097,9.7992,0.5822,-0.0376,0.0059
22110,1129,784,33.679,25.7,-0.0569,-0.0497,9.7989,-0.2703,-0.4068,-0.5857
22115,1125,784,33.628,25.752,0.0264,0.0328,9.8364,0.3579,0.2283,-1.2685
22120,1116,787,33.605,25.686,0.0094,-0.0876,9.8019,-0.0666,-0.1391,0.3666
22125,1113,791,33.656,25.739,0.0117,-0.0422,9.791,-1.3125,-0.5705,-0.5393
22130,1113,793,33.621,25.778,0.0049,-0.0779,9.7995,0.7357,0.4034,0.4187
22135,1111,794,33.673,25.764,-0.0119,0.033,9.8479,0.1566,-0.9816,0.1964
22140,1120,801,33.679,25.784,0.006,0.0705,9.8901,0.0436,-0.4948,-0.7132
22145,1114,808,33.709,25.714,-0.0068,0.0861,9.7218,0.4506,0.1464,-0.0154
22150,1100,807,33.76,25.826,-0.0352,-0.0316,9.8735,0.5421,1.0287,0.3166
22155,1102,812,33.657,25.777,-0.0363,0.0451,9.7946,-0.3919,-0.109,-0.3546
22160,1094,814,33.723,25.719,0.0122,-0.0652,9.8369,-0.2614,0.1957,0.1707
22165,1098,817,33.689,25.75,-0.0218,-0.0301,9.8284,1.1899,-0.0453,-0.1717
22170,1094,818,33.631,25.761,0.0296,0.0354,9.7895,-0.2366,-0.7593,0.7201
22175,1088,824,33.73,25.66,0.0043,-0.0142,9.8159,-0.1527,-0.4449,0.0587
22180,1086,826,33.71,25.704,-0.0289,-0.0341,9.7431,0.348,-0.2883,-0.1095
22185,1085,825,33.762,25.67,-0.0571,-0.0492,9.9016,0.891,-0.2586,0.5947
22190,1082,830,33.589,25.749,-0.0164,-0.032,9.798,-0.3365,0.5123,-1.0879
22195,1080,835,33.676,25.731,0.0183,-0.0177,9.8382,0.679,0.3376,1.1805
22200,1083,833,33.687,25.708,-0.0102,-0.0514,9.8864,0.44,-0.4119,-0.233
22205,1077,832,33.742,25.724,-0.0094,0.0747,9.8156,0.0056,-0.0221,0.6406
22210,1073,833,33.712,25.775,-0.0092,-0.0593,9.7333,-0.407,0.1519,-0.1693
22215,1082,835,33.771,25.766,-0.011,-0.039,9.8588,0.0131,-1.5002,-0.2293
22220,1061,840,33.672,25.717,-0.0384,0.0037,9.8787,-0.3653,0.1245,0.0566
22225,1066,839,33.656,25.683,-0.078,-0.0126,9.8523,-0.4324,0.2839,0.0188
22230,1059,840,33.674,25.755,0.0074,-0.0073,9.7658,-0.6304,0.7244,-0.5583
22235,1048,847,33.746,25.746,0.0619,-0.0443,9.7787,-0.4788,-0.1655,0.3137
22240,1049,842,33.625,25.771,0.0554,0.034,9.8033,-0.1369,-0.6151,-0.3039
22245,1045,850,33.767,25.731,0.0785,-0.0253,9.8138,1.0651,0.2774,0.2944
22250,1034,840,33.672,25.651,-0.0053,0.0288,9.8056,0.043,0.5751,-0.5261
22255,1031,842,33.671,25.772,0.0251,-0.03,9.8052,-0.2157,-0.0176,-0.0781
22260,1028,843,33.64,25.797,-0.0191,-0.0488,9.6797,0.0885,-0.0443,-0.3339
22265,1015,848,33.6,25.753,0.0044,0.0173,9.8064,-0.7143,-0.5213,0.8392
22270,1007,851,33.605,25.767,-0.0072,-0.0108,9.7464,-0.3333,0.0618,-0.5595
22275,1012,847,33.699,25.752,-0.0029,0.0599,9.8236,0.8214,1.5275,-0.7096
22280,1000,845,33.65,25.722,-0.1176,0.0288,9.764,-0.4448,0.5915,-0.1123
22285,994,838,33.677,25.703,0.0132,-0.0671,9.7444,-0.2341,-0.1974,-0.2183
22290,994,844,33.718,25.701,-0.0114,0.0057,9.7601,-0.5967,-0.6776,-0.397
22295,981,844,33.692,25.721,-0.0183,0.0355,9.8173,-0.4898,0.3472,-0.0443
22300,968,839,33.72,25.684,0.0359,0.0215,9.7964,0.0975,0.2143,0.1722
22305,959,840,33.636,25.807,-0.0749,-0.0032,9.838,0.1649,-0.2328,-0.2378
22310,952,843,33.632,25.721,-0.0454,-0.0532,9.7825,-0.0195,0.4259,-0.6388
22315,940,842,33.672,25.805,0.0254,0.0382,9.7457,0.6706,-0.3255,0.3992
22320,930,844,33.684,25.666,0.0641,0.035,9.8126,0.4009,0.0212,-0.1283
22325,918,841,33.595,25.7,-0.0512,0.0099,9.8355,-0.1333,1.0178,1.5497
22330,919,836,33.625,25.672,0.0145,-0.0475,9.837,-0.127,0.2682,-0.6107
22335,897,830,33.668,25.721,0.1225,-0.0375,9.8128,-0.6823,-0.0873,-0.0842
22340,885,836,33.726,25.724,-0.0013,0.0081,9.8263,0.447,-0.4519,0.0141
22345,885,836,33.668,25.738,0.0126,0.0229,9.8137,-0.0452,0.3844,-0.1109
22350,868,828,33.745,25.676,-0.0602,0.0579,9.7322,-0.5999,-0.0787,0.5273
22355,860,836,33.709,25.633,-0.023,0.068,9.7801,-0.1056,-0.0525,0.4302
22360,857,834,33.645,25.771,-0.0506,-0.0414,9.8327,0.9644,-0.5022,-0.9987
22365,831,827,33.671,25.677,0.0867,0.0262,9.803,0.1271,0.1281,-0.1631
22370,830,835,33.694,25.751,-0.0524,0.0248,9.822,0.3239,-0.0328,0.4213
22375,822,833,33.624,25.745,-0.0106,0.0016,9.8866,0.0555,-0.0941,0.3639
22380,819,827,33.636,25.648,0.023,-0.0935,9.7718,-0.7418,-0.4978,-0.0117
22385,797,825,33.662,25.727,-0.0282,-0.0051,9.7551,-0.851,0.2666,0.3745
22390,798,824,33.59,25.772,-0.0615,-0.0264,9.7914,0.0377,-0.0134,-0.0225
22395,792,829,33.706,25.728,0.0674,0.0862,9.8063,-0.1375,-0.0473,-0.209
22400,780,826,33.71,25.786,0.0868,-0.1331,9.8363,-0.3074,-0.3806,0.3279
22405,783,827,33.586,25.615,-0.0391,-0.0214,9.7396,-0.427,-0.3973,-0.1441
22410,756,827,33.714,25.693,-0.0413,-0.0172,9.8546,0.1218,-0.0668,-0.8248
22415,761,823,33.722,25.768,0.0568,0.073,9.8311,0.3291,0.2834,0.4004
22420,760,820,33.676,25.746,0.0575,0.0645,9.7802,-0.7217,-0.7807,0.6254
22425,748,824,33.728,25.788,0.0259,0.0457,9.8114,0.0252,-0.2958,-0.2357
22430,747,819,33.765,25.67,-0.0652,0.0182,9.8419,-0.2315,-0.4184,1.0135
22435,744,821,33.618,25.749,-0.018,-0.0656,9.8008,-0.2715,0.3743,-0.1235
22440,755,825,33.712,25.698,-0.034,0.0137,9.8811,-0.3948,-0.2851,0.3342
22445,747,822,33.649,25.775,0.1507,-0.091,9.8479,-0.6041,0.0625,0.1682
22450,750,818,33.741,25.704,0.0344,-0.0172,9.7816,0.0692,-0.4419,-0.1467
22455,745,819,33.761,25.707,-0.0073,0.021,9.8428,-0.2055,0.1631,0.2007
22460,743,821,33.7,25.615,-0.082,-0.0748,9.8551,-0.5008,0.4004,-0.2208
22465,756,818,33.596,25.754,-0.0812,-0.0218,9.7541,-0.1111,-0.402,-0.0352
22470,753,818,33.633,25.727,0.0183,-0.0948,9.8486,-0.2947,0.8042,-0.3796
22475,766,817,33.617,25.825,-0.0275,0.0217,9.8031,-0.7236,0.6339,0.2823
22480,759,823,33.72,25.727,-0.0651,0.0605,9.7777,-0.4193,-0.604,0.3425
22485,772,815,33.574,25.647,0.0009,-0.0101,9.7997,0.684,-0.0391,-1.0879
22490,779,817,33.586,25.671,-0.0167,-0.0305,9.8172,-0.3627,-0.5352,0.07
22495,781,813,33.654,25.697,0.0013,-0.068,9.7981,0.3212,0.3159,-0.3923
22500,790,811,33.638,25.812,-0.0636,0.0632,9.7847,0.0265,-0.2759,-0.3026
22505,808,813,33.66,25.77,0.0128,0.0478,9.7907,-0.7111,0.7534,0.1955
22510,813,807,33.672,25.763,0.0867,0.0315,9.8288,-1.0738,0.1606,-0.6968
22515,825,811,33.635,25.85,-0.0334,0.025,9.7811,-0.4206,0.3524,0.0431
22520,837,802,33.621,25.723,-0.0594,0.0229,9.8027,0.4274,-0.0586,0.0473
22525,847,802,33.729,25.787,0.0551,-0.0166,9.8517,0.0584,0.6519,-1.0006
22530,855,802,33.635,25.741,0.0561,0.0061,9.8169,-0.578,-0.2513,-0.1801
22535,869,797,33.65,25.775,0.0507,-0.0322,9.8548,-0.0226,0.0878,0.2079
22540,879,802,33.703,25.739,0.0024,0.045,9.8083,-0.825,0.4113,0.9725
22545,896,793,33.657,25.735,-0.0183,-0.0191,9.8602,-0.3393,0.2255,-0.652
22550,911,797,33.682,25.627,-0.0067,-0.0476,9.8951,-0.1265,-0.5036,0.162
22555,921,788,33.742,25.695,-0.026,-0.0853,9.7982,-0.2505,0.1038,0.2625
22560,935,789,33.637,25.732,0.0984,-0.0075,9.8556,-0.3953,0.107,0.6803
22565,952,789,33.74,25.698,-0.005,0.0675,9.9002,-0.6274,0.2923,0.3635
22570,959,788,33.723,25.824,0.0842,-0.0036,9.836,-0.1269,-0.2887,-0.5462
22575,975,781,33.67,25.657,0.0005,0.0128,9.8394,0.2382,-0.3569,0.1965
22580,996,782,33.687,25.7,0.0631,0.0275,9.759,-0.4039,0.135,0.1469
22585,1000,778,33.645,25.649,-0.0462,-0.0196,9.7296,0.1429,0.9833,0.0666
22590,1016,778,33.708,25.717,-0.0006,0.0087,9.822,-0.26,-0.479,0.1027
22595,1028,773,33.656,25.65,-0.0238,-0.0324,9.797,0.0455,0.3963,0.0391
22600,1042,767,33.694,25.736,0.0819,0.0643,9.7803,-0.099,0.1463,0.1487
22605,1056,764,33.666,25.679,-0.0438,0.0738,9.8553,0.9254,0.9957,-0.8344
22610,1070,764,33.647,25.658,-0.0004,-0.0138,9.816,0.0886,0.8014,-0.432
22615,1072,765,33.64,25.702,-0.0053,-0.015,9.8257,-0.0604,-0.7493,0.1104
22620,1099,760,33.671,25.798,0.025,0.0325,9.8434,0.5064,-0.0209,-0.2596
22625,1097,758,33.729,25.809,-0.0891,0.0469,9.7708,0.8004,-0.3238,-1.0824
22630,1117,755,33.694,25.784,0.0132,0.047,9.808,-0.5732,-0.8053,-0.3764
22635,1123,758,33.613,25.827,-0.0423,-0.0726,9.7952,-0.4065,-0.2882,-0.3194
22640,1144,754,33.738,25.711,-0.0034,0.0581,9.7811,-0.47,0.9166,-0.3378
22645,1138,749,33.694,25.677,0.0248,-0.0185,9.8795,-0.1485,0.5795,1.3742
22650,1148,750,33.714,25.724,-0.0232,-0.0108,9.7612,1.154,-0.0656,0.1096
22655,1152,753,33.676,25.767,0.0023,-0.0811,9.7505,0.1061,0.1435,-0.0423
22660,1157,750,33.648,25.738,0.003,0.0008,9.8187,0.6787,0.65,0.4174
22665,1163,748,33.678,25.693,-0.0432,-0.0257,9.8285,0.0432,0.4367,0.762
22670,1169,737,33.704,25.651,-0.1137,0.0333,9.8076,0.2569,0.5569,0.6027
22675,1179,743,33.694,25.749,0.0679,0.0814,9.8647,0.7079,0.0606,0.2096
22680,1178,741,33.691,25.688,-0.0033,0.0225,9.9606,-0.377,-0.2484,-0.4535
22685,1177,742,33.692,25.675,0.03,-0.0379,9.8871,-0.0818,-0.5863,0.1181
22690,1179,736,33.651,25.637,-0.1402,-0.0047,9.7572,-0.4979,0.2784,-0.01
22695,1181,736,33.655,25.686,0.0292,-0.062,9.8158,0.0055,-0.6863,0.4487
22700,1186,744,33.758,25.748,0.0279,0.0919,9.7933,-0.1386,0.8965,-0.5965
22705,1186,740,33.593,25.731,0.0554,0.0753,9.7687,0.5692,0.1363,0.2841
22710,1188,735,33.757,25.738,-0.0218,-0.0711,9.8364,-0.4107,0.2341,-0.2929
22715,1187,739,33.728,25.765,-0.0316,-0.0677,9.797,-0.0291,0.1018,0.1695
22720,1183,741,33.604,25.718,0.0798,-0.0018,9.8267,-0.5284,-0.3843,0.6889
22725,1178,739,33.608,25.863,0.0511,0.0134,9.828,-0.4234,-0.1528,0.1832
22730,1178,741,33.777,25.695,-0.0176,-0.0228,9.7645,0.1974,-0.687,-0.0743
22735,1185,733,33.772,25.829,-0.0838,-0.0198,9.8522,-0.3682,-0.0083,0.4602
22740,1174,739,33.737,25.697,-0.0039,-0.0245,9.8335,0.1433,0.5751,-0.0068
22745,1180,743,33.702,25.843,-0.0603,-0.0068,9.8152,0.2272,0.1861,0.554
22750,1181,748,33.668,25.76,-0.0372,0.0074,9.8067,0.0584,-0.6757,0.0936
22755,1174,751,33.646,25.714,0.0322,0.0011,9.7833,0.5727,-0.517,0.1916
22760,1171,752,33.65,25.754,-0.0807,-0.0564,9.776,-0.8425,0.4272,0.1102
22765,1173,750,33.697,25.648,-0.0474,0.0395,9.7326,0.0387,-0.378,0.1708
22770,1158,752,33.619,25.737,-0.0143,-0.0683,9.8238,-0.6395,-0.1745,0.5999
22775,1162,759,33.628,25.654,0.0137,-0.0644,9.8131,-0.1212,0.1538,-0.4617
22780,1156,757,33.654,25.704,0.0791,-0.006,9.7958,-0.119,-0.1074,-0.5347
22785,1148,762,33.691,25.726,0.0073,0.0748,9.672,0.3557,-0.2163,-0.3948
22790,1145,763,33.625,25.775,0.0852,0.0642,9.8332,-0.4283,-0.6284,-0.599
22795,1148,772,33.697,25.734,0.0548,-0.0315,9.7798,0.5443,-0.2833,0.7782
22800,1141,768,33.664,25.768,0.0178,-0.0028,9.8423,0.588,-0.0916,0.6665
22805,1135,782,33.703,25.731,0.087,0.0289,9.8469,0.208,0.2275,-0.2014
22810,1127,777,33.642,25.709,-0.0168,-0.0423,9.8012,-0.0747,-0.9194,-0.1681
22815,1140,776,33.617,25.82,0.0219,0.0396,9.7057,-0.4195,0.0287,-0.2257
22820,1122,794,33.672,25.72,-0.0466,0.0126,9.7715,-0.2777,0.0805,1.0372
22825,1114,784,33.7,25.62,-0.0599,-0.0654,9.7875,0.0388,0.0603,-0.1225
22830,1118,790,33.748,25.721,0.11,0.0291,9.8168,0.4376,0.9436,-0.5917
22835,1120,790,33.612,25.682,-0.0707,0.0504,9.7924,-0.1398,0.4861,0.41
22840,1106,803,33.758,25.737,0.0158,0.0068,9.9068,-0.0584,0.0326,-0.3488
22845,1115,798,33.606,25.727,0.1012,-0.0072,9.8001,-0.1069,0.4886,0.222
22850,1106,811,33.673,25.761,-0.0481,-0.0288,9.895,0.176,-0.4398,0.3041
22855,1103,809,33.726,25.801,-0.0255,-0.0446,9.7724,-0.7625,-0.5953,0.063
22860,1098,807,33.716,25.685,-0.0407,-0.0683,9.7991,-0.6131,0.7498,-0.0845
22865,1101,815,33.707,25.728,-0.0755,0.0029,9.8711,0.4691,0.119,-0.3261
22870,1098,813,33.73,25.729,-0.0297,-0.0645,9.7652,0.3504,0.1659,-0.3685
22875,1095,815,33.714,25.693,0.0512,-0.0474,9.8322,-0.7238,0.5757,0.2188
22880,1088,830,33.69,25.79,0.0067,-0.0995,9.7731,0.3129,0.2068,0.7129
22885,1102,824,33.659,25.649,-0.0691,-0.0239,9.8129,-0.263,-0.3956,-0.0756
22890,1084,832,33.77,25.785,0.0287,0.0044,9.7457,0.1597,-1.1223,-0.0065
22895,1089,829,33.717,25.693,-0.0413,0.0546,9.918,-0.353,0.0433,-0.2329
22900,1079,836,33.686,25.712,-0.0331,-0.102,9.8096,0.1194,0.9008,0.6428
22905,1079,832,33.606,25.683,-0.038,-0.0526,9.8026,1.043,0.5357,0.1765
22910,1066,839,33.721,25.748,0.038,-0.0583,9.8665,0.4246,-0.0772,-0.2647
22915,1082,837,33.65,25.761,0.063,0.0316,9.802,-0.3404,0.3756,-0.1526
22920,1063,839,33.639,25.777,0.0104,0.0001,9.832,-0.4492,-0.5897,-0.01
22925,1071,836,33.653,25.658,0.0666,-0.0589,9.7948,-0.126,0.282,-0.2271
22930,1065,844,33.824,25.703,-0.1524,-0.0989,9.8082,-0.5167,-0.1684,-0.4254
22935,1063,841,33.714,25.706,-0.046,0.021,9.8389,-0.1477,0.4969,0.1957
22940,1055,847,33.708,25.755,0.0252,0.022,9.7403,0.1618,0.0883,0.1022
22945,1052,844,33.674,25.874,0.0146,0.0466,9.7635,0.8596,-0.5962,-0.254
22950,1043,844,33.585,25.701,-0.0818,0.1109,9.7063,-0.0242,-0.1602,-0.2327
22955,1034,847,33.652,25.682,-0.0267,0.0008,9.8256,0.207,-0.7161,0.3595
22960,1035,844,33.614,25.648,-0.0501,-0.0057,9.8288,-0.1404,0.2758,0.3803
22965,1026,847,33.714,25.782,0.0059,0.0367,9.8442,-0.8692,-0.3134,0.8028
22970,1023,844,33.568,25.698,-0.0567,-0.0753,9.7472,-0.19,0.0084,-0.3579
22975,1019,844,33.674,25.664,0.0487,0.068,9.8067,-0.2334,-0.6861,0.6197
22980,1009,843,33.59,25.738,0.0746,0.0178,9.7843,-0.8283,0.0192,0.0024
22985,1010,844,33.726,25.763,0.0348,-0.0236,9.786,0.0678,-0.0593,0.7519
22990,989,844,33.733,25.664,0.041,0.1163,9.9059,0.6962,-0.2405,-0.5203
22995,986,844,33.617,25.782,0.0565,-0.0325,9.8708,-0.2954,-0.0528,0.3893
23000,978,841,33.732,25.631,0.0076,-0.0882,9.7613,0.5061,-0.7782,0.7295
23005,971,839,33.701,25.709,0.0424,0.0679,9.753,-0.8775,-0.2672,0.8835
23010,969,839,33.761,25.612,-0.0065,0.0485,9.7444,0.1817,0.9333,0.8948
23015,961,838,33.673,25.728,-0.0376,0.0238,9.7224,-0.3187,-0.0555,0.3998
23020,946,837,33.72,25.686,0.0148,-0.0102,9.7812,-0.2085,-0.4058,-0.3083
23025,929,841,33.645,25.668,0.0092,-0.0252,9.8161,-0.6083,-1.1748,-0.4535
23030,925,844,33.701,25.693,0.0387,-0.0226,9.7807,-0.4543,-0.1891,0.3881
23035,908,842,33.723,25.786,-0.0226,0.0151,9.8246,0.4509,0.5032,0.381
23040,902,838,33.683,25.66,-0.049,0.0661,9.7914,-0.1521,0.1464,-0.4294
23045,895,832,33.69,25.684,-0.1213,0.079,9.8016,-0.1901,-0.2432,-0.1768
23050,881,833,33.776,25.636,-0.122,0.0133,9.7631,-0.7008,0.5257,0.2983
23055,865,834,33.612,25.696,-0.0287,0.0119,9.8959,-0.253,-0.1969,0.2137
23060,867,833,33.736,25.663,0.058,-0.0888,9.8284,0.0061,0.2977,-0.2255
23065,845,833,33.648,25.758,0.0884,0.0132,9.8698,-0.2187,-0.4998,-0.4519
23070,851,840,33.643,25.7,-0.0248,-0.0847,9.7848,-0.1807,0.5084,0.7749
23075,826,832,33.665,25.646,0.0416,-0.0143,9.7856,-0.3263,0.4342,0.8402
23080,818,828,33.619,25.67,0.0654,-0.0045,9.7978,-0.3133,-0.4842,-0.3973
23085,809,828,33.684,25.71,-0.0148,-0.0103,9.7664,-0.0014,0.867,-0.5095
23090,803,834,33.679,25.641,-0.0436,0.1151,9.8504,0.5289,0.0455,-1.0229
23095,805,824,33.688,25.82,0.1399,0.0212,9.8113,-0.0724,-0.1654,-0.5324
23100,794,829,33.695,25.713,0.0571,0.0108,9.8233,0.7266,0.6052,0.4267
23105,778,821,33.627,25.731,-0.0807,-0.0246,9.7521,0.2699,0.355,-0.0356
23110,777,824,33.668,25.719,-0.0263,-0.1081,9.8107,-0.741,0.1728,-0.1142
23115,777,825,33.658,25.751,0.026,0.0041,9.7901,0.1594,0.2266,-0.2651
23120,758,823,33.704,25.685,-0.0603,-0.0599,9.8398,0.0637,-1.098,0.1445
23125,765,823,33.733,25.758,0.0036,0.0523,9.7645,-0.1272,0.0661,0.7429
23130,754,822,33.6,25.705,-0.0581,-0.0583,9.8124,-0.1917,0.595,-0.4938
23135,760,823,33.651,25.698,-0.0156,0.1021,9.7494,-0.029,-0.2041,-1.3604
23140,753,819,33.696,25.64,0.0399,-0.0996,9.7509,0.2171,0.1801,-0.0143
23145,746,823,33.691,25.727,0.0446,-0.0037,9.9233,0.4218,-0.1796,0.6675
23150,753,818,33.745,25.67,0.0555,-0.0082,9.7945,-0.1205,-0.2237,-0.964
23155,752,818,33.697,25.727,0.001,0.0435,9.8389,-0.5589,0.2576,-0.7522
23160,751,819,33.64,25.825,0.0424,0.0172,9.8597,0.2741,0.8146,0.526
23165,756,815,33.629,25.795,0.1099,-0.034,9.7758,0.0301,-0.3827,0.0536
23170,751,819,33.696,25.618,-0.0214,0.0632,9.8487,-0.3304,-1.3334,0.2441
23175,748,821,33.645,25.711,0.0449,-0.0045,9.885,-0.014,0.8289,-0.8497
23180,763,817,33.632,25.639,-0.022,-0.016,9.8543,0.1548,-0.0598,-0.3083
23185,771,815,33.747,25.624,-0.0252,0.056,9.7977,0.5525,0.6881,1.3536
23190,762,813,33.62,25.682,-0.0153,0.0199,9.7648,-0.3154,0.02,-1.3279
23195,773,816,33.775,25.702,0.0986,0.0122,9.8629,-0.4746,-0.0232,0.3342
23200,783,822,33.625,25.73,0.0257,0.099,9.7799,0.0758,-0.6471,1.0737
23205,796,816,33.601,25.796,-0.0213,0.0741,9.7807,0.1152,-0.2765,-0.0443
23210,806,807,33.69,25.756,0.0056,0.0487,9.7781,-0.5628,-0.1518,-0.0284
23215,808,809,33.673,25.602,-0.0512,0.0391,9.7496,0.4488,-0.8814,-0.1213
23220,824,805,33.647,25.783,0.0486,-0.0296,9.7842,0.1382,0.2452,0.4771
23225,833,807,33.598,25.769,0.0581,-0.0014,9.783,-0.274,0.7476,0.8866
23230,841,804,33.642,25.709,0.0412,0.0227,9.7524,-0.345,-0.1543,0.275
23235,848,800,33.722,25.786,-0.0275,0.011,9.8551,0.0462,-0.2421,-0.8041
23240,861,799,33.623,25.688,-0.0714,-0.1157,9.8091,0.7402,-0.2284,0.1118
23245,879,800,33.777,25.681,-0.0028,-0.0368,9.7882,-0.0202,0.2586,-0.2772
23250,889,794,33.636,25.746,-0.0266,0.013,9.8592,-0.4644,-0.3383,-0.1141
23255,908,798,33.614,25.638,0.0079,0.0661,9.9388,0.0291,0.4777,0.2498
23260,910,793,33.6,25.69,-0.0295,0.0501,9.8046,-0.3461,-0.605,-0.3043
23265,939,795,33.618,25.704,-0.0438,-0.009,9.8264,-0.124,0.6509,0.2268
23270,944,787,33.702,25.786,0.1584,0.0113,9.8266,-0.0253,-0.2181,0.294
23275,957,786,33.742,25.77,0.0851,0.0268,9.8337,-0.0353,-0.2111,-0.3601
23280,962,782,33.657,25.731,-0.0189,-0.064,9.8299,-0.3164,-0.1774,0.5298
23285,983,784,33.711,25.788,0.0997,-0.0257,9.7556,0.6053,-0.7702,-0.7514
23290,1002,781,33.725,25.67,-0.0749,-0.0229,9.7401,-0.3398,0.3779,-0.13
23295,1014,776,33.771,25.75,0.0657,0.0195,9.8761,-0.0258,0.0292,-0.4295
23300,1027,770,33.609,25.686,0.0226,-0.058,9.7817,0.53,0.0447,1.1719
23305,1040,772,33.647,25.761,-0.0381,0.034,9.7753,-1.4777,0.5176,0.8125
23310,1044,773,33.622,25.752,0.0218,-0.0229,9.8343,-0.3884,-0.5266,0.2461
23315,1068,768,33.705,25.649,-0.0138,0.0093,9.8233,0.0598,-0.3472,-0.4692
23320,1081,765,33.658,25.768,0.0068,-0.0327,9.7639,0.0818,0.265,-0.3848
23325,1090,768,33.703,25.706,0.0811,0.08,9.791,-0.2018,-0.3492,0.2451
23330,1096,758,33.702,25.695,0.0015,0.0392,9.9026,0.3465,0.2418,-1.1755
23335,1104,763,33.75,25.644,-0.0136,0.0304,9.7877,0.3261,0.7497,0.7745
23340,1117,754,33.633,25.71,0.0432,0.0243,9.8913,-0.6001,-1.1785,-0.3278
23345,1124,758,33.673,25.692,0.0738,0.0667,9.802,-0.3562,-0.3002,0.1103
23350,1126,759,33.703,25.714,-0.0576,-0.0252,9.7686,0.2646,-0.7912,0.0029
23355,1147,751,33.711,25.637,-0.0267,-0.0099,9.8024,0.2507,0.2741,-0.2
23360,1153,754,33.663,25.798,0.0184,0.0163,9.8129,-0.0208,0.4093,-0.1684
23365,1169,749,33.719,25.694,-0.0071,-0.0193,9.7163,-0.798,-0.6767,-0.3611
23370,1158,744,33.62,25.753,-0.0039,0.0382,9.7722,1.0285,-0.0654,-0.6188
23375,1163,743,33.696,25.775,0.0437,0.0962,9.8004,-0.7825,1.2256,-0.0393
23380,1169,739,33.681,25.734,-0.0649,0.0177,9.7545,0.2763,-1.1303,-0.428
23385,1181,738,33.68,25.76,0.0665,0.0168,9.8446,0.3843,0.0327,-0.4475
23390,1175,737,33.672,25.629,0.0004,-0.0274,9.7764,0.7077,0.449,-0.1321
23395,1192,744,33.736,25.739,-0.0403,0.0193,9.81,0.2015,0.2589,0.315
23400,1193,741,33.714,25.641,0.0408,-0.0249,9.7076,0.2294,0.1169,0.6477
23405,1183,737,33.609,25.707,-0.016,-0.066,9.7512,0.0335,-0.5544,0.1413
23410,1184,735,33.717,25.779,0.0379,-0.0143,9.7296,-0.2277,-0.4041,-0.1231
23415,1190,742,33.658,25.699,0.038,0.0585,9.8565,0.1644,1.2818,-0.2849
23420,1185,742,33.691,25.718,0.0305,-0.0074,9.7552,-0.3846,0.0612,-1.3753
23425,1190,735,33.672,25.674,0.021,0.0386,9.8007,-0.2901,0.0033,0.4582
23430,1188,739,33.621,25.695,-0.0177,-0.0624,9.7976,0.0242,-0.5532,0.3757
23435,1183,737,33.753,25.698,-0.0672,0.0931,9.732,-0.8261,-0.2112,0.5265
23440,1171,736,33.693,25.757,-0.0026,-0.0657,9.8417,-0.0591,-0.5822,-0.5625
23445,1184,746,33.705,25.774,-0.0113,-0.0538,9.9083,-0.3107,-0.3688,1.2705
23450,1180,743,33.736,25.642,0.0213,0.0357,9.8411,0.0504,-0.2165,-0.4997
23455,1174,749,33.661,25.73,-0.0398,0.0282,9.7933,1.0336,0.508,0.6406
23460,1182,747,33.676,25.702,0.0196,0.0123,9.8068,0.6162,0.6641,-0.8931
23465,1174,747,33.716,25.684,0.0376,-0.0335,9.7986,0.0615,-0.1898,0.6358
23470,1169,751,33.693,25.686,0.0609,-0.0088,9.8262,-0.832,0.3796,0.0624
23475,1152,756,33.615,25.708,-0.0418,0.0363,9.7118,0.0806,0.5109,-0.4242
23480,1155,753,33.604,25.667,0.07,0.0485,9.8012,-0.0981,-0.2153,1.1306
23485,1154,761,33.65,25.662,0.0148,-0.0045,9.7453,0.1117,0.3936,0.0966
23490,1148,758,33.701,25.65,-0.0095,0.0393,9.9455,-0.2153,-0.3992,-0.0585
23495,1148,765,33.594,25.755,0.0818,-0.0665,9.8556,0.2566,-1.3303,0.0798
23500,1146,770,33.671,25.801,0.0134,-0.0596,9.7882,-0.1674,-0.4843,-0.4242
23505,1142,768,33.612,25.799,-0.023,0.049,9.8172,0.3572,-0.2517,0.4595
23510,1139,779,33.636,25.718,0.0689,0.0258,9.8505,0.2414,-0.8011,0.2819
23515,1127,778,33.657,25.69,0.0403,0.0062,9.8196,-0.5757,-0.2717,-0.0535
23520,1126,782,33.661,25.787,-0.0352,0.0625,9.8712,1.1057,0.1968,-1.2214
23525,1117,782,33.741,25.756,0.0575,0.0405,9.8647,0.1358,-0.5278,0.306
23530,1119,786,33.608,25.822,0.0036,0.0746,9.9178,0.2559,-0.148,-0.0702
23535,1116,791,33.654,25.698,-0.0439,0.0106,9.8152,0.1728,-0.5314,-0.3056
23540,1118,793,33.497,25.708,0.049,-0.0066,9.8395,-0.4263,0.1165,-0.4247
23545,1108,793,33.719,25.788,0.0117,0.0579,9.8167,-0.1325,0.0945,-0.4115
23550,1116,800,33.69,25.672,-0.0389,-0.0314,9.7747,0.0813,-0.5374,-0.0865
23555,1105,801,33.653,25.797,0.0657,0.0323,9.8482,0.2478,0.3657,0.4223
23560,1110,808,33.648,25.693,-0.0006,0.0247,9.7652,-0.2197,-0.2739,-0.009
23565,1101,809,33.675,25.702,-0.0677,0.1073,9.7943,0.1351,-0.3951,0.6451
23570,1115,816,33.643,25.744,-0.0168,0.0361,9.7441,-0.1986,-0.7869,-0.1156
23575,1092,816,33.648,25.658,0.0736,0.0139,9.832,1.8136,-0.3598,-1.1481
23580,1092,821,33.651,25.663,-0.0857,-0.0555,9.7536,0.3789,-0.5478,0.0974
23585,1084,824,33.68,25.739,0.0475,0.0102,9.7708,-0.6484,0.0871,-1.3391
23590,1095,824,33.745,25.669,-0.0011,-0.0075,9.791,0.3774,0.1906,-0.1819
23595,1092,831,33.763,25.716,-0.0942,-0.0044,9.9035,0.5268,0.3351,-0.431
23600,1084,829,33.667,25.715,0.0354,0.0568,9.7253,-0.6252,0.6147,-0.5165
23605,1072,831,33.68,25.748,0.0525,-0.0284,9.7592,-0.3547,-0.0356,0.4201
23610,1096,835,33.648,25.708,0.0701,-0.0145,9.8988,0.1153,0.2716,1.3857
23615,1079,835,33.736,25.745,0.0445,0.1425,9.844,0.8442,0.5663,0.7513
23620,1077,834,33.67,25.803,-0.0164,-0.087,9.8949,-0.9096,-0.5459,0.6241
23625,1066,842,33.604,25.657,0.0773,0.0495,9.8159,-0.3441,-0.2177,0.5742
23630,1070,840,33.635,25.797,-0.0811,0.0173,9.8586,-0.2624,0.7781,-0.8442
23635,1066,842,33.699,25.651,0.0578,-0.1132,9.8566,0.0187,0.6259,0.1243
23640,1063,844,33.692,25.804,-0.0383,0.123,9.7511,-0.0097,0.0462,-0.3871
23645,1057,846,33.716,25.857,-0.1155,0.0075,9.7878,0.772,-0.0636,0.2318
23650,1048,848,33.737,25.722,-0.0082,0.0085,9.7897,0.822,0.4303,-0.484
23655,1045,847,33.647,25.687,0.0033,-0.0365,9.7487,-0.4134,0.6058,0.3858
23660,1045,848,33.723,25.784,0.0064,-0.0971,9.7741,0.2534,0.616,0.4871
23665,1040,839,33.59,25.67,-0.0296,-0.0124,9.7875,0.3334,-0.0548,0.49
23670,1025,846,33.55,25.612,-0.024,-0.0198,9.7372,-0.0601,0.7483,0.089
23675,1021,849,33.601,25.655,0.0361,0.037,9.8099,0.2097,-0.3781,-0.4321
23680,1027,843,33.69,25.699,-0.0626,-0.0427,9.7305,-0.1759,-0.7908,0.2012
23685,1018,842,33.632,25.704,-0.0479,0.0483,9.8794,0.8656,-0.2851,-0.3711
23690,998,842,33.727,25.595,0.0525,-0.0162,9.8718,0.4635,0.2227,0.0174
23695,995,849,33.626,25.672,-0.0206,0.0988,9.7307,0.4704,-0.064,0.0816
23700,994,850,33.782,25.665,-0.0793,-0.0159,9.7953,-0.0306,-0.4203,-0.496
23705,978,841,33.61,25.694,0.075,0.0167,9.8611,-0.4021,0.3873,-0.2849
23710,978,838,33.634,25.738,0.0276,0.0477,9.8396,-0.3338,0.1717,-0.4698
23715,960,838,33.693,25.693,0.0142,-0.0163,9.8842,0.2693,-0.073,-0.2155
23720,960,832,33.676,25.653,-0.0624,-0.0138,9.8388,0.4453,-0.9069,0.4644
23725,947,839,33.725,25.782,-0.0073,-0.0577,9.8216,-0.5202,-0.8353,0.1105
23730,934,841,33.683,25.695,0.0245,-0.0081,9.7816,-0.0601,-0.1025,-0.0287
23735,927,834,33.59,25.724,0.0072,0.0067,9.7266,-0.2796,0.2731,0.2884
23740,912,836,33.702,25.747,0.0269,0.0288,9.841,-0.762,-0.5818,0.2404
23745,912,839,33.716,25.667,-0.0238,0.0493,9.8481,-0.3273,0.2628,0.022
23750,897,840,33.677,25.627,-0.0101,-0.0368,9.802,-0.3426,-0.0637,0.1165
23755,878,839,33.664,25.624,-0.0621,-0.0556,9.8106,0.7011,-0.3764,0.3045
23760,878,835,33.708,25.743,-0.0515,-0.0497,9.7993,-0.7399,-0.5295,0.6029
23765,872,832,33.652,25.686,-0.0363,-0.0192,9.8487,0.2286,0.2656,0.4397
23770,849,831,33.724,25.733,-0.0062,0.0698,9.8151,-0.3507,-0.6729,-0.3968
23775,841,834,33.669,25.702,-0.048,-0.0125,9.7673,0.6963,-0.2977,0.4504
23780,831,829,33.655,25.753,-0.0285,0.0401,9.7906,0.0828,-0.8024,0.0984
23785,826,834,33.664,25.658,-0.0278,-0.0343,9.7539,0.0217,-0.5114,0.1997
23790,818,828,33.765,25.679,-0.0698,-0.0546,9.813,-0.6023,-0.1815,0.4845
23795,808,828,33.601,25.728,0.0201,-0.018,9.8058,0.4066,0.2895,0.4267
23800,801,822,33.634,25.712,-0.0466,0.0123,9.8125,-0.2431,0.1719,0.1089
23805,786,825,33.672,25.706,0.0221,0.0621,9.8185,0.9368,-1.0547,-0.0446
23810,779,826,33.608,25.82,0.0449,-0.0266,9.7686,0.0782,-0.6901,0.5796
23815,782,823,33.652,25.706,-0.0454,0.0191,9.8091,0.667,-0.2941,0.1396
23820,773,830,33.628,25.709,0.0195,0.0213,9.8058,0.1009,-0.0234,0.0965
23825,768,817,33.705,25.66,0.0177,0.0414,9.8401,-1.2017,0.5127,0.2762
23830,758,824,33.64,25.737,-0.0021,-0.0106,9.8826,-0.3469,0.3916,-0.643
23835,751,829,33.587,25.595,0.0015,-0.0629,9.7815,-0.724,0.0468,0.5237
23840,751,823,33.659,25.658,-0.0482,0.0653,9.8773,0.7808,-0.0724,0.1599
23845,747,823,33.65,25.729,0.0238,0.0158,9.7101,0.0027,1.442,0.2326
23850,751,820,33.732,25.737,0.018,-0.0793,9.8293,-0.7607,0.6056,-0.0635
23855,752,819,33.621,25.739,-0.0481,-0.0067,9.777,-0.6252,0.2599,0.206
23860,751,819,33.584,25.738,0.0292,0.0184,9.8524,-0.3613,0.1524,-0.7467
23865,756,817,33.719,25.734,-0.0098,0.0771,9.88,-0.4514,0.4394,-0.4405
23870,746,819,33.668,25.702,0.0279,-0.0619,9.8087,0.8311,-0.3492,0.1365
23875,752,816,33.62,25.753,0.0586,-0.0226,9.7804,-0.2375,-0.033,0.4813
23880,759,820,33.783,25.666,-0.0136,0.0696,9.8337,0.2105,0.5293,-0.4301
23885,763,812,33.667,25.732,0.0482,-0.0298,9.7993,-0.2529,0.1043,-1.3382
23890,750,816,33.647,25.656,-0.0367,0.0116,9.746,-0.4708,-0.3177,0.343
23895,771,818,33.668,25.575,0.0075,0.0397,9.75,-0.5591,-1.0373,0.4437
23900,769,809,33.672,25.738,0.0448,-0.012,9.8578,-0.6561,-0.6997,-0.1865
23905,787,818,33.657,25.79,0.0335,-0.0301,9.8577,0.431,-0.513,0.4865
23910,777,811,33.673,25.637,0.0445,0.0494,9.8365,-0.7376,-0.5943,-0.4951
23915,796,817,33.698,25.702,-0.0213,-0.0605,9.8103,1.1127,0.629,-0.0807
23920,811,811,33.651,25.797,0.0001,-0.0395,9.8117,0.2725,-0.6236,0.3101
23925,813,807,33.642,25.721,0.1327,-0.0406,9.7143,0.3798,0.121,0.0485
23930,821,812,33.746,25.757,-0.0085,-0.0277,9.8298,0.5525,0.3027,-0.1574
23935,829,808,33.712,25.712,0.0104,0.0051,9.7204,-0.0563,-0.1576,0.6127
23940,847,803,33.682,25.722,-0.0007,0.0283,9.8775,0.9181,-0.2773,0.3792
23945,862,800,33.671,25.671,-0.0161,-0.0015,9.8231,-0.5843,-0.2795,0.1256
23950,874,798,33.548,25.72,0.0409,-0.0045,9.84,-0.7064,-0.1639,0.0962
23955,885,799,33.648,25.669,0.0178,-0.0197,9.9037,-0.9471,-0.0614,0.341
23960,899,801,33.656,25.822,-0.0577,-0.038,9.7464,-0.4901,-0.2155,0.5768
23965,911,795,33.604,25.77,-0.0899,0.0007,9.8913,0.391,0.3213,0.4257
23970,933,792,33.742,25.815,0.0965,0.039,9.8359,-0.7592,-0.4922,0.0509
23975,948,790,33.715,25.748,0.0369,0.0088,9.7567,1.2286,-0.2833,-0.4539
23980,959,788,33.673,25.645,-0.0638,0.1338,9.9048,0.1475,-0.5152,-1.2101
23985,968,789,33.565,25.737,0.0186,0.0022,9.8577,0.5302,0.1465,0.4126
23990,991,777,33.612,25.752,0.0131,0.0153,9.9018,-0.4053,0.1164,0.5537
23995,992,782,33.757,25.75,0.0431,-0.0164,9.832,0.8005,-0.4137,-0.3178
24000,1022,777,33.635,25.758,-0.0833,0.0145,9.8289,0.5554,-0.4328,-0.2765
24005,1027,774,33.58,25.67,-0.0479,0.0317,9.7737,0.26,-0.0228,0.7074
24010,1029,772,33.716,25.58,0.0079,0.0409,9.8227,-0.8828,0.0094,0.7741
24015,1044,770,33.658,25.703,-0.0601,-0.0068,9.8081,0.2109,0.5648,-0.0183
24020,1058,768,33.662,25.712,0.0146,-0.1012,9.8558,0.7126,0.1445,0.5068
24025,1065,763,33.688,25.842,0.0932,-0.0392,9.7663,0.3879,-0.0322,0.9479
24030,1081,758,33.705,25.684,0.0275,-0.0743,9.8362,-0.5693,0.0885,-0.092
24035,1098,765,33.726,25.745,-0.021,0.0264,9.721,-0.4575,-0.202,-0.5353
24040,1102,759,33.646,25.743,0.0333,0.011,9.8235,0.4551,-0.3123,-0.1488
24045,1109,758,33.635,25.661,-0.0834,0.0382,9.867,0.1421,-0.6154,-0.3118
24050,1124,748,33.59,25.691,0.063,-0.0471,9.7556,-0.9368,-0.3315,-0.4792
24055,1132,756,33.569,25.719,0.0763,0.079,9.7735,-0.0176,-1.1911,-0.7181
24060,1141,753,33.746,25.749,-0.0021,-0.0013,9.884,0.7907,-0.303,0.7716
24065,1146,749,33.645,25.719,0.008,0.0612,9.8167,0.0235,0.049,0.8323
24070,1155,746,33.689,25.703,0.0747,0.0611,9.7067,0.17,0.6399,0.7376
24075,1164,741,33.6,25.67,-0.0552,0.0282,9.8114,-0.8686,-0.3418,-0.0482
24080,1169,743,33.654,25.701,0.0711,-0.01,9.7744,0.8494,0.5213,0.84
24085,1170,743,33.686,25.736,0.0837,-0.011,9.8649,-0.934,-0.1252,0.1081
24090,1177,741,33.681,25.72,-0.0229,0.0125,9.8191,0.0499,-0.0594,-0.2678
24095,1173,744,33.71,25.706,-0.0541,-0.0482,9.8525,-0.476,0.1182,-0.2234
24100,1173,738,33.711,25.687,0.0393,-0.0089,9.8339,0.6097,-0.2505,-0.2291
24105,1181,739,33.607,25.7,-0.0028,0.0464,9.8422,-0.0471,0.0315,0.7081
24110,1176,738,33.683,25.775,-0.0741,0.0475,9.7802,-0.3603,-0.0947,-0.1729
24115,1180,738,33.605,25.787,0.1146,0.0793,9.8336,-0.1404,-0.2164,-0.2721
24120,1192,731,33.669,25.673,0.0105,-0.0109,9.8629,0.1204,0.5048,-0.5084
24125,1186,736,33.686,25.694,0.0072,-0.0042,9.8869,0.2641,0.738,0.221
24130,1188,742,33.672,25.694,-0.0419,-0.0053,9.8837,0.1424,0.844,-0.1108
24135,1190,735,33.783,25.646,0.013,-0.0455,9.9007,0.3816,-0.2097,0.3541
24140,1175,738,33.682,25.701,0.0447,0.0754,9.8282,0.2776,0.7349,0.938
24145,1180,748,33.769,25.695,0.0829,-0.0092,9.7944,-0.4271,0.0025,-0.1917
24150,1178,744,33.723,25.673,0.0091,-0.0521,9.8009,1.3521,0.0096,0.2384
24155,1183,748,33.645,25.764,0.0147,-0.087,9.8736,0.4079,0.2536,-0.3745
24160,1178,748,33.6,25.694,0.1044,-0.0499,9.8192,-0.8327,0.0353,-0.6963
24165,1168,747,33.705,25.713,0.0248,-0.0254,9.7977,-0.1781,-0.4052,-0.4501
24170,1175,744,33.705,25.742,-0.0421,-0.0145,9.7746,-0.3013,-0.5543,-0.1596
24175,1164,758,33.691,25.676,0.0793,-0.0116,9.8293,-0.2139,0.1876,0.4121
24180,1160,754,33.638,25.723,0.0495,0.0146,9.8079,0.2054,-0.2674,0.1291
24185,1166,760,33.646,25.656,-0.0618,-0.0176,9.8038,0.9265,-0.4838,-0.4483
24190,1161,757,33.717,25.729,0.027,-0.0686,9.8577,0.4132,0.2644,0.3936
24195,1156,763,33.669,25.679,0.1257,-0.044,9.7983,-0.6802,-0.8512,0.2308
24200,1139,762,33.708,25.761,-0.0417,0.0091,9.9402,-0.5803,0.0155,-0.5065
24205,1148,771,33.68,25.679,-0.0393,0.0562,9.8481,-0.4203,0.6895,-0.1526
24210,1137,770,33.651,25.76,-0.0815,0.0055,9.8256,0.3006,0.0279,-0.4183
24215,1137,774,33.681,25.664,0.0418,0.0151,9.8827,-0.4985,0.1839,-0.2436
24220,1134,777,33.71,25.741,0.0103,0.135,9.7877,0.6103,-1.0471,0.1979
24225,1137,782,33.676,25.757,-0.0258,-0.0495,9.7587,-0.3853,-0.9354,0.174
24230,1124,783,33.657,25.66,-0.0275,0.0679,9.775,1.168,-1.021,0.3171
24235,1115,793,33.7,25.665,-0.0041,-0.0252,9.7132,-0.0896,0.3901,0.7266
24240,1122,790,33.585,25.689,0.0521,-0.0104,9.7406,-0.5577,-0.0147,-0.5271
24245,1111,795,33.656,25.72,0.0553,-0.0331,9.6886,0.0945,-0.1987,0.0269
24250,1112,795,33.619,25.709,0.0336,0.0394,9.8385,0.1892,0.5504,0.0427
24255,1110,801,33.711,25.683,0.0053,0.0435,9.7772,-0.4752,-0.2981,0.338
24260,1112,804,33.676,25.721,0.0392,0.1043,9.7941,0.8749,0.286,0.5728
24265,1101,806,33.636,25.688,0.0487,-0.0884,9.7881,0.0813,0.856,0.5893
24270,1106,812,33.701,25.769,0.0464,-0.0675,9.8083,-0.5787,0.1943,0.1783
24275,1103,818,33.65,25.662,-0.0659,0.011,9.8115,0.5812,-0.1296,-0.0982
24280,1090,812,33.635,25.668,0.054,0.0081,9.749,0.7493,-0.1412,0.5707
24285,1106,816,33.636,25.799,-0.0695,0.0459,9.8824,0.7242,1.1437,0.0449
24290,1103,826,33.713,25.666,-0.0528,-0.0095,9.8301,0.4634,0.8705,1.1353
24295,1089,824,33.643,25.682,0.0199,-0.0742,9.7594,-0.1628,-0.3826,0.5468
24300,1084,829,33.78,25.696,0.0341,-0.0757,9.8247,-0.6253,1.0059,-0.2919
24305,1087,827,33.656,25.652,0.0754,0.0855,9.825,0.2876,0.7091,-0.1529
24310,1081,831,33.718,25.66,-0.0149,-0.0015,9.7904,-0.4165,-0.3673,-0.2875
24315,1074,832,33.679,25.733,-0.0842,-0.1018,9.8505,0.2417,0.1019,-0.6589
24320,1078,843,33.719,25.666,0.0005,-0.0117,9.71,0.3546,-0.2162,0.0594
24325,1071,835,33.71,25.686,-0.0234,-0.079,9.8011,0.2667,-0.2125,0.3446
24330,1077,839,33.733,25.669,-0.1044,-0.0282,9.758,0.5973,-0.6346,-0.4493
24335,1078,839,33.636,25.635,-0.061,-0.0048,9.7913,-0.8704,-0.5499,0.9769
24340,1067,842,33.737,25.656,-0.0112,0.0353,9.7874,-0.0448,0.0106,0.4815
24345,1057,839,33.692,25.648,0.0275,0.0006,9.9161,0.1206,0.3891,0.4103
24350,1062,843,33.635,25.736,0.0379,0.0017,9.8515,-0.1454,0.1983,-0.4582
24355,1048,843,33.563,25.743,0.082,-0.0361,9.7653,-0.5952,-0.2441,0.166
24360,1042,844,33.636,25.702,-0.0092,0.0434,9.8081,-0.9118,-0.1229,-0.0443
24365,1045,850,33.706,25.619,-0.0253,0.0302,9.8182,-0.3173,-0.5809,-0.1004
24370,1039,847,33.641,25.669,0.0711,-0.0752,9.8482,-0.4519,0.4383,0.6393
24375,1040,843,33.705,25.687,0.053,0.0749,9.8174,0.8425,0.3976,1.2313
24380,1012,846,33.66,25.614,-0.0866,0.1106,9.7821,0.4446,0.2105,0.0732
24385,1025,843,33.607,25.636,-0.0076,-0.0095,9.8254,0.2334,-0.0264,-0.6557
24390,1023,842,33.69,25.78,0.0285,-0.0142,9.8048,0.1732,-0.4157,0.1734
24395,1008,845,33.621,25.758,0.047,0.0541,9.7764,-0.1894,-0.0033,-0.5241
24400,997,843,33.7,25.737,0.0049,0.0431,9.6746,-0.1592,0.9803,0.6845
24405,994,843,33.699,25.717,0.0273,0.0483,9.7673,0.0578,0.1304,0.849
24410,971,845,33.631,25.712,-0.0108,0.0103,9.7569,0.002,0.3059,-0.5765
24415,979,846,33.652,25.549,0.0551,-0.0246,9.8076,-0.4398,-0.1188,-0.042
24420,964,843,33.686,25.67,-0.0193,-0.0195,9.806,-0.1194,0.1526,0.4911
24425,964,839,33.604,25.746,0.072,0.0021,9.7974,0.5825,-0.5543,0.0035
24430,947,838,33.546,25.785,0.0462,0.0455,9.7844,0.0276,0.4799,-0.6867
24435,937,842,33.66,25.685,0.039,0.01,9.7664,0.3525,-0.0884,0.5328
24440,929,845,33.671,25.593,0.0222,-0.0262,9.8092,-0.7565,-0.2367,-0.6324
24445,914,836,33.699,25.71,0.0113,0.0489,9.7939,0.4626,-0.3108,0.6155
24450,912,835,33.698,25.691,-0.04,-0.0036,9.7838,-0.5772,-0.4651,-0.1577
24455,898,839,33.624,25.726,0.0817,0.094,9.7812,-0.0768,0.8379,-0.1509
24460,886,834,33.612,25.778,0.0038,0.0381,9.8713,0.0391,-0.6927,-0.1582
24465,881,836,33.628,25.719,-0.0169,-0.0135,9.8207,0.4402,0.0879,-0.2774
24470,865,831,33.637,25.677,-0.0011,0.0256,9.7123,0.4234,-0.5942,0.2558
24475,862,829,33.656,25.641,0.0478,-0.022,9.8134,0.0791,-0.2208,-0.448
24480,847,833,33.711,25.732,0.0065,-0.0743,9.798,-0.2185,-0.8065,0.0903
24485,854,835,33.666,25.707,0.0023,0.0037,9.8601,-0.9971,0.3915,-0.2873
24490,830,836,33.627,25.659,0.0634,-0.0336,9.7721,0.521,0.8101,0.4515
24495,820,827,33.645,25.764,-0.0081,0.0834,9.7649,-0.1417,-0.2044,-0.2349
24500,815,830,33.709,25.646,0.0206,-0.0581,9.8675,-0.6591,0.6572,-0.4011
24505,803,825,33.644,25.649,-0.0997,0.0045,9.8613,-0.7421,0.0686,0.0924
24510,786,831,33.646,25.635,0.0636,-0.0735,9.7913,0.1972,0.9769,-0.3866
24515,786,828,33.609,25.716,0.0773,0.0579,9.8038,0.043,-0.3759,-0.2898
24520,775,826,33.615,25.635,-0.0044,-0.0169,9.822,-0.1185,-0.2372,-0.4074
24525,776,828,33.692,25.707,0.0089,-0.0551,9.791,-0.0868,0.5645,-0.6224
24530,763,823,33.596,25.806,-0.0048,-0.0105,9.7576,-0.5569,-0.546,0.3124
24535,762,824,33.615,25.698,-0.0519,-0.0158,9.8037,0.405,-0.4407,-0.2581
24540,762,819,33.62,25.766,0.0129,-0.0179,9.7447,0.5157,0.4718,0.1395
24545,758,826,33.616,25.685,0.0144,-0.0589,9.8011,0.2793,-0.1541,0.0827
24550,757,825,33.589,25.723,-0.1256,-0.0035,9.8274,0.2144,0.3675,0.1213
24555,750,820,33.751,25.803,-0.0591,-0.0825,9.7609,0.5827,-0.6535,-0.416
24560,743,818,33.639,25.721,-0.03,0.0518,9.8228,0.0521,0.3859,-0.4274
24565,748,822,33.537,25.679,0.0393,0.0079,9.7592,-0.4077,-0.385,0.1048
24570,753,819,33.636,25.722,0.0245,-0.0786,9.8412,-0.2016,-0.0534,0.3556
24575,747,819,33.527,25.716,0.0215,0.06,9.7309,-0.1762,0.0315,-0.642
24580,758,817,33.655,25.7,-0.0132,0.0757,9.7449,-0.635,-0.4325,-0.6045
24585,748,814,33.692,25.713,0.077,0.1547,9.88,-1.0824,-0.5852,0.5339
24590,756,813,33.711,25.745,-0.0595,0.0372,9.8159,0.7374,-1.0355,-0.3368
24595,766,816,33.772,25.777,0.0405,-0.018,9.882,0.2283,0.5595,0.084
24600,768,819,33.579,25.77,-0.0136,0.017,9.8176,-0.2986,0.4901,-0.2778
24605,770,812,33.666,25.734,0.0226,0.0035,9.7535,-0.2601,0.1212,-1.0754
24610,781,811,33.668,25.639,-0.0482,-0.0483,9.7691,-1.4141,-0.171,0.5841
24615,785,814,33.683,25.71,0.0112,0.0484,9.7832,0.2222,0.4009,0.205
24620,799,812,33.671,25.708,0.0251,-0.0035,9.8071,0.1202,0.3889,0.6675
24625,808,813,33.698,25.718,-0.0698,-0.0304,9.7968,0.2934,-0.0897,0.1787
24630,813,806,33.645,25.713,-0.0559,0.0225,9.8432,0.2077,0.0019,-0.0411
24635,816,807,33.64,25.641,0.0249,-0.0513,9.7746,-0.0819,-0.6631,0.4661
24640,830,805,33.562,25.747,-0.0797,0.0241,9.7709,-0.5935,-0.2584,0.5647
24645,859,803,33.649,25.707,-0.0907,0.0153,9.9085,0.1577,-0.021,-0.1753
24650,852,799,33.685,25.781,-0.0209,0.0578,9.7507,0.3272,1.148,0.1573
24655,875,803,33.707,25.699,0.0048,0.0407,9.7724,-0.1392,0.2033,-0.2456
24660,891,799,33.639,25.655,-0.0225,0.0184,9.83,-0.3353,0.4242,-0.7148
24665,894,799,33.626,25.708,0.0158,0.0107,9.7552,0.1958,0.2046,0.3353
24670,912,791,33.68,25.659,0.0437,0.0077,9.8233,0.3342,-0.5496,0.7836
24675,922,792,33.642,25.753,0.0752,0.0007,9.7858,-0.9819,-0.4374,0.8576
24680,941,789,33.62,25.576,-0.0292,-0.0253,9.8035,0.879,-0.2081,-0.1091
24685,957,787,33.666,25.611,-0.0543,-0.0091,9.7605,-0.0853,-0.5861,0.251
24690,969,790,33.62,25.676,-0.0321,0.0535,9.8087,0.5714,-0.2418,-0.4994
24695,978,787,33.692,25.694,0.0421,-0.0517,9.8291,-0.3322,0.9353,0.5854
24700,989,779,33.632,25.876,0.0545,-0.0468,9.8465,0.2495,-0.6065,-0.4122
24705,1006,777,33.696,25.758,0.0515,0.0109,9.8286,0.4933,0.2993,0.911
24710,1011,777,33.617,25.734,0.0658,0.0473,9.7664,0.4781,0.8299,0.1563
24715,1027,774,33.616,25.756,0.0248,0.0212,9.851,-0.1459,-0.353,0.2436
24720,1047,771,33.691,25.722,-0.0218,-0.0459,9.7414,0.6571,-1.1427,-0.1863
24725,1056,771,33.69,25.723,-0.0269,0.0361,9.8438,0.2142,-0.3468,-0.5845
24730,1073,767,33.787,25.796,-0.0313,-0.0263,9.854,0.6327,-0.094,-0.0065
24735,1069,764,33.712,25.733,-0.0603,-0.0552,9.7724,-0.7522,-0.1648,-0.3151
24740,1085,761,33.624,25.713,0.0397,0.0829,9.7468,0.1426,0.7917,0.4006
24745,1097,760,33.685,25.767,0.0046,-0.0188,9.7524,-0.3427,-0.3114,0.2631
24750,1108,754,33.706,25.716,-0.0338,-0.0466,9.8586,-0.4681,0.4288,0.3573
24755,1123,760,33.778,25.684,0.0255,-0.0246,9.7575,0.084,0.0229,0.3064
24760,1126,759,33.72,25.803,0.0243,-0.0995,9.7945,-0.5243,-0.4635,0.2335
24765,1141,750,33.666,25.844,-0.0063,-0.0503,9.8175,-0.1241,0.2401,0.3006
24770,1148,742,33.622,25.745,-0.0025,0.0277,9.701,0.5026,-0.5298,1.0784
24775,1159,752,33.749,25.706,-0.0225,-0.0892,9.6948,-0.1303,0.0277,-0.4707
24780,1162,748,33.697,25.718,-0.0522,0.0971,9.8108,-0.0996,0.1448,-0.1872
24785,1170,741,33.708,25.772,-0.005,-0.0327,9.8028,-0.1759,0.3087,0.3012
24790,1166,741,33.758,25.689,0.0815,0.0036,9.7719,0.0298,0.2849,0.0954
24795,1176,741,33.727,25.709,-0.0981,-0.0087,9.8121,0.2974,-0.2754,0.139
24800,1179,743,33.557,25.774,0.0339,-0.0794,9.8388,-0.4811,0.3309,-0.4236
24805,1172,738,33.713,25.65,0.087,0.0171,9.7543,-0.2146,0.1136,-0.3707
24810,1191,739,33.618,25.692,0.013,0.0382,9.789,0.2048,0.0518,-0.3358
24815,1187,735,33.679,25.746,0.0939,0.0274,9.7396,-0.1603,0.4059,-0.0783
24820,1193,741,33.627,25.687,0.0329,-0.0323,9.8551,-0.8877,0.3297,0.582
24825,1183,743,33.622,25.681,-0.0608,-0.0409,9.844,0.3398,0.7959,0.2704
24830,1191,743,33.693,25.704,0.0077,0.0969,9.8311,-0.1579,-0.0314,-0.3927
24835,1182,739,33.653,25.74,-0.0146,0.0068,9.8001,-0.3545,0.3779,0.1507
24840,1191,741,33.679,25.746,0.0422,-0.0823,9.8792,-0.072,-0.0857,-0.5653
24845,1183,744,33.725,25.71,0.0678,0.0524,9.7708,0.3267,-0.345,-0.1959
24850,1175,742,33.702,25.768,-0.0377,-0.0178,9.9278,0.3155,0.6075,-0.3984
24855,1181,742,33.705,25.705,-0.0566,0.0992,9.8587,0.5255,-0.0618,0.4954
24860,1182,736,33.68,25.66,-0.04,-0.0694,9.8572,-0.1471,0.4024,-0.3223
24865,1177,742,33.705,25.609,0.029,-0.0062,9.8218,0.1102,-0.1685,-0.1308
24870,1175,746,33.629,25.68,-0.0351,0.0619,9.7167,0.4881,-0.0834,-0.1182
24875,1173,745,33.689,25.681,0.0316,0.0464,9.7753,0.2012,-0.4356,0.8511
24880,1167,749,33.712,25.656,0.0075,0.0007,9.8554,0.0901,0.7427,-0.3017
24885,1160,753,33.703,25.724,-0.1528,-0.0748,9.8471,0.0801,0.4832,0.1053
24890,1169,752,33.62,25.714,0.0207,-0.0221,9.7711,-0.7125,-0.6429,-0.2873
24895,1160,759,33.662,25.671,-0.0125,-0.1333,9.8376,0.308,0.0448,-0.0328
24900,1154,762,33.692,25.605,0.0453,-0.0218,9.7362,-0.2825,0.0299,-0.3392
24905,1155,761,33.702,25.628,0.0951,0.0462,9.8024,-0.7647,-0.5918,-1.161
24910,1147,762,33.708,25.735,-0.0173,-0.0733,9.8825,0.1737,0.1239,0.2823
24915,1143,771,33.587,25.656,-0.0133,-0.009,9.7777,-0.5685,0.248,-0.5694
24920,1140,766,33.606,25.806,-0.0445,0.0292,9.7871,0.2399,-0.1336,-0.48
24925,1141,774,33.691,25.672,0.0889,0.0072,9.7317,0.7926,0.9144,-0.7196
24930,1134,777,33.561,25.685,0.0167,-0.0271,9.7243,0.4527,0.0599,-0.6178
24935,1131,780,33.699,25.704,0.0017,0.0126,9.6828,-0.109,0.2395,0.1051
24940,1122,787,33.647,25.707,-0.031,0.0017,9.8528,0.3257,0.4378,0.744
24945,1120,794,33.664,25.695,-0.0163,0.0353,9.8425,-0.3788,0.8576,-0.5436
24950,1123,794,33.683,25.642,-0.0271,-0.0378,9.8146,0.2876,0.3714,0.111
24955,1111,794,33.695,25.716,-0.1172,0.0313,9.7757,-0.7011,0.5107,0.8811
24960,1105,798,33.674,25.668,0.018,0.0174,9.8128,0.0815,0.2055,-0.1574
24965,1108,804,33.706,25.761,0.0851,-0.0361,9.7708,0.3252,0.8885,-0.1954
24970,1100,812,33.734,25.759,-0.0302,-0.0512,9.8878,-0.4194,-0.3697,-0.7411
24975,1102,813,33.609,25.763,0.0116,-0.015,9.759,-0.6573,0.1141,-0.1595
24980,1102,806,33.647,25.637,-0.0284,-0.0014,9.778,0.4695,-0.2934,0.2593
24985,1098,810,33.596,25.641,0.0076,0.0317,9.823,-0.8203,0.4405,-0.8305
24990,1104,819,33.662,25.72,0.0776,0.0464,9.7679,0.1195,0.4119,0.2973
24995,1099,819,33.709,25.803,-0.0272,0.0417,9.7824,1.002,-0.0026,-0.0505
25000,1094,827,33.586,25.756,-0.0389,-0.0204,9.8745,0.6631,-0.2196,-0.1352
25005,1087,824,33.601,25.589,0.0013,-0.0292,9.8211,0.002,-0.1465,0.4504
25010,1088,824,33.712,25.728,-0.0591,0.0263,9.7445,0.3325,-0.0474,-0.6239
25015,1091,831,33.66,25.718,0.0082,0.0194,9.9158,-0.4819,-0.7732,-0.1414
25020,1079,828,33.688,25.725,0.0077,0.0088,9.9143,0.2894,0.069,0.6306
25025,1083,835,33.671,25.632,-0.0061,-0.0069,9.7638,-0.3645,0.4156,0.2873
25030,1068,835,33.694,25.718,-0.0886,-0.0594,9.7915,-1.0591,-0.5932,0.4899
25035,1073,839,33.678,25.753,-0.0007,-0.0847,9.8387,0.1206,0.1379,-0.7451
25040,1068,842,33.644,25.759,-0.0552,-0.1342,9.7896,0.2734,0.8669,0.6066
25045,1075,841,33.671,25.667,-0.043,-0.0756,9.8236,0.1712,-0.7149,-0.37
25050,1066,836,33.615,25.723,-0.045,-0.0154,9.8409,0.2682,0.0177,-0.1337
25055,1061,839,33.59,25.687,0.0563,-0.0284,9.8868,0.4063,0.1712,-0.1626
25060,1048,849,33.623,25.714,0.0647,0.0511,9.8716,-0.1897,-0.5044,0.2948
25065,1052,845,33.713,25.64,0.0095,-0.0107,9.7838,0.0971,-1.3464,0.7526
25070,1032,845,33.592,25.724,0.0103,0.0644,9.8606,0.4344,-0.6874,-0.2906
25075,1045,842,33.555,25.676,0.0746,0.0372,9.8395,0.137,0.5542,0.6764
25080,1037,843,33.74,25.635,-0.0136,-0.0449,9.7778,-0.7466,-0.911,-0.6413
25085,1032,842,33.656,25.704,0.0471,0.0431,9.8285,0.7389,0.4793,-0.4914
25090,1011,845,33.661,25.697,0.0186,-0.0045,9.876,-0.6089,-0.3786,0.7361
25095,1026,847,33.728,25.663,-0.0086,-0.0144,9.8074,-0.296,0.3153,0.6491
25100,1015,846,33.633,25.682,0.0525,0.0896,9.8681,-0.8465,0.2458,-0.81
25105,993,841,33.631,25.687,-0.014,-0.0521,9.8409,0.6568,0.0877,-0.4069
25110,995,842,33.652,25.686,0.0088,-0.0061,9.8489,-0.8163,-0.7878,0.0036
25115,986,843,33.706,25.758,-0.0038,0.0435,9.858,0.5109,0.6935,0.6439
25120,977,845,33.632,25.736,-0.0014,0.0223,9.8561,0.6147,0.403,0.1143
25125,965,844,33.645,25.769,-0.0328,0.0177,9.8322,-0.0947,0.6709,-0.3974
25130,959,842,33.613,25.688,0.0033,-0.0252,9.8144,0.322,-0.0284,0.7944
25135,943,844,33.625,25.642,-0.0096,0.0031,9.8152,0.522,-0.7847,0.4181
25140,939,842,33.618,25.762,-0.0656,-0.0674,9.8786,0.5647,0.0135,0.7752
25145,930,839,33.72,25.671,-0.005,-0.081,9.8591,0.6924,0.0405,-0.8769
25150,924,843,33.658,25.643,-0.0222,-0.0412,9.8414,-1.2929,0.3326,0.5094
25155,917,840,33.606,25.712,-0.0149,0.0185,9.8416,-0.7662,0.6425,-0.3864
25160,911,836,33.719,25.627,0.0403,0.0487,9.8769,0.6228,-0.0438,-0.6728
25165,899,833,33.681,25.749,-0.0576,0.0217,9.8144,-0.2815,0.0498,-0.7609
25170,885,835,33.638,25.667,-0.0926,-0.0369,9.8128,-0.5145,0.4758,0.295
25175,866,827,33.703,25.665,-0.0379,0.0055,9.7625,-0.8813,-0.533,-0.0288
25180,860,832,33.764,25.676,0.0227,0.0608,9.8463,0.8507,-0.1968,0.9972
25185,852,832,33.659,25.774,0.0273,0.0019,9.8266,0.645,0.1899,1.245
25190,839,831,33.593,25.727,0.1073,-0.0559,9.8372,-0.5288,0.9764,-0.1499
25195,834,825,33.599,25.688,0.0403,-0.0025,9.8641,0.4841,0.7928,-0.1774
25200,831,826,33.651,25.719,-0.0246,-0.0141,9.8552,0.6546,0.5025,0.8592
25205,814,835,33.622,25.645,0.0131,0.1469,9.7088,-0.436,-0.1124,0.0324
25210,806,826,33.647,25.68,0.0454,-0.0109,9.7837,-0.071,-0.1767,0.2192
25215,799,833,33.693,25.597,0.0252,0.0778,9.807,0.9779,-0.8324,-0.0062
25220,792,830,33.628,25.715,-0.0131,0.0388,9.8015,-0.3085,-0.6443,0.4727
25225,792,827,33.72,25.728,-0.0284,-0.039,9.8339,0.8528,0.0645,0.2643
25230,773,826,33.588,25.635,-0.028,-0.0144,9.7125,0.5152,-0.6992,0.2759
25235,757,821,33.721,25.688,-0.0268,0.0414,9.831,-0.1488,-0.6713,0.632
25240,768,822,33.67,25.673,0.0181,-0.0443,9.8207,-0.6995,0.7798,0.197
25245,761,826,33.527,25.736,-0.0457,0.0229,9.8186,-0.4587,-0.031,0.1241
25250,758,820,33.691,25.627,0.0183,-0.0454,9.7941,-1.0376,-0.3215,-0.8588
25255,749,822,33.713,25.733,0.1033,0.0227,9.7819,-0.3467,0.2073,0.0898
25260,744,821,33.544,25.669,-0.0725,-0.0362,9.807,-0.031,-0.5206,0.615
25265,754,824,33.678,25.726,0.0688,0.126,9.8184,-0.2551,0.4853,-0.5096
25270,752,820,33.752,25.574,0.0837,0.065,9.7544,-0.6849,0.1569,-0.1099
25275,753,823,33.603,25.797,0.0471,0.0656,9.8084,0.6352,0.3106,0.2603
25280,746,821,33.698,25.709,0.1336,0.0455,9.8216,0.3626,1.01,0.1251
25285,750,822,33.575,25.725,-0.0044,-0.0224,9.8484,-0.0235,-1.1095,-0.0097
25290,745,814,33.678,25.634,0.0247,0.0032,9.7434,0.552,-0.0458,0.6621
25295,753,815,33.628,25.724,-0.0126,-0.0356,9.8693,-0.5853,-0.5776,-0.9302
25300,763,811,33.658,25.749,0.0712,-0.0215,9.7819,0.1194,-0.4086,-0.1984
25305,763,816,33.601,25.643,-0.0378,-0.0432,9.8774,0.2326,0.594,0.3787
25310,774,814,33.619,25.796,0.039,-0.0534,9.7934,-0.5437,-0.7622,-0.3956
25315,773,811,33.624,25.912,0.043,-0.0401,9.7472,0.5392,0.5483,-0.1159
25320,787,813,33.639,25.613,0.0351,-0.0147,9.7388,-0.4915,0.6875,-0.0619
25325,789,813,33.707,25.731,-0.0315,0.0602,9.831,-0.1822,0.406,0.6588
25330,799,805,33.651,25.649,0.0758,0.0152,9.7228,1.0,0.3078,-0.6913
25335,804,808,33.665,25.659,0.0379,0.0063,9.775,0.3405,-0.4161,0.5741
25340,832,801,33.634,25.609,-0.0286,-0.0918,9.7214,-0.0915,-1.3719,-0.0322
25345,829,809,33.741,25.653,0.0491,-0.0761,9.8042,0.3078,0.302,-0.3541
25350,841,803,33.603,25.648,0.0095,-0.0806,9.724,0.6747,-0.1899,0.4446
25355,854,806,33.687,25.664,-0.0582,-0.0492,9.7744,0.7586,0.6375,0.441
25360,869,798,33.695,25.699,-0.0239,-0.042,9.8418,-0.034,0.6214,-0.4815
25365,875,799,33.686,25.692,-0.0582,-0.0153,9.861,0.6846,0.5336,-0.642
25370,898,797,33.598,25.768,0.0837,0.13,9.7412,0.5138,-0.0915,0.2427
25375,913,795,33.768,25.684,0.0205,-0.0113,9.7792,-0.3484,0.9758,-0.796
25380,920,792,33.648,25.73,-0.0212,0.0628,9.8431,0.3578,0.181,-0.9715
25385,932,794,33.657,25.711,0.0119,0.0185,9.8204,0.3581,0.8233,-0.381
25390,940,785,33.613,25.816,0.0297,-0.0218,9.7322,0.5901,0.3725,-0.1435
25395,961,783,33.632,25.706,0.0263,-0.0347,9.7296,0.2777,-0.3619,-0.1661
25400,972,784,33.592,25.68,-0.0363,0.0369,9.8725,0.3931,-0.6213,-0.0422
25405,990,779,33.555,25.718,0.0693,-0.0937,9.7815,-0.1994,0.064,-0.3875
25410,1002,783,33.71,25.73,-0.0168,0.0126,9.8458,-0.3029,0.4862,-0.3589
25415,1011,778,33.724,25.732,0.0168,-0.0092,9.8338,1.043,-0.0694,-0.7357
25420,1027,774,33.579,25.703,0.0365,0.0029,9.8935,0.0229,-0.121,0.5473
25425,1046,778,33.706,25.614,-0.0117,-0.04,9.8084,-0.4086,-0.3055,-0.5037
25430,1060,774,33.719,25.586,0.0628,-0.0524,9.8114,0.4026,0.0373,0.1584
25435,1062,773,33.614,25.73,0.0328,0.0077,9.8102,-0.6182,0.5196,0.1032
25440,1081,761,33.703,25.725,0.0358,-0.0796,9.8154,-0.6113,-0.0918,-0.5032
25445,1091,768,33.614,25.64,-0.087,0.0304,9.7837,0.5851,0.2311,0.6578
25450,1102,759,33.571,25.61,0.0547,0.0234,9.7932,-0.3799,0.0148,0.4135
25455,1116,755,33.662,25.686,0.0218,-0.0687,9.993,-0.0425,-0.1443,-0.8732
25460,1128,758,33.678,25.694,-0.0449,0.0552,9.7723,0.2728,-0.6971,0.0124
25465,1134,754,33.626,25.7,0.1014,0.0914,9.7277,-0.1304,0.5687,-0.7022
25470,1134,747,33.781,25.61,0.0151,-0.0446,9.7164,0.8327,0.4493,-0.0751
25475,1140,754,33.602,25.802,0.0153,-0.0256,9.7843,0.3625,0.0799,-0.6227
25480,1150,750,33.606,25.562,0.02,0.0173,9.8003,0.5079,-0.1531,-0.6894
25485,1159,747,33.608,25.742,-0.0829,-0.0177,9.817,0.3776,0.5447,-0.0283
25490,1166,746,33.638,25.728,-0.1747,0.0405,9.8081,-0.1908,-0.0461,-0.8628
25495,1170,744,33.654,25.698,0.0046,-0.0006,9.7477,0.061,-0.5518,1.2287
25500,1171,744,33.673,25.676,0.0169,0.0731,9.74,-0.1333,-0.326,0.0018
25505,1177,739,33.589,25.639,-0.0014,-0.0443,9.7492,-0.5964,-0.2452,0.0741
25510,1175,737,33.65,25.713,-0.0514,-0.0266,9.8026,-0.3383,1.0444,-0.2818
25515,1182,745,33.618,25.638,0.0379,-0.0669,9.7671,0.3023,-0.5092,0.2205
25520,1183,741,33.517,25.627,0.0189,0.0403,9.8605,-0.6097,-1.0057,1.3988
25525,1184,739,33.665,25.767,0.0167,-0.0139,9.8767,0.8983,-0.01,-0.0029
25530,1185,740,33.669,25.661,0.0201,0.0673,9.8664,0.1291,0.3553,0.1767
25535,1180,737,33.694,25.712,-0.0272,0.0543,9.7259,-0.0693,0.0845,-0.8003
25540,1184,739,33.583,25.653,0.0737,0.0635,9.816,0.2204,-0.2441,-0.042
25545,1200,738,33.628,25.716,0.0154,0.038,9.7908,-0.1051,0.5668,1.2023
25550,1179,737,33.628,25.701,-0.0959,-0.0573,9.9039,0.5949,-0.1963,-0.3851
25555,1182,737,33.65,25.644,-0.0173,0.0009,9.7781,0.3234,0.5534,-0.5514
25560,1174,743,33.639,25.701,-0.0062,-0.0109,9.8742,-0.0403,0.159,-0.3227
25565,1185,740,33.628,25.673,0.0163,-0.021,9.7783,-0.7258,-0.0998,0.0712
25570,1178,746,33.599,25.753,-0.0499,0.0285,9.824,-0.4059,-0.9722,-0.1206
25575,1185,748,33.663,25.717,-0.0024,0.0272,9.7121,-1.3594,-0.2447,-1.6166
25580,1177,750,33.624,25.724,-0.0783,-0.0342,9.8514,-0.1184,-1.0725,-0.3058
25585,1164,750,33.65,25.661,-0.045,-0.0069,9.8734,-0.3485,0.0027,-0.0717
25590,1158,758,33.589,25.659,0.0041,-0.0393,9.7802,0.0906,0.4372,-0.5803
25595,1152,757,33.742,25.65,-0.036,-0.0121,9.803,0.4671,0.2781,-0.4382
25600,1162,758,33.612,25.707,-0.0542,0.0308,9.8231,-0.4572,0.6795,-0.786
25605,1153,761,33.648,25.696,-0.0205,0.0785,9.7443,-0.338,0.9701,-0.3418
25610,1145,759,33.687,25.665,0.048,0.0009,9.8478,-0.4024,-0.8981,0.2208
25615,1144,765,33.591,25.635,-0.0037,-0.0323,9.8667,-0.6731,0.1255,0.2855
25620,1142,770,33.635,25.717,-0.1253,-0.0252,9.7901,-0.1851,0.1135,0.7324
25625,1145,771,33.677,25.793,0.0203,-0.0172,9.8208,0.7875,1.0845,-0.0812
25630,1139,772,33.621,25.639,0.0405,-0.0171,9.8571,0.9351,-0.1817,0.2042
25635,1130,781,33.656,25.735,0.005,-0.0051,9.8598,-0.6022,0.6593,-0.1079
25640,1122,775,33.703,25.691,0.0368,-0.0626,9.7726,-0.4627,-0.3094,-1.473
25645,1123,785,33.615,25.753,0.0569,-0.0602,9.7888,-0.0861,0.2902,-0.6064
25650,1121,787,33.625,25.72,-0.0109,0.0166,9.8483,-0.2297,0.5082,0.4643
25655,1116,793,33.641,25.704,0.112,-0.0005,9.7926,-0.4454,-0.4322,-0.1208
25660,1124,789,33.627,25.76,-0.0281,-0.0451,9.8291,1.391,-0.2855,0.1113
25665,1109,800,33.641,25.72,-0.003,-0.0089,9.75,-0.621,0.0286,-0.744
25670,1114,798,33.675,25.787,0.0053,0.0499,9.7743,-0.4959,1.0881,0.2088
25675,1107,807,33.558,25.692,-0.0271,0.0188,9.8055,-0.1772,-0.1304,0.1715
25680,1112,807,33.601,25.76,-0.0057,-0.0001,9.8393,-0.1722,-0.4141,0.1825
25685,1104,817,33.724,25.672,0.0858,-0.0052,9.788,0.2465,-0.1155,-0.3013
25690,1090,807,33.66,25.74,0.0207,0.0063,9.8496,0.9112,0.2965,0.0911
25695,1103,817,33.651,25.637,-0.031,-0.0361,9.8147,-0.6683,0.6943,-0.6005
25700,1100,811,33.614,25.688,-0.0021,-0.0962,9.7922,-0.1423,0.6678,-0.5988
25705,1090,823,33.687,25.661,0.0407,0.014,9.8939,0.4395,-0.4778,-0.4361
25710,1089,826,33.626,25.76,0.0712,-0.0866,9.821,-0.0436,-0.7546,-0.0267
25715,1084,828,33.628,25.698,0.051,0.0168,9.8323,0.379,0.3122,0.366
25720,1090,829,33.631,25.737,0.0181,0.0254,9.7605,-1.3408,0.2959,-0.3262
25725,1080,833,33.525,25.725,-0.0022,0.0086,9.7687,-0.6472,-0.2724,-0.3691
25730,1070,831,33.67,25.701,0.0328,-0.0702,9.7841,-0.3809,0.3155,-0.0555
25735,1076,832,33.655,25.734,0.0169,-0.0696,9.7433,0.5764,0.0319,-0.2779
25740,1071,837,33.572,25.688,-0.0302,-0.0226,9.7247,-0.4813,-0.0323,0.4699
25745,1073,839,33.787,25.615,0.013,-0.0616,9.8011,0.571,-0.2097,0.1961
25750,1070,839,33.701,25.624,-0.0825,0.0396,9.788,0.4295,0.3999,0.7682
25755,1057,844,33.597,25.719,0.0404,0.001,9.8729,-0.0378,-0.3518,0.3273
25760,1054,845,33.649,25.764,0.0136,-0.031,9.8565,-1.1486,-0.2191,0.2339
25765,1052,845,33.55,25.609,-0.048,0.0518,9.8579,0.7903,0.8982,-0.5732
25770,1045,851,33.574,25.718,0.0945,-0.0028,9.7302,-0.2978,1.4436,0.7758
25775,1049,845,33.734,25.625,0.0074,-0.0081,9.7703,-0.9105,-0.5854,0.3095
25780,1038,848,33.663,25.628,0.0824,-0.1044,9.7343,-0.0556,-0.3458,-0.8011
25785,1038,846,33.596,25.631,0.0227,-0.0386,9.8676,0.2414,0.4733,0.5958
25790,1028,845,33.638,25.729,-0.0353,-0.071,9.7758,-0.4441,-0.3819,-0.9207
25795,1023,847,33.609,25.651,0.0306,0.0195,9.7163,-0.1549,-0.0772,-0.2807
25800,1014,842,33.659,25.678,0.1008,-0.0098,9.8088,-0.1979,0.4208,-0.2606
25805,1009,847,33.662,25.688,0.029,-0.0313,9.8822,-0.1006,0.0983,0.2239
25810,999,845,33.705,25.73,-0.0187,0.0393,9.8224,-0.5827,0.0228,0.1837
25815,989,844,33.672,25.623,-0.0177,-0.0342,9.7685,0.4157,0.757,0.7006
25820,989,848,33.651,25.686,-0.0655,-0.0026,9.8083,-0.2779,0.0305,-0.1311
25825,980,846,33.6,25.73,-0.0077,-0.015,9.8414,0.7767,0.2105,-0.8295
25830,980,846,33.65,25.662,0.1648,-0.0183,9.903,-0.0291,-0.2162,0.1906
25835,964,841,33.695,25.659,-0.017,-0.0518,9.8481,-0.5379,-0.4449,-0.2598
25840,950,834,33.593,25.729,-0.1123,-0.0679,9.911,0.59,0.1807,0.0129
25845,936,836,33.68,25.645,0.0013,-0.001,9.8852,0.4812,0.0229,0.43
25850,930,841,33.643,25.662,-0.0364,0.0171,9.8642,-0.2784,0.3617,0.662
25855,918,840,33.591,25.682,0.0356,0.0355,9.875,0.1056,-0.1751,0.3049
25860,915,838,33.61,25.611,-0.071,0.0464,9.7988,-0.119,0.0255,-1.2472
25865,906,834,33.681,25.715,0.032,0.0365,9.8516,-0.5894,-0.5393,0.3521
25870,899,835,33.655,25.702,-0.0493,0.0243,9.7899,0.482,0.0035,-0.7896
25875,892,836,33.72,25.625,-0.038,0.0507,9.8349,0.1606,0.684,0.1232
25880,873,831,33.671,25.694,0.0404,-0.0512,9.829,0.1455,0.0033,0.6055
25885,860,831,33.653,25.81,0.0596,-0.0046,9.8605,-0.6648,0.1026,0.087
25890,849,837,33.646,25.61,0.0183,-0.029,9.841,-0.2401,0.1521,0.9119
25895,848,825,33.595,25.804,0.043,-0.0295,9.8197,0.8164,-0.918,0.9495
25900,833,831,33.604,25.697,-0.0319,0.04,9.7738,-0.4019,-0.3503,-0.33
25905,821,830,33.649,25.682,0.0237,-0.0447,9.8268,-1.0641,-0.0068,-0.0603
25910,816,824,33.652,25.727,0.0565,-0.0702,9.8079,0.349,-0.6968,-0.2527
25915,810,828,33.668,25.582,-0.0395,0.0146,9.8523,-0.1002,-0.7814,0.134
25920,804,829,33.644,25.704,-0.0211,0.0008,9.7998,0.1957,-0.6178,-0.1542
25925,788,831,33.648,25.687,-0.0454,-0.0543,9.8073,0.0706,0.3579,0.2699
25930,780,824,33.656,25.663,-0.046,0.0972,9.7984,-0.0202,-0.4118,0.2733
25935,787,827,33.624,25.765,-0.0478,-0.041,9.7544,0.3058,0.3311,-0.0991
25940,768,826,33.617,25.694,0.0411,0.0342,9.7656,-0.5397,-0.2721,0.341
25945,771,823,33.666,25.723,-0.0186,0.1297,9.7421,0.9638,0.2261,-0.559
25950,758,819,33.646,25.695,0.0561,0.0353,9.8111,-0.3629,-0.1461,0.4677
25955,767,825,33.53,25.669,0.0204,0.0032,9.7326,0.0703,0.6076,-0.4607
25960,757,821,33.674,25.759,-0.0376,0.0093,9.8173,0.3005,0.083,0.6127
25965,755,821,33.723,25.651,-0.0174,-0.0358,9.851,-0.0687,-0.37,-0.5473
25970,747,822,33.669,25.768,0.1166,0.038,9.8172,0.0255,-0.1428,0.5842
25975,752,816,33.643,25.702,-0.0164,-0.0226,9.8061,0.2602,0.1721,0.2168
25980,747,822,33.615,25.653,-0.0131,-0.0562,9.7808,0.4106,-0.4318,-1.1269
25985,744,819,33.634,25.632,-0.0229,-0.0655,9.8051,0.2525,0.7758,0.2766
25990,758,816,33.609,25.629,0.0432,0.0326,9.81,0.0973,-0.791,0.1666
25995,744,822,33.691,25.657,0.0376,-0.01,9.8343,0.0472,-0.5345,0.9091
26000,749,814,33.757,25.703,0.06,0.0551,9.8056,0.8375,0.1295,0.7704
26005,754,817,33.651,25.672,0.0267,-0.0235,9.7711,0.3404,0.8888,-0.1705
26010,774,814,33.675,25.718,0.058,-0.0523,9.7436,0.0698,0.1089,-0.1695
26015,765,812,33.68,25.727,0.0301,-0.0563,9.8833,0.2037,0.8713,0.1832
26020,774,813,33.608,25.661,0.0697,-0.0486,9.8091,-0.518,0.0547,-0.1241
26025,784,815,33.688,25.716,-0.0301,0.0138,9.8351,0.4767,-0.4021,-0.4849
26030,794,815,33.669,25.683,-0.0448,-0.0111,9.825,-0.1073,-0.113,0.2103
26035,808,805,33.62,25.653,-0.0019,0.0376,9.8076,0.2901,0.0942,0.4199
26040,813,814,33.696,25.723,0.0069,-0.01,9.8259,0.179,0.0005,0.9899
26045,815,811,33.627,25.685,-0.0337,-0.0197,9.8152,-0.4782,0.6027,0.7305
26050,833,812,33.619,25.681,0.0551,0.0396,9.8153,0.2345,0.4721,-0.8502
26055,838,805,33.638,25.764,0.1176,0.0107,9.7827,-0.1631,0.3031,-1.1969
26060,845,802,33.673,25.698,0.0368,-0.0366,9.8335,-0.1341,-0.5227,-0.2165
26065,865,798,33.724,25.721,0.0358,0.0876,9.8068,-0.6781,0.2169,-0.0708
26070,879,804,33.734,25.664,0.0174,0.0427,9.8215,0.6637,-0.8835,0.3099
26075,883,795,33.549,25.7,-0.0868,0.0013,9.9167,0.3541,0.3976,-0.2609
26080,909,802,33.711,25.712,-0.0533,0.018,9.8207,-0.8576,0.7261,0.4258
26085,920,797,33.678,25.674,0.1067,0.0195,9.839,-0.5503,-0.257,0.2224
26090,926,789,33.649,25.62,-0.0487,-0.0102,9.8303,0.156,-0.5439,-0.0671
26095,944,785,33.686,25.67,-0.0546,0.1139,9.759,0.1746,-0.501,-0.3198
26100,962,782,33.596,25.712,-0.0267,-0.0973,9.7703,0.1011,0.6927,-0.3921
26105,980,790,33.673,25.676,0.0645,-0.0211,9.8314,0.5224,-0.075,-0.1092
26110,984,785,33.658,25.66,-0.0167,-0.0536,9.7815,-0.6527,-0.1798,-0.3141
26115,1003,782,33.572,25.667,-0.0303,-0.0146,9.8373,-0.0433,0.2259,-0.8103
26120,1014,777,33.633,25.699,0.1192,-0.0312,9.8101,0.6643,-0.0695,0.187
26125,1019,773,33.622,25.757,-0.025,-0.0054,9.8135,-1.174,-0.5635,0.8243
26130,1039,769,33.673,25.719,-0.061,0.0032,9.8513,-0.3287,-0.2335,-0.4966
26135,1052,769,33.655,25.714,-0.0811,0.0367,9.9109,0.2035,-0.1754,0.2567
26140,1057,766,33.715,25.615,-0.0469,0.03,9.8435,-0.0625,0.6436,0.228
26145,1069,765,33.547,25.622,-0.0948,-0.0221,9.8198,0.6827,0.2575,-1.0715
26150,1094,765,33.699,25.777,-0.0098,0.0266,9.7984,-0.371,0.5513,-0.3602
26155,1100,762,33.679,25.653,-0.0829,-0.0976,9.8074,0.3076,0.4719,0.347
26160,1107,758,33.674,25.748,0.0086,-0.067,9.7636,0.7983,-0.525,-0.2356
26165,1122,761,33.65,25.671,0.0155,0.0984,9.8834,0.2587,0.9062,0.008
26170,1127,750,33.579,25.74,-0.0341,0.063,9.8644,-0.3603,-0.283,-0.2341
26175,1149,749,33.634,25.735,0.0263,0.0544,9.8991,-0.4905,-0.2498,-0.6742
26180,1135,752,33.653,25.668,-0.0064,-0.0463,9.7419,-1.2416,0.2449,0.9509
26185,1154,749,33.664,25.785,0.06,-0.0088,9.8234,-0.2488,0.0575,-0.2168
26190,1164,748,33.662,25.622,0.0702,-0.0053,9.8504,-0.5181,-0.2043,0.3594
26195,1166,747,33.653,25.615,0.0289,-0.0191,9.7687,0.2843,-0.2194,0.3156
26200,1161,748,33.749,25.732,0.0147,0.0033,9.8288,0.9906,0.5972,0.1842
26205,1170,740,33.677,25.675,-0.031,-0.0019,9.7018,1.0712,1.1439,0.8247
26210,1178,743,33.711,25.758,0.0343,-0.0123,9.7861,-0.663,0.7136,0.3827
26215,1177,738,33.709,25.661,0.0433,-0.0286,9.8409,-0.2144,-0.7114,0.8515
26220,1177,738,33.625,25.709,-0.0347,0.0813,9.7503,-0.3241,0.5636,0.397
26225,1189,738,33.667,25.617,0.046,0.0947,9.7729,-0.1925,-0.2236,-0.1461
26230,1184,739,33.763,25.63,-0.0027,-0.0118,9.7128,0.0984,-0.0121,-0.4729
26235,1188,734,33.632,25.691,-0.0155,0.0088,9.8953,-0.1933,0.7851,0.2165
26240,1186,731,33.616,25.674,-0.0358,-0.037,9.8389,0.8606,-0.0396,0.4068
26245,1184,737,33.607,25.682,0.0331,0.015,9.7578,-0.0942,-0.0305,0.1657
26250,1181,735,33.687,25.797,0.0366,-0.0966,9.8306,0.9188,-0.0353,-0.3419
26255,1200,740,33.575,25.805,0.0293,-0.0023,9.7989,0.5935,-0.2883,0.1796
26260,1193,741,33.694,25.705,-0.048,-0.0372,9.796,0.4713,0.7415,0.7502
26265,1184,744,33.603,25.637,0.0515,0.0027,9.7754,-0.4723,-0.7911,-0.2121
26270,1187,737,33.573,25.768,0.0435,0.0045,9.793,-0.4049,1.0001,-0.1268
26275,1174,746,33.619,25.65,-0.047,0.0314,9.8202,0.7357,-0.6276,0.4857
26280,1179,744,33.649,25.681,0.0221,-0.0274,9.762,-0.3013,0.8227,0.2545
26285,1163,748,33.704,25.714,0.0172,0.0171,9.8192,-0.1215,0.1723,0.3754
26290,1172,748,33.602,25.661,0.0253,0.0088,9.8606,-0.3032,-0.5785,0.0435
26295,1168,747,33.582,25.772,-0.0293,-0.0245,9.8156,0.6036,0.373,-0.5345
26300,1162,749,33.603,25.63,0.0635,-0.0268,9.7959,0.6889,-0.1282,0.0663
26305,1166,752,33.648,25.603,-0.008,-0.0038,9.7611,-1.0493,-0.3831,1.0994
26310,1153,763,33.608,25.569,0.0513,0.0229,9.761,0.0203,-0.2467,0.2629
26315,1153,760,33.715,25.642,0.0383,-0.0085,9.8562,-0.9169,-1.0763,-0.6425
26320,1151,768,33.687,25.633,-0.0466,0.0209,9.7392,1.4109,-0.0981,0.5293
26325,1137,767,33.638,25.735,-0.0265,0.0511,9.8352,0.5776,0.0465,0.2968
26330,1150,771,33.666,25.623,-0.0436,0.0059,9.8808,0.0741,-0.5253,0.2273
26335,1134,776,33.687,25.674,-0.0185,0.0008,9.7332,0.4031,0.3343,0.059
26340,1129,776,33.643,25.662,0.0608,0.0158,9.8194,-0.4029,-0.5639,-0.0263
26345,1133,780,33.675,25.672,0.0,0.0265,9.8296,-0.3882,-0.209,0.825
26350,1127,786,33.606,25.618,-0.0292,0.0271,9.8096,0.0535,-0.5215,0.085
26355,1123,790,33.617,25.697,0.0242,0.01,9.8921,-0.5962,0.3117,-0.4978
26360,1116,792,33.694,25.705,-0.0152,-0.0234,9.7797,-0.61,-0.9787,-0.6441
26365,1107,789,33.556,25.632,-0.0432,0.0371,9.7768,0.174,-0.5649,-0.1976
26370,1112,799,33.667,25.664,-0.1212,-0.0311,9.8399,0.2201,-0.0152,0.2761
26375,1098,796,33.731,25.661,-0.0323,0.035,9.878,-0.6038,-0.1405,0.4297
26380,1107,804,33.543,25.693,-0.0598,-0.0007,9.8033,-0.2431,0.365,0.2291
26385,1096,805,33.62,25.69,0.0185,-0.0067,9.8138,-0.2443,-0.6321,0.0412
26390,1107,810,33.573,25.747,-0.0518,0.0369,9.7681,-1.4622,0.4291,0.8741
26395,1096,811,33.613,25.686,0.0228,-0.0131,9.8251,0.4047,0.3757,-0.8249
26400,1101,813,33.777,25.656,0.0065,-0.0179,9.8295,-0.5604,0.2138,-0.433
26405,1097,818,33.608,25.588,0.0218,-0.0875,9.7871,-0.1327,-0.3628,-0.1995
26410,1089,821,33.533,25.71,0.0183,0.0083,9.727,0.7188,-0.3103,0.0971
26415,1099,827,33.598,25.698,0.018,0.0284,9.7787,0.5077,0.6278,-0.01
26420,1083,827,33.64,25.637,-0.0498,-0.0398,9.8299,-0.2377,-0.9297,0.7808
26425,1082,833,33.675,25.641,-0.0678,-0.011,9.8124,-0.3538,-0.4169,0.356
26430,1079,828,33.573,25.638,0.0486,0.0336,9.8219,-0.5778,-0.1111,-0.6754
26435,1078,840,33.594,25.649,-0.0026,0.0738,9.8273,-0.4755,-0.015,-0.5393
26440,1083,834,33.698,25.683,-0.0497,-0.0438,9.8003,-0.1258,-0.1887,0.2448
26445,1077,832,33.699,25.667,-0.0492,-0.0702,9.776,-0.4488,-0.5863,0.11
26450,1070,840,33.664,25.625,-0.0214,0.0267,9.7596,-0.2057,-0.0837,1.1466
26455,1064,840,33.657,25.725,0.0449,0.012,9.6941,0.6831,-1.0358,0.1016
26460,1071,843,33.549,25.646,0.1105,-0.0601,9.8599,0.433,0.0906,0.2137
26465,1057,845,33.702,25.742,0.0178,0.0466,9.8363,0.0213,0.9004,-0.018
26470,1059,845,33.605,25.737,-0.0664,-0.0186,9.8516,-0.0609,-1.0876,-0.7882
26475,1050,839,33.748,25.613,0.013,-0.0973,9.8218,-0.0944,-0.7735,-0.7847
26480,1047,846,33.794,25.711,-0.0565,-0.0681,9.8002,0.4119,-0.3022,-0.2773
26485,1046,844,33.685,25.623,-0.0237,-0.0979,9.8868,0.5244,0.9898,-0.4176
26490,1031,850,33.664,25.673,-0.1082,-0.0239,9.7829,1.168,-0.1193,0.3481
26495,1032,846,33.654,25.687,0.0022,-0.0107,9.8165,0.2201,1.0185,0.1295
26500,1025,848,33.559,25.731,-0.0337,-0.043,9.7933,-0.5192,0.3865,0.0924
26505,1017,844,33.646,25.751,-0.0265,-0.021,9.8017,-0.5369,0.463,0.6492
26510,1016,841,33.682,25.731,0.0968,0.0132,9.797,-0.2216,-0.3127,-0.9732
26515,1006,846,33.696,25.705,0.0354,-0.0197,9.7779,0.0985,-0.3879,0.5041
26520,1007,841,33.622,25.745,-0.0668,-0.0541,9.8668,0.7267,-0.0188,0.6893
26525,989,838,33.589,25.718,-0.0071,0.0062,9.6764,-0.1914,0.4933,-0.018
26530,980,844,33.661,25.665,-0.0965,-0.0532,9.7771,-0.5385,-0.2536,0.3671
26535,964,844,33.642,25.733,-0.036,0.0277,9.8156,-0.0001,0.4335,-0.6103
26540,965,843,33.676,25.715,0.0399,-0.0652,9.7819,-1.0698,0.2287,-0.3512
26545,956,842,33.718,25.687,-0.0109,0.0039,9.7974,0.1337,-0.2956,0.2482
26550,947,840,33.607,25.624,-0.0109,0.0186,9.7526,0.1101,-0.0518,0.3233
26555,939,837,33.661,25.718,-0.0408,0.0142,9.8276,-0.4734,0.915,-0.0085
26560,929,837,33.635,25.642,0.0188,0.004,9.8249,0.3517,-0.089,0.3214
26565,911,832,33.668,25.653,-0.0392,0.0544,9.8203,-0.1972,0.2744,0.4651
26570,906,840,33.655,25.658,-0.0482,0.0246,9.8252,0.5048,-0.0967,-0.0206
26575,901,836,33.723,25.643,-0.1271,-0.1067,9.7769,0.6129,0.6424,0.82
26580,892,834,33.627,25.657,0.0083,0.019,9.8331,0.3905,-0.3488,0.0353
26585,875,834,33.584,25.73,-0.1003,0.0046,9.8452,-0.6299,0.211,-0.1556
26590,863,835,33.651,25.716,0.0128,0.0352,9.8274,0.0913,0.4218,-0.415
26595,862,833,33.712,25.61,0.0567,0.1264,9.723,0.4946,-0.5577,0.0358
26600,841,831,33.667,25.535,0.097,-0.0628,9.8294,-0.6188,-0.6892,-0.0956
26605,839,831,33.63,25.682,0.0067,-0.0068,9.758,0.5354,-1.0402,-0.0682
26610,818,830,33.648,25.676,-0.0051,0.0111,9.7331,0.6382,0.3716,0.1898
26615,824,829,33.733,25.681,-0.0454,0.0245,9.7544,0.0303,-0.158,-0.4045
26620,814,828,33.689,25.649,-0.0103,-0.0013,9.8232,-0.3609,0.0899,-0.5858
26625,791,829,33.679,25.726,0.0229,0.0033,9.8189,-0.4029,0.1082,-0.3754
26630,791,828,33.591,25.703,0.0056,0.0349,9.7939,-0.2192,0.2133,0.4235
26635,786,824,33.562,25.69,0.0194,0.0102,9.7788,0.2571,0.6709,0.5001
26640,787,827,33.648,25.588,0.0389,0.0074,9.8673,0.0438,0.285,-0.3702
26645,767,831,33.72,25.763,-0.0824,-0.0222,9.9311,-0.3025,-0.1393,0.3858
26650,764,820,33.595,25.721,0.0269,-0.0245,9.7522,-0.1538,0.337,-0.5404
26655,760,828,33.733,25.724,-0.0059,0.008,9.8194,1.1394,-0.0998,0.1946
26660,760,831,33.672,25.706,0.0249,0.0221,9.7986,0.5328,1.3071,0.0717
26665,756,824,33.625,25.693,0.0019,0.0741,9.7845,0.2762,1.208,0.1309
26670,752,817,33.653,25.658,-0.0407,-0.0449,9.7571,0.0209,-0.5811,-0.1788
26675,754,822,33.675,25.62,0.0083,-0.0239,9.9088,0.2819,0.0649,-0.0958
26680,745,820,33.613,25.663,0.0032,-0.0653,9.819,-0.483,-0.6088,0.065
26685,749,816,33.638,25.69,-0.0724,0.0713,9.8687,-0.4147,0.3864,-0.1808
26690,758,826,33.652,25.61,-0.0382,0.023,9.739,-0.4648,0.7466,-0.0794
26695,746,820,33.639,25.646,-0.0656,-0.0316,9.8116,-0.3359,0.0527,-0.1041
26700,745,817,33.651,25.755,0.0151,0.0113,9.7292,0.1485,-0.5627,0.1398
26705,750,820,33.683,25.732,0.0145,-0.0162,9.7406,-0.3901,-0.2489,0.6659
26710,756,817,33.671,25.716,-0.0465,-0.0548,9.7925,0.9619,-0.6746,-0.0073
26715,763,815,33.666,25.657,-0.0144,-0.0589,9.861,0.124,0.4808,-0.2528
26720,768,813,33.602,25.645,-0.0124,-0.0438,9.9046,0.5105,-0.211,-0.3744
26725,777,818,33.615,25.611,-0.0613,0.029,9.7717,-0.217,-0.1362,0.0429
26730,779,816,33.746,25.664,0.0747,-0.0664,9.8729,0.2438,-0.196,0.2489
26735,790,805,33.615,25.693,0.0308,0.0324,9.7951,-0.2323,0.2354,0.2545
26740,805,810,33.617,25.695,0.025,0.0659,9.8786,0.359,0.2432,-0.3942
26745,813,812,33.658,25.654,0.0499,0.0446,9.8757,0.142,-0.3934,0.015
26750,826,808,33.615,25.719,0.0828,-0.0511,9.8281,-0.001,0.8244,-0.1169
26755,823,804,33.614,25.662,0.0224,0.0844,9.7849,0.1422,0.5801,0.2541
26760,832,801,33.658,25.71,0.0422,0.0053,9.7949,-1.0526,-0.1175,0.4477
26765,857,805,33.574,25.629,0.0119,0.0058,9.8869,0.2224,0.4224,-0.3063
26770,860,800,33.604,25.651,-0.0396,-0.005,9.8754,0.4806,0.3749,-0.3616
26775,869,801,33.697,25.678,-0.0138,-0.102,9.8909,-0.8947,0.2419,-0.3055
26780,887,796,33.652,25.64,0.0498,-0.0386,9.8682,-0.3059,0.3088,0.2794
26785,901,794,33.696,25.789,0.0027,-0.0475,9.8701,0.3167,0.08,-1.1726
26790,908,801,33.603,25.735,-0.0281,-0.011,9.8488,-0.4032,-0.0108,-0.8527
26795,930,796,33.664,25.61,-0.06,0.0461,9.7893,-0.2766,-0.5239,-0.8263
26800,938,790,33.612,25.7,-0.0485,-0.0218,9.8495,-0.3076,-0.3015,0.3329
26805,952,785,33.674,25.732,-0.0191,-0.0306,9.7246,-0.1838,0.1746,-0.0206
26810,974,788,33.686,25.672,-0.0125,0.019,9.7056,0.562,-1.2113,1.5541
26815,970,780,33.714,25.729,-0.0779,-0.0382,9.8084,-0.1882,0.1597,0.2074
26820,994,785,33.639,25.66,0.0053,-0.0055,9.8534,0.1983,0.8556,-0.5111
26825,1005,781,33.654,25.652,0.065,0.1203,9.8622,-0.2083,-0.8216,0.7813
26830,1019,779,33.655,25.645,0.0236,0.0063,9.7446,0.5843,0.0457,-0.261
26835,1037,772,33.661,25.631,-0.0005,0.0665,9.8474,-0.2347,0.0882,-0.4186
26840,1037,776,33.689,25.687,-0.0291,-0.0446,9.7794,-0.2552,-0.076,0.1288
26845,1061,765,33.648,25.683,0.1367,0.0345,9.8712,0.045,-0.5168,-0.0956
26850,1073,769,33.628,25.64,-0.0017,-0.0052,9.7772,-0.2678,0.8664,-0.4421
26855,1086,758,33.604,25.686,0.0894,-0.0319,9.8012,0.4213,0.8476,0.59
26860,1095,757,33.589,25.67,-0.0109,0.0849,9.839,-0.1376,0.1213,0.3423
26865,1105,762,33.624,25.688,-0.0309,-0.0324,9.7101,-0.2504,-0.0736,0.7689
26870,1118,754,33.671,25.686,-0.0726,0.0407,9.8149,0.6363,0.2185,0.0642
26875,1123,754,33.657,25.706,-0.0042,0.0583,9.7945,-0.7089,-0.0543,0.2855
26880,1129,752,33.638,25.691,0.0387,0.0439,9.8265,0.3304,0.6914,0.0703
26885,1141,752,33.674,25.679,0.0229,-0.0209,9.9027,0.6785,0.3369,0.4437
26890,1148,744,33.706,25.721,0.0014,-0.0333,9.7757,0.0928,0.9285,0.0555
26895,1161,746,33.68,25.702,0.0468,0.0326,9.7601,-0.2981,0.5111,-0.0582
26900,1162,744,33.579,25.616,-0.0772,0.009,9.8198,-0.5744,0.0296,-0.6278
26905,1162,745,33.655,25.722,0.0666,-0.0038,9.7462,-0.4372,-0.6519,-0.0684
26910,1171,744,33.64,25.694,0.015,0.0075,9.6966,0.0263,-0.13,-0.2207
26915,1177,737,33.614,25.602,0.011,0.0262,9.8467,0.1117,-0.0695,-0.8428
26920,1181,741,33.544,25.722,-0.0435,-0.0454,9.7695,-0.5943,-0.8062,0.2722
26925,1184,738,33.654,25.701,-0.0299,0.0918,9.8705,0.4308,-0.4181,0.0725
26930,1181,739,33.728,25.777,0.086,0.0844,9.7811,0.2492,-0.2511,0.5351
26935,1202,739,33.648,25.626,0.012,-0.0162,9.7468,0.7624,0.2222,0.0272
26940,1192,731,33.607,25.699,0.0224,0.0083,9.7614,0.3029,-0.4516,0.6876
26945,1197,741,33.63,25.658,-0.0089,0.021,9.7832,-0.0351,0.5195,-0.4593
26950,1192,740,33.644,25.734,0.0937,-0.0204,9.7901,-0.1019,-0.3478,-0.7381
26955,1189,738,33.633,25.667,-0.0156,0.0433,9.8558,0.5042,0.2194,-0.1654
26960,1182,737,33.661,25.718,-0.0192,0.0696,9.8269,0.131,0.1644,0.0423
26965,1184,740,33.656,25.663,-0.0698,0.0161,9.8564,0.0372,0.2567,-0.2837
26970,1182,740,33.635,25.613,0.0881,0.0229,9.7543,-0.8953,0.4325,-0.5311
26975,1174,744,33.651,25.707,0.003,0.009,9.7958,0.7035,-0.0092,1.6243
26980,1183,742,33.657,25.717,-0.0091,-0.0495,9.639,-0.2429,-0.0308,-0.0774
26985,1171,744,33.573,25.662,-0.0163,-0.0251,9.8698,0.2541,0.8983,-0.485
26990,1169,748,33.711,25.657,-0.0046,0.0732,9.8778,-0.5266,-0.5153,-0.3264
26995,1168,746,33.603,25.777,-0.0148,-0.0116,9.8081,-0.1332,0.1108,0.1879
27000,1154,753,33.69,25.587,0.0441,0.0744,9.8553,-0.0841,-0.8194,-0.4581
27005,1164,754,33.593,25.662,-0.0494,-0.0375,9.7276,0.0354,0.47,1.5156
27010,1163,761,33.616,25.725,0.0036,-0.0212,9.8295,-0.0636,0.3551,-0.316
27015,1158,757,33.723,25.628,0.0582,0.0567,9.7564,0.2592,0.152,0.0806
27020,1145,763,33.629,25.608,-0.05,-0.0123,9.7771,-0.034,-0.129,-0.0408
27025,1150,766,33.611,25.761,-0.0093,0.022,9.804,0.3543,0.8615,0.1776
27030,1140,762,33.645,25.674,-0.0315,-0.0013,9.8074,-0.2755,0.3673,-0.5547
27035,1135,775,33.675,25.734,-0.0111,0.0439,9.7818,-0.7039,0.4549,0.4372
27040,1141,776,33.588,25.696,0.0069,0.0532,9.8366,0.325,-0.5507,-0.1316
27045,1123,776,33.634,25.621,0.057,-0.0932,9.8005,-0.7685,0.3087,0.0274
27050,1126,778,33.562,25.686,-0.0401,0.0232,9.7356,-0.1641,-0.1015,0.2333
27055,1126,784,33.672,25.712,-0.1042,0.0427,9.8148,-0.1697,-0.103,-0.2965
27060,1119,786,33.654,25.748,-0.0436,0.1724,9.7726,-0.0881,0.037,0.3126
27065,1116,793,33.612,25.645,0.06,-0.0353,9.811,0.1961,0.2429,-0.0516
27070,1129,790,33.595,25.706,-0.0251,-0.0864,9.8241,-0.0878,0.3127,-0.3786
27075,1116,798,33.639,25.674,0.0014,-0.0245,9.8739,0.5956,-0.4519,0.522
27080,1115,802,33.685,25.66,-0.028,-0.0344,9.8107,0.4188,-0.2266,-0.5262
27085,1114,799,33.676,25.792,0.0891,0.0305,9.88,0.132,-0.7014,1.5353
27090,1099,804,33.63,25.666,0.0258,0.0243,9.7972,0.2709,-0.5347,-0.0333
27095,1104,811,33.733,25.656,-0.0084,0.0078,9.7013,0.1035,1.0182,0.0694
27100,1097,812,33.61,25.663,-0.0823,-0.0207,9.7857,0.5455,0.5273,-0.2445
27105,1094,815,33.636,25.678,-0.0541,-0.0483,9.7668,-0.765,0.0815,-0.2228
27110,1091,815,33.638,25.731,-0.0141,0.0139,9.8269,0.6914,0.0765,0.2967
27115,1091,820,33.664,25.63,-0.0523,-0.0407,9.7926,-0.0378,0.1382,0.3531
27120,1088,820,33.686,25.722,0.0041,-0.0254,9.7192,0.0073,-0.7101,-0.2118
27125,1080,823,33.584,25.67,-0.0688,0.0445,9.8248,0.524,0.3123,0.3498
27130,1085,832,33.687,25.649,0.017,0.0264,9.8078,0.5093,0.1615,0.982
27135,1089,829,33.577,25.715,-0.0051,0.009,9.9203,0.0679,-0.2718,0.3993
27140,1085,832,33.673,25.704,-0.0126,-0.0009,9.8386,0.5247,0.3666,-0.3849
27145,1076,832,33.643,25.765,0.0464,-0.0078,9.8619,-0.9225,0.0562,-0.1158
27150,1081,841,33.709,25.733,0.0261,-0.005,9.7919,0.1447,0.8636,-0.2992
27155,1077,843,33.595,25.683,0.0584,-0.0036,9.8147,0.319,0.8355,-0.246
27160,1075,838,33.571,25.593,-0.0203,-0.0179,9.7941,0.0716,-0.4131,-0.6329
27165,1071,843,33.621,25.646,-0.1417,0.0125,9.7869,-1.1259,0.941,0.0969
27170,1053,836,33.621,25.718,0.0831,0.0241,9.8112,0.5142,0.1661,0.4548
27175,1061,841,33.72,25.711,0.0223,-0.0312,9.7204,-0.2957,-0.269,0.0826
27180,1047,842,33.605,25.668,0.0462,0.1036,9.7796,-0.5925,0.1494,0.004
27185,1049,845,33.659,25.688,0.0229,0.0481,9.8416,0.2715,0.3494,0.5749
27190,1041,844,33.775,25.689,-0.0457,-0.0556,9.8122,-0.4624,-0.2979,-0.3372
27195,1027,840,33.647,25.707,0.0786,0.0723,9.8534,-0.1037,0.3613,-0.5271
27200,1038,849,33.669,25.651,-0.0175,-0.0608,9.8163,-0.2638,0.0893,0.569
27205,1027,844,33.643,25.554,0.0032,0.0504,9.8258,0.0993,-1.1264,0.4631
27210,1016,850,33.64,25.827,0.0416,-0.0849,9.7973,-0.6734,0.3755,-0.0647
27215,1002,846,33.705,25.664,0.0541,0.0313,9.8647,0.622,0.4823,0.4273
27220,1012,850,33.656,25.685,-0.0324,0.0254,9.8495,0.2796,0.2275,0.0917
27225,998,839,33.619,25.685,-0.0422,-0.0163,9.7792,0.228,0.4166,-0.3103
27230,991,845,33.695,25.728,0.048,-0.0799,9.7833,-0.3878,-0.3857,-0.6775
27235,980,840,33.671,25.739,0.0038,-0.0259,9.8077,0.3562,-0.7598,-0.0209
27240,984,842,33.598,25.651,0.0002,-0.1011,9.7593,0.3704,-0.9229,0.007
27245,960,843,33.65,25.701,-0.0185,0.0052,9.7165,0.6813,-1.0844,-0.4034
27250,954,836,33.708,25.718,-0.0363,-0.0736,9.783,-0.4606,-0.2225,-0.0689
27255,949,841,33.655,25.729,-0.0667,0.0196,9.8638,0.8978,0.3009,-0.4979
27260,944,840,33.702,25.61,0.0431,0.092,9.801,-0.1066,-0.0954,-0.0448
27265,928,839,33.657,25.648,0.056,-0.0607,9.8159,-0.2556,0.1908,0.7757
27270,916,842,33.624,25.69,-0.0278,-0.0273,9.8756,-0.1902,-0.5757,-0.1773
27275,909,835,33.673,25.648,-0.0167,0.0522,9.7483,0.0591,-0.7322,0.5885
27280,895,834,33.565,25.679,-0.0256,0.0577,9.8124,-0.0814,-0.0406,0.1969
27285,881,840,33.691,25.617,0.081,-0.0684,9.7859,-0.0325,-0.4454,-0.6178
27290,876,834,33.644,25.668,0.035,-0.1029,9.8076,0.6674,-0.2322,0.2535
27295,862,832,33.552,25.641,-0.0607,-0.0005,9.805,0.0754,-0.224,0.5592
27300,861,834,33.609,25.621,0.0633,0.023,9.8727,-0.1047,-0.4252,-0.198
27305,846,826,33.676,25.673,-0.0382,0.0207,9.8456,0.0684,-0.2204,0.2708
27310,825,830,33.769,25.662,-0.1086,-0.0079,9.8426,0.0889,-0.169,0.6966
27315,825,831,33.65,25.663,0.051,-0.0528,9.8696,-0.0956,0.5617,0.9615
27320,816,824,33.545,25.662,0.0016,-0.0355,9.7283,-0.3803,0.8619,0.2884
27325,813,828,33.657,25.651,-0.0014,0.0304,9.8458,-0.5924,0.2774,0.2546
27330,806,828,33.624,25.681,0.0453,0.0088,9.7955,-0.6996,0.5985,0.3195
27335,797,825,33.587,25.762,0.0077,-0.0207,9.8146,0.2501,-0.6753,-0.6878
27340,787,826,33.633,25.646,0.0664,0.0342,9.9089,0.4264,0.3542,-0.7682
27345,783,825,33.691,25.657,0.0626,0.0262,9.7849,0.2685,0.3529,-0.3753
27350,767,821,33.673,25.671,-0.0092,-0.0303,9.7565,0.0041,0.9777,-0.0753
27355,768,827,33.641,25.693,0.0361,-0.0298,9.7978,-0.5314,-0.4309,-0.2247
27360,754,821,33.605,25.693,0.0134,0.0263,9.8796,-0.2913,-0.4899,-1.4043
27365,764,828,33.605,25.619,-0.0077,-0.081,9.8619,0.5871,0.3564,-1.6571
27370,752,822,33.555,25.73,-0.034,0.009,9.8474,0.6515,-0.4409,0.143
27375,746,819,33.591,25.731,0.0436,-0.0044,9.7125,0.7118,-0.3239,-0.8179
27380,749,827,33.635,25.644,0.0524,0.0262,9.7723,0.8029,0.3913,-0.7266
27385,745,821,33.632,25.702,0.0128,-0.0056,9.8876,0.6141,0.3721,-0.233
27390,757,819,33.617,25.744,0.0219,0.0065,9.7915,-0.4381,-0.7377,0.0509
27395,757,820,33.621,25.674,0.0674,0.0063,9.871,0.5252,-0.4479,0.8176
27400,750,822,33.656,25.788,0.0781,0.0182,9.813,0.1156,-0.2822,0.6501
27405,748,821,33.575,25.784,0.0309,-0.0928,9.7309,0.8337,0.5641,-0.3865
27410,749,820,33.603,25.731,-0.0119,0.0526,9.7919,-1.1422,0.7541,-0.3128
27415,760,818,33.606,25.637,-0.0461,-0.0713,9.8497,0.3907,-1.1387,0.5472
27420,760,817,33.77,25.615,-0.0085,0.002,9.7911,0.6586,-0.1026,1.2248
27425,769,814,33.658,25.731,0.0063,-0.0924,9.7699,0.9516,0.2932,-0.0269
27430,773,814,33.693,25.727,0.0404,-0.0191,9.7583,0.9494,-0.1443,-0.4649
27435,785,816,33.638,25.649,-0.0447,0.0149,9.8198,0.7069,0.5116,0.1633
27440,787,813,33.663,25.608,-0.0322,-0.0074,9.9237,-0.2562,0.1515,0.1745
27445,790,813,33.631,25.643,0.0234,0.0328,9.8506,-0.1706,0.2834,-0.3692
27450,798,810,33.682,25.72,0.034,0.0323,9.8298,0.2501,0.3877,0.1735
27455,817,804,33.626,25.745,0.0293,0.0105,9.8416,-0.4944,-0.9382,0.0097
27460,818,809,33.652,25.67,-0.0016,0.0005,9.8078,-0.2852,0.7,-0.1857
27465,827,809,33.601,25.73,-0.07,0.0444,9.9025,-0.0195,-0.3335,-0.8132
27470,850,798,33.624,25.72,0.0013,0.0392,9.8964,0.3278,-0.3764,-0.8375
27475,863,804,33.6,25.668,0.04,-0.0469,9.7406,0.1861,0.5424,-0.7713
27480,874,799,33.58,25.613,-0.0076,0.0081,9.825,0.089,-0.0754,0.7411
27485,884,799,33.76,25.645,0.0309,0.0697,9.7593,-0.2416,-0.3883,-0.5235
27490,895,797,33.657,25.779,0.0004,-0.0518,9.8432,-0.4772,0.1639,-0.9138
27495,918,798,33.655,25.696,0.0918,-0.0634,9.7689,-0.2364,-0.3728,0.4267
27500,921,795,33.637,25.688,-0.0734,-0.0947,9.8178,0.2173,-0.565,-0.9279
27505,938,787,33.721,25.724,0.0344,-0.0204,9.8299,-0.4436,-0.7839,-0.2261
27510,954,784,33.579,25.662,-0.0402,-0.0651,9.8729,-0.4279,0.8291,0.1078
27515,971,791,33.596,25.671,-0.0614,-0.0637,9.9326,0.1038,-0.3479,-0.1107
27520,979,784,33.483,25.721,0.0243,0.0296,9.7722,0.6826,0.0974,0.2878
27525,988,781,33.583,25.703,0.0813,-0.0074,9.7281,-0.0049,0.7584,0.3215
27530,1011,780,33.576,25.674,-0.0628,-0.0632,9.7451,0.3645,-0.3259,-0.1976
27535,1014,782,33.579,25.74,0.0228,-0.0406,9.8116,1.4001,0.1674,-0.3175
27540,1034,776,33.597,25.639,-0.1061,-0.0324,9.7277,0.5259,-0.6221,0.3741
27545,1048,773,33.691,25.564,0.0392,0.0231,9.7918,-0.8213,-0.2268,0.671
27550,1053,765,33.558,25.673,-0.0048,0.0545,9.8354,0.6505,-0.056,1.0656
27555,1071,768,33.572,25.672,0.0043,0.0143,9.7211,0.2488,0.3679,0.1494
27560,1081,768,33.631,25.733,-0.0363,0.0748,9.8317,0.3056,-0.6104,-0.1077
27565,1098,761,33.569,25.641,0.0458,0.0521,9.8535,0.7213,-0.1979,1.2356
27570,1094,762,33.734,25.688,0.0079,0.0444,9.8804,0.5112,0.3946,-0.2135
27575,1119,760,33.58,25.612,-0.0999,0.0663,9.7633,-0.8256,-0.19,0.2699
27580,1124,752,33.636,25.561,0.0776,0.0655,9.781,0.0762,0.5333,-0.3231
27585,1120,753,33.67,25.543,0.0235,0.0889,9.8569,-0.3977,0.029,0.1329
27590,1138,753,33.672,25.646,-0.033,-0.0506,9.846,0.1376,0.4615,0.1318
27595,1149,748,33.537,25.607,0.0196,-0.0841,9.8406,0.3658,-0.4352,-0.1339
27600,1150,742,33.62,25.634,-0.1244,0.1755,9.7954,0.4178,-0.4609,0.0441
27605,1157,746,33.637,25.563,-0.0003,0.0789,9.7577,-0.0138,-1.135,0.0085
27610,1166,744,33.587,25.701,-0.0418,0.01,9.7159,-0.2549,0.8234,0.1514
27615,1174,738,33.608,25.653,-0.0011,0.0171,9.854,0.3407,0.9793,0.3661
27620,1177,744,33.65,25.745,-0.0084,-0.0536,9.7643,-0.7529,-0.5663,0.5769
27625,1183,741,33.694,25.722,-0.0457,-0.0112,9.7421,-0.5544,-0.1273,-0.0682
27630,1183,740,33.619,25.602,0.0286,0.05,9.858,-0.5183,-0.4584,-0.2261
27635,1172,739,33.569,25.675,-0.0785,0.0271,9.6834,1.1032,0.0753,0.612
27640,1180,739,33.649,25.623,0.0551,0.0448,9.8183,-0.1091,-0.7931,-0.3755
27645,1184,735,33.583,25.648,-0.0079,-0.0282,9.8387,0.239,0.2239,-0.1044
27650,1190,735,33.612,25.662,0.0016,0.0473,9.8466,-0.5646,0.812,0.2309
27655,1191,737,33.585,25.629,-0.0185,0.0945,9.9046,0.3428,0.2454,-0.8521
27660,1181,738,33.564,25.573,0.0383,-0.0186,9.7837,0.0527,0.0297,0.7852
27665,1188,745,33.666,25.66,-0.0118,0.0564,9.8151,-0.0618,0.0157,-0.9797
27670,1183,736,33.672,25.664,0.0114,0.0184,9.7987,-0.3504,-0.2002,0.2264
27675,1187,737,33.585,25.614,0.0208,0.0438,9.804,0.102,-0.0347,-0.1034
27680,1182,743,33.73,25.604,-0.0115,0.0565,9.773,-0.4892,-0.8473,0.7158
27685,1179,741,33.661,25.646,0.0715,-0.1056,9.8238,-0.5338,0.3862,0.1484
27690,1182,742,33.724,25.654,-0.0188,0.027,9.7571,0.0471,-0.2158,1.2936
27695,1178,747,33.681,25.688,0.0013,0.0605,9.7862,0.104,-0.0149,-0.3529
27700,1181,743,33.607,25.719,-0.0075,-0.042,9.7506,0.3025,-0.4265,-0.5188
27705,1169,754,33.582,25.778,-0.0333,0.0457,9.8317,0.1466,0.2207,-0.157
27710,1160,751,33.709,25.688,-0.0358,-0.0134,9.8186,0.6157,0.2712,-0.1698
27715,1160,752,33.619,25.659,0.0361,0.0405,9.7605,-1.1184,0.0588,-1.0585
27720,1159,761,33.688,25.666,-0.1133,0.068,9.8246,-0.2319,-0.4967,0.471
27725,1154,757,33.6,25.673,-0.0287,-0.076,9.6872,-0.0659,-0.6882,-0.377
27730,1151,765,33.638,25.638,0.0113,-0.0049,9.8072,-0.1507,-0.4368,0.532
27735,1148,768,33.625,25.685,-0.0664,-0.0204,9.7986,0.0968,0.1956,0.1884
27740,1145,768,33.661,25.723,0.0228,-0.0034,9.7935,-0.1522,1.2237,-0.3756
27745,1142,774,33.592,25.684,-0.0284,-0.0346,9.8585,0.0377,0.4206,0.084
27750,1128,779,33.633,25.767,0.005,-0.0463,9.7739,-0.2606,0.2373,-0.6776
27755,1128,780,33.604,25.704,0.0604,-0.0041,9.7549,-0.2127,-0.8967,-0.3029
27760,1138,782,33.633,25.578,0.0997,0.0336,9.8152,0.7795,-0.1904,-0.23
27765,1124,790,33.552,25.669,0.0197,0.0356,9.8049,0.3984,-0.0465,1.3884
27770,1124,791,33.66,25.655,0.0258,-0.0039,9.8334,-0.0574,-0.9947,0.5085
27775,1117,793,33.746,25.708,0.0571,-0.0194,9.8552,-0.5861,-0.0707,-0.8157
27780,1114,795,33.619,25.725,-0.0299,0.056,9.8975,0.7249,0.5959,0.4416
27785,1115,800,33.659,25.656,0.0164,-0.092,9.8251,0.169,-0.4176,0.2682
27790,1109,802,33.594,25.655,-0.002,0.0092,9.8855,-0.6693,-0.6562,-0.7911
27795,1105,807,33.698,25.74,0.0081,-0.012,9.7573,-0.2411,0.0401,-0.0791
27800,1108,806,33.627,25.698,0.082,-0.0446,9.7921,0.0955,0.1628,0.1542
27805,1103,810,33.65,25.65,0.0119,-0.0951,9.7431,-0.9913,0.5997,-0.0951
27810,1095,811,33.633,25.73,-0.0586,-0.0545,9.7453,0.3915,0.0753,-0.5262
27815,1097,817,33.604,25.649,0.0207,0.0003,9.7916,-0.4821,-0.0354,0.1448
27820,1099,823,33.572,25.691,-0.0765,-0.0329,9.8249,0.7816,1.0203,-0.6056
27825,1097,824,33.613,25.602,0.0534,-0.0189,9.9318,-0.0665,1.6879,-0.3477
27830,1084,829,33.667,25.708,-0.1444,-0.0031,9.754,-0.045,-0.0806,0.275
27835,1081,829,33.632,25.671,0.0307,0.0818,9.8082,1.8506,0.8576,0.1886
27840,1080,833,33.665,25.667,-0.013,-0.0451,9.9171,0.7202,0.4101,0.0388
27845,1076,834,33.663,25.645,0.0178,0.0648,9.8328,0.496,0.8319,0.3701
27850,1071,836,33.639,25.628,-0.0518,0.0836,9.8621,-1.2787,-0.6792,-0.4913
27855,1072,838,33.65,25.781,0.0199,-0.0018,9.8525,0.7733,0.2515,0.3573
27860,1073,841,33.619,25.719,0.0495,0.144,9.9307,-0.0447,0.7023,-0.0756
27865,1067,842,33.56,25.632,0.0185,-0.015,9.7785,-0.7209,-0.5798,0.3178
27870,1057,841,33.728,25.639,-0.0208,0.0628,9.8131,-0.3337,-0.2802,0.8844
27875,1063,839,33.689,25.586,-0.0937,0.0154,9.8233,0.3447,0.0283,0.5934
27880,1050,842,33.689,25.588,-0.0081,0.0041,9.7145,-0.859,-0.2373,-0.8381
27885,1055,844,33.604,25.703,0.0371,0.0061,9.9027,-0.1411,0.0907,0.1359
27890,1051,843,33.613,25.592,-0.0059,-0.0108,9.7499,-0.2413,0.2961,0.5107
27895,1042,844,33.583,25.713,0.0439,-0.0175,9.8637,0.1101,0.308,0.0849
27900,1032,845,33.628,25.661,0.0361,-0.0557,9.7583,0.6583,0.401,0.9333
27905,1036,850,33.578,25.679,0.0466,0.0088,9.8196,-0.825,-0.0493,-0.064
27910,1026,847,33.633,25.723,-0.0437,0.0107,9.7901,0.7154,-0.0005,-0.4722
27915,1016,846,33.655,25.75,-0.0291,0.0215,9.7771,0.1764,0.3693,1.2166
27920,1014,845,33.621,25.66,0.0436,0.1068,9.7911,-0.2353,0.4097,0.3182
27925,1010,846,33.652,25.626,0.0424,0.0679,9.8808,-0.2333,0.5144,-0.1883
27930,1008,847,33.615,25.546,0.0284,-0.0174,9.9129,0.3938,0.9182,-0.4309
27935,987,843,33.57,25.748,-0.1348,0.0083,9.793,-0.5256,0.1046,0.0998
27940,983,841,33.65,25.626,-0.0248,0.0672,9.8094,-0.3281,-0.1171,0.4432
27945,976,839,33.654,25.661,0.1164,-0.0334,9.8286,-0.0171,0.9402,0.329
27950,967,841,33.557,25.676,0.0183,-0.0243,9.8156,0.4729,0.1451,-0.3092
27955,955,840,33.644,25.637,-0.0074,0.0592,9.8609,-0.8035,-0.1113,-0.177
27960,948,845,33.619,25.681,-0.0696,0.0024,9.778,-0.0107,-0.1212,0.437
27965,943,842,33.58,25.6,0.0508,-0.0283,9.7967,0.2473,-0.1337,0.2265
27970,938,838,33.556,25.663,-0.0323,0.0361,9.7357,0.9141,-0.1264,-0.2107
27975,920,839,33.646,25.657,-0.0418,0.0677,9.8166,-0.3849,0.1803,0.2095
27980,915,837,33.596,25.694,0.026,0.0928,9.872,-0.3415,-0.2262,0.142
27985,900,833,33.592,25.81,0.0402,-0.0766,9.8215,1.0677,-0.4625,-0.4396
27990,894,832,33.63,25.684,0.0307,0.0623,9.8202,-0.2832,-0.1106,-0.1201
27995,884,839,33.678,25.684,0.027,-0.0215,9.7403,-0.0418,-0.8428,-0.8857
28000,866,833,33.602,25.681,0.027,0.0711,9.8233,0.2791,-0.3549,-0.0112
28005,855,834,33.622,25.759,0.0509,0.0424,9.7373,1.1526,-0.883,-0.1873
28010,862,836,33.664,25.678,-0.0207,0.001,9.8121,0.5273,-0.4093,1.0848
28015,838,833,33.622,25.672,-0.0241,0.0448,9.8741,-0.5922,-0.2987,0.6885
28020,830,827,33.649,25.661,-0.069,-0.0304,9.8569,-0.2902,0.7012,-0.0543
28025,821,830,33.629,25.661,0.0725,-0.0591,9.8793,-0.2514,0.4593,-0.4599
28030,813,828,33.615,25.697,-0.0176,0.0506,9.7777,-0.1203,-0.1662,-0.0706
28035,799,828,33.622,25.665,0.0763,0.078,9.8471,-0.2002,0.635,-0.7322
28040,795,826,33.633,25.666,-0.0066,-0.0089,9.7676,0.2714,-0.6155,-0.0012
28045,792,825,33.689,25.579,0.0179,0.0126,9.7709,-0.507,-0.0349,-0.6291
28050,780,825,33.715,25.628,-0.0472,-0.0,9.8064,0.4431,-0.6533,0.255
28055,776,823,33.66,25.62,0.0676,0.0897,9.8014,0.3039,-0.1672,-0.3835
28060,767,825,33.667,25.682,0.0252,-0.0398,9.839,-0.8002,-0.0681,0.0985
28065,767,826,33.535,25.646,0.017,0.036,9.8097,-0.1573,-0.1132,-0.7238
28070,764,819,33.553,25.67,0.0021,-0.0062,9.8116,-0.0625,0.2137,0.3674
28075,755,824,33.771,25.688,0.0134,0.0507,9.7655,0.2687,-0.2806,0.9848
28080,752,823,33.743,25.667,-0.0009,-0.0366,9.8255,0.6738,0.4478,0.5
28085,755,823,33.648,25.8,-0.0287,-0.0195,9.7286,-0.1764,-1.0719,-0.2908
28090,752,824,33.594,25.688,0.0063,0.0832,9.7718,-0.4669,0.2709,-1.147
28095,746,826,33.692,25.642,0.0107,0.0105,9.8398,0.0599,-0.096,-0.2269
28100,747,816,33.683,25.587,0.0724,-0.0047,9.8679,-0.1384,-1.1031,0.2251
28105,747,824,33.621,25.658,0.0674,0.0237,9.8273,-0.1958,-0.0094,0.0499
28110,756,817,33.632,25.735,0.0103,0.0267,9.816,0.5764,-0.9609,-0.4876
28115,748,822,33.518,25.669,-0.0541,-0.0146,9.8322,0.6462,-0.2594,0.6021
28120,749,815,33.654,25.641,-0.0812,0.0689,9.929,0.26,-0.2071,-0.1256
28125,768,814,33.689,25.659,0.0013,-0.0027,9.747,-0.7728,0.3846,-0.2268
28130,764,817,33.547,25.704,-0.0216,0.0282,9.8268,-0.2869,-0.3846,-0.1246
28135,773,819,33.639,25.648,0.0154,-0.0001,9.8055,-0.8059,-0.7126,0.2976
28140,777,814,33.683,25.713,0.0106,0.0538,9.8289,-0.5002,-0.227,-0.0024
28145,787,813,33.644,25.666,0.0593,0.0106,9.8549,-0.3224,-1.1553,-0.2005
28150,785,811,33.646,25.63,-0.0546,-0.0277,9.7425,-0.45,0.2834,0.4549
28155,808,804,33.71,25.713,0.0077,-0.0728,9.8387,-0.9288,-0.1074,0.1109
28160,815,803,33.606,25.687,0.0765,-0.0561,9.7532,-0.8355,-0.0283,-0.4436
28165,819,802,33.565,25.681,-0.0703,-0.0219,9.8438,-0.4194,0.7315,-0.1112
28170,827,808,33.627,25.642,0.058,0.1085,9.7486,-0.7188,0.5232,-0.3975
28175,837,807,33.574,25.694,0.0056,0.0226,9.8281,-0.1518,-0.3982,0.0934
28180,854,807,33.608,25.62,-0.0452,-0.0512,9.8203,-0.2466,0.7561,0.31
28185,877,802,33.622,25.718,0.0133,0.011,9.7614,-0.4195,0.885,-0.3056
28190,879,792,33.621,25.679,-0.0696,-0.0596,9.8164,0.3461,-0.2675,-0.3017
28195,895,794,33.642,25.702,-0.0191,0.0004,9.7666,0.8357,0.3087,0.4187
28200,917,797,33.629,25.69,-0.0414,-0.0055,9.7402,-0.9805,-0.8944,-0.2313
28205,920,795,33.738,25.666,-0.0275,0.0326,9.8637,-0.0941,-0.7194,-0.1334
28210,942,787,33.502,25.693,-0.0449,0.0616,9.7664,0.3605,0.803,-0.3701
28215,958,785,33.57,25.639,0.0169,0.0118,9.6322,1.4317,-0.254,-0.9804
28220,965,784,33.678,25.622,0.0637,-0.0178,9.8249,1.2103,-0.4076,0.322
28225,977,779,33.602,25.699,-0.0864,-0.0013,9.7415,0.3088,-1.4552,0.2109
28230,984,783,33.673,25.651,-0.1024,0.0349,9.7594,-0.177,-0.7103,0.4233
28235,1005,777,33.555,25.658,0.047,-0.1,9.8104,0.4703,0.5002,0.4344
28240,1013,779,33.622,25.699,0.0103,-0.1081,9.7953,0.2043,-0.5135,-0.5536
28245,1024,775,33.503,25.669,0.0442,0.0743,9.805,0.293,0.7836,-0.5469
28250,1042,770,33.557,25.643,0.0343,0.0811,9.7753,-0.6851,0.6003,-0.2799
28255,1057,775,33.599,25.717,-0.0248,0.0435,9.7755,0.6228,-0.5281,-0.1992
28260,1063,771,33.508,25.686,-0.0032,-0.0053,9.9397,-0.144,0.1695,1.2121
28265,1083,757,33.573,25.694,-0.0373,-0.0164,9.7546,-0.229,0.0018,-0.699
28270,1083,764,33.661,25.677,0.1872,0.0033,9.8107,0.4141,0.1516,-0.0644
28275,1102,759,33.628,25.666,-0.0216,0.0139,9.8215,-0.1662,-0.3652,-0.8241
28280,1114,757,33.567,25.727,0.0403,0.0568,9.8305,-0.6235,-0.461,0.0383
28285,1119,758,33.574,25.713,-0.0334,0.0339,9.8737,0.0897,0.3812,-0.0325
28290,1128,756,33.671,25.682,-0.0968,-0.0151,9.8686,-0.1383,0.3575,0.2352
28295,1130,746,33.567,25.7,-0.0539,-0.0454,9.7512,-0.6638,-0.1544,0.0292
28300,1150,749,33.666,25.649,-0.045,-0.0019,9.7695,-0.5949,-0.3714,0.3462
28305,1157,747,33.582,25.624,-0.0573,0.0483,9.7817,0.1279,1.1056,1.1058
28310,1156,746,33.639,25.665,-0.0348,-0.0422,9.7765,-1.0001,-0.5299,0.1254
28315,1165,748,33.686,25.69,0.0084,0.0755,9.8616,0.2563,-0.3541,-0.4756
28320,1166,734,33.741,25.635,-0.0059,-0.0085,9.8529,-0.3779,-0.5765,-0.9223
28325,1182,741,33.66,25.666,-0.0462,-0.0078,9.8472,-0.3669,0.1173,-0.5326
28330,1176,739,33.606,25.699,0.039,0.0408,9.7647,0.2481,0.4427,-0.3732
28335,1187,740,33.649,25.674,-0.0359,0.0136,9.7642,-0.3416,0.5061,-0.1086
28340,1184,742,33.642,25.684,0.0058,0.0102,9.7681,-0.4757,0.5691,-1.2377
28345,1189,745,33.667,25.742,-0.049,-0.0262,9.7373,0.3446,-0.316,1.0532
28350,1188,735,33.593,25.66,-0.0478,-0.044,9.7544,0.1896,-0.0128,0.1871
28355,1192,738,33.604,25.586,-0.035,0.0644,9.85,0.565,-1.3163,-0.6532
28360,1186,743,33.685,25.698,0.0491,0.045,9.7703,0.0262,-1.0831,-0.7658
28365,1192,744,33.593,25.672,-0.0102,-0.0199,9.8505,-0.0707,-0.3513,-0.3865
28370,1188,743,33.637,25.636,-0.0838,0.0664,9.7256,-0.9701,0.0299,-0.3129
28375,1191,740,33.655,25.59,-0.0096,0.0879,9.8554,0.6949,0.4726,0.4852
28380,1192,742,33.568,25.628,0.0046,0.0891,9.7499,-0.0138,-0.3253,-0.2931
28385,1178,746,33.658,25.64,-0.0723,-0.1204,9.8597,-0.3518,0.4944,-0.1508
28390,1172,745,33.676,25.768,0.1213,-0.0308,9.8275,0.68,-0.9428,-0.4131
28395,1182,745,33.68,25.57,0.0438,-0.028,9.8015,0.4103,0.599,-0.1504
28400,1175,748,33.654,25.754,0.0497,-0.0103,9.8134,-0.4359,-0.369,-0.452
28405,1168,751,33.603,25.777,-0.0659,-0.0672,9.8294,-0.5264,-0.2458,-0.5512
28410,1173,747,33.649,25.733,-0.0127,0.012,9.9003,0.2465,-0.018,-0.4633
28415,1163,753,33.601,25.668,0.0095,-0.0204,9.8593,-0.5689,-0.1532,0.5911
28420,1163,757,33.636,25.628,-0.0368,0.1406,9.7653,0.2996,0.0047,-0.584
28425,1156,760,33.643,25.61,0.0302,0.0387,9.842,-0.1381,-0.4086,-0.5121
28430,1161,761,33.562,25.731,-0.0446,-0.1053,9.8365,0.8849,0.1737,0.6956
28435,1158,765,33.669,25.637,-0.0357,0.0884,9.8418,-0.9934,-0.4007,0.1778
28440,1155,756,33.642,25.611,-0.0185,0.0337,9.8437,-0.1663,0.2583,0.1361
28445,1146,773,33.648,25.738,0.0678,0.0217,9.8595,0.8758,0.4475,0.3797
28450,1143,775,33.665,25.669,0.0509,-0.0924,9.7087,-0.3537,-0.2567,-0.6162
28455,1134,777,33.617,25.63,-0.0145,0.0877,9.8318,-0.3687,0.0286,0.5189
28460,1135,776,33.639,25.734,0.0406,-0.0431,9.7577,-0.5841,0.1367,0.1971
28465,1127,787,33.696,25.612,0.0096,0.0328,9.8028,0.0431,1.0432,0.244
28470,1120,785,33.667,25.664,-0.0074,-0.0568,9.7313,-0.0208,0.0641,-0.2656
28475,1119,788,33.553,25.74,-0.0121,-0.0039,9.8924,0.6282,0.9453,-0.3386
28480,1120,792,33.643,25.646,-0.0358,0.0448,9.8237,0.0031,-0.4295,0.3385
28485,1114,795,33.674,25.615,0.0381,-0.0512,9.7709,0.5239,0.1374,0.1432
28490,1107,795,33.556,25.61,0.1018,0.0516,9.8329,0.1523,-0.3058,-0.8779
28495,1109,804,33.692,25.672,0.0405,-0.0159,9.7606,0.1172,-0.197,0.4715
28500,1106,805,33.541,25.66,-0.0091,-0.0212,9.8157,0.1602,0.6346,0.3784
28505,1112,805,33.682,25.677,0.0798,0.0536,9.8129,-0.3943,-0.2649,0.4747
28510,1107,813,33.638,25.622,0.0422,-0.043,9.7381,-0.039,-0.1209,0.9119
28515,1113,810,33.59,25.683,-0.005,0.0581,9.7414,-0.3391,0.6565,0.3722
28520,1097,817,33.574,25.776,0.0333,0.0804,9.8011,0.521,-0.3562,-0.1437
28525,1098,817,33.508,25.64,-0.0584,-0.0396,9.8325,0.2785,-0.4183,-0.0378
28530,1091,822,33.656,25.681,-0.0724,-0.0309,9.8573,-0.0709,0.152,0.3916
28535,1085,825,33.613,25.744,-0.0563,-0.0698,9.8102,0.5805,0.156,0.0549
28540,1086,829,33.601,25.522,0.0225,0.0197,9.7604,0.052,-0.5103,0.326
28545,1087,834,33.683,25.678,0.0733,0.0768,9.8444,0.0145,0.3196,0.0144
28550,1084,830,33.557,25.573,-0.0734,-0.0686,9.8313,0.1403,0.4398,0.3575
28555,1076,836,33.578,25.605,-0.0367,-0.0048,9.7439,0.1691,0.1084,-0.6965
28560,1083,838,33.695,25.551,-0.0152,0.0637,9.844,0.1431,0.3844,0.0585
28565,1075,839,33.618,25.61,0.015,-0.0507,9.8311,0.5241,0.275,-0.5771
28570,1067,834,33.634,25.656,-0.0125,-0.0619,9.7256,0.0024,0.0303,-0.3113
28575,1065,847,33.645,25.671,0.0026,0.0749,9.8561,0.2437,0.1704,-0.0025
28580,1068,839,33.66,25.705,-0.0134,-0.0795,9.7123,0.0294,0.9109,-0.4819
28585,1059,844,33.66,25.655,0.0164,-0.0238,9.8866,0.0434,-0.5262,-1.5485
28590,1055,841,33.547,25.686,0.0219,0.0209,9.7252,1.1773,0.0429,0.4922
28595,1045,843,33.607,25.636,0.1134,-0.0032,9.7484,0.2194,0.2118,-0.2582
28600,1044,847,33.685,25.558,0.0283,-0.0114,9.8267,0.409,-0.1782,-0.1634
28605,1035,845,33.622,25.64,-0.0809,-0.0345,9.8581,0.2242,-0.119,-0.3189
28610,1037,846,33.665,25.779,0.0335,-0.0626,9.7324,-0.9554,0.1875,-0.5875
28615,1034,844,33.606,25.585,-0.0133,-0.0701,9.8469,-0.1369,-0.5352,0.0498
28620,1023,842,33.666,25.656,0.0686,-0.0618,9.7947,0.1376,0.2591,0.1563
28625,1025,847,33.625,25.656,-0.0724,0.0099,9.8353,-0.4826,0.408,0.0813
28630,1010,843,33.565,25.66,0.0448,-0.0419,9.8096,-0.2857,0.3126,0.0682
28635,998,844,33.563,25.641,0.0859,0.0558,9.7636,-0.1106,-0.573,0.3232
28640,983,844,33.535,25.676,-0.0776,-0.028,9.7995,-0.3163,-0.3106,-1.1359
28645,981,845,33.599,25.66,-0.0534,0.0838,9.8121,-0.2202,-0.5722,0.1719
28650,978,841,33.615,25.718,-0.1053,-0.0042,9.7587,0.1716,0.3193,-0.5467
28655,969,841,33.692,25.755,0.0131,-0.0533,9.8354,1.1354,-0.0246,0.3188
28660,962,850,33.685,25.654,-0.0482,0.0093,9.8767,-1.2707,0.1908,0.1044
28665,952,844,33.704,25.668,-0.0818,-0.104,9.8314,0.0576,0.6234,0.7709
28670,945,839,33.58,25.707,-0.041,-0.0164,9.8052,-0.0173,-0.629,-0.1519
28675,936,845,33.606,25.644,-0.0331,-0.0083,9.8066,0.0017,0.5566,-0.4812
28680,925,841,33.489,25.728,-0.0123,-0.0245,9.8556,0.4947,-0.0121,-0.3703
28685,914,836,33.651,25.795,-0.0274,0.0086,9.8417,0.0,-0.5914,-0.0338
28690,901,832,33.612,25.832,0.053,-0.0229,9.7794,-0.0907,0.1174,0.8805
28695,889,842,33.586,25.698,0.0488,-0.0866,9.788,0.4613,1.2478,-0.9456
28700,885,837,33.653,25.621,-0.0165,0.0173,9.742,0.1359,-0.1578,0.4764
28705,872,834,33.644,25.663,0.0112,-0.032,9.8244,-0.1615,0.088,-0.0312
28710,865,831,33.57,25.711,0.0019,0.0022,9.8464,0.2008,-0.5871,-0.0584
28715,857,834,33.628,25.719,0.0336,0.01,9.7624,-0.1053,-0.5099,-0.2346
28720,841,828,33.798,25.692,0.0867,0.0301,9.8,0.1427,-0.1824,-0.2825
28725,833,830,33.602,25.657,0.0611,0.02,9.8054,0.0431,0.6824,-0.0624
28730,823,830,33.554,25.671,-0.0528,-0.029,9.8452,0.9138,-0.1128,-0.4361
28735,817,827,33.587,25.652,-0.0176,-0.035,9.8315,-0.3772,0.3948,-0.3671
28740,816,825,33.621,25.593,0.0432,-0.0055,9.7673,-0.5654,0.0668,0.2949
28745,799,830,33.528,25.664,0.0163,0.0747,9.8373,0.8481,-0.2545,0.4121
28750,792,829,33.61,25.638,-0.0321,0.0035,9.8332,0.2741,1.1711,0.4468
28755,771,826,33.66,25.724,0.0375,0.0035,9.8553,0.7664,-0.0879,-0.4333
28760,774,819,33.61,25.673,-0.03,0.0922,9.8021,0.2596,1.7434,-0.3267
28765,767,822,33.644,25.677,0.0006,-0.0616,9.7493,-1.0816,0.8234,-0.1961
28770,764,822,33.677,25.752,0.0015,0.0237,9.8641,-0.2812,-0.2432,0.2707
28775,765,817,33.657,25.665,-0.0001,0.0808,9.7767,0.4785,-0.2983,-0.1326
28780,755,827,33.611,25.642,-0.023,-0.0064,9.8359,-0.7186,-1.3116,0.1818
28785,755,826,33.584,25.657,-0.0423,-0.125,9.8397,-0.07,0.1683,-0.3916
28790,743,821,33.594,25.623,-0.0356,-0.055,9.7967,0.0971,-0.6089,0.6877
28795,746,823,33.542,25.602,0.0829,-0.0405,9.8333,-0.6614,-0.6768,-0.1497
28800,748,821,33.62,25.716,-0.1238,0.1203,9.8072,0.1515,-0.129,-0.1304
28805,750,821,33.638,25.701,0.0399,0.0148,9.7245,0.3126,0.5735,0.6033
28810,740,820,33.554,25.673,-0.0382,-0.0044,9.7997,0.9812,-0.2246,0.2846
28815,744,819,33.661,25.657,-0.0029,0.0892,9.7793,0.8173,0.1849,-0.1086
28820,753,814,33.662,25.636,0.0291,-0.0457,9.8046,0.4783,-0.0806,-0.2938
28825,759,819,33.619,25.688,0.0198,0.0494,9.8625,-0.0869,-0.0101,0.0422
28830,763,817,33.604,25.613,-0.0058,0.0244,9.8366,0.6117,-0.3915,-0.7148
28835,770,816,33.652,25.666,-0.0132,-0.0199,9.8339,-0.4365,0.2716,0.5146
28840,765,815,33.56,25.629,0.0334,-0.0108,9.9062,0.278,0.3748,1.0802
28845,772,814,33.559,25.646,-0.1141,-0.0034,9.8196,0.1572,0.1305,0.2323
28850,788,812,33.519,25.718,-0.0,0.0279,9.7383,0.4037,0.0749,-0.3972
28855,790,811,33.566,25.7,0.0016,-0.0313,9.8095,0.1208,0.7489,0.1456
28860,801,807,33.597,25.689,-0.0061,0.0606,9.8256,-0.6183,0.7536,-0.9796
28865,819,809,33.681,25.731,-0.0633,-0.0218,9.8301,-0.5339,0.5264,0.4052
28870,815,810,33.596,25.617,-0.0362,-0.003,9.8121,-0.6037,0.7572,-0.1469
28875,831,812,33.553,25.678,-0.0188,-0.0386,9.7862,-0.4868,-0.973,1.0532
28880,838,801,33.63,25.692,0.0639,-0.005,9.8212,0.0699,0.1022,-0.2133
28885,839,805,33.697,25.672,-0.0027,-0.0407,9.8121,0.3158,0.5022,0.1938
28890,869,802,33.653,25.66,-0.0402,-0.0118,9.7836,0.0572,-0.3492,1.4293
28895,873,806,33.603,25.709,-0.0066,0.0099,9.7677,0.1996,-0.0439,0.629
28900,892,795,33.667,25.681,-0.0009,0.0686,9.782,0.587,0.4195,-0.0823
28905,901,799,33.621,25.644,-0.0113,0.0543,9.8466,-0.6151,-0.5632,0.1395
28910,916,790,33.571,25.679,0.0206,-0.0064,9.86,-0.1682,-1.2338,0.3066
28915,928,791,33.602,25.565,-0.0021,0.0404,9.7889,0.383,0.1204,0.4637
28920,931,794,33.72,25.664,-0.0162,-0.0019,9.911,-0.3973,0.9544,1.0984
28925,960,786,33.567,25.679,0.065,0.0182,9.8317,0.0146,-0.9212,0.0524
28930,973,783,33.604,25.603,0.0106,0.0389,9.8516,-0.1911,0.255,-0.2346
28935,986,783,33.65,25.667,-0.0615,0.0862,9.8595,0.4178,0.1493,0.4858
28940,995,776,33.545,25.702,-0.0096,0.0428,9.8993,1.1703,0.0694,-0.9986
28945,1007,778,33.616,25.654,-0.0501,0.0481,9.777,-0.3754,-0.1141,-0.2954
28950,1022,775,33.655,25.618,0.0128,-0.075,9.7878,-0.4777,-0.333,-0.1851
28955,1040,773,33.608,25.663,-0.0426,0.0542,9.748,-0.4501,0.9587,0.7992
28960,1055,771,33.678,25.666,-0.0053,-0.011,9.8215,0.2252,0.6057,-0.6117
28965,1067,768,33.587,25.686,0.0034,-0.039,9.7856,-0.8788,-0.0793,0.071
28970,1084,763,33.548,25.677,0.055,0.053,9.7564,0.1566,0.8196,-0.5576
28975,1085,764,33.599,25.627,0.1153,-0.0179,9.8964,-0.4838,0.5917,0.4506
28980,1092,765,33.645,25.67,0.0167,0.0037,9.6943,0.525,0.6791,-0.2333
28985,1109,757,33.614,25.652,0.0377,-0.0397,9.7667,-0.6262,-0.5187,-0.4156
28990,1121,752,33.561,25.764,-0.03,-0.0133,9.7474,0.2388,-0.5119,-0.5591
28995,1118,750,33.576,25.733,-0.0061,-0.0041,9.7773,0.3668,-0.7322,0.0311
29000,1130,756,33.574,25.691,0.0228,0.1085,9.8446,-0.3506,-0.1482,-0.8418
29005,1142,755,33.589,25.656,-0.0477,-0.0724,9.8077,-0.0056,-0.3233,0.2622
29010,1150,746,33.683,25.673,-0.1096,0.0335,9.8472,-0.4741,0.1684,0.5301
29015,1151,745,33.593,25.636,0.0191,0.0093,9.8089,-0.8314,0.2847,1.2582
29020,1157,742,33.616,25.757,0.0317,0.1678,9.7877,0.0515,0.2193,0.0486
29025,1165,746,33.591,25.692,-0.0621,0.0258,9.8555,1.2401,0.3969,0.025
29030,1176,742,33.618,25.715,0.0094,-0.0553,9.844,-0.1291,0.8056,0.2232
29035,1181,741,33.639,25.614,0.0715,-0.0746,9.8813,-0.0676,-0.9151,-0.7253
29040,1180,738,33.666,25.661,-0.0187,-0.0853,9.7,-0.5892,0.3991,0.4777
29045,1184,740,33.585,25.678,0.0536,0.0505,9.8578,0.6462,1.0485,0.1795
29050,1180,739,33.591,25.67,0.0043,0.0814,9.8313,0.1496,-0.8438,-0.2091
29055,1184,744,33.6,25.784,0.0017,-0.0072,9.7852,-0.3666,0.2287,-0.4836
29060,1189,739,33.637,25.616,-0.0137,0.0085,9.7466,-0.0425,-0.0966,0.1927
29065,1189,740,33.621,25.633,-0.016,0.0218,9.7718,-0.8521,-0.0209,0.2505
29070,1186,738,33.692,25.606,-0.0018,0.0458,9.8011,-0.2429,-0.1343,0.8496
29075,1194,744,33.614,25.694,0.0617,0.0622,9.8038,-0.6807,0.3679,0.3065
29080,1192,738,33.653,25.61,-0.0477,0.0106,9.7935,0.4209,-0.2969,0.9076
29085,1184,738,33.648,25.648,-0.0642,0.0291,9.88,-1.2508,-0.3589,-0.4625
29090,1188,741,33.595,25.67,-0.0129,0.0246,9.8295,-0.1611,-0.0782,-0.1961
29095,1180,745,33.563,25.604,0.0012,-0.0077,9.9051,-0.3283,-0.183,-0.1026
29100,1187,744,33.548,25.671,0.0051,0.0199,9.8266,0.9851,-0.0126,0.1961
29105,1166,745,33.63,25.651,0.097,0.0245,9.8529,0.0842,0.0623,-0.0046
29110,1162,748,33.591,25.712,-0.0739,0.0673,9.675,-0.0674,-0.2975,0.0087
29115,1166,753,33.541,25.72,0.024,-0.1308,9.7486,0.1594,1.3817,-0.4451
29120,1163,753,33.655,25.625,0.0752,-0.0306,9.8125,-0.092,-0.8429,-0.1659
29125,1159,755,33.67,25.595,0.0426,-0.066,9.809,0.5132,-0.3334,0.4095
29130,1161,762,33.619,25.643,0.0723,-0.0578,9.7793,-0.3612,-0.5317,0.8305
29135,1148,757,33.682,25.689,0.093,0.0565,9.781,-0.6462,-0.5332,1.4248
29140,1160,761,33.673,25.658,-0.0049,0.0651,9.83,-0.0445,0.8356,-0.3162
29145,1147,771,33.66,25.671,0.05,0.0186,9.7605,0.3235,-0.1791,0.2295
29150,1151,770,33.635,25.611,0.0274,0.0333,9.7571,-0.293,0.2607,-0.9786
29155,1145,762,33.593,25.713,-0.0256,0.0453,9.8089,0.618,-0.5928,-0.2883
29160,1139,769,33.56,25.657,0.0103,-0.047,9.8336,0.2626,-0.3862,0.362
29165,1130,779,33.613,25.654,0.0337,-0.0139,9.7768,0.0423,-0.0068,0.6865
29170,1130,784,33.603,25.66,-0.0932,-0.0042,9.9565,0.2442,0.1572,-0.4076
29175,1123,784,33.639,25.708,-0.1002,-0.0555,9.7754,0.319,-0.3266,-0.3534
29180,1120,783,33.599,25.642,0.0618,-0.0658,9.8079,0.7498,0.7252,0.0785
29185,1118,792,33.542,25.666,-0.0906,0.0693,9.8274,0.37,-0.9693,-0.4242
29190,1113,796,33.628,25.59,-0.0701,-0.0165,9.8153,0.0991,-0.5994,0.1702
29195,1119,802,33.618,25.686,0.0165,0.0603,9.8616,-1.3832,0.331,0.1361
29200,1111,799,33.627,25.773,-0.0688,-0.0017,9.9119,-0.3644,-0.2799,-0.1463
29205,1113,803,33.617,25.71,0.0046,0.0494,9.7853,-0.6079,0.4495,0.7438
29210,1098,809,33.658,25.635,-0.0409,-0.0567,9.7857,0.2604,-0.7638,0.5321
29215,1111,809,33.652,25.607,-0.0729,-0.0561,9.7725,-0.2135,-0.3154,0.3126
29220,1098,810,33.659,25.717,-0.0147,0.0067,9.8903,1.1367,-0.6952,-0.6859
29225,1101,821,33.528,25.666,-0.0415,-0.0218,9.9159,-1.3274,-0.5627,0.06
29230,1094,829,33.571,25.666,0.0394,0.0333,9.8423,-0.0232,0.082,-0.4503
29235,1085,823,33.677,25.662,0.0585,0.0679,9.7275,-0.9514,-0.5636,-0.4737
29240,1091,829,33.641,25.569,-0.0471,0.0408,9.8126,-0.4842,0.538,0.1691
29245,1087,828,33.583,25.669,-0.0022,0.0123,9.8811,-0.2099,0.2028,-0.2426
29250,1085,825,33.667,25.669,-0.0131,0.0086,9.8394,0.4043,0.7562,0.0599
29255,1087,836,33.677,25.594,-0.0453,0.0059,9.7137,-0.0969,-0.168,-0.632
29260,1079,833,33.748,25.665,-0.0472,0.011,9.823,0.0199,-0.9013,0.6841
29265,1070,837,33.63,25.579,0.0046,-0.0497,9.8378,-0.0979,0.2026,0.1848
29270,1078,838,33.598,25.579,0.0841,-0.0555,9.8037,0.6246,0.2994,-0.7584
29275,1078,839,33.591,25.567,-0.0288,-0.0178,9.8359,-0.0794,-0.2851,-0.1283
29280,1070,841,33.657,25.661,-0.0975,0.1102,9.7569,-0.1731,-0.4261,-0.5596
29285,1064,833,33.624,25.654,0.0285,-0.0096,9.8741,0.4518,0.026,0.3024
29290,1061,843,33.611,25.784,0.0668,-0.055,9.8123,0.4318,-0.0897,-0.6846
29295,1054,844,33.563,25.596,0.1101,-0.0386,9.8966,-0.5478,0.5712,0.3985
29300,1049,844,33.591,25.703,-0.0429,-0.0766,9.7904,0.9237,0.2287,-0.5332
29305,1049,844,33.586,25.717,0.052,-0.0075,9.8323,0.7497,0.4042,0.0134
29310,1041,842,33.643,25.73,0.0379,0.0522,9.7774,-0.4259,0.7297,-0.5448
29315,1033,850,33.644,25.661,0.0014,-0.0182,9.7455,-0.6607,0.2222,0.0507
29320,1034,849,33.685,25.639,-0.0724,-0.0049,9.7872,-1.1473,0.2073,-0.8056
29325,1027,850,33.588,25.681,-0.0175,0.0106,9.8431,1.182,-0.0551,-0.7545
29330,1017,845,33.634,25.694,0.0265,0.0015,9.7704,-0.3901,0.859,0.1901
29335,1022,844,33.659,25.697,-0.0062,-0.0127,9.7618,0.2425,0.6505,-0.3106
29340,1006,851,33.68,25.682,-0.0077,-0.0082,9.8474,-0.2608,-0.8718,0.001
29345,994,842,33.626,25.613,-0.0542,-0.0176,9.661,0.1355,-0.2031,0.208
29350,992,842,33.655,25.56,-0.0632,0.0959,9.7967,0.6988,0.2071,0.3483
29355,987,845,33.635,25.576,0.0558,0.0317,9.7884,-0.0141,0.2113,0.3537
29360,982,845,33.642,25.712,0.0153,0.0469,9.8122,0.3984,-0.2661,1.231
29365,972,843,33.619,25.68,0.0259,-0.023,9.8426,-0.042,0.0387,0.5627
29370,956,841,33.659,25.74,0.0182,-0.0066,9.8821,-0.6067,-0.097,-0.0128
29375,952,839,33.582,25.763,-0.0138,-0.034,9.8604,1.3827,0.3423,-0.5293
29380,935,842,33.538,25.708,-0.076,0.0748,9.8117,0.1705,-0.706,-0.0548
29385,924,844,33.552,25.661,-0.0639,0.032,9.7655,0.0667,-1.028,-0.1515
29390,916,837,33.588,25.686,-0.0111,0.0064,9.8451,-0.551,0.8911,-0.7422
29395,904,837,33.649,25.592,0.012,0.0298,9.809,-0.3783,0.0624,0.7306
29400,893,834,33.6,25.533,0.0116,0.0269,9.8531,-0.6647,0.3897,0.2943
29405,885,838,33.671,25.643,0.02,-0.0418,9.808,-0.6097,-0.3213,0.5714
29410,882,831,33.667,25.703,-0.0078,-0.0162,9.8007,-0.3459,-0.3595,-0.3154
29415,866,834,33.525,25.557,-0.0233,-0.0663,9.8129,-0.1683,-0.347,1.1318
29420,854,839,33.56,25.661,0.0457,-0.0583,9.7885,-0.1878,-0.421,-0.4721
29425,849,831,33.701,25.558,0.0147,-0.0093,9.9299,-0.0321,0.711,-0.1233
29430,834,833,33.551,25.651,0.0186,0.0068,9.8756,0.4569,-0.1646,-0.1885
29435,834,835,33.574,25.714,-0.0675,0.0287,9.7804,-0.156,-0.2348,0.5287
29440,824,827,33.687,25.606,0.0185,-0.0974,9.8311,-0.3655,-0.0911,-0.3157
29445,809,827,33.605,25.647,-0.0695,-0.0742,9.7912,0.5956,-0.2459,0.771
29450,806,829,33.652,25.671,0.0708,0.0107,9.8189,-0.3783,-0.1738,1.0564
29455,809,827,33.635,25.7,0.0145,-0.066,9.7902,0.4191,-0.4159,0.8466
29460,789,836,33.566,25.68,0.0953,-0.0539,9.7573,0.376,-0.3645,0.2083
29465,773,825,33.599,25.588,0.0004,-0.0214,9.7378,0.5846,0.425,0.1868
29470,769,827,33.595,25.602,0.0345,0.049,9.7724,0.4137,0.3981,-0.1171
29475,766,824,33.649,25.642,0.0127,-0.0237,9.8027,0.2252,0.0482,0.548
29480,762,822,33.664,25.694,0.0504,-0.0235,9.7597,-0.1343,-0.4018,0.5434
29485,755,822,33.572,25.613,-0.0337,-0.0572,9.8234,-0.7155,-0.3358,0.2257
29490,751,822,33.64,25.701,-0.0403,-0.0947,9.8928,-0.2267,-0.2979,0.2279
29495,741,822,33.562,25.577,0.0269,0.0489,9.8059,-0.3333,-0.114,0.0279
29500,748,823,33.626,25.637,0.0581,-0.0185,9.815,0.9589,-0.2004,0.0319
29505,751,820,33.619,25.584,0.0095,-0.034,9.7629,-0.0137,-0.5408,0.378
29510,749,817,33.584,25.62,0.0856,-0.1163,9.7617,0.3003,-0.4392,-0.0601
29515,746,822,33.611,25.641,0.0303,0.0048,9.804,0.606,0.0776,0.2948
29520,751,817,33.537,25.718,-0.0403,-0.0411,9.8193,0.1212,0.2863,-0.147
29525,752,819,33.607,25.651,0.0309,0.1492,9.8501,1.1378,-0.0982,-0.6939
29530,756,817,33.677,25.736,-0.068,-0.0142,9.8597,0.031,0.2762,0.356
29535,761,817,33.509,25.626,-0.041,0.0454,9.7748,0.3188,-0.108,-0.4565
29540,767,813,33.601,25.58,0.0817,-0.0159,9.7903,-0.7673,-0.3452,-0.6377
29545,768,816,33.556,25.692,-0.0013,0.0259,9.8096,0.1858,-0.0812,0.5828
29550,772,812,33.584,25.678,0.0783,-0.0542,9.7714,-0.36,0.4086,-0.2338
29555,781,815,33.629,25.595,0.0764,-0.1129,9.7878,0.3354,-0.3096,-0.6271
29560,791,809,33.632,25.693,-0.0053,0.089,9.797,-0.0603,-0.1179,-0.3257
29565,792,812,33.575,25.702,-0.0331,0.0233,9.8363,-0.2229,0.7357,0.0647
29570,811,809,33.564,25.676,0.0111,-0.01,9.7505,0.4842,1.1022,0.2583
29575,818,813,33.623,25.606,0.0217,0.0051,9.8431,0.4206,0.3888,-1.5765
29580,829,809,33.598,25.672,0.0242,0.1142,9.8083,-0.239,-0.2834,0.1747
29585,840,805,33.699,25.615,0.0817,0.0044,9.7056,0.1065,-0.9335,0.1858
29590,850,799,33.602,25.663,-0.0085,-0.0216,9.7911,-0.6105,0.205,0.2026
29595,859,799,33.632,25.597,-0.0098,0.0224,9.7987,-0.6331,0.4691,-0.146
29600,866,802,33.604,25.704,-0.0563,-0.0416,9.756,-0.2473,0.0534,0.4083
29605,894,797,33.626,25.759,-0.0109,-0.0162,9.816,0.2427,-0.1771,0.216
29610,897,797,33.639,25.705,-0.0193,-0.0421,9.8631,0.1086,-0.0956,-0.6611
29615,910,797,33.688,25.597,0.0229,0.0362,9.7837,0.3797,-0.295,-1.0604
29620,922,794,33.591,25.588,-0.0259,-0.0509,9.7963,-0.6998,-0.9313,0.106
29625,941,785,33.533,25.646,0.0231,-0.1208,9.7876,0.0685,0.5224,0.3806
29630,953,783,33.606,25.692,-0.0226,0.0125,9.8794,0.1307,0.5349,0.9387
29635,976,789,33.514,25.686,-0.03,-0.016,9.8044,-0.2942,-0.0851,-0.5598
29640,982,783,33.572,25.644,0.1177,0.04,9.8586,0.909,-0.3013,-0.9269
29645,993,779,33.609,25.748,0.0149,-0.0736,9.8064,0.309,-0.2164,-0.2126
29650,1008,778,33.655,25.619,0.0306,0.0546,9.7756,-0.6713,0.2051,-0.2399
29655,1024,770,33.584,25.67,-0.0814,-0.0151,9.7972,-0.105,0.9403,-0.3314
29660,1026,773,33.698,25.564,0.0018,-0.0642,9.832,-0.4663,-0.4438,-0.2122
29665,1044,773,33.66,25.627,-0.0072,0.0603,9.823,-1.0731,0.241,-0.0586
29670,1071,764,33.692,25.655,-0.0585,-0.0113,9.8227,-0.3002,-0.0181,0.377
29675,1070,771,33.586,25.59,0.0696,0.0721,9.7988,0.001,-0.4818,-0.1059
29680,1090,764,33.526,25.644,-0.0425,-0.0599,9.819,-0.1353,1.0564,-1.2569
29685,1095,761,33.574,25.712,-0.02,0.0274,9.8919,-0.4231,0.3758,-0.1997
29690,1099,755,33.664,25.692,-0.0537,0.0449,9.8958,-1.8054,0.2123,-0.0608
29695,1112,761,33.685,25.616,-0.0023,0.0298,9.784,0.2481,0.5185,-0.2906
29700,1123,757,33.685,25.539,0.0396,-0.033,9.8626,-0.0955,-0.5234,-0.7947
29705,1125,757,33.621,25.59,0.0618,0.0283,9.7608,0.5545,-0.1924,-0.5948
29710,1145,749,33.558,25.594,0.0275,0.1317,9.7673,0.4171,0.5368,1.3083
29715,1143,751,33.617,25.752,0.0868,-0.0252,9.86,-0.4014,0.7997,0.2333
29720,1152,750,33.572,25.56,0.0304,0.029,9.8375,-0.6342,-0.3684,-0.5532
29725,1164,745,33.517,25.655,-0.014,-0.0197,9.8088,-1.0708,0.0981,0.1282
29730,1168,745,33.687,25.688,-0.0492,0.0373,9.8052,0.7042,-0.75,-1.1965
29735,1178,737,33.577,25.61,0.0439,-0.079,9.6949,0.2347,0.1886,-0.3162
29740,1184,742,33.556,25.689,0.0807,0.0297,9.8312,0.2177,0.107,-0.2051
29745,1176,739,33.635,25.632,0.017,-0.0132,9.8993,-0.4992,0.5633,0.8283
29750,1189,743,33.569,25.672,-0.0086,-0.0289,9.834,0.1537,-0.7184,-0.1665
29755,1192,739,33.579,25.793,-0.047,-0.0,9.7957,0.5546,-0.4149,-0.5176
29760,1185,741,33.561,25.603,-0.0605,-0.0057,9.8052,-0.0523,0.1464,0.4993
29765,1190,740,33.532,25.507,-0.0667,-0.0196,9.8775,-0.3129,0.2478,0.1833
29770,1188,738,33.576,25.646,0.0229,0.0261,9.8611,0.2604,-0.0693,-0.087
29775,1178,740,33.543,25.672,0.0155,0.0451,9.8277,0.5508,-0.3706,0.2625
29780,1187,741,33.653,25.682,-0.0363,-0.0077,9.871,-0.0268,-0.7877,0.3279
29785,1181,738,33.602,25.689,0.0566,-0.0082,9.7889,0.0789,0.2047,-0.4466
29790,1182,738,33.572,25.697,0.0568,0.0055,9.8244,0.6969,0.1905,1.031
29795,1186,742,33.491,25.639,0.1559,0.012,9.8039,0.1717,0.7223,-0.5944
29800,1183,744,33.615,25.601,0.049,0.0609,9.7456,-0.4178,-0.6127,-0.5444
29805,1183,746,33.583,25.629,0.0507,-0.0207,9.8367,-0.0262,-0.1613,-0.3492
29810,1185,746,33.627,25.719,0.003,-0.0307,9.8287,-0.0755,-0.0259,0.7443
29815,1171,750,33.598,25.656,0.0306,0.0044,9.7307,0.4697,0.6092,0.6381
29820,1172,747,33.577,25.623,0.0931,0.055,9.7849,-0.4749,-0.4076,-0.1733
29825,1170,753,33.604,25.601,0.028,-0.0245,9.811,-0.0787,0.8065,-0.1995
29830,1160,753,33.574,25.73,0.0147,0.0322,9.8186,-0.263,-0.2548,-0.5542
29835,1151,756,33.566,25.633,0.0691,0.0315,9.8424,0.9498,-0.3545,-0.093
29840,1148,754,33.554,25.566,0.0064,0.1182,9.8544,-0.2959,0.0449,0.5197
29845,1148,763,33.531,25.623,0.0108,0.0163,9.8907,-0.9009,1.191,1.2355
29850,1149,764,33.585,25.611,0.0227,0.0132,9.8171,-0.4002,-0.6344,0.2258
29855,1145,768,33.629,25.657,0.025,0.0213,9.8308,0.1535,-0.0752,0.3355
29860,1147,773,33.545,25.643,-0.0166,0.0325,9.8443,0.7793,-0.0731,0.1598
29865,1137,772,33.567,25.708,-0.0427,0.0201,9.8177,0.1135,-0.0663,0.4976
29870,1129,773,33.584,25.676,-0.0757,0.0791,9.7806,0.2279,-0.2829,0.0588
29875,1135,783,33.653,25.608,0.0098,0.0069,9.8059,-0.535,0.5508,0.2235
29880,1126,784,33.547,25.621,0.0678,0.0492,9.7686,1.1198,0.4856,0.2915
29885,1123,779,33.641,25.649,-0.0637,-0.0718,9.8052,0.2693,0.1002,-0.4145
29890,1124,792,33.589,25.678,-0.0285,-0.0638,9.7287,0.4558,-0.9893,-0.0475
29895,1122,798,33.603,25.702,0.0802,0.0756,9.7411,-0.5208,0.0636,0.281
29900,1112,800,33.483,25.616,-0.0583,0.0893,9.8458,0.3327,0.3498,0.3872
29905,1106,792,33.702,25.675,0.0095,0.0073,9.8667,0.5234,0.06,-1.1211
29910,1114,802,33.584,25.703,-0.003,0.0748,9.7882,-0.0016,-0.0997,-0.6877
29915,1110,809,33.578,25.7,-0.0043,0.0992,9.7848,-0.6028,-0.7345,-0.2159
29920,1099,807,33.561,25.618,0.0286,0.0215,9.9008,-0.0888,0.3476,-0.161
29925,1111,811,33.584,25.699,-0.0333,0.0304,9.71,-0.4338,0.2647,0.4655
29930,1102,822,33.718,25.601,-0.0549,-0.0031,9.8537,0.1967,-0.8327,0.3428
29935,1098,816,33.647,25.687,0.0493,0.0509,9.9,0.0079,-0.5312,0.4051
29940,1089,824,33.67,25.651,-0.0438,-0.0557,9.7761,0.6826,0.4009,-0.004
29945,1100,824,33.595,25.618,-0.0373,0.0908,9.7918,-0.633,0.2493,0.9959
29950,1080,827,33.564,25.688,0.0989,-0.0104,9.8496,0.481,0.5269,0.0231
29955,1087,823,33.655,25.666,0.0634,-0.0277,9.7584,0.5721,0.5226,-0.0812
29960,1088,833,33.663,25.62,0.0267,0.0205,9.8895,-0.0587,0.3341,0.1352
29965,1081,836,33.602,25.643,0.0077,0.003,9.7955,0.0804,-0.2193,0.4139
29970,1072,836,33.601,25.663,0.0245,-0.1066,9.8105,-0.5769,0.0884,0.298
29975,1070,836,33.565,25.569,0.0183,-0.0745,9.835,-0.7312,0.1802,-0.0837
29980,1076,839,33.621,25.652,0.0438,-0.0274,9.7896,-0.6509,1.0665,0.4282
29985,1067,840,33.587,25.676,-0.0266,0.008,9.8696,0.1175,-0.1713,0.4964
29990,1062,841,33.589,25.666,0.0702,0.0348,9.7458,0.2589,1.1766,-0.4804
29995,1069,842,33.576,25.618,-0.0303,0.0045,9.7651,0.426,-0.2232,0.1175
30000,1051,838,33.616,25.67,0.0197,-0.0521,9.7378,-0.2436,-0.6646,-0.757
30005,1054,843,33.599,25.658,0.0229,-0.0785,9.8511,-0.4296,-0.4239,-0.0847
30010,1046,844,33.62,25.685,-0.0427,0.1294,9.7487,0.6216,-0.3112,0.0105
30015,1043,844,33.652,25.706,0.061,0.0474,9.7898,-0.4674,0.2158,1.2179
30020,1034,841,33.624,25.711,-0.0136,0.0653,9.8625,-0.1891,-0.4394,-0.83
30025,1035,845,33.589,25.638,-0.0069,-0.0131,9.8426,0.8889,-0.701,0.3697
30030,1026,853,33.638,25.575,-0.0415,0.0627,9.8284,-0.1494,0.3364,0.1157
30035,1016,844,33.604,25.651,0.0511,-0.0338,9.8611,0.2801,-0.513,-0.5048
30040,1012,845,33.648,25.732,0.0851,-0.0143,9.7424,0.5347,0.435,0.5527
30045,1013,845,33.567,25.636,-0.0362,-0.0733,9.7798,0.5866,0.0655,-0.2928
30050,993,845,33.622,25.61,-0.0403,-0.0153,9.7626,-0.0364,0.1477,0.404
30055,990,847,33.641,25.672,-0.0206,-0.0779,9.8436,-0.036,0.6546,-0.4971
30060,983,847,33.674,25.618,-0.0309,0.1122,9.7886,0.7164,-0.0816,0.2376
30065,976,842,33.499,25.558,0.0656,-0.0531,9.766,0.0564,-0.5991,0.3866
30070,961,838,33.604,25.636,0.014,0.0345,9.8333,-0.1142,-0.2988,0.2173
30075,961,844,33.581,25.679,-0.0264,0.0558,9.8238,0.6748,-0.1112,1.4136
30080,948,845,33.66,25.636,-0.0335,-0.0142,9.7763,-0.2004,-0.141,0.0193
30085,931,839,33.566,25.632,-0.0451,-0.0802,9.7254,-1.0124,-0.3022,1.0084
30090,921,837,33.597,25.601,0.0748,-0.025,9.8687,0.0713,0.1032,0.4605
30095,923,839,33.633,25.65,-0.001,-0.0216,9.8472,0.0365,0.2866,-0.4583
30100,905,835,33.636,25.615,0.0002,-0.0617,9.7431,-0.2075,0.4319,-1.2308
30105,887,836,33.598,25.617,0.0813,0.0658,9.8116,0.015,0.3106,0.2847
30110,892,831,33.629,25.602,0.0845,0.024,9.8061,-0.06,-0.0436,-0.0197
30115,874,833,33.52,25.667,-0.1502,-0.0105,9.7626,0.062,-0.0154,-0.5054
30120,871,838,33.562,25.67,0.1322,-0.0469,9.9044,-0.1494,0.1423,0.3926
30125,855,834,33.522,25.677,0.0449,0.0372,9.8212,-0.0028,-0.0221,0.9642
30130,843,833,33.638,25.702,0.0337,-0.0302,9.8176,-0.2386,-0.1859,0.1327
30135,840,829,33.627,25.565,0.0282,-0.0108,9.8496,0.4506,0.4336,0.1421
30140,828,822,33.588,25.665,0.0306,0.0071,9.8392,-0.1767,0.0232,0.0004
30145,814,832,33.629,25.625,0.0364,-0.0005,9.7442,0.1894,-0.7841,-0.1388
30150,808,826,33.455,25.613,-0.0562,-0.0548,9.8295,-0.4894,0.3686,0.3483
30155,796,831,33.619,25.706,0.015,-0.0698,9.7459,-0.0058,-0.8143,0.0805
30160,789,829,33.612,25.594,-0.0213,0.0487,9.6891,1.01,0.1584,0.2951
30165,791,824,33.548,25.581,0.008,0.0342,9.7137,0.1498,-0.0963,0.1665
30170,779,828,33.718,25.61,-0.0914,0.109,9.8011,-0.8712,-0.1015,0.5776
30175,775,823,33.609,25.661,-0.0491,-0.0461,9.7646,0.3875,-0.0956,0.3535
30180,761,819,33.678,25.575,-0.0726,0.0327,9.9221,0.2251,-0.7328,0.6519
30185,767,820,33.678,25.725,-0.0091,-0.0196,9.8195,0.2237,-0.5233,0.3799
30190,747,823,33.633,25.686,0.1211,0.0207,9.8012,-1.0671,-0.5233,0.3986
30195,753,821,33.687,25.635,0.0103,0.0566,9.8012,-0.1461,0.5128,0.099
30200,753,822,33.613,25.64,-0.0419,0.0322,9.7722,0.2589,-0.6863,0.4039
30205,749,824,33.587,25.694,-0.0331,-0.0112,9.905,-0.2152,0.0486,0.1621
30210,740,821,33.629,25.636,-0.0782,-0.0234,9.8833,-1.2682,-0.1802,-0.074
30215,750,819,33.63,25.616,0.0949,-0.0492,9.8889,-0.1208,-0.5978,0.2479
30220,746,820,33.458,25.57,0.036,-0.0167,9.7545,-0.3738,0.1351,0.4839
30225,746,813,33.562,25.638,-0.0363,0.0222,9.8084,0.3831,-0.2271,0.2634
30230,741,816,33.57,25.649,-0.0759,0.0659,9.9011,-0.113,-0.1916,-0.3086
30235,753,824,33.591,25.572,-0.036,-0.0023,9.7967,-0.3582,-0.73,-0.5274
30240,756,814,33.625,25.522,-0.008,-0.0308,9.7451,-0.5306,1.1712,1.0959
30245,761,815,33.564,25.691,-0.1177,0.0263,9.8491,0.3387,1.2211,-0.3851
30250,766,816,33.592,25.642,-0.0422,-0.0037,9.7495,0.6275,0.6264,-0.227
30255,764,815,33.619,25.68,-0.0158,-0.0393,9.7586,-0.2399,0.9206,0.7977
30260,782,814,33.558,25.658,0.0125,0.0202,9.8035,-0.3228,0.538,0.9111
30265,788,812,33.595,25.562,-0.1112,-0.0551,9.7958,0.9984,0.1876,0.423
30270,798,810,33.604,25.654,-0.0216,-0.0112,9.9054,-0.2279,0.24,-0.1534
30275,806,810,33.621,25.597,0.0658,-0.0214,9.8828,-0.05,-0.4016,-0.1043
30280,808,810,33.586,25.617,-0.0327,-0.0657,9.7822,0.5393,0.3304,0.0113
30285,819,813,33.649,25.576,0.0563,0.01,9.8803,0.3634,-0.1127,-0.116
30290,835,812,33.56,25.554,-0.0529,-0.015,9.7452,0.2713,0.0754,-0.7269
30295,848,805,33.616,25.701,-0.0194,0.0366,9.7915,0.2236,-0.1039,-0.6848
30300,861,798,33.554,25.695,0.0039,0.0337,9.8637,0.4568,-0.1245,-0.1917
30305,872,804,33.599,25.661,0.0598,0.0091,9.7451,0.8331,0.4735,0.444
30310,887,799,33.603,25.586,-0.0112,-0.0855,9.8173,-1.7701,-0.3322,0.2126
30315,896,795,33.599,25.616,0.1723,0.0602,9.8039,0.076,0.1855,0.3697
30320,912,793,33.619,25.577,-0.0105,-0.0134,9.8322,0.1556,0.1913,0.2203
30325,917,789,33.575,25.604,0.0069,-0.0377,9.8036,-1.0204,-0.2829,0.0507
30330,939,789,33.55,25.601,0.0313,0.088,9.8503,0.3249,-0.3887,0.3434
30335,955,786,33.589,25.6,0.0003,0.0342,9.823,0.2381,0.5732,-0.2038
30340,963,786,33.665,25.668,0.0537,-0.0848,9.8651,0.1804,-0.3483,0.2551
30345,978,786,33.557,25.671,0.0288,0.0079,9.859,-0.5617,0.8947,0.0412
30350,999,777,33.564,25.623,-0.0559,-0.0087,9.8559,0.4154,-0.0179,-0.1095
30355,1005,780,33.672,25.713,-0.0304,-0.0007,9.8587,-0.5279,-0.0667,1.0417
30360,1020,775,33.586,25.658,0.1018,-0.0186,9.8222,0.284,-0.9607,-0.169
30365,1036,770,33.596,25.669,0.0735,0.0402,9.8171,0.3019,0.5225,-0.7763
30370,1036,774,33.642,25.615,0.0217,0.0564,9.7377,0.1497,-0.0356,0.3201
30375,1053,768,33.622,25.645,0.0195,0.1311,9.8725,-0.687,-0.2421,0.002
30380,1066,772,33.639,25.707,-0.0461,-0.0709,9.8743,-0.2481,-0.064,-0.3506
30385,1078,762,33.596,25.687,0.0651,0.004,9.786,0.2694,-0.4874,0.3959
30390,1090,764,33.624,25.679,0.1054,0.0352,9.8924,0.2132,-0.1036,-0.3137
30395,1102,763,33.67,25.721,-0.0052,0.044,9.8817,-0.4213,-0.2107,0.5072
30400,1108,759,33.56,25.692,0.0066,0.0286,9.8662,-0.0718,0.2647,0.0608
30405,1123,759,33.698,25.665,-0.0317,-0.0576,9.906,-0.7504,0.7692,-0.2145
30410,1127,752,33.551,25.653,-0.0231,0.0265,9.7649,-0.2836,-0.4415,-0.4674
30415,1140,749,33.662,25.659,0.0247,0.0521,9.809,-0.2627,-0.0335,0.3738
30420,1143,748,33.63,25.646,0.0245,0.0904,9.8462,0.0165,-0.3571,0.8797
30425,1158,749,33.68,25.649,0.0095,-0.0337,9.8211,-0.0232,0.2956,-0.4462
30430,1159,745,33.554,25.628,0.0143,-0.0038,9.8311,-0.124,-0.1933,0.4403
30435,1169,745,33.616,25.695,0.036,0.0386,9.7611,-0.9616,0.2046,0.3777
30440,1167,743,33.642,25.677,0.0304,-0.0477,9.9216,0.0361,-0.7998,0.2144
30445,1176,741,33.552,25.674,-0.0711,-0.0715,9.8101,-0.6724,-0.7942,0.2665
30450,1170,740,33.511,25.667,-0.0201,-0.0548,9.8927,0.1187,-0.1139,-0.4858
30455,1188,741,33.536,25.701,-0.0214,-0.0007,9.7671,0.0829,0.0852,-0.9762
30460,1191,738,33.533,25.628,0.0484,0.0415,9.7473,0.0147,0.7564,0.5064
30465,1182,739,33.593,25.606,-0.0773,0.0335,9.7817,0.3791,-0.0731,-0.626
30470,1184,739,33.595,25.594,-0.0693,0.0173,9.8355,-0.0846,-0.3855,0.3715
30475,1189,735,33.653,25.65,-0.0312,0.0367,9.8911,0.0424,0.5832,-0.4133
30480,1197,738,33.594,25.599,-0.004,0.0064,9.9078,1.1964,-0.1634,0.0586
30485,1187,738,33.516,25.676,-0.0331,-0.0795,9.8259,0.0045,0.1043,-0.8385
30490,1185,738,33.641,25.622,-0.0238,0.0051,9.7958,0.9245,-0.7963,-0.7976
30495,1200,741,33.627,25.653,0.0703,0.0072,9.778,0.4289,-0.1227,-0.6152
30500,1175,740,33.578,25.623,0.0652,-0.0283,9.8483,0.3363,1.1241,0.6516
30505,1175,745,33.578,25.66,0.0282,0.0124,9.781,0.1461,0.8212,0.4398
30510,1182,741,33.538,25.711,-0.0461,-0.051,9.8761,0.7152,0.7171,-0.2776
30515,1181,746,33.598,25.592,0.0092,0.0269,9.7721,-0.1715,0.4705,-0.0643
30520,1173,747,33.659,25.618,0.0388,-0.0216,9.8308,0.1196,-0.5146,-2.3127
30525,1174,750,33.662,25.675,-0.0243,-0.0653,9.7268,-0.0424,-0.1264,-0.9071
30530,1172,751,33.547,25.656,0.0268,-0.0561,9.8309,-0.0119,0.1579,-0.4529
30535,1163,749,33.643,25.667,-0.0873,0.0757,9.8027,-0.3276,-0.4606,0.2513
30540,1153,754,33.543,25.661,0.1173,0.0279,9.7901,0.5916,-0.2572,-0.1003
30545,1159,760,33.631,25.636,-0.0232,-0.0169,9.847,-0.6016,0.3364,0.708
30550,1161,765,33.631,25.627,0.0948,0.0112,9.7991,-0.9727,0.3524,0.0494
30555,1145,765,33.507,25.676,0.0423,-0.0073,9.8457,0.1418,0.0565,0.1322
30560,1149,768,33.581,25.648,0.0309,-0.0436,9.7128,0.8821,-0.7815,-0.0449
30565,1142,771,33.526,25.615,0.1346,-0.0061,9.8281,0.8649,0.4587,-0.7886
30570,1138,773,33.551,25.621,0.029,-0.0849,9.7739,0.4221,-0.1129,0.0062
30575,1123,778,33.632,25.611,-0.033,-0.0726,9.8917,0.3326,-1.2089,-1.081
30580,1144,779,33.626,25.496,0.0166,0.0145,9.8224,-0.3059,0.5922,-0.5354
30585,1132,782,33.63,25.701,0.1058,-0.0246,9.8011,0.5573,0.6069,-0.5611
30590,1120,785,33.633,25.67,0.0672,0.0397,9.7347,-0.2672,-1.3187,0.0396
30595,1111,793,33.695,25.784,-0.0744,-0.029,9.8016,0.528,-0.3771,-0.3653
30600,1121,795,33.642,25.657,0.0404,0.0508,9.8264,0.7556,-0.0522,-1.0159
30605,1109,794,33.637,25.684,-0.0316,0.0179,9.7806,0.0232,-0.0989,-1.4275
30610,1105,801,33.637,25.685,-0.0368,-0.0033,9.7757,0.7137,-0.7168,-0.0635
30615,1121,800,33.591,25.591,-0.0035,-0.0238,9.7484,0.2152,-0.4353,0.344
30620,1109,803,33.563,25.649,0.0388,-0.048,9.8442,-0.3644,0.7372,-0.4649
30625,1101,808,33.685,25.593,0.0141,-0.0492,9.8815,0.0497,-0.8138,0.214
30630,1094,816,33.526,25.647,0.0719,-0.0897,9.7227,0.4257,0.4431,-0.7574
30635,1105,814,33.478,25.65,-0.0278,0.011,9.7855,0.4113,0.703,-0.3021
30640,1085,816,33.499,25.674,-0.0136,-0.0445,9.9265,0.4061,0.7635,0.073
30645,1096,822,33.597,25.698,0.0286,0.0057,9.8744,-0.2431,-0.8529,1.0383
30650,1095,822,33.603,25.559,0.02,-0.0501,9.7101,0.2662,-0.2554,0.409
30655,1094,829,33.638,25.664,0.0154,-0.0206,9.9386,0.6818,0.8212,0.3593
30660,1083,825,33.653,25.659,0.0331,0.0503,9.786,0.233,-0.0934,0.2378
30665,1077,834,33.578,25.697,-0.0108,-0.0087,9.7884,0.1325,0.6951,-0.1147
30670,1082,840,33.644,25.669,-0.0049,-0.0957,9.7188,-0.338,-0.636,-0.5906
30675,1080,837,33.598,25.57,0.0198,0.0867,9.7224,0.1492,-0.3311,-0.525
30680,1072,834,33.568,25.713,-0.1096,-0.0495,9.723,-0.4621,0.2009,-0.3715
30685,1073,841,33.673,25.707,-0.0693,-0.0778,9.8699,0.1426,0.1823,-0.3669
30690,1063,842,33.595,25.615,-0.0751,-0.1121,9.6607,0.3647,0.3209,0.3846
30695,1061,842,33.565,25.662,0.045,-0.0986,9.7682,0.2841,0.1307,0.1885
30700,1062,843,33.576,25.622,0.0861,0.0164,9.7274,-1.0982,0.4033,-0.2324
30705,1059,847,33.583,25.609,-0.0027,-0.0704,9.7893,0.5443,-0.1735,0.7187
30710,1058,845,33.602,25.812,-0.126,-0.066,9.9046,0.38,0.5603,0.0339
30715,1049,842,33.64,25.644,-0.0994,-0.0476,9.7791,-0.0487,0.4219,0.099
30720,1028,841,33.516,25.55,-0.0649,-0.0117,9.7759,0.0737,0.8613,-0.5679
30725,1051,842,33.571,25.645,0.0739,-0.0231,9.799,0.4955,-0.9411,0.0512
30730,1033,846,33.586,25.544,0.0436,-0.022,9.7513,-0.9592,-0.3936,-0.2108
30735,1021,848,33.55,25.625,0.0004,-0.0302,9.8063,-0.2135,-0.1404,0.7522
30740,1021,848,33.594,25.6,0.0009,0.0869,9.804,0.0247,-0.0955,0.5005
30745,1022,847,33.635,25.679,-0.1174,-0.0262,9.8669,-0.7749,0.2689,0.6011
30750,1007,842,33.675,25.664,0.0044,-0.0287,9.849,-0.115,-0.1567,0.57
30755,1007,842,33.551,25.638,-0.0296,-0.0401,9.7578,0.3864,0.7566,0.0134
30760,994,840,33.545,25.633,0.0161,0.0413,9.7773,-0.8448,-0.8469,-1.0986
30765,987,844,33.586,25.662,0.0617,-0.12,9.7464,0.5532,-0.1073,0.2146
30770,966,848,33.576,25.573,0.0143,0.1215,9.8481,1.4572,0.3027,-0.1575
30775,969,850,33.599,25.724,-0.006,-0.0249,9.7798,0.3761,0.6218,-0.0018
30780,949,844,33.619,25.648,0.0782,0.0234,9.7837,-0.0808,-0.7183,0.0707
30785,959,841,33.568,25.63,0.0309,-0.0344,9.8123,-0.4011,-0.1693,-0.3162
30790,937,842,33.637,25.628,-0.0259,-0.0894,9.8209,0.2819,0.3041,-0.6686
30795,925,839,33.622,25.641,-0.0539,-0.0519,9.7301,1.0487,-0.4467,0.6026
30800,936,839,33.683,25.699,-0.0675,0.0574,9.7607,0.0109,-0.4248,-0.2861
30805,909,834,33.539,25.68,0.0248,-0.1031,9.8417,-0.1585,-0.0446,-0.4793
30810,904,835,33.638,25.639,0.0482,-0.0478,9.865,0.6633,0.0739,0.1243
30815,883,836,33.647,25.622,0.069,-0.0457,9.7513,-0.1616,0.3589,-0.8019
30820,878,838,33.612,25.564,-0.0357,0.0339,9.8289,-0.9824,0.4884,0.0395
30825,869,834,33.636,25.655,-0.0424,-0.0547,9.7968,0.6445,0.4507,0.6465
30830,860,830,33.615,25.58,0.0217,0.0978,9.8566,-0.3192,-0.2448,-0.2207
30835,857,834,33.6,25.675,-0.0531,0.0242,9.7952,0.3758,-0.0272,0.2709
30840,833,832,33.591,25.614,0.0565,0.1237,9.8628,-0.2795,0.4433,0.6646
30845,826,832,33.549,25.593,-0.0702,-0.0419,9.8136,-0.0312,-0.7648,-0.1458
30850,813,830,33.551,25.729,-0.0276,-0.0123,9.7335,-0.5003,-0.161,0.9523
30855,812,826,33.505,25.588,0.0021,-0.0206,9.8782,-0.8814,0.3707,-0.286
30860,809,830,33.584,25.716,-0.0529,-0.0745,9.7632,0.3274,-0.2525,0.1161
30865,803,828,33.556,25.576,-0.0625,0.1074,9.783,-0.4674,0.552,-0.9784
30870,783,825,33.639,25.592,-0.1136,-0.0465,9.7329,-0.2559,0.1109,0.5945
30875,779,824,33.554,25.577,0.0285,0.0373,9.8271,0.3425,0.5045,0.182
30880,772,824,33.537,25.714,0.0502,-0.0728,9.825,-0.0768,0.7728,0.4427
30885,768,824,33.615,25.614,-0.0314,0.0706,9.768,0.7027,-0.0988,1.0024
30890,759,824,33.422,25.662,0.0148,0.0816,9.8735,1.0837,0.861,0.6215
30895,760,825,33.507,25.638,-0.0237,0.001,9.8441,-0.1338,0.869,0.2345
30900,759,820,33.614,25.662,0.0084,-0.0317,9.8742,0.1053,0.4406,-0.2907
30905,753,825,33.586,25.668,-0.0725,-0.0071,9.7335,0.151,-0.4982,-0.4204
30910,741,824,33.575,25.673,-0.0036,-0.0889,9.8531,0.3813,0.2581,0.211
30915,749,820,33.588,25.579,0.0625,-0.0123,9.8151,-0.3692,0.5104,-0.4965
30920,745,816,33.607,25.747,0.0115,0.1405,9.8091,0.6345,0.0877,0.2854
30925,744,821,33.56,25.684,0.0413,0.0203,9.781,0.612,0.6192,0.1325
30930,739,820,33.583,25.709,0.062,0.0382,9.753,-0.0196,-0.5262,-0.2082
30935,756,815,33.655,25.73,0.0485,-0.0074,9.7607,-0.1655,0.3619,0.0045
30940,753,814,33.562,25.686,0.0392,0.0212,9.7231,0.3723,0.2006,-0.0573
30945,758,812,33.728,25.585,-0.0197,0.0009,9.8208,0.5288,-0.9593,-0.2523
30950,757,814,33.644,25.683,-0.0247,-0.0172,9.8359,0.0583,0.5166,0.2021
30955,761,817,33.619,25.58,0.0418,0.0424,9.8526,0.3526,0.2448,0.3902
30960,772,813,33.591,25.647,0.0595,0.0281,9.8182,0.2141,-0.3757,-0.0445
30965,776,811,33.655,25.678,0.0946,-0.0287,9.7373,0.1138,0.0738,-0.777
30970,793,812,33.628,25.608,-0.0103,-0.0987,9.8238,0.3993,-0.2623,-0.4523
30975,792,811,33.578,25.675,0.0261,0.0004,9.7521,-0.1979,0.6297,1.2472
30980,806,806,33.5,25.594,-0.0007,0.0061,9.7383,-0.6315,0.1739,-0.2105
30985,813,816,33.56,25.652,-0.0669,-0.0545,9.8562,-0.0618,0.5429,1.01
30990,818,806,33.569,25.526,0.0157,-0.0295,9.826,0.7162,0.5735,0.5405
30995,830,802,33.617,25.653,0.0914,-0.0612,9.8463,0.5333,0.0103,0.2649
31000,850,805,33.581,25.591,0.0512,0.0387,9.8106,0.0904,0.6301,0.3314
31005,858,804,33.533,25.612,0.0782,-0.0131,9.8689,1.2316,-0.3574,0.606
31010,859,795,33.572,25.683,0.0277,0.0249,9.7459,0.6251,-0.4142,0.4077
31015,872,805,33.606,25.711,0.0385,0.0024,9.7525,0.4134,1.0623,0.5748
31020,893,803,33.627,25.744,-0.0613,-0.0171,9.8391,-0.636,0.0447,1.099
31025,900,796,33.631,25.652,-0.1034,-0.0628,9.7566,0.6578,-0.2777,0.7314
31030,918,798,33.522,25.596,0.095,-0.0186,9.8238,-0.5712,0.2533,0.6366
31035,937,792,33.49,25.622,0.0,-0.0904,9.7027,0.3939,0.2441,1.444
31040,952,788,33.568,25.689,0.034,-0.1093,9.9296,0.2929,-0.5379,-1.0053
31045,958,788,33.591,25.714,0.127,0.0815,9.7434,-0.4957,-0.0099,-0.2452
31050,967,785,33.615,25.597,-0.0027,-0.0364,9.8194,0.0087,-0.9918,-0.9447
31055,998,786,33.552,25.581,-0.0817,-0.0425,9.802,-0.4325,-0.9983,-0.3683
31060,1008,778,33.563,25.609,0.0536,0.0613,9.805,-0.2408,0.4455,-0.3065
31065,1018,776,33.514,25.621,-0.0736,0.0373,9.7646,0.171,0.2505,0.7266
31070,1020,781,33.595,25.663,-0.0548,-0.0264,9.8587,-0.5388,0.6139,-0.2867
31075,1039,772,33.592,25.685,-0.0515,0.0617,9.8607,0.1502,-0.0081,0.195
31080,1051,766,33.525,25.694,0.0523,-0.0859,9.7144,0.3998,-0.0061,0.3773
31085,1060,764,33.544,25.564,0.0111,-0.0478,9.7701,-0.1045,0.6204,0.4876
31090,1092,766,33.721,25.634,0.0486,-0.0058,9.8294,0.2258,-0.1551,0.443
31095,1087,767,33.648,25.614,-0.0278,0.0745,9.7345,-0.4285,-0.3854,-0.6147
31100,1100,761,33.629,25.591,-0.0673,0.0769,9.8047,-0.1034,-0.2736,0.2151
31105,1113,759,33.606,25.671,0.0494,0.0117,9.7479,-1.462,0.4514,-0.8211
31110,1113,759,33.578,25.706,0.0117,0.0566,9.8185,-0.8969,-0.6574,0.5317
31115,1129,755,33.651,25.564,-0.0665,0.0194,9.8157,0.0896,0.1466,0.3638
31120,1138,754,33.596,25.677,0.0093,0.0486,9.8255,-0.6695,-0.4941,0.225
31125,1146,749,33.525,25.603,0.0146,-0.0744,9.7403,0.3386,1.5124,-0.3001
31130,1150,748,33.659,25.618,0.0006,-0.0209,9.8163,-0.0343,0.2643,1.0011
31135,1157,745,33.535,25.641,-0.0536,-0.0362,9.7842,0.1396,0.9066,-0.8019
31140,1172,742,33.582,25.654,-0.0243,-0.0454,9.8841,0.6201,-0.1996,0.0291
31145,1169,741,33.536,25.731,0.0556,0.1627,9.8896,0.7972,-0.4177,0.3049
31150,1172,740,33.609,25.645,-0.0162,0.0553,9.7709,-0.4685,1.0226,0.0259
31155,1181,737,33.618,25.651,-0.0143,-0.0221,9.7221,0.6171,-0.4091,-0.6983
31160,1189,737,33.592,25.69,0.0442,-0.0307,9.7968,-0.5252,0.1598,-0.4873
31165,1193,741,33.61,25.643,0.0111,-0.0463,9.7959,0.0891,-0.6678,0.0438
31170,1182,743,33.659,25.671,0.0082,-0.0746,9.8512,-0.5103,0.1286,0.7108
31175,1181,739,33.579,25.622,0.0078,0.0857,9.9415,0.1838,-0.4153,0.5963
31180,1190,736,33.562,25.657,0.0032,0.0043,9.806,0.07,-0.251,-0.2885
31185,1195,739,33.705,25.73,0.0369,-0.012,9.7842,0.0071,-0.0524,-0.1518
31190,1192,739,33.653,25.566,0.027,0.0839,9.8785,0.4744,0.2537,0.5049
31195,1188,737,33.623,25.666,0.0401,0.028,9.8222,-0.3555,-0.7796,-0.4227
31200,1186,735,33.553,25.638,0.0154,-0.0279,9.8033,-0.7138,-0.0735,0.8306
31205,1189,739,33.638,25.695,0.016,-0.0211,9.855,0.028,0.1583,0.0287
31210,1190,739,33.491,25.623,-0.0517,-0.0075,9.7755,0.3122,-0.2032,0.0194
31215,1180,740,33.536,25.696,-0.0071,-0.0061,9.9084,0.2009,-0.2575,-0.3409
31220,1178,748,33.53,25.577,-0.0143,-0.0439,9.8227,0.399,-0.5875,-0.3378
31225,1175,744,33.58,25.717,-0.0898,0.042,9.8134,-0.6307,0.3374,-0.3796
31230,1165,750,33.623,25.587,0.0091,0.0558,9.7666,0.1863,-0.1653,0.424
31235,1167,748,33.61,25.713,-0.0149,0.006,9.8931,1.0387,0.0238,0.5546
31240,1166,753,33.56,25.632,0.0203,-0.01,9.7966,-0.5081,0.0705,0.6738
31245,1153,753,33.477,25.739,0.0597,-0.0181,9.8006,-0.1533,0.0241,0.0748
31250,1158,753,33.482,25.6,0.0465,0.0048,9.8086,0.0704,0.1311,-0.4499
31255,1155,758,33.625,25.727,0.0309,-0.0237,9.8175,0.4955,-0.3479,1.0702
31260,1156,763,33.729,25.724,-0.0376,0.0122,9.8668,-0.0547,-0.0063,0.4042
31265,1149,768,33.59,25.63,0.0065,0.0693,9.8271,0.1692,0.0449,0.73
31270,1149,770,33.598,25.693,-0.0763,0.0354,9.8213,-0.2723,1.1171,-0.1949
31275,1140,767,33.694,25.67,-0.0993,-0.0577,9.7983,-0.8738,0.9526,0.5817
31280,1135,776,33.592,25.559,0.0454,-0.063,9.7194,-0.0379,0.302,0.1647
31285,1142,781,33.581,25.546,-0.086,0.009,9.8227,0.4523,0.0674,-0.1807
31290,1123,783,33.613,25.648,-0.0507,-0.0799,9.7798,0.4428,-0.1688,-0.1196
31295,1126,786,33.512,25.64,0.0722,-0.1138,9.8297,-0.2845,1.0396,-0.8646
31300,1125,790,33.584,25.562,0.0617,0.0565,9.8224,0.8787,-0.3567,-0.6164
31305,1125,789,33.551,25.691,0.1303,-0.0186,9.8035,-0.3551,0.4344,-0.0174
31310,1124,793,33.66,25.66,0.0488,0.0451,9.8173,0.2152,0.0925,0.5697
31315,1117,799,33.517,25.61,-0.0182,-0.0081,9.7971,-0.3333,-0.2167,-0.5098
31320,1111,802,33.616,25.644,-0.0356,-0.0512,9.7841,0.4234,-0.376,0.3892
31325,1109,805,33.628,25.51,0.022,-0.0264,9.7788,0.9318,-0.296,1.0687
31330,1108,808,33.655,25.618,0.0052,-0.0789,9.8027,0.2685,-0.1751,0.2397
31335,1100,815,33.714,25.661,-0.0377,0.0497,9.8412,0.2674,0.0431,0.8702
31340,1097,813,33.527,25.578,0.0421,0.0089,9.7941,0.1754,0.0736,-0.0868
31345,1097,820,33.629,25.653,-0.0549,-0.002,9.8316,0.5923,0.9876,0.3123
31350,1097,822,33.536,25.618,-0.0533,0.0098,9.7963,-0.5038,0.1846,-0.0152
31355,1091,823,33.63,25.575,-0.0428,-0.0004,9.7428,0.0743,0.9064,-0.5281
31360,1084,824,33.661,25.631,0.0556,0.1115,9.8293,-0.2516,-0.0943,0.5748
31365,1097,830,33.606,25.679,0.0138,-0.014,9.742,-0.3065,0.4611,0.0747
31370,1085,829,33.663,25.684,0.0058,-0.0876,9.8458,1.2341,0.3368,-0.1375
31375,1087,830,33.516,25.646,-0.0415,0.1083,9.7897,0.1148,-0.0196,-0.6091
31380,1084,834,33.675,25.66,0.0168,0.0059,9.749,-0.3058,0.7222,-0.9429
31385,1076,837,33.577,25.647,-0.0432,0.0404,9.8538,-0.3848,-1.0386,0.588
31390,1075,839,33.622,25.626,0.061,0.0652,9.822,0.4782,-0.1978,-0.9285
31395,1067,838,33.633,25.635,0.0374,-0.0083,9.8306,0.6162,0.3219,-0.246
31400,1070,839,33.604,25.617,-0.0019,-0.0389,9.8651,0.1997,-0.6776,-0.5196
31405,1069,844,33.566,25.662,0.0686,0.0421,9.88,-0.9805,-0.0827,0.0037
31410,1057,842,33.635,25.587,0.0353,0.0012,9.8306,0.2117,-0.0471,-0.1793
31415,1045,843,33.636,25.653,-0.0404,-0.0151,9.9047,0.0536,-0.1787,-0.6334
31420,1042,847,33.617,25.629,0.0103,0.0054,9.7892,0.672,0.6218,-0.2937
31425,1042,846,33.608,25.637,0.0426,-0.0556,9.7304,0.4139,0.326,1.1516
31430,1053,844,33.498,25.484,0.0293,0.0395,9.8616,-0.2675,0.3668,0.0262
31435,1034,846,33.6,25.577,0.0105,-0.0125,9.7978,0.1577,-0.2859,0.5194
31440,1024,843,33.604,25.682,0.0855,-0.0391,9.7124,-0.3862,0.5502,0.6115
31445,1031,851,33.694,25.672,-0.0728,0.0373,9.7688,-0.326,-0.4323,0.0071
31450,1018,839,33.644,25.593,0.0771,0.0,9.7428,-0.5202,0.5787,0.9624
31455,1012,849,33.63,25.632,0.0788,0.089,9.8965,0.5717,-0.183,-0.79
31460,1005,847,33.569,25.663,0.0975,0.029,9.7029,0.1771,0.8419,0.1298
31465,990,844,33.567,25.653,0.0847,-0.023,9.8637,-0.2166,-0.7872,-0.7994
31470,989,849,33.643,25.601,-0.0104,-0.0434,9.6977,-0.3095,-0.6312,0.0478
31475,980,843,33.538,25.63,-0.0462,0.09,9.845,0.0061,0.0766,-0.3433
31480,965,846,33.713,25.632,-0.0091,-0.0113,9.7745,-0.6946,0.3765,0.5476
31485,968,844,33.562,25.578,-0.0087,0.0163,9.8407,0.1674,0.0728,-0.7791
31490,950,839,33.668,25.714,-0.0278,0.0299,9.7939,0.2919,-0.4386,-0.748
31495,947,839,33.596,25.686,0.0177,-0.0037,9.8531,-0.2565,-0.6974,-0.271
31500,939,838,33.617,25.649,-0.0986,-0.0139,9.714,-0.0725,0.3708,-0.2954
31505,925,842,33.569,25.653,-0.0036,-0.012,9.8005,-0.2665,-0.0132,0.8872
31510,909,839,33.63,25.634,0.0279,0.0319,9.8303,-0.7203,-0.8921,-0.3374
31515,907,831,33.606,25.563,0.0092,-0.0456,9.8313,0.4123,0.804,0.2056
31520,891,836,33.499,25.717,0.0212,-0.0522,9.8432,-0.477,0.0212,-0.106
31525,881,830,33.589,25.658,0.0431,0.0268,9.9,-0.2373,0.4348,0.4414
31530,873,839,33.641,25.643,-0.004,-0.0057,9.8626,0.7164,-0.6799,0.7988
31535,859,829,33.574,25.656,0.0019,-0.0151,9.8512,0.1695,-0.0575,0.4733
31540,847,834,33.573,25.649,0.0364,-0.0196,9.7311,0.1552,-0.5293,-0.0502
31545,837,834,33.646,25.612,-0.0294,-0.0951,9.9236,-0.3737,0.4921,0.6674
31550,836,831,33.638,25.541,-0.0512,-0.1104,9.8611,1.0586,-0.5059,-1.3135
31555,827,830,33.606,25.604,0.037,0.0087,9.7798,0.0961,0.3462,-0.5917
31560,806,831,33.555,25.64,0.0038,0.0448,9.7921,-0.1142,-0.1304,-0.6029
31565,812,832,33.616,25.544,0.0476,-0.06,9.7337,1.2037,0.4131,-0.4333
31570,797,828,33.639,25.629,0.0336,0.0204,9.7074,0.4357,0.0955,-0.5564
31575,802,827,33.596,25.792,-0.0775,0.0068,9.9188,-0.4477,-0.4882,0.0839
31580,781,824,33.557,25.678,-0.0338,-0.0049,9.8775,-0.3499,0.1082,0.0682
31585,773,824,33.597,25.628,-0.031,-0.0581,9.8104,0.7409,-0.7951,0.0115
31590,770,824,33.55,25.694,0.0357,-0.0695,9.745,-0.474,0.1112,0.6364
31595,759,823,33.628,25.492,0.0745,0.0047,9.7292,0.6776,1.1807,0.0896
31600,758,822,33.546,25.578,0.0657,0.0883,9.7557,0.1313,-0.4553,0.1362
31605,755,827,33.549,25.651,0.1136,0.0124,9.827,0.0348,-0.5668,0.8924
31610,758,824,33.678,25.656,0.0495,0.0567,9.821,0.1344,-0.239,0.3026
31615,762,825,33.574,25.595,0.0927,-0.0446,9.7503,-0.048,-0.8166,-0.4175
31620,754,818,33.624,25.565,-0.0464,0.019,9.8103,-1.4092,-0.0746,0.6678
31625,748,822,33.626,25.616,-0.0308,-0.0291,9.7858,0.2745,0.6197,0.7669
31630,749,821,33.588,25.562,0.1152,0.0363,9.7168,0.7681,0.1602,-0.6615
31635,753,819,33.604,25.683,0.0633,-0.0619,9.7869,-0.8759,-0.1323,0.1311
31640,760,818,33.683,25.635,0.0412,-0.0384,9.7926,-0.7342,-0.7611,-0.6943
31645,764,812,33.613,25.754,0.0795,-0.0154,9.8729,-0.7977,-0.1592,0.1157
31650,751,816,33.558,25.555,0.018,0.0121,9.788,0.3558,-0.1139,0.3476
31655,761,821,33.523,25.581,-0.0299,-0.0565,9.8303,-0.0608,-0.4297,-0.2592
31660,767,815,33.579,25.816,-0.0543,0.0559,9.8342,0.7824,0.4765,-1.1579
31665,756,811,33.463,25.649,0.0392,-0.0769,9.8396,0.0696,0.2001,0.9528
31670,782,815,33.628,25.65,0.0012,-0.0131,9.8006,-0.4902,-0.7176,-0.8682
31675,778,815,33.563,25.664,-0.0652,0.1069,9.6597,-0.1589,-0.0468,-0.3046
31680,791,808,33.592,25.603,0.0108,0.0592,9.8258,-1.3104,-0.0565,0.3868
31685,810,810,33.57,25.667,-0.0005,0.024,9.8413,-0.0242,-0.1815,0.5378
31690,813,804,33.554,25.609,-0.0398,-0.0307,9.8216,-0.8308,0.2679,0.1633
31695,828,806,33.552,25.682,0.0319,-0.1597,9.8193,0.23,0.9705,-0.8178
31700,831,804,33.583,25.657,-0.0061,0.0417,9.8112,-0.4614,0.7389,0.5755
31705,845,801,33.671,25.619,0.0048,-0.0133,9.8107,-0.276,0.5012,-0.2325
31710,857,806,33.526,25.609,-0.0757,-0.007,9.8164,0.9349,0.7147,-0.4675
31715,870,802,33.637,25.737,-0.0107,0.0478,9.8558,0.1806,-0.2998,0.7031
31720,873,802,33.569,25.696,-0.0976,0.0108,9.8596,0.8503,-0.2412,-0.6459
31725,897,801,33.662,25.546,-0.0094,-0.0718,9.7681,0.3874,-0.6414,0.0563
31730,900,799,33.598,25.682,0.0224,0.0779,9.8816,-0.1682,0.7896,0.294
31735,920,790,33.668,25.701,-0.0059,0.0479,9.782,0.6447,0.4858,-0.6055
31740,928,791,33.494,25.613,-0.002,0.0297,9.7471,-0.2584,-0.3203,0.5615
31745,953,788,33.61,25.669,-0.0423,0.0081,9.8566,0.1271,-0.0207,-0.3567
31750,955,789,33.662,25.6,0.0353,-0.014,9.8655,-0.015,-0.4132,0.5108
31755,975,788,33.629,25.537,0.0307,0.0154,9.6873,0.3203,-0.0013,-0.6355
31760,988,781,33.61,25.601,0.0227,-0.0144,9.8715,-1.0377,-0.2007,-0.5448
31765,996,784,33.634,25.673,-0.0022,0.0109,9.8472,0.0483,-0.7514,-0.2043
31770,1013,778,33.555,25.678,-0.0672,0.0743,9.8391,0.3108,0.3146,0.0547
31775,1016,778,33.641,25.608,0.0236,-0.0032,9.8431,1.1977,-0.0307,0.8502
31780,1032,771,33.567,25.637,0.064,-0.0462,9.8184,0.3493,0.498,-0.2476
31785,1052,770,33.557,25.568,0.0391,-0.0333,9.7858,-0.309,-0.5452,-0.2954
31790,1066,769,33.599,25.67,-0.0293,-0.0505,9.8248,0.0999,-0.3684,-0.2278
31795,1080,763,33.51,25.67,0.0431,-0.0051,9.7744,-0.1273,0.3187,-0.333
31800,1085,761,33.585,25.664,0.1069,-0.0216,9.8045,0.2977,0.658,0.5091
31805,1102,759,33.551,25.66,0.0291,0.0239,9.8266,-0.0989,-0.2221,-0.4143
31810,1109,755,33.564,25.58,0.04,-0.0539,9.8072,-0.5803,0.6143,-0.7557
31815,1118,756,33.623,25.567,-0.0038,-0.0589,9.7688,-0.2863,0.2745,0.4339
31820,1129,753,33.612,25.666,-0.0626,-0.0442,9.8036,-1.2189,0.334,0.1164
31825,1135,747,33.607,25.589,0.01,-0.0076,9.7813,0.0093,0.8777,0.038
31830,1138,745,33.65,25.594,0.0264,-0.0012,9.7931,-0.5605,0.5435,-0.2867
31835,1159,746,33.602,25.641,0.0139,0.0771,9.8575,-0.1181,-0.2883,0.3434
31840,1154,746,33.582,25.687,-0.0205,0.0137,9.7505,0.0423,1.4077,-0.0421
31845,1158,739,33.6,25.669,-0.0534,-0.041,9.7728,-0.3496,-0.3907,1.7116
31850,1166,746,33.533,25.606,0.0025,-0.0393,9.7182,0.1826,0.1011,0.4092
31855,1168,741,33.588,25.648,-0.0019,-0.066,9.8375,-0.0081,0.0592,-0.4225
31860,1180,740,33.521,25.589,0.0794,-0.028,9.8085,-0.0063,-0.6577,0.0201
31865,1181,741,33.648,25.629,-0.0353,-0.0114,9.7934,-0.0018,0.1626,0.4396
31870,1172,737,33.605,25.6,-0.0234,-0.0196,9.7985,-0.2381,-0.6267,-0.0288
31875,1190,741,33.569,25.666,-0.0424,0.0724,9.7371,-0.7957,0.3248,-0.0401
31880,1192,740,33.609,25.641,0.0171,0.0145,9.8625,-0.4001,0.6202,-0.8136
31885,1179,738,33.565,25.599,0.0997,-0.0306,9.7254,0.3246,-0.6412,0.9894
31890,1189,741,33.552,25.705,-0.0164,0.0148,9.6857,0.0338,-1.1892,0.3872
31895,1188,736,33.566,25.646,-0.0104,-0.0678,9.7967,-0.0011,-0.1595,0.2282
31900,1186,738,33.462,25.68,0.0421,0.0062,9.8591,0.0386,-0.1494,-0.8838
31905,1186,739,33.598,25.726,0.0725,0.0942,9.8298,-0.6498,0.4455,-0.0926
31910,1182,741,33.63,25.63,-0.0221,-0.0103,9.8201,0.0127,-0.3539,-0.0412
31915,1188,741,33.578,25.678,0.0719,-0.0094,9.7841,-0.2037,-0.3415,0.6669
31920,1185,743,33.499,25.531,0.0836,-0.0282,9.8422,-0.4632,-0.2529,-0.3613
31925,1174,747,33.688,25.636,0.0435,0.0657,9.8197,-0.1169,0.4941,0.2207
31930,1177,745,33.55,25.653,0.066,0.0084,9.882,-0.4851,0.1166,0.8994
31935,1180,749,33.624,25.565,-0.0318,-0.0926,9.8113,-0.2356,-0.5091,-0.0636
31940,1176,748,33.541,25.583,0.0242,0.0062,9.7755,-0.0116,0.8692,-0.762
31945,1171,756,33.632,25.589,-0.0593,0.0402,9.7208,-0.5469,-0.4945,0.144
31950,1160,761,33.661,25.573,-0.0587,-0.0379,9.8086,0.1504,-0.004,-0.4005
31955,1152,757,33.595,25.72,0.0173,-0.0594,9.7674,-0.3947,-0.1213,-0.5113
31960,1168,761,33.56,25.6,0.1454,-0.0098,9.8158,0.0112,0.8556,0.7751
31965,1154,762,33.521,25.545,-0.044,-0.019,9.7302,-0.2297,0.4529,0.7198
31970,1136,766,33.644,25.676,-0.0122,-0.0068,9.849,0.6994,0.2421,-0.0431
31975,1139,767,33.589,25.632,-0.0045,0.0213,9.7484,-0.6531,0.5582,-0.1749
31980,1142,774,33.549,25.701,-0.1225,-0.0022,9.7551,-0.4887,-0.6168,0.3476
31985,1137,775,33.64,25.665,0.014,-0.0326,9.7483,-0.183,0.0127,0.5111
31990,1126,779,33.591,25.687,0.1025,-0.0934,9.8846,0.2875,-0.1338,-0.3805
31995,1131,779,33.623,25.579,0.0852,0.0355,9.8424,0.2337,-0.2561,-0.0127
32000,1129,781,33.561,25.564,-0.1132,0.0099,9.7621,0.3823,1.3138,-0.0279
32005,1121,787,33.615,25.722,-0.0374,0.0545,9.8767,0.5913,0.6976,-0.4407
32009,1118,788,33.618,25.72,-0.0102,-0.01,9.7765,0.1456,-0.3687,0.3277
32015,1124,795,33.552,25.628,-0.061,-0.0107,9.8685,-0.0436,0.5787,-0.7363
32020,1115,799,33.645,25.646,0.0806,-0.0348,9.885,-0.6579,0.0111,-0.0184
32025,1110,800,33.673,25.56,-0.0246,-0.0319,9.8427,-0.1662,0.1851,0.5269
32030,1107,810,33.528,25.507,0.0024,0.0412,9.7928,-0.7371,-0.4973,-0.7145
32034,1112,809,33.488,25.602,-0.0673,-0.0155,9.7349,-0.058,0.2303,0.5398
32040,1091,810,33.579,25.613,0.0363,-0.0479,9.8576,-0.1365,0.0262,0.3629
32045,1097,812,33.483,25.63,-0.1795,-0.0245,9.8658,0.102,0.0346,-0.0483
32049,1098,815,33.596,25.733,-0.0485,0.0771,9.7459,-0.4301,0.7189,-0.1753
32055,1098,818,33.595,25.523,0.0504,-0.0451,9.8942,-0.0689,0.3822,-0.6206
32060,1097,823,33.663,25.66,-0.0304,-0.0548,9.8658,-0.7065,0.2054,-0.3276
32064,1096,822,33.618,25.617,0.0087,-0.006,9.8413,0.1328,0.4268,-0.0692
32070,1079,824,33.53,25.591,-0.0587,-0.0683,9.7469,-0.4676,0.0457,0.5071
32075,1091,829,33.429,25.616,0.0717,0.0214,9.7959,0.1364,-0.5183,-1.1214
32080,1082,832,33.565,25.729,-0.028,0.0298,9.8516,-0.0542,-0.2419,0.6453
32085,1079,837,33.551,25.647,0.0941,0.0355,9.7447,-1.4756,-0.0788,-0.1265
32090,1073,832,33.617,25.669,0.0033,0.0157,9.7692,-0.8921,0.3091,-0.9489
32095,1077,838,33.619,25.626,-0.013,-0.0243,9.8016,-0.4193,1.0791,-0.0533
32100,1064,842,33.654,25.686,0.0519,-0.0677,9.7911,0.168,-0.4542,-0.5906
32104,1075,846,33.571,25.595,0.0443,-0.0188,9.838,0.1385,0.3972,-0.0591
32110,1061,838,33.519,25.707,0.0031,0.0151,9.8123,-0.4325,0.2497,-0.4628
32115,1063,843,33.514,25.646,0.013,-0.0216,9.8093,-0.2476,-0.0753,-0.2372
32119,1053,841,33.564,25.714,-0.0449,0.0234,9.7902,0.2428,0.0765,0.4424
32125,1058,847,33.573,25.614,-0.0503,0.0522,9.7686,0.216,0.8023,0.5947
32130,1046,843,33.658,25.711,0.0021,-0.0734,9.7657,0.3239,-1.4478,-0.3227
32134,1047,841,33.56,25.609,0.0344,0.0731,9.799,-0.1224,0.9693,-0.2725
32140,1037,837,33.553,25.557,-0.0148,-0.0603,9.7952,-0.7987,0.2069,0.2674
32145,1026,847,33.55,25.673,0.0386,-0.0479,9.7889,-0.5169,-0.58,-0.0294
32150,1025,842,33.673,25.568,-0.0921,0.0171,9.8001,0.3734,0.1854,0.3329
32155,1010,847,33.637,25.578,-0.0825,0.0645,9.7881,-0.3206,0.0338,0.5096
32159,1007,845,33.518,25.675,-0.0664,0.0631,9.8334,-0.5043,-0.5043,0.1238
32165,1012,846,33.543,25.574,0.043,-0.0573,9.8459,-0.1639,-0.1271,-0.6026
32170,999,846,33.643,25.611,0.0529,-0.0033,9.7834,0.3547,-0.5715,-0.2557
32174,989,846,33.518,25.613,-0.0183,-0.0662,9.8095,0.2241,-0.4972,0.33
32180,986,848,33.569,25.629,-0.0606,-0.0067,9.7877,0.0467,-0.0702,-1.0312
32185,972,843,33.569,25.717,-0.069,-0.0004,9.9096,0.1263,0.088,-0.9434
32189,965,847,33.699,25.574,0.0387,-0.0763,9.8333,-0.1077,-0.0627,-0.1784
32195,953,841,33.712,25.643,0.0183,-0.0613,9.8775,-0.7939,-0.7468,-0.6769
32200,946,832,33.621,25.662,-0.0426,0.0011,9.7797,0.9723,-0.0583,-0.4355
32205,929,839,33.64,25.63,0.1005,0.0323,9.7585,0.2392,-0.3461,-1.1681
32210,930,841,33.492,25.662,0.0097,-0.0112,9.7547,0.0899,0.6381,0.0877
32215,916,841,33.576,25.59,-0.0243,0.0049,9.8562,0.6632,-0.873,-1.4096
32220,904,839,33.5,25.648,0.0335,0.0183,9.8062,0.1514,0.1707,0.1064
32225,899,839,33.579,25.553,0.0058,-0.1399,9.8049,0.1735,0.316,-1.0149
32229,888,836,33.576,25.666,-0.0409,0.0808,9.9029,-0.4567,-0.3265,-0.6275
32235,870,829,33.606,25.556,0.0359,0.0368,9.8485,-0.1607,0.0547,-0.5461
32240,869,831,33.578,25.58,-0.0526,0.0072,9.8361,-0.3415,-0.675,0.2029
32244,849,833,33.459,25.703,0.0555,0.08,9.7258,-0.4923,-1.0923,-0.1548
32250,843,834,33.523,25.575,0.0377,-0.0452,9.8423,0.2937,0.5277,-0.8492
32255,829,829,33.56,25.596,-0.0328,-0.0527,9.8263,-0.1484,0.9166,0.6575
32259,827,831,33.56,25.551,-0.0857,-0.0364,9.8199,1.1079,-0.8941,0.4391
32265,816,833,33.546,25.596,-0.0158,0.0233,9.8207,0.0078,0.7411,-0.5663
32270,804,823,33.561,25.554,0.0382,-0.0653,9.8435,0.5707,0.8535,0.9196
32275,804,827,33.535,25.643,-0.0392,0.0249,9.8459,-0.01,-0.2536,0.2367
32280,797,825,33.537,25.632,0.0023,0.0081,9.8297,0.1478,0.4608,0.2115
32284,793,833,33.648,25.583,-0.0976,0.0362,9.8087,0.3465,-0.0457,-0.3415
32290,784,824,33.546,25.624,-0.0379,-0.098,9.8046,-0.1078,0.0545,0.1446
32295,770,832,33.596,25.671,0.0032,0.0092,9.7923,-0.3028,0.175,-0.3364
32299,762,827,33.567,25.706,-0.038,-0.0091,9.7923,-0.2238,-0.518,0.2441
32305,759,819,33.642,25.669,0.0429,0.0052,9.7514,-0.7597,0.6675,0.373
32310,761,826,33.613,25.623,-0.0017,-0.0542,9.8503,-0.019,0.5039,-0.2665
32314,752,825,33.537,25.598,-0.0414,0.0081,9.8537,-1.217,1.0232,-0.0039
32320,755,824,33.635,25.586,0.1113,-0.0557,9.8501,0.493,-0.3594,-0.1879
32325,755,818,33.669,25.639,0.051,-0.0532,9.8603,-0.7382,0.562,0.1711
32330,752,811,33.596,25.595,0.0136,-0.0058,9.7736,-0.2686,-0.3655,-0.1873
32335,748,824,33.485,25.619,0.0043,-0.0827,9.7549,-0.7706,0.7135,0.2058
32340,753,819,33.603,25.71,0.0351,0.0048,9.7634,0.0538,1.9419,-0.4481
32345,750,819,33.638,25.686,-0.0249,-0.0324,9.7742,0.1026,-0.4102,-0.2318
32350,757,819,33.624,25.608,-0.0354,0.0233,9.8213,-0.4765,-0.5066,0.0065
32354,757,816,33.546,25.577,-0.048,0.0099,9.794,0.9294,-0.7501,-0.4175
32360,756,816,33.594,25.546,0.0324,-0.02,9.8604,0.7595,-0.1503,-0.0128
32365,766,815,33.603,25.592,-0.0101,0.005,9.8233,-0.096,0.263,0.2766
32369,775,812,33.522,25.701,0.0641,0.0026,9.8472,0.0957,-0.2088,-0.0167
32375,771,820,33.459,25.541,0.1071,0.0591,9.8251,0.0527,0.4183,-0.278
32380,784,811,33.61,25.638,0.0316,-0.0532,9.841,1.0789,-0.5021,-0.5442
32384,789,816,33.49,25.593,0.0373,-0.0049,9.8321,0.0772,-0.3972,-0.1815
32390,792,808,33.601,25.714,-0.003,0.0695,9.827,-0.0997,0.1183,0.6015
32395,800,807,33.633,25.59,0.0095,0.0416,9.8838,-0.6104,0.3293,0.3573
32400,827,810,33.53,25.644,-0.0189,-0.0135,9.7956,-0.3194,-0.6505,-0.3807
32405,822,809,33.646,25.599,-0.0253,0.0061,9.705,0.4963,0.5534,0.1797
32409,836,801,33.624,25.612,-0.0013,-0.0093,9.7973,-1.0115,-0.7197,-0.6403
32415,851,802,33.552,25.646,-0.0535,-0.0327,9.8577,-0.1931,-0.1391,0.5755
32420,859,809,33.566,25.706,0.0062,-0.0427,9.7687,0.142,-0.873,0.7306
32424,877,799,33.599,25.564,-0.0407,0.0468,9.7506,-0.8016,-0.3305,-0.2226
32430,890,797,33.577,25.641,0.0179,-0.0394,9.8138,-0.0254,0.1108,-0.8097
32435,895,797,33.589,25.504,0.1094,-0.0199,9.8094,-0.1419,0.1308,0.2926
32439,919,792,33.56,25.646,0.0565,0.0028,9.8521,-0.6923,-0.7247,-0.3504
32445,924,792,33.622,25.493,-0.0048,0.023,9.8304,-0.5085,-0.2647,-0.667
32450,938,786,33.514,25.418,0.0517,-0.0898,9.7697,-0.134,0.2124,0.1623
32455,957,791,33.484,25.612,-0.0276,-0.017,9.901,-0.3024,-0.3612,0.164
32460,971,786,33.481,25.633,0.0751,0.0838,9.7898,-0.6725,-0.9566,-0.1133
32465,981,780,33.661,25.606,-0.1119,0.0054,9.8315,1.0865,-0.392,0.8638
32470,994,778,33.52,25.653,0.0279,0.0079,9.8171,-0.2379,-0.2538,-0.3804
32475,1014,774,33.586,25.615,-0.0979,-0.008,9.8585,0.0743,-0.0905,0.0595
32479,1022,776,33.499,25.607,0.0867,0.0467,9.7841,-0.4541,0.7627,0.0069
32485,1032,778,33.555,25.662,-0.0622,0.0102,9.8289,0.88,0.032,0.8391
32490,1045,770,33.561,25.651,0.0488,-0.0624,9.7788,-0.4084,0.0073,-0.2877
32494,1057,769,33.618,25.618,0.0662,-0.023,9.7671,0.5652,-0.5039,-0.5269
32500,1073,763,33.603,25.63,-0.0247,-0.1556,9.8316,0.5193,0.947,-0.3741
32505,1086,766,33.482,25.643,0.0597,-0.038,9.8306,-0.6987,-0.6273,-0.7319
32509,1108,764,33.55,25.634,0.0309,0.065,9.8329,0.3361,-0.1985,0.0318
32515,1097,756,33.611,25.657,-0.0544,0.0376,9.7395,0.2284,-0.2425,0.2796
32520,1113,759,33.54,25.583,-0.0715,-0.0242,9.7435,1.1199,-0.4336,0.4553
32525,1120,760,33.608,25.567,-0.0135,0.0652,9.8089,-0.3703,-0.0418,0.203
32530,1137,750,33.584,25.666,-0.0147,0.0758,9.7013,0.2213,-0.1719,-0.5517
32534,1138,749,33.499,25.654,0.0415,0.0266,9.7829,0.5485,0.0989,0.1075
32540,1146,751,33.587,25.655,-0.0477,-0.1127,9.8066,0.0772,-0.5006,0.108
32545,1157,748,33.485,25.617,0.021,-0.0009,9.7743,-0.5763,0.3528,0.8249
32549,1159,748,33.615,25.677,-0.0507,-0.0387,9.6716,-0.244,0.5335,0.4967
32555,1164,737,33.562,25.713,0.0152,-0.0456,9.7996,0.314,-0.7393,-0.4112
32560,1168,742,33.636,25.628,0.0384,-0.0042,9.8525,0.1654,0.066,-1.5983
32564,1170,740,33.538,25.575,0.0223,-0.0702,9.7279,0.3364,0.0318,0.3146
32570,1175,745,33.601,25.743,-0.0069,-0.0103,9.7976,0.9888,-0.187,0.3925
32575,1187,742,33.605,25.745,0.0082,0.0533,9.8256,-0.2836,0.0896,-0.1617
32580,1188,741,33.571,25.604,0.0529,0.0013,9.8164,0.6046,-0.3184,-0.5063
32585,1178,735,33.602,25.647,-0.0134,-0.0464,9.82,1.3335,0.2938,-0.4423
32590,1192,734,33.587,25.678,-0.0488,0.0783,9.8094,0.1713,-0.4219,1.4855
32595,1183,737,33.539,25.5,0.0368,-0.0126,9.8602,0.3355,-0.315,1.1966
32600,1191,737,33.647,25.682,-0.0767,0.0302,9.7821,0.6815,-0.3029,0.1791
32604,1192,741,33.694,25.718,0.0589,0.0022,9.8328,-0.0178,0.7756,-0.3518
32610,1184,745,33.56,25.627,0.0188,-0.0909,9.7766,0.9018,0.3919,-0.1496
32615,1185,738,33.578,25.541,-0.02,0.0327,9.7994,0.5335,0.2637,0.1781
32619,1180,734,33.518,25.575,0.0685,0.013,9.7698,-0.7121,0.2309,-1.4423
32625,1174,748,33.549,25.666,-0.0505,-0.082,9.8345,-0.4313,-0.535,0.8325
32630,1178,741,33.514,25.592,-0.0299,-0.0259,9.7787,0.2772,0.1484,0.3792
32634,1178,743,33.597,25.67,-0.0181,0.0397,9.8311,-0.3274,0.9774,-0.0512
32640,1174,748,33.58,25.496,-0.0029,-0.0268,9.8007,0.087,0.0145,0.5584
32645,1169,749,33.526,25.591,-0.0391,0.0351,9.8381,-0.3769,0.0834,-0.8161
32650,1160,752,33.537,25.604,-0.0316,0.0314,9.7559,0.0147,-0.4353,0.6821
32655,1168,756,33.589,25.664,0.0977,0.0794,9.8073,0.6149,-0.2699,0.6187
32659,1157,757,33.634,25.653,-0.0086,0.0481,9.8008,0.2992,-0.1259,0.5905
32665,1157,756,33.634,25.636,-0.006,-0.1221,9.7443,0.1267,0.7863,0.6138
32670,1152,758,33.546,25.664,-0.0153,0.0023,9.7686,-0.5031,0.8498,-0.0137
32674,1149,764,33.621,25.614,-0.0469,0.0812,9.6899,0.2964,0.218,-0.638
32680,1139,768,33.633,25.608,-0.0401,0.0206,9.817,1.0037,-0.1777,0.4853
32685,1143,770,33.568,25.621,-0.0281,0.0277,9.8147,-0.3222,-0.0342,-0.6736
32689,1129,776,33.483,25.687,-0.0592,0.023,9.845,0.0632,0.4667,0.142
32695,1143,776,33.625,25.614,-0.0169,-0.0788,9.7794,-0.0404,0.5488,0.3594
32700,1134,782,33.615,25.674,0.0427,-0.0152,9.8235,-0.1908,0.6762,0.2239
32705,1131,785,33.729,25.633,-0.0101,0.0424,9.7669,0.3599,0.4682,0.5817
32710,1121,786,33.565,25.634,-0.0208,0.0326,9.8499,0.4114,0.2954,0.5681
32715,1121,796,33.585,25.592,0.0886,-0.0532,9.9254,-0.5911,0.521,0.3125
32720,1121,795,33.554,25.68,0.0876,-0.0705,9.7848,-0.0943,0.3588,-0.1541
32725,1117,796,33.602,25.614,-0.0955,0.0127,9.8163,0.3815,-0.2764,0.0279
32729,1123,802,33.569,25.622,0.07,-0.0377,9.7977,0.0901,0.408,-0.1727
32735,1100,799,33.687,25.536,-0.1173,-0.0274,9.7979,0.5137,-0.43,-1.0027
32740,1108,807,33.536,25.675,0.0715,-0.0727,9.835,0.0827,-1.1976,-0.238
32744,1110,805,33.606,25.643,-0.0366,-0.0232,9.8125,-0.119,-0.3487,0.2989
32750,1101,812,33.593,25.654,-0.0183,0.1235,9.7535,-0.2242,0.3307,0.3893
32755,1106,809,33.551,25.575,0.0147,-0.0307,9.799,0.2748,-0.5962,-0.2223
32759,1102,815,33.519,25.641,0.0652,-0.0334,9.8882,0.6334,0.467,-0.3063
32765,1095,827,33.596,25.618,0.0563,-0.07,9.9064,-0.6435,-0.5385,0.5986
32770,1081,823,33.617,25.613,-0.0424,-0.0084,9.8273,-0.5458,-0.8174,0.4452
32775,1093,824,33.621,25.627,0.0151,0.0635,9.7754,0.0899,0.5157,0.7959
32780,1081,831,33.56,25.608,-0.0506,0.0043,9.8653,0.0381,0.0447,-0.1381
32785,1080,837,33.561,25.578,0.0736,-0.0052,9.8031,-0.1732,-0.0624,0.273
32790,1082,832,33.612,25.585,0.0189,-0.0421,9.7667,0.0671,-0.46,0.3114
32795,1085,833,33.625,25.644,0.0149,0.0443,9.7162,-0.8193,-0.9354,0.5649
32800,1071,837,33.512,25.648,0.009,-0.0317,9.875,-0.0462,0.3692,-0.0871
32805,1077,843,33.582,25.601,-0.0134,-0.0167,9.8197,0.2164,0.3692,0.1761
32810,1064,836,33.589,25.668,0.0101,0.0191,9.7541,0.2273,0.2883,0.4409
32815,1063,839,33.591,25.63,-0.016,0.0347,9.7763,0.0917,0.0843,0.3016
32820,1065,845,33.636,25.64,-0.0114,-0.0146,9.7746,0.6535,-0.1805,0.1194
32825,1062,841,33.637,25.671,0.0775,0.0329,9.8385,-0.3378,0.3473,0.7673
32830,1048,839,33.522,25.67,0.0585,-0.0418,9.769,-0.292,0.1949,0.211
32835,1056,840,33.644,25.661,-0.0701,0.0635,9.7755,0.2366,0.0518,1.1379
32840,1049,843,33.559,25.598,-0.013,-0.0398,9.7757,0.7449,-0.0494,0.4596
32845,1034,847,33.584,25.63,0.0165,-0.0282,9.8448,0.5354,-0.2677,-0.1799
32850,1033,848,33.621,25.554,0.0128,0.0468,9.8611,-0.6206,-0.2829,0.7789
32855,1026,843,33.602,25.551,0.0105,0.0275,9.9009,-0.5659,-0.3545,0.3647
32860,1021,842,33.532,25.696,0.1014,-0.0578,9.7226,-0.3753,-0.2581,-1.1043
32865,1009,848,33.516,25.503,0.0634,0.0489,9.8637,0.9219,0.0014,0.0139
32870,1003,843,33.628,25.635,-0.0071,-0.0196,9.9501,-0.8999,-1.0106,-0.1232
32875,1009,845,33.62,25.652,-0.0824,-0.0227,9.8401,-0.8945,0.1451,-0.2931
32880,991,844,33.573,25.593,0.0796,0.0073,9.7676,-0.8044,0.1072,0.2774
32885,983,842,33.578,25.601,0.003,0.0298,9.7808,0.7001,0.3357,0.4259
32890,972,842,33.534,25.64,-0.0025,-0.1162,9.7677,0.4385,0.0617,-0.6566
32895,965,839,33.605,25.5,0.0658,0.0824,9.8444,-0.2757,0.3298,0.0852
32900,954,839,33.509,25.562,0.034,-0.0388,9.8175,0.2375,0.5962,-0.0962
32905,950,839,33.537,25.671,-0.0483,-0.0504,9.8006,-0.3322,0.1543,0.1144
32910,936,842,33.564,25.601,-0.0491,0.0057,9.8591,-0.1576,-0.7325,-0.1829
32915,925,839,33.578,25.617,-0.0512,0.0185,9.7799,-0.2068,-0.3528,0.3857
32920,923,842,33.541,25.63,-0.0117,0.0031,9.7838,0.9585,-0.2345,-1.3349
32925,910,837,33.596,25.61,-0.0274,0.0358,9.7812,0.253,-0.1855,-0.8869
32930,908,839,33.547,25.641,0.0202,0.0255,9.7924,-0.2525,0.2755,0.1112
32935,892,835,33.665,25.605,0.0427,0.0206,9.7694,-0.8841,0.6249,-0.1593
32940,870,833,33.585,25.696,0.0047,-0.0012,9.7808,-0.2299,-0.716,1.6394
32945,867,830,33.632,25.673,-0.0323,-0.053,9.7997,-0.4136,-0.0642,-0.5217
32950,862,836,33.54,25.61,0.0064,0.0673,9.8022,0.0211,-1.1258,0.1491
32955,844,826,33.554,25.625,-0.0133,-0.0216,9.9141,0.6582,0.0602,0.4232
32960,845,828,33.552,25.682,-0.0203,-0.0677,9.7454,0.3398,-0.264,0.8007
32965,829,829,33.567,25.59,0.0353,-0.0474,9.8092,0.6764,-0.2255,-0.5084
32970,825,831,33.662,25.514,0.019,0.0328,9.7771,1.1234,0.6614,-0.7099
32975,812,830,33.594,25.482,0.0546,-0.0733,9.8554,-0.2803,0.49,-0.4747
32980,798,826,33.578,25.616,-0.0291,0.0358,9.8932,-0.2013,0.1977,-0.1624
32985,800,830,33.53,25.695,0.0408,0.0544,9.8688,0.4562,-0.1619,0.835
32990,791,830,33.512,25.663,0.0343,0.032,9.7771,-0.19,0.2708,1.1622
32995,779,829,33.532,25.662,-0.026,-0.0079,9.8063,-0.3938,0.6312,0.4853
33000,777,827,33.582,25.612,0.0358,-0.0848,9.844,-0.2817,-0.7988,-0.284
33005,771,826,33.558,25.616,-0.0286,0.0247,9.7823,-0.141,0.0731,-0.1731
33010,764,823,33.569,25.619,0.0275,-0.0888,9.8577,0.0992,0.2141,0.3913
33015,755,821,33.526,25.596,-0.0317,-0.0107,9.8442,-0.1336,-0.5019,0.7432
33020,763,820,33.623,25.695,0.0261,-0.026,9.8008,0.7675,0.6551,-0.2064
33025,747,820,33.522,25.67,0.0327,-0.0182,9.839,0.5554,0.1342,-0.0563
33030,745,823,33.59,25.584,-0.0507,0.0021,9.8378,1.0463,0.2328,-0.2094
33035,753,819,33.634,25.724,0.0028,-0.018,9.8381,0.6337,0.1957,-0.2096
33040,750,827,33.541,25.641,0.0061,0.0446,9.8516,0.5487,0.1942,-0.421
33045,755,817,33.588,25.626,0.0035,0.0001,9.8559,0.0932,-0.2992,-0.4363
33050,749,819,33.586,25.664,-0.016,-0.0161,9.9497,0.2473,0.0676,-0.1425
33055,736,818,33.537,25.654,0.0171,0.0887,9.8122,-0.106,-0.0529,-0.3014
33060,757,815,33.5,25.613,0.0776,-0.0265,9.9382,0.9104,-0.5575,0.6361
33065,758,818,33.539,25.588,-0.0032,0.0473,9.7448,0.3408,0.0606,-0.108
33070,762,816,33.515,25.529,-0.0885,0.0078,9.833,-0.1021,-0.3331,0.4986
33075,766,819,33.544,25.584,-0.0945,-0.1376,9.8839,0.7647,-0.0875,0.123
33080,775,816,33.639,25.63,0.0634,-0.0539,9.8713,-0.5062,0.2318,0.2393
33085,774,815,33.598,25.681,-0.0498,0.0587,9.7806,0.446,-0.1876,-0.0891
33090,788,818,33.689,25.688,0.0108,-0.0281,9.8431,-0.2431,0.3791,-0.7067
33095,794,810,33.536,25.727,-0.0705,-0.0378,9.7637,-0.215,-0.3708,0.3908
33100,803,805,33.656,25.543,-0.0045,-0.0888,9.7383,0.3137,-0.0626,-0.0034
33105,819,805,33.527,25.627,-0.0344,0.028,9.785,0.0814,0.524,0.1388
33110,820,804,33.679,25.62,-0.0552,0.0932,9.8673,-0.13,-0.0834,0.7848
33115,841,805,33.575,25.618,0.014,0.0216,9.8683,-1.4714,0.2679,-0.2906
33120,849,800,33.568,25.655,0.0453,-0.0234,9.8,0.2559,-0.1925,-0.2952
33125,852,803,33.556,25.551,-0.0101,0.0261,9.7025,-0.1698,-0.1256,0.5131
33130,878,797,33.562,25.575,-0.0267,-0.0147,9.8172,0.5508,0.1528,-0.3867
33135,878,796,33.599,25.571,-0.013,-0.093,9.7891,-0.1294,0.0384,-0.0425
33140,911,798,33.626,25.567,-0.0192,-0.0025,9.8676,-0.7149,0.1347,0.3654
33145,909,797,33.603,25.654,-0.0544,-0.0277,9.7327,-0.5958,-0.4414,0.2885
33150,922,787,33.571,25.684,0.0009,0.0288,9.7722,-0.4166,0.3257,-0.7633
33155,935,788,33.593,25.58,-0.0001,-0.0098,9.7591,-0.2304,-0.6903,0.3067
33160,962,789,33.473,25.527,-0.0136,0.003,9.8093,-0.6481,0.0289,-0.0611
33165,966,784,33.644,25.598,-0.006,0.0427,9.8277,0.989,-0.0233,-1.2128
33170,976,784,33.597,25.59,-0.015,0.0101,9.8158,-0.1936,-0.2998,-0.4276
33175,1000,782,33.624,25.652,0.067,-0.0258,9.7988,-0.3587,-0.3233,-0.5324
33180,1006,781,33.564,25.632,-0.0683,-0.0371,9.8728,-0.2664,0.3154,0.8054
33185,1023,781,33.581,25.767,0.018,-0.0626,9.8597,0.0483,1.2011,-0.2083
33190,1029,779,33.6,25.676,0.0063,0.0223,9.8108,-0.4607,-0.1668,0.0576
33195,1036,772,33.564,25.606,0.0072,0.0199,9.8083,0.326,-0.5331,-0.3345
33200,1054,768,33.533,25.62,0.0191,0.0496,9.763,0.6124,0.1983,0.4864
33205,1074,769,33.596,25.682,-0.0173,0.0579,9.7496,-0.3065,0.1785,0.726
33210,1082,764,33.573,25.692,0.0127,-0.1181,9.8399,0.1452,-0.7786,0.6046
33215,1092,769,33.583,25.622,0.009,-0.0639,9.7541,0.3405,0.2597,-0.741
33220,1096,757,33.549,25.683,-0.0313,0.062,9.7275,0.1676,0.9877,-0.0269
33225,1103,757,33.708,25.714,-0.0615,-0.0157,9.8085,-0.5242,-0.3594,-0.5488
33230,1119,757,33.593,25.64,0.0475,0.0892,9.7791,0.2717,0.1228,0.2331
33235,1135,756,33.532,25.641,0.0892,-0.0152,9.7565,-0.0988,-0.0448,0.5811
33240,1128,748,33.583,25.587,-0.0592,0.0049,9.756,-0.2218,0.3274,0.7058
33245,1150,749,33.612,25.64,-0.0375,-0.0097,9.8706,0.5445,0.1339,-0.3692
33250,1150,745,33.608,25.604,-0.0742,-0.0431,9.864,0.0822,-0.2046,0.1999
33255,1155,746,33.643,25.546,-0.0505,0.0445,9.8799,-0.4416,-1.2622,-0.7822
33260,1175,746,33.5,25.562,0.0643,0.0128,9.8471,0.589,-0.7664,-0.22
33265,1173,741,33.665,25.657,-0.0314,0.0031,9.8672,0.0292,0.0426,-0.6254
33270,1179,739,33.594,25.615,-0.075,-0.0634,9.7597,-0.8492,0.8642,-0.0485
33275,1184,742,33.628,25.588,0.026,-0.0596,9.7903,-0.2233,1.2484,-0.009
33280,1174,737,33.594,25.697,-0.0165,0.0552,9.8049,0.1287,0.5074,-0.1668
33285,1177,739,33.48,25.53,0.0483,-0.049,9.7558,-0.8983,-0.3255,0.4155
33290,1190,743,33.586,25.689,0.0081,0.0243,9.9524,0.1731,0.205,0.3984
33295,1189,744,33.514,25.542,-0.0848,-0.0069,9.8531,-0.0391,-0.268,0.143
33300,1179,737,33.652,25.65,0.0002,-0.0866,9.7369,0.511,-0.0244,-0.0377
33305,1180,743,33.516,25.546,-0.0222,-0.0609,9.7795,0.5136,0.0732,0.4183
33310,1198,743,33.552,25.577,-0.0086,-0.0715,9.8587,-0.0538,0.092,0.3328
33315,1189,743,33.503,25.624,-0.0488,-0.1367,9.796,-0.0566,0.9215,0.99
33320,1183,740,33.558,25.747,-0.0421,0.0179,9.8442,0.0965,-0.0219,-0.3424
33325,1179,741,33.559,25.594,0.0462,-0.0685,9.8244,0.5249,0.0869,0.0142
33330,1196,743,33.61,25.656,0.054,0.0079,9.8478,0.8371,0.3811,-0.4086
33335,1178,742,33.534,25.583,-0.062,-0.0167,9.7292,-0.315,0.0488,-0.6371
33340,1178,746,33.526,25.618,0.0685,0.0292,9.7911,0.0405,-0.3844,0.9253
33345,1178,744,33.51,25.659,-0.0171,0.081,9.9183,-0.0559,0.1847,0.2195
33350,1168,752,33.689,25.581,-0.0317,-0.0423,9.8086,0.251,0.2758,0.1594
33355,1167,748,33.629,25.535,0.0068,0.0245,9.7226,-0.2202,-0.0137,-0.4766
33360,1162,749,33.491,25.577,0.0474,0.057,9.7522,0.0225,0.1051,-0.7136
33365,1164,755,33.578,25.685,0.0399,0.0024,9.8168,-0.3241,-0.7782,0.727
33370,1156,757,33.562,25.607,-0.038,-0.0101,9.7912,0.3151,0.1515,-0.0251
33375,1152,760,33.519,25.581,-0.0586,0.0734,9.8318,0.8246,-0.3944,-0.5421
33380,1146,765,33.546,25.646,-0.0151,-0.0736,9.8788,0.0553,0.2947,0.4219
33385,1143,762,33.508,25.555,-0.015,-0.0018,9.8311,-1.2979,-0.6224,-0.4674
33390,1138,774,33.595,25.657,0.0063,0.0196,9.808,-0.1715,-0.1769,-0.176
33395,1138,773,33.523,25.63,-0.0096,-0.0936,9.822,0.4766,-0.6518,0.2528
33400,1142,774,33.615,25.621,-0.0238,0.0194,9.7842,0.112,-0.2475,-0.0038
33405,1131,778,33.615,25.627,-0.0329,0.0474,9.7381,-0.9355,0.3433,-0.1112
33410,1127,782,33.59,25.59,0.0128,-0.0124,9.7686,0.3714,-0.0318,0.0193
33415,1123,782,33.533,25.64,0.0313,-0.0614,9.7418,0.366,0.1321,0.1739
33420,1119,785,33.518,25.688,-0.0103,0.0356,9.8566,0.2764,0.5967,0.5399
33425,1114,791,33.559,25.685,0.0172,0.0261,9.8931,-0.2616,0.0464,0.9117
33430,1113,795,33.538,25.615,-0.0625,0.0365,9.8688,0.7703,-1.2283,-0.3762
33435,1115,800,33.525,25.542,0.0057,0.053,9.9337,-1.432,0.7157,0.3458
33440,1100,800,33.581,25.627,0.0199,-0.0752,9.7633,0.6276,0.1415,-0.0631
33445,1112,801,33.605,25.54,0.0586,0.0127,9.7899,0.2195,-0.0784,-0.0702
33450,1107,809,33.59,25.583,-0.0169,0.0921,9.828,-1.0365,-0.2839,1.0018
33455,1102,815,33.509,25.645,0.0229,-0.0459,9.8428,0.2,-0.1193,-0.2063
33460,1098,822,33.692,25.555,0.0062,-0.0462,9.7261,-0.1717,-0.0607,-0.7796
33465,1099,818,33.572,25.716,-0.0132,-0.0136,9.7843,-1.0982,-0.3243,-0.1026
33470,1104,818,33.589,25.674,-0.024,-0.0489,9.7865,0.1794,0.5947,-0.8603
33475,1092,819,33.506,25.575,-0.0139,0.0228,9.7843,0.0244,-0.2411,0.4157
33480,1094,822,33.542,25.691,-0.0271,-0.0191,9.8276,0.2652,-0.2044,-0.3168
33485,1090,829,33.538,25.633,0.0331,-0.1121,9.8796,0.1557,0.5007,-0.0657
33490,1088,827,33.506,25.605,-0.0453,0.1026,9.8449,0.1116,-0.0039,-0.476
33495,1084,830,33.622,25.56,-0.0393,-0.0562,9.7741,0.062,0.1208,-0.2484
33500,1077,830,33.556,25.588,0.0782,-0.0127,9.7842,0.3246,0.2538,0.5235
33505,1078,840,33.507,25.655,-0.004,-0.0754,9.7798,-0.1892,0.393,-0.0238
33510,1070,836,33.578,25.609,0.0055,-0.0265,9.8322,-0.2675,-0.0271,0.5847
33515,1065,845,33.65,25.606,0.0131,0.0251,9.9324,0.0507,-0.0469,0.297
33520,1066,843,33.531,25.637,0.0071,-0.0348,9.8249,0.8039,-1.0342,0.6732
33525,1059,840,33.537,25.526,0.0308,-0.0343,9.8807,-0.3051,-0.0255,0.3176
33530,1057,844,33.534,25.639,0.0382,-0.0869,9.8257,-0.0897,0.8194,0.7447
33535,1053,844,33.525,25.619,0.0133,0.0436,9.7759,0.0357,-0.3749,0.2086
33540,1046,845,33.446,25.522,-0.0487,0.0218,9.7279,-0.026,-0.3937,-0.487
33545,1046,843,33.582,25.652,-0.0082,0.0317,9.899,-0.606,-0.2557,-0.1285
33550,1042,849,33.565,25.641,-0.0008,-0.0526,9.8753,-0.4003,0.5123,0.0937
33555,1032,845,33.55,25.606,0.0705,0.0161,9.8226,0.5253,0.3441,-0.5429
33560,1024,846,33.614,25.579,-0.1074,0.0423,9.8576,-1.2489,0.0368,0.4019
33565,1031,843,33.502,25.647,0.0685,0.0299,9.8599,-0.0915,-0.1099,-0.5899
33570,1016,846,33.622,25.525,-0.0015,0.0445,9.7737,-0.266,0.4368,0.1099
33575,1007,846,33.644,25.606,-0.019,0.0008,9.8592,-0.6369,1.05,-0.6566
33580,1002,849,33.442,25.617,-0.0652,-0.0632,9.9291,0.0584,-0.0135,0.2281
33585,996,839,33.592,25.667,0.0547,0.0317,9.7504,0.6035,-0.0183,-0.8925
33590,976,845,33.561,25.631,-0.0486,-0.0233,9.7783,-0.8656,0.2247,-0.0822
33595,972,843,33.576,25.531,0.0256,0.0046,9.8332,-0.0448,0.1376,-0.2745
33600,967,844,33.618,25.587,0.0051,-0.0009,9.8133,0.1371,-0.0643,-0.2294
33605,957,841,33.553,25.638,0.067,-0.0412,9.7994,-0.1389,0.637,0.6237
33610,951,843,33.554,25.627,-0.0197,-0.1509,9.7679,0.4956,0.0206,0.327
33615,930,841,33.537,25.633,0.0182,0.0236,9.8005,-0.5395,0.0426,-0.1976
33620,923,843,33.637,25.549,0.0634,-0.0559,9.8079,0.258,0.2861,-0.1782
33625,918,840,33.586,25.681,0.0744,-0.0458,9.7737,-0.6545,0.2607,-0.2358
33630,924,837,33.568,25.606,-0.0369,-0.067,9.913,-0.1249,-0.2016,-0.0011
33635,902,840,33.49,25.575,-0.0768,0.003,9.8427,-0.2247,0.3669,0.5243
33640,890,836,33.508,25.669,0.067,-0.0165,9.8225,0.1964,0.2244,1.305
33645,885,835,33.555,25.589,-0.0024,0.0012,9.7835,-1.0479,0.3695,-0.4879
33650,865,835,33.575,25.595,-0.0153,0.0428,9.8558,0.0854,0.2199,-0.1292
33655,857,833,33.589,25.589,0.0893,0.1288,9.8884,-1.3104,0.2947,0.1036
33660,856,828,33.482,25.575,0.0275,-0.0521,9.8594,0.5582,0.6763,-1.0499
33665,846,832,33.574,25.621,0.0199,-0.0239,9.8333,-0.317,-0.2262,0.0006
33670,828,825,33.498,25.658,0.0254,0.0187,9.8151,0.2776,-0.3031,-0.7072
33675,819,826,33.533,25.622,-0.0135,0.019,9.8445,-0.9947,-0.998,0.1783
33680,807,830,33.627,25.632,-0.0275,0.0332,9.7987,-0.2831,-0.0365,0.4595
33685,807,825,33.527,25.599,-0.017,-0.0438,9.8241,-0.8977,0.6503,-1.0923
33690,798,830,33.648,25.62,0.0111,0.0306,9.7713,0.6897,-0.3583,-0.1891
33695,782,826,33.535,25.63,-0.0031,0.0152,9.8007,-0.1151,-0.0707,0.5408
33700,792,823,33.558,25.621,-0.0134,0.0546,9.82,-0.228,-0.3093,-0.0121
33705,772,827,33.556,25.686,-0.0131,0.0723,9.7938,0.032,0.3705,-0.36
33710,771,820,33.494,25.594,0.0277,-0.0312,9.8038,0.3084,-0.9577,-0.1774
33715,762,821,33.62,25.554,-0.0127,-0.0095,9.8314,0.551,-0.0456,0.3553
33720,760,823,33.582,25.507,0.0196,0.0058,9.7787,-0.4091,-0.3774,0.1313
33725,754,823,33.521,25.6,0.0841,0.0011,9.8478,0.7341,-0.1517,0.5001
33730,753,823,33.614,25.619,-0.0167,0.0672,9.9401,0.7972,-0.7312,1.1676
33735,759,820,33.543,25.588,-0.039,0.0508,9.8002,-0.4152,-0.4842,0.1779
33740,753,821,33.608,25.622,-0.0184,0.0445,9.7789,0.3476,0.2542,0.9312
33745,751,816,33.608,25.646,0.0235,0.0634,9.7465,-0.6043,-0.3168,0.4745
33750,756,819,33.559,25.691,-0.0603,-0.0483,9.8809,-0.3653,-0.3745,-0.0367
33755,753,818,33.573,25.605,-0.0717,0.0212,9.7611,-0.2519,0.9127,0.4876
33760,743,822,33.585,25.61,-0.0347,0.02,9.7983,0.7747,0.6401,0.1593
33765,763,820,33.609,25.593,0.0742,0.0301,9.6827,0.758,-0.0454,-0.1064
33770,751,817,33.532,25.726,-0.0121,-0.0579,9.8094,0.4713,-0.2939,-0.5187
33775,770,809,33.565,25.573,-0.0836,0.004,9.7966,0.6506,0.9405,0.2038
33780,766,818,33.543,25.624,-0.0012,-0.0106,9.8078,-0.2763,-1.1936,-0.5422
33785,777,813,33.617,25.638,0.0553,0.0082,9.777,-0.8264,-0.3033,0.7961
33790,780,815,33.453,25.636,-0.0292,-0.1219,9.7442,0.4333,-0.2318,0.2639
33795,787,815,33.571,25.662,-0.0164,-0.0336,9.8591,0.3087,-0.392,0.0848
33800,792,809,33.656,25.555,0.0427,-0.0201,9.8022,0.9074,-0.1437,0.3286
33805,804,813,33.537,25.664,-0.1678,0.0172,9.8711,1.4811,-0.1352,0.1016
33810,810,811,33.596,25.617,0.0558,-0.015,9.8576,0.0482,-0.4865,0.2087
33815,827,810,33.563,25.62,-0.0336,-0.1232,9.8245,0.0854,0.3112,0.6243
33820,829,805,33.603,25.541,-0.0524,-0.0535,9.7547,-0.307,-0.1959,0.5051
33825,851,802,33.511,25.63,0.0159,0.0016,9.719,0.2329,-0.8502,0.3067
33830,850,803,33.52,25.626,0.0496,0.1251,9.7594,-0.2504,-0.319,1.1747
33835,870,802,33.615,25.591,-0.0588,0.026,9.8253,0.1799,0.0752,0.4551
33840,886,802,33.541,25.638,-0.0145,-0.0625,9.9155,0.4247,-0.1581,0.4868
33845,897,796,33.522,25.616,-0.0153,-0.0327,9.8859,0.2076,-0.2617,0.0321
33850,910,800,33.545,25.571,0.0356,-0.0585,9.7857,0.5114,0.1142,0.6972
33855,911,797,33.49,25.646,-0.0445,0.0326,9.8593,0.3178,-0.3979,-0.8036
33860,933,793,33.52,25.606,-0.0399,0.0282,9.7989,0.0956,-0.1901,0.4205
33865,960,789,33.525,25.473,0.0315,-0.1093,9.7996,0.032,0.6374,0.3925
33870,963,783,33.556,25.608,-0.0318,-0.0096,9.8438,0.0428,0.7458,0.6747
33875,984,785,33.502,25.627,0.0351,0.0482,9.8069,0.0326,-0.1994,0.505
33880,985,783,33.542,25.61,0.0298,-0.0352,9.824,0.1434,0.3452,-0.8088
33885,1008,771,33.556,25.638,0.0436,0.0349,9.785,0.1612,-0.3567,-0.0276
33890,1017,774,33.522,25.684,-0.0126,0.1164,9.8042,0.5902,0.9279,0.2166
33895,1027,777,33.557,25.643,0.0642,-0.0578,9.7788,1.0999,-0.2583,-0.2109
33900,1034,769,33.542,25.606,-0.0054,-0.0011,9.8218,-0.0797,-0.1472,-0.6894
33905,1065,768,33.521,25.654,-0.0066,0.1113,9.8746,0.4495,-0.2673,-0.4673
33910,1072,768,33.615,25.579,-0.015,0.0264,9.8414,0.2278,-0.1956,0.5195
33915,1076,764,33.618,25.581,-0.0011,-0.0914,9.7752,-0.1702,-0.238,-0.4432
33920,1095,768,33.575,25.612,0.065,0.0059,9.8174,0.501,0.3176,0.9055
33925,1105,759,33.51,25.596,-0.0745,0.0028,9.8011,-0.1674,0.0587,-1.4488
33930,1113,760,33.58,25.593,-0.0273,-0.0113,9.7491,0.3907,-0.5867,0.7019
33935,1122,764,33.631,25.559,-0.0157,-0.0106,9.8479,0.1988,-0.2659,-0.9685
33940,1127,756,33.596,25.629,-0.0471,-0.0509,9.7495,0.6413,-0.2788,0.6427
33945,1134,747,33.627,25.615,-0.1107,0.0247,9.7855,0.0319,-0.8024,-0.3797
33950,1148,745,33.565,25.61,-0.1138,0.0462,9.8481,-0.551,-0.6083,0.3923
33955,1147,750,33.645,25.541,-0.0588,-0.0179,9.8387,-0.428,-0.1733,-0.2018
33960,1150,750,33.533,25.631,0.0792,0.0228,9.8209,0.1331,0.5824,0.0254
33965,1174,738,33.608,25.634,0.0667,0.0167,9.7766,-0.2628,-0.3657,0.145
33970,1180,746,33.643,25.66,-0.0707,-0.1261,9.771,0.0239,-0.2003,0.086
33975,1173,744,33.559,25.557,0.0794,-0.0374,9.769,1.3057,-0.1948,-0.7859
33980,1181,744,33.52,25.613,0.0645,0.0387,9.7493,0.1415,0.0407,0.2285
33985,1181,743,33.579,25.63,0.0419,0.0181,9.6905,0.363,-0.194,0.0493
33990,1185,745,33.633,25.597,-0.0175,-0.0803,9.7795,-0.2227,-0.5078,0.4304
33995,1186,740,33.568,25.573,-0.0224,-0.0071,9.8597,-0.1658,0.5723,0.6711
34000,1177,737,33.603,25.664,-0.003,-0.0104,9.7864,-0.2504,-0.3384,0.0864
34005,1194,737,33.521,25.648,-0.0047,0.037,9.8139,-0.0366,0.9148,0.7063
34010,1198,739,33.569,25.504,-0.0335,0.0106,9.7866,0.2478,-0.0344,-0.1837
34015,1192,738,33.562,25.551,-0.0057,0.0491,9.8332,0.1771,-0.3884,-0.6569
34020,1180,745,33.674,25.58,-0.0322,-0.0172,9.8075,-0.2895,-0.2764,-0.0154
34025,1177,743,33.579,25.581,0.0022,0.0258,9.7983,-0.0271,-0.1426,-0.7749
34030,1187,741,33.552,25.563,0.0159,0.0741,9.8139,-0.4391,-0.2558,-0.1954
34035,1186,739,33.584,25.679,0.0259,-0.0303,9.8773,0.8005,-0.0118,-0.1735
34040,1175,747,33.545,25.545,-0.0705,-0.0511,9.8298,0.1926,0.2328,0.1282
34045,1177,749,33.481,25.562,0.0018,-0.0065,9.8588,-0.7825,-0.8834,-0.162
34050,1181,748,33.595,25.605,-0.0269,0.0122,9.9124,0.8073,0.061,-0.4407
34055,1166,746,33.582,25.652,-0.064,0.0354,9.7451,-0.7244,-0.0764,0.7563
34060,1179,751,33.495,25.662,-0.0053,0.0247,9.7953,0.6648,0.2668,0.1078
34065,1157,752,33.522,25.708,-0.03,0.0662,9.7808,0.3321,0.5497,0.1328
34070,1149,752,33.503,25.604,-0.0702,0.0226,9.8743,-1.3206,-0.5645,-0.3174
34075,1161,756,33.594,25.604,-0.0106,-0.0725,9.8278,-0.0631,-0.8573,0.447
34080,1154,760,33.562,25.617,-0.1202,0.0127,9.8359,-0.3114,-0.2747,-0.3701
34085,1150,762,33.534,25.533,-0.027,-0.0145,9.7309,0.2774,0.6628,-0.1187
34090,1139,768,33.574,25.485,0.0022,0.0032,9.7942,-0.6321,-0.2764,0.4491
34095,1142,767,33.56,25.643,0.0158,0.0415,9.7633,-0.3315,0.7804,0.5023
34100,1146,773,33.517,25.618,-0.048,0.0658,9.9063,0.1743,-0.345,-0.126
34105,1127,775,33.511,25.624,0.0486,-0.0522,9.7549,0.5536,-0.815,-0.6776
34110,1115,777,33.494,25.62,-0.0761,0.01,9.8221,0.7451,0.0284,0.4632
34115,1129,782,33.566,25.692,-0.022,0.0452,9.8571,0.0271,0.0293,0.1393
34120,1129,785,33.591,25.684,-0.0368,0.0052,9.7498,0.1222,0.495,0.8629
34125,1123,785,33.526,25.619,-0.0181,0.0204,9.803,0.3563,0.1106,-0.7205
34130,1119,794,33.569,25.565,0.0499,-0.0942,9.8645,-0.3048,-0.2815,-0.2881
34135,1122,795,33.595,25.683,0.0504,0.0393,9.7482,-0.6458,-0.2541,-0.321
34140,1109,801,33.551,25.59,0.0016,0.0282,9.7761,0.3074,1.0119,0.3013
34145,1114,805,33.587,25.638,0.1122,-0.0619,9.8431,-0.0932,-0.8371,-0.9473
34150,1107,804,33.644,25.603,0.0383,0.026,9.8394,-0.7184,-0.0225,-0.4224
34155,1100,805,33.565,25.592,-0.0146,0.0691,9.8191,0.7574,-0.0797,-0.5652
34160,1091,812,33.58,25.627,0.0083,0.013,9.8476,-0.248,0.575,0.0765
34165,1104,819,33.637,25.573,0.0283,0.0371,9.7462,-1.4045,0.6724,-0.0282
34170,1106,816,33.533,25.649,0.0371,-0.0012,9.8144,0.4193,0.7935,0.5278
34175,1092,826,33.612,25.627,0.0184,-0.0666,9.7678,-0.2381,-0.3167,-0.7922
34180,1099,820,33.44,25.602,-0.01,-0.0205,9.792,-0.1135,0.9549,0.2783
34185,1094,822,33.513,25.453,0.024,0.0291,9.8409,0.4213,0.0378,-0.4489
34190,1083,829,33.484,25.69,0.0693,0.0126,9.854,0.1381,0.4803,-0.0013
34195,1092,829,33.513,25.618,0.0537,-0.0139,9.827,0.1378,-0.7747,0.4288
34200,1089,833,33.565,25.683,0.0412,0.0341,9.8171,-0.2322,0.387,-0.5077
34205,1079,838,33.53,25.501,-0.0361,-0.0197,9.8202,0.2518,-0.3169,-0.0516
34210,1069,836,33.553,25.638,0.0447,-0.0766,9.8097,0.5025,0.1119,-0.5631
34215,1065,837,33.586,25.646,-0.0367,-0.0979,9.8155,0.5396,-0.3827,-0.2938
34220,1080,837,33.562,25.578,-0.0549,-0.0277,9.8123,-0.2829,-0.388,0.5075
34225,1062,838,33.577,25.637,-0.0667,-0.0288,9.7874,0.0015,0.9202,-0.1303
34230,1059,841,33.575,25.552,0.004,-0.0815,9.783,0.1323,-0.422,-0.4196
34235,1055,846,33.584,25.631,-0.0244,-0.0338,9.8124,0.0853,0.7166,-0.7641
34240,1056,840,33.577,25.65,-0.0021,-0.0388,9.8559,-0.1427,0.5751,0.0773
34245,1048,848,33.556,25.689,0.0301,0.084,9.8894,-0.1071,0.2526,-0.8947
34250,1049,842,33.612,25.683,0.098,-0.0046,9.8279,0.1666,0.1764,-0.5992
34255,1035,840,33.58,25.602,-0.0048,-0.034,9.9291,-0.0378,-0.3613,-0.0813
34260,1035,842,33.509,25.616,-0.0439,0.1033,9.8389,0.9428,-0.0807,-0.2351
34265,1024,846,33.576,25.729,0.0553,0.0774,9.8479,0.3619,0.3007,-0.1912
34270,1026,843,33.642,25.605,-0.0185,-0.0194,9.7282,0.0267,0.419,0.0766
34275,1028,846,33.541,25.677,0.0584,-0.0427,9.8103,-0.2298,0.3801,0.2788
34280,1015,849,33.548,25.63,0.0142,-0.0686,9.8238,1.0918,0.5818,0.115
34285,998,849,33.574,25.64,0.1175,0.0028,9.862,0.8561,0.4461,-0.2322
34290,994,844,33.621,25.561,0.0859,-0.0271,9.8243,-0.8188,0.0114,-0.1694
34295,986,845,33.551,25.657,-0.0461,-0.0674,9.7956,0.1703,0.4917,0.3739
34300,985,843,33.517,25.625,-0.0307,-0.0063,9.8297,0.5703,-0.6167,1.0619
34305,954,834,33.546,25.617,0.0747,0.0118,9.8629,-1.006,0.332,-0.3609
34310,959,841,33.561,25.627,-0.007,0.0319,9.8745,0.1121,-0.2405,0.4367
34315,957,842,33.522,25.63,-0.0235,0.0052,9.7946,-0.4849,0.6663,0.2321
34320,944,842,33.502,25.602,-0.0322,-0.0556,9.8475,0.1401,0.3962,-0.6675
34325,928,841,33.527,25.576,0.0416,-0.0165,9.7139,0.797,1.0294,0.5769
34330,925,839,33.674,25.688,-0.0665,0.0277,9.8324,-0.1238,0.3685,0.1298
34335,921,835,33.609,25.584,0.0714,-0.0101,9.8164,-0.1763,0.3241,-0.4102
34340,907,837,33.55,25.519,-0.0533,0.031,9.8262,-0.7611,0.5121,0.0501
34345,895,838,33.647,25.598,0.0359,0.0169,9.7967,-0.9833,1.3607,-0.7703
34350,886,834,33.561,25.655,-0.0877,-0.0047,9.8546,0.0286,-0.4798,-0.3859
34355,868,836,33.632,25.624,-0.0379,-0.0172,9.7152,0.1054,-0.4964,0.1405
34360,862,835,33.507,25.569,-0.0162,-0.0204,9.778,0.468,-0.0434,-0.7497
34365,850,836,33.492,25.577,-0.0346,0.0571,9.847,0.0456,-1.0578,-0.3326
34370,847,831,33.546,25.589,0.0344,0.0805,9.7869,0.5393,0.3104,0.323
34375,826,832,33.56,25.722,-0.0048,0.0089,9.8627,-0.0555,-0.3661,-0.6712
34380,828,830,33.598,25.526,-0.0312,-0.0393,9.7515,0.4238,-0.3594,0.0335
34385,818,830,33.597,25.638,0.0039,-0.0001,9.8398,0.1686,-0.4104,-0.0554
34390,802,834,33.569,25.632,-0.0392,0.0385,9.8172,1.3485,0.209,0.1812
34395,807,822,33.487,25.612,0.0462,-0.0625,9.7114,-0.0874,-0.2536,-0.4495
34400,794,821,33.524,25.608,0.0702,-0.0069,9.826,0.0021,0.733,-0.4163
34405,784,827,33.59,25.588,-0.0331,0.0703,9.8436,-0.6896,-0.2978,-0.2424
34410,773,826,33.591,25.54,0.0187,-0.0484,9.7907,1.2775,-0.1715,-0.5396
34415,771,827,33.568,25.629,-0.0097,-0.0221,9.7581,0.7803,0.1815,-0.3798
34420,771,822,33.596,25.608,-0.0881,0.015,9.7565,-1.2887,0.0717,0.3567
34425,765,822,33.515,25.582,0.0688,0.0479,9.8908,-0.6804,0.3744,0.8999
34430,759,823,33.663,25.564,-0.065,-0.0121,9.8352,0.87,0.9261,0.2929
34435,745,823,33.532,25.611,0.0386,0.0409,9.8667,-0.0537,-0.2987,0.5762
34440,746,823,33.559,25.66,-0.0148,0.0584,9.8714,0.0028,-0.0375,-0.1019
34445,755,822,33.566,25.549,0.0487,-0.0293,9.7638,0.1197,0.6893,0.2972
34450,752,816,33.654,25.647,-0.1041,-0.0001,9.7809,-0.467,0.2599,0.1414
34455,751,822,33.585,25.568,0.0515,-0.0427,9.886,0.8201,-0.5574,0.4044
34460,756,825,33.568,25.643,-0.0101,0.0755,9.7975,0.041,0.278,0.0244
34465,753,818,33.614,25.561,-0.0618,-0.0117,9.8993,-0.3147,0.0331,-0.4482
34470,755,820,33.506,25.566,-0.0905,0.01,9.7918,-0.0697,-0.3157,0.3465
34475,762,818,33.628,25.666,-0.0928,-0.0956,9.8342,-0.1208,-0.6353,0.6203
34480,763,817,33.461,25.688,0.0369,-0.0492,9.8193,-0.7622,0.7847,-0.9555
34485,771,817,33.552,25.6,-0.0144,0.0272,9.8171,-0.3722,0.5853,0.3736
34490,766,814,33.584,25.627,0.0076,0.0804,9.882,-0.451,0.6427,-0.2624
34495,777,813,33.614,25.67,0.0151,-0.0354,9.8424,-0.1284,-0.3461,-0.1786
34500,780,813,33.531,25.686,0.0874,-0.0004,9.7836,-0.5421,-0.1827,-0.6148
34505,794,817,33.543,25.569,0.0355,0.0649,9.7285,-0.3126,-1.2632,0.2525
34510,798,816,33.566,25.605,-0.051,0.0163,9.7925,0.3174,0.34,-0.0259
34515,809,806,33.627,25.558,0.0287,0.0228,9.7468,0.0811,-0.6516,-0.2348
34520,813,805,33.595,25.64,-0.0156,-0.0863,9.8297,0.3643,-0.1293,0.0587
34525,832,806,33.552,25.506,-0.0042,-0.0437,9.7595,-0.6308,0.0136,0.3914
34530,843,807,33.589,25.602,0.034,-0.0091,9.8409,0.2698,-0.0827,-0.1643
34535,853,796,33.537,25.616,0.0119,-0.0145,9.8791,0.6909,0.1013,-0.2683
34540,867,801,33.603,25.639,-0.0023,0.049,9.741,0.4375,-0.3074,0.1023
34545,876,802,33.527,25.562,0.0323,-0.0333,9.781,-0.0611,0.3574,-0.3312
34550,896,798,33.525,25.589,-0.0128,0.0385,9.8055,-0.3681,-0.0605,-0.3304
34555,900,795,33.581,25.631,-0.0909,0.0104,9.9076,-0.613,-0.0913,-0.3559
34560,916,791,33.557,25.556,0.0133,-0.0018,9.8893,-0.211,-0.2901,0.1112
34565,934,788,33.557,25.587,-0.0461,-0.0336,9.7704,-0.2903,0.5808,0.0223
34570,950,788,33.669,25.544,-0.0179,-0.0393,9.8109,-0.1964,0.1511,-0.2564
34575,969,794,33.561,25.597,0.0861,-0.0197,9.7699,-0.0082,0.1857,-0.623
34580,969,786,33.546,25.565,-0.0564,-0.0491,9.7596,-0.137,-0.524,0.858
34585,986,783,33.498,25.659,-0.0255,-0.0599,9.7999,0.3367,-0.8425,-0.2135
34590,998,779,33.528,25.605,-0.0256,-0.0091,9.796,0.3537,-0.1887,-0.1839
34595,1007,778,33.539,25.549,0.053,0.0043,9.8746,-0.3125,-0.7156,0.0162
34600,1029,778,33.554,25.625,0.0631,-0.0921,9.8576,-0.3815,-1.0207,-0.1083
34605,1029,772,33.522,25.626,0.0686,-0.0135,9.872,-0.754,0.4251,0.0262
34610,1047,772,33.621,25.582,-0.0605,0.0354,9.7907,0.7255,0.5858,-0.0879
34615,1067,772,33.547,25.515,-0.0657,0.0179,9.8659,-0.5113,0.2241,0.7253
34620,1085,771,33.566,25.528,0.0286,0.1048,9.6917,0.6244,-0.0906,0.1144
34625,1086,760,33.609,25.669,0.0065,-0.0243,9.797,-0.2728,-0.7831,-0.4223
34630,1096,760,33.539,25.596,-0.0384,-0.0401,9.7905,0.45,-0.7992,0.0467
34635,1107,767,33.511,25.614,0.1363,0.1044,9.7821,0.8282,-0.596,0.3078
34640,1126,753,33.491,25.544,-0.0166,-0.0431,9.7783,-1.2287,-0.0018,1.1063
34645,1127,751,33.582,25.539,0.0074,-0.0307,9.7869,0.398,0.4583,0.0024
34650,1136,754,33.527,25.618,0.1072,0.0918,9.8842,0.3238,-0.5541,-0.7578
34655,1142,751,33.553,25.617,0.0772,0.0302,9.7814,-0.2673,0.2621,-0.2843
34660,1149,746,33.577,25.616,0.1154,-0.0531,9.7881,-0.1975,0.4566,-0.1112
34665,1158,748,33.603,25.632,0.0806,0.0444,9.8021,-0.2358,-0.5386,-0.031
34670,1161,745,33.551,25.61,0.007,-0.0767,9.7093,-0.1212,0.161,-0.4602
34675,1184,745,33.6,25.605,-0.0504,-0.0572,9.8013,-1.0809,0.5743,-0.1323
34680,1171,743,33.582,25.686,0.0027,-0.0766,9.8259,-0.0949,0.6578,0.7422
34685,1182,737,33.503,25.647,-0.1075,0.1395,9.8922,0.3115,0.3981,0.2401
34690,1178,740,33.614,25.64,0.0777,-0.0308,9.8086,-0.9456,0.3538,-0.5301
34695,1177,739,33.53,25.616,0.0515,-0.0636,9.8223,-0.3218,-1.1402,-0.5691
34700,1181,738,33.561,25.58,-0.0211,0.0705,9.7845,-0.0262,-0.0403,0.5314
34705,1192,730,33.622,25.675,-0.0035,-0.0608,9.7804,0.1262,0.3264,-0.788
34710,1179,738,33.558,25.65,-0.0244,-0.0295,9.7715,-1.5709,0.3358,-0.6059
34715,1182,743,33.547,25.595,-0.009,-0.0807,9.8007,0.9483,-0.4697,-0.3452
34720,1176,745,33.495,25.585,-0.0122,-0.0186,9.8443,-0.0529,-0.9301,-0.1283
34725,1189,738,33.51,25.644,-0.0029,-0.0134,9.7365,-0.499,-0.4055,0.0264
34730,1179,742,33.487,25.627,0.0208,0.0051,9.8549,-0.7226,-0.0491,0.3113
34735,1186,741,33.579,25.582,0.0384,-0.1094,9.808,0.651,0.6469,0.0496
34740,1187,743,33.491,25.651,0.0025,0.0439,9.7157,-0.2573,1.4229,-0.2955
34745,1176,743,33.549,25.654,0.0799,-0.0193,9.8757,-1.0047,0.7742,0.1324
34750,1177,741,33.539,25.582,-0.082,-0.0182,9.8399,0.7806,0.2057,-0.1192
34755,1182,743,33.567,25.62,-0.0343,0.0072,9.7685,0.6755,0.0166,0.1855
34760,1175,746,33.519,25.547,0.0044,-0.0148,9.781,0.6562,-0.6625,-0.3477
34765,1163,749,33.528,25.633,-0.0325,0.0101,9.794,-0.6923,0.2541,-0.2218
34770,1169,751,33.571,25.561,0.0032,-0.0491,9.8209,-0.1771,-0.0013,-0.9754
34775,1160,750,33.456,25.564,0.0903,-0.0338,9.8463,-0.3589,0.236,-0.03
34780,1165,754,33.563,25.662,-0.0305,-0.026,9.8527,0.5697,0.3154,-0.022
34785,1160,763,33.592,25.691,0.059,0.0398,9.8491,-0.4,-0.7686,0.7134
34790,1163,763,33.49,25.547,-0.0538,0.0344,9.8419,0.0464,-0.2946,-0.3669
34795,1143,762,33.475,25.643,0.03,-0.0123,9.791,-0.5973,-0.1136,-0.025
34800,1140,772,33.515,25.64,-0.0367,-0.0332,9.7688,0.4526,-0.518,0.3115
34805,1142,767,33.61,25.619,0.0566,0.0835,9.7808,0.6134,0.2382,0.8723
34810,1135,771,33.53,25.575,-0.0686,0.0661,9.7913,-0.1842,0.7877,0.3922
34815,1133,774,33.578,25.535,0.01,0.0426,9.8401,-0.0831,0.2991,0.0972
34820,1126,783,33.537,25.606,0.0278,0.0774,9.7359,0.5484,0.3794,0.8064
34825,1139,778,33.521,25.653,0.0472,0.0214,9.7883,-0.2266,-0.3708,0.0009
34830,1118,783,33.477,25.665,-0.0337,0.0659,9.7593,-0.5728,-0.2064,0.2902
34835,1119,790,33.597,25.497,-0.0761,-0.0566,9.8576,0.1141,0.2172,0.1883
34840,1123,797,33.562,25.606,-0.1037,0.1282,9.8927,-0.7817,0.6929,-0.0685
34845,1114,796,33.46,25.683,-0.0345,0.0401,9.7984,-0.0699,-0.8447,-0.1446
34850,1120,799,33.53,25.56,0.0403,0.0451,9.8082,-0.4204,0.3702,0.0535
34855,1104,800,33.573,25.58,0.1064,-0.1396,9.7996,0.3228,-0.2704,0.5835
34860,1108,805,33.528,25.624,0.028,0.0157,9.8741,0.1402,0.4683,0.4599
34865,1109,808,33.615,25.543,-0.0582,0.1035,9.9231,-0.7857,-0.6751,0.3508
34870,1093,813,33.504,25.643,-0.007,0.0749,9.8454,-0.5142,-0.0743,-0.0523
34875,1097,815,33.577,25.558,0.0188,-0.0049,9.9294,0.2263,-0.2764,-0.2014
34880,1100,819,33.507,25.662,-0.0054,0.0018,9.8489,0.0634,-0.2793,0.1922
34885,1093,825,33.547,25.631,-0.0013,0.0239,9.7331,-0.571,-0.1603,0.1087
34890,1092,831,33.601,25.567,-0.0631,0.0134,9.8041,-0.0103,1.4816,0.3341
34895,1092,823,33.527,25.649,-0.0351,0.0857,9.748,0.0081,-1.0686,-0.356
34900,1087,836,33.525,25.598,-0.0732,-0.0352,9.8556,0.4562,0.0308,0.6611
34905,1072,826,33.589,25.61,0.0186,-0.0541,9.8586,-0.0008,-0.0373,0.0412
34910,1077,831,33.54,25.534,0.0045,-0.0482,9.7955,-0.2645,-0.0523,0.7462
34915,1077,834,33.625,25.596,0.072,-0.0612,9.8031,0.1558,0.0498,-0.4528
34920,1078,834,33.666,25.609,-0.0957,0.07,9.7733,-0.1719,0.2192,-0.363
34925,1068,840,33.589,25.575,-0.0501,0.1053,9.699,1.0427,-0.5621,0.0135
34930,1064,836,33.504,25.592,-0.0013,-0.1073,9.7782,-0.987,-0.5516,0.8275
34935,1063,842,33.604,25.646,0.016,-0.018,9.818,-0.3279,0.3606,1.2486
34940,1059,840,33.493,25.629,-0.0296,-0.0095,9.8127,0.3666,-0.2285,0.9294
34945,1053,845,33.514,25.569,-0.0105,0.0166,9.7774,1.0138,0.0703,0.532
34950,1048,842,33.548,25.575,0.0365,-0.0681,9.8091,-0.0688,-0.4141,-0.7034
34955,1049,843,33.545,25.52,-0.034,0.0623,9.7568,0.0991,-0.0409,-0.4181
34960,1045,845,33.597,25.564,-0.0328,-0.0931,9.8608,0.1363,-0.5675,0.4705
34965,1031,848,33.457,25.61,0.0508,-0.0178,9.7952,0.3084,0.3536,-0.1112
34970,1025,841,33.582,25.537,0.0369,-0.0771,9.7466,-0.3532,-0.1566,0.4547
34975,1025,849,33.527,25.636,0.0,0.052,9.695,-0.3437,0.0273,0.2003
34980,1012,844,33.517,25.562,-0.0373,0.0412,9.7953,-0.3124,-0.3499,-0.3721
34985,1007,848,33.458,25.585,0.0409,0.0174,9.845,-0.4161,-0.0877,-0.1863
34990,991,847,33.542,25.555,-0.023,0.0649,9.7858,-0.8388,-0.4532,0.0379
34995,1003,843,33.573,25.634,-0.0154,-0.0723,9.8022,0.4787,-0.0317,1.3689
35000,980,848,33.615,25.536,0.0492,-0.0517,9.8555,0.3456,0.5615,-0.2921
35005,979,840,33.513,25.634,-0.029,-0.001,9.8145,-0.2629,0.1477,-0.1413
35010,974,843,33.657,25.544,0.0644,-0.0611,9.8227,0.1911,0.8275,0.6385
35015,963,849,33.654,25.623,-0.0058,0.0186,9.8387,-0.555,0.067,-0.4721
35020,959,841,33.647,25.592,-0.0905,-0.0115,9.8729,0.475,-0.3533,0.3526
35025,952,840,33.561,25.676,0.0211,-0.0335,9.8121,0.1881,-0.1265,0.1735
35030,939,843,33.598,25.62,-0.0195,-0.1431,9.8374,0.0007,-0.0846,0.7713
35035,926,838,33.621,25.623,-0.0687,0.0333,9.8248,-1.0128,0.603,-0.2815
35040,914,842,33.53,25.665,-0.0025,0.0624,9.8583,0.994,0.3366,1.029
35045,911,839,33.612,25.587,-0.063,-0.0436,9.8047,-0.0499,-0.8732,0.2508
35050,898,839,33.541,25.563,-0.0975,-0.0156,9.8055,-0.0822,-0.7941,0.4097
35055,879,836,33.537,25.545,-0.0447,0.0541,9.8155,0.0664,-0.0347,1.2241
35060,871,834,33.563,25.623,-0.0429,-0.0185,9.7832,-0.0781,-0.2178,1.247
35065,864,832,33.615,25.63,-0.0724,-0.0108,9.7397,-0.7252,-0.7794,0.4905
35070,860,835,33.586,25.659,0.0503,0.0748,9.8351,0.102,0.2051,0.9104
35075,848,832,33.642,25.536,-0.1094,-0.0578,9.836,0.7051,-0.3648,-0.251
35080,838,829,33.553,25.574,-0.0181,0.0336,9.7514,0.2695,-0.23,0.1213
35085,831,836,33.579,25.545,0.0511,-0.0171,9.7749,-0.2795,-0.2481,0.2997
35090,813,831,33.565,25.587,0.0146,0.0343,9.7995,0.4668,0.4089,-0.7072
35095,808,831,33.625,25.607,0.0202,-0.0917,9.9234,0.1891,-0.5067,-0.6971
35100,801,828,33.633,25.605,-0.0056,-0.0336,9.8415,-0.0246,0.7957,-0.2318
35105,788,829,33.536,25.62,-0.1156,0.031,9.8408,-0.0167,1.1564,-0.3522
35110,793,825,33.625,25.554,0.032,0.003,9.8014,0.31,-0.0488,0.4394
35115,785,826,33.572,25.59,-0.0375,0.081,9.8776,0.6211,-0.2339,0.598
35120,769,825,33.59,25.581,0.0495,-0.0356,9.6997,-0.3066,0.3066,0.27
35125,764,818,33.599,25.562,-0.0197,-0.0394,9.7898,-0.1018,0.308,-0.4946
35130,754,828,33.525,25.644,0.0019,-0.0377,9.7469,0.0473,-0.3449,0.1744
35135,760,824,33.568,25.478,0.0188,-0.0122,9.7532,1.1859,-0.1811,0.3608
35140,756,822,33.643,25.599,-0.0443,-0.0195,9.7829,0.5403,-0.8262,-0.2692
35145,757,828,33.493,25.704,0.0854,-0.0183,9.8382,0.4581,0.4981,-0.6171
35150,741,818,33.545,25.563,-0.0877,-0.0859,9.7619,-0.2815,-0.2985,0.788
35155,751,823,33.546,25.599,-0.0404,-0.0033,9.7246,0.4633,-0.1394,-0.5925
35160,754,821,33.577,25.692,0.0046,-0.0388,9.7827,-0.3847,0.1562,0.2545
35165,743,810,33.601,25.626,-0.0895,0.0586,9.8501,-0.5346,0.3744,-0.2567
35170,751,822,33.64,25.563,-0.0743,-0.0151,9.8114,-0.1114,0.0529,0.3143
35175,743,816,33.547,25.598,0.0237,-0.0638,9.7956,0.5195,1.0303,0.5626
35180,757,821,33.507,25.533,0.0312,0.0434,9.7459,0.5517,0.1528,0.0955
35185,753,818,33.604,25.566,-0.0406,0.0665,9.8264,-0.333,0.4725,-0.1453
35190,769,815,33.611,25.594,-0.0249,-0.0495,9.8244,0.7613,0.1492,0.1513
35195,767,817,33.595,25.592,-0.0961,-0.0455,9.8219,0.7765,-0.8392,0.1749
35200,768,814,33.589,25.688,-0.0665,-0.0854,9.8336,0.1644,0.5911,-0.5204
35205,783,809,33.595,25.605,-0.0046,0.0414,9.8814,-0.8568,0.0269,-0.1041
35210,791,806,33.609,25.633,-0.0463,0.0573,9.8437,-1.536,0.2334,-0.0815
35215,805,810,33.566,25.588,0.1231,-0.0261,9.8126,0.0972,0.0448,0.1348
35220,806,810,33.557,25.539,0.024,0.029,9.7053,0.3751,0.328,-0.155
35225,821,811,33.449,25.559,0.0331,-0.1221,9.7877,-0.4032,-0.4243,-0.3989
35230,827,810,33.569,25.6,0.0447,-0.0288,9.8232,-0.2493,0.0304,0.0666
35235,843,803,33.656,25.705,0.0262,-0.0069,9.7588,0.3453,0.1015,0.2427
35240,854,805,33.577,25.556,0.0671,0.0347,9.7655,0.6479,-0.0158,0.5677
35245,856,803,33.59,25.498,0.059,0.0288,9.7961,-0.5701,0.7409,0.2096
35250,886,801,33.555,25.649,0.0432,-0.0068,9.8478,-0.2865,0.507,-0.064
35255,891,799,33.536,25.588,-0.0012,0.0362,9.821,0.3253,0.5035,-0.1084
35260,895,797,33.573,25.564,0.0641,-0.0342,9.791,0.2053,-0.8534,-0.3737
35265,906,796,33.589,25.624,-0.0456,-0.0476,9.9028,0.6201,0.3524,0.1176
35270,922,791,33.701,25.524,0.025,0.0071,9.7879,1.024,-0.0303,0.9057
35275,942,785,33.554,25.603,-0.0397,-0.0336,9.8746,0.4957,-0.2141,-1.2162
35280,955,784,33.551,25.563,-0.0579,-0.1419,9.8668,-0.6176,0.2338,-0.4454
35285,962,787,33.495,25.518,0.119,0.0218,9.7383,-0.0151,0.4445,0.366
35290,982,787,33.519,25.628,-0.0056,-0.0573,9.7521,-0.3301,-0.5924,0.1811
35295,996,782,33.519,25.64,-0.0412,0.0021,9.7758,-1.3411,-0.8325,-0.2053
35300,1011,782,33.518,25.558,-0.0859,-0.0167,9.7745,-0.1925,-1.3256,-0.2111
35305,1033,778,33.607,25.56,0.0037,-0.036,9.753,-0.044,0.5519,0.5028
35310,1036,768,33.655,25.601,-0.0241,0.0313,9.8832,-0.5718,0.1527,0.21
35315,1052,775,33.436,25.601,0.0235,-0.0138,9.7378,-0.2434,0.6961,-0.3054
35320,1059,765,33.591,25.566,-0.0267,-0.0622,9.8257,0.0784,0.2987,0.1021
35325,1076,771,33.535,25.563,-0.0047,0.1136,9.8061,0.7036,-0.4023,-0.485
35330,1087,764,33.453,25.66,0.0114,-0.0307,9.7387,-0.5298,0.3196,0.6346
35335,1092,765,33.454,25.502,-0.0477,-0.0432,9.8127,0.1137,0.0836,-0.2572
35340,1110,762,33.514,25.615,0.0369,0.008,9.8235,0.0735,0.8217,-0.7641
35345,1112,757,33.629,25.661,0.0718,-0.0301,9.7844,-1.1802,0.3838,-0.0335
35350,1124,758,33.435,25.504,-0.0222,-0.0155,9.8715,-0.2279,-0.0113,0.016
35355,1124,755,33.521,25.574,-0.023,0.0269,9.8784,-0.1984,0.4085,0.0293
35360,1141,756,33.547,25.553,-0.0127,0.0552,9.7232,-0.0266,0.3926,-0.7068
35365,1152,748,33.51,25.492,-0.0201,-0.0188,9.7963,0.6702,-0.3614,-0.7008
35370,1154,748,33.435,25.533,0.0522,-0.0048,9.7278,0.1521,0.7778,-0.94
35375,1163,744,33.576,25.502,0.0677,0.0809,9.87,-0.5262,0.1082,0.8307
35380,1163,743,33.592,25.662,0.0881,0.012,9.8147,0.1479,0.7287,-0.5493
35385,1167,743,33.526,25.635,0.0633,0.0638,9.7178,-0.2344,0.1086,1.0313
35390,1172,740,33.55,25.682,0.0922,0.0304,9.8552,0.2293,0.3436,-0.2925
35395,1180,736,33.58,25.636,-0.0176,-0.0113,9.7686,-0.6726,-0.0927,-0.8856
35400,1183,738,33.544,25.642,-0.1355,-0.0635,9.8871,-0.7627,-0.0908,-0.538
35405,1177,736,33.536,25.601,-0.0464,-0.0315,9.8086,0.366,0.3977,-0.3049
35410,1184,740,33.495,25.643,0.039,-0.0424,9.7777,0.4251,-0.2101,0.0656
35415,1189,738,33.587,25.627,0.0603,0.0528,9.8583,1.034,0.3787,-0.6563
35420,1192,736,33.59,25.409,0.0012,-0.0584,9.7823,-0.1258,-0.5904,0.0663
35425,1193,737,33.564,25.58,0.1931,0.0258,9.7851,0.1413,0.2574,-0.214
35430,1183,737,33.578,25.679,0.0154,-0.0637,9.7575,-0.8553,-0.4474,-0.3529
35435,1185,735,33.562,25.61,-0.005,0.0705,9.8244,0.0212,0.9982,0.1215
35440,1187,738,33.56,25.583,-0.0046,-0.0012,9.8176,-0.0435,-0.9849,0.1019
35445,1177,747,33.519,25.577,0.0467,0.0182,9.742,0.2884,0.0647,0.3236
35450,1173,738,33.493,25.632,0.0039,-0.0033,9.8125,0.3272,0.754,-0.1237
35455,1177,746,33.535,25.57,0.0305,0.0467,9.8056,-0.2323,0.3409,-0.443
35460,1175,745,33.514,25.529,-0.0201,-0.0108,9.7835,0.1367,-0.4999,-0.2999
35465,1159,750,33.525,25.628,0.0076,-0.0342,9.8169,-0.7144,0.3339,-0.4421
35470,1173,752,33.567,25.521,-0.0506,-0.0332,9.7371,-0.2477,-0.0072,-0.1336
35475,1167,752,33.493,25.634,0.0959,-0.0365,9.7901,0.263,0.1196,-0.3875
35480,1170,750,33.605,25.566,-0.0416,-0.0462,9.9233,0.0821,-0.0922,0.1843
35485,1158,755,33.595,25.476,0.0433,0.0481,9.7327,-0.0821,0.1022,0.0316
35490,1157,761,33.491,25.613,0.0043,0.01,9.7994,0.8835,0.2369,0.4755
35495,1145,761,33.67,25.614,0.0304,0.0067,9.8924,-0.0967,-0.7427,-0.205
35500,1151,765,33.633,25.626,0.0675,-0.0732,9.8697,-0.7105,0.1421,-0.2931
35505,1147,770,33.601,25.596,0.0212,-0.0415,9.7583,1.2386,0.1707,0.6143
35510,1134,774,33.533,25.627,-0.0387,-0.0725,9.6882,-0.0107,-0.3534,-0.3299
35515,1142,773,33.539,25.651,-0.1007,0.023,9.7969,-0.4714,-0.409,0.5962
35520,1130,781,33.58,25.618,0.0455,0.0311,9.8265,-0.0266,-0.0634,0.393
35525,1138,773,33.572,25.558,0.0016,0.0676,9.8029,-0.851,-0.4053,-0.3561
35530,1131,782,33.58,25.627,0.0565,-0.0085,9.8259,-0.0122,0.6642,0.7085
35535,1119,790,33.559,25.554,-0.0512,-0.0014,9.8009,-0.5862,-0.9045,0.3084
35540,1122,786,33.552,25.631,0.0372,-0.0258,9.7926,0.0853,-0.3682,0.3745
35545,1117,791,33.569,25.586,0.0155,-0.0121,9.895,0.7249,-0.4136,-0.8451
35550,1125,796,33.527,25.529,0.0526,0.0203,9.7938,-1.2772,0.7493,0.7291
35555,1112,798,33.529,25.541,-0.0812,0.0615,9.8467,0.2121,0.0478,-0.6948
35560,1106,806,33.594,25.623,-0.0047,0.007,9.8657,0.5182,-0.1426,0.0074
35565,1108,809,33.498,25.614,-0.0142,-0.0282,9.8488,0.3854,-0.4101,-0.58
35570,1114,808,33.501,25.578,0.0064,0.0549,9.801,-0.0609,-0.1958,0.2917
35575,1103,807,33.612,25.536,-0.0188,-0.0456,9.7927,-0.2866,0.3412,-1.0506
35580,1107,817,33.607,25.588,0.0209,0.0341,9.836,0.0708,0.6053,0.104
35585,1100,816,33.594,25.614,-0.0053,-0.0033,9.7656,-0.0622,-0.3613,0.2433
35590,1095,818,33.528,25.602,0.0388,0.0611,9.8335,-0.4925,-0.6941,-0.6218
35595,1088,819,33.522,25.558,-0.0507,0.0198,9.8036,0.3022,-0.0555,0.0914
35600,1079,824,33.569,25.605,0.0453,-0.0243,9.8576,-0.6909,0.0472,-0.9447
35605,1087,829,33.55,25.54,0.084,-0.0286,9.8768,0.0149,-0.2926,0.4
35610,1085,830,33.585,25.62,-0.0438,0.065,9.7854,0.197,0.3316,0.3485
35615,1085,831,33.595,25.596,0.0251,-0.0156,9.7752,-0.161,0.0589,0.0953
35620,1079,832,33.657,25.536,0.079,0.0212,9.8164,0.1209,-1.0879,0.1576
35625,1063,839,33.617,25.498,0.0458,0.0663,9.8838,-0.218,0.1791,0.0234
35630,1072,837,33.625,25.554,-0.0118,0.0027,9.8037,0.2447,0.2183,-0.0701
35635,1071,836,33.649,25.588,-0.0754,-0.0164,9.9105,-0.1678,-0.3485,-0.1913
35640,1071,844,33.559,25.654,0.0026,0.0018,9.7422,0.6124,0.5605,-0.8249
35645,1049,838,33.63,25.587,0.0285,0.0038,9.7683,0.593,-0.8986,-0.6238
35650,1056,848,33.498,25.503,-0.0299,0.0635,9.7089,0.7587,0.2793,-0.2434
35655,1056,841,33.53,25.644,0.0033,-0.081,9.8717,-0.9066,0.1341,0.0694
35660,1046,846,33.598,25.653,-0.0445,0.006,9.9236,-0.3356,-0.6162,0.8754
35665,1031,844,33.619,25.603,-0.0417,-0.0805,9.8114,-0.6579,0.1506,-0.3418
35670,1040,844,33.547,25.598,0.0313,0.0081,9.8007,-0.0744,0.0119,-0.1524
35675,1027,845,33.507,25.554,-0.007,-0.0279,9.8081,0.0994,0.9079,0.1138
35680,1032,847,33.675,25.566,0.0132,-0.0145,9.7782,0.9947,0.1978,-0.3012
35685,1015,851,33.513,25.629,0.0038,0.0102,9.7106,0.0205,0.3399,-0.1079
35690,1018,849,33.618,25.658,-0.027,0.0421,9.802,0.0959,1.1368,0.5483
35695,1005,839,33.552,25.59,0.026,0.096,9.8226,-0.4438,-0.4968,-0.0085
35700,992,847,33.519,25.674,0.0589,-0.061,9.7902,0.0142,0.1144,-0.6068
35705,987,845,33.457,25.495,0.0219,0.0177,9.8083,-0.4793,0.3651,0.0628
35710,983,840,33.589,25.521,0.0407,0.0304,9.852,-0.1401,0.7109,-0.4218
35715,974,844,33.534,25.609,0.0384,0.0023,9.8382,0.0526,0.0373,-0.0694
35720,972,845,33.555,25.684,0.001,0.0241,9.8754,-0.4405,-0.8745,-0.05
35725,960,839,33.618,25.64,-0.0818,0.0089,9.8499,-0.2753,0.1618,0.4769
35730,947,844,33.499,25.648,-0.0006,0.0576,9.8335,-0.314,-0.2467,0.2951
35735,942,835,33.566,25.553,-0.0835,0.0178,9.7962,0.6613,0.9858,0.9212
35740,921,839,33.64,25.583,-0.0427,0.0343,9.8188,0.0316,0.5511,0.1062
35745,915,844,33.523,25.61,-0.0311,0.0909,9.7859,0.581,0.1569,0.498
35750,910,840,33.569,25.615,-0.0189,0.0348,9.8883,-0.1933,0.1479,-0.2008
35755,898,838,33.558,25.566,-0.0655,-0.0752,9.8254,0.6823,-0.1004,-0.592
35760,888,834,33.567,25.54,-0.0068,-0.0359,9.7959,0.7189,-0.5962,-0.153
35765,892,834,33.509,25.606,0.0046,-0.0951,9.771,0.4162,0.1248,-0.809
35770,881,824,33.517,25.633,-0.0141,0.0053,9.7204,-0.3149,0.3015,-0.5628
35775,860,837,33.498,25.676,-0.0358,-0.0008,9.8475,0.3126,0.3678,0.3041
35780,857,830,33.579,25.545,-0.0008,0.0269,9.8549,-0.3108,0.2119,-0.2185
35785,841,830,33.568,25.565,-0.0048,-0.0775,9.7928,0.4545,-0.9463,-0.1995
35790,834,828,33.609,25.514,-0.0606,0.0799,9.8438,-1.0388,0.512,-0.1792
35795,818,829,33.503,25.641,0.0349,0.0552,9.8594,0.3153,-0.2756,0.2791
35800,823,828,33.561,25.578,-0.0807,0.0474,9.7449,0.0562,0.1609,-0.2213
35805,803,826,33.614,25.624,0.0296,-0.0536,9.9081,1.0271,-0.0655,-0.1238
35810,792,824,33.506,25.555,0.0231,-0.0909,9.7673,-0.2479,0.0419,0.7354
35815,792,825,33.5,25.572,0.0078,-0.0633,9.8021,1.1343,0.0863,-0.8011
35820,784,823,33.514,25.625,-0.0711,0.1329,9.9782,0.6235,0.6869,-0.4997
35825,778,817,33.518,25.65,-0.0241,-0.0096,9.8874,0.0094,0.6586,-0.91
35830,764,824,33.485,25.522,-0.0415,0.0191,9.9253,0.1902,1.0857,0.121
35835,766,818,33.548,25.625,0.0066,-0.0756,9.8389,0.2102,0.0019,0.2363
35840,757,822,33.438,25.507,0.0183,0.0604,9.8369,0.4139,-0.276,0.4159
35845,746,820,33.582,25.566,-0.0564,0.0615,9.8151,0.5735,0.3876,0.2629
35850,757,822,33.559,25.528,-0.041,0.0825,9.7927,0.7027,0.6145,-1.1828
35855,753,821,33.599,25.571,0.0834,0.0203,9.7795,-0.3269,-0.2124,-0.3847
35860,749,818,33.577,25.556,-0.0143,0.0121,9.7898,-0.3319,0.9894,0.0886
35865,751,823,33.532,25.57,0.0638,-0.0601,9.8146,0.4301,0.3872,0.3807
35870,743,828,33.639,25.594,0.0266,-0.007,9.823,0.7956,-0.3805,0.3021
35875,743,815,33.596,25.556,-0.0361,-0.0031,9.7805,-0.7574,0.581,0.0544
35880,756,818,33.522,25.603,-0.0715,0.0582,9.7998,0.1925,-0.2626,1.0196
35885,756,822,33.596,25.522,-0.0066,0.0063,9.8703,-0.2432,0.2437,0.5099
35890,756,813,33.6,25.564,-0.047,-0.0322,9.8017,-0.3661,-0.6336,0.8042
35895,760,816,33.55,25.566,-0.016,0.0266,9.8445,-0.013,-0.488,-0.1231
35900,760,820,33.55,25.558,-0.0069,0.0254,9.9594,-0.2664,0.721,-0.0178
35905,767,821,33.626,25.495,0.0405,-0.0512,9.7728,0.0162,-0.1189,0.8195
35910,781,811,33.537,25.573,0.0073,-0.0521,9.8375,0.8214,0.2247,-0.2753
35915,782,804,33.564,25.632,0.0226,-0.0794,9.7826,-0.384,0.583,-0.397
35920,799,808,33.558,25.581,0.064,0.0125,9.8451,-0.3756,-0.7008,-0.9522
35925,806,813,33.503,25.508,-0.0329,-0.0254,9.8118,-0.1675,0.2264,0.2725
35930,811,806,33.541,25.551,0.0125,-0.063,9.926,0.4632,0.5383,-0.859
35935,826,812,33.594,25.591,-0.0945,0.0219,9.7691,-1.1776,-0.5332,-0.4294
35940,831,805,33.506,25.542,0.0492,0.0533,9.7606,0.3715,0.1727,-0.2834
35945,846,802,33.615,25.601,0.0362,0.0319,9.9326,-0.0889,1.1814,0.4839
35950,860,804,33.594,25.564,-0.0184,-0.0132,9.8164,-0.0251,0.4408,-0.516
35955,868,799,33.528,25.603,0.0268,-0.0563,9.7975,-0.0938,-0.6049,1.1495
35960,875,796,33.443,25.601,0.0583,0.0128,9.7578,-0.3704,0.4552,-0.6765
35965,907,795,33.496,25.587,-0.0019,-0.0107,9.8879,-0.0663,0.1685,-1.4723
35970,907,794,33.633,25.63,-0.0181,-0.0132,9.8656,-0.2856,-0.3279,-0.5888
35975,915,790,33.54,25.556,0.0571,-0.0102,9.8156,0.2938,0.235,-0.3766
35980,947,793,33.553,25.605,0.0711,0.026,9.8326,0.0163,-0.1293,-0.7526
35985,955,784,33.51,25.492,-0.1267,0.0311,9.7987,-0.5919,0.6589,0.3393
35990,963,786,33.617,25.581,0.0149,0.0613,9.8162,0.0268,0.6575,0.5084
35995,978,787,33.57,25.481,0.0525,0.0469,9.8521,-0.0249,-0.0262,-0.0578
36000,996,784,33.472,25.587,0.036,-0.0603,9.8347,-0.0529,0.3522,-0.491
36005,1004,777,33.496,25.589,-0.0285,0.1021,9.7589,-0.2898,-0.2813,-0.3858
36010,1014,782,33.589,25.636,-0.0455,0.0034,9.8016,0.1959,0.0083,-0.4422
36015,1030,772,33.49,25.648,-0.0877,0.0223,9.8371,-0.1384,-0.3818,-0.3043
36020,1045,772,33.58,25.585,-0.0367,-0.0323,9.8316,0.7728,0.0978,-0.7239
36025,1061,776,33.521,25.599,-0.0368,0.0226,9.8002,-0.5031,0.4471,-0.4205
36030,1060,766,33.538,25.619,0.0208,0.008,9.759,-0.189,0.2806,-1.0191
36035,1086,767,33.523,25.525,-0.0534,0.0198,9.8639,-0.254,-0.2757,0.5206
36040,1088,761,33.571,25.604,0.0225,-0.0804,9.7677,0.435,-0.0261,-0.1937
36045,1098,758,33.58,25.573,0.0223,-0.0518,9.7479,-0.8529,-0.1753,-0.8161
36050,1113,758,33.526,25.627,-0.0027,0.0058,9.8483,0.2118,-0.1746,-0.4589
36055,1117,761,33.521,25.605,0.0135,-0.0684,9.7518,0.3497,0.4455,1.0144
36060,1137,749,33.575,25.547,0.0395,-0.0738,9.8684,0.1208,0.1549,-0.1533
36065,1140,751,33.664,25.627,-0.0053,0.0063,9.8107,-0.8905,-0.042,0.2113
36070,1149,749,33.576,25.57,-0.095,-0.0597,9.7442,-0.1789,0.4765,-0.6159
36075,1151,747,33.527,25.577,0.0089,-0.0293,9.8593,0.1274,-0.2813,-0.7677
36080,1157,746,33.568,25.67,-0.0356,-0.0329,9.7691,0.0764,-0.4964,-1.1739
36085,1166,741,33.558,25.537,-0.0873,-0.0641,9.8318,0.6273,0.1745,-0.1664
36090,1161,745,33.546,25.585,0.0524,0.0054,9.7932,0.0838,-0.1296,0.173
36095,1175,740,33.555,25.547,-0.0136,0.0025,9.822,0.357,0.5052,0.1703
36100,1172,740,33.603,25.604,0.0248,-0.0753,9.8152,-0.359,0.0822,-0.5019
36105,1191,738,33.544,25.627,0.0549,-0.1368,9.8548,-0.1265,-0.6998,-0.5661
36110,1180,743,33.547,25.622,0.0036,-0.0172,9.8193,-1.1318,-0.0366,-0.4348
36115,1179,734,33.623,25.603,0.0074,0.0765,9.8705,-0.1467,0.0397,0.5183
36120,1197,736,33.52,25.622,-0.0137,-0.0532,9.8008,0.7118,0.0771,0.0881
36125,1182,745,33.472,25.516,-0.0114,-0.085,9.7979,1.2194,-0.6036,-0.3438
36130,1194,740,33.532,25.462,0.0506,0.0139,9.8238,0.2107,-0.6403,0.528
36135,1197,734,33.598,25.49,-0.0139,-0.1057,9.8396,-0.3791,-0.1848,-0.0735
36140,1180,738,33.506,25.577,0.0359,0.0226,9.7488,-0.105,-0.0954,0.1538
36145,1187,742,33.607,25.613,-0.0228,0.0408,9.8537,0.2387,0.2213,0.3475
36150,1183,740,33.539,25.462,0.0951,-0.0741,9.8529,-0.6435,0.1103,-0.1386
36155,1183,745,33.522,25.54,-0.0274,-0.0614,9.7954,-0.7161,0.7221,-0.5341
36160,1191,746,33.612,25.484,0.0862,-0.0591,9.7474,-0.2781,-0.0223,-0.482
36165,1175,745,33.579,25.594,0.003,0.0781,9.757,-0.0876,0.122,-0.1979
36170,1187,744,33.553,25.594,-0.0166,-0.0469,9.7645,-0.0565,0.7806,-0.2193
36175,1172,746,33.547,25.665,-0.006,0.0501,9.8658,-0.3737,-0.2425,0.5238
36180,1163,749,33.507,25.665,0.048,0.0121,9.8393,-0.5353,0.3511,0.6845
36185,1164,754,33.463,25.613,-0.0067,0.0477,9.7051,0.1477,1.0045,0.7174
36190,1157,751,33.591,25.653,0.0027,-0.0182,9.8534,0.481,0.2728,-0.4404
36195,1156,764,33.479,25.675,0.031,-0.0254,9.7436,-0.0606,-0.5625,0.4178
36200,1154,763,33.511,25.558,-0.0393,0.0032,9.8831,-0.1844,0.5741,-0.2415
36205,1138,763,33.471,25.636,-0.1153,0.0004,9.7029,0.5241,0.6373,-0.7548
36210,1150,766,33.556,25.609,0.0749,0.0436,9.8373,-0.0727,0.5972,-0.2537
36215,1145,770,33.516,25.543,-0.0252,-0.027,9.8506,0.0979,-0.1153,-0.4272
36220,1149,769,33.548,25.557,0.0089,0.0865,9.8681,-0.0659,0.4912,-0.0469
36225,1135,777,33.593,25.555,0.0198,0.1171,9.8208,-0.2991,-0.8458,0.143
36230,1141,778,33.555,25.608,-0.0785,-0.0542,9.7398,-0.237,-0.8466,-0.086
36235,1125,782,33.51,25.672,0.1251,-0.0085,9.7569,0.7772,-0.0911,0.2661
36240,1127,785,33.484,25.484,-0.004,0.0463,9.8939,-0.0801,0.2085,-0.5608
36245,1127,784,33.518,25.613,-0.0635,0.0443,9.8122,0.2118,-0.5295,0.0189
36250,1120,789,33.558,25.53,-0.0741,-0.0309,9.7191,0.0437,-0.1736,0.4022
36255,1112,792,33.519,25.632,0.0036,-0.0397,9.8453,-0.3533,-0.439,-0.6685
36260,1103,793,33.559,25.58,0.0687,-0.0356,9.8375,0.889,0.6425,-0.1286
36265,1110,807,33.591,25.61,0.0967,0.0063,9.8698,0.7539,0.6291,0.1567
36270,1112,810,33.435,25.573,0.0391,-0.017,9.8703,0.5915,-0.1428,0.5365
36275,1112,807,33.549,25.521,-0.0204,-0.0111,9.859,0.7771,-0.3549,0.2912
36280,1098,812,33.644,25.636,-0.0543,0.0128,9.8664,-0.2115,0.0711,-0.2344
36285,1091,808,33.559,25.61,-0.0545,-0.0691,9.8111,0.1059,-0.2499,0.4315
36290,1096,816,33.537,25.662,0.0487,-0.0085,9.885,-0.2318,-1.4324,-0.1988
36295,1089,820,33.494,25.557,0.0026,0.0456,9.7858,0.654,-0.3106,0.3984
36300,1091,823,33.543,25.513,0.0755,-0.0391,9.7867,-0.1798,0.3365,0.2955
36305,1093,822,33.533,25.582,-0.041,0.0077,9.7891,0.6625,-0.6289,-0.4722
36310,1088,830,33.559,25.681,0.1166,-0.0616,9.8848,-0.5484,0.4121,0.3679
36315,1093,829,33.478,25.531,0.0874,0.0128,9.7524,-0.417,0.5173,0.4031
36320,1086,830,33.507,25.644,0.0374,-0.0037,9.7833,0.2946,-0.1758,-0.7165
36325,1082,841,33.514,25.587,0.0329,-0.1055,9.8077,0.4715,-0.1629,0.0865
36330,1073,836,33.535,25.493,0.021,-0.0715,9.8035,0.3644,-1.0525,0.067
36335,1070,839,33.558,25.558,-0.0044,-0.0133,9.795,-0.2406,-0.413,-0.44
36340,1078,838,33.57,25.554,-0.0268,-0.0606,9.9038,-0.1779,-0.5749,1.0859
36345,1061,839,33.531,25.561,0.0958,0.0069,9.8431,-0.4797,0.0973,0.4356
36350,1062,844,33.606,25.567,0.0447,-0.0323,9.7578,-0.7633,-0.9277,-0.1045
36355,1060,845,33.529,25.713,-0.0438,0.0342,9.8772,-0.2124,0.3608,0.5032
36360,1056,840,33.588,25.625,-0.0909,0.071,9.7245,-0.7717,-0.8007,-0.5277
36365,1040,844,33.575,25.643,-0.0361,-0.0486,9.8133,-0.1691,0.5962,-0.9099
36370,1046,843,33.638,25.683,0.0743,-0.0313,9.796,1.2167,-0.4701,0.6649
36375,1052,844,33.519,25.555,0.0234,0.0088,9.7371,0.3859,0.9469,0.31
36380,1026,841,33.571,25.619,-0.0641,0.0587,9.8188,-0.6174,-0.4019,0.1804
36385,1032,849,33.473,25.525,0.0638,0.0227,9.7757,0.5665,-0.6035,-0.7651
36390,1025,846,33.592,25.586,-0.024,0.0271,9.7541,-0.4359,-0.53,-0.1951
36395,1012,840,33.534,25.56,0.0033,-0.0429,9.7498,0.4824,0.6076,0.1809
36400,1011,846,33.503,25.599,-0.0598,0.0292,9.7882,-0.1515,0.7156,-1.0325
36405,1004,840,33.537,25.552,-0.0799,-0.0472,9.8268,0.4093,0.9405,0.0012
36410,998,848,33.58,25.581,-0.014,0.007,9.8444,0.1126,-0.4353,0.5606
36415,977,843,33.527,25.569,-0.0116,0.0509,9.8436,1.0867,0.0655,-0.1889
36420,977,839,33.514,25.559,-0.0591,-0.0438,9.9252,0.8002,-0.2586,-0.714
36425,972,835,33.547,25.607,0.0544,-0.0163,9.7939,0.2247,0.9801,-0.3924
36430,963,836,33.604,25.565,0.0347,0.0139,9.768,-0.1639,-0.5068,-0.2486
36435,957,847,33.546,25.53,-0.0074,0.0675,9.7899,-0.01,0.3153,1.0403
36440,938,843,33.53,25.697,0.0501,0.0223,9.7929,-0.3467,0.6478,-0.4917
36445,936,837,33.582,25.588,0.0761,0.0351,9.7714,-0.2528,-0.0561,-1.2087
36450,925,838,33.527,25.622,0.0337,-0.0348,9.7398,0.2661,0.3592,-0.3899
36455,914,836,33.619,25.512,0.0328,-0.1123,9.7828,-0.6581,-0.3148,-0.6461
36460,899,833,33.498,25.558,0.0182,0.057,9.7751,-0.6956,0.4884,0.1477
36465,889,840,33.54,25.627,0.0261,0.0191,9.8556,0.2123,0.3407,-0.4112
36470,884,836,33.647,25.609,-0.0252,0.0335,9.8827,-0.5517,-0.4744,-0.2035
36475,875,837,33.552,25.595,0.0121,-0.0125,9.8324,-0.9627,-0.5235,0.6043
36480,859,835,33.575,25.646,-0.0102,-0.0187,9.8175,-0.1484,0.027,0.5091
36485,857,831,33.539,25.655,-0.0916,0.0117,9.8923,-0.0551,1.0502,0.3578
36490,847,833,33.602,25.658,-0.0988,-0.0584,9.7481,0.8369,-0.3872,0.1301
36495,829,827,33.658,25.578,0.0585,-0.0835,9.8456,0.3326,-0.1666,-0.6224
36500,819,824,33.534,25.626,-0.0058,-0.0445,9.877,0.3627,-0.251,-0.0815
36505,816,831,33.492,25.513,-0.0424,0.0497,9.8295,-0.0019,-0.2904,-0.1804
36510,802,830,33.43,25.588,0.0013,0.0079,9.7586,-0.8653,0.3297,0.4841
36515,798,824,33.533,25.615,0.0572,0.0649,9.8445,0.5034,-0.2378,-0.0183
36520,801,825,33.533,25.571,0.0424,0.0694,9.8299,-0.2131,0.2881,-0.2293
36525,786,826,33.549,25.522,0.0496,0.0287,9.8858,-0.2595,-0.4466,-0.0112
36530,776,826,33.564,25.622,-0.0478,-0.0658,9.8223,1.0534,-1.274,-0.4341
36535,766,822,33.469,25.723,0.0156,0.0382,9.749,-0.1546,-0.0203,0.2682
36540,762,822,33.559,25.564,-0.0547,0.0484,9.7985,0.7463,0.3464,-0.5008
36545,759,818,33.477,25.532,0.0111,-0.0479,9.8504,-0.0939,0.2269,0.2662
36550,749,816,33.618,25.569,0.108,-0.0516,9.7278,0.0998,-0.1491,-1.3338
36555,753,823,33.548,25.62,-0.0037,0.0357,9.7762,-0.4361,-0.2452,-0.4352
36560,746,824,33.499,25.531,0.0662,-0.0451,9.8002,-0.5624,0.4353,0.3244
36565,744,818,33.5,25.517,-0.0145,-0.0983,9.8125,-0.5754,-0.594,-0.4333
36570,750,822,33.555,25.533,0.0398,-0.0767,9.731,0.4475,-0.5825,0.8587
36575,750,829,33.674,25.497,0.0207,0.039,9.7753,0.1229,-0.128,0.5361
36580,749,814,33.576,25.546,0.0213,0.068,9.8352,1.4072,-0.1869,0.4185
36585,751,825,33.55,25.6,0.0119,0.051,9.7688,0.0978,0.3346,0.8108
36590,752,815,33.529,25.599,-0.0624,-0.0551,9.867,0.3741,-0.0663,0.024
36595,750,812,33.534,25.664,0.0015,0.0426,9.8006,0.6223,0.1248,1.0493
36600,748,819,33.468,25.541,0.0004,0.0298,9.7361,0.9206,-1.0986,-0.4613
36605,763,817,33.408,25.543,0.0322,0.0288,9.7995,0.339,-0.0455,0.6959
36610,780,812,33.562,25.582,-0.031,0.04,9.8082,-0.3111,-0.5688,0.6886
36615,781,810,33.486,25.628,0.0195,-0.15,9.7919,0.1101,0.365,-0.9381
36620,785,817,33.585,25.591,-0.0156,-0.0336,9.7513,-0.1177,-0.4773,-0.4187
36625,792,810,33.544,25.575,0.0109,-0.0199,9.8123,0.1653,0.3919,-0.1626
36630,800,809,33.536,25.599,0.0346,-0.0272,9.7083,-0.4334,-0.1731,0.7368
36635,805,812,33.595,25.497,0.0475,-0.0112,9.8221,0.2873,-0.248,-0.3111
36640,820,807,33.563,25.631,0.0211,0.0062,9.7741,0.8517,-0.3959,-1.1083
36645,839,806,33.547,25.58,0.0367,-0.0858,9.8348,0.5065,0.1936,-0.6318
36650,844,800,33.556,25.647,0.1005,-0.0113,9.7622,-0.6364,0.4722,-0.164
36655,845,800,33.533,25.55,-0.0477,-0.0017,9.8693,0.6685,-0.4319,0.805
36660,873,798,33.613,25.533,-0.0288,0.1055,9.7452,0.5973,-0.5809,0.0
36665,881,790,33.534,25.572,0.0476,0.0346,9.8087,-0.5746,-0.681,-0.5066
36670,885,796,33.572,25.537,0.0598,0.0096,9.6994,0.6115,-0.2641,0.6476
36675,911,799,33.56,25.548,-0.0768,0.0496,9.7904,-0.6472,-0.507,-0.3465
36680,918,792,33.593,25.591,0.0552,0.0642,9.782,-0.2573,0.6936,0.2031
36685,930,791,33.469,25.549,-0.0294,-0.0272,9.8389,-0.2481,-0.5161,-0.196
36690,956,788,33.652,25.507,0.0344,-0.0488,9.8737,0.0528,-0.5491,-0.1672
36695,955,786,33.537,25.615,0.071,0.058,9.8263,-0.0688,-0.1951,-0.3975
36700,970,782,33.693,25.59,0.0383,-0.0032,9.8499,-0.2826,-0.5886,0.6497
36705,989,780,33.588,25.527,0.1012,-0.0004,9.7985,0.3424,1.3603,-0.2141
36710,1002,777,33.621,25.62,0.0021,-0.0759,9.7404,-0.3774,0.3789,-0.0419
36715,1019,778,33.613,25.651,-0.0855,-0.0252,9.8149,-0.5723,-0.2206,0.1483
36720,1035,775,33.486,25.597,0.0158,0.0762,9.8213,0.0186,0.5108,-0.3965
36725,1043,770,33.628,25.555,0.0059,-0.0064,9.8156,-0.2065,0.6175,0.2734
36730,1044,770,33.522,25.633,-0.0514,0.0424,9.8261,0.172,0.4068,0.7083
36735,1060,770,33.506,25.633,0.0179,0.0084,9.8654,-0.4677,0.0017,-0.2702
36740,1088,767,33.53,25.615,0.0123,-0.0101,9.7871,0.0693,0.009,0.0525
36745,1090,761,33.491,25.534,-0.0678,0.0152,9.8535,0.3737,-0.3919,-0.3581
36750,1110,761,33.539,25.555,-0.0334,0.0433,9.856,-0.2664,-0.256,-0.0665
36755,1111,760,33.466,25.525,-0.0533,-0.0288,9.8101,-0.7999,1.0165,-0.0677
36760,1114,751,33.413,25.617,-0.049,0.0696,9.8065,-0.5781,-1.0378,0.0282
36765,1125,755,33.559,25.634,0.077,-0.0241,9.8243,0.2033,0.0409,0.2254
36770,1129,748,33.642,25.6,-0.0422,0.0542,9.8433,0.7945,0.3233,0.6211
36775,1147,749,33.534,25.614,-0.023,0.0232,9.7835,-0.5644,1.1339,-0.2276
36780,1148,747,33.484,25.567,-0.1289,-0.023,9.729,0.0475,-0.1661,-0.6262
36785,1156,746,33.613,25.588,0.0172,0.0654,9.8916,0.3884,1.0681,-0.4833
36790,1159,749,33.5,25.599,0.012,0.0385,9.8425,0.0911,-0.1342,-0.2265
36795,1169,741,33.553,25.581,0.0453,-0.0458,9.7065,0.8244,-0.6669,0.6736
36800,1183,745,33.577,25.524,0.0294,-0.0406,9.8489,0.9128,-0.1191,0.329
36805,1169,745,33.568,25.501,0.0514,-0.0414,9.803,-0.4314,-0.2486,-0.1933
36810,1180,745,33.499,25.525,-0.0027,0.0036,9.8268,-0.3441,0.7267,0.7859
36815,1186,738,33.59,25.595,-0.0159,-0.0717,9.8333,-0.1284,0.2161,-0.1465
36820,1195,741,33.517,25.647,0.0461,-0.0572,9.8343,-0.1003,-1.0373,0.4133
36825,1197,738,33.512,25.639,0.0155,-0.0574,9.8497,-0.1115,0.0154,0.9343
36830,1194,734,33.449,25.545,-0.0416,0.0627,9.8552,0.4122,0.006,0.0784
36835,1192,742,33.445,25.545,0.0304,-0.0114,9.829,0.1439,-0.323,0.2264
36840,1170,742,33.546,25.634,-0.1235,0.0574,9.8095,0.0807,-0.3571,0.3439
36845,1192,741,33.489,25.586,0.0413,0.0253,9.759,-0.5073,-0.0468,0.6992
36850,1190,739,33.496,25.53,0.0133,0.0245,9.8012,0.4833,0.4706,0.5617
36855,1193,736,33.556,25.55,0.0104,-0.0138,9.8054,0.0925,-0.5463,0.1046
36860,1173,745,33.524,25.622,0.0427,0.0418,9.827,-0.0532,-0.3963,0.8231
36865,1180,743,33.553,25.57,0.0917,-0.0086,9.8222,0.5034,-0.1919,-0.3412
36870,1178,745,33.607,25.625,-0.0608,0.0756,9.7797,0.3916,0.1944,-0.0353
36875,1174,745,33.514,25.603,0.089,0.0113,9.8336,0.8566,-0.7836,0.4673
36880,1174,751,33.5,25.465,-0.0599,-0.0584,9.8119,-0.0343,-0.4024,-0.6313
36885,1173,751,33.603,25.592,-0.018,-0.0278,9.8528,-0.0919,-1.17,0.0239
36890,1170,754,33.471,25.582,-0.0154,-0.0168,9.7718,-0.5922,0.3753,-0.3347
36895,1159,754,33.559,25.666,0.0004,-0.0016,9.8387,-0.2157,-0.2838,-0.4608
36900,1160,754,33.541,25.556,0.1067,0.1019,9.8139,0.0135,0.8835,1.0897
36905,1152,759,33.435,25.557,0.0323,-0.0093,9.8354,0.0672,-0.0509,0.3599
36910,1152,760,33.465,25.593,-0.0055,0.0364,9.8218,-0.6879,0.6719,-0.6501
36915,1158,766,33.482,25.602,-0.0396,-0.0349,9.7788,-0.5316,-0.7183,0.3256
36920,1144,770,33.572,25.577,-0.0262,-0.0133,9.8022,0.5312,0.122,-0.3841
36925,1144,774,33.568,25.518,0.0037,-0.009,9.7666,0.2185,0.4017,-0.4831
36930,1134,773,33.654,25.48,-0.0039,-0.0356,9.7812,0.3468,-0.3018,-0.1441
36935,1125,779,33.496,25.615,-0.0001,-0.1199,9.8929,-0.0117,-0.1788,-0.1129
36940,1122,775,33.626,25.528,0.0709,-0.0429,9.7748,1.2073,-0.0718,0.5157
36945,1136,781,33.529,25.625,-0.0374,-0.0196,9.8842,0.0055,-0.0182,0.4083
36950,1123,787,33.547,25.603,-0.0204,-0.0409,9.799,0.27,-0.5101,1.1097
36955,1132,795,33.558,25.548,0.0556,-0.0155,9.8458,-0.0924,0.3331,-0.5964
36960,1115,791,33.461,25.589,-0.015,0.0321,9.6828,-0.1079,0.7119,0.1455
36965,1113,799,33.571,25.586,0.0666,-0.0945,9.8296,-0.2928,0.2202,0.2504
36970,1108,801,33.55,25.574,-0.0559,0.0643,9.7673,-0.235,-0.3208,0.5463
36975,1095,805,33.426,25.538,0.0122,0.0528,9.7761,-0.2554,0.339,-0.6023
36980,1106,804,33.446,25.658,0.0558,0.1175,9.924,-0.9699,0.781,0.2108
36985,1103,814,33.54,25.611,-0.0312,-0.0223,9.8172,0.8147,0.467,0.2577
36990,1090,813,33.552,25.518,0.0295,-0.0268,9.7713,0.2128,0.1444,0.3767
36995,1102,818,33.524,25.476,0.013,-0.0083,9.7773,-1.0959,-0.7975,0.8445
37000,1091,822,33.513,25.598,0.0314,0.0306,9.8323,0.8687,0.0254,-0.4208
37005,1094,817,33.547,25.527,-0.0669,0.017,9.7898,0.152,-0.1465,-0.1355
37010,1092,825,33.448,25.625,-0.0293,-0.0032,9.8981,0.5011,-0.118,-0.4335
37015,1082,828,33.499,25.674,-0.0083,-0.0276,9.768,0.4209,-0.4651,0.3447
37020,1084,829,33.561,25.564,0.0676,-0.0056,9.8337,0.7619,0.1566,-1.3756
37025,1082,831,33.447,25.594,0.0126,-0.046,9.7633,0.513,-0.4711,0.0087
37030,1080,826,33.509,25.598,-0.0459,-0.0268,9.7148,-0.4098,-0.2064,0.1569
37035,1074,836,33.509,25.526,0.0573,-0.0677,9.8232,-0.5989,-1.2542,-0.4123
37040,1078,839,33.513,25.578,-0.0365,-0.0691,9.8439,0.5401,0.3468,-0.5231
37045,1070,840,33.466,25.618,-0.076,0.0782,9.8611,-0.3851,0.5921,-0.0985
37050,1063,838,33.499,25.627,-0.0477,-0.0069,9.8374,-0.0989,0.6743,-0.0866
37055,1061,844,33.541,25.614,-0.054,-0.0571,9.8755,-0.0076,0.1887,-0.0563
37060,1057,838,33.522,25.518,-0.0361,-0.0656,9.7283,-0.3184,-0.2318,0.2147
37065,1060,837,33.523,25.584,-0.0424,-0.0191,9.8353,0.5461,0.3178,0.1432
37070,1052,840,33.541,25.499,-0.0555,-0.0778,9.85,0.2266,-0.0061,0.0488
37075,1043,845,33.633,25.556,-0.0179,-0.0913,9.7627,0.241,-0.0836,-0.2218
37080,1041,842,33.526,25.595,0.004,-0.0886,9.9799,0.2857,0.4184,-0.5038
37085,1037,844,33.559,25.554,-0.0234,-0.0411,9.8016,0.3818,0.4783,-0.3413
37090,1027,845,33.583,25.625,-0.0659,0.0103,9.7882,0.8941,-1.6354,0.17
37095,1030,848,33.523,25.538,0.0338,0.0565,9.7994,-0.4262,-0.0932,-0.2519
37100,1006,852,33.523,25.675,-0.0093,0.0355,9.7883,-0.163,-0.5587,0.8481
37105,1007,844,33.466,25.559,0.0043,0.0458,9.819,0.4248,-0.0381,0.2308
37110,1000,846,33.502,25.557,-0.0273,-0.0658,9.8715,0.0318,-0.0633,0.7141
37115,986,847,33.61,25.638,0.1197,-0.0461,9.8251,0.4984,-0.5962,-0.1823
37120,981,842,33.562,25.65,0.0362,-0.0268,9.7872,0.6065,0.8547,0.2429
37125,984,850,33.495,25.594,0.0036,-0.0041,9.8057,-0.7809,0.6325,0.7536
37130,972,840,33.619,25.553,-0.0118,-0.132,9.8073,-0.3717,-0.283,-0.877
37135,955,850,33.556,25.576,0.0093,0.0335,9.7475,-0.3229,-0.2621,0.2562
37140,954,839,33.542,25.614,-0.0489,-0.0494,9.8949,0.6333,-0.2545,0.2039
37145,948,843,33.526,25.565,0.0175,-0.0592,9.8269,-0.0769,-0.2544,0.088
37150,935,839,33.516,25.626,0.077,-0.0974,9.7887,-0.0918,-1.462,-0.0541
37155,926,841,33.48,25.59,0.0008,0.0035,9.925,0.305,0.1734,0.9905
37160,912,841,33.584,25.598,0.0067,0.0101,9.9474,0.4484,0.1439,0.1364
37165,897,836,33.521,25.551,-0.0493,-0.0785,9.827,0.073,1.3848,0.764
37170,884,835,33.5,25.526,-0.0568,0.0012,9.8476,0.2704,0.2946,-0.2932
37175,885,837,33.481,25.656,0.0726,-0.0622,9.8071,-0.0735,1.2317,-0.1475
37180,875,833,33.579,25.632,-0.0522,-0.0408,9.7499,0.2747,-0.0289,-0.0092
37185,866,832,33.474,25.628,-0.0763,0.0359,9.8099,0.3341,0.073,-0.6342
37190,852,836,33.525,25.604,0.0609,0.0378,9.7646,-0.5424,0.3088,-0.2863
37195,834,834,33.527,25.49,0.0417,-0.0328,9.7887,0.2661,-0.1182,0.66
37200,827,837,33.582,25.538,0.0382,-0.05,9.8529,0.0812,-0.0887,-0.2694
37205,834,830,33.533,25.665,0.0156,0.0225,9.888,0.8612,0.1148,-0.1413
37210,819,825,33.614,25.627,0.0217,-0.0158,9.8091,-0.8037,0.0773,0.2215
37215,808,831,33.528,25.49,-0.0416,-0.1096,9.8132,0.3092,0.6293,0.6192
37220,801,828,33.508,25.63,-0.0376,0.0872,9.8303,-0.2602,0.1855,0.3059
37225,782,824,33.528,25.557,0.0421,-0.039,9.7363,-0.2307,0.7359,-0.0554
37230,787,828,33.582,25.603,0.0222,0.0817,9.8554,0.2787,-0.1206,0.2873
37235,774,822,33.424,25.55,-0.0419,-0.0984,9.8312,0.0507,0.1054,0.0256
37240,757,830,33.559,25.633,0.0269,0.0523,9.8541,-0.4486,-0.0448,0.3304
37245,764,827,33.564,25.51,0.0078,0.0497,9.9021,-0.3315,-0.025,0.3698
37250,760,824,33.534,25.562,-0.0087,0.0792,9.8869,-0.2483,-1.2973,0.3505
37255,757,820,33.581,25.589,-0.0283,-0.0606,9.7656,0.0322,-0.4987,-0.3977
37260,747,828,33.581,25.526,0.0125,0.0027,9.7833,0.3114,0.6939,-0.5556
37265,748,818,33.572,25.61,-0.0053,-0.0757,9.8185,-0.5663,-0.3549,0.3772
37270,754,821,33.424,25.631,-0.0266,0.0051,9.8295,0.4156,-0.7312,0.1516
37275,744,818,33.501,25.597,-0.0302,-0.064,9.6503,-0.4261,0.8367,0.4598
37280,750,819,33.56,25.63,-0.0458,0.0311,9.7979,0.4096,-0.3969,0.4913
37285,745,817,33.552,25.593,0.0137,-0.0205,9.8519,-0.4593,-0.4008,-0.2947
37290,752,822,33.503,25.575,0.0377,0.0442,9.8838,-0.9568,0.9132,0.2456
37295,751,820,33.636,25.607,-0.0507,-0.0152,9.8947,0.5317,0.8473,0.1544
37300,752,818,33.622,25.574,-0.0088,-0.0221,9.861,0.3215,0.2181,-0.2717
37305,758,821,33.558,25.544,-0.0696,-0.0025,9.7883,0.2206,-0.1019,0.0337
37310,768,818,33.465,25.552,-0.0746,-0.0813,9.8253,1.0734,-0.9087,-0.4295
37315,768,810,33.515,25.521,-0.0335,0.0642,9.7796,-0.5928,-0.7493,1.0128
37320,775,812,33.624,25.543,-0.0379,-0.1333,9.8279,-0.0917,0.8562,0.5666
37325,779,811,33.529,25.619,0.0741,0.0144,9.7537,-0.1553,-0.7854,-0.5882
37330,780,815,33.562,25.637,0.0354,-0.048,9.789,-0.3788,0.1205,-0.1713
37335,800,813,33.524,25.598,-0.0664,-0.0782,9.7877,-0.3421,-0.2561,0.4452
37340,820,810,33.52,25.591,-0.0624,-0.0635,9.8405,0.2604,0.3147,0.4262
37345,824,805,33.499,25.579,0.039,0.039,9.8689,-0.3534,0.5109,-0.0595
37350,832,806,33.586,25.596,-0.0108,0.0015,9.7315,0.0946,-0.1662,0.2111
37355,840,804,33.636,25.645,-0.0245,0.0596,9.7856,0.434,-0.7,0.0784
37360,853,803,33.52,25.585,-0.0284,-0.0208,9.864,0.8873,0.2847,-0.2452
37365,851,805,33.507,25.595,-0.0123,-0.0801,9.7974,-0.6636,-0.1563,-0.7586
37370,882,804,33.648,25.587,0.0312,0.0448,9.7669,-0.4867,-0.5175,-0.3922
37375,895,796,33.49,25.548,-0.0123,-0.0265,9.7415,0.2818,0.0249,0.2661
37380,910,798,33.445,25.649,-0.0198,-0.0206,9.851,-0.2535,0.8554,-0.0766
37385,914,794,33.602,25.571,0.0656,-0.0077,9.8211,-0.1932,0.4686,0.7393
37390,932,791,33.538,25.476,-0.0702,-0.0446,9.8361,1.0186,-0.1688,-0.6093
37395,940,793,33.518,25.564,0.0743,0.1104,9.7771,-0.0509,-0.4266,0.1607
37400,963,788,33.479,25.599,-0.1267,0.0095,9.7856,-0.1342,0.4441,-0.284
37405,972,781,33.59,25.542,0.1298,0.045,9.8557,0.5539,0.0743,-0.0052
37410,979,780,33.539,25.586,0.0338,-0.0116,9.7714,0.0735,0.3522,-0.5329
37415,1003,780,33.503,25.564,0.046,0.0531,9.798,0.1533,0.5915,-0.1598
37420,1008,781,33.573,25.44,0.0179,-0.0378,9.7144,0.5356,-0.4213,0.5394
37425,1033,774,33.523,25.53,0.0502,-0.0548,9.9308,-0.4484,-0.2895,-0.3011
37430,1031,777,33.517,25.594,-0.0433,-0.0028,9.8368,-1.33,0.6618,0.3575
37435,1055,775,33.528,25.599,-0.0267,-0.0568,9.7583,-0.0136,-0.9686,-0.9837
37440,1063,769,33.531,25.588,0.054,-0.0008,9.8241,-0.56,-0.0313,0.5134
37445,1068,769,33.562,25.512,0.0156,-0.0022,9.8272,0.8283,0.8447,0.357
37450,1084,765,33.566,25.51,0.0714,0.0671,9.8833,-0.4876,-0.0632,-0.1846
37455,1088,762,33.567,25.591,0.0345,0.0341,9.8285,0.7415,0.0632,0.1174
37460,1109,762,33.649,25.577,0.0363,0.0313,9.8428,-0.1544,-0.4836,-0.3349
37465,1121,756,33.559,25.576,-0.0207,0.0206,9.79,-0.18,-0.5284,0.5547
37470,1135,754,33.527,25.645,-0.0215,0.0372,9.9178,0.2084,0.0087,-0.5584
37475,1137,754,33.498,25.55,0.0786,-0.0123,9.8034,0.0296,0.4601,-0.4042
37480,1147,748,33.575,25.605,0.0195,-0.0294,9.7893,-0.7096,0.7128,0.1676
37485,1149,748,33.586,25.536,-0.0081,-0.0843,9.779,-0.3597,-0.1175,-0.9536
37490,1147,745,33.536,25.604,-0.0486,-0.0835,9.8536,-0.2045,0.3267,-0.0725
37495,1162,743,33.503,25.608,0.019,-0.0333,9.8259,-0.3917,0.5316,0.3531
37500,1171,744,33.564,25.494,-0.0115,0.0114,9.8201,-0.2826,0.0323,0.2956
37505,1164,740,33.603,25.52,0.0708,-0.0091,9.7907,0.2291,-0.4871,-0.3691
37510,1172,737,33.573,25.597,-0.0096,-0.1116,9.8464,-0.1344,-0.3866,0.7755
37515,1179,740,33.471,25.634,-0.0058,-0.0434,9.8146,-1.0869,0.6926,0.7603
37520,1194,745,33.531,25.535,0.0699,-0.0184,9.7464,-0.0823,0.0205,0.3796
37525,1184,744,33.603,25.593,0.0121,0.047,9.8079,0.1993,0.0205,-1.3559
37530,1183,738,33.521,25.616,-0.0012,-0.0302,9.7629,-0.3435,-0.223,0.0121
37535,1182,741,33.635,25.625,-0.0284,-0.0459,9.7322,0.0055,-0.0835,-0.0387
37540,1202,739,33.491,25.62,0.0163,-0.0566,9.8174,0.58,0.1024,0.5794
37545,1185,739,33.505,25.519,-0.0794,-0.0393,9.8121,-0.0927,-0.5176,0.3675
37550,1182,735,33.606,25.601,0.0449,0.0667,9.8272,0.2479,-0.0332,-0.272
37555,1186,736,33.544,25.589,-0.0241,0.0219,9.6964,0.1626,0.0968,0.348
37560,1187,744,33.554,25.587,0.0608,-0.0174,9.7808,0.8317,0.6738,0.5522
37565,1181,740,33.603,25.536,0.071,0.0326,9.8564,-0.0111,0.0487,0.0794
37570,1178,745,33.494,25.553,-0.0036,0.062,9.6834,0.244,0.0714,-0.1751
37575,1178,739,33.543,25.515,-0.0902,-0.0016,9.7655,0.3873,-0.1301,-0.236
37580,1169,754,33.592,25.636,-0.0035,-0.0519,9.7042,0.0669,-0.0716,0.3568
37585,1175,745,33.499,25.634,-0.0097,-0.0718,9.7976,0.1712,0.1327,0.3015
37590,1172,747,33.442,25.578,-0.0029,-0.0486,9.8125,0.1822,0.2141,-0.2658
37595,1163,755,33.583,25.652,0.063,-0.0897,9.7857,0.5775,0.851,-0.3795
37600,1160,756,33.507,25.68,0.0414,-0.0498,9.7907,-0.7068,0.0251,0.2054
37605,1158,759,33.5,25.707,0.0073,0.0322,9.7484,-0.1289,-0.4175,0.1243
37610,1154,756,33.535,25.55,0.0898,0.078,9.7619,0.3278,-0.4382,-0.4784
37615,1148,757,33.496,25.573,0.0269,-0.0983,9.7915,-0.4054,-0.7144,0.2827
37620,1149,762,33.502,25.615,-0.0267,0.0463,9.7346,0.4962,0.4268,0.2229
37625,1146,768,33.48,25.562,-0.0969,-0.0466,9.8388,0.6396,-0.7001,-0.8345
37630,1145,770,33.568,25.582,0.0834,-0.0124,9.8481,0.6232,-0.6931,0.1209
37635,1135,774,33.579,25.61,-0.005,0.0794,9.7097,-0.3302,-0.7439,0.4432
37640,1125,775,33.493,25.492,0.0053,-0.0157,9.8022,-0.2307,-0.8848,0.5991
37645,1129,777,33.53,25.549,0.0067,-0.0068,9.9266,0.0443,-0.1366,-0.5095
37650,1125,783,33.43,25.599,0.0842,-0.0376,9.7876,0.0998,-0.118,-0.2941
37655,1122,787,33.574,25.604,-0.0218,0.0119,9.7836,0.0748,-0.8582,-0.9675
37660,1120,793,33.562,25.602,0.0777,-0.0537,9.8819,-0.158,-0.7433,0.1529
37665,1122,795,33.6,25.615,0.0006,-0.0573,9.7612,-0.482,-0.76,0.606
37670,1111,798,33.514,25.58,0.0155,-0.0253,9.8539,0.3678,0.0659,-1.3385
37675,1116,801,33.539,25.496,-0.0274,0.0299,9.8325,-0.8364,0.598,0.2024
37680,1110,801,33.574,25.565,0.0488,-0.0605,9.7907,-0.1934,-0.2599,0.7883
37685,1110,810,33.523,25.677,-0.0817,0.041,9.7696,-0.4295,0.0459,-0.4526
37690,1102,809,33.495,25.597,0.0182,0.0189,9.7972,1.1361,0.0348,0.355
37695,1101,813,33.532,25.562,0.0038,0.0667,9.7407,-0.9779,-0.5676,-0.4781
37700,1098,815,33.538,25.546,0.0313,0.0176,9.7566,0.1276,-0.071,0.3101
37705,1093,821,33.529,25.56,-0.0197,-0.0093,9.7641,-0.2812,0.3661,-0.1544
37710,1102,822,33.585,25.562,-0.0137,-0.0251,9.784,-0.235,0.4617,0.171
37715,1083,825,33.577,25.474,-0.0202,0.0258,9.8177,-0.7411,-0.1457,-0.8378
37720,1086,828,33.554,25.578,0.0224,-0.0524,9.7418,-0.4889,0.1949,-0.3549
37725,1083,832,33.564,25.563,0.0878,0.002,9.7925,1.3323,-0.0587,0.1608
37730,1077,831,33.522,25.545,-0.0745,-0.0256,9.8039,0.0068,-0.3386,1.196
37735,1078,835,33.576,25.589,-0.1356,-0.0399,9.8813,-0.327,0.3955,0.0575
37740,1077,841,33.541,25.528,-0.0939,0.0721,9.8612,0.0933,-0.6272,0.2886
37745,1076,839,33.537,25.588,0.0292,-0.007,9.8509,-0.131,0.1959,-0.6883
37750,1073,840,33.482,25.469,-0.1022,0.0031,9.8475,0.7828,-0.3774,0.5486
37755,1067,845,33.53,25.568,0.0031,0.0447,9.7728,0.4365,0.7727,-0.1772
37760,1059,838,33.455,25.529,-0.0716,-0.0509,9.8456,-0.5141,0.8835,0.089
37765,1067,845,33.516,25.609,0.0231,-0.0325,9.73,-0.4854,0.0304,-0.2609
37770,1059,843,33.491,25.592,-0.0858,-0.0636,9.8086,-0.504,-0.3209,-0.3918
37775,1054,847,33.537,25.611,0.0765,-0.002,9.7888,0.2743,0.1158,0.1359
37780,1050,846,33.584,25.534,-0.0506,0.0394,9.7762,-0.03,0.3065,-0.6383
37785,1045,845,33.512,25.524,-0.0104,0.0438,9.7659,0.2763,-0.9318,0.0939
37790,1032,845,33.393,25.595,-0.074,-0.0539,9.8035,0.7605,1.4525,-0.7204
37795,1031,847,33.604,25.621,0.0461,0.0083,9.8568,0.3496,0.8929,0.2652
37800,1027,846,33.66,25.556,-0.0474,-0.0276,9.792,0.4777,0.511,-0.0055
37805,1029,845,33.587,25.621,0.0488,-0.0405,9.7931,0.617,0.4971,-0.308
37810,1014,840,33.505,25.591,0.0615,0.0001,9.7468,0.2139,0.2673,-0.2171
37815,1008,843,33.449,25.658,-0.0128,0.0816,9.7484,0.2594,0.4093,-1.2234
37820,998,845,33.469,25.621,0.0169,0.031,9.7951,0.6597,0.6738,0.3927
37825,991,849,33.583,25.542,-0.0569,-0.0599,9.79,0.7456,-0.0179,0.6437
37830,984,842,33.552,25.633,0.069,0.0569,9.838,-0.325,0.0418,0.371
37835,966,843,33.451,25.526,0.021,-0.0331,9.8713,0.5252,-0.1638,-0.3418
37840,960,841,33.56,25.55,-0.1361,-0.0673,9.8169,-0.5668,0.7505,0.3019
37845,956,843,33.533,25.534,0.0561,0.0499,9.8402,-0.7936,0.7344,-0.1813
37850,948,841,33.639,25.58,-0.0942,-0.0282,9.8946,0.3656,0.6282,-0.2947
37855,933,843,33.496,25.616,-0.1008,-0.0754,9.8509,-0.1121,0.2316,-0.4632
37860,921,840,33.626,25.58,-0.064,-0.1084,9.8072,-0.5998,0.3107,-0.2712
37865,918,837,33.602,25.533,-0.0485,0.0275,9.7951,-0.6555,0.0041,-0.4089
37870,911,841,33.521,25.517,0.0209,0.0522,9.843,0.138,-0.6902,-0.048
37875,900,838,33.511,25.544,-0.0898,-0.0046,9.8169,-0.0293,-0.0796,0.2142
37880,885,835,33.582,25.586,0.0594,0.0483,9.7525,0.0565,-0.1268,-0.0029
37885,871,833,33.532,25.601,-0.0168,-0.0972,9.7293,0.9734,0.5866,0.4316
37890,863,833,33.562,25.667,-0.0539,0.0663,9.6698,0.0804,0.679,-0.3463
37895,855,833,33.42,25.592,-0.042,0.0504,9.6535,-0.5903,-0.4142,-0.0114
37900,839,835,33.512,25.579,-0.0416,0.0076,9.9143,0.6357,-0.4045,-0.0574
37905,831,833,33.466,25.615,0.0089,0.0543,9.7592,-0.2366,-0.8702,-0.7208
37910,824,830,33.469,25.512,0.0299,-0.0753,9.7745,-0.0643,0.3125,0.2947
37915,816,826,33.496,25.542,-0.0302,-0.0071,9.8118,-0.5926,-0.0947,0.9266
37920,812,833,33.531,25.565,0.0719,0.0218,9.8623,-0.5117,0.3575,0.4867
37925,794,827,33.534,25.542,-0.0163,-0.0028,9.7911,0.5262,0.0063,0.4189
37930,794,832,33.586,25.603,0.1142,0.0679,9.8411,0.6827,0.3658,0.5699
37935,788,827,33.599,25.542,-0.0446,-0.0167,9.83,-1.1097,0.4726,-0.9451
37940,780,829,33.485,25.652,-0.0172,-0.0387,9.8357,0.0907,0.4393,-0.3964
37945,770,824,33.579,25.572,0.0249,0.0213,9.8688,-0.4216,0.0388,-0.2039
37950,764,825,33.58,25.506,-0.0107,0.0279,9.8753,0.265,-0.2828,-0.0597
37955,762,826,33.616,25.513,-0.0426,-0.0626,9.834,-0.2755,-0.4102,-0.0264
37960,758,820,33.591,25.574,-0.0032,-0.0298,9.7579,-0.7441,0.2338,1.313
37965,755,825,33.488,25.582,0.1845,-0.0174,9.766,0.4577,-0.7367,0.0807
37970,755,823,33.453,25.596,0.0637,0.0506,9.899,-0.0203,0.107,-0.4174
37975,754,817,33.493,25.593,-0.0166,0.0834,9.8147,0.6376,0.1354,0.5573
37980,756,824,33.564,25.636,0.0569,0.0123,9.8242,-0.642,0.2943,0.5683
37985,752,822,33.482,25.62,-0.0721,0.0106,9.8657,0.031,-0.383,-0.0056
37990,744,824,33.54,25.577,0.0374,0.0872,9.8059,-0.0013,-0.2387,-0.1954
37995,737,817,33.436,25.545,0.0198,0.0132,9.7941,-0.6314,0.308,0.3009
38000,755,819,33.511,25.577,-0.1272,0.0435,9.8288,-0.7565,-0.3456,-0.2119
38005,760,824,33.512,25.533,-0.0168,-0.004,9.6673,0.2138,0.3562,-0.026
38010,757,820,33.532,25.578,-0.0044,-0.0501,9.6799,-1.0763,0.3091,0.0785
38015,760,814,33.61,25.672,0.0164,0.038,9.831,-0.5609,-0.3651,0.0998
38020,770,815,33.479,25.522,0.0104,0.0799,9.8329,-0.4307,0.3146,-0.035
38025,776,813,33.476,25.545,0.0479,-0.0773,9.6998,-0.1106,-0.0671,-0.3081
38030,780,808,33.556,25.606,0.0338,-0.0282,9.7872,-0.1871,-0.1474,-0.1937
38035,786,811,33.561,25.584,0.0657,-0.0222,9.7967,0.61,-0.2954,0.1747
38040,798,809,33.526,25.568,-0.0669,-0.0125,9.7669,0.2834,0.7747,0.0295
38045,806,807,33.498,25.593,-0.0429,0.002,9.785,0.0426,0.1283,-0.0591
38050,825,806,33.489,25.648,0.0586,-0.034,9.775,-0.676,0.6482,-0.3137
38055,824,804,33.403,25.632,-0.009,-0.0012,9.7855,0.2347,-0.312,0.3833
38060,842,805,33.572,25.595,-0.0214,0.057,9.7053,0.0539,0.1759,0.7326
38065,847,803,33.555,25.584,-0.0234,0.0659,9.8743,0.5336,-0.0687,-0.1974
38070,861,808,33.463,25.573,-0.0059,0.0552,9.7581,0.5699,0.5224,-0.5644
38075,877,797,33.619,25.622,0.0302,-0.0908,9.7904,-0.1195,0.4103,0.2119
38080,886,799,33.49,25.526,-0.1049,-0.081,9.8632,0.0083,-0.2636,0.9382
38085,903,798,33.544,25.614,-0.0054,0.0412,9.7888,-0.71,-0.3825,-0.3312
38090,920,796,33.531,25.572,-0.0707,0.0106,9.7284,0.6052,-0.4173,-0.2757
38095,933,795,33.511,25.53,0.1095,0.0555,9.8338,0.4322,-0.3446,0.0466
38100,938,793,33.477,25.564,0.0571,0.0568,9.7808,-0.58,-0.2046,0.111
38105,958,789,33.632,25.566,0.0663,-0.0612,9.7131,0.4168,0.8774,-0.0101
38110,966,786,33.533,25.485,0.0585,0.0204,9.7731,0.1744,0.0208,0.345
38115,984,784,33.507,25.541,0.038,-0.0035,9.8528,-0.7923,-0.3024,0.4734
38120,995,787,33.456,25.574,-0.0188,0.0782,9.8396,0.0058,-0.2234,-0.6138
38125,1008,780,33.514,25.588,-0.0103,0.0714,9.8986,0.1075,-0.9217,-0.5302
38130,1027,778,33.581,25.546,0.0241,0.0838,9.77,0.0409,0.3646,-0.1402
38135,1044,766,33.553,25.62,0.0083,-0.0205,9.816,0.7419,0.1329,-0.0574
38140,1047,768,33.495,25.54,-0.0132,0.0067,9.696,0.3029,-0.0134,-0.8913
38145,1060,770,33.597,25.565,0.0468,0.0223,9.8689,0.3507,0.624,0.1592
38150,1081,764,33.567,25.502,0.016,0.0103,9.7413,-0.01,-0.5768,0.6552
38155,1076,767,33.596,25.578,-0.0171,-0.0031,9.792,-0.0034,0.1686,0.0687
38160,1096,760,33.565,25.598,0.0329,0.0642,9.8229,-0.6781,-0.2014,0.6148
38165,1105,761,33.534,25.567,0.0521,0.0656,9.7616,0.4835,-0.4881,-0.2388
38170,1120,754,33.576,25.534,0.0487,0.0051,9.8733,0.4764,0.4615,0.4558
38175,1123,755,33.479,25.606,-0.0172,-0.0048,9.7719,-0.5306,0.3268,0.3288
38180,1143,753,33.477,25.565,-0.09,-0.0095,9.846,-0.2436,-0.0894,0.1156
38185,1137,755,33.53,25.606,-0.0172,0.0515,9.8112,0.2581,-0.1166,0.2828
38190,1143,753,33.556,25.482,0.0547,0.0758,9.7284,0.2234,0.3621,0.2337
38195,1151,744,33.509,25.6,-0.0418,-0.1046,9.8167,-0.3349,1.4281,-0.1074
38200,1159,749,33.511,25.608,0.0256,-0.0256,9.8098,0.3249,-0.2362,-0.1078
38205,1168,748,33.62,25.571,0.0449,-0.0306,9.7834,0.2438,0.3818,0.5106
38210,1176,744,33.559,25.54,0.0004,-0.0325,9.8053,0.2071,-0.0589,-0.3559
38215,1173,740,33.469,25.57,0.0281,0.0593,9.8197,0.4092,-0.1022,0.4181
38220,1184,749,33.5,25.57,0.0084,-0.001,9.7739,0.8375,-0.717,0.4799
38225,1183,740,33.552,25.509,0.0312,-0.0599,9.8277,-1.3551,-0.0045,-0.0708
38230,1187,738,33.503,25.523,0.0198,0.0781,9.8128,0.1941,-0.562,0.612
38235,1194,736,33.549,25.591,0.0206,0.0003,9.8674,0.2198,0.5617,0.7714
38240,1193,737,33.54,25.526,-0.0197,0.0708,9.8595,-0.3705,0.2475,0.0006
38245,1179,735,33.557,25.599,-0.0366,0.0732,9.7735,0.0462,-0.8351,0.0211
38250,1188,740,33.458,25.622,-0.0645,0.0358,9.8462,-0.8819,-0.0329,0.5106
38255,1193,737,33.464,25.559,-0.0083,0.0236,9.7669,-0.5219,-0.6541,0.1484
38260,1193,739,33.527,25.618,-0.043,-0.0753,9.8049,0.3001,-0.5725,-0.633
38265,1184,748,33.48,25.62,0.0107,0.0134,9.8276,-0.6174,0.4779,0.8992
38270,1184,739,33.512,25.462,0.0022,-0.1281,9.8449,0.2231,-0.1335,-0.3756
38275,1177,739,33.585,25.599,0.0228,0.0141,9.831,-0.5117,0.8192,-0.9643
38280,1190,745,33.557,25.501,0.0184,0.0289,9.7988,-0.1294,0.3815,-0.1875
38285,1179,745,33.553,25.587,-0.066,-0.0022,9.8625,-0.0065,0.4003,0.8228
38290,1170,746,33.595,25.578,0.0361,0.0288,9.8359,-0.0081,0.6002,0.3979
38295,1169,748,33.543,25.619,0.0124,-0.0515,9.7471,-0.8414,0.3005,-0.7234
38300,1162,753,33.495,25.55,0.023,0.04,9.8134,-0.4222,-0.4571,0.4941
38305,1159,753,33.464,25.527,0.0689,0.0067,9.838,-0.3199,-0.5901,-0.1303
38310,1149,759,33.538,25.617,0.0097,-0.0017,9.7871,-0.4662,-0.7429,0.2933
38315,1158,758,33.46,25.53,-0.0297,0.0515,9.8367,0.0412,-0.3296,0.1852
38320,1151,763,33.526,25.501,-0.016,0.0679,9.8469,-0.5706,0.5625,0.7232
38325,1145,762,33.464,25.595,0.0958,0.0758,9.8287,-0.573,0.6756,-0.3196
38330,1150,770,33.621,25.62,-0.0444,0.0127,9.8945,0.5724,0.2603,0.3209
38335,1138,773,33.588,25.577,-0.0544,-0.0068,9.9101,-0.7645,-0.7282,0.3647
38340,1133,776,33.451,25.577,-0.0417,-0.0293,9.757,0.3453,0.7464,-0.8438
38345,1133,777,33.501,25.538,0.0175,0.0165,9.8157,-0.0463,-0.0584,0.2895
38350,1122,780,33.596,25.642,-0.0271,-0.0968,9.8999,-0.9494,0.4624,0.2822
38355,1129,780,33.41,25.611,0.0254,-0.0492,9.7213,0.6267,-0.5438,0.2051
38360,1123,782,33.469,25.625,0.05,0.0533,9.882,0.2957,1.0347,-0.1482
38365,1122,787,33.533,25.551,-0.0992,0.0411,9.7682,0.0222,-0.6267,0.79
38370,1111,797,33.597,25.565,-0.0578,0.0579,9.8877,0.2707,0.245,0.307
38375,1111,795,33.558,25.56,0.1189,0.0279,9.8743,-0.8554,-0.3961,-0.0337
38380,1106,799,33.492,25.499,-0.0603,0.0042,9.7272,0.0452,1.1866,-0.8591
38385,1102,803,33.513,25.578,-0.0019,-0.0386,9.818,0.1374,-0.3731,-0.5123
38390,1106,800,33.501,25.674,0.0619,-0.025,9.7152,-0.1134,-0.0536,-0.7748
38395,1112,809,33.583,25.508,0.054,-0.0263,9.8615,-0.4726,-0.0574,0.2102
38400,1111,814,33.529,25.575,0.0687,-0.0797,9.7884,-0.177,0.0954,-0.0061
38405,1092,817,33.531,25.63,0.0023,-0.0123,9.7188,-0.2543,0.263,-0.415
38410,1098,820,33.604,25.548,0.0204,0.0345,9.7863,-0.1015,-0.3885,-0.5358
38415,1093,820,33.621,25.495,0.0163,0.0329,9.823,1.2373,0.0693,-0.847
38420,1089,822,33.536,25.605,-0.0143,0.0303,9.8315,0.5985,0.1664,0.5242
38425,1096,833,33.509,25.622,-0.0003,-0.0456,9.848,0.4926,1.3273,-1.0819
38430,1095,827,33.531,25.577,0.0721,-0.146,9.7721,-0.8403,0.1114,0.1042
38435,1080,833,33.444,25.565,-0.0194,0.0178,9.8482,0.8973,-0.5762,-0.5238
38440,1073,835,33.449,25.587,-0.0152,0.0082,9.8145,-0.051,0.9085,0.2003
38445,1076,832,33.547,25.583,0.0311,-0.0337,9.7551,0.525,-0.1561,-0.7608
38450,1073,840,33.501,25.51,-0.0522,0.0058,9.938,0.2801,-0.2189,0.4562
38455,1066,843,33.597,25.641,-0.0701,0.0045,9.7303,-0.1183,0.0341,0.0791
38460,1074,844,33.597,25.582,0.0084,-0.0092,9.8826,-0.4439,0.6117,-0.7359
38465,1071,846,33.432,25.571,-0.0273,-0.0943,9.8454,-0.0234,-0.8522,-0.2729
38470,1068,846,33.424,25.662,-0.0216,0.0437,9.7533,0.4317,-0.4317,-0.1079
38475,1065,846,33.609,25.671,0.0255,0.005,9.8539,-0.4569,0.7463,-0.6151
38480,1053,844,33.46,25.516,0.0298,-0.0487,9.8238,0.5309,0.1123,0.7384
38485,1043,841,33.578,25.579,0.0282,-0.0862,9.7841,0.8836,1.2209,0.3765
38490,1045,840,33.563,25.497,-0.0398,-0.0604,9.8347,-0.2928,0.7464,0.2013
38495,1038,852,33.468,25.541,0.0127,-0.0499,9.8439,1.1149,0.2617,-0.2181
38500,1034,846,33.535,25.544,-0.1124,0.0383,9.8041,0.4264,-0.267,-0.4207
38505,1029,850,33.639,25.578,-0.0308,-0.05,9.7658,-0.0594,-0.7058,0.6348
38510,1026,843,33.495,25.583,0.0403,0.055,9.8203,0.1939,0.1398,-0.8485
38515,1008,842,33.553,25.643,-0.0061,-0.0397,9.8721,-0.4571,0.3204,0.7799
38520,1013,843,33.516,25.551,-0.0402,0.0106,9.8446,-0.2269,0.4223,-0.1597
38525,996,841,33.493,25.678,-0.0515,0.079,9.8278,-0.9804,0.4866,0.0401
38530,990,843,33.52,25.479,0.056,0.0774,9.8849,0.1384,-0.0525,0.6923
38535,979,844,33.474,25.682,0.0208,-0.0384,9.7816,-0.5276,0.2868,-0.3758
38540,977,842,33.516,25.541,0.0814,0.0425,9.884,-0.1547,-0.0361,-0.1222
38545,969,846,33.511,25.637,0.0724,-0.0039,9.8041,-0.8133,0.1664,0.5588
38550,944,844,33.593,25.523,0.0199,-0.036,9.6644,1.4433,-0.0021,0.6665
38555,952,836,33.437,25.505,0.0134,0.0176,9.8385,-0.1092,0.3449,0.3349
38560,941,846,33.491,25.615,-0.0888,0.0492,9.8645,-0.1998,0.0314,-0.1957
38565,923,839,33.492,25.603,0.0794,-0.0151,9.776,-0.1807,-0.3302,0.3861
38570,917,841,33.542,25.534,0.0177,-0.0314,9.7806,-0.593,0.3522,-0.2694
38575,907,838,33.559,25.561,0.0802,-0.0016,9.8137,-0.3039,-0.9984,-0.111
38580,896,834,33.582,25.572,0.0013,-0.0359,9.9068,0.1875,0.2464,-0.1165
38585,890,833,33.521,25.579,0.0643,-0.0158,9.7983,0.5655,0.3475,0.2678
38590,880,834,33.568,25.603,-0.0103,0.1051,9.8011,-0.5238,-0.2801,0.0851
38595,869,833,33.501,25.657,0.0036,0.0962,9.9259,0.0514,0.037,-0.1746
38600,868,833,33.494,25.579,0.0341,-0.0404,9.8,0.1003,-0.0452,-1.0796
38605,849,839,33.571,25.652,0.0909,-0.0763,9.8227,-0.9896,0.2091,0.8191
38610,836,830,33.527,25.675,-0.0492,0.0356,9.7044,-0.087,-0.3631,-0.4801
38615,835,830,33.46,25.58,-0.0936,-0.0549,9.7923,-0.058,0.0495,-0.6431
38620,819,828,33.492,25.621,-0.0143,-0.061,9.7503,0.3915,-0.8537,-0.7662
38625,814,827,33.556,25.558,0.0753,-0.034,9.742,0.3881,-0.175,-0.351
38630,811,827,33.57,25.543,-0.0099,0.0491,9.8491,-0.9503,-0.6255,0.3863
38635,799,828,33.529,25.553,-0.0515,0.0741,9.862,-0.4836,0.359,-0.6388
38640,787,829,33.57,25.539,-0.0052,-0.0715,9.7754,-0.0197,-0.7163,0.6116
38645,778,830,33.487,25.549,-0.023,0.016,9.7323,0.1399,-0.1089,0.0244
38650,776,824,33.53,25.636,-0.0644,-0.069,9.7923,0.7419,-0.6808,-0.0913
38655,767,830,33.505,25.51,0.0465,0.0846,9.8177,-0.1357,-0.0054,0.9728
38660,761,822,33.585,25.609,0.0273,0.0035,9.889,0.3385,-0.4337,0.1973
38665,757,829,33.528,25.575,-0.0125,-0.1309,9.81,0.0251,-0.1838,0.7206
38670,752,823,33.488,25.554,-0.0197,-0.0607,9.7773,-0.6567,-0.189,-0.0988
38675,749,826,33.446,25.596,0.0222,-0.0605,9.7854,-0.2264,-0.1942,0.1007
38680,746,821,33.526,25.596,0.0303,-0.0465,9.8183,-0.4315,-0.7992,0.1327
38685,755,824,33.508,25.541,-0.0098,0.0252,9.7915,0.8033,0.7037,0.2931
38690,744,820,33.51,25.536,-0.0858,-0.0129,9.8513,-0.2195,0.5443,-0.1708
38695,749,819,33.547,25.573,0.0485,0.0973,9.8334,0.0398,-0.0277,-0.107
38700,754,816,33.546,25.599,0.0161,-0.0065,9.9077,-0.7378,-0.4039,-0.4255
38705,748,817,33.551,25.575,0.0062,0.0276,9.807,-0.7499,0.3913,-0.3139
38710,747,814,33.514,25.58,0.0085,-0.0673,9.8265,0.2637,-0.2105,0.5453
38715,747,821,33.48,25.572,0.0013,-0.0096,9.8148,1.0335,0.1489,-0.1724
38720,754,814,33.57,25.545,-0.0477,-0.0536,9.8077,0.475,-0.6325,-0.2801
38725,768,816,33.557,25.621,-0.0895,-0.0404,9.8093,-0.6201,0.8249,-0.6084
38730,769,815,33.479,25.576,-0.0454,0.0039,9.7966,-0.7171,0.4654,-0.2186
38735,782,815,33.551,25.578,0.0206,-0.0346,9.8763,0.3635,-1.1996,-0.2953
38740,796,815,33.544,25.53,0.0096,-0.0328,9.7706,-0.007,-0.2956,0.4515
38745,795,812,33.525,25.584,0.0652,0.0276,9.8651,-1.0842,-0.2788,0.1691
38750,806,813,33.567,25.579,0.0633,-0.0481,9.7475,0.413,0.8835,0.3858
38755,814,808,33.587,25.459,-0.073,-0.0323,9.7809,0.3319,0.8502,-0.6761
38760,819,806,33.507,25.522,-0.0004,0.0318,9.8452,0.2839,-0.8134,-0.4692
38765,837,801,33.512,25.622,-0.0027,-0.064,9.6892,-0.6715,0.3158,0.6472
38770,846,804,33.553,25.632,0.0204,0.0758,9.7825,0.1303,0.238,1.1773
38775,863,802,33.492,25.528,0.007,-0.0661,9.7665,-0.3102,-0.8515,-0.0957
38780,874,798,33.531,25.613,0.0631,0.032,9.8285,-0.4863,-0.7968,0.3166
38785,885,798,33.46,25.57,0.0085,0.0173,9.8215,0.7343,-0.2809,-0.2146
38790,898,798,33.487,25.568,0.1084,-0.0394,9.8375,-0.0729,-0.0435,0.3079
38795,913,797,33.589,25.593,0.067,0.0114,9.8307,-0.1771,-0.3755,0.6411
38800,925,797,33.529,25.644,-0.0108,0.0749,9.8248,0.5786,0.8255,-0.3195
38805,938,789,33.505,25.631,-0.0248,-0.0144,9.8008,0.8857,0.2381,0.9761
38810,945,784,33.595,25.569,-0.0026,0.0154,9.8443,-0.5173,1.0111,0.5623
38815,974,782,33.46,25.565,0.0073,0.0483,9.8521,-0.1387,0.4854,0.1593
38820,979,782,33.493,25.604,-0.0317,0.0102,9.7992,0.2819,-0.7491,0.2629
38825,985,780,33.487,25.514,-0.057,0.0927,9.7003,0.2916,-1.0178,0.1661
38830,1005,779,33.511,25.592,0.0289,-0.0283,9.7181,-0.2209,0.0963,0.4357
38835,1023,774,33.577,25.601,0.0204,-0.0439,9.7706,0.921,-0.1734,-0.1199
38840,1027,776,33.508,25.545,0.0844,0.0082,9.8128,-0.8263,-0.0005,-0.3478
38845,1049,775,33.546,25.579,0.0136,0.0335,9.7893,0.1777,-0.1288,0.9521
38850,1058,766,33.558,25.616,0.0443,-0.0788,9.7353,-0.5832,0.6283,-0.9841
38855,1073,765,33.58,25.555,0.0696,0.0735,9.786,-0.8156,0.4483,0.7262
38860,1063,758,33.49,25.689,-0.0134,-0.01,9.8652,0.5215,0.2238,-0.1558
38865,1094,758,33.549,25.549,0.0048,-0.0879,9.8673,0.3155,0.6179,-1.19
38870,1102,759,33.533,25.608,-0.0699,0.0595,9.8274,0.3708,0.372,0.7368
38875,1112,753,33.582,25.593,-0.0494,-0.0225,9.8633,0.0474,0.3293,-0.4354
38880,1124,760,33.515,25.519,0.0617,-0.0191,9.76,-0.0726,0.1261,-0.1596
38885,1135,750,33.466,25.621,-0.0848,-0.0304,9.8672,0.4627,-0.79,-0.5247
38890,1136,753,33.555,25.519,0.0306,0.0402,9.8768,0.9468,-0.4767,0.3881
38895,1147,745,33.516,25.639,0.0121,-0.051,9.7516,-0.0749,-0.0013,-0.1431
38900,1154,747,33.567,25.57,-0.0526,0.0776,9.8419,-0.0968,0.1777,0.2368
38905,1156,746,33.528,25.491,0.081,0.0225,9.8422,0.0515,-0.2314,-0.2997
38910,1161,746,33.487,25.511,0.0067,0.0196,9.7891,-0.3033,0.2769,0.2108
38915,1162,738,33.561,25.618,-0.0147,0.0607,9.7577,1.0786,0.2998,0.9572
38920,1171,739,33.502,25.647,-0.0209,0.0745,9.7656,-0.0206,0.4569,-0.0139
38925,1181,738,33.415,25.654,0.0543,0.0449,9.7763,-0.3081,-1.1511,-0.2069
38930,1186,746,33.548,25.571,-0.0946,-0.0362,9.7936,0.1092,0.4904,0.115
38935,1179,735,33.555,25.602,-0.0607,0.1163,9.7844,-0.5934,-0.3966,-0.285
38940,1179,733,33.538,25.579,-0.0079,-0.0319,9.7805,-0.074,0.0075,-0.0402
38945,1187,742,33.548,25.523,0.0306,0.0319,9.8284,-0.0849,0.3259,-0.639
38950,1182,739,33.464,25.601,-0.1248,-0.0092,9.7748,-0.1468,-0.0712,-0.2952
38955,1186,735,33.476,25.629,0.064,0.0378,9.7963,0.6219,0.1728,-0.405
38960,1188,739,33.496,25.666,0.082,-0.0785,9.7598,-0.0526,0.115,-0.075
38965,1184,742,33.51,25.626,-0.068,0.0389,9.8334,-0.3658,-0.971,0.3705
38970,1176,739,33.523,25.436,0.074,0.0359,9.837,0.3396,0.1521,0.0604
38975,1184,741,33.571,25.595,0.0322,0.0548,9.7153,-0.5822,-0.3717,0.9926
38980,1176,738,33.565,25.644,-0.0302,0.0377,9.8548,-0.4275,-0.0956,0.3955
38985,1177,737,33.605,25.509,0.0344,-0.0423,9.8129,0.3142,0.3756,0.1472
38990,1176,738,33.48,25.58,-0.0599,0.0081,9.7468,0.9667,0.1491,-0.2034
38995,1164,751,33.508,25.569,-0.0713,-0.0164,9.7943,-0.3537,-0.1542,0.6757
