timestamp_ms,ir_finger,ir_toe,temp_finger,temp_toe,ax,ay,az,gx,gy,gz
0,1049,774,33.799,26.821,0.0312,0.0091,9.8227,0.7232,0.4802,-0.1731
5,1056,769,33.726,26.794,0.0618,-0.045,9.8424,-0.0794,0.1728,-0.6002
10,1072,769,33.843,26.803,-0.0176,0.0332,9.8575,-0.1903,-0.3811,0.3767
15,1080,765,33.905,26.85,-0.0417,-0.0668,9.7309,0.1989,0.292,0.7876
20,1091,762,33.728,26.91,0.0645,-0.106,9.7873,0.0387,-0.338,-0.1832
25,1098,768,33.775,26.881,0.0012,-0.0077,9.6965,0.2695,0.2392,-0.526
30,1118,762,33.799,26.847,-0.0203,-0.0271,9.8083,-0.4363,-0.5713,0.1482
35,1117,760,33.759,26.801,-0.125,0.0515,9.8077,0.592,0.4813,-0.1679
40,1127,762,33.852,26.959,0.0062,-0.0302,9.8705,-1.2263,0.1587,0.5843
45,1132,757,33.824,26.918,0.052,-0.0572,9.8403,0.3217,0.4801,0.9784
50,1146,759,33.773,26.888,0.0495,-0.0404,9.8034,0.5066,-0.0229,0.8658
55,1159,756,33.824,26.828,-0.0649,0.0141,9.8604,0.4104,-0.1202,-0.2079
60,1157,757,33.75,26.874,0.0272,-0.1983,9.9466,-0.6929,0.2788,-0.375
65,1161,749,33.854,26.835,0.0913,-0.0171,9.7595,-0.3147,-0.0451,0.3923
70,1167,749,33.736,26.819,0.0375,0.026,9.7552,0.3598,0.5894,0.3959
75,1171,751,33.801,26.935,0.0136,-0.0418,9.8106,0.6455,-0.727,-0.3122
80,1178,754,33.797,26.897,0.004,-0.0547,9.7263,-0.0069,-0.657,0.1511
85,1192,751,33.827,26.901,0.0593,-0.0544,9.7756,0.1444,-0.1935,-0.0648
90,1185,747,33.912,26.897,-0.0308,0.0023,9.7616,0.3349,0.171,0.0044
95,1193,754,33.727,26.848,0.0002,-0.0793,9.7576,0.0665,0.5839,0.5174
100,1197,751,33.872,26.934,0.011,0.0984,9.8427,0.7146,0.127,-0.4218
105,1187,748,33.849,26.78,-0.0054,0.0,9.8383,-0.1853,0.1005,-0.1667
110,1198,745,33.814,26.847,0.1271,-0.057,9.8309,0.1384,0.1002,-0.8964
115,1181,749,33.925,26.872,0.1033,-0.0252,9.7566,-0.4357,0.1728,1.0712
120,1190,748,33.823,26.902,-0.0029,0.059,9.8076,-0.6016,-0.1057,0.2865
125,1190,753,33.806,26.869,0.0015,0.0047,9.8365,0.0667,0.1032,0.789
130,1189,750,33.768,26.872,-0.0168,0.0104,9.8793,0.0924,0.2057,0.7282
135,1176,752,33.75,26.908,0.1241,-0.0059,9.8084,-1.3146,-0.0659,-0.4138
140,1177,754,33.772,26.893,0.0262,-0.066,9.8124,-0.2775,-0.4632,-0.0378
145,1177,758,33.844,26.858,-0.0104,0.0027,9.8818,-0.0465,0.1136,-0.0931
150,1183,753,33.702,26.883,0.0743,-0.037,9.7854,1.1422,0.2054,0.6836
155,1168,761,33.718,26.843,-0.0179,0.0525,9.8125,0.514,0.5533,0.625
160,1163,761,33.872,26.915,-0.1779,0.0714,9.8573,-0.172,-0.0555,0.7516
165,1166,760,33.846,26.946,0.0503,-0.0375,9.9051,-1.1069,-0.2007,-0.2799
170,1155,763,33.758,26.804,0.029,-0.03,9.8109,-0.1666,-0.4732,0.3619
175,1157,773,33.765,26.812,-0.0731,0.0387,9.7738,0.5056,0.2814,-0.5507
180,1152,768,33.749,26.841,-0.0052,0.0271,9.8255,0.027,-0.1519,-0.6754
185,1150,773,33.773,26.895,0.0076,0.0441,9.799,0.1508,-0.1597,-0.2268
190,1144,776,33.843,26.852,0.0129,-0.0264,9.8424,0.6071,0.1545,0.0137
195,1136,776,33.814,26.84,0.0897,-0.0161,9.8556,-0.0449,-0.4284,0.5826
200,1130,780,33.819,26.88,-0.0056,-0.0436,9.7704,-0.0002,-0.1603,0.0654
205,1131,780,33.941,26.926,-0.0435,-0.0001,9.834,0.0357,1.0,-0.242
210,1131,784,33.785,26.834,0.0021,0.0011,9.7629,0.9288,-0.2614,0.1429
215,1132,792,33.779,26.863,0.0788,0.0072,9.8499,0.2663,0.139,0.443
220,1128,787,33.802,26.957,-0.0057,-0.0952,9.7982,0.51,0.6021,0.7624
225,1113,796,33.736,26.842,0.0368,0.0556,9.8463,-0.6177,-0.9171,-0.4337
230,1116,799,33.808,26.923,-0.0477,-0.075,9.8145,-0.1431,-0.6062,0.3859
235,1117,797,33.763,26.862,0.014,-0.0233,9.7757,-0.6958,-0.9615,-0.7082
240,1106,806,33.775,26.833,-0.0157,0.0273,9.7504,-0.0479,-0.3252,0.0014
245,1105,807,33.827,26.857,0.0001,-0.062,9.8418,0.0201,-0.1792,-0.1091
250,1102,807,33.824,26.866,-0.0774,0.0504,9.7804,-0.0393,-0.5106,0.507
255,1089,813,33.769,26.872,0.0185,-0.0036,9.8226,-0.9144,-0.0812,-0.5637
260,1102,811,33.767,26.877,-0.0111,-0.0438,9.8363,0.4604,0.6727,-0.158
265,1086,820,33.862,26.906,-0.0181,0.0566,9.7938,-0.2496,0.3704,0.2734
270,1093,818,33.787,26.909,0.0529,0.0146,9.7721,-0.0351,-0.4472,0.2939
275,1090,820,33.769,26.868,-0.0011,0.0609,9.7717,0.7194,-0.2599,0.4277
280,1089,820,33.813,26.904,0.0801,0.1084,9.761,-0.0265,-0.1347,0.4348
285,1088,824,33.676,26.824,0.0098,0.0075,9.8462,-0.4701,-0.0512,0.9799
290,1084,827,33.764,26.908,0.0055,-0.0337,9.823,-0.0798,0.1128,-1.3849
295,1082,827,33.77,26.798,-0.0062,-0.1122,9.8164,-0.3263,-0.1324,-0.3258
300,1083,827,33.774,26.842,-0.0075,-0.0594,9.8161,-0.186,-0.4474,-0.8751
305,1082,830,33.938,26.822,0.0189,-0.0967,9.8974,0.4467,-0.547,-0.3363
310,1073,828,33.864,26.876,0.0479,-0.003,9.8305,-0.7662,0.8056,0.4562
315,1075,830,33.713,26.852,0.0365,0.0982,9.9455,0.1492,0.2238,0.269
320,1074,829,33.815,26.897,-0.0508,0.0551,9.7733,-0.0234,0.0095,0.2985
325,1057,837,33.856,26.875,-0.0346,0.0324,9.7474,-0.4177,0.1556,0.7458
330,1065,835,33.803,26.846,0.0392,-0.0849,9.7807,-0.1238,0.3797,-0.8028
335,1052,837,33.863,26.752,-0.0845,-0.0363,9.8748,-0.529,0.3681,0.2074
340,1047,836,33.828,26.849,0.0279,0.0657,9.8733,0.6072,-0.4155,-0.1563
345,1044,840,33.862,26.821,0.0448,0.1041,9.8309,0.0711,0.0185,-0.2098
350,1037,837,33.753,26.845,0.0142,0.0569,9.742,0.2735,0.6682,-1.031
355,1030,838,33.839,26.778,-0.0609,-0.0483,9.8959,0.0575,-1.3399,0.5123
360,1018,839,33.794,26.944,-0.0337,0.0375,9.8303,1.4193,-0.0259,0.5091
365,1019,839,33.868,26.867,0.0657,0.0827,9.8181,0.0189,-0.2644,0.3375
370,1007,839,33.851,26.855,0.0197,0.0259,9.7853,0.359,-0.4284,0.7919
375,1017,838,33.797,26.889,-0.0535,0.0233,9.8046,0.1624,-0.1055,-0.1255
380,996,836,33.847,26.86,-0.0501,0.0012,9.8401,0.9369,-0.4636,-0.6198
385,993,836,33.821,26.833,0.0044,0.0552,9.8404,0.048,0.2098,-0.6386
390,991,837,33.803,26.836,-0.009,0.0313,9.7079,-0.0246,0.2895,-0.6069
395,979,837,33.732,26.866,-0.0304,-0.0171,9.7967,0.4733,0.3811,-0.3995
400,972,838,33.864,26.85,-0.0362,-0.0147,9.8816,0.5794,0.8749,0.3866
405,962,833,33.785,26.927,-0.012,-0.0397,9.8302,-0.1771,-0.8393,-0.0851
410,943,834,33.878,26.846,0.0125,0.0131,9.8511,0.1062,0.2113,0.3377
415,945,829,33.756,26.768,0.0151,-0.0694,9.7387,0.7208,-0.6368,0.3421
420,928,832,33.758,26.849,0.0177,0.0048,9.7552,0.1172,0.3202,-0.2853
425,926,830,33.798,26.777,0.0008,0.0607,9.8217,0.0134,-0.3116,0.1336
430,909,828,33.804,26.82,-0.0346,0.0028,9.8032,-0.0607,0.1122,0.902
435,907,830,33.868,26.828,-0.0498,0.0789,9.9477,0.3948,0.8731,0.7878
440,897,826,33.873,26.86,0.003,0.0266,9.911,-0.1987,-0.0908,0.1903
445,881,829,33.76,26.905,0.0358,-0.0745,9.7355,0.4713,0.1568,-0.6213
450,863,828,33.76,26.843,0.0389,0.0374,9.809,-0.6875,0.1596,-0.4263
455,870,825,33.805,26.794,-0.0234,0.0385,9.8059,-0.0764,0.2144,0.2613
460,854,826,33.77,26.961,-0.0245,0.0336,9.7997,0.1872,0.1474,-0.6971
465,831,822,33.848,26.883,-0.0707,0.0249,9.8196,-0.1119,-0.1066,-0.0274
470,833,825,33.816,26.81,-0.092,-0.0042,9.8743,-1.1243,0.0658,0.057
475,822,829,33.834,26.754,-0.0066,-0.0649,9.7709,-0.1999,0.82,0.5433
480,811,821,33.837,26.923,0.1256,-0.0039,9.792,0.4402,1.1426,-0.0414
485,803,820,33.856,26.766,-0.0339,-0.0571,9.7086,0.6002,-0.086,-0.8143
490,794,824,33.869,26.85,0.0071,0.0201,9.8057,0.8225,-0.0271,-0.4841
495,789,823,33.815,26.87,-0.0444,0.0424,9.7315,0.2059,-0.6255,0.1179
500,787,820,33.775,26.869,-0.004,0.033,9.787,-0.1893,0.1451,0.1146
505,777,822,33.878,26.853,-0.0003,-0.0543,9.846,0.8058,-0.261,0.1033
510,766,819,33.8,26.945,0.0166,-0.0666,9.866,-0.2247,-0.286,-0.7704
515,760,820,33.851,26.89,0.0784,0.0218,9.86,-0.4728,1.048,0.4029
520,749,819,33.855,26.91,0.0639,0.0431,9.8655,-0.1355,0.2964,-0.6129
525,750,816,33.847,26.871,0.0018,0.0475,9.8132,-0.8671,0.4383,0.2531
530,751,818,33.812,26.845,-0.023,0.0397,9.7859,0.3591,-0.0818,0.4866
535,743,817,33.781,26.81,-0.1264,0.0424,9.8655,0.8278,0.692,0.6219
540,751,814,33.721,26.838,0.0904,-0.054,9.7524,-0.3381,-0.5387,0.1777
545,749,818,33.791,26.828,-0.0043,-0.0016,9.815,0.1704,0.3971,0.5
550,745,815,33.779,26.899,0.0393,0.0132,9.8048,-0.32,0.9307,0.24
555,746,813,33.9,26.782,-0.0045,0.0169,9.7701,0.2731,-0.5504,-0.0799
560,748,816,33.7,26.961,-0.0446,0.0354,9.7494,1.3975,0.9375,0.5769
565,754,818,33.859,26.787,-0.0651,0.0339,9.8465,-0.2729,0.733,0.2134
570,758,813,33.787,26.869,0.0379,0.0703,9.7966,0.1136,-0.3189,0.1698
575,761,816,33.797,26.799,-0.0115,-0.0051,9.8337,0.107,-0.4699,0.6269
580,774,805,33.771,26.86,-0.0033,0.0243,9.7978,-0.6314,-0.1917,0.4077
585,781,806,33.873,26.85,0.0902,0.0834,9.8724,0.7672,0.3554,-0.6298
590,783,813,33.803,26.8,-0.0026,0.0608,9.8177,-0.0791,-0.4689,-0.2723
595,789,810,33.877,26.809,-0.0499,-0.051,9.8896,0.1479,0.8954,0.2634
600,799,804,33.972,26.93,-0.076,-0.0581,9.8314,-0.2244,0.3076,-0.1355
605,810,805,33.84,26.796,-0.0443,-0.0383,9.9153,0.2464,-0.287,0.749
610,818,808,33.85,26.86,-0.057,-0.0165,9.7913,-0.4458,0.5659,-1.1553
615,837,803,33.765,26.818,-0.0499,-0.0233,9.8697,-0.9134,-0.8736,0.2598
620,844,802,33.855,26.895,-0.0881,-0.0251,9.8165,0.5167,-0.0194,-0.1807
625,853,804,33.835,26.863,0.0353,-0.0409,9.8293,-0.0665,0.3283,-0.2859
630,873,802,33.7,26.834,0.0264,0.0279,9.808,0.6288,0.4534,-0.0849
635,885,801,33.84,26.913,0.0868,0.0917,9.8214,0.0144,-0.1303,-0.1344
640,895,796,33.898,26.859,0.05,0.0829,9.8464,-0.0586,0.1007,-0.7895
645,911,796,33.88,26.907,0.0275,0.0343,9.7663,0.507,0.1212,-0.3506
650,916,791,33.847,26.785,0.048,-0.0136,9.8545,-0.1147,0.4688,0.705
655,936,790,33.798,26.914,-0.02,-0.0869,9.8955,-0.8815,0.041,-0.6092
660,944,786,33.789,26.9,-0.019,0.0846,9.8777,-0.0433,0.2689,-0.4928
665,960,788,33.775,26.886,0.0164,-0.059,9.7832,0.2347,0.9234,0.6459
670,979,789,33.806,26.835,-0.0594,-0.012,9.7741,0.1044,-0.6114,-0.3433
675,998,788,33.906,26.76,0.047,0.0049,9.74,0.4666,0.8694,0.886
680,1009,788,33.845,26.864,-0.0891,0.0209,9.7832,-0.1005,-0.098,0.0182
685,1011,783,33.771,26.838,0.0407,-0.1011,9.8726,0.1527,-0.4948,0.1957
690,1036,779,33.783,26.849,0.1263,0.022,9.8223,0.3228,-0.8529,-0.5081
695,1043,774,33.842,26.787,-0.0283,0.0748,9.7567,-0.2239,-0.062,-0.7675
700,1048,775,33.809,26.831,-0.0582,0.0283,9.8141,0.5334,0.5252,0.4477
705,1067,770,33.857,26.824,0.0481,0.0868,9.7355,-0.8265,-0.4037,-0.9468
710,1077,766,33.806,26.863,-0.0529,0.0606,9.8879,0.0464,-0.1982,-0.6932
715,1096,765,33.767,26.837,0.0252,0.0246,9.7115,-0.6333,-0.1163,0.1832
720,1099,767,33.738,26.859,-0.0068,-0.0448,9.8418,0.1488,-0.0227,0.3532
725,1114,765,33.912,26.9,-0.0429,0.0042,9.834,-0.5333,0.3632,-0.3611
730,1119,761,33.836,26.949,-0.0386,0.0238,9.8282,-0.0879,0.409,0.1517
735,1126,764,33.814,26.82,0.0045,0.0192,9.8901,-0.8112,-0.3643,-0.6607
740,1129,755,33.835,26.873,0.0965,0.0824,9.7861,-0.6844,0.2421,0.4003
745,1148,759,33.85,26.822,0.0715,-0.0203,9.827,0.2679,0.2898,-0.2512
750,1158,753,33.757,26.988,0.0053,-0.0474,9.8903,0.0283,0.7289,0.2158
755,1158,755,33.795,26.908,-0.0737,0.0637,9.7879,0.0706,0.1857,0.0618
760,1163,752,33.813,26.891,-0.0396,-0.0297,9.8282,1.0305,0.6855,-0.3287
765,1167,756,33.737,26.873,-0.0124,-0.0144,9.7782,-0.0509,-0.8702,-0.0407
770,1167,748,33.787,26.913,-0.0269,-0.0195,9.8888,-0.2692,-0.836,-0.4401
775,1173,745,33.823,26.915,0.014,0.0339,9.8342,1.2755,0.3313,0.3146
780,1182,751,33.822,26.83,-0.0446,0.0866,9.8895,0.1136,0.9804,1.0322
785,1183,748,33.798,26.847,0.0088,-0.1056,9.865,-0.1526,-0.5075,0.455
790,1183,747,33.8,26.848,0.0351,-0.0262,9.781,-0.0769,-0.0545,-0.5955
795,1185,750,33.795,26.931,-0.0017,-0.0357,9.826,0.1725,0.7325,0.2419
800,1187,744,33.883,26.811,0.0265,0.0345,9.836,-0.8518,-0.0621,-0.056
805,1183,751,33.799,26.875,-0.0536,0.0727,9.7476,-0.0016,-0.8164,0.4828
810,1176,753,33.851,26.86,0.0378,0.0839,9.7906,0.6154,0.0557,0.7962
815,1187,751,33.858,26.896,0.037,0.0258,9.8301,-0.1219,0.0692,0.2397
820,1186,747,33.785,26.859,0.0311,0.0359,9.7751,-0.3389,-0.4422,-0.7994
825,1184,751,33.876,26.845,0.0382,-0.0154,9.7782,-1.0212,-0.4115,-0.2838
830,1174,758,33.949,26.812,0.0595,-0.0296,9.7729,0.1054,0.0036,0.3099
835,1172,750,33.692,26.858,-0.0513,0.0415,9.8342,-0.4047,0.7631,-0.4468
840,1172,755,33.825,26.826,0.0234,-0.0286,9.7309,-0.0628,0.1659,-0.4842
845,1167,760,33.847,26.897,-0.0515,0.022,9.7569,0.526,0.6884,0.2361
850,1165,759,33.846,26.785,-0.0763,0.0162,9.8616,-0.7584,0.0865,-1.5218
855,1159,764,33.768,26.883,0.0345,0.0234,9.8244,0.5746,0.568,0.1803
860,1161,761,33.793,26.956,-0.0701,0.0517,9.8211,-0.2247,0.4206,0.9904
865,1158,766,33.775,26.889,0.0178,0.0352,9.7788,-0.7986,-0.68,0.5924
870,1155,767,33.837,26.812,0.0852,-0.0172,9.7728,0.1076,-0.0883,-0.3397
875,1144,773,33.803,26.848,-0.0066,-0.0392,9.8284,-1.1632,0.0786,0.6094
880,1149,778,33.888,26.789,-0.0024,-0.0302,9.7539,0.8144,0.2355,-0.0547
885,1141,779,33.749,26.884,-0.0352,0.0099,9.8833,0.4085,0.0871,0.0239
890,1144,783,33.857,26.869,0.0156,0.0855,9.8106,0.0699,-0.0773,0.3246
895,1145,779,33.781,26.944,-0.0111,-0.0841,9.7981,-0.2785,0.166,-0.9019
900,1138,790,33.821,26.907,0.1036,-0.096,9.8624,0.4263,-0.1624,-0.0778
905,1137,790,33.887,26.843,0.0044,-0.0421,9.8188,0.0285,-0.5559,-0.5472
910,1124,791,33.829,26.847,0.0327,-0.0107,9.7965,0.2406,-0.7262,-0.7571
915,1114,789,33.814,26.87,-0.0447,-0.0771,9.6833,0.2645,-0.2527,-0.3095
920,1118,799,33.89,26.867,-0.132,-0.0041,9.7179,-0.2871,-0.4233,1.1622
925,1119,803,33.873,26.804,0.045,-0.0148,9.7978,-0.5456,0.1106,0.0238
930,1111,794,33.838,26.75,0.0395,0.0533,9.8471,0.2536,0.3767,1.0163
935,1110,801,33.653,26.906,-0.0321,0.0612,9.753,0.4022,0.6358,0.0739
940,1109,802,33.785,26.944,-0.0226,-0.0176,9.7798,-0.184,-0.717,0.1693
945,1095,805,33.803,26.769,-0.0094,-0.0108,9.8101,-0.7665,0.286,-0.3928
950,1108,808,33.834,26.825,0.0395,0.0702,9.8598,-0.142,0.2073,-0.0947
955,1094,807,33.762,26.848,0.0445,0.0349,9.7731,-0.3097,0.1154,0.1933
960,1103,816,33.761,26.765,-0.1024,-0.0852,9.7703,0.1773,-0.7591,-0.2568
965,1096,821,33.954,26.88,0.0039,-0.0418,9.7805,-0.2352,0.2015,-1.1065
970,1093,821,33.772,26.841,-0.0467,-0.0891,9.8287,0.0699,0.0857,-0.132
975,1084,820,33.863,26.967,0.0077,0.0537,9.8522,-0.4742,0.8953,0.1649
980,1079,824,33.772,26.968,0.074,0.0235,9.8448,0.6404,-0.1832,-0.0752
985,1092,829,33.831,26.889,-0.0048,0.0276,9.9264,0.5001,-0.0461,0.4876
990,1082,827,33.937,26.827,0.0215,0.0922,9.7734,-0.4147,0.5393,-0.4389
995,1085,829,33.781,26.923,-0.0379,-0.0503,9.744,0.2357,-0.0626,0.4395
1000,1076,829,33.839,26.834,0.0062,-0.0818,9.8564,-0.3903,-0.8001,-0.1363
1004,1070,828,33.816,26.843,-0.024,-0.134,9.8184,0.2159,-0.2847,-0.4154
1010,1077,836,33.683,26.874,-0.0374,0.0171,9.7983,0.0602,0.7485,-0.5767
1014,1060,836,33.776,26.845,0.0364,-0.0012,9.8878,0.1019,0.3513,-0.0804
1020,1063,837,33.829,26.947,-0.0495,-0.0691,9.8141,0.7809,-0.4218,0.8286
1025,1060,836,33.823,26.837,0.0502,-0.0068,9.8465,0.4279,0.2726,-0.6667
1030,1049,831,33.766,26.884,0.0349,0.0029,9.722,1.0341,0.2768,-0.1922
1035,1048,833,33.825,26.858,0.0306,0.0768,9.7902,0.6265,-0.3266,-0.3878
1040,1043,835,33.845,26.766,0.0119,0.084,9.7544,-0.0389,0.3423,-0.0151
1045,1033,838,33.76,26.895,-0.0017,0.0165,9.9248,-0.8002,-0.5108,0.2481
1050,1034,840,33.75,26.864,-0.001,0.0557,9.7478,-0.3712,0.5273,-0.3994
1055,1029,839,33.883,26.886,0.0533,-0.019,9.8672,0.5366,-0.6914,-0.6361
1060,1026,832,33.728,26.95,0.0664,-0.027,9.8276,-0.7879,0.9104,-0.0138
1065,1011,840,33.773,26.924,0.0161,-0.0527,9.7606,0.4235,0.2056,0.3615
1070,1003,840,33.817,26.902,-0.0296,-0.0713,9.9419,-0.4283,0.2365,-0.1996
1075,994,832,33.807,26.842,0.0391,-0.0041,9.8721,-0.6713,-0.6054,0.0384
1080,991,837,33.83,26.896,-0.0803,-0.0212,9.7976,0.5708,-0.008,-0.1632
1085,982,837,33.83,26.869,-0.0338,-0.0434,9.7578,0.2429,-0.3666,-0.0907
1090,976,837,33.826,26.813,-0.0527,0.0285,9.7982,0.5411,1.0807,0.4095
1095,974,834,33.748,26.84,-0.042,-0.0493,9.7931,0.3103,0.3511,-0.1713
1100,955,837,33.798,26.844,0.0384,-0.0675,9.7553,0.4671,0.2856,0.6015
1105,942,835,33.778,26.827,0.0694,-0.0049,9.8184,-0.4872,-0.3101,-0.3304
1110,945,827,33.76,26.835,0.0166,0.0078,9.7701,0.4818,-0.4017,-0.6774
1115,932,829,33.853,26.76,0.0238,0.0412,9.7809,-0.4372,-0.7736,-0.0397
1120,924,834,33.746,26.829,0.0656,-0.0317,9.8113,-0.393,-0.232,0.049
1125,921,827,33.942,26.922,0.0884,0.0014,9.8963,-0.1263,-0.261,-0.2291
1130,890,827,33.786,26.924,0.0384,-0.0021,9.8034,-0.0782,0.054,-0.3897
1135,884,826,33.819,26.877,-0.0059,0.0613,9.87,-0.4978,-0.3001,-0.5477
1140,874,832,33.898,26.816,0.0038,0.0201,9.774,-0.439,0.0561,-0.6105
1145,866,833,33.827,26.9,-0.0306,0.0005,9.7965,-0.3824,0.0485,-0.1645
1150,854,829,33.781,26.978,0.0682,-0.0055,9.7751,0.1521,0.2259,-0.0458
1155,843,830,33.862,26.793,0.0341,-0.094,9.8093,-0.4922,-0.4207,-0.7411
1160,835,826,33.763,26.972,0.0312,-0.0051,9.7865,0.8311,0.0638,-0.5328
1165,823,828,33.837,26.823,-0.0163,-0.0367,9.8503,0.7971,-0.1542,0.2782
1170,812,824,33.865,26.83,-0.0193,-0.0344,9.8097,0.3107,-0.5289,0.4121
1175,812,825,33.844,26.808,-0.0079,-0.0101,9.7944,0.2614,0.373,1.4405
1180,802,821,33.754,26.898,0.0546,0.07,9.8567,0.9777,0.5843,0.6438
1185,791,818,33.791,26.843,-0.0141,0.0092,9.8491,0.9623,-0.0472,-0.2229
1190,785,818,33.869,26.889,-0.0051,0.043,9.7678,-0.2796,-0.1566,-0.4532
1195,779,828,33.801,26.962,-0.0901,-0.0843,9.6664,1.2345,-0.4596,-0.3813
1200,776,819,33.855,26.878,-0.0084,0.0175,9.7546,-0.1881,-0.2295,0.068
1205,771,815,33.84,26.846,0.0523,0.0073,9.87,-0.0244,-0.9121,-0.1625
1210,764,814,33.809,26.841,0.125,0.0226,9.8198,-0.4117,0.303,0.7335
1215,767,820,33.867,26.925,-0.0116,-0.0332,9.8302,-0.6186,0.7932,0.1752
1220,747,815,33.868,26.817,-0.047,-0.0011,9.8065,-0.973,0.4159,-0.1416
1225,753,818,33.791,26.801,-0.0087,0.0726,9.833,-0.1842,-1.5492,-0.0282
1230,753,817,33.73,26.87,0.0222,-0.0146,9.7851,0.0648,-0.1334,-0.5349
1235,752,814,33.907,26.838,-0.0708,0.0352,9.8919,0.0442,0.2463,0.3439
1240,744,817,33.844,26.96,-0.006,0.0636,9.7236,0.0831,0.9438,1.411
1245,755,818,33.868,26.796,0.0864,0.0035,9.7688,0.4421,-0.741,-0.0969
1250,743,815,33.824,26.904,0.0425,0.0584,9.8402,1.044,0.23,-0.5198
1255,752,820,33.723,26.872,-0.0217,-0.0256,9.8281,-0.8859,0.5128,-0.7076
1260,767,815,33.838,26.846,-0.0043,-0.024,9.8068,0.0002,0.2003,-0.1362
1265,754,811,33.86,26.908,-0.0321,-0.0948,9.6991,-0.581,-0.9233,0.2185
1270,772,815,33.93,26.894,-0.0307,0.023,9.8121,0.2887,0.0338,-0.5788
1275,767,812,33.891,26.905,0.025,-0.0654,9.7431,-0.1951,-0.6957,-0.5316
1280,780,814,33.925,26.938,0.0617,0.016,9.7984,0.0574,1.0394,0.6192
1285,786,804,33.819,26.791,0.0009,0.0167,9.8285,-0.0023,0.0385,0.5027
1290,795,809,33.831,26.837,0.0169,-0.0162,9.8415,0.8876,-0.6802,-0.6774
1295,801,810,33.893,26.826,0.0763,-0.022,9.7782,0.1544,0.3213,-0.7772
1300,805,814,33.809,26.85,-0.0876,-0.0161,9.843,-0.5821,0.3109,-0.4791
1305,823,801,33.814,26.887,-0.067,0.1048,9.9055,0.428,-0.07,0.2241
1310,831,807,33.841,26.823,0.0737,0.003,9.8397,-0.8106,-1.4206,-0.0289
1315,840,802,33.847,26.964,-0.0542,-0.0706,9.756,0.5194,0.8521,-0.3048
1320,858,802,33.842,26.922,-0.0723,-0.0992,9.7876,-0.2865,-0.1591,0.0098
1325,859,801,33.817,26.88,-0.0133,0.0391,9.7967,-0.6455,0.2026,-0.0623
1330,880,797,33.871,26.789,-0.0025,-0.1096,9.815,0.5706,-0.2455,0.0912
1335,889,799,33.716,26.887,0.0174,0.0109,9.7999,0.0535,-0.1044,-0.7377
1340,903,792,33.796,26.814,0.0297,-0.0679,9.8453,-1.2325,-0.1426,-0.0312
1345,924,794,33.795,26.883,-0.0622,0.0036,9.7564,-0.3103,0.7569,0.006
1350,931,791,33.837,26.93,-0.0403,0.0481,9.8988,0.0829,-0.642,-0.58
1355,943,787,33.877,26.901,-0.0375,-0.0094,9.8194,-0.1918,0.3504,0.6537
1360,962,790,33.796,26.912,0.0087,0.0118,9.8293,0.5601,0.325,0.1008
1365,974,779,33.794,26.871,-0.0237,-0.019,9.8149,-0.2246,-0.3908,-0.0356
1370,984,783,33.788,26.982,-0.0855,0.0529,9.7773,-0.2323,0.1598,0.487
1375,1012,783,33.784,26.951,-0.0117,-0.0079,9.6826,-0.9804,-0.31,-0.5086
1380,1027,777,33.863,26.852,-0.0479,-0.0401,9.8509,-1.0332,0.5165,0.5689
1385,1024,778,33.842,26.817,-0.0163,0.0521,9.8704,0.1705,-0.1763,-0.3336
1390,1043,777,33.747,26.867,0.015,-0.0391,9.8292,-0.0805,-0.2923,0.6637
1395,1062,780,33.806,26.828,-0.0461,-0.029,9.8248,-0.3177,0.037,0.582
1400,1059,772,33.823,26.789,0.0355,-0.0164,9.8001,0.2098,0.2735,-1.0829
1405,1068,769,33.816,26.889,0.0032,0.0489,9.8421,-0.0304,0.0671,0.1416
1410,1102,760,33.82,26.813,0.0186,0.0192,9.7909,0.0341,0.2388,0.332
1415,1103,763,33.789,26.887,0.05,-0.0513,9.8291,0.6347,0.9467,0.5069
1420,1112,763,33.792,26.843,0.0481,0.0409,9.7836,-0.283,-0.5775,0.2765
1425,1130,755,33.805,26.9,0.0115,0.0866,9.7817,-0.7893,0.5393,0.0575
1430,1131,762,33.907,26.846,0.0082,-0.0181,9.814,0.181,0.0444,0.3556
1435,1139,758,33.847,26.887,-0.0656,-0.0682,9.849,-0.4023,-0.645,-0.0699
1440,1145,759,33.897,26.942,0.0664,0.06,9.8843,0.4647,-0.4329,-0.0347
1445,1152,755,33.837,26.912,-0.0263,0.0649,9.8101,0.0216,-0.2764,0.0347
1450,1157,753,33.757,26.874,0.0999,-0.0464,9.8927,0.1492,-0.2902,-0.1032
1455,1172,748,33.874,26.862,0.0879,0.0738,9.7902,0.4623,-0.6727,0.0014
1460,1172,750,33.697,26.872,0.03,0.0232,9.7955,0.7107,-0.0662,0.1795
1465,1180,749,33.853,26.884,-0.0134,0.007,9.7692,0.0219,1.02,0.4112
1470,1185,752,33.777,26.886,-0.0248,0.0431,9.8202,-0.343,-1.0826,0.4066
1475,1182,751,33.774,26.948,-0.0373,0.0229,9.7609,0.3023,0.4907,-0.4745
1480,1186,749,33.801,26.843,-0.048,-0.0425,9.778,-0.0566,1.1047,-0.2013
1485,1177,747,33.82,26.894,0.0568,-0.0241,9.7893,-0.1445,-0.183,0.3414
1490,1194,746,33.803,26.948,0.0659,0.0311,9.8557,0.411,-0.3025,-0.4841
1495,1190,751,33.805,26.94,0.0654,0.0508,9.7531,0.1723,-0.3363,-0.4412
1500,1183,750,33.73,26.884,-0.0243,0.0031,9.8605,0.4715,0.1116,0.306
1505,1180,754,33.888,26.839,-0.0012,0.0547,9.8355,0.167,-0.6901,-0.5425
1510,1182,754,33.855,26.897,0.0437,-0.0316,9.8279,0.5878,0.2928,-0.0737
1515,1183,754,33.916,26.947,-0.0185,-0.0303,9.7809,-0.504,-0.6111,-0.0053
1520,1186,748,33.817,26.81,-0.0309,-0.0252,9.7764,-0.2673,0.0342,0.1571
1525,1186,756,33.796,26.879,-0.0654,0.0464,9.8383,-0.3213,0.4113,0.14
1530,1176,753,33.977,26.755,-0.0139,0.0694,9.8823,0.3068,-0.8466,-0.3554
1535,1179,755,33.793,26.9,-0.0296,-0.049,9.6921,-0.0787,-0.3091,-0.6104
1540,1169,763,33.774,26.831,-0.0765,0.0189,9.7856,0.7965,0.0144,-0.5248
1545,1171,759,33.854,26.858,0.0022,-0.0291,9.8931,-0.7062,-0.7122,-0.2966
1550,1170,766,33.776,26.924,0.0977,0.0585,9.86,-0.4158,0.1915,0.5551
1555,1158,762,33.784,26.885,-0.0391,0.0372,9.7751,0.4707,0.3575,-0.5849
1560,1161,754,33.846,26.811,-0.0025,0.003,9.8274,-0.4972,0.0037,-0.0574
1565,1161,770,33.713,26.879,0.0259,-0.0343,9.8088,-0.9235,0.0668,0.0135
1570,1154,768,33.798,26.806,0.0516,-0.071,9.8583,-0.0875,0.555,0.2172
1575,1158,771,33.754,26.954,0.0399,0.0397,9.7724,-0.4857,0.0208,0.601
1580,1146,773,33.835,26.971,0.0141,0.0046,9.7927,-0.2254,0.5491,-0.6998
1585,1139,776,33.89,26.837,-0.0589,-0.0058,9.8625,0.4895,0.3963,0.4079
1590,1134,780,33.94,26.798,0.0862,0.0112,9.8052,-0.3512,0.1206,-0.0815
1595,1129,784,33.844,26.889,-0.0302,0.086,9.8038,-0.3196,-0.1941,0.2197
1600,1122,788,33.812,26.778,-0.0174,0.0115,9.8345,0.6849,-0.1523,-0.506
1605,1136,789,33.84,26.876,-0.0404,-0.0404,9.7464,-0.5392,-0.0282,-0.0192
1610,1121,791,33.887,26.842,0.0809,0.1205,9.8244,-0.3943,-0.3983,-0.7043
1615,1117,794,33.781,26.856,-0.0783,-0.0048,9.7472,-0.6956,0.2571,0.5138
1620,1123,801,33.701,26.857,-0.0033,0.0443,9.7601,0.1392,0.1099,0.0001
1625,1111,796,33.819,26.774,-0.0433,0.0172,9.7461,-0.1537,-0.376,0.7014
1630,1105,808,33.812,26.807,0.0001,0.0575,9.7756,0.2029,-0.818,0.146
1635,1118,808,33.885,26.818,-0.0247,0.0456,9.8655,-0.0191,-0.2078,0.2828
1640,1107,805,33.883,26.93,-0.01,-0.035,9.7967,-0.0709,-0.5736,-0.1626
1645,1101,811,33.812,26.977,0.0112,-0.0447,9.7803,0.25,-0.0321,-0.0658
1650,1092,819,33.799,26.84,-0.0227,0.0356,9.7236,0.5173,-0.0789,0.0007
1655,1102,812,33.779,26.856,-0.0364,0.0018,9.7978,0.1804,1.4046,-0.9608
1660,1088,814,33.777,26.849,-0.0303,0.0489,9.7883,-0.2364,0.1183,0.1506
1665,1092,815,33.773,26.879,-0.0359,0.0501,9.8738,0.2741,0.9579,0.6941
1670,1091,820,33.814,26.914,0.0199,-0.0198,9.6621,-0.9138,-0.499,-0.2505
1675,1087,827,33.87,26.89,0.0305,0.0526,9.7305,-0.3712,0.1294,-0.2817
1680,1090,827,33.895,26.9,0.0708,-0.0348,9.8319,0.2212,0.1015,-0.4187
1685,1082,828,33.805,26.901,-0.0058,0.0461,9.7814,0.193,0.0718,-0.105
1690,1071,833,33.762,26.842,-0.0712,0.0816,9.8174,-0.5667,0.3483,-0.446
1695,1075,826,33.829,26.844,0.0053,0.034,9.818,0.0478,1.014,0.7274
1700,1073,835,33.794,26.807,-0.0291,0.0628,9.7844,0.2925,-0.4618,0.5192
1705,1065,832,33.875,26.823,0.0242,0.0246,9.8427,0.4353,-0.4996,0.3586
1710,1069,833,33.826,26.976,0.0179,0.0073,9.7488,0.5286,-0.9104,0.1016
1715,1063,833,33.815,26.903,0.0112,-0.0429,9.7836,-0.2949,-0.3202,-0.8757
1720,1052,839,33.895,26.879,-0.0354,0.0602,9.8513,0.2051,-0.4142,-0.2875
1725,1056,836,33.809,26.843,0.0496,-0.0664,9.9049,0.9654,-0.4468,0.2974
1730,1053,837,33.799,26.897,-0.0347,0.0368,9.8641,-0.707,0.4084,0.1586
1735,1042,838,33.785,26.972,0.0509,-0.0297,9.8476,-0.5433,0.1193,0.6878
1740,1037,837,33.815,26.826,-0.0015,0.0806,9.7421,0.5052,-0.054,0.399
1745,1035,840,33.794,26.92,-0.0566,0.0465,9.7918,0.8046,-0.0973,-0.1035
1750,1033,842,33.8,26.944,-0.0446,0.0309,9.9601,0.1175,0.0142,0.2276
1755,1022,834,33.844,26.787,0.0159,0.0491,9.8218,0.8686,0.6021,-0.3861
1760,1013,838,33.764,26.864,-0.0388,0.0144,9.8403,0.1961,0.0333,0.4816
1765,1001,833,33.856,26.852,0.0204,0.0779,9.7936,0.305,-0.2005,-0.371
1770,1002,835,33.768,26.856,-0.0187,0.042,9.8145,-1.2896,-0.2545,-0.006
1775,988,837,33.831,26.812,0.0149,-0.0696,9.8823,-0.291,-0.2531,0.2462
1780,993,839,33.823,26.801,-0.088,0.0027,9.7912,0.4927,0.5147,-0.5034
1785,969,840,33.856,26.937,-0.0157,0.0633,9.7617,-0.2254,-0.4106,0.1747
1790,964,832,33.812,26.94,-0.0884,0.0245,9.8047,0.4468,-0.5371,-0.6321
1795,960,834,33.833,26.847,0.0377,0.0786,9.8653,0.13,-0.5564,-0.055
1800,944,831,33.777,26.888,-0.0294,-0.0378,9.787,0.0253,-0.3235,0.1822
1805,933,832,33.879,26.805,-0.0193,0.0034,9.8016,0.2582,0.6278,-0.0331
1810,930,829,33.757,26.869,-0.0449,0.0043,9.9142,0.3678,0.4514,-0.0993
1815,911,830,33.699,26.937,0.0089,0.0253,9.7832,0.3635,0.7091,0.4325
1820,907,833,33.821,26.805,-0.0569,0.0983,9.7981,0.1488,-0.3682,-0.6411
1825,900,832,33.815,26.821,0.0044,0.0614,9.852,0.0231,0.6572,-0.5484
1830,886,828,33.817,26.839,-0.0149,-0.038,9.919,0.4438,0.0989,-0.6891
1835,878,826,33.849,26.948,0.0412,-0.0745,9.8304,0.4835,0.3615,-1.0984
1840,873,822,33.916,26.89,-0.0966,0.0212,9.8505,0.2539,-0.5075,0.1224
1845,859,829,33.898,26.902,0.0508,0.0464,9.8433,0.7085,-0.2592,0.4081
1850,851,823,33.813,26.911,-0.0385,0.049,9.8146,0.6348,0.0168,0.2868
1855,831,826,33.79,26.948,-0.0363,-0.078,9.8319,-0.0643,-0.0901,0.8198
1860,827,831,33.892,26.917,0.0304,0.0411,9.856,0.9002,-0.6889,1.4992
1865,823,823,33.847,26.9,0.0466,0.0564,9.7891,0.7782,-0.2439,0.5366
1870,810,819,33.876,26.811,0.0444,0.0412,9.8155,0.7797,-0.1113,0.9613
1875,802,828,33.868,26.815,-0.0439,0.0467,9.7479,-0.5127,-1.1181,0.2011
1880,799,822,33.786,26.93,-0.0002,0.0201,9.8477,0.2969,-0.6459,0.5315
1885,789,817,33.837,26.945,-0.0016,-0.0691,9.7956,-0.8606,0.0694,-0.6124
1890,778,823,33.76,26.847,-0.0214,-0.0252,9.905,-0.2068,-0.4497,-0.1443
1895,773,818,33.788,26.868,-0.0299,0.0247,9.7912,0.0844,0.3845,0.4007
1900,762,818,33.86,26.879,0.0816,0.0253,9.7708,-0.1705,-0.5517,0.4732
1905,761,820,33.837,26.879,-0.0111,-0.0437,9.7684,-0.2236,0.5343,0.0726
1910,758,819,33.866,26.804,-0.0488,-0.0277,9.8144,1.0191,-0.1421,0.3983
1915,759,817,33.814,26.948,0.064,0.0109,9.8703,-0.1901,-0.4644,-0.0087
1920,745,820,33.71,26.828,-0.0723,0.0439,9.8309,0.1743,-0.0053,-0.2252
1925,741,811,33.788,26.955,0.0394,0.0367,9.7712,0.7097,0.3266,0.3474
1930,757,817,33.882,26.918,-0.0156,-0.0609,9.8183,-0.0427,-0.2428,-0.4438
1935,752,819,33.839,26.888,-0.0273,0.0313,9.8837,-0.2678,-0.4604,0.9644
1940,745,815,33.899,26.865,-0.0468,0.0031,9.8703,-0.5854,0.4529,0.4096
1945,757,819,33.8,26.905,0.0216,-0.0054,9.7999,0.3802,-0.3581,-0.1559
1950,739,812,33.838,26.886,0.016,0.0116,9.7915,0.4869,0.0711,-0.3798
1955,756,814,33.792,26.958,-0.0461,-0.0735,9.8465,-0.4227,0.1396,0.0497
1960,754,819,33.906,26.912,-0.0516,0.0352,9.8806,0.0671,-0.4626,-0.6838
1965,763,811,33.8,26.929,0.0193,0.0114,9.7765,-0.4788,-0.2583,0.4707
1970,776,811,33.838,26.938,-0.0954,-0.0377,9.796,0.1301,0.7164,0.2983
1975,775,814,33.826,26.836,0.0326,0.0031,9.8112,-0.1379,0.1321,-0.3605
1980,788,812,33.914,26.916,-0.0976,-0.0285,9.7987,-0.3791,0.4678,0.127
1985,795,809,33.836,26.816,0.0252,0.0661,9.7773,-0.2382,0.8506,0.3203
1990,806,813,33.906,26.889,-0.0044,0.0037,9.7676,0.349,0.4152,-0.3022
1995,802,810,33.862,26.887,0.0309,-0.0068,9.8688,-0.3704,-0.8032,-0.2675
2000,828,804,33.888,26.836,0.0679,0.0765,9.778,-0.3521,0.4726,-0.1928
2005,820,804,33.81,26.834,0.0063,-0.0453,9.8081,-0.1114,-0.0968,0.0116
2009,847,805,33.778,26.829,0.0249,0.0318,9.8393,-0.5891,0.1667,-0.2193
2015,852,803,33.781,26.889,0.1029,-0.0106,9.7423,-0.1253,0.1468,1.5041
2020,868,793,33.876,26.938,0.0178,-0.0181,9.7296,0.2045,0.4477,-0.2964
2025,874,801,33.835,26.924,-0.0682,-0.0206,9.8582,-0.971,0.1085,-0.378
2029,886,797,33.809,26.828,-0.0334,0.0095,9.7528,-0.4528,0.2692,-0.5627
2035,903,801,33.871,26.882,0.0091,-0.0828,9.7601,0.7366,0.1161,0.3755
2040,921,795,33.86,26.797,0.0294,0.0591,9.8786,-0.2776,0.3616,0.648
2045,932,791,33.768,26.901,-0.0256,0.0249,9.739,0.8012,0.6213,0.2136
2050,955,784,33.851,26.811,0.0157,0.0038,9.8374,-0.0961,-0.2209,-0.5512
2055,969,789,33.798,26.841,0.0192,-0.0089,9.7879,-0.0703,-0.6055,0.0612
2060,973,781,33.858,26.863,0.0455,-0.0094,9.8208,0.19,0.0521,0.2946
2065,992,785,33.844,26.743,0.0197,-0.0453,9.7891,0.5653,0.006,0.3625
2070,1002,782,33.975,26.878,0.1107,0.0007,9.8106,-0.191,-0.1322,0.3156
2075,1020,777,33.895,26.859,0.0163,0.018,9.7425,0.58,-0.3315,-0.1666
2080,1027,776,33.843,26.828,-0.0032,0.0642,9.8021,0.1591,0.4977,0.426
2085,1036,778,33.806,26.884,0.0084,-0.0159,9.7829,-0.2261,0.5391,-0.3551
2090,1058,776,33.777,26.833,-0.0465,-0.0139,9.7983,-0.0551,-0.0086,0.0757
2095,1068,773,33.874,26.859,-0.0609,0.0859,9.9087,0.1099,-0.3786,0.6168
2100,1079,769,33.896,26.81,-0.0046,0.0355,9.8079,-0.2111,0.4623,0.2907
2105,1100,765,33.815,26.926,0.0347,-0.0208,9.8006,0.7363,0.1944,-0.9089
2110,1109,762,33.826,26.837,-0.0368,0.0658,9.7879,-0.0065,0.1086,-0.8427
2115,1106,760,33.883,26.901,-0.0231,0.0112,9.7194,-0.7588,-0.1975,-0.2771
2120,1113,761,33.881,26.827,0.0199,-0.0554,9.818,0.1635,-0.314,-0.0489
2125,1135,761,33.785,26.796,-0.0685,0.0315,9.8182,0.3576,0.2555,0.6469
2130,1139,756,33.861,26.953,0.106,-0.0157,9.7933,0.9738,0.9227,0.3029
2135,1140,758,33.841,26.873,0.0733,0.017,9.8617,-0.6083,0.175,0.9213
2140,1152,756,33.895,26.835,0.0203,0.0127,9.771,-0.4554,0.1622,0.2589
2145,1154,756,33.855,26.846,0.0669,0.0429,9.7464,0.1949,0.2009,-0.9725
2150,1158,750,33.746,26.87,0.0486,0.024,9.8143,0.1547,-0.1317,-0.4403
2155,1171,754,33.844,26.813,-0.0919,0.0392,9.7106,-0.1229,0.0221,0.2555
2160,1176,752,33.866,26.908,-0.0276,0.0703,9.7982,0.1087,-0.7587,-0.1475
2165,1177,747,33.754,26.994,0.0122,0.0288,9.8395,0.0203,0.0979,0.2538
2170,1179,751,33.825,26.827,-0.1037,-0.0234,9.8189,-0.9505,0.014,0.8164
2175,1184,748,33.843,26.852,-0.0039,0.0007,9.755,-0.296,0.2891,0.1505
2180,1188,749,33.809,26.831,-0.0196,-0.0219,9.7727,-0.6712,0.3259,-0.5596
2185,1193,744,33.778,26.876,-0.0246,0.0201,9.7454,-0.1715,-0.5097,0.7862
2190,1195,742,33.833,26.881,0.0539,0.0597,9.7808,0.4333,0.8934,-0.0511
2195,1180,753,33.823,26.81,0.0981,-0.0261,9.8361,0.3699,0.4486,-0.2798
2200,1189,750,33.875,26.827,0.0139,-0.0044,9.7995,-0.1251,0.0316,-0.5849
2205,1186,745,33.902,26.846,-0.0059,-0.0329,9.9417,0.5193,0.2622,0.5661
2210,1188,747,33.835,26.851,0.0139,0.0049,9.8386,0.5851,0.8667,-0.2814
2215,1181,749,33.772,26.926,0.0193,0.0312,9.7577,-0.1421,0.3312,-0.8577
2220,1175,753,33.844,26.819,0.0196,0.0021,9.7273,-0.063,-0.8905,0.7478
2225,1176,755,33.856,26.877,0.0592,-0.0012,9.8807,-0.0221,-0.0549,-0.1274
2230,1175,752,33.854,26.883,0.0484,0.0656,9.7486,0.2156,0.6372,0.483
2235,1175,759,33.827,26.8,0.0248,-0.0655,9.8145,0.4276,-0.459,0.3384
2240,1167,759,33.787,26.91,-0.0213,0.12,9.812,-0.7405,-0.4906,1.038
2245,1165,757,33.86,26.936,0.0147,0.0002,9.8812,0.5118,0.3595,0.0837
2250,1165,765,33.86,26.82,0.0577,0.002,9.7292,-0.817,-0.7019,-0.139
2255,1149,761,33.768,26.943,-0.0973,0.0379,9.7453,-0.6108,0.1719,0.4087
2260,1148,770,33.843,26.796,0.0327,0.0411,9.7314,0.3705,0.6276,-0.0155
2265,1155,774,33.951,26.928,0.0108,-0.0137,9.8792,0.7032,-0.3458,-0.2086
2270,1146,770,33.854,26.946,0.0438,0.0616,9.8516,0.0188,0.4136,-0.7415
2275,1133,773,33.82,26.733,-0.0099,0.0274,9.8011,0.5519,-0.2646,-0.7444
2280,1142,783,33.864,26.899,-0.0321,0.1015,9.754,-0.1962,-0.3503,0.4165
2285,1135,778,33.764,26.85,-0.0076,0.0521,9.8645,-0.5819,-0.281,-0.5605
2290,1137,782,33.872,26.887,0.0219,0.0403,9.869,-0.6272,0.5367,-0.0924
2295,1129,784,33.885,26.898,0.0317,-0.0705,9.6832,-0.0707,-0.0352,0.3175
2300,1129,791,33.776,26.829,0.0069,0.0495,9.799,-0.1252,0.1701,-0.6392
2305,1118,791,33.77,26.905,-0.0023,-0.052,9.8491,0.4656,0.5957,-0.8611
2310,1117,792,33.795,26.917,-0.03,-0.0088,9.7523,0.0918,0.4162,-0.6337
2315,1112,798,33.808,26.843,-0.041,0.0163,9.8133,1.0774,-0.5137,-0.3001
2320,1113,797,33.91,26.836,-0.0318,0.0062,9.8231,-0.1492,-0.0064,0.6331
2325,1112,802,33.763,26.865,-0.0224,-0.1669,9.8708,1.2063,-0.1279,-0.284
2330,1103,802,33.769,26.802,0.0876,-0.0638,9.8142,0.7169,-0.8719,0.6637
2335,1101,813,33.798,26.897,-0.0675,0.0228,9.7711,-0.3807,0.3428,-0.3362
2340,1092,819,33.805,26.957,-0.0739,0.0678,9.7597,-0.3695,-0.6596,-0.1614
2345,1099,815,33.98,26.837,-0.015,0.0499,9.7371,0.056,0.0283,-0.1295
2350,1095,813,33.974,26.842,-0.0423,0.0385,9.7616,0.3618,0.1318,0.6078
2355,1092,814,33.829,26.821,-0.0651,0.0747,9.8426,0.2195,0.131,-0.0932
2360,1095,822,33.867,26.916,0.0263,-0.0224,9.8782,-0.8271,0.5036,0.3911
2365,1106,825,33.896,26.838,0.1409,0.0177,9.8208,0.7273,-0.0576,0.0472
2370,1095,822,33.794,26.855,0.0302,-0.0576,9.8033,-0.385,-0.4874,-0.4222
2375,1089,822,33.846,26.952,-0.0045,-0.0294,9.8831,-0.2444,-0.1953,-0.4316
2380,1071,830,33.754,26.848,-0.0215,-0.0928,9.7816,0.4668,0.5918,-0.4134
2385,1081,827,33.763,26.898,0.0384,0.0431,9.8003,-0.8712,-0.0322,-0.1804
2390,1073,826,33.855,26.876,-0.0295,0.0091,9.8335,-0.3221,-0.6613,0.3577
2395,1077,835,33.9,26.892,-0.0403,0.059,9.8957,-0.1013,1.0977,0.0117
2400,1074,829,33.844,26.813,-0.086,0.0554,9.8055,0.2792,0.2109,0.4512
2405,1069,832,33.829,26.953,0.0841,0.0489,9.7107,0.4243,0.0909,0.6084
2410,1064,830,33.879,26.869,-0.0088,0.0766,9.7284,-0.0962,-0.0645,1.0686
2415,1054,836,33.84,26.871,-0.0208,-0.0836,9.8602,0.1756,-0.0031,0.3867
2420,1056,837,33.74,26.883,-0.0154,0.0155,9.7936,-0.0517,-0.2254,-0.0775
2425,1053,841,33.812,26.871,-0.0005,0.0935,9.7847,-0.0188,-0.2476,0.7203
2430,1046,842,33.78,26.906,0.0143,-0.0291,9.7837,0.5264,0.1648,0.4654
2435,1032,834,33.741,26.924,0.0411,0.0339,9.7983,0.6954,-0.1365,0.2549
2440,1032,836,33.741,26.864,0.0818,0.0777,9.7652,0.8994,-0.1224,-0.6804
2445,1026,837,33.865,26.871,-0.0248,-0.0672,9.7687,-0.0428,0.0146,0.2766
2450,1026,834,33.784,26.911,-0.0587,-0.0297,9.826,-0.1379,0.2378,-0.2683
2455,1020,839,33.895,26.875,-0.0012,-0.0465,9.8529,-0.3585,0.0111,0.7466
2460,998,837,33.882,26.897,0.0446,-0.0369,9.8302,-0.257,0.5682,-0.4728
2465,1002,834,33.859,26.952,0.0111,-0.0675,9.8364,-0.0606,-0.92,0.7744
2470,982,834,33.796,26.796,0.0143,0.0153,9.8738,-0.2263,-0.0476,-0.9714
2475,987,834,33.795,26.79,-0.053,0.0265,9.814,0.0969,0.8026,0.5585
2480,972,829,33.804,26.903,-0.055,0.0298,9.7046,-0.712,0.2046,-0.5096
2485,959,838,33.832,26.835,-0.1138,0.0569,9.857,0.9282,0.0672,-0.4969
2490,968,834,33.842,26.863,0.0157,-0.0859,9.8181,0.2135,-0.2338,-0.8526
2495,940,834,33.815,26.852,0.0073,0.0593,9.7685,-0.6952,0.2524,-0.7545
2500,932,832,33.781,26.803,0.0128,-0.0269,9.8554,-0.4898,0.0199,0.5253
2505,920,832,33.731,26.915,-0.0275,-0.0989,9.8703,-0.0908,-0.0537,-0.1098
2510,912,827,33.866,26.903,-0.0104,0.0272,9.8218,0.3007,0.145,0.5408
2515,908,834,33.868,26.908,0.0817,-0.0331,9.8666,0.0708,0.2489,0.5194
2520,896,830,33.821,26.917,-0.0956,-0.0004,9.8158,0.219,-0.0691,-0.0237
2525,890,831,33.865,26.838,-0.0158,0.0477,9.8987,0.2199,-0.9212,-0.8599
2530,869,826,33.793,26.867,-0.0431,-0.0449,9.7938,-0.4178,-0.2238,0.7509
2535,862,833,33.901,26.881,-0.0158,-0.0605,9.841,-0.7402,0.534,-0.4873
2540,852,825,33.843,26.95,-0.0515,-0.0087,9.8314,1.132,-0.8445,0.6399
2545,851,827,33.816,26.947,-0.002,-0.0026,9.8048,0.0224,0.0068,0.3722
2550,836,822,33.776,26.812,-0.0494,0.0305,9.8566,-0.722,0.3709,-0.0821
2555,819,828,33.798,26.905,0.0114,0.0436,9.7871,0.5522,0.3254,0.261
2560,813,827,33.791,26.869,0.0272,-0.0055,9.7809,0.6305,0.2855,-0.1143
2565,810,820,33.79,26.908,0.0114,-0.0152,9.7861,-0.5615,-0.0287,0.2243
2570,805,821,33.779,26.98,-0.0229,-0.0207,9.7554,0.124,0.6862,1.1423
2575,789,819,33.824,26.82,-0.0704,-0.0146,9.8407,0.1646,1.0846,-0.7919
2580,783,821,33.832,26.905,0.0551,-0.0263,9.7976,-0.233,0.0205,-0.3486
2585,784,819,33.791,26.94,-0.049,0.0587,9.7719,0.3569,-0.6897,0.2387
2590,778,819,33.817,26.881,0.0382,0.046,9.7953,-0.4147,-0.2319,0.3546
2595,772,815,33.836,26.959,-0.0095,-0.082,9.8082,-0.9302,0.6244,-0.2475
2600,753,818,33.818,26.832,-0.0212,0.0063,9.9141,-0.0631,0.2334,0.9496
2605,761,819,33.884,26.942,-0.0418,0.047,9.8544,0.4757,0.146,0.4797
2610,752,818,33.834,26.999,-0.0295,0.0106,9.8062,-0.356,-0.1771,0.203
2615,754,816,33.834,26.862,-0.084,0.0237,9.8453,0.2659,-0.3253,-0.6836
2620,742,813,33.796,26.864,0.0192,0.0451,9.8658,-0.7785,0.0016,-0.7112
2625,749,819,33.879,26.832,0.1249,-0.0089,9.8174,-0.1628,-0.614,-0.2987
2630,745,812,33.794,26.897,0.0596,-0.013,9.8182,0.6639,0.1039,-0.2193
2635,739,817,33.873,26.87,-0.0621,-0.0399,9.821,-0.1684,-0.1516,0.0039
2640,755,818,33.831,26.931,-0.0273,0.0164,9.7773,0.6747,-0.0252,-0.1747
2645,754,815,33.925,26.953,0.0568,-0.0414,9.7803,-0.4413,0.662,0.768
2650,755,809,33.853,26.904,0.0109,-0.0492,9.8158,-0.1507,-0.5897,0.4749
2655,761,816,33.799,26.843,0.0217,-0.0545,9.768,0.4666,0.4019,-0.4925
2660,767,813,33.724,26.845,-0.1155,-0.0443,9.8293,-0.362,0.5103,-0.1437
2665,767,807,33.831,26.904,0.0082,-0.0235,9.7631,-0.0675,-0.1146,0.1668
2670,782,812,33.902,26.878,-0.0229,0.018,9.7505,0.2989,-0.2997,0.2111
2675,781,805,33.827,26.955,0.0522,-0.0962,9.8464,0.2497,0.379,-0.6485
2680,793,806,33.833,26.895,-0.0302,-0.1329,9.9094,0.0719,0.8781,-0.3673
2685,801,809,33.836,26.845,0.0101,-0.1006,9.7824,0.076,-0.0229,-0.1702
2690,815,804,33.817,26.961,0.0618,-0.0235,9.8996,0.8404,0.0474,0.1407
2695,829,809,33.83,26.903,-0.0469,-0.0055,9.7702,-0.4647,-0.7049,-0.0139
2700,834,798,33.805,26.903,0.0099,0.0136,9.8149,0.137,0.1375,1.1955
2705,841,801,33.871,26.889,0.0143,0.0256,9.7747,-0.0018,0.3919,0.37
2710,858,803,33.848,26.973,-0.0353,-0.0041,9.7585,-0.1836,0.3716,-0.2633
2715,863,799,33.943,26.814,-0.0457,-0.0742,9.8464,0.0073,-0.3117,0.0341
2720,878,798,33.902,26.846,0.0037,0.0995,9.8263,0.2014,0.4087,0.1895
2725,890,803,33.828,26.943,-0.0016,-0.0624,9.7447,-0.0793,-0.0731,-0.2915
2730,907,796,33.86,26.928,0.0225,0.0235,9.7843,1.1295,-0.2308,-0.1974
2735,915,794,33.8,26.943,0.0036,-0.037,9.7669,-0.7133,-0.0475,0.0057
2740,933,793,33.86,26.863,0.028,-0.0106,9.777,0.3115,0.4016,-0.4408
2745,949,792,33.772,26.839,-0.0279,0.1355,9.7588,-0.1402,-0.4313,-0.3104
2750,959,784,33.846,26.711,-0.0321,0.0288,9.8449,0.4786,-0.1663,-0.2513
2755,981,789,33.771,26.823,-0.0384,-0.0172,9.8213,0.3379,0.7271,0.1262
2760,983,784,33.857,26.841,-0.1025,-0.0146,9.8494,0.1919,-0.6208,-0.879
2765,1008,780,33.876,26.831,0.0321,0.0853,9.7981,0.2673,0.2577,-0.551
2770,1012,784,33.79,26.878,-0.0764,-0.013,9.7819,0.5947,-0.4029,-0.2297
2775,1031,781,33.893,26.89,0.0056,-0.0789,9.7367,0.0042,0.0236,0.9474
2780,1049,773,33.804,26.869,0.0462,-0.0504,9.7361,0.3191,0.1139,-0.5833
2785,1063,778,33.873,26.855,-0.0567,0.0188,9.8304,0.8136,-0.6374,-0.5631
2790,1071,772,33.905,26.899,0.0228,0.0764,9.8521,0.1323,0.8231,0.2964
2795,1083,764,33.896,26.94,-0.0097,-0.0451,9.7465,-0.2308,-0.0488,0.576
2800,1093,771,33.915,26.801,-0.0127,-0.0038,9.7964,-0.472,0.1527,0.4023
2805,1111,773,33.834,26.92,0.0075,0.0385,9.8941,-0.0665,1.3365,-0.8965
2810,1116,762,33.801,26.826,-0.0447,0.0196,9.7575,0.2362,0.0177,0.5026
2815,1123,760,33.719,26.909,-0.0508,-0.029,9.8445,-0.7724,-0.1668,-0.4485
2820,1131,756,33.759,26.878,0.1255,-0.0236,9.815,-0.0124,0.2797,0.3761
2825,1137,758,33.775,26.903,0.0046,0.0514,9.798,-0.2817,-0.4113,0.9533
2830,1147,758,33.91,26.851,-0.0129,0.0095,9.8459,-0.2424,1.2437,-0.6508
2835,1155,753,33.81,26.917,-0.1213,0.0141,9.7875,0.4974,-0.3878,0.9718
2840,1155,757,33.86,26.85,-0.0197,-0.0428,9.7309,0.7014,0.0461,-0.032
2845,1173,750,33.722,26.912,-0.034,-0.0345,9.8077,0.3672,0.1415,0.2967
2850,1178,747,33.748,26.923,0.0514,0.019,9.8946,0.6156,0.5565,0.3244
2855,1186,749,33.819,26.875,0.0447,0.0155,9.8344,0.2383,0.2403,-0.8412
2860,1184,751,33.845,26.837,-0.0073,0.0099,9.8688,0.7975,-0.4338,-0.634
2865,1175,751,33.745,26.883,-0.0121,-0.0651,9.7928,-0.8252,0.1124,0.8181
2870,1188,747,33.91,26.943,-0.0703,-0.0654,9.7667,0.5909,-0.9528,-0.2882
2875,1188,748,33.818,26.862,-0.0329,0.006,9.8933,0.29,0.4909,-0.2522
2880,1188,748,33.818,26.882,0.0202,0.0084,9.8635,0.4548,0.0247,0.6347
2885,1186,746,33.791,26.809,0.1164,-0.0658,9.7908,0.277,-0.5699,0.4
2890,1193,746,33.843,26.86,-0.0444,0.0078,9.7121,0.2642,0.1191,-0.2841
2895,1180,748,33.825,26.93,0.0967,-0.0422,9.7954,-0.6709,-0.1927,0.2162
2900,1180,752,33.85,26.922,-0.0496,0.145,9.7719,-0.516,0.1972,-0.0837
2905,1189,756,33.81,26.841,-0.0323,-0.0546,9.8747,0.0853,0.2667,-1.1331
2910,1178,753,33.804,26.803,0.0009,-0.0366,9.7937,-0.0008,-0.5761,-0.4089
2915,1189,747,33.884,26.813,0.0351,-0.0123,9.8742,-0.2829,-0.9451,0.4548
2920,1174,751,33.901,26.949,-0.0277,0.0424,9.8232,0.9252,1.0659,0.4122
2925,1180,759,33.779,26.816,-0.0292,0.0329,9.7771,0.3178,0.1823,0.1099
2930,1167,760,33.848,26.826,-0.0032,-0.0003,9.7614,0.112,0.6721,0.4161
2935,1166,761,33.805,26.846,0.1027,-0.0579,9.791,0.0654,-0.3853,0.8861
2940,1161,759,33.847,26.955,0.0476,0.0177,9.716,0.0004,0.5035,0.9431
2945,1154,762,33.871,26.904,-0.0781,0.0017,9.8303,0.0858,-0.4441,0.0261
2950,1157,768,33.911,26.919,0.0571,0.1153,9.8581,-0.0945,0.0851,1.003
2955,1150,768,33.76,26.835,-0.0004,-0.0814,9.7938,-0.2843,-0.3599,0.526
2960,1150,767,33.875,26.877,0.1252,-0.0613,9.8443,0.0572,0.091,-0.4445
2965,1161,773,33.814,26.906,-0.0634,-0.0679,9.7828,0.3546,0.4754,0.2575
2970,1127,771,33.816,26.879,0.0756,-0.0402,9.7978,0.5409,-0.6959,-0.0574
2975,1137,783,33.764,27.012,0.0353,0.0239,9.8281,-0.299,0.2192,-0.4351
2980,1132,783,33.768,26.85,-0.0129,-0.0591,9.8912,0.4296,-0.3723,0.9978
2985,1131,784,33.879,26.919,-0.0021,-0.0205,9.7478,0.2006,-0.064,0.6688
2990,1128,785,33.763,26.865,-0.0191,0.0349,9.8048,0.1804,-0.5963,-0.5121
2995,1122,792,33.862,26.895,-0.0163,0.0664,9.6759,0.1416,-0.0429,-0.4098
3000,1123,791,33.861,26.893,0.0456,0.1006,9.7394,0.8858,1.1147,-0.2303
3005,1122,787,33.795,26.877,-0.1341,-0.0013,9.8288,-0.0453,-1.1585,-0.2991
3010,1110,795,33.771,26.828,0.0044,0.0094,9.7767,0.0739,0.5296,-0.3756
3015,1114,802,33.787,26.864,-0.0054,0.0515,9.8289,0.3552,0.0329,0.5834
3020,1114,792,33.826,26.792,-0.0078,0.0511,9.7934,-0.2065,0.9272,-0.0961
3025,1103,802,33.853,26.942,-0.0955,0.0211,9.789,-0.0471,0.0008,0.6942
3030,1111,806,33.806,26.848,0.0183,0.0446,9.7902,-0.8884,0.1259,0.3212
3035,1099,815,33.865,26.793,-0.0144,0.0422,9.8222,-0.439,-0.1714,0.127
3040,1093,821,33.836,26.847,-0.014,0.0681,9.771,0.4102,0.26,-0.9534
3045,1095,814,33.754,26.932,0.0092,0.0091,9.8325,-0.5131,0.1931,0.4104
3050,1094,816,33.839,26.885,0.0876,0.0005,9.8113,-0.1995,0.1846,0.0433
3055,1095,819,33.818,26.844,-0.0845,0.0013,9.8499,-0.3911,-0.4734,-0.6885
3060,1093,821,33.868,26.94,0.0316,0.0561,9.8905,-0.0244,-0.4529,-0.6774
3065,1098,830,33.84,26.823,-0.0555,-0.0635,9.8342,0.4717,-0.4955,-0.1411
3070,1072,826,33.918,26.83,-0.0156,-0.0095,9.8307,-0.2404,0.1654,-0.9105
3075,1085,833,33.783,26.823,0.0211,-0.0536,9.876,-0.7498,-0.7679,0.2562
3080,1085,833,33.932,26.863,-0.0385,0.0849,9.694,0.3585,-0.7743,-0.2475
3085,1076,829,33.785,26.865,0.0186,-0.0792,9.7824,0.3759,-0.4087,0.2391
3090,1090,831,33.838,26.944,0.0426,0.1379,9.8301,1.0003,-0.9612,0.8879
3095,1069,840,33.85,26.997,0.015,0.0897,9.8202,-0.2813,0.0664,0.2078
3100,1070,834,33.895,26.932,-0.0413,-0.0166,9.8298,0.1713,-0.1049,-0.0204
3105,1063,838,33.779,26.927,-0.1123,-0.0457,9.8022,0.0406,-0.3182,0.5623
3110,1054,832,33.893,26.921,0.0238,0.0188,9.7681,-0.5463,-0.2172,-0.2552
3115,1050,835,33.896,26.923,-0.0846,-0.0248,9.8748,0.5545,-0.0636,0.008
3120,1045,832,33.952,26.867,0.0189,-0.0144,9.7827,0.5227,0.1572,-0.0822
3125,1046,839,33.877,26.881,-0.0313,-0.1094,9.8788,-0.3277,-0.1225,1.4436
3130,1040,840,33.801,27.018,0.0398,-0.0191,9.7737,-0.2592,0.5959,0.2991
3135,1030,840,33.883,26.88,0.0425,-0.0011,9.8364,0.1373,0.0133,0.6374
3140,1032,834,33.827,26.982,-0.0315,-0.019,9.8499,-0.0882,-0.0682,-0.2841
3145,1019,837,33.875,26.848,0.013,0.1184,9.8449,-0.5642,-0.1132,0.5249
3150,1005,837,33.785,26.876,0.1005,-0.0296,9.8141,0.4061,-0.1021,-0.1225
3155,1009,836,33.885,26.932,-0.0149,-0.0123,9.7124,0.2455,-0.2209,0.1474
3160,1002,837,33.833,26.912,-0.0493,0.0062,9.7853,0.3223,0.0083,0.3608
3165,991,835,33.854,26.966,-0.0749,-0.0146,9.8093,0.0865,0.1016,0.7685
3170,983,834,33.738,26.877,-0.0548,-0.0109,9.7876,-0.6382,0.0883,-0.1255
3175,960,831,33.892,26.843,-0.0937,0.0496,9.808,-0.2868,-0.3858,0.5099
3180,966,833,33.837,26.897,-0.0562,0.0261,9.9047,-0.2081,-1.5179,0.7026
3185,953,833,33.892,26.904,-0.0007,0.0424,9.8542,-0.1344,0.0387,0.0709
3190,952,828,33.853,26.887,0.0105,0.0211,9.8382,0.2996,-0.406,-0.2885
3195,935,834,33.897,26.815,0.025,0.0277,9.7699,-0.3765,0.0273,-0.3456
3200,923,835,33.858,26.863,-0.0753,0.0758,9.7866,-0.9225,-0.3942,0.0273
3205,924,828,33.895,26.83,-0.0756,0.0435,9.8386,0.1589,-0.6545,-1.2099
3210,908,834,33.833,26.936,-0.0188,0.0343,9.8316,-0.4266,0.0057,0.4863
3215,895,831,33.804,26.818,-0.0231,0.0274,9.8366,0.6319,0.2674,-0.6832
3220,895,827,33.88,26.815,0.0523,0.015,9.8105,0.122,0.1662,0.3513
3225,859,824,33.804,26.891,0.0473,0.0279,9.7561,0.7645,-0.6103,0.0368
3230,866,824,33.854,26.899,-0.0074,-0.0655,9.7804,-0.0169,0.5436,-0.265
3235,858,827,33.921,26.906,0.0244,0.0012,9.7953,-0.1758,-0.7493,-0.3497
3240,844,827,33.803,26.898,0.0155,-0.0802,9.7549,0.5653,0.2868,0.1784
3245,831,827,33.817,26.826,-0.0205,-0.0438,9.7827,-0.1179,0.3945,0.6025
3250,830,823,33.799,26.883,0.0003,0.0857,9.8384,0.5481,0.5587,-0.522
3255,821,823,33.895,26.859,-0.0679,-0.0246,9.8282,0.1224,-0.3117,0.337
3260,811,825,33.897,26.843,-0.0108,-0.0771,9.7615,-0.739,-0.0787,0.0357
3265,802,820,33.834,26.906,0.0568,0.0,9.8401,0.7407,0.0308,-0.1636
3270,795,821,33.792,26.906,0.0105,-0.1029,9.825,-0.0748,-0.1013,-0.7998
3275,786,819,33.875,26.898,-0.0253,-0.0003,9.7968,-0.5105,-0.5762,-0.165
3280,774,821,33.855,26.913,0.0186,0.0227,9.7381,-0.9936,0.5993,0.4314
3285,790,817,33.829,26.863,0.0021,0.0125,9.8165,0.551,0.7216,-0.7773
3290,762,819,33.765,26.891,0.0354,-0.0246,9.7769,-0.4386,0.1894,-0.6599
3295,757,822,33.893,26.928,-0.032,0.0579,9.8406,0.62,-0.9023,0.4865
3300,756,821,33.902,26.837,-0.1305,-0.0102,9.7315,0.3714,-0.1533,-0.6297
3305,748,818,33.84,26.942,-0.0294,0.1453,9.8213,0.4241,0.1216,-0.1677
3310,749,821,33.874,26.782,-0.0164,-0.0088,9.7557,0.4211,-0.3987,0.0635
3315,750,821,33.817,26.931,0.0727,0.0219,9.7955,0.2817,0.6947,1.7149
3320,750,817,33.914,26.916,-0.0579,0.0176,9.7735,0.2751,-0.0379,-0.7539
3325,750,817,33.908,26.914,0.0508,-0.0232,9.8206,-0.0366,-0.1064,-0.4963
3330,761,816,33.832,26.927,0.0782,-0.0591,9.841,0.6275,-0.099,0.0188
3335,757,819,33.893,26.779,-0.0038,-0.0232,9.7721,-0.1543,0.7941,0.9731
3340,752,817,33.806,26.891,0.0491,-0.0561,9.9162,-0.4249,0.2681,-0.1149
3345,754,814,33.857,26.899,-0.0604,-0.0022,9.7904,0.2182,-0.0463,-0.2007
3350,764,813,33.772,26.832,0.0626,0.0184,9.7826,-0.173,-0.1093,-0.5123
3355,757,812,33.827,26.939,0.0393,0.0319,9.8581,0.0921,0.8443,0.1389
3360,766,815,33.778,26.913,0.0218,0.0571,9.8148,-0.59,-0.2362,0.4861
3365,778,808,33.899,26.878,-0.0204,-0.0526,9.7845,-0.6063,0.3596,0.1307
3370,777,812,33.852,26.839,0.0907,-0.0186,9.866,-0.2172,-0.8223,0.306
3375,788,808,33.871,26.932,-0.0221,-0.0398,9.8,0.3636,-0.4877,-0.4441
3380,803,804,33.898,26.854,0.0136,0.0339,9.842,-0.9134,-0.2788,0.234
3385,809,803,33.959,26.819,-0.0121,-0.0029,9.781,-0.4308,0.668,-0.548
3390,814,809,33.878,26.887,0.0002,-0.0038,9.7706,0.4952,-0.5659,0.2623
3395,836,809,33.824,26.849,-0.0779,0.0129,9.7453,-0.5453,-0.0825,0.3494
3400,840,799,33.875,26.951,0.0624,-0.0608,9.8238,0.3589,-0.0869,-0.2797
3405,866,800,33.905,26.867,-0.0545,-0.0226,9.7736,-0.4535,-0.1703,0.0821
3410,864,800,33.785,26.853,-0.0122,0.0091,9.8282,0.1124,0.358,0.0815
3415,879,801,33.849,26.904,0.032,-0.1065,9.8569,-0.3935,-0.0922,-0.3391
3420,896,801,33.874,26.834,-0.0606,0.002,9.8168,0.3419,0.2484,-0.2583
3425,911,794,33.757,26.904,0.1096,-0.0155,9.7371,-0.2878,-0.4499,0.2978
3430,923,792,33.816,26.871,-0.0496,0.0043,9.8177,0.0201,-0.4011,0.1146
3435,935,788,33.86,26.864,0.0639,0.0569,9.7446,-0.4349,-0.3607,0.8396
3440,953,787,33.857,26.856,0.0524,-0.0727,9.7852,-0.4046,0.7668,-0.7341
3445,953,794,33.847,26.891,-0.0543,-0.0235,9.8176,0.2917,-0.4997,0.4266
3450,976,786,33.822,26.812,-0.0419,-0.0135,9.8262,0.3297,-0.0851,-0.9425
3455,998,783,33.865,26.891,0.0097,0.0341,9.7692,0.4361,-0.3555,0.3268
3460,1016,779,33.827,26.882,-0.0901,0.0089,9.8649,0.2591,0.276,-0.1587
3465,1013,784,33.809,26.897,-0.0254,0.0339,9.8292,0.0747,-0.6668,-0.0339
3470,1040,776,33.866,26.863,-0.0024,0.0668,9.7471,-0.7445,-0.0211,-0.1516
3475,1056,772,33.817,26.85,-0.0017,0.0033,9.8173,-0.2938,0.2511,-0.2292
3480,1060,776,33.831,26.957,0.1042,0.0383,9.779,0.48,-0.2537,0.145
3485,1069,770,33.791,26.919,-0.0313,0.0644,9.8428,0.3178,-0.2463,-0.1739
3490,1077,763,33.842,26.887,0.0011,0.0025,9.8109,0.5726,0.3543,0.4252
3495,1096,770,33.875,26.792,0.024,0.0442,9.7998,0.3,0.1853,-0.2249
3500,1103,762,33.882,26.914,-0.0146,-0.0346,9.7905,-0.4852,0.4186,0.3462
3505,1106,764,33.864,26.894,-0.0176,-0.0156,9.908,-0.5181,-0.5714,0.6425
3510,1125,759,33.755,26.824,0.149,-0.019,9.8133,0.39,-0.6088,0.2289
3515,1130,759,33.853,26.881,0.0552,0.0034,9.7513,0.5824,-0.1853,0.0866
3520,1144,753,33.907,26.849,0.0162,-0.0943,9.7699,0.2618,0.5189,0.0432
3525,1151,757,33.993,26.826,0.0563,-0.0598,9.8513,-0.8495,-0.3821,-0.031
3530,1159,757,33.909,26.849,0.0579,-0.0904,9.8783,0.7471,0.1567,-0.0103
3535,1166,751,33.824,26.889,0.0254,-0.0298,9.8367,-0.2895,0.0406,0.7787
3540,1165,754,33.915,26.905,-0.05,0.0421,9.8208,-0.8561,-0.0558,0.3459
3545,1178,756,33.819,26.862,0.0279,0.0132,9.8287,0.2109,0.1493,0.2269
3550,1173,747,33.82,26.853,0.0397,0.0905,9.7976,-0.5272,-0.005,-0.031
3555,1175,750,33.814,26.893,-0.0386,-0.0062,9.7622,-0.0211,0.1708,0.3888
3560,1173,741,33.838,26.85,0.0464,-0.0024,9.7934,-0.4122,0.1494,0.2778
3565,1187,746,33.879,26.872,0.0013,-0.0382,9.8445,-0.1049,0.1295,0.4829
3570,1187,749,33.937,26.845,-0.1261,0.0818,9.8164,-0.033,0.0683,-0.1933
3575,1191,749,33.783,26.912,-0.0377,-0.0587,9.8154,-0.3432,-0.8408,-0.3761
3580,1185,752,33.868,26.78,-0.0228,0.0474,9.845,0.9587,0.5588,0.135
3585,1189,748,33.785,26.804,0.0054,0.0191,9.7832,-0.0526,-0.0008,-0.3524
3590,1187,749,33.812,26.832,-0.0138,0.0311,9.8151,-0.2116,0.3674,-0.5067
3595,1179,753,33.819,26.882,-0.0672,0.0161,9.7048,-0.5505,0.7891,-0.0532
3600,1191,756,33.721,26.94,-0.0829,-0.0322,9.8617,-1.1846,-0.1052,0.4315
3605,1189,753,33.829,26.882,-0.0082,-0.0532,9.8687,-0.0657,0.424,0.4912
3610,1181,750,33.863,26.85,-0.0426,-0.059,9.8035,0.6355,0.8678,-0.9546
3615,1166,755,33.867,26.906,-0.0018,-0.0078,9.807,-0.3016,0.3993,-1.1226
3620,1175,762,33.833,26.832,0.107,0.0532,9.7878,0.1324,-0.1327,-0.3876
3625,1174,759,33.793,26.895,-0.0289,-0.0313,9.885,0.5049,-0.6315,0.2139
3630,1164,758,33.88,26.803,-0.03,0.0102,9.8609,-0.4861,0.3187,-0.8021
3635,1158,753,33.915,26.87,0.0153,-0.012,9.823,-0.1177,0.0279,-0.1802
3640,1158,763,33.737,26.896,0.0571,0.1085,9.7791,0.129,0.268,-0.4394
3645,1155,770,33.718,26.86,0.0061,0.0004,9.7592,0.4529,-0.0516,0.0471
3650,1152,774,33.855,26.877,0.0602,-0.089,9.7968,-0.464,0.2429,-0.2176
3655,1150,773,33.792,26.891,0.0118,0.037,9.8142,0.1597,0.0984,-0.4578
3660,1149,771,33.911,26.824,-0.0539,0.0069,9.9461,0.1589,0.4352,-1.0165
3665,1144,780,33.795,26.854,-0.071,-0.0142,9.7753,0.1319,1.3821,0.4848
3670,1129,774,33.833,26.94,-0.0313,-0.0054,9.7361,-0.3819,0.1032,0.6568
3675,1139,778,33.837,26.882,0.075,0.0548,9.853,0.0718,-0.9171,-0.1295
3680,1135,785,33.734,26.933,0.0922,-0.0525,9.8631,-0.5144,0.4376,0.631
3685,1130,785,33.871,26.911,-0.0305,-0.0395,9.7543,0.0511,-0.0827,0.1506
3690,1114,791,33.832,26.874,0.007,0.0379,9.8616,-0.4722,0.1039,0.4277
3695,1127,795,33.84,26.814,-0.0602,-0.0119,9.7751,-0.0747,-0.231,0.6269
3700,1115,794,33.856,26.847,0.0322,0.0173,9.7944,0.5941,0.027,-0.2835
3705,1116,801,33.798,26.887,-0.0392,-0.0793,9.8804,0.5075,-0.6991,-0.0812
3710,1116,799,33.94,26.947,0.0794,0.0785,9.8504,0.0971,-0.3989,-0.4594
3715,1106,805,33.777,26.861,0.0108,0.0406,9.8746,-0.2674,0.6303,0.5452
3720,1106,806,33.925,26.915,0.0124,0.0094,9.8171,-0.6778,-0.585,-0.318
3725,1113,810,33.895,26.913,-0.0147,0.0571,9.8403,-0.4501,0.9975,0.234
3730,1100,811,33.838,26.939,-0.0132,-0.0496,9.8154,0.4375,-0.0893,-0.1784
3735,1094,815,33.767,26.925,0.0513,0.0437,9.7637,0.2249,0.5336,0.1873
3740,1106,814,33.851,26.87,-0.006,0.0538,9.7199,-0.8514,-0.4612,0.1913
3745,1095,814,33.936,26.868,-0.0467,-0.003,9.7784,-1.0003,0.0084,0.3219
3750,1086,816,33.844,26.901,0.0627,-0.0065,9.7129,1.3534,0.3254,-0.8838
3755,1090,823,33.905,26.829,0.0278,-0.0123,9.764,-0.3004,0.3818,0.057
3760,1089,826,33.842,26.856,-0.0177,-0.0676,9.7627,-0.1776,0.1549,0.5614
3765,1084,823,33.845,26.907,-0.0336,0.0231,9.8213,0.8658,-0.4373,-0.2804
3770,1087,828,33.909,26.896,-0.0317,0.0344,9.8099,-0.4707,-0.294,0.4705
3775,1085,829,33.795,26.873,-0.0233,-0.0555,9.8725,0.0719,0.3451,0.1133
3780,1077,824,33.826,26.871,0.0253,0.0148,9.8027,-0.858,-0.3814,0.4328
3785,1073,828,33.875,26.995,-0.048,-0.0055,9.7935,0.3988,0.0631,-0.4592
3790,1059,835,33.822,26.874,-0.0211,-0.0834,9.7987,0.5164,-0.5088,-0.5159
3795,1065,836,33.785,26.888,-0.0632,-0.014,9.7576,-0.6432,-0.4076,-0.051
3800,1060,830,33.839,26.872,0.0175,-0.011,9.8732,-0.2916,0.4768,-0.3428
3805,1060,831,33.811,26.909,-0.0047,-0.09,9.8078,0.3123,0.1674,0.6458
3810,1050,834,33.813,26.802,-0.116,-0.009,9.7994,-0.0407,-0.6776,-0.9851
3815,1053,837,33.824,26.91,0.0458,0.0278,9.7664,-0.5505,0.9919,0.0187
3820,1044,838,33.759,26.842,-0.0858,0.1232,9.739,-0.5363,0.3792,-0.1763
3825,1036,837,33.837,26.803,-0.0554,-0.0591,9.8619,-0.6131,0.2386,0.6758
3830,1031,833,33.855,26.915,-0.0757,0.0193,9.8681,-0.1619,0.0456,0.3588
3835,1025,837,33.862,26.828,-0.0769,0.0259,9.8073,0.5399,-0.549,1.0949
3840,1015,836,33.972,26.923,0.076,-0.0524,9.8926,0.4722,-0.1638,0.6794
3845,1015,840,33.825,26.758,0.0818,0.0802,9.9372,-0.4897,-0.3819,0.9748
3850,1002,841,33.827,26.846,0.0218,0.0303,9.8477,-0.0145,0.5871,0.0958
3855,989,834,33.811,26.961,-0.078,0.0503,9.8599,-0.5935,0.1503,0.3817
3860,985,834,33.789,26.88,0.0294,0.0362,9.7799,-0.1578,0.788,-0.8626
3865,980,832,33.833,26.928,0.0215,0.084,9.7739,0.149,-0.4112,0.4913
3870,968,839,33.755,27.03,0.0398,-0.0553,9.7513,0.2263,0.2918,-0.1998
3875,962,832,33.851,26.996,-0.1189,0.0183,9.7625,0.4697,-0.7884,0.0654
3880,959,835,33.768,26.865,0.0039,0.0464,9.8394,0.0026,1.1044,0.2605
3885,953,834,33.868,26.865,0.0173,0.0287,9.8275,-0.1953,-0.3175,-0.1225
3890,945,833,33.848,26.932,0.0182,0.0666,9.8544,-0.5176,0.782,-0.0824
3895,926,833,33.789,26.857,0.0334,0.0273,9.7207,0.1601,0.8872,0.0071
3900,920,832,33.901,26.752,0.0572,0.0038,9.8471,0.7659,0.5001,0.9981
3905,904,831,33.842,26.856,0.0174,0.0318,9.8084,0.5162,0.4762,0.7331
3910,894,829,33.798,26.856,-0.0299,-0.0493,9.7643,-0.7125,0.3246,-0.3364
3915,887,834,33.811,26.944,-0.0817,0.0503,9.7962,0.1959,-0.6868,-0.0542
3920,870,828,33.9,27.0,-0.1301,-0.0104,9.7941,-1.0393,0.1133,0.3717
3925,872,826,33.887,26.868,0.0239,-0.0073,9.8535,0.5201,-0.7038,0.8271
3930,859,824,33.862,26.868,0.0353,-0.0183,9.8424,-0.2159,-1.0583,0.6879
3935,831,820,33.913,26.879,-0.0899,0.0349,9.8341,0.1263,-0.2247,-0.2248
3940,836,830,33.916,26.94,-0.0076,0.1064,9.8363,0.0645,-0.6789,-0.1651
3945,824,821,33.883,26.866,0.0033,-0.0185,9.8385,-1.2306,0.1758,0.4955
3950,820,827,33.746,26.906,-0.072,0.0913,9.9121,-0.1278,0.5805,0.3606
3955,803,824,33.859,26.881,-0.0357,-0.0062,9.926,-0.047,-0.0249,1.6341
3960,810,821,33.8,26.963,0.0107,-0.0692,9.8421,-0.6103,0.3362,0.4893
3965,790,828,33.777,26.872,-0.0282,0.0572,9.7613,0.3272,0.5142,0.4955
3970,785,823,33.901,26.897,-0.0365,-0.0547,9.8386,-0.4219,0.4885,-0.5023
3975,780,821,33.95,26.984,0.0206,-0.0294,9.8816,1.0022,0.3732,-0.4764
3980,768,815,33.81,26.874,0.0255,0.0619,9.8851,-0.2302,-0.0089,-0.0998
3985,758,818,33.764,26.876,-0.0017,0.1215,9.789,0.2969,0.2287,-0.4476
3990,761,818,33.897,26.857,-0.0328,0.0312,9.8636,-0.626,0.1949,0.5856
3995,754,819,33.929,26.906,-0.0029,-0.0043,9.7549,0.5386,0.1342,0.7495
4000,748,816,33.847,26.872,0.0222,0.0256,9.8477,0.2165,0.0832,-0.4612
4005,743,816,33.864,26.836,0.0073,-0.0898,9.7719,0.1424,-0.3888,-0.6551
4010,747,815,33.783,26.926,0.0592,0.0371,9.7835,0.5593,0.0501,0.5754
4014,742,816,33.825,26.928,0.0808,-0.0077,9.8351,0.6417,0.5783,0.2928
4019,745,810,33.887,26.874,-0.0082,-0.041,9.7734,-0.6681,-0.1214,-0.6059
4025,748,819,33.858,26.887,0.0421,-0.0363,9.7397,-0.691,0.1223,0.5657
4030,746,813,33.862,26.86,-0.0834,-0.006,9.6886,0.9542,0.1247,0.8546
4035,756,819,33.85,26.826,-0.0325,0.0052,9.7637,-0.7308,0.2791,0.4264
4040,754,815,33.765,26.894,0.0259,0.0391,9.8018,-0.3993,-0.9212,0.2073
4045,761,812,33.885,26.916,0.0608,0.0045,9.8104,-0.0344,-0.0277,0.3301
4050,761,816,33.84,26.951,-0.0427,0.0086,9.8542,-0.9406,-0.0465,-0.5114
4054,770,809,33.792,26.89,-0.093,-0.0377,9.8074,-0.2957,-0.0883,-0.4532
4059,783,810,33.848,26.992,-0.0258,-0.0228,9.7985,1.2994,-0.1548,0.2801
4065,786,814,33.879,26.807,-0.0202,0.06,9.8223,0.0029,0.1301,0.3784
4070,790,807,33.804,26.863,-0.0138,-0.0474,9.8546,0.9081,-0.1599,0.2821
4075,792,807,33.858,26.85,-0.0462,0.0164,9.7315,0.2987,0.6321,-0.18
4080,811,802,33.869,26.926,0.0315,-0.0482,9.8814,0.0304,0.4099,0.2771
4085,826,805,33.784,26.948,-0.0363,-0.0238,9.8183,0.6462,-0.1107,0.153
4090,830,806,33.809,26.969,0.0136,-0.0224,9.8319,-0.1723,0.018,-0.5506
4094,839,804,33.863,26.907,-0.0035,-0.002,9.7733,0.0355,1.2413,0.3151
4100,863,798,33.823,26.846,-0.0273,-0.0221,9.7684,-0.7832,1.1625,-0.1753
4105,866,795,33.884,26.831,0.0297,-0.0205,9.7979,0.9702,0.379,-0.4322
4110,871,795,33.969,26.877,0.0578,-0.0416,9.897,-0.2399,-1.1167,0.0329
4115,890,799,33.79,26.81,-0.0611,-0.0061,9.8648,-0.0499,-0.238,0.6258
4120,918,797,33.846,26.846,0.0368,0.0169,9.8789,0.1898,0.7043,0.8299
4125,918,795,33.849,26.838,-0.0083,-0.0338,9.8106,-0.7558,0.5374,0.4915
4130,939,795,33.852,26.709,0.0122,-0.0105,9.8652,0.5142,0.7277,-0.7572
4135,946,789,33.836,26.917,0.0179,0.08,9.7565,0.8034,0.8313,0.0805
4140,962,789,33.915,26.815,0.0639,-0.0303,9.8275,-0.5384,-0.3994,-0.3876
4145,979,781,33.94,26.917,0.013,0.014,9.7537,-0.3358,0.0964,0.3883
4150,997,783,33.839,26.965,0.0009,-0.099,9.8187,-0.1199,-0.4277,0.5623
4155,1005,786,33.9,26.927,0.0638,0.1085,9.8446,0.1,0.0717,-0.4941
4160,1023,777,33.92,26.919,-0.0448,0.0759,9.8206,-0.252,0.3319,0.781
4165,1037,780,33.83,26.874,0.0047,0.0158,9.7721,0.0858,-0.0579,0.3616
4170,1041,773,33.858,26.899,-0.0433,-0.0329,9.7906,0.1365,-0.7224,0.8553
4175,1059,772,33.851,26.823,-0.0318,0.0048,9.8516,-0.0706,-0.5714,-0.2947
4180,1070,774,33.827,26.93,0.0072,0.04,9.7895,0.0181,-0.4292,-0.1773
4185,1087,766,33.891,26.967,-0.0178,-0.0576,9.7671,-0.0257,-0.9714,0.7513
4190,1093,766,33.905,26.936,0.0442,-0.0576,9.7675,0.7416,-0.7209,0.3652
4195,1107,770,33.974,26.912,-0.0313,0.088,9.9056,-0.1577,0.7707,-0.2564
4200,1103,768,33.837,26.92,-0.04,0.001,9.7773,-0.6103,0.0086,0.0835
4205,1124,760,33.906,26.941,0.0042,-0.0163,9.7493,0.0195,-0.5618,-0.8859
4210,1134,758,33.888,26.843,0.0149,0.0228,9.8105,-0.2582,0.4208,0.2226
4215,1142,753,33.883,26.8,-0.0038,0.0056,9.7365,0.0603,0.5072,0.0961
4220,1149,756,33.893,26.878,0.055,0.0034,9.8792,-0.7402,0.0121,-0.7604
4225,1161,755,33.915,26.843,0.0187,-0.008,9.7981,0.9998,0.3181,0.0727
4230,1170,752,33.886,26.883,-0.0458,0.0181,9.8564,0.3425,-0.6523,0.7016
4235,1163,754,33.911,26.909,0.021,-0.0791,9.7687,-0.3788,-0.2251,0.2586
4240,1177,749,33.901,26.923,0.0006,-0.0258,9.8838,-0.459,-0.4735,-0.6297
4245,1170,746,33.876,26.892,0.1376,-0.0907,9.8139,0.8371,0.1149,0.065
4250,1181,751,33.841,26.876,-0.015,0.0836,9.8128,0.2601,-0.4198,-0.5734
4255,1173,750,33.838,26.873,0.0476,0.0439,9.7747,-0.1636,-0.4536,0.4168
4260,1187,756,33.818,26.856,0.031,-0.0019,9.8748,0.2694,0.2038,-0.4892
4265,1189,745,33.893,26.881,0.0087,0.0437,9.8076,0.2426,0.1127,1.2099
4270,1184,752,33.767,26.934,0.0215,-0.0457,9.8413,0.1436,-0.5178,-0.0794
4275,1192,749,33.888,26.839,0.0546,-0.0228,9.7718,-0.3182,0.2475,0.244
4280,1176,746,33.959,26.944,-0.087,0.041,9.8462,-0.6729,-0.6555,-0.1209
4285,1177,750,33.896,26.98,0.0312,0.0405,9.8917,-0.0596,0.0153,-0.1229
4290,1192,748,33.861,26.933,-0.0708,-0.0373,9.7675,-0.1247,1.1025,-0.7579
4295,1195,751,33.867,26.898,0.0094,-0.0185,9.7506,-0.1815,0.1206,0.3708
4300,1187,748,33.908,26.836,0.0513,-0.0303,9.8334,-0.036,-0.4118,0.2243
4305,1181,750,33.903,26.905,0.0405,-0.0337,9.8113,-0.896,-0.5929,-1.108
4310,1181,751,33.821,26.858,-0.0664,-0.0239,9.8202,0.0017,0.4629,0.0041
4315,1179,755,33.933,26.931,-0.0297,0.0445,9.7645,-0.0022,0.3998,0.0203
4320,1175,759,33.951,26.952,0.0215,0.0059,9.7736,-0.5733,-0.0971,0.1089
4325,1167,758,33.769,26.874,0.05,0.0393,9.7985,-0.0287,-0.0972,0.039
4330,1160,760,33.823,26.856,-0.036,-0.0015,9.7323,-0.2967,0.0091,-1.0608
4335,1168,763,33.786,26.901,-0.0474,0.0121,9.8371,0.3819,0.6903,0.5512
4340,1168,767,33.868,26.903,0.0235,-0.0645,9.8605,-0.306,0.0511,0.6393
4345,1158,769,33.873,26.908,0.0933,-0.0287,9.7675,-0.3882,0.2068,0.7485
4350,1150,770,33.797,26.922,0.0228,-0.0156,9.8047,0.3078,0.2582,-0.1582
4355,1138,771,33.842,26.887,0.0001,0.029,9.7764,0.4651,0.1225,-0.2526
4360,1149,771,33.856,26.893,-0.0993,0.0151,9.7931,-0.0497,-0.0029,0.0199
4365,1147,775,33.873,26.899,0.0448,0.0228,9.754,0.5076,0.1238,-0.4807
4370,1123,780,33.776,26.939,0.0274,0.1002,9.8546,-0.1899,-0.133,-0.3682
4375,1132,781,33.808,26.887,-0.0232,-0.0113,9.8457,-0.1381,0.582,-1.307
4380,1133,786,33.823,26.888,-0.02,0.0568,9.7946,0.2766,-0.1052,0.2302
4385,1119,788,33.822,26.939,0.0075,0.0095,9.7717,-0.5197,-0.1722,1.1044
4390,1134,795,33.886,26.915,-0.048,0.0971,9.8664,0.1656,-0.5202,-0.3716
4395,1117,790,33.824,26.989,-0.0632,0.0253,9.7466,-0.2474,-0.4192,-0.5387
4400,1110,803,33.825,26.937,-0.0415,-0.0081,9.835,-0.8448,0.0597,-0.0592
4405,1106,807,33.852,26.894,0.0279,0.0242,9.8156,-0.1239,0.0258,-0.1114
4410,1111,803,33.888,26.887,-0.0099,0.0529,9.7392,-0.091,0.0058,-0.1101
4415,1104,810,33.905,26.894,0.0024,-0.0129,9.8293,-0.3753,0.1243,0.1521
4420,1108,806,33.799,26.843,-0.0377,0.0603,9.9035,0.0017,1.1287,-0.5244
4425,1108,810,33.871,26.909,-0.0102,0.0603,9.7561,0.2524,-0.1182,-0.3137
4430,1096,812,33.866,26.87,-0.0001,0.0241,9.8846,-0.07,0.3101,-0.1353
4435,1098,808,33.803,26.815,0.0648,0.0084,9.8338,0.4133,-1.0491,0.8244
4440,1099,824,33.892,26.951,-0.0498,0.0362,9.9144,-0.4858,0.3512,-0.3457
4445,1104,819,33.908,26.848,0.0793,-0.0176,9.9146,-0.3016,-0.473,0.5947
4450,1088,824,33.781,26.92,-0.0208,0.0135,9.6598,0.4212,-0.2005,0.3763
4455,1081,826,33.834,26.846,-0.0005,-0.0009,9.8076,0.0553,-0.5848,-0.2365
4460,1086,823,33.86,26.864,0.0907,-0.0102,9.8333,-0.3532,0.4591,-0.0568
4465,1086,828,33.821,26.972,0.0001,0.0204,9.7555,0.78,-0.1558,0.1036
4470,1075,822,33.896,26.931,0.0238,-0.0032,9.842,-0.136,0.5459,0.021
4475,1072,832,33.866,26.877,0.0298,0.1033,9.8057,-0.1564,0.1766,-0.3766
4480,1077,826,33.801,26.862,0.0226,0.0072,9.7173,1.1454,-0.1216,-0.3773
4485,1070,835,33.87,26.844,-0.0234,-0.0881,9.7052,0.2977,-0.1617,-0.1894
4490,1068,837,33.827,26.901,0.0256,-0.0376,9.8408,-0.3455,-0.1477,-0.6981
4495,1056,835,33.791,26.877,-0.0716,-0.0368,9.7243,-0.0723,-0.8838,-0.4881
4500,1051,837,33.886,26.907,-0.0577,-0.0491,9.7852,-0.0938,-0.0379,1.1574
4505,1054,837,33.808,26.852,-0.0261,0.1013,9.7561,0.3426,0.1306,0.2888
4510,1055,835,33.901,26.875,0.007,-0.0759,9.7192,-0.0335,0.0049,-0.4753
4515,1045,842,33.87,26.897,0.0256,-0.0152,9.7546,0.0393,0.1522,-0.4541
4520,1035,842,33.79,26.82,0.0187,-0.0503,9.8056,-0.2504,0.0207,-0.703
4525,1041,840,33.899,26.893,0.0558,0.0128,9.813,-0.4968,-0.6576,0.4673
4530,1032,837,33.944,26.923,-0.0084,0.0307,9.8012,1.2866,-0.3373,0.1267
4535,1014,837,33.872,27.008,0.0447,0.0466,9.8202,-0.2393,-0.7944,-0.3201
4540,1008,831,33.852,26.881,-0.0269,0.0936,9.8126,0.3984,0.1802,-0.3158
4545,1000,838,33.856,26.949,0.0063,0.0199,9.8432,0.0064,-0.0264,-0.4752
4550,1001,835,33.884,26.858,0.1214,0.0108,9.7825,0.5157,-0.2798,-0.2585
4555,990,835,33.84,26.867,-0.0993,-0.0003,9.7797,0.4693,-0.8348,-0.4747
4560,968,836,33.792,26.921,0.044,-0.0538,9.8613,0.3728,0.0018,0.7987
4565,975,837,33.821,26.904,0.0474,-0.0298,9.8118,-1.1144,0.9264,-0.1479
4570,957,835,33.819,26.814,0.0187,0.0619,9.8075,0.1098,-0.5222,0.8965
4575,960,828,33.808,26.854,-0.01,0.0686,9.8438,0.1971,-1.1777,0.6298
4580,941,830,33.839,26.86,0.0742,0.0645,9.7948,-0.4883,0.2399,-0.4152
4585,942,823,33.866,26.903,0.1264,0.1058,9.7771,-0.2116,0.1858,-0.6435
4590,927,833,33.899,26.822,0.0002,0.0339,9.8233,-0.2397,0.3396,0.0355
4595,919,825,33.845,26.905,0.0351,-0.0027,9.8166,-0.2859,0.4962,0.3219
4600,908,835,33.894,26.905,-0.0232,0.0033,9.7886,-0.4945,0.3905,-0.5944
4605,900,827,33.801,26.974,0.0215,0.033,9.8422,-0.3259,0.2898,-0.1486
4610,888,825,33.882,26.828,0.0298,0.0005,9.8509,0.4326,0.8698,-0.7189
4615,875,824,33.777,26.892,-0.0702,-0.1115,9.857,-0.1879,-0.3343,-0.2853
4620,860,827,33.807,26.906,-0.0608,0.0442,9.8613,-0.9106,-1.0751,0.3399
4625,856,825,33.866,26.902,0.0099,0.0052,9.7537,0.1042,0.4686,-0.2721
4630,833,825,33.808,26.959,-0.009,-0.023,9.9038,1.7315,0.1078,0.4905
4635,837,823,33.935,26.769,-0.012,-0.111,9.8351,0.4622,-0.2449,0.3184
4640,824,819,33.845,26.864,-0.098,-0.1031,9.888,0.3301,0.326,0.8445
4645,822,823,33.939,26.849,-0.0715,0.0463,9.8181,0.1499,0.4641,0.3423
4650,804,819,33.974,26.87,-0.0527,-0.1367,9.7814,-0.2948,0.5872,-0.382
4655,799,817,33.83,26.958,0.0143,0.0018,9.7895,-0.1458,0.3482,0.3172
4660,787,816,33.869,26.808,0.02,-0.0031,9.7342,-0.2336,0.3767,-0.2364
4665,783,818,33.866,27.002,-0.0473,-0.0167,9.8089,-0.7613,0.177,0.0534
4670,779,816,33.82,26.931,-0.0701,-0.0241,9.8685,0.2318,0.4186,-0.5763
4675,771,823,33.825,26.903,0.0234,0.0623,9.8218,0.0709,0.1975,-0.0688
4680,771,818,33.784,26.846,-0.0006,0.0776,9.8005,0.8453,-0.5912,0.3572
4685,768,819,33.817,26.807,-0.0542,0.0737,9.7506,-0.81,0.4932,-0.1343
4690,764,819,33.776,26.89,0.0153,-0.016,9.8054,-0.2302,-0.7502,0.5776
4695,761,818,33.841,26.83,-0.0372,0.0116,9.8255,-0.6304,-0.0601,-0.0553
4700,753,817,33.872,26.904,-0.0599,0.0181,9.8293,-0.1271,0.3113,-0.3615
4705,756,815,33.937,26.94,-0.0296,-0.0416,9.7699,-0.0466,0.3346,0.3316
4710,753,814,33.806,26.821,0.0698,0.046,9.8178,-0.1492,0.1884,-0.6693
4715,747,820,33.945,26.871,-0.0179,0.0331,9.8536,1.1248,-0.0424,-1.0716
4720,747,815,33.829,26.871,-0.0027,0.091,9.7978,0.2227,-0.7995,0.0201
4725,740,815,33.896,26.879,-0.0929,-0.0253,9.6806,-0.0454,-0.1784,-0.0668
4730,758,812,33.854,26.781,0.0632,0.0168,9.805,-0.289,0.4279,-0.7765
4735,752,820,33.811,26.912,0.0217,-0.0331,9.8941,-0.4045,-0.0756,0.0037
4740,762,815,33.812,26.925,0.0182,-0.0691,9.8394,0.3886,-0.1158,-0.3235
4745,769,813,33.702,26.806,-0.0124,0.0222,9.8033,-0.3639,0.2672,0.2006
4750,761,814,33.939,26.934,0.0957,-0.0312,9.7757,-0.6868,-0.0956,0.3089
4755,783,805,33.898,26.962,-0.0888,0.0097,9.865,0.6467,-0.1154,-1.0716
4760,787,807,33.811,26.91,0.0485,-0.0214,9.8751,-0.2221,0.568,1.0622
4765,788,810,33.88,26.874,0.0274,-0.0298,9.7582,0.0356,1.2486,0.1072
4770,801,808,33.848,26.864,-0.0796,0.0172,9.7386,0.7728,0.2842,0.2043
4775,815,802,33.818,26.855,-0.0264,0.0278,9.7476,-0.0894,-0.1434,0.2262
4780,812,804,33.883,26.778,0.0846,0.0501,9.8609,0.603,0.8996,0.3784
4785,838,810,33.806,26.946,0.0644,0.0466,9.7631,0.6226,1.1497,-1.1695
4790,843,804,33.855,26.976,0.0412,0.0231,9.8625,0.6234,-0.3508,-0.7971
4795,864,802,33.874,26.839,-0.0194,-0.0092,9.7718,0.288,0.285,0.1309
4800,873,798,33.808,26.974,-0.0436,-0.0704,9.8562,-0.5877,0.297,1.4007
4805,891,799,33.839,26.923,-0.0443,0.0188,9.8387,-0.0235,0.4903,0.0386
4810,900,796,33.865,26.914,-0.048,-0.1217,9.7853,0.1623,-0.3491,0.3901
4815,914,797,33.828,26.888,-0.0017,-0.0116,9.7848,-0.4548,0.1066,0.2551
4820,925,792,33.832,26.951,-0.0472,0.0422,9.8036,-0.3439,-0.4807,-0.9246
4825,938,793,33.93,26.861,-0.0798,0.0173,9.7935,0.1476,-0.0311,0.535
4830,956,789,33.93,26.84,-0.0713,-0.0637,9.8602,0.067,-0.0497,-0.5622
4835,967,793,33.874,26.917,0.0142,-0.0261,9.8301,0.5512,0.5049,0.1162
4840,977,781,33.854,26.856,0.0031,0.0279,9.7595,-0.1356,0.806,-0.2613
4845,991,782,33.867,26.948,-0.0577,0.0162,9.8442,0.8248,-0.174,-0.1327
4850,1008,783,33.765,26.977,0.0727,0.0972,9.8978,-0.3185,-0.6772,-0.0429
4855,1017,779,33.919,26.916,0.002,-0.0454,9.8503,0.0535,0.1549,-0.1074
4860,1034,778,33.886,26.898,-0.055,0.0159,9.7548,0.0243,-0.1393,-1.4123
4865,1041,776,33.823,26.899,0.0965,-0.048,9.7695,0.5183,-0.4391,-0.5446
4870,1060,774,33.918,26.874,-0.0593,-0.0966,9.7999,0.2582,-0.9923,0.3007
4875,1074,768,33.879,27.017,-0.0257,0.0214,9.8451,-0.5859,-0.3362,1.1527
4880,1080,772,33.839,26.954,-0.0425,-0.0161,9.7336,0.3008,0.3055,0.9549
4885,1093,772,33.836,26.889,0.0257,-0.0433,9.81,-0.3076,-0.645,0.1253
4890,1113,768,33.883,26.973,-0.0121,-0.0053,9.7894,-0.0646,0.1093,0.0527
4895,1110,756,33.941,26.911,0.0248,-0.0578,9.8118,0.5938,-0.3259,0.8224
4900,1121,767,33.851,26.946,-0.0239,0.0657,9.7872,0.2167,1.4321,0.2743
4905,1124,757,33.796,26.933,0.0213,-0.0352,9.772,0.1023,0.556,-0.0357
4910,1143,760,33.899,26.943,-0.0253,0.0467,10.007,-0.1404,0.7117,0.9176
4915,1145,758,33.87,26.873,0.0393,0.056,9.7904,0.418,0.214,0.0141
4920,1154,755,33.806,26.912,-0.0703,0.021,9.7496,0.3283,-0.0915,0.565
4925,1162,747,33.762,26.958,-0.0029,-0.0578,9.7337,1.0031,0.162,0.3111
4930,1164,749,33.852,27.054,0.0654,-0.0273,9.8043,0.3554,-0.2772,0.6549
4935,1166,755,33.88,26.853,-0.085,0.0144,9.7835,0.1023,0.9727,0.1258
4940,1179,754,33.946,26.966,-0.0765,0.0325,9.7832,-0.407,0.9195,0.8254
4945,1175,747,33.794,26.903,-0.0309,-0.0791,9.827,-0.4189,0.2201,0.5277
4950,1190,749,33.806,26.896,0.012,-0.0146,9.7286,-0.5267,0.9978,-0.109
4955,1191,749,33.849,26.897,-0.0546,0.0652,9.8205,-1.1106,-0.4477,-0.3091
4960,1183,747,33.905,26.948,0.0624,0.0016,9.8493,-0.1089,-0.1917,-0.3013
4965,1192,753,33.811,26.941,0.0265,-0.0549,9.8158,-0.3423,0.2497,0.1529
4970,1190,749,33.93,26.939,0.0817,-0.004,9.7785,0.6879,0.2385,0.6906
4975,1192,749,33.849,26.845,0.0064,-0.0288,9.766,-0.7635,0.4275,0.3078
4980,1184,752,33.868,27.003,0.0036,-0.0486,9.8306,-0.0702,-0.0362,0.0309
4985,1196,750,33.819,26.884,-0.0751,-0.0143,9.7867,-0.4116,-0.8516,0.0004
4990,1179,753,33.856,26.864,-0.0073,0.004,9.7164,0.0039,-0.6192,-0.0617
4995,1182,747,33.905,26.971,-0.0151,0.0383,9.8807,-0.3487,-0.152,-0.6966
5000,1183,749,33.872,26.923,0.0553,-0.025,9.7765,0.6516,0.2348,0.095
5005,1173,753,33.846,26.794,0.0404,-0.0558,9.9241,0.1807,-0.3382,-0.1148
5010,1167,752,33.935,26.863,0.0235,0.0206,9.7503,-0.4508,-0.4781,0.2211
5015,1172,763,33.902,26.897,0.0975,-0.0016,9.845,1.2414,0.0392,-0.2197
5020,1166,755,33.912,26.901,0.0731,0.0287,9.827,-0.4233,0.2056,0.221
5025,1164,762,33.818,26.995,0.0074,-0.0555,9.7777,-0.3125,-1.0072,0.3991
5030,1174,762,33.835,26.955,0.0543,0.0107,9.8403,-1.9095,0.3162,0.1825
5035,1154,764,33.919,26.952,0.0344,-0.1182,9.8036,-0.2304,-0.1542,0.0424
5040,1151,770,33.831,26.861,-0.0837,0.034,9.8298,0.0883,0.5783,-0.2004
5045,1146,771,33.815,26.92,0.0988,-0.0124,9.7868,0.2664,-0.7455,0.0522
5050,1139,771,33.9,26.859,0.016,-0.0165,9.8262,0.1233,0.1065,0.4853
5055,1146,768,33.829,26.928,0.0243,0.1103,9.84,-0.5045,-0.5662,0.0153
5060,1136,778,33.9,26.998,-0.0491,0.0393,9.8226,-0.0766,0.1839,0.4454
5065,1136,777,34.045,26.816,0.0621,-0.0125,9.7232,0.3559,-0.1874,-0.4825
5070,1127,782,33.798,26.876,-0.0105,-0.0278,9.8365,-0.4618,-0.0978,0.009
5075,1121,790,33.871,26.938,-0.0317,0.0151,9.7638,0.3723,-0.3671,0.4285
5080,1124,783,33.82,26.865,0.0139,0.0586,9.7001,0.4647,-0.6827,-0.6845
5085,1118,786,33.858,26.883,0.0386,0.0213,9.9052,0.2953,0.0812,-0.4994
5090,1109,791,33.96,26.929,0.003,-0.0614,9.8584,0.744,0.6624,-0.1313
5095,1114,796,33.945,26.931,-0.0601,0.0052,9.8406,-0.1607,-0.1963,0.4654
5100,1104,801,33.781,26.96,-0.0101,0.0098,9.8228,-0.1389,0.0991,1.0123
5105,1098,803,33.824,26.903,-0.0037,0.0198,9.7981,0.4197,-1.1337,-0.2126
5110,1106,803,33.854,26.892,0.047,-0.0021,9.7825,-0.0303,-0.2473,0.4909
5115,1108,809,33.796,26.968,-0.0475,-0.0777,9.8069,1.1334,0.0233,0.5052
5120,1101,815,33.898,26.866,-0.0964,0.0414,9.7991,0.4046,1.0854,0.5551
5125,1101,815,33.904,26.832,-0.0664,0.0469,9.7686,-0.1593,0.3538,-0.1969
5130,1095,815,33.807,26.896,0.0469,0.0115,9.9439,0.8643,-0.6726,0.231
5135,1096,819,33.811,26.923,-0.0033,0.0994,9.7861,-0.0575,-0.1446,-0.2629
5140,1087,818,33.978,26.862,0.0467,0.0148,9.7038,0.5941,-0.2442,-0.5112
5145,1090,823,33.744,26.96,0.0115,0.0685,9.7178,0.8379,1.0804,-0.4958
5150,1089,822,33.881,26.912,-0.0009,0.0435,9.837,0.5026,0.0934,0.4389
5155,1084,826,33.911,26.863,0.0353,0.0259,9.7734,-0.3061,0.1415,-0.864
5160,1076,829,33.88,26.844,0.0079,0.0202,9.7697,0.0389,0.3643,-0.1106
5165,1080,825,33.864,26.991,-0.0282,0.0105,9.7703,0.9397,0.8468,0.546
5170,1078,829,33.888,26.915,-0.0057,0.0692,9.8197,0.5461,-0.4058,-0.3224
5175,1071,834,33.793,26.877,0.017,0.0413,9.8152,-0.0649,-0.1257,-0.074
5180,1063,840,33.923,26.847,0.1157,0.0125,9.8476,-0.7618,-0.1985,-0.2397
5185,1062,836,33.909,26.897,-0.0319,-0.0271,9.7815,0.7115,0.4406,-0.0542
5190,1063,839,33.845,26.98,0.1009,-0.0164,9.7838,0.3976,-0.3765,0.044
5195,1056,837,33.77,26.808,-0.0487,0.0028,9.8714,0.1853,-0.1491,0.1164
5200,1051,837,33.834,26.966,0.0044,-0.0243,9.8282,-0.3929,0.3547,-0.7142
5205,1051,836,33.895,26.886,0.0582,-0.0434,9.8421,-0.5032,-0.3325,-0.54
5210,1045,834,33.912,26.786,0.0263,0.0153,9.8088,-0.2824,-0.633,0.7073
5215,1046,838,33.906,26.914,0.045,-0.0382,9.7411,0.2023,-0.1657,-0.3731
5220,1036,839,33.799,26.889,0.0067,0.0353,9.8392,-0.8834,0.724,-0.4337
5225,1024,842,33.903,26.912,0.0541,0.1184,9.7658,-0.1501,-0.3958,-0.1703
5230,1020,844,33.855,26.874,-0.0402,0.0051,9.7442,-0.5925,-0.2971,0.4246
5235,1009,839,33.83,26.867,-0.0066,-0.0371,9.9151,0.1312,-0.5215,-0.6156
5240,1004,831,33.789,26.917,0.0458,0.0534,9.8736,-0.0453,0.6723,-0.2356
5245,1003,838,33.862,26.879,-0.0453,-0.0308,9.8214,-0.0432,0.2148,0.3799
5250,994,836,33.938,26.912,-0.0162,-0.0365,9.8014,-0.057,-0.0455,0.0898
5255,982,834,33.862,26.948,-0.0127,0.0207,9.8149,0.0218,0.0922,0.1815
5260,969,831,33.922,26.833,-0.0756,-0.0099,9.7643,0.3219,-0.6954,0.088
5265,969,832,33.86,26.903,0.0167,0.0329,9.7233,0.3914,-0.6917,-0.3728
5270,948,833,33.824,26.915,-0.0471,0.066,9.8293,0.8655,-0.0819,0.9228
5275,948,831,33.848,26.867,-0.0643,-0.004,9.7396,0.2019,-0.018,-0.5464
5280,934,834,33.894,26.887,-0.0105,-0.0418,9.8183,1.1111,-0.4038,-0.3736
5285,933,834,33.851,26.913,0.0249,0.0058,9.8238,-0.0165,-0.5573,-0.2756
5290,920,823,33.855,26.884,-0.0407,0.0076,9.7987,-0.2752,0.418,-0.6358
5295,899,827,33.795,26.944,0.0509,0.0815,9.8735,-0.1855,-0.1293,0.9615
5300,888,830,33.916,26.899,0.0203,0.0649,9.795,0.0047,0.0769,0.2042
5305,881,832,33.887,26.915,0.0302,0.1103,9.822,-0.5048,-0.0758,0.2248
5310,880,828,33.879,26.835,0.0169,-0.0549,9.8049,0.0619,0.1665,0.6709
5315,865,831,33.921,26.896,0.078,-0.0135,9.7553,-0.3047,0.2463,1.2552
5320,854,824,33.814,26.907,0.048,-0.0382,9.7819,-1.2783,-0.3659,-0.4684
5325,848,820,33.914,26.881,0.0078,0.0478,9.8041,0.2456,0.2773,0.373
5330,842,829,33.959,26.938,0.0587,-0.0076,9.8403,0.3627,0.6379,-0.8871
5335,825,824,33.851,26.809,0.0135,0.0544,9.8355,1.0863,-0.0392,0.2077
5340,818,825,33.842,26.963,0.0085,0.0643,9.7749,0.2223,-0.2817,-1.0364
5345,814,824,33.899,26.907,-0.0406,0.0089,9.8664,-0.1054,0.889,-0.1553
5350,807,827,33.926,26.957,-0.0497,-0.1059,9.8263,-0.0317,-0.0174,0.3318
5355,792,824,33.826,26.958,-0.0717,0.0612,9.7989,-1.1915,0.7409,-0.0694
5360,782,826,33.817,26.922,0.031,0.0115,9.803,0.4722,0.5606,-0.1891
5365,780,818,33.878,26.895,-0.06,0.0014,9.8355,0.0438,0.3916,-0.5445
5370,768,819,33.913,26.865,0.0023,-0.0595,9.9317,0.3033,-0.1923,0.378
5375,767,827,33.86,26.971,-0.0659,0.0477,9.8206,0.3535,0.8815,0.1486
5380,753,822,33.827,26.899,-0.024,-0.0772,9.7807,0.2526,-0.2252,0.8064
5385,746,816,34.007,26.841,0.0289,0.0265,9.8242,0.2501,-0.6232,0.4822
5390,758,816,33.912,26.92,-0.0093,0.0165,9.8917,0.0581,-0.3644,0.1102
5395,746,822,33.868,26.906,0.0145,0.0566,9.8099,0.2831,0.5203,0.1605
5400,749,817,33.94,26.866,0.0407,0.053,9.806,0.5773,-0.0891,0.3672
5405,743,816,33.946,26.876,0.0335,-0.0397,9.7711,0.0749,0.8881,-0.2251
5410,746,818,33.804,26.914,0.0566,-0.0854,9.8579,-0.5508,1.1587,0.314
5415,745,813,33.897,26.944,0.0084,0.0266,9.7699,0.1136,-0.3529,-0.8017
5420,746,817,33.877,26.994,0.0319,-0.0343,9.8965,0.9233,0.3489,-0.115
5425,759,818,33.865,26.908,0.0304,0.0142,9.8634,0.0181,0.8127,-0.1229
5430,750,813,33.799,26.899,-0.0204,-0.0388,9.8243,-0.5702,0.4619,0.7202
5435,755,812,33.868,26.988,0.0562,-0.0257,9.8065,0.9225,0.2585,0.1043
5440,767,806,33.915,26.95,0.0791,-0.0016,9.7511,-0.6174,-1.0676,0.0596
5445,770,811,33.923,26.871,0.0087,-0.0329,9.8123,0.2367,0.3533,0.8297
5450,779,806,33.8,26.965,-0.0882,0.0224,9.7619,-0.6001,0.927,0.0315
5455,795,805,33.89,26.945,0.0305,-0.031,9.8213,0.4539,-0.2049,0.3551
5460,802,808,33.884,27.008,-0.0531,0.0643,9.8621,0.7877,-0.6374,-0.7955
5465,804,808,33.833,26.98,0.0226,0.0011,9.8371,-0.4672,-0.5134,-0.28
5470,806,808,33.815,26.967,0.033,-0.0442,9.8147,-0.0236,0.213,0.5395
5475,825,803,33.934,26.917,0.0498,0.0471,9.7263,0.6672,-0.1209,-0.2843
5480,843,805,33.9,26.851,0.004,0.022,9.7907,0.5258,-0.8636,-0.3875
5485,843,807,33.903,26.882,-0.0198,-0.031,9.7465,-0.7167,-0.1757,-0.4568
5490,856,805,33.751,27.055,0.1004,-0.0676,9.7552,-0.4193,0.6735,0.8019
5495,867,801,33.947,26.975,-0.0131,0.0336,9.7528,-0.673,-0.748,0.1262
5500,881,795,33.848,27.004,0.0668,-0.0394,9.8504,0.11,0.2389,-0.1793
5505,885,795,33.827,26.951,-0.0217,0.0335,9.8316,-0.7369,0.3912,-1.4606
5510,914,795,33.85,26.942,-0.0596,-0.0093,9.7886,-0.4503,-0.4462,-0.1224
5515,926,792,33.894,26.883,-0.0854,0.0278,9.8415,-0.2413,-0.2407,0.2768
5520,939,784,33.887,26.816,0.0439,0.0121,9.8085,-0.1748,0.4962,-0.0473
5525,949,794,33.859,26.975,0.0302,-0.0375,9.7516,0.4397,0.3786,0.1332
5530,966,790,33.861,27.022,0.0003,-0.035,9.7889,-0.3298,-0.3302,0.8289
5535,983,781,33.859,26.945,0.0483,0.047,9.8504,-0.7032,0.2737,-0.5177
5540,998,779,33.891,26.967,-0.0419,-0.03,9.7984,1.105,-0.9483,-0.3318
5545,1010,785,33.865,26.996,0.0119,-0.0178,9.6884,0.9108,0.0346,0.5326
5550,1024,775,33.935,26.922,0.0231,-0.0527,9.8072,0.5058,-0.1489,-0.0804
5555,1033,780,33.899,26.916,-0.0932,-0.0094,9.775,-0.2282,0.0999,0.2051
5560,1044,775,33.903,26.903,0.033,-0.0278,9.9172,0.2591,-0.5024,0.1984
5565,1065,773,33.864,26.905,-0.0035,-0.0437,9.8482,-0.9764,0.0189,-0.027
5570,1065,771,33.79,26.882,0.0143,0.0075,9.9591,-0.5982,0.4254,0.1378
5575,1079,769,33.819,26.898,-0.0876,-0.0487,9.8043,0.3572,0.0057,-0.2231
5580,1089,766,33.973,26.883,0.0191,0.0097,9.874,-0.3052,0.5584,0.0075
5585,1107,764,33.845,26.915,-0.1064,-0.006,9.8191,-0.0439,-0.8017,0.5497
5590,1119,760,33.872,26.908,0.1259,-0.0106,9.7764,-0.2759,0.1954,-0.44
5595,1123,755,33.859,26.891,0.0393,0.0165,9.8032,-0.3133,0.137,-0.3953
5600,1133,750,33.956,26.946,-0.004,-0.0428,9.8192,-0.898,-0.3567,-0.0747
5605,1141,758,33.805,26.888,0.0083,0.0404,9.811,0.2815,-0.4713,-0.0567
5610,1142,750,33.746,26.917,0.0092,0.0773,9.7248,-0.4669,-0.763,0.6206
5615,1165,754,33.943,26.966,0.0821,-0.0227,9.8099,-0.879,0.4547,-0.2313
5620,1173,752,33.752,26.862,0.0221,0.0187,9.8981,0.196,0.5165,-0.3043
5625,1165,757,33.815,26.943,0.0627,-0.0667,9.838,-0.4338,-0.7721,-0.2072
5630,1174,753,33.825,26.839,-0.0042,0.0706,9.8031,0.1895,-1.0764,-0.0748
5635,1168,746,33.829,26.899,0.0072,0.0083,9.8301,0.4785,0.5701,1.006
5640,1181,752,33.846,26.83,-0.0506,-0.0369,9.8343,0.6136,-0.1257,0.2
5645,1187,752,33.819,26.914,0.0131,0.0588,9.7708,-0.1523,-0.0018,0.6323
5650,1187,751,33.86,26.936,0.0106,0.053,9.776,0.198,0.7234,0.0959
5655,1187,755,33.782,26.865,-0.0002,-0.0796,9.7843,0.9403,-0.7828,0.1866
5660,1192,754,33.898,26.997,0.0507,0.0014,9.9008,0.0118,0.5146,-0.9344
5665,1175,745,33.796,26.958,0.0584,0.0456,9.8424,-0.0263,-0.5055,1.5651
5670,1191,747,33.908,26.948,-0.0687,-0.0146,9.7707,0.0589,0.667,0.1466
5675,1196,751,33.803,26.965,-0.0624,0.0975,9.7991,0.0822,-0.6398,-0.2779
5680,1191,746,33.851,26.889,-0.0598,-0.002,9.7608,0.0514,0.3026,0.2462
5685,1181,749,33.899,26.951,0.0146,-0.1039,9.8646,-0.5717,-0.1726,0.2684
5690,1193,750,33.914,26.875,-0.0938,0.0101,9.7754,0.1132,0.0338,0.3132
5695,1181,753,33.88,26.972,0.0448,0.0322,9.7924,-0.2565,-0.4113,1.3193
5700,1178,755,33.857,26.95,0.0132,-0.0293,9.7778,0.4297,-1.2646,0.7425
5705,1171,756,33.867,26.864,0.0798,0.0275,9.869,0.6402,-0.5591,0.4313
5710,1180,754,33.862,26.886,0.0472,0.0774,9.8191,-0.3163,-0.1265,0.9663
5715,1173,758,33.883,26.938,-0.0604,-0.0182,9.7862,-0.1359,-0.5095,0.1655
5720,1167,766,33.832,26.817,0.0009,0.0019,9.8209,0.2846,-0.3692,0.2913
5725,1162,761,33.814,26.899,-0.0243,0.0013,9.7769,0.672,0.5462,-0.3977
5730,1166,770,33.866,26.94,0.0189,-0.0244,9.7552,-0.1374,0.2575,1.4094
5735,1158,772,33.846,26.894,0.0475,0.0117,9.7938,-0.4199,0.0125,0.7398
5740,1149,769,33.861,26.97,0.1013,0.0229,9.8577,-0.161,-0.4254,-0.0533
5745,1137,775,33.879,26.947,0.0012,-0.1073,9.8654,-0.8248,-1.0388,-0.4908
5750,1143,782,33.955,26.832,-0.0425,0.0626,9.83,-0.1059,0.0499,-0.2632
5755,1129,776,33.928,26.93,-0.0187,0.0808,9.8071,-0.3041,0.0544,0.8273
5760,1134,776,33.831,26.995,-0.0491,-0.0578,9.9541,-0.3512,0.9889,-0.225
5765,1137,785,33.929,26.943,0.0687,-0.0568,9.7884,-0.1285,-0.621,-0.3754
5770,1126,785,33.829,26.934,0.0444,-0.044,9.8383,0.4366,0.0967,-0.0519
5775,1126,791,33.836,26.853,0.033,-0.029,9.8052,0.158,-0.5917,0.5362
5780,1111,795,33.801,26.956,0.0419,-0.0592,9.8255,-0.3607,-0.0831,0.3905
5785,1121,796,33.845,26.906,0.0334,0.0395,9.7953,-0.5502,-0.1698,-0.2297
5790,1119,800,33.913,26.969,0.0547,0.0492,9.7799,0.18,-1.1216,0.3203
5795,1118,802,33.874,26.956,-0.0495,-0.0092,9.7991,-0.3644,0.5883,0.1999
5800,1110,803,33.89,26.909,0.0176,-0.0161,9.7863,0.5753,0.1013,0.6093
5805,1104,812,33.895,26.896,-0.1077,-0.0734,9.8238,-0.5162,0.114,-0.2383
5810,1114,806,33.852,26.98,0.0613,0.0756,9.8456,0.5051,0.3695,0.2871
5815,1102,812,33.887,26.897,0.0492,0.0658,9.8711,0.011,-0.0387,-0.2009
5820,1106,818,33.945,26.947,-0.0163,-0.0072,9.7544,0.9446,-0.2319,0.1214
5825,1087,813,33.946,26.896,0.0296,-0.0767,9.8463,-0.1729,0.6078,-0.585
5830,1082,819,33.846,26.858,0.0237,0.1101,9.7116,0.6097,0.4554,0.3047
5835,1092,821,33.801,26.892,-0.0013,0.0532,9.7588,-0.7343,-0.865,-1.0253
5840,1093,826,33.921,26.865,-0.0302,-0.0066,9.7843,0.2554,-0.7432,-0.2509
5845,1092,822,33.969,26.836,0.0071,-0.0247,9.7733,0.0337,-1.0903,-0.4634
5850,1076,829,33.869,26.941,-0.0111,0.0505,9.8126,0.1243,-0.0107,-0.2127
5855,1075,830,33.875,26.86,0.0056,-0.011,9.7855,-0.6454,0.4966,-0.6504
5860,1079,830,33.996,26.796,-0.0182,-0.0033,9.79,-0.2596,0.0265,-0.3048
5865,1081,832,33.828,26.893,-0.1177,0.0457,9.843,-0.271,-0.0254,-0.4603
5870,1076,834,33.979,26.89,0.0204,-0.0125,9.8906,-0.4402,0.0557,0.3719
5875,1063,828,33.896,26.871,-0.0064,0.0541,9.9051,-0.0358,0.3734,0.63
5880,1063,831,33.841,26.906,-0.0061,-0.0721,9.9112,0.5443,-0.1253,-0.3677
5885,1062,836,33.918,26.961,-0.0566,0.0173,9.834,0.4204,0.3645,0.1433
5890,1054,832,33.826,26.901,0.0512,-0.024,9.8256,-0.5923,0.848,-0.1603
5895,1053,836,33.809,26.935,-0.0877,-0.0858,9.8443,0.0213,0.4697,0.2048
5900,1052,833,33.907,26.866,-0.0709,0.0331,9.8276,-0.5156,-0.0734,-0.1221
5905,1039,839,33.829,26.981,-0.0462,-0.0348,9.7814,-0.6551,-0.343,-0.7151
5910,1039,834,33.863,26.923,0.0704,0.0122,9.739,-0.1209,-0.5292,-0.2254
5915,1039,837,33.897,26.868,0.075,-0.0424,9.8755,0.0331,0.011,1.2393
5920,1028,837,33.873,26.892,-0.0883,0.0798,9.7312,-0.3358,0.1046,-0.1453
5925,1018,842,33.923,26.909,0.0212,0.0413,9.7774,0.0569,1.1035,-0.2619
5930,1020,844,33.821,26.881,-0.0317,0.05,9.8427,0.3696,-0.1403,-0.5962
5935,1005,834,33.924,26.96,0.021,0.0098,9.8554,0.0644,0.2492,-0.2733
5940,996,836,33.821,26.936,0.0542,0.025,9.8341,-1.3808,-0.3313,0.292
5945,995,836,33.917,26.836,-0.0116,-0.0369,9.8821,-0.1064,0.8572,-0.6539
5950,977,836,33.919,26.86,-0.0192,-0.0847,9.8367,0.2628,-1.303,-0.105
5955,970,837,33.861,26.873,-0.0207,-0.0675,9.8736,-0.1396,-0.1597,0.2657
5960,963,836,33.909,26.855,0.0513,0.0022,9.7708,0.1308,0.4416,-0.6362
5965,955,838,33.956,26.928,-0.05,-0.0111,9.8011,-0.0384,-0.7116,-1.0701
5970,947,830,33.92,26.941,0.0166,0.0332,9.6874,-0.4653,-0.2468,-0.4947
5975,938,835,33.904,26.974,-0.0733,0.0061,9.8414,0.078,0.8966,0.1292
5980,920,834,33.892,26.879,-0.0235,0.0216,9.8335,0.3734,-0.9967,-0.3781
5985,923,829,33.868,26.883,0.0621,0.0125,9.808,-0.2514,0.8376,0.0636
5990,898,830,33.951,26.867,-0.0892,-0.0906,9.757,-0.6298,-0.2271,-0.3762
5995,894,829,33.885,26.908,-0.0302,-0.0138,9.8371,0.1995,0.4207,-0.6167
6000,890,828,33.857,27.016,-0.0228,-0.048,9.7959,0.2924,-0.253,0.1265
6005,883,828,33.785,26.949,0.0405,0.0023,9.8185,-0.1539,-1.0491,0.5682
6010,867,829,33.803,26.932,-0.0195,-0.0263,9.8645,-0.2606,-0.6874,0.5263
6015,864,830,33.859,26.986,-0.0034,0.0566,9.8654,0.4277,0.6444,0.459
6020,844,827,33.777,26.827,0.0234,0.0493,9.8264,-0.2024,-0.6433,-0.2114
6025,832,823,33.787,26.921,-0.0532,0.0294,9.8257,-0.1209,-0.1292,0.7803
6030,816,825,33.893,26.903,-0.0087,-0.0931,9.8933,-0.3693,0.2402,-0.2338
6035,817,825,33.846,26.857,0.1066,-0.0254,9.8777,0.3344,0.6296,-0.0674
6040,805,824,33.809,26.95,-0.0421,0.0139,9.7528,0.3716,0.3466,0.8078
6045,794,817,33.95,26.973,-0.0381,-0.0078,9.7629,0.0607,0.8523,0.1432
6050,793,826,33.984,26.938,0.0482,-0.0199,9.771,-0.826,-0.454,-0.7576
6055,790,819,33.881,26.915,-0.0605,-0.0201,9.819,0.3287,0.0234,-0.0103
6060,782,824,33.837,26.988,-0.0117,0.014,9.7684,-0.4533,0.9611,0.8476
6065,767,826,33.806,26.916,0.0094,0.0054,9.7846,0.246,0.6205,-0.7835
6070,767,818,33.905,26.971,-0.0386,0.0552,9.7656,0.0138,-0.5048,-0.5934
6075,759,822,33.868,26.885,0.0317,0.0223,9.9172,0.6679,0.4215,-0.1877
6080,761,819,33.832,26.947,-0.1328,0.0065,9.711,-0.6794,0.4819,0.2545
6085,751,821,33.823,26.908,0.0167,0.1049,9.7407,-0.1405,0.6742,-0.1852
6090,754,821,33.905,26.961,-0.0551,0.0794,9.7915,-0.7358,0.3691,0.3089
6095,750,813,33.845,26.901,0.0194,0.1633,9.9144,-0.1383,-1.1457,-0.4525
6100,738,816,33.829,26.897,0.0422,-0.0061,9.7894,0.3015,0.6362,-0.0406
6105,747,817,33.897,26.859,0.0399,0.0323,9.8029,-0.1612,0.2385,-0.5044
6110,745,814,33.862,26.837,0.0064,-0.0134,9.7547,0.0886,-0.1379,-0.1092
6115,746,813,33.779,26.978,-0.1153,0.0316,9.8192,0.1345,0.0579,0.3456
6120,753,815,33.967,26.924,-0.0424,0.0395,9.7389,-0.4035,-0.4382,1.0096
6125,757,811,33.833,26.997,-0.0244,-0.0144,9.8299,-0.377,0.7195,0.7552
6130,764,811,33.917,26.91,0.0352,0.0359,9.8142,-0.0344,0.0823,-0.0337
6135,776,807,33.849,26.873,0.051,0.06,9.7736,1.1126,-0.0692,0.2756
6140,767,809,33.855,26.937,0.0511,-0.01,9.7085,-0.5685,-0.4589,0.3323
6145,783,811,33.826,26.904,-0.0543,0.0314,9.8239,-0.2214,0.1105,-0.9202
6150,792,813,33.888,26.905,0.0702,0.0488,9.8424,-0.0638,-0.7675,-0.4844
6155,801,804,33.777,26.998,0.0504,-0.0486,9.8465,0.421,0.7292,-0.1302
6160,796,807,33.871,26.836,-0.0754,0.0315,9.7226,0.2633,-0.5167,0.5568
6165,817,811,33.87,26.931,-0.0216,0.0362,9.879,-0.4123,0.1247,0.5681
6170,824,804,33.949,26.981,-0.0435,0.1094,9.8364,-0.0387,-0.2969,-0.301
6175,836,802,33.917,26.904,0.0422,0.0261,9.849,-0.1647,0.8227,-0.3562
6180,851,805,33.87,26.923,0.0364,-0.0518,9.796,0.0773,0.1043,-0.5823
6185,857,798,33.846,26.934,0.033,0.0048,9.833,0.0158,0.1247,-0.2158
6190,869,798,33.893,26.85,0.0646,0.0054,9.7696,0.0258,0.388,-0.1472
6195,878,802,33.762,26.903,0.0353,0.0139,9.8643,-1.1357,-0.1269,0.3556
6200,900,792,33.852,26.962,0.0757,0.0287,9.7787,0.1242,-0.0066,0.1748
6205,899,797,33.808,26.818,-0.0274,0.011,9.8145,0.4463,0.9385,0.7735
6210,921,793,33.881,26.994,-0.0046,0.0365,9.7843,0.2169,-0.2354,0.2287
6215,947,786,33.863,26.911,0.0513,0.014,9.8001,0.1044,-0.2691,-0.4378
6220,952,783,33.867,26.966,-0.0714,-0.038,9.7136,0.1297,-0.4814,-0.0234
6225,963,792,33.939,26.894,0.089,-0.0437,9.8678,0.2465,0.0576,0.2907
6230,978,784,33.752,26.812,0.0705,-0.0832,9.7893,0.0705,0.0247,-0.8806
6235,999,774,33.832,26.937,0.0275,-0.0996,9.8499,0.0212,0.6575,0.0194
6240,1012,775,33.866,26.871,0.0506,0.0532,9.8409,0.6497,-0.1624,-0.8782
6245,1030,776,33.837,26.99,0.0512,-0.0825,9.856,0.6871,1.0265,0.0389
6250,1029,774,33.831,26.956,0.0511,0.0064,9.8476,0.1444,0.0189,0.6129
6255,1039,777,33.885,27.024,-0.0204,0.0403,9.8024,-0.0165,0.2292,0.8071
6260,1062,773,33.798,26.919,0.0117,0.0214,9.8514,-0.178,0.3052,-0.9465
6265,1072,770,33.916,26.943,-0.0744,0.1001,9.8435,-0.5833,0.0631,-0.1445
6270,1083,764,33.827,27.013,0.0326,-0.0302,9.8214,-0.5104,0.495,-0.1083
6275,1091,765,33.93,26.911,0.0076,-0.0278,9.8285,-0.7068,0.4914,1.174
6280,1102,766,33.804,26.97,0.0629,0.0255,9.8253,0.4155,0.3864,-0.3831
6285,1108,764,33.982,26.987,-0.0335,0.0306,9.8501,-1.0397,-0.32,0.3339
6290,1124,764,33.831,26.911,0.0636,-0.0322,9.8485,-0.5061,-0.2384,0.4046
6295,1133,758,33.856,26.819,0.0076,0.0139,9.7933,-0.9096,0.2437,0.0651
6300,1142,769,33.848,26.869,0.023,0.0382,9.7393,-0.8592,0.5219,-0.1217
6305,1143,759,33.864,26.807,0.076,0.1198,9.7839,0.0005,0.1202,-0.1512
6310,1157,755,33.931,26.85,0.0091,-0.0672,9.7915,1.2799,-0.08,-0.0455
6315,1163,752,33.88,26.929,-0.0081,-0.0613,9.7725,-0.2248,0.6951,-0.0195
6320,1169,754,33.9,26.895,-0.0768,-0.0701,9.8338,-0.0241,-0.5975,0.3732
6325,1185,756,33.945,26.915,0.0081,0.093,9.8081,0.3323,-0.0746,-0.2549
6330,1168,751,33.844,26.914,-0.0019,0.0069,9.8122,-0.1934,-0.2703,-0.2187
6335,1180,748,33.908,26.952,0.0115,-0.0361,9.7601,0.5029,-0.1966,-0.5454
6340,1188,752,33.847,26.923,0.0195,-0.0047,9.8198,-0.7441,0.1792,0.3992
6345,1187,752,33.873,26.965,-0.0147,-0.0123,9.841,-0.0618,-0.7896,-0.4349
6350,1184,752,33.808,26.925,-0.0438,0.0768,9.8325,0.7518,-0.0817,0.0108
6355,1184,749,33.852,26.879,0.0047,0.0035,9.8548,-0.2339,-0.0945,0.3251
6360,1186,757,33.841,26.87,-0.0317,-0.0464,9.9136,-0.0127,-0.0298,-0.4396
6365,1200,747,33.914,26.876,0.0323,-0.0024,9.7702,-0.2077,-0.9135,-0.3017
6370,1181,754,33.856,26.889,-0.0757,-0.0835,9.7824,-0.2036,0.5583,-0.6964
6375,1182,749,33.938,26.956,0.0417,-0.0195,9.8277,0.577,-0.8248,0.1789
6380,1187,750,33.962,26.914,-0.0152,0.0193,9.8258,0.0832,-0.4333,-1.0226
6385,1185,748,33.849,26.9,-0.0406,-0.009,9.8433,-0.4629,-0.3949,-0.3153
6390,1178,755,33.808,26.965,-0.0161,-0.0945,9.83,0.2581,-0.3526,0.1808
6395,1181,756,33.921,27.018,0.1215,0.0469,9.7679,-0.3883,-0.1108,0.2561
6400,1171,760,33.827,26.98,0.046,0.0228,9.8611,-0.4505,0.3889,-0.2093
6405,1173,759,33.864,26.821,-0.1128,-0.1093,9.7804,0.7709,0.0907,0.3162
6410,1174,765,33.921,26.974,0.0194,-0.0186,9.8134,-0.6344,0.9079,0.1577
6415,1172,760,33.825,26.898,-0.0743,-0.0774,9.8622,-0.3917,0.4298,-0.4444
6420,1175,763,33.853,26.977,-0.015,0.0681,9.8827,0.0846,-0.134,1.0113
6425,1164,770,33.852,26.945,0.0672,0.0338,9.87,0.2085,-0.1975,-0.7211
6430,1160,769,33.896,26.839,0.1212,0.024,9.7511,0.4059,0.9121,0.9576
6435,1149,771,33.807,26.878,-0.0014,0.0047,9.7665,-0.1797,1.062,-0.5855
6440,1153,776,33.958,26.927,0.0611,-0.0712,9.8908,-0.6218,-0.1341,-0.128
6445,1139,773,33.943,26.859,-0.035,0.0767,9.8287,-0.4824,0.4563,-0.6063
6450,1124,775,33.732,26.884,0.0489,-0.0078,9.7667,-0.6457,-0.042,0.6128
6455,1139,784,33.906,26.942,0.0109,-0.0806,9.7979,-0.1,-0.1073,-0.0401
6460,1121,791,33.82,26.844,0.0841,-0.024,9.8809,0.1387,-0.2588,0.2627
6465,1131,782,33.829,26.871,-0.0011,0.0167,9.7661,0.0258,-0.0979,0.35
6470,1114,795,33.924,26.914,0.0072,0.0148,9.8069,0.0206,-0.1582,0.477
6475,1122,790,33.966,26.968,-0.0048,0.0155,9.7999,0.7435,-0.2759,0.1455
6480,1122,791,33.865,26.99,0.0153,-0.0017,9.7295,-0.3433,-0.3021,-0.1325
6485,1114,795,33.847,26.907,0.0358,0.0051,9.8037,-0.3606,0.556,-0.1081
6490,1110,799,33.984,26.839,-0.0381,-0.0453,9.7478,-0.1769,-0.3388,0.1125
6495,1108,803,33.846,26.924,-0.0008,-0.0305,9.7677,0.7561,0.6194,0.1912
6500,1108,806,33.919,26.917,0.0298,0.0674,9.8838,-0.4903,0.7227,-0.024
6505,1108,808,33.886,26.885,0.0483,0.0524,9.87,0.4809,-0.1069,0.1555
6510,1102,812,33.849,26.857,0.0141,-0.0314,9.7737,-1.1224,-0.3679,0.043
6515,1103,810,33.865,26.935,-0.014,0.0803,9.7632,-0.8869,0.3057,-0.4509
6520,1092,824,33.922,26.967,0.0293,0.0001,9.7545,0.4604,0.3437,0.4622
6525,1089,816,33.833,26.892,-0.0002,0.0522,9.8709,0.6568,0.309,0.45
6530,1094,822,33.88,26.867,0.1187,-0.0499,9.8505,0.611,-0.781,-0.0504
6535,1084,824,33.827,26.874,0.022,0.0104,9.7631,0.6443,0.375,-0.106
6540,1090,818,33.802,26.883,0.0749,-0.0337,9.7658,0.6029,-0.2483,0.1485
6545,1080,821,33.91,26.86,-0.0051,0.0467,9.7987,0.2483,0.0243,0.0258
6550,1081,831,33.862,26.922,0.055,0.069,9.9154,0.7334,-0.7007,0.6426
6555,1079,827,33.856,26.889,0.0427,0.0952,9.8374,-0.4779,-0.2228,-0.9969
6560,1073,834,33.83,26.891,0.0439,-0.002,9.849,0.2334,0.6938,-0.7411
6565,1078,824,33.836,26.957,0.0462,0.0215,9.7621,-0.7815,1.0105,0.8176
6570,1064,832,33.848,26.9,-0.0075,-0.0158,9.8148,0.437,0.1424,0.1649
6575,1069,828,33.92,26.946,-0.0098,-0.1228,9.7266,-0.4997,1.0853,0.2534
6580,1065,840,33.855,26.967,-0.0749,0.0618,9.8018,0.102,-0.8565,-0.2965
6585,1062,835,33.933,26.99,-0.0284,0.0199,9.8045,-0.0031,0.0581,0.9232
6590,1052,833,33.941,26.936,0.0932,-0.0433,9.8527,-0.5895,0.5927,-0.2708
6595,1045,838,33.913,26.92,0.0447,0.0358,9.8509,0.0277,-0.3658,-0.1906
6600,1041,836,33.932,26.907,0.0746,-0.0497,9.8476,-0.1907,0.195,-0.0086
6605,1030,842,33.863,26.986,-0.0027,-0.0054,9.7513,0.1095,-0.2231,-0.5566
6610,1030,837,33.886,26.948,-0.0703,-0.0181,9.8161,0.5187,-0.7317,-1.7958
6615,1026,845,33.847,26.876,-0.0344,0.0131,9.8475,-0.6578,0.6858,-0.5447
6620,1023,838,33.916,26.864,-0.069,-0.0133,9.8204,-0.451,0.6465,0.2803
6625,1016,845,33.893,26.913,0.0201,-0.0044,9.7634,0.7646,-0.0328,1.0383
6630,999,836,33.855,26.821,-0.0727,-0.0573,9.7928,-0.3147,0.8455,-0.0034
6635,995,837,33.885,26.963,0.096,-0.0661,9.8545,-0.7687,0.3034,0.1272
6640,994,839,33.833,27.015,0.0007,-0.0044,9.8701,-0.1952,-0.0845,0.4239
6645,992,834,33.829,26.867,-0.0507,-0.0273,9.7937,-0.2597,0.3142,0.1702
6650,970,836,33.838,26.875,0.1274,-0.0024,9.8506,0.1627,-0.9261,0.212
6655,966,832,33.845,26.908,-0.0154,0.0215,9.7493,0.0543,0.4436,-1.1083
6660,958,840,33.885,26.951,0.0676,-0.0176,9.7882,0.3822,-0.2896,0.4002
6665,947,837,33.914,26.926,-0.1104,0.0058,9.8195,-0.0075,-0.1123,0.0728
6670,944,834,33.819,26.898,0.089,0.0591,9.8341,0.1999,-0.0367,0.0207
6675,921,833,33.766,26.923,-0.0766,-0.0812,9.863,-0.0986,0.4294,0.3281
6680,921,835,33.908,26.962,-0.0625,-0.0423,9.785,-0.032,-0.1069,0.5629
6685,909,832,33.989,26.891,-0.0416,0.0127,9.8516,0.9868,-0.0966,0.2521
6690,893,831,33.932,26.886,0.0663,0.0096,9.8637,-0.2053,0.2594,0.1004
6695,889,828,33.797,26.852,-0.0217,0.0474,9.8267,-0.3306,0.8394,-0.4293
6700,881,828,33.854,26.862,-0.0568,-0.0217,9.8325,0.2688,0.8756,-0.7673
6705,869,827,33.813,26.837,-0.003,0.0442,9.7431,0.2118,0.808,0.9718
6710,852,830,33.906,26.924,-0.0022,-0.0787,9.8422,-0.3097,-0.9494,-0.4343
6715,841,829,33.807,26.914,-0.0388,0.1027,9.8289,0.0564,0.2579,0.649
6720,836,825,33.815,26.991,0.0455,0.0497,9.8301,-0.5871,0.9856,-0.072
6725,824,825,33.838,26.921,-0.0564,-0.0156,9.8703,-0.2526,0.0484,-0.2086
6730,816,826,33.916,26.923,-0.0066,0.0657,9.7538,-0.6528,-0.1857,0.1515
6735,813,819,33.812,26.943,-0.0073,-0.046,9.8017,0.0522,0.6045,-0.1013
6740,802,824,33.902,26.919,0.0445,0.0001,9.8442,0.6574,-0.0744,1.0336
6745,785,819,33.866,26.927,-0.0507,0.0331,9.7832,0.5092,-0.0509,0.2815
6750,788,824,33.857,26.911,0.0135,0.0356,9.8939,0.8627,0.3042,0.0639
6755,776,824,33.946,26.94,0.0213,0.0326,9.7264,-0.0436,0.1765,0.1711
6760,775,821,33.818,26.824,0.0643,-0.033,9.8969,-0.2555,-0.2121,-0.4555
6765,757,823,33.882,26.904,-0.0014,-0.0021,9.756,0.2951,0.2312,0.5222
6770,759,818,33.887,26.875,-0.0239,-0.0518,9.7928,0.3104,-0.2442,0.4392
6775,756,820,33.848,26.925,-0.0125,0.0297,9.8937,-0.5249,-0.4624,0.6989
6780,758,818,33.861,26.955,-0.0494,0.0423,9.9076,-0.9198,-0.5353,-0.6783
6785,751,819,33.865,26.892,0.0026,-0.0107,9.8473,0.4162,0.1937,-0.1259
6790,749,814,33.895,26.998,-0.0625,-0.0005,9.7913,0.3677,0.138,-0.1475
6795,743,815,33.845,26.91,-0.0493,-0.0429,9.772,0.4613,0.4941,0.6649
6800,740,817,33.851,26.879,-0.0845,0.0291,9.7933,-0.1796,-0.1148,-0.6192
6805,753,820,33.89,26.91,0.0243,-0.0248,9.7813,0.1793,-0.5432,-0.5658
6810,750,814,33.945,26.818,-0.028,0.0339,9.8795,-0.7608,0.4665,-0.1486
6815,761,810,33.871,26.931,0.0253,-0.0062,9.8014,-0.1708,0.327,-0.2645
6820,760,819,33.865,26.88,-0.0134,-0.0575,9.8919,-0.5138,-0.1515,0.1694
6825,762,812,33.89,26.911,-0.0594,0.0114,9.8355,-0.5128,0.3192,0.5714
6830,767,813,33.994,26.928,0.0654,-0.0211,9.8007,0.4986,0.1264,-0.3679
6835,770,811,33.92,26.934,-0.0944,0.0736,9.7666,0.0225,0.7565,-0.4295
6840,789,810,33.855,26.915,0.034,-0.0397,9.7757,0.1965,0.3488,-0.6565
6845,787,812,33.874,26.943,0.0146,-0.0006,9.7871,-0.05,0.0487,0.467
6850,794,806,33.899,26.91,0.0152,-0.0427,9.8674,-1.1455,-0.382,0.5426
6855,801,803,33.879,26.879,0.0392,0.0875,9.7295,-0.1953,0.0749,0.0934
6860,812,808,33.809,26.949,0.0287,0.0389,9.826,-0.8091,0.1792,0.2758
6865,819,807,33.871,26.959,0.0134,0.0072,9.7826,-0.2332,0.0042,0.2907
6870,829,804,33.882,26.942,0.0391,0.042,9.8306,-0.4794,0.8304,0.2583
6875,841,804,33.888,26.832,-0.0056,0.0359,9.8244,-0.0705,0.2892,-0.3684
6880,858,796,33.85,26.884,-0.0385,0.0371,9.8392,-0.0357,-0.131,0.2273
6885,870,798,33.859,26.923,0.0072,0.0393,9.8736,-0.6247,0.5147,0.402
6890,885,799,33.911,26.916,0.0416,0.0214,9.7136,0.2191,0.2712,0.1362
6895,893,796,33.915,26.939,0.0617,-0.0251,9.7936,0.2101,-0.2644,-0.6618
6900,916,791,33.98,26.849,-0.0051,0.0151,9.8056,0.4213,0.5246,0.1416
6905,920,790,33.869,26.838,0.0176,0.0123,9.8102,-0.0883,-0.3424,-0.0037
6910,943,790,33.785,26.97,0.0242,-0.0237,9.8069,0.591,0.3385,-0.1936
6915,944,784,33.868,26.998,-0.0287,0.0226,9.764,0.0781,0.0908,-0.1693
6920,961,786,33.94,26.928,-0.049,-0.0645,9.8005,-0.368,-0.2065,-0.3362
6925,984,781,33.956,26.896,0.0853,0.0503,9.845,-0.381,-0.1572,0.5618
6930,990,785,33.894,26.92,-0.0029,0.0152,9.8368,-0.0197,0.5278,0.0136
6935,1009,778,33.758,26.901,-0.0787,-0.0433,9.8125,0.2942,-0.55,1.0282
6940,1020,780,33.986,26.899,0.053,0.0371,9.7787,0.3322,0.1026,-0.1119
6945,1031,777,33.838,26.864,0.0121,0.0407,9.8108,0.2405,0.6793,0.5582
6950,1054,772,33.876,26.925,-0.032,0.0123,9.8048,0.096,0.5752,-0.2915
6955,1047,773,33.884,27.001,0.0291,-0.0401,9.7978,0.3384,0.1669,0.3478
6960,1078,769,33.827,26.874,0.0102,-0.0234,9.7792,-0.2427,1.009,0.003
6965,1072,769,33.884,26.975,0.0633,0.0593,9.8368,0.3728,-0.1918,0.8073
6970,1096,766,33.897,26.949,0.0356,0.0267,9.7719,0.1845,-0.4401,-0.3844
6975,1104,762,33.996,26.906,0.0113,0.0308,9.7565,-0.0025,-0.2593,0.769
6980,1123,759,33.835,26.914,-0.0168,0.0263,9.803,1.4188,-1.3206,0.348
6985,1116,756,33.945,26.914,0.026,-0.018,9.8053,0.1949,0.3762,0.2502
6990,1135,754,33.929,26.902,0.1204,-0.0433,9.7967,-0.2024,0.3031,0.5179
6995,1146,756,33.828,26.928,-0.0483,0.0055,9.7566,-0.1568,0.1075,-0.9765
7000,1157,751,33.896,26.885,0.0217,0.0951,9.8263,0.0025,0.1254,0.6501
7005,1149,752,33.791,26.902,0.0043,-0.009,9.7807,0.7773,-0.0417,0.8103
7010,1160,757,33.955,26.966,-0.0326,-0.0259,9.839,0.0824,0.7146,-0.1179
7015,1166,753,33.834,26.946,0.0443,-0.0439,9.7712,0.2227,0.1271,-0.1207
7020,1174,752,33.913,26.959,-0.0309,-0.026,9.7883,0.0704,-0.1062,0.1875
7025,1176,750,33.872,26.895,0.0059,0.0138,9.8084,0.1497,0.1232,-0.3191
7030,1178,747,33.93,26.961,-0.089,-0.0066,9.875,0.3522,0.2012,0.5026
7035,1188,755,33.843,26.87,-0.0122,0.0246,9.7502,-0.0391,-0.8092,0.0789
7040,1188,755,33.955,26.863,0.0519,0.0877,9.7582,1.1909,-0.2502,0.6053
7045,1179,750,33.867,26.947,-0.1191,0.0404,9.8109,0.757,0.5723,-0.1242
7050,1187,750,33.858,26.864,-0.0243,0.0264,9.7903,-1.248,-0.4304,-0.7714
7055,1192,750,33.884,26.93,-0.0214,-0.0087,9.7564,-0.1176,0.5436,1.0084
7060,1192,753,33.842,26.922,0.034,0.0144,9.8779,-0.0131,-0.7479,-0.123
7065,1192,747,33.794,26.882,0.0351,-0.0213,9.8033,-0.4693,-0.0418,-0.1292
7070,1185,753,33.821,26.909,0.0872,0.0593,9.7508,0.6427,0.8616,-0.4285
7075,1183,753,33.894,26.928,-0.048,-0.0475,9.8313,-0.0651,0.4399,0.6979
7080,1187,750,33.978,26.814,-0.0435,-0.0104,9.8068,-0.1896,0.3298,-1.056
7085,1175,753,33.867,26.925,-0.0311,0.0118,9.7957,0.3306,-0.6634,-1.8398
7090,1180,749,33.915,26.966,-0.0176,-0.0274,9.788,0.5999,-0.7973,0.2815
7095,1177,757,33.873,26.926,0.007,-0.0416,9.7628,0.2382,0.3047,-1.0109
7100,1169,761,33.859,26.896,0.0514,0.0116,9.7527,-0.4381,-0.1058,-0.7131
7105,1158,754,33.765,26.971,-0.058,-0.0612,9.7984,-0.5475,-0.4527,-0.3813
7110,1176,763,33.898,26.884,-0.0337,0.0052,9.7631,-0.3838,-0.0461,0.8622
7115,1159,760,33.853,26.91,-0.0343,-0.0135,9.808,0.2001,0.1331,0.3779
7120,1154,766,33.847,26.89,-0.054,-0.0142,9.7946,0.7957,0.0537,0.2309
7125,1162,771,33.822,26.891,-0.0133,-0.0375,9.796,1.0832,-0.4935,0.5419
7130,1154,766,33.899,26.878,-0.0717,0.0032,9.8178,0.0139,0.7254,0.1838
7135,1144,775,33.951,26.962,0.0107,0.0001,9.8276,0.9051,0.469,1.0144
7140,1145,775,33.892,26.907,0.0552,-0.008,9.7653,1.2663,0.2562,0.238
7145,1142,779,33.913,26.904,-0.0201,0.027,9.8213,0.1273,-0.0372,-0.4465
7150,1138,787,33.929,26.931,-0.0671,0.0039,9.8869,-0.3413,0.708,1.1716
7155,1138,783,33.796,26.947,0.0194,-0.0329,9.7521,-0.8616,0.0526,0.6406
7160,1130,782,33.865,26.948,0.0369,-0.0591,9.802,-0.1444,-0.04,0.0247
7165,1122,787,33.844,26.832,-0.0175,-0.0416,9.7813,0.0414,-0.1967,0.621
7170,1116,796,33.856,26.98,-0.0693,-0.0103,9.8484,-0.3604,-0.9711,0.409
7175,1121,802,33.845,26.8,0.0137,0.0047,9.7208,-0.319,-0.8987,0.3001
7180,1112,799,33.856,26.906,-0.0174,-0.1163,9.8486,0.3538,-0.7541,-0.2137
7185,1121,797,33.834,26.932,0.0886,0.0269,9.8017,-0.2034,-0.2416,-0.2523
7190,1116,803,33.882,26.994,0.0322,0.0264,9.8001,0.0324,-0.9452,-0.9676
7195,1102,802,33.879,26.897,-0.0441,0.0575,9.7833,-0.4762,0.385,-0.471
7200,1108,809,33.949,26.948,-0.0005,0.0357,9.797,0.5807,-0.2201,0.1096
7205,1106,813,33.876,26.896,0.0392,0.0768,9.7656,-0.774,0.7678,-0.6793
7210,1106,812,33.878,26.941,-0.0367,-0.0229,9.9395,-0.5778,0.1496,-0.4187
7215,1088,819,33.875,26.905,-0.0149,-0.0315,9.7776,-0.2817,-0.5452,-0.2616
7220,1084,813,33.909,26.967,-0.0463,0.0159,9.8479,0.3221,0.8543,0.041
7225,1087,821,33.936,26.904,0.0757,-0.0158,9.8848,-0.1762,-0.056,0.3063
7230,1092,830,33.801,26.923,-0.0567,0.0506,9.7956,-0.8692,0.1146,-1.0499
7235,1077,821,33.933,26.802,0.0386,0.0502,9.8277,-0.058,-0.8608,0.5076
7240,1090,829,33.904,27.039,-0.0021,-0.0344,9.8711,0.3666,-0.1207,0.6537
7245,1085,832,33.881,26.895,-0.0378,0.0533,9.7343,0.4688,0.3553,-0.6493
7250,1082,824,33.842,26.973,0.0022,-0.0215,9.8773,-0.1978,0.4077,-0.2804
7255,1085,833,33.915,26.889,-0.1044,0.0056,9.7378,-0.0358,0.0702,-0.3208
7260,1077,833,33.817,26.929,-0.14,0.0131,9.7681,-0.4995,0.7828,-0.5334
7265,1066,833,33.861,26.967,0.002,-0.139,9.8051,1.0748,-0.4714,0.0658
7270,1070,837,33.926,26.986,0.0464,0.012,9.842,-0.0529,0.5826,1.4366
7275,1069,833,33.846,26.89,0.0478,-0.0377,9.8126,0.8185,0.5688,0.058
7280,1055,837,33.879,26.957,0.0421,0.0346,9.8416,-0.2272,-0.5959,0.1055
7285,1050,842,33.894,26.955,-0.0163,-0.0348,9.7954,0.2799,-0.7139,-0.4577
7290,1040,839,33.88,26.936,0.0251,-0.0053,9.7677,0.1059,0.5919,0.0518
7295,1045,842,33.894,26.934,0.0053,-0.0204,9.8112,0.2979,-0.1818,-0.0485
7300,1035,837,33.9,26.902,0.0131,0.0048,9.7667,-0.2788,0.0133,0.295
7305,1021,838,33.858,26.929,0.0296,0.0763,9.7885,0.9916,-0.1325,0.6553
7310,1030,836,33.863,26.955,0.0314,0.0349,9.9058,0.5202,0.0675,-1.1113
7315,1015,837,33.878,26.899,0.0274,-0.0639,9.8888,-0.146,0.6947,-0.5605
7320,1006,834,33.918,26.973,0.0321,0.1079,9.8432,0.0643,-0.5514,0.073
7325,1008,838,33.842,26.859,-0.0918,-0.0125,9.7662,0.0471,-0.011,0.7212
7330,994,838,33.932,26.915,-0.0308,0.0329,9.7666,-0.2622,0.209,0.1937
7335,989,831,33.877,26.954,0.0059,-0.1506,9.8033,0.0503,0.0425,0.2211
7340,980,834,33.872,26.843,-0.0694,-0.0063,9.7758,0.18,-0.068,0.2094
7345,983,834,33.847,26.963,0.0536,-0.0588,9.8254,0.0214,0.4595,0.2912
7350,963,835,33.893,26.838,0.0037,-0.0125,9.8053,-0.4221,0.0252,-0.269
7355,951,834,33.979,26.873,-0.0072,0.0608,9.8222,-0.4151,-0.0388,-0.1773
7360,941,831,33.844,26.997,-0.078,0.0902,9.7302,-0.2179,0.8245,0.5681
7365,938,831,33.901,26.976,0.0619,-0.0996,9.8199,0.1341,-0.0575,0.2662
7370,925,830,33.861,26.831,-0.0033,-0.0053,9.7939,0.5504,-0.8125,0.3798
7375,914,836,33.844,26.887,-0.0859,0.0107,9.845,0.0349,0.5868,0.0438
7380,919,830,33.91,26.956,-0.0951,-0.0112,9.7649,-0.5888,-0.3255,0.2921
7385,894,830,33.858,26.985,-0.0,-0.0246,9.7628,0.6826,0.0319,-0.3919
7390,890,831,33.868,27.0,-0.0278,-0.0803,9.7547,1.0139,-0.3629,-0.3645
7395,866,832,33.94,26.954,-0.0182,0.0151,9.7261,-0.2332,-0.5162,-0.416
7400,867,826,33.854,26.959,-0.0167,-0.0628,9.8165,-0.7161,0.5532,0.6944
7405,852,827,33.876,26.865,0.0673,-0.0149,9.8521,0.1871,-0.0116,0.24
7410,842,829,33.926,26.929,-0.0494,-0.0537,9.848,-0.3879,0.5243,-1.3261
7415,832,822,33.894,26.907,0.0547,0.0685,9.7729,1.5263,0.3869,0.0719
7420,816,824,33.82,26.923,0.0527,0.0345,9.8694,0.6766,-0.2046,-0.3804
7425,823,826,33.89,26.916,-0.0246,0.0549,9.8196,0.4613,-0.2329,0.1887
7430,805,824,33.854,27.0,0.0977,-0.043,9.8409,-0.1185,0.3999,-0.3884
7435,806,823,33.863,26.875,-0.0416,0.0345,9.7873,0.6979,-0.5859,0.1025
7440,790,820,33.804,26.997,-0.0064,0.0083,9.7463,-0.2211,0.0119,-0.0205
7445,784,821,33.911,26.924,-0.0317,-0.0174,9.8686,-0.426,0.0446,0.9798
7450,776,813,33.825,26.881,-0.0339,0.0611,9.6999,0.0502,-0.0026,-0.2475
7455,769,823,33.854,26.919,0.0104,-0.0349,9.7672,1.0063,0.0823,-0.1394
7460,765,820,33.727,26.948,0.0426,0.0033,9.7908,0.8251,-0.5634,-0.2653
7465,763,816,33.889,26.96,0.0108,-0.0648,9.8139,0.6101,-0.4636,0.1858
7470,753,818,33.922,26.934,0.0116,0.0032,9.755,-0.0971,-0.5565,-0.0003
7475,749,816,33.894,26.935,-0.0791,-0.0676,9.893,-0.1292,0.9265,0.4019
7480,751,817,33.921,26.986,0.0469,0.0199,9.8117,0.0079,-0.3804,-0.2028
7485,751,819,33.917,26.893,-0.0771,-0.0178,9.821,0.3759,0.2245,-0.4066
7490,752,820,33.827,26.931,0.0426,0.0618,9.7295,-0.0714,-0.2708,-0.39
7495,748,818,33.993,26.936,-0.0124,-0.1089,9.7993,-0.9005,0.2151,-0.0221
7500,752,814,33.811,26.947,0.0606,0.0192,9.6709,-0.2304,0.2071,-1.3875
7505,748,824,33.887,26.935,-0.0228,-0.0051,9.8016,0.2509,0.1581,0.4997
7510,759,810,33.867,26.954,0.0025,0.0439,9.7912,0.87,0.5102,-1.1458
7515,751,816,33.885,26.944,-0.072,0.0013,9.7327,1.0461,-0.4462,0.0693
7520,761,808,33.846,26.979,-0.0538,0.0462,9.8869,0.0918,-0.4354,1.1834
7525,768,812,33.836,26.881,-0.0394,-0.0494,9.749,-1.0412,-0.8403,0.0091
7530,770,813,33.861,26.85,-0.0459,0.0282,9.8045,-0.5216,-0.5435,-0.2979
7535,783,809,33.872,26.859,0.0294,-0.0793,9.792,-0.6867,0.0381,0.0645
7540,787,806,33.861,26.982,-0.0655,-0.0215,9.8132,-0.916,-0.144,0.0962
7545,797,806,33.892,26.999,0.0485,-0.011,9.7899,-0.171,0.4048,0.5925
7550,813,803,33.895,26.919,-0.06,0.0431,9.8359,-0.4527,-0.4096,0.1315
7555,811,803,33.92,26.927,-0.052,0.0071,9.9424,0.0263,1.2401,-0.8948
7560,827,803,33.907,26.888,0.1279,-0.0328,9.7914,0.3322,-0.3939,0.3356
7565,837,802,33.863,26.898,0.0042,-0.0132,9.8416,0.2302,0.3088,-0.1154
7570,855,803,33.908,26.842,0.0045,0.0126,9.7972,-0.2807,-0.1573,-0.3575
7575,865,808,33.927,26.94,0.0202,-0.0983,9.8305,-0.1461,-0.4973,0.4935
7580,879,795,33.854,26.887,0.0698,-0.0489,9.7709,-0.4122,-0.5247,-0.6437
7585,896,800,33.82,26.922,0.0439,-0.0241,9.765,0.8325,-0.0406,0.4959
7590,887,800,33.927,26.87,0.04,-0.0769,9.8419,-0.2767,-0.5734,0.4002
7595,917,795,33.878,26.907,0.0279,-0.0048,9.8052,0.4301,0.5661,-0.5135
7600,926,786,33.803,26.928,-0.0336,-0.0287,9.7858,0.4372,0.307,-0.4506
7605,935,790,33.839,26.966,0.0534,-0.0166,9.86,0.388,0.0994,0.2167
7610,946,790,33.891,26.977,0.0551,-0.0117,9.8438,0.5285,0.1313,-0.0784
7615,964,789,33.852,26.886,-0.0299,0.0032,9.8131,-0.6444,-0.5438,-0.8349
7620,977,783,33.845,26.911,-0.0285,-0.0607,9.8346,0.3488,0.5685,0.0028
7625,995,785,33.773,27.054,-0.066,0.0077,9.8006,0.1885,0.0898,-0.6063
7630,1009,784,34.003,26.964,0.008,0.0067,9.8129,-0.8665,-0.2668,0.4649
7635,1019,778,33.831,26.98,-0.1023,0.0657,9.866,1.0919,0.0154,0.4259
7640,1038,774,33.907,26.905,0.0555,-0.0238,9.91,-0.1473,-0.1107,0.2306
7645,1049,768,33.892,26.978,-0.0847,-0.0598,9.7887,0.4318,0.2826,0.2059
7650,1063,774,34.05,26.831,-0.0945,0.0072,9.8037,-1.1163,-0.0641,0.5492
7655,1077,772,33.958,26.938,0.043,0.0106,9.8823,-0.159,0.7578,-0.4397
7660,1078,770,34.0,26.938,0.0765,-0.0657,9.8381,-0.5957,0.2518,0.4061
7665,1093,770,33.962,26.922,0.0327,-0.0865,9.7137,0.33,-0.3264,-0.6424
7670,1093,761,33.89,26.855,0.0161,-0.0918,9.8663,-0.5656,-1.0444,-0.5883
7675,1108,767,33.915,26.95,-0.0746,-0.0569,9.7745,0.1848,-0.5311,0.073
7680,1128,757,33.877,26.952,0.1654,0.0577,9.7495,0.4398,0.4599,-0.4457
7685,1132,763,33.936,26.893,0.0298,-0.0331,9.7565,-0.781,1.1756,0.6076
7690,1136,756,33.869,26.951,-0.0586,0.007,9.754,0.2227,0.3199,-0.4548
7695,1149,756,33.861,26.916,0.1239,-0.0471,9.8701,0.0331,0.132,1.2847
7700,1159,756,33.797,26.922,0.0879,0.0487,9.8724,1.1188,-0.0363,-0.3969
7705,1159,752,33.848,26.875,-0.037,-0.0334,9.7131,0.3436,-0.3165,-0.3723
7710,1159,755,33.927,26.972,0.0205,0.0093,9.7765,-0.0513,1.1582,-0.2915
7715,1180,753,33.873,27.016,0.0029,0.0614,9.886,0.1192,-0.423,0.2928
7720,1178,756,33.947,26.875,0.0882,-0.0001,9.8206,0.6537,1.065,-0.4693
7725,1185,751,33.97,26.881,-0.0552,-0.007,9.7596,0.5029,0.2931,0.0257
7730,1180,744,33.86,26.998,-0.1433,-0.0152,9.8496,0.2126,-0.4038,-0.8847
7735,1186,748,33.822,26.961,-0.0152,0.0734,9.7965,-0.5975,-0.0635,0.253
7740,1188,746,33.893,26.836,0.0397,-0.0152,9.8202,-0.2004,1.0589,0.074
7745,1191,751,33.845,26.996,-0.0404,0.0153,9.868,0.1623,-0.1221,-0.7631
7750,1190,744,33.894,27.046,0.044,0.0182,9.7979,-0.1861,0.6976,0.2141
7755,1185,745,33.911,26.946,0.0048,0.0703,9.9515,-0.1203,-0.5183,0.4473
7760,1187,754,33.929,26.931,0.0575,-0.0538,9.8084,-0.5028,-0.025,0.3012
7765,1193,751,33.906,26.911,0.0293,0.0065,9.7665,0.3229,-0.439,0.4281
7770,1191,753,33.935,26.939,-0.0263,-0.0949,9.7182,0.2742,0.0651,-0.0345
7775,1182,752,33.766,26.939,0.0314,0.0899,9.8004,0.1396,-0.0587,0.1704
7780,1185,757,33.87,26.943,-0.0393,-0.0009,9.8193,0.4581,0.1815,0.0169
7785,1173,751,33.917,26.888,0.0596,-0.0414,9.8779,0.7108,-0.6566,-0.8143
7790,1183,752,33.841,26.906,0.0021,0.1057,9.8149,-0.0566,1.0666,0.2583
7795,1175,752,33.815,26.859,-0.0074,-0.0829,9.8501,-0.1535,-0.0915,-0.2634
7800,1174,758,33.946,27.013,0.0786,0.0535,9.7706,0.4548,-0.4095,-0.4466
7805,1161,767,33.88,26.916,-0.0498,0.0316,9.8282,-0.4209,-0.1454,-0.6652
7810,1161,757,34.025,26.932,0.0231,0.103,9.8198,-0.352,1.2469,0.7123
7815,1158,768,33.921,26.948,-0.0345,0.0006,9.8201,-0.5666,-0.3038,-0.4396
7820,1155,768,33.862,26.978,-0.0025,-0.0098,9.7986,1.2039,-0.3062,0.5417
7825,1147,770,33.971,26.875,0.031,-0.0153,9.8912,0.9082,0.6141,0.7607
7830,1161,773,33.801,26.975,-0.0109,-0.0219,9.8281,-0.3983,0.5013,0.2903
7835,1144,777,33.781,26.93,0.0132,0.0373,9.8108,0.066,-0.2378,0.0414
7840,1142,778,33.946,26.963,0.0934,0.0604,9.7284,0.9999,0.0562,-0.3252
7845,1131,784,33.889,26.946,-0.0174,0.0014,9.8694,0.677,-0.3266,-0.1986
7850,1131,783,33.812,26.888,0.0097,0.0494,9.9204,-1.0737,-0.7729,0.1623
7855,1126,786,33.905,26.903,0.0176,-0.0204,9.8504,0.6139,0.1304,0.0234
7860,1126,787,33.862,26.897,-0.0259,0.0103,9.8178,0.2485,1.1342,0.5399
7865,1123,787,33.954,26.957,-0.0231,-0.0608,9.7946,0.1366,-0.5988,-0.2125
7870,1117,796,33.94,26.894,-0.0783,0.0455,9.8341,0.3316,0.7338,-0.7173
7875,1115,795,33.852,26.853,0.0239,-0.0198,9.776,-0.0209,-0.2709,-0.1837
7880,1112,801,33.876,26.885,0.0641,-0.0062,9.8025,0.0369,-0.557,0.2955
7885,1118,799,33.805,26.936,-0.0039,0.0146,9.777,0.4014,-0.0618,-0.5058
7890,1099,809,33.894,26.86,0.0196,0.103,9.8209,0.0761,0.3095,0.569
7895,1104,812,33.877,26.933,0.0665,-0.0112,9.8493,-0.0789,-0.3537,0.1888
7900,1100,810,33.829,26.91,0.0471,0.0123,9.786,1.0849,-0.3794,-0.587
7905,1094,817,33.83,26.885,-0.011,0.0016,9.8363,-0.6612,-0.8474,-0.6194
7910,1099,818,33.83,26.876,-0.0168,0.0159,9.7854,-0.1198,-0.617,0.4924
7915,1099,816,33.921,26.93,0.0884,-0.0168,9.8052,-0.4155,0.4939,0.2619
7920,1093,817,33.931,26.919,-0.0604,-0.0655,9.7495,0.1508,0.6219,-0.5724
7925,1086,828,33.901,26.91,-0.0812,-0.0135,9.7694,-0.2137,-0.244,0.0504
7930,1090,819,33.949,26.949,0.0143,-0.0065,9.7816,0.8706,-0.2087,-0.4956
7935,1082,824,33.896,26.898,-0.0035,-0.0105,9.8108,0.0199,-0.2301,-0.0839
7940,1078,824,33.89,26.887,0.0668,0.0412,9.8414,-0.3783,0.8157,0.4198
7945,1076,834,33.863,26.884,-0.0461,-0.0295,9.8102,0.0287,0.3843,0.2128
7950,1080,835,33.882,26.942,-0.0196,-0.0055,9.857,-0.0161,-0.6803,0.0931
7955,1070,833,33.934,26.949,-0.0009,-0.0184,9.8559,0.1783,-1.2278,0.4862
7960,1069,836,33.899,26.901,-0.0043,-0.0055,9.8127,-0.0728,-0.4934,0.2835
7965,1062,838,34.005,26.952,-0.1145,0.095,9.8914,-0.2697,-0.228,0.5065
7970,1060,840,33.879,26.903,-0.0124,0.0627,9.799,-0.0739,-0.474,-0.1972
7975,1061,834,33.84,26.917,-0.0445,0.0034,9.8349,0.2279,-0.5095,0.2659
7980,1052,838,33.88,26.935,-0.0145,0.0604,9.8959,0.4596,-0.5089,-0.0981
7985,1048,842,33.816,26.984,0.0248,-0.0459,9.7751,0.0764,-0.1207,-0.1176
7990,1045,837,33.995,27.053,-0.0196,-0.0419,9.8762,-0.376,-0.0934,1.1499
7995,1033,835,33.817,26.908,-0.0013,-0.0091,9.8706,-0.4076,-0.0049,0.3011
8000,1035,834,33.869,26.859,-0.0363,-0.0442,9.8935,0.587,-0.9708,-0.6033
8005,1021,838,33.899,26.92,-0.0321,0.0431,9.7041,0.5351,0.7483,-0.7652
8010,1015,843,33.788,27.068,-0.0667,0.0222,9.7819,0.1567,0.5786,-0.9473
8015,1010,840,33.907,26.897,0.0083,0.0464,9.8216,-0.1231,-1.1528,0.7608
8020,1004,840,33.722,26.999,0.0998,0.0117,9.8074,-0.0775,0.0201,0.0128
8025,1001,836,33.799,26.982,0.0421,0.0004,9.7094,0.4184,-0.1774,-0.6294
8029,977,834,33.898,26.973,0.0001,0.0181,9.7668,-0.6786,-0.2638,-0.2356
8035,977,833,33.908,27.02,-0.0324,-0.0369,9.8272,-0.4694,0.5059,-0.4185
8039,980,838,33.838,26.904,-0.0671,-0.0315,9.7635,0.9597,-0.4788,0.4467
8045,961,837,33.977,26.859,-0.0137,-0.016,9.8078,-1.0312,0.7749,0.8377
8050,952,839,33.847,26.905,-0.0234,0.0161,9.8068,-0.3105,-0.227,-0.7444
8055,944,830,33.945,26.864,-0.0324,-0.0872,9.828,-1.2318,0.0494,-0.9559
8060,927,836,33.899,26.858,0.0861,0.0122,9.7934,0.7034,0.0791,-0.5151
8064,920,829,33.844,26.892,0.0134,0.0372,9.9456,-0.0761,0.6681,-0.3847
8070,920,828,33.901,26.958,-0.0123,-0.0273,9.8612,-0.02,0.2705,0.0743
8074,905,833,33.902,26.883,0.0587,0.0396,9.7383,0.5278,-0.481,-0.1963
8080,890,832,33.895,26.87,0.0024,0.0398,9.7304,-0.0708,0.1265,-0.1206
8085,875,830,33.849,26.904,0.0893,-0.0428,9.864,0.435,-0.8271,-0.4487
8090,872,827,33.956,26.884,-0.0838,0.0944,9.7744,0.1014,0.3789,0.6198
8095,869,828,33.962,26.855,0.0442,-0.0046,9.7028,0.1593,-0.0212,0.7392
8100,847,826,33.933,26.931,-0.0045,-0.0206,9.7692,0.0479,-0.1234,-0.5462
8105,841,827,33.84,26.874,-0.0756,-0.0584,9.7299,-0.5443,-0.1716,-0.3774
8109,842,823,33.85,26.907,0.0855,-0.0135,9.7966,-0.4897,-0.239,0.2827
8115,827,827,33.884,26.919,-0.055,-0.0028,9.8481,-0.9047,0.5002,-0.3441
8119,817,827,33.891,26.963,0.0056,0.11,9.8048,0.0729,0.165,0.0844
8125,809,823,33.91,26.864,0.0104,-0.0807,9.7699,-1.0862,0.0048,-0.233
8130,804,823,33.852,26.862,0.0229,-0.0155,9.7955,-0.8721,0.143,0.4994
8135,790,824,33.902,26.928,-0.0463,-0.078,9.7305,0.111,0.4897,0.0279
8140,783,823,33.889,26.844,0.0115,-0.0788,9.7532,0.5859,0.6684,-0.0769
8145,775,817,33.881,26.946,0.0382,-0.0131,9.7481,0.2649,0.1556,-0.0384
8150,764,818,33.871,26.911,-0.0158,0.1054,9.7326,0.1038,0.4616,0.0667
8154,776,825,33.848,26.858,0.0341,-0.0008,9.7162,0.6571,0.4339,0.1054
8160,757,824,33.86,26.953,0.0383,0.0012,9.7618,0.011,0.4681,0.4839
8164,755,823,33.894,26.87,-0.0085,-0.0617,9.8442,-0.109,0.0609,0.3867
8170,745,812,33.876,26.831,-0.0431,0.0912,9.7994,0.3974,0.0137,0.8949
8175,747,817,33.965,26.925,0.0714,0.0289,9.8459,0.2225,0.3387,-0.064
8180,747,817,33.875,26.943,-0.0009,-0.0262,9.8543,0.3179,-0.386,-0.8741
8185,745,814,33.922,26.894,0.0784,0.0138,9.831,-0.2213,-0.092,-0.2538
8189,756,811,33.836,26.917,-0.0731,0.0366,9.7997,-0.1681,0.2136,-0.9519
8195,745,813,33.899,26.871,0.0866,-0.0105,9.8082,-0.4224,0.0578,0.1983
8200,748,815,33.91,26.92,-0.0352,0.0235,9.8563,-0.123,0.0274,0.7025
8205,758,823,33.833,26.855,-0.007,-0.0429,9.8151,-0.0536,0.0448,-0.6112
8210,752,815,33.971,26.933,0.0153,-0.0886,9.7396,0.8192,0.1378,-0.6479
8215,757,812,33.824,26.881,0.0142,-0.1216,9.8237,0.2146,-0.1827,-0.93
8220,770,808,33.917,26.921,0.0816,-0.0755,9.6851,-0.319,-0.1569,-0.7196
8225,775,809,33.92,26.902,0.0192,0.038,9.7966,-0.0233,-0.0887,-0.6537
8230,775,811,33.883,26.919,0.1142,0.0616,9.7472,0.6528,-0.5257,0.1285
8235,788,806,33.888,26.986,0.0223,-0.0763,9.9272,-0.0758,0.3484,-0.2942
8240,793,810,33.925,26.992,-0.023,0.0346,9.8373,0.2556,-0.3975,-0.0126
8245,810,811,33.783,26.931,-0.0277,0.0238,9.8014,-0.1243,-0.2465,0.2599
8250,818,802,33.868,26.895,-0.0353,-0.0318,9.8029,-0.1054,0.6349,-0.37
8255,825,809,33.896,26.992,-0.0926,-0.0108,9.6999,-0.6463,-0.1419,-0.3069
8260,836,804,33.894,26.886,0.0278,-0.0342,9.9082,0.9452,0.7955,0.6439
8265,843,804,33.897,26.976,-0.0672,-0.0198,9.8321,0.0681,0.5193,0.315
8270,857,798,33.901,26.927,0.0643,-0.0479,9.8327,0.1341,0.8447,0.0478
8275,877,799,33.951,26.938,-0.0211,0.052,9.9109,0.4861,0.5561,-0.1093
8280,893,799,33.884,26.937,0.0227,0.0182,9.8148,0.2479,0.1834,-1.5296
8285,899,799,33.914,26.958,-0.0129,-0.08,9.7687,-0.5163,0.0457,0.4535
8290,912,792,33.825,26.929,-0.0002,-0.0022,9.7857,-0.5624,-0.2629,-0.2836
8295,929,791,33.85,27.015,0.0132,0.0637,9.8112,0.3452,-0.8193,-1.3083
8300,951,785,33.973,26.954,-0.0802,0.0377,9.8044,-0.7251,0.0789,0.1544
8305,947,791,33.805,26.995,-0.0547,-0.0156,9.8322,-0.0006,0.5884,-0.4736
8310,959,787,33.872,26.912,0.0068,-0.0421,9.8196,-0.1969,-0.558,0.1951
8315,989,783,33.881,26.973,-0.0432,0.0199,9.8689,-0.5211,-0.4354,-0.0889
8320,992,785,33.901,26.871,0.0542,0.0347,9.8876,0.2594,-0.2277,0.0667
8325,1010,781,33.916,26.981,0.0201,0.0665,9.801,-0.8155,-0.2421,-0.6348
8330,1018,779,33.89,26.869,0.0019,0.0429,9.7266,0.028,0.3285,0.2947
8335,1035,778,33.907,26.934,0.0015,-0.0042,9.8024,0.0964,0.4284,0.3021
8340,1043,776,33.836,26.939,-0.0601,0.0522,9.7787,-0.0986,-0.3663,0.2341
8345,1066,777,33.905,26.876,-0.0162,0.0188,9.8687,-0.7208,0.4197,-0.5017
8350,1080,773,33.886,26.983,0.018,-0.1039,9.8,0.0342,-0.3606,-0.1245
8355,1087,771,33.852,26.864,-0.1091,0.056,9.8276,-0.1852,0.0955,0.3139
8360,1095,765,33.842,26.895,0.0005,0.051,9.8425,0.7202,0.0148,0.1291
8365,1093,763,33.918,26.854,0.0148,-0.0747,9.7853,0.3682,-0.1397,0.3956
8370,1110,766,33.839,26.929,0.0107,0.0154,9.8127,-1.0322,-0.0351,-0.5252
8375,1118,759,33.933,26.949,0.0263,-0.0683,9.7486,-0.7903,0.4616,0.1249
8380,1128,763,33.852,26.888,0.0026,-0.0591,9.7969,0.1245,-1.2921,0.5397
8385,1138,753,33.906,26.938,-0.0013,-0.0378,9.8406,-0.8191,-0.0545,0.2092
8390,1141,754,33.774,26.911,-0.0647,-0.0909,9.7911,-0.009,0.1622,-0.0335
8395,1160,750,33.902,26.963,-0.0377,0.0107,9.8242,-0.6256,0.1951,-0.9914
8400,1156,750,33.839,26.911,0.0143,-0.0943,9.8765,0.6273,-0.9973,0.3287
8405,1163,752,33.855,26.891,-0.1049,0.0023,9.8687,-0.4168,0.0949,0.5648
8410,1176,750,33.918,26.946,-0.1282,0.0385,9.7758,-0.8513,0.4062,0.0178
8415,1175,751,33.96,26.969,0.0238,0.0571,9.7801,-0.4107,0.078,0.1086
8420,1176,748,33.924,26.94,0.0096,-0.0387,9.8508,0.3223,-0.5203,-0.2194
8425,1184,748,33.803,26.928,-0.0527,0.0088,9.8747,0.1192,0.633,0.1123
8430,1196,752,33.848,26.939,-0.0465,-0.0066,9.9097,-0.5987,-0.0219,-0.2002
8435,1187,750,33.929,26.816,0.0904,0.0196,9.7864,-0.4467,0.184,0.42
8440,1181,750,33.864,26.917,-0.0754,0.0628,9.8368,0.0578,0.0179,-0.0419
8445,1180,750,33.899,26.896,-0.0026,0.0156,9.8168,0.8111,0.278,-0.0952
8450,1193,751,33.92,27.009,-0.0107,0.0275,9.8348,0.4479,0.0194,-0.3027
8455,1184,747,33.889,27.003,-0.0523,0.0015,9.8004,-0.1574,-0.9839,0.067
8460,1182,751,33.924,26.887,0.0109,0.0608,9.8942,-0.3544,-0.4494,-0.5628
8465,1187,754,33.825,26.836,-0.0067,0.0634,9.8077,0.0003,0.4326,0.2712
8470,1178,751,33.836,26.947,-0.0253,-0.0083,9.8702,0.167,-0.0555,0.0609
8475,1177,752,33.785,26.932,-0.0136,0.0396,9.8426,-0.1705,0.555,0.9453
8480,1182,757,33.837,26.873,0.0138,0.0316,9.8746,0.4243,0.2578,0.7112
8485,1179,753,33.86,26.947,0.0608,-0.0518,9.7468,-0.5735,1.0004,0.5527
8490,1161,761,33.982,26.957,-0.0324,0.0494,9.8731,-0.6986,-0.222,1.1805
8495,1162,758,33.821,26.811,0.1189,-0.0371,9.8058,-0.4729,-0.7275,0.6118
8500,1163,762,33.897,26.878,0.0627,0.0051,9.8119,-0.6527,0.2344,0.8381
8505,1154,764,33.887,26.916,0.048,0.0072,9.7107,0.8267,-0.1786,-0.2128
8510,1151,764,33.954,27.012,-0.0118,-0.004,9.8023,0.2132,-0.3414,0.0248
8515,1155,766,33.879,26.871,0.0294,0.0704,9.828,0.8857,-0.1555,-0.8431
8520,1149,770,33.833,27.002,-0.0115,-0.0633,9.8154,-0.0686,-0.5945,-0.606
8525,1135,771,33.826,26.857,0.0311,0.0638,9.791,0.1456,0.7666,-0.1257
8530,1139,778,33.916,26.905,0.0326,0.0009,9.7841,-0.4622,0.8828,0.06
8535,1147,777,33.962,26.916,0.082,-0.0001,9.7428,-0.2071,0.728,0.84
8540,1143,785,33.822,26.939,-0.0635,-0.0407,9.7749,-0.5353,0.1728,0.2857
8545,1138,785,33.904,26.974,0.0303,0.0241,9.8295,-0.2781,0.3138,-1.3283
8550,1130,786,33.935,26.904,-0.0127,0.0468,9.8733,-0.5765,-0.4777,-0.4802
8555,1125,786,33.789,26.981,-0.0388,-0.0883,9.7877,-0.0553,0.2411,0.0982
8560,1117,794,33.889,26.909,0.032,0.0175,9.8275,0.037,0.3269,0.0743
8565,1128,795,33.942,26.956,0.0407,-0.0533,9.8521,0.284,-0.0851,-0.4989
8570,1119,797,33.897,26.87,0.0353,-0.0179,9.8434,0.3508,0.697,0.1014
8575,1117,802,33.925,26.843,0.0026,0.0205,9.7928,-0.066,-0.1561,0.3615
8580,1108,802,33.845,26.92,0.0115,0.0561,9.7716,0.1655,-0.1279,-0.5795
8585,1093,808,33.953,26.916,0.013,-0.0354,9.8248,0.0776,0.8785,0.7741
8590,1100,809,33.922,26.899,0.0145,0.0201,9.7365,-0.1533,0.5727,-0.1223
8595,1093,813,33.927,26.856,0.0679,-0.0629,9.7293,-0.9548,0.3153,0.8164
8600,1106,815,33.848,26.836,0.0123,0.0364,9.7979,-0.694,0.0845,-0.6758
8605,1092,815,33.953,26.874,0.0053,-0.0176,9.7645,-0.5748,-0.2267,-0.1242
8610,1099,818,33.78,26.867,0.0484,-0.0375,9.7789,0.301,0.5749,-0.1288
8615,1093,821,33.93,26.973,0.0798,0.0859,9.8626,1.3952,-0.4649,-0.6268
8620,1090,822,33.881,27.004,-0.0435,0.077,9.747,-0.2931,-0.152,-0.7514
8625,1088,830,33.835,26.989,-0.0507,0.0067,9.8329,-0.2801,1.0819,-0.1907
8630,1076,827,33.931,26.912,0.0586,-0.0251,9.8222,-0.5888,-0.724,-0.6371
8635,1079,831,33.891,26.906,0.0465,-0.031,9.7956,-1.4946,-0.2508,-0.4194
8640,1082,828,33.891,27.025,0.0289,0.0334,9.8322,0.2792,0.4959,0.0357
8645,1076,829,33.947,26.926,-0.0509,0.04,9.8322,0.7112,0.5462,0.0314
8650,1071,829,34.001,26.931,0.0093,0.0572,9.8003,0.2108,0.6711,-0.165
8655,1077,835,33.924,26.904,-0.0247,0.0336,9.7772,0.0242,0.7188,-0.4639
8660,1062,832,33.869,26.913,-0.0067,0.0005,9.8249,0.3413,0.5587,0.0272
8665,1050,836,33.76,26.968,-0.0635,0.0883,9.7753,0.282,-0.073,0.0288
8670,1054,833,33.908,26.919,0.0627,-0.0167,9.7389,-0.4909,0.003,-0.9632
8675,1049,841,33.919,26.936,-0.0105,0.0438,9.9165,-0.3813,0.0643,-0.4048
8680,1053,833,33.946,26.881,0.0351,0.0759,9.7692,0.4667,0.3998,-0.1728
8685,1047,836,33.878,26.994,0.0116,-0.0309,9.7905,0.233,-0.9099,-0.4224
8690,1044,837,33.902,26.944,0.014,-0.0521,9.7157,0.2439,0.3053,-0.5027
8695,1030,833,33.858,26.955,0.0362,0.0743,9.7722,-0.5886,0.0198,-0.6391
8700,1026,836,33.911,26.905,-0.0212,-0.0301,9.7795,0.0204,-0.3131,-0.3241
8705,1022,838,33.984,26.93,0.1157,0.0271,9.7854,0.2095,0.4007,0.1255
8710,1007,839,33.824,26.966,-0.107,0.0823,9.7799,-0.8618,-0.5462,-0.2251
8715,1005,839,33.857,26.96,0.0386,0.0427,9.8581,-0.1263,-0.0345,-0.038
8720,1004,836,33.851,26.96,-0.0504,0.0111,9.745,-0.6023,0.7633,0.4965
8725,980,838,33.903,26.943,0.0306,0.0002,9.8508,-0.0351,-0.355,-0.1859
8730,981,833,33.922,26.859,-0.0399,-0.0602,9.8801,-0.0477,-0.5291,0.5771
8735,980,834,33.89,26.979,0.0395,0.0472,9.8654,-0.2545,0.1206,-0.3641
8740,962,836,33.994,26.902,-0.0628,-0.0136,9.803,0.5392,-0.8607,0.6685
8745,951,836,33.939,26.907,0.0136,-0.1257,9.8643,0.2904,-0.0647,0.7065
8750,942,831,33.826,26.91,0.083,-0.0476,9.842,-1.0313,-0.0231,0.7229
8755,936,831,33.846,26.896,0.0377,0.0228,9.7694,-0.3286,0.3916,1.1021
8760,925,828,33.917,26.884,-0.0867,0.0073,9.789,-0.3171,0.0519,-0.1659
8765,911,836,33.997,26.972,-0.1003,0.0128,9.7856,-1.3378,-0.6296,0.5526
8770,903,828,33.833,26.999,-0.0663,0.0682,9.7727,-0.2258,-0.6007,0.0377
8775,888,831,33.853,26.912,0.0535,0.0001,9.8936,0.3333,-0.3972,-0.809
8780,878,828,33.856,27.04,0.0349,0.0042,9.8673,0.0234,0.6871,-0.1481
8785,874,834,33.828,27.003,0.0084,-0.0471,9.8526,-0.0135,-0.4276,-0.2271
8790,858,828,33.883,26.957,0.0156,0.0173,9.8899,-0.5985,-0.1363,0.4746
8795,848,825,33.928,26.959,-0.034,-0.0067,9.7728,0.8217,-0.3828,-0.1006
8800,829,824,33.848,26.893,-0.0376,0.002,9.8845,-0.5613,0.6556,0.1723
8805,831,822,33.942,26.908,0.0223,-0.0228,9.8137,0.0865,-0.4496,0.5669
8810,832,821,33.911,26.922,0.0114,0.0222,9.7484,-0.0817,-0.3861,0.0068
8815,819,826,33.853,26.934,-0.0426,0.0052,9.7685,-0.0031,0.7689,-0.8394
8820,802,824,33.811,26.966,0.0464,0.0011,9.7871,-0.294,-0.2318,0.4876
8825,798,825,33.841,26.903,-0.0198,0.0013,9.7901,-0.7485,0.5206,0.7701
8830,798,817,33.88,26.87,0.019,-0.0576,9.8479,0.0375,-0.4566,-0.5573
8835,785,822,33.85,27.03,0.077,-0.0205,9.7643,-0.7075,-0.9047,0.4261
8840,782,816,33.879,26.919,-0.0303,0.0554,9.9207,0.0352,-0.8625,0.9473
8845,768,820,33.835,26.952,-0.025,0.0689,9.8097,0.4198,0.5648,0.8978
8850,763,827,33.9,26.883,-0.0571,-0.0355,9.8017,0.5534,-0.023,0.3793
8855,755,817,33.893,26.884,-0.0019,-0.0676,9.7365,-0.5659,0.0278,0.1101
8860,755,824,33.843,26.927,0.0357,0.0699,9.7599,0.0123,-0.7076,0.1787
8865,752,817,33.854,26.938,0.0333,0.003,9.7349,-0.2769,0.9362,0.2925
8870,750,815,33.914,26.962,-0.0022,-0.0172,9.8416,-0.0965,-0.4982,-0.3401
8875,748,822,33.877,26.982,0.024,0.1343,9.6777,-0.0494,-0.4175,0.9361
8880,741,816,33.904,26.923,0.0225,0.031,9.9005,-0.2452,-0.1565,0.6984
8885,750,816,33.851,26.973,-0.0863,0.0456,9.7816,-0.1913,0.7133,0.0432
8890,748,816,33.812,26.919,-0.0196,-0.0129,9.8757,0.5436,0.1408,0.3334
8895,750,818,33.917,26.954,-0.0972,0.0242,9.7905,0.4261,-0.1337,-0.5069
8900,761,813,33.739,26.967,0.0858,-0.0399,9.8745,-0.0131,1.3913,0.94
8905,766,807,33.935,26.861,-0.0104,-0.0648,9.7579,0.1101,0.1367,0.6572
8910,763,818,33.861,27.009,0.0093,0.0188,9.8448,-0.1404,0.0317,-0.3922
8915,767,814,33.927,26.921,0.0319,-0.0068,9.8288,0.4304,0.6712,0.0017
8920,775,812,33.855,26.943,-0.0055,0.0194,9.7901,0.3009,-0.8119,-0.9383
8925,790,813,33.877,26.887,-0.0135,-0.0763,9.785,0.0152,-0.0105,-0.1918
8930,789,812,33.912,26.977,-0.025,0.0632,9.7988,-0.0803,-0.3603,0.246
8935,790,804,33.778,26.971,0.0061,0.0103,9.8165,-1.0159,0.0885,-0.5848
8940,791,809,33.831,26.913,-0.0128,-0.0592,9.8432,-1.0592,0.3904,-0.4715
8945,819,805,33.949,26.886,0.0692,-0.0604,9.8107,0.4979,-0.0492,0.372
8950,839,811,33.974,26.931,-0.0667,-0.0329,9.807,0.2036,0.3831,-0.3273
8955,841,804,33.856,26.915,0.0175,0.0116,9.7782,-0.1569,0.903,-0.4881
8960,855,805,33.857,26.928,-0.0732,0.0511,9.8321,0.6361,0.1692,-0.0937
8965,856,802,33.895,26.915,-0.0928,0.0324,9.8125,-0.4672,0.5798,0.6128
8970,877,805,33.821,26.828,0.0493,0.0611,9.8544,0.8885,-0.2651,-0.3457
8975,889,797,33.907,26.91,-0.0022,0.0117,9.7882,0.3595,-0.0962,-0.1237
8980,895,797,33.842,26.903,0.0453,-0.0877,9.7392,-0.2434,-0.0814,-0.2005
8985,905,797,33.853,26.87,-0.0616,-0.0849,9.8468,-0.5714,-0.5352,0.3561
8990,935,797,33.88,26.848,0.0275,-0.0158,9.7932,0.1334,-0.184,-0.3087
8995,935,790,33.817,26.935,0.0755,-0.0403,9.8143,-0.6255,-0.8352,0.1392
9000,941,792,33.906,26.926,-0.0025,-0.0293,9.8091,0.1663,0.2531,0.1445
9005,958,785,33.851,26.881,0.0392,-0.0452,9.8483,0.5495,-0.3628,0.4552
9010,984,779,33.903,26.932,-0.0116,-0.0063,9.8087,0.8297,-0.0359,-0.6769
9015,994,780,33.916,26.914,0.0227,-0.0216,9.7896,-0.6651,0.8805,0.6318
9020,1010,781,33.872,26.882,0.0187,0.0385,9.8083,0.2724,-0.1535,-0.0547
9025,1020,782,33.908,26.89,0.0216,-0.0406,9.8485,-1.1857,0.3003,-0.011
9030,1041,780,33.829,26.924,0.0496,0.033,9.8372,0.87,1.0057,0.0767
9035,1046,774,33.861,26.785,0.027,-0.0017,9.8025,-0.0246,0.0681,-0.0924
9040,1055,770,33.941,26.933,-0.0619,0.0866,9.8918,-0.2379,0.4862,-0.233
9045,1073,773,33.895,26.93,-0.0625,0.0299,9.801,0.2602,0.4859,-0.412
9050,1084,768,33.913,26.855,0.0146,0.0582,9.7829,0.5701,0.6188,0.7998
9055,1094,769,33.863,26.895,-0.0005,-0.0184,9.7616,0.0529,0.2746,0.0719
9060,1104,767,33.902,26.898,0.0142,-0.0086,9.7922,0.6102,0.1176,-0.2511
9065,1118,765,33.92,27.02,-0.0171,-0.0362,9.8158,-0.242,0.8826,-0.0201
9070,1121,762,33.852,26.911,-0.0389,-0.0299,9.7925,0.2156,-0.0655,-0.3199
9075,1137,759,33.849,26.96,-0.0837,-0.0751,9.7563,0.1071,0.3644,-1.2878
9080,1143,752,33.863,26.982,-0.002,0.0155,9.7582,-0.6173,-0.9499,-0.4819
9085,1149,762,33.822,26.945,0.0664,0.0185,9.7461,-0.2429,-0.7391,-0.6355
9090,1166,750,33.959,26.971,0.007,-0.0094,9.7742,0.5616,1.0958,0.3907
9095,1158,752,33.922,26.926,0.0415,0.0469,9.8029,0.1518,-0.7625,0.1609
9100,1174,755,33.835,26.924,-0.0661,0.0253,9.8097,-1.5578,0.0914,-0.3211
9105,1170,750,33.882,26.89,-0.0836,0.0327,9.8272,-0.2343,0.2927,0.4574
9110,1182,751,33.888,26.914,-0.0151,0.0192,9.7497,-0.592,-0.7762,0.3416
9115,1181,745,33.902,26.839,-0.0261,-0.0218,9.8031,0.3608,-0.2815,0.0337
9120,1177,752,33.862,26.844,-0.0121,-0.0211,9.8212,-0.6223,-0.0598,0.4546
9125,1185,752,33.924,26.95,-0.0149,0.0534,9.7551,0.3996,0.0131,0.1964
9130,1187,753,33.946,27.063,-0.0683,0.0362,9.7811,0.0986,-0.2686,0.6765
9135,1190,750,33.886,26.979,-0.0253,-0.0171,9.8374,-0.1184,0.1141,-0.4611
9140,1189,746,33.922,26.858,0.0279,0.007,9.7501,-0.0212,-0.2039,0.3616
9145,1198,748,33.863,26.977,-0.0048,-0.0132,9.6998,0.0961,-0.1548,-0.5124
9150,1191,749,33.886,26.992,-0.0048,-0.091,9.7684,0.789,-0.0784,0.5843
9155,1182,749,34.021,26.955,0.0087,-0.0177,9.7409,-0.2729,-1.1111,0.5768
9160,1186,754,33.918,26.894,0.0148,0.0998,9.8583,0.6066,-0.1594,0.9271
9165,1191,752,33.89,26.934,0.0427,0.037,9.8252,-0.6147,0.1626,-0.3578
9170,1176,752,33.86,26.95,-0.0201,-0.013,9.7017,-0.2983,-1.2935,-0.7605
9175,1181,753,33.826,26.797,0.0118,-0.0032,9.7638,-0.4025,-0.309,-0.0433
9180,1181,756,33.903,26.834,-0.0382,-0.06,9.7683,0.158,-0.2407,-0.0468
9185,1169,761,33.831,26.903,0.0659,-0.0235,9.8215,0.8275,0.4124,-0.0144
9190,1166,757,33.983,26.796,0.0019,-0.0324,9.812,-1.1739,0.5361,1.1056
9195,1168,764,33.998,26.964,0.0722,-0.0545,9.7969,-0.6436,-0.132,-0.0887
9200,1163,765,33.793,26.927,-0.0286,-0.1094,9.7252,0.3055,-0.5306,0.3281
9205,1160,764,33.909,26.991,0.0395,-0.0119,9.8467,-0.0636,1.1567,0.072
9210,1159,771,33.842,26.956,-0.0717,-0.0472,9.7997,0.5186,0.3113,-0.3827
9215,1146,773,33.876,27.006,-0.0138,0.0168,9.8945,0.2977,0.3296,0.1689
9220,1150,772,33.922,26.978,0.006,-0.054,9.8488,0.269,1.1629,-0.5822
9225,1139,772,33.818,26.964,0.0899,0.0208,9.9049,-0.1644,-0.7793,-0.1461
9230,1138,786,33.884,26.931,-0.0186,0.0171,9.8038,-0.5029,0.0559,0.0594
9235,1141,780,33.884,26.922,-0.0791,-0.0545,9.8564,0.1126,0.6073,0.566
9240,1127,783,33.911,26.948,-0.0438,0.0072,9.8442,-0.1534,0.1448,0.2094
9245,1124,786,33.875,26.827,-0.0071,-0.0353,9.7929,-0.0712,-1.0643,0.2731
9250,1122,788,33.892,26.942,0.0086,-0.0243,9.7795,-0.5415,0.1034,0.2671
9255,1133,796,33.911,26.961,-0.0132,-0.0152,9.7975,-1.0641,0.0531,-0.0843
9260,1126,800,33.818,26.888,0.0703,-0.1324,9.9014,0.5043,0.0342,0.5763
9265,1112,802,33.827,27.008,-0.0112,-0.0507,9.7737,-0.1597,-1.0584,0.0292
9270,1108,801,33.865,26.843,0.0007,-0.0122,9.749,-0.2482,0.2551,-0.7702
9275,1121,800,33.839,26.894,0.0166,0.0396,9.8374,0.1302,0.2486,0.4197
9280,1107,808,33.908,27.003,0.0051,-0.1005,9.8677,-0.999,-0.024,1.2892
9285,1117,808,33.828,26.89,-0.0402,0.0069,9.8351,-0.1391,0.9048,-0.688
9290,1099,808,33.898,26.94,-0.0487,0.0531,9.8431,0.8711,-0.4465,0.3354
9295,1104,813,33.805,27.001,-0.0184,-0.0497,9.736,-0.3649,0.0101,-0.1958
9300,1090,815,33.804,26.993,0.0729,0.017,9.903,-0.2171,-0.445,0.4759
9305,1089,815,34.006,26.982,0.0499,-0.003,9.8791,0.6619,-0.9444,0.2823
9310,1091,817,33.867,26.958,0.0894,-0.0756,9.7615,0.441,0.6455,0.8272
9315,1081,820,33.897,26.928,-0.0252,0.1006,9.811,-0.2672,0.1479,0.404
9320,1084,822,33.921,26.963,-0.088,0.0154,9.9171,0.8264,0.3883,-0.6885
9325,1085,826,33.962,26.951,0.1849,-0.0343,9.7407,0.1428,0.6726,0.5037
9330,1085,823,33.935,26.969,-0.0344,-0.047,9.8676,-0.1632,0.9511,0.3208
9335,1076,830,33.811,26.932,-0.0483,0.0588,9.7666,0.0315,-0.3048,0.5193
9340,1067,829,33.89,26.936,-0.0331,-0.0325,9.8541,0.6584,-0.6202,-0.4744
9345,1067,834,33.901,26.908,-0.045,0.0234,9.8743,0.037,0.2244,-0.0244
9350,1065,836,33.888,26.979,-0.007,0.05,9.7772,0.1108,-0.3947,0.0909
9355,1069,835,33.87,26.868,-0.0503,0.097,9.8552,-0.6429,0.9364,-0.6579
9360,1049,836,33.888,26.906,-0.0051,0.0443,9.866,0.6031,0.3772,0.4454
9365,1059,835,33.935,26.96,0.002,-0.0179,9.7592,-0.7791,-0.3029,-0.1673
9370,1058,837,33.812,26.918,0.0331,-0.0425,9.7756,-0.7382,0.8171,-0.4525
9375,1043,838,33.945,27.012,-0.053,0.0703,9.7155,-0.0337,-0.1285,0.43
9380,1032,836,33.908,26.943,-0.1065,0.05,9.7524,0.136,-0.0066,0.5068
9385,1042,839,33.876,26.896,-0.0089,0.0386,9.7887,-0.3286,0.2921,-0.3562
9390,1029,836,33.847,27.066,-0.0274,0.0384,9.8724,0.1156,1.3441,-0.1023
9395,1019,837,33.811,27.012,-0.0109,-0.1217,9.8552,0.5262,0.7092,0.4059
9400,1011,833,33.993,26.893,-0.0452,0.0435,9.8483,-0.3212,-0.7295,-0.4809
9405,1014,836,33.907,26.93,-0.0224,-0.0459,9.8125,0.234,0.6511,0.0351
9410,1009,836,33.865,26.887,-0.0119,-0.0749,9.8111,0.0433,0.7609,1.1155
9415,995,838,33.913,26.918,0.0825,-0.0346,9.8527,-0.2916,-0.315,0.3705
9420,994,836,33.88,26.999,0.0331,0.0748,9.7599,-0.1583,0.6399,0.1462
9425,983,831,33.958,26.918,0.0588,-0.005,9.88,-0.3414,-0.688,0.4362
9430,978,835,33.938,26.891,0.0103,0.0522,9.839,-0.8071,-1.0407,0.0222
9435,965,836,33.9,26.95,0.0206,0.081,9.7584,-0.2733,-0.2566,-0.2565
9440,952,837,33.791,26.906,-0.015,0.0652,9.7997,-0.3952,0.739,-0.3162
9445,941,829,33.874,26.923,0.0991,0.0746,9.8811,-0.4366,0.2846,0.3004
9450,936,832,33.868,26.962,-0.0215,-0.0156,9.7668,-0.4064,0.1985,0.6052
9455,920,829,33.826,26.886,-0.0225,0.045,9.7956,-0.4453,0.2296,0.4514
9460,912,831,34.019,26.928,0.0265,-0.0348,9.8367,-0.2584,-0.264,0.1007
9465,899,832,33.876,26.945,-0.0406,-0.0075,9.7924,0.3969,0.0118,-0.7872
9470,886,829,33.841,26.932,0.0363,0.0482,9.817,-0.053,-0.7819,-0.5679
9475,878,827,33.883,26.971,0.0927,0.0125,9.7769,0.6737,0.2295,-0.4125
9480,868,826,33.854,26.94,0.0152,0.0277,9.8439,-0.5058,0.201,-0.6558
9485,856,825,33.92,26.994,0.0189,-0.0036,9.802,-0.5009,1.0943,0.1796
9490,859,831,33.833,26.945,-0.0344,0.0192,9.7785,-0.1962,-0.5626,-0.8237
9495,847,821,33.958,26.923,0.0325,0.0771,9.7354,-0.1031,0.5344,0.9777
9500,832,822,33.921,27.019,-0.0187,-0.0038,9.8191,0.2183,0.1649,-0.1129
9505,821,824,33.901,26.913,-0.0574,-0.0121,9.8854,-0.0798,0.2092,-0.3337
9510,805,823,33.876,27.007,-0.0162,-0.0313,9.7767,-0.6827,1.328,-0.6972
9515,806,826,33.935,26.903,-0.0455,-0.0255,9.7724,0.5705,-0.6549,0.678
9520,797,820,33.924,26.907,0.0076,-0.1015,9.8437,-1.652,0.5745,-1.0581
9525,789,823,33.923,27.074,0.0671,-0.0664,9.7939,0.7175,1.0116,0.45
9530,786,817,33.997,26.936,-0.0539,-0.0164,9.8937,0.461,-0.1238,-0.1667
9535,769,828,33.846,26.97,0.0541,0.0444,9.8447,-0.9733,0.6722,0.0459
9540,769,818,33.931,26.926,-0.0391,-0.0539,9.8507,0.1178,-0.4689,0.0094
9545,767,822,33.924,26.96,0.0688,-0.019,9.8387,0.1358,-0.0635,0.9168
9550,762,816,33.924,26.964,-0.0273,-0.0314,9.8024,-0.667,0.7395,-0.1845
9555,753,816,33.948,26.91,0.0467,-0.0621,9.8033,-0.0969,-0.1001,-0.0269
9560,748,817,33.915,26.883,-0.0095,0.0351,9.8613,-0.2309,0.4122,0.1001
9565,756,820,33.904,26.953,0.0116,0.0119,9.8764,-0.2551,-0.5344,0.3049
9570,745,813,33.851,26.936,0.0008,0.0654,9.752,0.3101,-0.2099,1.2057
9575,755,816,33.865,27.003,-0.0547,0.0439,9.817,0.1518,-0.1103,0.7169
9580,749,815,33.759,27.003,-0.0591,0.0664,9.9136,0.0077,-0.2792,0.0665
9585,751,811,33.849,26.916,0.0098,-0.033,9.7632,0.334,-0.8958,-0.5705
9590,760,818,33.864,26.973,-0.0622,0.0069,9.7923,0.4091,0.5523,-1.0798
9595,740,811,33.817,26.971,-0.0805,0.0336,9.7851,0.462,0.0391,0.1272
9600,761,817,33.881,26.924,0.0137,-0.0258,9.8068,0.1766,-0.7458,0.0126
9605,766,814,33.823,26.838,0.0542,0.0398,9.8161,-0.5771,0.2739,0.8723
9610,766,815,33.953,26.921,-0.0182,0.0442,9.8133,0.2993,0.8745,0.1823
9615,777,814,33.976,26.918,-0.0343,0.0112,9.8402,0.2629,-0.1083,-0.4452
9620,778,807,33.946,27.038,-0.0381,-0.0119,9.8126,0.6336,0.3028,-0.3637
9625,793,806,33.882,26.991,-0.0248,0.0176,9.7789,0.0646,-0.3707,0.5282
9630,798,812,33.903,26.937,0.0591,0.0869,9.7527,-0.5583,0.2003,-0.7144
9635,817,811,33.872,27.04,0.056,0.0374,9.7529,-0.1819,-0.1459,-1.3896
9640,810,809,33.834,26.973,0.0135,-0.0223,9.7646,-0.4361,0.0345,0.0558
9645,818,800,33.913,26.879,-0.0006,-0.0201,9.7901,-0.2299,-0.3395,-0.6836
9650,832,799,33.938,27.008,0.0212,-0.0039,9.7994,0.2973,-0.0135,0.1086
9655,843,803,33.85,26.918,-0.0478,-0.0152,9.7356,-0.8932,-0.3409,0.9771
9660,858,800,33.882,26.962,-0.0568,0.0099,9.8366,-0.1026,0.1396,0.1845
9665,878,796,33.891,26.917,-0.015,0.0265,9.8663,0.5693,-0.2858,-0.3581
9670,884,794,33.869,26.858,0.0758,-0.0109,9.8404,0.1474,0.0031,-0.4663
9675,899,794,33.899,26.902,0.0153,0.0769,9.8643,-0.0631,-0.4972,-0.1297
9680,916,795,33.92,26.935,-0.035,-0.0347,9.7923,-0.2678,0.2241,-0.2155
9685,915,794,33.888,26.899,0.0458,0.0079,9.8094,-0.527,-0.3526,0.2305
9690,936,791,33.945,26.912,-0.0006,0.0646,9.8643,0.0072,0.13,0.0275
9695,952,792,33.91,26.986,-0.0165,0.0245,9.9114,0.6546,0.548,0.7013
9700,967,782,33.901,26.912,-0.0224,0.0423,9.836,-0.1529,0.9237,-0.3241
9705,989,784,33.966,26.926,-0.0428,-0.0673,9.8287,-0.2332,-0.4503,0.254
9710,1005,785,33.936,26.903,0.0257,0.0429,9.7124,0.4969,-0.6278,-0.3315
9715,1006,778,33.794,26.955,-0.0938,-0.0194,9.7318,0.1549,0.0469,0.6546
9720,1020,777,33.831,26.942,0.0578,-0.0436,9.7819,-0.5939,0.4182,-0.3879
9725,1041,777,33.9,26.927,-0.0416,-0.0338,9.8158,0.1782,-0.6671,0.8083
9730,1048,770,33.872,27.036,-0.021,-0.0092,9.7678,0.3484,-0.9691,-1.1018
9735,1062,774,33.912,26.848,-0.032,-0.0439,9.7844,0.105,-0.034,-0.165
9740,1083,770,33.912,26.985,0.0032,-0.0046,9.8309,-0.4585,-1.0451,0.1543
9745,1081,770,33.895,26.817,-0.0057,-0.074,9.8525,-0.0459,-0.6512,0.2256
9750,1099,768,33.931,26.962,0.0163,-0.008,9.7516,-0.1753,-0.3599,-0.1631
9755,1110,768,33.934,27.044,-0.0072,0.0106,9.7678,-0.4919,-0.1104,-0.5055
9760,1118,763,33.932,26.852,0.0767,0.0641,9.8443,-0.3321,0.4225,0.2835
9765,1135,761,33.878,26.988,-0.0281,-0.053,9.7199,0.0247,-0.1073,0.0438
9770,1133,758,33.858,26.941,-0.0559,-0.0057,9.8375,0.27,-0.8122,0.2008
9775,1149,757,33.809,26.994,-0.1464,0.0437,9.7229,0.4087,-0.7179,-0.7563
9780,1147,754,33.835,26.993,0.0651,0.0431,9.8344,-0.8681,-0.1017,-0.1503
9785,1144,760,33.862,26.989,-0.0604,-0.0165,9.7231,-0.0319,0.7735,0.0596
9790,1160,755,33.88,26.866,0.0179,-0.001,9.8195,-0.1689,-0.198,0.4646
9795,1172,751,33.97,26.991,-0.0052,0.1052,9.775,0.1494,0.6694,-0.7402
9800,1175,750,33.87,26.964,0.0012,-0.0007,9.7324,-0.5134,0.5045,0.1108
9805,1176,747,33.861,26.971,0.0827,-0.0449,9.7445,0.6561,-1.139,-0.8101
9810,1185,749,33.909,27.006,-0.0117,0.0758,9.8507,-0.0495,-0.4145,0.3189
9815,1183,754,33.867,27.01,0.0453,0.0163,9.8631,-0.9361,-0.083,0.5606
9820,1187,747,33.899,26.877,-0.0197,0.036,9.7937,-0.4948,-0.8282,-0.2106
9825,1185,752,33.827,26.909,0.0248,-0.0177,9.8002,-0.0455,-0.512,0.0551
9830,1187,752,33.898,27.028,-0.0278,0.0332,9.8535,0.6226,-0.3066,0.043
9835,1188,745,33.892,26.895,-0.0823,0.0258,9.8277,-0.144,0.0292,0.3967
9840,1186,747,33.889,26.986,0.0326,0.0201,9.8634,1.1791,0.702,-0.3505
9845,1195,753,33.963,26.947,0.0209,0.0382,9.8423,0.2247,0.4243,0.0783
9850,1187,746,33.914,26.887,-0.0316,-0.0573,9.7738,0.9488,-0.3034,-0.4106
9855,1181,753,33.991,26.914,-0.041,0.0303,9.8334,-0.9155,-0.1422,0.0235
9860,1186,751,33.952,26.967,0.0396,0.055,9.816,-0.6319,-0.3648,-0.4719
9865,1186,751,33.848,26.957,-0.0061,-0.0154,9.7328,-0.6174,0.6949,0.1419
9870,1181,755,33.863,26.909,0.0108,0.0302,9.7654,-0.956,0.2759,-0.1353
9875,1178,750,33.933,26.872,0.0242,-0.0854,9.8308,-1.2216,-0.1542,0.5949
9880,1166,761,33.825,26.968,-0.0192,0.0183,9.8918,-0.4867,0.3064,-0.8959
9885,1165,761,33.879,26.96,-0.0071,-0.0511,9.8906,0.1735,0.4381,-0.8322
9890,1168,762,33.881,26.997,-0.0035,-0.0191,9.8332,0.0613,-0.023,0.7673
9895,1159,760,33.809,26.93,0.04,-0.0148,9.8142,-0.7138,-0.0826,-0.9696
9900,1155,765,33.896,26.963,0.1146,-0.0028,9.7645,-0.3922,-0.4746,-0.2958
9905,1152,761,33.858,26.905,0.0102,-0.0154,9.8093,0.421,-0.2858,0.3722
9910,1142,775,33.927,26.994,-0.0055,-0.1022,9.8415,-1.0968,0.0078,-0.0658
9915,1147,775,33.956,26.965,0.0973,-0.0204,9.7896,0.9256,-0.0379,-0.3542
9920,1152,773,33.942,26.972,0.0343,-0.103,9.7621,0.1836,0.1434,0.8466
9925,1132,781,33.875,26.936,0.0359,0.0081,9.7671,-0.4781,-0.5091,-0.4694
9930,1134,784,33.868,26.889,0.0225,0.0007,9.8236,-0.3499,-0.5645,-0.7018
9935,1139,785,33.992,26.939,0.0929,0.0139,9.6576,0.6321,-0.1316,-0.168
9940,1125,789,33.85,26.819,-0.0386,0.0764,9.8799,1.2575,-0.1151,-0.3809
9945,1119,792,33.908,26.91,-0.0282,-0.0375,9.8152,0.198,0.8841,-0.841
9950,1123,790,33.82,26.858,-0.0731,-0.0935,9.8377,0.4366,-0.2922,-0.2566
9955,1114,798,33.93,26.999,0.0716,-0.0102,9.7004,0.1867,-0.0706,-0.8193
9960,1117,794,33.989,26.946,0.0562,0.0354,9.7861,0.3104,-0.5065,-0.337
9965,1113,798,33.978,26.985,-0.0194,-0.0154,9.8241,-0.475,0.8971,-0.2004
9970,1114,807,33.847,26.925,-0.0082,0.0397,9.7413,-0.1706,0.3724,0.636
9975,1103,807,33.895,26.923,0.021,-0.0478,9.7808,0.7398,0.9879,-0.9031
9980,1103,807,33.869,26.959,0.0165,-0.0247,9.7617,0.5083,-0.7446,0.0928
9985,1098,813,33.916,26.953,0.0267,-0.1028,9.7281,0.2516,-0.5774,-0.2032
9990,1099,815,33.862,26.899,0.0407,-0.0133,9.7589,0.3301,0.1363,-0.0968
9995,1094,816,33.919,26.95,-0.0242,-0.0008,9.7883,0.4465,0.0281,-0.2205
10000,1099,817,33.852,26.976,-0.0212,0.0507,9.7741,0.5186,0.0027,0.3165
10005,1082,820,33.945,26.986,-0.0346,0.0274,9.8255,-0.0118,0.977,-0.1116
10010,1085,824,33.899,26.895,-0.0423,-0.0029,9.8549,-0.7274,0.3161,0.1115
10015,1086,826,33.952,26.944,0.0581,0.0593,9.8101,-0.1276,-0.192,0.7532
10020,1078,826,33.929,26.926,-0.0037,0.0424,9.8053,-0.0881,-0.6254,-0.0097
10025,1079,826,33.938,26.923,0.0531,-0.0145,9.8271,0.4756,-0.5342,0.0284
10030,1081,827,33.785,26.996,-0.0754,0.0189,9.7719,0.5048,0.4785,-0.3508
10035,1073,830,33.958,26.97,0.0284,-0.023,9.7912,-0.9323,-0.4152,-0.0629
10040,1065,831,33.894,26.954,0.0262,0.0242,9.8443,0.3,-0.3955,-0.4221
10045,1060,832,33.879,26.95,0.0335,-0.0247,9.7687,-0.4778,-1.0286,0.0895
10050,1076,833,33.944,26.966,-0.0658,0.0136,9.8315,0.4075,-0.0755,-0.1717
10055,1067,839,33.892,27.003,0.0857,0.1081,9.871,0.1839,-0.1387,0.8592
10060,1046,834,33.845,26.988,-0.0654,-0.0575,9.773,-0.908,0.1183,-0.094
10065,1061,834,33.936,26.991,0.0097,0.0252,9.7962,0.1083,0.3881,0.6074
10070,1052,837,33.911,26.903,-0.0057,-0.0524,9.8198,-0.4448,0.6959,0.5951
10075,1041,838,33.863,26.937,0.1081,0.0608,9.8892,0.117,0.6564,0.5854
10080,1039,839,33.791,26.935,-0.0318,0.0264,9.8021,-0.2273,-0.213,-0.7096
10085,1031,840,33.888,26.913,0.0317,-0.0888,9.912,0.04,-1.5657,0.532
10090,1019,839,33.92,27.038,-0.0174,-0.0288,9.8411,-0.807,0.3245,-0.2306
10095,1017,833,33.955,26.978,-0.0544,-0.0169,9.8738,-0.2931,0.0246,-0.3631
10100,1015,834,33.872,26.881,-0.0419,-0.0703,9.8222,-0.1862,0.0793,-0.5329
10105,999,837,33.956,26.887,-0.0515,-0.045,9.8533,1.6637,-0.3269,-0.3553
10110,991,839,33.8,26.952,-0.0004,-0.1247,9.8141,-0.3512,-0.6232,0.1891
10115,978,840,33.913,26.938,0.0269,0.0094,9.8492,-1.0217,-0.3596,0.3264
10120,970,838,33.794,27.003,0.0272,-0.0507,9.7715,-0.5334,-0.2352,-0.1762
10125,969,836,33.923,27.008,0.0336,0.0336,9.799,-0.3317,-0.4894,-0.5649
10130,963,836,33.86,26.897,0.1585,0.016,9.8085,0.6169,0.3196,0.4577
10135,950,834,33.945,26.897,-0.0164,0.0467,9.8539,-0.2951,-0.5597,-0.0018
10140,953,834,33.927,26.952,0.0688,-0.0154,9.8193,-0.3713,-0.2504,-0.4849
10145,933,831,33.925,26.911,-0.0377,-0.0804,9.8276,0.0915,-0.0915,0.1503
10150,920,826,33.947,26.944,0.0056,0.074,9.9116,-0.5697,-0.128,-0.2583
10155,919,833,33.916,26.927,0.0182,0.019,9.8071,0.6557,0.2058,0.4404
10160,906,828,33.846,26.941,-0.0355,0.0369,9.8206,-0.583,0.2459,0.6807
10165,890,828,33.864,26.978,-0.0574,0.068,9.8056,0.3037,-0.2063,0.0499
10170,880,829,33.833,26.981,0.0311,0.0414,9.8175,-0.916,0.773,-0.0609
10175,871,830,33.808,26.845,0.0541,-0.1111,9.8248,-0.1942,-0.8236,-0.0749
10180,857,825,33.917,26.966,0.024,0.0197,9.8176,-0.0419,0.5351,0.582
10185,845,830,33.891,26.898,0.0511,0.0323,9.7941,0.4797,0.7405,0.6434
10190,848,826,33.938,27.036,-0.0114,-0.0373,9.7989,-0.1013,0.6271,-0.2219
10195,823,827,33.822,26.923,-0.0076,0.0288,9.7782,0.2186,0.0565,-0.2891
10200,828,818,33.894,26.881,-0.0362,0.0014,9.7633,0.6319,0.4816,0.6358
10205,817,828,33.849,26.895,-0.048,0.0011,9.8089,-0.186,0.1571,0.6841
10210,803,817,33.88,26.944,0.0172,-0.0534,9.7025,-0.9474,0.1505,-0.5073
10215,800,822,33.814,27.039,0.0578,-0.0031,9.7992,0.1352,-0.5329,-0.0707
10220,782,824,33.841,27.008,0.0227,0.0044,9.8008,0.8079,-0.5251,0.2137
10225,777,823,33.98,26.884,0.0108,-0.0681,9.8057,-0.8624,-0.4246,0.2507
10230,772,818,33.956,26.96,0.1142,0.0165,9.7729,0.4573,-0.548,0.4656
10235,768,823,33.89,27.022,-0.0343,0.0153,9.7725,0.6621,-0.0725,0.2132
10240,760,818,33.85,26.901,-0.0053,-0.0645,9.7895,-0.5255,-0.3215,0.2493
10245,752,823,33.854,26.862,-0.0477,0.047,9.8043,0.3279,0.5188,-0.1067
10250,758,816,33.891,27.038,0.0098,-0.0378,9.8854,-0.3532,0.7103,-0.469
10255,754,818,33.93,26.807,-0.024,-0.0221,9.8428,0.4307,-0.1103,0.0528
10260,761,812,33.843,26.89,-0.0345,-0.0098,9.7212,-0.3197,1.3591,0.1642
10265,748,817,33.91,26.995,0.0315,0.0041,9.837,0.0299,0.512,0.0335
10270,745,816,33.905,26.942,-0.0774,-0.0114,9.7482,-0.5118,-0.0552,-0.5621
10275,739,815,33.901,26.83,-0.0172,0.0795,9.7865,-0.2086,-0.1561,-0.4535
10280,744,814,33.857,26.864,0.0713,0.0975,9.852,0.3679,0.24,-0.803
10285,756,814,33.933,26.905,0.0167,0.0922,9.8566,0.2142,-0.944,0.6207
10290,755,813,33.848,26.899,0.0138,-0.0811,9.8174,0.353,-0.3549,0.26
10295,766,812,33.909,26.887,-0.0321,-0.0239,9.8571,0.6897,-0.4076,-0.4593
10300,757,813,33.956,26.867,0.0269,0.0473,9.8067,1.0634,-0.5746,1.0359
10305,761,804,33.967,26.987,0.0847,0.0153,9.8671,0.2315,-0.4253,-0.2308
10310,776,816,33.871,27.001,-0.0076,0.0362,9.9358,-0.5626,0.5414,-0.8545
10315,781,813,33.937,26.959,-0.0115,0.0457,9.8565,0.7501,0.2163,0.1884
10320,781,807,33.905,26.83,0.0464,0.018,9.7753,-0.9091,-0.0257,-0.5005
10325,799,808,33.932,26.928,0.0641,-0.0195,9.8604,1.0828,0.1008,0.3085
10330,802,806,33.928,26.898,0.019,-0.04,9.8472,-0.5354,-0.3115,-0.7894
10335,812,805,33.916,26.977,0.0031,-0.0478,9.821,0.3575,-0.1671,-0.5126
10340,823,805,33.84,26.936,-0.0546,-0.0215,9.8476,0.5875,-0.8016,0.006
10345,834,804,33.844,26.993,-0.0445,-0.0032,9.7581,0.1016,0.083,0.3253
10350,852,802,33.89,26.931,-0.0132,0.0687,9.7343,0.6343,0.2425,0.3377
10355,858,798,33.876,26.952,-0.0231,0.0124,9.7752,-0.4918,-0.5884,-0.1559
10360,879,800,33.913,27.09,0.0073,-0.0468,9.8797,-0.3407,0.5773,0.3347
10365,882,802,33.954,26.96,0.0072,0.0347,9.766,-0.4422,1.239,0.1073
10370,901,798,33.953,26.937,-0.0202,0.034,9.8121,-0.0739,0.5463,0.0824
10375,911,791,33.934,27.005,-0.0285,0.0072,9.7876,-0.3101,0.3711,-0.5509
10380,926,788,33.869,26.882,-0.0871,-0.0324,9.7052,0.2638,0.1188,0.0698
10385,950,794,33.903,26.957,-0.0373,0.0208,9.8752,0.405,0.0971,-0.7105
10390,957,789,33.907,26.961,-0.012,0.0456,9.8323,0.0413,-0.4146,0.8443
10395,971,784,33.898,26.958,-0.047,0.0092,9.7532,-0.2017,-0.6206,0.5113
10400,974,783,33.978,26.879,-0.1466,0.0136,9.8434,0.2789,-0.5565,1.0337
10405,995,780,33.889,26.961,-0.0308,0.0158,9.7614,-0.3161,-0.0255,0.0998
10410,1012,781,33.945,26.826,-0.0115,-0.0008,9.7932,0.1697,0.0591,-0.1997
10415,1023,774,33.95,26.982,0.0861,-0.0859,9.9016,-0.0967,0.6712,0.2564
10420,1039,780,33.92,26.945,0.0723,-0.1379,9.7598,0.9201,0.2716,-0.3947
10425,1047,776,33.828,27.017,-0.0276,-0.004,9.7781,0.0985,0.1425,-0.197
10430,1067,775,33.856,27.018,0.0383,-0.0674,9.8824,-0.4417,0.2443,0.4387
10435,1075,776,33.936,27.085,0.034,-0.0735,9.7784,-0.4215,0.5546,-0.8481
10440,1088,772,33.906,26.867,0.0246,-0.0548,9.8742,-0.6092,0.0069,0.0462
10445,1100,766,33.89,26.964,0.0218,-0.0127,9.9118,-0.4868,-0.6962,0.9548
10450,1110,762,33.897,26.98,-0.0504,0.0303,9.8053,-0.2974,-0.3621,0.7499
10455,1120,757,33.914,26.938,-0.1169,0.0411,9.7925,-0.2215,-0.4303,0.4108
10460,1119,762,33.952,26.914,0.0005,0.1518,9.8253,-0.6584,-1.1861,-0.9337
10465,1136,764,33.891,26.979,0.0235,0.0899,9.8549,-0.0714,0.4462,0.0814
10470,1137,759,33.893,26.962,0.0048,0.0187,9.8344,0.5476,-0.4434,0.3944
10475,1144,756,33.925,26.927,0.0003,0.0233,9.8118,0.9375,0.0459,-0.0969
10480,1163,752,33.839,26.994,-0.0173,-0.0056,9.8812,-0.0861,0.0017,0.1959
10485,1162,750,33.88,27.047,-0.0427,-0.0009,9.7677,-0.7184,-0.5346,0.4913
10490,1174,748,33.927,26.894,0.0436,0.0921,9.7296,0.1268,-0.1371,-0.3415
10495,1165,754,33.951,26.978,-0.0223,-0.0169,9.8043,0.0273,-1.3403,-0.6632
10500,1174,752,33.897,26.968,-0.0866,0.0498,9.7821,-0.2188,-0.0648,-0.4794
10505,1186,752,33.858,26.946,-0.0867,-0.0342,9.8168,-0.9122,0.181,0.1038
10510,1185,744,33.899,26.914,-0.048,-0.0282,9.8016,0.3927,-0.4037,0.7237
10515,1185,753,33.837,26.88,0.0658,0.0792,9.7655,0.1091,-0.3779,0.3781
10520,1180,748,33.903,27.023,0.0934,0.0156,9.7502,-0.3777,0.4744,-0.0722
10525,1190,746,33.864,26.995,-0.0365,0.0201,9.8065,-0.6892,-0.1981,0.6213
10530,1190,745,33.902,26.923,-0.0019,-0.0281,9.8592,0.4015,-1.1446,-0.1904
10535,1185,747,33.902,26.892,-0.0829,0.006,9.7994,-0.3592,0.3606,0.2563
10540,1191,751,33.909,26.953,0.0196,-0.0415,9.9155,-0.4199,0.1714,0.5658
10545,1187,750,33.92,26.899,0.0705,-0.0458,9.7764,-0.6221,0.1856,0.5267
10550,1187,750,33.83,26.918,-0.0419,0.0462,9.8016,-0.1517,-0.7675,0.2637
10555,1189,752,33.893,26.955,0.0288,-0.0275,9.9001,1.2688,-0.158,-0.4845
10560,1178,757,33.904,26.9,-0.0633,0.0474,9.808,-0.2306,-0.7654,-0.5478
10565,1169,757,33.978,26.933,-0.0023,-0.0166,9.8282,0.6518,-0.3326,0.1758
10570,1174,755,33.928,26.909,-0.0073,0.0907,9.7497,0.7538,0.6258,0.2631
10575,1176,758,33.874,26.949,-0.0381,-0.0196,9.8057,-0.2577,-0.2585,0.0417
10580,1169,757,33.903,26.819,-0.0054,0.0889,9.8183,-0.0024,-1.0721,-0.342
10585,1162,760,33.897,26.779,0.0555,0.0242,9.7983,-0.5342,-0.4904,0.0386
10590,1165,762,33.865,26.969,-0.0445,0.0352,9.7811,0.2591,0.3912,0.3527
10595,1158,771,33.855,26.886,-0.0479,0.0259,9.8125,0.8084,0.0935,0.3028
10600,1147,772,33.947,26.926,0.0109,0.0543,9.841,0.7378,-0.6798,-0.5575
10605,1150,765,33.899,26.949,-0.0248,0.0321,9.8662,-0.0511,0.0307,-0.6942
10610,1140,772,33.906,26.957,0.0712,0.0641,9.8285,-0.6141,-0.6283,0.2273
10615,1146,778,33.949,26.96,0.0316,0.0122,9.7697,0.2542,0.0568,0.5919
10620,1139,784,33.942,26.964,0.0499,-0.0294,9.786,-0.5214,-0.2896,0.5018
10625,1127,782,33.892,26.977,-0.0396,0.0593,9.8701,0.3176,-0.0498,-0.0214
10630,1126,784,33.903,27.011,0.0496,0.0004,9.7978,0.8585,1.0968,0.0398
10635,1130,780,33.872,26.952,-0.0138,-0.0832,9.8018,-0.3865,-0.1668,0.218
10640,1116,793,33.849,26.904,-0.0013,0.0557,9.8502,-0.1213,-0.1841,0.3124
10645,1124,793,33.904,26.899,-0.0766,-0.0282,9.8408,0.0364,-0.3283,-0.5226
10650,1112,798,33.846,26.924,-0.0054,-0.0631,9.9027,-0.4636,0.6167,-0.124
10655,1104,796,33.873,27.053,-0.0318,-0.0329,9.7897,-0.4485,-0.2098,0.1708
10660,1106,807,33.906,26.943,-0.0232,-0.0232,9.8127,0.0277,-0.1676,-0.1284
10665,1109,801,33.92,26.932,-0.0511,0.0088,9.8155,-0.0848,-0.2228,1.0748
10670,1108,810,33.874,26.935,-0.0181,0.0687,9.9011,-0.7148,0.837,0.2486
10675,1101,808,33.988,27.005,-0.0078,-0.0886,9.7498,-0.3707,0.9807,1.1104
10680,1099,813,33.863,26.912,0.0539,0.0147,9.7776,1.1881,-0.2353,-0.542
10685,1098,818,33.891,26.863,-0.0075,0.0759,9.7603,-0.2659,-0.286,0.2139
10690,1101,814,33.907,26.996,0.0188,-0.0865,9.7508,1.34,0.5419,-0.0394
10695,1097,821,33.827,26.878,0.064,0.0122,9.9132,-0.6832,0.283,0.0983
10700,1100,821,33.842,26.95,-0.0568,0.0332,9.9007,1.6291,0.374,0.3668
10705,1089,823,33.899,26.953,-0.0084,-0.0246,9.7821,0.2755,-0.1243,1.0792
10710,1088,818,33.903,26.891,-0.0187,0.0432,9.7594,-0.3303,-0.1111,-1.3396
10715,1085,824,33.928,26.867,0.0409,-0.0419,9.7301,0.0736,-0.3857,-0.1323
10720,1071,826,33.927,26.995,0.0332,-0.0341,9.6804,-0.2917,0.2918,0.0463
10725,1082,830,33.848,26.855,0.0794,0.0424,9.7686,-0.3462,0.5554,-0.4054
10730,1069,834,33.91,26.908,-0.0243,-0.0134,9.6757,-0.4777,-0.4219,-0.8407
10735,1070,830,33.858,26.895,-0.0902,0.0422,9.8288,-0.2017,-0.124,0.2033
10740,1070,833,33.859,26.949,-0.0433,-0.0914,9.7665,0.9082,-0.2007,0.6242
10745,1064,833,33.949,26.878,-0.0878,0.0072,9.9148,-0.3889,-0.8657,-0.5541
10750,1063,836,33.909,27.023,0.0052,-0.026,9.8121,-0.449,-0.2935,-0.1916
10755,1058,836,33.931,26.97,0.0611,-0.1096,9.7868,-0.9115,0.176,0.0817
10760,1045,836,33.903,26.94,-0.054,0.0141,9.7604,1.2671,0.6435,-1.0725
10765,1043,836,33.835,27.032,0.0482,-0.0328,9.7081,0.7533,0.2219,-0.1061
10770,1052,835,33.886,26.86,-0.0319,0.0595,9.7779,0.2864,-0.1719,-0.4308
10775,1031,839,33.862,26.982,0.0641,-0.0006,9.7505,0.3326,0.148,0.7385
10780,1037,842,33.853,26.837,-0.0998,-0.0116,9.9004,0.412,-0.3477,-0.1298
10785,1020,839,33.938,26.941,0.0377,0.0625,9.7248,-0.3038,-0.3799,-0.781
10790,1025,845,33.944,26.897,-0.0995,-0.0357,9.8844,0.622,-0.0674,0.0192
10795,1008,837,33.899,26.886,0.052,-0.0525,9.872,0.2815,0.3431,-0.0659
10800,1011,838,33.908,26.928,-0.0672,0.0957,9.858,-1.2021,-0.1163,0.4815
10805,990,835,33.88,26.986,-0.0417,-0.0077,9.822,0.0328,0.5017,0.2256
10810,989,836,33.962,26.894,-0.0601,-0.0407,9.7702,-0.1615,0.0754,-0.4236
10815,988,839,33.865,26.97,-0.0646,0.0424,9.7325,-0.3614,-1.3591,0.046
10820,965,835,33.891,26.922,-0.0638,-0.0348,9.8059,-0.4767,-0.1902,-0.0425
10825,962,832,33.969,27.006,0.0039,-0.0206,9.8678,0.1867,-0.8914,0.0264
10830,954,835,33.927,26.99,0.0988,-0.001,9.7901,-0.0508,0.1242,0.1111
10835,937,828,33.871,26.911,-0.0067,-0.0063,9.7168,-0.0307,-0.1187,0.5335
10840,924,831,33.823,26.97,-0.0775,0.1386,9.8054,-0.1698,0.5866,0.8336
10845,922,833,33.95,26.918,-0.0339,0.0793,9.8396,0.643,-0.8361,-0.5133
10850,910,828,33.902,26.94,-0.0029,-0.0076,9.7367,0.5191,-0.0894,-0.6652
10855,901,832,33.828,26.934,0.0414,-0.0211,9.7757,-0.284,0.5597,-0.3842
10860,892,826,33.958,26.976,0.0546,-0.0207,9.8541,-0.5027,-0.3407,-0.017
10865,880,829,33.906,26.902,-0.0205,-0.0021,9.8596,0.1895,1.1067,-0.5307
10870,868,828,33.932,27.015,-0.0349,-0.0446,9.7962,0.3953,0.0653,1.1296
10875,866,826,33.894,26.991,-0.1007,0.0308,9.7545,0.0787,-0.1195,0.7508
10880,860,830,33.911,26.954,-0.0248,0.0321,9.8364,0.0139,-0.4079,-0.0493
10885,842,823,33.857,26.94,0.0797,0.0256,9.8921,-0.2939,-0.6158,0.3012
10890,833,823,33.949,26.923,0.0627,0.0633,9.8242,0.3634,-0.1633,0.0328
10895,814,826,33.964,26.913,0.0027,0.0738,9.8737,0.2385,0.1855,-0.111
10900,814,821,33.959,26.91,-0.0423,-0.0239,9.8545,-0.8673,0.889,0.2724
10905,804,818,33.876,26.974,-0.0025,0.0658,9.7971,-0.0535,-0.7231,-0.576
10910,792,812,33.808,26.983,-0.0047,0.0707,9.8543,-0.4099,0.5464,0.6682
10915,787,823,33.864,26.937,-0.0434,-0.0545,9.6921,0.5344,-0.4669,-0.7074
10920,777,821,33.979,26.982,0.0361,-0.02,9.8184,-0.1557,-0.1507,-0.4878
10925,784,823,33.929,27.084,-0.0644,0.0324,9.7891,0.1163,0.2848,-0.6109
10930,759,822,33.892,26.919,0.0308,-0.1002,9.9141,-0.5077,-0.24,-0.0077
10935,756,815,33.887,26.971,0.0328,0.0643,9.8096,-0.6366,-0.8958,0.0797
10940,762,820,33.944,26.837,-0.0924,0.0162,9.8636,-0.2955,-0.3122,0.6751
10945,760,817,33.909,26.85,-0.1172,-0.0256,9.8367,0.1949,0.0401,0.2368
10950,753,818,33.879,27.075,-0.0265,0.0226,9.7774,-0.098,0.4552,0.5405
10955,755,821,33.861,26.953,0.0484,0.0245,9.8266,-0.1661,-0.0686,-0.1354
10960,749,813,33.887,26.954,0.0489,-0.0288,9.9193,-0.3612,0.7974,-0.0321
10965,743,816,33.872,26.94,0.0804,-0.075,9.8624,-1.0195,-0.8197,0.776
10970,753,811,34.009,26.974,0.0441,-0.0199,9.7373,0.4277,0.1294,-0.55
10975,749,813,33.889,26.965,-0.0015,-0.0484,9.7824,0.562,-0.2301,-0.146
10980,768,811,33.91,27.006,0.0779,0.025,9.8531,-0.2141,-0.8162,0.3441
10985,758,814,33.88,26.857,-0.0465,0.0503,9.8671,0.4554,0.3528,0.2408
10990,757,815,33.833,27.021,-0.0132,0.0546,9.8469,-0.0479,0.404,0.9504
10995,769,810,33.933,26.958,0.0247,-0.0393,9.9118,-0.522,-0.8743,-0.3303
11000,759,807,33.815,26.882,-0.0563,0.0565,9.8247,-0.0208,-1.1341,-0.2331
11005,773,811,33.882,26.981,0.0078,-0.0665,9.8092,-0.5675,0.0255,-0.2652
11010,776,807,33.794,26.89,0.0548,0.0111,9.7923,0.0914,-0.4501,0.0462
11015,788,810,33.939,26.878,-0.0569,0.059,9.834,1.1716,-0.7581,0.4759
11020,798,810,33.86,26.944,-0.0287,-0.0217,9.9054,0.2775,-0.9046,0.7806
11025,809,806,33.872,26.855,0.0498,-0.0107,9.8427,-0.1026,0.7029,0.2353
11030,828,808,33.947,26.967,0.0259,0.0028,9.7944,-0.2387,-0.1227,0.009
11035,830,803,33.856,26.956,0.0111,-0.0145,9.8117,-0.3735,-0.5909,0.0232
11040,840,809,33.901,26.888,0.0188,0.0037,9.8398,0.9777,0.125,-0.0591
11045,845,804,33.857,26.872,-0.0078,-0.0535,9.8458,0.3395,-0.2765,0.0063
11050,856,806,33.88,26.918,0.0043,-0.1366,9.8823,-0.6924,-0.3241,1.1372
11055,874,798,33.857,26.987,-0.0694,0.0022,9.7959,-0.2317,0.1192,0.7181
11060,876,798,33.91,26.935,-0.1112,0.0049,9.8423,-0.3959,0.3785,0.5218
11065,904,793,33.987,26.862,-0.042,-0.0213,9.7966,0.1139,-0.1525,0.4363
11070,912,793,33.884,26.986,-0.024,-0.0666,9.7959,0.1736,0.2815,-0.9705
11075,924,792,33.92,27.046,-0.0025,0.0459,9.7572,-0.2356,-0.8065,-0.7835
11080,947,787,33.898,26.918,0.0785,0.0028,9.8298,-0.3146,-0.5957,0.0391
11085,949,789,33.913,27.006,0.0428,0.044,9.7786,-1.5305,-0.3484,-0.2301
11090,971,789,33.892,26.972,-0.03,0.0026,9.793,-0.2308,0.1905,0.074
11095,983,788,33.853,26.978,-0.0128,-0.0125,9.7856,0.4652,-0.4025,0.3966
11100,993,783,33.866,26.905,0.0145,0.0424,9.8967,-0.6308,0.3339,-0.0131
11105,1017,787,33.896,26.878,0.0403,-0.0165,9.8132,1.0098,-0.0854,-0.0533
11110,1020,775,33.914,26.992,-0.0235,-0.0282,9.751,-0.2012,0.3461,-0.0326
11115,1034,773,33.853,27.034,-0.0909,0.1021,9.8816,-0.1733,-0.1519,0.6377
11120,1056,773,33.861,26.874,-0.0826,-0.0062,9.7106,0.2967,0.1704,-0.2351
11125,1065,771,33.731,26.944,0.0608,-0.0164,9.8071,-0.0028,-0.5731,-0.0178
11130,1077,769,33.945,26.954,0.0261,0.0464,9.7678,0.3501,0.6384,0.1819
11135,1086,772,33.912,26.94,0.0226,0.0891,9.7382,-0.2236,-0.5979,-0.0049
11140,1093,770,33.916,27.016,-0.0437,-0.0307,9.7219,0.3385,-0.642,0.0185
11145,1101,769,33.842,26.975,-0.1032,0.1009,9.827,0.0601,0.1015,-0.2303
11150,1118,763,33.864,26.956,-0.0609,-0.1103,9.8846,0.6512,-0.4992,0.764
11155,1136,755,33.858,26.99,0.0091,-0.059,9.8658,0.1679,0.3686,-0.2324
11160,1136,757,33.893,26.914,0.0567,-0.054,9.669,0.1984,0.2068,0.9704
11165,1140,762,33.81,27.011,-0.0055,-0.0741,9.808,0.7576,0.0359,0.0886
11170,1153,751,33.894,26.979,-0.0011,-0.0023,9.6649,-0.5172,-0.9559,0.2826
11175,1154,758,33.898,26.978,-0.0238,-0.0157,9.8819,0.3857,-0.0536,0.445
11180,1157,752,33.896,26.968,0.0609,0.0682,9.8129,-0.3434,-0.6961,0.1355
11185,1166,750,33.841,26.869,-0.0672,-0.0133,9.7939,0.5843,0.2962,0.0952
11190,1171,748,33.879,26.928,0.0215,-0.0899,9.799,-0.7864,-0.1017,-0.0774
11195,1182,752,33.891,26.909,-0.0831,0.0717,9.8854,0.5883,-0.1281,-0.6799
11200,1186,749,33.928,26.958,0.0484,0.0188,9.9097,0.4641,0.5466,0.6515
11205,1193,753,33.891,27.007,-0.0859,-0.0799,9.8156,-0.3537,-0.0443,-0.2326
11210,1184,751,33.851,26.925,0.0503,0.0641,9.8178,0.4879,0.6173,0.313
11215,1178,753,33.952,26.958,0.071,-0.0296,9.813,-0.0191,0.5205,-0.7288
11220,1180,745,33.959,26.959,0.0186,0.0169,9.7392,-0.6899,0.6581,0.2124
11225,1194,750,33.956,26.937,-0.0257,-0.0346,9.7375,-0.211,0.3933,0.4944
11230,1192,750,33.894,26.808,0.0428,-0.0353,9.9194,-0.325,0.1147,0.4622
11235,1181,752,33.971,26.911,0.0794,0.0056,9.8069,0.0269,-0.1676,-0.2685
11240,1184,751,33.963,26.905,-0.0378,0.0094,9.846,0.2022,-1.053,0.1958
11245,1196,751,33.945,26.897,-0.0226,-0.0319,9.7844,0.2617,0.4635,-0.1843
11250,1195,750,33.959,26.891,-0.0685,-0.0511,9.8653,0.49,-0.3646,0.3852
11255,1177,754,33.864,26.925,0.0364,-0.0029,9.7474,0.4417,0.4095,0.2559
11260,1180,754,33.943,26.956,-0.0024,-0.0531,9.7138,0.1109,-0.0963,0.3534
11265,1168,759,33.986,26.922,-0.041,0.031,9.8436,0.1454,-0.5032,-0.3199
11270,1179,761,33.858,26.882,-0.0403,-0.0474,9.667,-0.3272,0.0633,0.12
11275,1163,758,33.889,27.014,0.081,-0.0353,9.8121,0.0043,-0.2685,-1.2209
11280,1175,761,33.88,26.996,-0.0576,0.0241,9.8155,0.1192,-0.2666,-0.3411
11285,1157,766,33.836,26.929,-0.0215,0.0332,9.7627,0.8742,0.0639,-0.1226
11290,1151,770,33.931,26.997,0.0029,-0.0046,9.9062,-0.4886,0.2591,-0.1458
11295,1154,771,33.935,26.922,0.0514,-0.026,9.8167,-0.1079,0.2457,-0.3575
11300,1150,774,33.858,26.947,-0.0168,0.0572,9.8649,1.0463,-0.8539,-0.2884
11305,1149,775,33.874,27.007,0.0058,-0.0032,9.7673,-0.2023,0.5621,-0.2839
11310,1144,779,33.916,26.924,-0.0247,-0.0728,9.8538,0.4972,-1.3884,0.2471
11315,1143,778,33.93,26.98,0.0274,0.0557,9.8558,-0.4641,-0.6148,-0.1514
11320,1139,781,33.923,26.892,0.0202,-0.1058,9.8257,-0.1347,0.3406,0.5326
11325,1136,788,33.921,26.807,0.006,0.0166,9.7778,-0.1519,-0.6614,-0.2646
11330,1120,789,33.932,26.921,-0.0522,0.0013,9.6923,0.5356,-0.2948,-0.5649
11335,1130,795,33.85,27.015,-0.0604,0.0379,9.8049,0.6467,0.7121,0.2139
11340,1120,796,33.845,27.015,0.0615,0.0045,9.8358,0.4041,-0.3933,0.32
11345,1122,798,33.9,26.957,0.0137,-0.117,9.8015,-0.5282,-0.2339,0.263
11350,1118,798,33.891,26.982,0.0381,0.1055,9.8474,0.0534,-0.208,0.0701
11355,1112,806,33.877,26.861,-0.0861,-0.0744,9.7832,0.271,0.4507,0.1105
11360,1111,808,33.896,26.925,0.0442,0.065,9.7822,-0.0845,0.2281,-0.1382
11365,1100,802,33.959,26.95,0.0118,-0.0094,9.7845,0.096,-0.2794,0.3567
11370,1101,812,34.017,26.934,0.0692,0.0648,9.8525,-0.1399,0.0754,0.8238
11375,1094,813,33.927,26.914,0.0669,-0.014,9.8449,0.0415,0.0654,-0.5114
11380,1093,818,33.861,26.965,0.0423,0.0184,9.7452,-0.3641,0.9038,-0.0792
11385,1092,819,33.889,27.011,0.0403,-0.0046,9.8166,-0.628,-0.9963,0.06
11390,1099,818,33.896,26.954,0.0289,0.041,9.8128,-0.0047,-0.1514,0.7863
11395,1089,826,33.878,26.892,-0.0067,0.0139,9.851,-1.0461,-0.3988,0.0642
11400,1083,827,33.91,26.992,-0.0006,-0.0351,9.6947,-0.5681,0.0645,-0.2069
11405,1083,829,33.927,26.971,-0.0325,0.041,9.7174,-0.2511,-0.6722,-0.1554
11410,1084,832,33.959,27.029,-0.0349,0.0063,9.792,-0.8119,-0.0178,0.0695
11415,1086,826,33.876,26.879,-0.0128,-0.0338,9.8135,-0.0096,0.1653,1.1566
11420,1079,833,33.984,27.051,0.0337,0.1147,9.8337,-0.2779,0.3155,-0.2656
11425,1074,831,33.898,26.993,0.0349,0.0943,9.7345,-0.5986,-0.0351,0.4275
11430,1074,831,33.907,26.956,-0.017,-0.0883,9.725,0.0208,-0.0023,-0.1119
11435,1072,836,33.924,26.949,0.0255,-0.0368,9.7906,-0.221,0.6847,0.2655
11440,1063,835,33.832,26.989,-0.0143,0.0338,9.8131,0.4202,0.4681,0.1778
11445,1060,832,33.863,26.92,0.1069,0.0001,9.7405,-0.027,-0.9508,0.1061
11450,1059,840,33.908,26.875,0.0925,0.044,9.8126,-0.3756,-0.1701,-0.5382
11455,1054,837,33.926,26.997,0.0467,-0.0726,9.745,0.0332,-0.2727,0.0692
11460,1048,835,33.809,26.964,-0.0726,-0.0447,9.82,0.26,0.2419,0.0128
11465,1039,835,33.922,26.981,0.0277,0.017,9.8188,-0.5306,0.2603,-0.7972
11470,1041,833,33.901,27.016,-0.0281,-0.0516,9.8177,-0.5826,-1.2747,0.1137
11475,1028,837,33.899,26.947,0.0115,-0.0699,9.8429,-0.6393,0.3169,0.7593
11480,1024,838,33.954,26.908,0.0138,0.0533,9.782,0.124,0.6642,-0.7384
11485,1020,835,33.879,27.044,-0.0302,-0.0511,9.795,0.1704,-0.0153,1.0364
11490,1012,838,33.913,26.854,-0.0587,-0.0183,9.7707,0.8954,0.0977,-0.6009
11495,1000,838,33.922,26.979,-0.0172,0.0339,9.8551,0.9056,0.5238,0.2508
11500,1006,834,33.897,26.999,-0.0074,-0.0605,9.8837,-0.2576,0.8481,-0.473
11505,990,838,33.891,27.007,0.0526,-0.0081,9.8346,-0.2694,-0.5227,1.0251
11510,977,838,33.871,26.996,0.0111,0.0398,9.8025,0.0848,0.4931,0.7471
11515,971,838,33.84,26.903,0.0216,0.0339,9.7665,0.5169,0.9619,0.3045
11520,963,835,33.866,26.958,0.0555,0.0263,9.7583,0.445,-0.1716,-0.8795
11525,956,832,33.913,27.049,-0.1184,-0.073,9.8286,0.0544,0.2584,0.3923
11530,942,828,33.91,26.901,-0.0835,-0.0491,9.7372,0.4716,-0.4403,-0.0395
11535,933,833,33.903,26.962,-0.025,-0.1007,9.819,0.8448,-0.0026,0.1108
11540,922,827,33.911,26.956,0.0115,0.0063,9.8327,0.829,-0.2666,1.0079
11545,913,832,33.917,26.948,-0.0162,0.0419,9.8289,-0.0018,0.0897,-0.3376
11550,908,829,33.97,26.886,-0.0217,0.0414,9.8612,-0.2347,0.6992,1.0718
11555,895,827,33.929,26.982,-0.0564,-0.0007,9.8224,-0.1372,-0.3174,-0.3437
11560,877,828,33.916,27.034,-0.0672,-0.003,9.7524,0.3284,0.5374,-0.542
11565,868,833,33.972,26.923,-0.0006,-0.0682,9.8175,0.032,0.1759,0.2773
11570,864,829,33.915,26.87,0.0817,0.019,9.767,0.0143,-0.695,0.28
11575,860,829,33.938,26.943,0.0303,0.0365,9.7677,0.6151,-0.8199,0.0954
11580,838,836,33.939,26.956,-0.0147,-0.0653,9.769,0.3144,0.5347,0.2352
11585,830,822,33.898,26.95,-0.0932,-0.0402,9.9315,0.1069,0.2468,0.2483
11590,825,820,33.901,26.98,-0.0347,0.0915,9.777,-0.3534,-0.3699,-0.5946
11595,815,822,33.85,26.942,-0.0196,0.0929,9.8185,0.3643,0.2071,0.4813
11600,809,825,33.938,26.931,0.0422,0.0212,9.7825,-0.0228,0.0749,0.3882
11605,799,819,33.908,26.912,0.0682,-0.016,9.7623,0.2562,-0.6344,0.49
11610,792,821,33.868,26.937,-0.0766,-0.0649,9.7637,-0.8582,0.6473,-0.1201
11615,780,824,33.886,26.972,0.0035,-0.034,9.8034,-0.0158,0.8151,0.4699
11620,769,823,33.883,26.837,-0.0252,0.0633,9.8595,0.3034,-0.063,-0.6399
11625,764,821,33.903,26.932,0.0231,0.0975,9.7626,0.6234,0.4809,-0.2717
11630,773,819,33.846,27.026,0.0431,0.0334,9.812,-0.0336,1.541,0.7115
11635,767,824,33.895,26.986,-0.0952,-0.0071,9.8553,0.0539,-0.8587,-0.1627
11640,755,815,33.927,26.925,0.0345,0.0316,9.8495,0.3932,0.3472,-0.4903
11645,755,821,33.93,26.941,-0.0078,-0.0396,9.862,-0.8283,0.5244,-0.8109
11650,749,820,33.882,26.917,0.0042,0.015,9.8539,-0.2722,0.5152,0.1549
11655,760,816,33.895,26.948,-0.0007,-0.1017,9.7411,1.0296,-0.2009,-0.1366
11660,753,813,33.885,27.002,0.04,0.0179,9.8163,0.6371,0.5657,-0.0034
11665,743,816,33.94,27.025,0.0296,0.0572,9.8101,-0.2213,0.5634,-0.0268
11670,752,818,33.978,26.939,-0.0122,0.0354,9.7762,-0.055,-0.5238,-0.9507
11675,759,815,33.761,26.929,0.0337,-0.0556,9.746,-0.6634,-1.3843,0.3667
11680,753,816,33.928,26.969,-0.0153,0.0212,9.7703,-0.2519,0.5189,-0.1305
11685,757,801,33.874,26.978,0.1659,-0.0069,9.8073,0.4225,-0.2072,0.1494
11690,768,814,33.899,26.93,0.014,0.0261,9.8711,-0.1671,-0.0201,0.0113
11695,769,810,33.894,27.052,0.0007,0.0639,9.9065,0.0454,0.131,-0.1276
11700,772,814,33.951,26.918,0.0472,0.0637,9.7747,-0.3301,-0.9747,0.0392
11705,777,810,33.852,27.048,-0.0335,-0.0425,9.7295,0.4995,0.2642,-0.408
11710,785,808,33.893,26.889,0.0273,-0.0543,9.8384,-0.3808,0.1756,-0.0365
11715,794,803,33.865,26.955,0.0183,0.0149,9.7681,0.3779,0.0478,-0.728
11720,818,806,33.925,26.928,0.0731,0.0188,9.8413,-0.146,-0.3869,0.235
11725,813,806,33.885,26.991,-0.0454,0.003,9.8616,-0.4197,-0.184,-0.5057
11730,824,808,33.865,26.948,-0.006,-0.0583,9.7158,-0.0857,0.5354,-0.9053
11735,839,804,33.871,26.984,0.007,0.0254,9.7512,0.4757,0.0603,0.4192
11740,846,800,33.904,26.915,-0.0682,-0.0061,9.7827,-0.0051,-0.0579,0.9899
11745,857,800,33.924,26.905,-0.0355,-0.0398,9.8036,-0.3039,0.7297,0.0657
11750,873,805,33.927,26.881,0.0686,-0.0176,9.7216,0.6532,-0.0139,-0.0266
11755,884,798,33.922,26.95,0.0133,-0.0187,9.7774,0.6363,-0.1861,-0.2437
11760,901,794,33.812,26.938,0.0958,0.0295,9.8369,0.3512,0.0388,-0.3108
11765,904,791,34.047,26.986,0.0054,-0.0641,9.7844,-0.174,0.5896,0.0252
11770,925,792,33.912,26.897,-0.0307,-0.0622,9.8205,0.7814,0.0965,0.3571
11775,938,785,34.036,26.943,0.0628,0.0866,9.8183,-0.1329,0.6533,-0.1391
11780,949,784,33.889,26.951,0.0446,-0.0925,9.7207,-0.1579,-0.1338,-0.5183
11785,970,787,33.942,26.949,-0.0384,-0.0089,9.7343,-0.0807,-0.381,-0.4083
11790,977,785,33.921,26.909,-0.0491,-0.1451,9.7853,-0.1313,-0.0324,-0.6495
11795,996,779,33.838,26.821,0.0307,0.0442,9.7853,-0.475,-0.3648,-0.0084
11800,1004,777,33.867,26.882,-0.034,-0.0504,9.8472,0.2871,-0.3239,0.5387
11805,1028,784,33.972,26.929,0.0466,-0.0325,9.8376,-0.6893,0.1877,-0.2608
11810,1043,776,33.862,26.886,-0.0469,0.0137,9.8824,0.9909,-1.1169,0.8681
11815,1050,774,33.948,26.838,0.0291,-0.0459,9.8089,-0.5955,0.3202,0.0779
11820,1059,771,33.805,26.917,-0.0081,0.0675,9.84,-0.1466,-0.1398,-0.9467
11825,1081,776,33.926,27.01,-0.0593,0.0376,9.8034,-0.1794,-0.5564,0.5043
11830,1087,763,34.007,26.892,0.0031,0.0359,9.7613,-0.762,-0.9691,-0.2155
11835,1101,765,33.813,26.934,0.0208,-0.0483,9.8418,0.3653,0.3381,-0.3073
11840,1108,764,33.966,26.937,-0.0359,-0.0232,9.7559,-0.18,0.1426,0.2998
11845,1122,761,33.832,26.949,0.0398,0.0492,9.7969,0.307,-0.2536,-0.7682
11850,1119,761,33.931,26.901,0.0195,-0.0865,9.8805,-0.2806,-0.0547,0.832
11855,1134,758,33.905,26.886,-0.0338,-0.0717,9.8265,0.1825,0.6148,0.1329
11860,1141,756,33.868,26.913,0.0057,0.0231,9.7297,-0.3632,0.1176,-0.7463
11865,1146,759,33.979,26.92,0.1572,0.0043,9.8427,0.4735,0.1172,0.4058
11870,1154,752,33.948,26.928,0.0086,-0.0188,9.8481,0.1275,-1.0064,0.7659
11875,1166,753,33.975,26.949,0.039,-0.0151,9.8733,-0.8211,-0.2467,0.0498
11880,1171,751,33.962,26.962,-0.0143,0.014,9.7787,-0.4797,0.6195,-0.1429
11885,1171,760,33.955,26.887,0.0881,0.0495,9.7369,-0.3117,0.1238,-0.3501
11890,1178,751,33.967,27.04,-0.021,-0.0202,9.8191,-0.1297,0.6988,0.1506
11895,1181,749,33.988,26.911,-0.1393,-0.1399,9.9399,0.5698,-0.3727,0.0852
11900,1185,752,33.854,26.889,-0.0174,-0.0277,9.8854,0.1956,1.5529,0.5916
11905,1187,746,33.95,26.858,-0.0406,-0.0479,9.804,-0.4899,0.0666,0.6794
11910,1197,747,33.925,26.889,-0.0897,-0.0804,9.8597,-0.323,-0.1847,0.0505
11915,1191,747,33.907,26.959,0.0661,0.0556,9.7927,-0.8559,0.2686,-0.799
11920,1180,751,33.909,26.94,-0.0151,-0.0558,9.8521,-0.9019,-0.0549,-0.4066
11925,1190,748,33.862,26.847,0.0146,0.0244,9.8636,0.0992,0.0505,0.7518
11930,1186,751,33.893,26.926,-0.0171,-0.0298,9.7944,-0.1107,-0.0325,-0.2988
11935,1180,750,33.852,27.02,-0.0093,0.034,9.8569,-0.5044,0.0721,-0.1746
11940,1185,751,33.901,26.972,0.0298,0.0348,9.7135,0.7784,1.5238,-0.8122
11945,1181,753,33.782,26.944,0.0223,0.0326,9.8074,-0.4215,-0.9001,0.068
11950,1183,755,33.912,26.963,0.1019,0.0071,9.7526,-0.5481,-0.3766,1.4448
11955,1173,753,33.858,26.94,-0.0117,0.0262,9.8199,-0.4885,-0.2035,0.3025
11960,1178,759,33.998,26.926,-0.0256,-0.0406,9.8545,-0.0318,-0.79,0.1251
11965,1179,760,33.926,26.968,0.0049,0.0728,9.809,-0.3695,-0.4875,0.1457
11970,1165,757,33.892,26.985,0.0795,0.0489,9.7471,-0.1336,0.6587,-0.0571
11975,1162,761,33.883,26.919,0.012,0.0349,9.7989,-0.3713,-0.0738,-0.5617
11980,1167,761,33.924,26.873,-0.0241,-0.0895,9.8488,-0.1097,-0.4781,-0.0876
11985,1156,767,33.925,26.942,0.0126,-0.0367,9.8289,-0.4824,-0.2169,-0.3557
11990,1168,767,33.917,26.875,-0.0156,-0.0229,9.8748,0.742,-0.2839,-0.1985
11995,1155,768,34.023,26.804,-0.125,-0.0405,9.8018,-0.7266,0.4086,-0.1525
12000,1146,775,33.831,26.946,0.022,0.0066,9.8064,-0.0583,0.1571,-0.7705
12005,1138,774,33.866,26.93,0.0468,-0.0157,9.8284,-0.1549,0.0176,-0.3208
12010,1137,774,33.925,26.898,0.0417,-0.0107,9.7879,0.2006,-0.649,0.753
12015,1135,787,33.971,26.899,0.0733,-0.0273,9.8585,-0.4126,0.3384,0.0109
12020,1140,783,33.894,26.985,0.0004,-0.0155,9.8063,-0.0772,0.697,0.1485
12025,1133,783,33.942,26.899,0.0587,-0.0155,9.8154,-0.2314,-0.2965,0.1054
12030,1127,790,33.947,26.906,0.0299,0.0158,9.8119,0.0326,-0.048,-0.7396
12035,1129,796,33.898,26.876,0.0112,0.1315,9.8768,0.9845,-0.2718,0.2612
12040,1107,796,34.013,26.992,0.0454,-0.0288,9.7587,0.2635,0.1031,-0.0002
12045,1113,795,33.953,27.041,0.0133,-0.0392,9.7918,-0.2982,-0.026,-0.0338
12050,1111,804,33.934,26.889,-0.0081,0.0336,9.7372,1.1847,-0.4359,-0.4573
12055,1116,804,33.89,27.023,-0.0466,0.0229,9.8015,-0.1773,0.3151,-0.3075
12060,1107,806,33.87,26.913,0.1388,-0.003,9.7525,0.3137,0.3722,-0.2994
12065,1101,810,33.898,26.925,-0.0142,-0.0197,9.8873,-0.4248,1.0779,-0.2976
12070,1112,812,33.994,26.959,0.0913,0.0461,9.8576,0.0547,-0.0635,0.0019
12075,1091,813,33.909,27.011,-0.0227,-0.0244,9.7963,-0.5481,0.589,-0.6088
12080,1088,818,33.914,26.98,0.0296,0.137,9.8543,0.4157,-0.1628,0.5378
12085,1090,821,33.912,26.985,-0.0197,-0.074,9.7186,0.2653,-0.6591,0.8839
12090,1092,824,33.858,26.937,-0.0512,-0.0104,9.9036,-0.0826,-0.7678,-0.3653
12095,1095,823,33.92,26.912,-0.0412,-0.0618,9.8384,0.015,0.3078,-0.3919
12100,1090,827,33.85,26.913,-0.0576,-0.0705,9.8008,-0.2178,0.6781,0.2708
12105,1076,827,33.982,26.966,-0.0754,0.053,9.7655,-0.1311,0.3499,-0.1714
12110,1072,830,33.842,26.978,0.0591,-0.0403,9.8139,0.7684,-0.0743,0.2227
12115,1079,829,33.963,26.973,-0.0182,0.0238,9.8419,0.129,-0.6407,-0.8625
12120,1067,822,33.901,26.91,0.0531,-0.004,9.8765,-0.3505,-0.8033,-0.6859
12125,1068,831,33.852,26.999,0.0589,-0.0779,9.8069,0.4215,-0.0541,-0.6737
12130,1066,832,33.87,26.985,0.0417,0.0084,9.7988,0.7208,-0.2717,0.7413
12135,1065,830,33.877,26.927,0.0491,-0.0269,9.8064,0.1678,-0.6421,0.595
12140,1070,833,33.931,26.967,-0.0742,-0.1545,9.808,0.6353,-0.2596,0.5596
12145,1059,834,33.869,27.076,-0.0347,0.0808,9.8392,0.599,0.0489,-0.1707
12150,1057,835,33.821,26.976,0.0291,-0.1262,9.7601,0.5566,-0.7874,-0.3285
12155,1048,839,33.839,26.975,-0.0224,-0.0268,9.8081,-0.256,-0.1432,0.204
12160,1037,839,33.822,26.852,-0.0216,0.0701,9.7834,0.138,0.4212,-0.1933
12165,1034,838,33.899,26.907,-0.0382,0.0037,9.6787,-0.6569,-0.7441,0.4687
12170,1035,833,33.865,26.852,0.0304,-0.0572,9.886,-0.3403,-0.9013,0.4257
12175,1017,833,33.875,26.906,0.0132,0.0451,9.7329,0.6393,0.1438,-0.2288
12180,1011,840,33.874,26.916,-0.0361,0.0327,9.7659,-0.2563,0.5489,-0.2931
12185,1007,831,33.912,26.967,-0.0766,0.01,9.8284,0.6155,0.5736,0.3162
12190,1010,832,33.904,26.927,-0.1137,-0.074,9.7667,0.3783,-0.2336,-0.5575
12195,1001,830,33.998,26.933,-0.0911,-0.0137,9.7837,-0.8654,0.1778,-1.067
12200,989,836,33.92,26.966,0.005,-0.0499,9.6645,-0.0451,0.3591,-1.171
12205,978,834,33.825,26.965,-0.0519,-0.031,9.8112,-0.2542,0.4721,0.2211
12210,972,837,33.944,26.886,-0.0096,0.1137,9.8559,-0.6499,-1.2474,0.6948
12215,952,833,33.974,26.917,-0.0017,0.0254,9.8327,0.2492,-0.0613,0.2795
12220,958,833,33.93,26.94,-0.0296,0.0704,9.6999,-0.4204,-0.4235,0.0334
12225,941,834,33.896,26.931,-0.0546,-0.0512,9.8286,-0.5516,0.259,-0.6633
12230,947,824,33.885,26.927,-0.0227,-0.0158,9.8179,-0.0706,-0.1943,0.5981
12235,919,832,33.893,26.973,0.0836,-0.0647,9.733,0.4353,-0.4745,-0.1939
12240,906,838,33.891,26.937,-0.0209,0.0232,9.8468,0.3234,0.5285,0.0711
12245,902,831,33.959,26.891,0.0482,0.1117,9.9163,0.1155,-0.6942,0.2023
12250,898,828,33.906,26.901,0.0882,0.0384,9.8231,-0.6112,-0.08,0.8478
12255,886,825,33.947,26.835,-0.1094,-0.1058,9.7769,-0.5816,0.3436,-0.3406
12260,878,826,33.857,26.944,0.0246,0.0608,9.8423,0.0129,0.2021,-0.6227
12265,861,825,34.023,26.919,-0.0095,-0.042,9.8143,-0.0322,0.8012,-1.004
12270,848,825,33.909,26.951,0.0421,0.0133,9.8279,-0.2425,0.3044,-0.1986
12275,847,824,33.911,26.949,-0.0012,-0.0373,9.7895,-0.1987,-0.2137,0.7325
12280,829,829,33.91,26.879,0.0688,0.0635,9.7763,0.4935,-0.1969,-0.1858
12285,818,823,33.882,26.928,0.0193,-0.0692,9.7092,0.6375,-1.0987,0.1644
12290,818,826,33.911,26.981,0.0408,0.0641,9.7919,-0.8954,-0.0318,0.7406
12295,801,824,33.916,27.039,0.0381,-0.0139,9.786,-0.5466,-0.1896,-0.0938
12300,797,819,33.927,26.961,-0.0237,-0.0905,9.7728,-0.1011,-0.8206,0.2701
12305,779,822,34.09,26.957,-0.0444,0.0174,9.8318,-0.2825,-0.3064,-0.7977
12310,788,818,33.839,26.97,0.0356,0.0313,9.7883,-0.3125,0.7552,0.0522
12315,774,823,33.876,26.936,-0.0465,0.0272,9.7635,0.6273,-0.6832,0.5848
12320,769,822,33.796,26.905,0.0439,0.0298,9.8851,0.9224,-0.3871,-0.0744
12325,765,819,34.005,26.943,0.0503,0.0844,9.8486,-0.4791,0.1996,0.2099
12330,757,816,33.879,26.902,0.0303,-0.0486,9.8223,-0.5255,-0.0146,0.6041
12335,755,819,33.803,26.982,0.1065,-0.0289,9.8775,0.3208,0.0365,0.38
12340,750,817,33.939,26.966,-0.0017,0.0133,9.7812,-0.1634,1.0546,-0.3776
12345,743,822,33.84,26.996,0.0321,0.0349,9.7892,0.4873,-0.0778,-0.0702
12350,743,822,33.843,26.944,-0.0288,-0.0077,9.8187,0.541,-0.4296,0.291
12355,748,813,33.955,26.908,0.0264,-0.0594,9.8162,0.8624,-0.1253,-0.0092
12360,745,812,33.965,26.94,-0.1062,0.0113,9.7782,-0.4032,0.8732,0.7225
12365,740,818,33.903,26.963,0.0471,-0.0008,9.8897,-0.0477,-0.9286,0.331
12370,747,817,33.903,26.996,0.0354,0.0257,9.8445,0.0663,0.9711,0.0212
12375,757,813,33.811,26.925,0.0144,-0.0055,9.8001,-0.08,1.1346,0.3338
12380,754,816,33.906,26.902,-0.0486,0.0084,9.7333,0.5863,-0.4618,-0.0096
12385,760,811,33.877,27.005,-0.065,0.0126,9.7518,-0.5743,0.4502,-0.9011
12390,771,815,33.879,26.968,-0.1108,0.0177,9.8719,0.2867,-0.5691,-0.3685
12395,778,818,33.868,27.007,0.027,-0.0214,9.8498,-0.2621,1.9747,-0.5031
12400,777,812,33.863,27.05,0.005,-0.006,9.7449,0.4629,-0.029,0.6198
12405,788,810,33.789,26.979,0.0386,-0.0595,9.8624,0.2077,-0.0882,-0.5404
12410,797,803,33.905,26.963,0.0701,-0.0297,9.8278,0.1541,0.538,-0.6739
12415,813,805,33.925,26.927,-0.017,0.0908,9.8482,-0.9125,-0.6855,-0.9832
12420,818,800,33.873,26.891,0.0582,0.0248,9.8066,0.3063,0.2023,0.2247
12425,824,804,33.922,26.974,0.0628,0.0462,9.8635,0.0759,0.4173,0.291
12430,840,804,33.808,26.957,0.0672,0.0131,9.7732,0.7058,-0.5322,0.1031
12435,861,801,33.896,26.968,-0.0404,0.1116,9.8114,0.2645,-1.0941,-1.0609
12440,864,799,33.936,26.966,-0.0514,-0.0107,9.7983,-0.1228,-0.4833,-0.2483
12445,877,795,33.916,26.964,0.0378,0.0519,9.7295,-0.0537,1.0227,0.4395
12450,890,796,33.854,26.844,0.0437,0.0369,9.8069,-0.0659,0.1223,-0.2705
12455,905,788,33.835,26.945,-0.0328,0.1045,9.9354,-0.362,0.5509,1.3888
12460,916,792,33.94,26.969,0.0176,-0.0754,9.8293,0.0736,0.1245,-0.5884
12465,928,792,33.935,26.845,-0.0105,0.0259,9.7384,-0.2552,-0.1598,-0.8431
12470,941,787,33.934,27.02,-0.079,0.01,9.7907,-0.1784,-0.3928,-0.2653
12475,952,792,33.869,26.957,-0.0446,0.002,9.766,0.4057,-0.3319,0.0396
12480,974,784,33.868,27.005,0.0198,0.0219,9.8678,-0.1966,-0.0175,0.7136
12485,983,788,33.858,27.011,-0.0705,-0.0314,9.7825,0.423,0.1836,-0.0915
12490,1003,787,33.896,26.912,-0.0626,-0.0704,9.8534,0.1925,-0.672,-0.0151
12495,1015,782,33.902,27.063,0.001,-0.032,9.8995,0.7058,-1.0509,-0.0321
12500,1022,784,33.836,26.982,0.0498,-0.0664,9.7797,0.5157,-0.1707,-0.6759
12505,1038,781,33.91,27.027,0.0225,0.1177,9.8376,-0.2707,0.3102,-0.3058
12510,1046,772,33.892,26.965,-0.0293,0.1136,9.8201,-0.1292,0.6139,0.3312
12515,1057,772,33.937,26.898,0.0429,0.0227,9.8441,0.022,-0.0599,0.4393
12520,1081,775,33.897,26.87,0.063,0.07,9.7801,0.0593,0.1519,0.0531
12525,1086,771,33.787,26.972,0.0375,0.0126,9.7587,0.1519,0.404,-0.4531
12530,1090,765,33.865,26.924,0.1006,-0.014,9.8718,-0.0504,-0.1503,0.0324
12535,1107,762,33.863,26.932,-0.0268,-0.0129,9.7928,-0.1202,-0.8178,-0.7153
12540,1117,762,33.971,26.928,-0.0286,0.012,9.736,-0.4165,0.1155,-0.6206
12545,1129,765,33.906,26.945,0.0874,-0.0421,9.7951,0.7906,-0.5069,0.5849
12550,1133,760,34.007,26.932,0.057,-0.0136,9.7923,-0.0015,-0.245,0.0266
12555,1141,754,33.9,26.929,-0.06,0.0295,9.7953,-0.2495,0.3328,-0.3452
12560,1156,758,33.938,26.941,0.0439,0.0826,9.8471,-0.1807,0.3622,-0.363
12565,1160,758,33.898,27.006,-0.0755,0.0618,9.6747,0.0365,0.4825,0.7309
12570,1162,754,33.939,26.904,0.0277,-0.0292,9.8344,0.1434,0.1862,-0.4149
12575,1168,750,33.908,26.899,0.0479,0.0172,9.7831,0.0012,-0.3302,0.4547
12580,1172,746,33.831,26.976,-0.0098,-0.0345,9.8156,-0.1948,0.6308,0.9152
12585,1174,751,33.914,26.891,-0.0367,0.116,9.8123,-0.2285,-0.5222,0.449
12590,1172,750,33.915,27.059,-0.084,-0.0152,9.7779,0.8909,0.5239,-0.0789
12595,1182,748,33.914,27.019,-0.0306,-0.0162,9.8564,0.0168,0.3345,-0.2734
12600,1185,753,33.932,27.012,0.0091,-0.0417,9.7842,-0.6323,0.8442,-0.6259
12605,1181,758,33.836,26.847,-0.0151,0.0644,9.7151,-0.627,-1.1031,-0.3165
12610,1177,749,33.888,26.958,-0.0207,-0.0644,9.8243,0.124,-0.7055,-0.1467
12615,1187,754,33.829,27.01,0.0312,-0.02,9.8516,-0.3093,-0.1049,0.5174
12620,1190,750,33.863,26.935,0.0047,0.0051,9.8369,1.1392,-0.2526,-0.0967
12625,1187,744,33.926,26.965,-0.0005,0.0342,9.8034,0.3683,-0.8984,-0.2037
12630,1187,751,33.977,26.991,0.015,-0.0264,9.7125,0.0245,0.1629,0.0417
12635,1184,752,33.871,26.905,0.0447,-0.0532,9.8692,0.1536,-0.6195,-0.3091
12640,1180,760,33.912,26.846,-0.0234,-0.0374,9.8301,0.0714,0.2308,-0.2681
12645,1174,748,33.883,26.948,0.0266,0.0862,9.8715,-0.5945,-0.5938,-0.636
12650,1173,757,34.007,26.913,0.0344,-0.0195,9.758,0.0342,-0.6912,0.27
12655,1173,759,33.932,26.919,0.0287,0.0535,9.7984,0.0931,-0.1594,1.2816
12660,1184,752,33.932,26.974,-0.0927,0.0429,9.8084,0.9334,0.3678,-0.1682
12665,1157,760,33.981,26.873,0.0357,-0.0773,9.7871,-0.4387,-0.5749,0.3451
12670,1169,760,33.875,27.063,0.0569,-0.0442,9.817,0.0112,-0.5444,0.584
12675,1165,764,33.917,26.934,-0.0063,0.1208,9.7751,-0.5977,0.4482,-0.0492
12680,1160,768,33.897,26.905,-0.0277,-0.0179,9.8698,-0.3981,0.1703,0.2469
12685,1153,766,33.958,26.882,-0.0433,-0.0332,9.8825,-0.0707,0.3506,1.0831
12690,1157,770,33.899,27.04,0.0325,0.0235,9.7877,0.3065,0.4253,-0.5386
12695,1139,774,33.899,26.963,-0.0367,0.0203,9.9001,-0.5481,0.972,-0.2305
12700,1141,776,33.864,26.984,-0.0848,-0.0503,9.9042,0.5941,-0.1353,-0.2685
12705,1136,774,33.868,26.963,-0.0554,-0.0034,9.859,-0.226,-0.3607,0.5261
12710,1134,782,33.857,26.959,0.0188,0.07,9.7521,0.295,0.2134,0.3535
12715,1133,785,33.962,26.984,0.0677,0.0402,9.857,0.5851,0.9312,0.1477
12720,1123,780,33.94,26.934,-0.0928,-0.0811,9.813,0.3154,-0.4714,-0.6886
12725,1127,789,33.931,26.868,-0.02,-0.0351,9.7853,-0.0642,0.2395,0.9064
12730,1110,797,33.903,26.937,-0.0154,-0.0212,9.8019,-0.3803,0.0954,1.7467
12735,1109,791,33.922,26.923,0.0381,-0.0719,9.7836,-0.2487,0.7921,0.2651
12740,1115,800,33.916,27.103,0.068,0.118,9.9648,0.6247,-0.1694,-0.285
12745,1110,804,33.758,26.928,0.0738,-0.0586,9.7524,-0.4567,-0.0081,-0.3745
12750,1101,802,33.935,26.932,0.0076,0.0286,9.835,0.4959,-0.1956,-0.9833
12755,1106,809,33.865,27.04,0.1338,0.0261,9.8133,-0.306,-0.0362,0.625
12760,1112,810,33.954,26.933,-0.1165,0.0365,9.7502,0.562,-0.6048,-1.1101
12765,1092,820,33.876,26.917,-0.0148,0.048,9.7343,-0.427,0.7375,-0.2892
12770,1094,814,33.908,26.949,0.0616,0.0388,9.7449,0.0343,-0.161,-0.2059
12775,1088,819,33.924,26.985,0.0155,0.0199,9.7636,0.4178,-0.7466,0.1212
12780,1087,816,33.892,26.944,-0.0114,0.0751,9.6911,0.6024,0.3316,-0.663
12785,1090,825,33.889,26.858,-0.0082,0.0006,9.8719,-0.3916,-0.4264,-0.0492
12790,1081,824,33.946,26.97,-0.055,0.0259,9.7925,0.1686,-0.4307,-0.8264
12795,1081,828,33.936,26.914,0.0337,-0.0493,9.8105,-0.4805,-0.1036,0.5521
12800,1086,825,33.89,26.989,0.0202,0.0154,9.8812,0.4488,0.1318,0.3858
12805,1076,826,33.858,26.921,-0.0378,-0.0051,9.8428,0.7104,0.1965,-0.2995
12810,1073,830,33.904,27.003,0.0355,-0.0398,9.8912,-0.8373,-0.4333,0.3632
12815,1078,836,33.891,26.951,-0.0294,-0.0154,9.7841,-0.9353,-0.3218,0.1704
12820,1077,826,33.792,26.927,-0.0368,0.0772,9.8209,-0.4618,-0.0706,0.0796
12825,1073,835,33.825,26.954,-0.0836,-0.0099,9.8166,-0.0434,-0.146,-0.2302
12830,1060,839,33.924,26.893,-0.034,-0.0012,9.7341,0.2638,0.02,-0.7736
12835,1057,835,33.923,27.012,0.0119,-0.0083,9.8827,-0.9165,-0.9568,0.3154
12840,1060,836,33.975,27.003,0.0175,-0.1062,9.822,0.0991,0.2039,0.111
12845,1047,841,33.935,26.923,0.0803,-0.125,9.8192,0.2026,-0.5558,0.9557
12850,1049,843,33.946,26.926,-0.0372,-0.0078,9.8883,0.0225,-0.1344,-0.1663
12855,1034,838,33.853,26.957,0.0167,0.0073,9.7562,0.5929,0.9937,0.4123
12860,1048,841,33.954,26.929,0.0332,-0.002,9.8165,-0.6322,0.349,-0.079
12865,1034,829,33.901,26.993,-0.0954,-0.1006,9.816,-1.1573,-0.7265,0.511
12870,1021,842,33.899,27.02,-0.0443,0.0495,9.8586,0.1662,-0.4092,0.7651
12875,1023,838,33.938,27.007,-0.0054,0.0008,9.8585,0.5252,-0.1024,-0.1881
12880,1010,840,33.918,26.917,-0.0179,-0.0691,9.7685,0.1953,0.2335,-1.6685
12885,996,843,33.963,26.931,0.145,-0.0653,9.7836,0.0881,-0.137,-0.9629
12890,1000,838,33.842,26.889,-0.0286,-0.0761,9.7991,-0.6334,0.4361,-0.5067
12895,990,830,33.86,26.888,0.078,-0.0158,9.8419,0.394,-0.1274,-0.1446
12900,979,834,33.97,27.001,0.0636,-0.0264,9.8405,1.0906,0.3811,0.099
12905,965,832,33.899,26.923,0.0224,-0.0564,9.8154,0.0013,-0.8063,0.1122
12910,963,841,33.87,26.917,0.0536,-0.0256,9.8162,-0.4537,-0.2166,-0.6376
12915,952,836,33.941,26.912,0.0333,-0.0556,9.8264,-0.6783,0.998,-0.3935
12920,945,837,33.87,26.991,-0.0057,-0.021,9.6863,-0.2004,0.0468,-0.2926
12925,929,828,33.872,26.966,0.0392,-0.0112,9.821,0.1526,-0.245,1.5748
12930,922,831,33.966,26.87,0.0837,-0.0239,9.8677,0.9545,0.3859,-0.0103
12935,910,830,33.869,27.019,0.076,-0.0375,9.783,-0.9302,0.0714,-0.5432
12940,899,827,33.986,26.917,0.0332,-0.069,9.7486,-0.5047,0.4657,0.1336
12945,887,829,33.909,26.978,0.0635,0.0152,9.8623,0.0963,0.1627,-0.7667
12950,876,829,33.948,27.039,-0.006,-0.0023,9.7974,0.7375,-0.0234,-0.2147
12955,868,826,33.881,26.934,0.0114,0.0266,9.8409,1.0644,-0.363,-0.5547
12960,861,831,33.867,26.948,0.0191,-0.0049,9.7228,-1.0721,0.033,0.0571
12965,848,828,33.955,26.939,-0.0063,0.0459,9.7767,0.5221,0.4069,0.8657
12970,833,820,33.844,26.953,-0.0017,-0.0425,9.8037,0.0732,0.599,0.0172
12975,831,824,33.877,26.902,-0.0123,-0.0107,9.7878,-0.3496,-0.5809,-0.6582
12980,810,820,33.868,26.949,0.0357,0.0428,9.8052,-0.4453,-0.4529,0.4605
12985,816,822,33.837,26.918,-0.0402,-0.0544,9.7861,0.2199,0.1348,-0.6507
12990,797,824,33.908,26.941,-0.0356,0.0171,9.8171,-0.8146,0.134,0.9302
12995,795,823,33.867,26.971,-0.0297,-0.0793,9.8661,0.4092,-0.0763,-0.1524
13000,786,825,33.8,26.985,0.0362,0.0466,9.8874,-0.3618,0.0448,0.731
13005,780,825,33.909,26.888,0.0462,-0.0052,9.7823,-0.1441,-0.6277,-0.4732
13010,780,824,33.805,26.963,-0.0367,-0.0419,9.8588,0.1163,0.8959,0.4072
13015,772,819,33.862,26.94,-0.0699,-0.0346,9.8065,0.5036,-0.3674,-0.6573
13020,761,821,33.938,26.937,-0.0079,-0.04,9.7948,-0.3887,0.7294,0.3827
13025,764,813,33.959,26.943,-0.0599,-0.0793,9.7653,0.1323,0.1732,-0.3159
13030,754,816,33.924,26.988,-0.0494,-0.0095,9.9096,0.1104,-0.2971,-0.4482
13035,753,820,33.884,27.018,0.0013,0.0271,9.7342,0.0423,-0.0507,-0.4473
13040,749,817,33.871,26.985,0.0266,-0.0048,9.8982,0.2501,-1.0922,0.437
13045,750,816,33.864,26.89,-0.0519,-0.0222,9.8339,-0.024,-0.5467,0.2929
13050,748,815,33.899,26.957,0.0345,-0.0611,9.8065,-0.494,-0.2327,-0.2522
13055,750,815,33.848,27.005,0.047,0.0571,9.8232,0.3193,0.5495,0.6484
13060,753,812,33.833,26.884,-0.0565,0.0682,9.8198,-0.1247,-0.6056,-0.3695
13065,750,815,33.92,26.965,-0.0118,-0.0087,9.7937,-0.4268,-0.2233,0.8833
13070,763,814,33.935,26.92,0.0876,-0.0231,9.8784,0.3338,0.3344,0.1948
13075,757,811,33.973,27.017,0.0698,0.1152,9.7847,0.1216,-0.1715,-0.3789
13080,757,811,33.917,26.92,0.0202,0.0773,9.8179,0.065,-0.0371,0.249
13085,767,818,33.898,26.893,0.0172,-0.0071,9.8414,0.172,0.0272,0.638
13090,777,808,33.927,26.971,0.0444,-0.09,9.7723,0.8078,-0.3529,-0.5028
13095,783,813,33.978,27.034,-0.0316,0.0994,9.8483,-0.5036,-0.0567,-0.2331
13100,787,806,33.927,27.036,-0.0399,-0.0345,9.7855,0.2283,-0.0797,0.3657
13105,794,808,33.854,26.947,-0.0106,-0.0324,9.8473,-0.1696,0.2476,0.4468
13110,808,806,34.022,27.078,0.029,0.0071,9.7992,-0.3526,-0.1068,-0.1981
13115,813,806,33.952,26.901,0.053,0.02,9.8113,0.142,0.4578,-0.295
13120,820,801,33.977,26.895,-0.0468,-0.0455,9.8409,0.418,-0.5458,0.1401
13125,841,804,33.88,26.961,0.0374,-0.0437,9.8988,-0.8024,0.4131,-0.2688
13130,852,798,33.965,26.902,-0.0189,-0.0188,9.8404,-0.7167,-0.0237,-0.0532
13135,868,797,33.966,26.868,-0.0649,-0.0256,9.7364,0.019,0.054,-0.5488
13140,869,802,33.903,26.921,0.0603,0.0421,9.8414,-0.3064,-0.5548,-0.5657
13145,889,800,33.96,26.956,-0.0302,0.0425,9.7609,-0.1355,-0.7104,0.7628
13150,907,800,33.85,27.032,0.0138,0.0438,9.8282,0.5767,0.1727,-0.0676
13155,919,794,33.99,26.96,-0.0401,-0.0193,9.7875,0.5393,0.2677,-0.8378
13160,920,792,33.991,26.919,0.0966,-0.0358,9.8149,0.4591,0.6278,0.5393
13165,936,787,33.96,26.928,0.017,0.0403,9.7971,-0.1592,-0.0805,-0.1186
13170,957,787,33.878,27.008,-0.0099,-0.0093,9.7452,1.0197,0.2877,-0.041
13175,977,787,33.968,26.967,0.0004,0.1221,9.7602,-0.4567,0.136,-0.0304
13180,975,783,33.932,26.877,-0.0464,0.0858,9.8248,-1.1262,0.4772,-0.0156
13185,1000,783,33.969,27.033,-0.0048,-0.0645,9.7579,0.2779,-0.8348,0.1019
13190,1010,780,33.944,26.894,-0.0096,-0.0371,9.8701,0.6195,0.0069,0.6706
13195,1022,780,33.922,26.866,0.0078,-0.0036,9.692,0.2168,0.1349,-0.9062
13200,1037,778,33.901,26.88,-0.0209,0.0964,9.8051,-0.6091,-0.0337,-0.0421
13205,1055,777,33.832,26.902,0.1115,0.0415,9.7663,-0.8346,-0.2089,0.2926
13210,1066,780,33.878,26.906,0.0255,0.0027,9.8428,1.1748,0.0934,-0.3137
13215,1073,772,33.841,26.97,0.0677,0.0188,9.8401,-0.214,-0.176,-0.3659
13220,1088,774,33.9,26.975,-0.0272,0.0224,9.8686,-0.141,0.5833,0.5371
13225,1096,765,33.909,26.953,0.0128,0.015,9.9172,-0.0482,-0.3021,0.4686
13230,1108,761,33.912,26.962,0.104,0.0238,9.9082,-0.3124,0.0207,-0.1466
13235,1121,766,33.983,26.988,0.1518,-0.0229,9.7932,-0.3488,-0.7358,-0.4534
13240,1123,759,33.948,26.881,0.0465,-0.0686,9.8259,0.6974,0.6249,-0.2512
13245,1134,767,33.95,26.959,-0.0357,0.0659,9.8362,0.4602,0.1739,-0.0934
13250,1148,754,33.942,26.891,0.0099,-0.001,9.8036,0.1635,-0.8498,-0.2823
13255,1152,759,33.888,27.057,0.0074,0.0607,9.8458,-0.1233,0.2502,0.2842
13260,1164,753,33.931,27.028,0.0732,-0.009,9.7794,-0.3086,-0.1557,-0.4294
13265,1158,753,33.851,26.951,0.0432,-0.0329,9.781,-0.3353,0.2761,-0.4681
13270,1175,747,33.974,27.044,0.0336,-0.0081,9.9108,-0.1441,0.4763,0.4869
13275,1167,748,33.905,26.973,-0.031,0.0807,9.8186,-0.2316,-0.0903,0.0322
13280,1174,748,33.861,26.915,0.0383,-0.0278,9.8503,0.449,-0.2413,0.6405
13285,1191,745,33.966,26.99,0.0696,-0.1387,9.7347,-0.2984,-0.6608,-0.0677
13290,1181,751,34.02,26.908,-0.0357,-0.0701,9.7417,1.0168,0.3845,-0.0357
13295,1177,754,33.883,26.995,-0.1063,-0.047,9.7383,0.5021,-0.4641,-0.6339
13300,1185,750,33.871,26.915,0.0217,-0.049,9.8146,-0.6486,-0.1605,0.319
13305,1190,745,33.948,26.961,0.0035,-0.0309,9.7728,0.2271,0.7749,0.2634
13310,1195,747,33.918,26.892,-0.0298,-0.02,9.8456,0.3501,-0.7581,0.3979
13315,1185,752,33.954,26.994,-0.0709,0.026,9.8109,-0.7568,-0.0701,-0.2039
13320,1184,751,33.779,26.972,0.0386,-0.0024,9.7286,0.4058,0.4598,0.5258
13325,1187,748,33.841,26.925,0.0228,0.0307,9.8592,-0.1111,0.324,0.2593
13330,1184,747,33.862,26.914,0.1034,-0.0422,9.7072,0.0276,-0.416,-0.2542
13335,1184,751,33.984,27.003,0.0235,-0.0337,9.8986,-0.613,-0.0908,0.3783
13340,1181,755,33.933,26.889,0.047,-0.0616,9.8286,0.2108,-0.3493,-0.1338
13345,1174,755,33.935,26.874,-0.0453,0.0187,9.7944,0.7614,0.0829,-0.6057
13350,1171,753,33.848,26.974,0.0172,-0.0433,9.8078,0.3099,0.9086,-0.0386
13355,1169,761,33.927,26.928,0.0249,-0.0406,9.7693,0.2124,0.1954,0.3155
13360,1169,757,33.822,27.023,-0.0749,0.0065,9.7207,-0.2852,-0.2367,-0.7149
13365,1175,761,33.927,26.999,0.025,-0.0908,9.8494,-0.0362,-0.2219,0.1506
13370,1157,768,33.935,26.963,0.0158,-0.0801,9.7873,-0.0476,0.1796,0.3735
13375,1168,767,33.912,26.972,-0.0827,-0.0404,9.7763,-0.0921,-0.7346,0.5388
13380,1152,771,33.894,26.984,0.0378,0.0415,9.9035,0.7028,-0.1314,0.7166
13385,1156,774,33.837,27.068,-0.0599,0.08,9.8991,0.1566,0.4583,0.097
13390,1143,771,33.955,26.951,-0.0042,-0.0477,9.8456,0.0329,-0.0213,0.5655
13395,1143,778,33.868,26.988,0.0273,0.0425,9.8593,0.0774,0.9973,-0.1953
13400,1132,778,33.931,26.963,0.0428,0.0301,9.7605,0.7521,-0.3134,0.2573
13405,1135,785,33.935,27.004,-0.0142,0.0406,9.8185,0.3582,-0.1049,-0.1575
13410,1134,790,33.924,26.929,0.037,-0.0003,9.8802,0.0527,0.703,0.7598
13415,1131,788,34.023,26.917,-0.0571,-0.0213,9.8964,0.4671,0.4648,-0.1482
13420,1121,789,33.916,26.979,0.0216,0.0404,9.7273,0.7028,-0.2598,-0.3165
13425,1115,797,33.954,26.872,0.1002,-0.059,9.7711,0.7728,0.6183,0.8117
13430,1113,794,33.924,27.018,0.0146,0.0163,9.8283,-0.8596,-0.3841,-0.0666
13435,1116,798,33.892,26.96,-0.0103,0.001,9.7935,-0.3712,-0.9263,0.2839
13440,1108,804,33.927,26.902,-0.0023,-0.0127,9.8593,0.1705,-0.3489,-0.2744
13445,1115,796,33.936,26.903,-0.0457,-0.0821,9.7741,0.9884,-0.4608,-0.4989
13450,1101,812,33.904,26.893,0.0639,-0.0364,9.7436,-0.5299,0.9006,-0.2736
13455,1102,815,33.933,26.927,0.068,0.0938,9.7666,0.232,-0.3802,-0.0958
13460,1092,809,33.843,26.971,0.0092,-0.0384,9.8035,0.0516,0.0787,-0.1144
13465,1105,808,33.806,26.927,-0.0483,0.0637,9.8696,-0.7149,1.0527,-0.2576
13470,1093,805,33.922,26.929,0.0616,0.0713,9.7867,-0.0658,0.6549,-0.3674
13475,1092,824,33.934,26.883,0.0725,0.0764,9.8856,-0.1343,-0.9641,0.5736
13480,1091,821,33.876,26.994,0.0422,-0.062,9.8168,-0.1118,-1.0474,-0.4618
13485,1081,822,33.844,26.997,0.1144,0.0705,9.9035,0.725,-0.4545,-0.1453
13490,1093,831,33.939,26.913,-0.0603,-0.0021,9.8808,0.3926,-0.8451,-0.0679
13495,1082,826,33.867,26.962,0.0101,-0.0207,9.8069,0.5228,0.4026,-0.2142
13500,1075,829,33.973,26.937,-0.046,0.0454,9.8678,0.0855,-1.1843,0.1306
13505,1071,835,33.934,27.016,0.014,-0.0672,9.9307,0.0382,-1.5685,-0.0315
13510,1073,839,34.003,26.958,-0.0668,0.0102,9.6999,-0.4037,1.0722,0.3127
13515,1073,832,33.872,26.951,-0.0533,-0.0142,9.7861,-0.0184,0.2844,-0.1332
13520,1064,836,33.816,26.968,-0.0752,-0.0584,9.8576,0.03,0.8825,-0.6653
13525,1056,835,33.911,26.981,-0.0901,-0.0251,9.8204,-1.0735,0.0368,-0.7209
13530,1059,833,33.949,27.0,0.0025,-0.0454,9.9059,-0.0938,-0.7914,0.5808
13535,1062,833,33.883,26.973,0.1007,-0.0936,9.8049,0.3412,-0.7354,0.3439
13540,1050,834,33.904,26.942,-0.0068,0.0557,9.8552,0.5913,0.2335,0.2371
13545,1054,838,33.882,26.927,-0.0442,-0.0043,9.8397,0.1108,0.5168,-0.1764
13550,1034,838,33.932,26.989,-0.027,0.0901,9.7666,0.6851,-0.387,-0.0346
13555,1035,837,33.979,26.86,-0.0031,-0.116,9.7391,-0.7205,-0.0725,0.2875
13560,1036,839,33.836,26.969,0.0222,-0.0087,9.8301,0.6206,-0.5946,-0.2978
13565,1020,842,33.882,26.929,-0.0259,-0.0628,9.8278,0.8232,1.1338,0.0879
13570,1019,837,33.83,26.98,0.0019,-0.005,9.7732,-0.0487,0.2241,-0.1584
13575,1010,831,34.004,27.011,-0.0471,-0.0123,9.8104,-0.4492,-0.3512,-0.2677
13580,999,838,33.856,26.977,0.1232,-0.0174,9.8448,0.4604,-0.3946,-0.1279
13585,1001,833,33.904,26.944,0.0276,0.0113,9.7147,0.1403,-0.4267,-0.2437
13590,991,837,33.826,26.964,-0.0033,-0.0313,9.7715,-0.2964,-0.1153,-0.3642
13595,987,837,33.93,27.034,0.0066,-0.0232,9.884,0.1219,0.3425,0.1081
13600,971,839,33.882,26.931,0.0573,-0.0456,9.8819,-0.5616,-0.1433,0.0879
13605,965,837,33.882,26.869,0.0157,-0.0356,9.7185,0.5175,-0.4115,0.3255
13610,951,834,33.888,27.027,0.0311,0.0176,9.839,-0.4253,-0.2536,0.1655
13615,938,835,33.865,26.901,-0.049,-0.0346,9.8611,0.1256,0.7341,1.2532
13620,931,832,33.891,26.935,0.0056,0.1087,9.8105,-0.7093,0.4822,-0.3906
13625,923,834,33.917,27.064,0.0153,-0.0248,9.8714,-0.1524,0.7201,0.0611
13630,918,832,33.864,27.014,0.0986,-0.0483,9.8203,-0.0532,-0.2281,-0.2456
13635,895,834,33.947,27.046,-0.0344,-0.0024,9.7295,0.0559,0.4365,0.4571
13640,887,830,33.92,26.953,-0.0292,-0.0255,9.8998,0.2424,0.0005,-0.4452
13645,888,831,33.906,26.914,0.0071,0.0316,9.7355,-0.1667,0.1818,0.7507
13650,876,829,33.881,26.963,0.0607,0.0744,9.7945,0.3991,0.064,0.3742
13655,861,827,33.828,26.947,-0.0175,0.0233,9.7833,-0.1862,-0.3865,-0.6999
13660,845,822,33.865,26.975,0.0093,-0.056,9.8643,0.3133,-0.001,-0.5181
13665,838,824,34.071,26.969,0.0482,-0.0056,9.8099,0.0195,1.1696,-0.019
13670,828,824,33.863,26.9,-0.0052,0.0203,9.7593,-0.4869,0.0499,1.1885
13675,827,820,33.841,26.914,-0.1233,0.0183,9.8823,-0.1361,-0.1386,0.1661
13680,804,824,33.959,26.98,-0.0306,0.0117,9.8628,-0.4458,0.058,-0.0871
13685,811,821,33.885,26.924,-0.0068,-0.0011,9.8636,-0.3762,0.1976,-0.6812
13690,794,819,33.893,26.994,-0.0991,-0.0283,9.7734,0.697,0.2378,-0.0249
13695,789,818,33.86,26.927,-0.0461,-0.0065,9.7844,0.6028,0.2418,0.5783
13700,780,812,33.903,26.914,0.0386,0.077,9.7977,1.1898,0.4376,-0.5467
13705,777,821,33.955,26.953,-0.0396,-0.0254,9.8063,0.376,-0.5341,0.3785
13710,773,826,33.867,27.022,0.0152,-0.0548,9.8464,0.6138,0.7025,0.9298
13715,770,819,33.906,26.878,0.0256,0.0593,9.8416,-0.3731,1.5339,0.0963
13720,758,819,33.868,27.009,0.0481,0.0576,9.7544,0.2334,-1.5952,-0.185
13725,757,817,33.842,26.957,0.0644,-0.0165,9.8045,0.5869,0.7202,-0.8491
13730,748,817,33.971,26.861,0.0067,-0.0488,9.8519,-0.0315,0.1107,0.3322
13735,757,814,33.89,26.96,-0.02,0.0961,9.744,-0.5978,-0.307,-0.6044
13740,747,816,33.91,26.969,-0.088,0.0088,9.8041,-0.4616,-0.017,0.0114
13745,738,821,33.856,26.982,0.0265,-0.0262,9.8568,0.2404,0.2068,-0.6048
13750,747,818,33.911,26.923,-0.0272,0.0375,9.7978,0.2023,0.3914,-0.0271
13755,755,814,33.929,26.994,-0.0263,-0.0016,9.7831,-0.6048,-0.5614,-0.5939
13760,756,818,33.888,26.885,0.1068,-0.0077,9.8906,-0.8697,0.2556,0.6565
13765,756,816,33.951,26.893,-0.036,-0.0035,9.8427,-1.5504,0.1505,0.883
13770,757,815,33.902,26.919,-0.0777,-0.0311,9.8601,-0.2891,0.0227,-0.1135
13775,764,814,33.924,26.991,-0.0488,-0.0294,9.7659,-0.4394,-1.3727,-0.4344
13780,769,811,33.941,26.94,0.0649,0.0854,9.876,-0.4387,0.9943,0.4005
13785,774,807,33.883,26.999,0.0636,-0.0815,9.8641,0.3969,-0.246,0.2813
13790,783,814,34.086,26.98,-0.032,-0.0991,9.6851,0.5539,0.3609,-0.1208
13795,789,809,33.964,26.947,-0.0136,0.0089,9.8642,0.2537,-0.1971,-0.6972
13800,792,809,33.951,26.914,-0.0755,0.008,9.7934,0.8474,-0.0475,0.2717
13805,806,807,33.932,27.041,0.0269,-0.016,9.8153,0.7498,-0.1268,0.1265
13810,822,813,33.992,26.994,-0.0241,-0.0384,9.7313,-0.884,-0.2862,-0.4602
13815,827,803,33.992,26.983,-0.0274,0.082,9.8717,-0.2307,0.2038,0.0031
13820,837,805,33.934,26.936,-0.0347,0.0056,9.7969,1.1157,-0.3268,-0.2398
13825,859,807,33.882,26.985,-0.066,-0.0525,9.7726,-0.3123,0.3619,-0.0141
13830,860,805,33.931,26.98,-0.0606,0.0236,9.8066,-0.4569,0.8927,0.5831
13835,879,799,33.991,26.848,0.0274,0.0607,9.8218,-0.2102,0.4489,0.3305
13840,890,800,33.85,26.876,0.0796,-0.027,9.7625,-0.6578,-0.4952,0.3199
13845,893,798,33.871,26.967,0.0029,0.0133,9.818,-0.1224,0.1174,-0.1452
13850,914,793,33.821,26.977,0.0363,-0.0773,9.7786,-0.723,0.9726,0.1267
13855,928,793,33.934,26.973,-0.0155,-0.0686,9.8,0.9055,-0.5304,0.1949
13860,951,792,33.96,26.9,0.0481,0.0202,9.8246,-0.0179,-0.6354,-0.6939
13865,955,791,33.92,26.924,-0.0112,0.0871,9.79,-0.179,-0.3331,0.4876
13870,971,784,33.9,26.97,0.0434,-0.0628,9.8133,-0.6913,-0.2203,-0.9068
13875,990,788,33.901,26.881,0.1043,0.0379,9.7121,-0.2823,0.2917,0.4105
13880,996,785,33.921,26.995,-0.0014,0.0134,9.7593,-0.1984,-1.0305,-0.1297
13885,1016,780,33.979,26.936,-0.0209,-0.0131,9.8705,-0.8489,-0.1377,-0.6697
13890,1030,773,33.88,26.979,0.0956,-0.0347,9.6783,0.7987,0.1456,-0.4916
13895,1037,781,33.892,26.897,-0.003,-0.0339,9.8486,0.8209,-0.3629,-0.6891
13900,1050,776,34.011,26.984,-0.0671,0.0026,9.8462,0.617,-0.7627,-0.4805
13905,1057,774,33.893,26.959,-0.0016,0.0037,9.7572,-0.9974,0.1912,-1.1298
13910,1074,772,33.862,26.914,0.0707,-0.0293,9.8046,0.2187,-0.4292,-0.4946
13915,1085,765,33.923,26.991,0.0371,0.0016,9.7532,0.6737,0.2081,0.1651
13920,1103,765,33.727,26.984,-0.0546,-0.0322,9.8097,0.0449,-0.3877,-0.0239
13925,1110,762,33.877,26.942,-0.0524,0.0157,9.7306,0.3518,0.4423,-0.1959
13930,1114,765,33.862,27.002,0.0251,-0.0641,9.8773,-0.3012,-0.0933,-0.6562
13935,1130,761,34.004,26.884,0.0701,-0.0147,9.8182,0.6859,-0.0905,-0.0727
13940,1137,756,33.908,26.943,0.0517,-0.0026,9.8106,0.3515,0.2105,-0.008
13945,1138,761,33.883,26.919,0.0511,-0.1124,9.901,-0.1534,0.4861,-0.458
13950,1150,753,33.887,26.964,0.0177,0.0271,9.721,0.5381,0.0141,-0.368
13955,1157,755,33.965,26.909,0.1341,0.0069,9.8601,-0.8978,-0.147,-0.7452
13960,1172,752,33.997,27.012,0.0476,-0.0172,9.7902,0.6263,0.1773,0.0473
13965,1172,749,33.957,26.93,0.0667,0.0214,9.8471,-0.5718,0.1605,0.2593
13970,1162,751,33.902,27.041,-0.0045,-0.0376,9.8005,-0.4713,-0.078,-0.3115
13975,1184,748,33.897,26.894,-0.0224,-0.1305,9.8205,-0.6938,0.2228,-0.1763
13980,1181,749,33.791,26.823,0.018,-0.0218,9.7829,0.1379,0.3206,0.4927
13985,1181,746,33.848,26.95,0.0332,0.0644,9.7992,-0.3515,-0.6685,0.2147
13990,1191,747,33.787,26.972,-0.1185,-0.0411,9.8914,-0.254,0.1397,-0.0891
13995,1189,751,33.913,26.953,-0.1196,-0.042,9.7814,1.0909,0.0198,0.5231
14000,1177,749,33.957,26.94,-0.047,-0.0211,9.7681,-0.4584,-0.2838,0.4951
14005,1183,750,33.988,26.995,0.0974,0.0315,9.7832,0.0846,-0.1294,0.3016
14010,1185,754,33.822,27.017,0.0698,0.0624,9.781,0.0835,-0.1306,-0.8204
14015,1189,750,33.894,26.93,-0.0184,-0.0403,9.7982,1.0636,0.1545,0.5741
14020,1177,748,33.894,26.922,0.0147,-0.0409,9.7614,-0.4988,-0.395,-0.1736
14025,1180,753,33.754,27.037,-0.0012,-0.0169,9.8024,0.2748,-0.1658,0.6919
14030,1178,756,33.904,26.954,0.0033,0.0318,9.7845,-0.1333,-1.1891,0.5037
14035,1175,751,33.847,26.862,-0.0434,-0.0016,9.9275,-0.9906,0.1816,0.3955
14040,1165,755,33.968,26.932,0.0126,-0.0831,9.8399,-1.0284,0.6212,0.4563
14045,1174,762,33.943,26.921,-0.014,-0.0723,9.8936,1.3033,0.1865,-0.718
14050,1168,761,33.906,26.982,-0.109,0.0121,9.8403,-0.1741,-0.0944,0.5849
14055,1168,765,33.888,27.072,0.0283,-0.0556,9.8431,0.5187,-0.428,-0.4011
14060,1163,762,33.955,26.921,-0.0543,-0.0241,9.7475,0.0625,-0.5279,-0.6864
14065,1155,766,33.87,26.902,0.0106,0.0217,9.7583,-0.797,0.2815,0.719
14070,1156,771,33.852,26.888,-0.0135,-0.046,9.7419,-0.427,0.3971,-1.209
14075,1153,771,33.805,26.932,0.0364,0.0461,9.7252,-0.7649,-0.1347,0.6686
14080,1151,775,34.016,26.996,-0.0482,-0.0209,9.7971,0.1621,0.1198,-0.8289
14085,1139,776,33.951,26.917,-0.0069,-0.0079,9.8363,0.2657,0.0993,-0.7075
14090,1144,773,34.032,26.844,-0.0279,-0.0151,9.7431,-0.6931,-0.2702,0.3974
14095,1138,777,33.919,26.948,0.0285,-0.0318,9.7821,-0.5761,-0.2158,-0.0965
14100,1133,782,33.827,26.911,0.0419,0.0598,9.8177,-0.0302,-0.1,0.3012
14105,1131,788,33.91,26.991,0.0243,0.0876,9.7713,-0.498,0.2829,0.6284
14110,1126,787,33.915,26.922,-0.0046,-0.0037,9.8674,-0.0439,0.7343,-0.7454
14115,1126,794,33.96,26.964,0.067,-0.0265,9.8592,-0.2306,0.1657,-0.047
14120,1114,793,33.855,26.99,-0.0483,0.0216,9.8283,0.4135,-0.2203,0.3734
14125,1117,796,33.965,26.905,0.0333,-0.036,9.7756,-0.1701,-0.0798,-0.531
14130,1112,799,33.935,26.959,0.0913,-0.0294,9.8367,-0.2625,0.3524,0.0212
14135,1116,803,33.922,26.944,-0.0078,0.0107,9.8415,0.406,-0.6625,0.8007
14140,1108,810,33.981,27.036,-0.1256,-0.0054,9.829,-0.1214,0.0016,0.7576
14145,1100,801,33.968,26.871,0.0138,-0.0084,9.7849,-0.3653,-0.3917,0.5005
14150,1101,812,33.897,26.941,0.0094,0.0386,9.8426,0.4284,-0.8845,-0.6409
14155,1099,813,33.864,26.932,-0.0673,-0.097,9.875,-0.1245,0.1921,0.5887
14160,1092,813,33.865,26.904,-0.0361,-0.0278,9.8645,0.3157,-1.2848,0.1348
14165,1099,814,33.853,26.943,0.0423,0.0991,9.8198,-0.3698,-0.7892,-0.1536
14170,1089,814,33.965,26.949,0.0016,0.0106,9.8481,-0.2342,-0.7933,-0.5103
14175,1087,822,33.838,26.91,-0.0615,-0.0182,9.7305,-0.4157,0.5273,0.4614
14180,1089,819,33.926,27.008,-0.0549,-0.0716,9.8134,-0.0189,-0.454,0.3821
14185,1087,825,33.89,26.988,-0.005,0.0094,9.81,-0.075,-0.5183,-0.3749
14190,1078,828,33.859,26.914,0.0229,0.0599,9.8025,0.2325,0.1877,0.2729
14195,1076,827,33.935,26.91,-0.1084,-0.0413,9.8882,0.1592,0.5801,0.0065
14200,1068,833,33.922,26.903,0.0404,0.046,9.7795,0.3233,-0.0817,-0.0605
14205,1070,826,33.926,27.014,-0.0025,0.0756,9.7429,0.5397,-0.3436,0.1402
14210,1072,836,33.95,26.903,0.012,-0.008,9.8547,-0.2322,0.4273,0.7343
14215,1071,832,33.873,26.921,-0.0135,0.0726,9.8446,0.1341,-0.2575,0.1483
14220,1057,833,33.934,27.016,0.0044,0.0347,9.7964,-0.2391,-0.2537,0.1817
14225,1065,834,33.919,26.956,0.0779,-0.0056,9.6983,0.1773,-0.5761,0.2059
14230,1045,843,33.893,26.919,-0.0142,0.0831,9.7595,0.4856,0.238,0.8096
14235,1045,835,33.986,27.043,0.0499,0.0278,9.9058,0.2118,0.1555,-0.2132
14240,1036,844,33.936,27.007,-0.0465,-0.0387,9.8,-0.5494,-0.1536,0.2512
14245,1035,837,33.957,26.973,-0.033,0.0673,9.8566,0.0799,-0.0391,0.8807
14250,1031,836,33.836,26.912,-0.0471,0.0412,9.9336,0.1451,-0.6345,0.6371
14255,1023,837,33.934,26.88,0.1308,-0.0435,9.728,0.44,0.2258,0.1406
14260,1022,838,33.913,26.969,0.042,-0.1481,9.7917,-0.6513,0.5031,0.0285
14265,1018,843,33.981,26.987,0.0138,0.0039,9.8639,0.6587,-0.3474,0.7191
14270,1015,836,33.929,26.926,0.0423,0.0444,9.7602,0.0513,-0.5422,0.1972
14275,993,843,34.033,26.959,0.0057,-0.0229,9.7451,0.1635,0.945,0.1097
14280,996,841,33.94,27.025,-0.0286,0.0102,9.8254,-0.1132,-0.5958,-0.2978
14285,992,838,33.867,26.96,-0.0422,0.0991,9.7987,-0.3867,-0.2481,0.514
14290,976,838,33.917,26.891,-0.004,0.0109,9.7867,-0.3403,-0.0325,0.2123
14295,984,832,33.881,26.983,-0.004,-0.0105,9.822,-0.2073,0.101,-0.6144
14300,965,832,33.985,27.032,-0.0008,-0.0615,9.8319,-0.0369,-0.4076,-0.5152
14305,953,831,33.857,26.96,-0.0911,0.0105,9.7721,-0.1809,-0.1368,0.3905
14310,943,829,33.819,26.982,-0.0054,-0.0763,9.8839,-0.7581,-0.3136,-0.1925
14315,929,831,33.852,26.913,-0.0143,-0.039,9.8477,-0.2168,0.0964,-0.6755
14320,931,826,33.91,26.995,-0.0063,0.1199,9.8745,0.82,0.4958,-0.099
14325,920,833,33.795,26.969,0.0744,0.0547,9.8957,-0.3834,0.3373,0.956
14330,900,834,34.013,26.925,0.0806,-0.0483,9.8739,-0.1201,-0.0226,0.3973
14335,894,823,33.864,26.942,0.0143,0.0586,9.8224,0.0805,-1.1155,0.1455
14340,869,829,33.881,26.956,0.0316,0.0137,9.7275,-0.8876,0.3968,-1.0344
14345,865,827,33.948,26.997,0.0102,-0.0187,9.7772,0.9935,0.374,0.5206
14350,859,828,33.845,26.959,-0.0371,-0.0459,9.8157,-0.6015,-0.9138,-0.3966
14355,851,828,33.976,26.919,-0.0706,0.0295,9.7818,-0.2149,-0.578,0.6023
14360,835,824,33.914,26.942,0.0179,0.0025,9.8958,-0.4366,0.2453,0.0754
14365,838,826,33.91,26.883,-0.0558,-0.0225,9.774,-0.5211,0.0607,-0.0747
14370,821,823,33.988,26.936,0.0334,-0.0319,9.7256,-0.4552,0.092,-0.1893
14375,810,825,33.937,26.93,-0.037,-0.0412,9.8468,0.5772,-0.0337,0.0987
14380,797,825,33.886,27.061,0.0412,-0.015,9.8121,0.2905,-0.5033,0.0614
14385,806,824,33.996,26.889,-0.0143,-0.0485,9.7644,0.0429,0.054,-0.1659
14390,794,816,33.925,26.97,0.0,-0.0758,9.8042,-0.4651,-0.4009,-0.413
14395,781,822,33.919,26.999,-0.0082,-0.0348,9.798,0.7713,-0.5475,0.2833
14400,769,819,33.848,26.983,-0.1129,-0.0669,9.8671,-0.199,-0.289,-0.0363
14405,770,817,33.959,26.953,-0.054,-0.1407,9.7733,-0.3346,0.6584,0.7042
14410,757,819,33.863,26.952,-0.0054,-0.068,9.7551,0.2886,-0.6837,-0.789
14415,754,817,33.891,26.956,0.0661,-0.0276,9.9224,0.7528,-0.5021,0.5623
14420,768,822,33.97,26.992,0.0004,-0.0205,9.811,0.6888,-0.0944,-0.5229
14425,750,816,33.901,27.008,0.1363,-0.0237,9.803,0.4598,0.2575,0.1354
14430,754,813,33.963,26.998,0.0587,0.0932,9.8385,-0.5337,-0.2741,0.0847
14435,741,817,33.908,26.968,0.0476,-0.0468,9.7861,0.0041,0.3965,-0.3347
14440,748,818,33.878,26.956,0.0313,0.0505,9.9139,0.445,0.0554,0.5914
14445,744,816,33.813,26.958,0.0177,-0.0583,9.8766,0.0205,-0.6951,1.1795
14450,748,818,33.88,27.008,-0.0143,-0.0641,9.7837,-0.2524,0.589,0.2688
14455,749,813,33.958,26.982,-0.0585,-0.017,9.7727,1.0227,-0.3568,-0.5347
14460,753,816,33.817,26.893,0.0364,-0.0213,9.8254,-0.1108,0.2751,0.8792
14465,757,813,33.902,27.031,0.0593,-0.0664,9.9032,0.2711,-0.1119,-0.4371
14470,755,810,33.833,26.959,0.0426,-0.1015,9.7405,-0.8496,0.4143,0.0961
14475,766,812,33.889,26.971,0.0386,0.0566,9.7548,-0.1223,-0.4548,-0.2912
14480,766,808,33.861,26.938,0.0062,-0.0191,9.7774,-0.5811,-0.3108,0.5724
14485,786,807,33.946,26.853,-0.0352,0.0033,9.8696,0.7632,-0.0328,0.4607
14490,780,807,33.925,26.883,-0.0608,-0.0351,9.8227,-0.5001,0.6345,0.1012
14495,796,809,33.859,26.952,-0.0005,-0.0354,9.8172,0.7428,0.0817,-0.7769
14500,809,804,33.808,27.012,-0.0255,0.0191,9.784,0.6113,-0.5837,-0.1495
14505,822,804,33.915,26.899,-0.0255,0.0478,9.8859,-0.8368,0.3114,-0.1072
14510,828,808,33.906,26.939,0.0065,-0.0239,9.7587,-1.1112,0.2751,0.3243
14515,834,805,33.958,27.053,0.0325,-0.009,9.8295,-1.4022,-1.1148,0.0717
14520,855,796,33.921,26.927,0.0186,-0.011,9.7959,0.4497,0.2368,-0.4216
14525,865,799,33.889,26.965,0.0572,-0.0448,9.8419,-0.3285,0.8903,0.4983
14530,882,803,33.956,26.945,0.0093,0.0112,9.7425,1.1489,0.0455,0.5513
14535,890,797,33.933,27.025,0.019,0.0236,9.8697,-0.1352,-0.302,0.4389
14540,896,799,33.852,26.998,0.046,0.042,9.8117,0.2396,-0.4756,0.8589
14545,916,794,33.882,26.968,-0.0062,-0.0034,9.7796,0.3383,-0.0599,0.4021
14550,925,791,33.879,26.92,-0.0821,-0.0172,9.7827,-0.2486,-0.0577,-0.5448
14555,947,794,33.862,26.929,0.0466,0.0221,9.7869,0.2541,0.2457,-0.0823
14560,959,791,33.904,26.921,0.0716,0.0024,9.8527,1.1782,-1.099,-0.2212
14565,964,788,33.873,26.891,0.0466,-0.0359,9.7882,0.8313,-0.4626,-0.1452
14570,990,784,33.93,26.968,-0.0487,-0.0133,9.873,0.3812,0.8139,0.5751
14575,990,782,33.878,26.901,-0.0333,-0.0072,9.7685,0.2851,0.9633,-0.0036
14580,1004,779,33.95,26.973,-0.0595,-0.0124,9.8013,0.1254,-0.284,0.3509
14585,1029,777,33.877,26.897,0.0272,-0.1191,9.8014,-0.5242,-0.0136,0.4845
14590,1025,776,33.897,26.933,0.0021,-0.0327,9.7817,0.3082,-0.0666,0.2193
14595,1052,772,33.876,26.989,-0.0351,0.0718,9.7654,0.1388,-0.1613,-0.5431
14600,1055,769,33.961,26.935,-0.0985,0.018,9.8184,-0.2769,-0.997,-0.0937
14605,1067,774,33.866,26.875,0.0116,0.0063,9.8013,-0.702,-0.3449,0.1981
14610,1092,765,33.866,26.937,0.0814,-0.0412,9.8169,0.5113,-0.4214,-0.709
14615,1101,767,33.852,26.913,-0.0044,-0.0667,9.8518,-0.2188,-0.0651,-0.4038
14620,1103,765,33.884,26.973,-0.0215,-0.0488,9.8016,-0.4645,-0.707,-0.0103
14625,1112,755,33.916,27.046,0.0622,0.0285,9.8352,0.1272,-0.5129,0.2493
14630,1133,761,33.806,26.96,-0.05,-0.0265,9.8352,-0.2926,0.1872,0.5704
14635,1140,761,33.974,26.878,-0.074,-0.1101,9.825,-0.2017,-0.3655,0.2529
14640,1136,759,33.895,26.926,0.0894,-0.0761,9.8489,0.0998,0.1792,-0.2085
14645,1154,750,33.905,26.943,-0.0893,0.021,9.788,0.767,-0.1351,-0.3749
14650,1159,755,33.922,27.018,0.029,0.0888,9.8288,-0.2475,-0.5253,1.0353
14655,1162,754,33.955,26.923,-0.0182,0.0043,9.8302,-0.1436,0.6615,0.1433
14660,1173,749,33.876,26.964,-0.0843,-0.0589,9.8655,0.1992,0.2353,0.0458
14665,1178,752,33.962,26.928,0.0459,0.0102,9.8557,-0.0916,0.1838,-0.0809
14670,1176,747,33.875,26.924,-0.0474,-0.0186,9.8142,0.2908,0.4248,0.2249
14675,1183,745,33.976,26.946,-0.0412,0.0567,9.8107,-0.0522,-0.3802,-0.5264
14680,1182,755,33.901,26.943,-0.0249,0.0216,9.8484,-0.2464,-0.9872,-0.0507
14685,1185,748,33.915,26.954,-0.0271,0.0166,9.9128,-0.4567,-0.0806,-0.8175
14690,1187,749,33.913,26.953,-0.0398,-0.0133,9.7913,-0.441,1.2145,-0.1147
14695,1195,747,33.944,26.873,-0.0151,-0.0299,9.7688,0.0999,0.419,-0.0301
14700,1186,744,33.836,26.98,-0.0032,-0.0314,9.8402,0.1321,1.1238,0.608
14705,1186,749,33.957,26.943,0.0226,-0.0337,9.8212,0.0349,-0.0408,0.6184
14710,1189,743,33.85,26.993,0.0744,-0.0973,9.8352,0.4236,0.7098,-0.3256
14715,1188,747,33.911,26.967,-0.0184,-0.0403,9.8418,1.3274,-0.0354,-0.1365
14720,1183,751,33.938,26.908,0.0362,0.0175,9.7804,-0.3924,0.3657,-0.0395
14725,1190,757,33.847,26.861,0.0789,-0.0302,9.7724,0.4815,0.2038,0.2531
14730,1182,748,33.954,26.906,0.0079,0.0186,9.7738,0.4714,0.0944,-0.2285
14735,1175,756,33.911,26.988,-0.0015,0.0429,9.8901,0.4367,-0.1483,-1.0423
14740,1175,756,33.821,27.006,0.0204,-0.015,9.7163,0.2396,-0.6041,0.2839
14745,1173,761,33.905,26.93,0.0238,-0.009,9.7569,-1.0999,0.3375,-0.3396
14750,1175,761,33.916,26.896,0.0955,0.0804,9.8516,-0.1868,0.5317,0.0778
14755,1167,764,33.902,26.9,0.0539,0.067,9.8314,-0.4098,-0.3793,0.2136
14760,1155,765,33.935,26.956,-0.0757,-0.0301,9.7662,0.2191,-0.2761,0.5308
14765,1151,764,33.965,26.898,-0.0684,0.0873,9.7312,0.0806,-0.2646,-0.1496
14770,1151,769,33.85,27.005,0.001,0.1164,9.8303,-0.0267,0.5562,1.0202
14775,1149,774,33.905,27.029,0.0415,-0.0699,9.783,-0.6678,-0.7075,-0.6374
14780,1142,773,33.884,26.97,0.0241,0.023,9.801,0.6129,-0.187,0.4826
14785,1135,781,33.866,26.862,-0.0696,0.0261,9.7661,0.5329,-0.2797,0.8714
14790,1128,780,33.882,26.851,0.0587,-0.0484,9.8696,1.0033,-0.2216,-0.6548
14795,1126,781,33.953,26.912,0.0571,-0.0265,9.7788,0.3023,-0.0788,-1.1144
14800,1129,786,33.849,26.877,0.0284,-0.0835,9.7511,-0.1386,-0.2426,0.0801
14805,1132,785,33.942,26.928,0.0907,-0.0656,9.8455,0.8354,-0.0375,-0.289
14810,1132,792,33.84,26.939,-0.0152,0.0299,9.7077,0.1174,-0.0648,-0.1259
14815,1128,794,33.921,26.884,0.0596,-0.0263,9.8274,0.0038,1.2312,1.0613
14820,1112,792,33.918,26.972,0.0543,-0.0309,9.8105,-0.3979,-0.018,-0.1921
14825,1107,798,33.772,26.997,-0.0527,0.0362,9.7379,0.1029,0.7451,-0.1447
14830,1124,803,33.897,26.976,0.0145,-0.0483,9.8379,0.1842,-0.3741,-0.0192
14835,1107,809,34.018,26.917,-0.0233,0.0837,9.7911,0.5966,0.9147,0.0845
14840,1101,808,33.855,26.939,-0.0321,-0.0886,9.7338,-0.9139,0.6595,0.5904
14845,1097,811,34.022,26.983,0.0285,0.0622,9.8781,-0.2634,0.3518,-1.2684
14850,1104,814,33.905,26.899,0.0088,0.0674,9.8275,0.6812,-0.4137,-0.0642
14855,1097,814,33.837,26.986,0.0029,0.0396,9.7431,0.2804,0.0173,-0.0653
14860,1098,816,33.878,26.915,-0.0439,-0.0153,9.7793,0.578,-0.0086,0.3864
14865,1091,818,33.939,27.019,-0.0094,-0.0343,9.7607,-0.2671,-0.5779,-0.9888
14870,1099,823,33.842,26.961,0.0081,-0.012,9.7908,0.707,0.203,-0.212
14875,1090,827,33.996,26.936,0.0996,-0.0517,9.8246,0.4218,0.7096,0.0925
14880,1081,824,33.977,26.992,-0.0134,0.0272,9.8815,-0.1105,0.1981,0.2322
14885,1082,827,33.886,27.023,0.0736,0.0898,9.7799,0.3068,0.2684,0.0853
14890,1081,829,33.943,26.951,-0.0651,0.0739,9.7892,0.123,-0.4123,-0.2095
14895,1073,824,33.864,26.951,-0.011,-0.0443,9.8273,0.2436,0.4427,-0.6008
14900,1078,834,33.856,26.975,0.049,-0.0318,9.8423,1.093,-0.2511,0.3996
14905,1065,833,33.903,26.916,-0.0597,-0.0467,9.9312,-0.3528,-0.283,0.1581
14910,1067,835,33.949,26.939,0.0034,-0.0392,9.839,-0.8584,-0.1839,-0.0156
14915,1069,839,33.934,26.936,0.0294,0.0416,9.8238,-0.5504,0.3745,-0.2954
14920,1065,833,33.964,26.945,0.0997,-0.0888,9.8144,-0.0296,0.2649,0.4174
14925,1050,833,33.86,26.938,0.0227,0.0142,9.7573,0.0222,-0.1473,-0.5188
14930,1049,837,33.943,26.901,0.1109,-0.0209,9.8132,0.6547,-0.1204,-0.2605
14935,1042,840,33.911,26.943,-0.029,-0.0523,9.7747,0.1322,0.1927,-0.032
14940,1046,837,33.968,26.927,0.0058,-0.0576,9.7317,-0.1729,-0.1012,-0.3512
14945,1037,840,33.939,26.981,0.0128,0.0255,9.7593,-0.3372,0.3628,0.3023
14950,1031,833,33.858,26.968,-0.0748,0.0483,9.8172,1.0169,0.4498,-0.2297
14955,1017,837,33.882,26.936,-0.0103,0.0944,9.7566,-0.8183,-0.5417,0.2342
14960,1017,842,33.928,26.997,-0.0241,0.0245,9.7793,0.3071,-0.175,0.0094
14965,1017,841,33.929,26.88,-0.1259,-0.0715,9.6966,0.4743,0.4809,0.1853
14970,1001,834,33.916,26.98,-0.0429,0.0361,9.8539,0.8592,0.7204,-1.0564
14975,998,837,33.917,26.964,0.0494,0.0409,9.7743,-0.4758,0.1029,-0.2303
14980,987,836,33.95,27.045,0.0679,0.0127,9.8471,0.3756,-0.2044,-0.4979
14985,975,836,33.909,27.005,-0.0162,0.0432,9.8354,0.4678,0.0237,0.3475
14990,969,834,33.983,26.939,-0.0358,0.0103,9.8137,-0.145,0.0076,0.5138
14995,954,835,33.91,26.945,-0.0324,0.0491,9.6898,0.4285,0.0358,0.7491
15000,947,833,33.831,26.885,-0.0278,-0.128,9.7796,-0.6377,-0.3647,0.0963
15005,933,832,33.994,27.072,0.0665,0.0122,9.8465,0.0508,0.3252,0.5832
15010,932,830,33.913,26.969,0.0277,-0.03,9.7002,-0.1947,-0.9046,0.2878
15015,927,832,33.903,26.959,-0.0947,0.0026,9.8064,-0.2664,-0.5428,-0.1324
15020,917,835,33.931,26.976,0.0738,0.0709,9.7412,-1.0337,-0.2425,0.3258
15025,905,826,33.873,27.025,-0.0433,0.0211,9.7453,-0.7532,-0.1819,-0.6833
15030,887,830,33.944,26.948,-0.0462,-0.0326,9.7792,-0.3669,0.1938,-0.17
15035,880,824,33.9,27.031,-0.0333,-0.0406,9.7743,0.2702,0.4703,0.1287
15040,865,825,33.878,26.978,0.1373,-0.0161,9.8127,-0.3684,-0.1384,-0.2431
15045,862,829,33.911,27.001,-0.1424,0.1055,9.7186,-0.5193,-0.2855,0.384
15050,853,830,33.886,26.892,0.0148,-0.1588,9.7946,0.419,-0.0782,0.0327
15055,837,822,33.869,26.961,-0.0427,-0.022,9.7534,-0.3066,-0.1524,0.0115
15060,833,818,33.961,26.975,0.014,-0.0394,9.8417,-1.1265,-0.3509,0.9431
15065,819,823,33.862,26.917,-0.1087,0.0878,9.8223,0.2595,0.4458,-0.1666
15070,804,825,33.865,26.991,0.0468,0.0476,9.8355,0.7173,-1.0271,-0.0567
15075,803,819,33.887,27.009,-0.0028,-0.0053,9.7911,-1.0016,-0.8534,-0.5997
15080,791,817,33.917,26.809,-0.0107,0.048,9.7468,-0.0838,0.2838,1.0973
15085,779,830,33.882,26.944,-0.0361,0.0393,9.8248,0.8598,-0.0485,0.1455
15090,783,821,33.959,26.946,-0.0319,0.0093,9.8203,-0.1838,0.0812,-0.4609
15095,777,823,33.937,27.04,0.0438,0.015,9.8046,0.6619,0.0665,-0.2034
15100,771,820,33.862,26.938,-0.0205,-0.0842,9.8383,-0.1081,-0.2173,-0.0208
15105,760,820,33.951,26.974,-0.0022,-0.0482,9.8802,0.5584,0.2725,-0.3886
15110,752,819,33.94,26.972,-0.0112,-0.096,9.8612,-0.7692,-0.1976,0.8209
15115,757,817,33.962,26.962,0.0645,-0.036,9.8962,-0.2894,0.4421,0.1477
15120,757,815,33.952,26.931,0.0474,-0.0671,9.7433,0.3716,-0.0622,0.9532
15125,748,815,33.895,26.925,0.0064,0.0241,9.7377,0.5037,0.3755,0.3635
15130,746,819,33.928,26.95,-0.0381,-0.0515,9.7799,1.1751,-0.6402,-1.07
15135,752,816,33.888,27.016,0.0632,-0.0318,9.8982,0.356,-0.1566,-0.0235
15140,751,822,33.892,26.922,0.0063,0.0451,9.8353,0.13,-0.1048,-0.1389
15145,748,818,33.894,26.957,0.019,-0.0013,9.9195,0.0655,-0.1307,-0.4307
15150,747,812,33.904,26.852,0.026,-0.0556,9.8487,-0.1345,0.5063,-0.4902
15155,758,814,33.905,26.934,0.0672,0.0559,9.7049,0.0699,0.548,0.2996
15160,765,813,33.92,26.95,-0.0732,0.0621,9.784,-0.1324,0.239,-0.5022
15165,772,814,33.883,26.958,0.0969,0.0176,9.8655,0.7145,0.2759,-0.772
15170,765,813,33.866,26.984,-0.0686,0.0495,9.7567,0.5442,-1.3025,-0.3397
15175,775,807,33.85,27.021,0.0187,-0.0663,9.8,0.3854,-1.1077,-0.0218
15180,783,810,33.955,26.891,-0.0814,0.0239,9.8707,-0.329,0.5703,-0.0792
15185,784,806,33.859,26.958,0.0219,0.0066,9.8466,0.2786,0.3651,-0.6878
15190,795,811,33.86,26.992,0.0459,0.0156,9.8356,0.3594,0.5915,-0.4613
15195,810,808,33.801,26.89,0.076,0.034,9.7966,-0.283,0.0331,-0.2068
15200,822,808,33.884,26.87,0.065,-0.0209,9.7637,-0.4834,-0.1875,0.2651
15205,829,804,33.912,26.921,-0.0693,-0.0974,9.786,0.0251,0.279,-0.5118
15210,840,802,34.002,26.988,0.0373,-0.0787,9.7726,0.273,0.613,-0.8481
15215,847,805,33.953,26.93,-0.0325,-0.0046,9.7955,-0.1402,-0.2447,0.0412
15220,867,802,33.946,27.02,0.0252,0.036,9.8894,0.2208,0.3614,-0.0584
15225,878,796,33.86,26.98,0.0715,0.0123,9.8624,-0.1551,0.1362,-0.5151
15230,896,797,33.92,27.01,-0.0094,0.0562,9.8011,0.1192,-0.4489,-0.3557
15235,901,796,33.945,26.991,-0.0197,0.003,9.7548,0.2423,0.4107,0.5954
15240,912,796,33.864,26.892,0.0008,0.1109,9.791,0.1811,0.1159,-0.4558
15245,928,792,33.901,26.974,-0.0194,-0.0063,9.8537,0.5747,0.508,0.2615
15250,943,789,33.88,26.931,-0.0045,-0.0061,9.7766,-0.9265,0.6055,0.2569
15255,946,784,33.932,26.889,-0.0959,0.0876,9.8677,0.0159,0.1325,0.1586
15260,973,786,33.848,27.05,0.0022,-0.0427,9.8571,-0.1817,-0.5114,0.2133
15265,986,785,33.992,26.965,-0.0429,0.0206,9.7983,0.669,-0.7225,0.8072
15270,995,783,33.909,26.915,0.0532,-0.0684,9.8358,-0.4626,-0.1755,0.3685
15275,1010,783,33.939,26.93,0.0046,0.0522,9.8403,0.3631,-0.2295,-0.4209
15280,1023,781,34.019,26.944,0.0543,-0.0402,9.7984,-0.2007,-0.6809,-0.37
15285,1044,778,33.861,26.904,0.0645,0.082,9.8896,-0.5677,0.034,-0.6952
15290,1047,774,33.878,26.916,-0.0164,-0.0486,9.8131,-0.4223,0.3945,-0.0923
15295,1058,774,33.921,26.935,0.0053,-0.0284,9.8438,0.1025,-0.5615,-0.4415
15300,1076,768,33.954,26.978,-0.0132,0.0113,9.8831,-0.0138,-0.6203,0.0566
15305,1093,762,33.907,26.954,0.0429,0.045,9.7685,-0.102,0.4609,0.4691
15310,1101,764,33.878,26.984,-0.009,-0.0052,9.8433,-0.7914,-0.0165,-0.4231
15315,1112,762,33.942,26.909,0.0622,0.0314,9.8064,-0.3328,0.0595,-0.4894
15320,1127,760,33.875,26.959,-0.0376,-0.0376,9.7857,0.1503,-0.1056,-0.2363
15325,1132,762,33.941,26.957,-0.0321,0.06,9.8518,-0.3403,-0.3478,-0.3456
15330,1142,757,33.86,27.037,-0.0216,-0.0254,9.8953,0.1248,0.0737,0.0504
15335,1144,759,33.899,27.05,-0.0008,-0.08,9.8128,-0.6689,0.6216,0.3898
15340,1158,760,33.954,26.904,-0.0464,0.0502,9.8086,-0.165,0.0762,-0.0645
15345,1163,755,33.938,26.978,0.0219,-0.0531,9.8448,0.8623,-0.1143,-0.268
15350,1164,755,33.844,26.883,-0.0248,0.024,9.918,-0.1866,0.1205,0.0251
15355,1175,755,33.909,26.938,0.0839,0.0287,9.8411,0.057,0.5711,0.2433
15360,1170,753,33.985,26.967,-0.0845,0.0309,9.8226,-0.2587,0.8714,-0.1381
15365,1180,749,33.965,26.922,0.0765,0.053,9.8203,-0.2985,-0.5239,0.6647
15370,1182,750,33.956,26.863,0.0236,-0.0552,9.8332,0.6663,-0.0659,0.7429
15375,1182,750,33.889,26.953,0.051,-0.0177,9.815,-0.0934,-0.0527,1.1941
15380,1186,749,33.923,26.897,-0.0264,-0.0088,9.7814,-0.0199,-1.6032,0.2414
15385,1192,746,33.89,27.017,0.047,0.0362,9.7959,0.6961,0.8228,0.4867
15390,1184,753,33.996,27.003,-0.0299,0.0131,9.7755,-0.7115,0.4275,0.3702
15395,1198,753,33.981,26.909,-0.0081,-0.002,9.8359,-0.6251,-0.9173,-0.6472
15400,1189,754,33.837,27.076,0.0574,0.0729,9.81,0.8265,-0.2261,1.0585
15405,1187,747,33.893,26.982,0.0098,0.0216,9.7999,-1.2061,0.3799,-0.3075
15410,1171,747,33.928,26.9,0.035,-0.0702,9.8298,-0.7335,0.1845,0.1629
15415,1197,748,33.874,26.899,-0.0436,-0.009,9.6873,0.2654,-0.2023,0.4224
15420,1189,755,33.844,26.9,0.0358,0.0006,9.7951,0.2132,-0.4445,1.4063
15425,1184,758,33.858,26.934,0.0426,-0.0847,9.9382,-0.3176,-0.1586,0.2133
15430,1178,758,33.892,26.972,-0.0362,-0.0241,9.8052,0.21,-0.2549,-1.0306
15435,1175,756,33.854,26.96,0.0351,-0.0342,9.7335,0.5172,-0.0536,-0.2357
15440,1168,762,33.804,26.923,-0.0041,-0.0502,9.7247,-1.162,-0.2118,0.2006
15445,1176,760,33.974,27.025,0.0022,-0.0259,9.7512,-0.5202,0.2373,0.1073
15450,1163,763,33.922,26.887,-0.06,0.0507,9.752,0.315,0.0766,-0.2991
15455,1157,762,33.889,26.848,0.0732,0.0323,9.7458,0.5204,-0.0346,-0.0959
15460,1157,763,33.856,26.973,-0.0294,0.0219,9.8154,-0.8374,-0.2978,0.481
15465,1150,771,33.804,26.981,0.1082,0.0028,9.7422,-0.0007,0.9021,-0.2829
15470,1146,771,33.866,26.913,0.0061,-0.0392,9.8386,0.1885,-0.1182,0.722
15475,1152,773,33.89,26.915,0.0124,0.0008,9.7726,0.2112,0.0552,0.1816
15480,1143,780,33.969,26.951,-0.0227,-0.0167,9.7559,0.5479,0.441,-0.094
15485,1137,780,33.981,26.965,0.0304,0.0324,9.9214,0.3066,0.0042,-0.6919
15490,1142,783,33.907,26.942,-0.0261,-0.0084,9.7861,0.4026,0.1547,0.1045
15495,1130,783,33.823,26.911,-0.0454,-0.0653,9.837,0.2546,-0.2579,-0.2301
15500,1124,786,33.893,27.021,-0.0134,0.0293,9.8193,0.7831,-0.1695,-0.095
15505,1124,794,33.924,26.961,0.0771,0.0051,9.7612,-0.0439,-0.4499,-0.0498
15510,1120,791,33.894,26.937,-0.0154,0.0537,9.758,0.8653,-0.347,0.0816
15515,1122,793,33.871,26.935,0.0306,-0.1066,9.7177,-0.0132,0.8716,-0.0073
15520,1113,799,33.977,26.827,-0.0217,-0.0576,9.8299,0.1358,0.4568,0.3101
15525,1105,798,33.972,26.921,0.0527,0.0513,9.82,0.7853,0.2252,0.2554
15530,1110,803,33.905,26.932,0.05,0.0264,9.7585,-0.7873,-0.3388,0.1286
15535,1106,807,33.974,27.021,-0.0221,0.0337,9.834,-0.3887,0.2729,0.4758
15540,1102,810,33.992,26.965,0.063,-0.0009,9.8239,0.0515,-0.2234,0.0741
15545,1105,817,33.894,26.879,0.0567,0.0619,9.8125,0.487,-0.2262,0.9502
15550,1093,809,33.895,26.95,-0.0209,0.0371,9.8603,-0.4014,-0.4768,0.6526
15555,1095,814,33.884,26.884,0.0014,0.0273,9.8061,0.2201,0.5896,0.4295
15560,1096,822,33.864,26.94,0.0008,-0.0334,9.8125,-0.2721,-0.0419,0.5563
15565,1098,822,33.89,26.93,-0.0116,0.0327,9.7793,-0.3173,-0.1563,-0.4616
15570,1089,826,33.939,27.031,-0.0635,0.0273,9.8458,0.4492,-0.4487,-0.1818
15575,1073,819,33.905,27.008,0.005,0.0472,9.8531,-0.7132,0.5794,-0.0139
15580,1086,835,33.806,26.916,-0.0341,-0.0172,9.7758,-0.5931,1.7229,0.7931
15585,1075,827,33.896,26.883,0.006,-0.0946,9.8365,0.4714,-0.5303,-0.3014
15590,1073,832,33.932,26.995,-0.0641,0.0042,9.8012,0.2115,0.1055,0.0246
15595,1077,830,33.899,26.939,0.12,-0.0652,9.8449,-1.0115,-0.3039,0.2596
15600,1073,829,33.938,26.922,0.0008,0.0436,9.8683,0.1848,0.6454,-0.3943
15605,1058,831,33.848,26.993,0.0584,-0.0149,9.833,0.2455,0.1645,0.4931
15610,1072,836,33.958,26.951,-0.0059,-0.0144,9.7787,-1.0188,-0.1304,0.3025
15615,1056,831,33.925,26.98,-0.0356,-0.0216,9.8344,-0.2355,-0.3596,0.282
15620,1050,837,33.906,26.94,-0.0331,0.0784,9.8026,0.1878,0.2169,-0.2464
15625,1059,836,33.915,27.002,-0.0206,0.0371,9.8113,1.7617,0.3939,-0.2017
15630,1046,839,33.942,26.925,-0.0007,0.0051,9.7456,0.6223,0.3689,0.0301
15635,1041,837,33.875,26.954,0.0237,-0.0513,9.7763,-0.1328,-0.1345,-0.0071
15640,1037,836,33.908,26.974,-0.005,-0.0458,9.8723,-0.986,-0.4905,1.2732
15645,1023,836,33.932,26.883,0.0193,0.0246,9.7994,0.2462,-0.3079,0.878
15650,1023,837,33.875,26.904,-0.0417,0.087,9.8228,0.1229,0.3242,-0.553
15655,1018,840,33.901,26.941,0.0551,0.0164,9.8287,-0.6834,-0.5547,0.0458
15660,999,839,33.845,26.903,-0.0156,0.0079,9.8242,0.0636,-0.2907,-0.1211
15665,1003,833,33.912,26.979,0.0219,0.0033,9.8291,-1.2148,-0.2722,-0.01
15670,1002,830,33.895,27.004,-0.0005,0.1262,9.8363,-0.5766,-0.4724,0.0908
15675,981,838,33.903,26.955,0.0306,0.0096,9.8021,-1.0643,-0.7454,-0.0523
15680,971,837,33.843,26.965,0.0508,-0.0068,9.8676,-0.2621,-0.3026,-0.6826
15685,963,832,34.005,26.951,-0.041,-0.0246,9.8712,0.422,0.1406,0.3904
15690,962,834,33.895,26.924,-0.0634,0.0105,9.8237,-0.6788,0.3539,0.2232
15695,947,838,33.865,26.968,-0.0101,-0.0549,9.7981,0.306,-0.4341,-0.1268
15700,938,831,33.931,27.068,0.0264,-0.0665,9.8501,0.0328,0.1419,-0.4797
15705,933,827,34.09,26.898,-0.0293,0.0106,9.7988,0.5531,-0.3951,0.5372
15710,923,828,33.861,26.929,0.0529,-0.0343,9.7802,-0.3036,0.0792,-0.4745
15715,908,828,33.953,26.898,0.0451,-0.0634,9.8249,1.1922,0.3473,-0.3756
15720,895,830,33.948,26.973,0.0156,-0.0196,9.7294,0.3464,-0.4953,-0.0389
15725,885,829,33.93,26.965,-0.001,0.023,9.7901,-0.3946,-0.2685,-0.4937
15730,880,826,33.942,26.857,0.0528,0.0229,9.8283,-0.6209,-0.1436,-0.6279
15735,876,826,33.823,26.875,0.0494,0.0794,9.9051,0.6842,-0.4815,-0.4449
15740,863,831,33.907,26.977,-0.063,0.0078,9.8605,-0.177,-0.0748,0.272
15745,850,825,33.841,26.903,0.0138,-0.0127,9.6751,0.2099,0.1507,0.6519
15750,852,826,33.936,26.903,-0.0162,0.0272,9.7693,0.4544,0.2496,-0.5101
15755,842,823,33.85,27.009,0.0488,0.0567,9.8937,-0.8782,0.0727,0.2325
15760,822,821,33.895,26.882,0.1146,-0.0136,9.7511,0.5129,-0.0882,-0.873
15765,816,822,33.868,27.051,-0.0303,0.0033,9.8246,-0.5896,-0.8634,0.4851
15770,802,818,33.905,26.96,-0.0771,-0.0636,9.8645,0.802,0.2319,-0.0183
15775,796,823,33.936,26.963,-0.0195,0.0131,9.8946,-0.3731,-0.242,-0.1443
15780,786,821,33.916,26.927,0.0057,0.0677,9.794,0.7699,0.6432,0.3339
15785,787,821,33.9,26.979,-0.0119,-0.0697,9.8641,0.2415,0.6867,0.5527
15790,772,818,33.982,26.99,-0.0284,-0.0812,9.7334,0.0776,0.3949,-1.0713
15795,763,817,33.816,27.047,0.096,-0.0255,9.8198,-0.5903,-0.315,-0.4893
15800,756,819,33.928,27.002,-0.0239,-0.148,9.86,0.2586,-0.6549,-0.651
15805,759,813,33.968,26.968,0.0147,-0.0373,9.847,0.2143,0.8611,0.6838
15810,757,823,33.838,26.938,-0.0702,0.068,9.8737,0.1336,0.2395,-0.235
15815,752,816,33.971,27.006,0.0677,-0.0574,9.8566,-0.1498,0.1056,-0.6169
15820,749,820,33.924,27.036,-0.0457,-0.0475,9.8584,0.1458,0.4015,-0.9161
15825,750,816,33.911,26.971,-0.1354,0.0134,9.7935,0.3518,0.7707,0.1114
15830,743,822,33.809,26.987,0.0169,0.057,9.8549,-0.7243,0.0512,0.3043
15835,752,815,33.924,26.986,-0.0214,-0.0899,9.8313,-0.3489,-0.261,0.0742
15840,752,815,33.845,26.951,0.0294,-0.1125,9.8648,-0.4605,0.1884,-0.4801
15845,753,813,33.967,26.964,-0.0132,-0.0825,9.8075,-0.4792,-0.5094,0.4339
15850,749,815,33.821,26.986,0.0282,-0.0857,9.7334,0.4768,-0.0999,0.3149
15855,764,815,33.96,26.992,0.1372,0.0772,9.7535,0.3032,-0.1644,0.2803
15860,756,813,33.966,26.92,0.0048,0.0473,9.7257,0.2958,0.2849,0.4577
15865,775,816,33.899,26.95,-0.0443,0.0312,9.6164,-0.3007,-0.4342,-0.2386
15870,771,812,33.893,26.924,-0.0664,0.0157,9.8294,-0.54,-0.5717,-0.3401
15875,786,808,33.905,26.92,0.0589,0.0466,9.8039,0.8796,0.0135,-0.3054
15880,791,802,33.869,26.953,0.0603,-0.0201,9.8593,0.0577,-0.1767,0.7802
15885,796,812,33.904,26.927,0.0656,-0.0504,9.8318,0.6724,0.0651,-0.1371
15890,813,806,33.899,26.995,-0.0083,-0.0038,9.9196,-0.0347,0.32,0.5277
15895,824,805,33.916,26.992,0.0136,-0.0018,9.7793,0.6484,0.3908,-0.448
15900,836,801,33.917,26.94,-0.021,0.068,9.809,0.0535,-0.1588,-0.691
15905,840,803,33.944,26.925,0.0626,-0.0601,9.7816,-0.357,-0.4606,-0.4605
15910,858,808,33.929,27.061,-0.0657,-0.084,9.8481,0.1385,-0.449,-0.5587
15915,871,801,33.924,27.123,-0.0091,-0.0345,9.843,-0.5469,-0.7797,1.0009
15920,875,792,33.892,27.002,0.0189,0.0109,9.7719,0.0068,0.2434,-0.177
15925,900,802,33.886,26.898,-0.0007,0.0604,9.7564,-0.2621,-0.3716,-0.0904
15930,900,796,33.899,26.901,0.0002,-0.0446,9.8006,-0.2581,-0.2645,0.1006
15935,915,791,33.924,26.924,0.0248,-0.028,9.8451,-0.4749,-0.8999,-0.22
15940,927,794,33.952,26.914,0.0532,-0.0427,9.8464,-0.0353,-0.1757,-0.3574
15945,941,789,33.904,26.98,-0.0485,-0.0909,9.8509,-0.6717,-0.6342,-0.0429
15950,966,789,33.826,26.951,0.0021,0.0106,9.7667,-0.4103,0.2326,-0.1663
15955,971,787,33.892,27.025,0.0109,0.0451,9.8257,0.3577,-1.0964,-0.0653
15960,1006,782,33.969,26.943,0.0033,-0.0557,9.7455,-1.2395,0.7096,-0.9172
15965,1001,779,33.879,26.907,-0.0008,-0.0228,9.779,0.0161,-0.4875,1.068
15970,1012,779,33.913,26.897,0.1161,-0.0056,9.7601,-0.881,0.3573,-0.1979
15975,1018,778,33.899,26.948,-0.0392,0.0249,9.806,-0.4422,0.1733,1.2519
15980,1037,778,33.921,26.931,0.0006,0.0592,9.7425,0.2949,1.0331,-0.7694
15985,1055,770,33.925,26.892,0.0444,0.069,9.8698,-0.344,-0.9765,-0.5306
15990,1063,770,33.837,26.956,0.0588,-0.017,9.7746,-1.0327,0.7366,0.932
15995,1076,774,33.907,26.889,-0.0087,-0.0134,9.8342,-0.0626,-0.2552,-0.7192
16000,1093,762,33.887,26.991,-0.0999,0.0242,9.796,-0.5369,-0.3602,-0.0414
16004,1096,763,33.943,26.979,-0.0068,0.0493,9.7946,-0.2572,-0.7922,-0.8164
16010,1100,760,33.831,26.97,0.0877,0.0132,9.7705,-0.9267,-1.5187,-0.4973
16015,1122,757,33.92,26.911,-0.0491,0.0643,9.7409,-1.0808,-1.0741,0.4893
16020,1120,764,33.973,26.998,0.0091,0.0185,9.874,0.2657,-0.744,-0.3407
16024,1133,759,33.906,26.917,-0.0236,0.0217,9.855,-0.5497,-0.1875,0.2223
16030,1147,752,33.809,26.89,-0.0655,0.1294,9.8008,0.1009,0.8461,-0.6874
16035,1148,757,33.779,26.969,-0.0414,0.0023,9.9626,-0.0924,0.4321,-0.5493
16040,1158,755,33.905,27.026,0.0075,0.0081,9.7181,0.3944,0.2157,1.0467
16045,1163,757,34.005,26.969,0.1433,0.0038,9.8564,0.2881,-0.381,0.6224
16050,1161,752,33.868,26.824,-0.0048,-0.0278,9.8478,0.4005,-0.2829,-0.5877
16055,1180,756,33.943,26.924,0.0837,-0.0244,9.8387,0.2136,0.1748,-0.2335
16059,1180,750,33.937,26.876,-0.0055,-0.0554,9.8589,-0.3722,0.418,0.4697
16065,1179,750,33.947,26.994,-0.0314,0.0103,9.7555,-0.8076,0.9557,-0.4841
16070,1181,744,33.913,26.996,0.0057,-0.1225,9.823,-0.1565,0.3857,0.7608
16075,1189,752,33.908,26.963,-0.0112,-0.051,9.7432,-0.0466,0.8458,0.8014
16079,1185,748,33.92,26.998,-0.014,-0.0266,9.8627,-0.0637,-0.1563,-0.0904
16085,1185,752,33.982,26.91,-0.002,0.0018,9.8539,-0.0174,-0.1617,-0.3516
16090,1190,749,33.906,26.989,-0.0714,-0.0049,9.7364,0.4484,0.3773,0.2591
16094,1188,749,33.974,26.988,0.0373,0.0402,9.7977,-0.2008,0.5752,-0.6235
16100,1187,749,33.819,26.946,0.0366,-0.0209,9.7923,0.4993,0.1948,0.6532
16105,1189,753,33.832,26.89,0.0306,-0.0087,9.8748,-0.0143,0.4672,-0.1487
16110,1184,748,33.885,26.961,-0.0014,-0.0336,9.7456,-0.0465,-0.0366,-0.1195
16114,1176,751,33.948,26.934,0.0221,-0.0176,9.7862,-1.3336,-0.3382,0.7165
16120,1178,753,33.902,26.931,-0.0298,0.0666,9.8242,-0.2835,0.639,-0.5118
16125,1170,753,33.919,26.913,0.024,-0.0598,9.8737,-0.0388,-0.2753,-0.5564
16129,1174,757,33.903,26.987,-0.0143,-0.0168,9.764,0.3959,-0.1461,-0.0536
16135,1165,757,33.902,27.053,0.0729,0.0804,9.8399,-0.2888,0.4208,0.0733
16140,1166,756,33.909,26.934,-0.0974,-0.1222,9.8268,0.2396,-0.8349,0.1311
16145,1154,768,33.917,26.922,-0.0147,0.0469,9.761,0.7956,-0.1653,-0.1595
16149,1157,767,33.934,26.851,-0.0081,0.0304,9.7819,0.3283,-1.6292,-0.2432
16155,1151,767,33.872,26.946,0.0096,-0.0447,9.8527,0.1888,0.4867,-0.7094
16160,1159,771,33.88,26.938,0.0737,0.0516,9.8255,0.0187,0.536,-0.2573
16165,1148,773,33.857,26.947,0.0632,0.0758,9.8259,0.0972,0.3642,0.6132
16170,1139,774,33.96,26.866,0.039,-0.0666,9.7254,-0.0061,-0.3519,-0.295
16175,1143,776,33.887,27.054,0.0927,0.0172,9.8198,-0.6961,-0.4939,-0.1975
16180,1138,778,33.999,26.926,0.1163,0.0067,9.7766,0.1295,0.0331,-0.2533
16184,1135,781,33.837,26.945,-0.027,0.0017,9.8505,-0.2408,0.3944,0.5062
16190,1126,783,34.015,26.947,-0.0325,-0.0241,9.7618,-0.4522,-0.775,-0.1926
16195,1130,794,33.914,26.948,-0.0508,0.0192,9.8753,0.3538,0.2287,0.4292
16200,1130,793,33.919,26.897,-0.0173,0.015,9.8193,0.0936,0.1618,0.9329
16204,1119,797,33.899,26.928,-0.0195,0.0098,9.8108,-0.3142,0.7361,-0.0972
16210,1120,797,33.868,26.987,0.0548,0.0283,9.7821,0.0586,0.0021,-0.1235
16215,1111,797,33.844,26.933,-0.0362,0.0137,9.7678,-0.252,0.0836,0.7793
16219,1104,798,33.927,26.908,0.0069,-0.0155,9.7787,0.0078,0.6965,0.7645
16225,1102,805,33.973,26.939,-0.0273,-0.0652,9.8087,0.64,1.0124,-0.7101
16230,1103,804,33.898,26.924,-0.009,-0.0812,9.8542,-0.0557,-0.7651,-0.339
16235,1100,810,33.915,26.924,0.0332,-0.0076,9.8301,-0.4346,-0.3385,-0.1148
16239,1106,808,33.821,27.009,0.0287,-0.0581,9.7958,-0.2476,0.8756,0.196
16245,1095,814,33.956,26.897,0.0786,-0.0506,9.7888,-0.2941,0.2105,0.739
16250,1097,812,33.911,26.937,0.0244,0.001,9.7932,-0.4524,-0.4164,0.8264
16254,1087,815,33.983,26.884,0.0116,0.0326,9.8713,-0.1743,-0.1228,0.2292
16260,1085,817,33.997,26.95,-0.0295,-0.0128,9.7273,0.4465,-0.3123,0.0131
16265,1082,823,33.873,27.02,0.0777,-0.0879,9.8843,0.723,0.1027,1.329
16270,1083,822,33.898,26.843,-0.0184,0.0376,9.815,0.6123,0.0604,0.7913
16274,1080,822,33.916,26.926,-0.0204,0.0761,9.8916,0.1379,1.152,0.2006
16280,1086,824,33.814,27.046,0.0088,-0.0238,9.7904,0.6962,-0.5026,0.0788
16285,1082,832,33.971,26.913,0.0296,-0.002,9.8056,-0.125,-0.5933,-0.1809
16290,1076,829,34.006,26.974,0.1648,-0.0364,9.806,-0.1192,0.5996,0.5153
16295,1069,833,33.871,27.014,-0.0063,0.0317,9.737,-0.3156,-0.6905,0.4921
16300,1069,833,33.87,26.886,-0.0843,0.0253,9.7894,0.1633,-0.0387,-0.0526
16305,1066,842,33.94,26.956,0.0664,0.0117,9.833,0.6814,-0.1562,0.1845
16309,1053,831,33.897,26.905,0.0026,-0.0404,9.9113,0.4024,0.4585,0.1059
16315,1054,836,33.892,26.89,-0.0797,0.1128,9.7461,-0.0797,0.2796,0.338
16320,1056,830,33.888,26.985,0.0284,-0.0723,9.7216,-0.1012,-0.0115,-0.4076
16325,1038,839,33.891,26.97,-0.0626,0.0406,9.7512,0.4721,-0.1286,1.1915
16329,1041,840,33.974,26.921,0.0127,0.0491,9.7749,-1.0197,0.0127,0.0945
16335,1042,840,33.889,27.065,0.0576,-0.0506,9.7849,-0.0022,-0.2555,0.8774
16340,1036,841,33.936,26.937,-0.062,-0.0366,9.781,-0.0805,0.4358,-0.5952
16344,1024,835,33.903,26.977,0.0712,0.035,9.8683,-0.0986,-0.0629,-0.1801
16350,1006,842,33.88,26.952,0.0158,0.0011,9.833,-0.0965,0.3157,0.0216
16355,1005,838,33.939,26.858,-0.0084,-0.0795,9.7802,-0.3528,0.131,0.1608
16360,1004,837,34.005,26.93,0.0116,-0.0172,9.8158,-0.6962,0.206,-0.4964
16364,989,834,33.998,27.029,0.0738,-0.0262,9.9206,-0.4494,-0.9392,0.3498
16370,989,835,33.817,26.988,-0.0081,-0.0126,9.7875,0.2618,0.1451,0.6518
16375,979,834,33.886,26.981,0.0016,0.0519,9.7871,0.2855,0.2973,-0.3078
16379,968,832,34.027,26.986,-0.0077,-0.0118,9.8935,-0.4857,0.0743,-0.277
16385,963,834,33.878,26.858,0.0186,-0.0377,9.7649,0.0866,1.0584,0.2249
16390,944,840,33.916,26.882,-0.0161,0.0823,9.8003,-0.3342,-0.4619,-0.6964
16395,956,833,33.883,26.99,0.0133,0.0014,9.8315,0.2621,0.1915,0.8527
16400,938,829,33.939,26.951,0.0014,0.0221,9.8983,-0.4444,0.2217,-0.3692
16405,914,829,33.96,26.971,0.0033,-0.0558,9.8259,-0.0894,0.2379,-0.0741
16410,910,830,33.912,26.905,0.0038,-0.0715,9.7488,0.2104,0.0124,1.0282
16415,898,826,33.824,26.957,-0.0941,-0.0087,9.815,0.6493,-0.1519,0.4785
16420,898,830,33.866,26.843,0.0673,0.0338,9.7858,-0.3591,-0.0668,1.2561
16425,881,830,34.016,26.925,0.0113,-0.0355,9.806,-0.0277,0.4218,-0.3281
16430,867,827,33.846,26.986,0.0111,0.0033,9.8027,0.1201,0.1907,-0.5197
16435,864,824,33.915,26.991,-0.031,-0.0164,9.7892,0.4324,-0.4561,0.2526
16440,841,827,33.863,27.013,0.1028,-0.0694,9.8673,0.3061,0.4261,-0.3119
16445,835,827,33.845,26.932,0.009,0.0107,9.8604,0.3483,0.394,-0.208
16450,828,820,33.942,26.958,0.0877,0.0043,9.7771,-0.3462,1.1132,-0.1035
16455,820,825,33.977,26.921,-0.0192,0.0395,9.8686,-0.5201,1.0951,0.1199
16460,816,823,33.943,26.974,0.0456,0.0456,9.7178,-0.4716,0.2173,0.5392
16465,796,817,34.007,26.951,-0.0537,0.0371,9.8127,-0.0669,1.0977,0.0039
16470,797,827,33.966,26.972,-0.0061,-0.0394,9.8039,0.5434,-0.0444,1.1301
16475,799,819,33.857,27.086,0.0608,0.0223,9.91,-0.1791,-0.6329,0.3948
16480,776,818,33.882,26.953,0.0122,-0.034,9.7336,0.252,-0.6942,0.2886
16485,765,823,33.948,26.961,0.1079,0.0353,9.7072,-0.0688,-0.4077,0.9936
16490,771,821,33.914,26.892,0.0034,-0.0504,9.8487,-1.1716,1.3696,-0.6178
16495,760,819,34.035,26.986,0.0107,0.0167,9.7266,-0.1483,0.322,-0.1833
16500,750,820,33.899,27.041,0.0491,0.0166,9.8374,0.648,-0.1365,0.1266
16505,758,814,33.881,27.024,-0.0322,0.0275,9.7679,-0.1707,0.1366,0.24
16510,753,819,33.906,26.863,-0.0148,0.0485,9.8147,-0.1239,0.6535,-0.31
16515,746,818,33.886,26.954,-0.06,-0.0553,9.7979,0.5624,-0.5018,0.5869
16520,751,815,33.884,26.953,0.0148,0.0147,9.6837,0.3952,0.0955,-0.5305
16525,754,817,33.826,26.964,-0.0547,-0.0259,9.8499,-0.0581,0.4629,-1.161
16530,750,813,33.857,26.991,0.073,-0.0561,9.7956,-0.5908,0.1161,0.2855
16535,752,819,33.874,26.994,-0.0344,0.0104,9.8424,-0.1304,-0.1576,0.6428
16540,745,812,33.93,26.93,0.04,0.0415,9.8289,-0.5903,-0.1441,-0.2867
16545,745,814,33.852,26.995,0.1133,-0.1191,9.802,-0.2182,0.3123,-0.6795
16550,754,807,33.883,26.916,0.0665,0.0983,9.9055,-0.2368,0.8056,-0.1962
16555,771,814,33.887,26.977,-0.0659,0.02,9.7498,-0.3837,0.0691,0.2442
16560,767,810,33.788,26.941,0.0197,-0.0324,9.7355,-0.1063,-0.0747,-0.0323
16565,773,808,33.783,27.004,-0.0627,-0.0494,9.6677,0.0919,-0.6099,0.1905
16570,774,805,33.915,26.921,0.0443,0.051,9.7971,0.1259,0.2487,0.5952
16575,790,807,33.946,26.945,-0.0874,-0.05,9.8118,0.1434,0.3373,0.8173
16580,792,809,33.869,26.906,-0.0878,0.1226,9.7841,0.281,-0.3596,0.4325
16585,801,806,33.911,26.991,0.046,0.0029,9.8583,-0.5368,0.0851,-0.1574
16590,811,807,33.895,26.929,0.0508,-0.0317,9.8586,-0.3401,-0.5135,-0.1388
16595,842,807,33.901,26.912,-0.0471,-0.0652,9.7961,-0.5657,0.5656,0.0189
16600,831,803,33.91,26.968,0.1296,-0.0105,9.8459,-0.0353,0.5779,-0.1887
16605,853,800,33.857,26.934,0.0605,0.0283,9.7956,0.8088,-0.4053,0.324
16610,865,801,33.928,26.959,0.0698,0.0383,9.798,0.0763,-0.0333,0.2112
16615,884,803,33.875,26.982,-0.0269,-0.011,9.8241,-0.054,0.1126,-0.0968
16620,886,803,33.956,27.015,0.0838,-0.0698,9.8201,0.1546,-0.2307,-0.1398
16625,904,797,33.948,27.035,0.0207,0.076,9.7995,0.8322,-0.1216,0.6086
16630,920,792,33.86,26.843,-0.0478,0.0596,9.7956,-0.4849,-0.5638,0.2329
16635,928,790,33.935,27.039,0.0145,-0.0917,9.7441,-0.4423,-0.9336,1.3608
16640,945,788,33.874,27.047,0.0278,-0.0691,9.7738,-0.236,-1.0774,0.3447
16645,965,788,33.866,26.856,0.0276,-0.0108,9.8152,-0.8993,0.3678,0.1595
16650,971,788,33.968,26.988,-0.014,0.0195,9.7499,0.5955,0.7954,0.2282
16655,977,789,33.864,26.917,-0.0079,-0.0094,9.8199,0.1243,-0.097,-0.0437
16660,996,781,33.847,26.915,-0.0224,0.0159,9.8085,0.2244,-0.352,0.7097
16665,1020,782,33.9,26.957,-0.0778,0.0192,9.7542,-0.1927,0.0544,-0.1057
16670,1030,777,33.874,26.965,0.0415,-0.0343,9.8789,0.0002,-0.3258,-0.6631
16675,1043,779,33.811,26.978,-0.0323,0.014,9.8516,0.3154,-0.1084,-0.3569
16680,1046,777,33.942,26.943,0.0407,-0.0167,9.8285,-0.1453,0.2756,0.4272
16685,1063,764,33.876,27.033,-0.0012,-0.0092,9.8924,0.2456,0.0281,-0.292
16690,1077,776,33.897,26.868,0.0063,0.0379,9.832,-0.639,-0.4054,1.4567
16695,1087,768,33.837,27.013,0.082,-0.0133,9.8598,-0.157,1.6059,-0.1513
16700,1099,762,33.949,26.918,-0.0023,-0.0738,9.816,0.4649,-0.085,0.0308
16705,1114,761,33.948,27.001,-0.0806,0.0109,9.8307,-0.1955,-0.4474,0.1908
16710,1121,762,33.969,26.932,-0.0223,0.0971,9.8864,-0.043,0.2682,0.3439
16715,1136,758,33.962,26.961,0.02,0.1029,9.8122,0.3876,-0.8257,-0.1214
16720,1134,757,33.93,26.955,0.0063,0.0243,9.8015,-0.622,0.173,-0.3529
16725,1138,755,33.812,26.909,-0.0665,-0.0846,9.925,-0.8584,1.0226,-0.027
16730,1154,752,33.93,26.867,-0.0679,0.04,9.866,0.1015,0.3706,-0.0579
16735,1158,753,33.914,26.936,-0.0464,0.0208,9.884,0.585,-1.0172,0.4184
16740,1168,754,33.907,26.91,0.035,-0.1145,9.735,-1.176,0.1025,-0.576
16745,1166,750,33.92,26.911,0.0456,0.025,9.7997,0.1437,-0.1318,0.4395
16750,1173,750,33.925,26.99,0.0133,0.0237,9.832,0.4413,0.2117,-0.7147
16755,1172,750,33.869,26.926,0.0389,0.02,9.8599,-0.1475,0.3274,0.6899
16760,1182,748,33.94,26.937,-0.0323,-0.086,9.8765,0.1191,-0.2607,0.724
16765,1187,753,33.928,26.951,-0.1256,0.0191,9.8196,0.8266,0.6253,-0.3047
16770,1189,750,33.869,26.97,-0.0289,-0.0392,9.8275,-0.0238,1.2258,-0.498
16775,1185,748,33.99,26.982,0.0357,0.0048,9.8437,0.455,-0.363,-0.4275
16780,1190,753,33.887,27.008,-0.0273,-0.1129,9.8445,-0.7508,0.0897,-0.3036
16785,1188,750,33.959,27.032,0.0209,-0.0633,9.7685,-0.3371,-0.7739,0.3252
16790,1193,750,33.858,27.023,-0.0248,-0.0449,9.8523,-0.1357,0.7234,-0.4325
16795,1190,756,33.941,26.995,-0.0284,-0.1636,9.8003,0.4705,0.3217,-0.7826
16800,1186,749,33.973,26.934,-0.029,0.0497,9.8548,-0.3313,-0.8514,-0.168
16805,1183,756,33.853,26.89,-0.0796,0.0474,9.8557,0.1916,-0.3236,-0.1666
16810,1185,752,33.987,26.825,-0.0724,0.0372,9.776,-0.2458,0.3864,0.1122
16815,1180,754,33.968,26.818,0.0975,-0.0849,9.9156,-0.6882,-0.1846,0.2467
16820,1178,754,33.958,26.899,-0.0468,0.0583,9.8244,0.1018,-0.111,0.214
16825,1168,757,33.88,26.955,0.077,-0.033,9.868,-0.5241,-0.3012,0.6023
16830,1165,764,33.913,26.871,0.0349,0.0294,9.7984,0.2681,0.29,-0.125
16835,1162,761,33.845,27.043,0.0187,0.0468,9.8245,-0.2173,0.1978,0.0254
16840,1157,763,33.911,26.956,-0.0316,-0.0758,9.8768,1.1932,-0.1542,0.6484
16845,1158,768,34.031,26.85,-0.0225,-0.0075,9.9174,0.3825,-0.5189,0.5137
16850,1166,771,33.885,26.922,0.0044,0.0823,9.8519,0.6876,0.5696,-0.3027
16855,1151,767,33.882,26.979,0.0061,-0.0258,9.7473,0.0261,-0.3619,-0.5259
16860,1142,768,33.924,26.967,-0.0309,0.0872,9.8496,-0.7195,0.1969,-0.3548
16865,1141,772,33.886,26.94,-0.0495,-0.0237,9.7088,0.0854,0.3728,-0.5019
16870,1146,778,33.918,26.871,-0.0169,0.0587,9.8569,-0.8229,0.2878,0.1012
16875,1136,775,34.006,27.009,-0.0394,-0.0226,9.7396,0.1507,-0.4343,0.43
16880,1140,779,33.93,26.919,0.0863,0.0141,9.8116,-0.0619,0.2422,-0.0272
16885,1127,787,33.886,26.914,0.0212,-0.0202,9.8076,0.7016,-0.3998,0.1921
16890,1131,788,33.849,26.91,0.0156,-0.0027,9.7762,-0.5423,-0.441,0.3343
16895,1120,791,33.852,27.0,0.0406,0.003,9.9045,0.3202,0.0432,0.3333
16900,1116,798,33.903,26.969,-0.0466,0.1071,9.816,0.2433,-0.2873,0.3811
16905,1118,795,33.974,26.997,-0.0901,-0.0015,9.8335,-0.4305,0.9741,0.4287
16910,1116,798,33.904,26.895,-0.0763,-0.0326,9.7794,-0.3781,-0.8973,-0.3065
16915,1114,805,33.899,26.883,-0.006,0.0992,9.7698,-0.1917,0.4801,-0.0874
16920,1109,809,34.005,26.944,0.0408,-0.0406,9.7666,-0.2324,0.2864,-0.2718
16925,1101,806,33.871,27.037,0.0537,0.0471,9.7954,-0.8631,-0.4101,0.6428
16930,1108,808,33.8,26.89,0.0184,-0.0687,9.7716,0.9416,0.1761,-0.3636
16935,1096,815,33.83,26.938,0.0495,-0.0616,9.8262,-1.1477,0.2407,0.2179
16940,1091,809,33.944,27.069,-0.0502,0.1578,9.7848,-0.8361,-0.4851,-0.6876
16945,1105,821,33.942,26.907,-0.0619,0.0715,9.809,-0.1548,0.6838,-0.284
16950,1094,815,33.944,26.951,-0.043,0.0614,9.7911,0.733,0.1442,-0.3139
16955,1086,824,33.923,26.912,-0.0572,-0.066,9.7971,-0.7865,-0.1025,0.0019
16960,1083,824,33.931,26.933,-0.0155,-0.0211,9.8022,0.5548,-0.6137,0.229
16965,1092,825,33.928,26.916,0.0471,0.0133,9.8667,0.5727,-0.0084,0.4269
16970,1076,830,33.9,26.9,-0.0658,-0.0501,9.8411,-0.431,0.1146,0.0874
16975,1073,827,34.035,26.867,-0.0518,-0.0384,9.8371,0.434,-0.4563,0.0842
16980,1074,832,33.881,26.949,0.0115,-0.027,9.8387,-0.1776,0.2865,0.1007
16985,1070,829,33.907,26.97,-0.0001,0.0499,9.7665,0.2378,0.0077,0.3252
16990,1069,828,33.95,26.897,-0.1049,0.0475,9.8428,0.237,-0.5611,0.6087
16995,1067,837,33.792,27.043,0.0418,-0.0345,9.7856,-0.8606,-0.0748,0.323
17000,1062,833,33.929,26.952,-0.0389,-0.0275,9.8982,0.6786,0.1423,0.2147
17005,1056,839,33.928,26.967,-0.0165,0.043,9.8135,-0.7658,0.1208,0.197
17010,1056,835,33.94,26.98,-0.0608,0.0182,9.8207,0.3305,-0.5245,0.4867
17015,1056,838,33.98,27.006,-0.0102,0.076,9.879,-0.1105,0.3974,-0.0158
17020,1048,833,33.852,26.945,-0.041,-0.0214,9.8261,0.5207,0.5021,0.4089
17025,1043,838,33.92,27.054,0.0052,-0.043,9.8195,-0.4715,0.5472,-0.0432
17030,1038,837,33.94,26.869,-0.0075,-0.0092,9.7714,0.2709,0.9518,0.5101
17035,1032,836,33.883,26.964,0.0552,0.0908,9.8269,0.1297,0.4729,-0.1226
17040,1020,836,33.851,27.015,0.1347,-0.0021,9.7914,0.3808,0.3656,-0.0652
17045,1015,835,33.934,26.98,0.0238,0.0359,9.8195,-0.0825,-0.3577,0.1817
17050,1001,835,33.931,26.937,-0.013,0.0832,9.9081,-0.2074,-0.9251,-0.7506
17055,1004,832,33.836,26.924,0.0037,-0.005,9.8414,-0.1997,0.4875,-0.4346
17060,996,839,33.912,26.901,0.086,-0.0136,9.7902,-0.4524,0.0443,-0.0753
17065,978,838,33.938,26.994,0.0097,0.0643,9.8112,0.7933,-0.405,-0.2854
17070,983,837,33.916,26.985,0.0526,0.099,9.8409,-0.3996,0.0872,0.0827
17075,967,839,33.891,26.98,0.0869,0.0045,9.8157,-0.9072,-0.1586,-0.7226
17080,953,838,33.926,27.001,-0.029,-0.0385,9.7881,-0.3931,1.031,0.9579
17085,947,833,33.938,26.908,0.1096,-0.0137,9.8278,0.9933,-0.0633,-0.1581
17090,944,832,33.916,27.023,-0.0675,-0.0249,9.8373,-0.2669,1.0893,0.5338
17095,935,831,33.894,26.883,0.0412,0.0092,9.7954,-0.4164,0.1544,-0.3997
17100,914,831,33.802,26.959,0.0249,0.0087,9.7555,-0.3869,0.446,-0.0083
17105,914,834,33.794,26.94,0.0127,-0.0933,9.8183,0.3541,1.2093,0.4087
17110,904,832,33.923,26.863,-0.0747,-0.101,9.741,-1.3907,-0.0974,-0.3424
17115,898,828,33.938,26.933,0.0359,0.0532,9.8686,0.0383,-0.2556,0.8152
17120,888,829,33.857,26.88,-0.0595,-0.0346,9.9361,1.4621,0.86,-0.3624
17125,869,828,33.809,26.974,0.0036,-0.0273,9.8306,0.108,0.6453,0.2544
17130,858,829,33.86,26.947,0.0901,0.0057,9.7712,-1.0464,-0.6284,-0.2884
17135,848,828,33.916,26.994,0.114,-0.0807,9.7765,0.6963,-0.411,-0.4578
17140,841,826,33.871,26.949,-0.0402,0.0171,9.7912,0.4798,0.0156,0.1369
17145,831,824,34.016,26.952,-0.0181,0.0093,9.8583,0.3205,0.3924,-0.2658
17150,827,825,33.913,26.962,-0.0528,0.0372,9.7685,-0.4244,-0.4357,-0.4757
17155,801,825,33.974,27.004,-0.0319,0.0224,9.8656,0.4134,0.1392,-0.004
17160,805,823,33.947,26.958,0.0155,-0.0278,9.7732,0.4575,0.0168,-0.1186
17165,794,822,33.917,26.908,-0.0973,-0.0222,9.7768,-0.2783,-0.0822,0.0236
17170,785,821,33.872,27.009,0.0422,0.0754,9.8186,-0.1918,-0.815,-0.6456
17175,778,823,33.965,26.974,0.0723,-0.0406,9.7616,-0.5006,-0.0903,-0.7664
17180,773,821,33.926,26.839,0.0858,-0.0273,9.798,-0.1373,0.066,0.9392
17185,763,822,33.82,26.983,-0.0125,0.0745,9.9123,0.6074,0.166,-0.1008
17190,766,817,33.869,27.023,-0.029,0.0161,9.8519,-0.6404,0.2786,-0.1196
17195,755,819,33.905,26.933,-0.0781,-0.0769,9.8265,0.7296,0.2828,-0.0131
17200,760,821,33.979,26.88,0.0311,-0.0068,9.7769,-0.1651,-0.5475,-0.3857
17205,748,817,33.845,26.985,-0.0274,0.0271,9.8298,-0.3895,0.1124,-0.0176
17210,756,817,33.796,26.995,-0.048,0.0216,9.9068,-0.1047,0.6143,-0.3949
17215,749,812,33.904,26.973,0.0256,0.0509,9.9093,0.3196,0.4657,0.256
17220,749,821,33.899,27.029,-0.0191,0.0215,9.8074,0.2451,1.4779,-0.1418
17225,745,822,33.944,26.942,0.0904,0.0567,9.8221,0.7381,-0.1468,-0.4024
17230,755,813,33.913,26.918,0.0561,-0.0494,9.8523,-0.237,1.1678,0.3032
17235,755,808,33.917,26.981,0.0046,0.0343,9.794,0.0479,0.0347,-0.7109
17240,754,814,33.952,26.886,-0.0482,-0.0036,9.7789,-0.6394,0.1668,-0.2017
17245,765,816,33.96,26.902,-0.092,-0.0009,9.9211,-0.8475,0.1569,-0.3385
17250,766,814,33.825,26.961,0.0094,0.0116,9.8483,-0.3832,0.5602,-0.8144
17255,766,809,33.883,26.996,0.0196,-0.0427,9.8404,0.1081,-1.064,-0.1156
17260,778,811,33.903,26.923,-0.0049,0.0429,9.8198,-0.5071,0.5695,-0.0336
17265,776,818,33.803,26.979,-0.0815,0.0496,9.8669,0.3882,-0.1894,0.3991
17270,795,810,33.948,26.887,-0.0089,0.0705,9.8262,-0.4135,-0.0433,0.7003
17275,800,804,33.928,26.857,-0.0264,0.0053,9.8379,0.6527,0.3171,-0.0702
17280,813,808,33.891,27.032,-0.0134,-0.062,9.8337,0.2811,-0.3827,-0.0483
17285,814,805,33.91,27.006,-0.0071,0.0211,9.8717,0.3766,0.1951,0.2449
17290,839,800,33.914,26.939,-0.0203,0.0382,9.8012,-0.8201,-0.3769,0.0362
17295,841,802,33.891,26.97,-0.064,-0.0292,9.7973,-0.5384,0.3065,-0.3488
17300,846,801,33.908,26.934,-0.1026,-0.0052,9.8117,-0.1648,-0.5239,-0.3432
17305,870,804,33.89,26.939,-0.0623,-0.0009,9.7946,-0.0097,0.6082,-0.433
17310,876,803,33.907,26.91,-0.0235,-0.0385,9.8109,0.3579,0.1018,0.0121
17315,901,798,33.917,26.847,-0.0317,-0.0178,9.8073,0.1919,-0.0304,-0.0633
17320,910,794,33.869,27.028,-0.0243,-0.0036,9.8197,-0.4854,0.9178,-0.2368
17325,928,797,33.877,26.945,0.0397,-0.0396,9.8497,-0.2875,0.6824,0.3214
17330,933,790,33.879,26.938,0.0914,0.0761,9.7881,-0.2408,0.0055,-0.8363
17335,948,786,33.834,26.958,0.0332,-0.002,9.7407,0.3543,-0.0004,-0.116
17340,963,783,33.955,26.927,-0.0951,0.0048,9.7512,-0.1861,0.388,-1.1016
17345,974,788,33.948,26.957,-0.0232,0.0199,9.7776,-0.2858,0.573,0.2137
17350,990,781,33.999,27.013,0.02,0.0225,9.8001,0.0141,-0.27,-0.1427
17355,1006,777,33.846,26.913,0.0186,0.0098,9.7974,0.5849,0.3965,-1.1897
17360,1015,781,33.879,26.862,0.0721,0.0773,9.8311,-0.4759,0.2871,0.0684
17365,1023,776,33.916,26.978,0.0296,0.0481,9.7866,0.5266,0.9734,0.2612
17370,1030,776,33.894,26.937,-0.0358,-0.0764,9.7691,-0.1407,-0.9943,-0.7172
17375,1054,773,33.872,26.857,0.0169,-0.0221,9.8379,0.4502,0.8484,0.4785
17380,1064,772,33.936,26.918,0.034,-0.0276,9.8782,0.2042,-0.4783,0.5888
17385,1072,771,33.9,27.019,-0.0922,-0.0511,9.8038,-0.1988,-0.1703,0.2399
17390,1088,769,33.981,27.055,0.083,-0.0102,9.7042,0.7306,-0.6664,0.5034
17395,1096,766,33.789,26.927,0.0517,0.0394,9.8281,-0.4824,0.1966,0.8013
17400,1104,766,33.947,26.89,-0.0128,-0.0095,9.8304,0.1565,0.5386,-0.1337
17405,1120,759,33.872,26.964,-0.087,0.0171,9.7437,1.0231,0.4766,1.0878
17410,1126,759,33.808,26.972,0.0737,-0.0296,9.7232,0.9494,-0.203,-0.4931
17415,1135,759,33.824,26.953,0.0244,0.0267,9.859,-0.0464,-0.1244,-0.7603
17420,1142,755,33.875,26.92,-0.0028,-0.0205,9.8859,0.0763,-0.4741,-0.4212
17425,1154,751,33.904,26.914,0.028,-0.028,9.7884,0.2289,0.5256,-0.4837
17430,1157,756,33.994,27.031,0.0407,0.0054,9.7981,-0.49,0.7634,-0.2186
17435,1170,757,33.843,26.918,-0.0027,-0.0104,9.8113,-0.5048,-0.6409,-0.2349
17440,1163,752,33.784,27.011,0.045,-0.0882,9.7858,-1.0171,0.2308,-0.2884
17445,1170,754,33.907,26.918,0.0477,0.1245,9.7881,0.5465,0.085,0.1559
17450,1180,752,33.906,26.941,0.0099,-0.0324,9.8119,-0.666,0.4524,-0.7413
17455,1189,751,33.928,26.896,0.0273,0.0369,9.7666,0.3427,-0.1007,-0.1092
17460,1179,750,33.926,26.948,-0.0357,-0.0655,9.7714,-0.1304,0.0044,0.4595
17465,1194,752,33.892,26.919,-0.0745,-0.0375,9.768,0.1792,-0.1945,0.4125
17470,1187,748,33.89,27.046,0.0103,-0.0079,9.7847,0.3847,0.1545,0.3569
17475,1188,747,33.897,26.97,-0.1132,0.029,9.8319,0.5304,-0.316,0.5009
17480,1183,751,33.857,26.921,0.0353,-0.0048,9.7091,-0.3304,-0.4606,0.3883
17485,1199,754,33.96,26.936,0.0514,0.0643,9.7483,0.028,0.1141,0.7063
17490,1184,749,33.919,26.862,0.022,0.0504,9.8073,-0.1718,-0.1065,0.8745
17495,1190,754,33.911,26.914,0.0251,0.0472,9.8009,0.5175,0.317,0.1799
17500,1183,751,33.834,26.982,0.0126,-0.0099,9.8036,-0.727,0.4384,0.021
17505,1183,750,33.945,26.956,0.0476,-0.0286,9.8317,-0.7399,0.2105,0.4034
17510,1184,750,33.841,26.953,-0.0313,0.014,9.7598,0.3232,-0.1612,-0.4181
17515,1185,758,33.867,26.952,0.0416,-0.0097,9.8133,0.5978,0.1867,0.61
17520,1175,759,33.848,26.982,0.0405,-0.0324,9.7648,0.7532,0.0264,0.1262
17525,1174,761,34.007,26.996,0.0242,0.0035,9.8473,-0.0299,-0.2829,-0.2037
17530,1174,756,33.911,26.998,-0.04,0.0299,9.8627,0.0719,0.4342,-0.6749
17535,1165,761,33.847,26.872,-0.0645,0.0785,9.7753,0.0297,-0.2962,0.134
17540,1160,763,33.892,26.937,-0.025,-0.0147,9.886,-0.4459,0.36,0.4688
17545,1161,764,33.9,26.858,0.0909,-0.0286,9.8697,0.2318,-0.2717,-0.0638
17550,1152,771,33.94,26.943,-0.0799,0.0358,9.9096,-0.5117,0.2931,0.5973
17555,1144,768,33.87,26.962,-0.076,-0.0118,9.796,0.7021,-0.2195,0.5295
17560,1136,769,33.936,26.95,0.0596,-0.0013,9.8835,0.417,0.408,0.2694
17565,1149,778,33.944,27.003,-0.1118,0.0409,9.8924,0.2754,0.0216,-0.4463
17570,1129,781,33.974,26.951,-0.003,-0.0006,9.7451,0.6653,0.2689,1.64
17575,1132,788,33.889,26.974,0.0451,0.0019,9.8099,-0.247,-0.2221,-0.3721
17580,1133,784,33.922,26.952,0.0104,0.0451,9.8442,-0.1032,0.4703,-0.5702
17585,1128,787,33.868,26.936,0.0568,-0.0648,9.7591,-0.2058,-0.0287,-0.481
17590,1121,790,33.892,26.989,0.0023,0.0604,9.7738,0.6139,0.0936,-0.0441
17595,1115,793,33.949,26.919,-0.014,0.0263,9.8314,0.7395,-0.0494,-0.3305
17600,1114,798,33.924,26.937,0.0076,0.0424,9.7516,0.3965,-0.1219,-0.1319
17605,1109,800,33.957,26.914,0.0024,-0.0031,9.7979,-0.2811,0.7714,0.333
17610,1119,797,33.848,27.032,0.0481,-0.0336,9.7602,0.3129,-0.3086,0.3574
17615,1107,805,33.886,26.945,-0.0057,-0.0048,9.7122,0.0953,0.3742,0.2461
17620,1103,810,33.969,26.87,-0.0219,0.069,9.8973,0.0375,0.1855,0.0837
17625,1090,816,33.945,27.071,0.0709,-0.004,9.8829,-0.1052,-0.4847,-0.4082
17630,1094,820,33.936,27.06,-0.0356,0.0324,9.8003,0.7189,0.929,0.8748
17635,1106,814,33.872,26.889,0.0784,-0.0057,9.8729,0.1196,-0.5248,-0.1597
17640,1092,816,33.913,26.911,-0.0243,0.0236,9.8243,-0.0853,0.2413,0.3692
17645,1089,817,33.961,27.018,0.047,0.0001,9.739,-0.6405,-0.7739,-0.3458
17650,1093,823,33.88,26.933,-0.0532,0.0089,9.834,0.2788,0.7624,0.4608
17655,1092,820,33.909,26.985,0.0353,-0.0216,9.8798,0.7388,0.7907,-0.0665
17660,1098,822,33.931,26.947,-0.0202,0.0346,9.8394,-0.1694,-1.0941,-0.4007
17665,1084,826,33.906,27.003,0.1261,0.0939,9.806,0.0357,-0.444,-0.3596
17670,1091,827,33.845,26.953,0.12,0.0287,9.8705,0.8968,0.2685,0.6883
17675,1083,827,33.85,26.884,0.0107,-0.0045,9.7837,0.2037,0.4807,-0.9891
17680,1080,835,33.864,26.92,-0.0511,-0.0029,9.769,0.6033,0.3612,-0.1736
17685,1072,832,33.873,26.976,0.036,0.0537,9.9275,-0.0884,0.1636,-0.6278
17690,1066,834,33.836,26.957,-0.0199,-0.0662,9.9178,0.0352,-0.4667,0.1265
17695,1063,833,33.93,26.951,0.0331,0.0299,9.8095,-0.0756,0.1797,-0.0335
17700,1058,833,33.926,26.899,-0.0174,0.0171,9.8652,-0.2766,-0.269,-0.599
17705,1047,830,33.844,26.956,-0.0107,-0.0017,9.863,0.0233,0.1553,1.0643
17710,1050,841,33.934,26.909,-0.0027,0.0427,9.8417,-0.0519,0.018,0.2685
17715,1057,842,33.92,27.021,-0.1032,-0.0524,9.7999,0.1055,-0.4856,-0.7336
17720,1041,843,33.894,26.928,-0.1498,0.0857,9.7962,-0.522,-0.011,-0.116
17725,1032,838,33.788,26.935,-0.0145,0.047,9.7901,0.1598,-0.6158,-0.716
17730,1021,832,33.908,26.983,0.0033,0.0062,9.774,-0.4877,0.1876,0.5433
17735,1017,836,33.911,26.983,-0.0749,0.0238,9.8204,-0.0672,-0.3329,-0.2303
17740,1024,841,33.923,27.018,-0.0077,0.1107,9.8528,-0.9922,0.7935,-0.0113
17745,1015,835,33.893,26.859,-0.0145,0.0159,9.8296,-0.1686,0.108,-0.5525
17750,995,837,33.945,26.899,-0.0156,-0.0649,9.849,0.4778,-0.5467,1.0215
17755,994,833,33.928,26.976,-0.0516,0.0675,9.7964,-0.2008,0.1086,-0.8497
17760,978,837,34.022,26.898,-0.0208,0.0426,9.7985,-0.9753,0.7001,-0.7657
17765,978,835,33.88,26.997,-0.018,0.0046,9.7634,0.1616,0.1012,-0.2694
17770,963,837,33.89,26.987,-0.0035,-0.0553,9.8007,0.2419,-0.4261,0.0592
17775,962,829,33.828,26.945,-0.0712,-0.0262,9.8572,0.0652,-0.6873,-0.6999
17780,949,829,33.914,26.927,0.0032,0.0366,9.7497,-0.1048,-0.2404,0.0528
17785,945,830,33.893,26.979,-0.0495,0.0378,9.9025,1.1805,-0.3874,-0.0116
17790,931,838,33.842,26.919,-0.0461,0.0211,9.8515,0.5062,-0.295,0.078
17795,916,829,33.882,26.957,-0.0957,-0.0568,9.7906,-0.4928,-0.2485,0.1573
17800,902,832,33.953,26.943,0.0404,-0.0402,9.8491,0.2853,0.3635,0.4703
17805,897,833,33.944,27.02,-0.0335,0.0156,9.8449,-0.0966,0.159,-0.0514
17810,895,830,33.916,26.896,0.0057,0.0421,9.8942,0.5036,0.1601,-0.1861
17815,882,830,33.923,26.928,-0.0302,-0.0144,9.8453,0.7748,-0.4159,-0.4214
17820,863,832,33.966,26.92,0.0316,0.0365,9.8208,0.0914,-0.5022,0.2439
17825,855,829,33.91,26.925,0.0608,0.0449,9.7942,0.1715,-0.2583,-0.2012
17830,845,828,33.819,26.933,-0.0322,-0.029,9.8135,0.0851,-0.5187,-0.0859
17835,847,825,33.983,26.802,0.0555,0.1166,9.7522,-0.2876,0.1071,-0.2646
17840,826,822,33.851,27.013,0.0347,-0.0305,9.7996,0.3645,-0.5811,0.0055
17845,817,825,33.868,26.958,0.0166,-0.0125,9.7633,0.147,0.3825,-0.4415
17850,810,825,33.869,26.946,-0.1174,-0.0728,9.839,0.5071,0.2022,1.2533
17855,800,820,34.008,26.965,-0.024,0.0237,9.8347,-0.4046,0.4125,0.0952
17860,790,822,33.864,27.001,0.0584,-0.0782,9.7831,-0.9899,-0.5172,0.3431
17865,786,821,33.922,26.879,-0.0189,-0.0279,9.8548,0.1794,-0.8287,-0.0614
17870,780,821,33.991,26.992,0.0046,-0.062,9.8115,0.747,0.698,-0.1595
17875,768,818,33.901,26.989,-0.0562,-0.0052,9.8621,-1.3699,-0.1974,0.3401
17880,760,824,33.897,27.066,-0.0142,0.0032,9.7939,-0.2823,-0.0826,0.3086
17885,760,822,33.966,26.986,-0.0427,0.0627,9.8059,0.1516,-1.0891,0.4867
17890,762,822,33.922,26.94,-0.0004,-0.0007,9.7478,0.6606,0.6486,-0.7519
17895,755,812,33.903,26.889,-0.0714,0.0282,9.7908,0.155,-0.7206,-0.5398
17900,748,819,33.964,26.939,-0.0506,-0.0055,9.7693,0.2826,-0.2138,0.4143
17905,744,820,33.895,26.96,0.0689,-0.0158,9.8262,-0.0285,-0.0792,0.0148
17910,746,815,33.889,26.96,-0.0761,0.0344,9.7963,-0.2349,-0.95,0.3468
17915,744,818,33.921,26.884,-0.0077,-0.0013,9.7922,-0.2847,0.058,-0.5413
17920,736,817,33.829,26.991,-0.0,-0.037,9.7652,-0.1781,-0.1333,-0.0682
17925,751,807,33.897,27.012,-0.0712,0.0111,9.8183,0.5741,-0.58,0.2557
17930,752,814,33.885,26.95,0.0253,0.03,9.8764,0.0186,0.6865,0.1528
17935,760,812,33.821,26.904,-0.0105,0.0516,9.7381,0.4264,0.5321,-0.438
17940,757,814,33.897,26.896,-0.017,0.003,9.8797,-1.2151,0.0876,-0.8928
17945,763,818,33.85,26.852,-0.0458,0.0199,9.828,0.3838,0.3709,0.3214
17950,774,812,33.866,26.911,-0.0034,0.0793,9.8725,0.2987,0.321,0.5276
17955,772,813,33.869,26.914,0.0364,0.0038,9.8676,-0.0248,-0.0323,-0.7606
17960,781,812,33.911,26.927,0.0659,0.0618,9.8097,0.5467,0.3112,-0.5935
17965,791,810,33.945,26.952,-0.0728,-0.0192,9.7559,-0.3429,0.176,-0.3627
17970,804,804,33.916,26.974,0.0196,0.0186,9.7446,0.1717,-1.2445,-0.1856
17975,808,803,33.884,26.985,0.006,-0.0904,9.8951,-0.4311,0.1503,0.1109
17980,822,805,33.992,26.916,0.0083,-0.05,9.8418,-0.4433,-0.3666,0.8588
17985,826,807,33.989,26.922,-0.0338,-0.0621,9.7368,-0.2399,0.0071,0.5796
17990,845,797,33.919,26.901,-0.0774,-0.0583,9.8116,0.1954,-0.3977,0.5296
17995,853,800,34.018,27.001,0.0345,-0.0006,9.8679,0.6537,-0.5087,0.5074
18000,860,802,33.971,26.868,0.0425,0.0057,9.8512,-0.6569,-0.3307,-0.7735
18005,869,796,33.894,26.869,-0.0774,0.0154,9.8549,-0.3686,-0.366,-0.1571
18010,899,795,34.005,26.985,-0.0363,-0.0431,9.852,0.393,0.0079,0.3674
18015,912,795,33.913,26.87,-0.0447,0.0468,9.7395,0.0291,0.9432,0.2763
18020,914,795,33.952,26.966,-0.077,-0.0779,9.8704,0.0835,-0.1385,0.4605
18025,930,791,33.892,26.98,0.0247,-0.0329,9.7485,0.3814,-0.3678,0.557
18030,940,794,33.851,26.943,0.0005,0.0605,9.8456,0.3494,0.7961,0.1404
18035,953,779,33.86,26.959,0.0435,0.0418,9.7494,-0.0264,-0.3256,-0.0929
18040,979,790,33.963,26.976,0.0419,-0.0589,9.7974,-0.1478,-0.0077,0.3241
18045,989,784,33.888,26.883,0.0279,-0.0482,9.786,-1.0468,0.1066,0.7599
18050,1003,785,33.999,26.858,-0.0388,0.0053,9.8002,-0.4967,-0.0775,0.481
18055,1014,780,33.847,26.885,-0.0677,-0.039,9.8294,0.5321,0.2444,0.4263
18060,1033,772,33.974,27.01,-0.0698,-0.0227,9.6999,-0.4488,0.0678,0.3786
18065,1042,776,33.919,26.799,-0.0597,-0.0953,9.7385,-0.8049,-0.3856,0.2202
18070,1050,775,33.961,26.954,-0.0253,-0.0148,9.7619,-0.0988,-0.7901,0.116
18075,1068,776,33.858,26.885,0.0014,-0.0166,9.7297,0.1422,-0.2231,-0.6016
18080,1073,763,33.933,26.944,0.012,0.0079,9.7634,0.4016,-0.4768,0.1686
18085,1097,767,33.909,26.941,-0.0365,-0.0167,9.8238,0.7666,0.6326,-0.2017
18090,1099,765,33.914,26.946,-0.006,-0.0915,9.8895,-0.0187,0.0263,0.61
18095,1116,763,33.808,26.897,0.0306,-0.0456,9.8216,0.4569,0.5911,0.5914
18100,1135,763,33.95,26.865,0.0061,-0.0204,9.7806,-0.2174,-0.1572,-0.6561
18105,1134,759,33.894,27.031,-0.0015,-0.0343,9.8388,-0.167,-0.5456,0.0021
18110,1138,755,33.874,26.889,-0.0063,-0.0437,9.8728,-1.1248,1.073,-0.7722
18115,1151,759,33.886,26.928,-0.0195,-0.0587,9.822,-0.5281,-0.1173,-0.1543
18120,1151,759,34.012,26.962,0.0058,0.0226,9.7004,-0.359,-0.0181,-0.2656
18125,1165,746,33.881,26.987,0.0449,0.0138,9.7953,-0.7096,-0.4716,0.1459
18130,1168,754,33.93,26.909,0.0818,0.0008,9.8119,0.1743,-0.2911,0.5264
18135,1174,754,33.921,26.928,-0.0157,0.0065,9.7514,-0.4791,0.4022,-0.2823
18140,1183,747,33.889,27.043,0.0218,-0.0027,9.876,-0.6125,-0.7944,0.0911
18145,1181,751,33.826,27.024,0.1207,0.0045,9.8356,0.0912,0.2218,-0.2654
18150,1173,753,33.866,27.003,-0.1147,0.0086,9.8199,0.1137,-0.6441,-0.5106
18155,1177,748,33.868,26.87,0.0252,0.0273,9.8922,-0.2717,-0.3638,-0.297
18160,1184,753,33.926,26.925,0.0751,-0.023,9.8265,0.4164,-0.7968,-0.3602
18165,1176,748,33.899,26.975,-0.0064,-0.0606,9.7835,0.4028,0.1854,-0.1963
18170,1188,744,33.923,27.024,-0.0447,-0.0399,9.7927,-0.4385,-0.0115,-0.1538
18175,1194,749,33.879,26.891,-0.0018,0.0067,9.8175,-0.9836,-0.157,0.043
18180,1180,748,34.046,27.034,0.0339,0.1224,9.8997,-0.1227,0.5147,0.4258
18185,1191,753,33.9,26.995,0.1084,0.0562,9.7588,0.6287,-0.0677,0.2269
18190,1188,753,33.91,26.919,0.0179,0.0736,9.79,-0.4199,0.1601,0.4674
18195,1184,750,33.829,26.861,0.0183,-0.0049,9.8544,0.3083,-0.3806,-0.3182
18200,1184,749,33.836,26.996,0.0504,0.0154,9.772,-1.1025,0.0605,-0.3312
18205,1175,757,33.923,26.957,-0.0723,0.0799,9.8584,-0.7623,0.8081,-0.5411
18210,1175,759,33.929,26.924,0.0772,-0.0336,9.7608,-0.5087,1.2503,0.7293
18215,1168,768,33.97,26.972,-0.0134,-0.0097,9.8264,0.185,0.4822,-0.1483
18220,1168,760,33.797,26.985,0.0793,-0.073,9.9358,0.3581,0.5702,-0.0956
18225,1169,763,33.908,27.024,-0.0208,0.0572,9.7596,0.7893,0.1185,-0.0175
18230,1163,762,33.824,26.978,-0.0083,0.0794,9.839,0.4231,0.4764,0.0374
18235,1164,760,33.881,26.975,0.0242,-0.0411,9.8323,-0.3566,-0.079,-0.1067
18240,1149,771,33.974,26.958,-0.02,0.0316,9.8289,-0.8196,0.1872,0.0689
18245,1153,769,33.899,26.949,-0.0836,-0.0216,9.8279,0.0652,0.2494,0.1002
18250,1155,773,33.873,26.956,-0.0083,0.0211,9.7582,0.0786,0.3067,0.6481
18255,1137,775,33.942,26.904,-0.0297,-0.0852,9.9321,-0.3546,-0.0944,0.6046
18260,1145,779,33.871,26.867,0.04,-0.0541,9.7061,0.4714,1.1729,-0.0303
18265,1132,787,33.925,26.932,-0.0006,-0.0093,9.8445,-0.5229,-0.743,0.0432
18270,1133,788,33.923,26.962,0.0731,0.0572,9.8364,-0.4113,-0.4265,-0.7061
18275,1128,782,33.98,26.926,-0.0067,-0.058,9.7636,0.1004,0.2278,-0.0324
18280,1121,794,33.89,26.985,-0.0074,0.0716,9.8557,0.2512,0.4704,0.0953
18285,1119,792,33.825,26.964,-0.0474,0.0141,9.8036,-0.4009,-0.405,0.5519
18290,1122,796,33.991,26.922,0.0207,0.1115,9.8339,0.0132,-0.5985,-0.6188
18295,1114,797,33.913,27.059,-0.0242,0.0207,9.8391,0.3974,0.3136,-0.5361
18300,1117,802,33.825,26.919,0.0507,-0.0219,9.7624,0.3492,-0.1224,0.7691
18305,1113,802,33.878,26.864,0.0704,0.0573,9.743,0.4329,0.4646,0.1405
18310,1102,805,33.921,27.034,0.0138,-0.0404,9.8004,-0.3413,0.2427,-0.2936
18315,1105,805,33.939,26.923,-0.0238,0.0003,10.0074,-0.298,-0.0525,-0.6276
18320,1106,808,33.968,26.977,-0.1454,-0.0257,9.7622,0.1296,-0.107,0.2975
18325,1101,816,33.907,26.991,-0.0034,-0.0231,9.7407,0.1677,-0.3273,-0.2718
18330,1088,813,33.882,26.875,0.0155,-0.0159,9.8145,-0.813,0.1321,-0.8837
18335,1102,813,33.862,26.882,-0.0085,0.0676,9.8262,0.6052,0.2263,0.5561
18340,1099,823,33.968,26.931,-0.0005,0.0123,9.7928,0.4554,0.654,0.19
18345,1088,821,33.875,26.941,0.0401,-0.0149,9.8384,-0.7234,0.3058,0.0279
18350,1089,822,33.822,26.956,-0.0108,-0.0322,9.8217,0.2,-0.6715,0.1427
18355,1080,831,33.845,26.945,-0.0347,-0.036,9.7574,-0.1959,-0.2749,-0.5747
18360,1083,825,33.902,26.92,0.008,-0.0221,9.8845,0.8621,0.2625,-0.3749
18365,1082,829,33.941,26.93,-0.0007,0.0704,9.7883,0.027,0.471,-0.7827
18370,1078,831,33.926,26.978,-0.0112,0.0053,9.8378,0.0434,-0.739,-0.0403
18375,1069,827,33.876,27.0,-0.0937,0.0452,9.8501,-0.1474,0.317,0.4654
18380,1078,831,33.953,26.882,-0.0075,-0.0468,9.8196,-0.2951,-1.2311,-0.0753
18385,1060,835,33.821,26.896,0.0013,-0.123,9.7588,-0.2502,-0.9003,-0.0061
18390,1058,834,33.797,26.9,-0.1142,0.0263,9.8254,-0.5153,-0.2954,0.3874
18395,1051,838,33.91,27.016,-0.0166,0.0264,9.7776,0.775,-0.2723,0.2727
18400,1062,840,33.878,26.918,0.0186,-0.0003,9.8538,0.1895,0.0579,-0.267
18405,1044,843,33.848,26.99,0.0673,-0.0057,9.7667,-1.0512,-0.1847,-0.1348
18410,1039,833,33.911,26.978,-0.0108,0.077,9.7845,0.267,1.1589,-0.1909
18415,1036,835,34.005,26.994,-0.0056,-0.0471,9.7898,0.4984,0.5855,-0.2177
18420,1041,838,34.024,26.945,0.0206,0.0167,9.7991,0.626,-0.2971,0.5507
18425,1030,835,33.956,27.016,-0.0201,-0.0028,9.7851,-0.4578,-0.7861,-0.2874
18430,1021,840,33.859,26.998,-0.0355,0.0591,9.7823,1.1886,0.2691,0.1169
18435,1018,834,34.012,26.935,-0.037,-0.0253,9.7727,-0.5649,0.351,0.4662
18440,1001,837,33.929,26.978,0.0448,-0.0228,9.7898,-0.3949,0.7195,0.3015
18445,994,835,33.9,26.969,-0.0362,0.0518,9.7937,0.4314,-0.7737,0.6498
18450,994,838,33.877,26.848,0.0415,0.0324,9.7514,0.1727,0.2656,-0.5028
18455,994,839,33.912,26.892,-0.014,0.0189,9.8514,-0.2827,0.5058,0.257
18460,976,836,33.926,26.965,0.0259,-0.0337,9.7724,-0.8674,0.6787,0.9691
18465,968,836,33.944,26.996,-0.0017,0.0061,9.8948,0.5952,-0.056,0.3071
18470,961,831,33.861,26.875,-0.0602,-0.0907,9.8689,0.8691,0.0653,0.1477
18475,956,836,33.754,26.857,0.0235,-0.0422,9.8807,-1.1056,0.5159,0.6033
18480,938,833,33.916,26.93,0.0424,-0.0189,9.8877,-0.1413,-0.451,0.262
18485,945,833,34.01,26.998,-0.0292,-0.0138,9.8326,-0.1287,-0.0136,-0.2376
18490,920,833,33.914,26.994,0.0581,-0.0018,9.7684,0.6656,0.3388,-0.6296
18495,908,829,33.967,27.023,0.0233,0.0172,9.8201,-0.5398,1.3218,0.1289
18500,902,825,33.892,26.908,-0.0647,-0.0737,9.8269,0.0887,-0.1548,0.397
18505,897,832,33.959,26.946,-0.0211,-0.0208,9.797,1.5215,0.2785,0.2374
18510,875,827,33.89,26.997,-0.095,-0.0034,9.8737,-0.4069,0.3361,-0.9381
18515,870,827,33.874,27.021,-0.0253,-0.0193,9.8719,0.1891,-0.0668,0.436
18520,862,823,33.931,26.887,0.0365,0.0659,9.7956,0.5949,-0.1141,0.3556
18525,842,822,33.874,26.987,-0.0012,0.0609,9.7407,-0.3138,-0.8203,0.6354
18530,836,826,33.905,26.928,-0.0475,-0.0682,9.759,-0.1631,-1.1341,0.0402
18535,830,825,33.917,26.968,0.0324,-0.0033,9.804,-0.629,0.5071,-0.4041
18540,814,820,33.866,26.901,0.0313,0.0369,9.7841,-0.5753,0.8228,0.0063
18545,819,820,33.926,26.895,-0.0814,-0.0134,9.8659,-0.0091,-0.2097,0.9139
18550,800,820,33.865,26.921,-0.0174,-0.0287,9.8103,-0.1402,0.5292,0.2409
18555,807,827,33.856,26.911,-0.0922,0.0109,9.7715,-0.4585,1.5247,0.472
18560,778,824,33.94,26.997,0.0674,-0.0219,9.8073,-0.2906,0.6614,-0.5057
18565,777,819,33.884,26.995,0.0514,0.0573,9.7796,0.1063,-0.2087,0.3099
18570,776,820,33.79,26.88,0.0698,0.0149,9.8584,-1.0188,0.4249,0.3115
18575,760,822,33.964,26.926,-0.0289,-0.0599,9.7853,-0.3539,0.1445,0.0225
18580,765,823,33.827,26.908,-0.0561,-0.0318,9.8884,-0.8269,0.9049,0.3933
18585,757,820,33.939,26.929,-0.0352,-0.0327,9.8261,0.9826,-0.0584,-0.2432
18590,759,816,33.957,26.904,-0.0522,0.0502,9.7492,0.2499,-0.7768,0.0335
18595,747,819,33.89,26.95,0.0622,0.0504,9.7668,-0.3645,-0.1599,0.0385
18600,750,821,33.936,26.939,-0.0047,0.0181,9.7872,0.1108,-0.1169,0.6079
18605,746,819,33.871,26.919,0.0026,-0.1421,9.8489,-0.408,-1.0332,0.0264
18610,743,814,33.975,26.947,-0.0263,0.0382,9.7087,-0.4781,-0.0157,0.167
18615,752,811,33.922,26.935,0.0451,-0.0478,9.8175,-0.164,-0.443,0.5239
18620,752,816,33.846,26.953,-0.073,0.0618,9.7938,-0.142,0.1785,1.1239
18625,745,815,33.974,26.863,-0.0059,-0.0676,9.745,0.125,0.4017,-0.953
18630,750,816,33.931,26.927,-0.019,0.0294,9.7604,0.2975,-0.4457,0.4127
18635,763,810,33.848,26.93,0.0044,-0.1174,9.7988,0.5449,0.122,-0.0185
18640,760,812,33.856,26.916,-0.1336,0.0118,9.8388,-0.2963,-0.1809,1.3301
18645,764,812,33.916,26.996,0.0583,0.0297,9.8589,0.9039,1.0191,-0.0187
18650,774,815,33.856,26.981,-0.0671,-0.0121,9.8299,0.2909,0.0034,-0.8057
18655,786,811,33.865,27.039,-0.0663,-0.0081,9.7632,0.2648,-0.821,-0.6632
18660,791,812,33.907,26.905,0.0816,0.0305,9.8721,0.8076,-0.2142,-0.0802
18665,799,800,33.894,26.98,0.0431,0.0367,9.8198,0.6104,-0.0622,0.1194
18670,805,800,33.947,26.925,-0.0079,0.0441,9.8044,0.752,0.1746,0.5528
18675,819,806,34.019,26.865,-0.0555,-0.0119,9.8272,-0.0736,-0.505,0.2846
18680,828,807,33.836,26.951,0.0102,0.0092,9.7676,0.0741,0.2032,-0.3386
18685,844,805,33.923,26.965,-0.0421,0.0114,9.8128,1.1911,0.7175,-1.1938
18690,857,801,33.783,26.929,0.0685,-0.0044,9.7287,-0.1143,0.1123,0.4631
18695,874,799,33.83,26.952,0.0375,0.0489,9.8376,0.451,-0.6023,-1.1055
18700,874,801,33.977,26.98,-0.0502,-0.1547,9.9104,0.368,-0.9003,-0.3288
18705,896,800,33.893,26.995,0.0093,0.0313,9.8531,1.3654,0.4376,0.4965
18710,902,799,33.824,26.911,-0.0551,0.0393,9.8337,-0.1708,-0.5164,-0.1825
18715,922,793,33.859,26.992,0.015,-0.0448,9.8546,-0.2241,0.5174,0.5088
18720,925,794,33.848,26.942,0.0146,-0.0307,9.7396,-0.4712,0.6778,0.2113
18725,952,790,33.903,26.921,-0.0844,0.0133,9.845,-0.3505,0.7279,-0.3104
18730,960,784,33.903,26.988,0.0205,-0.058,9.7081,-0.729,0.1524,-0.3068
18735,984,791,33.859,26.942,-0.0305,-0.0081,9.8473,-0.3362,0.2319,0.3314
18740,984,782,33.838,26.937,-0.0166,-0.002,9.775,-0.1029,-0.2119,0.0811
18745,1003,781,33.924,26.973,-0.0007,-0.036,9.7768,0.5033,-0.3419,-0.4759
18750,1014,780,33.87,26.88,-0.0637,-0.023,9.9215,-0.4054,-0.0114,0.235
18755,1018,773,33.955,27.035,0.0261,-0.0754,9.7504,0.3987,-0.0791,0.2526
18760,1038,772,33.966,26.922,-0.0069,-0.0459,9.8609,-0.3884,0.5497,-0.091
18765,1057,773,33.899,26.921,0.0981,-0.023,9.7948,0.665,0.4957,0.4776
18770,1075,771,33.855,26.904,0.0324,0.0518,9.8075,-0.017,-0.106,0.0453
18775,1080,769,33.937,26.872,-0.0212,-0.0736,9.7526,-0.1212,0.467,-0.8877
18780,1097,772,33.919,26.974,0.0095,-0.0012,9.8504,0.4076,-0.8663,0.1734
18785,1092,765,33.854,26.882,0.0576,-0.0347,9.7724,0.2238,-0.0584,0.0092
18790,1110,767,33.898,26.908,-0.0259,0.0631,9.8589,-0.4076,0.4215,-0.2741
18795,1118,759,33.86,26.941,0.0379,0.061,9.7495,-0.5269,-0.7925,0.074
18800,1124,762,33.9,26.912,-0.1355,-0.1206,9.8161,0.6889,0.4619,-0.7796
18805,1134,756,34.011,27.032,-0.0381,-0.0243,9.7268,0.2856,-0.5234,0.1558
18810,1137,759,33.888,27.01,0.0233,0.0138,9.7861,-0.4626,0.1399,-0.61
18815,1155,758,33.926,26.897,-0.0448,0.0175,9.8653,-0.4675,-0.0493,0.3329
18820,1165,754,33.944,26.95,0.0959,-0.0361,9.812,-0.7812,0.1821,-0.2594
18825,1164,754,33.861,26.941,0.0034,0.0984,9.7778,-0.5122,0.4661,0.2365
18830,1189,753,33.908,26.988,0.0611,0.0308,9.8748,0.3284,0.1785,-0.5131
18835,1181,746,33.829,26.975,-0.02,0.0053,9.8327,0.0389,0.0867,-0.4427
18840,1182,751,33.89,26.949,0.0321,-0.0562,9.9148,-0.0555,-0.2128,0.1616
18845,1180,749,33.884,26.997,-0.077,-0.0337,9.835,-0.2966,-0.8318,-0.5488
18850,1186,748,33.905,26.91,-0.0272,-0.033,9.7447,0.7124,0.5048,0.9848
18855,1185,751,33.917,26.974,-0.083,-0.0705,9.724,-0.0607,-0.0029,-0.0367
18860,1187,750,33.967,26.966,-0.0157,-0.0687,9.7699,0.4582,1.4453,0.076
18865,1188,745,33.871,26.996,0.0389,0.0326,9.7831,0.3006,0.0321,-0.2124
18870,1190,753,33.917,26.9,0.0565,-0.0464,9.7899,0.4219,0.0815,0.2862
18875,1185,751,33.913,26.879,-0.0092,0.0435,9.7916,0.2681,0.0358,0.3383
18880,1183,748,33.827,27.016,-0.0308,-0.0029,9.7311,0.0381,-0.01,-0.8621
18885,1191,754,33.931,26.973,0.0521,0.04,9.835,0.311,-0.8787,-0.1363
18890,1184,752,33.931,26.93,-0.0247,0.0243,9.7753,0.4633,0.0906,-0.2241
18895,1182,752,33.941,26.978,0.0062,-0.0554,9.8492,-0.1452,0.2201,-0.1022
18900,1186,757,33.849,26.942,0.0818,0.0267,9.8076,1.0282,-0.1103,0.4895
18905,1168,753,33.832,26.881,0.0475,0.002,9.8612,0.3147,0.2934,-0.0363
18910,1174,752,33.917,26.846,-0.0745,-0.0078,9.82,-0.4884,-0.6297,0.2898
18915,1166,762,33.887,26.91,0.0409,-0.0088,9.767,0.228,-0.5596,-0.6875
18920,1164,760,33.874,26.866,-0.0679,0.0639,9.8487,-0.6654,0.2337,-0.3921
18925,1162,762,33.866,26.9,0.0464,-0.0461,9.886,0.2117,1.0232,-0.682
18930,1152,766,33.889,26.991,0.0269,-0.0082,9.8722,-0.9965,0.8689,-0.3083
18935,1149,768,33.872,26.987,-0.0531,-0.0258,9.7958,-0.4254,-0.0816,0.1196
18940,1156,775,33.862,26.945,0.0891,0.0008,9.7543,-0.0728,-1.2578,0.8592
18945,1138,774,33.814,27.028,0.0058,0.1227,9.8068,0.186,-0.6925,-0.1765
18950,1145,773,33.854,26.922,-0.0717,0.0741,9.9066,-0.2967,0.1729,-0.1931
18955,1132,773,33.846,26.918,0.0618,0.0015,9.7695,-0.2456,-0.1327,-0.2163
18960,1142,775,33.925,26.913,0.0262,-0.027,9.795,-0.1814,-0.3885,0.2202
18965,1126,783,33.88,26.864,-0.0362,-0.0121,9.7579,0.324,0.0858,0.0556
18970,1123,786,33.909,26.988,0.0263,0.1118,9.737,1.1587,0.3809,-0.4473
18975,1125,787,33.891,26.878,-0.0588,0.0462,9.8748,-0.6037,0.1914,-0.9812
18980,1119,797,33.942,26.956,-0.0595,0.0531,9.8029,-0.7417,0.5564,0.4159
18985,1119,791,33.922,26.961,-0.085,0.026,9.8956,0.7144,-0.1059,0.4406
18990,1111,803,33.847,26.953,0.0171,0.1088,9.7971,-0.5237,0.1807,0.2465
18995,1119,800,34.003,26.888,-0.0586,-0.0027,9.7453,1.0598,-0.2525,0.1011
19000,1112,806,33.851,26.958,-0.1237,0.0373,9.8218,-0.5922,-0.2135,-1.3156
19005,1115,804,33.971,26.855,0.0265,-0.012,9.8284,-0.84,1.1232,0.2713
19010,1100,809,33.796,26.953,0.0483,0.008,9.7998,-0.1742,-0.41,0.11
19015,1107,808,33.87,26.929,-0.138,0.0779,9.8495,1.0104,0.2156,0.4499
19020,1105,813,33.915,26.931,0.0617,0.0367,9.8598,-0.0513,-0.3054,-0.2631
19025,1101,816,33.91,26.933,0.05,0.0116,9.8404,0.5646,-0.3745,0.1689
19030,1093,813,33.847,27.014,-0.0596,-0.0141,9.7648,0.4698,-1.0707,-0.7554
19035,1094,823,33.9,26.867,-0.0112,0.0326,9.7298,0.0446,0.1641,-1.7095
19040,1089,824,33.901,26.885,0.0219,0.0224,9.8667,0.4421,0.0579,-0.2635
19045,1096,823,33.945,26.871,0.0323,-0.053,9.7772,-1.1865,-0.7172,-0.4387
19050,1092,824,33.858,27.011,-0.1,-0.0327,9.7813,0.5333,-0.0056,0.3896
19055,1077,824,33.936,26.865,0.0097,0.0272,9.8499,-0.0124,0.8869,0.4661
19060,1079,826,33.956,26.893,0.0297,0.0013,9.8281,-0.3261,0.4415,-0.6508
19065,1088,833,33.865,26.907,0.0116,0.028,9.7514,0.7157,-0.2087,-0.2093
19070,1077,836,33.92,26.832,0.0074,0.0783,9.879,-0.343,-0.1431,-0.936
19075,1067,831,33.816,26.93,-0.0273,-0.0386,9.7873,-0.6452,0.3868,-0.0586
19080,1066,834,33.832,26.972,0.0041,0.0068,9.7379,-0.1116,0.1312,-0.126
19085,1065,837,33.957,26.947,0.0576,0.0172,9.8754,-0.4266,-0.8485,0.1496
19090,1053,837,33.954,26.922,-0.0446,0.0547,9.8275,0.1531,0.2181,-0.2923
19095,1049,831,33.874,26.96,-0.0249,-0.0934,9.8243,-0.1991,-0.3666,-0.4034
19100,1048,840,33.875,26.831,-0.0635,-0.0188,9.8547,-0.1207,0.179,-0.4971
19105,1045,833,33.918,27.04,-0.0714,-0.065,9.7789,0.1365,-0.132,0.6071
19110,1041,833,33.979,26.911,0.0693,0.0043,9.7255,-0.6993,-0.4099,-0.4689
19115,1031,841,33.843,26.975,-0.0174,0.0529,9.7673,-1.1037,-0.3234,0.5536
19120,1036,842,33.835,26.983,-0.0252,-0.025,9.8014,0.8789,0.0316,1.1124
19125,1028,835,33.794,26.957,0.0119,0.0088,9.7735,-0.1176,-0.0208,-0.142
19130,1017,842,33.973,26.877,0.004,0.0779,9.8541,0.5219,0.4335,0.1137
19135,994,840,33.893,26.916,-0.0352,-0.0814,9.8503,-0.2696,0.2772,-0.6887
19140,1003,840,33.925,26.85,-0.0256,0.0514,9.8233,0.3975,-0.3624,0.2624
19145,994,834,33.872,27.02,-0.0365,-0.0351,9.7371,-1.1848,0.0993,1.7128
19150,987,835,33.927,26.98,-0.0348,-0.0086,9.9178,-0.1238,1.5046,0.2913
19155,974,838,33.904,26.928,0.0653,-0.0035,9.7293,0.2661,-0.1527,-0.6906
19160,976,837,33.858,26.983,0.0238,-0.0384,9.7834,0.6791,-0.2377,0.1118
19165,957,835,33.856,26.879,-0.0181,0.0018,9.8403,-0.1383,0.3523,0.1838
19170,951,835,33.967,27.009,0.0571,0.0009,9.7501,-0.4519,-0.6223,-0.1638
19175,946,834,33.927,26.932,0.0373,0.0759,9.805,-0.3362,0.6681,-0.4856
19180,927,829,33.982,27.01,-0.0844,0.0001,9.8878,-0.1842,0.5039,-0.1825
19185,912,835,33.952,26.952,0.0317,0.0095,9.8826,-1.6818,0.7612,0.7123
19190,905,829,33.834,26.809,-0.0317,0.0582,9.855,-0.3343,0.825,0.2582
19195,907,834,34.046,26.899,-0.0573,0.0673,9.8495,0.312,0.231,0.1421
19200,893,826,33.901,26.938,0.0163,0.0447,9.8441,-0.5002,0.4724,-0.0203
19205,882,825,33.834,26.909,0.0164,0.0071,9.7238,0.3971,0.0723,-0.2116
19210,863,827,33.938,26.945,0.0005,0.0398,9.8638,-0.1123,0.3549,0.5536
19215,860,829,33.839,26.891,-0.002,-0.0635,9.7208,0.106,0.5349,0.031
19220,847,825,33.887,26.912,-0.0364,-0.0145,9.8447,-0.0486,0.0223,0.6124
19225,835,826,33.909,26.861,-0.063,0.0116,9.7291,0.2579,0.201,0.1057
19230,829,819,33.909,26.918,0.0058,-0.015,9.8198,-0.611,0.4765,0.7347
19235,817,829,33.856,26.906,0.1126,0.082,9.8046,0.8447,0.2185,-0.2573
19240,808,818,33.905,26.861,0.0171,0.0599,9.7763,0.4641,-0.6085,0.2243
19245,800,821,33.8,26.984,0.0335,-0.0057,9.8095,-0.5036,0.1651,-0.2024
19250,796,821,33.85,26.911,-0.005,0.0109,9.7854,-0.0855,0.2533,-0.058
19255,779,821,33.9,26.906,0.0953,-0.0258,9.8275,-0.2303,-1.104,-1.6083
19260,774,818,33.902,26.918,-0.0228,-0.0755,9.7857,-1.5236,-0.2115,0.5637
19265,769,819,33.83,26.914,0.0021,-0.0077,9.797,0.5002,-0.6147,-0.4881
19270,770,817,33.912,26.881,0.0593,0.0007,9.7441,-0.5587,0.3469,-0.2333
19275,767,819,33.844,26.946,0.0039,0.0745,9.9511,0.6139,0.1528,-0.3475
19280,755,820,33.855,26.842,-0.0025,-0.0536,9.8722,-0.178,0.6064,0.0717
19285,761,821,33.846,26.854,0.0383,0.0019,9.9149,0.7351,0.5562,-0.5232
19290,744,815,33.793,26.989,0.1142,0.1211,9.8686,-0.1931,-0.5321,0.6353
19295,752,813,33.933,26.93,-0.0018,0.0254,9.8344,-0.0207,-0.4529,0.1423
19300,743,817,33.906,26.891,0.0051,-0.0007,9.7612,0.1368,-0.7903,-0.2168
19305,750,812,33.876,26.897,0.0872,-0.1199,9.818,-0.3433,0.6947,0.0903
19310,743,812,33.888,26.945,-0.0394,-0.0557,9.7639,0.382,0.1521,-0.7063
19315,756,818,33.869,26.91,-0.0157,-0.0705,9.8211,0.2067,-0.3118,-0.5504
19320,755,813,33.858,26.925,0.0583,-0.0625,9.723,-0.3427,0.4112,-0.057
19325,750,813,33.892,26.974,0.0333,0.0204,9.8219,-0.5251,-0.8091,0.1502
19330,756,812,33.967,26.947,0.0444,0.0424,9.7802,-0.8281,0.034,-0.1944
19335,760,813,33.873,27.02,0.0294,0.0333,9.8739,-0.0357,0.0417,-0.0572
19340,763,812,33.942,27.017,-0.0734,0.0295,9.843,0.4938,-0.543,-0.0033
19345,775,811,33.809,26.907,-0.0165,0.0286,9.7644,-0.3222,-0.3012,0.3245
19350,786,809,33.941,26.958,0.0623,0.0056,9.7672,0.8743,-0.6649,-0.7928
19355,794,806,33.87,26.998,0.088,-0.0171,9.7917,0.1239,0.3294,-0.2627
19360,796,807,33.96,26.927,0.0196,-0.0182,9.8265,0.3109,-0.2409,0.1079
19365,813,808,33.89,26.922,0.0102,0.1319,9.7943,0.7226,0.0787,-0.1151
19370,831,804,33.917,26.983,-0.1139,-0.0139,9.8081,0.2951,0.4863,-0.0672
19375,832,806,33.871,26.963,0.0191,0.0373,9.8004,-0.7184,0.817,0.1667
19380,838,801,33.967,26.917,-0.0263,-0.0105,9.8266,-0.4611,0.3892,-0.4231
19385,853,796,33.904,26.949,-0.0599,-0.0143,9.8374,-0.1689,-0.1905,-0.4098
19390,855,802,33.904,26.991,0.0492,-0.0771,9.851,-1.1989,0.61,0.6609
19395,874,803,33.915,26.992,-0.0756,-0.0032,9.8284,0.1393,-0.5834,-0.0362
19400,895,800,33.862,26.858,0.0088,-0.001,9.7342,0.1452,-0.1102,-0.5505
19405,898,790,33.966,26.885,-0.0742,0.0897,9.8332,-0.1291,1.0644,0.6692
19410,931,796,33.878,26.945,-0.0482,0.0375,9.8205,0.3757,-0.3509,0.3543
19415,931,789,33.85,26.89,0.0301,-0.0477,9.8395,-0.9532,-0.7947,-0.2911
19420,938,788,33.968,26.914,-0.0132,-0.0125,9.753,-0.0086,-0.0405,0.286
19425,954,794,33.963,26.936,-0.0019,-0.0996,9.7962,-0.4563,-0.075,0.0198
19430,975,794,33.857,26.952,-0.0529,0.0699,9.7279,-0.5591,0.7153,0.548
19435,990,778,33.905,26.9,0.071,-0.0235,9.8267,0.1036,0.0662,0.506
19440,1011,781,33.838,26.938,-0.0011,-0.0008,9.8171,0.0455,-0.0619,-0.1982
19445,1019,780,33.901,26.901,0.022,0.0282,9.8218,-0.5878,0.0245,0.7454
19450,1038,776,33.829,26.986,0.0114,0.0221,9.8437,0.184,1.0035,-0.9352
19455,1043,771,33.867,27.052,0.0142,-0.0663,9.8458,0.2463,-0.2141,-0.3614
19460,1060,776,33.873,26.957,-0.0625,-0.0762,9.8469,0.3022,-0.6309,-0.8555
19465,1071,769,33.901,26.929,-0.0477,-0.0007,9.8792,0.3375,-0.6746,-0.6638
19470,1083,769,33.986,27.006,-0.0277,0.0194,9.7489,0.0481,-0.4601,-0.4608
19475,1093,771,33.916,26.928,0.0563,0.0638,9.8597,0.2879,0.3983,0.3796
19480,1101,763,33.958,26.987,0.0309,0.0122,9.8459,0.0972,-0.0132,-1.2247
19485,1108,763,33.876,26.965,-0.0435,-0.0667,9.8593,0.2339,0.1511,-0.6673
19490,1123,769,33.797,26.864,0.0017,0.0106,9.8725,-0.4508,0.2297,-0.1381
19495,1125,763,33.892,26.894,-0.1165,-0.0589,9.7735,0.3698,0.1262,0.0188
19500,1141,757,33.771,26.913,0.0148,0.0791,9.7793,0.8619,0.0123,0.2375
19505,1154,753,33.921,26.89,-0.0273,-0.0105,9.8262,0.3516,0.6506,-0.3042
19510,1161,755,33.888,27.029,-0.0149,-0.0527,9.743,-0.8294,0.2729,0.4854
19515,1159,754,33.81,26.968,0.0692,-0.0443,9.7909,-0.0852,-0.6221,-0.1821
19520,1160,749,33.862,26.872,-0.0009,0.0124,9.7662,0.3277,0.0523,-0.2849
19525,1165,755,33.842,26.851,-0.0567,0.0183,9.7524,-1.404,-0.0071,0.3496
19530,1171,746,33.868,26.923,-0.0345,-0.069,9.7961,0.5212,0.135,-0.5747
19535,1168,750,33.902,26.874,0.0281,0.0108,9.8652,0.1344,-0.5835,-1.1231
19540,1191,747,33.885,27.016,0.0553,-0.0004,9.758,-0.3369,-0.1731,-0.2212
19545,1187,747,33.916,26.991,0.0721,-0.0061,9.8246,-0.3199,-0.6988,0.7149
19550,1182,746,33.872,26.947,0.0351,-0.005,9.765,0.0291,-0.1058,-0.614
19555,1186,747,33.92,27.052,0.0551,-0.0203,9.799,-0.3027,-1.1087,0.1365
19560,1193,749,33.906,26.891,0.04,-0.032,9.7739,-0.3296,-0.4294,-0.2482
19565,1185,749,33.866,26.984,0.0549,-0.0504,9.7878,0.2691,1.3808,0.1447
19570,1187,746,33.91,26.954,0.0212,-0.0256,9.7275,0.1851,0.1592,0.0146
19575,1188,747,33.953,26.993,0.0261,0.0087,9.9077,-0.4828,-0.5406,-0.4516
19580,1185,750,33.847,26.969,-0.0598,-0.0675,9.7704,0.6673,-0.0585,0.308
19585,1176,749,33.842,26.904,-0.0161,-0.0095,9.9014,0.0743,0.0753,-0.8601
19590,1187,756,33.931,26.929,-0.012,0.0065,9.8519,-0.3527,0.25,-0.2481
19595,1180,754,33.845,26.943,0.0479,-0.0061,9.8142,-0.1597,-0.2605,1.0759
19600,1180,754,33.899,26.972,-0.0055,-0.0825,9.765,-0.2408,-0.4735,0.1856
19605,1161,759,33.876,26.89,-0.0434,0.1012,9.7851,-0.2828,-0.2225,-0.1364
19610,1170,758,33.924,26.895,0.0315,0.0157,9.7647,-0.1646,0.08,1.4879
19615,1175,760,33.887,26.925,-0.0251,-0.0769,9.8407,0.361,-0.1921,0.3548
19620,1165,764,33.841,26.903,-0.027,-0.0215,9.8709,0.4978,0.1497,0.5659
19625,1168,765,33.873,26.924,0.0225,0.0636,9.8488,0.172,0.8344,-0.3278
19630,1160,763,33.843,26.943,-0.0024,0.0383,9.8809,0.3079,-0.483,1.2183
19635,1156,771,33.967,26.88,0.0733,0.0124,9.7357,0.0089,0.2742,0.5427
19640,1146,773,33.875,26.914,-0.028,0.0668,9.827,-0.6369,0.085,0.3361
19645,1144,769,33.871,27.022,0.0827,-0.0069,9.8133,-0.0777,0.4037,-0.0154
19650,1149,779,33.92,26.836,0.0201,0.021,9.7689,1.4152,-0.1271,-0.6312
19655,1133,781,33.808,26.952,-0.0501,-0.0177,9.8355,-0.1005,-0.1474,-0.0419
19660,1130,781,33.915,26.985,0.0531,0.0482,9.8244,0.0527,0.5708,-0.4857
19665,1128,789,33.933,26.983,-0.0513,0.0226,9.8055,-0.242,-0.5187,-0.4316
19670,1127,791,33.924,26.902,-0.0809,-0.0581,9.8557,0.3277,-0.6547,-0.7906
19675,1116,792,33.917,26.934,-0.0974,-0.0251,9.8394,0.2709,-0.2865,-0.3352
19680,1115,797,33.914,26.867,0.0008,-0.047,9.8741,0.5976,0.2275,0.6712
19685,1121,800,33.856,26.944,-0.0042,0.0692,9.7458,0.3814,-0.0607,0.2568
19690,1109,801,33.928,26.901,-0.0215,-0.0335,9.8881,0.0474,-0.5605,0.3703
19695,1102,806,33.902,26.989,-0.0818,0.01,9.7938,0.3477,0.231,0.8063
19700,1099,806,33.975,26.854,-0.0144,0.0576,9.8024,-0.531,0.4933,0.0051
19705,1109,809,33.911,26.857,0.0733,-0.0339,9.8364,-0.0397,-0.2669,-1.0969
19710,1100,811,33.922,26.877,-0.0039,-0.0147,9.8242,-1.0659,0.3702,0.0985
19715,1094,811,33.906,27.028,0.0049,-0.0425,9.9191,0.0288,0.5535,0.2072
19720,1095,811,33.957,26.936,-0.0959,0.0034,9.8097,-0.8174,-0.6702,-0.7358
19725,1096,819,33.804,27.004,0.0159,-0.0949,9.7868,0.829,-0.5576,-0.1633
19730,1092,820,33.921,26.954,-0.0108,-0.0549,9.7685,0.2603,0.8716,-0.1915
19735,1077,825,33.868,26.992,0.0359,0.0434,9.754,-0.9434,0.5874,0.0649
19740,1089,822,33.991,26.973,0.0262,-0.0506,9.87,0.4975,-0.4647,0.4249
19745,1086,828,33.982,26.989,-0.0438,-0.0359,9.8067,-0.0038,-0.2426,0.0734
19750,1086,824,33.912,26.962,-0.0454,0.0516,9.9228,-0.3186,-0.2418,0.8161
19755,1081,832,33.858,26.952,-0.0119,0.0071,9.7857,0.069,-0.4943,-0.5505
19760,1085,828,33.798,26.865,-0.042,-0.0165,9.7935,-0.5603,-0.1523,0.2871
19765,1082,834,33.948,26.916,-0.0448,-0.0548,9.7882,-0.0849,-0.662,0.0414
19770,1067,835,33.944,26.934,0.0084,0.0403,9.8436,0.2541,0.1162,0.9874
19775,1067,828,33.903,26.98,-0.0351,-0.027,9.9134,0.4255,0.007,-0.4035
19780,1059,835,33.828,26.936,-0.0582,0.0357,9.8048,0.6208,1.0122,0.0644
19785,1062,838,33.861,26.921,-0.0866,0.0342,9.8002,-0.2307,-0.0884,-0.7468
19790,1050,835,33.903,26.966,-0.015,-0.0472,9.9047,-0.2119,0.1724,0.9944
19795,1049,836,33.87,26.941,0.0077,-0.0096,9.8349,-0.5864,0.4667,-0.6232
19800,1046,840,33.894,26.979,0.0649,-0.0165,9.9413,0.0261,0.5411,-0.0104
19805,1042,837,33.88,27.036,-0.0434,0.0703,9.737,-1.1182,0.8599,-0.7876
19810,1042,840,33.921,26.924,-0.0833,0.0607,9.7797,0.3026,-0.0508,-0.3598
19815,1025,842,33.917,26.945,-0.0252,-0.0563,9.8499,-0.5491,0.2117,0.1759
19820,1022,836,33.916,26.951,0.0053,-0.0463,9.8872,-0.0292,-0.0175,-0.1365
19825,1017,840,33.879,26.997,0.0079,-0.0035,9.8384,0.2129,-0.1514,-0.2366
19830,1000,838,33.871,26.839,-0.0104,0.045,9.8166,0.1559,0.7077,-0.2202
19835,998,837,33.832,26.887,-0.0527,0.1099,9.866,0.8308,0.5602,-0.5498
19840,996,835,33.893,26.936,0.0413,0.0113,9.8437,-0.1509,0.6536,0.0224
19845,977,835,33.874,26.951,-0.0281,-0.0329,9.7866,-0.2264,-0.4158,0.3972
19850,982,837,33.917,26.959,-0.0175,0.0259,9.8248,-0.9071,0.1696,-0.3543
19855,968,833,33.784,26.95,-0.0815,-0.0365,9.8272,-0.3413,0.7773,0.2287
19860,954,834,33.881,26.855,0.0619,0.0152,9.8587,-0.2992,-0.0198,-0.0972
19865,953,831,33.961,26.917,-0.0858,-0.0306,9.8158,0.294,-0.5013,0.3977
19870,937,832,33.853,26.914,-0.0106,0.0414,9.7877,0.2749,-0.0062,-0.3046
19875,917,831,33.881,27.044,-0.0533,-0.0781,9.8669,-0.1654,-0.5073,-0.5712
19880,924,833,33.836,27.015,0.0539,0.032,9.8165,-0.7621,0.2693,0.5491
19885,912,832,33.868,26.859,0.0372,-0.0868,9.7824,0.2808,-0.9603,0.4742
19890,903,827,33.901,26.981,-0.0416,-0.0141,9.818,0.5239,-0.2388,-0.1203
19895,894,826,33.812,26.977,0.0143,-0.0138,9.7587,0.5405,-0.4605,-0.6935
19900,877,828,33.804,26.935,-0.0519,0.0355,9.8323,0.1892,0.1984,-0.8465
19905,880,822,33.952,27.001,-0.0178,0.0581,9.7494,0.0939,0.4662,-0.5057
19910,859,828,33.88,26.908,-0.0236,0.0001,9.775,-0.126,0.1852,-0.3887
19915,854,827,33.912,26.932,0.0461,0.0534,9.8199,0.5978,-0.0946,0.5349
19920,837,827,33.864,26.811,-0.0316,-0.0316,9.811,-0.333,-0.6029,-0.3854
19925,835,828,34.016,26.95,0.0047,0.0147,9.8583,0.2987,-0.2138,0.8344
19930,819,830,33.862,26.946,-0.0656,-0.0414,9.8098,0.2437,0.8237,0.1952
19935,807,821,33.86,26.978,0.0952,0.0333,9.8406,-0.0128,-0.3589,-0.7618
19940,802,824,33.9,27.018,-0.067,0.0124,9.8638,-0.2249,-0.4257,1.1846
19945,794,826,33.865,26.952,-0.0341,-0.0348,9.7841,-0.7175,-0.599,-0.0239
19950,780,821,33.89,26.967,-0.0347,0.0407,9.7691,-0.3163,0.0563,-0.6645
19955,779,823,33.906,26.853,0.029,0.0277,9.8081,0.2116,-0.0293,-0.0304
19960,781,820,33.89,26.938,-0.0817,-0.0097,9.8524,0.1553,0.5655,0.4283
19965,760,821,33.829,26.99,0.0039,0.0162,9.7741,1.0453,0.1788,-0.1144
19970,768,823,33.862,26.996,0.0198,0.0264,9.8258,-1.0506,0.7128,0.1781
19975,766,813,33.931,26.866,-0.1008,-0.062,9.8481,-0.299,-0.1774,0.2872
19980,756,818,33.921,26.923,-0.0288,0.0327,9.8651,0.7715,1.6705,-0.574
19985,753,821,33.836,26.933,-0.0221,0.0587,9.8527,0.0898,0.0518,0.2116
19990,749,815,33.935,26.906,-0.0836,-0.0179,9.7891,0.0331,-0.1174,-0.7174
19995,752,814,33.87,26.959,-0.1036,-0.0212,9.8478,-0.0866,-0.8002,-0.6075
20000,742,817,33.896,26.9,0.0655,0.0458,9.7731,0.7848,0.2787,0.1375
20005,750,817,33.852,26.917,-0.0116,-0.0002,9.7937,-0.88,0.7085,-0.601
20010,753,815,33.935,26.944,0.033,0.0312,9.747,-0.0707,0.4112,0.492
20015,756,811,33.921,26.94,0.0013,0.0301,9.7487,-0.5043,-0.0577,-0.2976
20020,749,814,33.962,26.944,-0.0387,-0.0168,9.8101,0.4914,-0.3452,-0.1341
20025,770,814,33.872,26.896,-0.0707,0.0213,9.7903,-0.5953,0.1499,0.3658
20030,763,817,33.871,26.907,-0.0127,-0.0734,9.789,1.0653,0.1394,-0.6075
20035,767,812,33.885,26.971,0.005,-0.0038,9.8787,0.3866,-0.0838,0.9837
20040,771,809,33.88,26.909,-0.0535,0.1067,9.7476,-0.5279,-0.4871,-0.1404
20045,786,806,33.939,26.924,-0.0324,-0.0095,9.8227,0.9283,0.0722,0.6561
20050,789,803,33.866,26.87,0.0845,0.1425,9.8093,0.1497,-0.2763,-0.224
20055,799,808,33.981,26.908,-0.0198,0.0255,9.8193,-0.0336,-0.269,0.1611
20060,813,810,33.813,26.965,-0.0267,-0.0988,9.8315,0.1595,-0.4564,0.2484
20065,811,801,33.92,26.976,0.0034,0.0164,9.8479,-0.179,-0.9595,0.9712
20070,832,805,33.875,26.962,0.133,0.0012,9.7875,0.3698,-0.2718,0.3709
20075,839,804,33.899,26.917,0.0748,-0.0246,9.8205,0.2145,-0.3279,-0.1968
20080,856,804,33.887,26.975,0.0172,0.0117,9.8874,-0.3127,0.1707,-0.0645
20085,864,800,33.869,26.98,-0.0571,0.065,9.93,-0.3819,0.0847,-0.0674
20090,880,796,33.894,26.955,0.0836,0.0736,9.9185,-0.2158,0.4812,-0.1644
20095,883,797,33.856,26.909,-0.0036,-0.0476,9.8557,0.32,0.2767,0.9086
20100,898,793,33.864,26.929,0.0347,-0.0643,9.8145,-0.0685,0.1003,1.161
20105,914,790,33.829,26.911,0.0074,-0.0669,9.7969,-0.2961,0.3204,-0.4868
20110,926,791,33.852,26.903,0.0742,0.0104,9.751,0.0598,0.0621,-0.3265
20115,937,790,33.858,26.922,-0.0226,-0.0752,9.7389,-0.3177,0.3846,0.166
20120,960,786,33.895,26.903,-0.0082,0.0245,9.7968,0.0755,-0.276,-0.8214
20125,975,782,33.892,26.94,-0.0691,-0.0636,9.7933,0.2921,0.7349,-0.1441
20130,993,782,34.017,26.966,-0.0073,-0.03,9.8868,0.1029,-0.6764,-0.3374
20135,999,783,33.911,26.989,0.0413,0.0134,9.7209,-0.3926,0.2739,0.8591
20140,1012,785,33.778,26.853,-0.0281,0.0303,9.8575,0.3247,0.7753,-0.1713
20145,1028,780,33.971,26.895,0.0022,0.1087,9.824,-0.2409,0.5278,-0.078
20150,1048,773,33.874,27.006,0.0271,0.0772,9.7656,-0.1652,1.1299,0.7647
20155,1064,768,33.924,26.948,-0.0097,0.0021,9.7926,-0.3668,-0.4028,0.0755
20160,1067,773,33.85,26.954,0.038,0.0303,9.798,-0.1079,0.015,-0.0221
20165,1070,773,33.875,26.857,-0.0253,0.0063,9.8115,-1.337,-0.6209,0.4666
20170,1086,769,33.888,26.932,0.0353,0.0086,9.7704,-0.1644,-0.251,0.0069
20175,1096,764,33.858,26.911,0.0508,0.0271,9.7642,-0.3767,0.485,0.066
20180,1119,760,33.89,26.848,-0.0401,-0.0139,9.7385,0.6903,-1.2148,-0.5401
20185,1118,761,33.909,27.004,0.0004,0.0162,9.8421,0.6624,-0.0662,-0.5057
20190,1131,763,33.838,27.053,-0.003,-0.0124,9.8379,0.7559,0.3102,-0.4169
20195,1137,758,33.838,26.867,-0.0351,-0.0087,9.7934,0.0912,0.4904,-0.2179
20200,1157,761,33.857,26.974,0.0076,-0.0453,9.8497,0.9441,0.2492,0.6294
20205,1155,757,33.919,26.839,0.0729,0.0607,9.8249,0.4149,0.1846,-0.1846
20210,1161,753,33.809,26.989,-0.0088,-0.05,9.9074,-0.7809,-0.1287,-0.0185
20215,1162,757,33.849,26.942,0.0369,-0.0566,9.7827,0.8525,-0.5184,1.0052
20220,1167,754,33.941,26.923,0.0476,0.0321,9.7376,-0.0198,0.1708,-0.7831
20225,1180,751,33.864,27.02,-0.0201,-0.0797,9.7947,-0.0294,0.2808,-0.4116
20230,1183,749,33.882,26.979,0.0105,0.0283,9.9114,0.2101,0.147,-0.2494
20235,1184,750,33.825,26.946,-0.0205,-0.0352,9.8165,-0.1044,0.2639,0.7666
20240,1179,749,33.998,26.882,-0.0737,-0.0005,9.8477,-0.3303,-0.8038,-0.0194
20245,1188,744,33.894,26.913,-0.0728,0.0311,9.8255,0.1719,0.3077,0.0954
20250,1188,749,33.832,26.927,-0.0509,-0.0018,9.7666,-0.3849,-0.2206,-1.1428
20255,1197,751,33.874,26.933,-0.002,-0.0595,9.7814,-0.0067,0.3478,0.0974
20260,1182,748,33.928,26.937,-0.017,0.0761,9.7096,0.7143,0.6002,0.1804
20265,1191,757,33.893,26.869,0.026,0.0063,9.8358,0.2845,-0.2592,0.3045
20270,1188,751,33.959,27.041,0.0895,0.0424,9.8167,-0.1749,0.3313,-0.0924
20275,1185,750,33.865,26.894,-0.0257,-0.0055,9.8399,-0.0913,0.3244,0.4162
20280,1185,752,33.858,26.946,0.0244,0.0271,9.8034,0.3975,0.6929,0.1078
20285,1182,756,33.851,26.838,-0.0249,-0.0266,9.7625,-0.1438,0.1755,-0.995
20290,1184,752,33.94,26.939,0.0113,0.0465,9.8186,-0.1317,1.0345,-0.0582
20295,1177,749,33.829,26.913,-0.0562,0.0131,9.7794,0.43,0.2522,0.3419
20300,1185,753,33.957,26.98,0.0641,0.0125,9.7731,-1.0502,0.0445,1.1079
20305,1169,757,33.834,26.981,-0.0517,-0.0257,9.822,1.015,-0.1606,0.7698
20310,1169,763,33.95,27.019,-0.0629,-0.0371,9.8351,-0.8208,-0.1597,1.744
20315,1156,765,33.967,26.93,-0.0214,0.0518,9.8078,0.509,-0.9018,-0.1102
20320,1170,766,33.916,26.903,-0.079,0.0137,9.9185,-0.0023,0.3046,-0.5248
20325,1160,763,33.872,26.957,-0.044,0.0169,9.7935,-0.103,0.5319,-0.2596
20330,1155,770,33.861,26.901,0.0531,-0.0091,9.7886,0.4043,0.8111,-0.2168
20335,1148,766,33.905,27.071,0.0523,-0.0658,9.8373,-0.4097,-0.4757,-1.4407
20340,1149,770,33.895,27.023,-0.1287,-0.05,9.8423,0.286,-0.1665,-0.1234
20345,1144,781,33.855,26.952,-0.0817,0.0158,9.7946,-0.2609,0.5469,-0.5275
20350,1137,777,33.844,26.936,-0.0145,-0.0196,9.7596,0.2892,0.1005,0.0366
20355,1132,785,33.946,26.963,-0.0584,-0.0188,9.877,0.7112,0.3661,-0.4633
20360,1131,784,33.929,26.939,0.0897,-0.0766,9.8543,0.3545,-0.2235,0.8357
20365,1138,788,33.876,26.843,-0.0237,-0.0034,9.7871,-0.3075,0.3431,0.1428
20370,1111,796,33.88,26.983,-0.0525,0.0478,9.7637,-0.7728,-0.2201,0.1216
20375,1120,792,33.949,26.898,0.0295,-0.0495,9.8028,-0.0959,-0.166,0.2513
20380,1114,798,33.842,26.974,-0.0236,0.0938,9.87,0.2693,-0.0665,0.0193
20385,1115,798,33.942,26.929,-0.0373,0.0498,9.8212,1.3504,0.3931,-0.3106
20390,1106,800,33.864,26.874,0.0549,-0.0108,9.8397,0.2909,0.2993,-0.3891
20395,1108,809,33.834,26.955,-0.057,-0.019,9.8504,0.0937,-0.0695,-1.05
20400,1104,810,33.785,26.975,0.066,-0.0224,9.7571,-0.6199,0.7003,0.0462
20405,1098,806,33.94,26.911,-0.0123,0.0141,9.8153,-0.7474,-0.6081,0.6941
20410,1093,811,33.939,26.901,0.0336,-0.0289,9.8467,-0.6068,0.1044,0.6623
20415,1101,817,33.851,27.018,-0.039,-0.0069,9.7693,0.3834,0.2406,0.15
20420,1104,821,33.91,27.009,0.0549,-0.0021,9.805,0.0836,0.1314,0.5425
20425,1096,816,33.887,26.906,-0.0272,0.0462,9.7967,-0.0146,0.5487,0.13
20430,1094,825,33.865,26.994,-0.0646,-0.0564,9.8194,-0.4827,0.1418,1.177
20435,1088,818,33.874,26.9,0.0114,0.0745,9.7807,-0.2479,0.421,-1.0934
20440,1075,826,33.967,26.932,-0.088,-0.0906,9.8068,0.396,0.6415,-0.2148
20445,1076,826,33.897,26.88,0.0325,0.0448,9.7319,0.1249,0.0866,0.7219
20450,1086,830,33.941,26.954,-0.1123,0.0434,9.8665,0.3142,-0.0973,-0.3455
20455,1082,829,33.934,26.958,-0.0393,-0.0451,9.7179,-0.9276,-0.4534,-0.3584
20460,1068,832,33.919,26.932,0.0309,0.0099,9.887,-1.024,0.1546,-0.2719
20465,1078,838,33.886,26.977,0.0077,-0.0064,9.8288,-0.7456,0.1582,0.5389
20470,1059,832,33.78,27.065,-0.0958,-0.0172,9.842,0.6336,0.3021,-0.1213
20475,1063,834,33.995,26.879,0.0073,-0.079,9.9165,-0.1861,-0.045,0.0934
20480,1062,839,33.963,26.893,-0.0065,-0.0376,9.7262,-0.8472,0.9856,0.0269
20485,1063,839,33.969,26.913,-0.0363,-0.09,9.8114,0.4146,0.0927,-0.253
20490,1046,843,33.929,26.951,-0.0043,0.128,9.7265,-0.2674,0.4322,0.3504
20495,1044,841,33.828,26.912,-0.0389,0.0519,9.8175,0.0495,1.1894,-0.7164
20500,1043,841,33.833,26.979,-0.0499,0.0762,9.8258,0.0583,0.3086,0.1247
20505,1036,837,33.885,26.961,0.048,-0.0561,9.8549,-0.457,-0.0741,0.4459
20510,1027,840,33.874,26.933,-0.0079,-0.0027,9.8856,-0.0291,-0.2364,0.5047
20515,1024,832,33.883,26.911,-0.0997,0.0584,9.745,-0.2846,0.1055,-0.9239
20520,1023,836,33.874,26.846,0.0135,0.0167,9.8892,-0.651,0.2016,-0.7899
20525,1006,830,33.906,26.891,-0.0481,-0.0225,9.828,-0.1272,-0.802,-0.365
20530,1000,840,33.876,26.887,-0.0446,0.0264,9.8286,-0.2772,0.6237,0.6128
20535,983,836,33.92,26.995,-0.007,-0.0321,9.7791,-0.3182,0.0681,-0.0036
20540,988,837,33.908,26.964,0.0227,0.0403,9.8932,0.4282,1.0686,-1.2249
20545,967,838,33.909,27.036,0.0146,0.0449,9.8429,0.7323,-0.5957,0.0675
20550,967,835,33.863,26.838,-0.0439,0.0308,9.8024,-0.131,-0.2309,0.3577
20555,960,832,34.008,26.901,-0.0197,-0.0884,9.7773,0.5263,-0.5618,-0.0361
20560,943,833,33.805,26.868,-0.0378,-0.0756,9.7775,0.255,-1.2907,0.2297
20565,939,834,33.938,26.918,-0.0423,0.0354,9.7222,0.2151,-0.8685,1.3546
20570,931,832,33.871,26.973,0.0075,-0.0058,9.8323,0.4604,-0.2129,0.3205
20575,914,827,33.874,26.982,0.0427,-0.0439,9.7872,-0.1774,-0.4698,0.1675
20580,902,831,33.898,26.889,0.0112,0.1049,9.8036,-0.0571,-0.9328,0.4038
20585,896,828,33.916,26.914,0.0581,-0.0821,9.799,0.3278,0.3074,-0.1448
20590,882,834,33.888,26.924,-0.0193,0.0244,9.8411,0.113,-0.8536,0.7834
20595,879,825,33.853,26.928,0.0239,-0.0184,9.8267,0.0006,-1.0537,0.8624
20600,864,823,33.943,26.978,-0.0099,-0.0854,9.8441,-0.1466,0.0313,1.2075
20605,854,820,33.89,27.0,0.0158,0.006,9.7176,0.3501,-0.4456,0.5612
20610,846,825,33.968,27.013,0.0307,-0.033,9.7483,0.9548,-0.3152,0.2729
20615,841,824,33.913,26.971,0.0867,0.0312,9.9091,-0.0807,-0.0677,-0.4968
20620,831,826,33.878,26.947,-0.0291,-0.0557,9.7729,0.1532,0.4836,0.7226
20625,821,823,33.881,26.895,0.0184,0.0473,9.7895,-0.1171,0.018,0.0098
20630,808,827,33.935,26.96,0.0391,-0.028,9.8927,0.2223,-0.8405,0.4242
20635,798,820,33.852,26.962,0.0958,-0.005,9.8821,-0.3465,-0.4541,0.7948
20640,792,824,33.833,27.005,-0.0386,-0.0692,9.8243,0.4492,0.4476,0.1041
20645,793,825,33.817,26.921,-0.0206,0.0598,9.8259,-0.6786,0.7261,0.5891
20650,780,819,33.907,26.94,-0.0074,-0.0251,9.7806,-0.7939,-0.2498,0.2804
20655,777,816,33.875,26.862,-0.0455,-0.0624,9.8129,-0.1921,-0.2172,-0.4869
20660,771,819,33.894,27.019,-0.0882,-0.0015,9.8527,0.0217,-0.719,0.1464
20665,772,820,33.784,26.954,-0.0661,-0.0343,9.8595,0.6874,-0.4718,-0.0051
20670,756,819,33.945,26.934,0.0614,-0.0322,9.7496,-0.1494,0.3343,-0.0883
20675,755,820,33.88,26.942,0.0883,0.0467,9.7533,-0.5626,0.8139,-0.2621
20680,747,819,33.927,26.868,0.0027,-0.0754,9.8656,-0.5464,0.7754,0.8577
20685,756,817,33.805,27.001,-0.0269,0.0374,9.7966,0.4666,1.1206,-0.0455
20690,750,815,33.902,26.947,-0.0437,-0.0554,9.8591,-0.3422,0.2767,0.1847
20695,753,815,33.847,26.984,0.0095,0.0358,9.8693,0.5037,-0.0829,1.303
20700,753,810,33.888,26.847,0.0884,0.0093,9.8422,0.4067,-0.245,0.0627
20705,755,812,33.862,26.939,0.095,-0.0064,9.9431,0.0182,-0.7814,0.2136
20710,759,818,33.873,26.878,-0.0745,0.0481,9.8616,-0.8682,0.1001,0.3911
20715,756,811,33.763,26.867,0.0676,-0.0481,9.7233,-1.1166,0.1597,0.3286
20720,754,812,33.932,26.998,-0.0081,0.0409,9.8229,0.2126,0.5324,0.4008
20725,770,812,33.841,26.914,-0.0848,0.0293,9.8259,-0.4133,0.7389,1.0192
20730,765,815,33.844,26.909,-0.012,0.0839,9.7399,-0.7992,0.4792,-0.2742
20735,785,809,33.846,26.952,0.0649,-0.0115,9.8218,0.0015,-0.5398,0.9271
20740,786,809,33.898,27.013,-0.0388,-0.0486,9.9595,0.2608,0.2328,-0.1272
20745,790,802,33.904,27.027,-0.0118,-0.0018,9.7678,0.3137,0.2399,0.5611
20750,803,804,33.807,26.884,-0.0051,-0.0352,9.7222,0.0736,-0.229,-0.1316
20755,815,803,33.738,26.927,-0.0589,0.0112,9.8852,0.098,0.2778,0.2052
20760,814,808,33.912,26.879,-0.0129,0.0559,9.7858,0.4007,0.2019,1.011
20765,829,808,33.895,26.912,0.0432,0.0437,9.7898,0.9159,0.058,0.21
20770,850,798,33.848,26.995,-0.0946,-0.0828,9.8371,-0.4464,0.0758,-0.4471
20775,860,803,33.955,27.036,-0.0235,0.0561,9.6916,-1.054,-0.5059,-0.3459
20780,860,798,33.954,26.887,-0.0248,-0.0664,9.7396,-0.291,-0.0952,-0.3009
20785,881,798,33.888,26.996,0.056,-0.0969,9.7546,0.2972,-0.4254,0.1011
20790,891,794,33.883,26.915,0.0082,-0.0354,9.8085,0.3036,-0.6702,-0.2934
20795,896,801,33.84,26.946,0.0213,-0.035,9.8155,-0.55,-1.1373,0.1558
20800,923,788,33.867,26.912,0.0149,-0.0024,9.7931,0.089,-0.6346,0.022
20805,928,789,33.924,26.931,0.0597,0.0344,9.8472,-0.2495,0.8063,0.2752
20810,948,788,33.993,26.965,0.0175,0.0618,9.8537,0.5743,0.8438,-0.0614
20815,965,786,33.903,26.992,0.0154,0.0536,9.8481,-0.3564,0.5351,-0.383
20820,974,785,33.903,26.882,0.0275,-0.0227,9.8018,-0.5552,0.3874,-0.3461
20825,979,786,33.881,26.981,-0.0102,0.016,9.8311,-1.0014,0.5112,0.2606
20830,1004,780,33.874,26.834,-0.0,0.049,9.9357,-0.0565,0.0623,-0.4164
20835,1023,772,33.923,26.98,-0.0339,-0.0239,9.8209,0.2321,-0.3806,0.9533
20840,1032,779,33.913,26.894,-0.0231,0.0084,9.6886,-0.8528,0.1494,-0.0604
20845,1036,777,33.913,27.004,-0.0084,0.0301,9.7674,0.5716,-0.1445,0.3765
20850,1062,772,33.878,26.936,0.0145,0.02,9.8243,0.0414,-0.1416,0.7853
20855,1070,770,33.854,27.014,-0.125,0.0498,9.8119,0.6645,-0.3138,0.0594
20860,1079,769,33.938,26.932,-0.0987,0.1075,9.888,-1.0982,0.122,-0.0911
20865,1090,761,33.919,26.944,-0.0912,-0.0398,9.7685,-0.4739,0.1318,0.2957
20870,1107,768,33.944,26.942,-0.01,-0.045,9.8087,-0.0037,0.4205,0.9745
20875,1113,763,33.829,26.885,0.0458,-0.0799,9.733,0.3234,-0.5193,0.2556
20880,1122,757,33.879,26.873,-0.004,0.059,9.8456,0.4474,-0.4859,-0.2216
20885,1125,760,33.826,26.815,-0.1012,-0.0249,9.7309,-0.3599,-0.1126,0.9811
20890,1145,752,33.856,26.86,0.0176,0.0221,9.6763,1.01,0.2525,-0.0789
20895,1148,756,33.835,26.946,-0.1392,0.0434,9.8865,-0.2084,-0.7237,-0.1591
20900,1155,759,33.942,26.969,-0.062,0.0221,9.8598,0.1614,-0.8321,0.1172
20905,1161,754,33.912,26.848,-0.1013,-0.0445,9.7252,-0.7921,0.095,0.0734
20910,1171,756,33.866,26.957,0.0137,0.0139,9.7809,-0.0518,0.5035,0.1844
20915,1167,754,33.892,26.933,-0.0915,0.0473,9.817,-0.4602,-0.0702,0.3706
20920,1179,748,33.909,26.923,-0.0841,0.0368,9.7942,-0.6577,-0.4537,1.2435
20925,1178,753,33.839,26.908,0.0949,0.0568,9.8024,-0.275,0.1054,0.411
20930,1179,747,33.895,26.854,-0.0606,0.0206,9.8709,0.2671,0.8295,0.8052
20935,1186,744,33.901,26.909,-0.0457,0.0162,9.7617,-0.057,-0.1303,-0.9481
20940,1191,743,33.929,26.967,-0.0116,-0.0568,9.7927,0.6903,0.9695,-0.1822
20945,1186,751,33.909,26.948,-0.006,0.0645,9.7611,0.1384,0.6149,-0.0672
20950,1177,751,33.862,26.924,-0.0061,-0.022,9.9741,-0.13,0.3442,0.2972
20955,1189,745,33.82,26.942,0.1102,0.0377,9.8598,0.6382,-0.2075,0.5976
20960,1181,750,33.874,26.858,0.0811,0.065,9.8306,-1.014,0.1815,-0.529
20965,1193,749,33.883,26.857,-0.0343,0.0453,9.8224,-0.7173,0.0998,0.4731
20970,1186,751,33.915,26.996,0.0006,-0.0397,9.7875,0.2524,-0.422,0.1576
20975,1176,755,33.934,26.911,0.0001,0.0427,9.8911,0.0932,0.0964,-0.6204
20980,1178,753,33.855,26.94,0.0766,-0.03,9.821,0.7107,-0.3574,0.2637
20985,1183,751,33.925,26.941,0.0407,-0.0611,9.8226,0.372,-0.4404,-0.632
20990,1176,756,33.888,26.94,0.042,0.0492,9.725,0.4693,-0.0653,0.0695
20995,1171,759,33.952,26.978,0.037,-0.0167,9.8079,-0.144,-0.0459,-0.8827
21000,1176,761,33.918,26.868,0.0144,0.0059,9.6984,0.0329,-0.4663,0.9803
21005,1174,758,33.926,26.959,0.0495,0.0113,9.7685,-0.3799,-0.1534,0.1616
21010,1173,766,33.761,26.98,-0.0928,0.0299,9.7052,-0.3034,0.5532,-1.367
21015,1159,767,33.876,26.902,-0.1091,-0.0144,9.775,0.2758,-0.4025,0.1449
21020,1149,771,33.813,26.921,-0.0448,-0.0105,9.8066,-0.1982,-0.5368,0.9883
21025,1149,765,33.976,26.867,-0.0442,-0.0384,9.7863,-0.0221,-0.4502,0.1045
21030,1152,768,33.888,26.902,-0.0917,-0.0013,9.7962,-0.2258,0.0957,-0.3559
21035,1141,776,33.814,26.913,-0.0527,-0.0565,9.8847,-0.1188,0.3697,-0.2063
21040,1139,777,33.936,26.88,-0.0207,-0.017,9.9143,-0.7254,0.161,1.1732
21045,1134,781,33.897,26.908,-0.0703,-0.0341,9.6923,-0.5303,0.5166,-0.0838
21050,1133,779,33.861,26.912,-0.0305,-0.0124,9.7818,-0.2473,-0.2887,0.1894
21055,1132,779,33.881,26.931,-0.006,0.077,9.8085,0.0757,0.4986,-0.1705
21060,1125,790,33.846,27.03,0.0162,-0.08,9.7835,0.2062,0.1416,-0.2197
21065,1120,795,33.774,26.988,0.071,-0.0694,9.6782,-0.5495,-0.5676,-0.2113
21070,1122,794,33.907,26.977,-0.0755,-0.1145,9.8981,0.561,0.3549,0.4615
21075,1107,791,33.88,26.915,0.0777,-0.0462,9.8835,-0.295,-0.0475,0.0582
21080,1114,798,33.915,26.862,0.0762,0.0446,9.8486,0.1369,1.1999,0.6698
21085,1100,804,33.86,26.951,-0.0388,-0.0245,9.7391,-0.3401,0.8956,0.3566
21090,1102,804,33.776,27.012,-0.0086,0.0714,9.8009,0.4724,0.45,-0.5069
21095,1101,809,33.92,26.905,0.0555,0.0161,9.8128,0.3113,0.1913,1.0837
21100,1099,806,33.84,26.875,0.1009,-0.0436,9.7946,-0.1093,0.6849,0.1491
21105,1091,818,33.86,26.933,-0.0306,0.0216,9.7815,-0.0168,0.3029,0.2506
21110,1093,816,33.865,26.954,-0.0354,0.0006,9.8045,0.2816,0.1533,-0.0699
21115,1101,817,33.907,26.973,0.0351,-0.0519,9.8999,0.2842,-0.2971,-0.158
21120,1087,830,33.898,26.985,0.002,0.0177,9.8141,-1.0586,0.6829,0.481
21125,1083,821,33.851,26.955,0.0417,0.0224,9.8281,-0.1918,-0.2957,-0.6342
21130,1092,827,33.912,26.892,-0.033,0.0226,9.8359,0.4831,0.117,0.0174
21135,1073,827,33.898,26.974,-0.0885,-0.0832,9.8363,-0.1599,0.0935,0.2603
21140,1082,829,33.901,26.943,0.0799,-0.027,9.8197,-0.1562,0.2163,0.3328
21145,1082,829,33.924,26.895,-0.0002,-0.0196,9.8352,0.6546,-0.3445,-0.0301
21150,1074,831,33.847,27.047,0.0496,-0.0033,9.8368,1.0083,-0.155,0.3945
21155,1073,829,33.847,26.903,-0.0746,-0.1072,9.889,0.4066,-0.8374,0.1939
21160,1064,834,33.914,26.827,0.0446,0.0133,9.7523,-0.231,-0.2094,-0.2428
21165,1063,831,33.903,26.97,-0.0018,-0.0994,9.8166,0.4876,0.2687,1.0943
21170,1058,835,33.822,26.91,0.0449,-0.0109,9.7546,-0.2452,0.1381,0.852
21175,1057,833,33.878,26.921,-0.0601,-0.0258,9.8071,0.2722,0.1207,0.05
21180,1058,841,33.916,26.988,-0.0008,-0.0056,9.7629,-0.2994,-0.5458,-0.3297
21185,1052,840,33.903,26.92,0.0528,-0.0134,9.7909,0.5473,-1.0667,-0.3932
21190,1042,840,33.929,26.881,0.0541,0.0866,9.7584,0.6727,0.8304,0.5869
21195,1037,838,33.889,26.911,-0.021,-0.0065,9.7803,-0.2325,-0.7066,0.078
21200,1024,839,33.906,26.897,0.0032,-0.0022,9.7546,0.0905,-0.2081,0.1288
21205,1021,841,33.858,26.898,-0.0084,0.0716,9.8084,0.1622,0.7898,-0.3318
21210,1023,840,33.874,26.901,-0.006,0.109,9.8926,-0.5953,0.3495,-0.323
21215,1011,836,33.783,26.996,0.0184,0.0644,9.8868,0.8151,0.3535,-0.2679
21220,1005,836,33.935,26.964,-0.1265,-0.0189,9.8258,0.531,-0.2187,-0.008
21225,991,834,33.963,26.876,0.0005,-0.0463,9.876,0.5216,0.2702,-0.6592
21230,999,837,33.849,26.9,0.0703,0.003,9.7957,-0.0535,-0.5097,-0.3489
21235,984,841,33.874,26.964,-0.0543,0.1043,9.8524,0.435,-0.5019,-0.1221
21240,982,834,33.836,26.938,0.0767,-0.0179,9.8221,0.1029,0.1836,-0.2851
21245,961,836,33.887,26.993,-0.039,-0.0205,9.8243,-0.4881,-0.0021,0.806
21250,952,833,33.862,26.977,0.0102,-0.0154,9.8806,-1.0866,-0.508,0.5027
21255,958,835,33.866,26.905,0.03,-0.0044,9.8406,0.3628,0.0678,-0.1889
21260,933,833,33.809,26.942,-0.0056,0.0067,9.8271,-0.1111,0.4752,0.1407
21265,927,833,33.775,26.844,-0.0191,-0.0426,9.816,-0.4739,0.1503,0.5809
21270,906,835,33.89,26.92,0.0257,-0.0629,9.7739,0.1157,-0.0248,0.0869
21275,916,833,33.907,26.918,-0.0478,0.0556,9.9044,-0.165,0.5373,-0.3257
21280,889,828,33.952,26.911,-0.0004,0.0226,9.8395,-0.3492,0.3645,0.2605
21285,889,826,33.888,26.952,0.0154,0.0273,9.8751,-0.0051,-0.9361,-0.9248
21290,883,829,33.891,26.97,-0.0143,0.0058,9.7683,-0.3676,-0.0679,0.3676
21295,870,825,33.877,26.967,-0.0287,-0.0002,9.8141,-0.2887,0.3601,-0.7151
21300,860,827,33.826,26.946,-0.0392,-0.0364,9.7929,-0.4208,-0.1896,0.3563
21305,851,831,33.884,26.892,-0.0306,-0.0095,9.8046,0.3098,-0.1249,-1.0385
21310,834,822,33.868,26.985,-0.1523,-0.0241,9.7487,0.2642,-0.7768,0.0576
21315,832,827,33.886,26.873,0.0195,0.0714,9.7827,-0.3647,0.1589,-0.2741
21320,819,826,33.906,26.975,-0.0784,-0.0229,9.7779,0.0905,-0.0511,-0.2818
21325,807,828,33.954,26.864,0.0038,-0.035,9.7992,-0.7953,-0.5323,-0.3703
21330,804,821,33.948,26.959,0.0668,-0.0571,9.8616,0.9667,-0.7355,0.9003
21335,789,826,33.871,26.987,0.0477,-0.0611,9.8269,-0.3058,0.9125,0.5473
21340,776,822,33.914,26.926,-0.0387,-0.0202,9.9017,-0.934,0.414,-0.6238
21345,777,815,33.947,26.841,-0.034,-0.0315,9.7048,-0.1703,-0.421,0.1871
21350,779,818,33.884,26.882,0.0852,0.0424,9.901,-0.041,0.1368,-1.0177
21355,767,816,33.923,26.962,-0.0016,0.0837,9.8031,-0.1808,-0.8551,-0.1585
21360,761,822,33.846,26.922,-0.0576,-0.0312,9.7925,0.57,0.3083,0.6468
21365,756,819,33.958,26.916,0.0743,0.077,9.8132,0.9954,-0.4305,-1.046
21370,754,816,33.836,26.912,0.1406,-0.0176,9.883,0.2808,0.0858,0.0701
21375,746,815,33.865,26.961,0.033,0.07,9.8227,-0.1,-0.2382,-0.1513
21380,755,813,33.817,27.028,0.0109,-0.0273,9.8145,0.1005,0.0393,-0.603
21385,751,820,33.815,26.934,0.0631,-0.0694,9.8587,-0.6632,-0.3619,0.0881
21390,744,810,33.805,26.933,0.0587,-0.0385,9.8123,-0.1834,-0.7589,0.5165
21395,749,819,33.842,26.91,0.0594,-0.0741,9.7631,0.0139,-0.6182,-0.2341
21400,751,819,33.916,26.888,-0.0067,0.0204,9.7258,-0.3508,-0.8081,0.1153
21405,747,812,33.971,26.932,-0.0286,0.0594,9.7982,-0.1355,-0.5859,-0.2768
21410,747,811,33.802,26.889,0.0734,0.0167,9.7562,-0.6673,-0.6141,0.3737
21415,757,804,33.923,26.918,0.0226,0.0532,9.8595,-0.0226,0.0036,-0.2295
21420,756,816,33.871,27.004,-0.0577,-0.039,9.8571,-0.1097,0.3002,-0.0476
21425,765,814,33.846,26.826,0.0573,0.099,9.8478,0.0836,0.0603,-0.1292
21430,780,813,33.886,26.864,0.0593,0.0412,9.7523,-0.341,-0.2229,-0.6721
21435,782,806,33.912,26.942,0.0168,0.0722,9.8828,0.2556,0.0422,0.1394
21440,783,814,33.955,26.904,0.0159,-0.0143,9.9029,0.4987,0.6006,0.1289
21445,803,809,33.999,26.934,-0.0644,-0.0499,9.8036,0.1287,0.1488,0.2116
21450,811,803,33.921,26.956,0.0322,0.0154,9.8749,-0.5537,0.604,0.5241
21455,822,805,33.9,26.863,0.0439,0.0815,9.8158,-0.1958,-0.1974,-0.7463
21460,826,802,33.933,26.836,-0.0422,-0.0564,9.7802,-0.8899,0.72,0.8325
21465,837,803,33.901,27.002,-0.0529,-0.0111,9.8284,0.2217,0.4199,-0.2576
21470,862,799,33.901,26.952,-0.0079,-0.023,9.7622,0.2338,1.0747,-1.0002
21475,866,804,33.836,26.981,-0.0548,-0.1448,9.8202,0.0885,-0.6425,-0.4021
21480,890,794,33.993,26.95,0.1003,0.0396,9.7422,-0.3211,-1.2008,1.0341
21485,891,798,33.838,26.902,-0.081,-0.0446,9.7836,0.1415,0.032,0.5831
21490,900,794,33.839,26.855,0.0152,0.0344,9.7393,-0.1679,0.6274,1.2279
21495,925,797,33.869,26.951,-0.0327,0.0065,9.8016,-0.0121,-0.2025,-0.7233
21500,930,793,33.913,26.924,-0.0096,0.0545,9.7368,-0.0552,-0.1182,0.5624
21505,954,790,33.863,27.099,-0.0324,-0.0427,9.8355,-0.5515,-0.5823,-0.1304
21510,960,781,33.86,26.955,-0.0308,0.052,9.7038,0.6067,-0.2908,-0.1105
21515,976,788,33.794,26.861,-0.0452,-0.0196,9.8376,-0.536,-0.2755,0.2888
21520,995,779,33.893,26.991,0.0391,0.0438,9.8332,0.1261,0.3329,-0.4475
21525,1010,777,33.877,26.944,0.0782,-0.0106,9.7947,0.8247,0.1715,0.2352
21530,1012,777,33.871,26.845,-0.0376,-0.0719,9.816,-0.3763,0.1191,-0.1154
21535,1031,775,33.925,26.998,-0.0423,0.0235,9.8489,-0.4081,-0.0218,-0.0925
21540,1053,773,33.917,26.894,-0.0686,0.008,9.6853,0.2179,0.1935,0.894
21545,1046,769,33.909,26.947,-0.0976,-0.0517,9.8009,0.2116,0.1387,0.381
21550,1075,764,33.901,26.941,0.0725,0.0899,9.7935,0.1452,-0.2557,0.2802
21555,1083,769,33.795,26.864,0.0922,0.0406,9.8232,0.3632,0.8738,-0.3571
21560,1081,767,33.935,27.016,0.0614,-0.0435,9.8112,0.1716,1.4677,-0.3054
21565,1109,764,33.903,26.842,0.0997,-0.0111,9.8505,-0.2705,0.2957,-0.265
21570,1107,756,33.936,26.886,-0.0077,-0.014,9.8361,0.394,0.4911,-0.2851
21575,1123,756,33.82,26.955,-0.1224,-0.0354,9.8756,0.3843,0.0891,0.1059
21580,1139,761,33.852,26.91,-0.0355,0.0497,9.7553,-0.3814,0.17,-0.2906
21585,1150,757,33.939,26.928,0.0346,-0.0053,9.8621,0.0553,-0.7445,-0.0735
21590,1144,752,33.839,26.901,0.0018,0.0215,9.7995,0.5969,-0.177,-0.3615
21595,1148,750,33.883,26.922,0.0033,-0.002,9.8677,0.3982,-0.1497,-0.3909
21600,1160,757,33.839,26.895,-0.0049,-0.0793,9.8257,-0.0348,0.5171,-0.031
21605,1177,753,33.955,26.975,-0.0447,0.124,9.7623,-0.1299,0.0774,0.1545
21610,1174,757,33.916,26.923,-0.023,0.0483,9.7401,-0.9137,-0.3717,0.6808
21615,1179,749,33.909,26.984,-0.0572,-0.0195,9.7914,0.575,0.2475,-0.1315
21620,1185,750,33.85,26.871,-0.0353,0.0597,9.7831,0.2108,0.1775,0.1822
21625,1188,745,33.955,26.943,0.0124,-0.0239,9.8058,0.6636,-0.2221,-0.3058
21630,1191,747,33.89,26.911,0.0373,-0.0373,9.8587,0.4547,-0.3999,-0.0093
21635,1181,751,33.863,26.884,-0.0799,0.0076,9.7781,0.4951,-0.2318,-0.3003
21640,1185,753,33.876,26.895,0.0007,-0.1165,9.7924,-0.5868,-0.8756,0.2816
21645,1184,748,33.951,26.987,-0.0027,-0.0283,9.7977,-0.1451,0.3053,0.7218
21650,1187,751,34.007,26.974,-0.0543,0.0087,9.7422,0.7569,-0.2967,0.0462
21655,1185,751,33.934,26.893,-0.0035,0.0128,9.8732,-0.854,0.0446,1.3665
21660,1183,750,33.819,26.903,0.0653,-0.0295,9.7906,0.9172,0.1341,1.4657
21665,1184,753,33.847,26.925,-0.0153,-0.0173,9.8037,-0.1959,0.0126,-0.3651
21670,1179,743,33.919,26.898,-0.0417,-0.0184,9.8242,0.3398,0.0139,0.4759
21675,1187,751,33.844,26.911,0.0841,-0.0098,9.8482,0.1993,0.4376,0.1661
21680,1179,753,33.804,27.025,-0.0009,0.0865,9.8322,0.5067,-0.2167,0.3564
21685,1175,762,33.902,26.932,0.0393,0.037,9.8961,-0.5094,0.2685,0.3883
21690,1177,758,33.922,26.893,-0.0186,0.1096,9.7981,-0.0116,-0.063,0.2661
21695,1174,757,33.826,26.927,-0.0702,-0.0507,9.8254,0.7988,0.4237,0.5646
21700,1165,762,33.956,26.935,-0.0302,0.0871,9.8511,0.0216,0.3608,0.9935
21705,1160,761,33.733,26.942,0.008,-0.0858,9.8232,-0.5481,0.0379,-0.4873
21710,1155,767,33.843,26.963,-0.0627,-0.0552,9.8589,0.4083,0.2991,-0.116
21715,1161,772,33.808,27.055,-0.0083,-0.0328,9.7503,0.3723,-0.2997,-1.0995
21720,1157,767,33.84,26.972,-0.0299,-0.0373,9.802,0.2622,0.4916,0.1256
21725,1143,777,33.917,26.923,-0.0006,-0.0322,9.8637,-0.0758,-0.3268,-0.5838
21730,1149,777,33.903,26.908,0.0165,-0.0845,9.9027,0.3508,-0.3118,0.7466
21735,1145,779,33.854,26.963,0.0055,-0.0373,9.8135,0.554,0.4929,0.0184
21740,1145,784,33.847,26.991,-0.0253,0.0288,9.833,0.2736,-0.13,0.5974
21745,1131,783,33.896,26.927,-0.0531,-0.0298,9.8312,-0.9444,-1.2587,-0.3583
21750,1126,790,33.887,26.93,-0.0405,-0.0165,9.8964,0.538,-0.5665,-0.3639
21755,1115,789,33.877,26.883,0.0145,-0.0044,9.7846,0.3378,-0.2186,0.5004
21760,1126,789,33.889,26.966,-0.0273,-0.0079,9.8949,0.5506,-0.0589,-0.6347
21765,1117,796,33.914,26.904,-0.0242,-0.0694,9.8268,0.2808,0.3316,-0.7094
21770,1118,800,33.947,26.853,-0.0764,-0.0083,9.7862,-0.0456,0.359,-0.1433
21775,1113,793,33.866,26.978,-0.0934,0.0112,9.7648,0.0814,1.0325,0.7485
21780,1110,807,33.939,26.931,0.0276,-0.0547,9.8895,-0.2595,-0.5057,-0.5878
21785,1106,807,33.848,26.835,0.032,0.0002,9.7699,0.0415,-0.0539,1.137
21790,1107,805,33.928,26.916,0.0294,0.0759,9.8378,-0.3591,-0.7243,0.7056
21795,1094,811,33.883,26.986,-0.0075,0.0154,9.8576,-0.174,0.2105,-0.5173
21800,1101,816,33.812,26.859,-0.0086,0.0003,9.7889,-0.6385,0.1853,-0.0332
21805,1100,816,33.789,26.96,-0.0583,0.0718,9.8699,-0.0276,0.0049,-0.0708
21810,1092,825,33.865,26.964,-0.0244,0.07,9.804,-0.3211,-0.9311,0.4837
21815,1094,822,33.814,26.915,0.0357,0.0389,9.7968,-0.5766,0.6101,0.6213
21820,1090,825,33.998,26.874,-0.0624,-0.0928,9.7632,0.4581,0.0144,-0.2947
21825,1089,821,33.903,26.969,0.0435,-0.0847,9.827,-0.9617,0.076,-0.7048
21830,1084,826,33.866,26.916,0.0028,0.0535,9.7954,0.0928,-0.3869,0.402
21835,1071,830,33.885,26.831,-0.0385,-0.0723,9.8384,0.0177,-0.4553,-0.7065
21840,1073,834,33.884,27.043,-0.0677,-0.0561,9.9022,-0.0493,0.3012,0.1707
21845,1077,828,33.898,26.925,-0.0081,0.0194,9.7916,0.6279,0.5023,0.0762
21850,1070,829,33.934,26.948,-0.0099,-0.0514,9.8672,0.7525,-0.6008,-0.0332
21855,1068,836,33.921,26.897,-0.001,0.0221,9.7751,-0.3109,0.462,0.1287
21860,1065,833,33.931,26.964,0.0187,-0.0855,9.7766,-0.1155,-0.3366,-0.0441
21865,1074,835,33.926,26.946,0.0499,-0.0739,9.9034,-0.391,-0.2299,0.4738
21870,1054,838,33.834,26.924,-0.0138,-0.0473,9.7644,0.1659,-0.1597,0.4896
21875,1069,843,33.862,26.991,0.007,-0.1238,9.8039,0.2283,-0.569,-0.2603
21880,1055,835,33.857,26.936,-0.0274,-0.0105,9.7633,-0.3706,0.8346,-0.2177
21885,1046,835,33.802,26.934,-0.0525,0.0812,9.7937,0.5356,-0.148,0.2091
21890,1035,838,33.918,26.939,0.0211,-0.0202,9.809,0.5125,-0.2798,-0.0869
21895,1029,838,33.838,26.974,0.0004,0.0509,9.8985,-0.3078,1.207,0.1572
21900,1023,836,33.865,26.929,-0.0329,-0.0383,9.756,-0.1644,-0.0805,1.1397
21905,1015,840,33.82,26.908,-0.0065,0.0116,9.7182,-0.1078,-0.1335,0.5262
21910,1012,834,33.921,26.96,-0.0215,0.0123,9.7578,1.0874,0.3598,-0.1748
21915,1009,835,33.911,26.941,-0.0256,-0.0316,9.7548,0.4147,0.3268,0.2821
21920,996,836,33.876,26.928,0.0494,-0.0142,9.7532,0.2954,1.0097,-0.1347
21925,993,838,33.9,26.992,-0.0576,-0.0858,9.7907,0.1425,-0.023,-0.0041
21930,992,834,33.894,26.946,0.0389,-0.0159,9.8903,-0.0262,0.5902,0.2118
21935,972,831,33.918,26.843,-0.0164,-0.0316,9.7493,-1.1975,0.0121,0.0716
21940,956,833,33.937,26.934,0.011,-0.038,9.8551,-0.2036,-0.0481,-0.1624
21945,948,830,33.912,26.898,-0.0454,0.0542,9.8458,0.1942,0.0679,-0.0402
21950,950,838,33.97,26.952,0.0244,-0.0767,9.8095,0.7377,0.3581,0.4027
21955,940,829,33.814,26.988,0.0164,-0.0805,9.8334,-0.5452,0.2687,-0.4467
21960,932,823,33.967,26.838,0.0528,-0.0191,9.762,0.2796,0.3976,-0.3091
21965,920,834,33.885,26.952,-0.018,-0.0272,9.796,0.0021,0.1953,-0.1549
21970,907,834,33.87,26.911,0.0663,0.0586,9.8248,-0.2694,-0.0275,0.3918
21975,898,824,33.81,26.906,-0.0443,0.0044,9.7398,1.6114,0.1739,1.1789
21980,889,828,33.856,26.915,0.0416,-0.0725,9.786,-0.0619,0.7951,-0.6739
21985,874,830,33.865,26.928,-0.0579,-0.021,9.8058,0.6351,0.1822,-0.2401
21990,872,825,33.822,26.789,0.089,0.0677,9.8487,-0.2417,-0.4155,-0.19
21995,864,826,33.863,26.93,0.0144,-0.0489,9.866,0.1842,-0.9468,0.2671
22000,842,830,33.917,26.913,-0.0355,-0.0463,9.7817,1.2881,0.1788,1.0688
22005,845,825,33.858,26.877,-0.0014,0.0495,9.7995,0.9972,1.0682,0.1005
22010,830,829,33.849,26.839,-0.0345,-0.0147,9.843,-0.5595,-0.2706,-0.4695
22015,807,826,33.884,26.875,0.0468,-0.0419,9.873,-0.3678,0.0553,-0.4008
22020,807,823,33.846,26.965,0.0329,-0.1272,9.7447,0.5674,0.4881,-1.1546
22025,805,820,33.876,26.922,0.0266,0.0593,9.8023,-0.913,-0.3679,-0.9724
22030,795,823,33.984,26.918,0.0485,0.1273,9.7327,-0.3306,0.7151,0.6499
22035,788,819,33.889,26.889,0.0074,-0.0274,9.8028,-0.7938,-0.4354,1.1786
22040,786,818,33.869,26.957,-0.134,-0.0202,9.7936,0.0253,-0.1836,-0.2425
22045,775,820,33.905,26.888,0.0903,-0.0623,9.792,0.4801,0.2625,-0.057
22050,766,818,33.926,27.003,0.0774,0.0243,9.7723,0.1337,-0.2272,-0.635
22055,761,817,33.881,26.854,0.0702,0.0429,9.8289,-0.9293,-0.1611,0.2059
22060,758,818,33.831,26.863,-0.0194,0.0046,9.6744,0.5153,0.073,-0.5954
22065,751,824,33.819,26.915,0.0514,-0.0265,9.8367,0.3983,0.3759,-0.6328
22070,752,819,33.956,26.888,0.0889,0.0322,9.8628,-0.2868,-0.8174,0.0943
22075,752,816,33.957,26.922,-0.0075,0.0182,9.873,-1.064,-0.7621,-0.0449
22080,744,816,33.863,26.953,-0.0528,-0.0675,9.7805,0.5204,0.0099,-0.3297
22085,755,819,33.847,26.964,-0.035,0.0732,9.7433,0.0649,0.6498,0.5774
22090,749,819,33.917,26.908,0.0282,0.0374,9.8001,0.6666,-0.2384,0.4983
22095,748,819,33.844,26.854,0.0573,-0.0356,9.7742,-0.2562,0.5608,-0.433
22100,761,820,33.854,26.824,0.0085,0.0975,9.7769,-0.2889,-0.0772,0.189
22105,751,814,33.871,26.836,-0.0298,-0.1084,9.8277,-0.5212,0.3002,0.0175
22110,765,810,33.84,26.925,0.0265,-0.0369,9.7289,-0.004,0.3546,-0.8885
22115,766,809,33.973,27.002,0.0472,0.0111,9.8776,0.4228,-0.0428,0.3287
22120,769,813,33.814,26.921,0.0236,-0.0641,9.7626,0.0948,-0.9188,-0.2149
22125,773,815,33.857,26.937,-0.0333,0.0702,9.7401,-0.6106,0.3542,0.1149
22130,788,809,33.931,26.969,0.0495,0.0492,9.7147,0.2423,-0.1328,-0.0936
22135,796,810,33.843,26.978,-0.0444,-0.0207,9.8085,-0.1526,0.7128,-0.1484
22140,802,803,33.962,26.933,-0.0014,0.0899,9.8031,0.8432,0.4191,-0.6726
22145,811,811,33.9,26.925,-0.0554,-0.0557,9.8701,-0.0315,0.0808,0.2496
22150,822,808,33.822,26.934,-0.0329,-0.024,9.8498,-0.0499,0.5034,-0.0289
22155,840,807,33.878,26.99,-0.1056,0.0103,9.7671,-0.595,0.1195,0.1464
22160,843,796,33.872,26.987,-0.0107,0.043,9.8982,-0.4937,-0.1402,0.6676
22165,848,796,33.933,27.062,-0.0236,-0.0669,9.8045,0.3361,1.3672,-0.2126
22170,866,801,33.878,26.984,-0.0489,-0.005,9.7545,0.4157,0.7409,0.2704
22175,878,796,33.95,26.942,0.0754,-0.0929,9.7811,0.2884,-0.0634,-0.0945
22180,902,796,33.856,26.937,0.015,-0.0373,9.7836,0.2511,0.1976,0.4135
22185,914,799,33.762,26.96,0.01,0.007,9.8004,0.8417,-0.5648,0.2553
22190,923,797,33.801,26.956,-0.0565,-0.0349,9.8121,0.7235,0.378,0.9144
22195,937,794,33.86,26.914,-0.0341,0.0874,9.8244,0.456,0.6909,0.3043
22200,946,786,33.82,26.849,0.0018,-0.1228,9.8391,0.1778,0.503,0.1976
22205,956,786,33.912,26.851,-0.0125,-0.109,9.8447,-0.177,-0.0785,0.5945
22210,975,782,33.886,26.9,-0.0311,-0.0105,9.9529,0.0033,1.119,-1.0957
22215,980,778,33.888,26.991,-0.0185,0.0012,9.8551,0.431,-0.2997,-0.154
22220,1008,781,33.869,26.896,0.0113,0.054,9.8266,-0.1434,-0.4385,-0.5487
22225,1019,780,33.885,26.98,0.0645,-0.0133,9.689,0.5419,-0.4265,0.2848
22230,1029,773,33.851,26.955,-0.0243,-0.0584,9.7448,-0.7851,0.7658,-0.052
22235,1043,774,33.859,27.009,0.0038,0.0125,9.8155,-0.1755,0.5853,0.415
22240,1062,776,33.855,26.917,-0.0653,-0.0404,9.8163,0.4573,-0.6486,0.278
22245,1074,770,33.965,26.994,0.0211,-0.0108,9.8667,0.504,-0.0991,0.2097
22250,1080,765,33.873,26.967,0.092,0.0149,9.822,-0.1878,-1.1316,-0.2397
22255,1100,768,33.949,26.913,0.0822,0.0871,9.7845,-0.5897,0.0634,-0.0567
22260,1103,764,33.889,26.882,0.0283,-0.0038,9.8367,-1.0542,-0.061,-0.2053
22265,1115,761,33.953,26.889,0.0071,-0.1091,9.8074,-0.6336,-1.1805,0.1496
22270,1126,766,34.003,26.955,-0.0661,0.0294,9.72,-0.7943,-0.1118,0.1222
22275,1134,763,33.877,26.96,-0.0256,0.0091,9.8975,0.0084,0.2377,0.0622
22280,1139,758,33.855,26.963,0.0148,0.0747,9.8356,0.0947,-0.3,-0.0554
22285,1152,756,33.862,26.854,-0.0517,-0.037,9.8234,0.9151,0.0419,-0.0002
22290,1152,753,33.851,26.905,-0.0514,0.008,9.8092,-0.2588,-0.1784,-0.3564
22295,1160,749,33.891,26.982,0.073,-0.0029,9.8955,-0.9859,-0.4207,0.2468
22300,1159,755,33.806,26.894,0.0279,0.0842,9.7275,-0.964,-0.0758,0.3891
22305,1174,754,33.865,26.915,-0.0894,-0.0325,9.8658,0.9253,-0.2434,0.522
22310,1177,751,33.805,26.911,-0.0755,-0.0561,9.8599,0.2261,0.1878,-0.1449
22315,1167,748,33.808,26.936,0.0329,-0.0246,9.8393,0.6009,0.2105,-0.8793
22320,1184,749,33.893,26.974,0.0512,-0.0446,9.796,-0.898,0.252,-0.1322
22325,1180,749,33.886,26.949,-0.0053,-0.0429,9.7585,-0.2992,0.1071,0.3808
22330,1193,748,33.905,26.963,0.1163,0.0261,9.7255,-0.1055,0.1671,-0.3222
22335,1193,746,33.821,26.969,-0.0174,-0.0635,9.7552,0.1201,-0.0777,0.3158
22340,1195,751,33.839,26.966,0.0161,0.0263,9.86,-0.117,0.4362,0.9137
22345,1187,746,33.782,26.886,0.0043,-0.0103,9.809,-0.4704,-0.5375,-0.5039
22350,1186,752,33.868,26.841,-0.0328,0.0705,9.8743,-0.1995,0.1488,-0.1757
22355,1189,746,33.817,26.953,0.0279,-0.0876,9.8349,0.3405,-0.1085,0.2734
22360,1186,749,33.84,26.973,0.0127,-0.0649,9.7892,-0.0314,-0.8477,0.2744
22365,1181,757,33.903,26.972,-0.0194,0.006,9.8895,-0.7687,-0.3294,-0.5135
22370,1175,753,33.872,26.896,0.0378,0.0286,9.8988,0.7498,-0.1861,0.5514
22375,1178,752,33.936,26.989,-0.076,0.047,9.8083,0.1237,-0.9954,0.2336
22380,1174,757,33.775,26.904,-0.0497,-0.0209,9.8671,0.1508,-1.0877,-0.8482
22385,1166,762,33.871,26.933,0.0224,0.0179,9.771,-1.3306,-0.2322,-0.1452
22390,1173,758,33.788,26.929,-0.0081,-0.0522,9.854,0.3122,-0.4835,-0.3767
22395,1164,763,33.906,26.944,0.0561,0.1057,9.8347,0.4426,-0.1418,0.3187
22400,1167,765,33.874,26.957,-0.0721,0.0008,9.8093,-0.0251,0.4255,-0.1536
22405,1167,763,33.785,26.964,0.0295,0.0019,9.8656,0.0807,0.6799,-0.0318
22410,1149,767,33.93,26.915,0.0016,0.0159,9.7988,0.178,0.8853,0.4578
22415,1149,774,33.956,26.967,0.0051,-0.0948,9.7971,0.4415,-0.3152,0.3031
22420,1144,772,33.861,26.945,-0.0793,-0.0451,9.8317,0.7708,-0.4944,-0.4715
22425,1147,773,33.931,26.859,0.0376,0.0445,9.8545,0.4207,0.0058,0.0579
22430,1138,775,33.834,26.861,-0.0025,-0.0045,9.8412,0.4423,-0.2854,0.0824
22435,1139,780,33.89,26.865,-0.0252,-0.0296,9.7407,-0.8018,0.1624,-0.3909
22440,1140,782,33.902,26.872,0.0867,-0.071,9.8503,0.3018,0.4093,-0.7526
22445,1126,782,33.977,26.815,0.0776,-0.0296,9.8459,-0.1805,-0.5101,-0.1476
22450,1115,791,33.851,26.957,0.0257,-0.0089,9.853,-0.0964,0.4541,0.8778
22455,1125,790,33.946,26.907,-0.0084,0.0154,9.8504,-0.5041,-0.6057,0.3051
22460,1121,802,33.966,26.92,-0.0127,0.0053,9.7674,0.9245,1.1446,-0.0881
22465,1113,801,33.848,26.952,-0.0091,-0.0459,9.7761,-0.1015,-0.3966,0.7061
22470,1102,804,34.004,26.887,0.0089,-0.003,9.795,0.2609,-0.2264,0.4147
22475,1112,797,33.948,26.847,-0.0112,0.0906,9.681,-1.6324,0.8815,0.5679
22480,1116,805,33.813,26.981,-0.018,0.0182,9.8532,-0.1451,0.0661,0.2134
22485,1106,810,33.832,26.814,-0.0181,-0.0719,9.859,0.4124,-0.5776,-0.4784
22490,1102,812,33.809,26.931,0.0615,0.0151,9.8132,0.3869,-0.611,-0.4138
22495,1103,814,33.787,26.852,-0.0276,0.0111,9.8459,0.6794,0.2886,0.5243
22500,1087,819,33.871,26.866,0.0201,-0.1082,9.7758,0.1966,0.6238,0.4295
22505,1101,820,33.888,26.911,0.0383,0.0991,9.8715,0.1716,0.3929,-0.8773
22510,1089,823,33.884,26.957,-0.0354,-0.1113,9.8835,-0.1218,0.3054,0.9252
22515,1092,830,33.827,26.848,-0.0075,-0.0102,9.7413,-0.039,-0.3283,-0.2286
22520,1085,824,33.845,26.885,0.0309,-0.0852,9.8131,-0.1876,0.6802,-0.7627
22525,1088,831,33.828,26.916,-0.0397,-0.0802,9.8501,0.3013,0.1614,0.7274
22530,1071,829,33.949,26.91,-0.0231,-0.0131,9.7751,-0.8138,0.2647,-0.5383
22535,1075,832,33.946,27.013,-0.0448,-0.1041,9.7987,-0.4944,0.0144,-0.2172
22540,1071,833,33.852,26.987,-0.0177,-0.0769,9.9145,-0.283,-0.9416,-0.4167
22545,1075,828,33.901,26.793,-0.0614,0.0205,9.8514,0.7296,-0.3577,-0.1875
22550,1066,831,33.834,26.94,0.0999,0.0683,9.7989,-0.0882,0.2365,-0.3249
22555,1066,837,33.875,26.978,0.06,0.0397,9.8092,-0.2531,0.099,0.3086
22560,1064,838,33.879,26.962,-0.0364,-0.0194,9.8013,0.0168,0.2501,-0.0277
22565,1060,837,33.881,26.873,-0.0058,-0.0418,9.7365,0.6336,-0.0239,-0.5948
22570,1054,836,33.714,26.957,-0.1056,-0.0109,9.7157,-0.1144,0.245,0.8452
22575,1046,837,33.882,26.93,-0.0208,0.0128,9.8207,0.5336,0.4992,-0.0825
22580,1056,838,33.903,26.912,-0.0942,0.0854,9.8104,-0.2134,-0.3665,0.4265
22585,1034,840,33.865,26.962,0.0339,-0.1627,9.7865,-0.2788,0.8972,-0.0992
22590,1030,840,33.855,26.918,0.0063,0.0738,9.8218,0.1698,0.3784,-0.0514
22595,1034,835,33.908,26.901,0.0461,-0.0328,9.7807,0.1134,-0.2674,0.9034
22600,1026,838,33.809,26.968,0.0135,-0.0159,9.7737,-0.3282,-0.2576,-0.4701
22605,1008,844,33.902,26.924,0.0103,-0.0638,9.8594,0.5435,0.4017,0.4954
22610,1009,838,33.844,26.975,0.0068,-0.0083,9.7906,0.533,0.036,-0.0728
22615,995,840,33.86,26.858,0.0138,-0.072,9.8699,0.3299,-0.6293,0.0581
22620,985,832,33.849,26.976,-0.018,-0.0226,9.8033,0.3357,0.1891,0.3976
22625,988,835,33.952,26.915,0.109,0.0178,9.8332,-0.6966,-0.2766,-0.2903
22630,972,829,34.005,26.921,0.0115,0.0437,9.7784,-0.2297,0.309,0.0687
22635,965,837,33.935,26.837,0.0378,-0.0235,9.7356,-0.2292,0.0763,-0.5733
22640,959,831,33.852,26.915,-0.0201,-0.0534,9.799,-0.594,0.9865,0.389
22645,952,832,33.875,26.885,0.0484,-0.055,9.8622,-0.1728,-0.0913,-0.3373
22650,931,831,33.858,26.975,0.0694,-0.0419,9.7077,-1.0154,0.1377,-0.1966
22655,921,831,33.913,26.926,0.0697,0.0578,9.86,0.0321,0.5828,0.0945
22660,918,833,33.885,26.912,-0.1229,0.0011,9.877,-0.8493,-0.3351,0.1237
22665,913,831,33.963,26.899,-0.0388,0.0326,9.8225,-0.1923,-0.4326,0.2002
22670,896,826,33.804,26.953,-0.0066,-0.0873,9.7502,0.0713,0.0902,-1.2037
22675,893,828,33.871,26.896,0.0258,-0.0553,9.824,-0.189,-0.2869,-0.1676
22680,886,827,33.874,26.866,0.0473,0.0248,9.8722,-0.8324,-0.3392,-0.1585
22685,854,828,33.912,26.905,0.031,0.0151,9.7931,0.0452,-0.2336,0.201
22690,853,826,33.769,26.977,0.0473,0.0144,9.7223,0.176,1.2027,0.3588
22695,843,821,33.98,26.886,-0.0295,-0.0132,9.8364,-0.0639,0.4666,-0.1263
22700,834,827,33.823,26.906,-0.001,-0.076,9.8243,-0.6373,-0.4755,-0.0854
22705,825,825,33.906,26.958,0.0327,0.082,9.7538,-0.73,0.0553,0.7273
22710,815,825,33.9,26.886,0.053,0.0018,9.7964,0.4932,-0.0888,-0.7385
22715,813,824,33.926,26.943,0.0553,-0.051,9.7536,0.2529,0.0575,0.6186
22720,797,828,33.838,27.0,0.0159,0.008,9.8545,-0.6273,0.005,0.1024
22725,794,828,34.002,26.952,-0.0243,0.039,9.8752,-0.0725,-0.3139,-0.5597
22730,794,824,33.843,26.889,0.0119,-0.0151,9.8404,0.3724,0.6852,0.1983
22735,779,820,33.962,26.907,-0.0425,0.0024,9.8286,-0.4277,-0.094,0.1786
22740,772,825,33.933,26.955,0.0151,-0.09,9.9179,0.7236,0.4147,-0.21
22745,762,822,33.975,26.941,-0.0354,0.0643,9.8044,0.203,0.4927,0.2057
22750,766,818,33.918,26.94,-0.0833,-0.0059,9.7995,-0.2085,0.0876,-0.2402
22755,752,819,33.892,26.923,-0.0166,-0.1059,9.7901,0.0676,-0.7705,0.6687
22760,756,816,33.838,26.962,-0.035,0.0221,9.7976,-0.7417,0.5335,0.3986
22765,758,816,33.902,26.985,0.0475,-0.0146,9.721,1.368,0.8271,0.3464
22770,756,820,33.852,26.918,0.0158,0.0324,9.7936,0.4472,-0.2926,-0.2963
22775,748,822,33.913,26.906,0.0269,-0.0572,9.8349,0.1289,0.2932,-0.8764
22780,744,814,33.953,26.911,0.0494,-0.1205,9.7277,-0.1566,-0.0912,0.2119
22785,740,815,33.793,26.987,0.0098,-0.0537,9.824,0.7362,0.6383,0.1797
22790,743,814,33.854,26.987,0.0182,0.0342,9.7918,-0.5875,0.0078,-1.0377
22795,751,817,33.868,26.827,-0.0408,0.0273,9.8866,0.495,-0.6457,0.1052
22800,763,814,33.922,26.915,-0.0127,0.0122,9.7949,-0.6866,0.3274,0.041
22805,753,811,33.903,26.883,0.0356,-0.018,9.8239,0.2071,0.4554,0.0926
22810,765,813,33.824,26.84,0.029,-0.0062,9.8413,0.1286,0.187,0.3746
22815,771,811,33.924,26.957,-0.0332,-0.013,9.7826,-0.1528,0.2016,0.5463
22820,777,816,33.861,26.986,-0.0613,-0.0101,9.877,-0.6919,0.2642,0.0172
22825,790,807,33.854,26.844,-0.0388,-0.0158,9.8972,0.9705,0.1994,-0.0176
22830,799,810,33.899,26.987,0.0259,0.0513,9.8747,-0.4287,0.7101,-0.6535
22835,806,806,33.955,26.858,0.019,-0.054,9.7595,0.0456,-0.3228,-0.5247
22840,802,810,33.781,26.948,0.0079,0.0034,9.7953,0.505,-0.2158,-0.4924
22845,818,800,33.868,26.879,-0.0213,0.0087,9.8272,0.2839,-0.3077,-0.1797
22850,832,806,33.921,26.937,-0.0773,-0.0838,9.7644,-0.3751,0.0903,0.0114
22855,847,803,33.868,26.879,0.0698,-0.0129,9.799,0.0074,-0.2177,-0.2004
22860,849,801,33.931,26.929,-0.0155,0.0213,9.817,-0.7971,0.6939,-0.4522
22865,871,806,33.874,26.887,0.0684,-0.0276,9.8424,-1.1993,-0.4181,0.4429
22870,871,797,33.92,26.923,-0.0249,0.0116,9.8188,-0.5713,0.2911,0.2829
22875,898,803,33.893,26.861,-0.1176,0.0057,9.6723,-0.6607,-0.5703,-0.2775
22880,907,796,33.868,26.941,-0.0073,0.0112,9.8511,0.3808,-1.1697,-0.8234
22885,917,791,33.936,26.979,-0.0014,0.0305,9.7468,0.0135,-0.3518,0.0929
22890,941,788,33.874,26.951,0.0045,0.0526,9.7897,-1.282,-0.1127,-0.0638
22895,960,792,33.846,26.98,0.0273,-0.0406,9.7564,-0.6047,0.0741,0.3565
22900,971,786,33.845,26.846,-0.08,0.0439,9.7875,-0.5405,-0.4453,-0.3423
22905,973,784,33.931,26.916,-0.0375,0.0409,9.8551,-0.5173,-0.2185,-0.6097
22910,986,781,33.783,26.963,0.0411,-0.0014,9.8226,0.4514,-0.1534,0.318
22915,1010,779,33.94,26.864,0.0074,0.0245,9.8857,-0.1634,-0.8597,-0.5134
22920,1014,779,33.828,26.956,0.0289,-0.0605,9.8511,0.6059,-0.424,0.0369
22925,1030,778,33.933,26.914,-0.0531,0.0139,9.7027,0.2293,-1.1336,-0.3703
22930,1039,777,33.849,26.904,-0.001,0.0085,9.8032,-1.0113,1.1542,-0.2501
22935,1053,771,33.913,26.899,0.0011,0.0705,9.7551,-0.1614,0.5037,-0.3013
22940,1070,770,33.882,26.829,0.0248,-0.075,9.8077,0.4047,0.2484,0.1799
22945,1079,768,33.877,26.898,-0.0025,-0.0099,9.8658,0.1808,0.2037,-0.0843
22950,1097,772,33.788,26.956,-0.0088,-0.0456,9.8176,0.7782,0.07,0.1516
22955,1109,763,33.884,26.92,-0.0117,-0.0128,9.8723,0.1364,-0.9182,0.2959
22960,1108,764,33.858,26.879,0.0008,0.0662,9.7257,-0.6386,-0.28,0.0561
22965,1126,763,33.831,26.93,0.009,0.0232,9.7816,0.6426,-0.6019,-0.7011
22970,1139,763,33.81,26.885,-0.0107,-0.0358,9.7641,1.1985,0.1107,-0.3501
22975,1142,761,33.868,26.883,-0.0219,0.0421,9.8838,-0.0202,-0.2884,-0.281
22980,1144,754,33.918,26.859,0.0005,0.0322,9.8476,-0.1306,0.8462,-0.8125
22985,1156,755,33.833,26.947,-0.0322,0.0323,9.7804,0.2184,0.4619,0.3511
22990,1160,759,33.809,26.871,0.0503,0.019,9.791,0.2813,0.9101,-0.2372
22995,1161,753,33.878,26.968,-0.0601,-0.0242,9.8105,-0.5629,0.4071,-0.5191
23000,1169,749,33.817,26.844,0.0026,0.0217,9.8876,-0.1932,0.6481,0.7826
23005,1175,750,33.867,26.935,0.0197,0.0297,9.7668,0.0896,-0.5203,0.1571
23010,1169,748,33.871,26.944,0.0133,0.0265,9.7625,0.1503,-0.5773,-0.4795
23015,1175,755,33.999,26.917,-0.102,-0.0507,9.7745,-0.1096,-0.5062,0.5604
23020,1180,750,33.873,26.875,0.002,0.0221,9.8489,-0.0606,-0.1901,-0.3192
23025,1188,746,33.944,26.884,0.0588,-0.0093,9.8268,0.1482,-0.1645,-0.848
23030,1185,746,33.938,26.852,-0.002,-0.0487,9.7958,-0.3003,0.349,0.1619
23035,1191,746,33.871,26.927,-0.0051,-0.0525,9.8607,-0.045,-0.1403,0.4911
23040,1186,745,33.848,26.905,-0.0789,0.0597,9.8073,-0.6514,-0.1248,0.3502
23045,1178,746,33.86,26.932,-0.0448,0.0775,9.7882,-0.9672,0.501,0.2676
23050,1180,747,33.847,26.91,0.0592,0.0704,9.7883,0.6647,-0.7009,0.634
23055,1171,748,33.968,26.945,0.097,0.0002,9.7586,-0.5912,-0.7505,0.5093
23060,1190,755,33.873,26.98,-0.0104,0.0799,9.9011,-0.3993,-0.2166,0.8024
23065,1193,749,33.889,26.903,-0.0136,0.0149,9.8308,-0.2741,-0.1486,-0.1124
23070,1176,753,33.816,26.896,0.0617,0.0092,9.7397,-1.2835,-0.419,-0.2202
23075,1172,754,33.795,26.844,0.0446,0.0145,9.822,-0.0779,-0.7078,-0.1135
23080,1169,758,33.927,26.934,0.0716,0.0298,9.849,-0.4721,-0.3949,-0.325
23085,1167,766,33.866,26.911,-0.0579,0.0483,9.8744,0.0454,0.0985,0.1041
23090,1165,765,33.946,26.919,-0.0429,0.0372,9.7994,0.1958,-0.2591,0.3338
23095,1166,765,33.925,26.891,0.0913,-0.0159,9.7983,-0.3018,0.599,0.0854
23100,1160,767,33.907,26.95,-0.0592,-0.0101,9.676,-0.4092,0.6108,-0.3826
23105,1156,774,33.948,26.891,-0.0569,0.0025,9.8178,0.6261,0.7827,0.2707
23110,1154,768,33.802,26.863,0.0178,0.058,9.7796,0.4356,0.8815,-0.5609
23115,1141,775,33.95,26.933,0.0101,-0.0728,9.8083,-0.1448,-0.2102,-0.295
23120,1141,776,33.892,26.906,-0.0357,-0.0045,9.7252,-0.3056,0.198,0.3298
23125,1138,779,33.871,26.864,-0.0161,-0.076,9.7296,-0.44,0.539,-0.4339
23130,1136,785,33.869,26.962,0.0206,-0.0348,9.7883,0.1576,0.8528,0.2856
23135,1124,787,33.917,26.903,0.0889,-0.0157,9.8039,0.452,-0.0164,-0.153
23140,1126,788,33.938,26.959,0.0619,0.0422,9.7374,-0.3172,-0.1334,-0.0501
23145,1128,788,33.818,26.937,0.0489,-0.0596,9.8216,-0.9231,-1.0386,-0.4788
23150,1125,793,33.937,26.958,0.0299,-0.0158,9.7543,-0.0641,-0.2368,-0.2963
23155,1117,795,33.924,26.888,-0.0621,-0.0078,9.8099,-1.0849,-0.0166,-0.3349
23160,1116,797,33.82,26.844,-0.0111,-0.0114,9.8495,0.2256,-0.3679,-0.294
23165,1112,802,33.874,26.976,0.0262,0.0002,9.8732,-0.8346,1.136,-1.267
23170,1105,805,33.814,26.826,0.0024,0.0081,9.7548,0.03,-0.4605,-0.8439
23175,1105,809,33.851,26.949,0.0484,-0.0007,9.847,0.4184,0.041,-1.0078
23180,1108,812,33.936,26.916,0.015,0.053,9.8327,0.434,0.6011,-0.4573
23185,1099,815,33.888,26.839,-0.0004,0.0584,9.7792,-0.3056,-0.047,-0.1553
23190,1108,813,33.875,26.98,0.0099,-0.0458,9.8192,0.3599,0.0245,-0.2267
23195,1094,817,33.896,26.897,-0.0799,0.0641,9.7919,0.9663,-0.8,0.3312
23200,1097,816,33.88,26.946,0.0164,0.0417,9.8567,-0.0628,-0.3174,-0.7364
23205,1088,819,33.883,26.906,0.0016,0.0929,9.8308,-1.2634,0.263,-0.3946
23210,1091,820,33.827,26.886,0.0556,-0.0433,9.8196,-0.4576,0.6946,-0.2047
23215,1080,821,33.973,26.879,-0.0228,0.0625,9.8525,-0.0899,0.5926,-1.4191
23220,1086,818,33.842,26.884,-0.0592,-0.0053,9.8551,-0.6197,-0.7328,0.2875
23225,1080,831,33.901,27.024,-0.0116,0.1086,9.8155,0.9843,-0.8558,-0.3825
23230,1078,829,33.91,26.94,-0.0036,-0.0898,9.8328,-0.3941,0.3125,-0.3576
23235,1074,835,33.881,26.934,-0.028,0.0258,9.6516,0.3364,0.467,-0.2947
23240,1069,836,33.896,26.909,-0.0434,0.0632,9.7918,0.3744,-0.4925,-0.5997
23245,1074,831,33.9,26.949,-0.002,-0.0672,9.865,-0.0158,0.7307,-0.159
23250,1072,836,33.857,26.919,0.0291,0.0164,9.9004,0.066,0.1446,1.012
23255,1064,836,33.864,26.895,-0.0412,-0.0767,9.8256,-0.005,-0.1736,0.7103
23260,1065,837,33.822,26.968,-0.0163,0.0484,9.7388,0.5049,-0.0538,-0.0353
23265,1058,837,33.86,26.879,0.0183,0.101,9.713,0.7494,-0.6467,-0.2327
23270,1045,830,33.892,26.913,0.0147,0.0258,9.8051,-0.3905,-0.1413,-0.7228
23275,1052,842,33.866,26.943,-0.0522,0.0375,9.8122,0.1316,0.6334,-0.0475
23280,1033,836,33.916,26.954,0.1454,0.008,9.7125,0.3223,0.8159,-0.563
23285,1040,836,33.806,26.906,-0.0048,0.0143,9.7347,0.0308,0.3206,0.4389
23290,1028,844,33.96,26.949,-0.0785,-0.0293,9.7136,-0.5991,-0.6438,0.4195
23295,1021,834,33.925,26.861,-0.0093,-0.08,9.8432,0.3446,-0.2826,-0.0951
23300,1009,834,33.85,26.919,0.0285,0.1052,9.787,-0.7625,0.5541,-0.0353
23305,1005,831,33.833,26.923,0.0216,-0.0322,9.8162,0.0266,-0.2695,-0.5701
23310,1008,839,33.78,26.912,-0.013,-0.0088,9.8217,-0.2492,0.0494,-0.7978
23315,992,839,33.853,27.011,-0.0586,0.0265,9.85,-1.1754,-0.4556,1.0498
23320,982,832,33.889,26.886,-0.0207,0.036,9.8565,0.0952,-0.2617,-0.6536
23325,962,834,33.886,26.92,-0.0131,0.0288,9.7136,-0.2898,0.525,0.1186
23330,968,840,33.918,26.974,-0.0565,-0.0065,9.8113,0.0038,0.7347,0.2978
23335,956,831,33.868,26.863,0.0601,0.0248,9.7767,-0.0245,0.9193,0.0252
23340,940,836,33.831,26.98,-0.0457,0.0596,9.9018,-0.2818,0.0519,0.279
23345,936,832,33.807,26.833,0.0356,0.0034,9.779,-0.2931,-0.3676,-0.6098
23350,921,833,33.932,26.927,-0.0175,-0.0758,9.7567,0.6951,-0.4847,-0.7345
23355,912,832,33.849,26.941,-0.0314,0.0295,9.8483,0.1426,0.3034,0.7326
23360,914,828,33.917,26.985,-0.0293,0.0603,9.7926,0.0506,0.9838,0.1326
23365,890,824,33.784,26.943,0.0201,0.044,9.8277,0.4727,0.7727,-0.1146
23370,891,827,33.894,26.956,-0.0292,0.1156,9.7615,-0.9565,0.7389,-0.5799
23375,879,827,33.839,26.858,0.0123,0.07,9.7792,0.9094,0.5362,0.3066
23380,863,829,33.868,26.81,0.0158,-0.0335,9.8628,0.0552,0.2036,-0.3542
23385,856,826,33.867,26.911,-0.0413,-0.0375,9.803,-0.4685,-0.9657,-0.273
23390,858,830,33.827,26.977,0.0429,0.0731,9.7455,0.1057,0.1061,0.0959
23395,837,822,33.796,26.992,-0.0356,-0.0892,9.8144,-0.1187,-0.17,0.9372
23400,825,819,33.865,26.975,0.0249,-0.0013,9.8793,0.2406,0.4093,-0.1626
23405,809,818,33.775,26.855,-0.0035,-0.0542,9.8445,-0.1916,-0.1367,0.1265
23410,805,824,33.867,26.952,-0.043,0.0037,9.8309,-0.4292,0.1158,-0.1972
23415,800,823,33.832,26.927,-0.013,0.0002,9.8415,0.7965,0.0528,-0.1339
23420,792,826,33.939,26.948,-0.1107,0.0293,9.8423,0.0491,-0.0318,-0.5779
23425,783,820,33.767,26.886,0.0344,0.0098,9.7647,-0.6044,-0.0135,-0.2238
23430,771,823,33.836,26.918,-0.0806,0.0054,9.7545,-0.4274,-0.2762,-0.7334
23435,765,821,33.848,26.935,-0.0441,-0.0159,9.7698,0.1816,-0.3476,0.3083
23440,767,820,33.854,26.971,-0.0211,0.117,9.8508,-0.5715,-0.5386,0.6201
23445,762,820,33.831,26.928,-0.0084,0.0546,9.7291,0.3183,0.3195,-0.0195
23450,758,820,33.964,26.914,0.0778,-0.0239,9.8589,0.1897,0.683,0.4922
23455,749,818,33.799,26.837,0.0761,-0.026,9.7997,0.3294,-0.3662,-0.6747
23460,753,818,33.838,26.848,-0.0273,0.0204,9.8947,-0.223,-0.8794,0.3545
23465,753,816,33.863,26.945,-0.0448,-0.0146,9.7548,-0.4225,0.0609,0.1137
23470,746,817,33.905,26.922,0.0246,-0.0108,9.8219,-0.6024,0.3587,-0.28
23475,745,817,33.792,26.88,-0.0513,0.041,9.8719,0.3543,-0.5738,-0.2641
23480,747,816,33.943,26.791,-0.0686,0.0012,9.9395,-0.2531,0.1149,-0.9548
23485,749,816,33.847,26.956,0.0113,0.0246,9.8399,-0.2283,0.0421,-1.2756
23490,755,815,33.87,26.938,0.0503,-0.0027,9.7901,0.0742,-0.7159,-0.5533
23495,764,814,33.888,26.961,-0.0043,-0.0228,9.8284,-0.0961,-0.274,-0.4511
23500,754,814,33.903,26.992,0.1431,-0.0719,9.8683,1.3847,0.4284,0.2146
23505,756,811,33.759,26.918,-0.1106,0.0492,9.7768,0.4207,0.2174,0.4065
23510,773,807,33.89,26.997,0.0165,0.0967,9.9237,0.6227,0.2442,-0.1055
23515,779,812,33.889,26.828,-0.0009,-0.0249,9.8273,0.1795,0.4927,0.1617
23520,795,810,33.947,26.872,-0.0556,0.0061,9.858,-0.3992,-0.1156,0.9297
23525,794,815,33.853,27.001,0.0279,-0.0113,9.846,-0.0367,-0.0424,0.117
23530,793,805,33.889,26.959,-0.0274,-0.0186,9.6807,-0.0071,-0.1403,0.0251
23535,819,808,33.803,26.983,-0.106,0.0017,9.7846,0.3744,0.6031,-0.2837
23540,823,805,33.923,26.976,0.0592,-0.0241,9.8314,-0.7105,0.1767,0.5167
23545,832,799,33.837,26.941,-0.0214,0.053,9.8256,0.5626,0.1653,-0.321
23550,848,806,33.877,26.803,-0.0918,0.0293,9.7534,0.7786,0.2814,-0.1349
23555,858,801,33.948,26.941,0.0288,0.0125,9.8369,0.2544,-0.4433,0.0787
23560,873,799,33.825,26.943,-0.0064,-0.0363,9.8334,0.7254,-0.1922,-0.001
23565,884,801,33.897,26.9,-0.0029,-0.0923,9.8069,0.1632,-0.3904,-0.0598
23570,891,792,33.914,26.949,0.0271,0.01,9.847,0.6651,-0.0871,-0.3386
23575,908,796,33.851,26.841,-0.0232,-0.0472,9.8401,0.1425,0.3217,-0.2144
23580,928,796,33.918,26.929,0.0482,-0.0316,9.7947,-0.1174,0.3942,-1.1413
23585,937,790,33.818,26.895,0.0159,-0.059,9.8855,-0.1461,-0.14,0.1255
23590,953,793,33.845,26.99,-0.0346,0.029,9.698,-0.4601,0.2979,0.7111
23595,975,792,33.831,26.927,0.0151,0.0145,9.8865,0.3222,0.1469,-0.4346
23600,976,781,33.945,26.9,-0.0361,-0.0227,9.8701,0.5004,0.8015,0.0004
23605,992,778,33.8,26.947,0.0342,0.0963,9.8224,0.5626,-0.6656,-0.2387
23610,1003,778,33.871,26.851,0.0327,0.0953,9.8102,-0.2331,-0.7692,-0.4578
23615,1012,781,33.859,26.825,-0.0012,0.0025,9.8477,0.0275,0.5846,-0.1367
23620,1035,776,33.884,27.038,0.0165,0.0154,9.7895,-0.3023,-0.0126,0.697
23625,1042,773,33.813,26.95,-0.0902,0.0352,9.859,0.2536,0.0375,-0.0427
23630,1058,776,33.86,26.815,0.1072,0.0174,9.7389,0.2266,0.3321,0.0862
23635,1072,772,33.833,26.776,0.0314,0.0293,9.7629,-0.156,0.0579,-0.8563
23640,1075,770,33.894,26.897,-0.0207,0.0137,9.8447,-0.4945,0.0312,-0.0521
23645,1093,764,33.909,27.029,-0.0331,-0.0051,9.8314,-0.6736,0.2035,-0.22
23650,1101,765,33.964,26.89,-0.0753,0.0417,9.8033,0.9301,0.6859,-0.5554
23655,1115,768,33.889,26.891,-0.0363,0.0301,9.9102,0.1276,-0.3303,0.3413
23660,1116,763,33.879,26.898,-0.054,0.0011,9.7365,-0.8765,0.3467,0.415
23665,1126,755,33.851,26.832,-0.0361,-0.0046,9.8091,-0.441,-0.4486,0.0764
23670,1142,759,33.796,26.964,-0.0504,0.0446,9.8259,-0.3161,-0.6373,0.2243
23675,1151,756,33.869,26.932,0.0066,0.0677,9.9259,0.3153,0.5565,0.3665
23680,1150,757,33.862,26.901,0.0667,-0.0095,9.8538,-0.8221,-0.133,-0.3903
23685,1160,756,33.837,26.894,-0.0202,-0.0661,9.769,-0.493,-0.2357,0.4843
23690,1167,751,33.928,26.994,-0.046,-0.0021,9.7711,0.0476,0.5375,0.4646
23695,1176,751,33.864,26.953,-0.0147,0.0152,9.7691,-0.1264,-0.4899,0.3073
23700,1185,746,33.949,26.824,0.0089,-0.0448,9.7679,-0.3623,0.1419,-0.1585
23705,1183,743,33.82,26.898,0.0536,-0.0426,9.7632,0.3503,0.4287,-1.1558
23710,1177,754,33.868,26.956,-0.0127,0.0481,9.8146,0.435,0.193,-0.0863
23715,1185,744,33.884,26.967,-0.0456,-0.0728,9.8052,0.1219,1.1288,0.0232
23720,1193,751,33.827,26.866,0.0698,0.0015,9.7777,-0.4553,0.1635,0.062
23725,1188,749,33.898,26.866,-0.0358,-0.0199,9.7825,-0.3821,0.1028,0.053
23730,1190,746,33.867,26.955,-0.039,0.0083,9.7698,-0.4673,0.2175,0.4246
23735,1193,747,33.809,26.948,-0.018,0.0287,9.8229,-0.1952,-0.5739,-0.2194
23740,1190,746,33.835,26.977,0.0898,-0.0359,9.8421,-0.2348,1.2363,-0.2692
23745,1192,754,33.857,26.924,-0.0231,-0.0405,9.8298,0.418,-0.8839,0.4176
23750,1181,752,33.892,26.844,-0.0249,0.0186,9.7411,-0.0425,-0.0384,0.1295
23755,1179,751,33.828,26.893,-0.0538,-0.0125,9.7679,0.8232,0.7783,1.0091
23760,1184,752,33.821,26.952,0.0621,-0.0982,9.8395,-0.7588,-0.6707,0.1138
23765,1179,753,33.911,26.883,-0.0013,-0.0235,9.7861,0.079,0.3349,-0.8463
23770,1165,753,33.888,26.855,0.0107,0.0038,9.8211,0.2798,0.1346,-0.1521
23775,1174,760,33.778,26.877,-0.037,0.0169,9.914,-0.3911,-0.651,-0.624
23780,1175,761,33.93,26.997,-0.0106,-0.0222,9.8646,0.0264,0.9286,-0.6906
23785,1165,760,33.881,26.897,0.0274,0.1156,9.811,0.5932,-0.9947,-0.5483
23790,1162,768,33.853,26.923,0.0074,-0.0485,9.7806,0.0957,0.02,0.1074
23795,1160,771,33.862,26.932,0.0836,0.0246,9.8476,0.6807,-0.2884,0.022
23800,1159,775,33.883,26.919,-0.0372,0.0614,9.8809,0.4506,0.631,-0.3639
23805,1151,769,33.897,26.871,-0.027,-0.0668,9.7446,0.1349,0.0052,-0.3934
23810,1156,775,33.691,26.879,-0.0677,0.0471,9.8488,-0.7086,0.3928,-0.0206
23815,1141,779,33.789,26.91,0.051,-0.0243,9.8041,0.0025,-0.3054,0.597
23820,1151,783,33.834,26.879,0.0204,-0.0016,9.7866,0.5582,0.0213,0.3358
23825,1128,790,33.897,26.924,0.0171,-0.014,9.7336,-0.4578,0.9702,-0.0769
23830,1130,783,33.821,26.893,-0.1093,-0.0526,9.7476,-0.8518,-0.1463,1.8392
23835,1135,784,33.795,26.985,-0.041,-0.0076,9.7956,-0.1388,-0.1775,0.305
23840,1128,787,33.937,26.95,-0.0456,-0.0291,9.8642,-0.3747,0.1738,0.0536
23845,1122,793,33.821,26.869,-0.0648,0.0448,9.8018,0.3561,-0.8291,-0.0015
23850,1111,787,33.866,26.98,-0.1239,0.0173,9.8794,0.4684,-0.3773,-0.7738
23855,1116,797,33.853,26.893,0.0389,0.0395,9.8255,0.2046,-0.0556,0.1646
23860,1112,804,33.864,26.921,-0.0186,-0.0425,9.7358,-0.4251,-0.5109,-0.1667
23865,1110,802,33.792,26.903,-0.0491,0.0115,9.9047,-0.2598,-0.5653,0.3814
23870,1104,805,33.855,26.898,0.0209,-0.0296,9.9027,0.5764,-0.3058,-1.1141
23875,1104,810,33.957,26.834,-0.0737,0.0026,9.8418,-0.5948,1.1423,0.041
23880,1109,811,33.831,26.93,-0.0325,0.0048,9.9189,0.0743,0.0244,-0.6924
23885,1095,813,33.832,26.952,0.0095,-0.0604,9.871,0.0768,0.1232,-0.0319
23890,1102,814,33.864,26.901,-0.0268,-0.0542,9.8297,-1.0142,-0.2786,-0.314
23895,1098,819,33.825,26.991,-0.0492,0.073,9.7791,-0.389,-0.7353,-0.2172
23900,1098,822,33.828,26.874,-0.006,0.0299,9.8383,0.6062,-0.3975,-0.3494
23905,1092,817,33.916,26.921,0.0136,-0.0332,9.8151,-0.2812,0.6669,-0.1511
23910,1088,826,33.868,26.927,0.0547,0.0786,9.7877,-0.3606,0.05,-0.5652
23915,1081,828,33.862,26.887,0.0852,-0.0329,9.7935,0.8812,0.081,-0.1908
23920,1083,829,33.882,26.896,-0.1089,-0.0149,9.8557,0.1611,0.2817,0.3657
23925,1081,829,33.825,26.941,-0.0176,0.0174,9.7914,0.5813,0.5076,0.0689
23930,1077,832,33.824,26.792,0.001,0.112,9.7841,-0.9729,-0.1989,0.6337
23935,1072,837,33.798,26.883,-0.0404,-0.0763,9.7976,0.5732,-0.0521,-0.6127
23940,1071,830,33.925,26.905,-0.0124,0.0207,9.8824,-0.2937,-0.3453,-0.368
23945,1062,834,33.891,26.921,0.0593,0.0463,9.7591,0.1957,-0.1409,-0.5888
23950,1061,840,33.869,26.96,0.0015,-0.0104,9.8133,-0.7174,-1.5518,-0.6579
23955,1061,836,33.765,26.902,0.0797,0.063,9.796,0.8462,-0.1114,-0.6378
23960,1061,836,33.822,26.873,-0.0151,-0.0391,9.7957,0.7847,0.2611,-0.8582
23965,1053,834,33.865,26.918,-0.0091,-0.0102,9.7569,0.3026,-0.8633,0.5485
23970,1046,839,33.879,26.948,-0.0501,0.0368,9.9014,1.3773,-0.7256,-0.2581
23975,1035,835,33.879,26.858,-0.0486,-0.0277,9.7819,-0.2037,-0.1304,-1.0985
23980,1043,835,33.885,26.859,0.0844,0.0694,9.7961,0.6926,-0.6357,-0.8707
23985,1028,839,33.891,26.945,0.0322,-0.0233,9.7883,0.069,-0.272,0.6635
23990,1022,837,33.774,26.868,-0.042,-0.0387,9.847,0.0428,-0.4204,-0.1984
23995,1013,841,33.782,26.845,0.0535,-0.0157,9.7627,0.0651,-0.2497,-0.8577
24000,1005,836,33.817,26.932,0.0351,0.0544,9.8222,0.1944,1.0447,-0.096
24005,994,834,33.811,26.892,-0.0144,-0.0352,9.8443,0.3242,1.0074,-0.4472
24010,991,834,33.935,26.886,-0.0048,-0.0182,9.8307,-0.1928,-0.4411,-0.0704
24015,982,836,33.849,26.886,0.0736,0.0873,9.8532,-0.2655,-0.108,-0.592
24020,966,836,33.806,26.9,-0.0644,0.0607,9.8201,0.4403,0.7322,-0.1519
24025,960,836,33.91,26.962,-0.0824,-0.0124,9.8453,0.4551,-0.6855,0.0758
24030,954,828,33.897,26.946,-0.1656,-0.0262,9.7861,-0.1965,1.0092,0.1555
24035,951,830,33.757,27.012,-0.0417,-0.0469,9.8648,0.1454,0.0259,0.6715
24040,941,833,33.748,26.978,0.0738,-0.0938,9.7689,0.1896,-0.1453,-0.0024
24045,929,830,33.925,26.907,-0.0363,0.0122,9.8399,0.8738,0.1379,0.4757
24050,916,831,33.872,26.839,-0.0417,0.0249,9.8627,0.0335,-0.4011,0.9227
24055,912,834,33.882,26.949,-0.0674,-0.0217,9.8738,-0.2702,-0.4836,0.2452
24060,893,829,33.862,26.974,0.0629,0.0086,9.798,0.6797,-0.041,-1.4037
24065,894,822,33.784,26.937,0.0065,0.0332,9.8039,-0.5507,0.5039,-0.8633
24070,877,830,33.967,26.935,-0.0377,0.0672,9.8212,-0.6041,-0.4285,-0.0424
24075,860,826,33.855,26.927,0.0399,0.0496,9.8815,-1.4207,-0.3988,0.1357
24080,857,826,33.836,26.88,0.0203,0.0673,9.7917,0.7709,-0.5113,-0.6139
24085,849,825,33.905,26.883,0.0141,0.1299,9.8171,0.2685,-0.5098,-1.1687
24090,835,828,33.868,26.907,-0.078,0.0183,9.8215,-0.7949,-0.0986,0.2369
24095,824,821,33.893,26.88,0.0151,0.0415,9.7933,-0.7567,-0.2657,-0.1907
24100,818,824,33.869,26.903,-0.0529,0.0179,9.7648,0.4811,0.5522,0.1579
24105,812,825,33.872,26.839,0.0212,-0.0048,9.7719,-0.3131,0.0187,-0.0606
24110,804,819,33.894,26.92,-0.0329,-0.0516,9.7989,-0.1166,-0.1413,0.2897
24115,797,824,33.877,26.933,-0.03,-0.0627,9.7769,-0.0951,-0.682,-0.5184
24120,789,818,33.869,27.004,0.0004,-0.1037,9.8635,-0.2244,-0.4413,0.0384
24125,780,820,33.799,26.919,0.0159,-0.0063,9.7317,-0.248,0.6923,0.5097
24130,767,819,33.911,26.978,0.0083,-0.0017,9.8489,-0.3425,-0.5243,-0.5813
24135,769,819,33.884,26.967,-0.0118,-0.0055,9.9427,-0.6218,0.089,0.3354
24140,759,820,33.846,26.852,-0.0693,-0.0572,9.744,0.3702,0.5532,0.2373
24145,751,821,33.889,26.816,-0.0046,-0.0387,9.8543,-0.4855,-0.167,-0.0029
24150,756,819,33.848,26.982,0.0683,0.062,9.7751,0.6216,0.867,0.2273
24155,746,815,33.819,26.772,0.0274,0.0042,9.8071,-0.2898,-0.4465,0.6293
24160,747,820,33.804,26.932,0.0037,0.0855,9.8743,0.3158,0.6271,0.1214
24165,754,818,33.841,26.908,0.0147,0.0131,9.7751,-0.9007,0.4196,0.075
24170,750,816,33.891,26.97,-0.0533,-0.0306,9.7357,-0.3595,0.6743,-0.57
24175,747,812,33.844,26.854,-0.0195,0.0814,9.8032,0.4428,-0.3511,0.6725
24180,747,820,33.789,26.883,-0.0074,0.0077,9.8855,-0.1469,0.4052,-0.3355
24185,744,812,33.901,26.929,-0.0017,0.0647,9.7856,-0.8938,-0.1372,0.1566
24190,747,815,33.918,26.83,-0.0392,-0.0049,9.7925,0.2725,0.508,0.0522
24195,762,812,33.846,26.854,0.0305,-0.0228,9.8082,0.8961,-0.8608,-0.1775
24200,775,810,33.794,26.942,-0.0046,0.0046,9.8056,-0.1549,0.9183,0.0905
24205,770,807,33.868,26.984,0.1037,0.0045,9.8417,-0.4204,0.7596,0.0443
24210,776,812,33.886,26.977,-0.0154,0.0397,9.6861,0.3289,-0.2598,-0.1976
24215,777,804,33.794,26.874,-0.0031,0.0893,9.7587,-0.0505,-0.2732,-1.0119
24220,791,809,33.918,26.929,0.0035,-0.0881,9.8534,1.2044,0.8616,0.0481
24225,798,805,33.801,26.911,-0.012,-0.0071,9.8098,-0.0677,0.3344,-1.1751
24230,808,809,33.894,26.918,-0.0797,-0.0035,9.7424,0.2952,-0.4562,-0.5711
24235,818,803,33.945,26.908,-0.0525,-0.0086,9.7861,-0.6591,0.0521,-0.3968
24240,837,800,33.859,26.846,0.0102,0.0111,9.8416,-0.2133,0.0208,-0.1968
24245,828,798,33.827,26.895,-0.0063,0.0287,9.7766,-0.3876,0.2726,-0.2879
24250,852,802,33.903,26.95,0.0541,-0.0021,9.8623,0.0872,0.1711,-0.6558
24255,870,804,33.879,26.836,0.0366,0.0558,9.7457,-0.7493,0.1383,0.0455
24260,883,800,33.874,26.967,0.0601,0.0457,9.7888,0.5839,0.1814,-0.9042
24265,897,800,33.88,26.896,-0.0449,0.0146,9.7642,0.3341,0.1197,0.5291
24270,901,796,33.727,26.947,-0.0164,0.0012,9.7292,0.0812,-0.0087,-0.7336
24275,928,793,33.95,27.026,0.0307,0.0213,9.8362,-0.0317,-0.1707,0.112
24280,939,788,33.903,26.878,-0.0788,0.0832,9.8751,0.221,0.5391,0.7419
24285,949,792,33.826,26.868,-0.025,0.0011,9.8043,0.2937,-0.113,-1.0997
24290,961,785,33.825,26.863,-0.0244,0.0367,9.9137,-0.3085,-0.5195,0.6059
24295,978,785,33.975,27.02,-0.0448,0.0121,9.8346,0.5157,-0.2579,0.5391
24300,987,787,33.856,26.897,0.0593,-0.066,9.8099,-0.6716,-1.1703,0.626
24305,1010,784,33.855,26.923,-0.0219,-0.0431,9.7232,1.2801,-0.1674,0.0278
24310,1016,775,33.778,26.924,-0.009,0.0578,9.8792,-0.0321,-1.4687,0.0475
24315,1029,778,33.853,26.902,0.0184,0.0947,9.7911,-0.1698,-0.4681,1.4591
24320,1049,773,33.829,26.883,-0.0605,0.0534,9.6925,0.3066,-0.3812,0.1469
24325,1057,772,33.924,26.907,0.0164,-0.0289,9.8079,0.3418,0.6141,-0.8041
24330,1063,769,33.785,26.762,0.0486,-0.0701,9.8664,0.5152,0.28,0.4207
24335,1079,768,33.787,26.938,0.0108,0.0788,9.8133,0.0637,-0.1871,0.4283
24340,1089,762,33.912,26.833,-0.0423,0.0193,9.7897,-0.4912,-0.2381,0.0967
24345,1109,763,33.895,26.9,0.0205,0.0527,9.8832,0.6436,-0.9352,-0.1163
24350,1113,760,33.856,26.936,0.0732,-0.0659,9.8335,-0.0788,-0.6242,-0.4165
24355,1118,761,33.874,26.969,0.0105,-0.0231,9.7826,-0.4024,-0.2726,0.155
24360,1136,760,33.832,26.825,-0.015,0.0098,9.7651,-0.2594,-0.0262,-0.2583
24365,1128,763,33.874,26.904,-0.0005,-0.0609,9.8716,0.5449,-0.4545,-0.049
24370,1158,758,33.816,26.903,0.0145,-0.0336,9.8317,0.0556,0.2631,-0.2031
24375,1158,752,33.897,26.907,-0.0216,-0.0856,9.779,-0.3857,-0.2889,-0.4283
24380,1161,754,33.886,26.822,-0.017,-0.0157,9.7662,-0.1455,0.2147,-0.6342
24385,1157,750,33.84,26.849,-0.0112,0.0468,9.7193,0.237,-0.283,0.2487
24390,1169,754,33.881,26.87,-0.0014,0.0383,9.7565,0.5806,-0.473,0.1637
24395,1181,750,33.868,26.937,0.0412,-0.0016,9.8247,-0.0453,-0.4287,-0.5473
24400,1173,754,33.869,26.947,0.0495,-0.0059,9.7855,0.5502,-1.0681,-0.1702
24405,1184,743,33.863,26.884,-0.028,-0.048,9.8427,0.3548,-0.5428,0.4869
24410,1183,745,33.851,26.92,-0.0495,0.0528,9.7612,0.68,0.2345,-0.0025
24415,1197,743,33.811,26.894,0.055,0.005,9.8481,-0.5759,-0.6156,-0.4096
24420,1185,747,33.785,26.912,0.0363,-0.0634,9.843,-0.0876,0.4638,0.2814
24425,1187,747,33.912,26.906,0.0415,-0.018,9.7375,0.4708,1.1503,-0.3652
24430,1192,744,33.952,27.016,0.0096,-0.0157,9.8701,-0.2887,0.5405,0.1157
24435,1181,745,33.769,26.926,-0.0902,-0.0174,9.8825,0.1709,0.0846,0.1324
24440,1186,747,33.9,26.938,-0.0446,-0.0572,9.7967,-0.3698,-0.1243,-0.4089
24445,1187,748,33.905,26.928,-0.0388,0.0738,9.7966,0.4644,-0.171,0.1298
24450,1182,752,33.92,26.967,0.1231,0.0002,9.8685,-0.1232,-0.1306,0.3678
24455,1181,752,33.902,26.955,0.0055,0.0105,9.8357,0.266,-0.3489,-0.2326
24460,1174,750,33.895,26.894,-0.0219,-0.0069,9.8778,-0.6503,-0.1545,0.5045
24465,1165,758,33.843,26.945,0.0215,-0.0132,9.7686,-0.0725,0.8475,0.1739
24470,1171,761,33.869,26.956,-0.0057,-0.0602,9.7982,0.0011,0.2667,0.1866
24475,1172,754,33.958,26.886,-0.0036,0.0041,9.8114,-0.2656,-0.3396,-0.3345
24480,1170,754,33.928,26.89,-0.0297,0.0207,9.8402,-0.5791,-0.0626,0.4876
24485,1154,766,33.928,26.915,-0.0024,0.0714,9.735,0.0804,0.3786,0.9036
24490,1161,767,33.834,26.873,-0.0277,-0.0526,9.7916,-0.2589,-0.493,0.553
24495,1155,771,33.851,26.888,0.0231,-0.0583,9.8131,0.3673,0.184,-0.4601
24500,1141,773,33.794,26.861,0.0375,-0.0281,9.7831,-0.0559,-1.2072,-0.1102
24505,1152,771,33.786,26.952,-0.0238,-0.0275,9.8284,-0.2698,-0.5522,-0.0561
24510,1155,768,33.914,26.929,-0.0192,-0.0174,9.8303,-0.3046,-0.8165,0.5713
24515,1135,780,33.787,26.885,0.0625,0.0208,9.7642,-0.4635,0.1565,-0.4742
24520,1133,785,33.962,26.846,0.0484,0.0537,9.7062,0.1479,-0.1837,0.5138
24525,1134,780,33.818,27.028,-0.0142,0.0242,9.7957,0.3678,-0.1534,0.2254
24530,1124,785,33.873,26.902,0.0195,0.0143,9.8079,0.6066,0.4941,-0.281
24535,1128,789,33.886,26.912,0.0216,-0.0398,9.8911,-0.6975,0.8436,0.049
24540,1117,799,33.835,26.924,-0.1311,0.0688,9.7949,-0.4173,-0.0123,-0.6945
24545,1126,798,33.77,26.826,0.028,0.013,9.7896,0.2418,0.2629,0.148
24550,1113,799,33.808,26.879,0.0778,-0.0637,9.8291,-0.1241,0.2131,0.7861
24555,1108,805,33.919,26.871,-0.0741,-0.0217,9.7073,-0.5368,-0.2989,0.4561
24560,1110,802,33.917,26.885,-0.0397,-0.0234,9.7704,0.1777,-0.8302,0.2095
24565,1098,806,33.851,26.852,0.0361,0.0004,9.8536,-0.1744,0.0943,-0.1162
24570,1097,807,33.894,26.908,-0.0304,-0.0092,9.7316,0.5251,0.9858,-0.2297
24575,1110,810,33.875,26.992,-0.0006,0.1157,9.8968,1.291,-0.0685,0.1165
24580,1092,806,33.899,26.853,0.0914,0.0118,9.7541,0.5502,0.5435,0.0153
24585,1099,822,33.888,26.953,-0.0536,-0.0139,9.731,-0.313,-0.8815,-0.6209
24590,1093,818,33.899,26.925,-0.0497,-0.046,9.9548,0.5522,-0.1903,0.5664
24595,1090,822,33.821,26.883,-0.0539,-0.0085,9.8605,0.3401,0.0523,-0.3363
24600,1088,818,33.822,26.859,-0.0389,-0.0472,9.7567,-0.2581,-0.214,0.1281
24605,1082,828,33.968,26.814,-0.0089,0.0584,9.8671,0.2186,-0.4271,-0.3655
24610,1077,832,33.809,26.876,-0.0074,0.0512,9.7556,0.6332,-1.0602,-1.0639
24615,1086,827,33.91,26.948,0.1198,0.0585,9.8043,0.075,-0.5444,0.6749
24620,1083,835,33.736,26.925,0.0014,0.0326,9.8632,0.0047,-0.6836,0.2731
24625,1074,833,33.874,26.832,0.0342,0.0461,9.8519,-0.03,-1.586,-0.2572
24630,1068,835,33.887,26.937,0.0463,0.0324,9.8085,-0.276,0.1841,0.5217
24635,1070,837,33.804,26.876,0.0075,-0.0621,9.826,-0.9287,-0.4334,0.0923
24640,1061,834,33.808,26.896,0.1008,-0.0585,9.8163,-0.401,-0.1441,-0.6684
24645,1062,835,33.815,26.914,0.0315,-0.0336,9.7599,0.964,-0.0591,-0.7505
24650,1057,836,33.935,26.827,0.042,-0.0027,9.784,-0.1928,-0.618,0.6564
24655,1052,836,33.812,26.861,0.0207,-0.0095,9.7618,0.0579,0.5344,-0.1793
24660,1047,843,33.822,26.947,-0.0788,0.0037,9.791,-0.1158,-0.8074,0.1835
24665,1039,839,33.863,26.907,0.0019,0.0383,9.8954,0.4097,-0.6498,-0.6107
24670,1045,834,33.958,26.853,0.0614,-0.0345,9.8069,0.2461,0.5685,-0.808
24675,1029,838,33.828,26.941,-0.1051,0.0462,9.7437,0.4188,0.2267,0.6286
24680,1026,841,33.85,26.881,0.0454,0.0525,9.8236,-0.5908,-0.4034,-0.3476
24685,1020,837,33.842,26.869,0.0157,0.1038,9.7975,0.12,-0.035,0.8809
24690,1014,838,33.868,26.994,0.136,0.0242,9.7893,0.6003,0.072,0.578
24695,1009,835,33.788,26.936,-0.0112,0.0149,9.8143,0.4953,-0.0293,-0.5599
24700,1001,834,33.745,26.901,-0.0275,0.0247,9.7157,0.2302,-0.06,-0.5421
24705,990,836,33.881,26.955,-0.044,-0.0323,9.8704,0.9381,-0.1522,1.1801
24710,984,833,33.889,26.906,-0.0312,0.0394,9.7615,-0.5718,0.2335,0.111
24715,974,836,33.846,26.883,-0.0092,0.0472,9.852,-0.2237,0.0881,0.0355
24720,968,835,33.876,26.895,0.0197,0.0794,9.86,-0.8722,-0.7571,-0.8883
24725,958,831,33.863,26.819,-0.0654,0.0136,9.7443,0.7527,0.2479,0.9284
24730,946,831,33.867,26.932,0.0673,-0.0418,9.885,-0.7629,0.0029,-0.1513
24735,944,838,33.898,26.863,0.1075,0.0133,9.7516,-0.3763,-0.5955,-0.2347
24740,923,834,33.85,26.857,0.0229,-0.0184,9.8654,-0.1032,0.2618,-0.5533
24745,913,835,33.9,26.922,0.0005,-0.0578,9.8504,-0.1528,0.1649,0.3486
24750,904,831,33.845,26.957,0.0143,0.0114,9.7343,0.0217,1.1905,0.3045
24755,905,831,33.858,26.946,-0.051,-0.1213,9.8525,0.1812,0.0274,0.029
24760,884,828,33.863,26.864,0.0215,0.011,9.7486,-0.0053,0.0835,-0.2011
24765,888,826,33.887,26.82,0.0363,0.0477,9.7754,0.5563,-0.9171,-0.1469
24770,859,829,33.747,26.844,0.0369,-0.0654,9.7844,-0.0572,-0.9149,-0.5895
24775,860,826,33.83,26.867,-0.0153,-0.0927,9.7941,0.1175,-0.1581,-1.023
24780,843,829,33.924,26.899,0.0254,0.1129,9.7427,-0.2161,0.4098,1.2892
24785,836,824,33.854,26.858,-0.0628,0.0778,9.766,-0.0974,-0.2139,0.1042
24790,828,824,33.811,26.923,0.0431,-0.0107,9.8808,-0.1623,-0.0512,-0.3271
24795,811,821,33.804,26.873,0.0023,-0.0805,9.8454,-0.656,1.2391,-0.1199
24800,816,826,33.888,27.018,0.0501,-0.0205,9.7824,-0.6063,0.1376,-0.534
24805,797,819,33.837,26.928,-0.0035,0.066,9.8075,-0.3831,-0.1681,0.4919
24810,787,820,33.905,26.977,-0.0893,0.0195,9.8348,-0.2704,-0.0783,0.5109
24815,784,821,33.853,26.906,0.1239,-0.0021,9.9293,0.4529,-0.4725,-0.2745
24820,772,820,33.84,26.819,0.0256,0.068,9.7339,-0.284,-0.9426,-0.2527
24825,777,821,33.827,26.864,-0.003,0.0534,9.7703,-0.6537,0.1947,0.5936
24830,767,814,33.873,26.949,-0.0311,-0.0002,9.7621,-0.4987,0.4933,0.0496
24835,764,820,33.828,26.947,-0.0139,0.0392,9.816,0.865,-0.0569,-0.2259
24840,757,821,33.96,26.968,0.0601,0.079,9.7918,0.2181,0.3077,-0.1393
24845,753,818,33.869,26.854,0.07,0.0503,9.8072,-0.0005,-0.202,0.6834
24850,746,814,33.841,26.943,0.0267,-0.0318,9.7658,0.7153,-0.1295,0.657
24855,753,826,33.883,26.954,0.0386,-0.0595,9.7549,-0.2814,0.1444,0.9605
24860,756,818,33.883,26.96,-0.0117,-0.0343,9.7741,-0.4131,-0.2466,0.0816
24865,751,816,33.812,26.863,-0.0458,0.0248,9.8238,-0.4078,0.5984,0.4254
24870,745,813,33.815,26.839,-0.0272,0.0543,9.8422,-0.0531,0.3214,0.1442
24875,753,816,33.798,26.894,0.0014,-0.0451,9.8034,0.3175,0.6873,0.3646
24880,750,815,33.939,26.813,-0.0544,0.0359,9.8361,-0.6805,0.0579,-0.4071
24885,756,815,33.953,26.991,0.0099,0.0624,9.7732,0.1857,0.054,-0.2468
24890,757,813,33.901,26.953,-0.002,-0.0592,9.814,-0.1436,-1.1827,0.1879
24895,763,814,33.814,26.868,0.0212,0.0945,9.7194,0.2014,-0.5523,-1.355
24900,768,813,33.865,26.962,-0.0397,-0.0339,9.8019,0.0824,0.1074,-0.2583
24905,773,806,33.887,26.866,0.0259,-0.0405,9.8616,-0.1037,-0.5912,0.3464
24910,785,813,33.822,26.925,-0.0037,0.0259,9.8075,0.5022,0.2938,0.5754
24915,796,815,33.872,26.953,-0.0415,-0.0133,9.8921,-0.4116,-0.8325,-1.3974
24920,800,812,33.788,26.968,0.0008,0.0949,9.8904,-0.0795,0.0677,-0.3488
24925,815,803,33.86,26.943,-0.0604,-0.0038,9.7848,0.6042,0.5039,0.359
24930,819,804,33.73,26.833,0.0066,-0.0897,9.8294,-0.2,-1.1747,-1.1782
24935,834,804,33.842,26.978,0.0119,0.0116,9.7607,0.2837,0.1312,0.2089
24940,847,802,33.866,26.947,-0.0465,-0.0445,9.8033,0.2336,0.104,0.0188
24945,854,802,33.757,26.858,-0.019,0.0139,9.7912,-0.1689,0.2444,0.3918
24950,878,799,33.868,27.036,-0.0049,-0.0078,9.7523,0.4642,-0.4149,0.8266
24955,887,793,33.864,26.904,-0.0565,0.1131,9.8034,-1.0252,0.1549,0.0087
24960,888,796,33.865,26.815,-0.0134,0.0006,9.8227,-0.1144,-0.0323,1.3198
24965,911,794,33.848,26.932,-0.0547,0.0299,9.7352,0.2262,-0.5024,0.3477
24970,916,792,33.85,26.909,0.0603,-0.0147,9.846,0.0209,-0.4156,0.6844
24975,930,793,33.85,26.944,0.0428,-0.0622,9.7331,-0.2474,-0.8953,0.6309
24980,941,792,33.834,26.901,-0.0091,-0.0343,9.8087,1.3206,0.3653,-0.4061
24985,955,791,33.839,26.937,-0.0281,0.0211,9.8987,-0.237,-0.069,-0.3294
24990,972,781,33.827,26.916,-0.0007,0.0404,9.8553,-0.5077,-0.1631,-0.2535
24995,990,782,33.95,26.874,-0.0556,0.0634,9.8415,0.2735,0.8614,0.4184
25000,1012,779,33.771,26.991,-0.0111,-0.0737,9.8801,-0.2261,0.9525,0.09
25005,1023,780,33.878,26.885,-0.028,-0.121,9.839,-0.9857,-0.5253,0.1996
25010,1032,779,33.835,26.942,0.0026,-0.0434,9.7553,-0.543,0.3633,0.119
25015,1046,775,33.842,26.892,-0.0703,-0.0101,9.7982,0.0305,0.0692,0.3493
25020,1048,772,33.898,26.949,-0.012,0.003,9.7956,0.5087,-0.6181,0.2558
25025,1064,767,33.887,26.957,-0.0042,0.0421,9.834,-0.1258,-0.4359,0.5034
25030,1077,771,33.92,26.978,-0.013,0.0205,9.8446,0.3843,-0.1496,0.314
25035,1093,766,33.908,26.783,0.0357,-0.0081,9.8059,-0.2176,0.6226,-0.9737
25040,1105,764,33.744,26.914,0.0666,-0.0332,9.8022,0.1623,-0.1234,0.1252
25045,1108,758,33.852,26.896,-0.0044,0.0162,9.8066,-1.0575,0.2829,-0.0609
25050,1121,760,33.797,26.865,0.0253,-0.0782,9.7789,-0.0117,0.2408,-0.4259
25055,1140,757,33.801,26.924,0.0095,-0.0129,9.8309,0.0411,-0.2121,0.0275
25060,1139,760,33.718,26.848,-0.0603,-0.0441,9.8946,0.3722,0.1378,-0.1491
25065,1141,755,33.871,26.854,-0.0379,-0.0024,9.7929,0.1341,0.6405,0.5408
25070,1157,755,33.872,26.904,0.0019,0.0308,9.8688,-0.1885,0.3599,-0.7579
25075,1153,755,33.907,26.811,0.0056,0.0037,9.8327,-0.0639,-0.7043,0.2202
25080,1165,751,33.933,26.839,0.0661,-0.0121,9.7706,-0.8386,-0.4818,0.5591
25085,1165,748,33.875,26.886,-0.0314,0.0695,9.8354,-0.162,-0.9364,0.2844
25090,1179,745,33.889,26.941,0.0735,0.01,9.7798,0.243,0.4872,-1.1399
25095,1180,749,33.831,26.863,-0.0395,0.0152,9.7582,0.5645,0.7971,-0.1445
25100,1175,755,33.843,26.862,-0.0699,-0.0244,9.8242,0.3324,-0.3183,-0.7023
25105,1182,746,33.873,26.938,-0.0055,-0.0179,9.7694,0.0255,0.1324,0.1687
25110,1190,753,33.858,26.879,0.0332,0.0772,9.8017,0.9884,-0.1587,1.1293
25115,1189,751,33.837,26.889,0.0117,0.0212,9.7958,0.4224,-0.596,0.1703
25120,1188,746,33.845,26.96,-0.0606,-0.0045,9.8383,-1.2991,-0.4069,0.5036
25125,1195,748,33.85,26.948,0.0082,0.0348,9.7767,0.6932,0.4232,-0.2577
25130,1180,751,33.902,26.872,0.0045,0.0487,9.8582,0.5867,-0.0026,0.6349
25135,1186,750,33.961,26.921,0.0473,0.1253,9.777,-0.3395,0.0626,0.5502
25140,1189,754,33.937,26.884,0.0599,0.0127,9.6905,0.2861,0.4289,-0.1782
25145,1180,751,33.924,26.875,-0.0306,-0.0116,9.7218,0.2021,0.3354,-0.0341
25150,1178,754,33.784,26.914,0.024,-0.0772,9.8107,0.5002,-0.6404,-0.0902
25155,1176,753,33.813,26.845,0.0459,0.1017,9.7758,-0.6351,-0.2454,-1.1429
25160,1165,755,33.82,26.978,-0.0671,0.0507,9.8592,0.8116,0.0129,-0.7129
25165,1169,755,33.845,26.883,0.0138,-0.0266,9.8142,0.4466,-0.0352,-0.9075
25170,1176,762,33.894,26.903,0.005,-0.0731,9.8076,-0.543,0.093,0.1795
25175,1173,762,33.797,26.91,-0.0317,-0.0424,9.814,-0.2771,0.433,-0.7241
25180,1156,764,33.822,26.961,0.019,0.06,9.7768,-0.4478,0.1463,0.0649
25185,1163,768,33.853,26.866,0.0143,-0.0122,9.8399,-0.4107,-0.152,-0.205
25190,1144,766,33.915,26.929,0.0436,-0.0839,9.9101,-0.5481,-0.0761,0.5258
25195,1151,778,33.821,26.899,0.0551,-0.0622,9.8761,-0.3666,0.1918,0.5863
25200,1146,774,33.898,26.91,0.0371,-0.0853,9.8493,0.6644,0.1705,0.2025
25205,1146,777,33.831,26.881,-0.021,0.0241,9.7956,0.3444,-0.4266,-0.6489
25210,1145,775,33.754,26.926,-0.0366,0.0556,9.725,-0.0585,0.3406,0.1214
25215,1144,784,33.822,26.937,-0.0542,-0.0413,9.8024,0.3082,0.2253,0.4611
25220,1133,783,33.816,26.954,0.0735,0.0106,9.7671,-0.2456,0.1718,-0.52
25225,1137,787,33.883,26.847,-0.035,-0.0306,9.8391,0.2188,-0.0318,-0.3198
25230,1127,792,33.832,26.893,0.0666,-0.0332,9.8703,-0.6054,0.7926,-0.0896
25235,1117,791,33.875,26.891,-0.0314,-0.0475,9.8425,-0.0868,0.0844,0.0478
25240,1117,794,33.856,26.917,0.0306,0.0499,9.8873,0.7861,-0.4249,0.5994
25245,1118,796,33.869,26.854,-0.0718,0.0284,9.7816,-0.0483,-0.9257,-0.2072
25250,1118,801,33.896,26.944,-0.0712,-0.0289,9.8577,0.2764,0.6505,0.8128
25255,1113,806,33.784,26.879,-0.0316,0.0334,9.7815,0.5009,0.3199,0.1774
25260,1100,808,33.836,27.024,0.0071,0.1305,9.8069,0.42,0.1138,0.3319
25265,1101,808,33.783,26.864,0.0553,-0.0286,9.7863,0.1127,-0.4702,-0.4187
25270,1100,813,33.857,26.904,0.0362,0.006,9.8151,-0.3328,-0.2322,0.5223
25275,1095,812,33.916,26.945,0.0142,-0.0226,9.7669,0.3108,-0.5808,0.3773
25280,1092,819,33.825,26.834,-0.0778,0.0142,9.7902,-0.3154,1.1419,-0.4541
25285,1086,814,33.802,26.839,-0.0072,-0.0158,9.7145,0.2964,0.3355,0.2406
25290,1102,820,33.975,26.822,-0.0068,0.0164,9.8306,-0.1377,0.6085,-0.8934
25295,1091,815,33.936,26.816,-0.0743,-0.0447,9.7817,-0.0256,-0.2643,0.5079
25300,1090,825,33.867,26.953,0.0125,0.0013,9.7466,0.2166,-0.8536,-0.3132
25305,1083,822,33.836,26.925,-0.0571,0.0236,9.9097,0.6755,0.5361,0.6868
25310,1079,827,33.79,26.909,0.0194,-0.0009,9.8219,0.2779,0.3222,-0.2488
25315,1086,831,33.91,26.947,-0.0664,-0.0473,9.9187,-0.339,0.1974,-0.0836
25320,1079,833,33.873,26.958,0.007,0.0297,9.8225,0.3356,-0.039,-0.6692
25325,1067,837,33.932,26.902,-0.0361,-0.0299,9.72,0.8316,-1.169,-0.5005
25330,1069,832,33.952,26.94,-0.0229,0.0114,9.8497,-0.3678,0.4363,0.3748
25335,1058,831,33.863,26.973,-0.0376,0.0545,9.8588,0.6166,0.2258,0.0393
25340,1063,835,33.866,26.985,-0.0211,0.0487,9.8422,0.0967,-0.4936,0.5622
25345,1061,841,33.765,26.91,-0.0109,-0.0418,9.8656,0.5257,0.4277,-0.2417
25350,1060,838,33.84,26.899,0.0489,-0.0507,9.862,0.253,-0.8437,0.3744
25355,1048,829,33.866,26.878,0.0075,-0.0191,9.8319,0.6644,0.4567,0.5862
25360,1046,838,33.925,26.854,-0.0099,-0.0303,9.8018,0.2751,-0.2967,-0.3383
25365,1049,843,33.765,26.866,-0.0266,-0.0294,9.8192,-0.2915,0.8161,-0.1878
25370,1036,834,33.943,26.885,-0.078,0.0365,9.8902,0.0221,0.0407,0.0982
25375,1030,839,33.813,26.899,0.0615,0.0312,9.792,-0.4189,-0.1972,0.1383
25380,1028,835,33.908,26.908,0.0457,-0.0202,9.8906,0.721,0.1109,0.5726
25385,1018,834,33.904,26.922,-0.0038,0.0328,9.7782,0.5621,0.0914,0.147
25390,1001,836,33.845,26.896,0.0413,0.0073,9.8024,0.245,-0.1496,0.4607
25395,999,833,33.835,26.882,0.089,0.0064,9.8576,-0.542,-0.45,-0.2623
25400,988,836,33.784,26.882,-0.0006,-0.0806,9.7527,-0.7074,0.2882,0.7389
25405,988,833,33.821,26.925,0.0133,-0.0349,9.7701,0.5467,0.0859,-0.8039
25410,968,836,33.83,26.934,0.001,-0.0323,9.7664,-0.134,0.0444,-0.8745
25415,956,835,33.861,26.916,0.0103,-0.0519,9.7138,0.0655,0.2724,-0.2306
25420,952,838,33.914,26.84,-0.135,-0.0406,9.8517,0.0148,-0.3032,-0.7495
25425,952,836,33.805,26.962,0.084,-0.0332,9.8602,0.1916,0.1051,0.2843
25430,932,836,33.885,26.814,0.0148,0.017,9.7915,0.033,-0.0915,-0.1805
25435,920,829,33.79,26.948,0.0454,-0.0053,9.8275,0.2819,0.0635,0.2855
25440,921,827,33.733,26.926,-0.0132,0.0751,9.8261,0.6448,-0.2917,0.5921
25445,905,831,33.789,26.936,0.024,-0.0224,9.7048,0.2881,0.3009,-0.8771
25450,899,832,33.767,26.828,0.0775,0.0572,9.8529,-0.023,1.0299,-1.2009
25455,889,824,33.856,26.837,-0.1112,0.0456,9.8153,0.3229,0.5795,-0.1671
25460,875,826,33.856,26.916,0.0124,-0.0045,9.8724,-0.4379,0.1399,-0.1218
25465,866,829,33.895,27.032,0.0467,0.0035,9.7539,0.2894,0.5973,1.0053
25470,854,826,33.799,26.841,-0.0368,0.0351,9.8229,0.0787,-0.0662,-0.7908
25475,843,831,33.915,26.855,0.0514,0.008,9.8012,-0.2519,-0.2238,0.4479
25480,837,831,33.854,26.954,0.0221,0.0368,9.7772,0.4827,0.2664,0.4165
25485,826,822,33.807,26.911,-0.0493,0.0116,9.7641,1.1822,-0.6567,-0.1362
25490,816,826,33.846,26.874,0.0623,0.0295,9.8375,0.0477,-0.0408,0.6651
25495,808,825,33.839,26.954,0.003,-0.1108,9.8355,0.0353,0.4645,0.1197
25500,806,821,33.799,26.898,-0.0114,-0.0703,9.876,0.3197,0.0133,0.2568
25505,793,821,33.792,26.949,-0.005,0.0219,9.8136,-0.1841,-0.3667,0.1287
25510,778,820,33.886,26.839,-0.0663,-0.0727,9.9281,-0.5676,0.7057,-1.0739
25515,775,822,33.876,26.891,-0.0159,0.0344,9.7739,0.203,0.0596,0.6215
25520,774,819,33.894,26.894,-0.0304,-0.0878,9.8056,-0.3955,-0.3302,-0.4896
25525,765,815,33.905,26.841,0.009,-0.0522,9.7827,0.2585,0.0934,-0.7626
25530,759,818,33.9,26.927,0.0385,-0.0215,9.7459,0.3853,0.3169,0.7577
25535,762,814,33.891,26.992,0.0388,-0.0942,9.8055,-0.5155,-0.4495,0.7801
25540,754,815,33.787,26.856,0.0301,0.0203,9.723,-0.5509,-0.7296,-0.5139
25545,756,819,33.939,26.889,-0.0231,-0.0244,9.806,-0.2497,-0.0061,0.1592
25550,755,817,33.904,26.927,-0.0876,-0.0374,9.7546,0.1308,-0.3149,-0.4712
25555,748,818,33.873,26.893,-0.083,0.0233,9.7946,0.7611,0.1765,0.623
25560,751,819,33.92,26.898,0.077,0.0324,9.8766,-0.5372,-0.3191,0.0834
25565,743,816,33.846,26.853,0.0511,0.039,9.7776,-0.5968,0.1425,-0.0901
25570,754,819,33.792,26.941,0.0466,-0.1178,9.8038,1.2484,-0.3377,-0.449
25575,750,818,33.836,26.807,0.0486,0.0263,9.7996,-0.0307,0.2627,-0.6309
25580,758,814,33.828,27.0,0.0329,0.042,9.853,0.2334,-0.0318,-0.6513
25585,763,819,33.778,26.839,0.0226,0.0665,9.7312,-0.7827,0.2094,0.7336
25590,772,813,33.817,26.959,-0.0701,-0.0259,9.6884,-0.2257,0.3896,-0.3007
25595,772,809,33.896,26.9,0.0294,-0.1072,9.8763,-0.4093,-0.7425,-0.8799
25600,781,808,33.85,26.939,-0.0231,-0.0634,9.8142,-0.4083,-0.0076,-0.2893
25605,796,805,33.861,26.951,0.0386,0.0119,9.8562,-0.2554,0.7932,0.6622
25610,800,812,33.901,26.874,0.0556,0.0144,9.7584,-0.2007,-0.1391,-0.0803
25615,795,811,33.987,26.883,-0.0168,-0.0177,9.7878,0.5433,0.0409,-0.251
25620,807,804,33.96,26.987,0.0787,0.0239,9.8533,0.2428,-0.2398,-0.5111
25625,812,804,33.811,26.87,0.0702,-0.0244,9.8081,1.1118,1.003,0.1132
25630,840,807,33.902,26.887,0.0007,0.016,9.8374,0.6603,0.8536,0.4573
25635,842,795,33.777,26.928,-0.0388,-0.0454,9.7932,0.7433,0.1628,-0.6778
25640,850,802,33.795,26.896,-0.0357,0.0273,9.7631,-0.6427,0.3762,-0.0267
25645,866,798,33.84,26.898,-0.0933,0.0267,9.7154,-0.2378,-0.0714,0.1661
25650,884,800,33.93,26.93,-0.0589,0.0686,9.7904,-0.1157,-0.2519,0.4484
25655,907,794,33.86,26.861,-0.1091,-0.0555,9.7686,0.125,-0.6907,0.4412
25660,911,794,33.844,26.863,-0.0447,0.0315,9.8244,-0.3743,-0.2424,0.7733
25665,921,792,33.864,26.8,0.0187,0.0072,9.7943,0.0302,0.3877,0.3781
25670,931,790,33.96,26.821,-0.0401,-0.0128,9.7423,0.9176,-0.0052,0.2485
25675,950,787,33.873,26.843,0.046,0.058,9.8006,0.1305,-0.8324,0.0106
25680,958,784,33.85,26.848,0.0541,0.0212,9.7004,-0.2279,1.2918,0.9097
25685,981,785,33.823,26.815,0.0115,-0.011,9.8019,-0.2111,-0.7964,-0.1119
25690,990,779,33.786,26.895,0.0634,-0.0276,9.7941,-1.0556,0.1101,0.543
25695,1001,786,33.834,26.816,-0.0464,0.0293,9.8884,0.3478,0.5412,0.2101
25700,1019,781,33.803,26.8,0.0053,-0.1273,9.753,0.1039,-0.0797,-0.5003
25705,1039,776,33.889,26.884,-0.0477,-0.0054,9.7749,0.1822,0.1874,-0.0669
25710,1046,776,33.873,26.865,0.0331,0.0154,9.7648,0.3076,0.1697,0.458
25715,1059,775,33.75,26.95,0.0526,0.0505,9.8722,0.3867,0.1729,-0.0859
25720,1073,767,33.852,26.86,0.0063,0.0111,9.8032,-0.1451,1.0056,0.1609
25725,1089,767,33.838,26.824,0.0467,-0.0196,9.8399,0.2932,-0.7951,0.685
25730,1096,771,33.836,26.899,-0.0524,0.0994,9.7739,-1.0211,0.4793,0.1032
25735,1102,763,33.88,26.944,-0.0057,-0.0738,9.7636,-1.3068,1.1421,-0.3408
25740,1120,765,33.787,26.885,0.0223,0.0209,9.7333,0.2408,0.2468,-0.1817
25745,1124,757,33.882,26.773,-0.047,0.057,9.8308,0.1156,0.1554,-0.7286
25750,1129,754,33.768,26.975,-0.0047,0.006,9.6989,0.2293,-0.1571,0.4308
25755,1138,757,33.883,26.942,0.0086,-0.0457,9.7936,0.4628,-0.2116,-1.2299
25760,1149,763,33.832,26.927,-0.0045,-0.0433,9.7404,-0.2848,0.1313,0.5434
25765,1156,757,33.859,26.9,-0.0175,-0.0109,9.8693,-0.1493,0.2033,0.1493
25770,1163,759,33.789,26.873,0.0127,0.0256,9.7645,-0.0232,0.0695,-0.2403
25775,1160,759,33.849,26.972,0.0217,-0.0736,9.7472,0.6377,-0.5607,0.2046
25780,1173,751,33.866,26.862,-0.0523,0.0258,9.8552,0.2485,0.5784,0.0984
25785,1176,742,33.927,26.878,-0.0636,0.0333,9.7964,-0.5178,0.7225,0.0589
25790,1184,750,33.76,26.843,0.0498,-0.0265,9.8576,-0.2813,-0.2624,0.8686
25795,1184,748,33.853,26.851,-0.0371,-0.063,9.8822,-0.3212,0.0686,0.1309
25800,1191,750,33.822,26.865,0.0883,0.0001,9.7158,-0.6744,0.2036,0.1456
25805,1185,748,33.841,26.855,-0.024,-0.0878,9.8453,-0.3506,-0.3458,-0.1043
25810,1186,746,33.845,26.92,-0.0322,-0.0422,9.8112,0.3405,-0.3688,-0.4452
25815,1184,755,33.861,26.798,0.0058,-0.009,9.7954,0.1113,-0.1923,0.0797
25820,1186,750,33.779,26.865,-0.0142,0.0254,9.8761,-0.1569,0.5071,-0.1101
25825,1189,745,33.831,26.896,0.0607,-0.0174,9.6731,-0.1957,-1.2109,0.8294
25830,1193,749,33.81,26.865,0.0611,0.0122,9.8263,0.5218,0.1535,-0.2534
25835,1190,749,33.83,26.92,0.0044,-0.0449,9.7208,0.9452,0.7165,-0.0394
25840,1194,754,33.833,26.904,-0.0666,0.0582,9.7145,-0.1113,0.2667,0.378
25845,1185,753,33.82,26.812,0.0161,-0.0361,9.9001,-0.2115,0.3592,0.6495
25850,1177,759,33.872,26.935,0.0051,0.0102,9.778,-0.4022,-0.0125,0.8269
25855,1172,756,33.786,26.945,-0.0314,0.1163,9.8785,0.0898,-0.4389,0.0271
25860,1169,761,33.783,26.893,0.0116,-0.0419,9.8266,-0.9036,-0.8067,-0.7216
25865,1176,758,33.848,26.896,-0.0277,0.1092,9.7234,0.4088,-0.2521,0.3443
25870,1168,764,33.889,26.943,-0.0347,0.0627,9.7505,0.1469,0.2161,-0.659
25875,1164,767,33.814,26.838,-0.0459,-0.0061,9.7575,0.0837,0.0554,-0.8729
25880,1166,771,33.832,26.841,0.0846,-0.0512,9.8092,-0.7626,-0.5747,0.0942
25885,1165,768,33.786,26.833,0.0211,0.0035,9.7935,0.0071,0.2109,-0.1759
25890,1151,769,33.759,26.884,-0.0167,0.0289,9.7746,0.0123,-0.4238,-0.7667
25895,1153,773,33.904,26.895,0.0381,0.0406,9.7731,0.1163,0.7418,-0.2843
25900,1155,779,33.839,26.896,-0.0319,0.0191,9.7937,-0.064,0.0165,0.0257
25905,1139,783,33.912,26.908,-0.0215,0.0614,9.7568,-0.1965,-0.6308,-0.806
25910,1132,781,33.862,26.964,0.076,-0.062,9.8935,0.7965,-0.3915,-0.0567
25915,1130,781,33.787,26.938,0.0628,0.0024,9.8265,-0.036,0.1841,0.299
25920,1125,785,33.873,26.862,0.029,0.0403,9.7791,0.8867,0.4825,0.0014
25925,1129,789,33.811,26.882,-0.0279,-0.0161,9.8189,0.0999,0.0591,-0.1935
25930,1126,792,33.828,26.979,-0.0352,0.0082,9.7652,-0.7684,0.2181,0.1828
25935,1114,795,33.812,26.789,0.0106,0.0236,9.7987,-0.2589,0.3172,0.47
25940,1124,795,33.852,26.886,-0.0099,0.0239,9.7584,-0.0569,0.8234,1.2093
25945,1123,805,33.798,26.8,0.01,-0.0395,9.7667,-0.3371,-0.7693,-0.7201
25950,1108,802,33.867,26.922,-0.034,0.0238,9.8122,0.4051,-0.0687,-0.6089
25955,1108,803,33.858,26.93,0.018,0.0201,9.874,0.2317,-0.5637,-0.848
25960,1100,809,33.856,26.8,-0.061,0.0619,9.8561,-0.6904,0.3955,-0.3864
25965,1096,812,33.76,26.904,0.0605,0.0652,9.8115,0.6948,0.7099,-0.5296
25970,1094,814,33.766,26.856,-0.0973,-0.0301,9.7989,-0.3624,-0.2896,-0.299
25975,1100,815,33.958,26.899,0.0013,0.0252,9.7019,-0.3895,-0.1311,0.4639
25980,1088,816,33.904,26.846,0.0569,-0.0137,9.902,-0.4765,0.8314,-0.7103
25985,1088,823,33.828,26.896,-0.0278,-0.0915,9.7911,-0.8047,-0.426,0.1881
25990,1097,828,33.826,26.905,0.0208,0.0301,9.8777,-0.7307,0.2151,0.5035
25995,1080,821,33.802,26.967,-0.0007,0.0472,9.7285,0.417,-0.0902,-0.0356
26000,1094,824,33.845,26.901,0.0463,-0.025,9.7812,-0.7419,-0.5725,0.2413
26005,1082,830,33.918,26.928,0.0311,0.0202,9.8057,-1.3639,0.2667,0.4093
26010,1075,833,33.79,26.962,0.004,-0.0587,9.839,-1.2605,0.3971,-1.0799
26015,1073,829,33.887,26.944,0.1261,0.0077,9.8494,-0.1194,-0.5504,0.6732
26020,1069,828,33.779,26.879,0.0016,-0.0148,9.8501,-0.2063,-0.6375,-0.3775
26025,1077,831,33.843,26.959,0.0208,0.0607,9.8917,0.6347,0.3091,-0.0832
26030,1053,830,33.768,26.883,0.0371,-0.0263,9.8555,0.9679,0.2968,0.3647
26035,1056,834,33.903,26.876,-0.0188,0.0243,9.775,-0.4451,0.0847,-0.0566
26040,1058,834,33.828,26.901,-0.0171,0.0848,9.8437,-0.5244,0.7222,0.7391
26045,1053,839,33.858,26.894,0.0585,0.014,9.7742,-0.338,-0.1892,-0.5464
26050,1054,836,33.842,26.98,-0.0255,-0.0545,9.833,0.4404,-0.1085,0.4986
26055,1045,841,33.726,26.937,-0.0447,-0.1016,9.8183,0.4858,0.5072,0.1827
26060,1038,839,33.707,26.851,0.0627,0.1086,9.7932,0.0819,-0.08,0.0657
26065,1028,840,33.88,26.945,0.0662,0.0466,9.7995,0.9259,0.069,0.9547
26070,1016,833,33.788,26.911,-0.1077,0.0074,9.8286,0.0915,-0.0124,-0.8378
26075,1015,840,33.983,26.9,-0.0284,-0.0581,9.8134,0.1261,0.0968,0.443
26080,1013,834,33.826,26.962,0.0398,0.0019,9.7909,-0.3734,-0.27,0.4591
26085,1009,837,33.831,26.97,0.0636,0.0769,9.8076,0.3428,-0.7192,-0.1678
26090,1003,840,33.799,26.811,0.0031,0.0128,9.8835,-0.7645,-0.1453,-0.5842
26095,993,840,33.731,26.879,-0.0804,-0.001,9.7602,0.2881,-0.4647,0.5987
26100,977,835,33.811,26.957,0.0304,0.0078,9.8649,-0.6865,0.0828,-0.7685
26105,976,833,33.821,26.995,0.0186,0.0029,9.7728,0.0893,0.9428,0.1199
26110,960,836,33.874,26.857,-0.0403,0.0449,9.8359,-0.2781,-0.4384,-0.0354
26115,954,834,33.836,26.991,0.0616,0.0072,9.7999,1.4902,0.733,0.2832
26120,952,836,33.839,26.871,-0.05,0.0111,9.8179,1.0624,-0.8047,-0.7119
26125,938,830,33.818,26.946,0.0369,-0.061,9.7656,0.4589,0.3954,0.0298
26130,931,833,33.817,26.891,-0.0954,0.0184,9.7974,-0.0264,0.8397,1.1331
26135,916,830,33.754,26.834,0.0721,-0.0351,9.8325,0.001,0.4994,-1.0719
26140,900,824,33.814,26.945,0.069,-0.0586,9.8425,0.1716,0.1306,0.333
26145,886,833,33.802,26.859,-0.0476,0.0093,9.8949,0.5086,0.4751,-0.6002
26150,886,824,33.846,26.855,0.0443,0.1106,9.818,0.3883,-0.6486,0.2696
26155,872,827,33.784,26.853,0.0291,-0.1025,9.7725,0.1768,0.5522,0.2589
26160,862,829,33.858,26.941,-0.026,-0.03,9.8283,0.1754,-0.2489,-0.4945
26165,852,824,33.838,26.907,-0.0341,0.0002,9.796,0.3196,-0.3239,-1.137
26170,842,827,33.826,26.902,-0.0106,-0.0934,9.6508,0.2433,-0.5051,-0.2587
26175,827,827,33.831,26.893,0.0153,0.0391,9.8153,-0.3297,-0.0882,0.5505
26180,828,821,33.878,26.987,0.0095,-0.0346,9.8038,0.4727,0.1321,1.7137
26185,818,820,33.823,26.915,-0.0138,-0.0159,9.7351,0.8609,-1.1541,0.4582
26190,806,820,33.783,26.898,0.0245,-0.0574,9.7547,0.412,-0.8254,-0.7853
26195,809,829,33.88,26.906,-0.0389,-0.1237,9.7775,0.7615,0.1491,-0.5027
26200,784,827,33.828,26.849,0.0264,0.0021,9.874,-0.7809,-0.62,0.023
26205,782,821,33.856,26.862,0.0447,0.0387,9.8054,-0.2184,0.5952,-0.1529
26210,777,816,33.739,26.832,-0.0877,0.0002,9.8015,0.7242,0.5865,0.148
26215,765,824,33.798,26.95,-0.0106,0.0095,9.8625,-0.1984,0.0444,0.5721
26220,762,816,33.848,26.879,-0.0423,0.0571,9.7656,0.4021,0.3557,-0.0657
26225,763,820,33.869,26.865,0.0849,0.03,9.8144,-0.7741,0.0159,0.3557
26230,747,820,33.844,26.887,-0.0183,0.0176,9.7562,0.28,0.5642,0.3054
26235,758,819,33.849,26.826,0.037,0.0025,9.8162,0.7523,0.2006,0.5529
26240,747,811,33.798,26.777,-0.1184,-0.078,9.8713,0.5723,0.2878,-0.2351
26245,740,817,33.859,26.778,-0.0175,-0.0199,9.8344,-0.4065,-0.1209,0.2941
26250,749,815,33.884,26.884,0.0167,-0.0844,9.8003,-0.2709,-0.0184,-0.0705
26255,747,818,33.891,26.971,-0.0824,-0.0721,9.8656,-0.0813,0.3486,-0.2602
26260,757,818,33.793,26.913,0.0165,-0.0175,9.7921,-0.4031,-0.2164,0.0263
26265,755,816,33.853,26.8,-0.007,-0.0122,9.8291,-0.7161,1.0084,-1.0991
26270,748,815,33.921,26.828,0.0269,-0.0398,9.7615,0.9252,-0.0616,0.6843
26275,756,814,33.916,26.945,-0.0744,0.0622,9.8067,-0.067,0.7405,-0.0037
26280,758,811,33.845,26.911,-0.0732,0.0075,9.8482,0.5168,0.6573,0.3325
26285,774,813,33.831,26.88,0.0421,0.0086,9.8044,-0.3264,0.9928,-0.0005
26290,778,811,33.905,26.885,-0.0632,-0.0405,9.8493,-0.0883,0.2384,0.0896
26295,775,808,33.954,26.923,-0.0296,0.0615,9.8302,0.3489,0.1674,-0.5534
26300,786,805,33.819,26.837,0.0319,0.0576,9.7757,0.2676,0.096,-0.186
26305,799,808,33.9,26.873,-0.0597,0.024,9.7531,0.5134,0.5285,0.503
26310,793,809,33.833,26.913,-0.037,0.0485,9.87,0.4912,-0.3568,-0.3221
26315,810,805,33.823,26.822,-0.0587,-0.076,9.7857,-0.0836,-0.1442,0.5775
26320,825,805,33.784,26.899,-0.0773,0.0072,9.8232,-0.1509,0.3748,-0.4844
26325,827,803,33.806,26.814,-0.0669,0.0028,9.8504,0.6751,-0.1799,0.6569
26330,848,803,33.818,26.881,0.0184,0.026,9.8314,-0.2048,0.5208,0.1731
26335,861,805,33.849,26.886,-0.025,-0.0398,9.8197,-0.4194,-0.0275,-0.2561
26340,865,802,33.858,26.849,0.0322,0.0201,9.8293,-0.0839,-0.0071,0.0606
26345,886,800,33.807,26.935,0.0439,0.0512,9.8189,-0.8541,0.6741,0.4954
26350,898,799,33.835,26.896,-0.0451,-0.0067,9.7842,0.4708,-0.2076,-1.2924
26355,912,789,33.93,26.883,-0.0572,0.0486,9.8119,-0.8071,-0.6278,-0.2922
26360,926,792,33.901,26.902,0.0198,0.0751,9.7719,-1.0006,-0.3913,-0.0307
26365,938,795,33.812,26.805,-0.0678,-0.075,9.7638,-0.2293,-0.2579,-0.1575
26370,953,790,33.938,26.917,0.0134,0.0559,9.8527,0.0331,0.7797,-0.2872
26375,971,791,33.844,26.853,-0.0191,-0.0281,9.8544,0.3764,0.0553,0.5146
26380,986,783,33.888,26.844,0.1126,-0.003,9.7413,-0.7249,0.3181,0.3724
26385,994,784,33.867,26.909,0.0215,0.0114,9.851,-0.0084,0.1857,-0.6592
26390,1007,779,33.726,26.82,-0.035,0.0331,9.7688,-0.2913,0.05,-0.3876
26395,1027,776,33.879,26.866,-0.0398,0.0046,9.787,1.1604,0.1771,-0.1173
26400,1037,776,33.826,27.012,0.0204,0.0179,9.7503,0.9731,-0.5639,-0.6328
26405,1051,777,33.854,26.884,-0.0465,0.0374,9.7847,0.1383,-0.2967,0.3415
26410,1062,775,33.874,26.94,-0.0543,-0.0509,9.8764,-0.4927,-0.2097,0.2497
26415,1066,767,33.903,26.868,-0.0841,-0.1124,9.7813,1.2089,0.5533,0.384
26420,1084,765,33.833,26.899,0.0668,-0.0248,9.7892,0.7517,1.4309,0.322
26425,1095,771,33.774,26.843,0.0802,-0.0422,9.7623,0.3713,-0.3876,-1.1123
26430,1103,764,33.865,26.851,0.053,0.0214,9.7952,-0.3063,-0.4235,-0.6799
26435,1112,763,33.786,26.895,0.0249,-0.054,9.7688,0.0687,-0.4968,-0.6339
26440,1127,758,33.849,26.857,-0.0646,0.0269,9.8931,-0.0733,0.1981,-0.2923
26445,1128,758,33.901,26.959,-0.0396,0.0444,9.7799,1.4136,0.2207,-0.3353
26450,1147,753,33.88,26.963,0.0482,-0.0667,9.836,-0.6132,-0.133,-0.8005
26455,1144,759,33.838,26.866,0.023,-0.0546,9.8699,-0.0258,0.3886,-0.3732
26460,1159,752,33.89,26.86,0.016,0.0342,9.8421,0.3645,0.0722,1.1213
26465,1164,750,33.865,26.867,0.0079,0.009,9.8444,-0.7342,-0.7776,-0.2216
26470,1160,755,33.906,26.819,0.0561,0.0044,9.8587,-0.2339,0.652,0.1664
26475,1178,751,33.856,26.944,-0.0325,0.0188,9.84,1.1121,0.0093,-0.0143
26480,1170,747,33.868,26.896,0.0236,-0.0109,9.9006,0.3295,0.2623,0.8256
26485,1171,756,33.781,27.018,-0.0516,0.0632,9.8413,-0.5972,0.7018,-0.2227
26490,1178,755,33.799,26.829,0.0081,-0.0042,9.8211,-0.0707,-0.4609,0.1233
26495,1192,751,33.884,26.799,-0.048,0.0195,9.7969,-0.2735,-0.7574,0.339
26500,1196,743,33.859,26.856,0.0403,-0.0205,9.7776,-0.8719,0.3329,-0.2638
26505,1189,752,33.85,26.866,-0.0762,-0.0372,9.811,-0.3643,1.8207,1.093
26510,1184,750,33.824,26.853,0.0563,-0.0358,9.766,0.0498,-0.4585,0.0066
26515,1185,748,33.828,26.912,0.0039,-0.0387,9.8158,0.0982,0.9457,0.3273
26520,1181,754,33.792,26.944,0.0223,0.038,9.7577,-0.4251,-0.5332,-1.0114
26525,1186,752,33.721,26.858,0.0225,0.0906,9.8138,0.29,0.733,-0.0544
26530,1183,746,33.867,26.914,0.11,-0.0015,9.7537,0.0635,0.3291,-0.2439
26535,1185,756,33.814,26.829,-0.0877,0.0216,9.8226,-0.4779,-0.0378,-0.2327
26540,1175,753,33.889,26.887,-0.0977,0.0298,9.7386,-0.9718,-1.1294,0.4227
26545,1175,754,33.848,26.9,-0.0298,-0.0097,9.8951,0.2806,-1.0931,0.468
26550,1177,763,33.846,26.832,-0.0596,0.0484,9.8491,0.3795,0.2804,0.4999
26555,1171,758,33.808,26.864,0.0693,0.042,9.7708,-0.2478,-0.0672,-0.2676
26560,1166,763,33.849,26.898,0.0507,0.0098,9.8286,0.1354,0.0921,-1.0937
26565,1161,763,33.884,26.911,-0.0637,-0.0189,9.788,-0.4227,0.4094,1.1513
26570,1168,762,33.897,26.831,-0.0012,-0.0767,9.7714,-0.1059,0.0103,-0.7323
26575,1166,768,33.796,26.805,0.0476,0.083,9.9075,0.4021,0.0422,-0.4897
26580,1157,770,33.816,26.862,0.0274,0.0522,9.7749,-0.3444,-0.1612,-0.0476
26585,1148,773,33.893,26.819,0.0405,-0.0245,9.8089,0.0222,0.0899,-0.5446
26590,1133,773,33.838,26.904,-0.0576,-0.0362,9.8079,-0.49,0.4206,0.1145
26595,1140,783,33.836,26.921,0.0899,0.0938,9.722,0.7588,0.8312,0.239
26600,1131,774,33.792,26.889,0.0176,0.0049,9.8273,0.9114,-0.1293,0.0114
26605,1132,780,33.788,26.874,0.0298,0.0076,9.9008,0.4641,-0.2968,0.1299
26610,1125,778,33.82,26.793,0.026,-0.0704,9.8216,-0.4135,-0.3276,0.0132
26615,1129,786,33.786,26.923,-0.0386,0.0544,9.765,-0.3685,0.3964,-0.1446
26620,1127,797,33.816,26.85,-0.052,0.0138,9.7438,1.0395,-0.0149,0.2571
26625,1122,791,33.785,26.82,-0.0322,-0.0333,9.8098,-0.4974,-0.4838,-0.5796
26630,1114,796,33.839,26.87,0.0519,-0.0528,9.8181,0.2179,0.5175,-0.3751
26635,1115,797,33.871,26.916,-0.0327,-0.1176,9.8032,0.6996,0.4346,0.4359
26640,1114,802,33.873,26.809,-0.0842,-0.0615,9.8573,-0.3585,0.3882,0.5217
26645,1103,800,33.78,26.939,-0.0455,-0.0522,9.6997,0.7173,-0.0521,0.3191
26650,1107,805,33.759,26.821,-0.0129,-0.1282,9.8321,-0.2901,0.1477,0.4095
26655,1103,808,33.791,26.964,0.018,0.0502,9.8718,0.5459,-0.1122,0.3572
26660,1104,810,33.785,26.878,0.0542,-0.0248,9.8057,0.8079,0.4305,0.3716
26665,1094,817,33.883,26.802,-0.0078,-0.0057,9.8488,-0.598,-0.2544,-0.7169
26670,1093,816,33.892,26.961,0.0026,-0.0024,9.7807,0.2489,0.0393,0.2397
26675,1096,819,33.841,26.914,0.0572,0.0785,9.8483,0.9379,0.1739,0.0536
26680,1088,822,33.812,26.879,-0.1117,-0.0535,9.7963,0.3656,0.2737,-0.116
26685,1082,824,33.922,26.862,0.0913,0.0915,9.8294,0.5581,-0.3168,0.2758
26690,1085,820,33.914,26.917,0.0474,-0.1007,9.7743,-0.6939,-0.0526,-0.0358
26695,1082,828,33.923,26.962,-0.0096,-0.0516,9.7795,0.9637,0.1897,1.1129
26700,1079,826,33.885,26.834,-0.0017,0.029,9.8113,-0.4185,-0.0221,-0.2496
26705,1079,831,33.832,26.882,-0.0812,-0.0966,9.8174,-0.1988,-0.0273,-0.444
26710,1079,834,33.792,26.881,-0.0236,0.0595,9.7983,-0.6624,0.1199,0.1341
26715,1060,834,33.845,26.957,-0.0232,0.0383,9.8702,-0.275,-0.8716,-0.2694
26720,1076,833,33.764,26.938,-0.1181,0.0269,9.8471,-0.3276,-0.5962,0.7345
26725,1067,835,33.887,26.844,-0.0579,-0.107,9.851,0.6215,0.0189,1.2118
26730,1069,840,33.799,26.817,0.0049,-0.0942,9.877,0.9747,0.0841,0.625
26735,1061,840,33.906,26.918,-0.0416,-0.026,9.8962,-0.3176,-1.2864,-0.402
26740,1056,839,33.9,26.895,0.0155,0.1244,9.8238,0.3161,-0.3191,-0.2826
26745,1044,838,33.871,26.885,0.0149,-0.0106,9.7716,0.3461,0.1242,-0.3864
26750,1046,836,33.818,26.826,0.0037,0.091,9.7761,-0.5553,-0.6212,0.4909
26755,1039,839,33.765,26.91,0.0256,0.0815,9.7879,0.3068,0.0806,-0.7202
26760,1042,834,33.817,26.818,-0.0132,-0.0047,9.7744,-0.4311,0.2804,-0.3759
26765,1027,840,33.825,26.839,0.0634,0.0759,9.7544,-0.0453,0.0479,-0.1441
26770,1025,833,33.81,26.887,0.0239,0.0186,9.8447,-0.4122,0.044,0.1571
26775,1007,835,33.903,26.84,-0.0772,0.0706,9.8133,-0.3469,0.5605,-0.1582
26780,1005,835,33.838,26.856,0.0986,0.0076,9.8561,0.1714,0.607,0.4688
26785,998,839,33.786,26.877,0.0004,-0.1024,9.8234,-0.3709,0.0862,0.7002
26790,988,834,33.824,26.863,0.0185,-0.0232,9.7225,-0.528,0.0175,0.1249
26795,980,834,33.801,26.823,-0.0646,-0.0114,9.8955,0.088,-0.2913,-0.7666
26800,957,836,33.765,26.921,-0.0042,-0.1145,9.5878,0.0018,-0.0289,1.3957
26805,959,838,33.835,26.927,-0.0336,0.0416,9.9251,-0.8222,0.4455,0.4705
26810,959,836,33.853,26.882,0.013,0.0527,9.84,-0.059,-0.4867,1.0356
26815,954,838,33.822,26.851,-0.0112,-0.0747,9.7961,-0.0362,-0.2168,-0.7241
26820,938,830,33.832,26.917,0.0267,0.0496,9.8798,0.6055,-0.602,-0.0291
26825,922,831,33.819,26.842,-0.0315,-0.1178,9.6976,0.2497,-0.575,0.2323
26830,923,828,33.801,26.821,-0.068,0.0359,9.8276,-0.6083,0.1482,-0.9303
26835,899,830,33.868,26.818,-0.0606,-0.0192,9.7833,-0.1254,0.2482,-0.2047
26840,892,831,33.781,26.872,0.0407,0.076,9.8543,0.0303,-0.525,0.1681
26845,887,831,33.876,26.861,0.0201,-0.0864,9.7169,0.4142,0.1971,-0.4063
26850,873,830,33.97,26.878,0.0276,0.077,9.7665,-0.1929,-0.2778,-0.0064
26855,862,830,33.878,26.905,0.0511,0.0273,9.7589,0.0831,0.2986,-0.3275
26860,851,824,33.796,26.931,0.0374,-0.0484,9.8003,-0.0678,-0.7801,-0.0713
26865,852,832,33.802,26.89,-0.0281,0.0277,9.8888,0.3875,0.0869,0.1112
26870,834,823,33.856,26.849,0.0198,-0.0154,9.7866,0.0725,0.5186,-0.0721
26875,823,829,33.849,26.747,-0.0571,0.0019,9.8023,0.5611,-0.4669,0.2718
26880,817,826,33.763,26.951,0.0444,-0.1181,9.8446,0.2372,0.6964,-0.4136
26885,803,823,33.781,26.932,0.029,-0.0597,9.8916,0.0213,-0.9115,0.0577
26890,806,829,33.886,26.936,-0.0481,-0.0462,9.8503,-0.0831,-0.494,-0.2159
26895,790,818,33.807,26.891,-0.0356,0.0751,9.8159,-0.1895,1.1253,-0.2064
26900,783,822,33.756,26.856,-0.0494,0.1202,9.7064,0.6283,-0.8767,-0.1215
26905,778,824,33.836,26.853,0.0501,0.0267,9.7247,-0.5218,0.5504,0.0063
26910,766,824,33.853,26.941,-0.0026,0.0674,9.807,-0.5119,-1.174,0.2885
26915,756,827,33.795,26.892,-0.034,0.0785,9.8379,0.1067,0.4889,0.0939
26920,757,815,33.839,26.892,0.047,-0.0212,9.8173,0.3318,0.5863,0.2694
26925,761,817,33.866,26.898,0.0456,0.0359,9.8279,0.3417,0.3025,-0.3139
26930,759,817,33.774,26.82,-0.0267,-0.028,9.8621,0.051,-0.649,-0.9503
26935,749,822,33.848,26.834,0.0476,0.0015,9.834,1.5875,0.0674,-0.3838
26940,749,819,33.749,26.993,0.0113,-0.0075,9.761,-0.0588,0.5654,-0.1139
26945,740,821,33.872,26.834,0.0581,0.0884,9.7931,0.9582,0.6456,-0.1513
26950,746,821,33.881,26.835,0.061,0.0111,9.847,-0.3473,0.0141,0.4686
26955,744,813,33.633,26.801,0.0109,-0.0552,9.7969,0.0748,0.1756,1.1406
26960,749,816,33.866,26.904,-0.0329,-0.1009,9.681,-0.0092,-0.294,0.4703
26965,753,810,33.886,26.913,-0.0897,-0.0964,9.8831,-0.1813,-0.2858,-0.2503
26970,756,809,33.785,26.862,0.0629,0.0251,9.8087,-0.018,-1.1284,-0.2271
26975,764,812,33.833,26.875,-0.0559,-0.026,9.8233,0.9862,-0.451,0.8217
26980,756,813,33.838,26.817,-0.0063,0.0406,9.7481,-0.2119,-0.1164,-0.2654
26985,773,812,33.893,26.87,-0.0088,0.0008,9.8333,-0.0248,0.9611,-0.3665
26990,782,814,33.887,26.942,-0.0191,-0.0415,9.7929,-0.6704,-0.096,-0.0973
26995,793,808,33.84,26.799,0.012,0.051,9.8094,-0.3192,-0.6161,-0.4171
27000,793,806,33.881,26.88,-0.0071,0.0591,9.8125,-0.0831,-0.1924,0.3402
27005,799,805,33.921,26.942,0.0081,-0.0394,9.8049,0.9306,0.614,-0.6095
27010,813,808,33.797,26.896,-0.0959,-0.0288,9.8114,0.512,0.9776,-0.4419
27015,824,809,33.783,26.923,-0.052,0.0522,9.815,1.1118,0.3193,-0.3665
27020,831,803,33.77,26.845,-0.0549,-0.0133,9.7973,0.111,-0.3417,-0.1415
27025,851,800,33.858,26.915,0.038,0.0726,9.8227,0.6544,-0.5195,0.4444
27030,856,798,33.848,26.903,0.0045,0.0013,9.8394,0.2945,0.5465,1.4027
27035,875,801,33.903,26.881,-0.0289,-0.0064,9.7876,-1.4481,-0.4784,-0.1437
27040,887,800,33.791,26.911,-0.0001,-0.0704,9.7247,-0.1694,-0.5734,0.2337
27045,889,791,33.787,26.738,0.0244,0.0503,9.7869,-1.0519,0.5192,-0.5188
27050,902,792,33.827,26.898,0.0045,-0.0163,9.7431,-0.249,-0.3732,-0.9594
27055,919,792,33.821,26.869,-0.0246,0.0291,9.7762,0.0857,-0.6997,-0.2109
27060,936,793,33.87,26.904,0.0878,-0.0421,9.837,-0.1188,-0.6,-0.7684
27065,952,789,33.853,26.903,-0.062,-0.0208,9.8295,0.2121,0.26,-0.135
27070,960,787,33.874,26.77,0.0947,0.0039,9.8768,-0.2211,0.2295,-0.0509
27075,978,783,33.847,26.873,-0.0224,-0.0155,9.7246,1.1154,0.3029,-0.3523
27080,992,778,33.869,26.869,0.0301,-0.0366,9.7937,0.8717,0.1775,1.8827
27085,1015,778,33.782,26.893,-0.1079,0.0854,9.8463,-0.2105,0.5154,-0.3146
27090,1028,776,33.802,26.961,0.0324,-0.017,9.757,0.4121,-0.6937,-0.0814
27095,1028,777,33.853,26.815,-0.0425,0.0577,9.8365,0.394,-0.517,0.1742
27100,1046,771,33.779,26.93,-0.0019,-0.0391,9.8401,-0.1359,1.2745,-0.7572
27105,1064,766,33.808,26.911,-0.0366,-0.06,9.945,-0.0223,-0.3033,-0.8867
27110,1076,772,33.854,26.864,0.0214,-0.0491,9.8485,0.2549,-0.7203,0.4087
27115,1083,769,33.759,26.783,0.012,-0.0101,9.8617,0.5807,0.4749,0.33
27120,1087,765,33.783,26.87,0.0472,0.0269,9.9263,-0.353,1.1942,-0.0114
27125,1102,769,33.844,26.912,-0.0403,0.0089,9.7191,-0.4633,-0.8401,0.3646
27130,1114,761,33.832,26.929,0.033,0.0836,9.8521,0.0418,0.5931,-0.4611
27135,1120,762,33.813,26.905,0.0184,0.0254,9.754,0.3725,-0.1008,0.6553
27140,1137,753,33.853,26.906,0.0468,0.0863,9.7545,-0.0204,-0.1268,-0.6656
27145,1136,757,33.866,26.909,-0.0469,0.0196,9.8679,0.5823,0.0165,-0.0419
27150,1150,762,33.905,26.823,0.0281,-0.0075,9.7993,-0.7488,-0.3395,-0.1919
27155,1158,754,33.845,26.93,0.076,-0.0643,9.7451,-0.29,0.1334,0.0547
27160,1167,753,33.837,26.866,0.0718,0.0417,9.8134,0.0288,-0.6994,-0.4441
27165,1166,749,33.849,26.83,-0.0471,0.0018,9.8305,0.8387,-0.0321,1.6006
27170,1174,753,33.762,26.859,0.0948,0.0894,9.8432,-0.2211,0.4786,-0.1351
27175,1178,752,33.747,26.968,-0.0162,0.0351,9.8188,-0.7791,-0.0024,0.5576
27180,1176,747,33.755,26.907,-0.0204,0.0834,9.8337,-0.158,1.3726,0.4669
27185,1174,744,33.89,26.845,-0.027,-0.0586,9.7543,0.5467,-0.8902,-0.3677
27190,1185,751,33.797,26.894,0.0704,-0.0525,9.8833,-0.0919,0.1991,0.2323
27195,1180,748,33.804,26.993,-0.0153,0.0276,9.8108,0.0826,0.3145,-0.6037
27200,1185,749,33.882,26.92,-0.0008,0.0202,9.7657,-0.8058,0.2079,-0.2834
27205,1191,744,33.826,26.893,-0.0426,0.0529,9.7396,-0.336,0.766,0.4396
27210,1193,756,33.873,26.922,0.0277,-0.0284,9.8734,-0.253,0.3864,1.6034
27215,1193,747,33.798,26.796,0.1087,0.0218,9.7832,-0.0453,0.6536,0.7804
27220,1184,748,33.874,26.926,0.0491,-0.0427,9.7812,-0.7559,0.6535,-0.1641
27225,1172,752,33.79,26.846,-0.0027,-0.0531,9.7422,0.5637,-0.4218,0.407
27230,1188,755,33.832,26.926,0.0272,0.008,9.8517,-0.3763,0.3653,-0.1224
27235,1186,751,33.865,26.877,0.0347,-0.0061,9.8253,-0.278,0.2167,0.4013
27240,1182,754,33.793,26.887,-0.0112,-0.0401,9.7159,-0.8669,-0.1429,0.1815
27245,1168,752,33.872,26.945,-0.0313,0.0677,9.8209,-0.9161,-0.2526,-0.8457
27250,1171,759,33.853,26.868,0.0229,0.0434,9.8207,0.0366,0.4806,0.175
27255,1171,765,33.876,26.912,0.0344,0.0153,9.8449,0.5972,0.7712,-0.4205
27260,1172,760,33.804,26.894,0.0147,-0.0611,9.7632,-0.5277,-0.6974,-0.1541
27265,1167,764,33.9,26.781,-0.0048,-0.0513,9.7565,0.1592,0.5421,-0.223
27270,1166,765,33.886,26.868,0.0352,0.0038,9.7891,0.2557,0.6508,0.3325
27275,1161,767,33.834,26.907,0.0585,-0.0156,9.7058,0.0719,0.0402,-0.2822
27280,1146,770,33.899,26.952,-0.0417,-0.0524,9.9253,0.9044,-0.3552,0.521
27285,1136,773,33.882,26.787,0.0149,-0.0065,9.7568,0.1086,0.079,0.0816
27290,1147,780,33.877,26.874,0.0727,0.0717,9.7832,-1.2656,-0.9483,-0.1037
27295,1132,777,33.815,26.809,0.0194,-0.0922,9.81,-0.0137,0.3083,0.1136
27300,1131,782,33.744,26.874,-0.0008,0.0148,9.7733,-0.8025,-0.0264,0.1098
27305,1129,783,33.91,26.872,0.1081,-0.0017,9.8238,0.4395,0.1784,0.4576
27310,1130,784,33.77,26.828,0.0204,0.0969,9.7834,0.3315,0.2368,-0.6497
27315,1115,789,33.747,26.911,0.0066,-0.016,9.8254,0.449,0.8294,0.0302
27320,1118,799,33.837,26.94,-0.0034,-0.0229,9.7649,0.4311,0.1686,-0.1752
27325,1122,795,33.814,26.886,0.0065,-0.0117,9.8036,0.0112,1.0017,0.6602
27330,1108,794,33.752,26.848,0.0476,-0.0164,9.8166,0.0555,0.7678,-0.4044
27335,1106,804,33.787,26.822,0.1327,0.0693,9.7647,-0.6349,-0.3374,-0.279
27340,1107,804,33.819,26.869,-0.0181,0.0451,9.8706,0.4257,-0.2562,-0.9736
27345,1118,805,33.843,26.802,-0.0047,-0.0172,9.8538,-0.7374,1.3671,-0.1158
27350,1097,806,33.895,26.707,0.0527,-0.0526,9.8543,-0.1839,0.0019,-0.7018
27355,1100,813,33.832,26.952,-0.0224,0.0371,9.7758,-0.1393,0.2792,0.0136
27360,1104,813,33.823,26.912,-0.0045,0.0016,9.8011,-1.1605,0.3999,0.7289
27365,1099,818,33.877,26.811,-0.089,0.0544,9.8161,-1.0523,-0.0899,-0.0209
27370,1085,817,33.891,26.839,-0.018,0.0479,9.7922,-0.6881,1.2826,0.1709
27375,1087,822,33.803,26.907,0.007,-0.0306,9.7918,-0.2682,0.4706,-0.4443
27380,1086,821,33.787,26.926,-0.007,0.0636,9.8457,0.3699,1.1625,0.2708
27385,1090,818,33.823,26.876,-0.035,-0.0253,9.8805,0.5554,-0.0552,0.7737
27390,1088,829,33.811,26.918,-0.0786,0.019,9.8155,-1.0184,0.2429,-0.9869
27395,1076,831,33.852,26.924,0.0159,-0.0039,9.7988,-0.1585,-0.2547,-0.4007
27400,1092,838,33.843,26.819,-0.0569,0.0446,9.8461,-0.7564,0.3773,0.489
27405,1077,828,33.809,26.785,0.0395,0.0576,9.7494,-0.2548,0.3338,0.6705
27410,1073,837,33.888,26.863,-0.0163,0.0166,9.7933,-0.4921,-0.4592,0.6006
27415,1074,833,33.778,26.902,0.0556,-0.0535,9.7324,0.1748,0.6603,-0.2886
27420,1069,830,33.831,26.967,0.0221,-0.0338,9.8073,-0.2766,-0.0589,-0.1894
27425,1068,831,33.805,26.863,0.0349,-0.0241,9.8083,0.0097,-0.2704,-0.5328
27430,1063,837,33.867,26.835,0.0041,0.0372,9.7375,0.6575,-0.3841,0.5212
27435,1058,841,33.862,26.76,0.041,-0.1065,9.7948,-0.6085,-0.4644,0.5144
27440,1040,839,33.692,26.939,-0.048,0.047,9.7913,-0.1122,0.2852,1.1001
27445,1041,843,33.786,26.796,-0.0993,0.0379,9.7757,0.6037,-0.5937,0.4097
27450,1038,843,33.919,26.849,0.0045,0.0035,9.7574,-0.257,0.0094,0.4858
27455,1039,840,33.913,26.775,0.015,-0.0358,9.7982,-0.7879,0.3122,0.2883
27460,1024,837,33.867,26.892,-0.0722,-0.084,9.8108,-0.225,-0.2893,0.8795
27465,1017,837,33.901,26.828,-0.0405,-0.0149,9.8374,0.2275,0.3686,0.0746
27470,1008,838,33.839,26.908,0.0167,-0.0114,9.7618,-0.0681,-0.3083,-0.1851
27475,1008,841,33.819,26.81,0.0947,-0.0698,9.7305,0.238,-0.2577,0.3899
27480,992,834,33.86,26.806,-0.0626,0.0438,9.8366,1.3039,0.0411,-0.4876
27485,990,839,33.816,26.905,-0.0267,-0.0021,9.7062,-0.0257,-0.793,0.4549
27490,991,841,33.795,26.841,-0.0261,-0.0596,9.9704,-0.5759,1.2581,-0.7884
27495,966,824,33.845,26.804,-0.0215,-0.0228,9.8422,-0.0693,0.2123,-0.3105
27500,966,839,33.921,26.96,0.004,-0.0659,9.8309,-0.0159,0.7803,-0.0722
27505,950,837,33.741,26.884,0.0356,0.0673,9.8134,0.3931,0.8346,-0.4581
27510,939,835,33.829,26.87,0.061,-0.0239,9.8379,0.4149,0.4418,0.2172
27515,929,829,33.849,26.875,0.0908,-0.0224,9.7378,-0.1376,-0.1399,-0.6226
27520,923,830,33.74,26.93,-0.0432,-0.0246,9.827,0.1171,0.2479,0.1054
27525,918,829,33.836,26.875,0.0041,0.0264,9.7799,-0.203,-0.7942,0.0374
27530,908,833,33.92,26.917,-0.0497,0.023,9.8968,0.0949,-0.2143,-0.8961
27535,891,830,33.81,26.797,0.0187,0.0598,9.7763,-0.7131,0.8795,-0.0534
27540,881,825,33.863,26.942,-0.0692,-0.0239,9.7947,0.2418,-0.0955,-0.6475
27545,867,826,33.833,26.863,-0.0355,-0.0587,9.7302,0.8,0.6641,0.0317
27550,860,830,33.756,26.846,-0.0749,0.0545,9.7083,-1.0513,-0.6516,-0.8481
27555,847,825,33.777,26.927,-0.0151,-0.0286,9.7643,-0.0028,-0.2546,-0.5691
27560,843,824,33.925,26.915,-0.0345,-0.0586,9.7684,0.4893,-0.3052,0.9725
27565,837,826,33.814,26.882,-0.0343,-0.0236,9.9088,0.3813,0.0874,0.3265
27570,818,824,33.792,26.925,-0.0326,-0.0873,9.76,-0.5057,-0.4306,0.5042
27575,812,820,33.848,26.816,0.0366,-0.0002,9.8333,-0.6164,-0.3171,0.6325
27580,812,829,33.807,26.942,0.0457,0.0333,9.7927,-0.3587,-1.8822,0.1656
27585,795,823,33.782,26.845,-0.1144,0.0493,9.6908,-0.2385,0.759,-0.7119
27590,788,820,33.737,26.869,0.0442,0.0333,9.8131,0.2,1.0726,0.4114
27595,784,824,33.763,26.944,0.0841,-0.0104,9.8328,0.2404,-0.5699,-0.4261
27600,775,820,33.86,26.842,-0.06,-0.0162,9.81,-0.2983,0.4408,0.4277
27605,769,818,33.818,26.914,0.0134,0.0073,9.8453,0.3842,0.4266,0.6318
27610,760,823,33.796,26.79,-0.0466,-0.0109,9.7864,1.0013,-0.3356,-0.5036
27615,762,821,33.879,26.8,0.016,0.0069,9.8434,-0.09,0.261,-0.7638
27620,754,821,33.874,26.971,0.0356,-0.0557,9.8186,0.539,0.7086,-0.7366
27625,747,818,33.869,26.894,-0.045,-0.0668,9.7485,0.2329,0.2634,0.3161
27630,751,813,33.794,26.839,-0.0086,0.0271,9.7834,-0.1089,0.2689,-0.2881
27635,746,823,33.876,26.881,-0.0079,-0.0595,9.7572,-0.6654,-0.4555,0.2725
27640,743,821,33.884,26.823,-0.0029,-0.0151,9.8257,-0.5632,-0.1725,-0.1092
27645,745,817,33.787,26.832,-0.0364,-0.0182,9.8098,-0.0846,-0.4743,-1.0668
27650,746,820,33.74,26.893,0.0571,-0.0553,9.817,0.4919,0.7879,0.8972
27655,752,811,33.846,26.938,0.0352,-0.0388,9.7946,0.0831,-0.5592,-1.1918
27660,754,814,33.778,26.801,-0.0065,0.085,9.8226,-0.1566,0.6668,0.3987
27665,756,808,33.709,26.861,-0.0492,0.0673,9.8338,0.0351,0.1922,-0.1503
27670,759,812,33.777,26.791,-0.0272,0.0688,9.7662,-0.0461,0.2963,-0.7259
27675,769,814,33.871,26.897,0.0119,-0.0094,9.7529,0.4868,0.1069,0.4311
27680,764,808,33.825,26.831,0.0268,0.097,9.7875,-0.5773,0.3931,-0.063
27685,784,807,33.909,26.932,0.1306,-0.0366,9.8271,-0.2592,0.1851,0.469
27690,793,809,33.772,26.805,0.0555,-0.0526,9.7891,0.0323,0.2197,-0.4563
27695,800,805,33.825,26.965,-0.0471,0.0174,9.7452,-1.137,-0.0357,0.2125
27700,801,811,33.883,26.896,0.0153,0.0526,9.8686,0.6074,-0.2586,-0.8969
27705,814,802,33.802,26.927,0.0294,0.0082,9.8005,0.018,-0.4101,-0.6524
27710,826,804,33.879,26.988,-0.0214,-0.0208,9.7906,0.028,-0.5696,-0.4383
27715,827,801,33.862,26.856,-0.0128,-0.0033,9.6698,-0.3303,0.6068,0.3192
27720,851,801,33.865,26.841,0.047,0.1007,9.8158,-0.1648,0.1373,0.6433
27725,862,805,33.795,26.785,0.0216,0.0642,9.7927,-0.4835,-0.3043,0.1595
27730,868,799,33.793,26.881,0.0387,0.0513,9.8056,0.8038,0.4137,-0.5646
27735,890,798,33.862,26.942,-0.0109,-0.0206,9.8452,-1.1913,-0.0544,-0.557
27740,894,795,33.9,26.811,0.0998,0.0567,9.8017,0.3728,-0.5127,-1.098
27745,910,791,33.903,26.773,-0.1108,0.0242,9.8264,0.0619,-0.4811,0.5665
27750,924,792,33.889,26.893,0.0365,-0.0679,9.8308,-0.0091,0.2605,1.9335
27755,935,788,33.832,26.88,-0.0111,0.0505,9.8229,-0.8589,0.4758,0.7467
27760,950,792,33.775,26.855,0.0017,0.0153,9.8223,-0.8181,-0.3313,-0.1687
27765,960,791,33.849,26.829,0.0852,0.1246,9.8136,0.1526,0.2969,0.6601
27770,985,784,33.843,26.931,-0.0533,-0.0025,9.9381,0.0469,-0.1357,-0.0794
27775,987,789,33.879,26.874,-0.0674,-0.1377,9.7933,0.1935,0.505,-0.1391
27780,1005,779,33.785,26.863,0.0391,-0.0185,9.8793,0.0101,-0.0545,-0.6658
27785,1016,778,33.859,26.834,0.053,-0.0365,9.7956,-0.4362,0.0883,-0.1724
27790,1037,781,33.762,26.864,-0.044,-0.0378,9.8678,-1.3547,-0.6797,0.2497
27795,1046,772,33.898,26.891,-0.0568,0.0773,9.7786,-0.7834,-1.1237,0.5304
27800,1067,775,33.876,26.767,0.0376,-0.0406,9.8911,0.0477,0.0728,0.1274
27805,1075,769,33.874,26.914,0.0067,0.0086,9.8382,-0.109,0.3154,0.8366
27810,1089,770,33.794,26.907,-0.0361,0.0144,9.7565,0.16,0.1065,-0.0871
27815,1091,768,33.817,26.868,-0.0488,-0.0278,9.8159,-0.1578,0.1521,0.3087
27820,1111,764,33.855,26.861,-0.0001,-0.0628,9.7888,0.2782,0.8073,-0.051
27825,1114,761,33.797,26.947,0.0831,-0.0333,9.8068,-0.621,0.0235,0.5725
27830,1127,757,33.819,26.862,0.0727,-0.0686,9.801,0.4096,-0.3166,0.0458
27835,1127,760,33.81,26.811,-0.0824,-0.0004,9.8922,-0.534,-0.4748,0.1992
27840,1137,757,33.856,26.881,-0.0112,0.0039,9.8578,0.0308,-0.7892,0.7962
27845,1152,757,33.751,26.747,-0.0807,0.0109,9.7984,-0.1474,0.1463,-0.0916
27850,1157,752,33.827,26.799,0.0093,-0.0429,9.8445,-0.8972,0.2767,-0.6495
27855,1160,751,33.862,26.896,-0.0816,0.0459,9.738,-1.2803,-0.3729,0.2168
27860,1168,751,33.815,26.862,0.0418,0.1034,9.7575,0.485,0.0306,-0.4968
27865,1173,745,33.801,26.855,0.0382,0.0429,9.7635,0.4756,0.322,-0.2703
27870,1180,750,33.899,26.853,-0.0487,-0.0156,9.8157,-0.018,0.6747,-0.7012
27875,1180,758,33.737,26.843,0.0071,0.0164,9.7495,0.2786,0.3199,-0.3199
27880,1181,749,33.863,26.852,0.0105,-0.0039,9.7576,0.4098,-0.1132,1.4028
27885,1176,749,33.681,26.81,0.0327,0.0186,9.8452,-0.108,-0.2106,-0.0587
27890,1183,753,33.771,26.934,0.0417,-0.0639,9.8619,-0.0352,0.9757,0.2774
27895,1188,748,33.815,26.938,-0.0715,0.1343,9.8636,0.2481,0.0627,0.1554
27900,1193,755,33.815,26.83,-0.0282,-0.0066,9.7626,-0.376,-0.6466,0.4997
27905,1191,750,33.797,26.935,-0.091,-0.0223,9.8417,-0.4121,0.3683,0.2893
27910,1185,745,33.777,26.86,-0.0051,0.0041,9.7498,0.4793,0.2674,-0.5348
27915,1194,750,33.844,26.893,0.1052,-0.0586,9.768,0.1969,0.0049,-0.2838
27920,1180,747,33.875,26.885,-0.0089,-0.0012,9.7259,0.2651,0.0314,-0.7641
27925,1174,756,33.795,26.927,0.0379,0.0017,9.9053,0.2042,-0.3537,0.5096
27930,1180,752,33.761,26.947,0.0444,0.0148,9.7758,-0.0347,-0.083,-0.3651
27935,1179,749,33.89,26.893,0.0226,0.0009,9.8016,-0.3551,0.59,0.0586
27940,1183,752,33.9,26.905,0.0221,0.0396,9.8295,-0.0888,-0.0555,0.5974
27945,1171,757,33.916,26.789,-0.0632,0.0115,9.8592,0.2498,-0.3208,-0.3146
27950,1175,760,33.834,26.954,-0.0611,0.0043,9.7641,0.2138,-0.2933,0.4555
27955,1168,760,33.74,26.81,0.0219,-0.0024,9.7619,-0.0309,-0.1238,1.0422
27960,1162,766,33.974,26.836,0.0295,0.0018,9.8354,0.5818,0.3591,0.4016
27965,1153,773,33.824,26.794,-0.0204,0.0517,9.9258,0.3578,-0.7912,-0.4443
27970,1151,769,33.803,26.897,0.0252,-0.0132,9.8219,-0.0269,0.6609,-0.6513
27975,1153,777,33.908,26.918,-0.0042,-0.1276,9.8216,-0.5551,0.1402,0.6519
27980,1147,771,33.85,26.883,-0.0176,0.0198,9.7476,-0.076,-0.432,0.0862
27985,1138,777,33.778,26.842,0.0383,0.0457,9.72,0.5558,1.049,-1.3292
27990,1146,785,33.837,26.843,-0.0232,-0.0337,9.8303,-0.077,0.268,-0.3882
27995,1140,778,33.801,26.739,-0.0629,-0.1295,9.841,0.1867,0.2257,-0.2935
28000,1129,783,33.8,26.885,-0.0569,0.0537,9.7817,-0.0469,0.4571,0.2297
28005,1125,790,33.874,26.783,-0.1163,0.0267,9.7534,0.5101,-0.0356,-0.3113
28010,1126,790,33.817,26.816,0.0763,0.0853,9.671,-0.288,-0.6817,0.3198
28015,1119,797,33.848,26.865,-0.0196,-0.0334,9.8693,-0.4393,0.4514,0.2742
28020,1114,798,33.889,26.876,-0.0305,0.0858,9.7984,-0.2277,0.149,0.5262
28025,1110,796,33.768,26.841,0.0028,0.0214,9.8912,0.7068,-0.6776,-0.0691
28030,1112,799,33.785,26.909,0.0368,0.0125,9.8484,-0.5898,-0.5835,0.4313
28035,1114,806,33.742,26.809,0.0223,-0.0197,9.8593,0.1783,0.1007,-0.1195
28040,1097,809,33.832,26.859,-0.0448,0.0128,9.8441,-0.1002,0.2062,-0.0923
28045,1099,809,33.741,26.872,-0.0573,-0.0237,9.8734,0.9908,0.0647,-0.1073
28050,1098,812,33.884,26.922,0.0135,-0.0638,9.8148,-0.4232,0.4321,-0.0445
28055,1098,811,33.741,26.884,-0.0476,0.0463,9.7967,0.5818,-0.0917,-0.6666
28060,1108,815,33.763,26.838,0.0316,0.0599,9.7644,-0.5752,-0.0796,-0.012
28065,1100,818,33.838,26.825,0.0607,-0.0401,9.7263,0.4865,0.7861,1.4317
28070,1087,823,33.914,26.853,-0.0342,-0.0213,9.7606,0.7107,0.0178,1.009
28075,1086,822,33.811,26.958,0.0176,0.059,9.858,-1.0494,-0.558,-0.4473
28080,1086,828,33.895,26.839,0.0229,-0.0509,9.7869,-0.1882,0.3377,-0.121
28085,1085,823,33.905,26.829,-0.0554,0.0559,9.8462,-0.2451,-0.2899,-0.6172
28090,1089,829,33.815,26.836,-0.0471,0.0245,9.8105,-0.4646,0.0085,-0.2709
28095,1076,827,33.792,26.942,0.0386,0.0324,9.8067,-0.1415,0.0048,0.0848
28100,1077,832,33.817,26.905,-0.0192,0.0567,9.7696,0.8781,-0.1441,-0.3951
28105,1066,836,33.77,26.975,0.0087,-0.0227,9.7236,-0.6495,0.6485,0.0903
28110,1064,830,33.851,26.854,0.0405,-0.1024,9.7689,0.8675,0.1017,0.1642
28115,1066,834,33.785,26.879,-0.0567,0.0327,9.8391,-0.1583,0.0388,1.0762
28120,1059,834,33.85,26.908,0.086,0.004,9.7662,-0.2402,0.152,-0.2184
28125,1064,839,33.803,26.884,0.0216,-0.0212,9.8581,0.4555,-0.429,1.0799
28130,1053,841,33.864,26.82,-0.0438,-0.0468,9.8614,-0.9796,0.5019,0.6371
28135,1045,836,33.772,26.862,0.0166,0.0115,9.7019,-0.5161,-0.1902,-0.1591
28140,1031,837,33.803,26.855,0.0128,-0.0327,9.7884,1.12,-0.7904,-0.0829
28145,1028,840,33.824,26.786,-0.0524,0.0422,9.8037,1.2333,-0.0686,-0.1094
28150,1027,839,33.878,26.88,0.0336,0.1098,9.8102,0.0429,-0.2355,-0.698
28155,1023,841,33.856,26.869,-0.0338,-0.0527,9.8962,0.2043,0.3201,0.3161
28160,1018,834,33.916,26.858,-0.0006,-0.0002,9.87,0.7363,-0.5465,0.5757
28165,1008,834,33.861,26.939,0.0032,-0.0388,9.8363,0.8764,-0.3664,-0.1366
28170,1009,838,33.845,26.782,-0.0806,0.093,9.7907,0.1407,0.2188,-0.2232
28175,998,836,33.793,26.883,0.02,-0.0338,9.8193,-0.5453,-0.1806,-0.366
28180,981,833,33.85,26.873,-0.0849,0.0049,9.8435,-0.0535,-0.4256,-0.1528
28185,979,835,33.72,26.902,0.048,0.037,9.8333,-0.5544,-0.07,-0.0031
28190,971,830,33.936,26.86,0.0198,0.037,9.8288,-0.3548,-0.853,-0.805
28195,964,832,33.823,26.897,0.0065,0.1158,9.8503,0.2337,0.1087,0.622
28200,947,833,33.849,26.818,0.0148,-0.1008,9.8519,0.069,0.0158,0.1934
28205,950,834,33.881,26.844,-0.0345,0.0164,9.8348,-0.8014,-0.0046,-0.0629
28210,928,830,33.772,26.802,-0.0514,-0.063,9.7692,-0.1698,0.2318,-0.5932
28215,929,832,33.865,26.898,0.0431,-0.0488,9.7884,0.2675,0.0426,0.2535
28220,912,832,33.828,26.774,-0.0683,0.0166,9.8358,0.7406,0.1512,0.3548
28225,909,831,33.722,26.924,-0.1093,0.054,9.869,-0.3534,-0.1737,-0.7843
28230,891,827,33.775,26.831,0.0395,0.0589,9.7686,0.0961,-0.3697,-0.2938
28235,877,827,33.74,26.782,0.0099,0.1002,9.7882,1.0515,-0.5411,-0.6197
28240,874,832,33.836,26.795,-0.0002,0.0728,9.7511,-0.5627,-0.1966,-0.4306
28245,864,832,33.878,26.821,-0.0607,-0.0244,9.8249,-0.0251,-0.827,-0.0683
28250,854,831,33.777,26.863,-0.018,-0.0032,9.8985,-0.026,-0.4257,-0.0268
28255,843,825,33.848,26.927,-0.0876,-0.0031,9.9444,0.6879,0.1565,0.3258
28260,828,827,33.764,26.947,-0.0252,0.0272,9.7646,0.4043,0.1035,-0.1619
28265,818,822,33.877,26.93,-0.049,0.0691,9.8399,-0.1172,0.3735,0.4211
28270,811,823,33.756,26.862,0.051,-0.0068,9.8086,0.2597,0.1284,1.2732
28275,819,821,33.823,26.889,0.0489,0.0094,9.8097,0.355,-0.155,0.4917
28280,800,818,33.72,26.882,-0.0543,0.0134,9.9599,-0.2997,0.4179,0.0409
28285,794,826,33.803,26.856,0.0064,-0.0118,9.7896,0.0795,0.0693,-0.1086
28290,784,828,33.857,26.898,-0.0665,-0.031,9.752,0.3011,-0.3928,-0.291
28295,778,813,33.878,26.848,0.0059,0.1016,9.9498,0.0212,0.6359,0.3589
28300,780,818,33.805,26.878,0.0193,-0.1124,9.8361,-0.0464,0.3648,-1.1281
28305,759,823,33.896,26.85,-0.0128,-0.0618,9.8442,-0.068,-0.7108,0.7147
28310,753,821,33.819,26.842,-0.0376,0.0246,9.772,-0.2342,-0.066,-0.0774
28315,760,824,33.796,26.846,-0.0523,0.0529,9.8257,0.6309,-0.437,0.7395
28320,757,821,33.787,26.855,0.0477,0.0242,9.7497,-0.2623,-0.4867,-0.053
28325,750,812,33.824,26.807,-0.0546,0.0094,9.8148,-0.1089,0.0807,-0.1203
28330,752,814,33.813,26.901,0.0253,0.0258,9.7704,0.3222,0.0662,-0.176
28335,748,813,33.74,26.897,0.0347,-0.0567,9.782,-0.231,0.9753,-0.3016
28340,743,816,33.725,26.884,-0.0567,-0.1088,9.7655,0.7977,-0.5373,-0.7918
28345,738,812,33.792,26.742,-0.0427,0.0217,9.8139,-0.242,1.1686,0.6176
28350,752,814,33.746,26.84,-0.0474,-0.0431,9.8051,0.6682,-0.204,0.3068
28355,748,812,33.745,26.901,0.0034,-0.0749,9.8488,0.0178,-0.3219,0.3252
28360,751,814,33.791,26.859,-0.0057,-0.024,9.7633,0.3242,0.604,-0.1204
28365,762,815,33.834,26.829,-0.0284,0.046,9.7176,1.0501,0.4197,0.0318
28370,765,813,33.757,26.952,-0.0854,0.1436,9.8221,-0.5913,-0.4767,-0.3885
28375,776,812,33.739,26.852,0.0169,0.0112,9.8308,-0.1309,-0.7458,-0.2696
28380,778,806,33.888,26.867,-0.0522,-0.013,9.8797,0.3887,0.7783,-0.4955
28385,789,810,33.842,26.887,-0.0631,0.0188,9.8918,-0.6415,-0.6121,0.1915
28390,801,807,33.811,26.851,0.0125,-0.0035,9.8515,-0.5711,-1.3047,-0.5686
28395,806,809,33.779,26.895,0.0563,0.0822,9.7458,-0.2159,0.1418,0.2789
28400,806,811,33.912,26.88,0.0116,0.002,9.8693,0.8735,-0.2908,1.3453
28405,821,802,33.868,26.945,0.1247,-0.0327,9.8438,0.3033,-0.2861,1.091
28410,828,807,33.824,26.879,0.0058,0.0316,9.8355,-0.1664,0.1572,0.1872
28415,852,799,33.792,26.81,0.0106,0.0398,9.8388,-0.1631,0.7128,0.3408
28420,853,804,33.775,26.902,0.0823,0.0269,9.8246,0.1565,-0.4761,-0.7595
28425,870,805,33.822,26.809,0.0625,0.0544,9.7884,0.0253,-0.0245,-0.1613
28430,888,797,33.818,26.861,0.0228,0.005,9.8042,-0.1232,-0.1658,0.2658
28435,890,798,33.849,26.806,0.0228,-0.0262,9.8441,0.418,-0.1639,0.6505
28440,909,797,33.763,26.927,-0.0173,0.0225,9.915,0.0975,0.2143,-0.0419
28445,919,792,33.796,26.884,0.0753,-0.036,9.7729,-0.0426,0.1973,0.0364
28450,938,790,33.821,26.796,-0.0544,0.0084,9.7891,0.6713,-0.5421,0.7196
28455,955,787,33.735,26.888,0.1224,-0.0468,9.8347,-0.5728,-0.2654,0.2912
28460,961,794,33.883,26.881,-0.0435,-0.0286,9.8662,-0.3661,-0.2059,-0.7388
28465,981,786,33.81,26.93,-0.0443,-0.0616,9.769,0.5231,0.4478,1.2668
28470,996,781,33.798,26.819,0.0021,0.0235,9.8313,0.62,0.1464,0.2856
28475,1011,782,33.833,26.85,-0.0585,0.0139,9.8501,0.1126,0.6885,0.4883
28480,1029,777,33.808,26.961,0.059,0.0613,9.8396,-0.2338,-0.2488,-0.0961
28485,1033,779,33.862,26.871,-0.0294,0.0456,9.7917,-0.4055,0.6154,-0.2653
28490,1040,775,33.811,26.885,0.0115,-0.0086,9.8359,-0.2412,-0.0263,-0.1168
28495,1056,772,33.928,26.86,0.016,-0.0519,9.8403,0.8077,-0.0044,0.0792
28500,1078,772,33.838,26.836,-0.0021,0.094,9.8479,0.023,-0.0987,0.2313
28505,1089,764,33.75,26.876,0.0378,-0.0301,9.7797,-0.1035,-0.0975,-0.7382
28510,1086,768,33.855,26.869,-0.0577,0.0814,9.7933,0.3985,-0.0523,-0.9016
28515,1113,764,33.72,27.01,-0.0154,-0.0506,9.7705,-0.4398,0.3949,0.6984
28520,1122,766,33.801,26.879,-0.1356,-0.1001,9.8693,0.0117,0.3194,0.1102
28525,1130,756,33.825,26.851,0.0319,0.0595,9.8044,0.0096,0.0192,-0.5023
28530,1133,760,33.829,26.836,0.0377,-0.1176,9.8114,0.4906,-0.5612,0.7956
28535,1148,759,33.808,26.926,-0.0571,-0.0765,9.8343,-0.3276,-0.3334,-0.1806
28540,1147,755,33.75,26.856,0.0315,0.0107,9.8318,0.5971,0.084,0.1814
28545,1156,753,33.762,26.891,-0.1054,0.0769,9.9689,-0.9101,0.4393,0.4287
28550,1171,752,33.814,26.815,-0.0991,0.0323,9.8048,-0.1756,0.0043,0.2687
28555,1161,748,33.826,26.815,0.0297,-0.0272,9.7476,0.548,0.116,-0.6088
28560,1171,752,33.839,26.897,0.0129,0.0509,9.8433,-0.564,-0.7616,0.0258
28565,1182,750,33.912,26.881,-0.042,0.001,9.7849,-0.5078,0.56,-0.268
28570,1182,750,33.845,26.817,0.0584,0.0472,9.8048,0.4404,-0.4068,-0.1418
28575,1181,747,33.78,26.937,0.0615,-0.0337,9.8043,-0.2016,0.0458,-0.1878
28580,1189,747,33.847,26.816,0.0147,0.02,9.9175,0.3536,-1.2992,-0.6957
28585,1191,745,33.853,26.816,-0.0391,0.0169,9.8214,0.3172,0.176,0.6164
28590,1181,758,33.89,26.838,0.0931,0.1373,9.7373,-0.4877,-0.0123,1.3236
28595,1190,749,33.83,26.818,0.0853,0.0566,9.8151,-0.0391,0.2516,0.4196
28600,1191,746,33.798,26.851,0.0774,0.0016,9.8306,0.3077,-0.5642,-0.1042
28605,1181,740,33.897,26.898,0.0504,0.0064,9.7687,-0.1032,0.5864,-0.4377
28610,1182,749,33.848,26.818,0.0183,-0.0188,9.7347,-0.3641,0.6378,-0.5315
28615,1184,751,33.727,26.902,-0.0247,0.0558,9.8537,-0.141,0.6076,-0.306
28620,1191,755,33.785,26.904,0.0374,0.086,9.764,0.018,0.4707,-0.0002
28625,1176,755,33.817,26.893,0.0709,0.0373,9.7799,0.5939,0.245,-0.503
28630,1175,757,33.831,26.914,0.0153,-0.0087,9.7501,0.5015,0.2259,0.6964
28635,1172,756,33.713,26.892,0.0452,-0.0429,9.7753,-0.3589,0.3321,0.2769
28640,1170,758,33.811,26.78,-0.1151,-0.0224,9.7774,0.5087,-0.0512,-0.4362
28645,1172,764,33.78,26.802,0.0314,0.1011,9.8445,-0.7253,0.0695,0.5929
28650,1165,765,33.868,26.876,0.0463,0.0206,9.7507,-0.8447,-1.1516,-0.2261
28655,1164,765,33.777,26.864,-0.01,0.0259,9.7299,0.2857,-0.7591,-0.5426
28660,1160,770,33.822,26.846,-0.1113,-0.0333,9.7936,0.7939,0.3481,0.3059
28665,1144,770,33.811,26.838,0.0371,-0.0245,9.846,-0.2442,-0.6191,0.3145
28670,1148,771,33.872,26.863,0.0218,-0.0251,9.8235,0.0407,0.0118,0.4071
28675,1143,772,33.879,26.934,-0.0071,0.0921,9.8277,-0.1771,-0.2312,-0.7934
28680,1148,778,33.926,26.943,0.0686,-0.004,9.7446,-0.5163,-0.2292,0.2822
28685,1130,780,33.887,26.868,-0.0076,-0.1178,9.8539,0.2359,0.2613,-0.4516
28690,1137,778,33.866,26.779,0.1067,0.0061,9.8488,0.4292,0.4367,-0.4243
28695,1131,787,33.81,26.899,0.0243,-0.028,9.8003,0.0494,0.1195,-0.0721
28700,1122,786,33.761,26.829,0.0406,-0.0124,9.7435,-1.4444,-0.6375,0.1051
28705,1120,789,33.819,26.83,0.0604,-0.0464,9.7877,0.6015,0.6715,0.3849
28710,1123,796,33.835,26.883,-0.0389,0.0032,9.8172,-0.2829,0.0558,0.6915
28715,1115,800,33.816,26.956,-0.0196,-0.0294,9.8049,-0.2831,0.4998,0.7628
28720,1118,800,33.743,26.922,-0.0156,0.0125,9.8786,-1.2566,0.1325,0.3443
28725,1119,804,33.787,26.848,0.0112,0.0557,9.7307,0.3117,-0.1599,-0.6444
28730,1106,809,33.804,26.827,0.0435,0.009,9.8534,0.6774,1.0074,0.2945
28735,1106,802,33.858,26.954,-0.0675,0.0103,9.8413,-0.5031,0.1544,-0.3456
28740,1111,810,33.857,26.931,-0.0742,0.0036,9.6632,-0.1809,0.4882,-0.1332
28745,1098,807,33.963,26.824,0.0922,0.054,9.884,0.0354,0.462,-0.57
28750,1099,813,33.896,26.871,-0.0381,0.0193,9.7839,-0.458,0.7372,0.1072
28755,1102,815,33.78,26.901,0.0188,0.0414,9.7358,-0.4171,-0.0061,0.9072
28760,1094,813,33.851,26.791,-0.0275,-0.0425,9.7727,-0.4251,-0.0833,-0.4961
28765,1092,817,33.782,26.762,0.0124,-0.0518,9.8017,0.249,-0.487,-0.0279
28770,1097,823,33.783,26.819,-0.009,-0.0879,9.8126,-0.944,0.7616,0.0675
28775,1089,825,33.828,26.805,0.035,0.1186,9.8901,-0.0808,-0.2393,0.1777
28780,1083,825,33.929,26.878,0.0559,0.0346,9.7853,0.6056,-0.0165,0.8311
28785,1083,830,33.878,26.866,0.109,-0.0678,9.717,0.5878,0.281,0.2929
28790,1082,833,33.9,26.856,0.0038,-0.0296,9.7036,0.7142,-0.2835,-0.2357
28795,1076,826,33.702,26.861,0.0846,-0.0373,9.8392,-0.0167,1.0447,0.9005
28800,1073,833,33.78,26.821,0.057,0.0472,9.7734,-0.6396,-0.0978,1.2178
28805,1069,832,33.884,26.907,-0.0114,-0.0751,9.7252,-0.1352,0.2229,0.0238
28810,1064,831,33.784,26.887,-0.0391,0.0326,9.8013,0.2023,-0.749,0.314
28815,1058,842,33.857,26.843,0.0165,0.0127,9.7521,0.5807,0.2839,1.0643
28820,1062,833,33.799,26.934,0.0752,-0.0089,9.7939,0.2882,0.2247,0.1774
28825,1059,840,33.84,26.811,0.0188,-0.0126,9.8319,0.1169,0.0288,-0.5391
28830,1051,841,33.76,26.859,0.0273,0.0179,9.6973,-0.597,0.0126,-0.1333
28835,1042,836,33.808,26.865,0.0372,0.087,9.8523,0.4242,0.3636,-0.3622
28840,1036,837,33.906,26.913,0.0124,-0.0095,9.8406,1.2395,0.0312,0.468
28845,1029,834,33.911,26.89,0.0258,0.0745,9.828,-0.8511,-0.2115,0.253
28850,1015,838,33.807,26.959,-0.0735,-0.044,9.7396,0.4427,0.2883,-1.2152
28855,1021,840,33.817,26.94,-0.0221,-0.0229,9.7761,-0.2514,0.5204,-0.2714
28860,1028,837,33.805,26.759,0.0105,-0.0457,9.8136,-0.2091,0.3176,-0.2525
28865,1001,839,33.802,26.875,0.0212,-0.0249,9.7902,-0.4102,1.4453,0.4943
28870,995,839,33.834,26.852,0.0325,-0.03,9.7903,0.377,-0.1388,-0.1356
28875,982,833,33.732,26.803,0.0086,0.0323,9.7711,-0.0617,-0.1529,-0.165
28880,978,836,33.746,26.867,0.0131,-0.0144,9.8872,-0.3003,-0.0381,-0.2526
28885,969,835,33.737,26.83,0.0037,0.0682,9.7749,0.2671,-0.176,-0.161
28890,960,833,33.837,26.856,0.011,0.0464,9.7883,1.2414,0.4233,0.3645
28895,959,837,33.852,26.855,0.0078,-0.0395,9.8099,-0.6716,-0.8719,0.398
28900,949,829,33.795,26.87,0.0086,-0.0277,9.8332,-0.7549,-0.8433,-0.2272
28905,925,829,33.787,26.828,-0.0495,-0.0644,9.8475,0.9783,0.1822,0.1366
28910,931,834,33.748,26.927,-0.0571,-0.0362,9.7103,-0.3836,-0.1113,0.5285
28915,911,839,33.74,26.853,-0.0168,0.0954,9.7934,-0.5126,0.0705,0.1406
28920,895,823,33.806,26.81,-0.0003,-0.0751,9.8432,0.076,0.347,-0.2519
28925,897,834,33.754,26.848,-0.0209,-0.0091,9.8826,-1.0025,0.3048,0.1856
28930,886,832,33.868,26.871,-0.0531,-0.0396,9.7756,-0.4234,0.3392,-0.1705
28935,870,825,33.823,26.9,-0.0379,-0.0471,9.7688,0.0307,0.6031,0.4803
28940,867,827,33.835,26.85,-0.0887,-0.0266,9.7834,0.5148,-0.3278,0.1781
28945,847,827,33.781,26.873,0.0261,0.0714,9.905,-0.0062,-0.388,-0.2477
28950,843,824,33.776,26.762,-0.0591,-0.0225,9.7304,-1.1585,-0.0012,0.4807
28955,831,827,33.746,26.914,-0.0443,-0.0085,9.8167,-0.481,-0.5109,-0.0281
28960,823,824,33.767,26.874,0.0199,0.0291,9.7674,-1.0552,-0.1122,0.4156
28965,818,827,33.852,26.811,-0.064,0.0486,9.8639,-0.2339,0.2278,-0.0995
28970,798,828,33.875,26.887,0.0097,0.0743,9.8228,-0.6099,-0.5618,-0.028
28975,804,820,33.809,26.874,0.0822,0.1127,9.7618,-0.1282,0.1351,0.1235
28980,789,828,33.909,26.943,0.0559,-0.053,9.79,0.6258,1.1303,-0.3421
28985,774,824,33.772,26.875,-0.0014,0.0476,9.8234,0.5662,-0.225,-0.1019
28990,768,819,33.855,26.853,0.0117,0.0219,9.6756,-0.4499,0.866,0.514
28995,766,820,33.841,26.944,0.0749,0.0698,9.8294,-0.1554,-0.5426,-0.2966
29000,773,817,33.856,26.931,-0.0503,-0.151,9.7746,0.1975,-0.2517,-0.9078
29005,770,819,33.933,26.84,-0.0354,-0.052,9.7971,0.0421,0.8661,-1.5131
29010,753,821,33.831,26.8,-0.0763,0.037,9.8393,-0.3779,0.0993,-0.4158
29015,758,812,33.818,26.857,0.0609,0.0184,9.8277,-0.2404,0.084,-0.2099
29020,752,819,33.809,26.861,0.0183,-0.0154,9.8372,-0.3204,-0.3542,0.0781
29025,751,818,33.787,26.876,-0.0556,0.0179,9.8771,0.017,-0.4205,-0.1785
29030,747,816,33.785,26.821,0.0359,-0.0301,9.8191,0.0349,0.5505,0.934
29035,754,819,33.757,26.876,0.048,0.0629,9.8054,0.134,-0.5558,0.4809
29040,752,817,33.819,26.875,0.0365,0.0235,9.8189,0.2246,0.3419,-0.6915
29045,756,820,33.781,26.891,0.0185,0.0132,9.7145,0.3005,0.2266,0.7313
29050,757,810,33.79,26.827,0.0039,-0.0002,9.7649,0.8763,0.2351,-0.6743
29055,753,818,33.828,26.842,-0.0018,-0.0702,9.787,-0.1712,0.1782,0.1426
29060,763,812,33.851,26.808,0.0191,-0.0517,9.8399,-0.2778,-0.0367,0.1379
29065,772,813,33.746,26.837,-0.0286,0.1184,9.816,0.0993,0.4398,-0.0481
29070,768,814,33.796,26.835,0.0051,-0.026,9.8039,-0.5692,-0.1138,-0.5785
29075,775,810,33.818,26.867,0.0552,0.0216,9.7888,-0.4162,-0.9803,0.345
29080,786,808,33.765,26.858,-0.0461,0.0176,9.9013,0.677,-0.2139,-0.0003
29085,793,812,33.83,26.747,0.0096,-0.0151,9.8395,0.1866,0.7758,0.2245
29090,800,808,33.792,26.809,-0.0319,-0.0413,9.8481,-0.4939,-0.3582,1.0413
29095,820,803,33.93,26.817,0.0075,0.0122,9.7976,0.0697,0.3042,0.654
29100,824,803,33.755,26.833,0.0132,-0.0211,9.8085,-0.8345,0.3966,0.1728
29105,835,808,33.769,26.764,0.0178,0.021,9.7336,-0.8091,0.3114,-0.0246
29110,845,800,33.846,26.844,0.1323,-0.0283,9.7792,-0.1382,-0.1439,0.1396
29115,853,801,33.892,26.883,0.1147,-0.0022,9.8952,-0.29,0.3683,0.1867
29120,864,802,33.873,26.799,0.0301,0.1175,9.827,-0.6087,0.2889,0.1511
29125,891,800,33.866,26.809,0.0602,-0.0386,9.8113,0.1361,0.4658,-0.04
29130,898,796,33.665,26.869,-0.0052,-0.0142,9.8544,0.2134,-0.1108,-0.4248
29135,919,794,33.861,26.805,0.0268,0.0153,9.8901,0.4609,1.2923,0.8577
29140,921,794,33.81,26.904,0.005,0.0376,9.8057,0.4132,-0.9882,-0.1765
29145,947,789,33.697,26.878,0.0732,0.0671,9.7942,0.0973,0.0668,-0.1272
29150,951,785,33.747,26.885,-0.0043,-0.0966,9.8514,-0.4973,-0.0005,-0.8918
29155,963,787,33.903,26.892,0.0903,-0.0152,9.8121,-0.3046,-0.1587,0.6805
29160,986,792,33.803,26.849,-0.0125,-0.0043,9.7521,-0.5669,-0.6841,0.5681
29165,987,786,33.851,26.863,-0.0302,0.0456,9.8263,-0.8986,0.2706,0.5048
29170,1005,775,33.849,26.919,0.0513,-0.0225,9.7189,-0.5287,0.2684,-0.441
29175,1024,782,33.895,26.79,-0.0152,0.0651,9.8007,0.6888,0.4936,-0.585
29180,1030,772,33.817,26.755,-0.058,-0.0558,9.7626,-0.3181,0.0202,0.4945
29185,1047,771,33.827,26.843,-0.0349,-0.0165,9.7045,0.3108,-0.0532,-1.0355
29190,1067,773,33.79,26.913,0.0174,-0.0118,9.7421,-1.0672,0.6742,1.1741
29195,1074,768,33.786,26.906,-0.0042,-0.0317,9.796,-0.1782,0.1609,-0.2907
29200,1082,770,33.806,26.896,0.0297,-0.0354,9.7748,-0.1859,-0.2321,-0.7538
29205,1093,762,33.798,26.776,-0.0037,-0.0351,9.8687,0.3459,0.8698,0.0482
29210,1101,763,33.924,26.844,-0.0658,0.0356,9.8694,0.6852,-0.521,0.0784
29215,1114,760,33.856,26.803,0.0355,-0.1153,9.8451,-0.7253,0.3339,0.7399
29220,1135,764,33.799,26.857,0.0324,0.0471,9.926,-0.3016,-0.5915,-0.3779
29225,1137,756,33.771,26.828,-0.0236,-0.0268,9.7494,0.3735,-0.0816,-0.2003
29230,1143,757,33.883,26.722,0.0603,-0.0421,9.7823,-0.3562,-0.0765,0.4752
29235,1154,751,33.758,26.801,0.0097,0.0067,9.8958,-0.8295,0.4392,-0.4688
29240,1150,760,33.764,26.785,0.0479,0.03,9.7489,-0.0285,1.0651,-0.6878
29245,1157,754,33.771,26.952,0.0202,-0.0564,9.8342,-0.2105,0.4426,-0.7385
29250,1169,748,33.761,26.725,-0.0569,-0.0333,9.8008,-0.0005,0.5012,-0.9035
29255,1176,749,33.745,26.877,-0.0421,0.0492,9.7518,-0.4234,0.4122,-0.1342
29260,1179,751,33.881,26.877,0.0864,-0.0196,9.7655,-0.0681,-0.8994,-0.3275
29265,1185,751,33.835,26.869,-0.0292,-0.071,9.7804,0.4685,0.2539,-0.3185
29270,1183,747,33.903,26.9,-0.0136,-0.0093,9.7254,-0.2254,0.1684,0.5147
29275,1187,747,33.783,26.9,-0.0192,-0.0221,9.7697,0.5317,-0.1686,-0.3065
29280,1182,749,33.856,26.854,-0.0005,-0.0178,9.8119,0.3764,-0.1115,0.8325
29285,1189,746,33.85,26.814,-0.0014,0.008,9.7802,-0.3116,0.5083,-1.201
29290,1187,744,33.89,26.922,-0.0108,0.042,9.7909,-0.8614,0.3266,-0.1375
29295,1180,750,33.866,26.914,0.0928,0.0259,9.843,-0.46,-0.1897,-0.1691
29300,1189,753,33.767,26.843,0.0644,0.0395,9.9189,-0.4628,-0.1904,0.4537
29305,1181,752,33.806,26.806,0.0518,-0.0233,9.7436,-0.5275,-0.947,-0.4226
29310,1189,754,33.824,26.827,0.003,-0.0171,9.8773,-0.1811,0.5148,0.5224
29315,1185,747,33.874,26.806,0.0044,-0.0821,9.8054,0.4789,-0.5768,-0.4373
29320,1178,752,33.814,26.846,0.0314,-0.0452,9.8132,0.069,0.2547,-0.5269
29325,1173,755,33.875,26.864,0.111,0.0248,9.8158,0.6029,0.6014,-0.0419
29330,1179,761,33.836,26.721,-0.0195,0.0568,9.8576,-1.0573,0.039,-0.4152
29335,1166,768,33.719,26.828,0.0005,-0.0033,9.662,0.1292,0.1169,0.0364
29340,1175,760,33.851,26.891,0.0532,-0.0678,9.7691,-0.9605,-0.8118,0.1435
29345,1166,767,33.776,26.983,0.0493,0.0215,9.8083,-0.4516,-0.1929,-0.1794
29350,1155,768,33.805,26.879,0.0573,-0.0108,9.788,-0.4089,-0.4948,0.9833
29355,1159,767,33.842,26.774,-0.0573,0.0616,9.8439,0.5504,-0.5409,-0.1262
29360,1159,764,33.82,26.852,0.0098,-0.0116,9.7939,0.9717,-1.169,-0.2233
29365,1156,771,33.796,26.853,-0.0307,0.0025,9.7775,-0.6903,0.3722,-0.3781
29370,1139,778,33.834,26.786,-0.0682,-0.049,9.7985,0.3526,-0.1979,-0.0513
29375,1142,773,33.775,26.849,0.013,0.0167,9.8165,-0.046,0.1964,0.3025
29380,1134,778,33.83,26.873,0.0818,0.0195,9.8343,0.047,-0.0812,-0.5097
29385,1132,783,33.828,26.828,0.0154,-0.0122,9.8603,0.7426,-0.6038,0.5131
29390,1130,785,33.834,26.795,0.0336,-0.0062,9.716,0.0231,0.2149,-0.1877
29395,1132,787,33.864,26.776,0.0056,0.0091,9.7885,0.9614,0.045,0.405
29400,1121,786,33.799,26.972,0.0643,0.021,9.7948,0.358,0.2122,0.528
29405,1119,786,33.76,26.813,0.0129,-0.0427,9.77,0.0422,-0.0969,-0.53
29410,1112,796,33.786,26.82,0.0125,0.0766,9.8493,-1.0784,-0.1274,-0.0755
29415,1115,801,33.872,26.865,-0.0099,0.0967,9.8647,-0.5598,-0.1003,0.1284
29420,1101,800,33.89,26.853,-0.0923,0.0026,9.8833,-0.8983,-0.1268,-0.7143
29425,1111,801,33.851,26.86,-0.0264,0.0037,9.8876,-0.2536,0.3639,-0.09
29430,1112,809,33.814,26.866,-0.0511,0.0215,9.7637,1.2011,-0.8357,0.5961
29435,1103,812,33.815,26.824,-0.0033,0.0994,9.7967,0.5434,-0.1808,0.3169
29440,1099,811,33.857,26.873,-0.0012,0.0462,9.8056,0.8156,-0.3909,-0.6687
29445,1100,816,33.794,26.811,0.0143,-0.0329,9.8418,0.2725,-0.4686,-0.1583
29450,1094,815,33.758,26.918,0.0526,-0.0016,9.7005,0.2252,-0.634,0.5463
29455,1099,815,33.791,26.785,-0.0018,0.0085,9.8882,0.0428,-0.373,0.4538
29460,1099,820,33.783,26.866,-0.0423,0.0253,9.7968,0.1721,-0.52,-1.0237
29465,1092,823,33.841,26.887,0.0268,0.0117,9.7944,-0.182,0.658,-0.1451
29470,1088,830,33.862,26.863,-0.0059,-0.0245,9.7942,0.3699,-0.5854,-0.848
29475,1085,824,33.79,26.844,0.0321,0.0342,9.8065,0.5244,0.2301,0.5985
29480,1079,832,33.792,26.936,-0.1234,-0.0604,9.8619,-0.2697,0.7415,0.3951
29485,1075,831,33.793,26.892,-0.0492,-0.0629,9.8494,0.312,-0.1068,-0.0793
29490,1064,831,33.843,26.79,-0.0511,-0.0597,9.8461,-0.1612,-0.2822,1.077
29495,1070,833,33.683,26.853,-0.0321,-0.0286,9.776,0.531,-0.0771,0.5338
29500,1068,835,33.733,26.874,-0.0613,-0.0639,9.8072,-0.2981,0.8593,-0.5371
29505,1064,834,33.812,26.961,-0.0283,0.0126,9.841,0.1626,0.8875,0.1004
29510,1057,836,33.698,26.869,0.0763,-0.0616,9.8736,-0.3887,-0.4545,-0.4634
29515,1048,836,33.755,26.798,0.0439,-0.0073,9.8862,0.5739,0.4618,-0.8553
29520,1053,837,33.811,26.787,-0.0397,-0.048,9.8169,0.3289,0.0387,-0.041
29525,1034,839,33.815,26.824,0.0678,0.0397,9.7845,0.7205,0.3247,-0.3753
29530,1033,835,33.8,26.792,0.0293,0.0354,9.8104,0.2795,0.67,0.1467
29535,1030,839,33.907,26.913,0.031,0.0734,9.7732,0.3943,-0.9499,0.2042
29540,1033,835,33.728,26.844,-0.0206,-0.0565,9.856,0.165,-0.3452,-0.3633
29545,1030,831,33.834,26.851,0.0011,-0.0713,9.8329,-0.5476,0.5991,0.0898
29550,1014,841,33.76,26.787,-0.0032,-0.0667,9.89,-0.5682,-0.6687,0.2245
29555,1017,832,33.796,26.82,-0.0131,-0.0212,9.7712,-1.4743,0.2513,-0.3139
29560,1005,835,33.794,26.931,-0.059,0.0167,9.8368,0.5638,-0.0792,-0.109
29565,988,839,33.816,26.919,0.0537,0.1007,9.8035,0.0368,0.4981,0.5626
29570,997,837,33.829,26.831,0.0668,0.0089,9.7962,-0.3758,-0.1124,-0.6932
29575,989,836,33.913,26.811,-0.0207,-0.0547,9.856,1.0122,-0.3154,-0.1301
29580,961,830,33.891,26.927,0.0163,-0.0906,9.8155,-0.3556,-0.7927,-0.9631
29585,967,832,33.798,26.852,-0.0219,-0.0047,9.8669,0.7783,0.4983,0.3111
29590,956,838,33.846,26.826,0.0113,0.0143,9.8752,-0.3733,0.3098,0.0486
29595,946,837,33.675,26.879,0.0054,0.0497,9.7373,-0.6364,0.3399,0.2502
29600,934,834,33.89,26.886,-0.018,0.0375,9.7546,0.1555,0.2468,-0.5968
29605,932,832,33.749,26.858,0.0133,0.0345,9.88,0.0458,-0.0114,0.0635
29610,918,829,33.811,26.753,-0.0119,0.0284,9.8644,-0.1345,-1.064,0.0238
29615,903,831,33.807,26.842,0.0418,-0.0644,9.8435,-0.1084,1.1228,0.5082
29620,893,828,33.889,26.804,0.0057,-0.0163,9.8376,-0.293,0.7423,0.2404
29625,880,826,33.822,26.82,-0.0145,0.0177,9.7867,-0.3423,-0.4798,-0.3593
29630,877,823,33.849,26.876,0.0909,-0.004,9.821,0.6895,-0.4657,0.2203
29635,867,822,33.844,26.778,0.0423,0.0042,9.7466,0.1539,-0.3491,-0.4011
29640,857,827,33.76,26.79,-0.0019,0.0669,9.8772,-1.1099,0.8053,0.0396
29645,849,827,33.737,26.868,-0.0395,-0.0564,9.763,-0.1443,0.4473,0.6555
29650,828,826,33.716,26.85,-0.0021,0.0317,9.8034,-0.2741,0.9928,0.0438
29655,827,818,33.76,26.902,-0.0128,-0.0873,9.765,-0.1155,-0.5192,-0.4506
29660,805,821,33.842,26.807,-0.0704,-0.0493,9.8465,-0.313,0.6123,-0.1463
29665,804,821,33.816,26.839,0.0053,-0.0273,9.7755,-0.6277,0.2975,-0.5426
29670,799,821,33.805,26.863,0.045,-0.1053,9.8161,-0.1906,0.3624,-0.8313
29675,789,820,33.8,26.879,0.0182,0.0196,9.7955,0.4733,-0.0437,-0.132
29680,782,818,33.828,26.83,0.0293,0.0881,9.7407,0.8558,0.5528,0.2428
29685,779,820,33.832,26.839,-0.0386,-0.0167,9.7514,0.2243,1.0941,-0.253
29690,769,817,33.806,26.789,0.0023,0.0325,9.8294,-0.0556,-0.2164,0.6797
29695,770,820,33.962,26.815,0.0092,0.0595,9.8068,0.3456,0.8243,-0.2592
29700,759,820,33.716,26.857,0.051,0.023,9.8796,0.0147,0.6889,0.1352
29705,752,819,33.805,26.873,0.074,-0.0254,9.9021,0.3277,-0.7998,0.0279
29710,748,821,33.783,26.782,-0.0047,-0.0227,9.7708,-1.2618,0.4186,0.118
29715,754,816,33.761,26.826,-0.0409,0.0164,9.8362,0.2877,0.4519,-2.0774
29720,762,821,33.881,26.887,0.0443,-0.0247,9.8493,0.068,0.2212,-0.646
29725,748,815,33.849,26.871,0.0396,0.0303,9.9076,-0.6765,0.0848,-0.5053
29730,750,816,33.801,26.848,0.0232,-0.0198,9.8686,0.2634,0.7408,-0.3327
29735,744,820,33.858,26.87,0.0288,-0.1445,9.7867,1.3527,-0.0635,0.2385
29740,751,813,33.862,26.77,-0.0174,-0.1047,9.7569,-1.3226,0.7135,-0.6226
29745,754,813,33.826,26.807,0.0218,-0.0528,9.8159,-0.5331,0.4415,0.6061
29750,761,810,33.855,26.841,-0.0565,0.01,9.7709,-0.1067,0.0497,-0.1948
29755,760,818,33.877,26.846,0.0995,-0.0276,9.8119,0.5222,0.0539,-0.1016
29760,767,810,33.864,26.886,0.0104,-0.0904,9.7898,0.09,-0.3825,-0.5603
29765,773,814,33.869,26.812,0.0283,0.0567,9.7996,-0.3008,0.4413,0.1941
29770,778,809,33.8,26.821,-0.1209,0.003,9.8546,0.3718,-0.2144,-0.3347
29775,787,808,33.89,26.884,0.045,-0.061,9.8563,-0.8717,-0.2016,0.3195
29780,790,810,33.81,26.802,-0.0364,-0.1344,9.8466,-0.1617,-0.0773,-0.3384
29785,807,806,33.81,26.926,-0.0046,-0.0189,9.8056,-0.2857,-0.1895,0.7429
29790,810,806,33.827,26.876,-0.0067,-0.0647,9.7098,-0.6826,0.4735,0.694
29795,830,805,33.804,26.809,0.0048,-0.0265,9.9099,0.1774,0.2909,0.3913
29800,841,802,33.811,26.926,0.0084,-0.0194,9.7759,-1.0548,0.0888,0.2235
29805,856,800,33.822,26.909,0.0119,-0.0075,9.8301,0.6636,0.055,0.2274
29810,862,803,33.835,26.868,-0.093,0.0543,9.8682,0.4462,0.2877,0.3641
29815,872,797,33.847,26.88,0.0316,0.0711,9.7736,0.2843,-0.735,-0.474
29820,886,797,33.827,26.858,0.0857,-0.0393,9.8134,0.1839,0.798,-0.8995
29825,892,801,33.885,26.835,0.0281,-0.1152,9.8744,0.2909,0.2933,-0.4977
29830,915,794,33.819,26.833,0.0354,0.0645,9.8407,-0.0017,-0.4698,-0.6118
29835,918,796,33.829,26.755,0.0766,-0.011,9.9165,-0.4902,0.4464,0.5823
29840,933,791,33.789,26.894,0.0034,0.0245,9.8177,0.3101,-1.151,0.8522
29845,954,790,33.769,26.859,-0.0409,-0.0504,9.7586,-0.8957,-0.2653,-0.1868
29850,966,786,33.806,26.881,0.0216,-0.0573,9.7987,0.5232,-0.157,0.335
29855,990,785,33.773,26.875,-0.0837,0.015,9.7669,0.0489,0.7887,-0.7012
29860,996,782,33.766,26.881,-0.01,-0.0159,9.8657,-0.705,-0.837,-0.484
29865,1010,780,33.803,26.848,-0.053,0.0713,9.8938,-0.3497,0.2718,0.7114
29870,1027,781,33.818,26.808,-0.0482,-0.0337,9.791,-0.4205,0.4063,0.0856
29875,1037,781,33.769,26.782,0.0088,0.045,9.7672,0.445,-0.3609,0.9221
29880,1050,774,33.79,26.821,-0.002,-0.052,9.8223,-0.2422,-0.3263,0.0673
29885,1063,774,33.831,26.888,-0.0415,0.0618,9.8309,0.2851,-0.256,0.0066
29890,1076,766,33.763,26.83,-0.0025,0.0616,9.8068,-0.4732,0.2293,0.308
29895,1082,765,33.83,26.954,0.011,-0.0424,9.882,-0.2486,0.4284,-0.1549
29900,1092,766,33.773,26.87,-0.0041,-0.0835,9.8292,-0.6325,0.0622,0.0045
29905,1109,767,33.749,26.855,0.0012,-0.0162,9.7118,-0.1611,-0.9771,0.315
29910,1114,761,33.768,26.901,-0.0245,0.0231,9.8598,0.5974,0.0706,-0.4431
29915,1127,761,33.835,26.814,0.0484,-0.0436,9.75,0.1533,-0.9323,-0.4919
29920,1130,755,33.809,26.819,-0.0046,-0.007,9.8394,-0.7455,0.6097,-0.1391
29925,1149,750,33.843,26.78,-0.075,0.0106,9.8851,-0.0907,-0.4027,-0.2638
29930,1153,757,33.893,26.879,0.0163,-0.0602,9.823,0.3119,0.3886,0.2512
29935,1162,755,33.847,26.843,-0.0366,0.0564,9.7994,-0.7341,-0.052,-0.8583
29940,1162,754,33.846,26.839,-0.0202,0.0541,9.815,0.5482,-0.2558,0.5752
29945,1171,748,33.817,26.902,0.0029,0.0716,9.8376,0.1661,0.477,0.466
29950,1168,754,33.765,26.93,-0.0513,0.0307,9.8604,-0.4103,-0.2732,-0.0333
29955,1171,750,33.713,26.831,-0.0056,0.0045,9.8519,0.8248,-0.1013,-0.3833
29960,1186,751,33.8,26.802,0.0379,0.0255,9.7607,0.4121,0.0737,-0.0855
29965,1180,751,33.842,26.845,0.1075,-0.0365,9.8086,0.5396,0.1041,-0.6307
29970,1186,746,33.79,26.914,-0.0669,0.0561,9.8328,-0.1255,-0.604,-0.0596
29975,1177,746,33.698,26.904,0.057,0.06,9.7482,0.0169,0.6278,0.0374
29980,1191,749,33.856,26.918,-0.0186,0.1052,9.8808,0.5254,0.0759,0.2253
29985,1182,749,33.751,26.868,-0.0313,-0.0267,9.7592,0.8118,0.0539,0.0103
29990,1193,746,33.767,26.789,0.0326,-0.0516,9.825,-0.3044,0.1786,0.1623
29995,1174,751,33.807,26.914,-0.0618,-0.0305,9.8122,-0.2092,-0.1632,-0.107
30000,1183,749,33.775,26.884,-0.0495,-0.0579,9.7901,0.2973,0.0438,0.3365
30005,1195,752,33.859,26.96,0.0092,0.0673,9.7623,0.0601,-0.5916,-0.386
30010,1179,753,33.87,26.828,0.0533,-0.0285,9.7667,-0.266,0.1988,-0.232
30015,1179,752,33.888,26.842,0.0975,0.0353,9.6976,0.5108,-0.1476,0.6864
30020,1177,757,33.848,26.857,0.0686,-0.0674,9.8711,0.2327,0.2257,0.2037
30025,1173,756,33.814,26.889,0.0363,-0.0236,9.8239,-0.1529,0.4993,0.0855
30030,1179,758,33.88,26.923,-0.0773,-0.0107,9.8328,0.2794,1.0454,0.5926
30035,1174,758,33.813,26.852,0.0626,-0.13,9.713,0.072,-0.1929,-0.5783
30040,1164,764,33.79,26.917,-0.0372,-0.0268,9.7945,0.7149,-0.5838,-0.0805
30045,1168,769,33.795,26.858,-0.0606,0.016,9.736,-0.3458,-0.1799,0.7279
30050,1148,766,33.825,26.829,-0.0386,-0.0041,9.7951,-1.1243,-0.7688,-0.461
30055,1158,770,33.818,26.861,0.0443,-0.0282,9.6977,-0.3299,-0.0502,0.5286
30060,1144,777,33.822,26.937,-0.044,0.0097,9.928,-0.544,-0.1408,-0.0088
30065,1152,774,33.767,26.79,0.0324,-0.0822,9.879,0.1998,1.0923,0.3352
30070,1138,776,33.788,26.914,-0.0095,-0.0151,9.8152,0.8296,-0.4296,0.5717
30075,1135,776,33.817,26.852,0.0614,0.0504,9.8137,-0.0531,1.9445,0.7796
30080,1148,782,33.824,26.854,0.0144,-0.0442,9.8282,-0.5132,-0.1605,0.0975
30085,1135,784,33.783,26.868,-0.0174,-0.0437,9.785,0.1637,-0.8273,-0.7048
30090,1135,786,33.897,26.938,-0.0156,0.0605,9.791,0.8703,0.0743,0.3277
30095,1134,785,33.873,26.843,-0.1168,0.0271,9.8127,-0.7449,0.6116,0.3609
30100,1116,796,33.829,26.946,0.0234,-0.0563,9.8022,0.209,0.1247,-0.154
30105,1118,795,33.82,26.858,-0.0566,-0.0049,9.8091,0.3994,0.351,-0.1001
30110,1115,798,33.796,26.851,0.0347,0.0707,9.7997,-0.5003,-0.2588,-0.0905
30115,1104,802,33.824,26.788,-0.0048,-0.0116,9.8015,0.1365,0.0563,0.1926
30120,1106,803,33.765,26.914,0.0825,0.0745,9.8435,-0.3417,0.4484,-0.798
30125,1107,807,33.821,26.809,-0.0072,0.0108,9.8799,0.4337,-0.1448,0.4848
30130,1108,810,33.778,26.9,0.012,-0.019,9.7559,0.4907,-0.0394,-0.689
30135,1098,810,33.884,26.906,-0.0303,-0.003,9.744,-0.1639,0.3227,0.0922
30140,1099,813,33.82,26.831,-0.0491,-0.0038,9.8569,-0.4806,0.114,0.2004
30145,1101,818,33.774,26.829,0.0245,-0.0099,9.8819,0.2193,0.4789,0.5871
30150,1093,817,33.758,26.854,-0.0999,-0.089,9.8443,-0.0851,0.617,-0.0805
30155,1076,823,33.818,26.917,0.0543,0.0683,9.7519,-0.5971,0.453,0.3943
30160,1084,816,33.797,26.873,0.0747,-0.1092,9.8451,-0.0172,0.1938,0.1033
30165,1082,826,33.855,26.78,-0.0946,0.0449,9.8623,-0.3667,-0.5597,-0.3006
30170,1085,832,33.699,26.864,-0.0684,-0.0261,9.8094,0.131,-0.721,-0.1075
30175,1085,826,33.797,26.796,-0.0309,-0.0221,9.8753,-0.6716,-0.2733,0.4648
30180,1073,830,33.743,26.955,0.0049,-0.0091,9.8652,0.5379,0.5312,-0.4921
30185,1078,833,33.837,26.876,0.0015,-0.0642,9.8564,-0.903,0.8707,0.2652
30190,1071,829,33.839,26.749,0.0045,0.0204,9.7315,0.5213,0.01,-0.7043
30195,1069,836,33.765,26.833,0.1159,-0.0286,9.7483,-0.0415,0.594,0.8841
30200,1062,835,33.689,26.854,-0.0499,-0.095,9.8342,-0.4893,0.3065,-0.1034
30205,1063,832,33.772,26.831,-0.0313,0.0815,9.8363,0.432,-0.3959,-0.5578
30210,1063,839,33.758,26.788,-0.0714,0.1452,9.8541,-0.0246,-0.6041,-0.2844
30215,1051,836,33.889,26.803,0.0073,0.0256,9.8051,-0.9486,0.246,-0.0016
30220,1049,836,33.819,26.917,-0.0418,0.0295,9.8187,0.084,0.2383,0.0299
30225,1037,840,33.754,26.841,0.0628,-0.0284,9.8205,-0.8733,-0.2568,-0.8508
30230,1036,844,33.772,26.95,-0.0646,0.0284,9.808,-0.5463,-0.0063,0.2071
30235,1024,841,33.815,26.819,0.0205,0.0968,9.8578,0.5061,-0.3245,0.7289
30240,1024,842,33.76,26.783,-0.0514,-0.0332,9.7503,0.004,-0.8108,0.2099
30245,1011,832,33.713,26.868,0.1016,-0.0378,9.8881,-0.466,-0.8699,-0.4679
30250,1004,831,33.79,26.728,-0.1291,0.173,9.8469,0.2857,0.533,-0.1109
30255,1011,834,33.836,26.92,0.0535,-0.0674,9.742,0.3436,0.1841,0.3904
30260,994,837,33.77,26.803,0.0647,0.0112,9.7641,0.6393,-0.0816,-0.2544
30265,994,837,33.807,26.869,0.1321,-0.0567,9.6672,0.0768,-0.4904,-0.2219
30270,979,835,33.815,26.738,-0.0175,-0.0644,9.8863,0.0875,0.098,-0.5726
30275,959,836,33.873,26.836,-0.0085,-0.0483,9.9421,-0.1239,0.4556,0.1147
30280,962,829,33.793,26.846,0.0317,0.0143,9.7461,0.2895,0.5318,1.011
30285,956,834,33.822,26.845,0.0267,0.0155,9.7628,-0.0481,-0.5496,-0.3949
30290,947,827,33.788,26.861,0.0168,0.0477,9.7764,-0.2861,0.3076,-0.7215
30295,936,834,33.842,26.787,-0.064,-0.0041,9.8601,-0.1168,0.5636,0.6703
30300,926,834,33.795,26.845,-0.0713,0.0516,9.8531,0.2022,0.4263,-0.7927
30305,919,828,33.73,26.787,0.0147,-0.0501,9.8549,0.4836,0.1815,0.0624
30310,903,831,33.938,26.822,-0.029,-0.0886,9.7878,-0.1113,0.3291,-0.7378
30315,880,833,33.724,26.83,-0.0077,-0.0486,9.8734,-0.667,-1.2013,0.7661
30320,887,826,33.847,26.794,-0.0059,0.0227,9.785,-0.9865,-0.0271,0.3807
30325,875,829,33.826,26.821,-0.0511,-0.0034,9.7984,0.6367,-0.279,-1.148
30330,872,827,33.798,26.792,0.0413,-0.0349,9.7784,-0.7862,-0.779,-1.1659
30335,851,823,33.861,26.852,-0.0303,0.0089,9.8205,-0.2097,-0.1754,0.3684
30340,849,821,33.794,26.84,-0.0713,-0.1231,9.7429,-0.6311,0.2077,0.689
30345,834,825,33.715,26.785,0.0464,-0.0544,9.7815,-0.3628,0.3524,1.4121
30350,819,827,33.786,26.873,-0.0205,-0.0267,9.8819,-0.7648,-0.3976,0.2117
30355,802,823,33.814,26.898,0.0325,0.0139,9.7309,0.6725,0.3663,0.6569
30360,805,823,33.746,26.887,0.02,-0.0658,9.8036,0.008,0.2205,0.1278
30365,793,821,33.781,26.959,-0.0244,0.0275,9.888,0.1917,-0.2889,0.2815
30370,786,818,33.856,26.87,0.0243,-0.0274,9.8854,0.091,-0.1883,-0.0854
30375,775,821,33.822,26.89,-0.0983,-0.0506,9.7617,0.8563,-0.892,-0.0204
30380,773,821,33.848,26.84,-0.023,-0.0168,9.829,0.5263,0.8981,0.0565
30385,771,824,33.8,26.814,0.0567,0.0343,9.8035,-0.0784,-0.7105,0.1928
30390,758,821,33.798,26.85,-0.039,0.0596,9.8376,-0.0417,-0.4324,-1.0686
30395,756,822,33.784,26.892,-0.006,-0.0296,9.7563,-0.1323,0.6416,0.2435
30400,751,820,33.84,26.798,-0.0106,-0.0516,9.8472,-0.2657,0.0626,-0.471
30405,755,819,33.797,26.879,0.0356,0.013,9.8837,-0.0411,-0.2,0.0334
30410,749,818,33.826,26.876,0.129,-0.0408,9.7115,0.4463,0.4805,-0.3811
30415,748,818,33.756,26.812,0.0397,-0.0726,9.8628,0.1512,-0.0362,0.4306
30420,741,814,33.757,26.87,-0.0364,-0.016,9.7062,-0.7078,-0.7978,0.4255
30425,747,812,33.767,26.953,0.0253,-0.0615,9.7823,-0.1962,-0.2316,-0.0918
30430,752,818,33.863,26.815,0.0049,0.0173,9.8285,0.1126,0.2842,-0.6547
30435,755,819,33.89,26.91,-0.0549,-0.0475,9.8536,0.2718,-0.6465,1.1258
30440,750,814,33.798,26.883,-0.1025,0.0058,9.6955,-0.2705,0.0927,0.3791
30445,750,813,33.807,26.832,-0.0041,-0.0189,9.9492,-0.2419,-0.3017,0.6269
30450,762,813,33.849,26.818,0.0405,0.0279,9.8418,0.2929,0.2833,0.4411
30455,771,812,33.889,26.91,-0.0155,-0.0138,9.8925,-0.2811,-0.3076,-0.2293
30460,775,814,33.899,26.819,0.0212,0.0723,9.7698,-0.3852,0.582,0.301
30465,785,812,33.739,26.919,0.1171,0.0974,9.8533,0.4127,0.1487,0.907
30470,795,802,33.773,26.834,-0.0567,-0.0416,9.8311,-0.1679,-0.3388,-0.4718
30475,792,813,33.885,26.844,-0.0161,0.0784,9.7943,-0.7449,-0.4963,-0.1766
30480,803,810,33.752,26.927,0.0138,-0.0566,9.7033,0.3037,-1.1033,-0.205
30485,817,805,33.794,26.825,-0.023,0.047,9.7658,-0.1604,0.4636,0.6618
30490,821,806,33.741,26.831,-0.0624,0.029,9.8997,0.0386,-0.8479,0.0044
30495,840,803,33.831,26.904,0.0218,-0.0003,9.9303,-0.2967,1.4544,-0.0005
30500,833,806,33.809,26.767,0.0096,-0.0426,9.7498,-0.3634,-0.5185,0.6312
30505,856,801,33.895,26.818,0.0402,-0.0609,9.7704,0.4159,-0.5451,0.0133
30510,869,796,33.764,26.789,-0.0824,-0.0381,9.7633,-1.5869,-0.0588,-0.7345
30515,891,793,33.856,26.895,-0.0145,-0.0516,9.7775,-0.0412,-0.3342,-0.2841
30520,898,792,33.661,26.903,-0.0943,-0.0773,9.8242,0.4514,0.0052,0.1513
30525,909,793,33.822,26.805,-0.0267,-0.0661,9.8608,-0.2805,-0.7931,-0.4703
30530,933,791,33.838,26.874,-0.0145,0.0495,9.7784,0.421,-0.0409,-0.4011
30535,944,788,33.76,26.877,-0.0228,-0.0479,9.8899,-0.1572,0.2334,0.7066
30540,962,783,33.769,26.896,-0.0794,0.0896,9.8045,-0.2296,-0.5597,0.7397
30545,973,786,33.77,26.846,0.0318,-0.0155,9.7237,0.1797,-0.6809,-0.0178
30550,982,786,33.927,26.839,-0.0242,-0.0914,9.7608,0.4153,0.6489,0.1989
30555,1006,784,33.773,26.799,-0.0071,-0.0747,9.7946,0.1997,-0.6603,-0.8595
30560,1009,776,33.758,26.828,-0.033,0.0402,9.9078,-0.5207,-0.055,0.3666
30565,1021,780,33.881,26.811,-0.0034,-0.0511,9.7619,-0.1417,-0.5775,0.9109
30570,1038,775,33.804,26.888,0.0184,-0.0552,9.8141,0.6458,-0.0294,-0.5082
30575,1051,774,33.813,26.87,-0.0541,-0.0535,9.7549,-0.1394,0.836,-0.3572
30580,1073,773,33.788,26.923,-0.0792,-0.0199,9.8526,0.5562,-0.3448,-0.0119
30585,1085,770,33.864,26.835,-0.043,0.0191,9.8521,0.1793,0.0161,0.542
30590,1088,764,33.741,26.817,-0.0224,0.0444,9.8661,0.7762,0.1944,1.2038
30595,1094,766,33.861,26.785,0.0055,0.0817,9.7957,-0.677,-0.3546,-0.6235
30600,1108,764,33.783,26.813,-0.0931,-0.0576,9.8884,0.1396,-0.1545,-0.8241
30605,1111,763,33.824,26.896,0.0438,-0.033,9.8221,-0.2424,0.4663,0.53
30610,1123,756,33.827,26.794,-0.0814,0.0822,9.734,-0.0598,-0.7529,0.2374
30615,1139,763,33.824,26.893,-0.1027,0.0315,9.7875,-0.2704,-0.3388,0.4
30620,1148,763,33.741,26.776,0.0053,-0.0584,9.736,-0.6021,0.5547,-0.335
30625,1147,758,33.759,26.772,-0.0017,-0.0609,9.8089,-0.0948,0.6791,0.5693
30630,1159,752,33.869,26.85,0.0521,0.0154,9.7512,0.2821,-0.5668,0.7135
30635,1170,752,33.813,26.839,-0.0095,0.0288,9.8086,0.1923,-0.6933,0.3225
30640,1172,752,33.769,26.905,0.0992,0.1038,9.8283,0.1714,-0.4317,0.3276
30645,1164,751,33.65,26.878,0.0035,-0.0648,9.8193,0.3391,0.4513,-0.7208
30650,1181,750,33.849,26.864,0.0017,0.0074,9.7794,0.2411,-0.2335,-0.2663
30655,1170,749,33.838,26.886,-0.0008,0.0014,9.8454,-0.3198,0.0431,0.2199
30660,1177,749,33.83,26.852,-0.0453,-0.0087,9.7543,-0.4128,0.642,0.3066
30665,1183,754,33.867,26.808,0.0747,0.0335,9.8318,-0.9756,-0.4133,-0.5399
30670,1192,746,33.823,26.858,0.0283,0.0279,9.7871,-1.1433,-0.4045,-0.0043
30675,1187,753,33.863,26.92,-0.0697,-0.0113,9.9091,0.2723,0.2947,-0.9328
30680,1181,755,33.925,26.814,-0.0475,0.0752,9.7999,-1.2657,0.6505,0.6598
30685,1185,751,33.753,26.839,-0.1151,0.0454,9.716,-0.7739,0.1454,-0.4123
30690,1195,748,33.814,26.867,0.0146,-0.0353,9.8544,-0.3189,0.0145,0.584
30695,1185,753,33.724,26.939,0.1148,-0.0143,9.8295,0.2405,-0.3038,-0.2948
30700,1189,747,33.827,26.857,0.0428,-0.0343,9.7513,0.0413,0.6053,0.0921
30705,1185,752,33.764,26.84,-0.0287,0.0128,9.733,0.3716,0.5738,0.6102
30710,1175,752,33.813,26.951,0.0194,0.0294,9.7653,0.0724,-0.0087,0.1819
30715,1184,752,33.841,26.823,-0.0448,0.0726,9.8799,-0.0008,-0.7068,-0.2595
30720,1177,754,33.77,26.81,0.0435,0.0119,9.7776,0.2497,-0.1855,-0.4154
30725,1163,761,33.765,26.746,-0.0311,-0.0282,9.7791,-0.1719,-0.2259,0.3501
30730,1170,758,33.746,26.754,0.0224,0.0214,9.7435,-0.2238,0.5083,0.4536
30735,1160,760,33.792,26.845,-0.0137,0.0326,9.8965,-0.2176,0.1687,-0.2085
30740,1158,761,33.723,26.817,-0.0319,0.0483,9.7284,1.5267,-0.3553,0.3921
30745,1156,768,33.797,26.738,-0.0697,0.0685,9.8324,-0.3353,-0.4037,-0.254
30750,1151,771,33.792,26.894,-0.0117,0.0891,9.7823,0.2826,0.2085,-0.0678
30755,1151,774,33.78,26.813,0.0043,-0.085,9.8873,0.1143,-0.1509,-0.508
30760,1143,778,33.813,26.841,-0.0517,-0.0661,9.7739,0.4094,0.2326,0.6976
30765,1131,778,33.745,26.905,-0.0187,-0.0144,9.7748,-0.311,-0.7775,0.1929
30770,1145,777,33.798,26.813,0.0064,-0.0062,9.8371,-0.5604,-0.1947,-0.5198
30775,1144,779,33.79,26.76,-0.0074,0.0577,9.8832,-0.3405,0.2602,0.0983
30780,1130,787,33.78,26.837,0.0579,0.0182,9.7485,-0.6327,0.0432,-0.6744
30785,1126,788,33.729,26.841,-0.0223,0.0255,9.8451,0.019,0.0076,-0.1941
30790,1127,784,33.743,26.858,-0.0381,0.052,9.832,0.2217,-0.3361,0.7513
30795,1128,798,33.743,26.861,0.0725,0.0133,9.8385,-0.0141,-0.4305,-0.4242
30800,1125,799,33.722,26.928,0.0627,-0.0706,9.798,-0.4161,-0.0293,1.2865
30805,1107,799,33.801,26.804,0.009,0.012,9.8093,0.036,-0.568,0.1634
30810,1103,797,33.833,26.832,0.0279,0.022,9.7569,0.3486,0.4315,0.3326
30815,1114,798,33.784,26.816,-0.0221,0.0555,9.8753,0.7056,0.2328,-0.6611
30820,1105,805,33.781,26.864,0.0189,0.0355,9.888,0.4902,0.1201,-0.0447
30825,1107,815,33.8,26.869,0.0062,-0.0448,9.83,0.5136,0.2652,1.2409
30830,1105,814,33.842,26.819,-0.0923,0.0171,9.8235,0.9974,0.4009,-0.4839
30835,1101,810,33.778,26.78,-0.0336,-0.0458,9.8211,0.2395,-0.0455,-0.0079
30840,1100,820,33.719,26.84,0.0539,0.0788,9.7894,1.1253,0.4636,-0.8469
30845,1094,816,33.754,26.861,-0.0423,0.029,9.762,-0.2817,-0.2631,0.118
30850,1094,818,33.818,26.824,-0.0002,0.0255,9.7701,-0.7697,0.2903,0.8721
30855,1084,824,33.887,26.8,-0.0133,0.0017,9.8319,0.3841,-0.0213,0.302
30860,1085,825,33.797,26.803,0.0108,0.0627,9.7454,0.3237,-0.4235,-0.4
30865,1083,830,33.824,26.85,-0.0525,0.0609,9.8078,-0.707,0.0138,0.2285
30870,1077,824,33.769,26.868,0.0179,-0.0057,9.7867,-0.9144,-0.4448,0.7355
30875,1083,835,33.812,26.921,-0.0196,-0.0032,9.7091,0.056,0.2853,-0.061
30880,1072,837,33.812,26.843,-0.0013,0.1108,9.7554,-0.2413,0.6288,0.4316
30885,1078,836,33.765,26.86,0.0948,0.0898,9.7898,-0.3684,-0.231,0.0971
30890,1072,837,33.791,26.901,-0.0182,0.0063,9.7713,0.7361,0.1633,0.5278
30895,1069,832,33.796,26.791,0.0584,0.0136,9.828,0.0404,0.332,-0.4252
30900,1065,831,33.769,26.909,0.0053,-0.0041,9.7803,0.3955,0.2135,0.3016
30905,1056,842,33.828,26.865,0.0582,-0.0128,9.7804,-0.4433,-0.4169,-0.0924
30910,1063,839,33.862,26.787,-0.0434,-0.0259,9.8826,0.716,0.2765,0.0043
30915,1039,838,33.769,26.865,0.0062,0.0058,9.7936,0.1548,0.1689,-0.0084
30920,1032,841,33.838,26.886,0.0438,-0.0554,9.7931,-0.2247,0.0568,-0.5299
30925,1034,843,33.784,26.812,0.0925,0.0632,9.7122,-0.022,0.5785,-0.8082
30930,1043,842,33.739,26.908,-0.052,-0.1065,9.8296,-0.278,0.034,-1.5661
30935,1028,845,33.811,26.948,-0.0129,0.0153,9.88,0.1839,0.2571,-0.422
30940,1012,835,33.899,26.85,0.0136,0.0238,9.7883,-0.7073,-0.0365,0.1856
30945,1020,843,33.791,26.817,-0.0028,0.0258,9.8067,-0.5288,0.327,-0.6253
30950,1004,837,33.886,26.853,0.0153,0.0456,9.8127,0.0675,-0.5445,-0.618
30955,996,835,33.793,26.888,0.0224,-0.0368,9.8614,0.2523,-0.1595,0.0885
30960,980,833,33.864,26.818,0.014,0.0112,9.776,-0.0614,0.499,0.0873
30965,981,839,33.799,26.881,-0.0402,-0.011,9.7772,-0.3664,0.3013,-0.0074
30970,974,835,33.901,26.941,-0.0882,-0.0588,9.8572,0.8381,0.3913,-0.3808
30975,962,835,33.794,26.91,0.0369,-0.1127,9.7396,0.9878,-0.0017,0.02
30980,945,834,33.906,26.788,-0.0414,-0.0198,9.9162,-0.2191,0.7062,0.1105
30985,933,833,33.738,26.839,-0.0287,-0.0207,9.8304,-0.3848,-0.0423,-1.3217
30990,931,831,33.778,26.806,0.0331,0.0998,9.7739,-0.4115,-0.4669,0.0251
30995,931,831,33.82,26.875,-0.0449,-0.0558,9.7841,-0.4169,0.6041,-0.109
31000,910,830,33.872,26.722,0.0381,-0.0196,9.8984,-0.1819,0.3909,-0.2992
31005,904,830,33.741,26.867,-0.0371,0.0098,9.874,-0.2104,0.2727,0.9305
31010,885,832,33.772,26.85,0.0115,0.0472,9.8376,-0.9489,-0.0709,-0.2522
31015,879,826,33.763,26.835,-0.0182,-0.0342,9.813,-0.0945,-0.4569,0.2123
31020,875,829,33.86,26.862,0.0207,0.0355,9.8461,0.075,0.2119,-0.0299
31025,862,827,33.764,26.935,-0.0925,0.0241,9.9172,0.1327,0.5303,-0.4274
31030,844,828,33.737,26.867,0.0094,0.0263,9.8246,-0.6551,0.3321,-1.0589
31035,840,829,33.8,26.825,-0.0793,-0.0051,9.8605,0.3777,0.7529,-0.0051
31040,831,823,33.742,26.881,0.0197,-0.0767,9.785,1.2011,-0.1357,0.6386
31045,822,825,33.844,26.881,-0.0239,0.0243,9.8349,0.0053,0.2846,-0.6398
31050,810,826,33.822,26.857,0.0953,0.0753,9.6794,0.326,-0.459,-0.0649
31055,808,821,33.772,26.788,-0.1156,-0.0086,9.7481,0.0997,0.3689,-0.4719
31060,798,815,33.834,26.867,0.0712,-0.0587,9.858,-0.5296,0.252,0.9261
31065,791,821,33.777,26.927,-0.0034,0.0037,9.841,0.2407,0.6516,-0.3094
31070,782,825,33.734,26.814,0.0522,-0.0337,9.7521,-0.6421,0.047,0.3474
31075,779,823,33.781,26.885,-0.0352,0.0313,9.7948,-1.3511,-0.1505,-0.2493
31080,776,819,33.833,26.855,0.013,0.0011,9.7763,-0.6192,0.3755,0.8829
31085,763,820,33.713,26.801,0.0782,0.0226,9.8783,-0.0894,-0.7548,-0.7997
31090,757,816,33.796,26.836,0.0187,0.111,9.862,-0.2207,0.8007,-0.3444
31095,756,818,33.72,26.854,0.0276,0.0418,9.7524,0.7989,-0.1109,0.3127
31100,751,820,33.832,26.82,-0.052,-0.0683,9.7894,0.8282,-0.4898,0.1053
31105,754,820,33.805,26.79,-0.0092,-0.0425,9.7995,0.4191,0.8229,-0.113
31110,746,823,33.765,26.903,0.0554,-0.0062,9.7631,0.571,-0.3341,0.4804
31115,735,808,33.758,26.95,0.0274,0.0502,9.8164,0.3563,0.1379,0.1885
31120,754,825,33.733,26.827,-0.0893,-0.0491,9.7613,0.243,0.2701,0.2356
31125,747,818,33.819,26.857,0.0204,0.0801,9.8846,0.3232,-0.1673,0.3704
31130,758,815,33.713,26.804,0.0104,0.0295,9.8055,-0.1313,-0.5485,0.4514
31135,752,813,33.736,26.868,0.1177,0.0069,9.8166,0.3116,0.6041,0.3255
31140,752,813,33.771,26.953,-0.0241,-0.0602,9.798,0.8962,0.3518,0.3212
31145,767,816,33.726,26.867,0.0286,-0.0318,9.797,0.1588,-1.3019,0.3206
31150,760,814,33.762,26.888,0.0311,-0.0786,9.7975,-0.051,0.0185,-0.1669
31155,771,809,33.793,26.884,0.0309,-0.0402,9.8144,0.1121,0.2804,0.6317
31160,788,810,33.769,26.859,0.0635,-0.0167,9.8229,-0.0921,1.2827,0.0899
31165,779,813,33.772,26.882,-0.0406,0.0157,9.8034,0.5998,0.1899,0.2582
31170,802,802,33.783,26.985,-0.0529,-0.0441,9.8154,0.525,0.4843,-0.9787
31175,808,808,33.808,26.864,0.0265,-0.0089,9.8563,-0.4878,0.2347,-0.1636
31180,817,800,33.81,26.813,-0.0522,-0.0006,9.8214,-0.8165,-0.425,-0.2201
31185,825,805,33.788,26.761,0.0126,-0.0249,9.8058,0.195,0.2931,-0.1072
31190,832,803,33.815,26.841,-0.0666,0.0145,9.8246,0.5565,0.491,-0.4262
31195,844,800,33.805,26.85,-0.0071,-0.0996,9.8776,-0.7037,0.8898,-0.4283
31200,864,804,33.791,26.861,-0.0579,0.066,9.8197,0.8754,0.9062,-0.2627
31205,870,796,33.744,26.819,-0.0191,-0.0583,9.7572,0.782,0.4602,-0.5195
31210,881,802,33.798,26.747,0.093,0.1204,9.8679,-0.9491,-0.0258,0.1184
31215,896,794,33.822,26.779,-0.0597,-0.0088,9.799,-0.4113,0.6763,-1.6995
31220,913,793,33.833,26.861,-0.035,0.0115,9.814,0.6084,-0.3839,-0.2562
31225,935,795,33.85,26.862,-0.0409,0.07,9.834,-0.598,0.9605,0.4234
31230,937,788,33.838,26.888,0.0775,-0.048,9.7618,-0.9056,0.0585,0.6755
31235,961,788,33.834,26.907,0.0146,0.0918,9.8314,-0.0915,-0.5059,-0.412
31240,975,786,33.736,26.88,-0.0153,0.0268,9.8354,-0.5857,-0.6147,0.2277
31245,976,786,33.765,26.82,-0.017,0.057,9.8227,0.35,-0.3755,-0.2868
31250,989,782,33.752,26.782,-0.0831,0.0635,9.8216,-0.4064,-0.0191,-0.1986
31255,1011,781,33.807,26.803,-0.0397,0.0131,9.7864,-0.2749,-0.8925,0.9349
31260,1015,782,33.838,26.854,-0.0802,0.034,9.7965,0.0405,-0.9185,-0.0114
31265,1044,778,33.845,26.828,-0.1013,0.0218,9.8522,-0.5271,-0.8336,-0.2055
31270,1046,777,33.777,26.82,-0.003,-0.0859,9.8594,0.4634,0.3094,0.2911
31275,1058,772,33.847,26.883,-0.0223,-0.0416,9.8487,0.3398,-0.7196,-0.8929
31280,1072,773,33.758,26.784,0.0816,0.0147,9.8554,0.057,-0.325,-0.0595
31285,1082,768,33.668,26.827,0.0229,-0.0558,9.7438,0.2154,-0.027,0.2852
31290,1089,764,33.761,26.769,0.0654,0.0725,9.8542,-0.2215,-0.4827,0.2195
31295,1105,762,33.74,26.837,-0.0451,0.0147,9.7385,-0.0704,0.8892,-0.1788
31300,1110,761,33.745,26.823,-0.0165,0.002,9.863,0.5864,0.1169,0.1302
31305,1133,756,33.897,26.793,-0.0203,-0.0278,9.7576,-0.0283,-0.2173,1.6737
31310,1138,757,33.764,26.903,0.0138,0.0549,9.8702,-0.2201,0.2996,-0.654
31315,1142,759,33.735,26.825,-0.02,-0.0203,9.8385,-0.3058,-0.1184,0.1069
31320,1150,755,33.806,26.913,0.088,-0.0549,9.7986,0.1004,0.4422,-0.6143
31325,1151,755,33.793,26.841,-0.0177,-0.0555,9.759,-0.1876,-0.6156,-0.3011
31330,1158,751,33.789,26.811,0.0599,0.035,9.8393,-0.0339,0.354,-0.1238
31335,1167,749,33.841,26.833,0.0248,0.0199,9.8519,0.0551,-0.0505,0.5117
31340,1169,752,33.795,26.742,-0.0007,-0.0882,9.7933,-0.0375,-0.1088,-0.1567
31345,1175,748,33.696,26.842,0.0314,-0.0491,9.8334,-0.008,-0.476,-0.4247
31350,1183,749,33.696,26.89,-0.0163,0.0582,9.79,0.7589,-0.7604,-0.2637
31355,1180,754,33.84,26.904,0.0449,-0.0224,9.7975,-0.7597,0.8864,0.1054
31360,1184,752,33.831,26.779,-0.0294,-0.0408,9.7781,-0.0993,0.2366,-0.2971
31365,1180,748,33.853,26.919,0.0408,-0.0278,9.7991,0.6446,-0.9622,-1.1451
31370,1190,745,33.794,26.822,0.0162,0.0127,9.7444,1.046,0.6138,-0.0867
31375,1184,747,33.856,26.846,-0.0277,-0.0017,9.7731,0.0568,-0.6267,-0.443
31380,1204,755,33.809,26.891,0.0725,0.0265,9.8443,1.398,0.0368,0.3152
31385,1188,751,33.81,26.824,0.0128,0.0584,9.8643,-0.4459,0.5458,0.7225
31390,1183,752,33.9,26.884,-0.012,0.0206,9.8108,-0.42,0.4152,0.161
31395,1190,747,33.739,26.785,0.0696,0.0272,9.7781,0.3312,-0.3174,0.2095
31400,1187,754,33.892,26.863,-0.0686,-0.0329,9.7639,-0.4032,0.611,-0.422
31405,1174,757,33.834,26.854,0.0014,-0.0398,9.9166,0.2853,-0.2128,0.2257
31410,1172,758,33.763,26.872,-0.0302,0.0394,9.7742,0.0505,0.3166,0.0613
31415,1175,758,33.862,26.921,0.0564,-0.0585,9.7578,0.2388,-0.0651,0.6396
31420,1170,755,33.856,26.767,0.0641,-0.0678,9.8886,-0.2904,-0.6474,-0.6221
31425,1175,761,33.755,26.814,-0.0092,0.0517,9.7809,-0.0616,-1.1774,-0.002
31430,1164,762,33.808,26.839,-0.072,0.026,9.8025,0.9236,0.2276,-0.1334
31435,1176,763,33.785,26.824,0.0164,0.0357,9.7783,0.2678,0.0273,-0.5704
31440,1163,764,33.823,26.787,-0.0005,0.0082,9.7836,0.1732,0.3888,-0.0836
31445,1163,769,33.76,26.835,-0.0217,-0.0504,9.757,0.0875,-0.0061,-0.4583
31450,1153,772,33.816,26.806,0.1165,0.0008,9.8288,-0.0675,0.6267,0.4203
31455,1149,779,33.772,26.794,-0.0094,0.0267,9.8337,0.564,1.1183,-0.4102
31460,1141,774,33.778,26.793,-0.0786,-0.0144,9.7593,0.2958,-0.4465,-0.7086
31465,1149,778,33.804,26.842,0.0066,-0.0298,9.7517,0.1559,0.2107,0.135
31470,1140,784,33.78,26.861,0.0369,-0.0006,9.7741,0.2185,-0.4228,-0.5879
31475,1123,789,33.809,26.87,0.0503,-0.1083,9.7786,-0.1183,0.3962,-0.5033
31480,1122,783,33.762,26.861,0.019,0.0004,9.8009,0.7787,0.1923,0.0684
31485,1124,786,33.779,26.825,0.0131,0.0234,9.8163,0.01,0.125,-0.1768
31490,1117,791,33.814,26.893,0.0458,-0.0176,9.7936,0.1784,0.2313,0.4404
31495,1111,793,33.813,26.875,0.0471,-0.0096,9.8131,0.3517,-0.1854,-0.0986
31500,1110,792,33.79,26.824,-0.0522,0.0015,9.7497,0.1863,-0.5613,-0.5088
31505,1113,798,33.713,26.855,-0.006,-0.0157,9.7895,-0.4701,0.0615,0.0038
31510,1103,805,33.824,26.769,0.0391,0.0467,9.8353,0.2669,-0.133,0.6877
31515,1113,810,33.786,26.795,-0.0451,0.0597,9.7282,-0.3223,0.544,-1.2806
31520,1103,805,33.832,26.766,-0.1051,-0.1266,9.7631,-0.3752,-0.0584,-0.1633
31525,1095,809,33.799,26.962,0.0636,0.0466,9.8804,-0.2507,-0.1309,-0.2624
31530,1093,819,33.851,26.872,-0.0011,0.0817,9.869,-0.1907,0.5045,0.3677
31535,1090,817,33.723,26.874,0.0261,0.0715,9.8385,0.0845,0.0474,0.3386
31540,1099,823,33.887,26.834,0.0023,-0.0529,9.8366,-0.205,0.5293,-0.0694
31545,1090,821,33.939,26.672,0.0779,-0.0019,9.7982,0.1014,0.9025,0.8386
31550,1086,822,33.791,26.96,0.0564,0.109,9.7652,-0.5086,-0.2257,0.9107
31555,1085,817,33.863,26.83,0.07,-0.0347,9.7866,0.2755,-1.1064,-0.1046
31560,1086,829,33.794,26.851,0.0062,0.0254,9.7731,-0.5534,-0.4278,0.195
31565,1079,830,33.812,26.841,0.0045,-0.0679,9.7775,-0.3205,0.1701,-0.098
31570,1079,823,33.848,26.879,0.0479,0.0633,9.9119,0.5821,-0.0862,-0.0218
31575,1070,836,33.766,26.836,0.026,-0.0406,9.8105,-0.889,-0.4144,0.607
31580,1065,828,33.91,26.843,-0.0122,-0.0415,9.8213,-0.1253,0.3945,-0.6339
31585,1071,833,33.751,26.804,0.0036,0.0155,9.7562,-0.5127,0.3744,-0.4092
31590,1060,831,33.781,26.788,-0.0036,0.0262,9.8118,0.4795,-0.0156,-0.4168
31595,1057,832,33.808,26.786,-0.0375,-0.0268,9.8165,0.0684,0.1797,0.2411
31600,1054,837,33.749,26.847,0.0415,0.0299,9.7658,0.0271,-0.5997,-0.1268
31605,1050,834,33.759,26.799,0.014,-0.1311,9.813,-0.1429,-0.0593,0.4099
31610,1046,835,33.721,26.831,0.0066,0.0131,9.8537,-0.3193,-0.2472,-0.5188
31615,1039,835,33.803,26.811,-0.026,0.0013,9.8033,-0.5964,-0.2169,-0.0768
31620,1037,833,33.793,26.782,0.0825,0.0159,9.8401,0.6364,0.9267,-0.625
31625,1032,836,33.819,26.827,0.003,0.0441,9.7875,-0.6093,-0.2489,0.6195
31630,1024,836,33.825,26.735,0.0052,-0.0089,9.8309,0.5157,-0.4372,0.1216
31635,1018,833,33.824,26.832,-0.0798,0.1407,9.8643,-0.2339,0.5173,-0.7614
31640,1013,842,33.802,26.864,0.0496,0.1072,9.7492,-0.0865,-0.5064,-0.0943
31645,1001,835,33.788,26.895,-0.0575,-0.0196,9.8544,-0.6338,-0.9149,0.3451
31650,992,841,33.768,26.779,0.0279,-0.0164,9.8818,-0.748,-0.5,-0.8058
31655,984,835,33.741,26.83,0.0223,0.0181,9.7967,-0.1567,0.1608,-0.6078
31660,980,836,33.823,26.784,-0.0302,0.0792,9.9216,0.0188,-0.8301,-0.1472
31665,974,831,33.768,26.83,-0.0351,-0.0666,9.8274,-0.253,0.6808,-0.0993
31670,964,828,33.859,26.837,-0.0567,0.0084,9.7653,-0.2879,-0.4941,0.4547
31675,946,830,33.794,26.699,-0.0588,-0.012,9.7441,0.1316,-0.8282,-0.5736
31680,947,835,33.82,26.934,0.0516,0.0232,9.8346,0.4907,0.1413,0.8505
31685,925,839,33.819,26.784,0.0051,0.0304,9.834,0.1685,0.9205,-0.1734
31690,930,834,33.83,26.847,0.0002,0.0561,9.7983,-0.0109,-0.5208,0.3478
31695,915,829,33.766,26.824,0.0223,-0.0047,9.7358,-0.6922,-0.0053,-0.8654
31700,903,828,33.828,26.856,-0.0118,0.0079,9.8144,0.3366,0.1963,0.5282
31705,890,826,33.74,26.798,-0.0354,-0.0005,9.795,-0.2527,-0.3127,-0.1274
31710,879,830,33.852,26.808,0.0019,0.0058,9.8319,0.0162,-0.486,0.0576
31715,876,828,33.819,26.91,0.0001,-0.0153,9.8075,0.3259,0.4858,-0.7065
31720,861,825,33.788,26.849,-0.0289,-0.0819,9.8741,0.3937,-0.3698,-0.3361
31725,854,828,33.848,26.794,0.0531,-0.049,9.8452,0.2279,0.5215,0.0039
31730,847,822,33.888,26.826,-0.0266,-0.052,9.8572,0.2052,-0.3842,-0.5918
31735,832,824,33.751,26.881,-0.0804,-0.0085,9.9086,0.1621,0.5709,-0.6389
31740,825,827,33.855,26.795,0.042,-0.0108,9.8086,0.6504,-0.7004,0.3136
31745,816,823,33.876,26.902,-0.0204,0.1047,9.866,0.4092,0.0624,-1.0942
31750,800,823,33.773,26.892,0.0369,0.0719,9.8066,-0.0208,0.4211,0.0869
31755,795,817,33.734,26.87,0.0842,0.0716,9.7264,0.1844,-0.0008,-0.3196
31760,786,816,33.742,26.896,-0.0387,0.0003,9.8713,-0.7852,-0.6729,0.2145
31765,779,822,33.803,26.74,0.0052,-0.0123,9.7263,-0.1857,0.1366,-0.5034
31770,778,824,33.781,26.833,-0.0243,0.1006,9.7777,0.0805,0.1291,0.0749
31775,765,817,33.79,26.921,0.0244,0.0286,9.7682,-0.8054,0.0343,0.5747
31780,769,820,33.804,26.925,-0.0575,-0.0121,9.6733,0.0921,0.847,-0.6631
31785,766,822,33.763,26.852,0.0331,-0.074,9.8767,1.3155,-0.3106,0.1719
31790,760,817,33.731,26.806,-0.0624,-0.0778,9.7741,0.8722,0.0393,0.3591
31795,755,820,33.793,26.851,-0.016,-0.0045,9.7909,-1.0345,0.205,-0.5507
31800,753,813,33.775,26.844,-0.0151,-0.065,9.7434,-0.1936,0.9028,0.5102
31805,741,813,33.832,26.774,-0.0037,-0.0914,9.867,-1.4863,-0.0092,-0.2157
31810,742,819,33.731,26.822,0.0674,0.0769,9.7772,-0.3654,-0.0221,0.0704
31815,749,822,33.931,26.84,0.0384,0.0171,9.8333,0.2451,0.7665,0.1122
31820,755,813,33.864,26.794,0.0835,0.0469,9.7922,1.0152,-0.0332,0.0086
31825,754,815,33.787,26.801,0.0315,-0.0021,9.9094,0.0173,1.0544,0.4235
31830,750,817,33.772,26.756,-0.008,-0.0009,9.8907,-0.254,0.0834,-0.1374
31835,764,808,33.858,26.939,-0.0301,-0.0349,9.7677,0.465,-1.3276,0.0766
31840,771,813,33.865,26.745,-0.0245,-0.0064,9.7944,1.4118,-0.1175,0.0955
31845,772,814,33.751,26.82,0.1294,-0.0166,9.8339,0.0362,0.4292,0.0089
31850,778,815,33.678,26.85,0.0125,0.0367,9.8077,0.3518,0.2373,-0.1
31855,787,809,33.821,26.793,0.0719,-0.0057,9.7864,0.9008,0.2613,-0.2743
31860,792,808,33.786,26.794,0.1117,-0.0441,9.903,0.7245,0.9198,-0.8945
31865,803,808,33.776,26.76,0.0317,-0.0119,9.7161,0.3912,-0.8051,-0.3747
31870,804,803,33.772,26.794,0.0138,-0.0204,9.8032,0.7701,0.7984,0.0366
31875,820,812,33.842,26.775,0.0193,0.0786,9.9388,0.2689,-0.006,1.2083
31880,826,802,33.849,26.865,0.0589,0.0257,9.83,0.5803,1.1902,0.0936
31885,842,799,33.826,26.789,0.1012,0.0364,9.7799,0.9478,-0.3786,1.2393
31890,852,804,33.848,26.857,-0.0626,0.0221,9.7534,-0.0176,0.0646,-0.3845
31895,865,799,33.733,26.895,0.1234,-0.0124,9.9177,-0.0118,-0.2953,0.791
31900,875,797,33.805,26.836,0.0624,0.0303,9.7253,0.1452,0.2543,0.6317
31905,893,796,33.787,26.802,-0.076,0.0636,9.8128,-0.1563,-0.2261,0.7041
31910,896,799,33.893,26.87,-0.0632,-0.0006,9.8142,0.7161,-0.7911,-0.1288
31915,913,796,33.849,26.88,-0.0542,-0.0454,9.84,-0.1299,-0.1677,-0.6728
31920,932,795,33.739,26.91,0.0266,-0.1133,9.7864,0.2058,0.8006,0.0018
31925,940,789,33.794,26.874,0.1293,-0.0032,9.6871,-0.589,0.0202,0.5098
31930,961,787,33.816,26.852,0.0235,-0.0286,9.8642,-0.8986,0.1571,-0.4498
31935,965,784,33.762,26.888,-0.0789,-0.0754,9.8385,0.5397,0.649,-0.5043
31940,980,784,33.727,26.854,0.0126,0.0223,9.8055,-0.0911,0.5043,0.2644
31945,1005,780,33.73,26.826,0.023,-0.0292,9.8666,0.3277,-0.716,0.6969
31950,1016,780,33.761,26.84,-0.0822,-0.0053,9.8168,0.4696,0.0239,-0.4188
31955,1028,778,33.774,26.837,-0.1342,-0.0678,9.7755,0.3352,0.798,-0.0063
31960,1045,776,33.804,26.77,0.044,-0.0537,9.7811,0.202,-0.279,-0.1959
31965,1045,777,33.783,26.778,-0.0162,-0.014,9.7512,-0.3383,0.2446,-0.4318
31970,1058,771,33.776,26.801,0.0221,0.0387,9.765,0.027,0.2108,0.053
31975,1080,765,33.828,26.803,0.0748,0.077,9.7679,-0.2613,0.4038,-0.1453
31980,1094,771,33.675,26.902,0.0251,-0.0233,9.9219,0.245,0.0934,-0.6643
31985,1098,765,33.838,26.804,-0.085,0.0198,9.828,-0.1881,0.0123,-0.1978
31990,1114,765,33.847,26.791,0.009,0.0411,9.8041,-1.0298,0.2605,-0.092
31995,1114,766,33.819,26.802,0.0129,-0.0126,9.8478,0.0323,0.7474,0.6014
32000,1119,760,33.732,26.833,-0.0397,0.0152,9.8102,-0.5439,-0.5192,-0.4166
32005,1126,755,33.755,26.781,0.0875,0.0675,9.7826,-1.1579,0.2982,0.1883
32009,1144,752,33.817,26.802,-0.0417,0.1122,9.8124,-0.1509,0.3875,-0.2176
32015,1152,753,33.758,26.792,0.0513,0.033,9.8137,0.1595,0.403,0.0722
32020,1150,751,33.906,26.787,-0.0291,-0.092,9.7911,0.5376,0.164,0.8095
32025,1167,754,33.765,26.794,0.04,0.0453,9.8728,-0.6059,0.15,0.1288
32030,1161,757,33.767,26.897,-0.0354,-0.0431,9.7877,0.5863,-0.1381,0.1946
32034,1181,751,33.724,26.823,0.0359,0.0185,9.7385,0.0953,0.3393,-0.4966
32040,1183,747,33.816,26.806,-0.0069,0.0163,9.8554,-0.2343,0.6828,0.133
32045,1181,752,33.9,26.897,0.0231,-0.0556,9.7911,0.0261,-0.6302,0.4094
32049,1185,755,33.824,26.806,0.0059,-0.0895,9.8576,0.7666,-0.3641,-0.2678
32055,1186,748,33.792,26.838,-0.0181,0.0315,9.8642,-0.7149,0.8306,0.1513
32060,1189,747,33.761,26.864,-0.0019,-0.128,9.7365,-0.1247,0.4803,0.4804
32064,1195,753,33.751,26.886,-0.0676,0.0552,9.8527,0.0941,-0.8051,0.4971
32070,1195,750,33.76,26.774,0.0649,0.0117,9.8103,0.269,-0.8969,-0.0958
32075,1187,748,33.688,26.827,0.0098,-0.064,9.8584,0.5732,-0.5378,-0.3676
32080,1187,742,33.747,26.779,0.0116,-0.0667,9.8013,-0.6625,-0.2106,0.2193
32085,1184,750,33.847,26.76,0.0551,-0.0951,9.8255,-0.0231,-0.8919,0.0677
32090,1180,756,33.77,26.894,0.0248,-0.017,9.7237,-0.5844,0.4383,0.2695
32095,1183,753,33.823,26.849,0.0289,-0.1107,9.8999,0.6338,0.0943,-0.7361
32100,1182,752,33.728,26.854,0.0404,0.0029,9.8143,0.807,-0.0423,-0.1714
32104,1171,759,33.787,26.766,-0.0525,-0.0221,9.8298,-0.5865,0.0236,0.8989
32110,1179,758,33.769,26.848,-0.0351,0.0528,9.8139,-0.2483,0.2201,-0.4265
32115,1169,760,33.73,26.815,-0.0141,-0.0759,9.7722,-1.0021,-0.3169,-0.0463
32119,1167,758,33.777,26.868,0.1051,0.0375,9.7874,-0.2057,-0.5562,-0.8154
32125,1166,763,33.728,26.792,-0.0035,-0.0942,9.8874,0.5482,0.3303,0.0346
32130,1160,765,33.779,26.812,0.0316,-0.0525,9.7799,-0.4866,-0.0536,-0.7665
32134,1154,764,33.734,26.838,-0.1389,-0.0056,9.9357,0.0457,0.2478,-0.5194
32140,1148,766,33.799,26.828,0.0145,0.0384,9.8221,-0.6978,0.6048,0.2055
32145,1152,773,33.812,26.805,-0.0702,-0.0271,9.8046,-0.3966,0.129,-0.4358
32150,1140,770,33.733,26.902,-0.0238,0.0397,9.7824,-1.0943,0.3705,0.0093
32155,1134,774,33.741,26.823,-0.0417,0.0248,9.8418,-0.2821,-0.2024,0.638
32159,1140,784,33.791,26.888,-0.0549,-0.046,9.7986,0.3001,-0.0742,-0.448
32165,1135,782,33.914,26.824,0.0341,0.0938,9.7632,-0.109,0.5312,-0.0507
32170,1127,781,33.804,26.835,-0.032,-0.0165,9.8668,-0.6813,-0.3468,0.2537
32174,1123,784,33.836,26.856,0.0409,-0.0615,9.7941,-0.0496,0.029,0.139
32180,1131,785,33.838,26.84,0.0058,-0.0006,9.8273,0.0713,-0.3667,-0.8442
32185,1116,792,33.787,26.762,0.0629,-0.0478,9.9001,-0.1058,0.2313,0.8225
32189,1117,793,33.895,26.873,0.0508,0.0152,9.7253,0.0279,-0.4293,0.2986
32195,1123,799,33.771,26.863,0.1274,0.064,9.9166,-1.3824,-0.3944,0.1112
32200,1119,807,33.79,26.824,-0.0166,-0.0258,9.8436,0.9867,-0.7801,-1.0633
32205,1103,798,33.817,26.733,-0.0233,0.0594,9.8559,-0.6374,-0.4683,-0.7025
32210,1099,805,33.808,26.81,-0.0289,-0.0127,9.7566,-0.3983,-0.1791,0.5092
32215,1106,812,33.806,26.783,-0.0181,-0.0237,9.7809,-0.5206,0.0581,-0.1853
32220,1100,811,33.81,26.784,0.0417,0.052,9.8546,-0.5093,-0.1087,-0.9909
32225,1102,812,33.77,26.851,-0.0113,-0.0395,9.782,-0.2185,-0.5308,-0.1552
32229,1092,818,33.798,26.919,-0.0,0.0981,9.8263,0.8763,-0.3944,1.1029
32235,1088,817,33.699,26.817,-0.0289,-0.0236,9.7799,-0.1356,0.1588,0.212
32240,1084,818,33.764,26.763,-0.0265,-0.0237,9.8649,0.095,-0.1026,0.3738
32244,1092,822,33.821,26.811,-0.0472,0.0092,9.7744,0.544,0.3759,1.5724
32250,1085,821,33.76,26.831,0.0347,-0.0345,9.8909,0.2818,-0.5824,0.5369
32255,1085,821,33.76,26.859,-0.0914,0.0015,9.8772,-0.2465,0.141,0.3969
32259,1078,827,33.786,26.835,0.0411,-0.0547,9.7296,-0.4832,-0.1348,0.0384
32265,1081,826,33.771,26.86,0.0406,-0.1153,9.7905,-0.1595,-0.7277,-0.2545
32270,1073,827,33.727,26.858,0.0052,0.0145,9.7985,-0.5782,0.0613,-0.0239
32275,1075,836,33.864,26.754,-0.0093,0.0076,9.8243,0.0779,0.4148,-0.2624
32280,1070,835,33.829,26.831,0.038,0.0092,9.8312,-0.1883,-0.2754,0.2074
32284,1058,836,33.822,26.801,0.0415,-0.1051,9.7877,0.2703,-0.3199,-0.784
32290,1068,839,33.912,26.861,0.0119,-0.0445,9.7752,-0.3138,0.4351,-0.3959
32295,1059,839,33.744,26.865,-0.0104,-0.0207,9.7243,0.9236,-0.9493,0.2959
32299,1054,837,33.77,26.849,0.054,0.0217,9.7971,-0.6852,0.6928,0.2472
32305,1048,839,33.896,26.852,0.0502,0.027,9.851,-0.3667,0.4128,0.1256
32310,1042,836,33.803,26.81,0.0157,0.1053,9.8973,-0.544,0.2762,0.0241
32314,1036,834,33.784,26.765,0.0574,-0.0151,9.8007,0.4858,-0.1142,-0.0477
32320,1037,840,33.748,26.795,-0.0475,-0.004,9.7949,0.5677,0.4371,-0.2457
32325,1027,841,33.777,26.73,0.0603,-0.0586,9.9045,-0.2526,0.7892,0.4724
32330,1019,836,33.658,26.815,0.0059,-0.037,9.8022,0.5759,0.3167,-0.72
32335,1004,841,33.701,26.861,0.0026,0.0213,9.8704,-0.0272,-0.7376,-0.0329
32340,997,838,33.821,26.913,-0.0361,0.1569,9.7992,-0.5051,0.0358,-0.0504
32345,993,834,33.795,26.861,-0.0081,0.0851,9.8083,0.0918,-0.3731,0.4178
32350,988,837,33.837,26.885,0.0148,-0.0608,9.8473,-0.0126,-0.7239,-0.3744
32354,976,837,33.764,26.864,-0.0218,-0.1118,9.8074,0.5368,-0.2304,0.3357
32360,970,836,33.841,26.834,-0.0155,-0.0057,9.7967,0.3454,-0.2219,-0.9428
32365,956,836,33.764,26.87,0.0255,-0.0489,9.8191,-0.2238,0.7012,-0.7486
32369,950,833,33.749,26.805,0.0452,-0.0226,9.8956,-0.1237,0.6666,0.154
32375,940,829,33.708,26.884,-0.0776,0.0882,9.7714,0.3368,0.054,-0.3554
32380,927,832,33.731,26.846,0.0153,-0.0805,9.859,-0.5438,-0.2699,0.5357
32384,923,831,33.729,26.737,0.0608,0.0207,9.7611,-0.4861,0.3858,1.3961
32390,925,829,33.804,26.821,0.0255,-0.0224,9.7405,0.4375,-0.0155,-0.0544
32395,907,827,33.846,26.844,-0.0584,-0.1112,9.8393,-0.4326,0.7261,0.1306
32400,885,833,33.818,26.77,-0.0485,0.0378,9.7996,0.0833,0.9531,-0.1432
32405,885,828,33.774,26.84,-0.0184,0.0009,9.7397,0.0426,-0.0869,-0.3072
32409,868,828,33.755,26.883,0.0231,-0.0088,9.7857,-0.2563,0.5699,-0.663
32415,858,831,33.839,26.864,-0.0505,-0.0291,9.8362,-0.2997,0.2204,-0.7378
32420,853,822,33.771,26.825,0.0357,-0.1357,9.8349,-0.118,-0.2396,0.1601
32424,855,825,33.752,26.812,-0.0077,-0.0007,9.8467,0.4563,-0.5831,0.4784
32430,824,821,33.785,26.867,-0.0717,0.0521,9.8585,-0.3737,0.096,-0.1667
32435,822,824,33.843,26.877,0.0659,-0.0418,9.8552,-0.1293,0.1088,-1.0099
32439,813,825,33.839,26.78,-0.0323,0.0445,9.782,-0.0654,0.4164,0.3125
32445,800,825,33.856,26.863,-0.0768,-0.0043,9.7783,0.4852,-0.4795,-1.2723
32450,789,826,33.839,26.83,-0.0388,0.0287,9.7117,0.54,0.0614,-0.2612
32455,793,822,33.774,26.896,-0.0666,0.0023,9.8029,0.8956,-0.2271,-1.0713
32460,777,820,33.742,26.74,-0.005,-0.006,9.8234,-0.1976,-0.0424,-0.2659
32465,772,821,33.897,26.806,-0.0861,0.033,9.9084,-0.0828,-0.37,-0.0216
32470,765,819,33.766,26.761,0.0463,-0.02,9.8136,-0.0027,-0.4181,-1.0536
32475,765,814,33.715,26.811,-0.0352,0.0768,9.8611,0.8051,-0.1343,0.4385
32479,754,818,33.676,26.767,0.0199,0.0504,9.8686,-0.3878,-0.7818,-0.0535
32485,760,820,33.722,26.749,-0.0159,-0.0139,9.758,-0.3492,0.768,0.0427
32490,753,819,33.8,26.789,0.0592,0.0114,9.8835,-0.1077,-0.4396,-0.796
32494,743,818,33.776,26.925,0.0196,-0.0629,9.8111,0.3103,0.4258,0.0643
32500,743,819,33.747,26.868,0.0501,-0.0592,9.7576,1.1603,0.1711,1.4989
32505,738,816,33.8,26.85,-0.0063,-0.0126,9.8627,-0.1086,1.3751,-0.9819
32509,754,812,33.849,26.762,0.0686,0.1002,9.7539,-0.2387,-0.8285,0.7407
32515,759,822,33.811,26.843,0.0013,-0.0213,9.9054,0.7072,-0.5588,-0.2101
32520,747,818,33.751,26.818,-0.0344,-0.0823,9.6971,0.0819,-0.4955,-0.0832
32525,759,812,33.748,26.792,0.0627,0.0042,9.7696,0.4245,0.7127,0.1638
32530,760,815,33.824,26.867,-0.0768,-0.0087,9.935,-0.3691,-0.0483,-0.2043
32534,767,812,33.69,26.818,-0.0444,0.0455,9.7415,-0.8102,0.4429,0.3064
32540,765,812,33.825,26.679,-0.0474,0.08,9.777,0.3072,0.2988,-1.2944
32545,779,813,33.871,26.901,-0.0025,0.0242,9.7827,0.1152,0.1259,-0.0817
32549,779,810,33.848,26.754,0.0056,0.0704,9.7516,0.487,-0.0755,-0.4774
32555,794,809,33.75,26.81,0.0219,-0.0001,9.7499,0.7148,0.0507,-0.0996
32560,791,805,33.814,26.808,0.0337,0.0376,9.7547,0.0146,-0.1005,-0.072
32564,805,808,33.833,26.857,-0.0189,0.0191,9.8542,0.6842,-0.5535,0.1247
32570,801,804,33.832,26.858,0.0055,0.0348,9.7881,-1.3913,0.0251,-0.1618
32575,820,803,33.793,26.781,0.0455,0.0315,9.7975,0.7895,0.5649,-0.5667
32580,834,799,33.747,26.844,0.0748,-0.0427,9.8006,-0.3643,0.8915,-0.1958
32585,848,801,33.8,26.833,-0.0075,-0.1037,9.8242,1.2384,0.4077,-0.2301
32590,867,800,33.765,26.779,0.0482,0.0176,9.7974,0.4583,0.2827,-0.8849
32595,869,801,33.673,26.875,-0.0096,0.0612,9.8794,-0.9573,-1.1131,0.0632
32600,891,798,33.715,26.866,0.0276,-0.0135,9.7351,-0.0585,-0.0484,0.6876
32604,900,795,33.836,26.884,-0.0744,-0.0288,9.8074,0.8728,0.4322,-0.241
32610,906,799,33.791,26.876,-0.0308,-0.0117,9.7336,-1.0889,-0.1539,0.1575
32615,926,790,33.776,26.804,0.0052,0.0119,9.8549,-0.0427,-0.2805,0.8442
32619,931,792,33.756,26.832,-0.0418,-0.083,9.8427,-0.4984,-0.7685,-0.6531
32625,960,792,33.894,26.769,0.0288,0.0575,9.8087,-0.0278,0.3927,-0.1327
32630,971,785,33.774,26.83,0.0932,-0.0387,9.8166,-0.0267,0.0886,-0.2353
32634,992,784,33.848,26.817,-0.0542,-0.0472,9.8559,0.0505,1.0647,0.3677
32640,995,780,33.777,26.889,-0.0386,-0.0045,9.8775,0.0603,-0.1831,-0.6772
32645,1009,778,33.785,26.863,0.0547,-0.0174,9.789,-0.5919,0.0936,-0.5674
32650,1025,779,33.721,26.872,-0.0597,0.0227,9.7417,-0.1358,0.1162,0.886
32655,1040,779,33.907,26.834,-0.0039,0.0379,9.8312,-0.0548,-0.7045,1.049
32659,1054,771,33.747,26.817,-0.0558,-0.0188,9.8465,0.4308,0.2712,0.5525
32665,1054,770,33.739,26.852,-0.01,-0.0042,9.8417,-0.1236,0.3192,-0.5516
32670,1080,767,33.736,26.864,-0.0155,-0.1267,9.7405,-0.3052,0.1781,0.4499
32674,1093,766,33.792,26.841,-0.0013,0.0065,9.8402,-0.1774,0.8146,-0.6445
32680,1093,767,33.744,26.822,0.086,0.0177,9.8102,-0.341,-0.3175,-0.3764
32685,1111,760,33.72,26.829,0.0665,-0.0511,9.8131,0.7507,0.2836,0.7566
32689,1118,762,33.807,26.813,-0.1719,0.0116,9.7994,0.039,0.1453,-0.6374
32695,1119,756,33.66,26.772,0.0018,0.027,9.7783,-0.3293,-0.6897,0.4779
32700,1139,755,33.788,26.91,0.0577,-0.0709,9.7989,0.4205,-0.0224,0.464
32705,1153,756,33.81,26.783,-0.0064,0.04,9.7778,0.2367,-0.5392,-0.7233
32710,1151,761,33.822,26.834,-0.0127,0.0906,9.8882,-0.1117,0.4691,-0.9089
32715,1156,754,33.789,26.817,0.018,0.0342,9.7567,0.323,0.5174,-0.7328
32720,1161,751,33.812,26.779,0.156,-0.055,9.8734,-0.2313,0.2353,0.3376
32725,1167,752,33.877,26.79,-0.0203,0.0032,9.7567,0.5378,0.057,-0.544
32729,1174,752,33.831,26.834,0.0127,-0.0309,9.7793,0.2352,-0.437,0.1426
32735,1179,753,33.903,26.787,-0.0055,0.0196,9.806,-0.1256,-0.1243,-0.0935
32740,1182,750,33.822,26.811,-0.0662,0.0773,9.8835,-0.3933,0.8793,-0.0059
32744,1186,751,33.839,26.835,-0.0041,-0.0789,9.7708,1.084,0.4388,-0.1349
32750,1184,752,33.808,26.825,0.0721,0.0975,9.8397,-0.0445,-0.0077,0.637
32755,1195,755,33.855,26.705,0.016,0.0142,9.717,0.361,-0.0416,-0.43
32759,1192,749,33.787,26.832,-0.0393,-0.0331,9.8707,-0.197,-0.3616,-0.3593
32765,1191,747,33.784,26.779,0.0488,0.025,9.816,-0.5007,-0.5204,0.0426
32770,1187,750,33.784,26.824,-0.0108,0.0088,9.7339,0.2664,0.443,0.2955
32775,1196,747,33.775,26.803,0.037,-0.0079,9.8339,0.8552,0.2632,0.8594
32780,1189,755,33.751,26.786,-0.0264,0.0307,9.8365,0.4046,0.3777,0.0853
32785,1189,749,33.74,26.807,-0.0563,-0.0399,9.7952,0.0411,0.4138,0.0229
32790,1183,751,33.883,26.864,-0.0299,-0.0659,9.8505,0.3976,0.3446,-0.7577
32795,1185,754,33.868,26.778,-0.0462,-0.0842,9.8129,0.0005,0.3419,0.1624
32800,1174,755,33.816,26.785,-0.0125,0.1085,9.805,-0.5222,0.1973,0.249
32805,1174,763,33.771,26.843,-0.0071,-0.0362,9.767,-0.2044,-0.2782,-0.0134
32810,1175,758,33.803,26.838,-0.0589,-0.047,9.789,-0.2608,-0.1276,0.0811
32815,1176,761,33.795,26.875,0.0411,0.0562,9.7657,-0.0999,0.2767,0.6734
32820,1165,760,33.686,26.747,0.0056,0.1002,9.7074,0.0707,0.6919,-1.0407
32825,1165,761,33.81,26.801,-0.0483,-0.002,9.7899,-0.041,-0.4457,0.7278
32830,1156,769,33.847,26.885,-0.052,-0.0173,9.7733,0.3123,-0.0496,0.1436
32835,1147,766,33.691,26.837,0.0062,-0.0103,9.8292,0.8137,0.511,0.0306
32840,1154,773,33.746,26.809,-0.0364,-0.097,9.829,0.3856,0.1874,-0.2724
32845,1141,774,33.815,26.744,-0.0139,0.0353,9.7686,-0.2264,0.1687,-0.2445
32850,1127,777,33.747,26.87,0.0423,0.0539,9.8742,-0.6068,0.8194,-0.5064
32855,1137,782,33.819,26.753,-0.0692,-0.0132,9.8304,-0.2949,-0.871,0.6407
32860,1140,784,33.682,26.832,-0.0721,0.0322,9.7621,-1.0219,0.5433,0.3552
32865,1128,781,33.903,26.791,-0.0502,-0.0812,9.7908,-0.0539,0.6431,-0.3887
32870,1129,790,33.759,26.84,0.0907,0.0891,9.7995,-0.0929,-0.2151,0.66
32875,1122,785,33.808,26.842,-0.0275,0.0364,9.9113,-1.2161,0.0539,-0.6853
32880,1116,788,33.829,26.837,-0.0619,-0.0105,9.8,-0.3205,-0.0647,0.3402
32885,1109,797,33.773,26.835,0.0098,-0.0778,9.7796,-0.3652,0.5413,0.1818
32890,1127,804,33.772,26.893,-0.0085,0.0068,9.8291,0.034,0.2052,0.1976
32895,1120,803,33.714,26.807,-0.0619,0.0374,9.8101,-0.3451,1.0147,-0.6431
32900,1102,807,33.848,26.816,0.0809,-0.0425,9.8321,0.2963,0.3265,-0.496
32905,1105,808,33.766,26.849,0.0057,-0.0037,9.7936,-0.2653,-0.499,0.1767
32910,1104,809,33.804,26.821,0.0875,-0.0383,9.8499,0.7086,-0.0174,-0.3242
32915,1096,813,33.818,26.761,-0.0301,-0.0071,9.8165,-0.2534,-0.2738,-0.4132
32920,1102,813,33.798,26.75,-0.0407,0.0526,9.8248,0.1238,0.308,-0.0725
32925,1098,818,33.876,26.717,0.0379,-0.0259,9.8337,0.5645,0.6719,1.6372
32930,1096,816,33.771,26.753,0.0361,0.0127,9.8125,-0.0173,0.1874,0.6725
32935,1083,822,33.808,26.893,0.0761,-0.0573,9.7745,-0.1013,-0.2442,0.9295
32940,1084,825,33.772,26.871,-0.0162,-0.043,9.8512,-0.3971,-0.313,-0.2096
32945,1077,822,33.793,26.805,0.0295,0.0051,9.7764,0.1418,-0.4526,-0.4352
32950,1094,824,33.774,26.802,0.0256,-0.0507,9.8173,0.3113,-0.538,0.4783
32955,1081,827,33.786,26.766,-0.0603,-0.0455,9.8379,-0.4678,-0.043,-0.0994
32960,1075,828,33.842,26.899,0.0603,-0.0524,9.8912,0.966,0.4273,0.744
32965,1072,830,33.726,26.812,-0.0311,0.0417,9.896,0.9786,0.5666,0.7967
32970,1064,835,33.816,26.883,-0.0632,-0.0279,9.8184,0.0451,0.1192,-0.7691
32975,1073,830,33.765,26.765,-0.0416,0.0335,9.8842,-0.6537,0.0345,-0.0156
32980,1060,834,33.777,26.821,-0.013,-0.0206,9.8469,-0.3048,0.0306,0.6782
32985,1067,837,33.782,26.869,-0.0647,0.0278,9.8326,0.083,-0.0021,-0.3728
32990,1048,838,33.725,26.868,0.0469,-0.037,9.9057,0.3642,0.7527,0.4005
32995,1046,838,33.644,26.915,-0.0052,0.0005,9.8149,-0.9535,0.104,0.0989
33000,1049,834,33.728,26.836,-0.1174,-0.0933,9.8646,0.112,0.9283,0.1909
33005,1034,840,33.773,26.801,0.1247,-0.0405,9.806,0.0756,-0.2629,-0.2338
33010,1035,840,33.738,26.921,0.006,-0.0066,9.8036,0.8473,-0.8061,0.7586
33015,1021,835,33.714,26.774,-0.0114,-0.0195,9.8504,-0.7026,0.3228,-0.119
33020,1027,836,33.789,26.842,0.0433,-0.0274,9.879,0.0496,0.3365,-0.4525
33025,1024,840,33.75,26.81,-0.0543,0.0267,9.7812,0.1844,0.1987,-0.2473
33030,1013,838,33.75,26.844,-0.0308,-0.0133,9.78,0.1243,-0.3285,-0.391
33035,999,841,33.743,26.772,-0.0033,0.0097,9.8138,0.0752,-0.1507,-0.1986
33040,991,839,33.78,26.825,0.0445,-0.0145,9.8246,-0.133,-0.2516,-0.0743
33045,992,836,33.815,26.802,-0.0396,0.039,9.7987,0.6249,0.6205,-0.4435
33050,987,838,33.82,26.797,0.0006,-0.1337,9.7963,0.2244,0.891,-0.1207
33055,973,838,33.71,26.885,0.0084,-0.037,9.8606,-0.1094,0.6723,-0.3835
33060,965,831,33.793,26.837,-0.0073,-0.0421,9.7994,0.014,0.2871,0.1009
33065,959,830,33.772,26.894,-0.0694,-0.0494,9.7136,-0.4556,-0.9243,0.1578
33070,945,827,33.844,26.763,-0.0018,0.0416,9.7591,-0.6018,-1.2267,0.0168
33075,936,831,33.842,26.803,-0.0064,-0.0099,9.8178,-0.2007,-0.0312,0.2248
33080,920,827,33.673,26.818,0.0367,0.0307,9.8952,-0.6309,-0.8495,-1.1487
33085,908,829,33.742,26.788,-0.0118,0.0022,9.7554,0.2038,-0.2444,-0.323
33090,896,831,33.764,26.775,-0.0898,0.0885,9.784,-0.5345,0.0943,0.5962
33095,891,831,33.82,26.875,-0.0102,0.0075,9.8705,1.262,0.7105,-1.4121
33100,887,826,33.807,26.848,0.0588,0.047,9.8559,-0.4103,0.7674,-0.0666
33105,878,829,33.822,26.936,0.0795,-0.1,9.8145,-1.2502,0.0307,-0.1651
33110,860,828,33.726,26.815,0.019,0.0051,9.8238,-0.6201,-1.0032,-0.8854
33115,842,830,33.759,26.774,0.0651,-0.0543,9.8596,0.1241,-0.4851,0.3068
33120,846,823,33.752,26.872,-0.0097,0.015,9.8735,0.0898,0.1935,0.0772
33125,832,825,33.789,26.765,0.0854,0.0445,9.8853,0.8428,0.0305,0.6372
33130,815,821,33.795,26.814,0.0368,-0.0389,9.8347,0.0947,0.2136,-0.0993
33135,813,825,33.807,26.71,-0.04,-0.0745,9.8298,-0.0803,0.1775,0.598
33140,802,820,33.791,26.808,-0.0413,-0.0665,9.895,-0.0301,0.1988,-0.8525
33145,799,827,33.738,26.804,0.0036,-0.0467,9.837,0.5348,0.3865,-0.0628
33150,787,825,33.775,26.899,-0.0838,0.1009,9.8455,-0.6743,-0.1614,-0.3911
33155,773,817,33.772,26.759,0.0267,0.0266,9.8657,-0.2281,-0.4069,-0.0238
33160,780,822,33.772,26.757,0.0715,0.0246,9.8092,-0.173,-0.2132,0.2959
33165,769,822,33.785,26.815,-0.0212,0.0139,9.8646,0.0184,-0.4533,-0.5448
33170,758,821,33.754,26.758,-0.0085,-0.0772,9.8638,0.1392,-0.8321,-0.0164
33175,760,812,33.854,26.805,0.0762,-0.0326,9.8252,0.2163,0.5089,0.2502
33180,748,816,33.697,26.839,0.0137,0.002,9.7992,-0.5374,0.128,0.1651
33185,753,823,33.796,26.877,-0.0709,0.0753,9.807,-0.093,0.2511,-0.3091
33190,749,814,33.755,26.753,0.0038,0.0047,9.8288,-0.2107,-0.1099,-0.0873
33195,749,820,33.668,26.813,0.0064,-0.0033,9.8685,-0.6842,0.0916,0.813
33200,740,816,33.822,26.795,-0.0416,-0.0183,9.7321,0.4831,-1.3981,-0.0835
33205,748,815,33.773,26.89,0.002,-0.1103,9.8169,-0.1741,-0.5125,1.291
33210,756,816,33.829,26.874,-0.0247,0.018,9.8608,-0.2237,-0.3761,0.3526
33215,750,818,33.7,26.798,-0.0332,0.0985,9.7374,-0.4276,0.5337,0.1373
33220,739,817,33.824,26.844,-0.0493,-0.0649,9.7982,-0.0606,0.2791,-0.101
33225,765,812,33.736,26.802,0.0234,0.0614,9.8574,0.3661,-0.4095,-0.3177
33230,766,815,33.768,26.737,0.0059,-0.0342,9.7443,-0.6572,-0.0798,0.2996
33235,772,808,33.789,26.751,-0.0127,0.0551,9.7523,0.0644,-0.9707,0.5772
33240,783,813,33.795,26.74,-0.0218,0.0441,9.7889,0.0821,0.4304,-0.3383
33245,771,810,33.75,26.82,0.0426,0.1181,9.8355,-0.9054,-0.0374,0.292
33250,797,809,33.87,26.816,0.0462,-0.0214,9.8874,-0.6479,0.9405,-0.2345
33255,792,811,33.796,26.733,0.0996,0.0068,9.7832,-0.1852,0.1151,1.1488
33260,806,804,33.692,26.843,0.0097,0.0711,9.804,0.6375,-0.0589,0.7472
33265,806,804,33.777,26.783,0.0417,-0.0592,9.7682,0.5431,-0.278,-1.2757
33270,821,801,33.83,26.83,0.0574,0.0075,9.7446,0.0042,-0.6082,-0.5899
33275,831,802,33.826,26.738,0.0733,0.05,9.7899,0.2176,-0.0574,0.7394
33280,855,803,33.74,26.762,-0.0132,-0.0606,9.8241,0.04,-0.5194,-0.2144
33285,862,799,33.761,26.788,-0.0055,0.0238,9.8354,0.6558,0.7331,-0.8602
33290,878,797,33.783,26.786,-0.0341,0.14,9.8829,0.0388,0.1391,0.4342
33295,883,801,33.831,26.788,-0.0867,0.0206,9.8855,0.0848,-0.4318,0.7904
33300,894,797,33.828,26.84,0.0893,0.0652,9.8013,0.0155,0.1196,-0.5761
33305,913,795,33.784,26.897,0.0314,0.0107,9.9391,0.5934,-0.3288,-0.4806
33310,932,788,33.777,26.839,-0.0328,-0.077,9.7147,0.3163,-0.0654,-0.3508
33315,951,795,33.715,26.726,0.028,0.1467,9.8445,-0.2051,0.7721,0.8125
33320,966,792,33.688,26.847,-0.0185,-0.0068,9.8013,-0.0375,0.0177,0.0496
33325,968,784,33.851,26.775,-0.0434,0.0093,9.8705,-0.2295,-0.5483,-0.3875
33330,989,787,33.768,26.784,0.0101,0.0138,9.8289,0.4446,0.1756,-0.7521
33335,999,783,33.76,26.815,0.0301,0.0343,9.8081,-1.0687,-0.2833,-0.3754
33340,1003,778,33.644,26.84,0.007,0.0935,9.7746,-0.031,0.2382,-0.4117
33345,1024,779,33.781,26.864,-0.0106,0.007,9.7484,-0.5287,-0.8242,0.4434
33350,1039,772,33.797,26.859,0.0461,0.0892,9.824,-0.2078,-0.083,0.394
33355,1050,773,33.708,26.781,-0.0025,-0.0165,9.7803,0.2613,0.3897,0.3676
33360,1055,774,33.81,26.799,-0.049,0.0515,9.851,0.0014,-0.7648,0.104
33365,1083,772,33.808,26.732,0.0223,0.0599,9.789,0.1881,0.4401,-0.4057
33370,1079,770,33.811,26.796,0.0252,0.016,9.7593,1.1543,0.0931,0.3974
33375,1093,765,33.748,26.83,0.0056,0.0014,9.7686,-0.5622,-0.1624,0.2098
33380,1113,768,33.816,26.786,-0.0955,-0.0631,9.8385,-0.3069,-0.1409,-0.4609
33385,1112,767,33.812,26.801,-0.0039,-0.0237,9.8464,0.5932,0.495,0.4551
33390,1130,758,33.766,26.853,-0.0365,-0.0803,9.8236,-0.0187,-0.6536,0.4747
33395,1138,760,33.769,26.861,-0.0042,0.0566,9.7516,-0.3305,-0.2307,-0.2781
33400,1148,757,33.745,26.767,-0.061,0.0683,9.7979,0.2652,-0.0638,0.859
33405,1161,758,33.767,26.782,-0.0299,-0.05,9.8301,-1.176,0.4909,0.0724
33410,1161,754,33.736,26.83,0.004,-0.006,9.7587,-0.1026,0.468,-0.0207
33415,1162,749,33.79,26.832,0.0559,0.0235,9.7559,0.4032,-0.0331,0.4113
33420,1167,757,33.777,26.777,-0.0912,0.0098,9.8109,0.1871,-0.0031,-0.4092
33425,1174,747,33.77,26.843,0.0256,-0.0961,9.8863,-0.4408,-0.3845,-0.4691
33430,1184,747,33.819,26.781,0.0307,-0.0259,9.8403,-1.1634,-0.4827,0.3601
33435,1188,751,33.772,26.876,0.0066,-0.0769,9.7672,-0.481,-0.4721,0.1838
33440,1177,751,33.805,26.836,-0.0154,0.0317,9.7946,0.0698,-0.6434,0.1845
33445,1184,750,33.739,26.838,0.0116,-0.0274,9.7467,-0.4116,-0.0787,-0.2786
33450,1176,747,33.727,26.915,-0.0638,0.0378,9.8251,0.3276,-0.3304,0.4274
33455,1193,745,33.798,26.799,0.0758,0.0284,9.8545,-0.3311,-0.3655,-0.8154
33460,1180,752,33.788,26.778,0.0648,0.1249,9.8737,-0.3685,0.8129,-0.7033
33465,1197,747,33.768,26.744,0.0763,0.0155,9.7809,-0.0498,0.7721,0.0913
33470,1187,747,33.713,26.8,0.0086,-0.0219,9.8212,0.1393,0.2405,0.2261
33475,1183,748,33.764,26.776,-0.0046,-0.0181,9.7607,0.4812,-0.2788,-0.0993
33480,1179,753,33.696,26.802,-0.0478,-0.0729,9.7676,0.186,0.0433,-0.4384
33485,1186,748,33.753,26.765,0.0054,0.0719,9.7737,0.3899,0.5364,0.1108
33490,1173,751,33.865,26.88,-0.0568,-0.0167,9.8527,-0.104,0.9477,0.3016
33495,1188,756,33.753,26.751,-0.0761,0.0508,9.8419,-0.4019,-0.1275,0.672
33500,1180,758,33.729,26.793,-0.0142,0.0582,9.7185,0.1028,0.5454,-0.208
33505,1175,757,33.816,26.826,-0.0404,0.0099,9.7752,0.0284,-0.1555,-0.0604
33510,1167,762,33.797,26.842,-0.009,-0.0115,9.7512,-0.3257,0.1343,-0.8169
33515,1159,762,33.789,26.796,0.0365,-0.0277,9.8683,0.6628,0.0677,0.2554
33520,1162,769,33.705,26.843,0.0908,-0.0663,9.8405,0.9058,-0.556,-0.3625
33525,1157,762,33.711,26.709,0.0071,0.1064,9.8367,0.1125,0.0676,0.1304
33530,1158,769,33.938,26.864,-0.0017,0.0206,9.9212,0.4757,-0.8957,1.151
33535,1144,771,33.844,26.835,-0.0443,0.0578,9.8231,-0.2198,-0.1956,-0.1869
33540,1155,772,33.755,26.733,-0.0283,-0.0514,9.8278,0.289,0.211,0.8442
33545,1146,772,33.773,26.769,-0.0609,0.1182,9.7457,0.3565,0.4828,0.1145
33550,1144,778,33.718,26.838,0.0254,-0.0301,9.7899,-0.5102,0.6189,0.8197
33555,1127,789,33.781,26.839,-0.0586,0.0668,9.8854,0.3277,-0.727,-0.0542
33560,1131,781,33.802,26.786,0.0086,0.0841,9.7606,0.629,0.589,-0.5784
33565,1126,789,33.731,26.764,0.0401,0.0518,9.8443,-0.6849,-0.2631,0.0648
33570,1125,792,33.698,26.751,-0.0093,-0.0468,9.8412,-0.261,0.4965,0.6656
33575,1126,791,33.748,26.812,-0.0365,-0.0016,9.8397,-0.1837,0.3939,-0.1659
33580,1125,798,33.857,26.89,-0.0054,0.0007,9.8073,0.0284,-0.3197,-0.9497
33585,1116,797,33.71,26.92,0.036,-0.0533,9.8095,0.1445,0.5378,0.393
33590,1105,797,33.827,26.912,0.0371,0.0257,9.7657,0.3821,-0.5379,-0.0023
33595,1104,806,33.797,26.789,-0.0241,0.0179,9.7925,0.1404,0.02,0.8963
33600,1105,805,33.742,26.842,0.0343,-0.0844,9.7696,-0.1039,0.3434,0.7893
33605,1100,808,33.796,26.736,-0.0282,-0.0278,9.8815,-0.1477,-0.1462,0.385
33610,1098,816,33.783,26.756,-0.0156,0.096,9.7976,1.1194,-0.1667,0.9388
33615,1097,817,33.791,26.857,-0.0438,0.0032,9.8585,-0.1321,0.064,0.7455
33620,1098,815,33.733,26.827,0.0039,0.1413,9.8576,-1.1692,0.0094,-0.1266
33625,1096,821,33.816,26.785,0.0666,-0.0217,9.7915,-0.0637,-0.1878,0.8465
33630,1087,819,33.705,26.802,-0.1317,0.0147,9.7869,0.4498,-0.4798,1.0024
33635,1085,822,33.789,26.806,0.0372,-0.0437,9.8326,0.1744,-0.1241,-0.0859
33640,1083,823,33.785,26.82,-0.0555,0.0357,9.7496,-0.1651,0.5039,-0.9001
33645,1079,829,33.811,26.817,0.012,0.0145,9.864,-0.5235,-0.0454,0.0321
33650,1083,831,33.707,26.71,-0.0709,0.0188,9.7587,0.0883,0.2767,-0.0629
33655,1083,831,33.718,26.832,0.0346,0.0667,9.767,0.677,-0.3184,0.1874
33660,1078,834,33.712,26.821,-0.0496,0.011,9.8868,0.5082,-0.3316,0.6722
33665,1076,831,33.801,26.797,-0.0368,0.0054,9.8706,0.0299,0.1766,-1.0457
33670,1073,833,33.835,26.776,0.0392,0.0234,9.7986,0.0234,0.3912,-0.1813
33675,1064,835,33.781,26.878,0.0081,0.0431,9.8248,0.1815,-0.2424,-0.5324
33680,1077,837,33.85,26.721,0.0135,0.008,9.8216,-0.3231,0.8294,0.236
33685,1051,836,33.7,26.725,-0.1074,0.071,9.8289,-0.2071,0.0247,-0.7868
33690,1062,839,33.715,26.922,0.0217,0.0305,9.8856,0.459,-0.1732,-0.5075
33695,1040,837,33.767,26.806,0.02,-0.0687,9.7686,0.0235,0.4637,1.3052
33700,1031,830,33.723,26.783,-0.0273,-0.0375,9.8778,-0.6856,0.5882,0.0623
33705,1042,837,33.804,26.835,-0.0486,-0.0188,9.8446,0.7454,0.484,0.2489
33710,1034,837,33.81,26.823,0.0716,-0.0414,9.8106,-0.1991,-0.1972,0.1257
33715,1019,838,33.784,26.812,-0.0536,-0.0329,9.828,-0.3654,-0.6813,-1.1129
33720,1024,837,33.846,26.761,-0.0563,-0.0446,9.8415,-0.8989,-0.3802,0.0543
33725,1015,836,33.716,26.761,0.0256,0.112,9.8244,-0.6701,-0.1512,-0.1699
33730,1008,836,33.812,26.77,-0.041,-0.0141,9.8134,-0.189,0.7321,-0.6628
33735,996,839,33.807,26.846,-0.0177,-0.0637,9.7774,-0.5869,0.6999,0.1517
33740,984,832,33.81,26.776,0.0454,0.0626,9.8813,0.66,0.2154,-0.3828
33745,984,835,33.723,26.88,0.0088,-0.0169,9.8553,-1.015,-0.4196,-0.9771
33750,974,840,33.722,26.903,-0.0284,-0.069,9.8549,0.5191,0.5162,-0.5274
33755,959,832,33.798,26.88,0.0153,0.0364,9.8085,0.1706,-0.604,0.7762
33760,948,827,33.728,26.89,0.0288,-0.0175,9.8574,-0.0461,0.0163,-0.425
33765,938,832,33.798,26.817,0.1318,-0.0331,9.837,0.1975,-0.16,0.0283
33770,927,833,33.752,26.756,-0.0153,0.052,9.7389,0.2455,0.6845,-0.2274
33775,930,827,33.698,26.863,0.0081,-0.0702,9.8502,-0.0731,0.1523,-0.5804
33780,914,829,33.796,26.798,-0.0777,0.0273,9.7392,-0.0699,0.2507,0.6863
33785,898,834,33.757,26.834,0.0551,0.0615,9.8005,0.6098,-0.352,0.0804
33790,890,831,33.86,26.869,-0.0536,0.0005,9.7774,0.5575,-0.5121,-0.309
33795,879,833,33.772,26.886,-0.0478,-0.0474,9.7434,0.0106,-0.5627,-0.5254
33800,875,828,33.773,26.832,-0.0218,-0.0287,9.7869,-0.2325,0.4517,0.848
33805,859,827,33.8,26.707,0.0408,-0.0031,9.7215,-0.4151,0.0646,-0.1873
33810,854,829,33.768,26.882,0.0805,-0.0479,9.7782,0.8668,-0.3138,0.7079
33815,837,818,33.762,26.688,-0.1065,-0.002,9.812,-0.0771,-0.3545,0.1737
33820,834,822,33.82,26.893,0.0234,0.0396,9.7622,-0.1507,0.0346,-0.0653
33825,822,826,33.746,26.838,-0.051,0.0562,9.8061,-0.1795,0.4951,-0.4939
33830,816,822,33.748,26.845,0.0668,-0.0405,9.8037,0.0067,-0.0252,-0.6965
33835,795,820,33.709,26.899,0.0167,0.0212,9.7614,0.8026,0.3593,-0.1869
33840,794,821,33.676,26.715,-0.0264,0.0501,9.7589,0.3059,-0.3381,0.2133
33845,790,830,33.762,26.801,-0.0639,0.0183,9.9203,-0.2867,0.4465,-1.448
33850,781,820,33.772,26.794,-0.0455,0.0005,9.7717,-0.6303,0.2184,-0.0845
33855,772,825,33.754,26.825,-0.0388,-0.0243,9.8532,0.5101,0.3926,-0.1239
33860,769,817,33.777,26.739,0.0842,-0.0429,9.8108,0.2163,0.1434,-0.4098
33865,766,818,33.745,26.788,-0.0096,-0.014,9.824,0.1868,-1.2835,-0.0587
33870,752,818,33.727,26.881,0.0517,0.0692,9.7811,-1.1148,0.5385,-0.6905
33875,766,819,33.73,26.805,-0.0329,-0.059,9.8153,-0.1663,-0.4904,-0.8751
33880,745,812,33.715,26.805,-0.005,-0.0399,9.8508,0.8508,-1.4431,-0.3473
33885,753,822,33.731,26.732,0.0851,-0.0179,9.7716,-0.0131,0.251,-0.4707
33890,755,820,33.777,26.704,0.0174,0.0767,9.7943,0.4282,0.2747,0.5961
33895,745,823,33.752,26.771,0.0499,-0.0286,9.8156,1.286,-0.3128,0.2599
33900,747,820,33.87,26.79,0.0419,0.0108,9.8342,-0.094,-0.3268,0.4132
33905,749,815,33.732,26.873,-0.0067,0.0546,9.76,0.2774,0.5992,-0.1862
33910,744,817,33.707,26.772,0.0125,-0.0161,9.8133,0.0947,0.2334,0.3576
33915,753,815,33.706,26.747,-0.0213,0.0061,9.7881,0.3603,0.2895,-0.7558
33920,756,813,33.763,26.86,0.0659,-0.0598,9.7895,-0.0838,0.4338,-0.17
33925,771,812,33.791,26.747,0.0506,0.0906,9.8206,-0.1228,1.0739,0.4295
33930,770,815,33.679,26.79,-0.0796,-0.0063,9.7953,-0.4674,-0.3568,-0.3063
33935,759,812,33.67,26.871,0.0461,0.0839,9.7923,-0.8609,0.7091,0.1804
33940,779,811,33.782,26.762,0.0989,0.0584,9.8325,-0.743,0.3719,0.3217
33945,796,811,33.739,26.82,0.0584,-0.0611,9.8862,-0.2408,0.9685,-0.1639
33950,802,805,33.722,26.841,-0.02,-0.0541,9.8276,-0.6282,-0.4282,-0.0413
33955,800,812,33.784,26.793,-0.0019,0.0157,9.9042,0.5375,0.2661,0.1267
33960,816,805,33.862,26.796,-0.0409,0.0116,9.8223,0.121,0.1484,-0.8319
33965,836,801,33.747,26.812,0.0294,0.0426,9.7398,-0.6312,-0.6241,0.052
33970,837,798,33.742,26.87,-0.0193,-0.0629,9.7613,-1.0476,0.3954,0.5997
33975,856,801,33.787,26.884,-0.0076,0.0741,9.8238,0.8805,0.6642,-0.0972
33980,869,807,33.689,26.791,0.0173,0.0055,9.7951,-0.1021,-0.2607,1.4073
33985,884,799,33.785,26.827,0.0155,0.0366,9.8552,-0.2129,1.4994,-0.4285
33990,894,797,33.744,26.84,0.0091,-0.0178,9.8336,1.2879,-0.0672,-0.1956
33995,900,791,33.755,26.847,0.0057,-0.0098,9.8589,-0.2249,0.5326,1.0826
34000,920,796,33.718,26.82,0.0569,0.0082,9.831,0.0919,1.0531,0.4634
34005,930,798,33.773,26.811,0.1051,-0.0741,9.7905,0.4381,-0.2341,0.7395
34010,941,788,33.815,26.757,-0.0088,-0.0053,9.8113,0.8636,0.682,-0.641
34015,951,785,33.815,26.812,0.0201,0.0475,9.8001,0.5408,0.92,-0.4149
34020,968,785,33.845,26.779,0.017,-0.0324,9.8383,-0.0102,-0.774,0.0515
34025,972,778,33.741,26.867,-0.0042,-0.0321,9.7899,-0.2862,-0.318,0.3906
34030,1004,784,33.759,26.772,-0.0339,0.0226,9.7617,-0.7475,0.3079,0.3707
34035,1018,785,33.771,26.912,-0.02,0.0048,9.8012,0.6831,0.077,0.498
34040,1022,780,33.827,26.81,-0.0162,0.0318,9.8117,0.5098,0.3347,0.6427
34045,1034,775,33.768,26.819,0.0189,-0.0088,9.7506,-0.0955,-0.4201,0.6528
34050,1050,776,33.862,26.83,0.0083,-0.0058,9.8829,-0.959,0.669,0.7227
34055,1079,771,33.775,26.806,-0.0278,-0.0997,9.7712,-0.7775,0.4965,-0.632
34060,1076,769,33.709,26.803,0.0032,0.0331,9.8697,-0.3836,0.2473,0.1048
34065,1087,768,33.854,26.82,-0.0449,-0.0247,9.8717,-0.1218,0.0449,0.1137
34070,1103,764,33.775,26.836,0.0781,-0.01,9.8629,-0.4841,0.8132,-0.7138
34075,1108,765,33.662,26.802,-0.0858,0.0304,9.7419,-0.8282,0.3197,-0.2281
34080,1117,763,33.688,26.826,0.058,-0.0626,9.7623,-0.236,-0.5648,0.9411
34085,1128,763,33.783,26.73,-0.0278,-0.0533,9.7674,0.1138,-0.4311,-0.2293
34090,1135,758,33.735,26.81,0.026,-0.0385,9.7989,-0.1156,-0.1797,-0.176
34095,1140,758,33.826,26.838,0.0083,-0.0282,9.7749,0.7239,-0.7317,-0.2187
34100,1155,758,33.859,26.881,-0.09,-0.0536,9.8494,-0.8827,-1.4684,-0.7067
34105,1155,754,33.8,26.833,0.0357,0.0564,9.7431,0.4082,-0.1781,0.3938
34110,1153,754,33.716,26.813,0.073,-0.0094,9.7944,0.4145,0.4261,0.3347
34115,1166,755,33.806,26.809,0.0177,0.0517,9.8496,0.9387,-0.1436,0.6932
34120,1182,751,33.784,26.735,-0.1063,-0.0488,9.8004,-0.3145,-0.0476,0.1411
34125,1178,749,33.694,26.906,-0.0016,0.0112,9.7623,0.1887,0.123,-0.2118
34130,1172,745,33.777,26.839,-0.0135,0.0517,9.835,0.1274,-0.2085,-0.436
34135,1182,752,33.735,26.804,-0.0496,-0.0004,9.7252,0.0935,0.0946,-0.0477
34140,1181,747,33.819,26.767,0.0134,-0.0256,9.8327,0.8738,0.112,0.4934
34145,1185,747,33.793,26.699,-0.0929,-0.0025,9.7569,-0.074,0.1278,-0.6918
34150,1184,752,33.747,26.796,-0.0114,0.0101,9.787,0.0261,0.0747,-0.6
34155,1191,751,33.739,26.847,-0.0222,-0.0244,9.7633,-0.1687,-0.4033,-0.2598
34160,1178,750,33.77,26.748,-0.0462,-0.0892,9.816,0.5408,-0.3224,-1.1624
34165,1186,753,33.759,26.744,-0.0816,0.0213,9.8118,0.5262,-0.7248,-0.022
34170,1187,752,33.867,26.792,0.1374,0.0474,9.7289,0.259,0.6552,-0.6448
34175,1179,751,33.768,26.836,-0.0385,-0.0288,9.8051,0.2597,0.1045,0.0333
34180,1184,753,33.742,26.785,0.019,-0.0165,9.8799,-0.5532,-0.6573,-1.251
34185,1178,755,33.657,26.817,0.0788,-0.0111,9.7745,0.1151,-0.1258,0.3093
34190,1181,751,33.789,26.795,-0.0464,0.0427,9.8042,-1.3972,0.0425,-0.1448
34195,1178,760,33.706,26.798,0.0296,0.0622,9.8696,-0.7664,-0.2451,0.2352
34200,1173,757,33.728,26.802,0.0537,-0.0665,9.818,0.6265,0.2454,-0.7821
34205,1166,767,33.705,26.852,-0.0189,-0.0147,9.7853,-0.2671,0.2338,-0.1077
34210,1164,765,33.791,26.801,0.0024,0.0372,9.8733,0.8678,0.4747,-0.3629
34215,1157,764,33.723,26.76,-0.0524,0.0127,9.8045,-0.78,-0.0577,-0.067
34220,1144,768,33.731,26.83,0.0354,-0.0618,9.7997,-1.4839,0.378,-0.1003
34225,1154,767,33.767,26.765,0.019,0.0122,9.8702,-0.1501,-0.2969,-0.0556
34230,1154,772,33.802,26.773,-0.0567,-0.0381,9.7208,-0.188,0.8544,-0.2797
34235,1151,776,33.747,26.804,-0.0456,0.0333,9.8827,0.3089,0.0392,0.4706
34240,1136,775,33.777,26.92,0.0081,0.0369,9.7405,-1.4882,0.1358,-0.2013
34245,1131,782,33.786,26.831,-0.0379,0.0064,9.846,-0.4767,0.9687,-0.4664
34250,1132,779,33.787,26.857,0.0416,-0.0403,9.7723,-0.0174,0.5107,-0.0781
34255,1129,790,33.881,26.904,-0.0144,-0.0173,9.8107,0.4329,0.8046,0.3648
34260,1124,789,33.776,26.867,0.0872,0.0014,9.6973,-0.3916,-0.6743,-0.5583
34265,1120,795,33.717,26.902,0.0247,-0.0129,9.78,-0.4585,0.4962,-0.3747
34270,1126,794,33.857,26.795,0.1154,-0.0657,9.8691,-0.1562,-0.1458,-0.2888
34275,1111,800,33.752,26.842,-0.105,0.0486,9.8738,0.4462,0.7164,0.9189
34280,1112,797,33.875,26.841,-0.001,0.016,9.878,-0.5166,0.0676,-0.7379
34285,1112,801,33.82,26.875,-0.0905,0.0837,9.7663,-0.3525,0.5987,0.1188
34290,1108,806,33.729,26.8,0.0379,0.1186,9.8354,0.2435,-0.4839,0.356
34295,1108,807,33.823,26.743,0.016,0.0319,9.8273,-0.1139,0.2113,-0.0159
34300,1105,805,33.822,26.866,0.0259,0.0579,9.8478,-0.6452,-0.2908,0.3362
34305,1100,812,33.809,26.768,0.1001,0.0438,9.7908,0.2608,0.2336,0.2095
34310,1101,813,33.824,26.864,0.0509,-0.068,9.8423,-0.1833,0.0295,-0.4245
34315,1100,816,33.784,26.927,-0.0046,-0.043,9.7956,0.0795,0.2268,0.1037
34320,1085,822,33.791,26.84,0.0648,0.0011,9.819,0.2917,-0.9262,0.3255
34325,1085,826,33.777,26.826,0.0287,0.0316,9.8319,0.108,1.0002,0.2152
34330,1085,821,33.777,26.778,-0.0082,0.0376,9.7601,0.297,-0.0738,0.7866
34335,1075,824,33.75,26.732,-0.0314,-0.1409,9.8434,-0.4198,-1.2112,0.1149
34340,1077,826,33.692,26.832,0.0802,-0.0699,9.7919,0.9555,0.5152,-0.2022
34345,1078,824,33.778,26.849,-0.0701,-0.037,9.8549,-0.3156,-0.2899,-0.4985
34350,1083,830,33.755,26.804,-0.0056,0.0161,9.7766,-0.7887,-0.1237,0.2017
34355,1074,835,33.786,26.761,-0.0508,0.0234,9.8907,0.1255,-0.137,0.1019
34360,1065,834,33.794,26.729,0.0662,0.0371,9.8075,0.5344,0.0404,-0.7907
34365,1068,834,33.767,26.699,-0.0242,-0.037,9.8219,0.4391,-0.4261,-1.2876
34370,1061,834,33.756,26.86,0.0102,-0.075,9.7739,0.4954,-0.1001,-0.2481
34375,1060,834,33.842,26.815,-0.0237,-0.0005,9.8705,0.1029,-0.2998,0.567
34380,1060,832,33.759,26.739,-0.036,0.0691,9.8217,0.3263,-0.5822,-0.7939
34385,1042,835,33.818,26.784,0.0853,-0.0261,9.8287,-0.7279,0.71,0.0316
34390,1048,839,33.711,26.826,-0.042,-0.0164,9.8392,0.1764,-0.2448,-0.1608
34395,1043,836,33.733,26.796,-0.0273,0.0177,9.7947,-0.6992,-0.9066,-0.1257
34400,1038,842,33.74,26.849,0.0224,0.0302,9.7183,0.847,-0.1871,0.091
34405,1035,833,33.776,26.826,0.0643,0.0576,9.8417,-0.7398,-0.2191,-0.1586
34410,1029,838,33.736,26.869,0.0242,0.0345,9.751,0.2638,0.3771,0.8954
34415,1005,836,33.764,26.791,-0.0513,-0.0777,9.8141,0.091,-0.4128,-0.072
34420,1009,833,33.777,26.832,0.0558,0.0258,9.7734,-0.9987,-0.2645,0.2427
34425,1002,841,33.717,26.958,0.0934,-0.0561,9.7982,-0.1069,0.6984,0.4982
34430,988,830,33.742,26.825,0.0516,-0.06,9.8353,0.5626,-0.0434,-0.2511
34435,978,838,33.735,26.807,-0.0441,0.0193,9.7554,-0.216,-0.6811,-0.5274
34440,978,836,33.712,26.8,0.0351,0.0308,9.7862,-0.6735,0.7595,0.2204
34445,969,833,33.757,26.735,-0.0169,0.0608,9.7658,-1.0745,-0.3569,-0.8946
34450,959,837,33.755,26.833,-0.0651,0.0429,9.8887,-0.5074,0.3647,-0.1163
34455,944,832,33.778,26.755,-0.1152,-0.052,9.9042,-0.5369,0.2015,-0.1889
34460,931,830,33.812,26.826,-0.0477,-0.0294,9.8323,-0.023,-0.7294,-0.0161
34465,932,830,33.759,26.828,0.0512,-0.0149,9.8869,-0.1403,-0.498,-0.03
34470,925,838,33.788,26.816,-0.0521,-0.015,9.8084,0.7061,0.5282,-0.8393
34475,911,833,33.8,26.745,-0.0085,0.0573,9.8358,0.1964,0.3472,-0.7342
34480,897,835,33.807,26.723,-0.0038,0.0344,9.7499,0.928,-0.5872,-0.201
34485,898,832,33.757,26.735,0.0774,0.015,9.8647,-0.2806,-0.0302,-0.5543
34490,880,827,33.847,26.718,-0.0655,-0.0071,9.8084,-0.2338,0.103,-0.0463
34495,867,830,33.702,26.869,-0.0368,-0.0606,9.7579,0.915,0.5219,0.4816
34500,863,828,33.833,26.761,0.0258,-0.0108,9.8445,0.0121,-0.6763,-0.4424
34505,855,819,33.705,26.898,-0.0558,0.0569,9.809,0.1364,-0.2971,0.2909
34510,835,826,33.757,26.804,-0.0246,0.0214,9.859,-0.4947,-0.293,0.1082
34515,827,826,33.708,26.77,-0.0487,-0.0207,9.8232,-0.0364,-0.5159,0.1851
34520,828,825,33.766,26.867,0.0332,0.0411,9.8512,-0.3235,-0.259,0.7913
34525,817,827,33.742,26.831,-0.1014,0.0374,9.7623,0.0536,-0.7473,-0.028
34530,799,820,33.77,26.81,-0.0137,0.1189,9.7689,-0.4435,0.5695,-0.1979
34535,794,820,33.844,26.81,-0.0939,-0.1243,9.8024,-0.8555,0.1514,0.4753
34540,789,822,33.771,26.703,0.0169,0.005,9.8027,0.0178,-0.294,-0.0813
34545,776,822,33.664,26.794,0.0595,0.0529,9.7901,0.2408,0.9371,0.5378
34550,770,822,33.854,26.799,-0.0578,0.0113,9.8242,-1.3436,-0.3572,-0.7164
34555,768,819,33.755,26.855,0.0026,-0.0054,9.8805,-0.0431,-0.1303,0.1759
34560,761,821,33.735,26.837,-0.067,0.1039,9.7322,-1.0931,-0.8248,0.0294
34565,763,818,33.74,26.838,0.0185,0.0413,9.7447,0.0344,-0.3692,-0.5498
34570,755,820,33.734,26.805,-0.0128,0.0354,9.8085,-0.5758,1.1222,-0.5421
34575,747,810,33.794,26.78,0.0034,0.0523,9.8094,-0.7255,-0.1168,-0.3674
34580,739,816,33.772,26.731,-0.0186,0.0097,9.858,-0.6317,0.3562,0.1031
34585,741,820,33.756,26.824,-0.0074,0.0555,9.8143,0.0737,-1.569,0.1019
34590,747,817,33.846,26.82,0.0706,-0.0155,9.8437,-0.161,-0.6557,-1.0164
34595,752,817,33.796,26.759,-0.0748,0.0701,9.8861,0.3544,0.5731,-0.5683
34600,745,810,33.733,26.749,-0.094,0.0088,9.8543,-0.1057,0.5938,0.3543
34605,747,812,33.738,26.836,-0.0169,0.0247,9.8183,0.3258,0.0456,0.1796
34610,747,810,33.777,26.748,-0.1163,0.0666,9.8511,0.1262,0.2584,0.3245
34615,756,814,33.748,26.881,0.0062,0.0693,9.7719,-0.4925,0.0029,-0.6858
34620,762,811,33.757,26.821,0.0078,0.0025,9.8634,-0.1726,-0.9729,0.357
34625,769,811,33.751,26.779,0.0949,-0.0157,9.8424,-0.2368,0.5159,-0.1
34630,780,808,33.688,26.857,0.0086,-0.0277,9.7248,0.5724,-0.7976,0.4869
34635,774,808,33.756,26.868,-0.0013,-0.0368,9.8544,0.0553,-0.1253,0.356
34640,787,804,33.81,26.846,0.0004,0.04,9.7781,0.3454,-0.1975,0.2434
34645,795,809,33.741,26.779,-0.1075,0.0179,9.8783,-0.796,-0.585,0.0664
34650,808,804,33.821,26.779,-0.0488,-0.0234,9.7425,0.2654,-0.7828,-0.5851
34655,825,807,33.704,26.723,-0.0101,0.0043,9.8964,0.1561,0.8012,-0.1074
34660,822,799,33.766,26.875,0.0593,-0.0499,9.7957,0.3422,0.5223,0.1518
34665,844,802,33.771,26.835,-0.0398,0.0447,9.8388,-0.5372,0.7786,0.4176
34670,843,808,33.762,26.748,-0.0253,0.0875,9.7723,0.5102,-0.2589,-0.3073
34675,858,795,33.741,26.824,0.0172,-0.0046,9.828,-0.4386,-0.8059,-0.2483
34680,878,799,33.789,26.754,0.0061,0.0387,9.8482,0.1504,0.6601,-0.3252
34685,886,795,33.703,26.803,-0.1183,-0.0451,9.7503,1.0162,-0.1218,0.1628
34690,903,798,33.718,26.84,-0.007,0.045,9.8377,0.0397,0.1061,-0.4037
34695,912,792,33.717,26.783,0.0261,0.0248,9.7923,-0.4689,-0.5113,0.5059
34700,933,790,33.856,26.741,0.0458,-0.0495,9.8197,0.2662,-0.6454,-0.5011
34705,941,787,33.785,26.803,-0.0143,-0.0087,9.7736,0.5664,0.2756,-0.609
34710,945,785,33.857,26.86,-0.0218,0.0886,9.8439,0.0685,-0.3591,0.0793
34715,978,785,33.716,26.814,0.0016,-0.0145,9.791,0.7839,0.058,1.1954
34720,968,783,33.808,26.856,-0.0837,-0.0042,9.9227,-0.0018,-0.092,-0.649
34725,998,780,33.716,26.83,0.0429,0.0369,9.8334,-0.4029,0.475,-0.6118
34730,1011,784,33.793,26.846,0.0145,-0.0381,9.7417,0.0177,0.5707,-0.0477
34735,1026,784,33.867,26.744,0.0289,-0.0243,9.7586,-1.2124,0.8109,0.5369
34740,1033,778,33.698,26.695,0.0247,-0.0214,9.7941,0.1051,-0.8889,0.2506
34745,1057,781,33.728,26.833,-0.0301,-0.0406,9.8397,-0.2052,0.1893,0.1681
34750,1065,771,33.733,26.819,0.0243,0.0908,9.8892,-0.1629,0.7414,0.1418
34755,1071,768,33.737,26.787,-0.0017,-0.056,9.8305,0.3171,-0.1477,-0.1354
34760,1086,765,33.822,26.846,-0.018,-0.0662,9.8083,0.0989,1.0265,0.1225
34765,1111,761,33.753,26.81,-0.0171,-0.1058,9.7943,-0.0601,0.6028,0.3014
34770,1108,765,33.817,26.786,-0.0445,0.0134,9.8004,-0.487,0.0507,0.0955
34775,1116,761,33.836,26.769,0.0669,0.0428,9.7563,0.094,-0.5452,0.1108
34780,1132,755,33.787,26.79,-0.0352,-0.0007,9.8199,0.1974,0.654,0.3121
34785,1145,754,33.715,26.784,0.0068,0.0766,9.8263,-0.7026,-0.0451,0.6079
34790,1134,759,33.821,26.725,0.0298,0.0669,9.855,-0.5821,-0.633,-0.4064
34795,1147,752,33.722,26.887,0.038,-0.0291,9.7781,0.5311,-0.1522,0.4697
34800,1161,755,33.759,26.852,-0.0226,0.0082,9.8637,-0.3318,-0.3985,-0.075
34805,1164,752,33.736,26.735,-0.0633,0.0289,9.8241,-0.3038,0.3188,0.0748
34810,1164,754,33.735,26.771,0.0554,0.0476,9.8815,0.6259,-0.4596,-0.1938
34815,1179,754,33.769,26.626,-0.0109,0.0156,9.8158,0.3417,0.2978,0.3636
34820,1170,749,33.838,26.791,-0.0338,-0.015,9.7747,-0.5294,0.1337,0.3636
34825,1184,752,33.725,26.757,-0.0458,0.0122,9.7829,-0.6705,0.7393,-0.0093
34830,1185,748,33.701,26.832,0.0718,0.053,9.8076,-0.7871,0.6565,-0.4097
34835,1181,751,33.818,26.767,0.0045,0.0161,9.8369,-0.6731,-0.37,-0.3064
34840,1185,747,33.73,26.763,0.0564,-0.0006,9.7737,-0.2652,-1.5179,-0.5856
34845,1178,750,33.792,26.796,-0.0131,-0.0173,9.8772,-0.0575,0.9795,0.4987
34850,1174,742,33.664,26.803,-0.0303,-0.1109,9.8355,0.1131,-0.0743,-0.244
34855,1194,755,33.751,26.753,-0.0863,-0.0895,9.6751,-0.1811,0.6291,0.2469
34860,1182,752,33.809,26.794,0.011,0.0668,9.8505,-0.6561,0.0245,-0.4882
34865,1180,752,33.801,26.87,0.0514,0.0655,9.8491,-0.543,-0.4396,0.234
34870,1185,752,33.783,26.792,0.0745,0.0673,9.834,0.7844,-0.0276,0.1696
34875,1169,754,33.817,26.88,-0.0383,-0.085,9.7813,-0.7831,0.4056,-0.0312
34880,1188,754,33.752,26.875,0.008,-0.0853,9.7825,-0.6889,-0.5071,0.1992
34885,1176,754,33.734,26.845,0.0268,0.0014,9.8131,0.3392,0.1938,0.6088
34890,1171,760,33.787,26.823,-0.0582,0.0746,9.7483,-0.6186,0.3169,-0.2414
34895,1170,757,33.802,26.765,0.0505,-0.009,9.8666,-0.7561,-0.6872,0.4345
34900,1168,761,33.767,26.847,-0.0366,-0.0095,9.7744,-0.0061,-0.3659,-0.823
34905,1172,766,33.792,26.851,-0.0024,-0.0136,9.7936,0.1269,-0.0753,-0.1786
34910,1154,763,33.802,26.907,0.0176,-0.0133,9.7732,0.2633,-0.604,0.1594
34915,1146,759,33.846,26.803,-0.1143,-0.019,9.8149,0.1818,0.1926,0.3264
34920,1150,770,33.733,26.806,0.0074,0.027,9.8104,0.1894,-0.6727,0.0971
34925,1152,773,33.709,26.919,-0.0108,0.0215,9.7942,1.0527,-0.0591,0.3908
34930,1148,772,33.64,26.826,-0.0842,0.0249,9.841,0.7873,-0.31,-0.8639
34935,1149,778,33.772,26.788,-0.0116,0.0007,9.8768,0.6145,-0.4044,-0.011
34940,1136,779,33.748,26.806,0.0432,0.0728,9.8512,0.477,-1.1129,-0.0139
34945,1135,783,33.715,26.715,0.0105,-0.0116,9.8099,-0.3194,0.6496,-0.0955
34950,1139,789,33.745,26.76,-0.057,-0.0668,9.8246,0.1726,0.274,0.3887
34955,1119,788,33.783,26.855,0.0756,-0.0576,9.8555,0.3178,-0.0548,-0.751
34960,1127,797,33.839,26.872,-0.0981,-0.0186,9.8052,0.6731,-0.4085,0.3323
34965,1120,791,33.756,26.856,-0.1449,0.0249,9.8544,0.7449,0.3875,0.1964
34970,1106,797,33.733,26.847,-0.0939,0.0424,9.791,0.6023,-0.2417,0.0958
34975,1115,802,33.734,26.779,0.0529,-0.0792,9.835,-0.4868,-0.3347,0.207
34980,1120,805,33.724,26.766,0.0462,-0.0374,9.8294,0.7195,0.5432,0.1378
34985,1105,808,33.769,26.744,0.0111,0.0261,9.892,0.1694,0.7459,0.1305
34990,1112,808,33.73,26.834,-0.0251,-0.0688,9.81,-0.0587,0.4296,-0.0981
34995,1108,808,33.818,26.87,0.0388,-0.0214,9.7284,-0.2817,-0.6631,0.0423
35000,1104,810,33.751,26.776,0.026,-0.0333,9.7688,0.0996,-0.5257,0.8219
35005,1101,811,33.754,26.835,-0.018,-0.0163,9.776,0.8653,1.2057,-0.424
35010,1099,816,33.73,26.846,0.0393,0.0224,9.8144,0.8673,0.3445,0.3532
35015,1097,816,33.808,26.857,0.0715,0.0271,9.8752,-0.092,0.3246,0.5573
35020,1087,820,33.826,26.737,0.0149,-0.0376,9.7688,0.2977,-0.4834,-0.5394
35025,1089,823,33.757,26.688,-0.1152,-0.1162,9.7885,0.3702,-0.4452,0.17
35030,1088,825,33.745,26.869,0.0023,-0.0057,9.7803,-0.2086,-0.4963,1.2351
35035,1083,832,33.821,26.829,-0.089,-0.0161,9.7882,-0.3999,0.2644,0.0847
35040,1078,828,33.846,26.878,0.0323,0.0771,9.8632,0.8314,0.5089,0.5199
35045,1079,838,33.651,26.805,-0.0093,-0.0511,9.7305,0.1629,0.4408,0.6564
35050,1070,832,33.881,26.813,-0.0074,0.0375,9.7205,0.6554,0.0822,0.1495
35055,1068,837,33.789,26.723,-0.0294,-0.0128,9.772,0.085,0.4804,-0.0637
35060,1072,833,33.789,26.884,0.1081,0.0435,9.8244,0.1732,0.0756,-0.1951
35065,1057,840,33.799,26.863,0.078,-0.0817,9.7727,0.5968,-0.1021,-0.0881
35070,1058,836,33.786,26.742,-0.0839,0.084,9.7612,0.0412,0.4374,0.4988
35075,1057,838,33.807,26.731,0.0519,-0.0052,9.8395,-0.4936,0.379,-0.4001
35080,1052,835,33.746,26.789,-0.0292,0.0354,9.7644,-0.31,-0.553,-0.4249
35085,1049,837,33.744,26.756,-0.0735,-0.0013,9.876,-0.2661,-0.6137,-0.1659
35090,1050,842,33.728,26.834,-0.0041,-0.0364,9.8157,0.2551,0.003,0.0957
35095,1030,840,33.747,26.826,0.0348,-0.0588,9.8797,0.3601,-0.1716,-0.628
35100,1035,835,33.747,26.789,-0.0783,0.0512,9.7975,0.1592,-0.257,-1.0557
35105,1022,834,33.761,26.826,0.0037,-0.0258,9.8379,-0.0454,0.2745,0.0762
35110,1017,844,33.755,26.796,-0.0607,-0.037,9.8633,-0.8615,0.1998,0.7133
35115,1006,832,33.827,26.898,0.0042,0.0159,9.8347,0.0844,-0.2931,-0.6815
35120,1000,837,33.688,26.8,-0.0712,-0.1119,9.799,0.3456,-0.0164,-0.7944
35125,985,838,33.788,26.775,-0.0178,0.0576,9.8423,-0.7445,-0.6226,-0.4677
35130,982,837,33.828,26.74,0.0327,0.0005,9.7869,-0.1655,-0.9888,-0.0714
35135,973,833,33.858,26.825,-0.0645,0.0039,9.7867,0.1541,0.0767,0.0081
35140,966,835,33.696,26.738,0.0028,-0.0509,9.7567,0.4039,-0.5588,-0.2751
35145,962,830,33.737,26.66,0.0326,-0.0854,9.796,-0.1004,0.3216,-0.0715
35150,953,831,33.67,26.812,0.0365,-0.0273,9.7168,0.397,-0.2083,0.3831
35155,943,832,33.7,26.801,-0.0287,0.0444,9.8246,-0.1408,0.2296,-0.4255
35160,924,829,33.76,26.708,0.0615,-0.0764,9.7142,0.2626,-0.3352,0.5929
35165,922,829,33.727,26.863,-0.1139,0.024,9.8111,-0.0966,0.3849,0.1045
35170,917,829,33.773,26.78,-0.0173,0.0283,9.7813,0.4756,1.1538,0.8064
35175,903,830,33.667,26.815,-0.083,-0.0338,9.7894,0.7556,0.5401,1.2305
35180,886,832,33.747,26.901,-0.0296,-0.0132,9.8479,0.3376,-0.2104,-0.9944
35185,891,823,33.786,26.808,-0.094,0.0016,9.7937,-0.1639,0.4062,0.7164
35190,871,832,33.733,26.769,-0.0292,0.1379,9.8607,0.118,0.5168,0.8571
35195,860,831,33.641,26.849,0.0093,0.0048,9.808,0.1854,0.0829,-0.3868
35200,842,826,33.823,26.783,-0.0215,-0.0273,9.8176,0.7011,0.2016,-0.071
35205,842,825,33.732,26.875,0.0101,-0.0052,9.7848,-0.112,0.0452,0.8664
35210,828,822,33.755,26.792,0.062,0.0502,9.8124,-0.1306,0.1093,0.2708
35215,829,821,33.736,26.826,-0.1334,0.0404,9.8244,0.1426,0.054,-1.2139
35220,817,826,33.704,26.788,-0.0203,0.04,9.8299,-0.1492,0.5906,-0.0284
35225,797,820,33.676,26.805,0.0106,0.0137,9.8256,-0.3507,0.7286,0.382
35230,797,819,33.736,26.743,0.0625,-0.0661,9.8062,-0.0217,-0.3408,0.721
35235,781,825,33.711,26.793,0.0197,-0.1043,9.7955,-1.2313,-0.3129,-0.8786
35240,774,820,33.777,26.767,-0.0712,0.0029,9.8202,0.6098,0.059,0.0417
35245,765,821,33.748,26.807,-0.0364,-0.021,9.8046,0.9951,-0.8921,0.5453
35250,763,823,33.828,26.793,-0.0448,0.0099,9.8215,0.8575,0.3504,0.7485
35255,760,818,33.823,26.792,-0.049,0.019,9.8768,-0.5139,-0.2028,0.6442
35260,751,820,33.853,26.76,-0.0155,0.0271,9.8736,0.4643,0.1651,1.3578
35265,750,815,33.831,26.858,-0.0515,-0.0035,9.769,-0.5285,0.3506,-0.3344
35270,748,823,33.889,26.784,-0.0239,0.1099,9.8231,0.9322,-1.1777,-0.4605
35275,748,822,33.698,26.81,-0.0204,-0.0042,9.7379,0.6199,0.2433,0.1135
35280,749,814,33.797,26.871,-0.0267,-0.0127,9.84,1.3035,0.1316,0.7293
35285,747,820,33.753,26.798,-0.0128,-0.0441,9.7416,-0.117,0.4833,0.4357
35290,740,816,33.843,26.83,-0.0261,0.0088,9.8615,0.2283,0.1035,0.5486
35295,753,817,33.8,26.762,-0.0772,0.0388,9.8561,-0.2113,-0.071,0.3119
35300,746,819,33.832,26.839,-0.0545,-0.0248,9.785,0.0827,-0.0732,0.2229
35305,749,814,33.778,26.782,0.0375,-0.0603,9.7967,0.0232,0.3915,0.4173
35310,748,814,33.653,26.788,-0.0279,-0.0163,9.8021,-0.3976,0.0047,0.13
35315,769,814,33.776,26.773,-0.0748,0.0101,9.8342,-0.7314,0.6659,0.009
35320,771,812,33.794,26.838,-0.0081,-0.0199,9.6988,0.2133,0.0922,-0.0759
35325,775,808,33.713,26.789,0.0397,0.0013,9.7741,-0.6538,0.1218,0.7315
35330,777,814,33.799,26.853,0.0512,-0.0352,9.8107,0.2483,0.6176,-0.2069
35335,806,815,33.799,26.843,0.0365,0.0623,9.6966,0.3548,0.566,-0.0169
35340,801,809,33.72,26.789,0.0163,0.0453,9.8473,-0.4824,0.8212,0.0699
35345,801,805,33.793,26.756,0.0278,-0.0318,9.9161,-0.6124,-0.0146,-0.1548
35350,823,804,33.651,26.821,-0.0949,0.0281,9.8726,-0.1028,0.0196,0.4
35355,823,801,33.651,26.826,0.1087,-0.0248,9.6981,-0.1345,0.0509,-0.2558
35360,843,809,33.835,26.759,-0.0643,0.0349,9.8842,-0.0379,0.6323,-0.7613
35365,860,802,33.754,26.808,-0.0053,0.049,9.8213,1.0024,-0.9968,0.186
35370,868,798,33.787,26.781,0.0562,0.0939,9.8831,-0.2409,0.9866,-0.6335
35375,876,801,33.781,26.861,0.0083,-0.0169,9.8462,0.5503,-0.2621,-0.3293
35380,891,802,33.751,26.784,0.015,0.0425,9.8241,0.1346,0.0712,-0.5634
35385,898,793,33.76,26.809,-0.049,-0.0214,9.7915,-0.2266,0.2735,-0.1413
35390,922,796,33.679,26.807,-0.1198,0.0894,9.8924,0.3198,1.2554,0.6436
35395,936,790,33.703,26.826,0.1176,-0.0162,9.681,0.3161,-0.3169,-0.817
35400,955,786,33.794,26.831,0.0423,-0.0645,9.7574,0.443,0.3584,0.8163
35405,954,786,33.726,26.852,-0.0475,0.094,9.8092,-0.7424,0.4371,-0.9044
35410,976,788,33.8,26.717,0.0551,-0.0305,9.7949,-0.0257,-0.2882,0.1119
35415,995,782,33.686,26.781,-0.0264,-0.036,9.7878,-0.3973,0.314,-0.459
35420,992,783,33.778,26.714,0.0126,-0.0796,9.8119,-0.0828,0.7809,0.405
35425,1009,784,33.722,26.67,0.0075,0.0444,9.7299,0.0794,0.1977,0.2903
35430,1022,781,33.678,26.749,-0.0211,0.0921,9.8091,0.699,-0.0323,0.8388
35435,1039,778,33.777,26.831,-0.0196,-0.0874,9.8115,0.0642,0.2661,-0.0224
35440,1048,776,33.731,26.816,-0.0273,-0.0699,9.7785,-0.5918,0.131,0.331
35445,1066,771,33.737,26.727,0.0642,0.0033,9.8199,-0.5187,-0.335,-0.2778
35450,1066,772,33.741,26.775,0.0248,0.0712,9.7342,-0.3797,-0.4589,-0.4944
35455,1090,773,33.726,26.793,0.0396,-0.1136,9.8297,-0.1516,0.4942,0.1848
35460,1097,765,33.695,26.833,0.0793,0.001,9.8141,-0.9023,0.2865,-1.0076
35465,1118,765,33.653,26.749,-0.0197,0.0386,9.8083,-0.2194,0.32,-0.6075
35470,1116,763,33.701,26.752,-0.0744,-0.0229,9.855,-0.2097,0.4789,-0.3418
35475,1132,760,33.7,26.78,-0.0348,-0.0244,9.7903,-0.18,-1.0634,-0.021
35480,1135,759,33.788,26.791,0.0602,0.1211,9.8326,0.2206,-0.836,0.5089
35485,1145,759,33.684,26.777,-0.0604,0.0309,9.8563,0.1774,0.8551,1.1435
35490,1148,759,33.797,26.77,0.0369,-0.0966,9.8585,0.1767,0.8124,-0.0453
35495,1160,752,33.759,26.833,0.006,-0.0483,9.8071,0.2926,0.0635,0.2228
35500,1158,752,33.705,26.838,0.0307,-0.0495,9.7547,-0.2449,-0.9763,0.8568
35505,1168,751,33.715,26.775,0.076,-0.0057,9.7811,0.113,-0.7781,-0.0485
35510,1173,756,33.783,26.851,0.0197,0.0301,9.8231,0.8576,0.671,0.1132
35515,1179,747,33.665,26.831,0.038,0.0805,9.8703,0.4388,0.231,-0.9589
35520,1190,745,33.697,26.784,0.0571,-0.035,9.7854,0.2015,-1.033,0.4806
35525,1182,750,33.759,26.734,-0.0228,-0.0604,9.7772,-0.028,-0.2298,-0.0536
35530,1182,744,33.787,26.788,-0.023,0.0128,9.7476,-0.1424,-0.0499,-0.1421
35535,1186,747,33.801,26.762,0.0267,0.029,9.8141,-1.0359,0.1713,-0.383
35540,1193,750,33.79,26.829,0.075,-0.017,9.8722,0.2538,0.4799,0.3789
35545,1180,747,33.766,26.787,0.0368,-0.0386,9.7935,-0.8494,-0.0228,-0.6318
35550,1190,750,33.681,26.749,0.0026,-0.0005,9.8103,-1.3803,-0.1793,0.1636
35555,1186,750,33.755,26.798,-0.0261,-0.0517,9.8085,-0.5315,-1.0838,-0.2177
35560,1187,751,33.75,26.778,0.0041,-0.0496,9.7836,0.2164,0.3796,0.0782
35565,1185,753,33.767,26.814,-0.0036,0.011,9.8223,-0.1027,0.9482,-0.1676
35570,1188,751,33.819,26.807,-0.0182,-0.0414,9.86,0.2975,-0.3112,-0.2644
35575,1182,748,33.733,26.771,-0.0282,-0.0218,9.8411,-0.4109,0.759,-0.5374
35580,1178,755,33.729,26.846,-0.0635,-0.0707,9.8109,0.464,0.6425,0.9093
35585,1176,758,33.721,26.826,-0.0151,-0.0043,9.8772,0.3077,0.3503,0.2722
35590,1176,761,33.834,26.773,-0.0163,0.0333,9.8052,-0.5614,0.3159,-0.4799
35595,1162,759,33.739,26.815,-0.0234,-0.0266,9.8046,-0.3653,-0.2944,0.0259
35600,1154,764,33.74,26.782,-0.0107,0.0894,9.7797,-0.1296,-0.815,-0.7086
35605,1152,767,33.742,26.829,-0.0314,0.0175,9.8137,0.0364,0.715,-0.9416
35610,1161,765,33.765,26.83,0.0204,0.0213,9.8004,0.6022,-0.0775,-0.1473
35615,1150,767,33.716,26.769,0.0407,0.1007,9.8195,0.2816,0.7445,0.4484
35620,1142,778,33.777,26.818,0.099,-0.0405,9.8808,-0.133,0.3344,0.1208
35625,1144,766,33.735,26.746,-0.0501,-0.1061,9.8648,0.8314,-0.6947,0.0187
35630,1133,780,33.753,26.707,0.1094,0.0098,9.8429,-0.25,0.1501,1.1354
35635,1139,781,33.799,26.814,-0.0851,0.0173,9.8283,-0.5749,-0.8733,-0.6243
35640,1131,780,33.831,26.793,0.011,-0.0216,9.9056,-0.5588,0.2399,0.694
35645,1120,789,33.76,26.808,0.0185,0.0687,9.8248,-0.3354,-0.4336,0.4229
35650,1119,789,33.811,26.747,0.0445,0.0072,9.7734,0.6353,-0.3361,-0.4128
35655,1130,795,33.814,26.876,0.054,0.0736,9.7505,-0.8786,0.8914,0.4298
35660,1125,794,33.806,26.828,-0.0724,0.0067,9.7766,-0.6265,-0.0507,-0.0287
35665,1114,797,33.759,26.759,-0.0111,-0.0069,9.7692,0.2566,0.517,0.7052
35670,1110,800,33.836,26.73,-0.0202,0.0066,9.8775,0.1083,0.8421,-0.3997
35675,1115,805,33.737,26.821,0.0085,-0.011,9.8629,-0.3179,-0.2066,0.4682
35680,1101,807,33.793,26.71,0.0324,-0.0236,9.7817,-0.83,0.2762,0.3188
35685,1113,807,33.731,26.785,-0.0579,0.0547,9.898,1.0132,0.6111,-0.2903
35690,1098,810,33.713,26.841,0.0182,-0.0202,9.7208,-0.5285,0.4043,-0.2472
35695,1100,815,33.8,26.789,-0.0243,-0.0578,9.7614,1.0972,0.3897,0.474
35700,1095,812,33.83,26.825,-0.0642,0.0081,9.7576,0.0897,0.0919,-0.3455
35705,1097,818,33.779,26.778,-0.0604,-0.016,9.7582,0.5945,0.369,-0.1068
35710,1087,815,33.787,26.734,0.0822,0.0186,9.8578,0.0972,0.1733,-0.4469
35715,1094,826,33.843,26.743,-0.028,-0.0176,9.9093,-0.7563,-0.7795,-0.18
35720,1089,824,33.771,26.91,-0.0463,-0.0982,9.8707,-0.7712,0.2909,0.1469
35725,1076,827,33.743,26.868,-0.0503,0.0171,9.8236,-0.1846,-0.2233,0.0536
35730,1074,821,33.669,26.865,0.0283,0.0349,9.8248,0.1928,-0.0352,0.0834
35735,1083,823,33.81,26.781,0.0656,-0.0335,9.8343,0.8971,0.3875,-1.331
35740,1072,835,33.725,26.852,0.024,-0.0251,9.7772,-0.8732,0.1541,-0.1837
35745,1077,830,33.737,26.788,-0.0073,-0.0858,9.912,-0.1475,-0.2958,-0.862
35750,1077,832,33.782,26.831,0.0434,-0.0507,9.8111,0.8945,0.9297,-0.154
35755,1068,838,33.798,26.851,-0.048,0.0528,9.8699,-0.6769,-0.5905,-0.3086
35760,1073,831,33.675,26.735,-0.0003,0.0107,9.8978,0.3165,-0.1301,-0.1275
35765,1055,841,33.726,26.78,-0.0948,0.0287,9.7885,0.2602,-0.1275,0.2868
35770,1052,837,33.759,26.809,0.0034,-0.0656,9.7846,0.0815,0.8457,0.0066
35775,1055,835,33.739,26.726,0.0696,0.0426,9.8538,0.3393,1.077,-0.6387
35780,1043,841,33.749,26.811,0.0329,-0.029,9.904,-0.7098,-0.9242,-0.6826
35785,1039,839,33.778,26.675,-0.0138,-0.0904,9.8426,-0.1593,-0.135,0.9349
35790,1039,836,33.773,26.827,-0.0137,-0.0268,9.8318,0.5704,-0.229,0.0504
35795,1031,840,33.7,26.703,-0.04,-0.0234,9.8707,0.5946,-0.4953,-1.5022
35800,1027,842,33.747,26.799,-0.0537,-0.0101,9.8071,0.3004,-0.8999,0.2518
35805,1010,841,33.725,26.802,0.012,0.0822,9.7422,-0.5286,-0.2331,-0.8085
35810,1013,836,33.731,26.839,-0.0919,-0.0725,9.8328,-0.5311,0.2539,-0.1519
35815,1004,832,33.83,26.809,0.075,0.0275,9.884,0.2334,-0.9983,-0.0569
35820,991,839,33.748,26.775,0.0628,0.0534,9.864,0.2279,0.2191,-0.0692
35825,980,837,33.802,26.803,-0.0023,-0.016,9.8108,0.136,0.1108,-0.5885
35830,983,834,33.725,26.703,-0.0125,0.0115,9.8291,-0.4636,0.1029,-0.5969
35835,963,838,33.762,26.776,0.0335,-0.018,9.865,0.8526,-0.3958,0.1241
35840,960,829,33.717,26.811,0.0089,0.0633,9.7901,-0.5798,0.6565,0.6634
35845,955,832,33.736,26.824,-0.0531,0.0657,9.7486,-0.3381,-0.9943,-0.3095
35850,946,834,33.71,26.782,0.0587,-0.1548,9.8084,0.2897,1.2173,0.2136
35855,925,831,33.805,26.816,0.1086,0.004,9.8497,-0.0306,0.4337,-0.3958
35860,914,831,33.695,26.738,-0.0314,-0.031,9.78,0.8051,-0.0934,0.5536
35865,920,835,33.785,26.758,-0.0108,0.1087,9.8633,0.2574,0.5554,-0.1072
35870,907,828,33.698,26.803,-0.0147,0.1206,9.8717,0.3083,-0.047,0.24
35875,888,826,33.653,26.854,0.0286,-0.0359,9.7439,0.2608,0.2695,-0.9311
35880,882,831,33.76,26.722,-0.011,-0.1165,9.8202,-0.2382,0.328,-0.0283
35885,866,825,33.752,26.752,-0.002,0.0781,9.8449,0.7101,0.0601,0.5476
35890,857,824,33.696,26.798,-0.0289,-0.0947,9.8033,-0.2623,-0.7825,-0.211
35895,851,824,33.744,26.853,-0.072,0.0311,9.7887,0.6788,-0.6176,-0.0141
35900,843,824,33.66,26.674,-0.0645,-0.0282,9.8425,0.1697,-0.2353,0.1246
35905,825,822,33.704,26.821,0.1224,0.0068,9.7612,-0.4545,0.2213,-0.5071
35910,823,821,33.803,26.842,-0.0182,-0.0824,9.7487,-0.0109,-0.1942,0.1707
35915,816,824,33.734,26.808,0.0513,-0.1104,9.833,0.2056,0.1151,0.4743
35920,809,818,33.755,26.875,0.0331,-0.0623,9.7934,0.315,-0.5995,1.3809
35925,796,824,33.775,26.853,-0.0217,0.0099,9.8249,-0.1259,0.2847,0.9113
35930,786,823,33.676,26.668,0.0697,-0.0277,9.8134,-0.5396,1.0053,0.5081
35935,775,824,33.837,26.768,-0.0545,-0.1478,9.8595,-0.4658,-0.1725,0.1616
35940,778,820,33.742,26.776,0.0316,0.033,9.8477,0.3594,0.4784,-0.8447
35945,775,820,33.708,26.893,-0.0872,-0.0053,9.7923,-0.2817,1.0702,0.1013
35950,759,820,33.782,26.834,0.0387,0.0656,9.8296,-0.9676,0.1461,0.0629
35955,758,818,33.725,26.845,0.0598,-0.0001,9.7859,-0.4117,0.2501,0.4272
35960,753,821,33.673,26.801,-0.055,0.0336,9.7907,0.1359,-0.4119,-0.7634
35965,756,819,33.765,26.778,0.1044,-0.0507,9.8049,-0.5053,-0.571,0.0777
35970,760,815,33.723,26.795,-0.0833,0.0578,9.9136,0.3045,-0.4,0.0577
35975,754,815,33.796,26.812,0.0637,-0.0803,9.8572,0.628,0.0182,0.4117
35980,749,812,33.698,26.802,-0.0311,0.0161,9.8257,0.4288,-0.3326,0.3085
35985,752,816,33.68,26.833,-0.0726,-0.0466,9.8092,-0.0286,0.4609,0.8129
35990,741,814,33.704,26.761,-0.0555,0.0134,9.9084,0.0705,0.1902,-0.3715
35995,747,812,33.681,26.817,0.0571,0.1481,9.8454,-0.1542,-0.8874,1.1048
36000,759,816,33.81,26.719,-0.04,-0.0378,9.8358,-0.5516,0.2731,-1.108
36005,767,811,33.74,26.757,0.0017,0.0108,9.8423,-0.3669,-0.9388,0.1219
36010,766,814,33.738,26.708,0.0506,-0.0563,9.8603,-0.8042,0.4827,0.276
36015,768,816,33.766,26.838,0.0202,0.0141,9.811,0.6861,-0.312,0.8432
36020,775,808,33.7,26.816,0.0525,0.0241,9.843,-0.5915,0.4519,-0.2129
36025,784,811,33.704,26.756,0.0542,0.0719,9.8257,0.1354,0.3575,0.4374
36030,795,806,33.767,26.763,-0.067,-0.0053,9.7988,-0.3376,0.5237,0.4503
36035,803,805,33.771,26.808,-0.0074,0.0897,9.8498,-0.7135,0.5103,0.0601
36040,809,813,33.751,26.813,-0.0699,-0.0453,9.7701,-0.902,0.5731,0.6151
36045,813,804,33.809,26.827,-0.0549,-0.1184,9.6866,-1.1999,-0.3981,-1.0195
36050,826,805,33.763,26.815,0.0294,0.0176,9.7364,-0.0758,0.3628,-0.5105
36055,842,802,33.751,26.827,0.0934,0.0312,9.8119,0.5938,-0.0143,0.3082
36060,854,806,33.743,26.788,-0.0145,-0.019,9.8153,-0.1848,-0.3653,-0.4352
36065,870,804,33.683,26.867,0.0285,0.0563,9.8129,0.367,-0.304,-0.5187
36070,878,801,33.73,26.853,0.0606,0.0605,9.8017,-0.518,-0.1907,-0.3398
36075,882,799,33.798,26.85,-0.023,-0.0273,9.8906,0.0186,-0.3936,-0.0267
36080,901,795,33.846,26.804,0.0551,-0.0273,9.7895,0.0208,-0.3249,0.0525
36085,916,795,33.749,26.736,-0.0032,0.0461,9.7876,-0.3058,-0.048,0.0224
36090,935,790,33.702,26.741,-0.033,-0.018,9.8019,-0.7743,-0.0341,-0.9521
36095,941,788,33.841,26.744,-0.0484,-0.0779,9.9512,0.725,-0.7951,0.5805
36100,964,785,33.793,26.76,0.0629,-0.0989,9.7745,-0.0323,-0.0854,0.0247
36105,967,789,33.87,26.77,0.0289,-0.0363,9.8208,0.0895,0.6388,0.1957
36110,993,785,33.811,26.707,0.0021,0.0401,9.7881,-0.1742,-0.437,-0.3994
36115,1000,774,33.672,26.792,0.0724,0.0169,9.8658,0.2146,1.0501,0.227
36120,1017,778,33.785,26.843,-0.0088,0.0127,9.8502,0.5023,-0.2706,0.0863
36125,1030,776,33.69,26.788,-0.0278,-0.0764,9.8365,-0.4598,-0.1288,-0.0938
36130,1039,777,33.752,26.786,0.0493,-0.0465,9.8078,0.0491,-0.2263,0.4581
36135,1053,766,33.772,26.771,0.0553,-0.0038,9.7027,-0.2709,-0.0151,0.254
36140,1069,775,33.73,26.792,0.0029,0.0283,9.8169,0.2521,0.2207,0.2845
36145,1075,773,33.707,26.752,0.0429,-0.0342,9.7886,0.5785,-0.0996,0.9891
36150,1089,764,33.668,26.734,-0.0813,0.028,9.7337,0.1413,0.712,0.4563
36155,1095,764,33.758,26.766,-0.038,-0.01,9.7393,-0.1327,0.5023,-0.6143
36160,1108,765,33.813,26.805,-0.0412,-0.0971,9.7896,-0.3344,0.9037,-0.6929
36165,1111,760,33.738,26.762,-0.0026,-0.0299,9.7215,-0.147,0.9567,-0.4103
36170,1128,760,33.771,26.856,0.0492,0.0106,9.8149,0.0831,-0.9364,0.8673
36175,1136,756,33.672,26.844,0.0898,-0.0195,9.8274,-0.9654,-0.8992,-0.3604
36180,1136,760,33.694,26.8,0.0642,0.0356,9.7801,0.6229,0.176,-1.027
36185,1158,752,33.759,26.83,-0.0549,0.0367,9.794,0.0923,-0.4623,0.1748
36190,1161,753,33.767,26.805,-0.0325,-0.0457,9.7558,-0.6224,0.1452,0.2846
36195,1170,751,33.684,26.791,-0.0512,-0.0462,9.7589,0.3789,0.123,-0.0247
36200,1162,751,33.748,26.728,-0.0364,0.0381,9.8454,-0.228,-0.1687,0.1736
36205,1182,746,33.776,26.903,-0.0157,-0.02,9.7958,0.2359,0.0791,0.4121
36210,1180,745,33.725,26.802,0.0675,-0.0739,9.7612,0.8069,0.2765,-0.112
36215,1180,750,33.656,26.811,0.0215,0.0111,9.8938,-0.7757,-0.6854,0.0166
36220,1191,750,33.765,26.768,0.0386,0.0667,9.7918,0.5226,0.8562,0.4986
36225,1185,751,33.794,26.734,0.0245,0.0327,9.8878,-0.2037,-0.0295,-0.9976
36230,1185,748,33.704,26.768,-0.0705,-0.031,9.8055,1.1644,-0.8329,-0.1959
36235,1180,750,33.79,26.78,-0.0266,-0.0668,9.7806,0.1134,0.2537,0.7136
36240,1188,750,33.744,26.783,-0.0025,0.0067,9.8267,0.6952,0.8855,-0.628
36245,1185,746,33.792,26.811,-0.0017,0.0791,9.7823,-0.1643,-0.079,0.3467
36250,1191,750,33.728,26.89,-0.0627,0.023,9.7643,-0.6449,-0.2945,-0.0306
36255,1183,753,33.714,26.855,0.0207,-0.0037,9.8887,0.4724,-0.3907,0.0416
36260,1192,751,33.696,26.851,-0.0571,0.0415,9.7643,0.1963,-0.2736,1.3515
36265,1186,752,33.819,26.865,0.0092,-0.0395,9.8376,0.654,-0.4207,-0.6603
36270,1175,757,33.775,26.824,0.0474,0.0464,9.7994,-0.0882,-0.4932,0.5284
36275,1186,754,33.727,26.838,-0.0639,-0.0589,9.7906,1.0098,0.5237,0.094
36280,1173,757,33.726,26.831,-0.0622,0.0177,9.8635,0.8129,1.0113,-0.6749
36285,1173,754,33.697,26.825,0.04,-0.026,9.8813,-0.0235,-0.1514,-0.2953
36290,1169,759,33.701,26.706,-0.0288,0.0121,9.8944,0.457,-0.5356,0.5456
36295,1164,767,33.695,26.762,-0.0554,0.0461,9.7461,0.1572,0.4597,0.142
36300,1159,775,33.788,26.833,-0.0168,0.0297,9.847,-0.1484,0.2636,-0.273
36305,1164,767,33.786,26.847,0.0239,-0.0346,9.8217,-0.2034,0.4459,-0.3896
36310,1148,773,33.639,26.874,0.0183,-0.0369,9.749,1.1236,0.0013,-0.4514
36315,1153,767,33.745,26.744,0.0651,-0.0805,9.8103,0.457,-0.5062,-0.3699
36320,1144,773,33.746,26.725,-0.0701,0.0177,9.8059,0.2841,0.4436,-0.0036
36325,1138,781,33.789,26.757,0.0374,-0.0088,9.8405,-0.4265,0.3073,0.723
36330,1139,778,33.801,26.849,-0.0353,0.0485,9.7193,0.1299,0.139,0.177
36335,1130,783,33.78,26.765,-0.0705,0.0437,9.7902,-0.0998,0.4406,-1.3962
36340,1136,783,33.749,26.917,0.0141,0.0029,9.8233,1.1034,-0.109,-0.0633
36345,1128,786,33.732,26.742,0.1397,-0.0516,9.805,-0.3244,-0.5198,0.7545
36350,1123,786,33.706,26.817,0.0309,-0.1506,9.8805,0.553,-0.0628,-0.3381
36355,1123,795,33.742,26.781,-0.0034,-0.0182,9.8728,-0.0919,-0.0839,0.3319
36360,1126,795,33.879,26.796,-0.0268,-0.0166,9.8768,0.4938,0.6011,-0.4875
36365,1106,804,33.704,26.756,-0.1057,0.0569,9.808,0.3878,0.5351,-0.5496
36370,1113,803,33.752,26.795,0.051,0.0047,9.7465,-0.5781,-1.61,-0.4658
36375,1108,805,33.662,26.745,-0.0158,0.0592,9.7772,-0.7602,-0.5879,0.2225
36380,1097,807,33.702,26.687,0.0042,0.0225,9.8891,-0.8111,-1.087,0.0213
36385,1100,810,33.788,26.787,-0.0488,-0.0466,9.8381,-1.1505,0.6215,0.1739
36390,1109,814,33.703,26.822,0.0464,0.0111,9.8693,1.3085,-0.7322,0.0013
36395,1095,813,33.742,26.805,-0.0753,0.0062,9.8787,0.9796,0.4277,0.3554
36400,1099,812,33.842,26.785,-0.0197,-0.0167,9.7543,-0.1448,1.2608,0.0017
36405,1095,823,33.796,26.827,0.0157,-0.004,9.8416,0.8416,0.5168,-0.2183
36410,1092,821,33.705,26.792,-0.0645,-0.1034,9.8441,-0.568,0.4018,0.2732
36415,1093,818,33.73,26.777,-0.0695,-0.0746,9.8199,-0.3383,-0.0401,-0.4525
36420,1087,826,33.757,26.836,0.0091,0.0152,9.781,0.4698,-0.4669,1.1828
36425,1082,832,33.723,26.762,-0.0384,0.0959,9.7983,-0.5015,0.2304,0.6336
36430,1089,831,33.723,26.769,0.0053,0.0065,9.9418,0.0242,-0.5997,0.2098
36435,1078,834,33.772,26.803,0.034,0.0177,9.8239,-0.1448,0.4849,0.081
36440,1078,833,33.66,26.817,0.0344,0.0291,9.8533,0.8411,-0.6502,0.9906
36445,1082,827,33.691,26.751,0.0179,0.0174,9.8484,0.4316,0.3197,0.1043
36450,1068,836,33.611,26.737,0.017,0.0298,9.7993,-0.4223,0.9337,0.1158
36455,1063,836,33.769,26.74,-0.0158,0.0437,9.8167,-0.8276,0.1229,0.3085
36460,1052,839,33.8,26.766,0.0426,-0.1273,9.8668,0.0983,0.8038,0.5779
36465,1058,836,33.794,26.784,-0.0252,0.0728,9.7281,-0.2434,0.3545,-0.7465
36470,1059,842,33.748,26.828,0.0526,-0.0039,9.7318,0.1391,0.1775,-1.0503
36475,1039,840,33.738,26.85,-0.0195,0.0862,9.8673,-0.4424,-0.0458,-0.4618
36480,1043,834,33.8,26.874,-0.0528,-0.007,9.7425,0.049,-1.2039,0.0565
36485,1037,838,33.756,26.762,0.013,-0.0012,9.7747,-1.0071,-0.0329,-0.5518
36490,1023,838,33.804,26.826,0.0767,-0.046,9.7328,-0.6291,0.4086,0.2779
36495,1029,842,33.882,26.783,0.0048,0.0296,9.7464,0.6264,0.2079,-1.0627
36500,1018,843,33.832,26.9,0.0088,0.0313,9.7781,-0.4198,0.501,0.9086
36505,1004,840,33.733,26.788,-0.0886,-0.0031,9.7034,0.6912,0.4234,0.2316
36510,1003,840,33.716,26.771,0.0115,0.0694,9.7624,0.1479,-0.6199,0.3096
36515,1001,835,33.774,26.899,0.048,-0.0027,9.8309,0.3742,0.949,-0.4204
36520,985,834,33.801,26.802,0.0213,0.0228,9.8367,-0.4395,-0.3122,0.6222
36525,981,834,33.73,26.794,0.0165,0.0328,9.8232,0.2811,-0.1912,-0.6204
36530,970,833,33.573,26.813,0.0127,0.0065,9.7199,0.7355,-0.0745,-0.0309
36535,962,835,33.81,26.838,-0.0058,-0.0437,9.826,-0.8141,-0.325,-0.094
36540,946,833,33.857,26.734,-0.0207,-0.0389,9.7978,0.6943,-0.3734,0.3325
36545,940,833,33.692,26.839,0.0449,0.0405,9.8128,0.607,-0.0748,-0.0747
36550,929,838,33.76,26.828,0.021,-0.021,9.8187,-0.4322,0.037,0.3841
36555,918,826,33.687,26.767,0.0321,0.0235,9.7602,0.1358,0.6368,-0.0891
36560,913,830,33.71,26.925,-0.0185,0.0831,9.7891,0.1463,-0.241,0.1828
36565,899,831,33.786,26.792,0.0916,0.0487,9.762,-0.0937,-0.0338,0.1666
36570,889,829,33.719,26.741,-0.0391,-0.052,9.8209,-0.4844,0.0399,0.3966
36575,883,824,33.811,26.833,0.0619,0.0013,9.7337,0.5847,-0.4695,-0.1629
36580,882,829,33.644,26.832,-0.0322,-0.0184,9.7081,0.1549,-0.5728,0.0686
36585,855,823,33.743,26.736,-0.1249,0.0137,9.7952,-0.874,-0.3994,-0.3956
36590,846,827,33.72,26.775,0.0688,-0.0179,9.7404,-0.6133,0.6406,-0.5367
36595,831,826,33.782,26.914,-0.0729,-0.0378,9.8517,-0.472,-0.5361,0.3928
36600,833,824,33.693,26.796,-0.0066,-0.0067,9.7814,0.0502,0.3063,0.025
36605,825,827,33.821,26.916,0.1218,-0.0107,9.9109,0.2283,1.2362,0.1941
36610,806,827,33.736,26.781,0.0189,0.0269,9.8345,0.1731,0.0126,-0.3159
36615,798,822,33.707,26.8,-0.005,0.011,9.7846,-0.3463,0.3911,-0.4594
36620,790,822,33.728,26.797,0.0731,0.0058,9.8035,0.8097,-0.0011,0.2816
36625,780,822,33.792,26.823,-0.0288,-0.0102,9.8757,0.0471,-0.287,-0.3524
36630,784,819,33.754,26.904,-0.0065,0.0234,9.8479,0.4862,0.8285,-0.1614
36635,777,824,33.759,26.821,0.0361,0.0245,9.8238,0.0938,0.2722,-0.6163
36640,766,820,33.789,26.814,-0.0091,0.0012,9.8314,-0.1194,-0.4595,0.4047
36645,761,820,33.71,26.752,0.0036,-0.0495,9.8544,0.7972,0.33,-0.4745
36650,762,816,33.71,26.785,-0.0001,0.022,9.7748,0.1687,-0.585,-0.2319
36655,764,819,33.758,26.795,-0.0634,-0.0094,9.8874,0.6849,0.1099,-0.5748
36660,756,818,33.744,26.849,0.044,-0.0888,9.8072,-0.0309,0.6389,-0.425
36665,746,815,33.762,26.827,0.0518,0.0486,9.7489,0.7374,0.6207,0.3975
36670,759,816,33.662,26.712,-0.0975,-0.0048,9.8333,-0.8179,-0.4959,-0.3783
36675,740,815,33.8,26.757,0.064,0.0207,9.7432,0.2676,1.331,0.3726
36680,745,818,33.703,26.774,0.0145,-0.0399,9.7655,0.1979,-0.3146,0.0562
36685,750,818,33.689,26.737,-0.0078,-0.0447,9.762,-0.5397,-0.0331,0.2525
36690,758,812,33.785,26.784,-0.0292,0.0273,9.8168,0.4974,0.3413,0.1748
36695,740,813,33.783,26.804,-0.0166,0.0021,9.7522,-0.4703,0.1201,0.6387
36700,769,810,33.769,26.716,-0.0423,0.0595,9.8699,-0.1495,0.5009,-0.1467
36705,762,814,33.652,26.766,-0.0199,0.0251,9.8497,0.9014,-0.3565,0.1134
36710,772,811,33.732,26.764,0.008,0.0525,9.8595,0.5021,-0.2924,-0.5928
36715,774,808,33.686,26.758,0.0248,-0.1295,9.7545,0.6606,0.188,-0.3545
36720,777,809,33.744,26.813,0.1075,0.1278,9.8908,0.0532,-0.0893,-0.4774
36725,786,811,33.728,26.809,-0.0172,-0.0369,9.8144,-0.4716,0.3731,-0.1578
36730,796,806,33.777,26.812,0.1128,0.0117,9.8941,0.1861,0.1192,0.4274
36735,803,807,33.742,26.682,0.0806,0.0005,9.7933,-0.2933,-0.1291,-0.1448
36740,814,807,33.709,26.813,0.0298,-0.0187,9.8569,-0.312,0.5899,-0.3364
36745,833,802,33.849,26.762,0.0453,0.0179,9.7058,0.0451,-0.7328,0.0925
36750,848,798,33.669,26.838,0.0282,0.0605,9.7933,-0.0755,0.6137,0.1767
36755,851,798,33.766,26.772,-0.0218,0.0295,9.8972,0.1955,-1.4473,0.0564
36760,858,803,33.663,26.769,-0.0239,0.0355,9.8285,-0.5718,0.2061,-0.3062
36765,876,802,33.857,26.762,-0.0152,0.078,9.776,-0.2424,1.288,0.349
36770,895,792,33.686,26.795,0.113,0.0792,9.8213,-0.1015,0.0774,0.1201
36775,905,792,33.702,26.861,0.0126,0.007,9.8757,-0.4839,0.459,0.3321
36780,916,794,33.732,26.759,-0.0662,0.0209,9.8745,-0.3521,0.8341,-0.4052
36785,930,789,33.729,26.81,-0.149,-0.0512,9.8083,0.4862,-0.3245,0.3924
36790,945,789,33.668,26.883,-0.0089,-0.0429,9.8134,-0.5085,0.7921,-0.983
36795,958,784,33.662,26.804,-0.0372,0.0117,9.8274,-0.2552,0.3879,0.6661
36800,969,787,33.705,26.701,0.0233,0.0209,9.8548,-0.1572,-0.4618,0.0004
36805,987,785,33.717,26.809,0.0745,0.0247,9.8477,0.1898,-0.8674,0.5244
36810,1003,787,33.655,26.743,0.019,0.0298,9.7744,0.0357,0.8944,0.5343
36815,1016,780,33.786,26.757,-0.0205,0.0572,9.8275,-0.256,-0.0635,0.2661
36820,1030,788,33.677,26.76,0.0648,0.0434,9.7669,-0.3422,-0.6428,0.3047
36825,1036,776,33.667,26.862,-0.0403,-0.1031,9.835,-0.1891,-0.4117,-1.1371
36830,1055,773,33.766,26.719,-0.0436,-0.0148,9.7697,0.7866,1.1091,-0.5581
36835,1066,771,33.696,26.656,-0.0999,0.0014,9.7817,-0.6455,-0.282,-0.344
36840,1084,775,33.755,26.831,0.0864,-0.0794,9.8038,-0.4398,0.015,-0.4812
36845,1088,763,33.805,26.81,-0.004,-0.0446,9.7622,-0.7315,0.7602,-0.5395
36850,1101,769,33.777,26.792,-0.0094,0.0151,9.7691,0.4292,0.0061,-0.0315
36855,1115,766,33.739,26.785,0.0214,0.0141,9.8201,-0.017,0.2724,-0.3189
36860,1117,761,33.82,26.838,0.0713,-0.0252,9.7433,-0.4281,-0.5714,-0.7466
36865,1123,761,33.739,26.776,-0.0308,-0.0991,9.8419,0.5704,0.2827,0.0052
36870,1139,761,33.649,26.883,0.0603,-0.027,9.7191,0.0392,0.5231,0.4362
36875,1152,756,33.86,26.766,0.0072,-0.0091,9.8714,0.2896,0.2968,0.0705
36880,1145,756,33.767,26.775,-0.0228,-0.0101,9.869,0.2379,-0.025,-0.853
36885,1158,755,33.741,26.783,0.0206,-0.0744,9.8774,0.1072,-0.647,0.0097
36890,1159,753,33.783,26.785,-0.029,0.0509,9.7814,-0.7081,-0.0819,-0.1001
36895,1169,749,33.64,26.763,-0.0193,0.0296,9.8313,0.5896,0.0113,0.7995
36900,1178,747,33.846,26.88,-0.0332,0.0454,9.8726,-0.2534,0.4431,0.115
36905,1176,747,33.727,26.793,-0.0503,-0.0657,9.8356,-0.3212,0.5319,0.0925
36910,1180,752,33.69,26.766,-0.0308,-0.0385,9.7676,0.6576,0.033,0.2054
36915,1188,756,33.729,26.809,-0.0125,-0.0368,9.8663,-0.4179,0.5232,-0.2857
36920,1180,745,33.778,26.796,-0.0754,-0.0236,9.8847,0.3934,0.1097,0.2227
36925,1186,749,33.719,26.807,-0.0163,0.0027,9.8599,0.2302,-0.2567,0.0453
36930,1189,749,33.715,26.886,0.0221,0.0626,9.8894,0.6052,1.7162,-0.1351
36935,1186,754,33.698,26.805,0.0372,-0.0248,9.7962,0.3561,-0.2076,-0.3001
36940,1188,751,33.725,26.831,-0.015,0.0751,9.7665,0.5859,-0.013,-0.2219
36945,1189,752,33.748,26.82,0.0611,0.0264,9.7203,-0.0013,1.0476,-0.3508
36950,1188,753,33.797,26.749,-0.0428,0.0802,9.8145,-0.7243,0.145,0.2088
36955,1189,760,33.764,26.806,-0.027,0.0314,9.7586,0.2275,-0.3045,-0.3403
36960,1180,754,33.701,26.776,0.0527,-0.0234,9.8605,-0.0267,0.0005,0.6308
36965,1176,754,33.784,26.753,-0.0282,0.0432,9.85,-0.0042,-0.1191,0.1855
36970,1183,760,33.675,26.791,0.0063,-0.0069,9.849,0.0668,-0.0022,-0.4404
36975,1172,754,33.748,26.841,-0.0046,-0.009,9.8091,0.1319,-0.1068,0.3318
36980,1170,761,33.836,26.786,0.0996,0.0821,9.8356,-0.1495,-0.0365,0.4598
36985,1160,759,33.697,26.854,-0.0154,-0.1132,9.7688,0.7223,0.3061,-0.3603
36990,1168,767,33.675,26.858,0.0131,0.0393,9.8295,-0.2468,-0.225,0.0886
36995,1159,769,33.762,26.764,0.0368,-0.007,9.8763,0.2972,-0.3944,-1.018
37000,1158,766,33.717,26.797,-0.0216,-0.0096,9.8222,-0.4176,0.2397,-0.0473
37005,1143,771,33.686,26.798,-0.0417,0.0563,9.7768,0.2077,0.0575,0.1865
37010,1152,771,33.783,26.765,-0.0714,0.0348,9.8672,-0.2817,0.4101,0.3465
37015,1135,772,33.701,26.802,0.0372,-0.0002,9.7209,-0.3925,-0.2654,-0.2066
37020,1141,776,33.805,26.732,0.0344,0.0315,9.8248,-0.2953,-0.2557,0.405
37025,1134,783,33.752,26.716,0.0371,-0.0314,9.8771,-0.1709,0.5777,0.4863
37030,1129,780,33.728,26.791,0.0053,-0.0334,9.8253,-0.8433,0.2149,-0.7955
37035,1116,787,33.747,26.816,0.0554,0.0193,9.8376,0.2616,-0.1551,-0.3737
37040,1130,785,33.646,26.819,0.0378,-0.0071,9.7701,-0.455,0.5865,0.3366
37045,1113,794,33.676,26.894,0.0251,-0.0248,9.8732,-0.5182,-0.8672,-0.046
37050,1123,796,33.795,26.791,0.0183,-0.0125,9.8423,0.7185,0.3539,0.0011
37055,1116,801,33.73,26.79,-0.0489,-0.0636,9.8,0.9274,-0.3393,-0.1501
37060,1112,797,33.731,26.763,0.0445,-0.06,9.7996,-0.177,0.3461,-0.7518
37065,1121,805,33.76,26.84,0.0215,-0.0392,9.8534,0.6736,-0.2248,-0.2951
37070,1116,804,33.648,26.774,-0.0055,-0.0062,9.8633,-0.8135,-0.8931,0.2493
37075,1099,802,33.66,26.814,0.0852,0.0919,9.8827,-0.1904,-0.1155,-0.6817
37080,1102,806,33.773,26.884,-0.0423,-0.061,9.7642,-0.6437,0.3863,0.4649
37085,1104,806,33.797,26.691,0.0245,0.0316,9.8532,-1.2429,0.5397,-0.0574
37090,1108,815,33.759,26.85,-0.0711,-0.0737,9.7191,0.1289,-0.99,-0.3554
37095,1089,821,33.757,26.762,0.0452,-0.0682,9.7803,0.0719,-0.9034,0.2926
37100,1098,816,33.735,26.733,0.0201,0.0372,9.7928,1.0858,0.2321,0.2348
37105,1086,820,33.716,26.797,0.0308,-0.0658,9.8057,0.9141,-0.7113,0.4812
37110,1085,822,33.792,26.776,-0.1065,0.0399,9.9287,-0.4166,-0.3829,-0.3049
37115,1081,823,33.652,26.762,0.1241,-0.0065,9.7775,-0.0549,-0.5274,-0.2088
37120,1085,828,33.786,26.789,0.0737,-0.0445,9.7584,-0.5678,-0.7867,-0.0715
37125,1077,831,33.696,26.762,-0.0683,0.0405,9.9005,0.3565,-0.2476,0.1578
37130,1079,825,33.733,26.797,0.0917,0.0784,9.8152,-0.2826,0.9421,-0.2255
37135,1074,831,33.719,26.738,0.0701,0.0915,9.8412,0.2762,0.0509,0.0991
37140,1077,831,33.73,26.722,-0.0317,-0.0391,9.7411,-0.2507,-0.3365,0.1169
37145,1068,843,33.739,26.855,0.0631,0.0012,9.7991,-0.1003,-0.1496,0.3682
37150,1066,835,33.777,26.79,-0.0686,-0.0154,9.7798,0.2493,0.3878,-0.8563
37155,1070,836,33.711,26.79,-0.001,0.0599,9.7626,-0.5857,0.0532,-0.3001
37160,1055,829,33.697,26.777,0.0194,0.0559,9.7533,0.5336,-0.2659,-0.0062
37165,1051,841,33.656,26.726,0.023,0.0331,9.6988,0.1801,0.379,-0.3513
37170,1039,838,33.648,26.838,0.0197,-0.0164,9.8248,0.3912,0.5356,-0.5182
37175,1031,841,33.721,26.795,-0.0294,-0.0429,9.8135,0.2037,0.7566,-0.213
37180,1040,838,33.71,26.819,0.047,-0.0613,9.7872,-0.2773,0.0358,0.6203
37185,1030,836,33.742,26.814,-0.0481,-0.064,9.8019,0.3162,-0.4738,0.3663
37190,1024,838,33.74,26.773,-0.0707,-0.0088,9.7899,-0.3819,-0.1013,0.2391
37195,1013,832,33.738,26.747,0.002,-0.0801,9.7149,-0.8809,-0.2206,-0.3326
37200,1015,836,33.721,26.796,-0.0176,-0.0009,9.8458,0.5938,-0.5691,0.6541
37205,995,839,33.712,26.725,0.0938,0.034,9.8441,-0.2331,-0.0539,-0.2558
37210,1000,839,33.741,26.819,-0.0787,-0.027,9.7847,0.2832,-0.102,0.2544
37215,978,838,33.828,26.785,-0.0126,-0.0302,9.8432,-0.3264,-0.0525,0.2144
37220,975,833,33.712,26.785,-0.0376,-0.0205,9.7686,-0.1773,0.4442,-0.1926
37225,973,838,33.742,26.817,-0.0247,0.0086,9.7757,0.8042,0.3433,0.9149
37230,953,831,33.725,26.799,-0.0454,-0.0098,9.7997,-0.6663,0.0749,0.0957
37235,950,834,33.865,26.806,0.0101,0.0572,9.8125,0.667,0.6044,-0.7011
37240,939,834,33.749,26.794,-0.0162,-0.0042,9.7922,0.2608,0.1768,-0.1915
37245,933,836,33.804,26.765,0.0367,-0.0586,9.8977,-0.7526,-0.0647,1.2923
37250,922,835,33.655,26.795,-0.0617,0.0129,9.8774,-0.0236,-0.2688,-0.4147
37255,902,831,33.718,26.737,-0.0364,0.1075,9.7223,0.7905,0.2726,-0.1032
37260,903,831,33.775,26.751,0.0708,0.0344,9.8093,0.3926,-0.3245,-0.1739
37265,892,828,33.807,26.826,0.0577,-0.0515,9.6616,-0.7554,0.2849,0.4764
37270,881,834,33.749,26.774,0.0381,0.0052,9.8441,0.4658,-0.0172,0.311
37275,870,824,33.781,26.759,-0.0012,0.0108,9.8413,0.5259,-0.4053,0.84
37280,858,827,33.717,26.695,0.0278,0.0545,9.8272,0.0858,-0.3015,0.1085
37285,848,828,33.685,26.773,-0.0068,0.0192,9.921,-0.0433,-0.6134,0.8029
37290,834,826,33.769,26.863,-0.0337,0.0754,9.7621,0.719,0.1357,-0.5424
37295,831,819,33.697,26.713,0.0032,-0.0268,9.9572,0.16,-0.8632,-0.8957
37300,824,824,33.699,26.755,0.0268,0.0268,9.8066,1.1152,-0.7816,-0.6928
37305,813,828,33.728,26.876,-0.0218,0.0618,9.8796,-0.2802,-0.5385,-0.1539
37310,790,820,33.783,26.784,-0.0372,-0.067,9.8416,0.0223,0.0646,-0.3226
37315,783,822,33.722,26.815,0.1656,-0.0137,9.9056,-0.094,0.2078,0.4005
37320,783,824,33.793,26.787,0.0282,0.0612,9.9337,0.5874,0.069,0.2608
37325,786,821,33.735,26.793,0.0084,-0.0172,9.7658,-0.2297,0.5124,0.238
37330,773,823,33.656,26.689,-0.1326,-0.1054,9.8382,1.0756,0.6221,0.1221
37335,778,822,33.726,26.816,0.0474,0.06,9.8042,-0.1975,-0.2284,0.555
37340,759,819,33.716,26.815,0.0313,-0.0095,9.7411,-0.2089,-0.2046,-0.3475
37345,764,817,33.679,26.75,0.0135,0.0407,9.8493,0.0765,-0.0636,-0.2266
37350,758,818,33.694,26.83,0.048,-0.0432,9.8722,-0.1179,0.0659,-0.3532
37355,759,822,33.755,26.732,-0.0423,0.0257,9.7768,-0.369,-0.1646,-0.0524
37360,755,817,33.755,26.82,0.0041,-0.0563,9.8263,0.9348,0.0986,0.5507
37365,744,820,33.68,26.749,0.0257,-0.0772,9.793,-0.9854,-0.4576,-0.0413
37370,745,815,33.719,26.727,0.0733,0.1203,9.8444,0.107,0.0202,-0.8126
37375,750,817,33.706,26.809,0.0361,0.0051,9.808,0.8145,0.6429,-0.4264
37380,743,812,33.827,26.81,0.0583,0.0747,9.7561,0.4587,-0.7329,0.4748
37385,746,816,33.76,26.857,0.0477,-0.0529,9.7706,-0.0783,0.3878,0.2239
37390,758,812,33.723,26.797,-0.004,0.0176,9.72,-1.0018,0.367,-0.0677
37395,763,817,33.834,26.73,0.0128,0.084,9.8448,-0.7439,0.5196,0.492
37400,758,811,33.731,26.782,0.0272,0.0602,9.8297,-0.075,0.3098,-0.6554
37405,772,812,33.609,26.827,0.0321,-0.0379,9.8052,-0.0277,0.6004,-0.0023
37410,772,809,33.631,26.821,-0.0875,-0.07,9.7681,-0.0439,-0.1181,-0.0139
37415,781,811,33.72,26.799,0.0633,-0.0325,9.76,-0.1891,0.4202,0.8387
37420,783,808,33.813,26.863,-0.0361,-0.0526,9.7692,0.6352,-0.8881,-0.5792
37425,809,812,33.844,26.845,0.1216,-0.0077,9.8576,-0.155,-0.4396,0.6179
37430,810,809,33.67,26.708,-0.0579,0.0287,9.7993,0.5075,-0.4849,-0.208
37435,810,804,33.817,26.855,-0.0406,-0.0825,9.8142,-0.2656,-0.5436,-0.263
37440,828,806,33.714,26.789,-0.1021,-0.019,9.8137,0.3712,0.7483,-0.7592
37445,844,796,33.682,26.851,0.063,0.0961,9.8162,0.3094,0.1459,0.033
37450,850,801,33.817,26.689,-0.0182,-0.029,9.7557,-0.3281,0.1357,0.203
37455,861,802,33.746,26.784,-0.0052,-0.0629,9.731,-0.7288,-0.0972,0.68
37460,880,797,33.723,26.713,-0.0394,0.0252,9.9443,0.3359,-0.1669,-0.5805
37465,890,793,33.714,26.83,0.0,0.0475,9.8098,-0.3588,-0.2431,-0.0215
37470,899,797,33.876,26.797,-0.031,-0.0643,9.7587,-0.8387,0.4346,-0.1443
37475,921,790,33.756,26.754,-0.0023,0.0192,9.897,0.5337,-0.69,0.3131
37480,930,792,33.692,26.767,0.0963,-0.1147,9.7839,-0.6987,-0.6203,0.2272
37485,947,791,33.749,26.731,0.0223,-0.1159,9.8051,-0.426,-0.1239,-0.4447
37490,958,783,33.739,26.828,0.1035,-0.0171,9.8037,0.4948,-0.9385,0.6601
37495,980,785,33.811,26.847,0.0351,-0.0047,9.7513,-0.7472,0.092,0.0736
37500,978,789,33.782,26.747,-0.0065,0.0561,9.8261,-0.3956,0.4241,-0.1962
37505,996,778,33.715,26.749,-0.025,0.0862,9.7741,0.5829,-0.0957,0.2726
37510,1011,781,33.733,26.779,0.0453,0.0109,9.7949,-0.1836,0.2472,0.6688
37515,1017,782,33.781,26.781,-0.0354,0.0382,9.8392,0.894,-0.4045,-0.3446
37520,1046,773,33.823,26.808,0.0012,-0.0633,9.8199,-0.0585,0.2572,0.3449
37525,1057,774,33.78,26.818,-0.051,-0.0304,9.7494,0.0827,-0.3058,-0.3147
37530,1065,772,33.717,26.841,-0.0083,-0.055,9.7388,0.1317,-0.202,0.7331
37535,1076,765,33.758,26.77,-0.0478,-0.0842,9.6954,-0.137,-0.1946,-0.981
37540,1086,766,33.721,26.803,0.0673,0.0084,9.8432,0.3937,-0.4225,0.1667
37545,1100,762,33.723,26.797,0.04,0.0877,9.7096,-0.2192,0.2216,0.0826
37550,1121,767,33.694,26.703,-0.0518,-0.0635,9.8352,0.5172,-0.2932,-0.1664
37555,1120,758,33.794,26.749,-0.0494,-0.057,9.8533,-0.875,0.4936,0.8986
37560,1132,757,33.747,26.827,0.0615,-0.0436,9.735,-0.0314,-0.552,-0.7371
37565,1132,763,33.696,26.809,0.0076,0.1007,9.7982,0.339,-0.3023,-0.0263
37570,1147,754,33.813,26.744,0.0003,0.0117,9.7916,-0.4788,-0.1882,0.4742
37575,1150,756,33.819,26.86,0.0233,-0.0206,9.7302,-0.2493,0.4138,0.0029
37580,1154,754,33.762,26.848,0.0653,0.0655,9.9066,0.2782,-0.4516,-0.4277
37585,1176,756,33.765,26.812,-0.0458,-0.0475,9.8472,0.3855,-0.3858,0.5432
37590,1175,744,33.712,26.821,-0.0662,0.0225,9.8733,-0.3272,0.0767,0.3083
37595,1174,747,33.702,26.795,0.0143,-0.0708,9.7921,0.0714,0.5251,0.3051
37600,1173,751,33.802,26.747,0.0296,-0.0738,9.8172,-0.0532,0.3777,0.4771
37605,1182,748,33.774,26.743,0.0418,-0.0154,9.8379,-0.3731,-0.7316,-0.1003
37610,1186,748,33.773,26.72,-0.0383,-0.0005,9.7842,0.4006,0.3075,-0.6462
37615,1189,748,33.778,26.682,0.0157,-0.0345,9.8481,-0.2014,-0.0114,0.0069
37620,1190,748,33.747,26.775,-0.0419,-0.0317,9.7621,-0.0391,-0.3005,0.0083
37625,1188,752,33.659,26.842,-0.0566,0.0765,9.8701,-0.3325,-0.1874,0.2413
37630,1180,749,33.742,26.821,-0.0476,-0.0682,9.7622,-0.5852,-0.165,0.3027
37635,1191,745,33.73,26.83,-0.0157,0.0795,9.7324,-0.7186,-0.0161,-0.0497
37640,1187,752,33.596,26.75,0.0226,0.0111,9.83,-0.4475,-0.8932,1.0757
37645,1180,752,33.718,26.77,-0.0061,-0.0032,9.8319,-0.0537,0.2873,-0.0006
37650,1185,750,33.739,26.773,-0.1486,0.0737,9.7968,-0.1436,0.5266,0.0897
37655,1191,749,33.67,26.811,-0.0352,0.0322,9.7966,-0.3515,-0.0363,-0.6146
37660,1174,755,33.723,26.725,0.0371,0.0159,9.9434,0.5442,-0.3677,0.4212
37665,1180,756,33.858,26.745,0.0306,-0.0312,9.7134,-0.0188,-0.1122,-0.847
37670,1168,756,33.677,26.894,-0.0012,0.0481,9.9252,-0.2671,0.2817,-0.0349
37675,1172,760,33.725,26.749,0.0262,-0.0132,9.8989,-0.4876,-0.472,-0.348
37680,1163,760,33.723,26.753,0.0422,-0.0473,9.699,-0.7727,-0.148,-0.2367
37685,1160,761,33.614,26.863,-0.0481,0.0078,9.7863,-0.1878,-0.4735,0.2145
37690,1156,765,33.75,26.755,-0.0521,-0.0007,9.8387,0.0644,0.2925,-0.7303
37695,1152,764,33.738,26.83,0.0566,0.037,9.7734,-0.5714,-0.0945,-0.1424
37700,1169,778,33.688,26.741,0.0811,-0.0552,9.8875,0.53,-0.4918,0.0752
37705,1153,774,33.688,26.856,-0.0084,0.0967,9.7994,0.2266,-0.303,0.6578
37710,1149,777,33.73,26.798,0.1115,0.0912,9.8927,-0.5535,-0.1726,-0.8808
37715,1134,770,33.722,26.742,-0.0551,-0.1216,9.7851,-0.1993,-1.0773,0.3329
37720,1134,778,33.777,26.843,0.0171,-0.0687,9.7689,-0.4436,0.0969,-0.3475
37725,1128,784,33.742,26.736,0.0538,0.0453,9.7989,-0.3366,0.3444,0.0903
37730,1132,789,33.761,26.761,0.0657,0.0369,9.849,0.3774,-0.461,-0.2726
37735,1122,786,33.724,26.808,-0.0116,0.0116,9.885,0.3286,-0.7087,-0.6745
37740,1124,791,33.773,26.827,-0.0634,0.1438,9.6686,0.1349,0.1246,-0.1321
37745,1117,795,33.705,26.815,-0.1655,-0.0375,9.8313,-0.0849,-0.4755,0.4056
37750,1135,796,33.734,26.784,-0.0435,0.0081,9.8442,0.1245,0.2218,0.1577
37755,1115,799,33.744,26.835,-0.0032,-0.0054,9.7797,0.1586,-1.1096,0.5569
37760,1107,803,33.697,26.812,0.077,-0.0268,9.8398,-0.1295,-0.1834,-0.0979
37765,1102,804,33.704,26.758,-0.0369,0.0498,9.731,0.1983,0.1955,0.982
37770,1108,807,33.671,26.763,0.0827,0.007,9.7865,-0.4023,-0.0365,-0.6078
37775,1098,813,33.768,26.761,0.0463,-0.0073,9.7272,0.08,-0.4118,-0.3522
37780,1100,807,33.748,26.683,0.0054,0.0596,9.7782,-0.4125,0.5544,-0.1391
37785,1108,821,33.742,26.916,-0.0001,-0.0648,9.9225,0.6733,-0.2132,0.3265
37790,1095,817,33.663,26.852,0.0707,0.0418,9.9012,-0.1469,-0.4044,0.6298
37795,1097,820,33.657,26.858,-0.0339,0.0081,9.7493,-0.5355,0.163,0.4995
37800,1083,821,33.702,26.806,-0.0508,0.0558,9.8715,-0.1788,0.6913,-0.7925
37805,1089,825,33.757,26.737,0.0162,-0.0089,9.8523,-0.0444,-0.0754,0.5813
37810,1087,830,33.78,26.749,-0.0083,0.041,9.8056,0.3125,0.4729,-0.4033
37815,1075,824,33.684,26.757,0.0143,-0.015,9.779,-0.4743,-0.1842,-0.174
37820,1079,828,33.728,26.767,0.03,-0.0332,9.8319,0.0918,-0.7728,0.0439
37825,1082,829,33.718,26.749,-0.0725,-0.0768,9.7403,-0.3671,0.3528,0.5835
37830,1078,832,33.741,26.719,0.0747,0.0352,9.7886,-0.802,-0.1386,0.4224
37835,1067,833,33.795,26.799,-0.0524,-0.0583,9.7392,0.8366,0.2693,-0.0479
37840,1071,830,33.761,26.736,0.0092,0.0182,9.7879,-0.4833,0.3294,-0.5933
37845,1065,832,33.781,26.737,0.032,0.0143,9.7656,-0.0349,0.1116,-0.0097
37850,1060,831,33.71,26.715,0.0579,-0.0288,9.7721,0.3571,0.1839,-0.4372
37855,1056,838,33.706,26.726,-0.0457,0.025,9.9091,0.7719,-0.2047,-0.215
37860,1050,838,33.775,26.827,0.0104,-0.0936,9.7698,0.0357,-0.0826,-1.0232
37865,1046,841,33.749,26.804,0.0006,0.0769,9.8063,-0.3392,0.1444,0.1523
37870,1034,844,33.71,26.719,-0.0365,0.0679,9.7768,0.825,0.6803,-0.0323
37875,1041,836,33.709,26.785,0.0427,-0.016,9.7709,-0.0362,-0.1885,-1.4536
37880,1015,839,33.78,26.777,-0.0606,0.0731,9.8115,-0.5508,0.2494,-0.1418
37885,1028,835,33.764,26.866,-0.1119,-0.0186,9.81,1.5393,0.1677,-0.3974
37890,1009,832,33.763,26.825,-0.0604,0.1477,9.7846,-0.3592,-0.3284,0.3907
37895,1011,836,33.771,26.758,-0.0015,0.0328,9.8576,0.5363,-0.3022,-0.1448
37900,983,836,33.755,26.823,-0.065,0.0135,9.7829,0.2731,0.3626,0.1702
37905,993,833,33.68,26.734,0.0497,0.0423,9.8159,0.3649,-0.3299,0.3422
37910,988,833,33.713,26.779,0.0435,-0.0147,9.7938,0.4813,0.3936,0.4102
37915,978,834,33.735,26.731,0.0113,0.001,9.7613,0.8376,-0.4264,-0.5772
37920,971,829,33.711,26.83,-0.0433,0.0035,9.758,0.1662,0.8943,0.4223
37925,963,828,33.733,26.769,0.0118,0.0194,9.7045,-0.0453,-0.3454,-0.8066
37930,955,829,33.708,26.885,-0.0649,0.04,9.7085,0.2363,-0.1354,-0.8305
37935,937,831,33.785,26.717,-0.0112,0.0165,9.8198,0.4407,-0.5215,0.5467
37940,918,836,33.757,26.762,0.0075,-0.0132,9.8898,-0.3277,-0.0269,0.49
37945,923,830,33.772,26.763,-0.0211,-0.0181,9.8522,0.4841,0.3065,0.6965
37950,906,824,33.737,26.81,-0.0709,-0.0438,9.8001,0.176,0.8546,-0.0732
37955,897,828,33.777,26.79,0.0284,-0.0351,9.7654,-0.6837,0.0134,-0.4335
37960,886,831,33.804,26.796,-0.0131,0.015,9.7953,-0.1395,-0.4824,-1.5976
37965,874,830,33.721,26.819,-0.0376,-0.04,9.708,1.4607,0.5542,-1.081
37970,868,826,33.73,26.759,0.0519,-0.0694,9.8426,0.0845,0.454,-0.4873
37975,860,824,33.797,26.813,-0.0364,-0.0001,9.8589,-0.2307,-0.3618,-0.2468
37980,855,832,33.772,26.794,0.0147,0.0682,9.8469,0.4562,0.843,0.6959
37985,831,830,33.757,26.8,0.0832,0.0095,9.7915,1.2852,0.0606,0.8446
37990,837,821,33.678,26.781,-0.0028,-0.0135,9.763,0.8896,1.1368,-0.1982
37995,826,823,33.68,26.847,-0.009,-0.005,9.8722,-0.5883,-0.2022,-0.1742
38000,812,826,33.741,26.815,0.0089,-0.028,9.8213,0.6132,0.5497,1.0565
38005,795,825,33.686,26.773,0.0153,0.0444,9.7982,-0.2806,-0.0944,-0.4569
38010,796,822,33.782,26.801,-0.0014,0.046,9.7541,-0.4996,-0.7702,0.4976
38015,782,821,33.751,26.762,-0.0196,-0.0102,9.8283,-1.2621,-1.0527,0.3761
38020,779,816,33.72,26.754,-0.1415,0.0671,9.7604,-0.2137,-0.1846,-0.1352
38025,773,814,33.739,26.698,-0.0439,-0.0018,9.8049,-0.1632,-0.2362,0.0246
38030,767,819,33.742,26.827,0.1,0.0718,9.8339,0.0895,-0.0081,-0.0568
38035,766,820,33.791,26.739,-0.0368,-0.0265,9.7377,0.115,-0.865,0.2419
38040,750,821,33.779,26.715,0.0315,-0.0449,9.7553,0.5633,-0.5157,-0.462
38045,754,814,33.683,26.814,-0.011,-0.1082,9.8339,0.222,-0.1765,-0.2458
38050,761,820,33.761,26.732,-0.0479,0.0036,9.8257,0.4167,-0.2103,-0.9146
38055,742,814,33.785,26.786,-0.0055,0.0554,9.8786,0.4629,0.3494,-0.1653
38060,746,817,33.641,26.793,-0.0357,-0.0382,9.8705,-0.427,-0.6713,0.5656
38065,753,819,33.73,26.774,-0.0845,0.0271,9.7034,0.031,-0.4631,0.558
38070,756,814,33.783,26.801,-0.0353,-0.0001,9.8744,0.6117,-0.6118,-1.9656
38075,753,812,33.709,26.79,0.0342,0.0404,9.859,0.1137,0.1229,-0.0424
38080,751,815,33.72,26.766,0.0456,0.0477,9.8281,-0.1547,-1.0909,-0.2876
38085,747,810,33.762,26.762,-0.012,-0.0246,9.8122,-0.0397,0.3632,0.5982
38090,755,812,33.888,26.773,-0.0261,-0.0398,9.8587,0.1186,-0.446,0.0366
38095,770,813,33.71,26.723,-0.0445,-0.0397,9.7898,0.6387,0.5629,-0.2485
38100,772,812,33.833,26.85,0.0378,-0.0817,9.7529,0.4601,-0.0466,-0.3132
38105,778,806,33.785,26.779,0.0665,-0.0674,9.8891,0.3641,-0.4754,0.1678
38110,780,809,33.758,26.828,0.062,-0.0249,9.7326,0.4549,-0.0167,0.3336
38115,790,813,33.769,26.812,-0.0093,-0.0284,9.7051,0.3621,-0.2482,-0.7766
38120,803,811,33.74,26.85,0.0483,0.0549,9.8013,-0.5398,-0.9176,0.0121
38125,810,811,33.7,26.81,-0.0298,0.0061,9.8313,0.0701,0.6717,0.5929
38130,821,806,33.711,26.782,0.0204,-0.0722,9.7906,0.9002,-1.0084,-0.8994
38135,828,807,33.693,26.802,0.0379,0.0416,9.8341,0.3468,0.3052,-0.71
38140,848,806,33.789,26.796,0.0387,-0.021,9.8001,-0.0728,0.1606,-0.1486
38145,849,803,33.682,26.77,0.0268,-0.0383,9.8486,-0.3024,-0.9129,-0.0021
38150,863,805,33.656,26.763,0.0323,0.0376,9.8539,0.4514,0.4137,-0.4016
38155,868,800,33.763,26.813,-0.0187,0.0287,9.812,-0.1705,-0.5347,-0.3767
38160,897,800,33.784,26.746,0.0156,-0.0273,9.7496,0.7269,-0.3528,0.2926
38165,905,791,33.718,26.799,0.0019,0.0124,9.7608,-0.0075,-0.9895,0.6159
38170,917,790,33.704,26.705,0.0187,-0.0517,9.8628,-1.3771,-0.0809,0.0565
38175,934,795,33.661,26.776,-0.0909,0.0473,9.7541,0.43,-0.2251,0.1267
38180,938,794,33.756,26.732,0.0334,-0.0349,9.8029,0.4195,0.3723,0.9578
38185,963,787,33.74,26.832,-0.0892,0.0123,9.817,-0.206,-0.1433,-0.1274
38190,968,782,33.745,26.791,-0.0128,-0.0407,9.715,0.7928,-0.3647,0.2345
38195,978,780,33.766,26.834,0.0665,0.043,9.7748,0.7935,0.3891,1.3344
38200,1003,782,33.695,26.82,-0.0088,-0.1091,9.8578,0.8577,0.6455,0.2709
38205,1014,779,33.756,26.766,-0.0016,0.0028,9.8517,0.1251,0.8238,0.2792
38210,1024,775,33.752,26.715,-0.058,0.0249,9.7989,-0.8236,-0.0332,0.0704
38215,1035,773,33.704,26.745,0.0023,0.0346,9.784,-0.1021,0.6359,-0.112
38220,1049,772,33.688,26.776,-0.0759,0.0014,9.8568,0.1171,-0.1256,1.0109
38225,1067,773,33.673,26.76,-0.0259,-0.0021,9.8477,-0.6326,-0.4924,-0.8378
38230,1070,770,33.778,26.841,-0.0172,-0.0014,9.7522,-0.0242,0.0693,0.6418
38235,1097,767,33.706,26.767,0.0098,-0.0093,9.8842,0.6361,0.4218,0.494
38240,1102,767,33.665,26.701,-0.0448,-0.059,9.7631,0.8314,-0.016,-0.3156
38245,1112,764,33.696,26.738,-0.0371,-0.1041,9.8258,0.062,0.14,-0.4035
38250,1120,758,33.664,26.723,-0.0065,-0.0076,9.7839,-0.1456,-0.2627,0.4392
38255,1127,754,33.696,26.779,-0.0427,-0.1126,9.8968,0.215,0.1009,-0.0243
38260,1142,750,33.688,26.801,-0.0398,0.0117,9.8573,-0.2901,0.1867,-0.6335
38265,1145,758,33.682,26.772,-0.0245,0.0736,9.8045,-0.3244,-0.1242,0.7132
38270,1150,758,33.69,26.731,0.0454,-0.0474,9.8204,0.6376,0.3401,-0.2957
38275,1159,750,33.748,26.78,-0.0021,-0.0701,9.8034,0.5683,0.4291,-0.5203
38280,1160,757,33.731,26.809,-0.0549,-0.0461,9.8047,-0.3631,0.7867,0.3981
38285,1172,751,33.779,26.703,-0.0624,0.0266,9.8429,-0.4638,0.2345,-0.1253
38290,1166,754,33.77,26.656,-0.0351,-0.0276,9.8249,-0.6516,0.3394,-0.2815
38295,1181,753,33.821,26.788,-0.0359,0.0379,9.8643,-0.7556,1.6846,0.378
38300,1180,753,33.701,26.772,0.0843,-0.0539,9.8197,-0.1521,-1.1362,-0.4112
38305,1181,754,33.722,26.807,0.0768,0.0601,9.7958,-0.5121,0.9559,-0.1692
38310,1178,745,33.743,26.822,-0.0097,-0.0345,9.8277,0.5465,0.7009,0.4131
38315,1184,752,33.725,26.703,0.0044,-0.0518,9.7687,-0.3003,-0.4247,0.7505
38320,1187,745,33.785,26.814,-0.0174,0.0275,9.8611,0.1138,0.1716,0.7216
38325,1184,752,33.771,26.702,0.0008,-0.1246,9.7251,0.2475,-0.104,0.1611
38330,1184,745,33.737,26.835,0.0578,0.0216,9.8411,-1.1145,1.5398,0.2027
38335,1187,750,33.777,26.735,0.0338,-0.0026,9.7697,-0.5583,-0.7503,-0.7632
38340,1184,755,33.771,26.696,-0.054,-0.0215,9.7996,0.7285,-0.7235,-0.3967
38345,1183,751,33.728,26.666,-0.0639,0.0816,9.8082,0.7156,0.1785,0.2424
38350,1181,762,33.756,26.809,-0.0813,0.0375,9.8065,-0.5208,0.6572,-0.1592
38355,1168,753,33.711,26.876,0.031,-0.0003,9.7606,-0.0747,-0.5283,-0.1319
38360,1182,753,33.713,26.779,0.0017,0.0403,9.8019,-0.6512,0.5831,-0.3065
38365,1170,753,33.715,26.785,-0.0521,-0.0991,9.7835,-0.7567,-0.3386,0.3133
38370,1176,757,33.654,26.759,0.0396,0.0238,9.7937,-0.6711,0.282,-0.5165
38375,1162,762,33.765,26.726,0.0561,-0.0886,9.8898,0.7898,-0.0795,-0.7675
38380,1166,762,33.696,26.701,-0.0848,-0.0277,9.8902,0.6867,0.1676,-0.5473
38385,1157,762,33.724,26.76,0.0109,0.0454,9.746,-0.738,-0.4017,0.0892
38390,1157,766,33.684,26.791,-0.0086,0.0963,9.8477,-0.8827,-0.4737,0.1884
38395,1149,775,33.625,26.783,0.08,0.0096,9.7979,-0.2215,0.1624,-0.3427
38400,1148,770,33.885,26.779,-0.0168,0.0186,9.8244,0.0173,0.119,-0.2627
38405,1140,776,33.832,26.807,0.0498,-0.0666,9.8142,0.8174,0.2674,-0.283
38410,1133,776,33.696,26.715,-0.0182,0.0049,9.8134,0.1259,-0.2138,-0.2819
38415,1127,775,33.696,26.852,0.0054,-0.0583,9.8491,-0.0181,-0.1136,-0.2234
38420,1122,781,33.826,26.736,-0.0446,0.0313,9.8181,-0.025,-0.7371,0.2967
38425,1134,782,33.714,26.78,0.0603,-0.0083,9.8463,0.4813,-0.4203,0.4717
38430,1125,787,33.79,26.78,0.0671,-0.0231,9.7586,0.5732,0.0206,-0.1869
38435,1120,788,33.717,26.785,-0.0119,0.0018,9.81,-0.3888,0.2768,-0.9271
38440,1108,792,33.796,26.698,-0.0789,-0.0274,9.8423,0.3903,-0.2611,1.1707
38445,1109,797,33.655,26.789,-0.0009,0.0509,9.7988,0.2087,-0.0078,-0.4398
38450,1109,806,33.716,26.834,0.0172,0.1064,9.7477,0.5306,-0.5236,0.4326
38455,1117,806,33.797,26.93,0.0308,-0.0453,9.8309,0.4021,0.0621,0.7423
38460,1116,808,33.758,26.691,0.0532,-0.0318,9.8109,-0.0287,1.1716,-0.2343
38465,1102,809,33.756,26.727,0.0736,-0.0258,9.7949,-0.1005,1.0802,0.4269
38470,1101,813,33.76,26.771,0.0676,0.0334,9.8421,0.6142,0.5287,-0.6442
38475,1103,815,33.713,26.786,0.0101,-0.0855,9.8756,-0.421,0.8939,-0.246
38480,1097,818,33.716,26.733,0.0264,-0.0694,9.9001,-0.1523,-0.4195,0.0757
38485,1093,813,33.722,26.765,0.0441,-0.0705,9.7324,0.0299,0.3589,-0.0924
38490,1092,819,33.706,26.746,0.0699,0.0486,9.7367,0.1003,-0.2383,-0.0866
38495,1089,823,33.76,26.806,-0.0269,0.0147,9.8217,-0.2331,-0.3429,-0.0142
38500,1090,829,33.707,26.804,-0.0178,0.0436,9.6889,-0.2043,-0.6329,0.1793
38505,1086,826,33.64,26.746,-0.0844,-0.0528,9.8475,0.2343,-0.9246,-0.0657
38510,1071,826,33.771,26.805,-0.0431,0.0936,9.7652,-0.516,-0.1503,1.2182
38515,1078,833,33.667,26.784,-0.0526,-0.0727,9.7972,-0.3525,-0.3062,0.0773
38520,1072,828,33.658,26.766,-0.0934,0.0003,9.7838,0.3671,0.2528,-0.8546
38525,1071,830,33.702,26.819,-0.0348,0.0674,9.849,-0.2274,-0.2424,-1.3721
38530,1069,830,33.66,26.837,-0.031,-0.0278,9.8818,-0.2696,0.6368,0.4442
38535,1064,836,33.697,26.797,0.0014,0.0201,9.9029,-0.3951,-0.3246,-0.0515
38540,1066,829,33.826,26.777,0.0067,-0.0104,9.8383,0.3643,-0.2495,-0.0884
38545,1058,834,33.711,26.805,-0.0583,0.0416,9.7694,0.3887,0.9656,0.2249
38550,1050,841,33.696,26.824,-0.0607,0.0732,9.7647,-0.1263,0.2358,0.1836
38555,1050,837,33.74,26.735,0.0139,-0.0758,9.8996,0.1215,0.551,0.0507
38560,1040,840,33.685,26.692,0.0402,0.0543,9.8021,0.3144,-0.0179,-0.6488
38565,1040,843,33.764,26.807,-0.0246,0.0457,9.8333,-0.3561,-0.1358,-0.3645
38570,1032,835,33.807,26.758,-0.0158,0.0445,9.7849,0.5095,-0.6983,-0.1417
38575,1024,839,33.71,26.768,0.0018,0.0096,9.8097,-0.9259,-0.852,-0.465
38580,1019,837,33.73,26.85,-0.1079,-0.0485,9.7931,-0.1514,0.8827,0.5217
38585,1008,837,33.71,26.732,-0.052,-0.0214,9.8382,0.2784,0.5174,0.1986
38590,1006,840,33.717,26.746,0.0543,-0.0339,9.7881,-0.695,0.5914,-0.5612
38595,1001,839,33.727,26.843,-0.1183,0.043,9.7809,-0.5314,0.0936,-0.1549
38600,999,838,33.694,26.827,0.0521,0.0289,9.6815,0.4369,-0.087,0.3846
38605,985,831,33.719,26.758,0.0541,0.0593,9.8224,0.1055,-0.2451,-0.9503
38610,981,832,33.708,26.802,-0.0687,0.0834,9.7915,-0.3784,0.3597,0.2051
38615,974,836,33.752,26.782,-0.0366,0.0075,9.7989,-0.1788,0.2329,-0.5836
38620,958,838,33.771,26.824,0.0037,-0.0429,9.8543,0.2807,-1.0125,0.1618
38625,954,836,33.678,26.886,-0.0493,0.04,9.7908,-1.1795,0.6598,0.4445
38630,944,831,33.68,26.69,0.039,0.1471,9.7984,0.8041,-0.254,0.4936
38635,932,828,33.726,26.839,0.0461,0.0162,9.8417,0.2251,0.2479,-0.4829
38640,912,835,33.697,26.756,0.0702,-0.0263,9.8144,-0.3181,-0.1321,-0.3477
38645,914,833,33.686,26.787,0.0189,0.002,9.8024,-0.5201,0.0155,0.1474
38650,899,829,33.69,26.796,-0.0018,-0.0023,9.7955,0.4777,0.1806,0.7247
38655,897,828,33.746,26.768,-0.0159,0.0473,9.8349,-0.524,-0.2485,0.5135
38660,882,827,33.706,26.706,-0.0294,-0.013,9.757,0.2533,0.484,1.2051
38665,870,831,33.8,26.77,-0.0149,-0.0148,9.8193,-0.1498,0.3014,0.0487
38670,859,822,33.707,26.747,-0.0215,0.0404,9.8579,-0.0196,-0.0126,-0.9486
38675,850,827,33.777,26.873,0.0662,-0.0215,9.782,0.4057,0.265,0.6406
38680,844,823,33.763,26.713,-0.0036,-0.0419,9.8311,0.0727,-1.0853,-0.0455
38685,819,823,33.663,26.753,0.0961,-0.0315,9.8165,0.1297,0.746,-0.5181
38690,821,818,33.747,26.748,0.0248,-0.0326,9.779,-0.3059,0.1861,0.3183
38695,819,824,33.709,26.857,-0.0109,-0.0954,9.9125,-0.1933,0.0146,-0.3618
38700,810,823,33.711,26.731,-0.0731,0.0061,9.7869,-0.3605,-0.0475,-0.1049
38705,800,817,33.815,26.757,-0.0357,0.1075,9.8113,-0.8031,0.331,-0.4117
38710,794,824,33.749,26.758,-0.0437,-0.0021,9.7772,0.7946,0.4459,0.0752
38715,774,813,33.706,26.768,-0.0496,-0.0446,9.8477,0.3927,0.2806,-0.3761
38720,774,824,33.783,26.724,-0.0616,0.0387,9.8462,0.4372,0.6778,-0.3542
38725,765,817,33.617,26.819,-0.0129,0.0336,9.9002,0.8816,0.1139,0.304
38730,766,820,33.713,26.736,0.01,-0.0576,9.8463,0.4685,-0.965,0.2246
38735,757,817,33.708,26.746,-0.0125,-0.0515,9.8521,-1.0164,-0.4576,-0.3362
38740,749,816,33.754,26.776,0.025,0.0289,9.8195,0.4937,-0.3699,0.217
38745,753,819,33.72,26.787,-0.0636,-0.0469,9.8014,0.7222,-0.446,-0.6554
38750,753,821,33.725,26.674,0.0508,-0.022,9.8589,0.3852,-0.7431,-0.4236
38755,746,816,33.63,26.766,0.0411,0.0085,9.8008,-0.4232,-0.7593,-0.1219
38760,753,816,33.657,26.806,0.094,-0.0437,9.7422,-0.377,0.1071,-0.0572
38765,743,814,33.669,26.683,-0.069,-0.0732,9.7128,0.138,0.1964,-1.139
38770,751,816,33.675,26.848,-0.0065,-0.0026,9.7734,0.164,-0.3623,-0.4105
38775,744,815,33.645,26.786,-0.0505,-0.0072,9.9005,-0.0347,-0.3404,0.6619
38780,760,814,33.734,26.767,0.1018,-0.0427,9.8188,0.0637,-0.2239,0.1794
38785,762,813,33.662,26.722,-0.0105,-0.0479,9.7682,0.0613,-0.5609,-0.2147
38790,751,813,33.679,26.745,0.0372,-0.0283,9.8284,0.1613,-0.0857,-0.1977
38795,778,810,33.691,26.813,-0.0606,-0.0065,9.8057,0.1649,-0.1258,0.5706
38800,785,813,33.798,26.711,-0.0748,-0.0029,9.7965,0.0109,0.0443,0.8388
38805,774,810,33.627,26.791,0.0037,-0.0831,9.7672,0.0521,0.3143,0.0392
38810,790,802,33.73,26.768,-0.0698,-0.0465,9.8142,0.874,0.8054,-0.0659
38815,803,805,33.649,26.767,-0.0323,0.0746,9.849,-0.1327,-0.208,-0.282
38820,809,810,33.751,26.804,0.0284,0.0269,9.7799,-0.6722,0.3889,0.9981
38825,819,808,33.645,26.765,-0.0055,-0.0186,9.8107,0.4795,-0.2395,0.224
38830,826,799,33.783,26.834,0.0051,0.0922,9.8172,-0.1463,0.4002,1.5821
38835,847,807,33.736,26.78,-0.0201,0.0156,9.8758,1.37,0.1565,-0.54
38840,857,800,33.721,26.744,0.0615,0.0411,9.868,0.6104,0.2783,1.1909
38845,866,798,33.747,26.777,-0.0135,0.0451,9.8466,-0.2496,-0.8844,0.5891
38850,877,798,33.689,26.803,-0.0654,-0.0313,9.7961,-0.4029,-0.1911,0.0529
38855,892,796,33.694,26.744,-0.0572,-0.0097,9.8317,0.4861,0.0232,0.898
38860,911,792,33.762,26.773,-0.0235,-0.0494,9.8433,-0.9608,-0.3955,1.0
38865,915,795,33.699,26.68,0.0956,-0.0089,9.8426,0.0971,-0.5714,0.8469
38870,930,795,33.699,26.782,-0.0298,0.0114,9.7724,0.5472,0.1893,-0.3135
38875,948,789,33.662,26.736,-0.0439,-0.0353,9.8554,0.1142,0.6465,-0.7637
38880,966,787,33.723,26.8,0.0551,-0.0076,9.7918,-0.3365,0.1723,0.5613
38885,980,782,33.659,26.808,0.0482,-0.1275,9.796,0.0722,-0.4017,-0.0362
38890,985,786,33.731,26.825,0.0013,-0.0097,9.8207,-0.359,0.1972,0.5304
38895,1001,775,33.739,26.795,0.0067,0.0553,9.8575,-0.2082,-0.2645,-0.5252
38900,1014,777,33.672,26.827,0.0066,0.063,9.8369,0.3222,0.2668,0.743
38905,1029,776,33.718,26.7,-0.0488,-0.016,9.7769,-0.0231,-0.2123,-0.8168
38910,1049,776,33.696,26.782,-0.0242,-0.0312,9.8858,0.4677,0.1,0.4172
38915,1057,767,33.84,26.754,0.0721,0.0195,9.6987,0.2953,0.0199,-0.5487
38920,1065,777,33.639,26.783,-0.0619,-0.0652,9.8299,-0.1251,0.0677,-0.8114
38925,1076,764,33.664,26.748,-0.0533,0.0134,9.8588,0.0865,-0.4936,-0.811
38930,1093,768,33.716,26.832,0.0246,-0.0485,9.8354,-0.6794,-0.1868,-0.064
38935,1099,757,33.816,26.794,-0.0664,-0.0528,9.7861,-0.169,-0.6431,-0.63
38940,1106,765,33.654,26.749,0.0699,-0.0021,9.8268,-0.2227,-0.2618,0.0558
38945,1126,756,33.827,26.785,0.0347,-0.0329,9.7879,-0.5601,0.3188,1.4
38950,1128,759,33.697,26.709,-0.0189,0.0266,9.7985,0.3641,0.6737,0.0798
38955,1134,765,33.774,26.698,0.0131,0.0559,9.8199,0.4123,-0.1375,-0.0925
38960,1138,758,33.678,26.869,0.0815,-0.0188,9.8112,0.0206,-0.3433,0.1795
38965,1157,760,33.681,26.825,0.0332,-0.0461,9.7987,-0.2871,-0.0737,-0.8247
38970,1155,753,33.804,26.728,0.0134,0.0456,9.9066,-0.0976,-0.2886,-0.2399
38975,1164,753,33.661,26.709,0.0117,0.0224,9.8597,-0.3587,0.0951,-0.8921
38980,1178,748,33.827,26.779,0.0727,0.0458,9.857,0.1574,-0.1855,-0.6343
38985,1170,752,33.731,26.79,0.0418,-0.0009,9.9191,1.1345,-0.5123,-0.0879
38990,1176,748,33.81,26.638,0.0001,-0.1072,9.799,1.163,0.4347,0.1793
38995,1177,746,33.727,26.749,0.0762,-0.0152,9.8279,-0.2281,0.2734,-0.6789
39000,1186,746,33.697,26.776,-0.0865,0.0052,9.7726,-0.5794,0.3391,-0.5922
39005,1184,753,33.75,26.638,-0.0095,-0.0219,9.7985,0.0088,1.168,-0.0553
39010,1186,743,33.686,26.757,0.0695,-0.009,9.8005,0.5572,0.2598,0.3814
39015,1181,751,33.753,26.83,0.0105,-0.0049,9.8025,-0.2291,-0.4872,-0.3588
39020,1192,751,33.727,26.724,-0.0675,0.0551,9.8438,-0.6987,-0.5666,0.2496
39025,1192,750,33.668,26.678,-0.011,0.0507,9.8807,0.5902,-0.212,-0.0477
39030,1194,751,33.737,26.743,0.0672,-0.002,9.7999,0.5811,-0.5409,0.9303
39035,1186,749,33.751,26.887,-0.0178,-0.0349,9.7232,0.6696,0.9343,-0.0875
39040,1181,750,33.73,26.75,-0.0073,0.0068,9.8147,0.3392,-0.4024,-0.4479
39045,1189,751,33.682,26.793,-0.0738,-0.1146,9.7994,-0.4739,-0.8354,-0.7576
39050,1175,754,33.776,26.706,0.0361,-0.0046,9.7566,-0.0018,-0.4255,0.6077
39055,1174,761,33.787,26.702,0.0061,-0.0222,9.8314,-0.2685,0.1015,0.2305
39060,1177,759,33.73,26.747,0.0943,-0.0816,9.827,0.8452,0.1565,0.6821
39065,1163,755,33.749,26.742,0.0084,-0.0448,9.8945,1.0378,-0.2515,-0.0093
39070,1172,760,33.764,26.841,0.0268,0.1006,9.8393,-1.2046,-0.4532,0.2318
39075,1163,766,33.774,26.762,0.0756,-0.0453,9.8665,-0.543,-0.5486,0.9147
39080,1151,770,33.721,26.733,0.0391,-0.0327,9.8178,0.4698,-0.6895,-0.6828
39085,1152,770,33.782,26.756,0.0288,-0.045,9.845,0.0607,0.6665,0.1281
39090,1162,769,33.664,26.704,-0.006,-0.0635,9.8243,-0.141,-0.5352,0.8828
39095,1144,775,33.677,26.815,0.0064,-0.0465,9.7889,-1.4077,-0.7803,0.0134
39100,1151,778,33.803,26.77,0.0599,-0.0598,9.7815,-0.4129,0.462,0.4922
39105,1140,776,33.743,26.739,0.0314,-0.0303,9.7996,0.4026,0.2687,-0.3087
39110,1132,777,33.754,26.745,-0.0009,0.0291,9.7345,0.9496,-0.3683,-0.2318
39115,1131,779,33.751,26.7,0.0781,0.0114,9.8099,0.2791,-0.5086,-0.0451
39120,1121,783,33.757,26.787,-0.008,-0.0778,9.8075,-0.1397,-0.6071,0.7764
39125,1123,788,33.774,26.792,-0.0654,0.0401,9.8167,-0.3123,1.1295,-0.0607
39130,1119,790,33.715,26.797,0.0835,0.016,9.8252,-0.5942,0.1156,0.2078
39135,1117,795,33.703,26.733,-0.0113,-0.0228,9.8328,-0.3181,0.2585,-0.2775
39140,1121,802,33.681,26.748,0.0138,0.0016,9.7995,0.2004,1.1621,0.3528
39145,1107,800,33.728,26.738,0.0239,0.0154,9.7586,0.0239,-0.1242,0.2858
39150,1104,805,33.746,26.823,-0.0495,0.0749,9.8252,0.6109,0.3054,0.3684
39155,1110,809,33.695,26.777,0.0063,-0.0534,9.8006,0.3641,-0.5066,-0.3848
39160,1100,811,33.744,26.815,0.0103,-0.0835,9.9371,0.1726,1.0577,0.0879
39165,1099,811,33.754,26.786,-0.0603,-0.0604,9.7741,0.7271,0.1557,0.1251
39170,1102,811,33.752,26.78,-0.03,-0.0572,9.8599,0.0581,0.1557,-0.6063
39175,1095,815,33.776,26.72,-0.0686,-0.0037,9.7946,0.0746,0.3032,0.9127
39180,1091,818,33.666,26.736,-0.0608,-0.0872,9.8936,0.4292,-0.0332,-0.2377
39185,1090,819,33.709,26.736,0.0355,-0.104,9.8097,0.9897,0.168,-0.6777
39190,1104,823,33.724,26.682,-0.0811,-0.0385,9.8608,-0.0662,0.6431,0.0899
39195,1089,829,33.745,26.713,-0.0656,0.0167,9.8327,0.2836,0.3841,0.2388
39200,1081,823,33.733,26.742,0.0213,0.0126,9.7845,0.2893,0.2188,-0.2452
39205,1093,831,33.769,26.699,0.0547,-0.0227,9.8218,-0.3786,-0.4457,0.4498
39210,1076,830,33.757,26.76,-0.0113,-0.0768,9.8936,-0.0694,-1.3233,-0.1051
39215,1079,829,33.669,26.718,0.0592,0.0155,9.8151,-0.0249,-1.1076,-0.0513
39220,1072,835,33.679,26.783,-0.0798,0.065,9.738,0.5341,-0.8041,0.5953
39225,1070,834,33.711,26.764,0.0082,0.096,9.7214,1.0326,-0.3003,0.0164
39230,1056,830,33.73,26.801,-0.0357,0.0066,9.8191,-0.3671,1.2562,-0.2995
39235,1058,838,33.623,26.704,0.0343,0.0285,9.82,-0.5329,0.0429,0.5212
39240,1059,836,33.67,26.763,-0.043,0.0639,9.8074,-0.4257,1.1273,0.2136
39245,1049,837,33.688,26.865,0.0515,-0.0969,9.8171,0.5407,-0.3458,-0.574
39250,1058,835,33.754,26.806,0.1066,-0.0568,9.8349,-0.2975,0.1791,-0.6251
39255,1042,838,33.659,26.799,0.0923,0.0072,9.7731,0.3037,0.4327,0.6704
39260,1040,840,33.753,26.76,0.0624,0.0343,9.9088,-0.1118,1.131,0.2807
39265,1039,837,33.719,26.829,0.0613,-0.053,9.8701,0.2317,0.2587,-0.0135
39270,1031,837,33.762,26.762,-0.0628,-0.0019,9.8201,-0.1744,0.491,0.678
39275,1025,840,33.784,26.836,0.0276,-0.0894,9.7736,0.1602,-0.4469,0.5697
39280,1017,837,33.662,26.738,0.0583,0.0241,9.9008,-0.4052,0.3106,0.4198
39285,1013,834,33.726,26.802,0.0161,0.0163,9.7802,0.2142,0.0018,0.1045
39290,1003,834,33.683,26.747,0.0425,0.0338,9.8814,0.1519,-0.763,-0.593
39295,995,834,33.814,26.832,0.0379,-0.0502,9.8908,-0.5975,0.1135,0.4237
39300,990,841,33.682,26.735,0.0069,0.0672,9.792,-0.7319,-0.521,0.0659
39305,967,838,33.811,26.724,0.0438,-0.0748,9.8148,-0.2081,0.4407,0.5543
39310,961,832,33.726,26.685,0.0095,-0.0288,9.8307,0.0095,-0.6779,-0.1086
39315,965,833,33.829,26.822,-0.1584,-0.0511,9.8434,0.4967,-0.2089,-0.3247
39320,951,834,33.734,26.763,0.0619,-0.0141,9.7681,-0.6244,0.4399,0.0468
39325,930,834,33.671,26.707,-0.0386,0.058,9.8551,-0.2978,-0.4721,0.6269
39330,936,836,33.761,26.821,-0.1074,-0.077,9.7516,-0.2985,-0.9757,0.1484
39335,916,833,33.856,26.76,-0.0055,-0.0398,9.7626,0.2977,-0.2345,-0.4483
39340,908,828,33.705,26.846,0.0589,0.0492,9.7997,-0.1182,-0.0869,0.3491
39345,900,832,33.698,26.727,0.042,-0.0926,9.7518,-0.3017,-0.2091,0.2013
39350,889,824,33.623,26.797,-0.04,0.0127,9.8447,-0.1833,-1.041,-0.347
39355,870,829,33.71,26.814,-0.1311,-0.0927,9.8641,1.1203,-0.8374,0.4929
39360,860,828,33.733,26.731,0.0965,0.0243,9.8286,-0.4326,0.0618,-0.4857
39365,863,834,33.741,26.827,0.0675,0.0002,9.8484,0.0647,0.3622,0.4607
39370,842,823,33.668,26.776,0.0627,-0.0239,9.8728,-0.1328,-0.1918,-0.1075
39375,836,825,33.648,26.782,0.0073,-0.0245,9.787,0.1864,0.8216,-0.1377
39380,828,827,33.808,26.687,0.035,-0.0197,9.7731,-0.0299,-0.3828,-0.7854
39385,811,821,33.692,26.836,0.0787,0.0356,9.756,0.5355,0.3092,0.6693
39390,809,823,33.701,26.69,0.0604,-0.0143,9.8256,0.6061,-0.1767,-0.2365
39395,792,821,33.725,26.825,-0.0305,-0.0237,9.7113,0.5741,-0.8067,-0.5812
39400,796,822,33.755,26.758,0.012,0.0071,9.8652,0.5595,-0.1034,-0.8416
39405,788,824,33.752,26.763,-0.0413,-0.0652,9.7868,-0.6334,0.4433,-0.6164
39410,782,819,33.67,26.701,0.0548,-0.0237,9.7421,-0.5349,-0.0486,0.2517
39415,773,822,33.725,26.785,0.1016,0.051,9.7993,-0.0881,0.1265,0.0295
39420,766,819,33.711,26.708,-0.054,-0.0351,9.8422,0.4264,-0.3353,0.1834
39425,767,821,33.84,26.764,0.0402,0.0191,9.8151,-0.2622,-0.7463,0.1805
39430,757,818,33.738,26.813,0.0651,0.0141,9.8194,-0.5039,-0.6332,-0.3587
39435,754,817,33.76,26.766,-0.0121,-0.0379,9.7611,-0.0627,-0.7341,0.3959
39440,753,817,33.73,26.736,-0.0087,0.0156,9.8215,0.0227,-0.3843,-0.1266
39445,759,816,33.79,26.752,0.0192,-0.0419,9.806,0.415,0.0605,-0.248
39450,749,823,33.661,26.858,-0.078,-0.0145,9.7458,-0.1899,0.4188,-0.9069
39455,746,818,33.719,26.81,0.0202,0.0171,9.8588,0.4479,-0.1784,-1.4153
39460,752,817,33.745,26.774,0.067,-0.0379,9.7576,0.4316,0.2644,-0.1067
39465,747,811,33.728,26.808,0.0667,0.011,9.8256,0.5318,0.5356,0.2314
39470,758,817,33.67,26.779,0.0001,0.0105,9.7557,0.1278,0.5796,-0.185
39475,748,815,33.765,26.77,0.0692,-0.0223,9.7863,0.7146,-0.058,0.3173
39480,751,815,33.69,26.719,0.0365,-0.0057,9.8109,-0.116,-0.0019,-0.7921
39485,762,813,33.723,26.784,0.0281,0.0021,9.7883,0.1096,0.3285,0.0296
39490,764,818,33.67,26.706,-0.0206,-0.0148,9.8498,0.2567,0.4224,0.094
39495,777,808,33.758,26.747,0.0518,-0.0462,9.7799,0.6763,-0.4446,0.002
39500,782,806,33.687,26.771,0.0408,0.0199,9.7919,-0.2902,0.1811,0.0054
39505,794,806,33.684,26.758,-0.0076,-0.0134,9.7772,0.7565,-0.1855,-0.8358
39510,802,807,33.667,26.756,0.0119,0.0032,9.8026,0.1242,0.5601,0.0441
39515,810,808,33.729,26.812,-0.0274,-0.0311,9.813,0.1589,0.1143,-0.4995
39520,815,804,33.759,26.773,0.1049,0.0533,9.8634,0.0506,0.1736,-0.4976
39525,827,805,33.74,26.789,-0.0271,0.0263,9.7902,-0.4511,-0.551,-0.0881
39530,842,804,33.734,26.795,0.1096,-0.0334,9.7494,0.047,0.1359,0.7517
39535,851,802,33.787,26.89,0.0176,0.0763,9.8561,-0.7707,-1.0542,-0.1433
39540,862,798,33.848,26.75,-0.0009,0.0329,9.8257,-0.3311,0.1074,0.5375
39545,877,794,33.795,26.809,-0.0483,-0.0008,9.7674,0.1954,0.3109,0.1648
39550,890,795,33.753,26.763,0.0793,0.0734,9.7812,0.5996,0.4819,-0.5884
39555,901,799,33.753,26.777,-0.0679,0.0595,9.7735,0.2134,-0.8273,0.643
39560,929,789,33.768,26.819,0.0423,-0.0689,9.8127,0.4731,0.0915,-0.1103
39565,926,792,33.635,26.771,-0.0523,0.024,9.8527,0.3272,-0.7979,-0.6005
39570,950,787,33.763,26.82,-0.0398,-0.1076,9.7722,-0.2734,0.1526,-0.2035
39575,958,787,33.695,26.779,-0.0008,-0.0221,9.7505,0.2431,0.2095,-0.2079
39580,974,787,33.767,26.795,0.153,-0.0296,9.8024,0.1137,0.8895,-0.0031
39585,985,780,33.702,26.759,-0.0125,-0.0328,9.7614,0.3397,-0.5308,0.0193
39590,1005,783,33.699,26.836,-0.0559,-0.0162,9.8236,-0.3482,-0.4914,0.147
39595,1013,776,33.797,26.87,-0.0009,-0.0714,9.6939,0.4568,0.2638,-0.0284
39600,1036,778,33.653,26.738,-0.0482,-0.0968,9.7985,-0.1247,-0.3155,-0.2382
39605,1042,778,33.725,26.635,-0.0752,-0.0193,9.8084,-0.2354,0.1597,0.1008
39610,1054,774,33.694,26.791,-0.0536,-0.0464,9.8065,-0.2803,-0.0762,-0.2148
39615,1067,767,33.784,26.74,-0.038,-0.0082,9.7947,-0.6239,0.1281,0.2054
39620,1081,769,33.787,26.822,0.0548,0.0422,9.8231,-0.2937,-0.5076,-0.2865
39625,1091,768,33.702,26.681,-0.0122,0.007,9.8332,-0.0519,0.1778,0.3541
39630,1097,765,33.689,26.736,0.0368,0.0041,9.7708,0.0386,0.3073,0.3916
39635,1112,762,33.626,26.712,0.0175,0.0691,9.7694,-0.1854,-1.0608,0.4141
39640,1124,760,33.698,26.744,0.0264,0.0982,9.8012,1.122,0.5434,0.1527
39645,1128,758,33.762,26.843,0.0544,-0.0294,9.8047,-0.1695,0.3351,0.4487
39650,1140,756,33.807,26.768,-0.007,-0.0002,9.8454,-0.1765,0.4882,0.3425
39655,1151,754,33.752,26.828,-0.0052,-0.0179,9.8183,-0.1191,0.6695,-0.9398
39660,1145,749,33.826,26.758,-0.0603,0.0749,9.8289,-0.5468,-0.3728,0.1992
39665,1167,756,33.723,26.775,-0.121,-0.0402,9.7912,-0.1465,-0.8434,-0.0349
39670,1152,758,33.742,26.746,0.0039,-0.0764,9.8538,-1.4373,-0.9165,-0.009
39675,1167,749,33.705,26.712,-0.0173,-0.0775,9.8071,-0.7088,-0.5301,0.142
39680,1177,755,33.765,26.908,-0.0937,0.0328,9.7367,0.4594,0.0634,-0.3377
39685,1175,749,33.698,26.802,0.0378,0.0177,9.8337,0.2023,0.8249,0.6314
39690,1186,754,33.739,26.808,-0.0072,-0.0088,9.8389,-0.0067,0.1982,-0.2465
39695,1187,750,33.722,26.659,0.0297,-0.0362,9.7566,-0.0357,0.1534,0.0716
39700,1194,750,33.776,26.777,-0.0851,0.0134,9.8369,-1.0951,-0.6287,0.3091
39705,1191,751,33.751,26.832,-0.0135,0.046,9.7749,-0.2653,0.1376,-0.7081
39710,1189,750,33.666,26.831,-0.0536,0.0366,9.7654,0.0293,0.8991,-0.3346
39715,1186,748,33.726,26.724,-0.0132,0.0158,9.7139,0.0125,0.1575,0.3452
39720,1183,753,33.708,26.743,0.0086,0.0143,9.8474,-0.2619,-0.2999,0.2972
39725,1190,751,33.632,26.77,0.0202,0.0184,9.8657,-0.3156,-0.4983,-0.5473
39730,1193,749,33.811,26.668,0.0401,-0.0684,9.7791,0.0648,0.2843,0.2746
39735,1180,753,33.816,26.851,0.0207,0.056,9.852,-0.3625,0.1673,0.2886
39740,1182,753,33.644,26.731,-0.1294,-0.019,9.9166,-0.4651,-1.0042,-0.8973
39745,1178,756,33.685,26.842,0.0207,0.0136,9.7871,-0.338,-0.0412,-0.3392
39750,1170,756,33.676,26.825,0.0582,0.0007,9.8806,0.5845,0.7588,-0.1339
39755,1178,753,33.782,26.773,-0.0062,0.1129,9.8602,1.285,-0.6005,0.239
39760,1170,760,33.758,26.762,0.0328,0.0134,9.8111,-0.2883,0.2642,0.0757
39765,1157,762,33.794,26.894,-0.1092,-0.0916,9.7866,0.5595,0.103,0.3171
39770,1170,763,33.674,26.809,0.0265,-0.0205,9.8648,-0.1183,-0.651,-0.3829
39775,1163,764,33.662,26.797,-0.0119,0.0131,9.7967,-0.0033,0.2092,-0.3982
39780,1151,768,33.78,26.81,0.0629,0.0073,9.8344,0.4139,-0.4224,0.2141
39785,1150,767,33.7,26.855,0.0835,-0.0553,9.7826,-0.9208,-0.52,0.7754
39790,1143,772,33.708,26.837,0.0392,-0.0202,9.8245,-0.4306,-0.4515,-0.0382
39795,1140,772,33.681,26.808,0.0566,-0.0411,9.8141,0.466,1.1565,-0.0569
39800,1149,778,33.666,26.783,0.0507,-0.0461,9.7859,-0.4558,0.308,-0.177
39805,1139,779,33.65,26.664,-0.044,-0.0583,9.822,-0.4724,-0.7659,-0.0502
39810,1131,781,33.705,26.779,-0.007,-0.0075,9.7405,0.1708,0.2956,-0.3111
39815,1133,789,33.687,26.803,-0.0107,0.0194,9.7794,0.8326,-0.1531,-1.052
39820,1130,785,33.697,26.721,0.0372,0.0328,9.8305,-0.3172,0.0274,-1.0304
39825,1118,790,33.615,26.745,-0.0126,-0.0096,9.7431,0.4804,0.0185,1.3707
39830,1120,796,33.717,26.702,-0.0193,0.0778,9.828,0.7204,-0.6976,0.2884
39835,1114,798,33.693,26.713,-0.0291,-0.002,9.8288,0.0941,0.0193,0.3015
39840,1114,794,33.739,26.803,0.0194,0.0373,9.7844,-0.1901,-0.9656,-0.2199
39845,1118,809,33.709,26.741,-0.0688,0.028,9.7752,0.2949,0.8549,0.0157
39850,1103,797,33.654,26.864,0.0089,0.0576,9.8495,-0.1097,-0.3252,-0.6694
39855,1108,804,33.712,26.864,-0.0551,-0.0606,9.731,-0.382,-0.0787,-0.0402
39860,1099,811,33.757,26.684,0.0093,0.0347,9.8772,0.6977,0.4196,0.0333
39865,1091,814,33.683,26.69,-0.0027,0.037,9.7814,0.2261,-0.7943,-0.3065
39870,1094,812,33.579,26.782,0.0153,0.0209,9.7455,0.0434,0.8814,-0.1263
39875,1088,821,33.715,26.767,-0.0189,-0.0571,9.8124,0.4113,-0.1891,0.0374
39880,1095,824,33.755,26.778,0.0804,-0.1154,9.8794,-0.1077,0.2216,-0.2561
39885,1093,818,33.706,26.765,0.0528,-0.0748,9.807,-1.3246,0.3883,0.3224
39890,1095,827,33.631,26.735,0.0465,0.0605,9.7949,-0.3716,-1.1174,-0.0538
39895,1081,824,33.74,26.803,-0.0373,0.0037,9.8432,-0.0525,0.3913,-0.0877
39900,1085,829,33.661,26.688,0.0787,0.0086,9.8427,-0.4121,-0.0413,-0.687
39905,1083,827,33.77,26.798,-0.0425,-0.116,9.8007,0.1632,0.2445,-0.0092
39910,1073,832,33.719,26.835,0.1222,-0.0425,9.7987,-0.2055,0.3725,0.8422
39915,1075,831,33.726,26.721,-0.0368,-0.1212,9.7728,-0.8253,-0.0224,-0.0278
39920,1074,830,33.574,26.745,-0.036,-0.0399,9.7741,0.4822,-0.5765,0.1724
39925,1063,841,33.71,26.769,0.016,0.016,9.7974,0.6244,-0.4188,0.1048
39930,1067,838,33.664,26.81,-0.0891,0.1299,9.83,0.0767,-0.5933,0.2331
39935,1061,837,33.744,26.729,-0.057,-0.0471,9.8424,0.8294,-0.2872,-0.3374
39940,1056,834,33.689,26.719,-0.0164,-0.158,9.8433,0.2401,-0.3642,-0.2029
39945,1058,835,33.783,26.782,0.0465,-0.0071,9.7062,-0.1617,-0.1902,0.1228
39950,1048,834,33.779,26.796,-0.0118,0.0451,9.8754,1.0042,0.3518,0.5295
39955,1044,838,33.725,26.78,0.0013,0.1087,9.8067,0.3306,0.0951,-0.1425
39960,1037,835,33.696,26.884,0.0413,-0.038,9.7907,0.1402,0.2135,0.1123
39965,1024,832,33.727,26.722,0.1032,-0.0476,9.844,-0.1737,0.7749,0.1825
39970,1024,842,33.755,26.769,0.0903,-0.0232,9.7559,-0.1096,0.7261,-0.0366
39975,1014,835,33.742,26.751,-0.0363,0.0117,9.771,0.3776,0.3929,0.3921
39980,1012,834,33.771,26.706,0.0016,-0.0345,9.7791,0.009,-1.0668,0.0203
39985,1002,832,33.663,26.795,-0.0288,0.0038,9.79,-0.7453,-0.2908,1.1006
39990,1000,837,33.795,26.678,0.0231,-0.013,9.7954,0.5636,-0.2794,1.2586
39995,985,841,33.72,26.782,-0.0303,0.0638,9.8913,0.005,-0.1802,-0.0534
40000,975,835,33.748,26.691,-0.0021,0.0198,9.8152,-0.4426,-0.2343,0.3385
40005,970,837,33.682,26.8,0.0367,0.0105,9.7755,-0.399,-0.2157,-0.4024
40010,953,834,33.708,26.813,0.0182,0.0131,9.7603,-1.3209,-0.4314,-0.6468
40015,952,839,33.706,26.82,-0.0339,-0.0519,9.7787,0.0351,-0.7255,-0.5697
40020,937,835,33.7,26.702,-0.0575,0.0275,9.8846,0.1227,0.8508,0.4258
40025,935,823,33.695,26.793,-0.0001,-0.0353,9.8706,-0.4243,0.398,0.0592
40030,931,835,33.754,26.766,0.0449,0.0604,9.8487,-0.377,0.2275,0.5654
40035,910,829,33.689,26.77,-0.0277,0.0056,9.8416,-0.2168,-0.6682,-0.5088
40040,893,831,33.747,26.697,0.0026,-0.0427,9.8975,-0.0034,0.2697,-0.6935
40045,893,827,33.766,26.695,0.1245,-0.0046,9.8727,0.6024,-0.2421,0.3975
40050,875,829,33.693,26.827,-0.0432,-0.0286,9.8098,0.4807,-0.719,0.3844
40055,877,825,33.666,26.776,-0.0111,0.039,9.8132,0.4253,0.2014,-0.5893
40060,858,821,33.688,26.847,0.01,0.0478,9.7945,-0.0202,-0.5678,0.1285
40065,851,824,33.701,26.761,0.0677,-0.1163,9.7457,-0.571,0.4275,-0.7247
40070,838,824,33.73,26.857,-0.0093,-0.0484,9.8117,-0.115,0.2064,-0.0873
40075,830,826,33.711,26.816,-0.0559,-0.0222,9.7943,-0.3073,-0.0008,-0.8393
40080,820,817,33.657,26.764,0.0311,-0.0373,9.8169,-0.0866,-0.2208,-0.2382
40085,797,827,33.718,26.712,-0.0328,-0.0258,9.9044,0.389,0.0872,-0.5679
40090,802,821,33.659,26.772,0.0735,0.0,9.8814,0.1676,-0.1056,0.6066
40095,793,821,33.768,26.783,0.0631,0.0279,9.7958,1.1402,-0.608,-0.8173
40100,785,823,33.704,26.768,-0.0482,0.0236,9.8161,-0.9752,-0.6697,0.7304
40105,780,825,33.74,26.793,-0.0114,0.0331,9.7628,0.3345,-0.2567,-0.1269
40110,778,818,33.706,26.655,0.0377,0.0551,9.8383,-0.825,-0.3417,0.028
40115,763,821,33.717,26.686,0.0141,0.085,9.7988,-0.0129,0.0219,0.7531
40120,757,824,33.803,26.916,-0.129,0.0484,9.692,-0.3434,0.8303,-0.6288
40125,755,817,33.794,26.843,-0.0095,-0.0048,9.877,0.0979,0.2663,0.1302
40130,751,817,33.749,26.797,0.0232,0.0323,9.8077,-0.2617,0.5143,0.4243
40135,762,818,33.73,26.784,0.0136,0.0199,9.8881,0.126,0.0685,0.1053
40140,745,813,33.747,26.779,-0.0035,-0.0216,9.7779,-0.0294,-0.3904,0.988
40145,760,811,33.716,26.787,0.0473,0.0029,9.8261,0.3367,-0.3793,0.3001
40150,744,816,33.853,26.764,0.0718,0.0287,9.7574,-0.0086,-0.112,0.4041
40155,734,816,33.727,26.759,-0.0568,-0.0244,9.7615,-0.6832,0.2513,-0.6233
40160,742,818,33.651,26.835,-0.0063,0.0451,9.7663,-0.3261,-0.5893,0.5852
40165,745,812,33.732,26.74,-0.0158,-0.0637,9.7859,0.2531,-0.2274,0.2915
40170,757,816,33.764,26.655,-0.1549,0.0237,9.8011,0.4637,0.5421,0.0451
40175,753,814,33.79,26.713,-0.1341,-0.025,9.8343,-0.0023,0.1101,-0.1458
40180,766,811,33.708,26.802,-0.0523,-0.0796,9.8942,-0.5632,-0.4549,-0.4841
40185,768,810,33.8,26.742,0.0476,0.0265,9.8691,-0.382,0.1149,0.186
40190,782,813,33.773,26.836,-0.0487,-0.1191,9.8313,0.8664,0.5106,0.8141
40195,785,812,33.85,26.744,-0.0346,0.0409,9.7488,-0.2591,0.0159,0.1681
40200,792,801,33.791,26.756,0.0422,0.0122,9.8492,-0.0981,-0.4261,-0.2582
40205,793,809,33.72,26.763,0.0438,0.0919,9.7737,0.3591,0.3445,-0.3719
40210,809,805,33.727,26.757,0.0079,-0.0485,9.7636,0.6311,-0.1613,0.4478
40215,823,805,33.673,26.723,0.0069,-0.1483,9.7234,-0.898,-0.6884,-0.1953
40220,830,813,33.683,26.755,0.0121,0.0182,9.9029,1.3788,0.0949,1.0694
40225,842,800,33.754,26.79,0.0033,-0.0628,9.7604,-0.193,-0.0687,0.5426
40230,855,803,33.831,26.704,0.0683,0.049,9.8214,-0.2466,0.3844,0.3475
40235,866,802,33.781,26.722,-0.0711,-0.0807,9.9093,0.677,0.3716,0.4179
40240,890,797,33.64,26.84,0.0767,-0.0269,9.8303,-0.3905,-1.0734,-0.0073
40245,892,791,33.746,26.857,0.043,0.0267,9.788,0.0171,-0.5134,-0.5403
40250,909,802,33.857,26.766,0.0429,-0.0086,9.8212,0.1577,-0.0716,-0.7076
40255,918,796,33.803,26.762,-0.044,0.0192,9.8426,0.7871,-0.1272,-0.0602
40260,931,797,33.699,26.711,0.0435,-0.0756,9.8161,0.7566,0.8793,0.5522
40265,944,785,33.712,26.755,-0.0294,0.013,9.7548,0.2995,0.2058,0.8427
40270,966,790,33.715,26.782,-0.0894,-0.0378,9.929,-0.1416,-0.2364,-0.2595
40275,969,786,33.647,26.836,0.0621,0.0528,9.815,-0.2027,-0.7411,-0.6736
40280,987,790,33.651,26.723,0.0033,0.0072,9.7401,-0.1093,0.6482,-0.963
40285,999,780,33.719,26.798,0.0227,-0.0878,9.7821,-0.4328,-0.0426,-0.1417
40290,1009,776,33.726,26.752,-0.0677,-0.0143,9.7915,-1.2529,0.3507,-0.4148
40295,1028,778,33.718,26.652,-0.064,0.0629,9.8778,-0.3579,-0.4457,-0.729
40300,1042,776,33.702,26.719,0.068,0.0185,9.8407,-0.2845,-0.3679,0.5383
40305,1056,774,33.66,26.657,-0.0027,0.0433,9.7491,0.8633,0.1151,-0.2306
40310,1068,769,33.7,26.753,0.0053,-0.0581,9.788,-0.6237,-0.4462,0.0811
40315,1073,770,33.737,26.719,0.0233,-0.0144,9.7726,0.4354,-0.1216,0.065
40320,1091,766,33.704,26.81,-0.0177,-0.0142,9.8174,0.1838,-0.08,-0.148
40325,1100,767,33.767,26.728,0.0545,-0.0253,9.8005,-0.439,-0.4813,0.4712
40330,1107,764,33.728,26.814,0.0174,0.0208,9.8871,-0.3278,-0.0577,-0.0519
40335,1119,759,33.83,26.771,0.0141,-0.0027,9.8706,0.1896,-0.0447,0.1383
40340,1136,762,33.712,26.702,-0.0455,0.0363,9.7952,-0.4777,0.0244,0.8956
40345,1135,754,33.699,26.782,-0.0661,0.0944,9.7251,0.6244,1.0199,-1.2145
40350,1145,759,33.693,26.694,-0.0876,0.0999,9.8325,-0.3353,0.0351,-0.0806
40355,1149,754,33.811,26.755,0.0235,0.0596,9.7592,-0.2588,-0.6583,0.5482
40360,1164,751,33.715,26.784,-0.0175,-0.0419,9.8033,-0.3944,0.5494,-0.0744
40365,1168,751,33.741,26.756,0.0399,-0.0227,9.8498,-0.1582,-0.1709,0.4007
40370,1177,743,33.74,26.857,-0.0031,0.0317,9.7788,-0.2434,-0.6947,-0.0522
40375,1173,751,33.673,26.847,-0.0294,-0.0858,9.8676,0.2152,-0.1139,-0.23
40380,1188,755,33.767,26.743,0.0183,-0.0426,9.7921,0.0496,0.7085,-0.4682
40385,1185,744,33.81,26.884,0.0393,-0.0736,9.7764,1.2041,1.1362,0.555
40390,1185,742,33.694,26.804,-0.036,-0.0113,9.8097,0.2209,-0.9193,-0.5573
40395,1188,752,33.777,26.768,0.0582,0.0308,9.7391,0.4423,0.0993,0.686
40400,1184,751,33.726,26.728,-0.1109,-0.0055,9.8501,0.1822,0.5812,-0.6415
40405,1189,744,33.72,26.79,-0.0014,-0.0172,9.7955,-0.2482,0.357,0.4623
40410,1182,750,33.683,26.764,0.0711,-0.0638,9.7565,-0.3198,-0.2184,-0.7671
40415,1190,750,33.784,26.71,-0.0432,0.0436,9.7441,-0.0635,0.462,-0.2336
40420,1186,753,33.776,26.831,-0.0403,-0.0998,9.8536,0.1122,0.6857,0.3326
40425,1182,750,33.652,26.735,-0.031,0.0496,9.8123,-0.5865,-0.1711,0.2914
40430,1192,754,33.759,26.807,0.0271,-0.0765,9.812,0.3326,0.1838,-0.0537
40435,1179,751,33.632,26.775,-0.0804,0.0358,9.847,-0.596,-0.7205,-0.1614
40440,1175,753,33.785,26.739,0.0831,0.0156,9.8406,0.865,0.0846,-0.2872
40445,1182,753,33.769,26.746,-0.0657,0.0574,9.8113,-0.5648,0.2939,0.0769
40450,1179,755,33.791,26.795,-0.0593,0.0081,9.8198,1.1929,0.424,0.1067
40455,1173,766,33.744,26.797,0.0492,0.0849,9.7085,-0.1687,0.5246,0.1576
40460,1164,766,33.723,26.793,0.0622,0.0475,9.8178,0.4477,-0.3955,0.0839
40465,1167,767,33.722,26.705,-0.0268,-0.0261,9.8037,0.293,-0.4111,0.0521
40470,1165,766,33.643,26.741,0.0262,0.0483,9.8529,-0.2413,-0.1795,-0.1551
40475,1160,770,33.734,26.765,-0.0379,-0.0737,9.781,0.5908,0.4867,0.0863
40480,1151,776,33.779,26.717,-0.1009,0.0453,9.8504,-1.0018,0.4224,0.2744
40485,1143,775,33.771,26.793,0.12,-0.0447,9.8923,0.4513,0.1349,0.0641
40490,1143,776,33.739,26.701,-0.0495,-0.0371,9.7616,-0.7987,0.5745,0.5606
40495,1143,779,33.818,26.75,0.0345,0.063,9.748,0.5446,-0.9865,-0.1904
40500,1133,780,33.718,26.821,0.0087,-0.0704,9.6902,0.3569,-0.3791,-0.2904
40505,1131,779,33.788,26.697,0.013,0.0214,9.7367,-0.2876,-0.1103,0.3924
40510,1127,784,33.806,26.71,0.0564,0.0808,9.8622,-0.5925,-0.9386,0.7438
40515,1123,786,33.712,26.673,-0.0746,-0.013,9.8149,-0.5826,0.3717,-0.1885
40520,1123,790,33.722,26.794,0.0759,-0.0141,9.8828,0.7711,-0.2722,0.2808
40525,1115,794,33.754,26.821,0.0633,-0.0115,9.7974,0.2689,-0.3599,-0.4677
40530,1114,792,33.765,26.779,0.0288,-0.0353,9.823,0.8369,-0.5408,0.325
40535,1111,801,33.731,26.788,-0.0342,-0.0294,9.7637,-0.2395,0.9145,0.6121
40540,1114,808,33.8,26.767,-0.008,-0.0444,9.8765,0.2251,0.5396,-0.2254
40545,1110,805,33.697,26.768,-0.0178,-0.0255,9.8554,0.2621,0.3845,-0.4193
40550,1100,809,33.792,26.785,0.0175,0.0558,9.7999,-0.4379,-0.7927,0.1976
40555,1106,808,33.701,26.794,0.0265,0.0212,9.8779,-0.4421,0.6117,0.2183
40560,1108,813,33.744,26.599,-0.0371,0.0271,9.787,-0.0308,-0.3491,-0.6331
40565,1099,810,33.724,26.792,0.0241,0.0566,9.7938,0.8927,0.6338,-0.7232
40570,1094,821,33.679,26.723,0.0108,0.0033,9.8275,0.1385,0.4079,0.4954
40575,1096,821,33.716,26.752,-0.0293,-0.0163,9.8309,-0.2592,0.52,-0.5129
40580,1089,824,33.676,26.798,0.0402,-0.0529,9.805,-0.1821,-0.0705,0.0638
40585,1093,824,33.669,26.832,0.0506,-0.0096,9.8629,-0.0927,0.2116,0.1907
40590,1076,825,33.722,26.699,0.0343,0.0322,9.8183,0.1828,0.1142,-0.484
40595,1079,825,33.682,26.795,0.0366,0.0295,9.7822,0.5122,0.3926,-0.9514
40600,1081,827,33.776,26.813,-0.0176,-0.0361,9.7797,0.1968,-0.3877,-0.4012
40605,1076,831,33.708,26.744,-0.0055,0.0984,9.7735,0.5082,1.427,-0.2935
40610,1069,834,33.778,26.739,-0.0513,0.0438,9.7707,0.4752,0.9548,0.1317
40615,1078,834,33.733,26.786,0.0237,-0.0639,9.7454,-0.2551,0.8307,0.125
40620,1074,832,33.719,26.77,-0.0634,-0.0605,9.792,0.2132,0.7743,-0.1861
40625,1067,835,33.679,26.637,-0.0232,0.0212,9.8782,0.6216,-0.4185,0.1991
40630,1060,837,33.723,26.86,0.0755,0.0353,9.8533,0.1595,0.4601,0.2396
40635,1061,838,33.632,26.802,-0.0313,-0.0603,9.8247,0.5277,0.4395,-0.2224
40640,1044,837,33.768,26.714,0.0207,0.0705,9.8416,-0.3547,-0.2185,-0.0745
40645,1039,836,33.685,26.816,-0.0234,-0.0782,9.7519,-0.2126,0.3736,-0.1741
40650,1045,836,33.757,26.743,-0.0258,0.0009,9.8197,-0.1285,-0.0191,-0.444
40655,1033,842,33.687,26.757,0.1065,-0.0059,9.7725,-0.1905,0.0543,0.5574
40660,1033,838,33.73,26.848,-0.0208,0.0603,9.927,-0.3631,0.5589,-0.1779
40665,1029,836,33.694,26.833,-0.0462,-0.0463,9.8237,-1.004,0.4569,0.7194
40670,1016,836,33.782,26.752,-0.0176,-0.1371,9.8964,-0.0599,0.3798,0.3395
40675,1011,842,33.769,26.74,-0.0522,0.0252,9.8306,0.4684,0.2035,0.26
40680,998,841,33.684,26.694,-0.0318,-0.0055,9.7555,0.3191,0.8597,-0.5864
40685,998,836,33.703,26.816,-0.0012,0.0931,9.6859,0.1817,0.1338,-0.6298
40690,981,832,33.686,26.681,-0.0813,0.0199,9.7769,0.5377,0.5408,-0.8065
40695,978,838,33.682,26.749,-0.0062,-0.0072,9.8224,0.6285,-0.0175,-1.014
40700,971,837,33.781,26.763,0.0409,-0.0277,9.8223,0.236,-0.2695,0.1106
40705,960,832,33.698,26.764,0.0469,0.054,9.7465,-0.0683,0.2006,0.628
40710,940,829,33.743,26.754,0.0724,0.0345,9.8018,0.0003,-0.2393,-0.1836
40715,941,831,33.809,26.745,-0.0056,-0.0491,9.7682,0.2647,0.6537,0.7595
40720,924,838,33.704,26.735,0.0805,-0.0058,9.7828,0.3099,0.1661,0.6192
40725,919,832,33.73,26.723,-0.0292,0.0329,9.8142,-0.2071,-0.0571,0.8857
40730,913,834,33.707,26.76,0.0918,0.0241,9.8147,-0.9011,0.4167,0.6937
40735,899,830,33.737,26.779,0.1169,-0.1034,9.8332,-0.1098,0.238,0.4057
40740,888,829,33.642,26.748,-0.0677,0.0328,9.7895,-0.9025,0.7443,-0.924
40745,870,830,33.646,26.722,0.0044,0.1104,9.8032,0.8501,-0.1184,0.2005
40750,870,822,33.843,26.746,0.0056,-0.0431,9.9016,0.4296,0.5613,0.2309
40755,856,824,33.706,26.703,0.0119,-0.0186,9.7409,-0.3848,-0.7325,-0.6705
40760,841,827,33.754,26.798,-0.0299,0.0233,9.7797,-0.2044,-0.3832,-0.3756
40765,838,832,33.663,26.781,-0.0181,-0.02,9.7869,0.0159,-0.6732,0.029
40770,831,824,33.724,26.836,-0.0675,-0.0711,9.8214,-0.6791,-0.1365,-0.5518
40775,820,822,33.672,26.685,0.0195,-0.0391,9.7835,-0.6942,-0.3675,-0.2408
40780,811,822,33.724,26.768,-0.0293,-0.0306,9.8298,0.2196,-0.057,0.2647
40785,799,821,33.711,26.866,0.0691,0.0044,9.6889,-0.1157,0.7354,0.2165
40790,794,816,33.755,26.702,0.005,-0.0363,9.8402,-0.6431,0.1098,0.36
40795,789,826,33.686,26.72,-0.0284,0.0034,9.7862,0.4473,0.6188,-0.5314
40800,778,819,33.743,26.787,-0.0756,0.0092,9.7799,-0.7709,0.3286,0.4593
40805,779,818,33.668,26.774,-0.0025,0.0605,9.8962,-0.2963,-0.4159,-0.2681
40810,767,821,33.678,26.756,-0.0259,0.0366,9.7468,-0.9529,-0.1652,-0.6189
40815,765,822,33.865,26.701,0.0446,0.0433,9.8032,0.2291,-0.1827,-0.4311
40820,757,820,33.653,26.747,-0.049,0.0104,9.7756,-0.2586,0.3448,0.342
40825,751,819,33.693,26.743,-0.0398,-0.0376,9.8196,-1.0537,0.1243,-0.4186
40830,742,820,33.702,26.694,-0.0656,-0.0139,9.8923,0.6001,-1.2307,0.5229
40835,740,815,33.674,26.707,0.0427,-0.0102,9.7844,-0.5954,0.2498,0.8663
40840,745,819,33.659,26.749,0.0765,0.0073,9.8855,-0.708,0.1992,0.3068
40845,749,816,33.75,26.836,-0.0661,-0.0512,9.9004,0.9621,0.34,0.2887
40850,743,810,33.853,26.862,0.0713,-0.0309,9.8258,0.6844,0.3888,0.6867
40855,746,814,33.741,26.716,0.1063,0.1092,9.8251,0.1781,-0.1449,0.748
40860,744,813,33.702,26.767,-0.039,-0.007,9.8377,-0.6999,0.4671,-0.6719
40865,757,813,33.728,26.725,0.0169,0.0147,9.8385,0.1114,-0.6246,-0.3881
40870,756,811,33.715,26.867,-0.028,-0.0072,9.801,0.463,-0.2558,-0.0965
40875,758,816,33.708,26.755,-0.0111,0.0163,9.91,0.4404,0.8061,-0.0594
40880,767,810,33.76,26.771,0.1195,-0.0766,9.8927,-1.2682,-0.4185,0.5767
40885,776,808,33.678,26.747,0.0087,-0.0877,9.8438,-0.4162,0.1103,0.0408
40890,783,813,33.693,26.784,0.0744,0.0064,9.8126,-0.8939,-0.1015,1.2535
40895,794,809,33.694,26.806,0.0007,0.0959,9.7531,0.5317,0.0166,0.5383
40900,795,809,33.713,26.817,-0.0186,-0.041,9.7654,-0.1307,0.9443,0.3222
40905,811,809,33.653,26.745,0.0659,-0.0562,9.8557,-0.2402,0.9326,0.9259
40910,820,801,33.686,26.738,-0.0634,-0.0146,9.8035,0.0666,-0.0486,-0.0779
40915,834,805,33.692,26.833,0.0141,-0.0155,9.8551,-0.9072,-0.2778,-0.5821
40920,838,805,33.609,26.77,-0.046,-0.0345,9.8257,0.3463,0.5373,0.9884
40925,858,804,33.831,26.798,-0.0849,-0.1165,9.8253,-0.4709,-0.6443,-0.1151
40930,862,798,33.756,26.786,0.0168,-0.0143,9.7812,-0.7169,0.2604,0.2867
40935,878,801,33.709,26.779,-0.0329,0.0353,9.8523,-0.4783,-0.5879,0.1016
40940,892,791,33.825,26.744,0.0506,-0.0448,9.8073,-0.0161,-0.5514,-0.5669
40945,910,791,33.815,26.76,0.0637,0.0122,9.9264,-0.2509,0.1014,-0.2222
40950,918,790,33.719,26.757,-0.0513,0.0041,9.7827,0.176,-0.1739,-0.355
40955,934,789,33.748,26.85,-0.0519,0.0342,9.8387,0.4349,-0.188,-0.2557
40960,952,785,33.794,26.722,0.0366,0.0361,9.822,-0.1998,0.3737,-0.3844
40965,954,788,33.739,26.783,0.031,0.0271,9.7537,-0.5576,-0.6775,-0.2704
40970,980,784,33.717,26.867,0.0489,-0.0034,9.6808,-0.0695,0.551,1.0127
40975,993,780,33.695,26.783,0.1253,0.0342,9.8407,0.2161,0.0461,0.1077
40980,994,782,33.754,26.799,0.0391,-0.069,9.857,0.1809,-0.3335,0.6936
40985,1019,781,33.701,26.776,0.0526,0.0823,9.8028,0.4538,-0.8306,0.6337
40990,1029,779,33.785,26.792,-0.0128,-0.0096,9.7877,0.3512,-0.8162,0.3863
40995,1044,771,33.676,26.806,-0.0244,0.0008,9.7763,0.2333,0.6308,0.0691
