timestamp_ms,ir_finger,ir_toe,temp_finger,temp_toe,ax,ay,az,gx,gy,gz
0,1040,664,34.503,34.241,-0.0006,-0.0478,9.7242,0.045,0.6887,-0.0998
5,1056,667,34.446,34.244,-0.0368,0.0269,9.9135,-1.2573,-0.0305,-0.1836
10,1063,679,34.511,34.266,-0.0234,0.0439,9.783,0.4308,0.0448,0.1753
15,1071,679,34.561,34.222,-0.0016,-0.0079,9.7684,0.6231,-0.1611,0.1724
20,1081,683,34.491,34.26,0.0292,0.0035,9.8224,0.6643,-0.708,0.0937
25,1100,689,34.435,34.273,-0.0689,0.0385,9.806,-0.448,0.7856,-0.4028
30,1109,692,34.421,34.145,0.0109,0.0261,9.844,0.3523,0.191,0.0951
35,1120,700,34.391,34.302,-0.0378,-0.0037,9.8185,0.3051,-0.0839,-0.3617
40,1115,706,34.469,34.283,-0.0037,0.0172,9.8944,0.4392,0.7433,-0.2663
45,1135,714,34.503,34.202,-0.0453,-0.0588,9.8713,-0.071,0.535,-0.2404
50,1127,721,34.391,34.282,-0.0294,-0.0056,9.8136,-0.071,1.0821,-0.4178
55,1136,722,34.513,34.223,0.0262,-0.0415,9.8222,-0.3015,-0.6896,0.4895
60,1147,733,34.498,34.298,-0.0201,0.0297,9.7949,-0.0774,0.1833,-0.4429
65,1158,738,34.36,34.157,-0.0849,0.0349,9.8697,-0.4881,0.0336,0.4989
70,1159,744,34.541,34.22,-0.0044,0.0276,9.8171,0.3274,-0.3914,0.7259
75,1162,748,34.526,34.225,-0.0203,-0.0488,9.8279,0.756,-0.2329,0.4826
80,1174,754,34.46,34.257,0.0535,-0.0327,9.772,0.4041,-0.7037,0.4089
85,1174,764,34.475,34.188,0.0646,0.0371,9.8315,-0.6283,0.2655,0.4813
90,1181,769,34.4,34.255,0.005,-0.0243,9.7831,0.0394,-0.1457,0.9146
95,1180,783,34.458,34.372,-0.0128,-0.0242,9.8078,0.8147,0.0595,-0.5229
100,1187,785,34.429,34.173,0.071,-0.0659,9.8432,-0.1728,-0.9704,-0.1781
105,1182,791,34.462,34.195,-0.097,-0.0783,9.8083,1.1884,-0.6087,-0.8767
110,1190,801,34.417,34.275,0.037,0.0173,9.8472,0.045,-0.7774,0.2509
115,1177,804,34.478,34.218,0.039,-0.0049,9.7735,-0.2804,-0.0005,-0.6355
120,1187,814,34.475,34.197,-0.0201,0.0421,9.8679,0.2227,-0.3401,0.1625
125,1195,815,34.449,34.218,-0.0008,-0.0271,9.8142,-0.085,-0.3871,0.269
130,1191,823,34.437,34.302,0.0162,0.0657,9.7616,-0.6355,0.2577,-0.1994
135,1193,828,34.448,34.175,-0.0998,0.0099,9.7909,-0.3422,-0.5088,-0.0228
140,1193,838,34.521,34.276,0.0083,-0.0248,9.8029,0.0438,-0.264,-0.4219
145,1181,844,34.5,34.273,-0.1153,0.0616,9.8411,0.0734,0.0184,0.2044
150,1186,847,34.426,34.221,-0.0029,-0.0214,9.7571,-0.2706,-0.2318,-0.0378
155,1181,854,34.509,34.238,0.0261,0.0101,9.8058,0.895,0.2763,0.7069
160,1187,863,34.434,34.253,-0.0172,0.0091,9.8818,0.2383,0.0199,-0.5592
165,1179,865,34.518,34.206,0.0057,-0.0072,9.7761,-0.3142,-0.5113,0.1303
170,1182,867,34.458,34.283,0.0019,0.0331,9.8052,0.0706,0.2511,-1.1725
175,1175,871,34.52,34.105,-0.0504,-0.0404,9.8507,-0.3255,0.5825,-0.5341
180,1174,873,34.456,34.243,-0.0018,-0.0,9.7844,-0.1688,0.0152,-0.2883
185,1167,886,34.49,34.22,0.0655,0.0271,9.8654,0.4401,-0.0306,-0.2309
190,1163,888,34.517,34.175,-0.0212,0.0713,9.8133,0.467,-0.5234,0.5152
195,1162,892,34.502,34.251,0.0444,0.0477,9.8898,-0.092,0.3816,0.14
200,1159,896,34.494,34.213,0.0097,0.0064,9.7812,0.1532,0.3488,-0.0801
205,1155,895,34.457,34.186,0.074,0.0732,9.778,-0.4923,0.0793,0.3383
210,1157,895,34.505,34.218,-0.0139,-0.0488,9.7977,0.1349,-0.1239,0.5434
215,1172,901,34.477,34.239,-0.0199,0.0056,9.8422,0.4819,0.8071,-1.2456
220,1142,900,34.452,34.172,-0.0245,-0.005,9.8877,0.0393,0.7089,-0.1822
225,1152,904,34.457,34.19,-0.0117,0.0078,9.7641,0.1279,0.0001,-0.2168
230,1149,904,34.467,34.201,0.0151,-0.0948,9.7676,0.9403,0.225,-0.4779
235,1142,903,34.444,34.19,-0.0434,-0.0969,9.7772,-0.3326,-0.0579,-1.066
240,1135,912,34.543,34.159,0.0164,-0.0014,9.7647,-0.2141,0.1395,0.5753
245,1131,908,34.436,34.284,0.0155,-0.0648,9.7836,-0.6692,0.6221,-0.3407
250,1131,907,34.43,34.328,-0.0304,0.0365,9.7819,-0.4614,-0.1484,-0.1371
255,1131,910,34.447,34.27,-0.0233,-0.0438,9.8329,-0.6344,0.1208,0.1877
260,1126,912,34.475,34.208,0.0352,-0.0314,9.8768,-0.143,0.2666,-0.3123
265,1119,913,34.549,34.266,-0.0202,0.0435,9.8176,0.0723,-0.6134,-0.0288
270,1118,913,34.476,34.249,0.0043,-0.0245,9.876,1.2529,-1.1646,-0.1601
275,1114,909,34.485,34.198,0.1306,-0.021,9.7667,-0.6774,-0.0702,-0.9069
280,1110,907,34.491,34.296,-0.0462,0.0222,9.7971,0.8109,-0.6038,0.3107
285,1110,909,34.518,34.255,0.0307,-0.0055,9.8359,0.0443,-0.9842,0.5733
290,1114,905,34.471,34.243,-0.0687,0.0029,9.735,0.1024,-0.5071,-0.0283
295,1098,900,34.511,34.244,-0.06,0.0573,9.7987,0.1458,0.5451,0.5749
300,1107,907,34.477,34.242,0.017,0.056,9.8335,-0.4584,0.2268,-0.0008
305,1098,904,34.472,34.273,-0.0695,-0.0534,9.7803,0.1585,0.0799,0.1248
310,1111,905,34.573,34.303,0.0589,-0.0861,9.8043,-0.4798,0.3985,0.5566
315,1102,902,34.455,34.304,-0.0071,-0.0319,9.7311,-0.6613,-0.0561,-0.6633
320,1095,894,34.471,34.22,0.0057,0.0523,9.823,0.5392,0.2455,0.1904
325,1096,900,34.456,34.234,-0.0205,0.0494,9.7233,-0.3406,-0.2981,-0.2424
330,1093,896,34.567,34.264,-0.0354,0.0129,9.7817,-0.777,0.5519,-0.2647
335,1084,897,34.495,34.182,0.0332,0.0041,9.8537,0.118,-0.5948,0.1513
340,1092,892,34.452,34.174,-0.0278,-0.0218,9.782,-0.3668,0.4007,-0.09
345,1073,892,34.403,34.262,0.0154,0.0357,9.8133,-0.0194,0.7719,0.2268
350,1078,889,34.444,34.222,0.0257,0.0381,9.8608,-0.0151,0.2798,0.5904
355,1076,888,34.541,34.268,-0.0125,0.0473,9.8238,-0.0624,0.988,0.6242
360,1071,889,34.505,34.244,-0.0739,0.0631,9.832,0.1609,0.1362,0.0196
365,1081,880,34.477,34.267,0.0155,-0.0044,9.8482,0.5302,0.0222,0.1958
370,1073,875,34.474,34.205,-0.036,-0.002,9.8293,0.0256,-0.0727,1.4305
375,1075,880,34.476,34.265,0.1315,-0.0155,9.8735,-0.9892,-0.3353,-0.7124
380,1070,870,34.526,34.323,0.0516,-0.0444,9.8468,1.3698,0.7665,0.0144
385,1066,875,34.371,34.28,0.0905,-0.0138,9.8142,-0.9847,0.2774,-0.4955
390,1060,872,34.407,34.209,0.0431,-0.0703,9.7838,0.0991,-0.4239,0.4603
395,1046,870,34.497,34.356,-0.0479,-0.0352,9.9103,0.2768,0.1684,0.3357
400,1052,867,34.491,34.226,0.0029,-0.0155,9.899,-0.6327,0.1271,0.6115
405,1056,865,34.47,34.288,0.0882,-0.0051,9.7337,-0.2825,0.9578,-0.374
410,1046,867,34.475,34.234,-0.0185,0.0079,9.8902,0.2904,-0.313,0.8905
415,1044,872,34.475,34.146,0.071,0.0095,9.8141,0.492,-1.3266,0.9672
420,1044,868,34.48,34.256,-0.0537,-0.0571,9.7443,-1.221,-0.6452,0.675
425,1030,862,34.52,34.21,-0.0333,-0.0461,9.7796,0.0062,0.093,-0.7722
430,1026,862,34.464,34.224,-0.0145,-0.0811,9.7992,0.0509,-0.4975,-0.3106
435,1025,862,34.452,34.221,0.0138,-0.0327,9.802,0.0612,-0.1256,0.5782
440,1016,856,34.533,34.275,-0.0442,0.0493,9.8786,0.6403,-0.3309,0.3721
445,1003,860,34.458,34.182,0.0301,0.0278,9.806,0.3759,-0.2111,0.2208
450,995,858,34.514,34.226,-0.059,0.0096,9.7821,0.7815,-0.2619,-0.1039
455,993,858,34.437,34.287,0.0832,-0.018,9.7398,-0.3985,0.6427,0.7549
460,994,855,34.464,34.189,0.0252,0.0463,9.7013,0.1931,0.6289,-0.4765
465,976,850,34.478,34.36,-0.0294,0.0407,9.8198,0.1838,-0.0594,0.4101
470,976,851,34.438,34.284,0.018,-0.0241,9.8301,0.1584,0.5475,-0.1433
475,971,849,34.54,34.124,-0.0018,-0.0236,9.8149,-0.159,0.1694,-0.7242
480,964,841,34.483,34.232,0.1245,-0.065,9.8118,0.0463,0.071,-0.0161
485,955,844,34.491,34.256,0.0157,0.1048,9.7503,-0.1076,-0.3747,-0.0962
490,945,844,34.444,34.251,-0.0062,0.0041,9.9071,-0.4798,0.2203,0.0299
495,935,847,34.574,34.327,0.0469,0.0046,9.8643,0.5139,-0.0837,-0.1274
500,934,847,34.496,34.206,0.0046,-0.0206,9.8009,-0.2881,0.6071,-0.6129
505,922,837,34.463,34.252,0.0152,0.0628,9.8251,-0.0216,0.196,0.0662
510,916,837,34.447,34.256,-0.0767,-0.0297,9.8413,-0.3977,-0.6661,0.2745
515,906,835,34.524,34.262,-0.0297,-0.0116,9.6555,-0.4449,-0.0177,0.9841
520,893,835,34.525,34.274,0.0544,0.0174,9.8334,-0.5244,-0.6022,-0.6814
525,882,833,34.565,34.257,0.0359,-0.0542,9.8285,0.137,0.6814,-0.3956
530,881,837,34.436,34.26,-0.0591,-0.0504,9.8362,0.5552,-0.1739,0.081
535,870,828,34.582,34.252,-0.0287,0.0535,9.8069,0.2848,-0.1073,0.4305
540,860,828,34.475,34.218,-0.0075,-0.0229,9.7337,-0.2947,-0.5603,-0.1269
545,859,825,34.526,34.188,0.0178,-0.0207,9.8263,0.2567,0.7825,-0.5542
550,848,823,34.418,34.294,-0.0398,-0.0441,9.8761,0.6484,-0.3108,-0.1126
555,836,818,34.461,34.21,0.0587,0.061,9.9121,-0.5669,0.1007,-0.4461
560,824,815,34.502,34.293,-0.015,-0.0233,9.7832,0.9486,0.2642,1.4139
565,826,820,34.499,34.198,-0.0462,0.0315,9.8808,0.3285,-0.1998,0.3873
570,816,811,34.495,34.276,-0.0545,-0.033,9.7642,-0.612,-0.2876,0.235
575,807,811,34.438,34.272,-0.0268,-0.0622,9.8498,-0.8859,-0.0329,-0.154
580,795,803,34.484,34.209,0.0123,0.0716,9.8407,-0.0362,0.1881,0.2888
585,791,798,34.418,34.204,-0.0001,-0.0404,9.7833,-0.3286,-0.2729,-0.1957
590,783,793,34.542,34.344,-0.0991,-0.0759,9.8141,0.051,-0.0261,0.2793
595,786,794,34.61,34.211,-0.0131,-0.0794,9.7519,-0.3095,0.2949,-0.3265
600,782,780,34.428,34.324,-0.013,-0.0299,9.865,0.2469,0.33,-0.1728
605,770,784,34.434,34.325,0.0081,-0.0024,9.8647,0.1114,-1.0161,0.2122
610,760,778,34.51,34.241,-0.1064,0.0614,9.7896,0.4749,-1.0197,-0.6221
615,760,770,34.404,34.24,0.0286,0.0433,9.8405,0.023,-0.4433,-0.1525
620,759,772,34.52,34.272,-0.1054,-0.0726,9.8135,0.9992,-0.5213,0.7811
625,756,764,34.433,34.201,0.0283,0.0476,9.8653,0.0824,-0.2172,0.0949
630,763,756,34.507,34.297,0.0011,0.0014,9.796,-0.0354,-0.6881,0.0084
635,749,749,34.467,34.245,-0.0754,-0.0033,9.8668,-0.0004,0.6964,0.3028
640,739,748,34.388,34.275,-0.0174,-0.0348,9.8228,-0.1231,0.307,-1.2069
645,744,739,34.409,34.204,-0.0212,-0.0763,9.8135,-0.1302,0.7954,-0.1482
650,751,741,34.458,34.189,-0.0118,-0.0099,9.8559,0.9356,-0.266,-0.2257
655,749,730,34.473,34.303,0.0229,0.0287,9.7563,0.396,0.1835,-0.0553
660,742,730,34.427,34.266,0.0424,-0.0858,9.8522,-0.1298,0.2341,0.1949
665,750,728,34.445,34.203,-0.0539,-0.0638,9.8492,-0.2943,-0.2555,-0.5092
670,750,720,34.539,34.227,0.0033,0.086,9.7995,0.0051,0.1931,-0.2914
675,754,716,34.435,34.229,-0.0189,-0.0113,9.8008,-0.3272,0.2789,-0.2066
680,759,709,34.421,34.273,0.0849,0.0249,9.7941,-1.0717,-0.3127,0.7839
685,766,703,34.479,34.142,-0.0175,-0.0273,9.716,0.7445,-0.08,-0.5009
690,773,694,34.481,34.256,-0.0866,-0.0433,9.7776,-0.5084,-1.044,-0.6161
695,768,695,34.393,34.2,-0.0057,-0.0217,9.795,-0.18,0.4585,-0.0234
700,790,691,34.442,34.223,0.08,0.0273,9.9507,0.7107,0.564,-0.2376
705,785,686,34.552,34.218,-0.0924,0.1418,9.8373,-0.7209,0.5856,0.9075
710,798,691,34.394,34.187,0.0011,0.0325,9.727,-0.7723,-0.8199,0.0362
715,800,681,34.456,34.281,0.0238,-0.0462,9.7789,0.0085,0.5765,-0.3059
720,808,675,34.486,34.214,0.0646,-0.0132,9.7309,0.1776,-1.0347,-1.0148
725,823,671,34.572,34.272,0.051,0.0241,9.8383,-0.7712,0.472,-0.2453
730,823,668,34.52,34.296,-0.045,0.0436,9.8131,0.4927,0.3862,0.0289
735,838,661,34.421,34.314,0.0847,-0.0502,9.8094,-0.008,-0.1361,-0.7006
740,838,665,34.455,34.25,-0.0801,-0.0126,9.8029,-0.8199,-0.1158,-0.0512
745,856,660,34.37,34.285,-0.0074,-0.0763,9.7826,-0.2624,-0.0435,0.2388
750,858,657,34.467,34.231,-0.0237,-0.0345,9.7306,0.8464,0.2116,0.1071
755,872,658,34.463,34.305,-0.0008,0.138,9.8339,0.0405,-0.0211,-0.528
760,896,651,34.482,34.17,0.0859,-0.0106,9.891,-0.5325,0.0483,-0.2523
765,891,653,34.562,34.271,-0.0562,-0.0124,9.7576,0.0571,-0.1848,0.2067
770,906,658,34.473,34.234,0.0381,0.0007,9.7198,-0.5241,-0.5709,0.1726
775,924,652,34.535,34.172,0.0099,0.0416,9.8391,-0.3443,-0.3597,0.5569
780,931,654,34.592,34.341,0.114,-0.0334,9.8188,-0.133,0.3721,-0.091
785,942,648,34.494,34.292,-0.0129,-0.0323,9.8303,0.38,-0.7667,0.0018
790,946,651,34.554,34.179,-0.0063,-0.0654,9.8164,0.2953,-0.1503,0.2432
795,961,655,34.498,34.315,-0.003,-0.0091,9.7962,-1.1141,-0.0853,-0.3918
800,981,656,34.6,34.246,0.0508,-0.048,9.8695,-0.0024,0.2975,-0.4307
805,991,655,34.509,34.357,-0.0082,-0.0146,9.8156,0.2896,0.3662,-0.737
810,1005,657,34.365,34.282,-0.029,0.0097,9.7454,0.6211,0.2359,0.0635
815,1018,657,34.501,34.302,-0.0171,0.0337,9.7595,-0.125,-1.1093,-0.0001
820,1015,661,34.571,34.297,0.0203,0.0511,9.7192,0.2941,0.2774,-1.0571
825,1039,665,34.524,34.27,0.0995,0.0252,9.7463,-0.2167,0.2632,0.4713
830,1043,670,34.484,34.24,-0.0091,0.0344,9.7699,0.7738,-0.1804,-0.4275
835,1054,671,34.454,34.214,0.0937,0.0903,9.7846,-0.0073,-0.0517,0.6981
840,1068,679,34.512,34.291,-0.0083,-0.0006,9.7827,-0.3775,-0.4132,-0.1432
845,1074,680,34.47,34.236,0.0407,0.027,9.6976,0.8639,-0.2557,-1.0112
850,1097,688,34.507,34.291,0.0174,-0.051,9.8061,0.326,0.072,0.6975
855,1092,693,34.448,34.201,-0.069,-0.0061,9.7951,0.3448,1.3324,-0.0553
860,1099,690,34.475,34.247,-0.0685,-0.0234,9.8586,0.1308,-0.6774,0.6265
865,1111,697,34.5,34.331,-0.0455,0.0057,9.7809,0.653,-0.113,0.8873
870,1123,709,34.51,34.253,-0.0106,0.0198,9.9107,-0.008,0.1926,-0.2682
875,1122,719,34.495,34.239,-0.0135,0.0545,9.6838,0.1268,0.3648,0.2211
880,1134,718,34.511,34.334,0.0047,0.0146,9.8882,-0.4054,0.5095,-0.6717
885,1139,725,34.464,34.194,0.0794,0.0605,9.8006,0.4309,-0.2482,0.7834
890,1146,732,34.502,34.268,-0.0307,0.013,9.8275,0.0007,0.1768,0.8221
895,1162,737,34.5,34.291,0.0507,-0.0204,9.7832,0.2474,0.0355,-1.7793
900,1160,745,34.467,34.204,0.0853,-0.0174,9.7863,0.1357,0.4162,0.0565
905,1162,747,34.528,34.147,0.0022,-0.1047,9.8449,0.2702,1.2046,-0.5884
910,1165,758,34.489,34.238,-0.0345,-0.0289,9.8164,-1.3909,-0.085,-0.7998
915,1178,767,34.507,34.195,-0.0224,-0.0111,9.8913,0.0017,0.5241,0.639
920,1176,768,34.493,34.222,0.0878,0.0801,9.8499,-0.2755,0.2779,0.3655
925,1188,780,34.479,34.318,0.0073,-0.0057,9.8381,-0.1211,0.2716,-0.704
930,1183,787,34.444,34.295,0.0293,-0.0529,9.8336,-0.2897,0.0148,-0.3327
935,1192,798,34.397,34.244,-0.0906,-0.0617,9.8208,0.2854,-0.3027,0.0259
940,1180,801,34.473,34.188,-0.0196,0.054,9.8108,0.3737,-0.2939,-1.0679
945,1181,806,34.541,34.226,0.0168,0.059,9.7978,-0.6273,-0.0573,-0.5342
950,1193,814,34.449,34.242,0.0362,0.1573,9.8569,-0.273,0.9558,0.2458
955,1188,818,34.465,34.282,0.0349,-0.0762,9.7996,1.0231,-0.0568,0.3619
960,1190,825,34.497,34.267,0.0225,-0.0046,9.8852,-0.0224,0.0405,0.0313
965,1187,830,34.453,34.258,0.0463,-0.037,9.8608,-0.2514,-0.2422,0.8296
970,1182,832,34.561,34.313,0.0731,-0.0668,9.7694,0.4198,0.0048,0.2213
975,1184,843,34.435,34.323,0.0738,0.0157,9.8213,-0.2841,0.5312,-0.9403
980,1185,850,34.465,34.257,-0.057,-0.002,9.7729,-0.0328,0.4685,0.2583
985,1177,860,34.433,34.162,-0.0105,0.1238,9.8226,0.8881,-0.5016,-0.9666
990,1188,861,34.522,34.265,0.0556,-0.0584,9.7963,0.4363,-0.0201,-0.1866
995,1176,861,34.525,34.197,-0.042,-0.0065,9.8624,0.0352,-0.3766,-0.4927
1000,1184,869,34.566,34.204,0.1086,-0.0768,9.7506,-0.7298,-0.2306,0.328
1004,1168,871,34.496,34.261,-0.012,-0.0572,9.7398,-0.0001,-0.1615,0.6596
1010,1176,880,34.451,34.252,0.0119,0.0854,9.8026,1.1812,0.1843,0.3395
1014,1170,884,34.502,34.26,0.0439,-0.0361,9.7542,-0.5245,-0.1435,0.0402
1020,1175,884,34.5,34.274,-0.0601,0.0286,9.8472,-0.2787,-0.4951,-0.1646
1025,1154,893,34.545,34.325,-0.0019,0.0087,9.8078,0.2372,0.6705,-0.5622
1030,1155,892,34.511,34.133,0.0342,0.0451,9.8506,-0.5697,0.0651,-0.3162
1035,1161,894,34.494,34.278,0.0267,0.0129,9.8478,-0.178,-0.6873,-0.462
1040,1154,899,34.381,34.142,0.004,-0.0221,9.8129,0.5777,-0.5908,-0.2935
1045,1147,898,34.537,34.238,0.0677,0.0436,9.7863,-0.8944,0.1761,0.2795
1050,1143,904,34.481,34.223,-0.1278,0.0447,9.7598,-0.1881,0.4725,0.5118
1055,1151,906,34.529,34.229,0.0321,-0.0034,9.8111,-0.6662,0.2589,-0.6404
1060,1148,903,34.452,34.254,0.0145,-0.0571,9.8676,0.5084,-0.3214,0.439
1065,1149,906,34.432,34.288,0.0663,-0.0172,9.8608,-0.1313,-0.3491,0.8196
1070,1142,913,34.456,34.243,0.0144,-0.0106,9.801,0.0999,0.4915,0.2779
1075,1138,907,34.573,34.278,-0.0297,0.0039,9.8007,0.5937,0.5712,0.1303
1080,1125,911,34.523,34.199,-0.0232,0.0091,9.7923,-0.0174,0.4203,-0.5865
1085,1130,910,34.492,34.205,-0.0723,0.0124,9.7876,0.1802,0.3241,-0.9611
1090,1118,906,34.542,34.254,-0.1389,0.0099,9.7549,-0.7113,-0.2019,0.7747
1095,1107,911,34.497,34.228,0.0148,-0.0143,9.7092,-0.0788,-0.2146,-0.5667
1100,1120,912,34.505,34.233,-0.0441,0.0043,9.8425,0.3459,-1.0626,-1.0235
1105,1116,912,34.465,34.241,-0.0617,0.0079,9.8997,-0.5696,0.1867,0.0974
1110,1112,907,34.519,34.241,-0.0578,-0.0261,9.7687,-0.0158,-0.1142,-0.0508
1115,1122,909,34.567,34.193,0.012,-0.0079,9.7378,0.1442,0.2354,0.3286
1120,1099,905,34.477,34.315,0.0375,-0.0037,9.9145,-0.4021,0.1231,0.0576
1125,1104,901,34.479,34.19,0.0515,0.0488,9.7754,-0.0223,-0.9231,-0.0015
1130,1105,904,34.508,34.251,-0.0886,0.0299,9.8507,-0.9824,-0.0917,0.2328
1135,1096,903,34.469,34.179,0.0131,-0.0585,9.8527,0.278,-0.3694,-0.139
1140,1097,905,34.486,34.257,-0.0325,0.0892,9.7314,0.6384,-0.3964,1.1302
1145,1096,902,34.537,34.272,-0.1229,-0.0315,9.7952,0.0353,0.3624,0.0849
1150,1099,895,34.43,34.191,0.0238,-0.0147,9.6956,0.5213,-0.4481,0.0012
1155,1087,898,34.463,34.368,-0.0059,-0.0101,9.783,-0.0809,-0.2015,0.5689
1160,1090,895,34.573,34.205,-0.0003,0.0315,9.768,-0.6244,-0.1669,-0.2058
1165,1089,891,34.458,34.172,0.0251,0.0012,9.7735,-0.1253,-0.2271,0.0873
1170,1087,894,34.532,34.254,-0.0406,0.0268,9.7112,-0.4263,0.2698,0.0979
1175,1084,893,34.597,34.162,0.0513,0.0153,9.7317,-0.3687,0.1854,0.238
1180,1086,883,34.521,34.254,-0.0092,0.0393,9.7646,-0.7664,-0.182,0.0727
1185,1075,881,34.478,34.298,0.033,0.0855,9.778,-0.664,-0.2431,-0.0065
1190,1082,879,34.444,34.273,-0.0364,0.0445,9.7903,0.7079,0.3133,0.8038
1195,1071,881,34.423,34.332,0.0026,-0.0618,9.8531,0.0498,0.0462,0.1506
1200,1080,877,34.5,34.29,-0.0048,-0.0216,9.864,0.0681,-0.6368,-0.8616
1205,1073,880,34.533,34.292,0.0269,-0.0328,9.7574,0.4992,0.4561,-0.2259
1210,1082,878,34.614,34.224,-0.0283,0.0415,9.8518,0.2257,0.6093,0.0361
1215,1068,877,34.521,34.297,-0.0336,-0.0488,9.7588,0.11,-0.9471,0.2796
1220,1072,874,34.434,34.307,-0.0215,-0.0538,9.9256,-0.3815,-0.0303,0.1464
1225,1065,869,34.556,34.312,-0.0235,0.0427,9.8399,-0.416,-0.2866,0.1985
1230,1061,868,34.427,34.201,-0.0326,-0.0503,9.7565,-0.5212,0.1038,0.2221
1235,1058,865,34.451,34.199,0.0083,-0.0061,9.8706,-1.0971,-0.0891,-0.6245
1240,1043,866,34.411,34.314,-0.0021,-0.012,9.8406,-0.0525,0.0658,-0.2196
1245,1039,868,34.446,34.219,-0.0743,-0.0585,9.8584,-0.4258,-0.8235,-0.1389
1250,1035,864,34.395,34.25,0.049,0.083,9.8104,-1.3853,0.8198,0.4123
1255,1039,860,34.563,34.254,0.0089,-0.0217,9.7796,-0.4903,0.514,0.1782
1260,1017,858,34.56,34.333,0.0537,0.1143,9.8085,-0.0578,0.4678,0.5179
1265,1022,861,34.394,34.102,-0.0854,0.0402,9.7148,0.2978,-0.2397,-0.2541
1270,1025,856,34.492,34.161,-0.0345,-0.0021,9.8131,-0.2486,0.708,0.6074
1275,1007,853,34.483,34.347,0.0189,0.0078,9.8193,-1.0638,0.0132,-0.6724
1280,1003,854,34.466,34.316,0.0479,-0.0226,9.7961,0.0512,0.2823,0.6595
1285,1002,857,34.554,34.347,0.011,-0.0492,9.808,-0.0774,0.5272,0.0002
1290,983,848,34.491,34.168,0.0421,-0.0284,9.8385,0.5691,-0.0183,-0.2394
1295,990,854,34.507,34.22,0.0457,0.0253,9.8083,0.1642,-0.4883,-0.7056
1300,980,848,34.498,34.265,-0.0718,0.0175,9.8793,-0.7172,-0.3434,0.1191
1305,962,851,34.507,34.313,-0.0609,0.0138,9.7845,0.066,0.4034,-0.7025
1310,961,846,34.506,34.229,0.043,0.0614,9.764,0.8709,0.4098,-0.3894
1315,948,849,34.437,34.299,-0.0223,-0.0211,9.8538,-0.2841,-0.4091,-0.0761
1320,936,841,34.559,34.263,-0.0342,0.0151,9.7779,0.051,-0.0924,0.2253
1325,947,845,34.511,34.177,0.0311,0.0035,9.7858,-0.0364,-0.2202,0.3602
1330,944,845,34.554,34.215,0.0568,-0.0783,9.7643,0.4748,-0.6216,-0.7752
1335,930,844,34.519,34.193,0.0489,0.0667,9.84,-0.3612,0.2813,-0.153
1340,909,840,34.454,34.211,0.0403,0.0101,9.8422,0.0511,-0.5047,-0.2519
1345,903,839,34.456,34.253,0.0585,0.1142,9.8608,-0.4364,0.2032,-0.6933
1350,897,834,34.551,34.271,-0.129,0.0288,9.9419,1.4885,-0.5742,-0.0337
1355,886,829,34.393,34.269,-0.0165,0.0461,9.8615,0.3379,-0.2392,0.3542
1360,883,837,34.462,34.202,0.0067,0.0254,9.7994,-0.2815,0.5162,-0.6578
1365,873,828,34.484,34.316,0.1392,0.0636,9.7689,-0.2781,-0.1948,-0.2417
1370,863,826,34.508,34.297,0.0316,0.0025,9.8552,0.2275,0.1468,0.9567
1375,849,828,34.557,34.212,-0.0073,-0.0006,9.7138,1.1622,0.0423,0.8195
1380,842,822,34.442,34.243,-0.0262,0.0613,9.8534,-0.6635,-0.1096,-0.4202
1385,838,817,34.543,34.26,0.0261,0.0212,9.838,-0.2631,-0.6198,0.3898
1390,829,817,34.561,34.292,-0.0184,-0.0204,9.7717,-0.3998,-0.1885,0.3657
1395,829,813,34.42,34.262,-0.064,-0.0419,9.7942,1.2618,0.4288,-0.0121
1400,820,809,34.478,34.225,-0.0753,0.0244,9.826,0.1909,-0.053,0.2658
1405,802,806,34.464,34.187,-0.0368,-0.0129,9.7937,-0.7415,0.4115,-0.4125
1410,798,798,34.425,34.235,0.08,0.0058,9.8701,0.5033,0.2842,-0.3215
1415,793,791,34.513,34.158,0.0236,0.0231,9.8249,-0.2796,0.3051,-0.7205
1420,791,795,34.529,34.192,0.0937,0.0742,9.7123,0.4727,-0.0477,0.1067
1425,776,788,34.496,34.213,0.0261,0.0126,9.7689,-0.5758,-0.075,0.5055
1430,767,787,34.435,34.283,-0.0838,-0.1188,9.7936,-0.0983,0.0592,-0.6799
1435,774,783,34.469,34.309,-0.0651,-0.0441,9.84,-0.0406,-0.0033,-0.0184
1440,771,779,34.445,34.161,-0.0258,0.0094,9.7666,0.0128,0.0849,-0.3958
1445,746,773,34.508,34.225,0.0193,-0.0053,9.7635,0.2242,0.459,0.1573
1450,766,774,34.507,34.214,0.0469,0.0367,9.9347,-0.8411,-0.1857,-0.1952
1455,756,763,34.496,34.246,-0.0093,-0.0123,9.8022,0.0429,-0.6333,-0.424
1460,750,754,34.477,34.226,-0.0457,-0.0686,9.7871,0.7143,0.1785,-1.2963
1465,749,752,34.487,34.149,-0.0285,0.0192,9.898,-0.7525,0.0726,0.4217
1470,744,751,34.487,34.203,-0.0161,0.0711,9.815,-0.1118,0.1247,-0.2367
1475,748,746,34.511,34.284,0.0299,-0.003,9.7974,0.3556,-0.2696,-1.0812
1480,752,738,34.499,34.27,-0.0027,-0.0492,9.8969,-0.1877,0.1368,-0.8402
1485,738,733,34.518,34.236,-0.0035,0.0761,9.7703,0.3379,0.4022,-0.0546
1490,753,728,34.525,34.234,-0.0352,0.0112,9.8556,0.1963,-0.0178,0.3029
1495,745,724,34.47,34.187,0.014,0.0716,9.7864,0.0731,0.0626,0.5303
1500,752,718,34.622,34.22,-0.0122,0.044,9.8057,-0.531,-0.4061,0.6561
1505,760,714,34.433,34.28,0.0193,-0.1031,9.8428,0.6865,-0.1749,0.021
1510,752,711,34.525,34.262,-0.1098,0.046,9.7986,-0.2425,0.1552,-0.7553
1515,767,706,34.532,34.316,0.0401,-0.074,9.7314,0.2083,0.5601,-0.9913
1520,767,705,34.526,34.244,0.0478,0.033,9.9282,1.0427,1.2188,0.3275
1525,774,696,34.418,34.265,-0.089,-0.0277,9.8109,0.5166,-0.4263,0.5073
1530,778,692,34.536,34.323,0.0569,-0.0025,9.6855,0.964,-0.1341,0.8938
1535,784,684,34.509,34.24,0.0348,-0.0104,9.7992,0.1229,-0.1879,0.292
1540,799,680,34.51,34.224,-0.0149,0.013,9.7431,1.0732,-0.417,-0.4367
1545,791,674,34.424,34.224,0.0937,-0.0963,9.7671,1.2705,0.2193,-0.39
1550,805,673,34.51,34.237,0.0891,0.0258,9.8059,-0.7216,-0.486,0.6161
1555,814,673,34.497,34.304,-0.0477,-0.0384,9.8565,0.3434,0.2017,-0.3254
1560,822,673,34.468,34.184,-0.043,0.0519,9.7153,0.1488,0.109,-0.0731
1565,839,671,34.592,34.249,-0.0179,0.1085,9.8536,-0.7952,-1.4792,-0.3725
1570,846,661,34.5,34.22,-0.0242,-0.0353,9.8074,0.1499,-0.7783,0.1257
1575,856,657,34.472,34.285,0.0448,-0.1383,9.746,0.3834,0.1405,-0.5911
1580,860,662,34.535,34.238,0.0178,0.0531,9.7941,-0.6394,0.1285,0.4802
1585,879,657,34.473,34.201,-0.0596,-0.0246,9.7977,0.3513,-0.9346,-0.6338
1590,889,653,34.481,34.271,0.0278,0.0709,9.7329,0.5824,0.1931,0.3891
1595,899,648,34.54,34.32,0.006,0.0512,9.7804,0.8024,0.8046,-0.3059
1600,901,655,34.453,34.243,-0.0299,-0.0134,9.811,-0.2374,-0.7592,0.4578
1605,928,652,34.424,34.226,0.0694,0.063,9.7645,-0.1681,0.0918,0.1038
1610,928,659,34.401,34.305,-0.0807,-0.01,9.8038,-0.456,0.3368,-0.1419
1615,940,649,34.529,34.268,0.0541,0.0243,9.8048,-0.0881,-0.427,-0.524
1620,959,653,34.48,34.192,0.0989,0.0139,9.8277,0.3262,-0.4744,-0.2963
1625,964,651,34.518,34.282,-0.1066,0.0872,9.7856,0.09,0.5923,-0.448
1630,985,658,34.508,34.294,-0.0343,-0.0352,9.7811,0.0072,-0.4499,-0.6644
1635,983,657,34.455,34.165,0.0222,0.0944,9.8782,0.1228,-0.4713,-0.1108
1640,999,657,34.482,34.249,-0.0388,0.0113,9.8563,-0.938,0.1872,-0.6435
1645,1002,661,34.495,34.254,0.0621,0.0168,9.9113,-0.083,0.5571,0.0355
1650,1021,664,34.521,34.208,-0.016,-0.0021,9.7844,0.386,-0.2106,-0.5241
1655,1034,667,34.523,34.228,0.0398,0.0723,9.7925,0.8124,0.7038,0.2895
1660,1043,669,34.453,34.198,0.0147,-0.0869,9.9081,-0.2107,-0.2646,0.6755
1665,1054,672,34.576,34.324,0.1075,-0.0549,9.8052,0.4853,-0.779,-0.3846
1670,1067,674,34.526,34.189,0.0556,0.0269,9.7613,-0.1606,-0.4111,-0.0022
1675,1077,682,34.529,34.218,-0.0807,0.047,9.8518,-1.1826,0.4572,-0.2025
1680,1085,685,34.398,34.302,0.0218,-0.0712,9.7898,-1.2787,-0.2309,0.1085
1685,1096,692,34.496,34.333,-0.0042,-0.0624,9.7935,-0.0115,0.8184,0.3492
1690,1105,695,34.455,34.222,-0.0158,-0.0228,9.8555,-0.4266,0.3126,0.4725
1695,1115,694,34.545,34.269,-0.1169,0.0613,9.8452,0.1137,-0.0461,-0.53
1700,1119,704,34.604,34.277,-0.0739,0.068,9.8309,-1.0081,0.0562,0.2707
1705,1125,711,34.478,34.254,-0.0878,0.0997,9.8096,-1.163,-0.6063,0.7431
1710,1135,718,34.553,34.33,-0.0039,-0.0197,9.8696,0.086,0.5605,0.5693
1715,1143,731,34.506,34.202,0.0253,-0.0495,9.7671,-0.2615,-0.5903,-0.0104
1720,1150,734,34.496,34.245,-0.0014,-0.0658,9.8317,0.6954,-0.341,0.102
1725,1148,740,34.472,34.257,0.0576,0.0356,9.8392,-0.8897,0.1384,0.1924
1730,1160,743,34.515,34.382,-0.0511,0.0817,9.8088,0.6346,0.6107,-0.3177
1735,1162,745,34.523,34.251,0.0409,0.0627,9.7032,0.3801,0.0328,0.4024
1740,1165,761,34.44,34.277,0.045,-0.1368,9.8978,0.3987,0.2272,0.0805
1745,1177,767,34.505,34.252,-0.0205,-0.0359,9.7749,0.5446,-0.7428,-0.6732
1750,1175,775,34.559,34.228,0.0292,-0.031,9.9046,-0.1071,0.0074,0.4789
1755,1175,777,34.508,34.278,-0.0716,-0.0893,9.9255,0.0938,0.6183,0.1503
1760,1180,786,34.495,34.284,-0.0171,-0.0269,9.7788,0.7276,-0.9921,0.1959
1765,1175,797,34.497,34.212,-0.0688,0.0304,9.8782,0.4928,-0.186,-0.8317
1770,1184,802,34.48,34.191,0.0405,0.0618,9.804,1.1292,-0.7313,0.586
1775,1187,811,34.406,34.198,0.0255,-0.1232,9.6967,-0.4728,-0.278,-0.5719
1780,1187,807,34.428,34.177,-0.0499,-0.039,9.8632,0.6485,-0.7322,-0.1259
1785,1178,819,34.496,34.159,0.0472,-0.0511,9.8221,-0.1422,-0.0939,-0.0679
1790,1186,825,34.477,34.218,0.0535,-0.0394,9.7837,0.2671,-0.0339,0.4242
1795,1185,835,34.46,34.231,0.0434,0.0887,9.8284,-1.6591,-0.1569,0.285
1800,1178,839,34.548,34.279,-0.0422,-0.0331,9.8415,-0.0572,-0.1797,-0.5093
1805,1183,842,34.509,34.257,-0.0632,-0.0391,9.7609,-0.2631,0.3412,0.0095
1810,1188,852,34.557,34.22,0.0333,-0.0458,9.7412,0.5934,-0.2005,0.8943
1815,1187,858,34.447,34.194,-0.0064,0.029,9.8214,0.5525,-0.1958,-0.5267
1820,1172,861,34.588,34.224,0.0104,-0.0182,9.8076,-0.0679,-0.0106,0.6263
1825,1182,863,34.475,34.14,-0.0122,0.0475,9.7937,-0.0198,-0.4401,0.2433
1830,1176,873,34.461,34.317,-0.0736,-0.0631,9.7865,1.5918,0.4233,0.4187
1835,1167,876,34.46,34.205,-0.0348,0.0045,9.8332,-0.3574,-0.3111,-0.3965
1840,1170,878,34.439,34.298,0.0423,0.0113,9.8567,0.7189,-0.7988,0.2538
1845,1166,884,34.517,34.31,0.0388,0.0592,9.8499,-0.6482,-0.1201,0.106
1850,1160,886,34.557,34.32,0.0143,0.0493,9.8183,0.2656,-0.013,0.0568
1855,1150,886,34.527,34.236,0.0876,-0.0291,9.876,-0.2335,0.1555,-0.5304
1860,1155,900,34.428,34.269,0.0157,0.0271,9.8288,0.7103,-0.0348,0.9439
1865,1151,893,34.392,34.361,0.0177,-0.0304,9.7926,-0.0418,0.2146,-0.4723
1870,1148,907,34.53,34.11,0.0457,0.0411,9.7275,0.0443,-0.4915,-0.2117
1875,1140,904,34.448,34.249,0.0034,-0.0754,9.8281,-1.4599,0.057,-0.3472
1880,1150,907,34.464,34.173,0.0055,-0.0011,9.9499,-0.4115,0.22,-0.09
1885,1150,905,34.499,34.259,-0.0393,0.0385,9.8309,-0.877,0.2643,-0.7612
1890,1141,909,34.565,34.215,-0.0415,0.0688,9.8123,0.0483,0.4172,0.3342
1895,1137,906,34.534,34.29,0.0846,-0.0513,9.8429,-0.5342,-0.6898,0.6833
1900,1140,909,34.395,34.229,0.0397,0.0282,9.8177,-0.1554,-0.6485,0.0736
1905,1134,904,34.537,34.258,0.0038,-0.0062,9.7998,-0.544,-0.0257,0.1982
1910,1138,907,34.426,34.162,-0.0107,0.04,9.8581,-0.0108,-1.2863,-0.7112
1915,1129,910,34.496,34.275,0.0285,0.0904,9.7855,-0.4,-0.2872,0.7888
1920,1128,906,34.437,34.276,0.031,0.0202,9.7485,-0.5592,-0.3211,-0.1446
1925,1126,904,34.463,34.251,0.0023,-0.0689,9.7742,0.0885,0.2239,0.3842
1930,1114,908,34.485,34.34,-0.0162,-0.0003,9.8152,-0.2327,-0.4078,-0.2248
1935,1118,909,34.496,34.329,-0.0632,0.0183,9.7846,0.2145,0.2407,0.8723
1940,1112,908,34.587,34.177,-0.0616,0.0772,9.742,0.1169,-0.3521,-0.699
1945,1108,908,34.478,34.281,0.0673,0.1021,9.8424,0.2986,-0.2536,0.294
1950,1108,902,34.537,34.307,0.0529,-0.0029,9.8679,-0.3745,-0.5635,-1.1897
1955,1114,906,34.45,34.307,0.019,-0.0092,9.8432,0.0676,0.458,-0.1173
1960,1105,897,34.419,34.227,-0.0412,0.1111,9.7823,0.2014,0.2581,0.3431
1965,1097,905,34.527,34.286,0.0582,0.0558,9.7217,-0.144,-0.2262,-0.0362
1970,1098,900,34.504,34.32,-0.0083,0.0256,9.8235,-0.0849,0.8729,0.6258
1975,1090,899,34.456,34.306,-0.0587,-0.0062,9.8037,-0.1852,-0.4177,0.3167
1980,1097,897,34.497,34.245,-0.0096,-0.0449,9.6754,0.6532,0.2061,0.4325
1985,1089,902,34.505,34.228,-0.0118,0.0085,9.739,0.6131,-0.7556,0.2582
1990,1092,890,34.523,34.209,-0.0679,0.0104,9.6912,-0.1586,0.6801,0.5075
1995,1087,892,34.506,34.274,0.0898,0.0097,9.7793,-0.626,0.3757,-0.2317
2000,1087,893,34.557,34.179,0.0368,-0.107,9.8696,-0.9022,-0.8978,0.2261
2005,1090,886,34.491,34.217,0.0156,-0.1446,9.8581,-1.1219,0.1312,1.0961
2009,1086,886,34.36,34.285,-0.0099,0.0254,9.7759,-0.2862,0.5957,-0.5967
2015,1079,884,34.604,34.226,-0.0584,0.0041,9.8568,-0.1683,-0.2279,0.3234
2020,1085,887,34.584,34.13,0.0136,0.0372,9.8573,0.7132,-0.4019,0.3379
2025,1078,881,34.532,34.244,0.0348,0.0132,9.8725,0.9279,0.6161,0.1118
2029,1069,881,34.532,34.144,-0.0272,-0.054,9.7859,0.0777,-0.3142,-1.0338
2035,1070,878,34.494,34.219,-0.0733,-0.0042,9.724,0.4546,0.0345,-0.2378
2040,1070,872,34.394,34.266,0.059,0.0248,9.756,-0.2114,0.3423,0.1486
2045,1060,871,34.655,34.164,-0.0741,-0.0077,9.8624,0.5517,0.0731,0.5483
2050,1052,875,34.506,34.313,-0.0141,0.0283,9.8077,0.3927,-0.1701,0.3483
2055,1055,867,34.458,34.305,-0.0672,-0.0586,9.796,-0.3511,0.4549,-0.3373
2060,1059,873,34.496,34.263,0.0182,-0.0327,9.765,0.4601,-0.2282,-0.5844
2065,1058,869,34.49,34.267,-0.0254,0.0014,9.7526,0.2148,0.5098,-0.5059
2070,1051,866,34.53,34.206,0.0131,-0.0808,9.8063,0.2359,-0.3486,0.9673
2075,1035,864,34.473,34.274,0.0593,-0.0191,9.7772,0.2762,-0.4529,0.2239
2080,1031,860,34.387,34.31,0.0702,0.0439,9.8455,-0.5705,-0.5035,0.0598
2085,1038,861,34.496,34.32,-0.0074,-0.0243,9.764,-0.3113,0.2352,-0.3631
2090,1025,862,34.567,34.213,-0.0156,-0.0219,9.7667,1.0276,0.8254,-0.1318
2095,1022,861,34.521,34.268,0.0427,0.0208,9.7229,0.6464,-0.3289,-1.0333
2100,1020,858,34.557,34.402,-0.0958,-0.1052,9.7363,0.1543,0.0745,-0.0228
2105,1013,864,34.557,34.248,0.0135,0.0201,9.7295,0.8108,-0.0321,0.2454
2110,995,852,34.435,34.252,0.0658,-0.1052,9.807,0.0788,-0.2684,-0.0028
2115,998,858,34.513,34.17,0.0076,-0.0147,9.7879,0.8704,-0.1936,-0.2179
2120,991,857,34.433,34.281,0.0228,0.0563,9.9023,-0.0954,0.4229,-0.2205
2125,990,859,34.475,34.296,-0.0975,-0.0164,9.8324,-0.4555,0.1938,-0.2698
2130,976,853,34.536,34.302,0.0691,-0.0356,9.9633,-0.1262,0.265,-0.7954
2135,966,847,34.417,34.189,-0.0538,-0.0083,9.7839,-0.5916,-0.3255,0.5017
2140,960,851,34.459,34.334,0.0596,-0.0352,9.7827,0.1915,0.379,-0.4104
2145,944,840,34.603,34.315,0.0934,0.0751,9.804,0.6864,0.2044,-0.4244
2150,945,846,34.446,34.222,-0.0095,-0.0126,9.7954,-0.2789,0.6404,-0.5449
2155,941,846,34.567,34.29,0.0545,-0.0196,9.8541,0.1817,0.4155,-0.5948
2160,929,844,34.57,34.283,-0.0106,0.1567,9.8438,-0.3747,0.1211,0.189
2165,917,843,34.519,34.329,-0.1365,0.0487,9.8154,-0.9159,0.2468,0.1581
2170,917,839,34.504,34.31,0.1157,-0.0581,9.8488,0.2972,0.9109,0.87
2175,903,838,34.469,34.241,-0.0356,0.0343,9.867,-0.4981,-0.3961,-0.4756
2180,897,837,34.487,34.34,-0.0141,0.1165,9.816,0.2252,-0.4629,0.159
2185,889,835,34.5,34.357,0.0834,-0.0777,9.7445,0.5572,-0.1211,0.068
2190,871,830,34.449,34.265,-0.0299,-0.0297,9.9297,0.4895,0.3107,0.1245
2195,871,828,34.484,34.253,0.0165,-0.0241,9.8784,-0.6302,0.4143,0.0154
2200,862,826,34.516,34.276,-0.0489,-0.0223,9.806,-0.0501,-0.7883,0.4842
2205,854,820,34.48,34.2,-0.0113,0.0013,9.7966,0.4803,0.2281,0.1459
2210,837,823,34.406,34.255,0.0893,-0.0264,9.814,0.518,-0.116,-1.3913
2215,831,825,34.575,34.271,0.0037,-0.0099,9.8364,-0.3656,-0.3202,-0.7808
2220,832,817,34.459,34.191,-0.0635,-0.011,9.8107,-0.5401,-0.3844,-0.4036
2225,823,810,34.559,34.27,-0.0638,0.0032,9.7504,0.2806,0.8965,-0.0241
2230,810,810,34.498,34.242,0.0006,0.1322,9.847,-0.0875,-0.261,-0.0547
2235,804,808,34.469,34.224,0.029,0.0181,9.7913,0.1131,0.5091,-0.529
2240,802,801,34.456,34.348,-0.0809,0.0526,9.8394,-0.4947,0.3131,-0.3129
2245,791,796,34.5,34.296,0.0436,-0.0035,9.7096,-0.6257,0.4474,0.3032
2250,787,795,34.528,34.288,-0.0379,0.0981,9.7844,-0.856,0.0353,-0.1166
2255,775,791,34.511,34.287,0.0255,-0.0383,9.8065,0.0763,-0.1073,0.2664
2260,772,780,34.515,34.072,0.0285,0.0158,9.8146,0.8098,-0.6838,-0.1989
2265,765,782,34.474,34.24,-0.0903,0.0124,9.8385,0.3386,0.5463,0.8082
2270,765,780,34.477,34.197,0.068,0.0362,9.7943,-0.7169,-0.8846,0.2348
2275,764,776,34.52,34.304,-0.011,0.0356,9.8244,0.0242,0.0989,0.661
2280,760,765,34.481,34.303,0.0264,0.0103,9.8145,-0.0993,0.2238,-0.5755
2285,744,761,34.475,34.263,-0.0094,0.0008,9.7742,-0.1552,-0.0926,0.1657
2290,756,757,34.443,34.295,0.0554,-0.0509,9.7697,-0.4442,0.1145,-0.373
2295,755,756,34.553,34.279,0.0765,0.0016,9.7579,0.0401,-0.4817,0.4008
2300,751,746,34.476,34.201,0.073,0.01,9.7255,-0.0289,-0.1432,0.6855
2305,756,744,34.505,34.193,0.0712,-0.0743,9.739,-0.0463,-0.5323,-0.2215
2310,743,742,34.476,34.252,0.0586,-0.0341,9.7936,-0.2132,-0.0108,-0.3394
2315,749,733,34.557,34.287,0.0082,-0.0418,9.7803,0.4052,-0.1043,-0.0599
2320,745,724,34.557,34.172,0.081,-0.0125,9.7608,0.3122,-0.4416,-0.3416
2325,753,722,34.528,34.207,0.1392,-0.0894,9.8515,0.0416,-1.1145,0.5467
2330,749,718,34.374,34.229,0.1123,-0.0539,9.8665,0.1255,0.4046,-0.2981
2335,757,716,34.496,34.239,-0.0212,-0.0216,9.87,-0.7122,-0.2806,-0.2822
2340,765,705,34.47,34.366,-0.0443,-0.0339,9.8148,0.3427,0.4416,0.0425
2345,771,706,34.559,34.291,-0.0232,-0.0382,9.8792,0.1993,0.1845,-0.2113
2350,770,698,34.445,34.177,0.1028,-0.0583,9.8187,0.7648,-0.4834,0.2357
2355,773,696,34.542,34.144,0.0488,0.0764,9.7381,0.0633,-0.8908,-0.4548
2360,775,689,34.501,34.253,-0.0193,-0.1061,9.8149,0.3042,-0.6642,-0.341
2365,788,687,34.464,34.287,0.0367,-0.0163,9.7663,0.3877,0.3911,0.4284
2370,802,679,34.488,34.189,-0.006,0.0018,9.8168,0.5633,0.1102,-0.7296
2375,807,671,34.544,34.252,0.0045,0.0369,9.7409,0.4939,0.4363,0.1909
2380,802,675,34.496,34.301,0.0188,0.0397,9.7437,-0.7253,-0.3643,-0.1012
2385,824,676,34.577,34.284,-0.0396,-0.0171,9.7475,-0.4224,-0.0675,-0.673
2390,816,663,34.581,34.259,-0.0106,-0.0,9.8561,0.3932,0.7619,-0.226
2395,835,664,34.552,34.193,0.024,0.0347,9.8174,0.8877,-0.2613,-0.8811
2400,850,658,34.5,34.302,-0.0066,-0.0354,9.8703,0.0067,0.5516,-1.0732
2405,853,661,34.409,34.304,-0.0095,0.0132,9.7675,0.3752,-0.2002,-0.6941
2410,864,654,34.511,34.219,-0.0048,0.0241,9.8098,-0.2321,-0.2892,0.0958
2415,875,660,34.573,34.271,0.0005,-0.0688,9.747,0.0279,-0.9785,0.349
2420,883,653,34.49,34.259,-0.0248,0.0217,9.7692,-0.3172,-0.1292,-0.3994
2425,909,656,34.437,34.272,-0.0068,-0.0297,9.7405,0.3942,-0.5472,0.5642
2430,911,649,34.483,34.254,-0.0393,-0.0068,9.8646,-0.6543,1.1137,0.0293
2435,919,651,34.587,34.25,-0.022,-0.0014,9.8561,0.3403,0.288,0.1059
2440,934,645,34.483,34.281,-0.0261,-0.0644,9.8775,0.7265,-0.6998,0.3567
2445,943,653,34.474,34.228,-0.0562,0.0248,9.846,0.6287,0.5922,-0.0322
2450,959,653,34.449,34.364,-0.0211,0.0461,9.9224,0.471,-0.6248,0.4856
2455,967,651,34.484,34.327,0.0326,-0.0169,9.7689,0.495,-0.485,0.3102
2460,977,656,34.536,34.337,0.022,0.0566,9.8374,-1.1637,-0.9124,0.2771
2465,991,655,34.587,34.249,-0.0194,-0.0022,9.8036,0.3983,-0.0577,0.3336
2470,1005,652,34.595,34.209,0.0263,0.0362,9.8009,0.9485,0.692,0.0338
2475,1006,659,34.591,34.294,-0.0004,0.0059,9.788,0.7524,0.8477,0.2834
2480,1030,664,34.528,34.277,0.017,-0.0088,9.821,-0.0446,-0.5574,0.2425
2485,1040,668,34.511,34.251,0.0252,-0.075,9.8612,-0.8247,0.2121,-0.1909
2490,1047,671,34.555,34.346,0.0716,-0.0411,9.8012,0.0807,0.2682,0.0201
2495,1059,677,34.522,34.24,0.0337,-0.0122,9.842,0.2109,-0.033,0.1292
2500,1067,678,34.493,34.232,-0.0176,0.0674,9.9114,-0.1331,0.2703,-0.7633
2505,1079,681,34.553,34.174,0.0167,-0.0071,9.7777,0.7864,-0.3875,0.5517
2510,1085,688,34.5,34.236,-0.0232,-0.0668,9.7507,-0.6305,0.9993,0.2253
2515,1095,691,34.515,34.243,-0.0304,0.0746,9.8639,-0.5459,0.0716,-0.0298
2520,1102,694,34.494,34.239,0.0222,-0.0741,9.8441,-0.0835,-0.3806,0.5023
2525,1116,703,34.502,34.194,-0.0019,0.0993,9.8539,-0.3633,0.3315,-0.3934
2530,1123,707,34.514,34.258,-0.0352,0.0472,9.8464,0.5618,-0.3996,-0.5682
2535,1125,719,34.515,34.151,-0.0542,0.0397,9.8286,-0.4709,-0.7315,-0.1457
2540,1150,721,34.419,34.265,-0.0196,0.0062,9.8816,-0.2267,0.5114,0.3797
2545,1145,724,34.473,34.41,-0.1161,0.0686,9.7236,0.1642,-0.0811,-0.6701
2550,1152,732,34.477,34.321,0.01,0.0225,9.8414,1.0301,-0.4052,0.3822
2555,1161,737,34.468,34.246,0.0096,-0.0012,9.8252,-0.4303,0.4416,1.1305
2560,1164,746,34.441,34.368,-0.0047,-0.0299,9.8235,-0.049,0.5331,0.318
2565,1162,755,34.538,34.228,-0.1059,0.0767,9.7769,-0.0309,-0.1747,0.7532
2570,1177,756,34.477,34.229,-0.0177,-0.0093,9.7741,0.6525,-0.1219,0.0466
2575,1173,770,34.52,34.246,0.0288,-0.0253,9.8551,-0.1202,-0.2234,0.2195
2580,1178,771,34.549,34.274,-0.0609,-0.0269,9.8267,0.7408,-0.1515,-0.1447
2585,1171,780,34.45,34.245,-0.0122,0.0371,9.7615,0.296,0.4135,-0.0126
2590,1174,788,34.523,34.352,-0.067,0.1232,9.8337,-0.105,-0.1285,0.2202
2595,1185,795,34.586,34.185,0.0205,-0.0166,9.7368,-0.108,-0.5011,0.3146
2600,1187,802,34.548,34.176,0.024,0.0258,9.8282,0.2961,-0.0455,-0.9059
2605,1197,813,34.546,34.183,-0.0161,0.0827,9.9208,-0.2594,0.233,0.7876
2610,1196,814,34.523,34.278,0.0473,0.0514,9.8792,1.3225,0.7861,0.1045
2615,1185,826,34.538,34.206,0.0227,-0.0302,9.828,0.52,0.7346,-0.3397
2620,1192,818,34.621,34.316,0.0585,-0.0153,9.8487,-0.0583,-0.1003,0.6893
2625,1184,833,34.54,34.292,-0.0288,0.0094,9.8198,-0.6038,-0.2182,0.8216
2630,1177,843,34.5,34.258,-0.0092,0.005,9.8499,0.0774,0.111,-0.4439
2635,1189,845,34.556,34.341,0.0381,-0.063,9.7884,-0.7061,-0.19,-0.4964
2640,1182,856,34.537,34.174,0.0153,-0.0712,9.7249,-0.1912,0.0631,1.3363
2645,1183,856,34.546,34.225,-0.0567,-0.0235,9.8768,0.3411,-0.8669,-0.1197
2650,1183,859,34.558,34.354,0.0407,0.0113,9.9005,1.0013,0.1983,0.4612
2655,1170,869,34.575,34.238,-0.0831,-0.0172,9.8276,-0.3991,0.1022,0.0163
2660,1168,875,34.562,34.228,-0.0303,0.0847,9.8419,-0.5279,-0.4116,-0.8573
2665,1170,875,34.557,34.216,-0.109,-0.0841,9.8275,-0.2158,0.4662,0.0357
2670,1168,878,34.564,34.298,0.0031,-0.016,9.8329,0.2478,-0.1012,-0.6465
2675,1177,885,34.516,34.266,0.0248,0.043,9.8272,0.4421,-0.4532,0.1717
2680,1166,888,34.426,34.249,-0.0253,0.0081,9.7872,-0.5222,0.2915,0.0254
2685,1162,890,34.51,34.275,-0.0288,0.0038,9.7734,-0.3701,-0.1261,-0.2183
2690,1163,893,34.475,34.178,-0.061,0.1039,9.7814,-0.6452,-0.0036,-0.4767
2695,1161,900,34.537,34.264,-0.0264,0.0108,9.8714,0.3463,-0.0254,0.6832
2700,1154,894,34.564,34.31,-0.0965,0.0022,9.8123,0.3315,-0.07,0.1641
2705,1150,909,34.549,34.162,-0.0175,0.1273,9.8446,0.0569,0.4458,0.9359
2710,1153,906,34.45,34.284,-0.0035,-0.0201,9.7991,0.0514,0.0058,-0.1467
2715,1148,906,34.513,34.181,-0.0129,-0.0431,9.8114,-0.1575,-0.994,-0.836
2720,1134,901,34.559,34.232,0.0431,-0.0197,9.8635,0.5648,0.3288,-0.3081
2725,1138,907,34.407,34.192,0.0205,0.0688,9.8744,-0.1266,0.2794,-0.3505
2730,1143,910,34.543,34.273,-0.0242,-0.0192,9.8472,0.6963,-0.5826,0.0989
2735,1126,912,34.479,34.269,0.0137,-0.0286,9.7883,0.7736,-0.3033,-0.546
2740,1120,908,34.499,34.199,0.0042,-0.052,9.8413,-0.6538,-1.1361,-0.1185
2745,1135,909,34.409,34.214,0.1137,-0.0794,9.8066,0.017,-0.3337,-0.3892
2750,1117,909,34.456,34.25,0.0298,0.0879,9.7454,0.5557,-0.7784,-0.1736
2755,1121,914,34.564,34.294,0.0007,-0.0777,9.8484,-0.5761,-0.4955,0.1214
2760,1114,912,34.483,34.232,0.0261,-0.0113,9.8341,-0.3118,0.0498,-0.0111
2765,1114,907,34.436,34.23,0.031,-0.0348,9.6804,0.8294,-0.3945,-0.219
2770,1109,906,34.523,34.28,0.0366,-0.0318,9.8059,0.1992,-0.258,-0.2087
2775,1105,910,34.583,34.253,-0.0101,0.0335,9.8332,0.0715,-0.3196,0.3587
2780,1105,907,34.485,34.289,0.0292,-0.0718,9.8375,0.4266,0.0635,0.9947
2785,1109,907,34.571,34.295,0.0224,0.0251,9.7386,0.5223,0.7,0.6917
2790,1103,900,34.385,34.27,-0.0456,-0.039,9.859,-0.746,-0.5486,-0.4047
2795,1102,904,34.469,34.239,-0.0086,0.0377,9.8647,0.6509,-0.8086,1.5409
2800,1094,900,34.51,34.282,0.0515,0.0701,9.8059,-1.0838,-0.1617,0.4526
2805,1097,900,34.503,34.222,-0.0128,0.0398,9.8079,0.0856,-0.4131,-0.5963
2810,1096,898,34.502,34.279,0.0022,0.0141,9.8184,-0.2703,0.3079,0.4308
2815,1086,890,34.501,34.19,-0.016,-0.0088,9.8069,-0.1857,-0.6968,-0.2481
2820,1089,894,34.501,34.311,0.0583,0.0994,9.8296,0.4554,-0.4229,0.3655
2825,1087,891,34.485,34.271,-0.051,-0.0724,9.7751,-1.2066,0.2567,-0.9577
2830,1084,893,34.437,34.257,0.0176,0.0207,9.8535,-0.7155,0.4183,0.1862
2835,1082,888,34.478,34.261,-0.0325,-0.0584,9.7846,0.1074,0.2447,0.6339
2840,1081,890,34.499,34.231,-0.045,0.0359,9.7788,-0.4643,-0.131,0.3853
2845,1079,883,34.449,34.211,-0.0574,0.0322,9.919,0.5943,0.8836,-0.5433
2850,1075,887,34.585,34.239,0.0223,0.02,9.8859,0.1605,-0.7509,0.6038
2855,1080,882,34.521,34.248,0.0157,-0.0408,9.7801,-0.8588,-0.6461,-0.1984
2860,1072,881,34.421,34.325,0.0157,-0.0794,9.8935,0.321,0.2475,-0.2323
2865,1076,880,34.495,34.166,0.0607,0.006,9.833,-0.1844,0.0983,-0.0943
2870,1059,875,34.518,34.254,0.0001,0.0374,9.8194,0.134,-0.035,-0.7766
2875,1066,877,34.616,34.335,-0.0053,-0.0786,9.7645,0.0846,-0.2705,-0.67
2880,1055,874,34.478,34.218,0.0433,0.079,9.7608,-0.1983,0.1836,0.4046
2885,1056,872,34.476,34.225,-0.0819,0.0016,9.7635,0.0623,0.7642,-0.9531
2890,1055,869,34.561,34.258,0.0063,0.0004,9.7042,-0.1562,-0.9036,0.4169
2895,1042,866,34.542,34.266,-0.079,-0.0457,9.8711,-0.52,-0.1543,0.2502
2900,1048,866,34.492,34.251,0.0356,-0.0395,9.8046,-0.3615,0.3871,0.6037
2905,1038,861,34.505,34.282,0.0109,-0.1103,9.826,0.3518,0.0664,-0.2961
2910,1031,866,34.453,34.225,0.0577,-0.0138,9.845,0.3102,-0.3784,0.2086
2915,1028,860,34.419,34.299,-0.0339,0.0412,9.7855,-0.1541,0.2502,0.14
2920,1032,861,34.499,34.279,-0.0671,-0.0888,9.8624,0.2044,0.6452,0.0568
2925,1010,855,34.526,34.269,0.0094,0.0126,9.7593,0.7843,0.7481,-0.8087
2930,1012,863,34.406,34.365,0.0529,-0.0135,9.8141,0.1494,0.7925,0.2586
2935,1005,854,34.481,34.261,0.028,0.0359,9.8644,0.6308,-0.4727,0.9297
2940,996,856,34.466,34.221,0.014,-0.0289,9.8199,0.0623,0.3449,-0.163
2945,997,853,34.473,34.239,-0.008,0.0478,9.7808,-0.6363,0.5109,-0.2052
2950,990,856,34.447,34.356,0.0845,0.0324,9.7723,-0.1381,0.1363,0.5455
2955,980,852,34.539,34.317,-0.0353,-0.0414,9.85,0.8743,1.3571,-0.3507
2960,968,847,34.527,34.269,0.0225,0.014,9.9029,0.5948,-0.5381,-0.093
2965,962,845,34.571,34.324,0.0423,-0.0646,9.8203,0.2258,-0.5656,-0.0064
2970,961,851,34.427,34.226,0.0671,0.0137,9.7539,-0.0516,-1.2417,0.1134
2975,965,846,34.493,34.285,-0.1053,-0.0497,9.8724,-0.9875,-0.7944,0.3257
2980,952,851,34.53,34.326,-0.0927,-0.081,9.8612,0.8689,0.3573,-1.1707
2985,933,848,34.489,34.227,-0.0235,-0.0926,9.7975,-0.2337,-0.3394,0.6804
2990,931,848,34.533,34.243,0.0598,0.0239,9.848,-0.1433,-0.0051,0.0152
2995,920,844,34.605,34.312,0.065,-0.029,9.7715,-0.6025,-0.6435,0.0462
3000,903,837,34.5,34.31,0.0706,-0.1169,9.7486,-0.3221,0.4639,0.7268
3005,913,838,34.454,34.314,0.0383,0.0141,9.8011,-0.8022,0.1274,-0.2784
3010,909,832,34.465,34.333,0.0005,0.0202,9.8071,0.0196,0.2269,-0.2514
3015,885,831,34.457,34.164,0.051,-0.0082,9.7256,-0.5288,-0.7072,0.5333
3020,879,830,34.463,34.285,0.0215,0.0275,9.755,0.1865,1.0251,0.1638
3025,874,831,34.591,34.35,-0.0523,0.056,9.852,-0.2785,-0.0334,0.0106
3030,865,823,34.556,34.275,0.0091,-0.0579,9.7706,-0.4856,-0.65,-0.5555
3035,857,828,34.48,34.31,0.075,0.0448,9.7222,-0.3776,0.4445,-0.4709
3040,850,817,34.562,34.282,0.0449,0.0306,9.726,0.1726,-0.3195,0.8743
3045,829,817,34.576,34.204,0.0608,-0.1007,9.823,-0.2568,0.4978,-0.464
3050,837,815,34.446,34.183,-0.0174,-0.0029,9.7761,-0.9034,-0.022,-0.2964
3055,820,813,34.588,34.218,0.0608,0.0233,9.866,-0.4501,-0.5889,-0.5884
3060,803,812,34.408,34.315,0.0592,0.048,9.9045,-0.2593,0.0278,-0.1139
3065,801,803,34.48,34.299,0.0402,-0.06,9.8466,0.4529,0.5428,0.3412
3070,799,797,34.438,34.343,0.0068,0.1045,9.702,0.0052,0.0544,-0.1398
3075,787,801,34.476,34.222,-0.0221,0.0668,9.8566,-0.4801,0.0814,-0.057
3080,790,790,34.492,34.325,-0.0573,0.0093,9.8182,-0.1691,0.0925,-0.7761
3085,779,787,34.545,34.328,0.056,-0.033,9.7706,0.0742,0.3498,-0.5655
3090,774,786,34.494,34.27,0.0995,0.044,9.8011,0.6904,0.2647,0.51
3095,769,778,34.485,34.218,0.0266,-0.0698,9.843,0.2465,-0.2057,0.2905
3100,763,775,34.521,34.267,0.0039,-0.019,9.7969,-0.3289,0.3233,-0.3102
3105,759,769,34.611,34.261,0.0453,0.0304,9.7754,-0.6459,0.0424,0.1334
3110,755,769,34.477,34.181,-0.043,0.1133,9.82,-0.2658,-0.3532,-0.0494
3115,751,761,34.579,34.3,0.0669,-0.006,9.7651,-0.1782,0.4154,-0.4151
3120,756,756,34.525,34.278,-0.0187,0.0221,9.769,0.5646,-0.6505,0.0186
3125,751,754,34.585,34.187,0.0435,0.0294,9.8218,0.4322,0.5445,0.0612
3130,748,744,34.406,34.301,0.0197,0.0311,9.8165,-0.6372,0.1975,0.4036
3135,752,742,34.519,34.226,0.051,-0.0303,9.8222,0.5135,-0.0113,-0.2396
3140,751,737,34.561,34.326,0.0413,-0.0819,9.6946,0.9134,-0.4835,-0.7238
3145,749,733,34.539,34.146,-0.0093,-0.0291,9.8473,-0.4398,-0.2453,-0.2734
3150,752,731,34.442,34.138,0.0043,-0.0412,9.8083,-0.847,-0.213,0.1454
3155,754,721,34.584,34.311,-0.0169,0.0452,9.7635,-0.3498,0.5795,-0.4355
3160,750,717,34.434,34.317,-0.006,-0.1908,9.7647,-0.5337,-1.3585,0.2732
3165,758,705,34.604,34.253,0.0428,0.0126,9.9064,0.8352,0.1863,0.1687
3170,751,707,34.465,34.191,0.1117,0.0527,9.8086,0.3773,0.5491,0.3531
3175,763,707,34.516,34.327,0.0251,0.0362,9.8106,-0.1659,-0.8182,-0.0697
3180,763,700,34.484,34.329,0.0041,0.0492,9.79,0.0254,0.0333,-0.5594
3185,776,694,34.542,34.362,0.0363,0.0086,9.7685,0.979,-0.6942,0.3259
3190,787,689,34.581,34.272,0.0857,-0.0165,9.8093,-0.5774,-0.5384,1.0253
3195,789,684,34.531,34.3,-0.0339,-0.0142,9.772,0.5303,-0.0501,0.294
3200,805,679,34.495,34.352,-0.0124,-0.0345,9.8707,0.2248,1.0322,-0.7342
3205,802,676,34.432,34.3,-0.0124,0.0408,9.7487,0.2101,-0.7275,0.7673
3210,826,679,34.452,34.272,0.0309,0.0234,9.8303,-0.3224,-0.8573,0.294
3215,816,669,34.465,34.279,0.0531,0.0412,9.806,-0.7656,-0.6559,-0.7178
3220,831,663,34.486,34.273,-0.0439,0.0324,9.8416,-0.191,-0.9107,-1.0878
3225,835,665,34.554,34.322,-0.0067,-0.0032,9.8247,-0.1163,0.1219,0.2184
3230,853,663,34.487,34.313,0.0349,-0.0118,9.7439,-0.2127,0.1895,-0.1903
3235,857,657,34.537,34.216,-0.0751,0.013,9.9157,-0.5915,0.2794,-0.0657
3240,869,660,34.501,34.261,0.0587,0.0334,9.7992,-0.2194,0.3607,0.5343
3245,886,656,34.509,34.201,0.0528,-0.0239,9.8841,0.2464,-0.142,0.0586
3250,890,657,34.422,34.25,0.0557,0.015,9.8515,0.2994,-0.4884,-0.3363
3255,899,658,34.535,34.313,0.0153,0.0278,9.7964,0.4469,-0.6599,-0.0411
3260,911,654,34.541,34.3,-0.0689,-0.0035,9.7228,-0.2193,0.4122,-0.492
3265,916,649,34.43,34.281,-0.0264,0.0607,9.8689,0.2532,0.5431,0.0329
3270,930,653,34.547,34.185,0.015,-0.0236,9.7957,-0.4097,-0.3382,0.2346
3275,956,652,34.43,34.275,0.0286,0.0875,9.7788,-0.1529,-0.0562,0.2515
3280,959,650,34.537,34.234,0.0999,0.0334,9.7856,0.1588,-0.1435,-0.3135
3285,970,654,34.552,34.253,-0.0492,0.0464,9.8581,0.0886,-0.0562,0.0662
3290,983,657,34.383,34.33,0.0067,-0.0079,9.8149,0.3287,-0.2996,0.4554
3295,997,659,34.564,34.237,-0.0392,-0.0499,9.8685,0.3127,-0.9546,-0.0221
3300,1009,656,34.533,34.281,0.0195,0.0016,9.7643,0.3313,-0.5353,0.3902
3305,1010,661,34.495,34.229,-0.0026,-0.025,9.8477,0.3775,0.0326,0.1111
3310,1025,662,34.557,34.255,0.0347,0.0757,9.7665,0.3672,-0.3519,0.7555
3315,1037,667,34.508,34.283,0.0177,-0.055,9.8213,-0.0503,-0.2427,1.0786
3320,1048,673,34.49,34.201,0.0663,0.0258,9.9063,0.3243,0.3181,-0.6823
3325,1051,675,34.611,34.289,0.0191,-0.0848,9.9629,0.0124,-0.3789,0.2014
3330,1064,673,34.527,34.182,-0.0102,-0.0652,9.7915,0.4974,0.336,0.1237
3335,1076,681,34.472,34.226,0.0562,-0.0141,9.7282,-0.2206,-0.3325,-0.2893
3340,1089,694,34.488,34.29,0.0174,-0.1042,9.7737,0.2692,0.2789,0.0552
3345,1101,688,34.631,34.29,0.0394,0.008,9.8123,-0.177,-0.5404,-0.3607
3350,1106,696,34.482,34.254,-0.0029,-0.0166,9.7978,-0.4711,0.5404,-0.1854
3355,1120,703,34.576,34.206,-0.1005,0.0741,9.7955,-0.8106,-0.1999,-0.1766
3360,1124,711,34.46,34.281,0.0353,0.0201,9.8596,0.3301,-0.4226,0.2778
3365,1132,716,34.444,34.275,0.0003,0.0049,9.7614,0.407,0.4083,0.3803
3370,1125,724,34.609,34.246,-0.0398,0.0563,9.816,-0.4251,-0.8499,-0.1807
3375,1142,730,34.476,34.31,-0.0836,-0.0914,9.787,-0.4164,-0.0929,0.1859
3380,1140,733,34.514,34.299,0.0059,0.066,9.7856,0.2886,-0.2984,-0.9402
3385,1156,739,34.546,34.275,0.0744,0.0577,9.8323,-0.282,-0.3244,0.218
3390,1167,748,34.524,34.291,-0.0193,0.0601,9.7276,0.4855,0.4266,0.3355
3395,1160,754,34.476,34.248,0.0039,0.0744,9.7981,0.311,-0.2754,-0.5448
3400,1168,760,34.476,34.306,0.0035,0.0356,9.8304,0.2466,-0.399,-0.2146
3405,1179,767,34.466,34.34,0.0229,-0.034,9.7843,-0.5969,-0.7201,0.0648
3410,1169,774,34.598,34.303,0.0226,-0.0004,9.799,-0.4302,0.0109,-0.2613
3415,1182,783,34.401,34.195,-0.0096,-0.0164,9.8449,0.0946,-0.6612,-0.0404
3420,1182,784,34.529,34.297,0.1004,0.0086,9.7867,0.5626,-0.0625,0.0423
3425,1188,796,34.487,34.285,0.0056,0.0382,9.696,0.5363,-0.0363,-0.4936
3430,1183,803,34.53,34.326,-0.0136,0.0235,9.8802,-0.803,0.346,0.8682
3435,1187,809,34.503,34.304,-0.0034,0.0785,9.752,0.6168,0.8256,0.5741
3440,1189,818,34.562,34.18,-0.1087,-0.0092,9.7517,-0.0235,-0.5999,-0.4023
3445,1186,828,34.424,34.333,-0.0493,0.0136,9.7517,-0.2685,0.3025,0.9717
3450,1192,827,34.479,34.243,0.0894,-0.0233,9.7672,-1.3161,0.023,-1.0655
3455,1193,834,34.515,34.315,0.0507,-0.0397,9.7985,-0.3193,0.6865,-0.0568
3460,1179,843,34.473,34.282,0.0085,-0.0306,9.7363,-0.3749,0.7736,-0.2963
3465,1179,844,34.528,34.213,0.0052,-0.0296,9.8891,-0.2513,-0.5886,0.0604
3470,1193,852,34.42,34.229,0.0595,-0.0386,9.8268,0.073,0.8113,-0.2279
3475,1176,859,34.546,34.234,-0.0601,-0.0148,9.7985,-0.2315,0.6383,-1.4919
3480,1178,858,34.499,34.232,-0.0342,-0.0284,9.7509,-1.2534,-0.9073,0.0615
3485,1177,867,34.491,34.188,-0.0177,-0.0289,9.8158,-0.106,-0.4083,-0.4666
3490,1172,876,34.569,34.174,0.01,-0.0848,9.7946,0.3605,-0.6693,0.2673
3495,1175,878,34.54,34.245,-0.0062,0.0022,9.8289,0.5065,0.3259,1.424
3500,1170,885,34.444,34.269,0.0031,0.0468,9.8695,0.1339,-0.7297,-1.2309
3505,1172,884,34.597,34.262,-0.0209,0.0308,9.7876,0.2913,0.7642,-1.0695
3510,1161,885,34.55,34.284,-0.0415,0.0207,9.7534,0.6626,-0.7628,1.2837
3515,1169,887,34.521,34.304,-0.0446,-0.0351,9.8127,-0.7611,-0.3267,0.2098
3520,1145,893,34.483,34.277,0.114,0.0661,9.771,1.2027,0.0945,-0.3626
3525,1153,900,34.428,34.232,0.0049,0.0008,9.8117,-1.1198,-0.6901,-0.4139
3530,1152,904,34.501,34.291,0.0231,0.0186,9.7427,0.7895,-0.2344,0.6993
3535,1143,902,34.483,34.276,-0.1205,0.0806,9.7907,0.3004,-0.2789,-0.2378
3540,1149,902,34.535,34.254,-0.0526,0.0777,9.7791,-1.42,-0.439,0.215
3545,1144,910,34.561,34.3,-0.0269,0.0229,9.8579,0.264,-0.1485,0.1422
3550,1139,912,34.465,34.226,-0.0527,-0.0047,9.7887,-0.3022,-0.1207,0.0289
3555,1134,908,34.526,34.273,-0.0917,0.0025,9.8202,1.042,-0.651,0.4395
3560,1134,905,34.528,34.293,0.0135,0.0358,9.7052,0.3403,0.0101,-0.1157
3565,1124,908,34.495,34.268,-0.0484,-0.0213,9.8037,-1.1401,-0.4962,0.1049
3570,1123,909,34.548,34.262,-0.0265,0.0083,9.8634,-0.5127,0.2074,-0.1202
3575,1127,909,34.526,34.379,0.0205,0.0256,9.8353,0.365,0.502,0.5782
3580,1129,912,34.51,34.339,-0.0048,0.077,9.8764,-0.5316,-0.2869,0.4039
3585,1121,903,34.486,34.219,-0.0225,-0.0117,9.7753,0.2565,0.4409,0.0431
3590,1105,907,34.555,34.216,0.1099,-0.0346,9.826,-0.1398,0.622,-0.2764
3595,1113,912,34.529,34.276,0.0145,0.0283,9.7882,0.5599,-0.0592,-0.8935
3600,1118,910,34.401,34.232,0.0105,0.0592,9.7861,0.2601,0.5086,0.9133
3605,1108,906,34.457,34.282,0.0072,0.0665,9.8682,-0.8421,-0.7388,-0.3242
3610,1107,905,34.454,34.39,-0.0712,0.0124,9.8176,-0.0649,-0.4452,0.3107
3615,1112,911,34.52,34.242,0.0639,-0.008,9.8095,-0.3615,-0.9486,0.3049
3620,1098,908,34.475,34.292,0.0163,-0.003,9.7932,-0.8418,0.3757,-0.5936
3625,1095,904,34.595,34.21,0.0345,-0.043,9.8316,0.3119,-0.2463,-0.2029
3630,1100,903,34.503,34.312,0.0462,-0.0282,9.8658,-0.8915,0.4177,0.0133
3635,1093,899,34.576,34.261,-0.013,0.0228,9.7971,0.2148,-0.1976,0.0904
3640,1108,900,34.506,34.188,-0.0173,0.0276,9.7794,0.6012,-0.5559,-0.2285
3645,1096,900,34.482,34.306,0.058,0.0692,9.8355,0.2319,0.6054,0.3508
3650,1083,898,34.459,34.315,0.0359,-0.0137,9.7726,-0.1619,-0.4228,1.2786
3655,1088,892,34.358,34.241,-0.0068,-0.0049,9.8169,0.8403,-0.8533,-1.0159
3660,1081,889,34.582,34.308,-0.0777,0.0518,9.7456,0.8496,0.2221,-1.2451
3665,1085,884,34.52,34.281,0.0008,0.031,9.7722,0.6223,-0.2851,0.107
3670,1084,884,34.465,34.347,-0.0018,-0.0564,9.7731,-0.3608,-0.5214,-0.6176
3675,1080,883,34.549,34.244,-0.0747,-0.0116,9.8362,0.1452,-0.1631,-0.8257
3680,1075,880,34.569,34.337,-0.0924,-0.1063,9.7557,-0.7052,0.867,0.1528
3685,1074,882,34.577,34.314,0.0504,0.022,9.7043,0.0049,-0.7033,-0.1027
3690,1062,877,34.635,34.332,-0.0432,-0.0459,9.8282,0.3259,-0.6978,-0.6242
3695,1078,873,34.564,34.276,-0.0302,0.0319,9.7423,-0.4679,-0.3995,-1.0321
3700,1064,873,34.564,34.265,-0.0574,-0.0198,9.7851,0.8036,-0.6113,0.2815
3705,1063,875,34.532,34.321,0.0798,0.0733,9.8404,-0.0247,1.0274,0.4498
3710,1049,874,34.458,34.161,-0.0515,-0.0494,9.8916,0.2861,0.3754,0.8913
3715,1059,869,34.529,34.229,-0.0181,-0.0363,9.8086,0.1732,-0.2329,-0.6133
3720,1054,866,34.538,34.32,0.0527,0.0473,9.7808,-0.4814,0.9538,0.9414
3725,1041,865,34.538,34.206,0.0179,0.0247,9.798,-0.493,-0.3733,0.2472
3730,1041,863,34.54,34.228,-0.0572,-0.0043,9.7381,0.143,0.167,0.3584
3735,1041,861,34.472,34.218,0.0914,0.074,9.8281,-0.2529,-1.386,-0.7514
3740,1031,864,34.493,34.249,-0.0683,-0.0005,9.8318,-0.8528,0.1504,0.0819
3745,1030,861,34.534,34.347,0.0391,0.0262,9.8621,0.7265,-0.5012,-0.3779
3750,1033,856,34.55,34.309,0.0858,0.0054,9.8758,-0.3223,0.2642,-0.4524
3755,1023,863,34.538,34.293,0.0217,-0.0594,9.7994,0.1719,-0.0918,-0.5414
3760,1013,860,34.603,34.213,-0.048,-0.0555,9.8367,-0.074,-0.8941,-0.2641
3765,999,857,34.487,34.304,-0.0328,-0.0223,9.7583,-0.6253,0.1731,0.2206
3770,999,857,34.495,34.319,-0.021,0.04,9.901,0.8899,0.6959,-0.2696
3775,996,856,34.56,34.374,-0.0214,-0.0102,9.8093,0.3152,0.0214,-0.5093
3780,987,855,34.573,34.23,0.0473,0.0372,9.8402,-0.0304,-0.7255,-0.8025
3785,978,847,34.412,34.264,0.0062,-0.0871,9.8595,-0.4554,0.5179,-0.631
3790,979,853,34.443,34.281,-0.0418,0.0999,9.7517,-0.4586,0.6204,0.1393
3795,975,853,34.623,34.203,0.0198,0.0486,9.7919,-0.1626,-0.1359,0.7552
3800,962,849,34.507,34.25,0.0203,0.0027,9.7738,-0.013,-0.0299,0.3046
3805,956,849,34.524,34.351,-0.0002,-0.0411,9.7069,-0.0002,0.3998,-0.5522
3810,943,847,34.481,34.213,-0.0804,-0.001,9.8229,0.5076,-0.398,-0.4685
3815,937,844,34.497,34.213,0.0272,0.0008,9.749,-0.1339,-0.3346,-0.1643
3820,934,839,34.492,34.335,0.0013,0.0103,9.8404,-0.3645,0.6383,-0.4365
3825,913,842,34.579,34.247,0.1005,0.0311,9.7621,-0.111,0.0612,0.7852
3830,904,837,34.498,34.299,-0.0423,-0.0404,9.7743,0.4458,0.1673,-0.5087
3835,907,837,34.572,34.362,-0.013,0.0149,9.7317,0.0651,-0.0046,0.3629
3840,897,830,34.55,34.287,-0.0406,-0.0062,9.8725,0.0506,-0.2317,-0.4433
3845,878,836,34.5,34.229,0.0241,0.1245,9.8341,-0.7466,0.5454,-0.1848
3850,874,833,34.478,34.222,-0.0281,-0.0314,9.7898,0.2433,0.139,-0.3438
3855,866,823,34.545,34.323,-0.027,0.0653,9.8226,0.4331,-0.7917,0.2671
3860,860,824,34.52,34.26,0.0936,0.0381,9.7808,0.2325,-0.3121,-0.6444
3865,846,824,34.582,34.277,-0.0761,0.0018,9.8691,0.0979,0.2682,0.2593
3870,849,822,34.552,34.226,0.0272,0.0168,9.9,-0.1341,-0.3323,0.4125
3875,834,820,34.606,34.26,-0.0062,-0.0115,9.6941,-0.0502,-0.3347,1.004
3880,826,815,34.502,34.276,0.0202,0.0645,9.8009,0.1199,0.2361,-0.3551
3885,826,812,34.58,34.276,0.0447,0.0663,9.7778,-0.0031,0.7555,0.8056
3890,808,801,34.465,34.209,-0.0158,0.0151,9.8401,0.4541,-0.5513,0.1341
3895,799,806,34.511,34.281,0.0783,-0.0543,9.859,0.5881,-0.0428,0.1114
3900,800,797,34.458,34.222,0.0397,-0.0742,9.8024,0.0091,1.412,0.8961
3905,786,793,34.431,34.245,-0.0808,0.0586,9.837,0.0689,0.0396,0.2433
3910,782,794,34.514,34.275,0.0068,0.0032,9.8177,-0.1993,-0.4036,0.3669
3915,777,795,34.471,34.331,-0.0526,-0.0038,9.7628,-0.0822,-0.1682,0.5635
3920,770,783,34.469,34.361,-0.1094,0.0196,9.7694,0.0692,0.2192,0.6389
3925,772,780,34.459,34.279,0.0212,0.0537,9.8282,-0.6473,-0.0482,0.5663
3930,771,775,34.502,34.294,-0.0608,0.0254,9.8777,0.1436,-0.115,0.4462
3935,760,765,34.577,34.246,-0.0398,0.0342,9.8635,0.0714,0.4176,0.3405
3940,750,765,34.545,34.315,-0.0108,0.0776,9.8517,0.2558,0.8286,-0.7363
3945,760,760,34.533,34.151,-0.0516,-0.0062,9.7493,0.0575,0.1516,-0.5267
3950,755,758,34.55,34.312,-0.0293,0.0221,9.7994,1.2641,0.6337,0.2465
3955,738,753,34.505,34.328,-0.0079,-0.0597,9.8395,0.8289,-0.3155,-0.1027
3960,746,743,34.468,34.288,-0.0019,-0.0528,9.7578,-0.2213,-0.3289,-0.2942
3965,750,733,34.562,34.209,-0.0396,0.0014,9.8251,-0.9016,0.062,0.1006
3970,746,739,34.457,34.282,-0.0375,0.0262,9.8297,0.0921,0.8016,-0.4353
3975,762,731,34.574,34.288,-0.0136,-0.0184,9.7822,0.144,-0.7431,0.9166
3980,748,732,34.468,34.307,-0.0051,-0.0232,9.8013,0.7288,0.3904,-0.5794
3985,759,724,34.429,34.274,0.1041,0.0254,9.8613,-0.7935,0.142,-0.4713
3990,750,713,34.629,34.369,-0.0211,-0.0299,9.776,1.1022,0.8288,-0.1936
3995,750,713,34.544,34.217,0.028,0.0219,9.8347,0.9446,-0.3371,-0.0086
4000,758,706,34.403,34.293,-0.025,0.0254,9.7521,0.994,-0.1077,-0.71
4005,764,695,34.542,34.26,0.0307,0.0055,9.8179,-0.1937,-0.0044,0.5572
4010,776,697,34.521,34.334,-0.0426,0.0347,9.8697,0.1852,-0.1535,0.2491
4014,776,693,34.502,34.269,-0.0133,-0.0363,9.8831,0.1072,-0.2158,-0.4909
4019,790,683,34.515,34.317,0.0137,0.0467,9.9348,-0.1336,0.2772,-0.8416
4025,781,682,34.574,34.292,0.0019,0.0073,9.8691,-0.7458,0.122,-0.1828
4030,804,681,34.642,34.289,-0.0327,0.0687,9.807,0.5366,-0.6662,-0.7179
4035,810,680,34.541,34.243,-0.0561,-0.0602,9.8164,0.7379,0.4639,-0.1977
4040,809,671,34.528,34.357,0.0231,-0.0395,9.8483,-0.3831,0.8362,0.0336
4045,822,673,34.515,34.344,-0.0129,-0.0097,9.766,-0.6984,-0.5678,-0.3889
4050,829,663,34.561,34.261,-0.0252,0.023,9.8829,0.5241,-0.2896,0.2599
4054,832,664,34.559,34.337,0.0762,0.0904,9.772,-0.0986,-0.4994,0.1509
4059,847,662,34.51,34.313,-0.0357,-0.0649,9.8446,-0.4896,0.3644,0.6941
4065,863,652,34.544,34.362,0.0434,-0.0518,9.8254,-0.4625,-0.2305,0.0588
4070,873,659,34.488,34.191,-0.0315,-0.0185,9.7796,0.099,-0.8315,0.1044
4075,874,653,34.563,34.207,-0.0213,0.0632,9.9049,0.3715,0.1466,-0.3084
4080,894,654,34.538,34.272,-0.0112,-0.0006,9.8042,0.1619,0.3215,-0.4901
4085,896,646,34.492,34.374,0.0489,-0.0343,9.7597,-0.0829,0.2315,0.2303
4090,916,650,34.532,34.228,0.0122,-0.1152,9.853,0.2303,0.4011,-0.067
4094,933,653,34.423,34.277,-0.0218,0.0695,9.8333,-0.286,-0.0805,-0.5578
4100,930,651,34.537,34.301,-0.0336,0.0546,9.8259,0.1459,0.3428,-0.4033
4105,954,653,34.535,34.319,0.0007,-0.055,9.8929,1.0108,0.817,0.3176
4110,959,653,34.395,34.244,-0.0512,-0.0101,9.8503,0.0194,-0.5992,-0.7088
4115,968,644,34.47,34.221,-0.0189,0.003,9.7915,0.0018,1.1786,0.7988
4120,987,658,34.454,34.308,0.0122,-0.0332,9.8215,-0.7402,-0.5744,0.1973
4125,996,660,34.533,34.222,0.0003,-0.0169,9.7954,-0.1013,-0.5048,0.0001
4130,1008,657,34.512,34.316,0.077,-0.0153,9.8281,-0.6481,0.3856,0.1911
4135,1018,662,34.504,34.243,0.0358,-0.0021,9.7272,0.1271,-0.1243,-0.4802
4140,1026,665,34.482,34.316,-0.0776,-0.0348,9.8313,-0.1568,0.6642,-0.317
4145,1032,671,34.496,34.242,-0.0044,-0.014,9.7973,-0.1946,-0.8561,0.4889
4150,1052,671,34.461,34.298,0.0205,-0.0466,9.7795,0.7817,0.4833,0.2158
4155,1056,675,34.565,34.286,-0.0309,-0.06,9.8613,0.3025,-0.1786,-0.6396
4160,1067,682,34.512,34.316,0.1003,0.0317,9.9001,-0.4535,-0.1404,-0.4441
4165,1080,685,34.6,34.232,0.0523,0.0209,9.7955,0.1915,0.5526,0.0339
4170,1090,693,34.443,34.284,-0.0476,-0.0252,9.7882,-0.0324,-0.4526,-0.1355
4175,1098,693,34.499,34.284,0.0648,-0.0405,9.963,-0.2386,-1.2215,0.5402
4180,1102,702,34.44,34.253,-0.0622,-0.0288,9.6973,0.2698,-0.2091,1.0619
4185,1121,700,34.55,34.388,-0.0386,-0.0689,9.8472,-0.3705,1.0012,0.0732
4190,1115,707,34.416,34.327,-0.0729,0.0581,9.7813,0.6066,-0.4954,0.1399
4195,1129,711,34.588,34.281,0.0312,-0.0987,9.7392,0.249,-0.6719,-0.3413
4200,1147,727,34.487,34.307,0.0415,-0.0308,9.7963,-0.6595,0.7965,0.6853
4205,1142,730,34.598,34.261,-0.0378,-0.06,9.8363,0.1691,-0.371,-0.3726
4210,1150,738,34.523,34.283,-0.0962,-0.0078,9.8663,0.1087,0.093,-0.6317
4215,1161,742,34.568,34.273,0.0446,-0.0156,9.7405,1.1065,-0.3085,0.6688
4220,1160,744,34.509,34.288,0.0215,0.0394,9.7845,-0.0404,-0.3786,0.0213
4225,1168,755,34.486,34.344,0.0314,0.0177,9.8555,-0.4828,0.7077,0.3968
4230,1175,767,34.509,34.193,-0.0112,0.0535,9.8096,0.0465,-1.0615,-0.4553
4235,1174,771,34.493,34.266,0.0493,-0.0156,9.8866,-0.5608,-0.0498,0.1591
4240,1186,774,34.517,34.25,0.0284,0.0587,9.7241,0.0696,-0.2833,-0.2007
4245,1189,786,34.58,34.217,-0.0192,0.1327,9.7404,-0.4962,0.1584,0.1946
4250,1181,790,34.574,34.195,0.0059,-0.0985,9.8424,-0.2563,0.105,0.4777
4255,1189,801,34.438,34.253,0.0281,-0.0616,9.8397,0.2259,0.26,-0.3294
4260,1192,796,34.553,34.34,-0.0327,-0.0279,9.7489,0.4607,0.1844,-0.7413
4265,1190,810,34.551,34.234,0.0456,-0.037,9.739,0.1761,0.4805,0.6453
4270,1186,812,34.511,34.295,0.1243,0.0219,9.8637,0.1974,0.2073,0.1813
4275,1186,821,34.455,34.247,-0.0175,0.0204,9.7811,-0.0226,-1.3818,-0.2049
4280,1182,833,34.59,34.329,0.0518,0.0015,9.7848,-0.1759,-0.0742,-0.2671
4285,1181,832,34.456,34.273,0.0231,0.0185,9.8143,-1.3108,0.386,1.2155
4290,1181,834,34.529,34.345,0.0689,-0.0531,9.7568,-0.3604,-0.1208,0.0926
4295,1187,847,34.504,34.262,-0.0371,-0.0443,9.8791,0.4873,0.6377,0.3026
4300,1178,856,34.508,34.314,-0.0234,-0.0541,9.7744,-0.7477,-0.8005,0.9983
4305,1188,861,34.494,34.305,-0.0095,-0.042,9.7567,-0.0599,0.9036,0.1773
4310,1183,861,34.56,34.244,-0.0262,-0.0512,9.8751,0.3568,0.1666,-0.0325
4315,1177,863,34.492,34.326,0.0064,-0.0293,9.8511,0.0302,0.3926,-0.4708
4320,1170,870,34.482,34.36,-0.0067,-0.0422,9.8345,0.5588,-0.0772,1.1735
4325,1175,881,34.552,34.398,-0.0751,-0.0343,9.8013,0.037,-0.3312,-0.7646
4330,1167,879,34.576,34.316,-0.0121,0.0289,9.8154,0.3896,0.1237,0.7074
4335,1166,884,34.606,34.25,0.0277,-0.0355,9.8446,-0.0503,-0.9853,0.6198
4340,1163,887,34.516,34.307,0.0252,0.0487,9.7504,-0.4523,0.345,-0.5505
4345,1158,891,34.541,34.246,0.0489,-0.0064,9.8447,-0.6098,0.3121,0.4095
4350,1158,896,34.412,34.329,0.0145,0.0011,9.7543,-0.8186,1.5176,0.4235
4355,1160,896,34.551,34.183,-0.048,-0.0688,9.8646,0.1383,-0.2276,-0.3429
4360,1155,900,34.464,34.256,0.0422,-0.0874,9.8628,0.0171,-0.1285,-0.2491
4365,1148,899,34.567,34.355,0.0157,-0.0251,9.8104,0.3461,0.2017,-0.0913
4370,1154,907,34.473,34.228,-0.0378,0.0061,9.9238,0.1254,-1.3661,0.0235
4375,1144,902,34.425,34.276,-0.0233,0.0163,9.8986,-0.4981,0.0018,0.3969
4380,1145,909,34.508,34.319,0.0865,0.0003,9.7628,0.3586,-0.3248,-0.0804
4385,1135,906,34.508,34.355,-0.0236,0.1084,9.8635,-0.3547,-0.6719,0.8307
4390,1144,904,34.564,34.218,0.0305,0.0144,9.8186,0.462,-0.5324,0.3002
4395,1140,909,34.446,34.312,0.0551,0.1275,9.7344,0.1023,-0.1521,-0.9169
4400,1132,912,34.466,34.261,0.0758,-0.0123,9.8215,0.5314,-0.0491,-0.4662
4405,1122,909,34.47,34.313,-0.0376,0.0781,9.7909,-0.8099,0.7936,0.0544
4410,1117,910,34.442,34.213,-0.0047,0.0032,9.8508,0.3003,0.298,-0.209
4415,1123,912,34.579,34.32,0.032,-0.0342,9.8174,-0.0564,-0.0725,1.0207
4420,1113,906,34.51,34.213,0.0761,-0.0535,9.8714,0.7283,-0.4603,-0.1389
4425,1108,908,34.581,34.286,0.0395,-0.024,9.8901,0.4678,-0.4055,0.4693
4430,1115,908,34.531,34.358,0.0481,0.0217,9.8637,0.0837,0.2494,0.7642
4435,1103,909,34.578,34.262,-0.1258,-0.0624,9.8155,-0.2359,-0.6129,0.9208
4440,1102,911,34.514,34.272,-0.0251,-0.0151,9.7234,-0.2325,-0.3479,0.3983
4445,1097,904,34.43,34.318,0.0139,0.0545,9.7872,-0.2655,-0.7395,-0.8902
4450,1108,906,34.547,34.329,0.0367,-0.0715,9.8833,-2.0408,0.5206,0.1892
4455,1104,907,34.53,34.282,-0.0041,0.0287,9.8072,0.7866,-0.0236,-0.0556
4460,1095,904,34.5,34.317,0.0136,-0.0598,9.7614,-0.3486,-0.187,0.1798
4465,1089,900,34.473,34.263,-0.038,-0.0383,9.851,0.0614,-0.8433,-0.0517
4470,1087,895,34.472,34.281,0.0131,-0.005,9.8117,0.5014,0.0167,-0.3717
4475,1097,897,34.449,34.281,-0.0449,0.0168,9.801,0.7229,0.0355,0.7713
4480,1087,897,34.512,34.222,-0.0408,-0.0553,9.741,0.9595,-0.3759,-0.3334
4485,1085,888,34.553,34.241,0.07,0.0169,9.8323,-1.0964,0.1131,-0.1977
4490,1086,893,34.498,34.295,-0.0083,-0.0057,9.834,0.4325,0.4378,0.3574
4495,1084,887,34.609,34.32,0.0613,0.0217,9.6908,0.0036,0.3158,-0.5551
4500,1076,888,34.549,34.23,0.0586,0.0455,9.8452,-0.6855,0.096,-0.8252
4505,1077,882,34.533,34.218,0.0506,0.0788,9.7925,-0.1745,0.0769,-0.3827
4510,1078,886,34.49,34.295,-0.1187,0.0067,9.9189,0.4221,-0.4993,-0.4512
4515,1071,879,34.503,34.334,0.0009,0.0154,9.8768,-0.3337,0.0721,0.2053
4520,1079,880,34.629,34.323,0.0459,-0.0204,9.831,0.733,-0.3145,0.0327
4525,1067,879,34.523,34.322,0.091,0.0265,9.8316,0.4633,0.3989,-0.2722
4530,1067,881,34.502,34.296,0.0061,0.0519,9.8582,1.1507,0.8829,0.3451
4535,1057,873,34.534,34.252,0.0237,-0.0365,9.876,-0.7912,0.6517,0.1714
4540,1058,870,34.549,34.283,-0.0414,-0.1107,9.8454,-0.0903,0.2136,-0.1298
4545,1059,869,34.527,34.311,-0.0975,-0.0671,9.8056,0.0418,-0.2595,0.0751
4550,1051,873,34.555,34.395,0.0099,0.0863,9.8342,-0.0681,-0.7468,0.0797
4555,1044,869,34.554,34.352,-0.0185,-0.048,9.7315,0.3337,0.6507,0.0011
4560,1047,864,34.57,34.243,-0.0262,0.022,9.8511,-0.3928,-0.4839,0.1817
4565,1034,868,34.563,34.277,-0.0088,-0.0068,9.7988,-0.8034,0.3941,0.1978
4570,1030,866,34.61,34.262,0.0095,-0.0105,9.8285,0.8871,-0.1744,-0.1398
4575,1022,865,34.471,34.307,0.0088,-0.0268,9.8294,-0.405,1.496,0.0622
4580,1024,867,34.562,34.313,-0.0233,0.0121,9.8391,0.0499,0.0881,-0.2193
4585,1021,854,34.523,34.254,0.0476,-0.0099,9.7405,-0.4351,-0.1613,-0.5117
4590,1019,860,34.586,34.279,0.0441,-0.0303,9.6985,0.1897,-0.6339,0.5014
4595,1006,857,34.55,34.296,-0.0127,-0.0195,9.7467,0.405,0.0544,-0.0847
4600,999,855,34.567,34.25,-0.138,-0.0214,9.7467,0.1185,-0.7312,-0.0411
4605,996,856,34.423,34.269,-0.0112,-0.0071,9.766,0.0142,0.5658,0.122
4610,988,854,34.502,34.216,0.0232,-0.0215,9.7662,0.267,-0.5627,-0.778
4615,981,855,34.53,34.324,0.0133,0.0398,9.7756,-0.4021,-0.5108,-0.4596
4620,964,850,34.586,34.32,0.0446,-0.0925,9.6845,0.4513,-0.0071,-0.2131
4625,961,853,34.544,34.188,0.0172,0.0057,9.8833,0.8369,-0.0879,-0.729
4630,959,847,34.469,34.257,0.0826,-0.0442,9.8377,0.7417,0.0494,-0.2355
4635,947,848,34.473,34.247,0.0013,0.0034,9.8417,-0.2067,-0.2131,-0.2411
4640,943,845,34.483,34.259,0.0107,0.059,9.8201,0.3391,0.4748,-0.371
4645,936,848,34.541,34.293,0.0773,0.05,9.7823,-0.8187,0.6009,-0.0248
4650,924,838,34.559,34.214,0.0491,-0.0225,9.8743,1.0068,0.2665,0.9103
4655,919,839,34.545,34.414,-0.0057,-0.017,9.8439,0.0803,-1.0098,0.356
4660,903,838,34.493,34.374,-0.0006,0.0191,9.85,0.1816,0.2207,0.0049
4665,899,840,34.409,34.247,-0.022,0.1176,9.7681,-0.0976,0.3253,0.1494
4670,893,836,34.501,34.289,-0.005,-0.0181,9.8527,-1.0571,0.271,0.2373
4675,882,831,34.549,34.301,0.0672,-0.0143,9.8047,0.3138,0.674,-0.0002
4680,870,828,34.446,34.228,0.0795,0.0359,9.7803,0.1622,-0.5202,0.119
4685,867,830,34.556,34.228,0.0087,-0.0536,9.7702,-0.431,-0.1279,0.2795
4690,855,827,34.553,34.326,-0.086,-0.0081,9.8418,-0.0059,-0.5672,-0.2981
4695,846,827,34.511,34.198,-0.0819,0.0094,9.7294,0.6388,0.1575,0.7237
4700,841,824,34.463,34.248,0.0142,0.0374,9.8986,0.1263,-0.7487,0.4022
4705,835,817,34.521,34.265,-0.0401,0.0633,9.8256,-0.1699,0.8919,0.3162
4710,823,815,34.594,34.31,-0.0187,0.0225,9.9046,-0.1039,0.8332,-0.9179
4715,817,814,34.533,34.305,-0.0761,-0.0356,9.8476,0.3405,0.0645,0.6916
4720,804,811,34.621,34.342,-0.0353,0.0478,9.8923,-0.0009,-0.2091,0.7762
4725,804,803,34.504,34.313,0.0202,-0.0285,9.781,0.3138,-0.0415,-0.4789
4730,794,798,34.504,34.237,0.0032,-0.0161,9.7813,0.4004,-0.1346,-1.3779
4735,784,790,34.535,34.262,-0.0298,0.017,9.8761,0.2077,-0.2777,0.032
4740,790,801,34.555,34.248,-0.0272,-0.0135,9.7838,-0.1899,-0.5148,-0.1204
4745,779,787,34.573,34.343,-0.007,-0.0011,9.8486,0.7847,-1.4981,0.8625
4750,780,782,34.518,34.334,0.0547,-0.0304,9.8407,0.3205,-0.5459,-0.4648
4755,765,783,34.595,34.228,0.0163,-0.0027,9.7294,0.2095,0.8752,-0.0709
4760,762,779,34.514,34.226,-0.0247,-0.0356,9.7376,0.4094,-0.2509,-0.321
4765,755,769,34.62,34.328,-0.0052,-0.0164,9.8349,-0.3202,-0.8126,-0.6462
4770,755,764,34.516,34.25,-0.0266,-0.0142,9.8363,0.1315,0.3187,-0.0264
4775,756,756,34.49,34.392,0.092,0.0191,9.817,0.1645,-0.1322,0.111
4780,756,753,34.574,34.226,-0.137,-0.0178,9.7632,-0.5882,-0.732,0.4919
4785,747,754,34.584,34.25,-0.0082,-0.0084,9.8252,0.3688,0.2528,0.9821
4790,753,744,34.509,34.319,-0.0222,0.0624,9.7943,-0.4672,0.0929,-0.153
4795,743,741,34.532,34.311,0.0299,-0.0041,9.7723,-0.0914,-0.2266,1.1768
4800,748,735,34.578,34.326,-0.0833,0.0267,9.8178,-0.2932,0.1323,-0.4626
4805,747,733,34.524,34.284,-0.0006,-0.0202,9.8606,-0.5048,-0.3292,0.5692
4810,746,727,34.504,34.243,0.0722,-0.005,9.7882,0.2969,0.3775,0.2874
4815,755,721,34.541,34.24,0.0483,-0.0452,9.8208,-0.4168,0.0921,0.5347
4820,754,712,34.539,34.454,0.0455,0.1166,9.8409,-0.9351,-0.3138,-0.5553
4825,760,707,34.515,34.36,-0.0372,-0.0142,9.7952,-0.6905,0.3412,0.0028
4830,756,701,34.533,34.365,-0.0139,0.0068,9.8625,0.1399,0.145,-0.2842
4835,760,698,34.554,34.363,0.0233,0.011,9.8391,0.5465,-0.1309,0.3281
4840,780,699,34.548,34.214,-0.0813,-0.072,9.7605,0.0968,-0.2242,0.2686
4845,769,689,34.553,34.231,-0.0667,-0.0231,9.8084,1.1377,0.7473,0.0923
4850,781,691,34.507,34.297,0.083,0.0523,9.7581,0.8561,-0.4172,0.1965
4855,786,682,34.517,34.225,-0.0046,0.039,9.8081,-0.7924,0.7719,-0.3029
4860,799,681,34.587,34.328,0.0307,0.0217,9.7798,-0.3647,-0.3969,-0.399
4865,796,681,34.566,34.314,0.0484,0.0341,9.7888,-0.5693,-0.1178,-0.115
4870,817,670,34.575,34.316,-0.0195,-0.0379,9.894,0.1119,0.5016,-0.4743
4875,822,669,34.547,34.254,0.0252,0.0715,9.8093,0.0615,-0.2967,-0.8735
4880,828,665,34.43,34.304,0.1015,0.0697,9.8548,0.1554,0.4482,0.0687
4885,840,663,34.523,34.324,0.0506,-0.0922,9.7374,-0.5111,-0.6223,-0.263
4890,849,659,34.588,34.361,0.0524,0.0662,9.8012,0.296,-0.7415,-0.2728
4895,862,657,34.555,34.203,0.0681,-0.0063,9.7657,-0.0665,0.522,0.2764
4900,866,655,34.515,34.307,0.0521,-0.1193,9.7722,-0.7677,0.5698,-0.5426
4905,877,656,34.536,34.29,0.0445,-0.0454,9.8124,0.8215,0.2841,0.2374
4910,903,649,34.597,34.366,0.0334,0.0377,9.822,-0.1379,0.4125,0.3091
4915,903,650,34.528,34.293,0.0116,0.0092,9.8388,0.8178,0.2735,-0.0502
4920,911,653,34.504,34.33,-0.0296,-0.0067,9.7025,0.8991,0.4675,-0.5677
4925,926,651,34.552,34.404,0.0564,-0.0641,9.8197,-0.7333,0.3292,-0.1683
4930,939,652,34.544,34.363,-0.0588,-0.0247,9.7005,-0.7249,-0.0606,0.6014
4935,949,653,34.531,34.26,-0.0861,0.0508,9.7632,-0.1569,0.9935,0.1371
4940,956,646,34.591,34.293,-0.0206,0.0924,9.8587,0.5768,0.27,0.5809
4945,972,652,34.51,34.238,0.0208,-0.1054,9.7812,0.2053,0.3571,0.4694
4950,982,654,34.528,34.273,-0.0366,0.0122,9.8358,-0.1989,0.4852,0.3568
4955,998,656,34.48,34.305,0.0181,-0.0384,9.9003,0.0885,-0.115,-0.3557
4960,1007,662,34.547,34.306,-0.009,-0.0578,9.8317,0.7315,0.4519,-0.6757
4965,1015,664,34.533,34.315,0.0281,-0.0232,9.7858,0.3116,0.3005,0.2238
4970,1024,671,34.546,34.266,0.0186,0.0454,9.9006,0.1129,0.5845,-0.735
4975,1029,671,34.527,34.316,-0.0088,-0.0339,9.8513,-1.0291,-0.7745,-0.3227
4980,1051,672,34.567,34.272,-0.0085,-0.0409,9.8188,0.0801,-0.8886,1.4353
4985,1053,676,34.538,34.302,0.0515,0.0238,9.7973,-0.1383,-0.4392,-0.2376
4990,1074,677,34.544,34.291,0.0053,0.0717,9.837,-0.3955,-0.6933,-0.324
4995,1078,688,34.475,34.334,0.0157,-0.0168,9.8253,-0.3085,0.0104,0.1221
5000,1095,687,34.57,34.364,-0.0099,-0.0307,9.845,0.1645,-0.8402,-0.1908
5005,1095,689,34.543,34.256,-0.1106,0.0582,9.8247,-0.4271,0.6426,-0.0734
5010,1111,692,34.523,34.361,0.0773,-0.1205,9.7561,-0.468,0.5041,-0.7127
5015,1114,703,34.476,34.316,0.1307,0.0486,9.7966,0.2364,-0.039,0.6962
5020,1132,708,34.503,34.304,0.0143,0.0237,9.7859,-0.258,-0.7304,1.263
5025,1123,722,34.581,34.317,0.0162,-0.0036,9.7253,-1.0039,0.7491,1.1417
5030,1145,727,34.551,34.251,-0.0463,0.0062,9.8568,-0.0697,-0.1121,0.9486
5035,1153,728,34.617,34.294,-0.041,0.0417,9.8304,-0.3235,-0.1866,0.1445
5040,1140,735,34.57,34.289,-0.0225,-0.0251,9.8632,0.3949,0.2255,-0.1475
5045,1151,743,34.558,34.206,0.0258,0.049,9.7973,0.0721,0.0143,-0.2105
5050,1161,750,34.558,34.272,-0.0756,0.0586,9.705,-0.4972,0.1421,-0.0781
5055,1163,758,34.487,34.236,0.0214,-0.0078,9.8511,0.8389,0.3636,0.1052
5060,1168,763,34.507,34.373,0.0398,-0.0282,9.6907,-0.0635,0.3629,-0.2677
5065,1184,769,34.481,34.237,0.002,0.0134,9.7802,-0.3216,1.2277,0.9075
5070,1168,775,34.454,34.254,0.0109,-0.113,9.8217,0.3512,-0.8212,-0.2735
5075,1188,785,34.481,34.294,-0.0266,0.0039,9.7898,-0.7182,-0.1644,0.176
5080,1181,792,34.562,34.362,0.0211,0.0915,9.807,0.3671,-0.5058,0.0691
5085,1185,797,34.565,34.248,0.0172,-0.061,9.7932,1.031,0.0442,0.8708
5090,1180,811,34.545,34.302,-0.0055,0.0744,9.7427,-0.1371,0.1673,0.0042
5095,1186,814,34.498,34.286,-0.0204,-0.0507,9.8374,0.2587,-0.4624,-0.5031
5100,1191,815,34.576,34.345,-0.0097,-0.0071,9.7842,0.1741,0.2174,-0.6351
5105,1184,825,34.614,34.34,0.0343,-0.0157,9.778,-0.1969,-0.1931,0.6156
5110,1176,825,34.613,34.258,0.0044,-0.0151,9.9094,0.037,0.0117,-0.5933
5115,1192,833,34.455,34.263,0.0156,0.0339,9.7964,-0.7094,-0.7531,-0.0031
5120,1187,839,34.54,34.303,0.0012,0.0387,9.8192,0.1277,0.1343,0.3634
5125,1188,847,34.593,34.313,0.013,-0.017,9.7853,1.4808,-0.0982,1.0849
5130,1181,855,34.531,34.287,-0.0146,0.0193,9.774,0.0454,-0.2689,0.0686
5135,1177,860,34.581,34.331,0.0126,0.0715,9.8215,0.4161,-0.4647,0.5594
5140,1175,865,34.497,34.258,-0.0893,0.0372,9.8447,0.1863,-0.4797,0.8359
5145,1181,866,34.548,34.179,0.0206,0.0194,9.8622,0.5754,0.2054,-0.0741
5150,1175,877,34.595,34.286,-0.0143,-0.0811,9.7688,0.0131,-0.3659,-0.8489
5155,1166,874,34.515,34.298,-0.0609,-0.0087,9.9362,0.6446,0.6312,0.1594
5160,1172,880,34.521,34.264,0.106,0.0067,9.8809,0.0906,-0.0619,-0.4703
5165,1167,879,34.502,34.397,-0.0248,-0.0262,9.8094,-0.0234,0.595,-0.4737
5170,1170,889,34.5,34.331,-0.1074,-0.0769,9.8124,-0.0636,0.6006,-0.1871
5175,1163,894,34.545,34.31,0.0289,0.0223,9.8321,-0.4236,-0.0624,0.0953
5180,1165,895,34.459,34.32,0.0773,-0.0253,9.7169,-0.1623,0.0045,-0.6084
5185,1151,903,34.519,34.305,-0.0023,-0.0235,9.7407,0.0732,0.9236,0.6107
5190,1158,901,34.612,34.378,0.0556,0.0066,9.8357,-0.3692,0.6279,0.4171
5195,1151,902,34.421,34.274,-0.0355,0.0833,9.8244,-0.0661,-0.1662,0.2156
5200,1154,910,34.529,34.246,0.0554,0.0473,9.8424,-0.494,-0.2119,-0.7395
5205,1140,908,34.478,34.35,-0.0024,-0.0025,9.872,-0.1487,0.0178,-0.2032
5210,1130,910,34.542,34.327,0.1044,0.128,9.8884,-1.2176,-0.1964,0.2516
5215,1139,911,34.524,34.326,0.0433,0.0448,9.826,0.3424,0.4429,0.2488
5220,1134,913,34.573,34.209,-0.0154,0.072,9.8261,-0.2251,-0.5254,1.0046
5225,1138,911,34.59,34.229,0.0857,0.0743,9.789,-0.2568,-0.3762,-0.7303
5230,1129,914,34.621,34.191,0.0456,0.0146,9.7665,-0.0547,0.0114,0.0141
5235,1124,908,34.47,34.279,-0.0774,0.0198,9.769,-0.3444,-0.047,0.2862
5240,1121,909,34.55,34.319,-0.035,-0.0001,9.8403,0.1559,1.0017,-0.2268
5245,1123,914,34.578,34.316,0.0183,0.0288,9.8644,-0.1726,0.4057,-0.0664
5250,1116,908,34.579,34.275,0.0242,-0.0201,9.798,0.7751,-0.4072,0.3603
5255,1117,910,34.526,34.316,-0.0241,-0.0262,9.7645,0.5234,0.0987,0.0271
5260,1101,914,34.517,34.241,0.0203,0.0837,9.8072,0.1444,-0.2461,1.3584
5265,1109,913,34.497,34.259,0.0897,0.0543,9.8243,-0.8211,-0.7089,0.2167
5270,1090,905,34.591,34.173,0.0432,0.0589,9.7692,0.5289,-0.386,-0.3416
5275,1097,909,34.51,34.377,0.0804,-0.0131,9.8448,-0.2956,-0.2672,0.8526
5280,1105,905,34.552,34.306,0.076,-0.0879,9.8336,-0.2933,0.5718,-0.296
5285,1097,900,34.594,34.335,-0.0681,-0.0679,9.8497,-0.6298,-0.3086,1.0248
5290,1104,902,34.473,34.227,0.0384,0.0985,9.7827,0.4108,0.0121,-0.5023
5295,1091,895,34.575,34.275,-0.1529,0.0511,9.9111,-0.0939,-0.0792,-0.4317
5300,1089,895,34.625,34.285,-0.0048,0.0255,9.8147,0.8925,-0.0477,0.035
5305,1096,890,34.46,34.266,-0.0236,0.0161,9.7764,0.7247,-0.1044,-0.482
5310,1087,898,34.481,34.261,-0.0365,0.0967,9.789,0.1598,0.22,-0.5112
5315,1090,890,34.549,34.282,0.0298,0.0429,9.8174,-0.4992,-0.5488,0.3772
5320,1081,893,34.433,34.288,0.1139,-0.0396,9.8023,0.4876,0.5177,-0.1966
5325,1083,883,34.466,34.213,-0.053,0.039,9.8665,0.2571,-1.236,-0.1729
5330,1081,885,34.496,34.343,-0.0522,-0.0682,9.828,-0.0187,-0.9584,-0.2242
5335,1077,888,34.721,34.294,-0.0219,0.0252,9.8332,-0.1079,-0.3851,0.8346
5340,1076,882,34.51,34.352,0.0445,0.1148,9.8583,-1.072,0.3948,-0.324
5345,1071,881,34.512,34.252,0.0349,0.0359,9.8623,0.113,-0.4212,0.7975
5350,1073,880,34.547,34.242,0.0107,0.042,9.8383,-0.1218,0.0678,0.9409
5355,1060,877,34.586,34.261,-0.0063,0.02,9.8314,-0.5828,-1.0304,0.4808
5360,1067,877,34.585,34.227,-0.0207,-0.0038,9.8126,-0.0606,-0.0813,-0.31
5365,1069,873,34.471,34.237,-0.0206,-0.0325,9.8707,0.8957,-0.1346,-0.2484
5370,1054,870,34.504,34.172,-0.0289,0.0084,9.8205,0.0742,-0.3732,-0.2885
5375,1068,870,34.539,34.227,0.0999,-0.0102,9.8157,-0.3312,0.1975,-0.0981
5380,1048,862,34.52,34.298,0.0343,0.0248,9.8601,0.3309,-0.4137,0.4064
5385,1044,868,34.469,34.374,-0.0185,-0.0581,9.7282,-0.1844,0.0443,0.0935
5390,1041,865,34.546,34.423,-0.0362,0.1589,9.7338,0.0854,-0.0559,0.2141
5395,1036,863,34.593,34.199,-0.0398,0.0428,9.781,-1.5685,-0.3231,-0.1447
5400,1043,861,34.485,34.219,-0.0852,-0.0209,9.8202,-0.0859,-0.7242,0.2888
5405,1025,862,34.58,34.258,-0.0037,-0.0296,9.8191,-0.6208,-0.0986,0.1485
5410,1026,863,34.525,34.243,0.0013,0.0083,9.7418,0.3253,0.0906,0.4209
5415,1020,861,34.532,34.319,-0.0649,0.0076,9.8384,0.5461,0.751,0.3628
5420,1022,858,34.447,34.186,0.0016,-0.0689,9.766,-0.1968,-0.1334,-0.3091
5425,1009,861,34.636,34.393,-0.1224,0.0782,9.8159,0.0643,-0.6439,-0.0307
5430,1009,857,34.538,34.296,0.0408,0.059,9.7537,0.8595,-0.1008,-0.3332
5435,1000,851,34.461,34.225,-0.0229,0.0513,9.934,0.5897,-0.5808,0.1966
5440,991,855,34.572,34.224,0.0252,-0.0156,9.8917,-0.6523,0.3111,-0.1774
5445,978,851,34.622,34.25,-0.0428,0.0351,9.7894,-0.3133,0.62,-0.3518
5450,972,847,34.548,34.222,0.0009,-0.063,9.8393,-0.0828,0.0346,-0.1779
5455,959,849,34.523,34.305,0.0203,-0.0862,9.7678,0.0828,-0.0897,-0.3906
5460,958,846,34.551,34.183,-0.0379,-0.0505,9.8329,-0.3503,-0.5506,0.3074
5465,947,849,34.553,34.23,-0.1217,0.0096,9.6745,0.8621,-0.0789,1.1951
5470,939,845,34.542,34.352,-0.0252,0.0131,9.939,0.0698,-0.2254,0.413
5475,930,846,34.493,34.314,0.0038,-0.0042,9.6613,-0.5438,-0.6209,0.0445
5480,928,842,34.545,34.251,0.0221,-0.0512,9.7563,-1.153,0.1957,-0.2391
5485,912,843,34.592,34.332,-0.0017,-0.0266,9.8549,0.2154,0.1544,1.07
5490,907,839,34.505,34.247,-0.1214,0.0332,9.8128,0.1237,-0.0335,0.3777
5495,899,831,34.518,34.304,-0.0005,0.0176,9.7284,-0.0258,-0.569,0.0661
5500,887,835,34.463,34.358,0.0288,-0.0286,9.8236,1.1002,0.1884,0.4051
5505,879,834,34.524,34.383,0.0429,-0.0831,9.7704,-0.1218,0.2142,0.351
5510,866,827,34.523,34.309,-0.0051,0.05,9.833,0.1044,-0.5327,-0.0375
5515,861,828,34.484,34.352,0.0262,0.0299,9.8363,-0.3547,0.2469,-0.0415
5520,856,828,34.59,34.244,-0.067,-0.0036,9.8357,0.2388,0.4128,0.4808
5525,844,827,34.507,34.333,-0.0495,-0.0544,9.7598,-0.0543,-0.9979,0.3004
5530,833,815,34.58,34.38,-0.0519,0.0303,9.7801,-0.1253,0.5511,0.199
5535,824,823,34.508,34.263,-0.0201,0.0357,9.7863,0.2529,-0.3745,0.6846
5540,824,811,34.434,34.227,0.0256,-0.0271,9.7314,0.3101,0.4697,-0.4221
5545,816,812,34.465,34.347,0.1219,-0.0617,9.8423,0.1539,0.1341,0.2269
5550,794,802,34.613,34.283,0.0172,0.0082,9.7166,-0.6086,-0.8758,-0.1854
5555,793,804,34.554,34.255,-0.0344,-0.0565,9.7188,-0.2008,0.198,0.3998
5560,794,796,34.596,34.349,-0.0297,-0.0385,9.7505,-0.8556,-0.2974,0.2377
5565,790,798,34.578,34.245,0.0259,-0.0644,9.7582,0.0278,0.6047,-0.5322
5570,780,789,34.515,34.21,-0.0186,0.001,9.8338,0.4183,1.2308,-0.015
5575,775,793,34.551,34.299,-0.0239,0.0013,9.7522,0.3039,-0.1037,-0.0888
5580,767,786,34.51,34.373,0.0935,0.0069,9.8442,-0.3617,-0.1126,-0.3553
5585,764,780,34.574,34.277,0.0239,-0.0438,9.9039,0.2063,-0.206,-0.1271
5590,762,770,34.527,34.341,0.0384,0.0547,9.898,-0.86,0.4072,0.4613
5595,770,774,34.534,34.34,-0.0394,-0.0814,9.9091,0.5098,-0.7981,0.084
5600,760,766,34.518,34.315,-0.0624,-0.0553,9.795,-0.4269,0.0529,0.8023
5605,752,761,34.47,34.293,-0.0584,0.0135,9.7869,0.5067,0.1968,0.3701
5610,752,752,34.538,34.339,-0.0568,-0.0199,9.7947,0.3509,-0.4872,-0.3812
5615,741,750,34.527,34.374,0.0215,-0.0272,9.7257,-0.488,0.2712,0.0694
5620,742,745,34.53,34.232,0.0047,0.1172,9.8208,0.3429,0.3024,0.8707
5625,746,744,34.501,34.242,0.0243,-0.021,9.8207,-0.1466,-0.0143,0.1532
5630,744,729,34.593,34.288,0.0916,-0.0254,9.8314,0.0171,0.2455,0.04
5635,747,729,34.582,34.319,0.0519,0.046,9.9554,-0.4628,0.4277,-0.4137
5640,748,724,34.545,34.163,0.0026,0.0464,9.7883,-0.2461,-0.1311,-0.5989
5645,756,717,34.537,34.352,0.0158,-0.0152,9.8826,0.2735,-0.3548,-0.219
5650,754,716,34.499,34.2,0.071,0.0323,9.8769,-0.6213,-0.6308,-0.8888
5655,759,712,34.545,34.254,0.018,0.0083,9.789,-0.1968,-0.1454,0.5734
5660,766,707,34.519,34.22,0.0079,-0.0475,9.7953,-0.1194,-0.0904,-0.0097
5665,755,700,34.592,34.3,0.0732,-0.037,9.9039,0.8945,-0.0354,1.2439
5670,771,703,34.544,34.26,-0.0438,-0.0752,9.7375,0.4417,-0.0443,-0.0001
5675,777,690,34.604,34.171,-0.0606,-0.0565,9.8585,0.5955,-0.0164,0.9944
5680,778,687,34.555,34.258,-0.0356,-0.0267,9.7411,-0.947,0.3333,-0.6878
5685,787,684,34.505,34.165,0.0074,-0.1134,9.9626,0.3312,0.9724,-0.28
5690,808,676,34.465,34.21,-0.0576,0.0159,9.8325,0.7675,0.7659,-0.0379
5695,813,678,34.541,34.29,-0.0,-0.085,9.8701,0.3097,-0.691,-0.2044
5700,807,671,34.522,34.379,0.0563,-0.0857,9.7987,0.0266,0.5262,0.161
5705,827,668,34.585,34.328,0.0485,0.0021,9.7798,0.31,-1.011,-0.1569
5710,834,669,34.615,34.259,-0.0555,-0.0699,9.7422,0.3586,-0.3439,-0.1237
5715,843,661,34.496,34.308,0.0194,0.0533,9.8286,-0.6422,0.6167,-0.0764
5720,859,662,34.529,34.314,0.0476,0.0021,9.8046,-0.8339,0.3369,-1.0515
5725,863,662,34.481,34.27,0.0651,-0.0644,9.8596,0.6512,-0.0568,-0.0245
5730,869,656,34.428,34.364,0.0054,-0.0161,9.7799,-0.1899,-0.2357,-0.038
5735,884,658,34.451,34.35,-0.1143,0.0532,9.8796,-0.3964,0.5439,-0.6834
5740,889,654,34.622,34.297,0.0225,-0.0107,9.8347,0.9357,-0.234,-0.4224
5745,913,654,34.618,34.299,0.0541,0.0182,9.8517,-0.3417,-0.3187,-0.2939
5750,915,649,34.599,34.208,-0.069,0.0286,9.7519,0.3636,-0.5382,0.2065
5755,928,652,34.611,34.258,-0.0316,0.036,9.7761,-0.5835,0.5515,-0.9725
5760,935,651,34.522,34.296,-0.0447,0.013,9.7659,0.7701,0.2603,0.3057
5765,944,648,34.536,34.243,0.0752,-0.0317,9.8482,0.5079,0.0265,0.1272
5770,965,655,34.541,34.231,-0.0157,-0.0443,9.8562,-0.1603,-0.1241,0.7004
5775,973,654,34.505,34.261,-0.0105,0.0397,9.7662,-0.0501,0.539,-0.1429
5780,986,651,34.516,34.254,-0.0279,0.0519,9.7542,0.2178,0.4237,0.5345
5785,999,657,34.508,34.328,0.0278,0.0238,9.7847,0.1623,-0.5742,0.0797
5790,1004,658,34.62,34.274,-0.0227,-0.0765,9.7578,0.9378,0.0287,-0.4168
5795,1022,669,34.458,34.388,-0.0008,-0.0443,9.7451,-0.345,-0.6813,-0.1141
5800,1026,664,34.415,34.26,0.0597,-0.0166,9.8768,0.236,-0.8601,0.3502
5805,1048,664,34.503,34.277,0.0261,-0.0809,9.8007,0.3812,0.3202,-0.1107
5810,1055,672,34.561,34.266,0.0828,0.035,9.8072,-0.5482,0.0392,1.0645
5815,1061,682,34.535,34.337,0.0109,0.0099,9.838,0.6915,-0.5891,0.3308
5820,1079,680,34.541,34.261,-0.0201,0.0032,9.7514,0.2517,-0.6185,0.4206
5825,1074,687,34.489,34.176,0.0635,-0.0603,9.751,0.0548,-0.532,-0.4583
5830,1089,690,34.483,34.254,0.0015,0.0225,9.8836,0.5855,0.4331,-0.828
5835,1097,695,34.58,34.34,0.0471,0.0346,9.8703,0.0324,-0.2556,-0.0796
5840,1112,704,34.498,34.24,-0.0737,-0.0517,9.8252,-0.3932,1.0325,0.1171
5845,1118,704,34.563,34.291,-0.0041,-0.0563,9.8063,-0.435,-0.1309,0.7086
5850,1117,715,34.569,34.305,0.0138,0.0405,9.8527,-0.2538,0.0186,-0.2977
5855,1132,718,34.505,34.321,0.0059,-0.0496,9.8607,-0.8424,-0.7684,0.8816
5860,1141,724,34.586,34.257,0.012,-0.0079,9.7862,-0.548,0.3835,-0.1963
5865,1145,732,34.575,34.303,0.1002,-0.0737,9.7288,-0.3395,0.1654,0.1969
5870,1154,739,34.57,34.358,0.033,0.0138,9.81,0.0914,-0.5751,0.5772
5875,1162,748,34.428,34.213,0.0458,0.0324,9.8776,-0.6848,-0.0785,0.8724
5880,1164,748,34.519,34.313,0.0095,-0.0373,9.9231,-0.1474,0.1054,0.3058
5885,1161,759,34.543,34.331,0.0018,0.0217,9.7943,1.2513,-0.4681,-0.3095
5890,1176,764,34.52,34.396,-0.0026,-0.0089,9.8618,0.9587,0.0306,-0.7215
5895,1171,776,34.633,34.252,-0.0496,-0.0153,9.8381,-0.6382,1.3162,-0.2727
5900,1175,781,34.529,34.346,-0.0662,0.042,9.8869,-0.0791,0.2755,-0.0293
5905,1180,781,34.499,34.237,-0.0338,-0.0278,9.837,0.4308,0.3817,-0.4356
5910,1187,795,34.501,34.314,-0.1228,-0.0938,9.8429,-0.3778,0.9182,-0.0613
5915,1182,796,34.476,34.255,-0.1076,-0.0305,9.8261,-0.7785,-0.4037,0.5705
5920,1199,803,34.585,34.257,0.0443,0.0575,9.8491,-0.6013,0.5475,-0.1955
5925,1177,807,34.534,34.298,-0.0469,0.0041,9.8203,0.3702,0.3373,-0.3248
5930,1198,820,34.541,34.326,0.0356,0.0124,9.8316,0.3171,0.1005,-0.1616
5935,1183,826,34.552,34.271,-0.0025,0.0376,9.8674,0.9146,0.3009,-0.2922
5940,1176,829,34.503,34.278,0.0156,0.0695,9.8144,-0.1466,0.8737,1.0563
5945,1186,838,34.447,34.274,0.0241,0.0546,9.8889,0.0552,0.6028,-0.4738
5950,1185,842,34.63,34.221,0.0037,0.0058,9.7842,0.085,-0.2807,0.3267
5955,1182,845,34.566,34.327,-0.0194,-0.0775,9.8361,0.3365,-0.1079,-0.3572
5960,1182,854,34.568,34.222,0.0174,0.039,9.838,-0.5789,0.4816,-0.2081
5965,1182,856,34.532,34.294,-0.0039,0.1013,9.8491,-0.2488,-0.2558,-0.0186
5970,1174,867,34.563,34.164,0.0297,-0.0694,9.848,-0.334,0.5303,0.4101
5975,1178,868,34.562,34.337,0.0458,-0.0556,9.7472,0.7399,-0.8328,-0.7628
5980,1178,878,34.613,34.373,-0.0275,-0.0062,9.8082,0.0076,-0.7691,-0.1721
5985,1174,874,34.563,34.293,0.023,-0.0402,9.7899,-0.1553,-0.8696,-0.2113
5990,1178,883,34.529,34.334,0.0045,-0.0742,9.7654,-0.0443,0.9273,-0.8213
5995,1168,885,34.539,34.21,-0.0083,0.0214,9.6937,0.0251,0.9349,-0.1488
6000,1177,884,34.514,34.291,0.0445,-0.0097,9.7894,0.5715,1.1008,0.397
6005,1153,894,34.583,34.302,0.0314,0.0774,9.8462,-0.7773,0.4647,-0.2263
6010,1165,889,34.63,34.252,-0.035,-0.0276,9.7756,0.1765,-0.503,0.1812
6015,1154,900,34.531,34.277,-0.0003,0.0151,9.7875,0.2383,-0.2893,-0.2971
6020,1150,902,34.537,34.377,0.0208,-0.0419,9.8374,0.2069,-0.2065,0.0262
6025,1139,903,34.517,34.287,0.0001,0.0014,9.7946,-0.7154,0.4275,-0.6319
6030,1146,900,34.435,34.293,0.0417,0.0015,9.8164,0.3706,-0.194,0.3421
6035,1145,905,34.522,34.276,-0.0089,0.0016,9.7463,0.2967,0.236,0.4518
6040,1149,902,34.557,34.229,0.0021,-0.1314,9.8509,0.2,-0.8421,-0.5094
6045,1131,906,34.546,34.205,0.1866,-0.0536,9.7543,0.4227,-0.4537,-0.0848
6050,1137,912,34.53,34.259,0.0566,-0.0687,9.8331,0.3658,0.6477,0.0735
6055,1136,910,34.496,34.176,0.0147,0.0419,9.7934,-0.1285,-0.0267,0.0158
6060,1121,910,34.549,34.342,0.0303,0.0841,9.7545,-0.0277,-0.5269,0.2519
6065,1135,914,34.527,34.193,-0.0229,0.0548,9.7638,-0.033,-0.4419,0.1456
6070,1127,911,34.581,34.221,0.0018,0.0238,9.8215,0.337,-0.581,-0.2219
6075,1124,915,34.604,34.299,0.0381,-0.0714,9.8216,-0.2853,-0.0271,-0.5842
6080,1118,912,34.467,34.295,-0.0342,-0.0395,9.7732,0.2948,0.2173,-0.1987
6085,1115,911,34.538,34.287,-0.0406,0.0083,9.8409,-0.5268,0.0604,0.8596
6090,1111,911,34.52,34.25,0.0369,0.0631,9.8251,0.3881,-0.0954,-0.1482
6095,1109,908,34.583,34.283,-0.116,0.0301,9.9078,0.2433,0.1384,0.3128
6100,1110,911,34.588,34.265,-0.0433,-0.0024,9.8324,0.1339,0.5142,0.4141
6105,1109,908,34.565,34.299,-0.0233,-0.0091,9.7825,0.7717,0.1434,0.0667
6110,1099,905,34.515,34.329,0.036,0.0063,9.7695,-0.198,0.0836,-0.0197
6115,1108,904,34.502,34.298,0.0774,-0.0255,9.8665,-0.2904,0.6789,0.4833
6120,1098,899,34.446,34.268,-0.0392,-0.0266,9.7617,0.005,0.7213,-0.0472
6125,1091,900,34.576,34.391,-0.0058,0.0547,9.7309,0.3571,-0.5715,0.4323
6130,1101,898,34.6,34.343,-0.0361,-0.0037,9.8073,-0.0862,-0.1926,0.4919
6135,1095,896,34.571,34.237,0.0159,-0.0203,9.7691,0.7209,0.6579,0.4012
6140,1090,894,34.493,34.246,-0.044,0.0183,9.8028,-1.321,0.5363,0.0783
6145,1087,889,34.607,34.323,0.0291,0.0083,9.8353,0.5935,0.7092,0.0487
6150,1084,892,34.641,34.302,-0.0615,-0.0189,9.9172,-1.2027,0.4661,-0.2692
6155,1080,885,34.537,34.319,-0.0791,-0.0335,9.8368,0.2241,-0.0814,-0.4647
6160,1078,889,34.609,34.343,0.0096,0.0217,9.8704,0.0361,0.386,-0.0462
6165,1083,881,34.47,34.35,-0.062,-0.0715,9.8245,0.6005,0.0028,0.3005
6170,1085,881,34.508,34.316,-0.1256,0.0309,9.8894,-0.1597,-0.203,0.4692
6175,1077,878,34.583,34.23,-0.0073,-0.0755,9.8271,-0.6134,-0.1722,-0.1713
6180,1067,877,34.571,34.265,0.0851,0.0697,9.8057,0.0845,0.2827,0.6989
6185,1063,877,34.447,34.217,-0.0064,-0.0413,9.8319,0.897,0.3232,-0.0549
6190,1054,880,34.562,34.265,-0.0734,-0.0065,9.8887,-0.0588,0.6106,-0.1103
6195,1059,870,34.479,34.281,-0.0175,-0.0488,9.7454,-1.602,-0.0775,0.5139
6200,1068,873,34.429,34.311,0.0309,0.0385,9.8132,0.0686,-0.6144,0.734
6205,1051,871,34.521,34.217,-0.0029,0.0777,9.81,-0.8198,-0.6617,0.0517
6210,1047,869,34.399,34.24,-0.0389,0.0139,9.7948,-0.171,-0.921,0.6557
6215,1052,873,34.473,34.299,0.0104,0.0781,9.9181,-0.3089,-0.0243,0.102
6220,1038,859,34.599,34.312,0.0318,-0.0416,9.805,0.4376,0.2294,0.4922
6225,1038,862,34.523,34.294,-0.0907,0.0362,9.7976,-0.6064,-0.2684,-0.6801
6230,1027,863,34.539,34.29,0.081,-0.012,9.8882,0.0881,0.2881,0.0534
6235,1022,861,34.543,34.263,0.0525,0.01,9.8209,-0.3355,-0.7541,0.5151
6240,1029,859,34.515,34.348,-0.0063,-0.0165,9.792,0.1463,-0.0902,0.2392
6245,1013,855,34.622,34.34,0.0117,-0.0506,9.7988,0.79,-0.364,0.1874
6250,1010,857,34.526,34.322,0.045,0.0411,9.8138,0.2239,0.2185,-0.1686
6255,992,857,34.447,34.273,0.0147,-0.0038,9.8527,0.0913,-0.8702,1.0211
6260,999,852,34.543,34.304,-0.0627,0.0027,9.8117,-0.1822,-0.139,-0.6195
6265,988,858,34.542,34.278,0.0383,0.0289,9.7975,0.2597,-0.3393,0.915
6270,991,857,34.567,34.215,-0.0506,0.0136,9.8473,0.4227,-0.2648,0.2608
6275,977,853,34.532,34.28,0.0426,0.1367,9.8657,0.3905,-0.1795,-0.0628
6280,976,843,34.609,34.325,0.0444,0.0495,9.7462,0.0652,0.0204,-0.6231
6285,967,843,34.53,34.259,0.0202,0.033,9.8553,-0.4341,-0.8468,-0.288
6290,963,850,34.534,34.264,-0.0567,0.0154,9.8141,-0.4424,-1.1233,-0.9202
6295,946,845,34.561,34.316,-0.0467,0.1134,9.8021,0.4489,0.2993,0.3467
6300,938,844,34.562,34.244,0.1073,0.0276,9.823,-0.4537,-0.6622,-0.781
6305,935,845,34.474,34.339,0.0291,-0.0559,9.8352,0.407,0.272,0.4034
6310,926,837,34.53,34.272,0.0587,-0.0789,9.7561,0.5032,-0.6167,-0.4711
6315,918,844,34.555,34.289,-0.0713,0.0822,9.7889,-0.6488,-0.4788,-0.4929
6320,903,842,34.529,34.329,0.0303,-0.0271,9.9912,0.6522,0.3606,-0.2816
6325,896,843,34.538,34.272,-0.0377,-0.0271,9.8243,-0.2238,-0.0021,-0.6069
6330,892,829,34.537,34.402,0.0032,-0.0089,9.9328,0.767,0.2245,0.5191
6335,877,832,34.649,34.229,-0.0492,-0.0422,9.8326,-0.5593,-0.8751,-0.0344
6340,868,831,34.573,34.273,0.0063,-0.155,9.8714,-0.5359,-0.1093,-0.3806
6345,852,826,34.635,34.303,-0.0872,-0.0592,9.8546,-0.4636,0.7245,-0.0784
6350,854,826,34.406,34.297,0.0097,0.0164,9.7305,0.7962,-0.4671,0.4952
6355,848,819,34.48,34.194,0.0013,-0.0783,9.7989,-0.2584,0.2038,-0.2019
6360,841,817,34.479,34.331,-0.0028,0.0043,9.8046,-0.2576,-0.5917,-0.9472
6365,836,814,34.539,34.261,-0.0158,-0.0168,9.9255,0.8747,0.4904,-0.6301
6370,826,812,34.598,34.358,0.0757,0.0488,9.7959,0.8363,0.7965,-0.4443
6375,817,815,34.473,34.21,-0.0101,0.0194,9.6915,1.1615,-0.3589,0.178
6380,802,807,34.61,34.27,-0.0288,-0.0377,9.806,-0.4453,0.0761,0.1369
6385,800,807,34.629,34.259,0.0563,-0.0124,9.7665,0.5145,-0.0342,-0.4583
6390,793,797,34.558,34.31,-0.0259,-0.0702,9.8343,0.6743,-0.0754,-0.292
6395,781,796,34.461,34.25,-0.0893,0.0209,9.8186,-0.2401,0.298,0.1807
6400,783,792,34.38,34.259,0.0869,-0.0251,9.8098,-0.0227,0.1754,-0.1308
6405,785,785,34.567,34.325,0.0169,-0.0578,9.8242,0.5261,0.3979,0.2179
6410,775,782,34.619,34.295,0.0193,-0.0017,9.8171,0.4983,-0.2935,-0.1854
6415,763,785,34.525,34.308,-0.0582,0.0005,9.7747,0.2252,-0.3408,-0.3046
6420,767,769,34.566,34.336,-0.0026,0.0935,9.8372,-0.6683,0.3823,0.5158
6425,763,767,34.584,34.241,-0.0126,-0.0611,9.7853,-0.1965,-0.0799,0.0176
6430,758,770,34.601,34.29,0.0392,-0.0125,9.8516,-0.386,0.3795,-0.964
6435,759,760,34.516,34.33,-0.0695,0.0377,9.885,-0.2385,0.163,0.3267
6440,751,755,34.531,34.356,0.0825,0.09,9.759,-0.844,-0.1999,0.1672
6445,749,750,34.522,34.314,-0.0062,-0.0281,9.7828,-0.1644,0.4823,0.294
6450,750,746,34.495,34.268,-0.0132,-0.0462,9.8267,-0.2412,0.9143,-0.4201
6455,753,736,34.493,34.284,0.034,0.0118,9.8035,0.7839,0.283,0.0584
6460,741,733,34.471,34.321,0.0536,0.0211,9.7222,-0.2129,-0.4091,0.0097
6465,749,730,34.457,34.307,0.0189,-0.0464,9.8507,-0.3942,-0.3273,0.4529
6470,748,725,34.533,34.317,-0.0777,-0.0242,9.7204,-0.7813,-1.3925,0.5641
6475,754,726,34.513,34.255,-0.0116,0.0342,9.8522,0.917,-0.1927,-0.2723
6480,756,713,34.529,34.251,-0.0037,-0.0424,9.8034,-0.1454,0.414,-0.0932
6485,769,709,34.533,34.231,0.0402,0.0067,9.7438,0.3643,-0.4455,0.3351
6490,766,703,34.541,34.287,-0.0228,0.0251,9.8468,-0.4612,0.4604,-0.7825
6495,765,703,34.444,34.289,-0.0698,-0.034,9.8902,0.4788,0.0673,-0.263
6500,775,698,34.581,34.26,-0.0642,-0.0456,9.7764,-0.442,0.254,-0.075
6505,783,695,34.534,34.345,0.0082,-0.0507,9.835,-0.5452,0.3974,0.264
6510,782,688,34.404,34.364,0.0357,-0.0876,9.7842,-0.5339,0.1782,0.0273
6515,790,679,34.62,34.194,0.0163,-0.1086,9.8192,-0.5982,-0.2147,0.0991
6520,790,678,34.545,34.273,-0.1284,-0.0192,9.8619,-0.373,0.3792,0.5763
6525,807,670,34.571,34.23,0.1026,-0.0647,9.8522,0.3224,-0.5301,-0.6739
6530,817,669,34.583,34.307,-0.08,-0.0386,9.7744,0.6902,-0.0907,0.533
6535,822,666,34.619,34.262,-0.1057,-0.0464,9.8093,0.2348,-0.2543,-0.0317
6540,827,673,34.508,34.284,-0.0142,-0.0254,9.8295,0.086,0.1891,0.5046
6545,852,658,34.579,34.323,0.0155,-0.0013,9.828,-0.6006,-0.416,0.47
6550,855,658,34.471,34.362,0.0033,-0.0489,9.781,0.3789,-0.56,-0.8226
6555,864,659,34.507,34.255,0.0274,0.0299,9.8192,0.3882,0.5328,0.3795
6560,876,655,34.605,34.317,-0.0362,-0.0657,9.8506,-0.3971,-0.4031,-0.6964
6565,889,651,34.479,34.369,0.0658,0.0838,9.6831,-0.0359,0.358,0.8338
6570,895,658,34.507,34.25,-0.0735,-0.0037,9.8463,-0.1197,-0.0948,-0.1334
6575,911,647,34.556,34.32,-0.0592,-0.0855,9.7761,0.1935,-0.7167,-0.4806
6580,915,652,34.58,34.313,0.0781,-0.0157,9.8186,-0.0348,-0.4974,0.0442
6585,930,649,34.568,34.244,-0.0231,0.0434,9.8358,-0.8477,0.4292,-1.0288
6590,945,651,34.452,34.349,-0.002,0.037,9.8028,-0.5568,-0.7048,-0.0164
6595,949,648,34.566,34.357,-0.0234,-0.0232,9.8373,-0.7124,0.5446,-0.566
6600,962,647,34.504,34.322,0.0856,-0.0929,9.7856,0.2696,-0.3398,-0.1509
6605,973,654,34.554,34.308,-0.0578,-0.0242,9.8345,-0.4079,-0.1063,-0.0596
6610,988,657,34.524,34.241,0.029,-0.0703,9.7843,0.1629,-0.4099,0.1917
6615,997,655,34.486,34.397,-0.0505,-0.0459,9.7788,0.54,0.2914,1.1068
6620,1012,659,34.468,34.335,0.0602,0.0928,9.8652,-0.2493,0.0668,-0.4388
6625,1020,663,34.581,34.289,0.0303,-0.0185,9.8351,-0.0228,-0.2618,-0.6129
6630,1033,663,34.522,34.295,-0.0833,0.0294,9.9182,0.0117,-0.4886,0.4779
6635,1039,672,34.54,34.272,-0.0663,-0.03,9.7827,-0.0976,-0.0619,-0.7068
6640,1054,673,34.532,34.424,0.0486,0.0755,9.8821,-0.6089,0.9477,-0.0415
6645,1070,678,34.49,34.294,-0.005,-0.1981,9.7317,0.1852,-0.0415,1.1897
6650,1074,677,34.582,34.239,0.097,-0.0773,9.8138,-0.1375,-0.0207,-0.5452
6655,1085,683,34.571,34.292,-0.011,-0.0908,9.7995,-0.3376,-0.9983,0.1008
6660,1099,688,34.521,34.298,0.0951,-0.0447,9.8735,-0.214,-1.1091,1.172
6665,1109,702,34.621,34.322,-0.0616,0.0018,9.87,0.8495,-0.5592,1.2197
6670,1113,704,34.495,34.37,0.0904,0.0293,9.7872,0.486,-1.1793,0.6211
6675,1113,706,34.522,34.319,0.0114,-0.0448,9.808,0.6331,0.6766,1.1018
6680,1128,712,34.509,34.283,0.0296,0.0735,9.7766,-0.3717,0.0096,0.2526
6685,1124,722,34.602,34.347,-0.0311,-0.051,9.7281,0.3742,-0.1672,0.092
6690,1140,722,34.573,34.22,-0.0394,-0.0636,9.879,0.2675,1.0832,0.1432
6695,1138,731,34.583,34.28,0.0409,-0.1403,9.8079,-1.175,-0.7278,1.1042
6700,1159,737,34.522,34.355,0.0215,0.0721,9.8361,0.0502,1.2015,-1.0071
6705,1155,744,34.515,34.37,0.0058,0.0512,9.7922,-0.6215,-0.1417,0.0009
6710,1160,754,34.598,34.29,0.0132,-0.0216,9.8001,-1.0172,0.0282,-0.5363
6715,1162,757,34.534,34.35,-0.0824,-0.0737,9.77,0.6196,0.1379,-0.6039
6720,1177,762,34.569,34.349,0.0726,0.0643,9.8224,0.062,-0.4495,-0.1497
6725,1178,773,34.463,34.181,-0.019,-0.0438,9.7714,0.4702,-0.5211,-0.0875
6730,1184,778,34.566,34.283,-0.0287,-0.0164,9.7982,0.3316,-0.3123,0.3642
6735,1187,784,34.565,34.378,0.0414,-0.0615,9.7785,0.2888,-0.7621,-0.054
6740,1184,794,34.54,34.339,-0.017,0.0251,9.7991,-0.9113,-0.9183,-0.6248
6745,1179,802,34.437,34.272,-0.0567,0.0196,9.8045,-0.5181,-0.1928,0.6139
6750,1187,804,34.645,34.243,-0.0389,0.0205,9.8126,-0.926,0.4118,0.2368
6755,1190,811,34.579,34.252,0.0684,-0.0343,9.8153,0.5237,-0.1611,-0.5041
6760,1186,823,34.587,34.286,-0.0926,0.0934,9.8392,-0.1884,-0.7355,0.6101
6765,1191,828,34.586,34.236,-0.0118,-0.018,9.7,0.1812,0.123,-0.7389
6770,1185,829,34.571,34.251,0.0477,0.0346,9.8328,0.3444,0.0272,-0.7467
6775,1184,837,34.528,34.319,-0.043,0.0273,9.8061,-0.5209,0.1233,0.2
6780,1182,844,34.571,34.234,0.0474,-0.0125,9.7839,-0.1095,-0.7487,-0.4426
6785,1178,851,34.537,34.29,0.0757,0.0094,9.8475,-0.4492,0.2335,0.1119
6790,1170,849,34.571,34.295,0.0193,-0.0138,9.8412,-0.2699,0.3352,-0.3597
6795,1187,859,34.513,34.284,0.007,-0.0153,9.7862,-0.3463,0.4517,0.4619
6800,1185,867,34.509,34.345,0.0627,-0.0656,9.7947,-1.2353,0.129,0.079
6805,1183,862,34.507,34.3,0.0458,0.045,9.8402,-0.0074,0.4444,-0.3037
6810,1166,877,34.542,34.288,0.0356,0.0783,9.7655,-0.5317,-0.1594,0.5915
6815,1179,878,34.637,34.241,0.0256,-0.1019,9.7803,0.1386,-0.91,0.8331
6820,1165,884,34.514,34.277,0.0737,0.0701,9.8524,0.1631,0.2493,-0.5531
6825,1168,887,34.52,34.234,-0.0757,-0.0348,9.827,0.3318,0.1625,0.419
6830,1152,891,34.589,34.358,-0.0105,0.0483,9.7543,0.7565,-0.1621,0.3146
6835,1158,893,34.669,34.246,-0.1072,0.0581,9.8334,0.6137,-0.1274,0.0723
6840,1159,899,34.467,34.317,-0.0504,0.0017,9.8705,0.5547,-0.1323,1.082
6845,1159,894,34.585,34.261,-0.0306,-0.0045,9.8098,0.2198,0.5179,-0.2079
6850,1148,900,34.567,34.317,0.015,-0.0081,9.6992,-0.3232,-0.1429,-0.2473
6855,1154,902,34.41,34.291,-0.0434,0.0031,9.8092,0.2606,-0.3135,0.0052
6860,1154,907,34.445,34.368,-0.0772,0.0572,9.7726,0.9388,0.6846,-0.3875
6865,1146,904,34.507,34.276,0.0169,0.1363,9.8675,1.025,-0.251,0.833
6870,1139,907,34.554,34.329,-0.0591,-0.0613,9.756,-0.2347,0.4886,-0.0737
6875,1133,908,34.52,34.266,-0.021,0.0711,9.8076,-0.4033,0.3195,-0.5082
6880,1131,910,34.643,34.282,0.0097,-0.0277,9.8199,-0.2839,-0.4253,0.1922
6885,1128,907,34.536,34.356,0.0091,0.0023,9.7395,0.514,-0.1666,-0.5324
6890,1130,908,34.592,34.35,0.0015,-0.0151,9.8284,-0.0629,0.2993,-0.5572
6895,1124,911,34.481,34.296,0.0827,-0.0624,9.8082,0.4881,-0.9141,0.31
6900,1124,907,34.528,34.214,0.017,-0.0364,9.7879,-0.0375,-0.1015,-0.7336
6905,1125,910,34.478,34.281,-0.024,-0.0243,9.8234,0.4878,-0.4344,0.4506
6910,1120,915,34.591,34.303,-0.0195,0.0054,9.7973,-0.0643,0.5411,0.7626
6915,1113,907,34.537,34.343,0.0602,-0.0623,9.8297,-0.2842,0.0017,0.4935
6920,1107,910,34.533,34.302,0.0452,-0.015,9.7972,-0.0688,0.2369,-0.2309
6925,1106,914,34.563,34.244,-0.1,-0.0148,9.8556,-0.6311,0.837,-0.3911
6930,1116,903,34.471,34.297,-0.0101,-0.1123,9.7973,-0.5948,-0.0369,0.3979
6935,1116,902,34.545,34.377,-0.0275,0.0523,9.821,-1.2539,-0.0703,0.7725
6940,1090,903,34.526,34.317,-0.0133,-0.0338,9.7985,-0.4632,0.4445,-0.5166
6945,1101,901,34.657,34.355,-0.0476,-0.039,9.8232,-0.1617,0.1278,0.8534
6950,1088,904,34.59,34.269,0.0326,0.1015,9.8018,0.1986,-0.4317,0.1827
6955,1105,898,34.567,34.363,0.0314,0.0243,9.7764,0.4215,0.4144,0.4575
6960,1091,898,34.578,34.365,-0.0253,-0.0142,9.8238,-0.359,-0.1417,0.318
6965,1088,896,34.565,34.355,-0.0183,-0.0131,9.8268,-0.8987,-0.6924,-0.2489
6970,1083,893,34.489,34.299,-0.078,-0.0174,9.7819,-0.7586,-0.2318,0.4409
6975,1084,889,34.613,34.293,-0.0346,-0.0386,9.819,-0.2695,-0.0557,0.1814
6980,1088,890,34.599,34.311,0.0214,-0.0785,9.8409,-0.1726,-0.7362,0.2331
6985,1082,885,34.538,34.341,-0.0197,-0.0191,9.7526,-0.6042,-0.2014,-0.304
6990,1081,886,34.535,34.351,-0.0161,-0.0774,9.8137,0.5635,0.8053,1.2681
6995,1074,881,34.486,34.377,-0.0167,0.0037,9.7465,-1.4396,-0.3779,-0.3237
7000,1075,877,34.591,34.285,0.0216,0.0015,9.8398,-0.4132,-0.1931,-0.4137
7005,1072,881,34.624,34.299,0.0576,-0.0608,9.819,-0.9269,0.3021,0.8115
7010,1079,879,34.443,34.461,-0.0094,-0.0101,9.8552,-0.7507,-0.247,-0.7476
7015,1067,878,34.439,34.291,-0.0044,-0.0167,9.8462,-0.1844,0.0649,0.1621
7020,1065,881,34.558,34.224,0.053,0.0135,9.7696,-0.3988,0.9967,0.0224
7025,1065,871,34.524,34.256,0.0134,-0.0859,9.8464,0.5395,0.5804,0.3821
7030,1051,871,34.564,34.304,-0.0205,0.0216,9.6871,0.6261,-0.6003,-0.3835
7035,1052,866,34.469,34.315,0.007,0.0163,9.8615,0.3594,-0.2547,-0.6632
7040,1046,871,34.61,34.34,0.0222,-0.0475,9.8857,0.1376,0.3653,0.6058
7045,1048,865,34.505,34.348,-0.0793,-0.0257,9.856,-0.0366,-0.494,-0.5732
7050,1044,868,34.584,34.292,-0.0004,0.0689,9.822,0.3265,-0.8755,0.6356
7055,1036,864,34.59,34.273,0.0195,0.0166,9.9062,-0.0138,-0.4502,0.4886
7060,1035,863,34.473,34.279,-0.0186,0.0549,9.688,0.0023,0.1585,0.4849
7065,1024,859,34.533,34.343,0.1292,0.0169,9.8839,0.3546,0.1244,0.0595
7070,1021,856,34.455,34.296,0.0352,-0.04,9.7716,0.2236,-0.0552,-0.773
7075,1013,860,34.526,34.3,-0.0848,0.1216,9.8396,0.6492,0.161,-0.1262
7080,1004,861,34.508,34.29,-0.0392,0.0149,9.748,0.7775,0.3047,-0.1491
7085,1000,853,34.532,34.379,0.0383,-0.053,9.8648,0.2255,-1.2539,0.5232
7090,990,846,34.477,34.32,-0.0158,0.0211,9.806,0.0813,0.4333,-0.6729
7095,991,855,34.553,34.31,0.0577,0.0094,9.8302,0.6733,-0.2983,-0.5608
7100,987,854,34.591,34.346,-0.0413,0.0903,9.7891,0.2406,0.0812,-0.712
7105,974,848,34.493,34.328,-0.0433,-0.0688,9.9538,-0.1843,-0.2823,0.2643
7110,964,851,34.586,34.302,0.0646,-0.0499,9.7432,-0.3651,-0.0235,-0.8622
7115,964,848,34.579,34.364,-0.0232,0.0384,9.8303,-0.0092,0.0467,0.3139
7120,949,846,34.57,34.288,0.0107,-0.002,9.8465,-0.6333,-0.435,0.4474
7125,943,845,34.487,34.299,0.0657,0.027,9.8178,0.8685,0.2557,0.5037
7130,937,850,34.494,34.373,0.0017,0.0109,9.7934,-0.253,-0.5097,-0.1908
7135,925,850,34.536,34.4,-0.0111,0.1524,9.8973,-0.1299,-0.7988,0.5475
7140,932,835,34.614,34.297,-0.0686,-0.1425,9.8145,-0.9124,0.0792,0.2941
7145,918,848,34.52,34.25,0.0173,0.0456,9.7817,0.1863,-0.8607,-0.8882
7150,902,842,34.595,34.267,0.0113,0.0143,9.8082,0.337,-0.5072,-0.5259
7155,901,835,34.541,34.313,-0.0006,0.0071,9.8373,0.1488,0.5601,-0.3002
7160,895,832,34.57,34.257,0.0876,0.0698,9.6989,0.2824,0.8991,0.4891
7165,879,833,34.596,34.331,0.0309,0.0045,9.8579,-0.3226,-0.1223,0.5019
7170,861,827,34.53,34.307,0.0087,-0.0038,9.863,0.2084,-0.2395,-0.1906
7175,857,828,34.488,34.248,-0.0325,-0.009,9.7487,0.7523,0.3622,0.3107
7180,862,822,34.547,34.343,0.0082,-0.0992,9.8386,-0.9003,-0.2932,-0.4036
7185,845,827,34.511,34.353,0.0153,-0.0457,9.8006,-0.4887,0.2957,-1.162
7190,838,822,34.407,34.459,-0.1166,0.0296,9.809,0.6833,0.4574,1.4149
7195,834,811,34.608,34.22,-0.0042,-0.0761,9.8285,0.5276,0.2233,0.9451
7200,828,814,34.503,34.332,0.0103,0.008,9.7964,-0.3295,0.1236,-0.2885
7205,801,810,34.546,34.296,0.0134,-0.0506,9.8659,-0.2891,0.7335,0.7634
7210,806,807,34.572,34.252,0.0577,-0.0374,9.7947,0.0866,-0.2164,-0.2232
7215,800,803,34.617,34.212,-0.0924,-0.059,9.8762,-0.6772,0.6204,-0.6407
7220,793,799,34.609,34.288,0.0415,0.0062,9.8194,-0.2008,0.0555,-0.6445
7225,781,796,34.493,34.34,-0.0322,0.0751,9.8277,0.3576,0.9876,0.011
7230,780,787,34.592,34.361,-0.0736,-0.0414,9.9129,-0.3178,0.1815,-0.2771
7235,771,789,34.485,34.36,0.053,0.0024,9.8895,0.2622,0.2949,-0.9019
7240,769,784,34.505,34.256,-0.0793,0.0168,9.9019,-0.0261,-0.6215,-0.2179
7245,766,779,34.5,34.305,-0.0202,0.002,9.8459,0.2996,-0.4146,-0.814
7250,756,773,34.596,34.28,0.0701,-0.0729,9.8451,-0.4762,-0.24,-0.2115
7255,756,763,34.55,34.41,-0.0662,-0.0581,9.7422,-0.2694,0.5753,0.0367
7260,744,759,34.523,34.267,-0.0104,0.0595,9.7107,0.5527,0.785,0.586
7265,753,756,34.521,34.289,0.0172,-0.0155,9.7972,0.216,-0.6933,-0.8197
7270,745,756,34.576,34.378,-0.0273,-0.0568,9.8171,0.9038,-0.1259,0.0845
7275,748,750,34.516,34.337,-0.0578,0.0088,9.743,0.2042,-0.5415,-0.503
7280,745,744,34.558,34.26,-0.0676,0.0337,9.7672,-0.336,-0.5543,-0.0572
7285,750,739,34.512,34.256,0.0173,0.0179,9.8018,0.3344,0.6563,-0.0251
7290,744,733,34.586,34.246,-0.1123,0.1096,9.7598,-0.0143,0.3917,-0.1866
7295,747,729,34.489,34.236,-0.0115,0.0033,9.7806,0.4754,-0.218,0.3163
7300,749,723,34.617,34.309,-0.089,-0.0726,9.7886,0.1519,-0.6987,0.1268
7305,758,717,34.549,34.284,0.0502,0.0236,9.7443,0.0474,0.2694,-0.0651
7310,759,711,34.514,34.303,-0.0174,-0.058,9.8331,0.2973,-0.6542,0.0584
7315,767,707,34.457,34.21,-0.0436,-0.0272,9.8082,-0.0754,-0.1929,-0.2678
7320,769,700,34.558,34.313,-0.0254,0.0656,9.7353,-0.5056,-0.6964,-0.9378
7325,776,699,34.524,34.29,0.0286,-0.0728,9.6872,0.5501,0.0695,0.5325
7330,775,698,34.568,34.329,-0.0514,0.0648,9.7467,0.1986,0.1295,0.2115
7335,770,690,34.513,34.263,-0.0014,-0.0422,9.8856,-0.5707,-0.6232,-0.0058
7340,781,688,34.53,34.298,0.0047,0.0649,9.8754,0.3518,0.3837,0.2763
7345,789,680,34.579,34.269,0.0677,0.0813,9.7812,-0.4306,-0.301,0.1684
7350,802,681,34.563,34.393,-0.1027,-0.0472,9.7978,0.7022,-0.4019,-0.6127
7355,793,670,34.571,34.343,0.0878,-0.0817,9.8396,-0.2136,0.2984,-0.2504
7360,819,675,34.58,34.39,0.1091,0.0083,9.8486,0.1725,-0.1623,0.8301
7365,830,664,34.577,34.343,0.0599,0.0114,9.6803,0.3067,0.6241,-0.2835
7370,836,663,34.549,34.337,-0.0613,-0.0043,9.9292,0.0581,-0.3824,-0.6585
7375,843,658,34.487,34.357,0.0579,0.0848,9.8298,0.6785,0.0603,-0.5076
7380,863,658,34.637,34.236,-0.0403,-0.0185,9.7556,0.9589,-0.1498,-0.197
7385,860,655,34.606,34.352,-0.0037,0.0589,9.8238,0.5891,0.9828,0.6361
7390,887,655,34.458,34.326,-0.0059,-0.0324,9.8435,0.0624,0.1962,-0.2087
7395,881,657,34.499,34.287,0.02,0.0082,9.789,-0.5542,-0.2685,-0.2485
7400,888,650,34.476,34.312,-0.0477,-0.0822,9.8104,0.8879,0.2718,0.2164
7405,900,652,34.549,34.248,-0.0076,0.0163,9.7014,-1.2984,0.3223,-0.112
7410,927,651,34.603,34.296,0.0707,0.0351,9.8557,0.6883,0.6884,0.1845
7415,941,654,34.602,34.256,0.0168,-0.1182,9.7577,0.5987,0.1823,-0.1416
7420,955,658,34.568,34.364,-0.0216,-0.0432,9.8467,0.4342,-0.6572,0.2269
7425,956,653,34.454,34.33,-0.0276,-0.0757,9.7486,0.48,0.2255,0.4209
7430,957,653,34.59,34.351,-0.0889,-0.0773,9.926,0.5046,-0.4052,-0.682
7435,976,654,34.525,34.188,-0.0158,0.0602,9.8215,1.004,-0.3223,0.2779
7440,989,656,34.644,34.247,-0.0063,-0.0617,9.7673,-0.2538,-0.0758,0.2982
7445,1004,658,34.59,34.363,-0.0915,-0.03,9.8139,0.3588,0.0506,-0.9497
7450,1017,657,34.602,34.328,0.0132,0.1207,9.8381,0.6515,-0.0693,-0.6126
7455,1021,663,34.458,34.312,-0.046,0.0096,9.7797,1.1977,0.3234,0.1982
7460,1028,661,34.607,34.239,0.0868,-0.045,9.8199,0.0799,-0.4529,-0.05
7465,1043,669,34.624,34.312,-0.0791,-0.0694,9.7968,0.7601,0.1722,-0.0258
7470,1062,671,34.523,34.334,-0.1172,0.0199,9.8225,-0.7058,-0.6001,1.3495
7475,1062,670,34.565,34.297,0.0033,-0.0036,9.785,-0.5722,-0.2425,-0.738
7480,1079,684,34.596,34.238,0.0226,-0.0103,9.7609,-0.5442,0.0913,1.4654
7485,1086,688,34.542,34.297,0.0684,-0.0329,9.813,-0.4742,-0.2631,-0.2918
7490,1091,690,34.574,34.333,-0.0687,0.016,9.7235,-0.7436,0.5661,-0.3468
7495,1104,693,34.564,34.417,-0.0527,0.0014,9.7573,-0.0294,0.4672,-0.4406
7500,1113,702,34.606,34.314,-0.0623,-0.0401,9.7071,0.8625,-0.2289,1.0062
7505,1121,706,34.494,34.342,-0.0134,0.0632,9.7262,0.4622,0.1083,0.7612
7510,1128,713,34.489,34.361,0.1242,0.0159,9.798,0.1884,-0.2903,0.131
7515,1133,715,34.514,34.359,-0.0696,0.019,9.9047,0.1126,-0.4647,0.0907
7520,1141,728,34.497,34.359,0.0551,-0.0141,9.7925,-0.6892,0.2408,-0.3301
7525,1152,731,34.579,34.319,0.0304,-0.0406,9.7208,-0.2266,0.1487,-0.6531
7530,1157,744,34.482,34.271,0.0858,-0.0117,9.7794,0.6535,0.0367,0.6876
7535,1159,747,34.633,34.232,0.0098,0.015,9.7564,0.3218,-0.8236,0.2035
7540,1159,749,34.525,34.353,-0.0475,0.0659,9.8266,-0.1495,-0.4964,0.3123
7545,1173,758,34.534,34.328,-0.1045,0.0006,9.8176,-0.0701,0.2464,0.3132
7550,1178,763,34.48,34.305,-0.0109,0.01,9.92,0.6565,0.3511,0.4317
7555,1177,770,34.57,34.389,-0.0456,-0.0148,9.7732,0.4261,-0.0576,0.4579
7560,1182,781,34.644,34.231,0.0096,-0.0469,9.8578,-0.1115,-0.338,-0.3428
7565,1175,790,34.508,34.259,-0.0438,-0.0656,9.7395,0.9564,-0.5657,-0.5997
7570,1189,795,34.591,34.304,0.0312,-0.0768,9.8805,-0.1981,-0.7717,0.2166
7575,1179,806,34.618,34.394,0.0392,-0.046,9.8551,0.2461,0.444,0.3177
7580,1187,809,34.462,34.235,-0.0121,-0.0796,9.8119,0.1668,-0.5714,0.2378
7585,1194,812,34.553,34.311,0.0133,0.0002,9.7129,-0.6984,-0.4365,-0.2868
7590,1193,821,34.556,34.38,-0.0254,0.0417,9.8233,-0.5645,0.4309,-1.4723
7595,1190,829,34.67,34.346,0.0684,0.0257,9.8222,-0.5472,0.1859,0.2296
7600,1182,834,34.476,34.266,-0.0689,-0.0158,9.7593,-0.8622,-0.1305,-0.1483
7605,1199,838,34.508,34.265,-0.053,-0.0594,9.8222,-0.14,-0.0379,-0.1999
7610,1202,845,34.576,34.287,0.0128,-0.0772,9.8387,0.1867,-0.1997,-0.4032
7615,1177,845,34.523,34.293,-0.0146,0.0089,9.7689,0.1643,0.5656,-0.5824
7620,1187,855,34.589,34.362,0.0265,0.1095,9.6996,0.5391,-0.2135,0.3142
7625,1183,858,34.569,34.291,-0.0581,-0.0179,9.7649,0.1577,0.5625,-0.1331
7630,1170,871,34.597,34.272,-0.0509,-0.0225,9.8131,0.5112,0.0175,-0.2781
7635,1178,867,34.582,34.341,0.0105,0.0488,9.7614,-0.1843,-0.2603,0.4818
7640,1168,877,34.602,34.251,-0.0167,-0.0026,9.9094,-0.0718,0.2526,-0.231
7645,1169,881,34.595,34.244,0.0058,-0.036,9.8038,-0.4943,-0.6117,-0.0846
7650,1167,882,34.562,34.274,-0.0018,-0.0176,9.6941,0.1573,-0.1209,0.3519
7655,1161,890,34.467,34.269,-0.0013,-0.0634,9.7613,-0.6244,-0.2297,0.8161
7660,1157,889,34.591,34.366,0.0366,0.0033,9.7809,-0.8613,0.0511,0.0051
7665,1155,893,34.593,34.396,-0.0399,0.0842,9.8165,-0.3615,0.0443,-0.1571
7670,1158,900,34.45,34.279,-0.0079,0.0755,9.9081,0.247,-0.0207,0.5871
7675,1151,900,34.579,34.25,-0.0181,0.0488,9.8171,-0.216,-0.3423,-0.8658
7680,1150,897,34.529,34.274,-0.026,-0.0264,9.8156,0.2304,-0.3599,0.5675
7685,1144,905,34.579,34.337,-0.0914,-0.0418,9.6942,-0.3187,-0.865,-0.2584
7690,1137,908,34.512,34.274,-0.0002,-0.004,9.8052,0.2214,-1.0361,0.3132
7695,1148,902,34.541,34.343,-0.0911,-0.0032,9.8566,-0.1213,0.0384,-0.845
7700,1136,903,34.451,34.346,0.0209,0.0606,9.8521,-0.7238,-0.5493,-0.0292
7705,1130,912,34.6,34.337,-0.0107,0.0393,9.8241,0.0758,-0.4332,-0.3617
7710,1127,908,34.555,34.276,0.0072,-0.064,9.7688,0.5221,-0.1981,0.0658
7715,1139,910,34.542,34.362,-0.0584,0.1218,9.8308,0.461,0.6388,0.4527
7720,1117,909,34.504,34.34,0.0132,0.0173,9.7489,0.3115,0.4737,-0.3872
7725,1120,905,34.661,34.38,-0.0578,-0.0663,9.8075,0.4478,0.1715,-0.9895
7730,1124,913,34.57,34.278,-0.0334,-0.0665,9.7372,0.5307,0.2806,-1.0604
7735,1110,908,34.487,34.334,0.0166,-0.0096,9.8396,-0.7888,-0.5822,0.512
7740,1114,912,34.45,34.392,-0.0725,0.0863,9.8264,-1.0399,0.4691,0.3882
7745,1121,911,34.548,34.432,-0.0195,0.0022,9.788,0.7356,-0.7581,-0.032
7750,1110,905,34.536,34.328,0.1424,-0.0248,9.7306,0.1318,1.0131,0.4841
7755,1108,903,34.502,34.325,-0.0377,-0.0275,9.8665,-0.387,-0.3326,-0.3831
7760,1113,907,34.581,34.284,-0.0423,0.006,9.8776,0.1667,0.7208,-0.433
7765,1106,907,34.487,34.257,-0.0083,0.0457,9.8423,-0.0125,-0.4924,0.3187
7770,1105,909,34.511,34.314,0.0164,0.0036,9.8697,-0.3648,0.3312,-0.1153
7775,1107,904,34.586,34.358,-0.029,0.049,9.8198,-0.4278,-0.1033,-0.5227
7780,1104,901,34.446,34.295,0.022,-0.0318,9.8177,-0.138,0.5226,-0.7361
7785,1091,899,34.484,34.405,-0.0589,0.061,9.764,-0.3088,0.5952,-0.1517
7790,1096,894,34.59,34.384,0.0214,0.0854,9.8082,-0.0614,0.032,0.6441
7795,1089,897,34.536,34.316,0.0861,0.0941,9.8292,0.1569,-0.0274,-0.0917
7800,1091,890,34.534,34.314,0.0224,-0.0336,9.797,-0.691,-0.0842,0.3252
7805,1092,896,34.688,34.274,-0.0789,0.0507,9.7325,-0.2413,0.5882,-0.3075
7810,1086,889,34.594,34.404,-0.0072,-0.0024,9.8321,-0.3165,0.441,0.5096
7815,1077,886,34.532,34.337,-0.0013,0.0025,9.7774,0.5453,0.0093,0.3248
7820,1079,887,34.569,34.28,0.0378,0.0129,9.7778,-0.1925,0.1571,0.7628
7825,1066,883,34.361,34.379,-0.1087,-0.0346,9.7356,-0.0915,-0.4775,0.4536
7830,1079,879,34.531,34.362,-0.0603,0.0693,9.8475,0.4331,-0.6398,0.0637
7835,1076,877,34.536,34.323,-0.0438,-0.0258,9.8735,-0.3595,0.0536,-0.0519
7840,1075,882,34.522,34.275,-0.0562,-0.0915,9.9105,-0.5643,-0.2223,-0.7433
7845,1071,876,34.519,34.325,0.0003,-0.0408,9.8725,-0.3831,0.0049,-0.4759
7850,1065,873,34.592,34.365,-0.0716,-0.0313,9.8128,-0.346,-0.25,-0.0859
7855,1071,874,34.558,34.457,-0.0808,0.0958,9.8431,0.5597,0.4303,-0.0588
7860,1049,870,34.433,34.286,0.0605,-0.0463,9.8324,0.0766,0.3602,-0.1037
7865,1054,873,34.547,34.207,-0.0747,0.0059,9.7558,-0.1791,0.1806,0.6877
7870,1053,867,34.54,34.22,-0.0292,-0.0356,9.875,-0.3783,0.5276,0.4833
7875,1049,866,34.52,34.296,-0.0098,-0.0459,9.7475,0.3407,0.2746,0.0779
7880,1034,866,34.591,34.226,-0.0231,-0.017,9.7943,0.0665,-0.1329,0.0523
7885,1034,859,34.548,34.294,0.0095,0.1384,9.7891,0.08,-0.4754,-0.3198
7890,1035,860,34.552,34.383,-0.0241,0.0069,9.7107,-0.0365,0.6217,0.5011
7895,1026,860,34.445,34.29,-0.0082,0.0359,9.8477,-0.1208,0.0724,-0.1226
7900,1018,862,34.584,34.312,0.0057,0.0048,9.8424,0.6299,0.589,-0.7365
7905,1023,856,34.637,34.345,-0.048,0.02,9.8371,-0.2278,0.2256,0.1359
7910,997,859,34.571,34.295,-0.0058,-0.0706,9.8846,-0.09,0.0631,0.3399
7915,1002,859,34.563,34.3,0.0128,0.0061,9.7351,0.1629,-0.8521,0.3957
7920,999,852,34.448,34.28,0.0998,-0.0137,9.7822,0.1146,-0.8858,0.0471
7925,990,855,34.548,34.304,0.0416,-0.0188,9.7778,0.1568,-0.0194,0.4983
7930,977,855,34.648,34.297,0.0273,-0.0142,9.8471,0.7519,-0.0591,-0.2715
7935,981,853,34.561,34.194,-0.019,-0.0617,9.7205,0.1214,0.518,0.0285
7940,961,847,34.486,34.278,0.0433,-0.1372,9.8047,0.3423,0.4802,-0.0062
7945,958,842,34.562,34.291,-0.0267,-0.0015,9.7752,0.362,0.3647,0.1863
7950,955,851,34.547,34.284,0.049,-0.0166,9.7598,0.4459,0.5228,-0.041
7955,943,846,34.47,34.3,0.0405,0.057,9.853,-0.3684,-0.6247,-1.0506
7960,937,843,34.483,34.297,0.0294,-0.0024,9.8724,-1.326,-0.2248,-0.5499
7965,924,840,34.556,34.337,-0.0574,0.0891,9.8333,-0.1739,0.4364,-0.0973
7970,919,839,34.556,34.429,-0.0104,0.0728,9.7903,-0.147,-0.2491,1.0933
7975,915,842,34.571,34.347,0.0467,-0.0508,9.7522,-0.4102,-0.3063,-0.1953
7980,913,840,34.435,34.291,-0.0739,-0.122,9.7437,1.1428,0.0358,0.9217
7985,899,840,34.609,34.383,-0.0513,0.0686,9.7867,-0.1082,0.1731,0.312
7990,882,834,34.5,34.353,0.0074,-0.0448,9.744,0.1368,-0.1402,-0.067
7995,880,833,34.596,34.289,0.0497,-0.0094,9.7366,0.3537,-0.1349,-0.1943
8000,869,825,34.498,34.28,-0.0322,0.0671,9.8803,0.2051,-0.4831,-0.9152
8005,857,827,34.591,34.271,0.0252,-0.0443,9.8781,0.3262,-0.0862,0.6939
8010,852,820,34.595,34.331,-0.0025,0.0017,9.8143,0.1887,-0.4406,0.5582
8015,845,825,34.534,34.307,0.003,-0.0354,9.8715,0.0645,0.155,-0.1403
8020,842,815,34.502,34.261,0.0315,-0.075,9.8168,-0.3969,0.5472,-0.2324
8025,825,815,34.596,34.306,-0.0791,-0.0673,9.8076,0.1642,-1.3929,0.4986
8029,820,817,34.591,34.288,-0.0246,-0.0285,9.8049,0.3955,0.5141,0.3045
8035,814,810,34.574,34.316,0.1096,-0.0249,9.8162,0.4005,-0.0468,0.8347
8039,800,800,34.475,34.258,0.0272,-0.0622,9.7669,-0.4444,-0.0877,-0.4679
8045,787,803,34.489,34.276,0.0987,0.0064,9.8568,0.641,0.3755,0.6937
8050,793,797,34.519,34.304,-0.0136,-0.0418,9.8158,-0.1418,-0.231,-0.0659
8055,788,796,34.538,34.343,0.1435,-0.0253,9.7791,0.1568,0.537,0.4445
8060,781,796,34.493,34.299,0.0585,-0.0079,9.7967,-0.0175,0.6354,-0.0231
8064,788,780,34.635,34.277,0.0268,-0.0065,9.8941,0.2461,-0.038,0.1136
8070,769,784,34.495,34.289,-0.0076,0.0361,9.6976,-0.0992,-0.0379,-0.1961
8074,774,775,34.472,34.278,0.0145,0.029,9.8179,0.3505,-0.2542,0.8238
8080,762,775,34.583,34.252,0.0305,0.0396,9.7427,-0.2849,-0.1839,-0.9052
8085,758,767,34.569,34.239,-0.031,-0.07,9.7997,0.8722,0.1518,-0.6528
8090,757,762,34.557,34.371,-0.0533,-0.0297,9.7848,0.1614,0.2624,-0.3463
8095,750,756,34.608,34.33,-0.1089,0.0369,9.7482,0.392,-0.0597,-0.7603
8100,750,757,34.527,34.254,0.045,0.0322,9.8001,-0.4948,-0.3595,-0.2277
8105,748,750,34.486,34.216,-0.0885,-0.0125,9.8357,0.6843,-0.0606,-0.2668
8109,749,745,34.532,34.299,-0.0323,-0.0443,9.769,-0.4253,-0.1224,-0.0973
8115,750,737,34.615,34.363,-0.015,-0.0597,9.8887,0.4204,-0.0374,-0.5168
8119,739,734,34.528,34.246,0.0429,-0.0073,9.9209,0.0379,0.4675,0.3
8125,749,727,34.537,34.368,0.0503,0.0341,9.7684,-0.0719,0.2016,-0.3462
8130,757,719,34.536,34.34,0.0305,0.0069,9.8378,0.0936,-0.4626,0.1016
8135,750,719,34.566,34.352,-0.0397,-0.0242,9.8399,-0.2962,-0.2601,-0.172
8140,751,713,34.546,34.297,0.0248,0.0884,9.8211,0.0911,-0.1066,-0.111
8145,754,707,34.561,34.375,0.0639,-0.0464,9.8462,0.2313,-0.3697,0.2935
8150,766,703,34.602,34.407,0.0533,0.0808,9.8218,0.4843,0.2595,0.3938
8154,766,698,34.522,34.33,0.0354,-0.0238,9.8204,0.0562,0.0215,0.0925
8160,774,691,34.589,34.363,-0.1067,0.0454,9.906,-0.4751,-0.8503,-0.698
8164,774,689,34.57,34.287,0.0069,0.0196,9.6783,-0.0305,0.478,-0.6949
8170,789,688,34.562,34.306,-0.0753,-0.054,9.784,-0.152,-0.0305,-0.5324
8175,799,682,34.575,34.301,0.0512,0.0013,9.8111,-0.4228,0.6399,-0.3217
8180,807,677,34.574,34.298,0.0381,-0.0409,9.7774,0.1815,-0.6322,0.0131
8185,812,673,34.659,34.364,-0.0195,-0.0122,9.7852,0.5426,0.6641,-0.0272
8189,812,670,34.524,34.251,0.1113,0.0013,9.8044,0.1448,-0.8742,0.0431
8195,825,667,34.567,34.307,0.0331,-0.1881,9.775,-0.7172,-0.7606,-0.3661
8200,836,665,34.553,34.239,0.0549,0.0831,9.8008,-0.5232,-0.3588,0.5447
8205,842,664,34.608,34.322,0.0549,-0.0014,9.8072,-0.0943,0.0071,0.0198
8210,850,659,34.639,34.318,-0.05,-0.0187,9.8298,-0.4377,-0.1093,-0.3174
8215,866,653,34.566,34.316,-0.0435,0.0031,9.7713,0.2021,-0.2655,-0.2121
8220,877,654,34.577,34.185,0.0418,0.0075,9.8759,-0.5227,0.4366,-0.5552
8225,891,654,34.638,34.414,0.0585,0.0189,9.7917,-0.9739,0.3899,0.7011
8230,899,656,34.494,34.254,-0.0167,-0.0088,9.7138,0.7863,0.5658,0.02
8235,908,648,34.484,34.277,-0.004,-0.0019,9.763,-0.179,-0.2699,0.0328
8240,918,656,34.583,34.294,0.0858,-0.0088,9.8159,0.0171,-0.6619,0.2335
8245,938,647,34.593,34.358,-0.1054,-0.0225,9.7318,-0.03,0.8742,0.3209
8250,936,646,34.661,34.344,-0.0167,0.0249,9.7706,0.2363,0.1815,0.6148
8255,963,655,34.491,34.375,0.0165,-0.0261,9.7658,0.8969,-0.0083,-0.1369
8260,969,658,34.519,34.375,0.0962,0.1016,9.8087,-1.2515,-0.1662,0.1364
8265,984,658,34.596,34.278,-0.0737,-0.1155,9.7742,0.7879,-0.9344,0.0777
8270,982,652,34.567,34.305,0.0348,0.0157,9.8922,-0.5577,0.4905,0.3294
8275,1001,654,34.59,34.309,-0.0603,0.0241,9.8198,-0.7125,-0.2321,0.3035
8280,1013,661,34.568,34.382,-0.0707,0.0541,9.8266,0.068,-0.6909,-0.0295
8285,1022,662,34.565,34.33,0.0144,-0.0517,9.8388,-0.3557,-0.0905,-1.4974
8290,1034,658,34.561,34.315,-0.0367,-0.0141,9.8089,0.0534,0.3616,0.8178
8295,1046,674,34.457,34.334,-0.0518,0.0346,9.8683,-0.1145,-0.1201,-1.5018
8300,1056,668,34.55,34.393,-0.0546,-0.1053,9.8187,-0.2121,0.1345,0.4011
8305,1072,676,34.566,34.406,-0.071,0.0564,9.8879,0.7303,0.7711,-0.4318
8310,1083,678,34.592,34.367,0.0719,0.0431,9.7631,-0.494,0.2653,0.4282
8315,1084,685,34.56,34.29,0.0254,0.015,9.7889,0.649,0.0105,0.3385
8320,1099,693,34.531,34.289,0.023,0.0043,9.8185,-0.2548,0.26,-0.7071
8325,1098,695,34.59,34.292,-0.0577,-0.0373,9.819,0.3862,0.1844,-0.3817
8330,1115,700,34.463,34.332,0.0088,-0.0352,9.8022,-0.1609,-0.7619,-0.3956
8335,1117,712,34.551,34.282,-0.0279,-0.1028,9.7902,-0.9218,-0.1652,0.6981
8340,1127,715,34.517,34.338,-0.0394,0.0132,9.7592,-0.772,-0.0638,-0.8663
8345,1128,716,34.527,34.317,0.0849,-0.0013,9.7928,-0.338,0.5025,-0.0716
8350,1139,728,34.581,34.271,0.0216,0.0491,9.798,0.2358,-0.4151,0.2013
8355,1156,731,34.56,34.406,0.0911,0.022,9.8184,0.6044,-0.2061,-0.0486
8360,1151,740,34.573,34.181,0.0894,0.0032,9.8154,0.66,-1.3448,0.2406
8365,1159,746,34.602,34.385,0.0557,-0.0738,9.761,0.1648,-0.0414,-0.392
8370,1160,756,34.572,34.36,-0.1775,-0.0379,9.8131,-0.9505,0.3028,0.3399
8375,1164,759,34.58,34.279,-0.0252,0.0021,9.8633,0.2785,-0.1616,0.5974
8380,1175,765,34.505,34.339,0.0691,-0.0483,9.8095,-0.0269,-1.3354,0.1235
8385,1165,774,34.555,34.309,0.0029,-0.0083,9.802,0.3865,-0.3954,-0.1226
8390,1187,785,34.502,34.262,-0.0238,-0.0184,9.805,-0.2779,1.4021,-0.1691
8395,1180,786,34.58,34.316,-0.0334,0.0131,9.7784,-0.4999,-0.0339,0.0642
8400,1182,795,34.568,34.379,-0.0177,-0.0072,9.8064,0.37,0.4448,0.3329
8405,1179,800,34.632,34.315,0.0116,0.0965,9.8835,1.0735,0.1047,-0.0518
8410,1188,805,34.603,34.302,-0.0461,0.0026,9.8493,-0.3842,0.2909,0.4088
8415,1186,805,34.459,34.411,-0.0558,-0.0329,9.7563,-0.2294,0.2245,-0.3413
8420,1191,818,34.503,34.338,0.011,-0.0374,9.8178,-0.1671,-0.3465,-0.1412
8425,1185,829,34.532,34.302,-0.0462,-0.0737,9.8826,0.321,0.212,-0.3871
8430,1178,833,34.476,34.24,0.045,-0.0497,9.8513,0.5155,-0.0017,0.3731
8435,1184,834,34.533,34.262,-0.0889,0.0198,9.7165,0.1469,-1.0006,0.1573
8440,1182,843,34.477,34.33,0.0282,-0.0647,9.8646,-0.1478,-0.6451,0.0545
8445,1184,847,34.561,34.326,0.0887,-0.0132,9.8088,-0.3459,-0.7531,0.4703
8450,1181,857,34.533,34.42,-0.0083,0.0125,9.8139,0.1083,0.4572,-0.4134
8455,1178,860,34.6,34.206,-0.1493,0.0298,9.7973,0.686,-0.0619,-0.6606
8460,1175,870,34.591,34.34,0.0357,-0.0053,9.8331,0.3016,-0.3122,-0.4388
8465,1180,866,34.523,34.317,-0.0084,0.0456,9.7713,0.0278,0.198,-0.657
8470,1177,873,34.633,34.327,-0.0032,-0.0276,9.8155,0.6944,0.3819,0.1591
8475,1179,880,34.655,34.281,0.0312,0.0303,9.7128,0.4789,0.614,-0.226
8480,1172,885,34.594,34.342,-0.0356,0.0655,9.875,0.4409,-0.6768,-0.8434
8485,1167,888,34.624,34.293,-0.0254,-0.0312,9.856,0.8989,-0.4427,0.3048
8490,1170,888,34.6,34.339,0.0485,0.0136,9.8166,-0.1638,-0.3147,0.4589
8495,1152,898,34.529,34.39,0.0636,0.0397,9.8094,-0.3428,0.4288,0.4711
8500,1157,899,34.599,34.378,-0.0645,0.0095,9.7689,-0.7106,0.5097,0.5929
8505,1154,905,34.585,34.398,0.0681,0.0872,9.8521,-0.4973,-0.2424,0.7659
8510,1153,905,34.469,34.27,-0.0885,0.0364,9.7668,-0.0111,0.299,1.1694
8515,1146,907,34.574,34.323,-0.0669,-0.0114,9.8501,-0.2689,-0.2951,-0.1878
8520,1140,908,34.642,34.295,-0.0149,-0.0015,9.6792,-0.4844,0.5209,-0.2559
8525,1144,907,34.59,34.248,-0.0168,-0.0155,9.7388,0.5082,0.3718,0.3898
8530,1138,909,34.621,34.327,0.0126,-0.0477,9.8059,-0.1243,0.5348,0.474
8535,1144,912,34.549,34.324,-0.0324,0.0021,9.7751,-0.1602,1.5557,0.3412
8540,1133,906,34.517,34.342,-0.0044,0.0627,9.7749,-0.2915,-0.2978,-0.6815
8545,1125,914,34.505,34.311,-0.0394,0.0412,9.7473,0.0799,-0.8497,-0.0545
8550,1133,909,34.611,34.325,-0.0242,0.0238,9.7575,-0.3651,-0.3264,0.2221
8555,1125,914,34.547,34.289,0.0007,-0.0303,9.8712,0.1074,0.1131,0.3567
8560,1125,913,34.507,34.296,-0.0239,-0.0018,9.8792,-0.1962,-0.7276,0.0689
8565,1121,911,34.542,34.342,0.0687,0.0177,9.7511,-0.4275,-0.3193,0.5146
8570,1112,916,34.584,34.304,0.0121,-0.0364,9.7996,-0.4026,1.0669,0.2165
8575,1120,907,34.545,34.287,-0.0015,-0.0191,9.8113,0.108,0.3778,-0.1122
8580,1111,911,34.478,34.361,0.0125,-0.0478,9.8594,0.0646,0.4797,0.2696
8585,1113,902,34.546,34.319,0.024,-0.0283,9.8844,0.4114,1.0786,0.3729
8590,1112,902,34.501,34.26,-0.0082,-0.0345,9.8369,0.4397,-0.6894,0.2231
8595,1097,907,34.596,34.298,0.0358,0.0174,9.7834,0.5275,0.2617,0.0367
8600,1097,901,34.57,34.278,-0.0553,-0.0243,9.7731,1.1618,0.3669,-0.2044
8605,1103,905,34.533,34.289,0.0136,0.0733,9.8584,0.0951,-0.0189,0.656
8610,1089,898,34.518,34.304,-0.0398,0.0048,9.8252,0.8083,-0.2125,-0.3812
8615,1091,900,34.635,34.376,-0.0016,0.0299,9.8001,-0.6421,-0.1453,-0.7597
8620,1094,897,34.519,34.334,0.019,0.0577,9.8167,0.6862,-0.5218,-0.1197
8625,1094,895,34.522,34.218,-0.0305,-0.0147,9.8195,0.3645,0.0299,-0.0086
8630,1096,887,34.6,34.282,-0.0463,-0.0338,9.7445,1.0546,-0.2664,-1.2365
8635,1094,890,34.568,34.228,0.0106,0.0079,9.8082,0.707,0.2255,-0.4792
8640,1079,887,34.6,34.365,-0.0003,-0.0073,9.8021,-0.319,-0.1122,0.2393
8645,1077,886,34.491,34.338,0.0221,-0.1122,9.7487,0.7193,0.6107,-0.1003
8650,1081,875,34.536,34.433,-0.0315,-0.0352,9.8886,0.8878,-0.3479,-0.0467
8655,1070,880,34.56,34.289,0.0421,0.0501,9.6772,-0.2717,0.8529,0.5958
8660,1078,882,34.577,34.326,-0.0209,0.0297,9.7867,-0.1059,-0.0751,-1.2721
8665,1070,880,34.623,34.357,0.0012,-0.0258,9.8498,0.3135,-0.2222,0.0237
8670,1074,877,34.588,34.304,0.0164,0.016,9.7056,0.9122,-0.4235,-1.309
8675,1074,876,34.59,34.282,-0.0324,0.039,9.8559,0.537,-0.647,-0.7729
8680,1059,871,34.49,34.252,0.0032,-0.0502,9.8284,0.7446,-0.5371,-0.3727
8685,1066,870,34.579,34.327,-0.0386,-0.0324,9.8295,0.3651,-0.0806,0.5368
8690,1064,873,34.516,34.193,-0.0206,0.0498,9.8573,-0.9144,-0.3999,-0.2904
8695,1054,866,34.624,34.246,0.0534,-0.007,9.7447,-0.628,-1.0592,-0.3057
8700,1045,866,34.488,34.336,-0.0444,0.0806,9.7621,0.8804,0.102,0.3764
8705,1046,867,34.534,34.422,0.0194,0.0496,9.7945,0.2145,-0.0253,-0.1826
8710,1044,867,34.587,34.342,0.0404,0.0185,9.8809,0.54,-0.452,-0.1318
8715,1044,861,34.583,34.302,0.059,0.015,9.8337,0.4662,-0.6664,-0.0026
8720,1035,865,34.569,34.334,-0.0221,0.1262,9.8213,-0.5792,-0.2545,0.4343
8725,1035,864,34.63,34.331,-0.0318,0.0647,9.8603,-0.0706,0.3458,-0.2017
8730,1022,864,34.574,34.35,0.0428,-0.0482,9.8171,-0.5178,-0.2603,0.0549
8735,1015,860,34.578,34.3,-0.0563,-0.0416,9.804,0.3471,-0.1629,0.0918
8740,1009,856,34.495,34.357,-0.0442,0.0451,9.7429,0.0528,0.0981,-0.2161
8745,999,853,34.587,34.344,-0.0353,-0.0164,9.8055,-0.9067,0.5196,-0.0923
8750,1000,852,34.55,34.292,-0.0676,-0.0581,9.8756,0.5752,-0.7031,0.7274
8755,990,855,34.517,34.316,-0.1139,0.0105,9.7744,-0.3733,-0.0021,0.3767
8760,981,851,34.564,34.333,-0.0113,-0.0546,9.7673,-0.3838,1.1597,0.26
8765,984,847,34.52,34.42,-0.0319,-0.026,9.8433,-0.4814,0.7027,-0.7205
8770,969,853,34.572,34.342,-0.0992,0.0059,9.8431,0.4887,0.202,0.0984
8775,959,848,34.597,34.285,-0.1022,0.0092,9.7678,0.2225,-0.8988,-0.6201
8780,948,842,34.553,34.29,0.0633,-0.0233,9.7553,-0.0767,-0.4512,0.7452
8785,947,844,34.514,34.256,0.0543,0.0123,9.7406,-0.0869,-0.11,0.2224
8790,934,839,34.6,34.252,0.1162,0.0113,9.7886,-0.1046,-0.6711,-0.5918
8795,922,848,34.584,34.372,-0.0022,0.0715,9.8324,1.1444,0.0536,-0.4289
8800,920,842,34.54,34.354,-0.007,0.0821,9.8087,0.327,-0.2666,0.4911
8805,917,842,34.556,34.281,-0.0216,0.0971,9.7777,0.5063,0.5101,0.3147
8810,898,841,34.511,34.318,0.0463,-0.0309,9.8104,0.7047,-0.089,1.0351
8815,894,833,34.592,34.416,-0.0447,-0.0775,9.8176,0.1071,-0.0881,-0.0141
8820,894,830,34.582,34.218,0.0498,-0.0779,9.8071,0.1709,0.008,0.1685
8825,881,834,34.531,34.321,-0.11,0.042,9.8679,0.1816,0.1696,-0.5349
8830,858,830,34.589,34.266,0.0222,0.1263,9.7534,-0.4293,-0.1098,-0.399
8835,865,829,34.586,34.34,0.0976,-0.0065,9.7462,-0.8939,0.099,0.6657
8840,850,829,34.599,34.187,-0.0138,-0.133,9.7624,0.4854,-0.038,-0.0316
8845,846,826,34.555,34.357,-0.0247,-0.0797,9.8196,0.2133,0.2128,-0.1593
8850,829,818,34.604,34.272,0.0826,0.0179,9.851,-0.4485,-0.0033,-0.2016
8855,827,813,34.604,34.339,-0.0837,-0.0301,9.7471,-0.2947,0.6427,-0.0198
8860,809,816,34.621,34.347,-0.1,-0.0243,9.828,0.2085,-0.0187,0.1279
8865,816,809,34.577,34.307,-0.0621,-0.0094,9.7666,0.5565,-0.6874,0.0337
8870,802,809,34.582,34.253,0.0068,0.1267,9.8897,-0.0506,0.3871,0.8319
8875,794,804,34.476,34.327,0.0067,-0.0839,9.8017,-0.0974,-1.0715,-0.4377
8880,791,798,34.549,34.303,0.001,0.0429,9.8447,-0.3749,0.1922,-0.8132
8885,787,794,34.588,34.361,-0.0569,-0.0424,9.7662,-1.2477,-0.2713,-0.1609
8890,779,788,34.599,34.302,0.0668,0.1277,9.7667,-0.5278,-0.0189,-0.7254
8895,777,789,34.507,34.276,0.0988,-0.0859,9.8,0.3075,0.3139,0.7108
8900,771,786,34.456,34.337,-0.0245,-0.0765,9.7753,-0.497,-0.0359,0.0596
8905,764,780,34.534,34.293,-0.0301,-0.0834,9.8218,-0.3246,0.3576,-0.2734
8910,759,774,34.551,34.338,0.0471,-0.0143,9.7837,0.2562,0.3447,0.2307
8915,752,765,34.566,34.323,0.0403,0.0226,9.7882,0.2626,0.0804,0.1681
8920,761,762,34.625,34.278,0.0405,-0.0399,9.8232,0.2763,-0.7138,-0.4832
8925,753,761,34.508,34.243,-0.0226,-0.034,9.8197,0.4189,-0.3776,0.4659
8930,743,752,34.596,34.205,-0.0039,-0.0168,9.8272,0.9242,-0.0076,-0.2431
8935,740,750,34.512,34.328,-0.0226,0.0488,9.7948,-0.2307,-0.0035,-0.1252
8940,754,744,34.532,34.32,0.0067,0.0181,9.9026,0.0815,0.1927,0.2424
8945,743,737,34.48,34.313,0.0376,-0.0049,9.6742,0.0226,-0.3242,-0.0278
8950,740,732,34.56,34.363,0.0449,-0.0366,9.8452,0.5607,-0.3571,0.264
8955,738,728,34.559,34.235,0.0333,0.0059,9.7583,-0.1835,-0.146,0.0385
8960,758,715,34.576,34.358,-0.011,0.0363,9.8471,-0.0739,0.4124,-0.0766
8965,747,722,34.485,34.329,0.0453,0.0029,9.8904,-0.5184,0.3161,0.4426
8970,758,718,34.63,34.333,0.0228,-0.0141,9.8447,-0.1298,-0.1434,0.0332
8975,753,710,34.444,34.258,-0.0139,-0.0344,9.7996,0.5223,0.6575,0.5945
8980,762,702,34.434,34.42,0.0503,-0.0249,9.7666,0.2631,-0.2462,0.0741
8985,770,695,34.521,34.285,0.0502,-0.057,9.7388,-0.8237,0.0998,-0.1504
8990,769,690,34.575,34.346,-0.0117,0.0637,9.7543,-0.9736,-0.4765,-0.7678
8995,785,687,34.545,34.308,-0.0333,-0.0711,9.7912,-0.1978,-0.936,0.6617
9000,788,683,34.584,34.377,-0.0367,0.0182,9.8823,0.4859,0.1682,0.449
9005,786,682,34.484,34.206,0.0286,-0.0085,9.7726,0.5992,1.1634,0.2032
9010,805,681,34.597,34.278,-0.0786,-0.0835,9.7612,0.7555,-0.8849,-0.557
9015,818,679,34.616,34.295,-0.0225,-0.0028,9.8902,-0.5472,-0.3017,-0.334
9020,812,669,34.67,34.349,0.0244,-0.0058,9.7699,-1.3022,0.2805,0.0028
9025,827,667,34.606,34.313,-0.0209,0.0716,9.86,0.5649,0.1774,0.1027
9030,838,668,34.556,34.304,0.0271,0.0369,9.8372,1.291,-0.0034,0.052
9035,845,656,34.544,34.382,0.0417,0.0512,9.6901,-0.619,-0.7415,-1.325
9040,860,658,34.588,34.302,-0.0386,0.0406,9.7399,-0.2476,0.0903,0.2238
9045,864,660,34.585,34.249,-0.0105,-0.0183,9.7927,0.4817,-0.0457,-0.415
9050,883,653,34.534,34.329,-0.104,0.0193,9.8561,0.409,-0.5224,-0.3898
9055,894,651,34.449,34.223,0.0342,0.05,9.8662,0.1564,-0.4571,-0.3884
9060,903,657,34.437,34.41,-0.031,0.0465,9.7912,0.1692,-0.2222,0.8963
9065,911,650,34.7,34.323,-0.0135,-0.0214,9.7643,0.0874,0.4843,-0.3282
9070,913,655,34.612,34.333,0.0035,0.0029,9.7728,-0.0683,0.3444,-0.2329
9075,936,649,34.622,34.304,0.0185,-0.0505,9.8452,0.5261,0.8155,-0.0049
9080,944,651,34.543,34.336,0.0061,0.064,9.8636,-0.7547,-0.4654,0.2387
9085,962,653,34.538,34.42,0.0465,0.007,9.7317,-0.2053,-0.2667,-0.3091
9090,963,653,34.54,34.237,0.1101,0.0262,9.8163,-0.3766,-0.8047,-0.5956
9095,980,653,34.582,34.279,0.0239,0.0134,9.7823,0.2928,-0.7418,0.35
9100,998,659,34.591,34.322,-0.0063,0.0824,9.7822,0.0712,0.2261,-0.019
9105,1008,657,34.547,34.323,-0.0353,-0.042,9.7498,0.0681,-0.2637,-0.3761
9110,1018,664,34.567,34.247,0.0507,0.0233,9.881,-0.1001,-0.1229,0.4165
9115,1023,662,34.583,34.301,0.0069,0.0497,9.8255,0.3617,-0.2784,-1.1875
9120,1039,664,34.499,34.345,-0.04,0.0736,9.9367,0.2542,0.1782,0.2078
9125,1044,670,34.576,34.266,0.0234,0.0079,9.8059,0.3614,-0.8289,-0.54
9130,1067,671,34.57,34.351,-0.0508,0.0296,9.8499,-0.165,-0.3955,-0.011
9135,1074,678,34.675,34.242,0.1064,-0.0428,9.7466,0.2115,0.4312,-0.3215
9140,1077,682,34.521,34.231,-0.0187,-0.0361,9.8544,-0.479,-0.1151,0.5191
9145,1088,694,34.473,34.314,0.0539,0.0126,9.8418,0.4606,0.1595,-0.2213
9150,1091,694,34.557,34.348,-0.0575,0.0105,9.7686,0.3998,0.3281,0.0471
9155,1107,695,34.522,34.28,0.0546,-0.012,9.871,-0.8153,-0.0883,-0.3633
9160,1116,701,34.533,34.311,0.0445,0.0122,9.7791,0.0996,0.8864,0.7786
9165,1118,712,34.554,34.357,0.0342,0.0182,9.8217,-1.4665,0.8741,0.1971
9170,1132,712,34.436,34.255,0.0503,0.0347,9.8703,0.6457,-0.5519,-0.1389
9175,1140,720,34.533,34.255,-0.1007,0.0552,9.7959,0.924,0.3996,0.5635
9180,1141,723,34.534,34.192,-0.02,0.0524,9.8133,-0.5155,-0.251,0.7126
9185,1147,736,34.575,34.385,0.0693,-0.0133,9.8132,1.3352,0.3022,0.1606
9190,1152,744,34.661,34.236,0.0268,-0.0024,9.8416,-0.0277,0.0023,-0.1694
9195,1159,745,34.491,34.248,0.0267,-0.0255,9.8455,-0.6532,0.3102,-0.0675
9200,1158,752,34.545,34.256,0.1292,-0.0024,9.8024,-0.0344,0.6175,0.1557
9205,1175,755,34.557,34.326,0.0182,0.0389,9.7685,0.7888,-0.9846,0.2174
9210,1170,768,34.607,34.239,-0.0521,-0.0894,9.8196,-0.0944,0.6239,0.3713
9215,1181,774,34.484,34.283,-0.0957,-0.028,9.7881,0.3357,-0.8453,-0.5263
9220,1183,778,34.599,34.373,0.0047,0.0036,9.7881,0.1207,-0.1013,-0.2193
9225,1181,789,34.649,34.292,0.1269,0.0526,9.8816,0.3659,-0.3568,-0.3411
9230,1182,789,34.54,34.301,-0.0201,-0.0191,9.8038,-0.5961,-0.5636,-0.0105
9235,1185,800,34.605,34.252,0.0024,0.0075,9.7794,-0.5653,0.5577,0.6758
9240,1186,803,34.583,34.342,0.0189,-0.0121,9.7732,-0.2202,0.3384,0.5065
9245,1179,817,34.545,34.311,-0.0655,0.0305,9.8141,-0.3304,-0.1531,0.0245
9250,1182,813,34.494,34.242,-0.0165,0.0832,9.7731,0.2609,-0.187,0.3598
9255,1177,829,34.462,34.28,0.0443,-0.0148,9.6221,0.137,-1.3054,-0.1051
9260,1182,830,34.589,34.353,0.0419,0.0309,9.852,0.4465,-0.1813,0.6252
9265,1182,840,34.57,34.31,-0.0713,0.0553,9.754,-0.1948,-0.0892,0.1679
9270,1185,848,34.581,34.256,0.0525,0.0232,9.8154,0.444,0.266,-0.384
9275,1194,857,34.53,34.319,0.004,-0.0407,9.8095,-0.3043,0.522,0.0899
9280,1178,859,34.623,34.283,-0.0074,-0.0209,9.8082,0.2052,0.2578,-0.0516
9285,1181,863,34.605,34.351,-0.0064,0.0296,9.8395,0.226,0.258,1.4094
9290,1184,863,34.501,34.39,-0.0322,0.0536,9.7973,-0.4349,-0.2309,0.0679
9295,1179,875,34.574,34.298,-0.04,-0.0187,9.8206,-0.6624,-0.6242,0.2254
9300,1171,875,34.554,34.322,0.0225,0.0389,9.8098,0.3318,0.2547,0.0896
9305,1177,880,34.531,34.372,-0.0427,-0.0566,9.7121,-0.3106,0.1634,-0.2756
9310,1168,880,34.562,34.278,0.0216,-0.009,9.7895,0.2084,-0.9115,0.8363
9315,1172,885,34.66,34.268,-0.0197,0.084,9.8555,0.5263,0.7089,0.7277
9320,1163,891,34.614,34.316,0.02,0.0287,9.7785,-0.2624,-0.0959,0.0666
9325,1153,894,34.517,34.325,-0.0904,0.0256,9.8231,0.3939,-0.6679,-0.3102
9330,1165,899,34.567,34.27,-0.0426,-0.0599,9.8513,0.1918,0.0626,1.6286
9335,1155,899,34.596,34.267,-0.0124,0.0051,9.8191,0.081,0.1998,-0.4495
9340,1144,901,34.473,34.36,-0.0934,-0.019,9.7872,-0.6719,0.0429,-0.1593
9345,1159,900,34.552,34.421,0.0073,0.1376,9.7991,0.0714,0.1389,-0.0899
9350,1146,906,34.564,34.284,0.0867,0.0679,9.8702,-0.3738,-0.5679,-0.2164
9355,1137,899,34.477,34.35,-0.0664,0.0197,9.7473,0.6098,0.3057,-0.6529
9360,1146,910,34.553,34.301,0.0435,-0.0265,9.8139,-0.8261,-0.266,-0.1721
9365,1129,908,34.556,34.301,0.0493,-0.0693,9.7547,0.1077,-0.1562,0.4554
9370,1132,906,34.601,34.233,0.0036,0.0371,9.759,-0.0588,-0.5009,-0.0297
9375,1122,912,34.469,34.295,-0.1419,0.0818,9.8166,0.4253,0.4733,1.0213
9380,1131,913,34.548,34.34,0.0035,-0.0646,9.8046,0.6563,-0.5446,0.1006
9385,1126,910,34.557,34.257,0.0464,0.0534,9.9215,0.4884,1.1117,0.3855
9390,1121,912,34.596,34.252,-0.0215,-0.0142,9.7483,-0.9752,-0.0935,-0.7719
9395,1131,909,34.591,34.243,0.1281,0.0271,9.869,0.4002,0.002,-0.5822
9400,1121,909,34.646,34.29,0.1213,-0.0456,9.8207,0.4856,0.6493,0.652
9405,1106,911,34.456,34.349,0.0096,-0.0568,9.8349,-0.0505,0.691,-0.006
9410,1118,908,34.633,34.362,0.0767,0.0866,9.8474,0.0987,-0.8076,-0.3855
9415,1112,904,34.435,34.283,0.0759,-0.0527,9.7903,0.0741,0.4746,-0.187
9420,1107,900,34.597,34.309,-0.0156,-0.0234,9.7786,-0.0171,-0.7048,-0.1242
9425,1102,909,34.566,34.222,0.0507,0.0215,9.8165,-0.3313,-0.4031,0.3976
9430,1102,902,34.506,34.321,0.0067,0.0619,9.7897,0.1534,-0.2929,-0.0985
9435,1103,903,34.568,34.366,-0.0462,-0.0442,9.9299,-0.5454,-0.3636,-0.677
9440,1087,901,34.603,34.287,0.017,0.0034,9.798,-0.4511,0.6339,0.6576
9445,1094,895,34.48,34.236,-0.008,-0.0496,9.8415,0.3509,0.2815,0.2948
9450,1090,894,34.573,34.484,-0.0657,-0.0131,9.8538,0.0769,0.1231,-0.4475
9455,1090,891,34.561,34.428,0.0711,0.0255,9.8026,-0.0512,-0.5938,0.7388
9460,1088,892,34.603,34.209,-0.0187,-0.0295,9.7848,-0.6357,0.0135,-0.1333
9465,1083,892,34.551,34.414,-0.0474,-0.0381,9.7758,0.4644,0.0682,0.2183
9470,1090,888,34.544,34.346,-0.043,0.0368,9.7828,0.1274,-0.104,-0.39
9475,1083,880,34.48,34.276,-0.0264,0.0294,9.8054,-0.0041,-0.808,-0.499
9480,1087,882,34.644,34.311,-0.0598,0.0978,9.8404,-0.0185,-0.4133,0.0215
9485,1079,885,34.606,34.357,0.009,0.0104,9.8253,0.2051,0.1892,-0.258
9490,1075,885,34.591,34.272,-0.0332,-0.0252,9.7412,0.1118,-0.2895,-0.4102
9495,1074,880,34.673,34.359,0.0124,-0.0271,9.8335,-1.3099,1.2097,0.5685
9500,1069,876,34.51,34.22,0.0028,-0.0231,9.8091,0.9761,0.1494,0.0285
9505,1062,875,34.672,34.282,0.0256,0.0312,9.7509,0.2606,-0.5729,-0.2221
9510,1065,883,34.535,34.275,0.0034,0.0143,9.8621,-0.3484,-0.1667,-0.5967
9515,1055,870,34.562,34.353,-0.0368,0.0676,9.7409,0.3631,-1.0158,-0.4531
9520,1052,868,34.64,34.291,0.0649,-0.0766,9.8956,-0.0968,0.1474,-0.7984
9525,1053,871,34.479,34.332,0.0197,-0.0416,9.8481,0.2446,-0.1076,0.3356
9530,1057,870,34.555,34.323,-0.0226,-0.0217,9.8035,-0.1127,-0.1981,-0.5323
9535,1044,862,34.594,34.339,0.0296,-0.0258,9.8223,-0.5591,-0.1543,0.6738
9540,1042,864,34.563,34.293,-0.034,-0.082,9.9078,0.2481,0.0572,-0.8493
9545,1044,860,34.674,34.367,-0.0309,0.0131,9.7298,-0.3002,0.4628,0.8005
9550,1024,861,34.527,34.342,-0.0199,-0.0119,9.8432,0.1731,0.1969,-0.7565
9555,1023,860,34.546,34.386,0.038,-0.0046,9.8453,0.8468,0.2286,0.1586
9560,1021,859,34.597,34.375,-0.0537,-0.0396,9.8248,0.0355,0.1415,-0.0264
9565,1019,856,34.571,34.266,0.0885,-0.0299,9.8087,-0.4406,0.156,-0.3118
9570,1003,861,34.596,34.254,0.0199,0.0402,9.8873,0.3795,0.6434,-0.1144
9575,995,856,34.514,34.356,-0.0223,0.0943,9.7809,0.3498,0.451,0.462
9580,1002,856,34.66,34.349,0.0236,0.0232,9.8237,0.7199,-0.4826,0.0584
9585,986,858,34.534,34.345,-0.0265,-0.0349,9.7549,1.0358,0.6965,0.3914
9590,989,850,34.528,34.28,-0.0294,-0.0345,9.8505,-0.5135,-0.2379,-0.9342
9595,974,850,34.61,34.357,0.0415,0.0147,9.73,0.2114,-0.2365,0.2398
9600,965,852,34.582,34.362,0.0473,-0.0313,9.8464,0.788,-0.1261,0.5422
9605,967,856,34.539,34.259,-0.0784,-0.0466,9.7963,-0.4496,-0.4254,-0.3106
9610,954,850,34.592,34.335,-0.0041,0.0427,9.7559,-0.418,0.4347,-0.0987
9615,940,844,34.574,34.231,0.0612,-0.0421,9.8162,0.0602,-0.5397,-0.3025
9620,942,841,34.583,34.37,0.0581,0.0893,9.8413,-0.7261,0.2424,0.3145
9625,928,841,34.641,34.285,0.0658,-0.0222,9.8122,0.0377,0.0911,-0.4123
9630,916,840,34.581,34.372,0.0525,-0.0816,9.8135,0.2127,0.1447,0.4851
9635,911,840,34.552,34.394,0.0182,0.0666,9.8189,0.0257,-1.1314,-0.4273
9640,889,839,34.53,34.296,0.125,0.0305,9.8664,-0.3049,-0.0356,-0.2018
9645,895,834,34.633,34.291,0.0429,-0.0667,9.8346,-0.1165,1.0044,-0.3705
9650,891,834,34.599,34.289,-0.0535,0.0473,9.7596,-0.345,-0.7218,-0.7415
9655,870,833,34.603,34.388,-0.003,0.0144,9.8385,-0.0179,0.0945,-0.7798
9660,855,826,34.499,34.416,-0.0193,-0.0142,9.7719,0.0098,0.2047,-0.7902
9665,864,825,34.588,34.252,0.0855,-0.0322,9.8167,0.3485,0.622,-0.6328
9670,846,826,34.538,34.326,0.0321,-0.0534,9.7192,-0.0079,0.0619,-0.0694
9675,847,821,34.567,34.342,-0.1,-0.0373,9.8355,0.2256,0.6179,-0.1475
9680,834,815,34.541,34.364,-0.1277,-0.1013,9.8284,0.0648,1.2093,0.4496
9685,831,817,34.515,34.343,0.0403,-0.0143,9.817,-0.2057,-0.0666,-0.5118
9690,813,808,34.454,34.266,0.0552,0.0133,9.8059,0.2707,-0.1272,-0.0643
9695,810,808,34.494,34.286,0.0194,-0.0311,9.8056,-0.2066,0.3873,-0.3092
9700,795,805,34.573,34.299,-0.0261,0.0029,9.7188,0.2224,0.1643,1.3865
9705,790,797,34.476,34.334,-0.0215,-0.03,9.8471,0.4988,0.7597,-0.6974
9710,794,796,34.595,34.377,-0.0611,0.1028,9.7263,0.5732,-0.29,-0.5601
9715,787,793,34.541,34.281,0.02,-0.0502,9.752,0.5916,0.403,-0.1654
9720,769,791,34.603,34.36,-0.0,0.0106,9.8292,0.0067,-0.6584,-0.1517
9725,767,790,34.573,34.348,0.0251,0.0742,9.7974,-0.364,0.7355,-0.6329
9730,764,781,34.528,34.264,0.0247,0.0548,9.8027,-0.0448,-0.3681,0.5968
9735,762,772,34.691,34.188,0.0477,-0.1009,9.7916,0.0633,-0.7118,0.3713
9740,758,772,34.465,34.266,0.0138,-0.0649,9.7718,-0.43,0.5075,-0.3967
9745,766,769,34.543,34.24,0.0172,0.0155,9.8626,0.2264,1.1447,-0.0011
9750,765,758,34.515,34.285,-0.0393,-0.0116,9.844,0.0748,-0.38,-0.0076
9755,748,760,34.606,34.371,0.0198,0.042,9.6988,-0.0393,-0.5833,-0.7609
9760,752,752,34.597,34.391,0.0332,0.0007,9.8198,-0.0822,-0.7815,-0.0221
9765,753,747,34.519,34.183,-0.0287,-0.009,9.7991,0.4867,0.8235,0.497
9770,746,744,34.6,34.37,0.0382,0.0259,9.8764,0.5902,0.0165,-1.0784
9775,732,739,34.515,34.29,0.0131,-0.0828,9.8635,0.2322,-1.1605,0.077
9780,748,734,34.582,34.357,-0.0363,-0.027,9.8231,0.4729,0.099,0.5495
9785,744,725,34.612,34.288,0.0038,0.0143,9.8234,-0.5261,-0.3248,-1.0939
9790,759,719,34.574,34.376,-0.0183,0.0427,9.7511,-0.2178,0.288,-0.5371
9795,762,717,34.557,34.321,-0.0287,-0.016,9.7635,0.4758,-0.3735,-0.1928
9800,762,715,34.527,34.3,-0.0274,-0.0347,9.785,0.1785,0.2398,-0.0451
9805,758,711,34.672,34.368,-0.0099,-0.046,9.8141,0.0421,-0.2897,-0.9866
9810,773,700,34.584,34.306,0.0726,0.1036,9.9266,0.3158,-0.0467,0.3259
9815,768,704,34.509,34.339,-0.0954,0.0303,9.8673,0.4722,0.4508,0.4686
9820,780,690,34.528,34.36,-0.0115,-0.0345,9.8178,-0.0092,-0.6374,0.3602
9825,786,686,34.539,34.349,0.0611,0.0957,9.7275,-0.2901,-0.3258,0.1559
9830,788,688,34.567,34.348,-0.0103,-0.0867,9.8072,-0.7321,0.8207,0.5504
9835,791,678,34.622,34.31,-0.0697,-0.0152,9.7876,0.3422,0.1707,0.5938
9840,803,678,34.629,34.272,-0.0186,-0.0108,9.7718,0.3984,0.6488,-0.201
9845,807,669,34.475,34.257,0.0415,0.0342,9.8795,0.1494,0.0991,0.2001
9850,818,669,34.523,34.324,0.0563,-0.007,9.9323,-0.198,0.1517,-1.1962
9855,821,669,34.564,34.436,0.0403,0.0048,9.8678,0.2351,0.1987,0.7819
9860,842,659,34.484,34.281,-0.0169,0.0227,9.8848,-0.6703,0.0616,-0.7948
9865,845,656,34.554,34.282,0.0415,-0.0657,9.8724,-0.7565,-0.2906,-0.1225
9870,858,653,34.497,34.302,-0.0435,-0.0066,9.7965,0.7067,-0.2526,-0.0043
9875,868,656,34.585,34.487,-0.0125,-0.0388,9.8703,-0.134,0.0549,0.4994
9880,884,656,34.599,34.254,0.077,-0.0035,9.8136,-0.4789,0.3725,0.5858
9885,898,653,34.577,34.315,-0.0318,0.0061,9.8573,0.5328,0.6792,-0.0137
9890,902,644,34.501,34.394,0.0677,0.0401,9.7278,0.5274,0.295,-0.35
9895,908,646,34.688,34.31,0.0038,-0.0376,9.7893,-0.4073,-0.4566,-0.2792
9900,919,650,34.485,34.338,-0.0471,0.0982,9.7877,0.0461,0.5869,0.8055
9905,939,653,34.648,34.282,0.0366,-0.0306,9.8419,0.3098,0.9652,0.0181
9910,946,649,34.598,34.403,-0.0284,-0.0114,9.8525,0.6414,-0.1529,0.8021
9915,962,653,34.463,34.373,0.0023,-0.0471,9.842,0.0423,0.2077,-0.1655
9920,967,652,34.578,34.409,0.0875,-0.0446,9.9276,-0.2596,0.5544,-0.292
9925,985,653,34.521,34.373,0.0854,-0.0069,9.8307,0.2068,-0.2399,-0.5059
9930,989,655,34.538,34.325,0.1196,0.0084,9.7413,-0.0228,0.5623,-0.9903
9935,998,657,34.483,34.326,0.0329,0.0101,9.792,-0.8043,-0.1305,0.6247
9940,1023,659,34.517,34.341,0.0623,0.047,9.8045,-0.2926,0.7838,-0.5183
9945,1025,662,34.518,34.409,-0.0565,-0.0215,9.7663,0.4404,0.0842,-0.4077
9950,1050,665,34.566,34.311,-0.045,0.0258,9.7736,0.0735,-0.0029,0.0668
9955,1062,673,34.516,34.266,-0.0162,-0.0004,9.7077,-0.106,0.2185,0.0705
9960,1056,672,34.611,34.296,0.0857,-0.0102,9.7244,0.1686,-0.6189,-0.5807
9965,1080,677,34.59,34.329,-0.0485,-0.0057,9.8179,0.5197,0.014,0.371
9970,1074,680,34.493,34.314,-0.008,0.0566,9.8475,-0.1373,0.5889,0.177
9975,1086,688,34.508,34.355,-0.0394,0.0052,9.8057,-0.5738,-0.2242,0.1611
9980,1106,694,34.517,34.354,-0.0246,-0.0022,9.7978,0.5008,-0.6141,0.4888
9985,1108,698,34.6,34.344,-0.0643,0.0023,9.7824,0.5061,0.2726,-0.1225
9990,1115,703,34.565,34.275,0.0137,0.0227,9.7677,-0.1597,0.383,0.7482
9995,1126,715,34.534,34.316,0.0488,0.0366,9.7379,0.8808,0.3276,-0.2586
10000,1138,713,34.491,34.284,0.0161,-0.0095,9.8162,0.5538,-0.6181,-0.2693
10005,1126,719,34.543,34.254,0.0131,0.0154,9.8602,-0.4525,-0.0325,-0.5277
10010,1145,729,34.653,34.336,-0.08,0.0807,9.7569,-0.223,-0.3531,-0.2221
10015,1158,741,34.522,34.237,-0.0295,-0.0111,9.778,0.7143,0.0536,-0.9028
10020,1155,741,34.604,34.31,-0.0684,-0.0065,9.8422,0.0886,-0.2738,-0.2802
10025,1153,751,34.532,34.282,-0.072,-0.0489,9.7347,-0.1544,-0.7067,0.2938
10030,1165,754,34.528,34.262,0.0019,0.0142,9.8706,0.4764,0.0165,0.5797
10035,1168,755,34.573,34.352,-0.0524,-0.019,9.8954,0.3665,-1.2076,0.5267
10040,1167,769,34.561,34.308,0.0326,-0.025,9.8202,-0.0681,0.1426,-0.4902
10045,1176,774,34.597,34.369,0.0141,0.0879,9.7934,-0.4114,0.7158,0.594
10050,1181,782,34.569,34.326,-0.073,-0.015,9.8479,0.3787,-0.4604,0.0545
10055,1187,788,34.527,34.197,0.0159,0.0168,9.8372,-0.3502,-0.3505,0.7819
10060,1185,798,34.548,34.289,0.0376,-0.0177,9.8641,-0.7705,-0.1535,-0.2407
10065,1181,802,34.522,34.346,0.0153,-0.0244,9.7893,0.369,0.1638,-0.7992
10070,1197,813,34.575,34.302,-0.0447,0.0982,9.8783,-0.9153,-0.3977,0.018
10075,1189,813,34.618,34.302,0.0034,-0.0532,9.7827,0.3788,0.496,-0.1554
10080,1189,820,34.628,34.324,-0.0402,-0.1064,9.822,0.1992,-0.9516,-0.2755
10085,1187,830,34.491,34.387,0.0287,0.0146,9.7596,-0.2565,-0.7669,-0.099
10090,1194,836,34.601,34.397,0.0079,-0.0352,9.8431,0.3757,0.0437,-0.105
10095,1190,843,34.541,34.308,0.0306,0.069,9.8008,0.2137,0.0201,0.5205
10100,1185,845,34.533,34.406,-0.0439,-0.151,9.7592,0.4984,-0.3249,-0.7014
10105,1186,848,34.481,34.366,-0.0198,-0.0024,9.7552,0.0959,0.8923,1.032
10110,1178,856,34.584,34.271,-0.0952,0.0584,9.7783,0.4528,0.1306,0.5707
10115,1179,858,34.497,34.293,0.0344,0.0255,9.8098,-0.3423,-0.1308,0.4915
10120,1187,865,34.556,34.379,-0.0416,0.0096,9.8509,0.4575,0.8033,-0.3107
10125,1176,874,34.57,34.317,0.0696,0.0102,9.7964,-0.3427,0.1747,-1.2033
10130,1166,875,34.58,34.276,-0.01,0.0545,9.8156,0.0151,-0.0764,-0.7916
10135,1165,881,34.517,34.374,0.0327,0.0212,9.794,0.0366,-0.2993,-0.0249
10140,1170,886,34.598,34.282,-0.0054,0.0838,9.8072,0.3244,-0.4083,-0.4592
10145,1161,887,34.586,34.345,0.0078,-0.0282,9.857,0.4849,0.1562,0.2271
10150,1154,886,34.535,34.334,0.0308,0.0398,9.7916,-1.2724,0.1635,0.1189
10155,1155,898,34.614,34.355,-0.0218,-0.0494,9.8088,-0.7005,-0.5268,1.0215
10160,1164,896,34.532,34.372,-0.0429,0.1232,9.7929,0.9127,0.4476,-0.7862
10165,1149,901,34.489,34.364,-0.0131,-0.0495,9.7813,0.4262,0.0429,-1.1445
10170,1153,900,34.538,34.351,-0.0095,-0.0228,9.7586,-0.1773,-0.5486,-0.1723
10175,1143,905,34.566,34.321,0.0261,-0.022,9.8122,0.0596,-0.3512,0.7382
10180,1143,905,34.579,34.315,-0.0224,0.0001,9.7527,0.3906,0.0368,0.1011
10185,1138,905,34.553,34.374,0.0467,0.0166,9.7699,0.1954,-0.7947,0.3421
10190,1124,907,34.616,34.322,0.033,-0.0454,9.8561,0.4573,0.0172,0.0811
10195,1134,911,34.611,34.351,-0.0516,0.0675,9.7983,-0.0718,-0.1442,-0.0069
10200,1132,911,34.586,34.397,0.0214,0.0099,9.788,0.6772,-0.1298,0.2016
10205,1131,904,34.503,34.322,-0.0067,0.0101,9.7444,0.6722,0.0274,0.6052
10210,1117,916,34.597,34.368,-0.0023,-0.0214,9.8042,0.162,0.1126,-0.2261
10215,1116,911,34.503,34.309,-0.0052,0.0035,9.8143,0.3951,0.0413,0.1895
10220,1120,911,34.591,34.347,-0.0625,-0.0471,9.8259,-0.1767,0.1913,0.3193
10225,1120,905,34.511,34.332,0.0053,-0.0784,9.7856,0.2629,0.6538,0.0526
10230,1115,913,34.529,34.363,-0.0304,-0.0074,9.8415,-0.1365,-0.4401,-0.1576
10235,1099,911,34.585,34.337,-0.0211,0.0184,9.8136,-0.2216,-0.2426,1.0416
10240,1111,908,34.603,34.362,-0.0565,-0.0247,9.7354,0.7712,-0.4566,0.0386
10245,1107,909,34.529,34.357,-0.0196,0.0091,9.7536,0.1263,-0.5265,0.2914
10250,1101,902,34.574,34.317,-0.0245,-0.0652,9.7319,-0.9531,0.5431,-0.2065
10255,1106,902,34.61,34.328,-0.042,-0.0592,9.8842,0.3776,-0.2064,-0.5007
10260,1109,901,34.543,34.348,-0.0193,-0.0466,9.7742,0.755,0.5913,-0.0895
10265,1096,903,34.664,34.417,0.0121,-0.0015,9.7632,0.2107,0.2932,-0.39
10270,1097,896,34.547,34.367,0.0122,-0.0774,9.8931,-0.3431,0.3008,-0.7291
10275,1099,901,34.576,34.307,0.0058,-0.0578,9.7297,0.155,0.2915,-0.966
10280,1098,894,34.612,34.362,-0.0211,-0.1291,9.9127,0.0172,-0.1162,-0.07
10285,1084,893,34.554,34.259,0.0179,-0.0285,9.7516,0.4096,0.1874,0.5932
10290,1084,893,34.523,34.349,-0.0133,-0.0422,9.8498,-0.9092,0.956,-0.6406
10295,1087,888,34.621,34.307,0.0314,0.0436,9.7376,0.0879,0.3578,0.4868
10300,1089,882,34.537,34.27,-0.0098,-0.0144,9.7696,0.3145,0.9127,0.6663
10305,1078,884,34.587,34.339,-0.0272,0.092,9.7255,-0.6704,-0.3352,-0.1903
10310,1084,882,34.616,34.338,0.0057,0.0748,9.8775,0.4101,-0.2575,0.3601
10315,1078,882,34.576,34.3,-0.0055,-0.086,9.7335,-0.126,0.2422,-0.3455
10320,1083,882,34.682,34.279,-0.0466,-0.0617,9.7782,-0.6449,0.0047,-0.1679
10325,1079,877,34.61,34.359,-0.0023,0.034,9.8929,0.3167,-0.4202,-0.0297
10330,1068,881,34.596,34.299,-0.033,0.0999,9.9063,0.977,-0.2114,0.2928
10335,1061,875,34.528,34.312,-0.1242,-0.0212,9.8128,-0.265,-0.7047,-0.9959
10340,1062,873,34.484,34.321,0.0317,-0.0365,9.7804,0.4008,0.7713,0.3947
10345,1053,878,34.516,34.242,-0.0052,-0.1405,9.7173,0.2485,0.671,-0.771
10350,1060,868,34.594,34.292,0.0399,-0.0958,9.7609,0.7091,0.0095,1.2652
10355,1053,871,34.523,34.316,0.0186,-0.057,9.8301,-0.5905,0.1359,-0.1867
10360,1054,873,34.529,34.378,0.0437,0.0005,9.769,-0.5974,-0.8164,0.6952
10365,1043,861,34.514,34.419,0.0651,0.0003,9.7956,0.426,-0.041,0.374
10370,1040,862,34.592,34.274,-0.0096,0.0504,9.8344,-0.2888,-0.4975,-0.7387
10375,1030,862,34.624,34.381,-0.062,-0.0185,9.8558,0.274,-0.0222,-0.02
10380,1038,865,34.522,34.233,0.0122,0.0092,9.7661,0.1135,-0.2597,1.4765
10385,1029,862,34.56,34.242,0.0297,-0.0492,9.8867,0.0771,-0.1495,-0.4368
10390,1022,859,34.499,34.385,-0.1387,-0.0155,9.9042,-0.3683,0.4602,0.2876
10395,1011,855,34.6,34.373,-0.0134,-0.0978,9.7514,-0.5355,-0.5544,0.2803
10400,1005,861,34.433,34.232,-0.046,0.0218,9.9045,-0.303,0.2526,0.7199
10405,1003,858,34.508,34.269,0.0139,-0.011,9.8086,-0.0985,-0.6615,-0.1968
10410,991,852,34.478,34.334,0.008,-0.0334,9.8641,-0.1156,-0.5921,-0.2057
10415,980,853,34.616,34.332,-0.1011,-0.0794,9.7605,-0.3721,0.3233,0.3858
10420,978,850,34.607,34.26,-0.0124,0.0203,9.8799,-0.2018,0.0458,-0.5387
10425,981,848,34.599,34.379,-0.0923,0.0085,9.792,-0.1285,0.6486,-0.3835
10430,971,848,34.581,34.342,0.0051,-0.0154,9.77,0.3035,-0.0288,0.1931
10435,958,852,34.459,34.4,-0.0329,-0.0182,9.7864,0.4462,-0.3321,-0.1174
10440,953,846,34.531,34.312,0.001,-0.0212,9.8593,-0.0963,-0.426,-0.0845
10445,945,846,34.545,34.288,0.0052,-0.0256,9.7346,0.505,-0.6163,0.429
10450,937,847,34.484,34.29,0.0102,0.0155,9.8377,-0.372,-0.1941,0.2686
10455,935,846,34.582,34.362,0.0254,-0.0151,9.8095,0.3369,-0.2164,-0.6449
10460,922,841,34.581,34.327,-0.0243,0.0407,9.7352,-0.5019,-0.6052,-0.6183
10465,915,843,34.477,34.234,0.0337,-0.1265,9.8476,-0.3372,-0.6592,0.6377
10470,904,836,34.566,34.212,-0.002,-0.0296,9.8665,0.229,0.5189,-0.0054
10475,890,832,34.527,34.332,0.034,0.084,9.7447,0.4493,0.2431,0.4605
10480,874,835,34.536,34.411,-0.0243,-0.055,9.745,1.3272,-0.2671,0.3939
10485,872,833,34.615,34.389,-0.0441,-0.0045,9.8002,-0.3576,-0.0415,-0.4398
10490,860,823,34.553,34.281,0.0419,0.0348,9.7802,-0.0275,0.0749,0.7093
10495,859,826,34.668,34.372,0.0114,0.0377,9.7638,-0.5669,0.1418,0.3514
10500,850,822,34.539,34.455,-0.0277,-0.0328,9.8695,0.86,-0.9051,0.1549
10505,839,822,34.588,34.406,-0.0305,-0.0479,9.8001,0.1469,-0.409,0.0362
10510,835,817,34.559,34.247,0.0086,-0.0426,9.6822,-0.0219,0.2189,-0.0564
10515,827,814,34.545,34.304,0.0302,0.0578,9.7929,-0.7633,0.4932,-0.4251
10520,823,811,34.523,34.33,-0.072,0.0373,9.742,-0.023,0.461,0.256
10525,821,811,34.595,34.309,0.0705,-0.03,9.8564,-0.9844,-1.2773,-0.7498
10530,806,798,34.524,34.262,-0.059,-0.0942,9.8544,-0.612,-0.5021,0.259
10535,804,797,34.553,34.319,-0.0548,0.0568,9.8512,-0.2678,-0.5711,1.0484
10540,791,797,34.588,34.297,0.0749,-0.021,9.8138,0.0292,-0.6604,0.224
10545,777,790,34.539,34.269,0.0851,0.0016,9.7323,0.2223,0.0473,0.0849
10550,784,790,34.586,34.25,-0.0577,0.0333,9.8669,0.0923,-0.3441,0.1836
10555,771,787,34.574,34.307,-0.032,-0.0242,9.8362,0.4068,-0.2062,-0.4909
10560,762,783,34.532,34.342,0.0909,-0.0279,9.7565,-0.2212,0.2866,-0.6474
10565,765,777,34.559,34.458,0.0585,0.0812,9.8269,0.1016,0.7724,-0.0407
10570,756,771,34.527,34.289,-0.0191,0.0221,9.7761,0.2967,-0.4254,0.0067
10575,754,767,34.494,34.258,-0.0867,-0.0304,9.9181,-0.8855,0.5754,0.2984
10580,754,762,34.55,34.246,-0.0777,-0.0624,9.7976,-0.6092,-0.779,0.6203
10585,745,754,34.614,34.31,0.0081,0.0718,9.8794,-0.0173,-0.0938,0.5489
10590,751,747,34.528,34.306,0.0086,-0.0264,9.7508,0.2705,0.208,-0.1443
10595,741,746,34.477,34.396,-0.0059,0.0168,9.8298,0.149,0.6049,-0.7544
10600,747,739,34.53,34.386,0.0885,-0.0109,9.7317,0.3428,0.1755,0.4024
10605,756,739,34.661,34.32,0.0082,-0.0431,9.7847,0.5441,0.0664,0.5747
10610,747,729,34.532,34.262,-0.0151,-0.0763,9.736,0.8334,-0.4086,-0.3889
10615,746,730,34.494,34.297,-0.1023,0.0247,9.8259,-0.0171,-0.1791,-0.309
10620,755,725,34.552,34.209,0.0012,-0.0627,9.7806,0.6218,0.8828,0.1093
10625,755,717,34.569,34.27,0.0489,-0.0058,9.766,0.3407,0.8344,1.0397
10630,753,715,34.669,34.267,0.0064,-0.0003,9.8871,-0.4549,1.3671,-0.7987
10635,755,705,34.591,34.285,0.0021,-0.0101,9.7791,-0.0625,-0.531,0.2638
10640,771,705,34.52,34.33,-0.0124,0.0322,9.8119,-0.0812,0.091,0.1734
10645,764,696,34.599,34.369,0.043,-0.0682,9.7836,0.0717,-0.5823,0.4926
10650,774,694,34.547,34.292,0.0745,-0.0342,9.8297,0.055,-0.2932,0.2836
10655,786,687,34.556,34.237,-0.0309,0.0173,9.7649,-0.3493,0.6021,-0.0469
10660,801,682,34.564,34.305,0.0267,-0.0114,9.7729,-0.2555,0.1316,-0.1477
10665,798,676,34.525,34.296,-0.0322,-0.0898,9.8666,-0.4904,0.248,-0.3119
10670,804,674,34.546,34.291,0.0457,0.0025,9.8627,-0.0101,-0.1219,0.0006
10675,813,677,34.6,34.309,-0.0674,0.0484,9.8346,0.5297,0.5034,0.8839
10680,815,671,34.576,34.385,-0.0545,0.0517,9.8171,0.2474,-0.1071,-0.1256
10685,829,668,34.556,34.282,0.0552,0.0143,9.7605,0.1054,0.2798,-0.1345
10690,839,660,34.612,34.235,0.0104,0.0469,9.8133,0.3335,0.0415,0.1259
10695,845,658,34.569,34.285,-0.043,0.0077,9.9296,0.0591,0.1037,-0.4244
10700,859,655,34.55,34.36,0.024,0.0755,9.8084,0.3143,-0.4238,-1.2785
10705,872,652,34.608,34.394,0.0231,-0.0045,9.7865,0.4385,-0.1307,-0.1114
10710,887,652,34.529,34.375,-0.0475,-0.0311,9.8245,-0.2218,0.2171,-0.4235
10715,890,654,34.476,34.287,-0.0523,0.1039,9.7242,-0.2999,-0.1617,0.2713
10720,907,647,34.573,34.267,-0.0052,0.0357,9.8191,-0.1063,-0.1518,-0.674
10725,908,653,34.623,34.355,-0.0074,0.0089,9.8359,0.1436,0.0797,0.2604
10730,920,648,34.571,34.35,-0.0947,0.099,9.7342,-1.4106,-0.1044,0.1382
10735,936,649,34.716,34.295,0.012,0.0127,9.8506,-0.9618,-0.0505,-0.2924
10740,939,654,34.608,34.308,-0.0095,0.023,9.758,0.4016,-0.9516,1.6897
10745,967,655,34.541,34.365,-0.0416,-0.0176,9.8593,0.2166,-0.229,-0.2654
10750,964,654,34.541,34.337,-0.0649,0.0168,9.7934,0.1227,-0.2166,0.1164
10755,979,659,34.47,34.367,-0.0287,-0.0309,9.8321,-0.8188,0.242,0.9928
10760,997,658,34.617,34.35,-0.0002,-0.0158,9.7912,0.1566,0.3682,-0.1021
10765,1013,655,34.55,34.237,-0.0215,-0.0436,9.9125,-0.4666,-0.0508,-0.0295
10770,1017,664,34.564,34.297,0.0051,-0.1388,9.777,-0.601,0.0354,-0.3007
10775,1029,666,34.594,34.307,0.008,-0.0649,9.8834,0.201,-0.4038,0.2249
10780,1035,664,34.514,34.308,-0.0149,-0.0041,9.8582,0.8826,0.0645,0.192
10785,1052,670,34.486,34.301,-0.0278,0.0075,9.8001,0.4749,-0.419,0.4526
10790,1062,673,34.574,34.259,0.0336,0.0654,9.8009,-0.1722,-0.5096,0.3796
10795,1075,677,34.51,34.47,-0.0757,-0.0085,9.893,0.2963,0.6658,-0.6106
10800,1084,683,34.653,34.325,-0.051,0.0543,9.9423,-1.3294,-0.1251,-0.3424
10805,1095,690,34.589,34.333,-0.0198,-0.0367,9.8229,-0.1131,0.5543,-0.157
10810,1100,699,34.532,34.463,-0.0926,0.0406,9.8761,0.1477,-0.0823,0.2645
10815,1105,697,34.574,34.231,-0.0242,-0.0334,9.7891,-0.1674,-1.2631,0.3576
10820,1115,703,34.513,34.276,0.0151,-0.0664,9.7843,0.4033,0.4387,0.9823
10825,1125,705,34.592,34.368,0.0459,0.039,9.8058,-0.0719,0.9791,-1.0529
10830,1128,718,34.605,34.362,-0.0313,-0.0674,9.7906,-0.1945,-0.3468,0.3195
10835,1142,727,34.593,34.334,-0.0901,-0.0539,9.756,0.052,0.1223,0.2551
10840,1141,727,34.523,34.368,0.0062,-0.042,9.7443,1.0982,0.5875,0.2212
10845,1155,730,34.504,34.391,-0.0009,-0.0732,9.8431,-0.4031,0.2647,0.0746
10850,1150,738,34.493,34.391,-0.0398,-0.0095,9.8191,0.5395,0.2822,0.2349
10855,1163,750,34.582,34.398,-0.0215,0.0069,9.9207,-0.4025,0.3249,-0.0848
10860,1169,755,34.596,34.384,-0.0489,0.0522,9.7565,0.2252,0.1187,-0.3471
10865,1173,762,34.495,34.271,0.0177,-0.0989,9.7886,0.0267,-0.5189,0.2644
10870,1172,770,34.6,34.349,0.0576,-0.0438,9.7658,-0.1542,0.0255,-0.2745
10875,1173,780,34.586,34.306,0.0095,-0.0083,9.7943,-0.0513,-0.9284,0.3661
10880,1188,785,34.585,34.381,0.0196,-0.0432,9.7427,-0.0205,-0.2305,-0.2166
10885,1181,787,34.601,34.431,-0.0111,0.0262,9.805,0.2873,-0.2782,0.1763
10890,1184,793,34.661,34.289,-0.0726,-0.0107,9.8809,0.7238,0.0608,-0.2661
10895,1188,800,34.598,34.297,0.0383,-0.0304,9.8295,-0.1233,1.0945,0.1945
10900,1189,812,34.58,34.215,0.0252,-0.0322,9.8554,-0.1798,0.0292,-0.1111
10905,1184,823,34.587,34.397,0.0296,-0.0907,9.7157,-0.7094,0.7162,0.306
10910,1185,825,34.529,34.258,-0.0703,0.0192,9.7416,-0.0675,-0.268,0.0594
10915,1193,832,34.609,34.373,-0.0559,-0.0419,9.8712,-0.5732,0.0232,-0.005
10920,1188,841,34.574,34.247,0.0242,-0.0517,9.7624,-0.8273,0.2193,-0.08
10925,1181,842,34.526,34.385,-0.0351,0.0166,9.7756,0.7982,-0.2002,0.3126
10930,1190,845,34.671,34.312,0.061,0.0279,9.821,-0.7676,0.857,-1.112
10935,1187,855,34.504,34.354,0.0597,-0.0839,9.8256,-0.2217,-0.4302,-0.0029
10940,1177,860,34.542,34.281,-0.0318,0.0006,9.9647,-1.081,0.6142,-0.1861
10945,1183,861,34.592,34.291,0.0133,0.07,9.8363,0.001,-0.3263,0.8012
10950,1184,868,34.543,34.358,-0.007,-0.0343,9.8314,0.6775,0.9493,-0.6495
10955,1182,870,34.483,34.38,-0.0339,-0.0663,9.8871,-0.1403,0.0017,-0.3148
10960,1174,872,34.534,34.41,0.1311,-0.0603,9.7837,0.2481,-0.7048,-0.6427
10965,1164,878,34.614,34.343,-0.0141,-0.0359,9.8071,0.0118,-0.1152,-0.3118
10970,1167,884,34.582,34.33,0.0105,0.0272,9.8726,-0.1978,0.1882,0.1099
10975,1164,886,34.59,34.309,0.0163,0.0009,9.841,-0.5517,-0.0822,0.4878
10980,1158,897,34.546,34.31,0.0162,-0.09,9.8824,-0.5085,-0.2347,-0.375
10985,1155,895,34.597,34.338,-0.0009,0.013,9.8172,-0.2961,0.789,-0.829
10990,1148,894,34.51,34.285,0.0557,-0.0777,9.9436,-0.8577,-0.1336,-0.417
10995,1162,896,34.507,34.306,0.0349,-0.0035,9.8261,0.0191,0.0167,-0.568
11000,1144,903,34.61,34.466,0.014,-0.0006,9.9316,0.165,0.4062,0.4567
11005,1156,902,34.52,34.369,0.0284,0.0665,9.8219,-0.378,-0.1998,0.0132
11010,1138,904,34.611,34.354,0.0175,-0.0091,9.813,-0.3971,-0.31,-0.3699
11015,1139,903,34.568,34.324,0.0269,-0.0181,9.7394,-0.7002,0.3869,-0.1075
11020,1128,906,34.674,34.281,0.0089,-0.091,9.7857,0.2908,-0.4522,0.4934
11025,1138,910,34.566,34.334,0.0443,-0.1121,9.8269,0.1132,0.2219,0.3914
11030,1118,910,34.587,34.363,0.0121,0.0056,9.7852,-0.2462,0.7265,0.0346
11035,1126,912,34.553,34.409,0.0835,-0.0151,9.7849,-0.637,0.6338,1.2102
11040,1121,914,34.556,34.322,0.0428,0.0586,9.7772,-0.7163,0.4922,-0.5419
11045,1131,912,34.491,34.347,-0.1253,-0.0635,9.7898,-0.0782,0.4224,0.275
11050,1115,909,34.509,34.255,-0.015,0.0415,9.7988,-0.7145,-0.5821,-0.3483
11055,1120,908,34.602,34.284,-0.0506,-0.0202,9.8736,0.0493,-0.1332,0.746
11060,1124,909,34.567,34.254,-0.0396,0.0176,9.8043,-0.3885,0.179,0.1113
11065,1100,902,34.552,34.297,-0.036,-0.0255,9.8051,-0.0497,0.7204,0.0894
11070,1110,906,34.544,34.324,-0.0014,-0.0221,9.8926,-0.6555,-0.5596,0.5015
11075,1116,904,34.499,34.403,0.0634,0.0233,9.8592,0.677,-0.1576,0.086
11080,1113,902,34.572,34.253,-0.0114,0.0287,9.775,-0.2841,0.8265,0.4426
11085,1109,905,34.642,34.346,0.0305,-0.0776,9.9026,0.3929,-0.0645,-0.277
11090,1096,900,34.557,34.395,-0.0164,0.0558,9.8477,-0.6672,0.0826,0.5148
11095,1101,900,34.563,34.335,0.0385,0.0189,9.827,-0.7281,-0.7534,0.6348
11100,1097,896,34.48,34.273,0.0861,0.1371,9.8284,0.0209,-0.2983,-0.4772
11105,1097,896,34.553,34.352,0.0413,-0.037,9.8119,-0.0025,0.7807,0.261
11110,1084,889,34.576,34.285,0.0317,0.0169,9.8391,0.2504,0.4866,1.0047
11115,1087,894,34.646,34.339,-0.0025,0.0238,9.8118,0.6326,0.358,0.2167
11120,1096,887,34.641,34.304,0.0263,0.0281,9.8219,-0.4613,-0.3926,0.699
11125,1082,885,34.483,34.364,-0.0132,0.0006,9.8522,-0.6503,0.0478,0.4309
11130,1080,891,34.614,34.333,0.0176,0.0619,9.7961,0.7369,0.9252,0.4922
11135,1086,885,34.572,34.301,0.0297,-0.0214,9.8079,0.8214,-0.0197,-0.7607
11140,1075,886,34.523,34.315,0.0899,-0.0166,9.8254,0.6804,0.022,0.3983
11145,1078,883,34.54,34.35,0.0885,-0.0371,9.8347,-0.5955,-0.537,0.7789
11150,1076,880,34.546,34.361,-0.0253,-0.0433,9.7458,0.4401,0.2761,0.8012
11155,1066,879,34.586,34.343,0.0182,-0.0135,9.7,0.2799,0.2979,0.667
11160,1066,882,34.538,34.321,0.0548,-0.0424,9.8083,-0.0708,0.6278,0.7043
11165,1070,877,34.599,34.31,-0.0107,-0.0209,9.8386,-0.3067,-0.1446,-0.3874
11170,1063,874,34.45,34.405,0.1532,-0.0415,9.8028,-0.1966,0.0204,0.6477
11175,1050,871,34.567,34.394,0.0322,0.0202,9.7963,-0.0311,-0.9607,0.6237
11180,1054,869,34.573,34.403,0.021,-0.0412,9.8727,-0.3109,0.045,-0.2932
11185,1053,867,34.564,34.331,0.0296,-0.0012,9.7575,0.0447,-0.1963,1.1025
11190,1047,867,34.493,34.284,0.0396,-0.0178,9.8642,0.0494,0.9322,-0.2657
11195,1044,860,34.462,34.317,0.0229,-0.0082,9.7837,-0.0031,-0.2763,0.3761
11200,1041,857,34.655,34.351,0.0371,0.0276,9.821,0.5818,-0.0167,0.8409
11205,1028,865,34.504,34.328,0.0115,-0.0038,9.7968,-0.6039,-0.2231,0.3531
11210,1023,865,34.598,34.259,-0.0424,0.0,9.8872,0.4097,0.6108,-0.7976
11215,1028,859,34.538,34.315,-0.0774,-0.0221,9.8117,-0.009,0.3085,-0.7291
11220,1012,855,34.529,34.421,0.0366,-0.0752,9.8159,-0.1058,0.1762,0.1942
11225,1015,857,34.562,34.361,0.0286,-0.0044,9.7935,0.2275,0.4255,0.1589
11230,1014,856,34.544,34.255,0.0665,-0.0781,9.756,-0.3733,-0.068,-0.5968
11235,1002,859,34.547,34.264,0.0743,-0.0285,9.8084,0.7892,0.0684,-0.7325
11240,986,855,34.615,34.366,-0.0513,-0.048,9.7314,-0.2637,0.3214,1.195
11245,983,856,34.621,34.25,-0.0048,-0.0491,9.7851,-0.8172,0.199,0.0411
11250,989,851,34.575,34.443,0.0636,0.0438,9.8713,-0.3402,-0.4121,0.6393
11255,968,851,34.68,34.226,-0.0649,0.0238,9.7997,1.1705,0.7208,-0.5698
11260,961,848,34.554,34.354,0.05,0.0188,9.8096,-0.2878,-0.1979,-0.4409
11265,957,845,34.616,34.336,-0.0911,-0.0813,9.8901,0.506,-0.3504,-0.0094
11270,952,841,34.554,34.325,-0.0604,-0.0006,9.8454,0.7463,-0.4132,-0.085
11275,948,842,34.571,34.316,0.1081,-0.0638,9.7766,-0.0111,0.3505,-0.6766
11280,932,846,34.559,34.322,-0.0307,0.0695,9.751,-0.1493,0.8303,-0.2244
11285,912,843,34.683,34.304,-0.0116,-0.0177,9.8294,-0.0888,-1.0957,-0.4997
11290,921,846,34.567,34.33,-0.074,-0.0498,9.7613,-0.9723,0.75,0.1648
11295,908,838,34.549,34.396,0.0134,0.095,9.7822,-0.2466,0.769,-0.115
11300,900,842,34.58,34.397,0.0794,-0.065,9.8063,0.7775,-0.0693,-1.041
11305,886,835,34.678,34.302,0.0163,0.0081,9.8788,0.1456,-0.3069,0.2385
11310,871,837,34.55,34.36,0.021,0.058,9.8254,0.4199,0.7614,-0.5092
11315,882,831,34.686,34.311,0.0036,-0.0365,9.7924,0.2121,-0.7789,0.6589
11320,870,829,34.543,34.386,0.0266,0.011,9.8944,-0.5084,0.4198,0.3943
11325,858,821,34.611,34.365,-0.0003,-0.0749,9.8853,0.265,0.3956,0.2504
11330,843,821,34.559,34.367,-0.0098,0.118,9.7628,-0.2005,0.0394,-0.4795
11335,846,821,34.605,34.289,0.0402,-0.0441,9.8385,0.4854,-0.1714,0.8123
11340,833,816,34.51,34.277,-0.018,0.0697,9.8214,-0.7913,0.1723,0.0179
11345,827,814,34.549,34.368,-0.0745,0.031,9.8308,-0.7006,-0.1937,-0.8657
11350,815,811,34.589,34.262,-0.0581,-0.0203,9.8088,0.1987,0.4164,0.3455
11355,803,810,34.571,34.257,0.1226,0.0736,9.7933,-0.3598,0.304,-0.1743
11360,806,804,34.648,34.352,0.0176,-0.0139,9.8468,-0.3969,0.7096,-0.7344
11365,794,797,34.497,34.321,-0.0828,-0.0025,9.8386,-0.185,-0.1197,-0.4501
11370,793,799,34.578,34.349,-0.0102,0.0991,9.8298,0.9826,0.0754,-0.5629
11375,783,796,34.594,34.335,-0.0485,-0.0227,9.848,0.0856,-0.7735,0.6763
11380,774,785,34.591,34.389,0.0276,-0.0583,9.8601,-0.0157,-0.0828,-0.4117
11385,772,782,34.556,34.241,0.0018,-0.0121,9.838,-0.6989,-0.5705,0.1419
11390,764,781,34.583,34.239,-0.0621,-0.0666,9.7829,-0.6232,0.2952,-0.6643
11395,771,775,34.591,34.398,-0.0148,-0.0296,9.8398,-0.0344,0.4156,-1.2126
11400,767,776,34.54,34.25,0.0437,-0.048,9.691,-0.4402,0.2309,0.1073
11405,757,765,34.68,34.227,-0.0391,-0.0232,9.8397,-0.2052,-0.2242,-0.6445
11410,755,763,34.597,34.31,-0.0349,-0.0032,9.7755,-1.1653,-0.8702,0.0452
11415,750,752,34.535,34.28,0.1069,-0.0052,9.8632,-0.4814,-0.4689,-0.553
11420,749,752,34.532,34.337,-0.0189,-0.0209,9.8404,-0.4172,0.5825,-0.394
11425,755,742,34.571,34.291,-0.0284,-0.1126,9.7994,0.1176,-0.1422,0.6461
11430,742,737,34.504,34.331,-0.0402,-0.0116,9.819,0.2776,0.6566,-0.5443
11435,740,738,34.461,34.295,-0.0223,0.0437,9.7812,0.2098,-0.7095,0.4148
11440,748,731,34.589,34.358,0.0011,0.0883,9.8353,0.3636,0.2693,0.0612
11445,754,723,34.467,34.33,0.0461,0.0007,9.8506,0.6672,0.0959,0.5432
11450,743,718,34.614,34.325,0.0369,-0.0641,9.9028,0.7593,0.2427,0.7555
11455,753,718,34.628,34.356,0.0345,0.014,9.6853,0.8062,-0.4371,1.0773
11460,755,717,34.524,34.307,-0.0992,0.0244,9.8513,-0.0184,-0.6102,0.6066
11465,764,711,34.603,34.322,0.0388,0.0863,9.8164,0.0239,-1.2722,-0.0321
11470,769,700,34.663,34.309,-0.0431,0.1012,9.7908,0.4712,-0.1828,0.2153
11475,767,697,34.582,34.443,0.0053,-0.1159,9.7977,-0.5758,-0.4149,0.4105
11480,775,693,34.566,34.338,0.0671,0.0773,9.7698,0.9262,-0.21,-0.2153
11485,781,688,34.611,34.389,-0.0174,0.0,9.8446,0.1076,0.0118,0.1036
11490,783,684,34.656,34.331,0.0275,0.0574,9.8078,-0.7275,-0.1279,-0.1793
11495,800,679,34.658,34.305,0.025,0.011,9.8762,-0.4938,-0.0021,-0.4357
11500,801,677,34.601,34.335,0.0066,0.0526,9.8476,-0.5437,0.3865,0.0211
11505,812,676,34.501,34.294,-0.0233,0.0264,9.7612,0.0548,0.0219,0.1491
11510,818,671,34.519,34.356,0.0298,0.0412,9.849,0.8683,-0.8005,-0.8464
11515,832,665,34.555,34.398,0.0746,-0.0112,9.8334,0.8145,0.6474,0.5552
11520,840,658,34.587,34.3,0.016,0.0179,9.8212,0.8036,-0.718,0.9641
11525,860,664,34.525,34.336,-0.0592,-0.0136,9.8333,0.1926,0.1175,0.287
11530,857,651,34.543,34.283,0.04,0.0071,9.8024,-0.0793,-0.4943,0.4677
11535,862,656,34.591,34.359,0.0044,-0.0277,9.7709,0.6866,-0.5936,-0.171
11540,879,654,34.608,34.372,0.0988,-0.0252,9.83,-0.5798,-0.2715,-0.0273
11545,902,655,34.595,34.266,-0.0405,-0.0577,9.8184,0.1951,-0.0253,-0.1809
11550,898,650,34.492,34.411,0.0306,-0.0805,9.7824,0.2042,-0.0271,0.9631
11555,917,650,34.519,34.345,-0.0067,-0.0496,9.8044,-0.3854,1.071,-0.5203
11560,926,647,34.568,34.255,-0.0726,0.048,9.7729,-0.1153,-0.0711,0.0668
11565,942,648,34.623,34.437,-0.0405,0.0208,9.8815,0.0315,-0.4184,0.4989
11570,954,654,34.54,34.347,0.0054,0.0242,9.7843,0.1669,0.4865,0.6124
11575,965,656,34.646,34.343,-0.0264,0.0193,9.8395,-0.0884,-0.053,0.2603
11580,982,650,34.517,34.375,0.0797,0.0996,9.8121,-0.442,0.4811,-0.4236
11585,985,656,34.546,34.318,-0.0646,-0.0248,9.9158,-0.3264,0.3083,0.0746
11590,995,659,34.623,34.462,0.031,0.0377,9.8061,-0.9446,-0.1686,0.7014
11595,1012,657,34.563,34.417,-0.0023,-0.0168,9.7985,-0.1043,-1.2742,0.1949
11600,1024,661,34.503,34.28,-0.0314,-0.0433,9.8354,-0.1405,0.3311,0.5013
11605,1027,661,34.567,34.269,-0.0377,0.0503,9.811,0.0656,0.2547,0.0918
11610,1040,666,34.611,34.304,0.0313,-0.0202,9.801,-0.0413,-0.3067,-0.5204
11615,1050,671,34.554,34.243,0.0814,0.0331,9.8796,-0.301,-0.0204,-0.8372
11620,1058,675,34.502,34.365,0.0637,0.084,9.7872,0.6204,0.4635,-0.2076
11625,1069,678,34.552,34.341,0.0513,0.0298,9.8335,0.1985,-0.2204,0.7362
11630,1088,686,34.663,34.269,0.0464,-0.034,9.7918,-0.2114,0.3795,-1.0829
11635,1081,687,34.466,34.315,0.0122,0.028,9.86,0.5744,-0.2668,0.4671
11640,1095,696,34.64,34.282,0.0307,-0.0179,9.8486,0.0449,0.0231,-0.1609
11645,1111,698,34.614,34.315,0.059,-0.0591,9.7774,-0.481,-0.2562,0.2571
11650,1113,711,34.528,34.298,0.0474,-0.059,9.7912,0.3265,0.0122,-0.6322
11655,1124,716,34.511,34.362,0.0432,0.0188,9.7389,-0.166,0.7198,-0.4645
11660,1123,717,34.516,34.305,0.0041,-0.0006,9.7787,0.1362,0.3207,0.9545
11665,1144,727,34.572,34.416,0.0435,-0.0131,9.8541,0.21,-0.4587,-0.163
11670,1148,730,34.505,34.322,-0.0349,0.0376,9.6978,-0.0941,-0.6626,0.4892
11675,1142,734,34.551,34.381,0.0662,-0.0019,9.849,0.1609,-0.1926,0.1949
11680,1157,745,34.617,34.302,-0.0058,-0.0509,9.8435,0.573,1.1329,-0.2648
11685,1165,748,34.617,34.278,0.0149,-0.0938,9.8233,0.912,-0.7786,-0.4916
11690,1165,756,34.525,34.403,0.0601,0.0618,9.7599,-0.0102,-0.9434,0.7491
11695,1174,763,34.549,34.32,0.0319,0.0199,9.8058,0.5654,0.0275,-0.4889
11700,1177,772,34.615,34.187,0.0667,0.0348,9.7938,-0.0814,-0.1811,0.1035
11705,1181,776,34.513,34.29,0.0203,0.0104,9.8263,0.2643,0.2549,-0.7311
11710,1174,778,34.53,34.362,0.0308,0.0057,9.8604,-0.6952,-0.4953,-0.0099
11715,1197,795,34.55,34.343,-0.0203,0.0139,9.8397,0.1107,0.0411,-0.7221
11720,1183,794,34.625,34.286,-0.0111,0.049,9.7758,0.5487,-0.2616,0.6789
11725,1196,806,34.533,34.31,0.02,-0.0518,9.824,-0.4504,0.0557,0.5046
11730,1192,804,34.616,34.382,0.0039,0.0403,9.8576,0.9275,0.0959,0.1725
11735,1196,816,34.628,34.343,-0.0095,-0.006,9.7879,-0.2227,0.3181,0.2195
11740,1184,825,34.529,34.313,0.0401,-0.0352,9.8098,-0.2165,-0.2423,0.476
11745,1196,832,34.594,34.332,0.0649,-0.0138,9.8275,0.1761,-0.6563,-0.7628
11750,1190,834,34.569,34.331,-0.0559,0.0155,9.7781,0.2983,0.0707,0.2007
11755,1194,842,34.508,34.3,-0.0265,0.1341,9.7094,-0.2264,0.0223,0.4158
11760,1189,854,34.618,34.564,-0.0664,0.0166,9.8284,1.3239,-0.7867,0.0278
11765,1186,858,34.562,34.346,-0.0116,-0.0288,9.8365,0.9734,0.3131,-0.4757
11770,1180,859,34.526,34.326,-0.0791,-0.004,9.7954,0.2076,0.0937,0.0553
11775,1182,856,34.503,34.296,-0.0072,0.0393,9.8096,0.2195,-0.1378,-0.2303
11780,1173,866,34.651,34.251,-0.0293,0.0252,9.6898,0.2513,-0.4661,-0.1858
11785,1174,875,34.574,34.292,-0.0684,0.0254,9.8569,-0.2556,1.0212,-1.025
11790,1164,873,34.552,34.395,-0.1007,0.0029,9.8347,-0.316,0.9199,0.0756
11795,1167,889,34.59,34.33,-0.0671,-0.0409,9.9091,0.8176,0.4709,0.6272
11800,1166,883,34.543,34.299,-0.0078,-0.0228,9.7826,0.4372,-0.1033,-0.0013
11805,1165,889,34.572,34.293,-0.0055,0.0244,9.8025,0.0446,0.0086,1.2251
11810,1157,889,34.634,34.388,0.034,0.0187,9.7428,0.3704,-0.0184,0.261
11815,1156,893,34.605,34.365,-0.0857,-0.0167,9.7771,0.283,0.244,-0.1853
11820,1158,897,34.648,34.381,-0.0125,0.0874,9.8238,0.1092,-0.8143,0.3943
11825,1155,909,34.523,34.257,0.039,-0.1174,9.7529,-0.7591,-0.2892,0.6441
11830,1147,899,34.572,34.347,0.0172,0.016,9.7854,0.1843,-0.5201,0.3665
11835,1154,906,34.528,34.277,0.0336,-0.003,9.7414,0.7554,-0.7013,0.6526
11840,1154,907,34.586,34.319,0.0325,0.0202,9.7988,-0.1913,0.7032,-0.1765
11845,1146,909,34.587,34.309,-0.0915,0.0154,9.8509,0.783,0.2305,0.2301
11850,1143,910,34.637,34.307,-0.0005,-0.0119,9.8452,-0.27,-0.5686,0.3324
11855,1121,910,34.569,34.356,-0.0269,0.0443,9.8267,0.4197,-0.2604,-0.1382
11860,1132,907,34.554,34.208,-0.0037,-0.1216,9.7943,0.6729,0.837,0.4777
11865,1130,910,34.619,34.33,-0.0004,0.0073,9.7203,-0.8129,-0.7631,1.3947
11870,1116,912,34.508,34.313,-0.0424,0.0309,9.8071,-0.491,0.8533,0.0769
11875,1123,910,34.547,34.299,0.0129,-0.0102,9.8635,0.4709,0.6318,-0.0509
11880,1125,913,34.506,34.384,-0.0053,0.0574,9.78,0.3393,-0.1258,-0.7321
11885,1119,918,34.515,34.331,0.0049,-0.0856,9.8429,0.1344,-0.6007,-1.0496
11890,1114,905,34.555,34.288,0.0094,0.0292,9.7756,0.5754,-0.7408,-0.1359
11895,1114,905,34.593,34.344,-0.0256,-0.0381,9.7981,0.7091,0.0766,0.5049
11900,1107,904,34.711,34.423,-0.018,-0.0582,9.6638,0.134,0.163,-0.587
11905,1106,905,34.59,34.3,-0.0074,0.0631,9.7603,-0.0915,-0.2727,0.0044
11910,1102,906,34.536,34.4,-0.0562,0.0277,9.8908,-1.1776,0.0324,-0.4174
11915,1103,903,34.522,34.312,0.0196,-0.021,9.8227,1.2158,-0.1603,-0.1134
11920,1104,902,34.553,34.252,-0.0166,-0.0154,9.8316,0.0338,-0.7778,0.1978
11925,1101,900,34.612,34.349,-0.0141,0.0052,9.8271,0.1068,-0.3031,0.0791
11930,1087,899,34.642,34.298,-0.0376,-0.0103,9.7052,-1.1144,0.8736,-0.2049
11935,1104,893,34.535,34.345,-0.0215,0.0413,9.8427,-0.09,-0.6397,-0.0544
11940,1086,899,34.572,34.374,0.0388,-0.0023,9.8172,0.1568,-0.3407,1.2254
11945,1089,888,34.504,34.305,0.0677,0.0059,9.8905,-0.2429,0.0947,-0.9228
11950,1089,891,34.581,34.268,0.0465,0.023,9.8907,0.8318,0.9396,0.8639
11955,1087,890,34.544,34.418,-0.0004,0.0286,9.8164,-0.4454,-0.5257,-0.0418
11960,1085,887,34.511,34.32,-0.0223,-0.1221,9.7158,-0.0365,0.1854,-0.0654
11965,1082,887,34.555,34.441,-0.0443,-0.0021,9.791,0.0626,0.8078,0.0218
11970,1084,884,34.541,34.357,0.014,-0.0485,9.7146,-0.0507,-1.3208,-0.3157
11975,1074,883,34.663,34.267,0.0397,-0.0926,9.8947,0.4961,0.0561,0.1327
11980,1064,881,34.552,34.345,-0.0469,0.0266,9.7359,0.1527,0.6025,0.6757
11985,1078,875,34.621,34.259,0.0141,0.0092,9.7325,0.4548,0.3597,0.4372
11990,1067,883,34.606,34.39,0.0076,0.0172,9.6974,1.0182,0.3634,0.1042
11995,1065,875,34.547,34.469,-0.0005,0.0348,9.8632,-0.1433,-0.3431,0.3186
12000,1057,870,34.594,34.249,-0.0221,-0.026,9.8697,-0.0082,0.2346,0.0477
12005,1061,872,34.67,34.346,0.0437,0.0025,9.8242,-0.202,0.0359,-0.4684
12010,1058,868,34.56,34.231,-0.0518,-0.0023,9.874,0.0317,-0.1455,0.3993
12015,1046,872,34.636,34.312,0.0434,0.0067,9.8276,-0.9677,0.3504,-0.3589
12020,1050,869,34.529,34.269,-0.0788,0.0478,9.7717,-0.2247,-0.0388,-0.8465
12025,1047,868,34.647,34.342,-0.0674,-0.0081,9.8727,0.8434,0.1997,0.0262
12030,1037,862,34.538,34.357,-0.0354,0.0284,9.9264,0.0759,-0.333,0.1079
12035,1034,863,34.514,34.354,-0.0412,0.0224,9.8268,-0.3604,0.8802,1.4305
12040,1032,861,34.659,34.256,-0.0217,0.0088,9.7536,0.1297,0.3593,-0.0067
12045,1025,857,34.596,34.312,0.0584,0.0381,9.7974,0.0232,0.5344,-0.2668
12050,1018,856,34.58,34.29,-0.0554,-0.0188,9.7351,-0.1337,-0.1561,0.771
12055,1009,858,34.575,34.371,-0.0622,0.078,9.7478,0.2266,0.6706,-0.3315
12060,1006,858,34.658,34.403,-0.0705,-0.0247,9.7918,-0.2622,0.0193,0.1021
12065,1003,846,34.564,34.295,0.0371,0.0381,9.763,0.2766,-0.502,0.8888
12070,995,853,34.637,34.369,-0.0526,0.0796,9.7782,0.3722,-0.0335,-0.8558
12075,991,853,34.64,34.302,-0.0248,0.0054,9.8576,-0.4754,0.3288,-0.4892
12080,984,855,34.52,34.362,0.001,-0.0501,9.7765,0.5914,-0.5585,0.5809
12085,982,855,34.561,34.348,-0.0581,-0.087,9.7491,0.5261,-0.2612,-0.7352
12090,969,848,34.554,34.339,-0.0548,0.0186,9.7382,-0.3134,1.4077,-0.9466
12095,958,843,34.54,34.254,0.0893,-0.0187,9.8575,-0.4787,-0.0818,-1.0056
12100,942,849,34.66,34.337,-0.0022,-0.0669,9.8503,-0.3476,-0.1639,0.0259
12105,943,850,34.61,34.293,-0.0449,-0.0093,9.8032,-0.132,0.7582,-0.0103
12110,936,844,34.559,34.412,0.0138,0.0702,9.8242,1.3607,-0.6563,0.2108
12115,914,845,34.604,34.323,-0.1314,-0.0162,9.8843,0.452,1.4915,-0.3422
12120,904,838,34.522,34.399,0.0148,-0.0112,9.8085,0.9054,-0.8725,0.0571
12125,900,835,34.561,34.323,-0.0337,0.0329,9.7711,-0.2248,0.7982,-0.2758
12130,906,839,34.556,34.346,-0.0652,-0.0127,9.787,0.6618,-0.5501,0.6828
12135,880,839,34.539,34.279,-0.0777,-0.0239,9.7493,0.317,-0.1849,0.3562
12140,885,831,34.647,34.32,-0.0147,0.0421,9.7979,-0.0738,0.1737,-0.5021
12145,882,834,34.617,34.33,-0.0083,-0.0469,9.8828,-0.038,-0.1481,0.072
12150,869,826,34.58,34.343,0.0142,0.0627,9.8251,0.5989,-0.599,0.0091
12155,845,822,34.597,34.48,0.0193,-0.0188,9.8501,-0.2123,-0.2792,0.6578
12160,850,822,34.606,34.348,-0.0745,0.0476,9.8907,0.1673,-0.5932,0.2527
12165,840,817,34.542,34.34,0.0786,-0.0808,9.7664,-0.1383,-0.2526,0.3411
12170,835,822,34.569,34.331,0.0312,-0.0105,9.8636,0.0779,-0.5742,-0.1958
12175,824,813,34.613,34.277,-0.0122,0.031,9.818,-0.5642,0.2407,-0.4494
12180,813,811,34.655,34.397,-0.0423,-0.14,9.8442,0.3364,0.0377,-0.1397
12185,806,808,34.611,34.294,0.0049,-0.0205,9.804,0.6326,0.7994,0.1632
12190,804,800,34.619,34.288,0.0022,0.016,9.8003,-0.3573,-0.0915,0.4601
12195,794,801,34.562,34.266,0.0822,-0.0324,9.8432,-0.7645,-0.2797,-0.0502
12200,790,795,34.529,34.39,-0.0269,-0.0554,9.8328,-0.814,-0.4999,0.6763
12205,787,791,34.559,34.254,0.0291,-0.0253,9.8116,0.1104,-0.1584,0.8569
12210,778,783,34.548,34.305,0.0108,0.0826,9.7641,0.1992,0.3836,-0.2139
12215,780,783,34.596,34.288,-0.0575,-0.0011,9.8139,-0.2475,0.4526,0.2588
12220,758,777,34.576,34.324,0.0337,-0.0808,9.8054,0.1005,0.5325,0.2922
12225,763,779,34.569,34.357,-0.1108,0.034,9.8213,0.4241,-0.0071,0.6273
12230,752,764,34.544,34.368,0.004,-0.0002,9.9146,-0.6265,0.1763,-0.8147
12235,758,762,34.485,34.372,-0.071,0.0302,9.713,0.4023,-0.1644,-0.0259
12240,751,760,34.589,34.244,-0.0836,-0.0164,9.8641,0.9916,-0.7466,0.0123
12245,748,753,34.635,34.335,0.0148,-0.0139,9.798,-0.0778,-0.0376,-0.2166
12250,747,757,34.667,34.342,-0.0759,0.0168,9.8263,-0.37,0.5074,0.9243
12255,744,746,34.588,34.249,-0.0355,0.0245,9.8614,0.9438,-0.0895,-1.1244
12260,748,740,34.477,34.367,0.0399,-0.019,9.769,0.5083,0.3985,-0.5008
12265,749,739,34.62,34.376,0.0275,-0.0094,9.8734,-0.2477,1.1707,0.2123
12270,744,727,34.581,34.371,-0.0066,-0.0028,9.7438,-0.322,0.6477,-0.5705
12275,751,733,34.577,34.274,0.033,-0.0157,9.7811,-0.7234,0.5209,0.1403
12280,754,723,34.615,34.33,-0.1033,-0.0538,9.7511,0.0376,0.2458,0.6952
12285,758,720,34.582,34.418,0.0875,0.1092,9.8478,0.5193,-0.387,0.4561
12290,754,708,34.602,34.278,0.0944,0.081,9.8803,1.0816,0.8969,0.1944
12295,768,706,34.508,34.262,0.0037,-0.0368,9.8772,0.4265,-0.3198,-0.1221
12300,758,695,34.466,34.355,0.0292,-0.0422,9.81,0.4827,-0.0354,-0.6398
12305,761,697,34.571,34.297,0.0752,0.0234,9.7342,-0.5276,0.3819,0.2308
12310,775,698,34.556,34.436,-0.0251,-0.0548,9.8149,0.3527,0.2928,-0.4129
12315,776,688,34.663,34.274,-0.0381,0.057,9.852,-0.0031,0.1218,-0.0594
12320,781,684,34.613,34.273,-0.0038,-0.0439,9.8847,-0.4903,-0.1941,-0.8026
12325,794,679,34.591,34.396,-0.1137,0.019,9.9023,-0.4074,0.0325,-0.6641
12330,808,679,34.572,34.277,-0.0083,0.0555,9.7956,0.7334,0.8371,0.6454
12335,807,670,34.622,34.403,0.07,0.0196,9.8112,-0.0257,0.0524,0.5016
12340,827,674,34.627,34.298,-0.0296,-0.0084,9.7998,0.2297,-0.3367,-0.3007
12345,820,661,34.561,34.33,-0.0669,0.0417,9.7764,0.7017,-0.3244,0.7594
12350,841,664,34.506,34.275,0.0529,0.0696,9.7691,0.4452,0.9944,-0.2694
12355,861,661,34.578,34.262,0.0427,0.0712,9.8048,0.5859,0.5632,0.3672
12360,861,656,34.57,34.26,0.0521,-0.0554,9.748,-0.6321,0.9467,0.1405
12365,868,658,34.568,34.314,0.0214,0.0145,9.8094,0.3272,0.5587,-0.546
12370,892,651,34.561,34.321,-0.0302,-0.0232,9.7825,0.8191,0.5683,0.1963
12375,893,646,34.625,34.344,0.0046,0.0644,9.7683,-0.4482,0.5046,-0.2144
12380,902,652,34.603,34.315,-0.0616,-0.1137,9.8099,-0.1733,0.3003,-0.0414
12385,919,656,34.502,34.365,-0.082,0.053,9.8497,-1.2118,-0.2245,-0.1595
12390,932,648,34.595,34.313,0.0648,-0.0379,9.8331,0.5625,-0.0504,0.1412
12395,931,651,34.428,34.288,0.0703,0.0112,9.8024,-0.1369,-0.534,-0.0299
12400,951,655,34.568,34.428,0.0525,0.0138,9.8969,0.1047,0.0776,0.372
12405,962,655,34.57,34.34,-0.0225,-0.0727,9.7613,-0.4487,0.7967,0.9567
12410,966,650,34.53,34.408,-0.0054,0.0066,9.8497,-0.0372,0.6205,0.3534
12415,981,655,34.556,34.331,-0.0083,-0.0056,9.7207,-0.0547,-0.4721,0.4309
12420,999,658,34.562,34.264,0.0274,0.0056,9.8385,0.3484,0.4287,0.4219
12425,1015,657,34.513,34.312,0.0152,0.0125,9.8909,0.4174,1.1467,-1.2398
12430,1013,661,34.538,34.307,0.0108,-0.005,9.879,-0.2895,-0.3831,0.4328
12435,1034,661,34.602,34.301,0.1389,-0.0364,9.8915,0.0369,0.0603,-0.1775
12440,1047,664,34.536,34.261,-0.0466,-0.0191,9.7822,-0.2665,-0.0395,1.1217
12445,1058,673,34.592,34.271,0.0739,-0.0272,9.7903,0.0607,-0.3218,0.003
12450,1063,676,34.641,34.366,-0.0166,-0.0002,9.6662,0.6377,-0.3333,0.3265
12455,1076,683,34.561,34.314,0.0303,-0.0743,9.8625,0.5369,0.3164,0.162
12460,1087,683,34.579,34.345,-0.0797,0.0685,9.7599,-0.5895,-0.0994,0.7539
12465,1095,688,34.559,34.387,-0.0362,0.0839,9.8676,-0.0019,0.2284,-0.0027
12470,1097,694,34.597,34.349,-0.0266,0.0273,9.7949,-0.0215,-0.0787,-0.2877
12475,1109,701,34.544,34.33,-0.0455,-0.0896,9.9031,-0.3733,-0.1367,-0.3464
12480,1119,706,34.551,34.356,0.1065,-0.055,9.8712,-0.2191,-0.3673,0.3243
12485,1133,714,34.448,34.309,0.0442,-0.0988,9.7728,0.4597,0.2398,-0.3773
12490,1131,716,34.543,34.36,-0.032,-0.0285,9.8285,-0.8109,0.6192,0.3852
12495,1142,723,34.587,34.328,0.0151,-0.0385,9.8167,0.5832,0.3616,-0.35
12500,1155,732,34.501,34.303,-0.0429,-0.1212,9.8312,1.1842,0.1729,-0.1299
12505,1147,735,34.6,34.348,-0.0526,0.0627,9.8026,0.6622,0.3497,0.0054
12510,1157,739,34.603,34.312,-0.0099,-0.0475,9.8462,-0.8111,-0.8097,-0.0149
12515,1167,750,34.612,34.348,0.0488,0.0339,9.8662,-0.0629,-0.272,-0.5617
12520,1170,756,34.629,34.334,-0.1205,0.0708,9.7661,1.0947,0.0398,0.3891
12525,1172,763,34.577,34.416,0.0377,0.014,9.8282,-0.1382,-0.2526,0.3838
12530,1181,767,34.589,34.39,-0.0627,-0.013,9.9193,0.7128,-0.1954,-0.2028
12535,1174,782,34.459,34.304,0.0728,0.054,9.8254,0.5062,-0.0885,-1.1565
12540,1181,787,34.519,34.396,0.0143,-0.0018,9.7886,-0.2764,-0.5533,0.0013
12545,1176,786,34.528,34.339,-0.0377,0.0605,9.8723,0.5569,0.2271,-0.7237
12550,1185,796,34.63,34.33,-0.0266,0.0274,9.8157,0.3518,0.3338,-0.196
12555,1187,810,34.496,34.265,0.1106,-0.0279,9.7951,0.3182,-0.1,0.3227
12560,1191,810,34.511,34.359,0.0308,-0.0157,9.7766,0.591,-0.6964,-0.9149
12565,1180,816,34.548,34.305,-0.0496,-0.0569,9.7394,-0.5721,-0.891,-0.9035
12570,1186,829,34.61,34.304,-0.0558,-0.0723,9.784,-0.4063,0.3027,0.4848
12575,1189,835,34.612,34.361,0.0729,-0.0045,9.852,0.0807,-0.3404,-0.3764
12580,1191,835,34.501,34.334,0.0235,-0.0258,9.8523,0.5105,0.2413,-0.6833
12585,1189,844,34.521,34.389,0.083,-0.0524,9.8145,-0.1478,-1.1873,-0.0345
12590,1188,853,34.566,34.264,0.1154,-0.0186,9.8466,0.8092,-0.0236,0.8042
12595,1188,857,34.551,34.359,-0.0811,-0.0269,9.865,-0.0646,-0.6039,-0.0879
12600,1179,860,34.533,34.419,0.087,0.0171,9.7913,0.44,-0.3319,-0.8606
12605,1191,862,34.553,34.339,0.1036,-0.0153,9.8807,-0.6324,-0.0415,0.4153
12610,1189,867,34.619,34.329,-0.0294,0.0579,9.746,-0.5427,-1.5202,-0.5123
12615,1176,876,34.51,34.375,0.01,-0.0148,9.7288,0.0874,-0.1756,0.0267
12620,1176,879,34.547,34.323,-0.0341,0.0551,9.7638,0.4026,-0.1252,-0.1493
12625,1171,884,34.619,34.333,0.1428,-0.0928,9.8259,-0.1185,-0.0799,0.3549
12630,1167,886,34.603,34.329,-0.0087,-0.0378,9.7201,-0.6975,-0.1758,-0.6988
12635,1166,890,34.59,34.431,0.0047,0.0457,9.7988,-0.0515,1.8237,-0.0552
12640,1155,890,34.676,34.334,0.0688,0.0211,9.7763,0.3969,0.463,0.1967
12645,1161,896,34.603,34.27,0.0404,-0.0058,9.8701,-0.581,0.8521,-0.0679
12650,1157,897,34.578,34.367,0.0118,0.0043,9.7656,-0.0339,-0.2346,0.0139
12655,1141,901,34.596,34.274,0.0484,-0.0455,9.793,-0.262,0.1106,-0.6914
12660,1148,899,34.534,34.367,-0.0481,0.043,9.729,0.2344,-0.2778,-0.0142
12665,1145,908,34.606,34.333,-0.0178,0.0036,9.7672,0.3665,0.4441,-0.6366
12670,1134,910,34.543,34.275,-0.1183,0.0085,9.7851,-0.2259,1.6319,-0.0338
12675,1146,908,34.618,34.306,0.0872,0.0204,9.7182,-0.3818,-0.2902,-0.225
12680,1140,910,34.638,34.429,0.0072,0.0322,9.7904,0.6329,0.6522,-0.6217
12685,1133,910,34.472,34.239,-0.0983,0.0208,9.7891,-0.532,-0.8039,0.0372
12690,1121,911,34.592,34.259,0.0145,-0.1003,9.799,0.3498,-0.01,-0.4701
12695,1130,913,34.559,34.327,-0.0263,-0.0196,9.7679,-0.8173,-0.2402,-0.2577
12700,1123,908,34.577,34.294,-0.0699,0.0214,9.8193,-0.0322,0.3221,0.431
12705,1122,903,34.566,34.323,-0.0283,-0.0102,9.8473,0.8968,-0.07,-0.4514
12710,1120,912,34.436,34.368,-0.016,0.0073,9.8051,-0.2725,0.7003,0.6865
12715,1110,914,34.622,34.427,0.0211,0.0072,9.7657,-0.3318,-0.044,-0.2692
12720,1113,908,34.576,34.366,-0.0391,0.0183,9.7813,-0.788,-0.985,-0.8926
12725,1108,906,34.657,34.336,-0.0294,0.0526,9.8599,0.1451,-0.3777,0.0204
12730,1107,904,34.596,34.317,0.0683,0.0112,9.8149,0.0622,0.5854,-0.3457
12735,1104,903,34.497,34.396,-0.0897,0.1048,9.8792,0.759,-0.586,0.5113
12740,1107,902,34.625,34.36,0.0381,0.0026,9.786,0.4874,-0.2156,0.2666
12745,1100,907,34.645,34.27,0.0589,-0.0105,9.83,-0.1857,0.2525,-0.3156
12750,1092,896,34.509,34.291,0.0515,0.0235,9.8169,0.3729,0.2012,-0.0976
12755,1091,902,34.57,34.314,-0.04,-0.1105,9.7295,0.2134,0.34,0.4025
12760,1101,896,34.535,34.313,-0.0066,0.0306,9.9397,0.619,0.402,0.8291
12765,1080,895,34.646,34.295,-0.0823,0.083,9.7423,0.6917,0.3671,-0.3869
12770,1093,895,34.476,34.31,0.0108,0.0119,9.803,-0.1742,-0.1751,-0.1996
12775,1086,892,34.516,34.311,-0.0199,0.0242,9.8387,0.0732,0.4861,0.4276
12780,1087,896,34.601,34.251,-0.037,0.018,9.8012,-0.5654,0.8441,-0.608
12785,1085,890,34.559,34.261,-0.0091,-0.0338,9.8299,0.0701,-0.0381,-0.1297
12790,1079,890,34.552,34.319,0.0175,0.0003,9.7931,0.7917,-1.1382,1.155
12795,1079,881,34.571,34.336,0.0564,-0.0797,9.8066,-0.0159,0.3453,0.5222
12800,1074,882,34.535,34.309,0.0168,0.0574,9.8265,-0.2819,-0.438,0.6838
12805,1076,882,34.582,34.313,0.0915,0.0578,9.7642,0.2493,0.8007,-0.9146
12810,1069,886,34.57,34.385,0.0052,0.0105,9.7702,0.0703,-0.5188,0.1753
12815,1070,878,34.561,34.251,-0.0481,0.0176,9.8274,-0.0442,0.2341,0.1189
12820,1073,877,34.535,34.291,0.0245,0.0154,9.7966,-0.8279,0.0559,-0.0603
12825,1070,874,34.677,34.257,-0.0073,-0.007,9.7776,-0.3877,-0.7958,-1.0803
12830,1064,873,34.555,34.343,0.0421,-0.0197,9.8828,0.664,0.5616,-0.4228
12835,1060,875,34.514,34.307,-0.0169,0.0522,9.7684,0.1094,-0.2727,-0.0338
12840,1056,870,34.575,34.304,-0.1109,-0.0477,9.7205,0.2749,-0.6414,-0.0284
12845,1053,871,34.508,34.327,0.0546,-0.0271,9.8673,-0.0502,-0.0118,0.7673
12850,1052,865,34.56,34.357,-0.0681,-0.0278,9.7483,-0.4476,-0.2392,0.0806
12855,1038,865,34.517,34.328,-0.0542,0.0237,9.7926,0.3567,-0.906,0.2492
12860,1046,861,34.556,34.396,-0.0289,-0.0176,9.8395,-0.1091,0.4041,-0.6501
12865,1030,856,34.593,34.307,0.0137,0.0608,9.7653,0.1954,0.2515,0.0183
12870,1032,864,34.552,34.311,0.0829,-0.099,9.8876,-0.6303,0.4774,-0.2839
12875,1019,858,34.557,34.368,0.0318,-0.0285,9.8414,0.9147,0.5024,0.4472
12880,1022,859,34.613,34.391,-0.0269,-0.009,9.8266,0.1204,-0.3098,0.7983
12885,1009,858,34.588,34.287,-0.0192,-0.038,9.8433,-0.5181,0.1831,-0.1683
12890,1007,854,34.425,34.365,0.0336,0.0899,9.7928,0.1935,-0.2961,-0.4401
12895,1001,855,34.574,34.371,0.0522,0.0021,9.8075,0.5464,0.0771,-0.6845
12900,995,853,34.553,34.318,-0.0592,-0.0189,9.8163,0.4193,0.1271,0.317
12905,991,850,34.621,34.334,-0.0264,-0.0175,9.7965,0.071,1.138,-0.4008
12910,981,849,34.517,34.315,0.0151,0.1292,9.9272,-0.1683,-0.547,-0.6271
12915,972,855,34.616,34.295,0.0626,0.1249,9.79,-0.3059,-0.2709,-0.4216
12920,961,846,34.618,34.291,0.0031,-0.0805,9.7591,-0.4561,-0.5472,-0.3365
12925,957,843,34.529,34.435,0.0332,0.0309,9.7379,-0.2557,0.4069,0.6121
12930,950,846,34.538,34.374,-0.0061,0.0284,9.7558,-0.6686,-0.534,-0.6202
12935,940,846,34.532,34.301,0.0068,0.0615,9.8561,0.821,0.2782,-0.6192
12940,933,837,34.606,34.392,0.0042,0.0784,9.7936,-0.2477,0.7398,-0.1534
12945,922,839,34.524,34.33,-0.0604,0.0513,9.7749,-0.5512,-1.1375,-0.3386
12950,908,843,34.569,34.233,-0.059,-0.0477,9.8258,-0.2607,-0.7803,0.5456
12955,903,837,34.631,34.25,0.0775,0.0444,9.7883,-0.252,0.0538,0.028
12960,904,838,34.623,34.34,0.0241,0.0563,9.7685,0.4638,-0.318,-0.5802
12965,883,831,34.503,34.373,-0.0148,-0.0038,9.8665,-0.3816,-0.2711,-0.2596
12970,884,834,34.572,34.269,0.0326,0.0816,9.7787,0.246,-0.1367,1.2781
12975,868,833,34.595,34.387,-0.0082,0.0071,9.8392,0.1223,0.3972,-0.1768
12980,863,835,34.554,34.35,0.0186,-0.0216,9.8287,0.7263,0.6838,-0.1234
12985,853,825,34.572,34.325,-0.0659,0.0461,9.7139,0.1205,-0.1209,0.1343
12990,852,819,34.656,34.386,-0.0544,0.0253,9.8054,-0.461,0.1875,-1.196
12995,837,818,34.512,34.281,-0.08,0.1539,9.7913,0.8961,0.502,0.0171
13000,835,823,34.586,34.364,0.0064,-0.0951,9.8656,-0.2136,0.6677,-0.4398
13005,823,807,34.562,34.305,-0.0115,-0.0161,9.7518,0.774,-0.4404,-0.1836
13010,805,808,34.543,34.272,-0.0412,-0.0675,9.8118,-0.464,0.036,0.4317
13015,799,806,34.661,34.316,-0.0664,0.0137,9.7745,1.2655,0.1582,0.6434
13020,790,801,34.598,34.305,-0.0244,0.0513,9.8077,0.2318,0.2791,-0.8094
13025,798,798,34.554,34.303,-0.0728,-0.0492,9.7879,-0.5878,0.3831,0.5107
13030,783,790,34.48,34.31,0.045,0.0126,9.8307,0.5835,-0.0699,0.5946
13035,788,793,34.53,34.458,0.0639,0.0312,9.8066,-0.5042,0.2179,0.324
13040,776,790,34.648,34.294,-0.1178,-0.0148,9.7282,-0.1162,-0.0132,-0.1835
13045,767,786,34.546,34.326,-0.0278,0.0431,9.7785,0.1655,-0.2262,0.0651
13050,759,777,34.575,34.317,0.0291,0.0251,9.8803,-0.5452,-0.778,0.0321
13055,757,771,34.643,34.305,-0.0659,-0.0578,9.7983,0.019,-0.074,-0.3275
13060,750,767,34.46,34.342,0.0342,-0.0023,9.697,0.7918,-0.6104,0.3598
13065,760,762,34.564,34.357,-0.1603,-0.0233,9.8425,0.3068,0.4001,-0.2122
13070,746,756,34.588,34.454,-0.0306,0.0284,9.7813,-0.2807,-0.4423,0.5992
13075,748,755,34.515,34.31,-0.0042,0.0151,9.8796,0.0817,1.3998,0.217
13080,745,748,34.589,34.311,-0.0595,-0.0163,9.8415,-0.5502,-1.0462,1.1302
13085,744,747,34.574,34.331,0.0279,0.051,9.8139,-0.3475,0.4825,-1.6328
13090,745,744,34.647,34.352,0.0407,-0.0163,9.761,1.1558,0.3906,0.2161
13095,741,733,34.634,34.334,-0.0229,0.047,9.7844,0.4586,0.92,-0.1523
13100,742,729,34.585,34.353,-0.026,-0.0172,9.7744,-0.1605,0.0216,0.2274
13105,748,722,34.634,34.313,0.014,-0.017,9.7736,0.9031,0.3481,-0.0981
13110,743,722,34.602,34.35,-0.0949,0.0757,9.8598,-0.373,0.2281,0.6669
13115,754,709,34.579,34.418,-0.0013,-0.0697,9.7754,0.0195,-0.8107,-0.0418
13120,756,709,34.566,34.347,-0.0354,-0.02,9.7356,0.3346,-0.6284,-0.1027
13125,766,703,34.505,34.371,-0.0373,0.0253,9.849,1.046,0.1286,-1.0356
13130,764,696,34.535,34.257,0.067,-0.035,9.8256,-0.1553,0.1254,0.5115
13135,775,697,34.551,34.346,0.0499,0.008,9.8039,-0.2151,0.0928,0.0797
13140,780,691,34.567,34.489,0.0135,-0.0318,9.7841,0.1008,-0.4736,0.3839
13145,793,687,34.683,34.274,0.0495,0.0441,9.7795,-0.7167,-0.3478,-0.1334
13150,787,683,34.553,34.284,-0.0439,-0.093,9.8024,-0.7932,-0.0458,-0.4679
13155,799,678,34.577,34.519,-0.0108,-0.0319,9.8397,0.957,-0.5497,0.0713
13160,798,673,34.608,34.321,-0.0683,-0.0586,9.8686,0.97,0.1952,0.2358
13165,816,669,34.58,34.328,0.0651,-0.0022,9.8023,1.3306,-0.0785,0.25
13170,835,669,34.513,34.325,-0.0392,-0.1,9.8147,-0.2239,0.4373,0.3218
13175,833,663,34.506,34.294,0.0023,0.0393,9.7789,-0.5866,-0.1417,-0.1043
13180,839,660,34.63,34.312,-0.0835,-0.0135,9.817,0.9081,0.546,0.7818
13185,853,653,34.581,34.328,0.0222,-0.0643,9.8765,1.0395,0.2762,0.666
13190,864,656,34.462,34.328,0.0211,-0.0203,9.7868,0.4235,0.0902,-0.6148
13195,864,659,34.499,34.316,0.0146,0.0401,9.8209,0.1232,-0.3404,-0.4446
13200,883,657,34.603,34.43,-0.0038,-0.0366,9.8048,0.6266,0.7525,-0.2482
13205,888,655,34.621,34.215,0.0158,-0.1033,9.7749,0.0353,-0.021,0.1359
13210,899,657,34.557,34.376,-0.0139,-0.0205,9.8035,-0.4817,0.0678,-0.2297
13215,913,656,34.549,34.344,-0.091,0.039,9.8686,-0.3236,-0.5244,0.2924
13220,924,653,34.608,34.346,0.052,0.0077,9.8308,0.2017,0.702,0.3661
13225,949,649,34.52,34.347,0.0369,-0.0155,9.7995,0.6463,0.0755,0.3522
13230,947,651,34.598,34.349,0.0485,0.0927,9.779,0.5046,-0.4282,0.8329
13235,965,654,34.622,34.381,0.017,0.0233,9.871,0.6005,0.2006,-1.0888
13240,979,648,34.565,34.355,0.049,-0.0133,9.8671,-0.1246,-0.4201,0.449
13245,988,652,34.639,34.32,0.028,-0.0051,9.7941,0.3754,-0.4279,-0.0493
13250,1000,657,34.568,34.29,0.0716,-0.0194,9.8622,-0.3909,-0.2027,0.1815
13255,1018,662,34.54,34.333,-0.0837,-0.0571,9.8423,-0.4671,-0.7223,-0.3556
13260,1026,657,34.557,34.357,-0.0338,0.0227,9.8263,0.4273,0.0295,0.4747
13265,1027,663,34.561,34.277,0.0138,0.02,9.8262,0.4484,-0.0829,0.2793
13270,1042,663,34.665,34.43,-0.0145,0.0305,9.9412,-0.5307,0.1496,0.2607
13275,1044,671,34.668,34.26,0.0467,0.0324,9.764,-0.1877,-0.2166,-1.0005
13280,1066,679,34.562,34.325,0.019,-0.0114,9.8207,-0.2637,0.1918,0.5227
13285,1077,684,34.577,34.311,-0.0211,0.0059,9.8428,-0.0672,0.1472,0.2119
13290,1091,687,34.518,34.203,0.0292,0.0937,9.7829,-0.2365,0.3188,-0.2178
13295,1091,690,34.512,34.305,0.0411,0.0122,9.7816,-0.0342,0.8074,-0.8686
13300,1105,697,34.626,34.353,-0.0412,-0.011,9.8366,-0.8362,0.3899,-0.9281
13305,1104,701,34.635,34.374,-0.0305,0.1168,9.8114,-0.6267,0.7221,0.5037
13310,1121,702,34.651,34.401,-0.012,-0.0158,9.7727,-0.3579,-0.2099,0.571
13315,1136,708,34.594,34.317,0.0339,-0.0257,9.9255,0.2737,-0.1609,0.5668
13320,1131,724,34.593,34.328,0.0255,-0.0608,9.7453,-0.3366,-0.1945,0.0191
13325,1141,727,34.631,34.33,-0.0122,-0.0095,9.7809,0.1181,0.1074,0.2362
13330,1143,726,34.524,34.342,-0.0332,-0.0016,9.8658,-0.9539,-0.6504,-0.0867
13335,1155,738,34.567,34.342,-0.0214,-0.0138,9.8364,0.9452,0.4615,-0.1176
13340,1159,745,34.575,34.32,-0.0101,-0.0204,9.6691,0.1494,0.3226,-0.4482
13345,1167,752,34.561,34.323,0.1643,-0.0294,9.7897,-0.2479,1.1309,-0.1689
13350,1164,754,34.52,34.308,0.0618,-0.0023,9.7848,0.7211,-0.0567,0.1235
13355,1174,768,34.533,34.39,-0.0118,-0.0497,9.8837,0.6714,-0.1381,0.265
13360,1176,770,34.509,34.395,0.0248,-0.0174,9.8585,0.1383,-0.2605,-0.1751
13365,1177,778,34.56,34.334,0.0287,0.0533,9.8082,-0.6881,-0.6262,0.8099
13370,1179,785,34.578,34.324,0.1003,-0.0536,9.7568,-0.3916,0.7586,0.1209
13375,1183,791,34.547,34.325,-0.0048,0.0712,9.8906,-0.1905,0.4847,0.3153
13380,1182,799,34.531,34.364,-0.0716,0.0201,9.7046,0.7853,0.214,-0.4355
13385,1189,807,34.613,34.378,-0.0129,0.1143,9.8765,-0.5112,-1.914,-0.0374
13390,1197,813,34.558,34.311,0.0386,-0.0124,9.8509,-0.0185,0.7005,0.11
13395,1188,819,34.628,34.316,-0.0046,0.0056,9.793,0.4723,0.2762,-0.0588
13400,1191,825,34.685,34.274,-0.0108,-0.0505,9.6929,-0.163,0.0253,0.0919
13405,1185,832,34.588,34.372,-0.0233,0.0137,9.8037,-0.2073,-0.5061,-0.3832
13410,1185,834,34.545,34.377,-0.0408,0.029,9.8324,-0.7733,0.2202,-0.7566
13415,1195,847,34.521,34.266,0.0415,0.0298,9.8139,-0.9422,0.0966,0.0553
13420,1189,850,34.585,34.345,-0.0169,-0.0338,9.8576,1.0655,0.4103,0.8063
13425,1184,855,34.653,34.318,-0.0199,0.0082,9.7962,-0.3065,0.1219,-0.1761
13430,1184,856,34.538,34.314,-0.0006,0.0253,9.7597,0.1023,0.1714,-0.5783
13435,1174,865,34.54,34.309,0.0126,0.0756,9.8516,0.7681,-0.2647,-0.1663
13440,1189,869,34.6,34.335,0.0979,-0.1086,9.7859,0.5802,0.4027,0.1779
13445,1178,877,34.537,34.438,-0.0002,-0.0469,9.7393,-0.4906,0.8618,0.643
13450,1168,878,34.586,34.261,0.0256,0.0388,9.8048,0.4521,0.169,0.3056
13455,1167,882,34.534,34.272,-0.0407,-0.1241,9.8692,-0.4497,0.3055,0.244
13460,1167,885,34.507,34.331,0.0539,0.0298,9.837,0.6587,0.2077,0.6098
13465,1160,889,34.507,34.289,-0.1787,0.1058,9.7891,0.9837,0.5725,-0.0374
13470,1164,896,34.65,34.385,-0.0255,-0.0229,9.8279,-0.998,1.2119,0.8604
13475,1155,892,34.574,34.296,0.1256,-0.0734,9.8318,-0.1684,0.8304,-1.2108
13480,1156,904,34.596,34.232,0.0258,0.0366,9.855,0.7881,0.152,-0.6475
13485,1155,900,34.537,34.359,-0.0038,-0.0212,9.8454,0.7468,-1.5382,-0.167
13490,1146,903,34.581,34.312,0.0557,0.0727,9.8337,-0.5818,-0.0819,-0.1333
13495,1147,904,34.532,34.402,0.0844,0.057,9.7933,-0.3241,-0.7445,-0.5307
13500,1142,911,34.575,34.371,0.0763,-0.0293,9.8409,0.343,0.1514,0.592
13505,1135,912,34.666,34.389,-0.0681,0.0086,9.7485,-0.0087,0.7428,-0.0028
13510,1137,909,34.548,34.367,0.0925,-0.0005,9.8142,1.3193,-0.2553,0.7424
13515,1137,909,34.57,34.363,0.0364,-0.0142,9.8312,0.5829,0.4766,-0.2263
13520,1121,915,34.547,34.24,-0.0031,0.0441,9.7803,-1.4072,-0.3323,0.1552
13525,1140,912,34.601,34.414,-0.0061,-0.0465,9.7815,0.3235,0.207,-0.0131
13530,1122,909,34.6,34.323,0.0616,0.0273,9.8327,-0.2489,0.4019,-0.7562
13535,1124,908,34.579,34.314,0.014,0.0349,9.7645,0.088,-0.1288,0.3552
13540,1119,908,34.511,34.232,-0.0184,-0.019,9.8506,0.4987,0.0843,-0.1679
13545,1111,912,34.531,34.35,0.0369,0.0458,9.7934,-0.0214,-0.0107,0.0601
13550,1108,909,34.557,34.265,-0.1091,-0.025,9.8062,0.4699,0.0793,-1.1336
13555,1113,912,34.612,34.397,0.0135,-0.0618,9.7904,0.0046,0.1226,0.3553
13560,1099,900,34.535,34.347,0.0452,0.0937,9.7606,-0.3953,-0.0796,-0.6341
13565,1103,906,34.556,34.294,0.0599,-0.0776,9.8309,0.6523,0.1656,-0.2159
13570,1098,905,34.548,34.443,-0.1101,-0.0255,9.7667,-0.5183,-0.003,-0.2056
13575,1097,903,34.545,34.356,0.0483,-0.0846,9.7927,1.1889,-0.1011,-0.2832
13580,1094,901,34.523,34.373,0.0003,0.0235,9.7727,-0.2154,0.219,-0.534
13585,1100,901,34.617,34.247,-0.0437,-0.0307,9.9234,0.3147,0.3278,-0.2733
13590,1095,903,34.504,34.357,0.1512,0.0105,9.7497,-0.7327,0.5773,-0.8419
13595,1100,894,34.493,34.357,-0.0778,0.0195,9.8957,-0.0949,-0.7212,-0.3576
13600,1094,896,34.634,34.345,-0.0353,-0.0407,9.814,-0.262,-0.6834,0.4587
13605,1091,892,34.532,34.278,0.0158,-0.0186,9.8469,0.2674,0.1032,-0.2186
13610,1086,896,34.593,34.241,0.0096,0.1281,9.7499,0.1543,0.3473,0.7072
13615,1088,884,34.561,34.313,0.0055,0.0629,9.8688,0.5339,-0.1674,0.3566
13620,1080,887,34.5,34.416,0.0592,-0.0078,9.7711,0.009,-0.082,-0.212
13625,1082,885,34.648,34.341,-0.0029,0.0084,9.8594,-0.6821,0.1207,-0.1364
13630,1074,884,34.589,34.238,0.1101,-0.0118,9.7688,0.1708,0.3274,-0.0677
13635,1071,885,34.589,34.335,-0.0237,-0.0234,9.7497,-0.2238,0.5617,0.3371
13640,1070,881,34.552,34.438,0.0012,0.04,9.8389,-0.7156,0.4473,-0.5233
13645,1063,879,34.563,34.34,-0.0483,-0.0065,9.7051,0.5384,-0.8206,1.136
13650,1070,880,34.533,34.349,-0.0468,-0.0227,9.7786,0.1849,0.6374,-0.7387
13655,1061,872,34.608,34.349,0.0492,-0.0416,9.8372,0.0617,0.0776,0.2505
13660,1057,875,34.551,34.282,0.0868,-0.0702,9.7128,-0.0307,0.0091,0.6583
13665,1059,872,34.513,34.314,-0.012,0.0446,9.7422,0.2963,-0.2174,-0.4816
13670,1053,871,34.536,34.398,0.037,0.0268,9.8365,0.9416,0.2336,0.9087
13675,1054,867,34.63,34.376,0.0143,-0.0325,9.8608,-0.012,-0.1939,-0.7556
13680,1041,865,34.603,34.285,-0.0963,0.0395,9.8706,0.2581,-0.248,0.2856
13685,1043,869,34.545,34.334,-0.0532,0.0012,9.8341,-0.2954,-0.7519,-0.4193
13690,1043,862,34.585,34.306,0.0393,-0.0965,9.7825,0.4565,0.1471,0.3332
13695,1025,862,34.544,34.391,0.0238,0.0149,9.824,0.1765,-0.6216,0.4275
13700,1030,863,34.578,34.338,0.0317,0.0313,9.7848,0.2448,0.3827,-0.0896
13705,1027,862,34.51,34.335,0.0666,-0.0004,9.7742,-0.003,0.2754,-0.5768
13710,1008,856,34.564,34.395,0.0025,0.0659,9.6709,0.1748,0.2425,0.0494
13715,1007,863,34.589,34.449,0.0254,-0.0416,9.8203,0.3464,0.2497,-0.122
13720,1005,859,34.62,34.323,0.0049,0.0244,9.795,0.0382,0.6409,0.6164
13725,1002,856,34.501,34.39,-0.0244,-0.0449,9.7916,0.3693,0.149,0.5432
13730,993,850,34.549,34.336,-0.0007,-0.029,9.8795,0.0794,0.6316,0.1536
13735,993,852,34.602,34.359,0.0357,0.0639,9.7135,0.4358,-0.2441,-0.3141
13740,978,851,34.532,34.336,0.0202,0.0074,9.8249,0.5559,-0.2413,0.5348
13745,972,849,34.597,34.319,-0.0036,-0.0017,9.7933,-0.4092,0.1408,0.9028
13750,965,847,34.583,34.339,-0.0006,-0.0823,9.7659,-0.1809,-0.4591,0.4992
13755,958,848,34.593,34.391,0.0162,-0.0366,9.7777,0.0231,-0.1516,-0.937
13760,945,846,34.604,34.323,-0.0158,0.0072,9.8699,0.1228,0.4205,-0.4538
13765,938,843,34.564,34.328,0.0545,-0.008,9.8405,0.0014,-0.8344,0.1639
13770,931,848,34.682,34.259,-0.0578,-0.0438,9.824,0.3417,0.189,0.3915
13775,923,841,34.564,34.379,0.0255,0.0235,9.8751,0.153,-0.5773,-0.3123
13780,911,835,34.572,34.245,0.0482,0.012,9.802,0.1533,-0.2896,-0.1986
13785,898,840,34.639,34.364,0.033,-0.0326,9.8018,-0.3036,0.122,0.0772
13790,895,838,34.594,34.336,-0.0009,-0.0586,9.7923,-0.6237,0.2828,-0.1634
13795,885,836,34.589,34.36,-0.0093,-0.1248,9.9179,0.0122,0.1652,0.1082
13800,874,829,34.543,34.301,-0.0445,0.009,9.844,0.5309,0.7695,0.1072
13805,872,825,34.52,34.403,0.0418,0.0254,9.8154,0.1135,-0.2965,0.4018
13810,863,827,34.615,34.263,0.0397,-0.0239,9.8018,-0.0604,-0.262,0.1226
13815,859,821,34.596,34.353,-0.0169,0.0076,9.8504,0.1926,0.0945,-0.4885
13820,844,817,34.551,34.379,0.0067,0.0569,9.7157,-0.273,0.0683,0.3294
13825,838,818,34.575,34.366,0.0827,-0.0238,9.8133,-0.0255,-0.7155,-0.0991
13830,835,819,34.463,34.343,0.047,0.0126,9.8223,-0.3001,0.3191,1.2566
13835,816,817,34.619,34.266,0.0079,-0.0326,9.8665,-0.1951,-0.6894,-0.1833
13840,810,812,34.587,34.314,0.0366,-0.0211,9.8313,0.0175,0.2216,0.0961
13845,800,807,34.601,34.205,0.008,-0.0514,9.7828,-0.2857,0.11,-0.9056
13850,805,809,34.572,34.398,0.0917,0.0369,9.8347,0.0851,0.1556,0.9697
13855,798,802,34.66,34.29,-0.0146,-0.0395,9.932,0.1457,0.4217,0.4738
13860,786,792,34.612,34.453,-0.1177,0.0539,9.7638,-0.3105,-1.2589,0.4573
13865,783,792,34.553,34.365,0.0516,0.004,9.7605,0.5178,-0.3913,-0.1136
13870,773,785,34.601,34.268,0.0138,0.079,9.7291,-0.1735,0.3567,0.0712
13875,774,780,34.612,34.364,0.0043,-0.004,9.8286,-0.1446,-0.3704,0.2384
13880,765,776,34.586,34.406,0.0547,0.0494,9.8194,0.1795,-0.3589,-0.5106
13885,754,777,34.571,34.305,-0.0129,-0.0187,9.8737,0.1195,0.075,-0.5456
13890,768,769,34.563,34.349,-0.0068,-0.0313,9.762,0.8024,-0.0369,-0.5249
13895,755,760,34.678,34.348,-0.0456,0.0189,9.7193,-0.0953,-0.0521,0.1903
13900,760,762,34.6,34.321,0.0456,0.0022,9.8493,-0.6892,-0.3513,0.6966
13905,753,754,34.575,34.395,0.0223,-0.0133,9.8502,1.0659,-0.3917,0.4284
13910,752,750,34.635,34.277,0.0484,-0.0316,9.8557,0.1362,0.0659,-0.3473
13915,749,744,34.656,34.239,-0.0001,0.0333,9.8203,0.0893,-0.2403,-0.4442
13920,739,738,34.56,34.412,0.0965,-0.0077,9.7365,-0.4177,0.054,-1.1494
13925,741,733,34.604,34.433,-0.0482,0.0026,9.6509,0.6611,0.0004,-1.0197
13930,750,728,34.543,34.446,0.0511,-0.0482,9.7961,-0.3898,0.1051,-0.4831
13935,752,722,34.552,34.411,0.0137,0.0585,9.7991,0.1194,-0.023,0.3722
13940,757,717,34.572,34.297,0.0764,-0.003,9.8027,0.4443,-0.8829,-0.097
13945,753,713,34.545,34.212,-0.0085,-0.0969,9.7554,1.4306,0.8254,-0.0308
13950,767,700,34.531,34.295,-0.0702,0.0012,9.7942,0.2273,-0.433,0.0762
13955,761,702,34.648,34.442,0.0283,0.0448,9.8629,-0.1571,0.2011,0.0008
13960,760,694,34.568,34.29,-0.0304,-0.0174,9.85,0.2258,-0.0101,0.4276
13965,763,696,34.594,34.285,0.0201,0.0035,9.8513,-1.0006,-0.8262,-0.0472
13970,782,687,34.61,34.319,-0.0334,-0.0251,9.7765,-0.607,0.2932,-0.7658
13975,784,687,34.545,34.284,0.0519,-0.0434,9.844,0.6059,0.3907,0.871
13980,797,682,34.534,34.291,-0.026,0.0067,9.7876,0.5279,-0.4061,-1.2946
13985,802,677,34.538,34.355,-0.0011,0.0784,9.8104,-0.1838,-0.0082,-0.1262
13990,811,679,34.515,34.33,0.091,-0.0557,9.782,-0.3721,0.538,-0.1969
13995,809,673,34.625,34.337,-0.045,0.0633,9.7617,0.3044,-0.3507,-0.7555
14000,829,664,34.562,34.359,-0.0197,0.0126,9.8479,0.2335,0.294,-0.0639
14005,833,665,34.607,34.403,0.0574,0.0276,9.7163,-0.2405,-0.7594,-0.4575
14010,838,658,34.488,34.313,0.0345,0.0698,9.84,0.3245,-0.1801,0.3196
14015,853,657,34.515,34.331,-0.0017,-0.1013,9.7958,0.4533,0.0392,-0.3014
14020,871,651,34.58,34.293,-0.0303,-0.0191,9.8023,0.2876,-0.9571,-0.4194
14025,870,651,34.467,34.307,0.0233,0.0184,9.8083,0.9805,-0.5249,0.6945
14030,889,653,34.511,34.336,-0.0266,0.0161,9.8866,-0.2913,-0.2782,0.1529
14035,901,651,34.516,34.276,-0.0404,-0.0302,9.8142,-0.0859,0.1857,-0.1111
14040,898,654,34.557,34.319,-0.0238,-0.069,9.7919,-0.0313,-0.3415,-0.0979
14045,921,651,34.525,34.272,0.0005,0.0468,9.836,-0.0572,0.024,0.1899
14050,935,652,34.575,34.301,-0.0393,-0.0381,9.8002,0.0152,0.9305,0.0823
14055,935,652,34.569,34.316,0.003,-0.052,9.7588,-0.3423,-0.2151,-0.2769
14060,951,654,34.641,34.344,-0.0019,0.0048,9.8048,-0.3751,0.5033,-0.4253
14065,964,655,34.555,34.225,-0.0267,-0.0238,9.8349,0.3143,1.5682,-0.5544
14070,978,652,34.629,34.283,0.0596,0.018,9.8621,-0.3302,0.817,-0.6671
14075,987,652,34.618,34.338,-0.016,0.0114,9.7725,-0.5109,-0.8017,0.2221
14080,1011,659,34.588,34.353,-0.0464,-0.0346,9.7708,-0.3154,-0.1409,0.1537
14085,1008,659,34.594,34.335,-0.0696,0.018,9.7976,-0.0405,0.1377,-0.3118
14090,1028,657,34.597,34.38,-0.0638,-0.0048,9.8161,0.2763,-0.5038,0.3904
14095,1040,666,34.565,34.359,-0.0382,0.0904,9.7744,0.1115,-0.0368,0.2552
14100,1048,671,34.548,34.404,0.0008,0.0763,9.769,-0.7605,0.0054,0.0986
14105,1061,672,34.656,34.366,-0.0503,0.0445,9.7955,-0.5966,0.2303,0.5602
14110,1068,674,34.6,34.313,-0.0035,0.0841,9.8212,-0.2595,-0.9017,0.7906
14115,1076,681,34.552,34.369,0.033,0.0576,9.8674,-0.516,0.4269,-0.4366
14120,1087,687,34.443,34.307,-0.0349,0.0157,9.7936,0.4374,0.065,-0.214
14125,1098,689,34.557,34.366,0.0199,0.0167,9.802,-0.1091,-0.2369,0.1868
14130,1111,697,34.509,34.353,-0.0492,-0.0588,9.731,0.5108,-0.5422,0.5048
14135,1114,703,34.521,34.398,-0.0347,-0.0053,9.7754,0.2068,0.3321,0.7901
14140,1115,706,34.546,34.326,0.0211,0.0123,9.8222,-0.7227,-0.4525,-0.8735
14145,1118,712,34.576,34.397,0.0125,0.0485,9.7958,-0.4012,0.1439,-0.6638
14150,1137,722,34.58,34.181,0.0953,0.0128,9.8226,-0.2089,-0.0018,0.861
14155,1150,729,34.555,34.339,-0.0029,-0.016,9.789,0.1183,-0.4343,-0.219
14160,1145,726,34.548,34.394,-0.0409,-0.0149,9.7599,0.2555,0.5219,-0.0699
14165,1154,741,34.5,34.322,0.0504,-0.003,9.8248,0.3781,0.9136,-0.2405
14170,1156,748,34.531,34.324,0.0008,0.0721,9.8496,-0.1652,0.6674,-0.6934
14175,1160,754,34.531,34.465,0.0072,-0.0324,9.7516,0.8424,0.4003,0.4336
14180,1165,761,34.449,34.369,-0.084,-0.023,9.7754,0.1335,-0.0537,-0.3306
14185,1172,770,34.551,34.424,0.0479,0.0189,9.8354,-0.3433,0.0914,0.736
14190,1178,774,34.595,34.338,0.0287,-0.029,9.7674,0.2852,-0.3459,0.2408
14195,1173,777,34.506,34.368,-0.0145,0.0715,9.7766,0.0798,0.388,-0.7721
14200,1168,782,34.591,34.339,0.1284,0.0166,9.7467,-0.1248,0.4017,-0.1881
14205,1180,791,34.541,34.334,-0.066,-0.0897,9.8135,0.7067,0.3967,0.1641
14210,1189,800,34.594,34.319,0.0812,0.0415,9.8729,0.3063,-0.0789,-0.5037
14215,1181,809,34.696,34.419,0.0529,-0.0429,9.8698,-0.7895,-0.3763,0.2706
14220,1187,815,34.546,34.349,0.0247,-0.0231,9.7655,0.1176,-0.6269,0.9824
14225,1182,824,34.604,34.322,-0.0218,0.0465,9.8018,-0.2044,-0.038,0.3616
14230,1181,831,34.472,34.253,0.0182,0.0428,9.7716,0.8834,-0.1301,0.219
14235,1188,833,34.497,34.406,-0.0235,0.0093,9.7404,-1.3221,-0.0138,-0.1318
14240,1186,840,34.561,34.379,0.0413,0.0751,9.7552,0.9689,1.252,0.4176
14245,1188,844,34.607,34.26,-0.0803,-0.0521,9.7813,0.0199,0.1055,1.2313
14250,1186,850,34.577,34.478,-0.0039,0.0517,9.7855,-0.0559,-0.0221,0.5367
14255,1177,857,34.502,34.286,-0.0957,0.0117,9.8555,-0.2357,0.4902,0.1
14260,1186,869,34.612,34.262,-0.0343,0.0107,9.8037,0.2697,-0.3769,-0.6302
14265,1173,865,34.581,34.317,-0.0446,0.0597,9.7575,0.4694,-0.4973,0.0506
14270,1169,867,34.554,34.28,0.0475,-0.056,9.77,-0.1744,-0.2828,-0.1881
14275,1185,872,34.532,34.423,-0.0735,0.0139,9.7454,-0.2401,-0.2186,0.6541
14280,1177,879,34.559,34.334,0.0169,0.0973,9.764,0.5382,-0.0312,0.2962
14285,1174,885,34.539,34.358,0.0186,0.0883,9.8307,0.3626,0.3289,0.232
14290,1169,891,34.531,34.301,0.0546,0.0271,9.8491,0.9381,0.2529,0.7151
14295,1169,888,34.586,34.447,-0.0117,0.0245,9.8318,-0.7861,0.4872,-0.553
14300,1159,895,34.642,34.239,-0.0176,0.0705,9.8639,0.29,-0.2593,-0.407
14305,1168,892,34.658,34.343,0.0297,0.0585,9.7115,0.2527,0.9199,-0.2479
14310,1162,897,34.565,34.273,0.0845,0.1591,9.8678,-0.2629,-0.468,-0.123
14315,1149,907,34.587,34.294,-0.0614,0.0448,9.8019,-0.1811,-0.488,0.4142
14320,1140,904,34.552,34.344,-0.0352,-0.072,9.8006,1.5226,-0.7613,-0.0416
14325,1150,907,34.579,34.328,-0.023,0.0321,9.7582,0.456,0.3617,0.4576
14330,1137,906,34.537,34.283,-0.0206,-0.0276,9.7829,0.2626,0.3734,0.4459
14335,1140,902,34.623,34.321,0.032,-0.0876,9.8709,0.1966,-0.3539,0.0009
14340,1139,911,34.491,34.372,-0.0776,-0.0192,9.7597,-0.5631,-0.477,0.1607
14345,1125,910,34.575,34.284,0.1147,-0.0265,9.7729,0.2216,0.6359,0.1656
14350,1123,911,34.6,34.408,-0.0661,0.0389,9.8521,1.2905,0.4281,0.0387
14355,1123,916,34.589,34.381,-0.1289,-0.0229,9.7836,-0.5571,0.2375,0.173
14360,1128,914,34.627,34.383,-0.0267,-0.0503,9.8906,0.6869,-0.2982,-0.6588
14365,1123,908,34.689,34.334,-0.07,0.0089,9.8246,0.1591,0.0192,-0.6038
14370,1115,909,34.63,34.274,0.0349,0.0287,9.7948,0.0432,-0.2363,-0.092
14375,1115,907,34.494,34.357,0.0347,0.0225,9.8464,-0.4567,0.4161,-0.1985
14380,1106,911,34.547,34.355,-0.04,0.0137,9.815,-0.4925,0.03,-0.4659
14385,1109,908,34.534,34.408,0.0223,0.0458,9.8077,0.0989,-0.6594,0.1871
14390,1105,907,34.533,34.445,0.0405,0.0283,9.8343,0.0032,-0.2039,0.3146
14395,1108,910,34.63,34.335,0.0472,-0.014,9.7858,0.7258,-0.0279,-0.3859
14400,1104,908,34.61,34.457,0.0685,-0.0309,9.8311,-0.0073,0.4695,-0.3333
14405,1097,903,34.512,34.361,0.005,0.0078,9.7314,0.6539,0.4164,0.8994
14410,1094,901,34.61,34.381,0.0662,-0.0167,9.8591,0.0683,0.3082,0.0637
14415,1088,903,34.568,34.354,0.0382,0.0088,9.8227,-0.6046,0.086,0.0098
14420,1092,899,34.447,34.357,0.0132,0.003,9.8899,-0.234,-0.9988,0.2217
14425,1092,900,34.576,34.362,-0.0076,-0.0069,9.798,-0.4199,-0.2544,-0.3148
14430,1094,891,34.592,34.325,-0.0539,-0.0504,9.8075,-0.051,-0.9042,-0.0347
14435,1083,891,34.594,34.272,-0.0108,0.0892,9.7858,-0.0618,-0.2965,-0.4995
14440,1089,888,34.502,34.29,0.0271,-0.042,9.7993,-0.4307,0.2816,0.2745
14445,1089,888,34.605,34.221,0.0538,-0.0302,9.8503,-0.8017,-0.4301,-0.1002
14450,1078,888,34.577,34.363,-0.0324,-0.0385,9.8427,0.8262,-0.4549,-0.255
14455,1071,885,34.532,34.349,0.0294,-0.0149,9.8641,-0.454,-0.1479,0.543
14460,1079,885,34.517,34.289,0.0294,-0.0301,9.8453,-0.3256,-0.7136,0.2874
14465,1066,884,34.56,34.434,-0.0297,-0.0059,9.8194,1.1587,0.0114,-0.4385
14470,1074,880,34.592,34.331,0.0029,0.0217,9.8267,-0.4247,0.0465,0.1111
14475,1068,880,34.6,34.268,0.0479,-0.0231,9.8891,0.9008,-0.8918,-0.4412
14480,1065,876,34.572,34.343,0.0264,-0.012,9.8113,0.0554,0.5764,-0.2789
14485,1061,872,34.662,34.408,-0.0006,0.059,9.8637,-0.4116,0.9418,-0.5205
14490,1061,877,34.607,34.351,-0.1151,0.0371,9.8296,0.4702,0.0774,0.6256
14495,1059,875,34.492,34.325,-0.0339,-0.0736,9.7937,-0.4703,-0.3432,0.7313
14500,1058,866,34.572,34.416,0.0181,-0.0254,9.8879,0.3209,-0.1975,0.64
14505,1049,861,34.597,34.246,-0.0303,-0.0365,9.7868,-0.6979,-0.0129,1.136
14510,1047,863,34.656,34.352,-0.0061,-0.0556,9.8346,-0.4382,0.2497,0.265
14515,1040,865,34.594,34.281,-0.0175,0.0704,9.7572,0.2092,-0.0421,-1.1453
14520,1033,861,34.593,34.296,0.0092,-0.0159,9.8505,-0.0303,0.1458,-0.0263
14525,1034,861,34.597,34.336,-0.0382,-0.0025,9.7751,-0.0634,0.0323,-0.2888
14530,1035,861,34.545,34.342,0.0488,-0.1129,9.865,-0.3646,-0.2252,-0.0756
14535,1026,863,34.626,34.303,0.0285,0.0005,9.8267,0.0436,0.4118,-0.2779
14540,1010,853,34.669,34.35,0.0576,0.0988,9.8221,-0.4834,0.2287,-0.3998
14545,1005,861,34.591,34.314,-0.0072,-0.0296,9.7443,0.0309,-0.8764,0.2786
14550,1008,852,34.667,34.383,-0.0375,-0.069,9.8602,-1.1197,0.777,-0.3705
14555,995,856,34.607,34.342,-0.0686,0.0137,9.7696,0.2882,0.1397,-0.2353
14560,989,856,34.6,34.355,-0.0058,-0.0308,9.8492,-0.5976,0.4357,0.5438
14565,978,852,34.443,34.296,0.0653,-0.0226,9.7033,-0.8667,0.1035,0.2105
14570,988,850,34.5,34.374,0.0252,-0.0347,9.7924,-0.3776,0.0234,-0.5805
14575,968,844,34.565,34.434,0.034,-0.0442,9.7866,0.1789,-0.7554,0.294
14580,957,851,34.55,34.405,0.0481,-0.0538,9.7948,0.5541,-0.1754,-0.3817
14585,947,844,34.597,34.337,-0.0276,-0.006,9.7579,-0.612,0.7154,-0.5296
14590,941,853,34.605,34.224,-0.0827,-0.0184,9.7749,-0.0477,0.581,-0.835
14595,942,848,34.552,34.284,-0.0509,0.0102,9.7896,0.1242,-0.0988,1.1178
14600,927,843,34.551,34.429,-0.0735,0.0356,9.7199,-0.3773,0.6052,-0.14
14605,917,841,34.601,34.364,-0.0197,0.0287,9.7864,0.0236,1.0544,-0.127
14610,918,835,34.547,34.331,-0.0342,-0.1232,9.7627,0.4742,0.6142,-0.3364
14615,911,839,34.58,34.375,0.0084,0.0106,9.7992,-0.0045,-0.0895,-0.0122
14620,891,837,34.56,34.328,0.0838,0.0274,9.8213,0.7546,1.115,0.1321
14625,883,837,34.62,34.276,-0.1238,0.0288,9.7617,-0.6689,0.1018,-0.1462
14630,871,838,34.591,34.306,0.0944,-0.007,9.814,-0.1853,-0.0393,-0.777
14635,874,831,34.615,34.355,-0.0178,-0.0039,9.8124,-0.4512,0.5538,-0.2275
14640,852,826,34.585,34.345,0.0623,0.0359,9.791,-0.4021,0.2981,0.0701
14645,855,824,34.579,34.271,0.0131,-0.072,9.765,0.2978,-0.3173,-0.1535
14650,838,819,34.527,34.305,0.0006,0.0057,9.7521,0.1205,-0.1734,-0.5985
14655,837,820,34.578,34.347,0.065,-0.0045,9.8439,-0.1364,-1.4978,0.458
14660,829,814,34.61,34.33,0.0199,0.0357,9.7661,0.5602,-0.1479,0.4496
14665,816,810,34.562,34.38,0.0042,0.037,9.7093,0.4848,-0.0461,0.2034
14670,814,814,34.669,34.328,0.0144,0.0647,9.8201,-0.6048,0.062,0.7028
14675,811,804,34.544,34.363,-0.0508,-0.0781,9.792,0.5761,0.0112,-0.0363
14680,795,801,34.667,34.385,-0.0504,0.0057,9.8357,0.2206,-0.3119,-0.0488
14685,792,800,34.512,34.36,-0.0186,0.0569,9.9106,-0.1656,0.2811,-0.0637
14690,786,795,34.63,34.349,-0.0773,0.0239,9.8335,0.3719,0.2764,0.4838
14695,779,792,34.532,34.254,0.0467,0.0925,9.7842,-0.153,-0.3193,0.2204
14700,770,788,34.634,34.331,-0.0039,0.0017,9.8126,-0.1739,-0.7357,0.6044
14705,768,786,34.604,34.405,-0.0396,-0.0415,9.8848,0.2846,0.7084,0.053
14710,769,775,34.529,34.357,0.0236,-0.0316,9.8672,1.2027,0.0182,0.6634
14715,763,774,34.611,34.32,0.036,0.0415,9.7996,-0.938,0.3405,0.9889
14720,758,772,34.529,34.385,0.0035,0.0164,9.7885,-0.0837,-0.6961,1.0713
14725,752,764,34.554,34.343,0.0242,-0.009,9.8066,-0.0162,-0.3029,0.4332
14730,760,757,34.662,34.376,0.0628,-0.0972,9.8254,0.6042,0.6187,-0.3775
14735,749,759,34.654,34.322,-0.0493,-0.0209,9.8285,0.5231,0.3328,-0.2583
14740,739,744,34.601,34.313,-0.0159,0.0032,9.8685,0.5059,0.4173,0.2191
14745,756,747,34.585,34.372,0.0173,-0.0886,9.7916,-0.0108,0.5249,0.3032
14750,743,738,34.573,34.369,0.0413,0.004,9.804,-0.4776,-0.0701,-0.6352
14755,745,729,34.566,34.325,-0.0234,-0.1185,9.837,0.1294,-0.7325,0.2542
14760,747,728,34.541,34.339,-0.0204,0.0851,9.7285,0.2504,0.2449,-0.7839
14765,765,719,34.66,34.303,-0.0596,0.0008,9.8181,-0.2284,-0.6617,-0.2495
14770,744,723,34.618,34.377,-0.0682,-0.0316,9.7409,-0.6676,-0.1601,-0.1013
14775,749,716,34.599,34.369,0.0872,-0.0355,9.7469,-0.1703,0.5888,0.3951
14780,761,707,34.646,34.346,-0.0197,-0.023,9.8236,0.4107,-0.6343,-0.5511
14785,758,707,34.572,34.437,-0.1112,0.0442,9.745,-0.296,-0.1998,0.3752
14790,769,702,34.612,34.376,-0.0147,0.1069,9.719,0.4094,0.4749,0.0963
14795,778,696,34.555,34.436,0.0368,-0.051,9.7095,-0.1671,-0.5072,-0.2125
14800,767,691,34.537,34.339,0.0439,0.0126,9.7706,0.8151,-0.4413,-0.2226
14805,786,680,34.607,34.425,0.0658,0.0801,9.7779,-0.6427,0.1567,-0.4499
14810,786,685,34.609,34.327,0.0275,-0.002,9.8037,-0.3252,-0.6414,0.9677
14815,801,681,34.579,34.29,0.0108,0.0722,9.7726,0.6303,-0.1421,-0.8886
14820,809,675,34.525,34.398,-0.0007,-0.0389,9.8674,-0.1159,0.16,0.7484
14825,825,668,34.48,34.363,0.0981,0.0192,9.8453,0.0151,-0.6248,0.8828
14830,827,666,34.613,34.336,0.0653,0.045,9.7909,-0.8052,0.9749,0.0215
14835,835,666,34.568,34.319,-0.0077,0.0914,9.7369,-0.1091,-0.0552,-1.0123
14840,852,663,34.524,34.379,-0.0281,0.0494,9.7976,-0.3613,-0.0433,-0.2801
14845,857,655,34.571,34.386,-0.0315,0.0101,9.8163,-0.2796,0.506,0.3372
14850,873,658,34.618,34.304,0.0002,0.0887,9.8371,0.34,0.7172,-0.086
14855,877,654,34.529,34.367,0.0401,-0.0069,9.7207,1.0882,0.3225,-0.6472
14860,888,655,34.562,34.473,-0.0578,0.0489,9.9132,0.7149,-0.4353,-0.4088
14865,895,650,34.563,34.314,-0.0413,-0.041,9.7666,0.1053,0.5403,0.5396
14870,905,652,34.465,34.268,0.0374,-0.0065,9.8663,0.0612,-0.4691,0.5104
14875,930,656,34.535,34.296,0.0335,-0.0485,9.8708,-0.0621,0.767,-0.5228
14880,930,647,34.576,34.233,-0.0515,0.0597,9.7534,-0.1585,-0.9383,0.1023
14885,944,646,34.6,34.369,0.0903,0.1021,9.719,-0.694,0.1607,-0.9142
14890,956,654,34.524,34.226,0.0186,-0.0205,9.8429,0.1211,1.7938,0.5623
14895,961,653,34.52,34.405,-0.0732,-0.0693,9.8497,-0.4256,0.6872,-1.184
14900,969,654,34.559,34.178,-0.0343,-0.0382,9.7786,0.1074,0.2435,0.0396
14905,988,656,34.521,34.307,0.0412,-0.0489,9.8386,-0.2976,0.2402,-0.1794
14910,1004,658,34.607,34.319,-0.0382,-0.0278,9.8313,-0.4338,0.164,0.4851
14915,1019,664,34.53,34.349,0.0551,0.0499,9.8036,0.0773,-0.0845,0.2457
14920,1022,664,34.595,34.26,0.0225,0.0404,9.8651,1.0278,0.1399,-1.1405
14925,1040,667,34.561,34.394,0.0209,-0.0545,9.7815,0.0585,0.9453,-0.0142
14930,1049,669,34.655,34.382,-0.0117,0.0239,9.7943,-0.866,0.6246,-0.3449
14935,1060,675,34.602,34.298,0.0499,-0.0124,9.7983,-0.2674,-0.067,0.4413
14940,1058,679,34.527,34.346,0.0242,-0.0456,9.9221,-0.5462,0.0724,-0.3624
14945,1083,685,34.601,34.272,0.0458,-0.0303,9.7847,0.6407,-0.1262,0.0792
14950,1089,685,34.592,34.317,0.0293,0.0216,9.8194,-0.0844,-0.9443,-0.0812
14955,1096,690,34.643,34.428,0.0717,0.0399,9.7541,-0.6828,0.0687,0.0804
14960,1104,698,34.632,34.321,0.0128,0.0115,9.7682,0.2891,0.9318,0.3382
14965,1116,698,34.64,34.348,0.0238,-0.0016,9.8315,0.2801,-1.3665,0.2399
14970,1115,711,34.637,34.331,0.0002,-0.0642,9.7788,0.9033,-0.9259,-0.2134
14975,1132,714,34.583,34.319,-0.0557,0.0297,9.835,-0.8426,-0.1333,-0.0073
14980,1137,723,34.545,34.293,0.0191,-0.0047,9.8878,0.018,1.3301,-0.2337
14985,1142,728,34.554,34.362,-0.0343,-0.0394,9.7775,-0.32,-0.1758,-0.3415
14990,1149,730,34.666,34.406,-0.0236,-0.0145,9.7521,0.243,-0.5379,0.1088
14995,1152,741,34.617,34.356,-0.0393,-0.0098,9.8988,0.527,0.3682,0.1403
15000,1169,746,34.673,34.275,0.0115,-0.0553,9.8004,-1.1442,-0.0398,0.108
15005,1158,748,34.628,34.33,0.0145,-0.0479,9.8348,-0.0399,-0.1328,0.1031
15010,1165,756,34.56,34.294,-0.0064,0.051,9.8554,0.2685,-0.4035,-0.1988
15015,1168,766,34.591,34.375,0.0745,-0.0223,9.8377,0.9083,-0.0374,0.3668
15020,1173,766,34.571,34.353,0.0621,-0.0533,9.7362,-0.2825,0.5702,-0.4324
15025,1175,781,34.606,34.333,-0.0046,0.0184,9.8355,-1.2757,1.3228,0.2866
15030,1184,788,34.487,34.357,-0.1311,-0.0507,9.8743,-1.5566,0.0802,-0.1795
15035,1177,791,34.587,34.321,0.0965,-0.0864,9.799,-0.1252,0.5826,0.0242
15040,1177,801,34.558,34.316,0.0177,-0.0213,9.8549,-1.1631,-0.5969,0.6839
15045,1189,808,34.582,34.311,-0.0047,-0.12,9.7734,0.3871,1.0564,0.6383
15050,1178,815,34.539,34.412,-0.0055,0.1286,9.8599,0.4071,-0.8315,-0.6381
15055,1193,817,34.573,34.353,0.0207,0.0957,9.8181,1.1328,-0.2184,-0.1017
15060,1191,831,34.553,34.34,-0.0726,0.0501,9.7493,0.5011,0.1178,-0.1455
15065,1193,834,34.546,34.271,-0.0001,-0.0134,9.793,0.2274,0.0607,0.2756
15070,1184,837,34.544,34.387,-0.0242,-0.0127,9.7158,0.1075,-0.1368,-0.4074
15075,1184,849,34.603,34.342,-0.0038,-0.0007,9.8624,0.4266,0.3059,-0.3241
15080,1180,856,34.615,34.291,0.0161,-0.0101,9.826,0.6391,0.0866,-0.2317
15085,1182,856,34.644,34.396,-0.02,0.0367,9.8552,-0.4155,0.4261,0.5549
15090,1187,862,34.613,34.365,0.0008,0.0088,9.7742,0.9573,0.046,0.6062
15095,1179,868,34.551,34.308,0.0419,0.01,9.9326,0.3583,0.0595,-0.4792
15100,1184,872,34.541,34.342,-0.0365,-0.0217,9.8507,-0.4397,-0.6866,0.25
15105,1179,876,34.687,34.321,0.0198,0.0682,9.7826,0.239,0.736,-0.3039
15110,1181,880,34.609,34.298,0.0351,-0.0444,9.782,0.4247,-0.1029,0.0323
15115,1174,882,34.601,34.341,0.013,-0.0092,9.8404,0.3228,-0.0956,-0.5182
15120,1168,888,34.628,34.289,0.0553,-0.0052,9.7941,0.2673,0.611,0.3289
15125,1166,888,34.62,34.316,0.0692,0.0334,9.7987,0.2159,-0.0098,-0.0046
15130,1162,899,34.443,34.308,-0.0053,0.0287,9.825,-0.1092,-0.3568,-0.2273
15135,1160,897,34.61,34.253,0.1338,0.0112,9.8161,-0.5685,-0.2819,-0.7346
15140,1152,903,34.594,34.28,-0.0536,-0.0084,9.8126,0.3682,-0.1144,0.3782
15145,1152,898,34.558,34.388,-0.0268,-0.0357,9.8228,0.9086,-0.2539,-1.0569
15150,1147,907,34.512,34.282,-0.0332,-0.0678,9.7948,-0.9272,-0.6629,-0.2209
15155,1141,907,34.535,34.329,-0.0056,-0.099,9.8101,0.5134,0.1665,-0.0764
15160,1135,907,34.549,34.357,0.0255,0.0429,9.8002,-0.0883,0.3893,0.156
15165,1137,908,34.597,34.414,-0.0371,-0.0094,9.8385,1.3994,0.0198,-0.7907
15170,1142,909,34.525,34.335,-0.0605,0.0108,9.7621,-0.0581,-0.2333,0.3306
15175,1134,915,34.55,34.258,-0.0137,0.0581,9.845,-0.0818,1.5017,0.4497
15180,1128,911,34.536,34.362,-0.0672,0.0651,9.8195,0.3467,0.5399,0.2364
15185,1130,917,34.552,34.274,0.0248,0.0133,9.7717,0.4973,-0.0112,0.3551
15190,1120,911,34.63,34.369,-0.0421,-0.0103,9.7824,0.6984,0.1653,-0.0641
15195,1119,912,34.551,34.334,0.0491,0.0399,9.7205,0.8778,-0.1302,-0.6954
15200,1108,907,34.592,34.346,0.0651,-0.0003,9.7552,-0.1846,0.3751,0.8161
15205,1114,908,34.59,34.309,0.0273,-0.036,9.7918,-0.0308,-0.8645,0.2327
15210,1107,907,34.604,34.3,-0.0159,0.0819,9.7464,-0.8081,-0.742,0.7995
15215,1124,910,34.602,34.302,0.0211,0.0069,9.7913,-0.0475,-0.2138,0.0468
15220,1100,911,34.602,34.3,-0.0223,-0.0782,9.7833,-0.5102,-0.1321,-0.2302
15225,1106,904,34.563,34.342,0.0028,-0.0509,9.8055,-1.9024,-0.9252,0.1005
15230,1094,905,34.588,34.345,-0.0949,0.0425,9.8608,0.3463,-0.2978,-0.1652
15235,1108,907,34.55,34.287,0.0593,-0.0028,9.74,-0.9538,0.0554,-0.131
15240,1094,902,34.66,34.416,0.0807,-0.1515,9.8306,1.0381,0.4832,0.4747
15245,1105,893,34.552,34.335,0.0548,0.0644,9.8351,0.6608,0.4229,0.8409
15250,1096,892,34.586,34.316,-0.0476,-0.0062,9.7844,0.0621,0.6749,0.0193
15255,1096,896,34.57,34.422,0.0515,0.0766,9.7931,-0.1748,1.0577,-0.0342
15260,1085,894,34.588,34.307,-0.0386,0.0868,9.6944,-0.2979,-0.1035,-0.2694
15265,1097,894,34.514,34.384,0.0029,0.0587,9.8219,0.8135,0.2268,0.5952
15270,1089,889,34.614,34.393,0.0532,-0.0009,9.8409,-0.1968,-0.0159,0.2109
15275,1082,891,34.482,34.356,-0.0102,0.0059,9.8847,0.1424,-0.3632,-0.7166
15280,1070,890,34.609,34.366,0.032,-0.0615,9.7828,-0.0074,0.4078,-0.3979
15285,1076,887,34.554,34.339,0.0314,0.006,9.7638,-0.6937,0.7281,0.214
15290,1080,881,34.51,34.3,-0.0767,-0.067,9.7455,-0.0878,0.2079,0.927
15295,1077,885,34.482,34.277,0.0346,0.0139,9.7485,-0.4183,-0.6914,0.9273
15300,1067,877,34.532,34.36,0.0715,0.0479,9.7942,-1.0278,-0.5324,0.851
15305,1067,878,34.595,34.327,0.0312,-0.095,9.8264,0.3957,0.9152,-0.2487
15310,1072,879,34.429,34.387,-0.0121,-0.016,9.8293,-0.0951,-0.7626,0.039
15315,1069,869,34.52,34.36,0.0086,0.0223,9.8021,-0.6033,-0.6072,0.3008
15320,1061,871,34.64,34.364,0.0508,-0.0168,9.8597,-0.5081,0.316,-0.0758
15325,1057,873,34.591,34.406,0.1008,0.0265,9.8155,0.5853,-0.1185,0.1035
15330,1053,865,34.546,34.35,-0.0282,-0.0769,9.7771,-0.3881,-0.6454,0.6375
15335,1047,865,34.619,34.391,-0.0126,-0.0891,9.7713,-0.5222,0.3948,0.5833
15340,1043,861,34.515,34.381,0.0126,0.0158,9.8237,0.5475,0.9479,0.4804
15345,1044,867,34.535,34.378,0.0458,-0.0373,9.8857,-0.741,-0.8222,0.5941
15350,1033,862,34.58,34.332,-0.0661,0.0387,9.8359,0.0113,0.5053,0.1727
15355,1025,863,34.618,34.404,0.0084,-0.0213,9.8095,0.1805,0.2425,0.2327
15360,1027,854,34.562,34.345,-0.0561,0.0226,9.824,0.1593,0.6367,-0.5709
15365,1029,860,34.599,34.317,-0.0262,-0.0464,9.6735,-0.4475,0.2861,-0.5581
15370,1013,859,34.709,34.328,0.0367,-0.0415,9.7762,0.4198,-0.6531,-0.3348
15375,1005,859,34.56,34.395,-0.0693,0.0027,9.7787,0.7293,0.1266,0.4846
15380,1005,860,34.54,34.3,0.0077,0.0363,9.9077,-0.5041,-0.2985,-0.2438
15385,1004,858,34.635,34.384,-0.0499,0.0367,9.8122,0.1437,-0.2909,0.4013
15390,993,857,34.643,34.362,0.0433,-0.0256,9.8241,0.7561,0.5485,0.1176
15395,983,851,34.58,34.374,-0.0173,-0.062,9.8965,-0.601,-0.3295,0.4536
15400,983,848,34.531,34.327,-0.0068,-0.0022,9.7758,1.2452,-0.3095,-0.1193
15405,973,848,34.661,34.293,0.0388,0.0807,9.7977,0.1905,0.6209,0.2878
15410,958,844,34.65,34.361,0.034,0.044,9.7904,-0.1073,0.1157,-0.4072
15415,952,849,34.587,34.366,0.098,0.06,9.7885,0.3185,0.1166,0.6778
15420,950,847,34.612,34.365,0.0074,0.0231,9.8707,0.1808,-0.2249,-0.2855
15425,935,842,34.612,34.308,0.0592,-0.0753,9.7942,-0.4526,-0.7306,-1.1607
15430,923,846,34.667,34.358,-0.0585,0.0127,9.7903,0.0659,0.5835,0.3151
15435,915,846,34.614,34.405,-0.0126,-0.0228,9.7356,0.0142,0.7793,-0.6762
15440,918,842,34.646,34.458,0.0203,-0.0305,9.8119,0.4011,-0.6501,-0.1587
15445,909,837,34.566,34.317,0.033,0.094,9.7358,0.1367,-0.4931,0.2405
15450,899,827,34.586,34.363,0.0196,-0.0345,9.8488,-0.0094,-0.9038,-1.0112
15455,884,828,34.568,34.296,-0.035,-0.0504,9.7941,0.0806,-0.1433,-0.1259
15460,872,832,34.578,34.292,0.0482,-0.0055,9.7113,0.0351,-1.0302,-0.2604
15465,861,833,34.562,34.412,0.0073,0.0083,9.8966,-1.2111,-0.0924,-0.3921
15470,855,828,34.508,34.317,0.0062,0.0258,9.7718,-0.2693,0.0084,0.113
15475,847,827,34.525,34.309,-0.0057,-0.0463,9.8603,0.6849,0.5598,-0.2645
15480,843,821,34.525,34.345,0.0565,0.0248,9.7624,-0.2282,-0.085,-0.0389
15485,832,818,34.572,34.314,-0.0315,-0.027,9.8426,0.2051,-0.1253,0.393
15490,828,821,34.49,34.319,-0.0148,0.0095,9.7946,-0.1899,0.5804,0.1259
15495,813,816,34.572,34.408,0.0199,0.0021,9.8062,0.5834,-0.4193,0.5931
15500,808,810,34.617,34.335,-0.021,-0.0133,9.7171,-0.1224,-0.498,0.2044
15505,804,805,34.619,34.325,-0.0126,0.0203,9.7153,-0.0286,-0.3102,-0.7511
15510,802,803,34.629,34.319,0.0293,0.0522,9.7571,-0.1374,0.1065,-0.0995
15515,786,794,34.6,34.435,0.01,-0.1082,9.8201,-0.4738,-0.3281,0.0755
15520,785,797,34.522,34.297,0.0077,0.0254,9.7576,0.8758,-0.4203,-0.5912
15525,778,784,34.636,34.437,0.0262,0.0363,9.8262,0.2224,0.0445,-0.3794
15530,772,787,34.562,34.37,0.0207,0.0337,9.8571,-0.0368,-0.301,-0.3852
15535,764,781,34.683,34.296,-0.016,-0.0496,9.8135,-0.1789,0.4587,-0.4662
15540,764,767,34.63,34.345,0.0185,-0.0116,9.8044,0.3741,-0.494,-0.3428
15545,768,773,34.592,34.33,-0.0627,-0.0221,9.8428,0.3528,0.2133,-0.9793
15550,759,770,34.545,34.315,0.11,0.0848,9.7871,-0.116,0.1958,-0.0163
15555,747,763,34.674,34.384,0.0653,0.0378,9.8598,0.5131,0.0467,0.2672
15560,752,756,34.599,34.32,-0.0279,-0.1128,9.8392,0.2455,0.2463,-0.0928
15565,751,751,34.469,34.297,0.0416,-0.1007,9.8015,0.347,-0.4848,1.0746
15570,752,751,34.589,34.313,0.0489,-0.0239,9.8661,-0.5754,0.533,1.1152
15575,742,736,34.588,34.315,0.0815,0.0459,9.7954,0.182,0.0025,0.8393
15580,753,738,34.695,34.313,-0.0033,-0.0839,9.8581,-0.0133,0.4022,1.0358
15585,737,730,34.625,34.365,-0.0204,0.0925,9.7727,0.8612,-0.2539,1.02
15590,749,732,34.597,34.4,-0.0174,-0.0212,9.7709,0.3016,-0.3401,0.1714
15595,754,726,34.663,34.359,-0.0082,-0.0372,9.7204,-0.1239,-0.0312,0.1786
15600,752,714,34.553,34.382,-0.013,-0.0654,9.7014,0.6281,-0.0271,-0.3503
15605,754,713,34.548,34.272,0.1046,-0.0492,9.7958,-0.1575,0.8554,-0.1987
15610,752,716,34.522,34.345,-0.0566,-0.0441,9.8905,-0.0092,0.1408,0.5915
15615,764,703,34.569,34.279,0.0154,-0.0066,9.9123,0.5274,0.2463,-0.1193
15620,772,697,34.619,34.291,-0.1031,-0.0799,9.7905,-0.9732,-0.1742,-0.4065
15625,772,688,34.602,34.37,-0.0229,0.0365,9.7631,-0.217,-0.1437,-0.019
15630,776,689,34.561,34.348,-0.0455,-0.0066,9.7696,-0.1946,0.1244,0.2992
15635,792,680,34.614,34.412,0.0606,-0.0486,9.7172,-0.1126,-0.175,-0.632
15640,794,679,34.632,34.436,0.0756,0.0259,9.8139,-0.3908,-0.7394,1.2987
15645,806,673,34.653,34.355,-0.0749,-0.0496,9.7862,0.3993,-0.0926,0.0727
15650,821,670,34.501,34.296,-0.0009,0.0466,9.9002,0.7065,0.111,-0.5321
15655,810,668,34.545,34.344,-0.0459,0.0627,9.7753,-0.3368,-0.4764,-0.8532
15660,830,669,34.605,34.333,0.0514,0.0152,9.7888,0.0308,0.3318,-0.2462
15665,845,664,34.53,34.327,-0.0111,0.0413,9.8199,-0.8282,0.5491,-0.4569
15670,853,662,34.599,34.282,-0.0038,-0.0985,9.8678,0.1877,0.5139,-0.1478
15675,862,654,34.555,34.373,0.0457,-0.034,9.8471,0.0633,0.2652,0.2797
15680,867,663,34.557,34.311,0.0448,-0.0451,9.8095,-0.0051,-0.5013,0.4201
15685,885,654,34.614,34.288,-0.0504,-0.0061,9.7881,0.1579,0.8879,-1.1793
15690,884,657,34.603,34.301,0.0457,0.0207,9.8187,0.1443,0.1503,0.4384
15695,894,654,34.531,34.258,0.0522,-0.0216,9.8142,0.311,-0.4383,-0.1584
15700,918,650,34.636,34.333,-0.0761,-0.035,9.8098,0.1508,0.0708,0.0009
15705,925,651,34.631,34.449,-0.0101,0.0202,9.8787,0.1896,-0.24,0.1882
15710,937,651,34.611,34.332,0.0117,0.0298,9.788,-0.818,-0.3951,-1.0794
15715,950,648,34.574,34.36,-0.0412,-0.0333,9.8217,-0.4082,-0.5152,0.3797
15720,962,649,34.539,34.343,0.0059,-0.0025,9.8063,-0.0401,0.321,-1.083
15725,976,656,34.605,34.362,0.0478,0.0067,9.8611,1.1721,0.37,0.3491
15730,985,657,34.564,34.231,0.0179,0.0467,9.7863,0.334,-0.0899,-0.4462
15735,985,659,34.636,34.287,0.0136,0.0384,9.7711,-0.2302,-0.3742,0.5993
15740,1004,659,34.658,34.206,-0.0516,-0.0487,9.8726,0.6248,0.5664,0.4668
15745,1014,663,34.56,34.295,0.0139,-0.0982,9.7378,-0.1363,0.4192,0.0275
15750,1024,659,34.522,34.369,-0.0187,0.0783,9.7846,-0.272,0.0403,-0.5282
15755,1036,667,34.539,34.267,-0.0226,-0.0597,9.8605,-1.0178,-0.6538,0.0456
15760,1048,664,34.52,34.381,0.0186,-0.0552,9.804,0.002,0.6113,-0.4077
15765,1063,671,34.533,34.326,-0.0227,-0.0789,9.6471,0.0831,0.204,-0.5461
15770,1070,684,34.549,34.418,0.043,-0.0033,9.7822,0.4222,-0.7508,0.0941
15775,1087,678,34.641,34.263,0.0296,-0.0381,9.8113,0.6829,0.3909,-0.2064
15780,1086,687,34.635,34.348,-0.0017,0.0291,9.8212,-0.4549,-0.1521,-0.7771
15785,1086,695,34.615,34.295,0.0327,-0.0627,9.9212,0.6286,-0.2936,0.0159
15790,1104,697,34.612,34.25,0.0018,0.0379,9.7128,0.2066,0.4897,-1.3195
15795,1105,704,34.49,34.244,-0.0026,0.0268,9.8451,0.6503,-0.5015,-0.0193
15800,1129,715,34.564,34.385,0.0744,0.0021,9.7885,-0.5361,-0.9143,-0.4691
15805,1133,711,34.621,34.341,-0.0209,0.1112,9.8091,0.2391,-0.0991,-0.2713
15810,1139,720,34.643,34.392,0.0504,0.0211,9.8513,-0.5921,-0.2798,-0.6235
15815,1140,735,34.656,34.312,0.0089,-0.0572,9.8764,0.0498,-0.279,0.4541
15820,1153,731,34.598,34.406,0.0213,0.0719,9.8177,0.2664,-0.0305,0.0119
15825,1153,750,34.569,34.36,-0.0163,-0.018,9.8352,-0.6092,-0.339,0.9018
15830,1159,747,34.545,34.31,0.0334,0.0213,9.7652,0.5362,0.0943,0.2386
15835,1175,760,34.606,34.38,0.0557,-0.0345,9.7497,0.0913,-0.8345,0.4878
15840,1168,760,34.598,34.326,-0.0449,0.0932,9.8317,-0.2222,1.3088,-0.1655
15845,1170,757,34.552,34.358,0.0043,0.0011,9.8919,-0.58,-0.5482,-0.239
15850,1170,770,34.615,34.36,-0.0718,0.0489,9.7334,-0.4908,0.2023,0.7963
15855,1179,784,34.561,34.379,0.0616,-0.0387,9.827,0.9181,-0.1859,0.1388
15860,1186,784,34.557,34.255,0.0501,0.0327,9.7924,0.3067,0.1503,-0.5484
15865,1184,796,34.548,34.32,0.0331,-0.0696,9.7504,-0.4724,-0.2406,-0.7607
15870,1184,799,34.529,34.33,0.0681,-0.0183,9.8279,0.2015,1.2544,1.1831
15875,1183,808,34.566,34.331,0.0688,0.0355,9.7681,0.3028,0.5159,-0.085
15880,1192,816,34.548,34.308,-0.0058,-0.1,9.8145,0.0292,-0.5207,0.2147
15885,1187,822,34.594,34.341,-0.0169,-0.0088,9.8535,0.1028,0.0638,-1.2328
15890,1179,828,34.575,34.442,0.0634,0.0283,9.7768,-0.2075,1.3176,-0.0498
15895,1187,836,34.607,34.296,-0.0376,-0.0139,9.7972,-0.2852,0.1246,-0.0027
15900,1201,841,34.615,34.343,-0.0385,0.0404,9.8085,-0.3248,-0.3366,0.5059
15905,1179,844,34.508,34.289,-0.0102,0.0164,9.8517,-0.1808,-0.8191,-0.3756
15910,1183,853,34.615,34.262,-0.041,0.0023,9.8563,-0.233,0.2834,0.206
15915,1172,859,34.524,34.256,0.0006,-0.0032,9.7671,-0.056,-0.781,0.3647
15920,1179,865,34.531,34.402,-0.0092,0.026,9.8014,-0.0164,-0.409,-0.0099
15925,1188,866,34.496,34.339,0.0759,-0.019,9.8491,-0.3957,-0.3768,0.6008
15930,1176,867,34.459,34.311,0.0673,-0.0325,9.7605,-0.8739,-0.6007,0.8163
15935,1171,876,34.583,34.322,-0.0249,-0.0155,9.86,-0.5562,-0.2544,-0.2676
15940,1172,881,34.574,34.283,-0.0156,-0.0738,9.7867,0.0216,0.1357,0.0989
15945,1170,881,34.559,34.36,-0.0881,0.0064,9.748,0.1494,-0.0422,0.0366
15950,1166,888,34.526,34.285,-0.0446,0.0592,9.8673,-0.1895,0.147,-0.2675
15955,1162,893,34.563,34.393,-0.0338,-0.0114,9.7474,-0.553,0.0706,0.4533
15960,1158,893,34.515,34.268,0.0618,0.0202,9.8661,-0.0557,0.2516,0.0656
15965,1152,894,34.624,34.307,-0.0203,0.0309,9.8085,-0.6989,-0.0971,-0.1576
15970,1144,903,34.527,34.324,0.0152,-0.0531,9.8328,0.3489,-0.6276,0.6508
15975,1153,902,34.575,34.364,0.0014,-0.0058,9.8141,0.3541,-0.2874,0.0261
15980,1138,901,34.576,34.395,-0.0189,-0.0248,9.8501,0.6541,-0.5763,-0.1779
15985,1147,901,34.6,34.323,0.0467,-0.0017,9.8366,-0.3587,0.4607,-0.1001
15990,1149,905,34.648,34.288,-0.0366,-0.024,9.769,-0.0867,0.3098,-0.5541
15995,1135,914,34.525,34.336,0.006,-0.0703,9.7757,-0.241,-0.0917,-0.2134
16000,1137,910,34.585,34.357,-0.0126,0.0465,9.8115,-0.3996,-0.4587,-0.6522
16004,1133,907,34.666,34.352,-0.0497,-0.0813,9.7454,-0.1834,-1.0219,0.0652
16010,1130,906,34.632,34.355,0.0379,0.0,9.8462,-0.4177,-0.4682,0.1042
16015,1129,912,34.617,34.357,0.0355,0.0318,9.7963,0.2394,0.1409,0.3546
16020,1124,918,34.609,34.374,-0.0355,-0.0192,9.8497,-0.8083,0.8022,-0.1131
16024,1120,910,34.538,34.279,0.0686,-0.0463,9.7603,-0.6768,-0.1055,0.1999
16030,1115,905,34.595,34.403,-0.0648,-0.024,9.8379,0.4657,0.0817,-0.6768
16035,1121,912,34.609,34.349,-0.002,0.0486,9.8497,0.8029,-0.6918,-0.245
16040,1110,904,34.53,34.26,0.004,-0.0046,9.8508,0.0037,0.4956,-0.654
16045,1115,905,34.53,34.314,0.0411,-0.0078,9.7957,-0.5374,1.0515,0.3989
16050,1110,910,34.526,34.398,0.0393,-0.0056,9.8357,0.372,-0.4515,-0.5025
16055,1107,905,34.521,34.318,-0.0412,-0.0171,9.715,0.2827,0.2481,0.1445
16059,1102,904,34.524,34.384,0.0475,-0.0019,9.8761,-0.0245,0.2019,-0.0411
16065,1095,903,34.564,34.375,-0.0015,0.037,9.8063,-0.3592,-0.3129,0.5443
16070,1096,897,34.689,34.32,0.0126,-0.0946,9.7079,-0.0973,-0.1756,0.0393
16075,1096,895,34.683,34.309,-0.0604,0.0203,9.896,-0.3,0.5894,0.5133
16079,1103,891,34.602,34.308,-0.0345,-0.0324,9.8178,-0.0369,0.6496,0.1615
16085,1096,893,34.594,34.407,-0.0095,-0.0369,9.9272,-0.7596,0.179,0.0741
16090,1090,889,34.546,34.369,-0.021,0.015,9.8001,-0.2079,0.018,-0.0114
16094,1087,892,34.654,34.332,0.0232,0.0958,9.7894,0.3822,0.0088,-0.3183
16100,1089,886,34.579,34.439,0.0397,-0.0082,9.8365,-0.7818,0.0688,0.6724
16105,1081,888,34.594,34.348,0.0527,-0.0506,9.7563,0.5892,0.6386,-0.2713
16110,1078,884,34.577,34.323,-0.0309,0.0297,9.9167,0.0443,-0.1974,0.2576
16114,1079,877,34.657,34.34,0.1019,-0.0556,9.8587,0.292,-0.0193,0.0432
16120,1073,885,34.548,34.245,0.1234,0.0065,9.8403,-0.3103,0.2826,-0.3524
16125,1076,876,34.537,34.243,-0.0033,0.0302,9.8178,-0.0982,-0.7871,-0.4363
16129,1072,877,34.569,34.397,0.0478,-0.0624,9.8749,0.931,0.6045,0.367
16135,1066,874,34.541,34.304,-0.06,-0.0117,9.8469,-0.4081,-0.1217,-0.2995
16140,1064,878,34.543,34.391,-0.0374,0.0417,9.7559,-0.5278,0.1698,0.2399
16145,1060,871,34.651,34.393,0.0379,0.0488,9.8581,0.5248,1.0773,-0.2325
16149,1060,875,34.598,34.272,-0.0212,0.033,9.7341,-0.9707,0.3488,-0.1723
16155,1057,871,34.486,34.333,0.0753,-0.0539,9.7605,-0.0022,-0.2557,-0.1161
16160,1055,862,34.568,34.343,0.1104,0.0058,9.7274,-0.0421,-0.7057,0.0659
16165,1044,871,34.566,34.311,0.0196,0.0461,9.7591,-0.3544,0.4623,-0.6656
16170,1048,866,34.605,34.33,0.0795,-0.0484,9.7792,-0.0983,0.0753,-0.0884
16175,1042,861,34.603,34.393,-0.0503,-0.0639,9.7899,-0.3563,0.3293,-0.1461
16180,1031,859,34.582,34.375,0.0428,-0.0189,9.7231,0.2247,-0.7234,0.48
16184,1019,861,34.596,34.362,-0.0191,-0.1487,9.8259,-1.071,-0.2429,0.0524
16190,1022,854,34.548,34.34,-0.0934,0.0186,9.728,0.1844,-0.7457,-0.0853
16195,1019,859,34.594,34.33,-0.0136,0.0231,9.7677,-0.4944,0.0027,-0.8468
16200,1009,857,34.576,34.322,0.0127,-0.1017,9.7264,-0.1977,-0.1284,-0.0621
16204,1009,852,34.543,34.312,0.0121,-0.0018,9.7746,0.4179,-0.1901,0.1713
16210,1000,855,34.645,34.284,0.004,-0.0114,9.7807,-0.2977,0.8845,0.1383
16215,994,861,34.605,34.311,-0.0289,0.038,9.832,-0.1674,0.2285,-0.0434
16219,979,851,34.569,34.367,0.0287,0.0409,9.8574,0.0156,-1.0413,0.4503
16225,985,851,34.541,34.312,0.0086,-0.0947,9.8414,-0.0218,0.9346,0.091
16230,971,853,34.544,34.288,-0.0879,0.0011,9.8753,0.675,0.5978,-0.1884
16235,964,847,34.688,34.392,0.0408,-0.0121,9.7537,0.5341,0.33,0.3822
16239,959,854,34.572,34.303,0.04,-0.0207,9.9006,0.0167,0.1374,0.742
16245,954,844,34.566,34.412,0.017,0.0399,9.7611,-0.2686,0.251,0.0669
16250,949,846,34.55,34.299,0.0251,-0.058,9.8136,0.2538,-0.0976,0.8883
16254,938,850,34.583,34.309,0.0103,-0.0165,9.8093,0.3698,-0.6904,-0.3062
16260,929,838,34.509,34.292,-0.0901,0.0098,9.8709,-0.0235,-0.5088,0.2728
16265,912,839,34.568,34.351,0.0563,-0.0681,9.8183,0.6085,-0.0423,-0.0223
16270,916,834,34.499,34.365,0.0361,0.0266,9.7387,-0.0991,-0.3082,-1.0453
16274,902,838,34.481,34.27,-0.0099,-0.0259,9.8649,0.0713,0.2261,-0.2062
16280,887,833,34.494,34.269,0.0214,0.1318,9.7305,-0.1764,-0.1848,-0.0223
16285,889,831,34.632,34.351,0.0157,0.0307,9.8327,-0.6279,0.3305,0.725
16290,883,832,34.532,34.394,-0.0442,0.0519,9.8146,0.575,0.0182,0.1534
16295,865,827,34.488,34.375,0.0288,-0.0096,9.9471,-0.2936,0.1436,-0.2182
16300,858,826,34.621,34.341,-0.029,0.0549,9.8593,0.1412,-0.4861,-0.4452
16305,854,819,34.539,34.306,0.0051,0.0931,9.8578,0.8844,0.7606,0.9369
16309,839,816,34.565,34.243,-0.1277,0.0184,9.6951,-0.0501,-0.2846,0.1407
16315,836,819,34.554,34.411,-0.0322,0.0125,9.8277,-0.8779,0.3802,0.3118
16320,827,815,34.591,34.358,-0.0122,0.0242,9.8064,0.6583,-0.335,0.0961
16325,823,808,34.601,34.284,-0.0233,0.0586,9.8035,-0.1196,-0.0568,0.2084
16329,815,809,34.544,34.34,-0.0573,-0.0507,9.7948,0.4094,-0.2956,-0.1065
16335,794,805,34.626,34.316,0.0145,0.0537,9.7207,-0.1676,-0.5338,-0.7046
16340,791,799,34.558,34.299,-0.0125,-0.0627,9.8586,0.7501,-0.0633,-0.3176
16344,791,801,34.54,34.355,-0.0322,-0.0342,9.8423,-0.4765,-0.08,-0.1318
16350,790,785,34.676,34.313,0.0009,-0.0103,9.7683,-0.6108,-0.3246,0.0296
16355,786,793,34.541,34.242,-0.0729,0.0027,9.9365,0.3296,-0.1874,-0.6206
16360,775,782,34.546,34.374,0.0156,-0.0711,9.9136,0.0935,0.3056,0.4299
16364,764,780,34.549,34.327,0.0102,-0.004,9.773,-0.5687,1.1657,-0.0972
16370,752,772,34.671,34.279,-0.0237,-0.0355,9.7958,0.1004,0.0128,0.4368
16375,762,774,34.582,34.325,0.0239,-0.0408,9.6703,0.3244,0.0815,0.0139
16379,753,766,34.591,34.25,-0.07,-0.0303,9.8102,-0.3365,0.1587,0.1365
16385,747,765,34.553,34.339,0.0387,-0.0142,9.8568,-0.0555,1.0008,0.1129
16390,745,751,34.621,34.282,-0.0075,-0.0846,9.8312,-0.3279,-0.1294,-0.4475
16395,744,750,34.534,34.37,0.0153,0.0592,9.8252,0.9568,-0.4654,-0.0297
16400,746,741,34.535,34.361,0.0033,0.042,9.841,-0.4981,0.525,-0.2161
16405,746,745,34.532,34.314,-0.0849,0.0016,9.8729,-0.1117,-0.003,0.5038
16410,745,737,34.544,34.38,0.0425,0.0745,9.837,-0.0877,0.051,0.0141
16415,757,729,34.632,34.405,0.0404,-0.0031,9.7934,0.1748,-0.9375,-0.6559
16420,751,725,34.549,34.32,0.0401,0.0186,9.6861,0.9276,-0.6713,1.2786
16425,748,718,34.543,34.376,-0.1024,-0.0518,9.7723,0.3171,-0.0203,-0.1254
16430,758,719,34.597,34.302,0.0524,-0.0414,9.7455,0.3692,0.4342,-1.5465
16435,755,710,34.663,34.403,0.0191,0.0435,9.8137,0.6014,-0.2253,0.5433
16440,761,707,34.586,34.306,0.0334,-0.0193,9.8238,1.0316,0.5979,0.4658
16445,767,707,34.564,34.369,-0.0827,0.0506,9.8305,-0.2599,-0.0461,-0.8257
16450,771,696,34.588,34.387,0.0274,-0.0354,9.7828,0.1691,-0.2161,-0.6048
16455,774,696,34.542,34.38,0.0034,0.0439,9.7979,0.1912,-0.4775,-0.3304
16460,790,682,34.575,34.35,-0.016,-0.0248,9.8671,0.1441,0.0019,0.343
16465,789,679,34.613,34.32,0.0088,0.0272,9.7743,-0.8549,0.7629,-0.2091
16470,793,680,34.619,34.395,0.0519,-0.0326,9.821,0.0032,-0.6845,0.171
16475,797,677,34.564,34.324,0.093,0.0123,9.7525,-0.4816,-0.5879,-0.7113
16480,815,670,34.563,34.356,0.0236,0.0054,9.7564,0.2886,0.2033,-0.1759
16485,818,671,34.551,34.353,0.0265,0.0211,9.8343,0.2684,-0.0951,0.4234
16490,819,662,34.572,34.312,-0.0019,-0.0822,9.7783,0.3853,-0.2313,-0.3218
16495,841,661,34.586,34.344,0.0493,0.0627,9.8793,0.9511,-0.4586,1.175
16500,854,655,34.637,34.455,-0.0746,0.0296,9.8175,0.5312,-0.249,0.011
16505,862,662,34.552,34.303,-0.0107,-0.037,9.7908,0.3004,-0.8629,-0.2493
16510,865,654,34.492,34.258,-0.0432,-0.0295,9.7934,0.4341,0.8196,0.2967
16515,884,652,34.536,34.279,0.0259,0.0648,9.8623,-0.2289,0.0992,-0.1127
16520,897,651,34.597,34.284,0.0288,-0.0441,9.7658,-0.3468,-0.2716,0.2095
16525,899,654,34.588,34.355,0.0908,-0.0527,9.9149,0.1568,0.0225,0.6239
16530,908,651,34.555,34.265,0.0186,0.0026,9.7721,-0.9523,1.2464,-0.1802
16535,926,652,34.689,34.326,-0.0625,-0.0181,9.817,-0.0892,0.3663,-0.5576
16540,932,656,34.604,34.426,0.0514,0.0142,9.8133,0.6095,-0.6378,-0.2555
16545,945,651,34.605,34.4,-0.0313,0.0366,9.7985,-0.0603,-0.1139,0.2705
16550,960,648,34.572,34.292,-0.0685,0.0497,9.8277,0.1583,0.1415,0.0008
16555,972,653,34.647,34.354,-0.0586,-0.0071,9.7103,-0.6975,0.3989,0.2326
16560,981,659,34.493,34.309,-0.092,-0.015,9.7519,0.1887,0.168,-0.5635
16565,993,658,34.557,34.361,-0.0278,0.0116,9.7811,0.0669,0.3917,0.0857
16570,999,654,34.625,34.36,0.0142,-0.0092,9.8199,0.219,-0.3066,0.0986
16575,1018,662,34.474,34.385,0.0447,0.0099,9.8601,0.2775,-0.1832,0.1744
16580,1032,665,34.633,34.362,0.0355,-0.0768,9.7319,-0.1622,0.0995,-0.33
16585,1039,666,34.553,34.362,0.0417,-0.0512,9.8571,-0.4792,0.2607,0.6138
16590,1057,671,34.655,34.265,0.0866,0.0686,9.874,-1.5744,-0.2589,-0.3799
16595,1059,678,34.557,34.297,0.0674,-0.0182,9.8787,0.2533,-0.0138,0.7404
16600,1070,681,34.55,34.272,0.0204,-0.0261,9.8639,0.1841,-0.1542,0.5007
16605,1086,686,34.63,34.288,0.0097,0.0048,9.8208,-0.3679,1.0228,0.5969
16610,1081,687,34.569,34.332,-0.024,-0.0741,9.7484,0.1697,-0.1399,0.3282
16615,1099,694,34.56,34.388,-0.003,-0.0537,9.7573,-0.1837,0.6378,0.2253
16620,1119,702,34.556,34.342,-0.0039,-0.0531,9.8794,-0.1852,0.1937,-0.1253
16625,1115,702,34.587,34.291,-0.0084,0.0282,9.7518,-0.439,-0.4962,-0.1055
16630,1122,710,34.511,34.386,-0.0167,0.0019,9.8453,0.3657,-0.2537,-0.1367
16635,1134,713,34.541,34.382,-0.0111,0.0123,9.7178,-0.3309,-0.0514,-0.4856
16640,1136,719,34.55,34.283,-0.0656,-0.0736,9.8431,-0.6746,0.0139,-0.0968
16645,1149,730,34.581,34.361,0.0317,0.0811,9.8566,-0.1283,-0.482,0.0689
16650,1150,738,34.568,34.437,0.0273,0.0188,9.7945,0.4113,0.0506,-0.3703
16655,1156,742,34.557,34.289,0.119,0.0308,9.8309,0.3032,-0.0666,0.254
16660,1163,752,34.605,34.258,0.0602,0.0013,9.8866,-0.7962,-0.2304,-0.1317
16665,1174,760,34.57,34.244,-0.0931,-0.0152,9.892,0.7225,-0.0254,0.4603
16670,1170,758,34.618,34.247,0.0221,0.0878,9.8594,-0.5155,0.4138,0.7637
16675,1175,774,34.627,34.355,0.0019,-0.0718,9.7128,0.0145,0.2327,-0.6451
16680,1185,772,34.536,34.38,0.0022,0.0489,9.8225,0.4545,-1.2065,0.1237
16685,1177,781,34.593,34.228,-0.0908,-0.0284,9.8009,-0.2905,-1.1239,-0.087
16690,1185,788,34.593,34.488,0.0142,-0.0616,9.7313,-0.1691,-0.2743,0.1149
16695,1186,792,34.496,34.388,0.0046,0.0123,9.8096,-0.0963,0.5215,-0.2145
16700,1185,800,34.554,34.386,0.0316,-0.0496,9.8011,-0.6334,-0.5636,-0.0855
16705,1198,811,34.597,34.348,0.0554,0.0095,9.8589,-0.3637,-0.319,0.442
16710,1183,817,34.5,34.322,-0.037,-0.0654,9.7959,-0.9108,0.8971,0.389
16715,1191,820,34.508,34.388,0.0574,0.0361,9.7716,0.9007,0.1972,0.0158
16720,1190,833,34.611,34.351,-0.0012,-0.0167,9.8174,-0.1686,-0.3378,-0.4111
16725,1182,836,34.536,34.322,0.043,-0.0738,9.7375,-0.4217,0.3199,0.2534
16730,1188,835,34.551,34.302,-0.0696,-0.0027,9.8097,0.1984,-0.2149,0.1433
16735,1183,854,34.656,34.226,0.0494,0.0672,9.8277,0.4389,0.8499,-0.7775
16740,1179,848,34.537,34.354,0.0051,-0.0191,9.8065,-1.5022,0.182,0.1105
16745,1189,853,34.544,34.326,0.068,0.0534,9.6842,-0.7046,1.0086,0.7232
16750,1174,864,34.632,34.368,-0.0804,-0.0531,9.7448,-0.6791,-0.1443,-0.0281
16755,1173,870,34.594,34.285,-0.0375,-0.0382,9.8652,0.142,0.2337,1.0357
16760,1171,875,34.668,34.346,0.0149,0.0019,9.8992,0.0422,0.1047,0.1674
16765,1173,883,34.551,34.219,-0.0254,-0.0271,9.8194,-1.0761,0.2005,0.1883
16770,1167,889,34.542,34.297,0.0336,-0.061,9.8549,0.0203,-0.0779,0.3613
16775,1165,883,34.631,34.278,-0.0525,-0.049,9.778,0.2654,-0.2151,0.4311
16780,1161,891,34.604,34.389,0.0992,-0.0284,9.8359,0.3637,-0.4703,-0.8083
16785,1164,894,34.56,34.378,0.0643,-0.0402,9.7937,-0.2492,0.1261,0.5285
16790,1151,895,34.666,34.366,-0.0456,-0.0753,9.8715,0.6545,-0.7499,0.793
16795,1154,899,34.521,34.301,-0.0155,0.0265,9.8082,0.1498,-0.1075,0.2284
16800,1157,899,34.589,34.284,-0.0211,-0.0567,9.8058,0.4064,0.008,-0.7135
16805,1153,899,34.503,34.339,0.0314,0.0119,9.7829,0.046,0.2137,-0.0518
16810,1144,909,34.518,34.31,0.0755,0.1184,9.8189,0.2677,-0.1938,0.406
16815,1146,907,34.638,34.362,-0.023,0.0053,9.822,0.1802,-0.3001,0.4216
16820,1136,904,34.431,34.475,-0.0016,0.0602,9.7434,0.2966,-0.1027,0.434
16825,1132,908,34.632,34.318,0.0376,0.0279,9.8606,-0.1348,-0.9679,-0.7173
16830,1137,911,34.571,34.298,0.1081,0.0259,9.798,-0.4094,-0.6239,0.8311
16835,1127,901,34.624,34.354,-0.0363,-0.0224,9.8715,-0.3231,0.8547,0.2511
16840,1131,910,34.56,34.433,-0.0159,-0.0344,9.8656,0.3685,0.359,0.8485
16845,1125,911,34.612,34.437,-0.0555,0.0994,9.7937,0.1347,0.4613,-1.0586
16850,1121,904,34.54,34.369,0.0826,-0.0359,9.752,-0.1046,-0.1556,0.2175
16855,1122,910,34.484,34.406,-0.1158,0.0247,9.7579,-0.2611,-0.17,0.9189
16860,1119,907,34.663,34.408,-0.0333,-0.0488,9.7697,0.1315,0.3543,-0.7015
16865,1109,907,34.554,34.289,-0.1049,0.0464,9.8917,0.0749,0.0599,0.2062
16870,1114,906,34.608,34.383,-0.0713,-0.0078,9.8427,-0.5572,-0.4893,-0.2896
16875,1107,905,34.593,34.322,-0.0422,0.0235,9.8519,-0.2831,0.257,-0.7759
16880,1115,901,34.623,34.41,0.0056,0.0207,9.8087,0.4451,0.1967,-0.1985
16885,1102,901,34.58,34.29,-0.0011,0.0956,9.798,-0.5432,0.0103,0.0704
16890,1102,900,34.609,34.286,0.0335,0.0772,9.7401,-1.0822,-0.4002,-0.8643
16895,1101,901,34.569,34.399,-0.1211,-0.1076,9.7804,-0.0461,-1.0724,0.0914
16900,1091,904,34.599,34.293,-0.0373,-0.1457,9.8207,0.5337,0.1624,0.0881
16905,1094,896,34.588,34.327,-0.0206,0.0494,9.7297,-0.4264,-0.353,0.271
16910,1089,897,34.666,34.24,0.0091,-0.0334,9.9004,-0.123,-0.3991,0.2988
16915,1088,896,34.536,34.245,-0.044,-0.0014,9.7949,-0.3922,-0.319,0.3175
16920,1094,889,34.609,34.282,0.0433,-0.0271,9.8685,0.2354,-0.6817,-0.7884
16925,1086,890,34.516,34.284,0.0156,-0.043,9.7414,0.5677,-0.974,0.2951
16930,1093,890,34.485,34.312,0.0489,0.0294,9.876,-0.6432,0.6799,0.3207
16935,1080,887,34.556,34.309,0.0004,-0.0248,9.8821,-0.0934,0.4429,-0.1066
16940,1082,893,34.547,34.313,-0.031,0.0065,9.8518,-0.3774,-0.0004,0.8429
16945,1079,886,34.59,34.337,-0.0517,0.0079,9.8555,-0.5239,-0.8018,-0.2121
16950,1077,885,34.564,34.234,-0.0327,-0.0318,9.825,-0.7518,-0.3442,-1.0431
16955,1070,880,34.504,34.419,-0.0033,-0.0007,9.7806,0.6331,0.0408,0.3091
16960,1076,878,34.537,34.35,0.0052,-0.0017,9.8704,-0.0604,0.3648,-0.3036
16965,1066,875,34.54,34.353,-0.0427,-0.0047,9.8647,1.0201,-0.2586,0.2046
16970,1060,878,34.495,34.345,0.0923,-0.0259,9.8743,0.2181,-0.3138,0.5252
16975,1065,878,34.613,34.381,0.0928,0.0256,9.7993,1.2022,-0.7244,0.4985
16980,1050,876,34.579,34.323,-0.0676,0.0183,9.8606,-0.0911,-0.4239,0.064
16985,1052,867,34.588,34.358,-0.0044,0.0305,9.8702,-0.701,-1.0096,-0.6708
16990,1059,878,34.618,34.275,0.0327,-0.0451,9.8835,0.4363,-0.0417,0.7431
16995,1052,869,34.654,34.362,-0.0519,-0.0354,9.796,0.1682,-0.7021,-0.1249
17000,1045,860,34.585,34.358,-0.0344,-0.0315,9.8,0.4729,-0.4028,-0.0538
17005,1046,862,34.524,34.364,0.0805,-0.0206,9.7326,-0.0314,-0.2394,0.4139
17010,1040,867,34.554,34.374,0.0792,0.0423,9.8521,-0.3826,-0.0793,-0.2335
17015,1037,863,34.569,34.333,-0.006,-0.0779,9.6749,1.3338,-0.1711,0.1521
17020,1014,865,34.668,34.406,0.0367,0.1002,9.8834,-0.3164,0.1832,0.2526
17025,1019,861,34.556,34.293,-0.011,0.0308,9.8791,1.2893,-0.4187,0.2865
17030,1015,859,34.588,34.393,0.0179,-0.0909,9.8135,0.1752,0.3905,-0.0424
17035,1006,857,34.541,34.373,-0.0437,-0.0698,9.8317,0.379,0.3281,1.238
17040,1010,856,34.584,34.297,0.0006,0.0195,9.8526,0.3773,0.4185,0.3987
17045,992,854,34.582,34.3,-0.0691,-0.0,9.781,0.7527,-0.0762,-0.1875
17050,995,858,34.563,34.351,0.0295,-0.0465,9.8304,0.7438,0.406,0.3666
17055,971,850,34.57,34.287,0.0837,-0.0235,9.7258,-0.4192,-0.9083,-0.4175
17060,974,849,34.613,34.348,-0.065,0.0712,9.7735,-0.2351,0.0328,0.1305
17065,960,852,34.564,34.357,0.0827,-0.0046,9.8473,0.2206,0.9142,-0.4526
17070,969,846,34.567,34.233,0.0554,-0.064,9.8134,0.7088,-0.712,0.0918
17075,953,847,34.545,34.328,0.0519,-0.0299,9.884,0.0658,-0.2086,-0.2126
17080,943,844,34.606,34.325,-0.005,0.006,9.864,0.7508,-0.2728,0.7848
17085,928,846,34.545,34.35,-0.0816,0.0657,9.8863,1.3788,-0.0705,-0.1658
17090,925,844,34.594,34.418,0.0466,-0.0138,9.7879,-0.1098,0.5169,-0.1542
17095,912,844,34.57,34.369,0.0004,0.0514,9.814,-0.0333,-0.106,-0.6694
17100,905,834,34.615,34.218,0.0029,0.03,9.7651,0.2768,0.6942,0.1303
17105,886,839,34.648,34.324,0.0274,-0.042,9.7593,0.5773,0.5564,-0.8391
17110,896,835,34.513,34.341,0.0411,0.0085,9.7949,-0.0232,0.0151,0.0335
17115,875,829,34.618,34.273,0.0185,0.0194,9.7716,-0.0859,-0.1322,0.483
17120,879,829,34.531,34.309,-0.0326,-0.0122,9.8267,-0.0831,0.1738,-0.1019
17125,868,827,34.58,34.34,-0.0223,0.0222,9.8201,-0.6613,0.0434,0.6096
17130,859,828,34.631,34.397,-0.0271,0.0614,9.866,-0.8562,0.8953,-0.0752
17135,842,823,34.489,34.371,-0.0237,0.0071,9.8369,-0.4761,0.3377,-0.9284
17140,838,816,34.568,34.351,-0.0783,0.0289,9.7282,-0.0721,0.4306,1.0488
17145,825,810,34.62,34.327,-0.0782,0.0404,9.7915,1.1346,-0.1443,-0.2187
17150,830,821,34.502,34.236,-0.0538,-0.0296,9.8521,-0.3163,-0.302,-0.2777
17155,822,807,34.621,34.299,-0.0263,-0.0682,9.8404,-0.218,-0.4608,0.9925
17160,807,806,34.591,34.295,0.0385,0.0434,9.8014,0.2243,0.2117,0.3305
17165,798,800,34.6,34.377,0.024,0.0387,9.7724,-0.156,-0.7127,-0.3084
17170,798,799,34.64,34.313,0.0498,0.001,9.6383,0.5721,0.7068,0.8413
17175,787,797,34.536,34.384,0.0201,-0.0367,9.8685,0.5122,-0.5785,0.1336
17180,791,793,34.543,34.319,0.0181,-0.0686,9.8476,0.4402,-0.6112,0.5213
17185,776,786,34.609,34.269,0.0358,0.0121,9.8764,0.0937,0.2586,-0.6734
17190,763,786,34.6,34.331,0.1214,0.0313,9.736,0.3768,0.2154,-0.1654
17195,769,783,34.598,34.329,0.0506,-0.0633,9.8725,0.0926,0.9503,-0.8653
17200,757,773,34.565,34.378,-0.0087,-0.0313,9.8337,-0.7396,0.6384,-0.5194
17205,756,773,34.547,34.321,-0.0768,0.0726,9.8114,-0.2888,-0.199,-0.3239
17210,756,762,34.638,34.335,-0.0966,0.083,9.8481,-0.5396,0.4062,-0.5529
17215,755,755,34.577,34.287,0.0054,0.1073,9.8368,0.2554,-0.7612,-0.5719
17220,753,752,34.458,34.4,-0.0465,-0.1084,9.8411,0.0715,0.1314,0.3611
17225,767,754,34.517,34.362,-0.0027,0.0441,9.7828,-0.2539,-0.6837,-0.1435
17230,749,748,34.559,34.397,-0.0486,0.0392,9.7479,0.5335,-0.0583,-0.6585
17235,747,743,34.588,34.326,-0.0895,0.0682,9.9116,-0.2791,-0.0372,-0.769
17240,740,734,34.513,34.231,-0.0529,-0.0165,9.7858,-0.8111,0.673,0.0092
17245,752,730,34.614,34.376,0.0255,0.0163,9.8514,-0.5108,0.2681,0.0597
17250,749,729,34.618,34.324,0.003,0.0468,9.7471,0.2066,-0.2165,0.9001
17255,753,720,34.543,34.372,-0.0522,0.0078,9.7999,0.3473,-0.4271,-0.1817
17260,766,713,34.54,34.235,-0.0819,0.0963,9.7931,0.356,-0.7392,-0.1691
17265,765,711,34.509,34.362,-0.0119,-0.0467,9.8527,-0.0537,-0.2862,0.2366
17270,754,706,34.529,34.317,-0.0083,-0.0707,9.8143,0.5907,-0.4514,-0.1367
17275,763,700,34.534,34.27,0.0082,-0.0697,9.7452,0.3657,0.279,0.702
17280,765,696,34.535,34.283,-0.0315,0.087,9.8642,-0.4518,-0.4847,0.709
17285,783,691,34.534,34.402,0.0079,-0.0301,9.7721,-0.4292,-0.5723,0.8681
17290,787,691,34.542,34.309,-0.0212,-0.0738,9.7735,0.5191,-0.194,0.6821
17295,803,684,34.586,34.334,-0.0909,-0.0443,9.8988,0.5989,0.2155,-0.0607
17300,800,677,34.479,34.283,-0.0166,0.0434,9.9075,-0.1854,0.2313,-0.987
17305,811,675,34.642,34.257,0.0554,-0.0251,9.8179,0.5441,0.3821,-0.2344
17310,807,672,34.632,34.381,0.0628,-0.048,9.7893,0.0491,-0.582,0.1875
17315,818,667,34.604,34.393,0.0499,0.0101,9.8427,0.4677,0.5107,-0.022
17320,835,665,34.587,34.398,0.0101,0.0094,9.8736,0.3081,-0.2202,0.21
17325,842,664,34.575,34.302,-0.038,0.0124,9.8147,0.5135,-0.4897,0.0088
17330,847,664,34.613,34.264,-0.037,0.0203,9.8007,0.2187,0.6179,-0.2395
17335,864,664,34.489,34.336,0.0237,0.0431,9.7739,-0.4071,-0.009,0.0083
17340,873,660,34.562,34.32,-0.002,0.0305,9.7548,-0.0996,0.5654,0.2281
17345,887,654,34.627,34.389,0.0418,0.068,9.7925,0.5475,-0.8857,-0.1974
17350,894,648,34.496,34.415,-0.0627,0.0981,9.7955,-0.3498,-0.4588,-0.2023
17355,900,654,34.621,34.339,0.0542,-0.0446,9.8848,-0.108,-0.4974,0.2701
17360,916,653,34.62,34.304,0.0127,0.0284,9.797,-0.4392,0.2635,0.7543
17365,927,655,34.548,34.363,0.0849,-0.0755,9.725,0.062,-0.1347,-0.1367
17370,925,653,34.591,34.338,0.0178,0.0457,9.8033,1.1891,-0.6206,0.9946
17375,942,659,34.616,34.304,0.083,-0.0487,9.7804,-0.4524,0.0372,-0.6211
17380,953,653,34.568,34.299,-0.0236,0.0432,9.8235,-0.0662,-0.0067,0.3356
17385,974,652,34.56,34.382,0.0469,0.0388,9.753,1.1078,-0.7121,-0.5669
17390,987,658,34.638,34.299,0.0645,0.0097,9.7464,0.2008,0.3715,-0.6102
17395,992,660,34.555,34.27,-0.065,0.0153,9.821,-0.2664,1.3451,0.092
17400,999,657,34.645,34.272,0.0397,-0.006,9.7691,0.7251,0.8447,-0.4758
17405,1018,667,34.509,34.337,0.0134,-0.0147,9.8005,-0.1357,-1.0006,-0.9692
17410,1040,662,34.612,34.198,-0.0247,0.0443,9.8379,0.487,0.8631,0.3936
17415,1041,671,34.632,34.393,-0.0166,-0.0325,9.8021,-0.8969,-0.6955,0.3126
17420,1057,673,34.606,34.256,-0.0277,0.04,9.7822,-0.1142,0.6025,0.0175
17425,1066,675,34.596,34.384,0.0164,-0.0339,9.8688,-0.0262,-0.0183,0.1548
17430,1070,683,34.553,34.277,-0.0274,-0.0034,9.7974,-0.3274,0.25,-0.5202
17435,1083,682,34.557,34.315,-0.0431,-0.0644,9.8907,-1.4977,0.4611,-0.4248
17440,1087,693,34.686,34.295,-0.0612,-0.0688,9.7444,1.2176,-0.1022,0.5479
17445,1103,696,34.538,34.338,-0.059,0.0018,9.7454,0.4613,-0.9297,-0.4171
17450,1103,697,34.617,34.344,-0.0566,-0.0704,9.8126,-0.136,0.1947,0.4445
17455,1121,707,34.562,34.309,-0.0159,0.0297,9.7415,-1.0948,-0.0843,0.1287
17460,1128,710,34.634,34.343,-0.1471,-0.0197,9.7898,-0.5368,-0.5212,0.7716
17465,1134,714,34.526,34.266,-0.0134,-0.0666,9.8049,0.5357,-0.5958,0.1573
17470,1141,723,34.553,34.259,0.0571,0.0103,9.7893,0.1705,0.8766,-0.1312
17475,1138,726,34.528,34.301,0.0442,-0.0864,9.8408,0.2893,-0.2604,-0.0831
17480,1148,737,34.55,34.287,-0.0179,-0.0275,9.834,-0.2372,1.1843,-0.3953
17485,1155,741,34.577,34.361,-0.0048,-0.0061,9.7417,0.1803,0.2292,-0.7716
17490,1163,748,34.577,34.317,-0.0105,-0.005,9.8036,0.4238,1.0576,0.0973
17495,1162,751,34.598,34.32,-0.0132,-0.0533,9.7304,0.6005,-0.4178,-0.1922
17500,1177,762,34.571,34.37,-0.0283,0.0411,9.8665,-1.0246,-0.3079,0.0765
17505,1166,769,34.576,34.373,0.0328,0.0072,9.8303,0.0779,0.0971,-0.5231
17510,1178,775,34.485,34.396,0.0112,0.0234,9.752,0.4531,0.3118,-0.7479
17515,1181,787,34.576,34.305,-0.0083,0.0409,9.8451,0.3022,-0.1543,-0.0128
17520,1190,794,34.593,34.403,0.0208,0.0797,9.8424,-0.0694,0.3336,-0.7236
17525,1175,801,34.471,34.323,-0.104,0.0159,9.832,-0.1187,0.0408,0.9919
17530,1193,804,34.565,34.354,-0.0174,0.0229,9.8034,0.1333,-0.7926,-0.59
17535,1190,811,34.534,34.328,0.0549,0.028,9.8766,-0.5538,-0.6914,-0.0104
17540,1193,820,34.509,34.319,0.0977,-0.0294,9.8207,0.3174,0.0029,0.1966
17545,1192,826,34.587,34.314,-0.081,0.0386,9.8285,-0.1219,0.8615,-0.0481
17550,1196,834,34.591,34.359,-0.0228,0.0364,9.7843,-0.5652,-0.0961,-0.1704
17555,1189,835,34.523,34.27,0.0496,-0.0759,9.7908,0.0174,0.6437,1.1978
17560,1189,843,34.563,34.299,0.0215,-0.0355,9.76,-0.7173,0.5206,-0.6111
17565,1189,851,34.508,34.403,-0.0197,-0.0311,9.7977,0.2371,0.7453,0.0157
17570,1176,854,34.525,34.275,0.0824,-0.0099,9.8787,-0.1534,0.7493,0.599
17575,1174,858,34.572,34.402,-0.0088,0.0458,9.8485,-0.2663,0.5468,-0.4622
17580,1180,863,34.536,34.41,0.038,-0.0691,9.8098,-0.6216,-0.2178,1.0447
17585,1187,868,34.581,34.37,-0.0542,-0.033,9.843,0.0058,0.1588,0.333
17590,1180,870,34.614,34.238,-0.045,-0.0821,9.8132,0.5005,-0.1832,-0.4857
17595,1171,879,34.592,34.382,-0.0238,0.0289,9.7157,0.5019,0.9363,-0.5551
17600,1162,881,34.583,34.389,-0.108,-0.0196,9.8208,-0.3511,-0.8068,0.8493
17605,1163,887,34.624,34.345,-0.0839,0.0291,9.9131,-0.166,-0.2907,0.0477
17610,1156,890,34.467,34.358,-0.0188,-0.0934,9.8182,0.0102,0.315,0.4574
17615,1159,893,34.554,34.293,0.0503,0.0723,9.7535,-0.7397,-0.1555,0.376
17620,1169,895,34.637,34.265,0.0812,0.0519,9.8223,-0.192,-0.4242,0.1658
17625,1153,897,34.578,34.384,-0.0355,-0.0461,9.838,-0.7199,0.1044,-0.3018
17630,1154,901,34.578,34.314,-0.0605,0.0321,9.7798,1.2651,1.3361,0.3597
17635,1145,903,34.613,34.366,0.0159,0.029,9.8613,0.5103,0.4077,0.2703
17640,1143,901,34.623,34.325,0.0208,-0.0209,9.8109,-0.0386,0.2971,-0.1851
17645,1143,902,34.531,34.285,0.0416,-0.0096,9.784,-1.0337,-0.7256,-0.0026
17650,1140,906,34.625,34.285,0.0375,0.1379,9.8225,0.3582,-0.8944,-0.2326
17655,1134,906,34.581,34.27,0.0077,-0.003,9.7995,0.6725,0.2323,-0.6163
17660,1133,906,34.528,34.244,0.0581,0.0363,9.756,-0.61,-0.633,-0.0902
17665,1128,908,34.455,34.334,-0.0239,0.0228,9.8161,-0.6104,0.1736,-0.4901
17670,1124,911,34.503,34.26,-0.0065,0.0132,9.7663,0.2724,-0.2066,0.4678
17675,1128,912,34.536,34.2,-0.0133,0.018,9.867,0.0761,-0.7375,-0.1675
17680,1114,914,34.559,34.404,-0.0051,-0.005,9.8352,0.0986,0.8466,0.5719
17685,1126,909,34.495,34.379,0.005,-0.0681,9.8001,0.6776,0.8356,0.4259
17690,1118,912,34.657,34.297,0.0091,0.0269,9.826,-0.7696,-0.7348,0.3333
17695,1120,909,34.541,34.334,-0.0906,0.0414,9.7359,0.0165,1.0598,0.4441
17700,1121,908,34.599,34.346,0.0381,-0.0229,9.7676,0.0696,0.3036,0.065
17705,1104,910,34.669,34.288,0.0115,-0.0595,9.8212,0.6634,-0.8701,0.0368
17710,1104,904,34.577,34.374,-0.004,0.0328,9.7835,-0.0182,0.0712,-0.3546
17715,1096,905,34.595,34.342,0.0377,0.0598,9.8118,0.0452,-0.1918,-0.3186
17720,1103,904,34.483,34.45,-0.0154,0.0768,9.8392,-1.01,-0.4593,0.291
17725,1108,899,34.512,34.423,-0.0139,0.0296,9.7929,-0.1239,-0.3952,-0.2669
17730,1097,903,34.647,34.343,0.0097,-0.0237,9.7809,-0.402,-0.0159,-0.0019
17735,1102,898,34.575,34.217,-0.0468,-0.0141,9.7333,0.3602,0.4622,0.4085
17740,1084,898,34.561,34.311,0.0223,-0.0299,9.8641,0.5692,-0.4219,-0.5665
17745,1092,891,34.499,34.256,0.0205,-0.0082,9.8492,-0.6385,-0.4704,0.0468
17750,1086,894,34.606,34.3,-0.0682,0.0253,9.8833,-0.2437,-0.0953,0.1262
17755,1090,892,34.574,34.327,0.047,0.0126,9.8366,-0.4434,-1.5269,0.8432
17760,1091,889,34.481,34.306,0.0435,-0.0283,9.8242,0.3098,0.0994,0.5516
17765,1084,889,34.541,34.386,0.0134,-0.0535,9.9206,-0.3699,0.1597,0.5473
17770,1079,886,34.603,34.349,-0.0174,0.0045,9.8492,0.6208,0.566,0.906
17775,1070,880,34.514,34.33,-0.0129,-0.0079,9.8708,-0.4925,0.9568,-0.2855
17780,1073,886,34.63,34.266,-0.0289,0.0106,9.7706,0.0345,-1.2307,-0.1439
17785,1067,880,34.537,34.39,0.0153,-0.0215,9.8043,0.0836,0.5133,1.0747
17790,1079,879,34.566,34.364,0.0216,-0.0021,9.7369,0.0669,-0.7465,-0.1179
17795,1059,876,34.641,34.284,0.0024,0.0047,9.7388,-1.3028,-0.3768,-0.0543
17800,1063,877,34.525,34.284,-0.0312,0.007,9.867,-0.2244,0.0024,-1.1842
17805,1056,875,34.51,34.286,0.0389,0.0434,9.8163,0.2894,-0.0314,-0.1069
17810,1060,873,34.541,34.28,0.0692,0.0987,9.8483,0.0669,-0.0338,0.772
17815,1061,867,34.507,34.405,-0.0108,-0.041,9.8506,-0.0676,-0.2344,0.1187
17820,1054,867,34.577,34.358,0.0137,-0.0176,9.7782,-0.018,0.029,-0.412
17825,1049,860,34.607,34.403,0.0151,-0.0897,9.7799,0.1526,-0.7476,-0.1297
17830,1043,864,34.606,34.331,-0.0028,-0.0824,9.7552,0.3552,0.3538,0.7918
17835,1040,867,34.5,34.316,-0.0717,0.0627,9.8689,0.0626,-0.1355,1.3596
17840,1041,864,34.548,34.397,0.0049,0.0094,9.8302,-0.5049,-0.3859,0.1957
17845,1038,866,34.475,34.364,-0.0467,-0.0015,9.8391,0.8887,-0.673,-1.3863
17850,1020,858,34.566,34.364,0.0214,-0.0672,9.8161,-0.5699,-1.1112,-0.2804
17855,1013,857,34.632,34.421,0.0551,-0.0117,9.8389,-0.0969,1.2591,-0.5326
17860,1012,857,34.517,34.378,0.0214,-0.0261,9.6975,0.0269,-0.1128,0.0442
17865,1001,857,34.545,34.259,0.0023,-0.0105,9.8319,1.1274,-0.957,-0.3039
17870,1003,858,34.687,34.337,0.1027,-0.0043,9.8619,0.3715,0.2848,-0.5391
17875,997,849,34.569,34.365,-0.0935,0.0401,9.8765,0.2566,0.378,0.2722
17880,991,848,34.589,34.35,0.0087,-0.0452,9.8477,-0.2665,-0.3683,0.5318
17885,985,853,34.456,34.353,-0.0274,-0.0368,9.8251,-0.1421,-0.113,-0.1412
17890,968,849,34.594,34.42,-0.0484,-0.0189,9.7168,-0.0638,-0.17,-0.9517
17895,967,855,34.567,34.344,0.018,0.0414,9.8209,-0.2076,-1.0413,-0.291
17900,961,843,34.609,34.314,-0.1354,0.0152,9.7228,0.205,-0.2012,-0.386
17905,953,848,34.549,34.286,0.0488,-0.0052,9.8067,-0.5167,0.6434,-0.4038
17910,939,845,34.58,34.317,0.0057,0.0653,9.8599,-0.2094,0.0384,-0.0218
17915,923,841,34.551,34.47,-0.0455,0.0981,9.7708,-0.1374,0.0393,-0.8641
17920,927,838,34.578,34.383,-0.0165,0.0927,9.7862,0.1592,-0.3444,0.7011
17925,917,840,34.63,34.408,-0.0904,-0.0123,9.8535,-0.0091,0.6348,0.2288
17930,911,840,34.662,34.36,0.0065,0.0693,9.7914,-0.268,0.2832,0.5207
17935,895,843,34.562,34.347,0.0585,-0.0051,9.868,0.9482,0.1652,0.232
17940,888,832,34.556,34.359,-0.0088,0.0828,9.8401,-0.0987,-0.1277,0.1815
17945,884,832,34.591,34.308,0.0916,0.0907,9.7293,-0.6962,0.3096,0.1987
17950,880,823,34.551,34.338,0.0312,0.1273,9.7466,0.698,-0.1199,1.0455
17955,862,826,34.499,34.37,-0.0092,-0.0176,9.9076,0.443,-0.2913,0.0557
17960,861,821,34.568,34.33,0.0484,0.0801,9.8293,0.9277,0.4087,-0.9676
17965,847,822,34.621,34.387,0.0629,0.0088,9.8035,0.3576,-0.1682,0.0258
17970,845,822,34.622,34.305,0.1221,-0.0137,9.8708,0.5958,0.6268,-0.0935
17975,840,820,34.546,34.323,0.0806,0.0047,9.7251,0.6461,0.1427,-0.1414
17980,815,818,34.562,34.355,0.0252,-0.006,9.7921,0.6581,-0.1629,0.0162
17985,814,807,34.593,34.426,0.0955,0.0528,9.792,-0.2255,-0.3532,1.118
17990,805,808,34.555,34.313,-0.0344,0.0143,9.8525,-0.9166,0.2014,0.5415
17995,799,808,34.633,34.327,0.0565,0.0012,9.8759,-0.1981,0.1767,-0.169
18000,789,801,34.573,34.405,-0.0322,-0.034,9.7424,0.3934,-0.3256,0.1284
18005,786,800,34.499,34.305,-0.0698,-0.0073,9.8562,0.0854,0.2846,0.0377
18010,783,793,34.564,34.325,-0.0049,0.0254,9.8767,-0.3061,0.0575,-0.1554
18015,773,787,34.628,34.29,0.0866,-0.0281,9.8029,0.1727,0.0894,0.538
18020,778,779,34.494,34.417,0.1169,-0.0073,9.8402,0.8802,0.1883,1.3053
18025,777,780,34.576,34.308,-0.0212,-0.008,9.8051,-0.9231,0.483,-0.1904
18030,767,776,34.611,34.309,0.1881,0.0728,9.7292,-1.026,-0.7798,0.7439
18035,771,773,34.518,34.43,0.0668,0.0117,9.8137,-0.4496,0.1074,0.0329
18040,750,768,34.568,34.384,-0.0558,-0.0016,9.8686,0.4408,0.9656,0.6255
18045,754,762,34.529,34.353,0.0396,0.014,9.7213,-0.0584,0.3673,-0.2832
18050,740,756,34.525,34.33,0.0362,-0.0008,9.7776,-0.4493,-0.1873,-0.1807
18055,747,752,34.61,34.319,-0.0066,-0.0007,9.8444,0.0363,-0.1717,-0.5151
18060,743,741,34.505,34.393,0.0116,0.0024,9.7925,0.2066,-0.5055,0.0401
18065,742,743,34.631,34.362,-0.0938,-0.0069,9.8416,0.6911,0.1269,0.1388
18070,746,735,34.611,34.291,-0.0673,-0.0216,9.7794,0.4827,-0.4623,0.4921
18075,741,735,34.568,34.353,0.0405,-0.0367,9.7233,0.118,0.4564,0.15
18080,748,726,34.573,34.393,0.0594,0.0113,9.8861,0.2614,-0.1582,-0.0265
18085,759,720,34.553,34.36,-0.0208,0.0611,9.8376,-0.0686,0.0059,0.4304
18090,755,712,34.577,34.323,-0.0016,-0.0257,9.8218,-1.0705,-0.1064,-0.1484
18095,762,708,34.626,34.387,-0.0395,0.0128,9.7764,-0.2389,0.2022,-0.1148
18100,762,707,34.493,34.249,0.0202,0.0396,9.797,-0.8504,0.6186,-0.9904
18105,764,700,34.531,34.38,-0.0649,0.0215,9.7535,0.0578,0.0065,0.8903
18110,769,691,34.564,34.388,0.0064,0.0985,9.7994,-0.688,0.3215,0.2702
18115,774,694,34.582,34.341,0.0645,0.0859,9.7724,0.59,0.2137,0.024
18120,776,690,34.532,34.457,-0.0684,-0.0881,9.7116,0.4835,-0.1437,-0.0716
18125,792,684,34.567,34.312,-0.0192,-0.0523,9.8196,-0.4875,0.1298,0.0322
18130,799,681,34.58,34.309,-0.036,0.0248,9.845,-0.5414,0.2192,0.0872
18135,812,673,34.521,34.356,0.0177,0.0752,9.8434,-0.0363,0.2278,-0.9005
18140,809,670,34.556,34.334,0.0318,-0.0585,9.784,-0.4262,0.2688,-0.1978
18145,823,670,34.53,34.327,-0.0487,-0.0202,9.8004,-0.9646,-0.9696,0.1516
18150,846,665,34.572,34.406,0.0766,0.0002,9.8026,0.0353,0.6143,0.3933
18155,846,662,34.611,34.333,-0.0787,-0.0353,9.836,0.5457,-0.2219,0.1603
18160,854,656,34.593,34.283,0.065,-0.0578,9.9159,0.3345,-0.3919,0.4502
18165,863,658,34.617,34.323,0.0468,0.0054,9.7744,-0.6598,0.1694,0.28
18170,860,654,34.613,34.222,-0.0816,-0.0546,9.8083,0.2798,0.2224,0.127
18175,879,652,34.529,34.395,0.0564,-0.0459,9.8782,0.334,0.7564,0.5056
18180,888,654,34.629,34.285,-0.0289,-0.0805,9.8466,0.1362,0.1262,0.3024
18185,900,649,34.63,34.347,-0.0245,-0.0017,9.7941,-0.2639,0.2997,-0.0492
18190,912,647,34.585,34.362,0.0216,0.0541,9.7492,0.315,0.6524,0.2782
18195,926,647,34.589,34.379,0.0044,0.0271,9.7821,0.3038,0.3143,0.1593
18200,942,656,34.592,34.231,0.0142,0.0021,9.701,-0.7383,0.5233,-0.7421
18205,949,654,34.588,34.308,-0.0551,-0.0461,9.7975,0.0215,0.5453,0.0317
18210,972,651,34.605,34.306,-0.0415,-0.0125,9.8056,0.2612,-0.3093,-0.6293
18215,974,651,34.537,34.277,0.0585,0.0061,9.7109,0.7319,-0.5696,0.0527
18220,985,655,34.475,34.344,-0.0486,0.0735,9.7363,-0.2081,0.1831,0.6153
18225,1004,654,34.509,34.386,-0.0142,0.0371,9.7637,0.138,0.0476,-0.7472
18230,1012,656,34.548,34.288,0.0169,0.0058,9.7266,-0.0887,0.06,-0.2234
18235,1026,663,34.55,34.381,-0.0342,0.0655,9.7921,-0.3477,-0.7171,0.5092
18240,1033,664,34.5,34.29,-0.0005,0.0469,9.7838,-1.2675,0.7362,-0.3166
18245,1040,671,34.689,34.387,-0.0108,-0.1152,9.8415,-0.0888,0.3989,-0.4072
18250,1051,674,34.555,34.35,0.0086,-0.0999,9.7885,-0.6822,-0.234,-0.6151
18255,1064,677,34.602,34.339,-0.0712,-0.0487,9.9257,-0.3129,-0.4398,0.0796
18260,1076,674,34.673,34.258,0.0633,-0.0819,9.7518,0.4817,-0.3434,-0.532
18265,1079,682,34.622,34.457,0.0735,0.0253,9.7505,-0.6514,0.0437,-0.2334
18270,1092,689,34.583,34.273,0.0101,0.0418,9.867,0.4938,-0.0463,0.0375
18275,1100,695,34.535,34.4,0.0184,-0.0162,9.7774,-0.4208,-0.3879,0.5018
18280,1115,698,34.54,34.333,0.0012,-0.0401,9.8513,1.2115,-0.0876,0.5635
18285,1121,708,34.552,34.346,0.0013,-0.0036,9.8515,-0.9277,-0.163,-0.8175
18290,1126,711,34.668,34.307,-0.0466,-0.0891,9.8159,-0.1721,-0.1513,0.5076
18295,1136,718,34.561,34.373,0.0026,-0.0092,9.8103,-0.3926,0.572,0.0668
18300,1142,724,34.557,34.265,-0.0422,-0.079,9.797,0.516,-0.4322,-0.0775
18305,1150,728,34.625,34.315,-0.0042,-0.0249,9.8216,-0.1219,0.7577,-0.3492
18310,1146,736,34.595,34.398,0.0152,-0.0257,9.8516,0.62,0.2788,0.0206
18315,1155,737,34.567,34.337,0.0429,0.0053,9.7991,-0.4172,-1.0262,0.9211
18320,1158,747,34.574,34.398,-0.0175,-0.0214,9.8013,-0.3577,0.0157,-0.4373
18325,1167,762,34.524,34.381,0.0327,-0.0275,9.8915,-0.3182,-0.0364,0.3356
18330,1173,761,34.547,34.327,0.0271,-0.0372,9.7913,0.3037,-0.1817,-0.1892
18335,1169,773,34.55,34.366,-0.0668,0.0312,9.8179,-0.9088,-0.4072,0.3779
18340,1177,785,34.545,34.382,0.0184,0.0153,9.8545,-0.1383,0.1206,-0.5266
18345,1186,779,34.482,34.307,-0.0579,-0.0057,9.7844,-0.2327,0.3885,-0.6483
18350,1180,790,34.609,34.292,-0.0096,0.0181,9.8563,-0.3114,-0.5189,-0.3928
18355,1187,796,34.473,34.246,0.0228,-0.0054,9.841,0.0729,0.801,0.8877
18360,1189,805,34.502,34.428,0.0935,-0.054,9.7156,0.5374,-0.024,-0.0707
18365,1184,817,34.602,34.412,-0.042,0.0301,9.7255,1.0829,-0.2722,0.1807
18370,1188,818,34.5,34.262,-0.0224,-0.0232,9.7712,0.137,0.4024,0.2046
18375,1188,826,34.515,34.29,0.0704,-0.0075,9.817,-0.5165,-0.5068,0.622
18380,1180,826,34.573,34.395,-0.0391,0.0288,9.7433,-0.4286,-1.0628,-0.2797
18385,1181,840,34.598,34.264,-0.0216,0.0487,9.8029,-0.0375,0.4112,0.3759
18390,1181,842,34.553,34.39,0.0282,-0.0511,9.7857,-0.4541,0.4212,0.3
18395,1183,850,34.63,34.281,-0.0279,0.0489,9.7678,-1.0225,-0.3852,-0.6945
18400,1181,852,34.634,34.386,0.092,-0.0642,9.8541,0.4788,0.3505,-0.0641
18405,1185,855,34.586,34.366,0.039,0.0271,9.8673,0.3566,0.0463,0.539
18410,1192,866,34.61,34.335,-0.0446,-0.0093,9.8385,0.3075,-0.1975,0.6867
18415,1177,868,34.596,34.32,-0.0461,-0.0056,9.9152,-0.3178,0.0844,-0.274
18420,1182,873,34.567,34.31,0.023,-0.0596,9.8148,-0.4152,0.8233,-0.1648
18425,1170,883,34.593,34.242,-0.0496,-0.0803,9.8146,1.0992,0.2645,0.2248
18430,1168,878,34.624,34.38,-0.0474,-0.0159,9.8411,0.1335,0.4847,-0.108
18435,1161,883,34.52,34.341,0.0009,0.0346,9.8687,0.094,-0.0431,0.9
18440,1161,886,34.633,34.357,-0.0856,0.0211,9.7385,0.6665,0.1369,-0.0258
18445,1159,895,34.671,34.303,0.0517,0.0046,9.7324,-0.6102,0.5974,1.1903
18450,1150,896,34.552,34.304,0.0358,0.0143,9.8268,-0.9741,0.5489,-0.6025
18455,1156,896,34.653,34.363,-0.0138,-0.0481,9.8359,0.4748,0.4022,0.0737
18460,1156,900,34.575,34.314,0.0345,-0.0288,9.7291,-0.1476,-0.1769,-0.7119
18465,1147,902,34.672,34.386,0.0056,-0.019,9.7718,-0.0962,-0.345,0.3796
18470,1140,904,34.612,34.354,0.0103,0.0482,9.8448,-0.182,0.6426,0.1234
18475,1140,904,34.556,34.298,0.0217,-0.0039,9.754,0.3306,-0.7038,-0.1766
18480,1149,907,34.507,34.347,-0.1269,-0.0838,9.7711,0.1133,0.0658,-0.3489
18485,1123,909,34.527,34.402,0.1081,-0.0511,9.7618,0.6013,-0.0108,-0.62
18490,1130,909,34.613,34.298,-0.0723,0.0058,9.8028,-0.1557,-0.5863,0.8106
18495,1127,915,34.607,34.363,0.0544,-0.0298,9.7944,0.5803,0.1946,0.4722
18500,1133,916,34.56,34.288,-0.0588,0.0036,9.9545,0.0901,0.5937,0.0903
18505,1124,910,34.536,34.268,0.0403,-0.0184,9.8961,0.2814,-0.2882,0.7742
18510,1118,915,34.526,34.279,-0.026,0.0317,9.8529,-0.8722,1.5203,-0.7258
18515,1111,908,34.58,34.281,-0.0574,0.0054,9.7512,-0.0238,0.5609,0.4983
18520,1120,913,34.634,34.369,0.0949,0.0026,9.8782,-0.2115,-0.6488,-0.1424
18525,1103,909,34.552,34.383,0.0345,-0.0753,9.879,-0.4979,0.3286,0.428
18530,1111,907,34.58,34.364,0.0542,0.006,9.8162,0.6014,0.1375,-0.6968
18535,1118,903,34.544,34.254,-0.0686,-0.0093,9.858,-0.0087,-0.5144,-0.4599
18540,1106,911,34.638,34.357,0.073,0.1201,9.8057,0.2156,-0.1442,0.114
18545,1101,900,34.66,34.406,-0.0388,0.0151,9.8372,1.1493,0.0009,-0.6567
18550,1101,903,34.602,34.388,-0.0072,-0.0428,9.7503,-0.503,0.0073,-0.1313
18555,1097,902,34.58,34.419,-0.0656,-0.0245,9.9143,0.062,-0.3769,-0.6759
18560,1100,899,34.532,34.264,0.0179,-0.0786,9.8831,-0.044,-0.3848,0.109
18565,1103,900,34.511,34.367,0.0215,-0.0266,9.7899,0.4409,-0.9664,0.3513
18570,1095,896,34.649,34.234,-0.0289,0.0159,9.8547,-0.2056,0.37,0.0505
18575,1097,892,34.597,34.395,0.0285,0.008,9.7663,0.408,-0.1357,0.0231
18580,1086,894,34.569,34.292,0.038,0.004,9.8939,-0.4941,-0.338,-0.8956
18585,1082,887,34.584,34.355,0.0576,-0.022,9.8126,0.0422,-0.2805,-0.3453
18590,1081,892,34.562,34.316,0.0218,-0.0797,9.794,-0.356,-0.031,0.6243
18595,1095,890,34.569,34.354,-0.0507,-0.0088,9.7749,0.1033,-0.2187,-0.0571
18600,1082,882,34.512,34.385,0.0081,-0.1165,9.7771,-0.022,0.4068,-0.9973
18605,1075,886,34.57,34.393,0.0143,-0.0333,9.7773,-0.3706,0.1243,0.4527
18610,1070,882,34.568,34.31,0.1017,0.0167,9.7067,-0.0822,-0.3916,0.3239
18615,1072,877,34.621,34.361,-0.0104,0.0555,9.8485,0.7735,0.1395,-0.3215
18620,1070,879,34.5,34.302,0.0361,0.0586,9.8395,-0.0253,0.4893,0.0829
18625,1068,874,34.572,34.285,0.0143,0.0246,9.961,0.3346,0.7437,-0.2942
18630,1059,877,34.589,34.344,0.0078,-0.0483,9.7975,0.3245,-0.3943,0.2279
18635,1054,869,34.615,34.27,0.0571,-0.0502,9.8132,0.2796,-0.1904,-0.0881
18640,1056,869,34.605,34.375,0.0324,0.0672,9.8074,-0.3408,0.2049,-0.1159
18645,1047,867,34.615,34.395,-0.0297,-0.0306,9.7979,0.6602,0.2661,-0.2023
18650,1052,868,34.597,34.257,0.0946,-0.0042,9.8424,0.0163,-0.5983,0.3014
18655,1050,869,34.623,34.331,0.0191,-0.0191,9.8015,-0.7058,0.5421,0.4924
18660,1038,869,34.58,34.364,0.0633,-0.0027,9.8679,-0.1465,-0.2363,0.7963
18665,1045,870,34.606,34.3,0.0572,-0.0235,9.7651,-0.0793,0.2614,-0.095
18670,1031,863,34.511,34.306,-0.0184,0.0155,9.7866,0.3636,-0.6455,0.1875
18675,1025,866,34.566,34.272,0.0056,0.0475,9.7705,-1.5981,-0.3018,-0.1891
18680,1025,857,34.545,34.309,0.0448,0.0635,9.7927,-0.2583,-0.0936,0.3846
18685,1017,858,34.586,34.294,-0.0369,0.0508,9.8114,0.6275,-0.2225,0.0893
18690,1015,859,34.515,34.331,-0.023,0.037,9.8636,0.7883,-0.5267,0.0979
18695,1004,857,34.473,34.345,0.0337,-0.0593,9.8211,1.0398,0.3505,0.3341
18700,1010,859,34.558,34.43,0.0116,-0.0164,9.8838,0.4813,-0.3941,-0.3157
18705,988,859,34.558,34.366,0.0164,-0.0996,9.8838,0.3403,-0.3574,-0.1375
18710,995,852,34.578,34.365,0.0549,-0.0327,9.8368,0.8257,0.0364,1.1798
18715,982,851,34.571,34.342,-0.0176,0.0185,9.7723,0.5019,-0.3211,-0.3626
18720,978,851,34.555,34.347,-0.0247,-0.0608,9.8073,-0.7062,0.8507,0.7212
18725,963,847,34.621,34.321,0.0453,0.0545,9.8258,0.1183,0.1648,0.6901
18730,963,844,34.567,34.397,-0.0116,-0.0361,9.8659,-0.3436,-0.1681,0.0365
18735,951,846,34.482,34.305,0.0444,0.034,9.7434,0.3271,-1.0213,0.5232
18740,942,842,34.547,34.454,0.0158,0.0009,9.7503,0.8417,0.0158,0.5808
18745,938,843,34.585,34.292,0.0619,0.079,9.7548,-0.3216,-0.6776,0.4874
18750,920,847,34.556,34.373,0.0451,-0.0642,9.7677,-1.1157,0.2721,-0.0255
18755,912,839,34.576,34.33,-0.0306,-0.0482,9.8073,-0.72,-0.2104,-0.0593
18760,903,836,34.584,34.289,0.0817,0.0201,9.8375,-0.4461,0.7269,0.8371
18765,898,839,34.574,34.428,0.0282,0.0313,9.7867,-0.1788,0.2899,0.3246
18770,889,831,34.581,34.356,-0.0906,0.0475,9.7896,-0.4662,-0.1387,-0.1
18775,883,831,34.499,34.308,0.0393,0.0688,9.7586,-0.2047,-0.4757,-0.1842
18780,876,829,34.648,34.269,-0.0288,-0.0732,9.7838,-0.0305,-0.3646,0.84
18785,869,826,34.607,34.33,0.0124,-0.0903,9.8073,0.6573,0.2465,-0.2574
18790,849,823,34.641,34.336,-0.0507,0.1228,9.7986,-0.5882,0.6612,0.8053
18795,853,825,34.571,34.353,0.046,0.0184,9.8026,-0.7248,-0.706,-0.1055
18800,836,819,34.564,34.354,-0.0206,0.0017,9.8068,-0.248,-0.4153,0.4952
18805,835,819,34.473,34.33,-0.0029,-0.028,9.8751,-0.7198,-0.992,0.2947
18810,825,808,34.529,34.337,-0.0838,0.0188,9.8171,0.1473,0.6768,0.0022
18815,810,810,34.513,34.304,-0.0543,-0.0057,9.8335,0.2382,0.3965,0.4793
18820,807,811,34.627,34.363,0.0012,-0.0396,9.7324,0.081,-1.0465,0.2247
18825,798,806,34.546,34.353,0.0478,-0.0584,9.8205,-0.0969,-0.6239,-0.3066
18830,786,801,34.527,34.336,-0.0255,-0.0036,9.7914,0.053,0.0122,0.2775
18835,785,791,34.518,34.279,-0.0278,0.0502,9.8995,-0.0364,-0.8344,-0.2495
18840,777,791,34.562,34.313,-0.0257,-0.0398,9.7358,-0.0621,-0.4142,0.5425
18845,778,790,34.541,34.331,0.0463,0.0463,9.7554,-0.5117,0.4843,-0.4704
18850,768,786,34.523,34.345,0.0253,0.032,9.7957,-0.6782,-0.4925,0.2292
18855,761,776,34.665,34.42,-0.0265,-0.0321,9.8574,-0.4512,-0.2836,0.6035
18860,764,775,34.584,34.316,-0.0158,-0.0218,9.8051,-0.0976,0.7005,-0.5105
18865,758,773,34.608,34.324,0.0402,0.1277,9.8288,0.4318,-0.0551,0.6635
18870,754,766,34.499,34.419,-0.0442,-0.0313,9.8055,0.016,-0.4981,-0.5766
18875,747,759,34.649,34.313,-0.0127,0.1206,9.8568,-0.0567,0.2371,-1.018
18880,755,758,34.534,34.325,-0.0445,-0.0163,9.8068,0.0538,0.2652,1.0229
18885,749,751,34.515,34.366,0.0154,-0.0085,9.7655,0.5673,-0.1439,-0.1963
18890,748,742,34.46,34.247,0.0966,0.0588,9.7931,0.1148,-0.0887,-0.6018
18895,744,740,34.705,34.289,0.0196,-0.0421,9.8317,-0.5255,0.1575,0.4833
18900,749,737,34.543,34.268,-0.0015,0.0087,9.7946,-0.4479,0.1954,-0.2321
18905,744,737,34.598,34.302,-0.004,0.0376,9.8171,-0.2356,-0.5346,-0.7996
18910,747,724,34.54,34.324,0.0025,-0.0502,9.8264,-0.1494,0.3201,-0.4824
18915,749,721,34.686,34.389,-0.0218,0.0027,9.837,-0.1537,-0.8889,-0.8551
18920,761,717,34.532,34.402,0.0029,-0.0105,9.8131,0.2557,0.4139,-0.6719
18925,757,709,34.661,34.292,0.0462,0.0795,9.898,-0.401,-0.4226,-0.4726
18930,756,709,34.553,34.257,0.0524,-0.0488,9.8569,0.092,-0.6446,-0.3045
18935,765,699,34.598,34.359,-0.0443,-0.0322,9.833,0.3002,-0.1486,1.3367
18940,770,697,34.566,34.249,0.0085,-0.0104,9.7417,0.6803,-0.4474,0.338
18945,779,693,34.689,34.426,-0.0165,-0.0952,9.7929,-0.2052,-0.6092,-0.048
18950,792,682,34.503,34.268,-0.0155,-0.0371,9.8484,-1.3004,0.0606,0.0342
18955,786,684,34.657,34.31,0.0003,0.0279,9.8478,-0.357,-0.1659,0.254
18960,791,680,34.546,34.354,0.0106,-0.0317,9.7733,0.8868,-0.6108,-0.3938
18965,803,673,34.606,34.33,-0.0381,-0.0124,9.8447,-1.0178,0.4378,0.3078
18970,814,671,34.543,34.324,-0.0127,-0.064,9.7879,0.0292,0.0953,-0.3909
18975,828,668,34.579,34.275,0.06,-0.0554,9.7927,0.61,0.5012,0.5121
18980,833,667,34.567,34.326,-0.0261,-0.0127,9.7356,0.1209,0.4764,-0.6059
18985,843,666,34.524,34.304,-0.0232,-0.0325,9.8089,0.1832,0.5332,0.9327
18990,855,660,34.63,34.292,0.0431,-0.0147,9.806,0.2834,0.1293,0.0654
18995,859,654,34.61,34.333,0.0016,0.0149,9.843,0.7325,0.7248,-0.0263
19000,875,662,34.564,34.277,0.0071,0.053,9.8647,0.9634,0.6736,-0.0945
19005,894,653,34.569,34.353,-0.0103,0.0507,9.8344,0.9949,-0.0535,0.6301
19010,888,657,34.525,34.3,-0.018,-0.0525,9.7647,-0.0061,-0.7171,0.2942
19015,901,647,34.612,34.361,-0.0638,-0.0554,9.8673,0.3194,-0.5058,0.2478
19020,923,653,34.571,34.394,-0.0326,0.0046,9.8061,-0.2878,1.0797,-0.27
19025,923,654,34.557,34.424,0.0194,0.0707,9.8215,-0.0697,0.0318,-0.5029
19030,935,651,34.647,34.266,0.0672,0.0506,9.8601,-1.3804,0.4023,0.6177
19035,952,650,34.507,34.3,0.0065,-0.0264,9.7796,0.4242,0.3545,-0.1818
19040,963,657,34.67,34.313,-0.035,0.0663,9.8799,-1.1581,-0.0249,-0.5327
19045,979,651,34.611,34.294,0.0361,-0.0326,9.7331,-1.0341,0.3182,0.2511
19050,989,657,34.594,34.295,0.0535,-0.0057,9.7847,-0.046,0.4595,0.8479
19055,998,660,34.511,34.355,0.0431,-0.0255,9.8229,0.3642,0.0188,0.0736
19060,1002,659,34.637,34.382,-0.0211,0.0557,9.816,1.1193,-0.1402,-0.3266
19065,1018,662,34.57,34.327,-0.0873,-0.1212,9.8279,-0.6112,0.5608,0.341
19070,1034,667,34.527,34.261,0.009,-0.0363,9.773,-0.2007,0.6954,0.0035
19075,1037,665,34.518,34.31,-0.0672,0.0048,9.8042,0.033,-0.3111,0.895
19080,1056,678,34.558,34.371,-0.0982,0.0351,9.8914,0.4921,0.0557,-0.3076
19085,1055,677,34.584,34.261,0.0081,-0.0227,9.8081,0.2641,-0.464,0.1294
19090,1080,679,34.559,34.357,-0.0732,-0.0005,9.8441,0.9444,-0.2512,0.2557
19095,1079,681,34.602,34.34,0.0318,0.007,9.7859,0.2015,-0.1354,0.1624
19100,1093,693,34.63,34.447,0.0259,0.0946,9.8396,-0.2391,0.7712,0.0844
19105,1109,698,34.632,34.437,0.0384,-0.0552,9.8078,-0.1659,-0.2318,-0.1798
19110,1114,711,34.598,34.311,0.0456,-0.0603,9.8359,0.6379,-0.2538,-0.0401
19115,1119,714,34.557,34.255,0.0267,-0.0619,9.8209,-0.081,-0.9776,-0.2467
19120,1127,709,34.597,34.353,-0.0196,0.0402,9.7796,0.1674,0.2113,-0.5449
19125,1135,719,34.498,34.423,0.0651,-0.0334,9.7575,0.2591,-0.6737,0.0306
19130,1139,722,34.57,34.356,0.037,-0.0745,9.7825,-0.1711,-1.0304,0.6173
19135,1145,733,34.5,34.331,-0.0111,-0.0055,9.8308,-0.251,0.5028,0.8699
19140,1152,738,34.506,34.312,-0.0306,0.0332,9.8179,-0.0635,0.2572,0.2402
19145,1161,743,34.536,34.254,-0.0034,0.0507,9.7139,-0.4124,-0.1524,-0.4376
19150,1172,751,34.515,34.395,0.0351,-0.011,9.8906,-0.4924,0.1261,0.4747
19155,1165,755,34.608,34.287,0.0304,-0.0237,9.8597,0.3827,0.5942,-0.5869
19160,1177,762,34.648,34.32,-0.0451,-0.0281,9.8283,0.681,-0.7091,0.0072
19165,1172,771,34.645,34.336,0.0979,-0.021,9.832,0.1876,-0.0706,0.2068
19170,1172,779,34.488,34.31,0.07,0.0313,9.9079,0.2574,1.2884,0.0908
19175,1175,788,34.548,34.339,-0.0688,-0.0926,9.8001,-0.3681,-0.1881,0.3488
19180,1184,794,34.66,34.332,-0.0121,0.0412,9.8391,-1.0946,0.4396,-0.3637
19185,1184,799,34.501,34.315,0.0003,0.0024,9.7601,0.344,0.182,-0.3953
19190,1185,799,34.589,34.236,0.0026,-0.0383,9.8226,0.3581,-0.1023,-0.7401
19195,1183,815,34.518,34.25,-0.0599,0.0192,9.7914,-0.1675,-0.8823,-0.2336
19200,1180,815,34.639,34.35,0.0907,0.0769,9.8707,0.2526,0.1044,-0.1338
19205,1189,826,34.605,34.335,0.0712,-0.0214,9.9101,0.1073,-0.2601,-0.1265
19210,1184,830,34.625,34.302,-0.0057,-0.0978,9.8509,0.4077,-0.5541,0.2326
19215,1194,838,34.499,34.272,0.0295,0.0146,9.7884,1.0463,-0.1139,-0.3743
19220,1184,843,34.553,34.375,0.0145,-0.0574,9.8413,0.8236,-0.4612,-0.12
19225,1191,847,34.528,34.352,-0.0079,0.0752,9.7841,-0.0216,-0.1034,0.2397
19230,1182,855,34.549,34.377,0.0104,-0.0288,9.8788,-0.9425,-0.0054,-0.4245
19235,1176,856,34.599,34.304,0.0173,0.0543,9.7317,-1.1973,0.2943,-0.0652
19240,1178,865,34.576,34.31,-0.0256,0.0823,9.8267,-0.3008,-0.1141,-0.4588
19245,1183,865,34.467,34.366,-0.0355,-0.0877,9.7843,-0.0903,0.474,0.8158
19250,1171,876,34.555,34.379,-0.0121,0.0302,9.8765,0.2292,-0.2162,0.3298
19255,1164,875,34.503,34.343,0.0331,-0.0119,9.7808,-0.0392,-0.8138,-0.0371
19260,1173,876,34.608,34.358,0.0516,-0.0673,9.8416,0.4474,-0.0686,-0.0165
19265,1159,890,34.51,34.369,-0.0689,-0.0285,9.8051,-0.2343,0.1372,0.3014
19270,1156,892,34.511,34.337,0.0319,0.0047,9.8673,1.2553,-0.5856,0.5676
19275,1161,896,34.601,34.244,0.0322,0.0808,9.7419,0.0828,-0.606,-0.4423
19280,1159,897,34.521,34.29,0.0528,0.0286,9.865,-0.2118,-0.3461,0.5822
19285,1145,904,34.62,34.235,0.091,-0.0365,9.7951,0.6388,0.1502,-0.2987
19290,1152,902,34.559,34.281,0.0322,0.0296,9.8963,0.3446,1.2264,-0.2527
19295,1148,906,34.501,34.311,0.0672,0.0447,9.8353,-0.1867,0.2189,-0.7953
19300,1140,907,34.515,34.268,0.066,0.0275,9.7437,0.3326,0.1745,1.0031
19305,1142,905,34.493,34.401,-0.055,-0.0299,9.7708,-0.7034,-0.0908,-0.1932
19310,1134,910,34.534,34.275,-0.0596,0.0151,9.7472,-0.0168,0.0144,-0.3616
19315,1138,909,34.525,34.364,-0.0341,0.0328,9.8654,0.3854,0.2829,0.1187
19320,1127,909,34.543,34.345,0.0256,0.0192,9.8201,0.4844,0.1027,-1.0536
19325,1125,913,34.557,34.32,-0.0417,0.0056,9.7841,-0.2914,0.293,-1.0098
19330,1126,910,34.574,34.42,0.1145,0.0284,9.823,-0.4906,-0.1253,-0.571
19335,1124,915,34.565,34.268,-0.0518,0.0674,9.865,0.0866,-0.4036,0.0558
19340,1130,910,34.551,34.299,0.0404,0.0556,9.881,0.2884,-0.0502,-0.1746
19345,1122,911,34.556,34.357,0.0244,-0.0141,9.8225,0.2352,-0.4378,0.4274
19350,1112,910,34.533,34.306,-0.0546,-0.062,9.8069,-0.4285,-0.3022,-0.5575
19355,1109,914,34.496,34.348,-0.0231,-0.0522,9.8696,0.721,-0.764,-0.7759
19360,1112,903,34.53,34.325,-0.0214,0.0019,9.8247,0.0881,-1.2219,0.0749
19365,1118,903,34.565,34.372,0.009,-0.0065,9.8367,-0.2211,-0.3099,0.2202
19370,1104,908,34.603,34.264,-0.0607,0.0744,9.7897,-0.1077,-0.101,-0.2968
19375,1105,906,34.603,34.356,-0.0048,-0.0299,9.8598,0.1571,-0.3036,0.6538
19380,1103,900,34.547,34.34,-0.0474,-0.0122,9.8735,-0.6139,0.2468,-1.2203
19385,1106,898,34.585,34.378,0.0099,0.0251,9.7739,0.0067,-0.0646,-0.4459
19390,1096,902,34.621,34.345,-0.0113,-0.0188,9.7756,-0.1949,0.2897,-0.2193
19395,1094,899,34.549,34.37,0.0327,0.0216,9.7725,-0.236,0.9403,0.4098
19400,1090,898,34.527,34.375,0.0415,0.008,9.7485,0.2553,-0.7097,-0.5454
19405,1089,891,34.581,34.44,0.0133,-0.0416,9.7717,0.3525,0.3665,0.0705
19410,1089,895,34.589,34.325,-0.0673,0.0079,9.7223,-0.0545,-0.9459,-0.0421
19415,1082,896,34.683,34.331,-0.0967,0.0889,9.7947,0.605,-0.196,-0.1841
19420,1082,892,34.504,34.411,-0.0346,-0.0347,9.7984,-0.0919,-0.9798,-0.4507
19425,1075,889,34.577,34.229,-0.0228,0.0036,9.8412,-0.0475,-0.1235,-0.7538
19430,1079,884,34.525,34.249,0.028,-0.0234,9.7682,0.7116,0.6234,-0.3679
19435,1086,890,34.532,34.308,0.1288,0.0424,9.9258,-0.8079,0.19,-0.074
19440,1078,878,34.611,34.39,-0.0221,0.0331,9.8017,0.5453,-0.4361,0.1472
19445,1073,879,34.606,34.342,0.0446,-0.0251,9.7981,0.5256,0.1674,0.9464
19450,1079,876,34.512,34.285,-0.0354,-0.0596,9.7613,0.255,-0.1047,-0.8645
19455,1075,874,34.544,34.351,0.0023,-0.072,9.897,-0.3697,-0.5674,0.6476
19460,1071,875,34.495,34.368,-0.0083,0.0185,9.921,0.4797,-0.4139,0.4482
19465,1063,877,34.624,34.339,0.0075,-0.0234,9.7496,0.0652,0.1672,0.9107
19470,1061,865,34.666,34.341,0.0212,0.0337,9.768,-0.3477,0.9129,-0.3919
19475,1049,870,34.634,34.362,-0.1002,-0.0144,9.8474,0.8767,-0.6097,0.2034
19480,1047,863,34.577,34.362,0.0975,-0.0153,9.8472,-0.0993,0.2204,0.7177
19485,1042,865,34.592,34.257,0.0483,-0.0726,9.8788,-0.0012,-0.1537,0.6553
19490,1039,863,34.565,34.268,-0.0443,0.0688,9.8996,-0.0104,0.2435,-0.88
19495,1031,865,34.541,34.407,-0.0038,-0.0027,9.7952,0.7411,0.4571,-0.0183
19500,1036,861,34.578,34.371,-0.0116,0.0517,9.8303,0.6148,0.4072,-0.074
19505,1016,862,34.623,34.323,-0.0144,-0.0449,9.7176,-0.7972,0.4765,0.6696
19510,1018,861,34.466,34.36,0.0059,-0.0557,9.8167,0.361,-0.2919,1.0565
19515,1009,856,34.514,34.256,0.0008,0.0051,9.8168,-0.002,-0.1275,-0.0344
19520,1017,857,34.551,34.344,0.0231,-0.0019,9.7482,-0.7319,-1.6862,0.1895
19525,1003,856,34.574,34.254,-0.0256,-0.1263,9.7308,0.5609,0.8377,-0.1077
19530,987,852,34.519,34.277,0.0112,-0.1257,9.8003,0.5609,0.3047,-0.5523
19535,986,850,34.617,34.225,0.0278,0.048,9.8296,0.1786,0.2511,-0.239
19540,983,852,34.539,34.43,0.0097,0.0026,9.9171,0.4659,0.147,0.3941
19545,969,850,34.593,34.27,-0.0339,-0.0361,9.8394,0.6654,-1.297,-0.2693
19550,969,851,34.532,34.367,0.0549,0.0227,9.8815,0.4885,0.0884,0.4917
19555,969,843,34.618,34.377,0.0051,0.0515,9.8531,0.4597,0.7618,0.0094
19560,956,851,34.641,34.325,0.0499,-0.0152,9.7468,0.1369,0.2013,-0.5656
19565,951,844,34.541,34.249,0.0015,0.007,9.8054,-0.45,-0.1886,0.6767
19570,939,844,34.608,34.41,0.0415,0.0723,9.9058,-0.0933,-0.377,0.6895
19575,935,841,34.54,34.302,0.0105,0.0095,9.8685,-0.4606,-0.7786,-0.6439
19580,921,845,34.52,34.283,0.0875,0.0516,9.8073,0.0948,-0.2765,0.4873
19585,923,844,34.596,34.302,-0.0123,0.1048,9.8388,-0.0033,0.2756,0.7502
19590,916,835,34.582,34.303,0.0415,0.0652,9.8207,-0.3285,-0.1932,0.4668
19595,893,834,34.538,34.284,-0.0182,-0.0228,9.7935,-0.2843,-0.0678,-0.6881
19600,882,837,34.609,34.198,0.0784,0.0439,9.7996,-0.1271,0.7101,0.4207
19605,878,828,34.62,34.321,0.1188,-0.0767,9.7357,0.4128,-0.4575,-0.1895
19610,877,831,34.562,34.287,0.0579,0.0229,9.8524,0.1122,-0.2151,0.4223
19615,857,824,34.545,34.362,0.0791,-0.0756,9.9046,0.1845,-0.1968,0.011
19620,854,822,34.554,34.276,-0.074,-0.0481,9.7861,-0.0403,-0.1887,-1.0487
19625,852,822,34.615,34.359,0.0837,0.0504,9.8031,0.179,0.3073,-0.3147
19630,835,818,34.597,34.27,0.021,-0.0249,9.8357,-0.3311,-0.4559,-0.3322
19635,830,814,34.461,34.347,0.0369,0.0025,9.7882,-0.135,0.4012,-0.9737
19640,815,810,34.644,34.304,-0.0732,0.0523,9.8198,0.1313,0.1402,-0.2927
19645,817,809,34.647,34.431,0.0295,-0.0259,9.7846,-0.2718,-0.335,0.337
19650,803,807,34.546,34.247,0.0075,0.0192,9.8402,-0.1268,0.0615,0.5305
19655,801,803,34.619,34.309,0.0426,0.0448,9.7699,0.5164,0.0413,-0.3671
19660,790,798,34.487,34.355,0.031,-0.0677,9.8521,-0.051,0.1884,-0.1989
19665,768,796,34.548,34.298,0.0096,-0.0046,9.8592,0.7357,0.0906,0.0391
19670,765,790,34.538,34.266,0.0153,0.0874,9.8403,0.1639,-0.2182,-0.2737
19675,788,791,34.617,34.347,-0.057,-0.0921,9.8186,0.1735,-0.2173,-0.2333
19680,774,784,34.615,34.402,0.0111,0.0118,9.8549,0.4811,1.3176,0.3062
19685,763,776,34.637,34.34,-0.0485,-0.0688,9.8898,-0.3523,0.1087,-0.3676
19690,765,772,34.618,34.351,0.0244,0.0226,9.8336,0.5465,0.4513,-0.3571
19695,761,769,34.522,34.338,-0.0047,-0.0049,9.8659,-1.3637,0.3292,0.2559
19700,756,760,34.537,34.337,0.1036,0.0045,9.7878,0.425,0.0973,0.5433
19705,744,760,34.578,34.338,-0.0254,0.1269,9.8256,0.219,-0.6534,0.5906
19710,747,759,34.496,34.448,-0.0204,0.0237,9.7195,0.1888,0.5112,0.8823
19715,747,748,34.586,34.391,-0.0238,0.0195,9.8449,-0.6864,0.4659,0.2824
19720,746,742,34.567,34.327,0.0484,0.0518,9.8032,1.1388,0.0694,-0.1681
19725,743,739,34.576,34.298,-0.011,-0.0108,9.728,0.2626,0.6092,-0.3135
19730,750,735,34.596,34.328,-0.013,0.0321,9.8088,-0.1382,-0.1707,-0.4446
19735,750,726,34.575,34.307,0.0396,-0.0062,9.7913,0.0941,-0.2109,-0.5977
19740,757,721,34.615,34.377,-0.161,-0.0784,9.8373,-0.2693,0.4526,-1.2356
19745,755,714,34.535,34.36,-0.0189,0.0635,9.7753,-0.2814,0.6764,-0.5992
19750,754,714,34.572,34.354,0.0408,0.0286,9.7711,-0.8719,-0.1423,0.4094
19755,753,713,34.435,34.376,0.0143,0.0101,9.7788,0.727,0.2438,0.3725
19760,768,705,34.617,34.272,0.0735,-0.0152,9.8182,-0.1485,1.0554,0.8795
19765,781,692,34.55,34.352,-0.0049,-0.0617,9.7373,-0.4177,-0.1659,-0.4495
19770,767,696,34.509,34.277,0.03,0.0041,9.87,0.4488,0.2414,-0.8828
19775,782,690,34.638,34.298,0.0621,0.0698,9.8525,0.363,0.23,0.9013
19780,792,689,34.585,34.278,0.0522,0.0985,9.7536,0.6713,-0.5923,-0.6638
19785,793,682,34.498,34.303,-0.032,0.0049,9.7411,-0.1889,-0.2482,-1.1093
19790,803,680,34.599,34.311,0.0142,0.0119,9.8532,-0.9727,-0.076,0.3851
19795,809,672,34.552,34.306,0.0633,0.0017,9.7014,-0.2966,0.8635,-0.4211
19800,816,670,34.634,34.275,0.0209,0.0128,9.7988,-0.0216,-0.0289,0.4202
19805,830,670,34.436,34.295,0.0977,0.1264,9.8729,-0.407,-0.3299,0.6647
19810,825,668,34.48,34.308,0.1437,-0.0105,9.919,-0.7436,0.225,-0.2708
19815,846,659,34.484,34.225,0.0256,-0.0883,9.8028,0.4554,1.0712,0.0967
19820,858,655,34.463,34.369,-0.049,0.0333,9.7737,0.0149,0.3101,0.1516
19825,869,656,34.533,34.3,0.0306,-0.0619,9.7666,-0.2954,0.1732,-0.3885
19830,874,653,34.596,34.418,-0.0585,0.0511,9.8262,-0.1181,-0.2991,0.1142
19835,892,655,34.544,34.39,0.0394,0.0264,9.8644,-0.0048,-0.2974,0.5642
19840,894,651,34.645,34.406,0.002,0.0388,9.842,-0.1388,-0.8681,0.2839
19845,914,654,34.554,34.295,-0.032,-0.077,9.7691,-0.4577,-0.168,0.2684
19850,924,652,34.592,34.33,-0.0447,-0.0339,9.8192,-0.0773,0.0847,-0.1173
19855,942,653,34.531,34.346,-0.0613,0.0428,9.7546,0.0005,1.2045,-0.2252
19860,943,650,34.54,34.398,-0.022,0.0449,9.8481,0.2992,1.0245,-0.5607
19865,957,651,34.573,34.363,-0.0122,0.0056,9.7441,0.3937,-0.5385,-0.2782
19870,956,653,34.513,34.402,0.0479,-0.0621,9.7594,-0.0671,0.5884,-0.127
19875,978,654,34.469,34.322,-0.06,-0.0013,9.9021,-0.5751,0.693,-0.6879
19880,991,655,34.624,34.298,0.0126,-0.0148,9.8087,0.1369,0.0971,0.0849
19885,997,657,34.561,34.392,0.1099,0.0065,9.8429,-0.6161,0.4936,-0.4273
19890,1009,668,34.581,34.249,-0.0308,0.0075,9.7209,-1.0355,0.904,-0.604
19895,1017,665,34.545,34.42,0.1371,0.075,9.8042,0.243,0.4917,0.2642
19900,1027,665,34.571,34.315,0.0482,-0.0058,9.8244,0.2984,0.8332,0.1663
19905,1041,673,34.5,34.361,-0.0213,-0.0905,9.8147,-0.2768,0.6228,-0.4767
19910,1048,675,34.599,34.308,0.0464,0.0375,9.8334,0.6276,0.4062,-0.5433
19915,1068,678,34.605,34.29,0.0254,-0.0169,9.833,-0.0459,-0.2255,0.414
19920,1075,681,34.523,34.328,0.0088,-0.0636,9.831,0.4747,0.2385,-0.4784
19925,1091,680,34.581,34.369,-0.01,0.052,9.8572,-0.0344,0.3253,0.7614
19930,1090,691,34.578,34.321,0.0587,-0.0213,9.8175,-0.6984,0.2913,-0.895
19935,1100,695,34.503,34.313,0.0459,-0.0489,9.7826,0.5265,-0.8456,0.1308
19940,1113,698,34.528,34.3,-0.0797,0.051,9.8023,-0.1443,0.5037,-0.3638
19945,1128,710,34.504,34.291,0.016,-0.0211,9.7935,-0.1148,-0.2608,0.6605
19950,1129,712,34.563,34.404,0.0144,0.0229,9.7963,-0.2669,0.2391,0.4868
19955,1139,719,34.554,34.305,-0.0266,-0.0245,9.8045,-0.4237,0.1745,-0.4364
19960,1137,728,34.64,34.372,0.0319,0.0396,9.8603,-0.4796,-0.7185,1.0571
19965,1144,733,34.554,34.379,-0.0168,-0.0597,9.8084,-0.2619,0.0981,0.4002
19970,1152,740,34.463,34.357,-0.0113,0.0325,9.769,0.3475,0.1828,-0.9083
19975,1163,745,34.587,34.269,0.1047,-0.0203,9.7924,-0.479,-0.4543,0.1334
19980,1165,756,34.516,34.366,-0.027,-0.0319,9.7602,-0.3979,-0.1125,-0.0906
19985,1171,763,34.441,34.347,0.0227,-0.125,9.7898,0.5802,-0.2426,0.5994
19990,1182,762,34.609,34.296,0.0055,-0.0705,9.83,-0.7457,0.1739,0.5673
19995,1184,772,34.621,34.314,0.0043,0.0967,9.8664,0.1122,-0.366,0.5509
20000,1184,784,34.516,34.289,-0.0816,0.0265,9.7588,-0.0414,0.2022,-0.7486
20005,1174,789,34.53,34.426,-0.1008,0.1169,9.7724,-0.1111,-0.3608,-0.8475
20010,1189,792,34.541,34.352,-0.08,-0.0146,9.784,-1.3598,0.149,0.9297
20015,1193,797,34.524,34.308,0.0722,0.0067,9.8166,0.7905,-0.0629,-0.0073
20020,1190,806,34.526,34.344,0.0207,0.0367,9.7731,-0.7401,0.2853,0.8388
20025,1178,807,34.507,34.413,-0.0719,0.0355,9.8781,-0.1637,0.1189,-0.6251
20030,1190,823,34.573,34.276,-0.0533,0.0065,9.7363,0.1133,1.0885,-0.3042
20035,1190,827,34.474,34.296,-0.0068,-0.0199,9.869,0.6463,0.1216,0.0649
20040,1187,827,34.618,34.351,0.0407,-0.0114,9.7539,-0.2696,-0.3292,-0.024
20045,1188,838,34.57,34.228,-0.0348,-0.0231,9.8149,-0.1097,-0.6322,-1.1945
20050,1188,847,34.496,34.35,0.0015,0.0073,9.8756,0.276,0.7493,-0.4465
20055,1184,854,34.642,34.323,0.0722,0.1029,9.7836,0.7717,-0.0658,0.5284
20060,1186,853,34.574,34.273,-0.045,0.0136,9.832,-0.1071,-0.6321,0.4699
20065,1183,860,34.562,34.272,0.0011,0.0474,9.8525,0.0337,-0.2858,0.0777
20070,1176,864,34.51,34.348,0.0694,0.0486,9.8535,0.0673,-0.1777,0.4997
20075,1170,874,34.521,34.374,-0.0406,0.0272,9.8072,0.3606,1.1861,0.5481
20080,1173,872,34.625,34.296,-0.0842,-0.0196,9.7901,0.5037,-0.246,0.4576
20085,1170,885,34.507,34.316,0.0589,0.0334,9.8128,-0.0295,0.4715,0.5118
20090,1166,886,34.441,34.33,-0.0392,-0.0163,9.8248,0.2977,0.5711,0.014
20095,1180,884,34.471,34.289,-0.0512,0.1026,9.7454,-0.5549,0.6643,0.532
20100,1163,892,34.502,34.372,-0.0745,0.0181,9.8392,-0.7041,-0.1093,-0.2241
20105,1162,887,34.604,34.266,0.0683,0.0016,9.8519,-0.465,0.0513,0.7305
20110,1153,894,34.554,34.342,-0.0139,-0.0087,9.7054,-0.2636,0.5124,-0.3936
20115,1155,895,34.58,34.347,-0.1056,0.1031,9.7835,0.3336,0.1861,-0.2256
20120,1147,904,34.481,34.294,0.0421,-0.0005,9.7695,0.4496,-0.2268,-0.2644
20125,1151,905,34.548,34.323,-0.0102,0.06,9.7741,0.7236,-0.0514,-0.103
20130,1146,905,34.52,34.275,0.0156,-0.017,9.7913,0.7241,-0.0806,-0.1713
20135,1140,906,34.603,34.296,-0.0555,0.0527,9.8643,-0.5796,-0.8159,0.01
20140,1140,907,34.534,34.313,-0.0782,-0.0384,9.74,-1.04,-0.2469,0.0056
20145,1131,910,34.519,34.301,0.0266,0.0415,9.8046,-0.7131,0.7687,0.6835
20150,1131,905,34.545,34.308,-0.031,0.0257,9.7334,-0.0007,-0.2505,0.2378
20155,1130,912,34.499,34.282,-0.0064,-0.0779,9.8372,-0.5159,-0.1815,0.4777
20160,1124,909,34.497,34.373,0.0107,0.0517,9.8074,0.2704,-0.3325,0.7116
20165,1124,905,34.557,34.272,-0.1085,0.0278,9.7659,0.2695,-0.0698,-0.2583
20170,1122,918,34.609,34.339,-0.0009,-0.0717,9.7937,0.2912,1.0658,-0.0109
20175,1115,913,34.538,34.351,-0.0481,0.0125,9.7575,0.1279,-0.4656,1.5398
20180,1106,910,34.654,34.296,-0.0259,0.0268,9.8356,0.0136,0.1788,-0.5887
20185,1114,904,34.52,34.385,-0.0277,0.0447,9.8829,0.5112,-0.382,-0.1728
20190,1116,906,34.64,34.375,0.0431,-0.0731,9.9356,0.395,0.886,1.3199
20195,1106,907,34.532,34.328,-0.0119,-0.0144,9.8343,0.1381,0.2928,-0.4188
20200,1105,904,34.548,34.413,0.0085,0.0381,9.8358,-0.1986,0.3465,-1.0796
20205,1095,902,34.578,34.264,0.0819,0.0792,9.7122,0.9063,-0.1015,-0.4023
20210,1101,902,34.583,34.301,0.0118,-0.0084,9.7734,-0.7374,-0.0593,-0.4317
20215,1096,899,34.546,34.296,-0.0212,-0.0978,9.7517,-0.1415,1.2237,0.6532
20220,1090,904,34.6,34.248,-0.092,0.0224,9.8355,-0.7441,0.4996,-0.0059
20225,1095,900,34.599,34.35,-0.0432,-0.0061,9.8182,-0.7223,-0.1297,-0.1055
20230,1100,895,34.648,34.351,-0.0125,-0.019,9.7998,0.4111,0.0032,0.8734
20235,1093,892,34.599,34.395,-0.0064,-0.0184,9.8081,1.6733,0.0137,0.5897
20240,1091,891,34.491,34.343,0.062,-0.0676,9.8326,-0.1291,0.3468,0.0772
20245,1080,892,34.586,34.265,0.0226,-0.0591,9.8215,-0.3859,0.069,1.02
20250,1085,892,34.566,34.3,-0.0573,-0.0132,9.869,0.3258,-0.0281,0.1368
20255,1075,887,34.522,34.393,0.0333,0.007,9.8227,0.4826,-0.0771,0.2801
20260,1079,884,34.561,34.316,0.0161,0.0544,9.7901,-0.1711,-0.2951,-0.0307
20265,1071,888,34.578,34.401,0.0962,0.044,9.7509,-0.5342,0.0497,0.1121
20270,1083,881,34.629,34.3,0.0766,0.0092,9.7684,-0.4937,-0.4861,-0.2258
20275,1069,881,34.524,34.267,0.0078,0.0387,9.8152,-0.7813,1.3566,0.4421
20280,1069,876,34.558,34.369,-0.0171,-0.0144,9.843,0.1235,-0.0802,0.376
20285,1068,877,34.601,34.278,-0.0433,0.0271,9.7397,0.0623,0.28,-0.2572
20290,1064,872,34.668,34.395,0.0422,-0.0799,9.7982,-1.0539,0.6356,0.4654
20295,1058,876,34.622,34.245,0.0243,-0.0428,9.8012,0.2472,-0.305,0.191
20300,1055,870,34.584,34.218,0.0257,-0.0266,9.766,0.5585,0.0388,0.0728
20305,1049,867,34.547,34.314,-0.0535,-0.0559,9.8415,-0.4628,0.7591,0.2178
20310,1049,865,34.599,34.386,0.0288,-0.0399,9.9003,-0.4411,0.4808,-0.8718
20315,1047,867,34.586,34.395,-0.0563,0.0274,9.8687,0.574,-0.4495,-0.3235
20320,1039,864,34.536,34.39,0.1063,-0.0426,9.7378,0.4643,-0.0084,0.5848
20325,1035,864,34.447,34.32,-0.1004,0.0118,9.8232,-0.6293,0.7287,0.0263
20330,1035,860,34.564,34.315,-0.0106,0.0263,9.7341,0.9379,-0.2315,-0.0887
20335,1027,864,34.603,34.351,0.0718,-0.0565,9.838,-0.4974,-0.5229,1.1527
20340,1021,860,34.603,34.307,-0.0249,-0.0082,9.7866,-0.1674,-0.4849,0.0824
20345,1014,861,34.566,34.397,-0.0373,0.0287,9.8722,0.8886,0.5787,-0.5606
20350,1012,863,34.629,34.257,-0.0925,-0.0692,9.804,-0.2661,-0.4575,0.4254
20355,1011,855,34.556,34.304,-0.0326,-0.0194,9.8663,0.5626,-0.0804,-0.703
20360,993,851,34.469,34.36,-0.0425,0.0363,9.873,0.4955,-0.9313,0.651
20365,990,850,34.582,34.252,0.0413,-0.0626,9.77,-0.4965,-0.0516,0.1036
20370,980,849,34.538,34.336,-0.0116,-0.0383,9.8473,-0.2049,-0.2145,0.0888
20375,973,855,34.579,34.339,-0.0206,-0.0073,9.8932,0.604,-0.3964,-0.3906
20380,956,845,34.55,34.319,-0.0743,-0.0175,9.8179,0.1475,0.0436,-0.5167
20385,969,850,34.583,34.418,0.0331,0.0529,9.8775,-0.9416,-0.4553,0.0795
20390,955,847,34.604,34.347,0.0117,-0.1183,9.9079,-0.8245,-0.0171,0.423
20395,950,846,34.506,34.376,-0.0478,-0.0127,9.8851,0.2681,0.0942,-0.034
20400,927,846,34.605,34.372,0.0124,-0.0459,9.8572,0.2003,0.6014,-0.8557
20405,929,846,34.684,34.364,-0.0407,0.0366,9.8158,0.426,-0.3122,0.3198
20410,927,844,34.537,34.271,0.0162,0.0241,9.8154,0.0869,0.5179,-0.4073
20415,913,837,34.517,34.356,-0.032,0.1286,9.86,0.1196,-0.1092,0.3639
20420,909,835,34.586,34.312,-0.0236,0.0052,9.7847,0.2764,-0.3033,-0.0278
20425,899,839,34.58,34.237,-0.0708,0.089,9.7977,0.197,0.0255,-0.2437
20430,879,828,34.525,34.237,-0.0561,-0.0494,9.7719,0.1433,0.7559,0.5828
20435,873,835,34.573,34.344,0.0821,-0.0004,9.7565,-0.0284,-0.0596,0.4083
20440,866,830,34.516,34.302,-0.0274,0.0939,9.9015,-0.2754,0.2775,0.5006
20445,857,829,34.508,34.36,0.0374,0.0094,9.7597,-0.2451,0.7733,-0.0224
20450,851,825,34.549,34.256,-0.0506,0.0264,9.8373,0.1769,-0.0365,0.3374
20455,845,822,34.589,34.304,-0.099,0.011,9.777,-0.3119,-0.5437,0.1778
20460,835,819,34.564,34.347,-0.0463,0.0752,9.8113,-0.0364,-0.0163,0.2992
20465,819,815,34.588,34.315,-0.0014,-0.0356,9.8108,-0.7742,-0.4558,-0.2677
20470,816,812,34.514,34.361,0.0654,0.0118,9.8005,0.1472,-0.8629,-0.2748
20475,809,812,34.569,34.244,0.0389,-0.0658,9.8747,0.2008,0.1,0.2909
20480,807,812,34.641,34.325,-0.0967,-0.0226,9.747,-0.0805,0.1914,-0.2763
20485,796,799,34.453,34.396,0.042,0.0834,9.9123,-0.179,-0.1226,0.7621
20490,793,794,34.515,34.351,0.0308,-0.1067,9.8447,0.715,-0.275,-0.2886
20495,782,793,34.563,34.196,-0.0218,0.0066,9.7303,-0.3195,0.5982,0.2423
20500,784,790,34.558,34.356,-0.0078,0.0413,9.8513,0.4131,0.0253,0.1937
20505,775,779,34.607,34.307,0.0222,0.0655,9.8898,-0.3457,-0.6812,-0.0539
20510,778,782,34.662,34.228,-0.0703,0.0421,9.7527,0.0403,-0.4294,-0.66
20515,765,778,34.5,34.339,0.0281,-0.0173,9.7663,-1.2939,1.0208,0.7904
20520,756,767,34.491,34.348,0.0377,-0.0403,9.8006,-0.1138,0.5341,0.4171
20525,760,765,34.639,34.412,-0.015,-0.0489,9.8355,0.9234,0.1185,-0.5841
20530,754,766,34.563,34.338,0.029,-0.0722,9.8661,-0.0582,0.3014,0.082
20535,752,752,34.584,34.42,0.0321,-0.1123,9.7847,-0.1095,0.0789,0.493
20540,741,753,34.654,34.324,0.0076,0.0877,9.7704,-1.0061,0.0413,-0.0251
20545,748,742,34.518,34.268,-0.0132,0.0079,9.8015,-0.2886,-0.8815,0.3309
20550,749,743,34.66,34.407,0.0048,0.0327,9.9002,-0.9901,-0.2561,0.053
20555,753,733,34.573,34.276,-0.0485,0.0526,9.7875,0.9491,-0.4353,-0.181
20560,745,739,34.63,34.29,-0.041,-0.05,9.7363,-0.6504,0.3706,-0.5191
20565,755,727,34.576,34.242,-0.0585,0.0414,9.8253,-0.1422,0.0687,0.2106
20570,748,724,34.514,34.348,-0.0044,-0.0475,9.7543,0.3682,-0.7543,0.2598
20575,751,716,34.561,34.317,0.0301,-0.0173,9.786,0.4866,0.095,-0.3334
20580,751,715,34.568,34.24,-0.0389,-0.072,9.8509,0.9541,-0.2083,-0.3656
20585,763,704,34.57,34.311,0.0288,-0.0126,9.8343,-0.0096,-0.2606,-0.6732
20590,756,701,34.651,34.36,0.0094,0.0272,9.8161,0.4705,0.2517,0.6776
20595,767,701,34.552,34.341,-0.0368,-0.0011,9.7978,0.0728,0.109,0.1011
20600,774,691,34.617,34.374,-0.0239,-0.041,9.8056,0.5063,-0.3404,-0.1092
20605,787,695,34.488,34.214,-0.0109,-0.0062,9.717,0.4647,0.1948,-0.0102
20610,779,689,34.522,34.272,0.0658,0.0174,9.6858,0.0484,-0.0585,0.2814
20615,800,686,34.513,34.299,0.0192,0.0054,9.7792,0.4049,-0.5508,0.2467
20620,795,677,34.503,34.275,-0.0722,-0.0339,9.7521,-0.5448,-0.4909,-0.1763
20625,800,675,34.536,34.259,-0.0487,0.0017,9.8381,0.5033,0.8756,0.2198
20630,820,667,34.543,34.323,-0.0341,-0.0577,9.8115,0.4284,-0.8588,-0.1215
20635,830,669,34.521,34.25,0.0397,-0.0263,9.8541,-0.0236,-0.5363,0.3373
20640,833,665,34.55,34.359,0.0698,0.0408,9.7843,0.9097,0.5185,-0.277
20645,851,661,34.496,34.231,0.0612,0.0017,9.7974,0.3805,-0.2912,-0.4872
20650,850,662,34.613,34.314,-0.0036,-0.0308,9.7913,1.2886,-0.0403,-0.0214
20655,864,655,34.526,34.242,-0.0155,-0.0466,9.7488,1.0551,-0.0089,0.4202
20660,886,661,34.533,34.348,0.0186,-0.0216,9.7636,-1.2615,-0.0939,-0.2472
20665,888,658,34.55,34.305,-0.041,0.0764,9.8398,-0.1929,0.5118,0.1168
20670,895,654,34.515,34.296,0.0323,-0.0368,9.8401,-0.0606,-0.6265,-1.3565
20675,908,655,34.481,34.349,0.1097,-0.0331,9.8379,-0.2787,0.2953,-0.4585
20680,917,652,34.603,34.292,-0.0441,0.039,9.8217,-1.2516,-0.5982,-0.0152
20685,936,650,34.581,34.281,0.0072,0.0652,9.793,0.3917,0.2133,-0.0051
20690,946,652,34.584,34.401,0.038,-0.0855,9.7725,-0.2406,-0.6022,-0.1685
20695,952,647,34.639,34.422,-0.0182,0.0203,9.8571,-0.2237,-0.7368,-0.2955
20700,978,654,34.532,34.369,0.1024,0.0059,9.7855,0.0897,0.4461,0.3368
20705,973,654,34.554,34.278,0.0129,-0.0817,9.7393,0.2491,0.8326,-0.0509
20710,1001,664,34.494,34.332,0.032,-0.0605,9.676,0.8402,0.5496,0.2838
20715,1005,651,34.509,34.291,0.0095,-0.0144,9.7432,-0.3865,-0.339,-0.3189
20720,1015,657,34.551,34.337,0.0066,-0.048,9.875,0.2,0.2795,-0.6279
20725,1019,665,34.592,34.313,0.0695,-0.0105,9.852,-0.4696,0.327,-0.1248
20730,1033,666,34.429,34.253,0.0553,-0.0041,9.769,0.7912,0.1777,0.1293
20735,1047,669,34.621,34.326,-0.0126,0.066,9.7398,0.263,-0.5345,-0.9462
20740,1053,672,34.681,34.34,0.0857,0.0284,9.8647,-0.0435,0.3698,-0.0847
20745,1073,677,34.552,34.328,-0.1136,0.0615,9.8307,-1.0759,-0.1159,-0.8439
20750,1070,684,34.559,34.336,-0.0496,-0.0059,9.8251,-0.7978,-0.2958,-0.5454
20755,1092,688,34.529,34.37,-0.0201,0.0637,9.7417,0.9885,-0.7651,-0.5258
20760,1095,692,34.509,34.314,0.0318,0.0104,9.7914,0.463,-0.4833,-0.0082
20765,1107,703,34.661,34.286,-0.0044,0.0199,9.7786,0.489,-0.2631,-0.4283
20770,1118,705,34.538,34.346,0.0147,-0.018,9.7362,0.3513,-0.2211,0.398
20775,1120,708,34.516,34.376,0.0293,0.0939,9.7471,-0.0407,0.9007,0.3292
20780,1128,710,34.502,34.232,0.0688,-0.0547,9.8266,0.8423,0.2921,-0.209
20785,1125,720,34.603,34.279,0.1167,-0.0148,9.8505,-0.3797,0.5686,-0.3789
20790,1133,727,34.55,34.332,-0.0307,0.0645,9.8911,0.7518,0.5196,0.6709
20795,1150,734,34.611,34.431,0.0083,-0.0063,9.8047,0.603,0.4796,-0.359
20800,1150,744,34.567,34.366,-0.0559,0.046,9.7958,0.712,-0.4701,-0.1273
20805,1167,745,34.553,34.317,0.0923,-0.0085,9.804,-0.3026,0.024,-0.1535
20810,1170,751,34.597,34.281,-0.0089,-0.0345,9.7778,0.3604,0.0346,0.5943
20815,1160,762,34.515,34.261,0.0561,0.0413,9.7695,0.1717,-0.5036,-0.345
20820,1171,769,34.611,34.318,-0.0382,-0.0886,9.8722,0.2494,0.8554,1.1489
20825,1180,785,34.548,34.386,0.0572,0.0506,9.8401,0.3161,-0.8653,-0.0171
20830,1174,780,34.512,34.294,0.0056,-0.0503,9.8057,-0.3063,0.5926,0.0282
20835,1172,789,34.549,34.267,-0.0783,-0.0031,9.7594,0.847,0.5369,0.1077
20840,1183,792,34.648,34.28,-0.0266,-0.0266,9.7814,-0.5274,0.6427,0.8927
20845,1186,800,34.571,34.287,-0.0703,-0.0259,9.7874,-0.1434,-0.3438,0.036
20850,1195,809,34.593,34.417,0.0014,-0.0835,9.8167,-0.6382,-0.8657,0.6764
20855,1190,812,34.497,34.326,0.0745,0.0303,9.7735,-0.1753,-0.6898,-0.0728
20860,1185,820,34.49,34.255,0.0055,0.0055,9.7692,-0.4466,-0.2511,-0.2603
20865,1185,823,34.615,34.3,0.0143,-0.0317,9.7921,0.0012,0.4961,-0.2506
20870,1177,836,34.517,34.286,-0.0143,-0.0124,9.8168,0.1466,0.2274,-0.4216
20875,1185,842,34.504,34.283,-0.116,0.0162,9.8036,0.9081,-0.2704,0.6325
20880,1191,843,34.453,34.375,0.0358,0.0307,9.7987,-0.1405,-0.2235,0.1147
20885,1177,852,34.557,34.307,-0.0449,-0.0596,9.7904,0.2142,-1.1943,-0.6476
20890,1182,857,34.596,34.411,0.0055,0.018,9.7624,-0.2857,0.8636,-0.3824
20895,1190,859,34.653,34.336,0.028,-0.0853,9.8264,-0.0336,-0.0078,-0.0971
20900,1174,869,34.563,34.331,-0.0811,-0.0219,9.8022,0.3314,0.0852,0.2086
20905,1180,874,34.57,34.311,-0.0029,-0.0654,9.8666,0.0949,0.0871,0.2366
20910,1172,873,34.566,34.319,-0.0391,-0.0311,9.7548,0.0628,0.629,0.8356
20915,1173,877,34.523,34.309,0.01,-0.0386,9.8626,0.9164,-0.3052,0.4663
20920,1165,881,34.573,34.352,0.0046,0.0392,9.7384,-0.1609,1.2094,-0.4255
20925,1170,887,34.574,34.363,-0.0314,-0.0704,9.8535,-0.5347,-0.7266,-0.0807
20930,1155,894,34.562,34.345,-0.0466,-0.0235,9.8821,-0.1426,-0.4511,-0.1425
20935,1163,897,34.603,34.306,0.0179,-0.0324,9.7858,-0.1553,0.4224,0.9592
20940,1165,899,34.523,34.405,-0.0048,-0.0473,9.8147,1.0479,-0.3197,-1.1863
20945,1149,903,34.552,34.35,-0.0276,-0.0498,9.7903,0.0221,-0.6976,-0.108
20950,1148,902,34.596,34.39,0.0121,-0.0845,9.7486,0.435,0.4244,-0.2563
20955,1138,899,34.566,34.273,0.0303,0.05,9.9487,-0.7841,-0.7157,-0.0509
20960,1142,904,34.56,34.248,-0.0487,-0.0226,9.8885,-0.504,0.2062,-0.2612
20965,1147,907,34.487,34.29,-0.0128,-0.006,9.8307,0.5108,0.1044,0.5133
20970,1139,909,34.617,34.252,0.029,-0.0085,9.8222,0.2875,0.2535,-0.1698
20975,1123,911,34.518,34.415,-0.0507,-0.0175,9.8042,0.2332,-0.5345,-0.1261
20980,1134,912,34.531,34.429,0.0502,0.0443,9.8341,-0.2999,0.6731,-0.4497
20985,1132,909,34.602,34.253,0.0025,0.05,9.7799,0.2134,-0.7258,-0.0991
20990,1125,917,34.62,34.335,-0.0149,-0.0217,9.7884,0.0135,-0.3462,0.7236
20995,1125,907,34.599,34.27,0.0303,0.0681,9.8104,0.9507,0.1809,0.1041
21000,1128,909,34.543,34.31,0.0865,0.0109,9.8908,-0.0867,0.056,1.0349
21005,1116,910,34.642,34.303,0.0144,0.0343,9.8087,0.0789,-1.3199,0.7848
21010,1105,913,34.521,34.313,-0.0164,-0.0159,9.8165,-0.3469,-0.009,-0.5084
21015,1110,910,34.619,34.352,0.0695,0.0242,9.7968,0.0084,-0.2878,0.2655
21020,1110,911,34.483,34.325,0.0187,0.0349,9.7941,0.0992,0.5751,-0.2564
21025,1106,908,34.444,34.269,-0.0276,0.0456,9.8554,0.4607,-0.4235,0.4835
21030,1112,906,34.544,34.273,0.0325,-0.0701,9.7906,0.0199,-0.6497,0.1787
21035,1105,903,34.482,34.341,-0.067,0.0312,9.8103,0.2609,-0.3046,-0.2956
21040,1101,906,34.518,34.284,0.0771,-0.0906,9.8407,0.4152,0.1294,0.6113
21045,1097,903,34.583,34.345,-0.0007,0.0391,9.7889,-0.0388,0.1408,-0.4429
21050,1100,900,34.583,34.351,-0.0776,0.0411,9.7893,-1.4728,0.1105,0.6887
21055,1092,899,34.592,34.299,0.0036,-0.0355,9.802,0.7962,0.0312,-0.8682
21060,1089,899,34.597,34.268,-0.0084,0.0116,9.7759,-0.2,0.9463,-0.0365
21065,1084,891,34.594,34.316,-0.0269,0.004,9.8184,1.3585,-0.9731,-0.1661
21070,1093,892,34.615,34.233,0.0935,-0.0274,9.7418,0.1404,0.045,-1.0058
21075,1080,885,34.502,34.318,-0.0639,-0.003,9.7674,0.0236,0.1483,-0.4455
21080,1079,888,34.645,34.479,0.0678,0.0392,9.8015,-1.1061,-0.8831,-0.178
21085,1085,892,34.535,34.31,-0.1148,-0.0353,9.8974,0.4713,-0.6162,0.1832
21090,1078,887,34.542,34.309,0.0078,0.0144,9.8701,0.3673,0.153,0.4172
21095,1077,883,34.543,34.389,0.0435,-0.0374,9.7434,0.0929,0.1673,0.3947
21100,1071,877,34.557,34.253,-0.0118,0.0427,9.9288,0.1079,0.7808,0.3737
21105,1074,881,34.559,34.393,0.1188,0.0375,9.7612,0.4257,1.0089,1.2393
21110,1077,878,34.528,34.383,-0.0231,-0.0223,9.8074,0.2817,-0.2901,0.5835
21115,1076,878,34.634,34.277,0.0559,-0.0615,9.6959,-0.5382,-0.2063,-0.3658
21120,1069,870,34.698,34.283,-0.0027,0.0231,9.807,0.4795,-0.3724,0.1829
21125,1060,871,34.523,34.258,-0.0103,0.0661,9.8316,0.5089,-0.2561,-0.0016
21130,1053,873,34.64,34.379,-0.0178,-0.0388,9.7338,0.7414,0.2149,-0.2849
21135,1052,868,34.57,34.294,0.0071,0.0265,9.8176,0.3694,0.6339,-0.1419
21140,1046,866,34.588,34.368,0.0363,-0.0221,9.892,0.5818,-0.1357,-0.3438
21145,1050,866,34.473,34.273,-0.013,0.0526,9.8138,-0.178,-0.597,-0.229
21150,1042,868,34.549,34.308,0.0528,-0.0604,9.8607,-0.9013,0.4781,0.0352
21155,1039,865,34.569,34.284,0.03,-0.0698,9.8878,0.1989,-0.3386,0.5011
21160,1036,862,34.557,34.35,-0.1284,0.0584,9.8521,0.0257,-0.1031,-0.5658
21165,1025,863,34.515,34.354,-0.0322,0.0262,9.8314,-0.0008,0.3769,-0.2508
21170,1016,862,34.622,34.301,-0.0052,-0.0947,9.8308,0.2019,-0.1899,-1.5828
21175,1020,857,34.517,34.276,-0.077,0.0476,9.8884,-0.9068,-0.1491,0.3182
21180,1006,858,34.517,34.261,0.0301,-0.04,9.8675,0.2323,-0.0606,-0.5427
21185,1013,860,34.533,34.271,-0.0141,0.0199,9.8511,0.2582,-0.3002,0.3382
21190,1002,857,34.478,34.364,-0.0112,-0.0579,9.7215,-0.4381,0.2175,-0.4864
21195,990,852,34.698,34.355,-0.0202,-0.0367,9.7685,0.2001,0.5743,-0.1448
21200,986,854,34.61,34.338,0.0807,-0.1024,9.7246,0.7525,-0.8665,-0.8796
21205,973,852,34.568,34.42,0.0291,0.0112,9.8308,0.0164,0.0118,-0.2285
21210,968,849,34.565,34.315,-0.0171,0.0839,9.7474,-0.8773,0.3644,0.918
21215,968,848,34.563,34.361,0.1015,0.0265,9.7693,0.091,1.0186,-0.0872
21220,947,849,34.571,34.295,0.0595,0.0649,9.8232,0.3725,-0.2358,-0.1161
21225,936,846,34.617,34.357,0.0257,0.05,9.8794,0.1883,0.4,-0.4263
21230,942,845,34.549,34.354,-0.0654,-0.0324,9.9043,0.0758,-0.3254,0.027
21235,932,838,34.529,34.367,0.0292,0.0105,9.8133,0.0735,0.4774,0.9415
21240,921,845,34.55,34.344,-0.0018,0.0083,9.7642,0.5778,0.5193,0.4457
21245,913,841,34.537,34.311,0.0274,-0.0156,9.8369,0.2524,-0.6003,0.4055
21250,901,838,34.499,34.276,-0.051,0.0669,9.8054,0.8289,-0.4925,-0.2021
21255,889,830,34.503,34.251,0.0034,0.0573,9.7506,1.1771,-0.0241,0.3234
21260,880,834,34.523,34.393,-0.089,0.0247,9.7195,-0.0161,0.7092,0.3945
21265,884,831,34.524,34.288,0.0851,0.0082,9.7385,0.0603,0.0868,0.087
21270,869,829,34.583,34.36,0.0611,-0.0432,9.8004,-0.1966,-0.5143,0.368
21275,851,824,34.561,34.328,0.0857,-0.0813,9.7121,-0.3888,0.5671,0.4459
21280,841,825,34.564,34.361,-0.0559,0.0659,9.7824,0.6455,-0.2612,-0.4126
21285,845,824,34.622,34.398,0.0372,-0.0021,9.7283,0.1463,0.1435,0.2899
21290,830,820,34.496,34.331,0.0032,0.0521,9.8172,-0.3254,0.2076,1.0021
21295,828,821,34.527,34.337,-0.0862,-0.0405,9.8655,-0.4273,-1.0117,-0.2307
21300,820,812,34.491,34.274,-0.0093,0.0566,9.8739,-0.7559,0.5748,0.4291
21305,810,806,34.521,34.246,0.0523,0.0457,9.7727,0.3438,-0.1076,0.5004
21310,806,804,34.581,34.29,-0.0171,-0.0436,9.8062,0.1978,0.1022,-0.0531
21315,798,801,34.527,34.344,0.0364,0.0234,9.786,0.2352,0.164,-0.5732
21320,795,797,34.574,34.416,0.0161,-0.0261,9.8316,-0.486,-0.1166,-0.1355
21325,777,796,34.571,34.277,0.0324,-0.0717,9.6618,-0.1894,0.084,0.231
21330,781,788,34.596,34.267,-0.0548,0.0279,9.7605,0.3301,-0.5184,-0.2035
21335,769,785,34.526,34.164,0.0516,0.0268,9.7382,-0.372,-0.3308,-0.5946
21340,769,785,34.533,34.231,-0.0405,0.0196,9.8426,0.1106,0.1061,-0.4288
21345,767,781,34.55,34.282,0.0249,-0.0091,9.7966,0.0701,-1.0273,-0.2189
21350,759,770,34.558,34.319,0.0063,0.0386,9.7655,-0.3828,0.3732,-0.7773
21355,769,764,34.543,34.278,0.0051,0.071,9.8691,-0.9728,-0.7172,0.6938
21360,762,765,34.524,34.381,-0.0538,-0.0446,9.7505,0.353,0.1423,-0.2954
21365,757,758,34.612,34.34,-0.0373,0.0172,9.8342,-0.2444,-0.3547,-0.0055
21370,754,757,34.616,34.235,0.0851,-0.0403,9.8178,-0.4402,-0.5181,0.8161
21375,752,750,34.573,34.363,0.0612,0.0648,9.811,-1.0002,-0.1946,-0.6037
21380,746,740,34.528,34.293,-0.016,0.0357,9.7419,0.0802,-0.5296,0.0289
21385,745,735,34.577,34.292,0.0169,0.0906,9.8261,-0.5298,0.1391,-0.2374
21390,741,732,34.519,34.303,0.1,-0.0717,9.8882,0.2587,-0.0492,-0.0469
21395,749,725,34.564,34.255,-0.0411,0.0349,9.8755,-0.1914,0.6848,0.024
21400,737,723,34.495,34.322,0.0635,0.0079,9.7913,-0.0209,-1.025,0.0369
21405,754,715,34.627,34.349,-0.0321,0.0483,9.8644,0.1196,-0.1796,1.1892
21410,764,715,34.586,34.341,-0.071,0.0315,9.735,0.4859,0.0407,-0.3635
21415,757,706,34.595,34.248,0.0084,-0.017,9.7892,0.1386,-0.0041,0.1628
21420,758,705,34.494,34.425,-0.0042,-0.0184,9.798,-0.516,0.4313,-0.2811
21425,765,703,34.596,34.357,-0.0142,-0.013,9.7802,0.7985,0.1851,0.606
21430,781,687,34.523,34.304,-0.0289,0.0505,9.8755,-0.159,0.0746,-0.0871
21435,771,688,34.522,34.297,0.0943,0.0239,9.8052,0.1721,-0.4028,-0.7704
21440,788,689,34.547,34.43,0.0775,0.0228,9.7777,-0.8777,0.0682,0.1087
21445,791,676,34.58,34.291,-0.0312,0.0193,9.8268,-0.1702,0.373,-0.1095
21450,798,678,34.546,34.318,-0.0415,-0.056,9.7743,0.177,0.1038,-0.7572
21455,802,672,34.569,34.281,0.0053,-0.0748,9.7587,0.5615,-0.63,0.1815
21460,813,670,34.598,34.315,0.0273,-0.0261,9.7234,0.1908,-0.2755,0.8989
21465,828,668,34.516,34.351,-0.0849,-0.0379,9.7748,0.3911,0.5973,-0.6316
21470,833,664,34.584,34.333,0.0616,-0.0016,9.7637,0.663,-0.89,1.2391
21475,838,659,34.637,34.359,-0.1091,-0.0407,9.7948,-1.1854,0.785,-0.1106
21480,855,663,34.499,34.353,-0.0815,0.037,9.8772,-0.1367,0.416,0.4352
21485,866,656,34.535,34.222,-0.0839,0.0363,9.8685,-0.441,-0.3583,-0.0654
21490,886,655,34.552,34.324,-0.0988,-0.0325,9.796,0.3257,-0.5261,0.1266
21495,884,654,34.572,34.237,0.0572,-0.0388,9.6995,-0.1054,-0.8406,-0.1908
21500,894,650,34.55,34.315,0.028,-0.0107,9.8457,-0.1664,-0.1574,-0.3393
21505,905,653,34.573,34.277,-0.0389,0.0461,9.8096,0.1071,0.5093,-0.2676
21510,925,653,34.625,34.317,-0.015,0.0049,9.8096,-0.4725,-0.6771,0.732
21515,937,653,34.528,34.316,0.0304,0.0491,9.6574,-0.4528,0.2842,0.0967
21520,945,653,34.48,34.385,0.0134,-0.011,9.7983,1.0252,-0.6225,-0.1535
21525,958,652,34.609,34.359,0.0267,0.0205,9.8106,0.5115,-0.0871,0.1886
21530,961,653,34.575,34.328,0.0371,-0.0244,9.8915,0.7566,0.093,1.0174
21535,987,656,34.579,34.28,0.0504,-0.0083,9.7931,-0.7157,-0.122,0.1967
21540,991,656,34.624,34.368,0.0999,-0.05,9.7779,-0.351,-0.132,0.5953
21545,1006,659,34.545,34.281,-0.0117,0.0542,9.9626,-0.6812,0.8422,0.588
21550,1023,665,34.588,34.315,-0.0287,-0.0422,9.7583,0.7382,0.4727,0.3798
21555,1023,662,34.522,34.268,0.0391,-0.0289,9.7529,0.3118,0.5556,0.4223
21560,1046,665,34.542,34.31,0.0102,-0.0151,9.8862,-0.3699,0.2306,0.1093
21565,1051,676,34.448,34.417,-0.0239,0.0235,9.815,0.5735,-0.1199,-0.1067
21570,1060,677,34.472,34.26,-0.0446,-0.0099,9.7528,-0.5709,-0.0686,0.0219
21575,1068,678,34.687,34.344,-0.0313,-0.0065,9.7854,-0.396,-0.2121,-0.4802
21580,1075,680,34.585,34.308,0.0091,0.0366,9.7204,0.5389,-0.1741,-0.6065
21585,1084,687,34.606,34.213,0.0533,0.0203,9.8101,0.0912,0.9508,-0.2318
21590,1100,699,34.585,34.264,0.015,0.022,9.7688,0.1458,-0.5411,-0.7225
21595,1101,700,34.63,34.388,0.0195,0.0091,9.8462,-0.1305,-0.3993,0.3147
21600,1119,703,34.603,34.421,-0.0505,-0.1058,9.7727,0.6196,0.9938,-0.2268
21605,1121,707,34.557,34.282,-0.0353,0.1028,9.8169,-0.3646,0.0737,-0.0915
21610,1134,720,34.565,34.301,-0.0203,0.0422,9.8329,0.0503,-0.7537,0.5112
21615,1151,723,34.487,34.299,0.0292,-0.0432,9.8731,-0.5507,-1.0972,-0.382
21620,1142,731,34.572,34.315,0.03,0.0532,9.8502,-0.6952,-0.736,0.3629
21625,1157,732,34.562,34.267,-0.0142,0.0575,9.8718,0.1196,0.0146,-0.6959
21630,1156,738,34.609,34.299,-0.0023,0.0365,9.7893,0.6841,0.5697,-1.1618
21635,1158,747,34.513,34.276,-0.0817,-0.0239,9.7973,-0.1095,0.378,-0.5215
21640,1171,752,34.584,34.231,-0.0715,0.0161,9.8608,0.6498,-0.3022,-0.1685
21645,1177,763,34.584,34.388,0.0611,0.0064,9.724,0.2156,0.9964,0.2584
21650,1170,769,34.556,34.324,-0.0094,-0.027,9.783,-0.7121,0.3933,0.6216
21655,1179,774,34.572,34.359,0.0633,-0.0306,9.8956,-0.3646,0.3595,-0.0175
21660,1176,777,34.538,34.271,-0.0049,0.0121,9.8106,-1.0602,0.9677,0.3296
21665,1185,787,34.573,34.276,-0.0106,0.0778,9.8843,-0.2824,-0.4289,-0.0586
21670,1186,792,34.59,34.302,-0.0012,-0.0496,9.8075,-0.1317,-0.1793,-0.0852
21675,1179,802,34.522,34.368,-0.088,-0.0008,9.8205,-0.2872,-0.1766,-0.3707
21680,1182,809,34.505,34.268,-0.0197,0.0352,9.8405,0.1975,-0.3663,-0.3583
21685,1186,816,34.555,34.285,-0.045,-0.0632,9.8942,0.377,1.3027,-0.6824
21690,1199,819,34.561,34.326,-0.0282,-0.0205,9.8114,0.2404,-0.1638,0.2956
21695,1187,828,34.625,34.264,0.0224,0.0022,9.7755,-0.5737,0.0132,0.1472
21700,1195,831,34.712,34.352,-0.0035,-0.0141,9.8593,0.967,0.711,0.199
21705,1184,843,34.522,34.282,-0.0433,-0.0048,9.8224,0.2763,0.9994,-0.6258
21710,1185,849,34.6,34.366,0.0227,-0.0416,9.7677,-0.2358,-0.3484,0.3825
21715,1196,851,34.523,34.352,-0.0542,-0.0768,9.8171,-0.3074,0.496,0.7439
21720,1180,858,34.608,34.326,-0.0151,-0.0081,9.7165,-0.0368,0.2499,0.4223
21725,1174,860,34.645,34.307,-0.0278,0.0431,9.8408,-0.3284,-0.2176,-0.3093
21730,1170,870,34.653,34.312,0.0115,-0.0591,9.7851,-0.7724,0.435,0.2633
21735,1177,861,34.522,34.328,-0.0834,0.0412,9.8459,-0.2243,-0.6208,-0.2701
21740,1181,883,34.484,34.35,0.0242,-0.0823,9.8085,0.8604,-0.1423,-0.1819
21745,1168,879,34.512,34.408,0.0799,0.0106,9.8215,0.6011,-0.3868,-0.0589
21750,1166,886,34.585,34.289,-0.0136,0.0119,9.868,-0.143,0.08,-0.2942
21755,1162,886,34.534,34.294,-0.0475,0.0014,9.8533,0.5754,0.0641,0.1075
21760,1166,896,34.59,34.349,-0.0354,-0.0446,9.6943,0.7997,0.6102,0.2198
21765,1158,895,34.571,34.246,0.0926,0.018,9.8657,-0.4783,-0.3852,0.4516
21770,1153,899,34.519,34.329,-0.0532,-0.0629,9.7739,-0.2179,0.3637,-0.4312
21775,1152,904,34.509,34.375,0.0381,-0.0438,9.7832,0.7242,0.8461,1.5857
21780,1149,902,34.566,34.338,0.0765,-0.009,9.868,-0.4123,-0.606,0.1818
21785,1141,906,34.535,34.249,-0.0353,-0.0011,9.8905,-0.2113,0.1059,0.4276
21790,1144,907,34.541,34.297,0.0553,0.029,9.8202,0.1196,0.0439,-0.1322
21795,1138,904,34.592,34.28,-0.0213,0.0737,9.8497,-0.403,-1.0156,-0.999
21800,1133,912,34.482,34.309,-0.013,0.0432,9.7686,-0.1709,0.8132,0.218
21805,1133,911,34.604,34.275,0.0298,0.0796,9.9397,0.1869,0.1858,0.007
21810,1125,907,34.407,34.255,-0.0246,0.0072,9.8373,-0.1971,0.2314,-0.2422
21815,1122,911,34.572,34.364,-0.0372,0.0232,9.9004,-0.8507,-0.3447,-0.1273
21820,1127,911,34.622,34.25,-0.0068,-0.075,9.7392,0.4916,0.8065,-0.9678
21825,1120,908,34.641,34.304,-0.0122,-0.0615,9.7873,0.7844,-0.0062,-0.3447
21830,1119,908,34.562,34.463,-0.02,-0.0091,9.7976,0.4326,-0.3436,-0.1084
21835,1116,910,34.514,34.437,0.1908,-0.0031,9.8358,-1.3351,0.1041,0.3291
21840,1114,906,34.608,34.298,-0.0558,0.048,9.7869,-0.7407,0.628,1.1623
21845,1112,910,34.627,34.226,-0.1387,-0.0716,9.8222,0.583,-0.319,0.3795
21850,1104,908,34.509,34.208,0.0179,0.0397,9.8122,-0.0007,-0.3728,-0.4511
21855,1108,908,34.525,34.332,0.0317,-0.047,9.7713,0.627,-0.6422,-0.9407
21860,1108,909,34.494,34.359,-0.0712,-0.0099,9.8948,-0.1493,-0.7819,-0.1931
21865,1106,904,34.559,34.238,0.0259,-0.0808,9.8164,0.2706,-0.0192,0.3633
21870,1106,904,34.597,34.361,-0.0738,0.0553,9.7738,-0.6794,0.6067,-0.513
21875,1101,901,34.53,34.367,-0.1815,-0.0807,9.8138,-0.0014,0.0252,0.3766
21880,1094,898,34.59,34.251,0.0258,0.026,9.8673,0.1961,0.1803,0.6867
21885,1089,899,34.55,34.317,0.0366,-0.0382,9.7928,-0.3098,-0.5701,-0.4699
21890,1092,894,34.675,34.312,0.0,-0.0365,9.7903,-0.6782,-0.1559,0.1858
21895,1091,892,34.606,34.266,-0.0231,-0.046,9.9053,-0.1558,-0.4083,0.301
21900,1093,895,34.623,34.328,0.0213,-0.067,9.8122,0.3347,0.387,0.0882
21905,1090,895,34.505,34.382,0.0103,-0.0483,9.7438,-0.1842,-0.17,1.077
21910,1088,889,34.52,34.277,0.0287,0.0727,9.7939,-0.0075,-0.2707,0.4336
21915,1087,887,34.585,34.312,-0.077,0.0329,9.7616,-0.0242,0.7266,0.2303
21920,1081,888,34.509,34.259,-0.0658,-0.0784,9.7093,-1.0707,0.9862,0.5211
21925,1073,881,34.567,34.275,0.017,-0.1009,9.9344,0.1796,-0.4513,-0.2655
21930,1080,878,34.569,34.347,0.0928,-0.0129,9.7677,-0.0574,-0.0017,0.0467
21935,1088,876,34.49,34.357,-0.0043,0.0732,9.803,0.49,0.5711,0.5023
21940,1071,872,34.53,34.339,-0.024,0.0615,9.7461,-0.929,0.5806,0.267
21945,1068,878,34.516,34.339,-0.0541,-0.0946,9.8475,0.3977,-0.6698,-0.0556
21950,1060,873,34.525,34.304,0.0391,0.0007,9.7549,0.5267,0.44,-0.7261
21955,1057,864,34.5,34.264,-0.0186,0.0251,9.8404,0.5269,0.3248,0.2786
21960,1061,869,34.572,34.327,-0.0632,-0.0952,9.8644,0.3726,0.1376,0.49
21965,1049,868,34.507,34.245,0.0589,0.0971,9.8021,0.4466,-0.5177,0.1066
21970,1044,866,34.521,34.353,-0.0023,0.003,9.8341,0.5129,0.2916,0.5854
21975,1042,865,34.559,34.295,-0.0227,0.0779,9.8246,-0.0735,-0.5248,-0.524
21980,1041,869,34.509,34.428,-0.0753,-0.0352,9.8299,-1.0397,-0.1998,-0.4966
21985,1036,862,34.496,34.267,0.0734,0.0363,9.8255,-0.2402,0.662,-0.4591
21990,1038,858,34.524,34.416,-0.0299,-0.0303,9.811,-0.7455,-0.0557,0.1988
21995,1025,860,34.594,34.327,-0.0506,-0.0539,9.8133,-0.2923,0.0882,0.5472
22000,1015,861,34.561,34.289,0.0596,0.043,9.8156,-0.6104,0.645,-0.0623
22005,1009,857,34.588,34.262,-0.03,-0.0556,9.769,-0.5876,0.2,-0.2276
22010,1003,859,34.596,34.338,-0.032,0.0174,9.8554,-0.0944,0.1036,-0.5665
22015,987,856,34.594,34.417,0.0318,0.0365,9.8045,0.7932,0.8566,-0.0395
22020,991,852,34.528,34.183,-0.047,-0.011,9.7934,-0.676,-0.0225,-0.752
22025,987,852,34.538,34.31,-0.0279,-0.005,9.7768,-0.1963,0.7086,1.0906
22030,978,856,34.589,34.275,0.043,-0.0313,9.762,-1.0957,-0.6989,-0.4825
22035,973,849,34.565,34.436,0.0655,0.0262,9.8449,-0.2845,-0.0456,0.0106
22040,967,847,34.553,34.275,0.064,0.0593,9.7365,0.2763,1.3014,0.027
22045,960,845,34.555,34.277,-0.037,0.002,9.7997,-0.4055,0.0148,-0.0662
22050,953,847,34.662,34.324,0.0206,-0.0821,9.7637,-1.3129,-0.0713,0.2429
22055,945,845,34.509,34.317,0.013,0.089,9.7529,-0.7673,0.0909,-0.0668
22060,942,845,34.592,34.347,-0.0589,-0.0337,9.875,0.4343,-0.0799,0.0598
22065,921,842,34.535,34.245,-0.0138,0.0856,9.8036,0.5811,-0.0653,0.9434
22070,919,841,34.57,34.349,-0.0464,0.0055,9.8215,-0.385,0.3176,-0.4041
22075,908,833,34.551,34.479,-0.0242,-0.0265,9.7031,0.0482,0.9264,-0.3945
22080,899,836,34.6,34.348,0.0059,-0.0528,9.7608,0.5348,0.3477,0.6373
22085,890,836,34.554,34.342,-0.0358,0.023,9.8155,0.428,0.1808,-1.072
22090,885,831,34.581,34.274,0.0175,-0.0271,9.7801,0.2444,-0.0822,-0.3015
22095,875,834,34.509,34.289,-0.0302,-0.0533,9.8182,-0.1075,0.4594,-0.1954
22100,874,833,34.569,34.359,0.0116,0.1026,9.8579,0.4519,-0.4843,0.0923
22105,860,823,34.518,34.329,0.0164,0.0019,9.7887,-0.2084,-0.0054,0.0466
22110,855,829,34.547,34.272,0.0429,-0.0899,9.8863,-0.7804,0.2019,0.5143
22115,837,812,34.578,34.292,0.0213,-0.0043,9.8373,-0.3515,1.3754,-0.0567
22120,838,816,34.535,34.305,0.0555,0.0578,9.7673,0.116,-0.2257,0.1709
22125,823,813,34.58,34.29,-0.0371,-0.0048,9.8237,-0.342,0.7315,-0.2692
22130,827,808,34.606,34.34,0.0504,-0.0402,9.8801,-0.014,0.6065,-0.8391
22135,811,811,34.485,34.263,-0.0135,0.0288,9.7934,-0.2388,1.3165,0.2399
22140,809,805,34.544,34.274,0.0233,-0.0011,9.8016,-0.0958,-0.0841,0.8335
22145,795,804,34.541,34.364,-0.0399,-0.0558,9.8111,0.3709,-0.0359,0.2721
22150,799,796,34.487,34.263,-0.0331,-0.0313,9.8415,-0.1408,-0.4069,-0.3415
22155,784,794,34.487,34.243,0.033,-0.0411,9.8339,-0.148,-0.2296,-0.2667
22160,775,791,34.567,34.311,-0.0795,-0.0361,9.8303,0.3658,-0.0702,0.4755
22165,767,783,34.517,34.294,0.0604,0.0078,9.782,-0.2308,0.0361,0.5413
22170,771,777,34.508,34.356,-0.0357,0.0408,9.7472,0.336,-0.002,-1.0829
22175,760,770,34.498,34.292,-0.0275,0.0871,9.888,0.1311,-0.7814,-0.4838
22180,763,771,34.572,34.27,-0.0313,0.0374,9.867,-1.0008,0.0398,-0.5435
22185,748,768,34.614,34.342,0.0711,0.0915,9.8258,0.4493,-0.3546,0.6888
22190,753,764,34.639,34.324,-0.0672,0.1336,9.8079,-0.9752,0.1201,-0.0696
22195,750,759,34.594,34.348,0.0342,0.0215,9.8032,-0.2496,-0.6338,-0.4349
22200,749,751,34.641,34.337,0.0982,0.0176,9.8279,1.0398,-0.2952,0.2269
22205,742,749,34.574,34.315,0.018,-0.0419,9.8155,0.8553,-0.6606,-0.9017
22210,757,747,34.521,34.242,-0.0292,-0.0911,9.8455,-0.275,0.4082,-0.5866
22215,746,735,34.465,34.287,-0.0545,-0.0217,9.8746,0.2736,0.1039,0.3752
22220,741,730,34.518,34.335,0.0538,0.0519,9.7412,0.0343,0.4429,0.6202
22225,749,731,34.514,34.22,0.0475,-0.006,9.8481,0.9985,-0.2529,-0.4002
22230,754,721,34.535,34.287,-0.01,-0.0408,9.8197,-0.6966,-0.3054,-0.2571
22235,754,720,34.556,34.287,-0.0946,-0.0274,9.7884,0.3356,0.1089,0.3603
22240,750,708,34.576,34.371,0.0162,-0.0447,9.803,-0.1126,-0.1724,-0.7362
22245,764,708,34.426,34.37,0.0287,-0.0186,9.8119,0.4398,-0.117,-0.0119
22250,766,699,34.489,34.355,0.0568,-0.0807,9.8346,0.2066,-0.8049,-0.242
22255,765,694,34.589,34.297,-0.0392,-0.0441,9.7056,-0.6984,0.1906,-0.0179
22260,773,692,34.524,34.315,-0.0512,0.0228,9.8297,-0.3541,-0.4969,-0.1157
22265,787,682,34.614,34.308,-0.035,0.0631,9.8263,0.6476,0.412,0.8775
22270,787,690,34.503,34.266,-0.0098,-0.0651,9.8124,-0.0893,-0.0178,0.1707
22275,786,679,34.53,34.332,-0.0692,0.0937,9.8616,0.2786,-0.024,0.1766
22280,801,677,34.504,34.327,0.0483,-0.035,9.7504,-0.6336,0.5234,-0.5174
22285,813,677,34.62,34.26,0.0243,0.0658,9.7952,0.8254,-0.1373,-0.1087
22290,821,671,34.484,34.33,0.0265,0.035,9.838,-0.0809,0.2366,0.58
22295,825,667,34.483,34.281,0.0508,-0.0361,9.7926,-0.0178,0.8467,0.6121
22300,843,660,34.495,34.225,0.0453,0.0032,9.845,0.8971,0.1577,-0.4516
22305,842,660,34.54,34.279,0.0765,-0.0388,9.7796,-0.812,-0.0125,0.0664
22310,860,661,34.551,34.364,0.0557,0.0654,9.7873,-0.2733,0.7879,0.6464
22315,876,656,34.606,34.41,-0.0094,0.0551,9.888,0.614,0.1848,0.7085
22320,887,655,34.51,34.281,-0.06,-0.0518,9.6865,0.0663,-0.515,-0.9813
22325,897,653,34.522,34.243,0.0574,-0.0321,9.7413,0.2544,0.6588,-0.1527
22330,902,654,34.481,34.248,0.0423,-0.0118,9.8283,-0.5879,-0.7815,-0.9877
22335,910,650,34.593,34.318,0.086,-0.0143,9.8038,0.2536,-0.8843,-0.2147
22340,921,649,34.601,34.372,0.0166,0.0509,9.8679,-0.2786,-0.0807,-0.5467
22345,936,653,34.53,34.375,-0.02,0.0704,9.8552,0.6151,0.3578,-0.1827
22350,950,654,34.576,34.329,-0.0583,-0.0471,9.7611,0.6354,-0.2829,-0.6514
22355,953,650,34.516,34.362,0.042,-0.074,9.794,-0.3636,-0.0195,0.2625
22360,964,652,34.576,34.289,0.0065,-0.0032,9.873,0.1538,-0.2549,0.5561
22365,982,653,34.477,34.416,0.036,0.0376,9.8522,0.1181,-0.4478,0.5406
22370,995,653,34.55,34.339,-0.0465,-0.0337,9.836,-0.178,-0.528,0.4539
22375,1002,659,34.618,34.262,-0.0259,0.007,9.8206,-0.4181,0.4039,0.4549
22380,1020,662,34.621,34.297,0.0068,-0.0184,9.8181,0.0842,-1.5068,-0.1874
22385,1023,662,34.504,34.367,-0.0474,0.0658,9.8496,0.017,0.3176,0.5772
22390,1035,666,34.516,34.356,0.0717,-0.0628,9.7485,0.0523,0.0234,0.31
22395,1042,672,34.508,34.319,0.0366,0.0149,9.8109,0.257,0.2742,-0.2783
22400,1064,675,34.645,34.303,0.0132,0.0439,9.7839,0.3165,0.2297,-0.4014
22405,1070,681,34.624,34.385,-0.0169,-0.0785,9.776,0.2166,-0.1862,0.1856
22410,1078,682,34.63,34.35,0.0143,0.0766,9.7946,0.5588,0.685,0.157
22415,1084,688,34.514,34.289,-0.1109,0.038,9.8406,0.2309,0.2304,-0.4455
22420,1097,693,34.62,34.262,0.0645,0.0177,9.9036,0.4158,-0.4838,0.2348
22425,1105,705,34.624,34.29,0.0043,-0.0301,9.8392,0.0756,-0.0413,-0.5517
22430,1115,699,34.545,34.306,-0.0032,-0.0041,9.8341,-0.1711,-0.3653,0.1429
22435,1118,707,34.591,34.35,0.0664,-0.0782,9.7703,-0.8679,0.801,1.0326
22440,1126,714,34.603,34.193,0.0388,0.018,9.8216,-0.3779,-0.7848,1.1037
22445,1143,718,34.596,34.337,0.0116,-0.082,9.8246,0.7114,-0.2762,0.2068
22450,1149,722,34.553,34.32,-0.014,-0.0485,9.7558,1.1298,-0.4424,0.5282
22455,1146,737,34.599,34.285,-0.0072,0.0594,9.8243,-0.6368,0.2207,-0.2411
22460,1156,742,34.593,34.394,-0.0642,0.0829,9.8513,-0.2691,-0.3287,-0.0485
22465,1155,748,34.606,34.273,-0.0292,0.0045,9.7553,0.0825,1.3584,0.2214
22470,1163,755,34.601,34.32,0.0429,-0.0649,9.7841,0.416,-0.0047,-0.9159
22475,1173,757,34.576,34.335,-0.0181,0.0241,9.7008,-0.7375,0.4777,0.1756
22480,1163,768,34.516,34.377,0.0264,0.0157,9.7367,0.8375,-0.2477,0.1685
22485,1175,775,34.562,34.391,-0.0219,-0.0855,9.8248,-0.3772,-0.933,-0.4131
22490,1183,780,34.462,34.341,-0.0409,0.0535,9.7819,-0.4854,0.1439,0.1323
22495,1183,786,34.472,34.268,0.019,0.0138,9.7939,0.2233,-0.439,0.7241
22500,1180,795,34.644,34.301,0.0873,0.0755,9.7364,1.1939,0.5081,-0.456
22505,1196,802,34.566,34.274,-0.0219,-0.0047,9.8842,-0.09,0.1136,0.3096
22510,1187,807,34.631,34.291,0.0456,-0.103,9.8529,0.0392,-0.0394,-0.1315
22515,1181,817,34.566,34.23,0.0858,-0.0234,9.7962,-0.0105,0.4938,0.265
22520,1193,819,34.563,34.331,-0.0554,0.0493,9.8379,1.0209,-0.0589,-0.3196
22525,1192,827,34.467,34.295,0.0755,0.0648,9.8769,-0.0419,0.3506,0.3998
22530,1180,832,34.549,34.335,-0.1126,-0.049,9.8167,0.6791,0.0375,0.0703
22535,1185,843,34.535,34.314,0.0677,-0.048,9.7539,0.6289,-0.2892,0.3847
22540,1189,844,34.613,34.284,-0.03,-0.0081,9.7882,-0.1273,0.4265,-0.2204
22545,1181,853,34.686,34.31,-0.0654,-0.0634,9.8676,-0.5758,0.3828,0.1734
22550,1183,858,34.517,34.4,0.0587,0.0995,9.7157,-0.0096,-0.0533,0.1248
22555,1178,863,34.532,34.206,-0.0569,0.0373,9.8564,-0.9179,0.573,-0.2372
22560,1188,866,34.579,34.355,0.1246,0.0782,9.795,0.0959,0.6174,-0.344
22565,1178,874,34.508,34.309,0.0441,-0.0824,9.8287,-0.7212,-0.1974,0.9634
22570,1175,878,34.591,34.314,0.099,-0.0111,9.7031,-0.7152,1.1301,-0.8899
22575,1173,882,34.49,34.284,-0.0588,0.0251,9.7853,0.3342,-0.4353,0.358
22580,1165,882,34.603,34.254,-0.0014,-0.1121,9.87,-0.6643,-0.7956,0.2967
22585,1168,889,34.474,34.301,0.0875,-0.0399,9.856,0.1814,-0.3565,-0.2971
22590,1156,892,34.555,34.352,0.0975,0.0398,9.7586,-0.3256,0.0925,-0.0249
22595,1160,895,34.529,34.299,-0.0225,-0.0142,9.8527,-0.2415,-0.8016,0.2787
22600,1160,898,34.578,34.253,-0.024,-0.0043,9.8669,-0.4281,-0.2443,-0.3009
22605,1147,898,34.583,34.254,0.0118,-0.0023,9.7774,0.1508,0.2645,-1.3361
22610,1145,903,34.52,34.31,-0.046,0.0139,9.7945,-0.6966,0.8493,0.0424
22615,1147,909,34.574,34.274,0.0527,-0.0215,9.753,-0.2321,1.1114,-1.3697
22620,1149,907,34.559,34.33,0.0089,-0.0871,9.8102,1.0221,0.8817,-0.5809
22625,1139,911,34.625,34.212,0.0349,-0.0373,9.8654,-0.6268,-0.8293,-0.52
22630,1133,903,34.568,34.309,-0.0597,0.0001,9.9115,-0.4278,0.0488,0.1366
22635,1139,908,34.54,34.245,0.0263,0.0749,9.8424,-0.1542,-0.4394,0.2093
22640,1141,913,34.511,34.316,0.0227,0.067,9.7882,0.5093,-0.0914,0.5864
22645,1126,914,34.539,34.294,0.0164,-0.0545,9.8211,-0.1561,0.6933,0.4927
22650,1121,912,34.516,34.305,-0.0312,-0.0313,9.8924,0.2468,-0.2321,0.0102
22655,1122,914,34.527,34.321,0.0058,0.0768,9.8203,0.162,1.2972,0.0878
22660,1118,912,34.638,34.33,-0.0777,0.0986,9.8274,-0.1724,0.1291,0.3422
22665,1121,909,34.473,34.37,-0.0907,-0.032,9.8629,-0.0246,1.1415,-1.2645
22670,1112,908,34.528,34.424,-0.0825,-0.0147,9.8062,0.311,-0.166,-0.2012
22675,1110,909,34.538,34.271,-0.0912,0.1256,9.8917,-0.0366,0.6674,-0.0024
22680,1116,911,34.576,34.375,0.0645,-0.0434,9.8349,0.0857,-0.0551,0.346
22685,1109,904,34.519,34.347,0.0064,0.0166,9.7411,-0.8586,0.6843,0.0831
22690,1107,902,34.621,34.26,0.0544,0.0142,9.8951,0.5405,0.5551,0.2806
22695,1106,899,34.517,34.294,0.0177,0.0487,9.8292,0.7631,0.2452,-0.8182
22700,1104,903,34.505,34.186,0.0224,0.0053,9.8148,0.4896,-0.3381,0.5435
22705,1097,896,34.57,34.304,0.113,0.0781,9.8848,-1.3047,1.801,0.5968
22710,1102,901,34.565,34.312,0.0659,-0.0613,9.7891,-0.0871,-0.1682,-0.3969
22715,1092,895,34.492,34.297,-0.0026,0.0864,9.7598,-0.0409,-0.4428,-0.2952
22720,1087,886,34.544,34.444,0.1464,-0.0764,9.8113,-0.4482,-0.5805,-0.0302
22725,1099,891,34.557,34.349,0.0236,0.0399,9.7478,0.3887,1.167,0.1816
22730,1093,890,34.566,34.278,0.0398,-0.0484,9.8072,0.614,-0.1746,0.8401
22735,1093,886,34.61,34.365,0.0596,-0.1104,9.774,0.0403,0.8549,0.8497
22740,1081,888,34.517,34.321,0.0646,-0.0317,9.7563,0.0539,-0.0546,0.0192
22745,1084,886,34.622,34.308,-0.0636,0.0572,9.7703,-1.0007,-0.324,-0.3782
22750,1079,885,34.524,34.272,-0.0553,0.0078,9.8551,-0.3158,0.004,-0.5864
22755,1080,879,34.625,34.205,-0.0002,-0.0308,9.7429,0.5664,0.8051,-0.3285
22760,1073,885,34.626,34.359,-0.0642,-0.0274,9.7808,-0.1901,0.6518,0.1575
22765,1071,880,34.609,34.286,0.016,-0.0364,9.7759,0.1213,0.5262,0.709
22770,1066,873,34.524,34.341,-0.0336,0.007,9.7908,0.8097,0.6177,0.323
22775,1062,879,34.524,34.313,-0.0385,-0.0089,9.7522,0.565,0.2141,0.1482
22780,1059,873,34.576,34.241,-0.0022,0.0138,9.8764,-0.2075,0.1507,-0.2292
22785,1068,871,34.626,34.354,-0.0219,0.04,9.7285,-0.5472,0.8001,0.508
22790,1054,866,34.651,34.254,0.0161,0.0192,9.7461,-0.3169,0.0231,-0.5684
22795,1050,867,34.517,34.274,0.0552,0.1328,9.8677,0.3572,0.0181,-0.1521
22800,1046,865,34.577,34.29,0.107,0.0019,9.8991,0.6087,0.2786,0.1861
22805,1035,869,34.628,34.312,-0.0143,0.026,9.8177,-0.4102,-0.1498,0.7203
22810,1042,867,34.568,34.296,-0.0141,0.0159,9.8136,0.2084,-0.3799,0.1743
22815,1035,869,34.527,34.321,0.1034,-0.0436,9.8123,0.5468,-0.655,0.8918
22820,1020,860,34.518,34.294,-0.0043,0.0922,9.7157,-0.68,0.7714,-0.4644
22825,1024,864,34.484,34.299,0.0141,0.072,9.8194,-0.5491,-0.1324,0.6411
22830,1022,857,34.518,34.375,0.0041,-0.0098,9.7881,-0.447,-0.4462,0.9104
22835,1015,860,34.476,34.345,-0.0173,0.0058,9.8974,0.3639,-0.1494,0.5858
22840,1008,857,34.558,34.291,-0.0275,-0.0768,9.7667,-0.1874,0.3052,-0.8032
22845,999,859,34.581,34.387,0.0283,0.0271,9.7024,-0.2547,-0.4844,0.8008
22850,1001,856,34.57,34.207,0.0746,0.0097,9.8287,-0.2739,-0.3824,-0.154
22855,991,852,34.523,34.395,-0.0601,-0.0265,9.7861,-0.1881,0.128,0.1006
22860,982,851,34.583,34.291,0.0307,0.01,9.7595,-0.5197,0.3242,-0.2425
22865,979,851,34.56,34.401,-0.0637,0.01,9.7921,-0.17,0.5742,-0.4818
22870,966,847,34.454,34.317,-0.0562,-0.0358,9.8037,-0.1251,0.3979,0.1111
22875,960,843,34.588,34.312,0.0305,-0.017,9.8956,0.2147,0.1715,-0.0754
22880,944,846,34.471,34.376,0.0997,0.0487,9.8086,-0.6725,0.1625,0.7184
22885,940,840,34.65,34.291,0.0378,-0.0361,9.8742,0.1272,0.4844,0.1657
22890,935,842,34.521,34.291,0.0887,-0.0251,9.909,0.0275,-0.2468,0.4719
22895,918,843,34.516,34.295,0.0426,0.0835,9.7851,0.2498,1.0119,-0.183
22900,920,843,34.556,34.304,-0.0055,-0.0407,9.7685,0.1259,0.0698,0.2899
22905,904,833,34.543,34.238,-0.0423,0.0585,9.9222,-0.4596,0.275,0.1977
22910,895,833,34.573,34.337,-0.0495,0.0755,9.7596,-0.5662,-0.038,-0.7455
22915,887,834,34.531,34.326,0.0181,-0.0709,9.8183,-0.0668,-1.0153,-0.1549
22920,881,835,34.656,34.207,-0.0597,0.0083,9.8773,-0.3429,0.6484,-0.0466
22925,872,829,34.563,34.36,-0.0069,0.0435,9.7777,0.0824,0.171,0.0705
22930,863,830,34.562,34.329,-0.0006,0.0415,9.778,0.2609,0.4136,0.7774
22935,860,822,34.441,34.302,0.0509,-0.0329,9.8662,0.3541,0.4849,-0.02
22940,840,832,34.553,34.251,0.0908,-0.0196,9.8595,0.0299,0.0041,-0.3316
22945,843,819,34.59,34.279,0.0157,0.0363,9.8742,-0.9934,-0.4671,0.2715
22950,830,818,34.495,34.202,-0.0485,0.0458,9.7302,-0.2411,0.2135,0.7432
22955,824,808,34.511,34.291,0.0029,-0.0169,9.8473,0.9483,0.0098,0.5968
22960,818,820,34.533,34.285,0.0266,0.0946,9.8093,-0.6189,-0.489,0.309
22965,804,807,34.608,34.42,-0.0801,-0.0645,9.8664,0.1151,0.2199,0.6639
22970,802,804,34.648,34.318,0.0259,-0.0571,9.8435,-0.0455,0.2167,-0.3626
22975,792,801,34.535,34.27,0.0194,-0.0133,9.7858,-0.4144,-0.0954,0.3123
22980,786,795,34.56,34.256,0.0263,-0.0171,9.8116,-0.782,-0.0473,-0.3766
22985,784,796,34.542,34.271,-0.0763,0.0626,9.8487,0.28,-0.8993,-0.2903
22990,774,790,34.57,34.303,0.0545,-0.0114,9.7756,-0.194,0.1504,0.0925
22995,775,782,34.522,34.258,0.06,-0.1016,9.8315,-0.7478,0.1647,-0.4761
23000,772,783,34.532,34.343,0.025,-0.0956,9.7958,-1.1658,0.8236,-0.1964
23005,767,778,34.54,34.275,-0.0424,-0.0779,9.8908,0.2897,-0.952,-0.9365
23010,749,774,34.611,34.372,-0.0902,0.0144,9.8513,0.1053,0.0586,-0.0995
23015,760,772,34.528,34.342,0.0217,-0.0978,9.7473,0.5735,-0.9603,-1.0877
23020,755,765,34.599,34.24,-0.0636,-0.0035,9.7668,-0.2628,-0.018,0.1827
23025,757,761,34.524,34.299,0.011,-0.0004,9.7288,0.3154,0.3886,-0.3715
23030,743,755,34.485,34.302,-0.0587,0.115,9.8041,-1.3906,-0.1948,-0.1621
23035,743,746,34.546,34.316,-0.0236,-0.0236,9.8559,0.085,0.6136,-0.6885
23040,750,741,34.509,34.272,-0.0455,0.0162,9.8139,0.3283,-0.0011,-0.2109
23045,747,735,34.435,34.274,0.0192,-0.0023,9.866,-0.3205,-0.0887,0.181
23050,757,734,34.52,34.229,0.0251,0.005,9.8122,-0.8476,0.4723,0.0847
23055,758,728,34.555,34.322,0.0034,0.0469,9.89,0.5165,0.1449,0.8013
23060,751,718,34.5,34.372,0.0348,-0.0071,9.7464,-0.1171,-0.2416,0.3468
23065,758,710,34.605,34.185,-0.0145,0.0614,9.8349,0.4361,0.1118,-0.4824
23070,752,715,34.529,34.26,-0.0202,-0.1179,9.8505,-0.075,0.3018,0.35
23075,763,708,34.48,34.353,0.0489,0.0302,9.8122,0.2901,0.149,0.9086
23080,763,700,34.501,34.298,-0.1281,0.0847,9.8023,-0.563,0.4725,-0.4707
23085,772,700,34.572,34.331,-0.0613,0.0098,9.8309,-0.4481,-0.5674,-0.3212
23090,776,692,34.432,34.285,0.0081,-0.0133,9.809,0.2803,0.1374,0.8339
23095,780,685,34.527,34.289,-0.0372,-0.0749,9.8209,-1.2433,0.1434,-0.0592
23100,784,686,34.501,34.372,0.0187,-0.0232,9.824,-0.9014,-0.0008,0.3867
23105,800,673,34.608,34.309,-0.0334,-0.0145,9.8719,-0.6643,0.3719,0.6424
23110,807,678,34.481,34.353,0.031,0.0305,9.7998,-0.3936,-0.8469,0.0028
23115,815,673,34.529,34.295,0.101,0.0708,9.8523,0.2947,-0.1279,-0.557
23120,823,666,34.515,34.324,-0.0208,-0.0572,9.7769,-0.7042,-0.4333,-0.1177
23125,828,660,34.543,34.394,0.0723,-0.0587,9.7863,0.2041,-0.3383,-0.2227
23130,833,662,34.591,34.331,0.0222,-0.0201,9.8448,-0.596,0.2003,0.8787
23135,850,667,34.456,34.296,0.0353,-0.0139,9.7386,0.5944,-0.7858,-0.174
23140,861,659,34.541,34.387,-0.0436,0.0143,9.771,-0.4348,0.504,0.2679
23145,876,658,34.53,34.436,-0.0439,-0.067,9.7162,0.5787,0.4294,0.3692
23150,876,652,34.651,34.32,-0.0496,0.025,9.831,0.7341,-0.4925,-1.1259
23155,893,650,34.571,34.292,0.0081,0.0455,9.8723,0.3554,-0.0604,-0.3251
23160,897,650,34.462,34.312,-0.1068,0.0846,9.8257,0.9823,0.358,-0.2117
23165,913,655,34.536,34.399,-0.0292,0.0379,9.8554,-0.5119,-0.4725,0.982
23170,926,648,34.528,34.188,0.0008,-0.0214,9.8301,1.0614,0.0532,-0.0652
23175,939,654,34.612,34.364,-0.0474,-0.0183,9.7734,1.0328,-0.2856,1.2614
23180,945,649,34.62,34.296,0.0231,-0.058,9.8698,-0.5131,0.9053,0.4879
23185,962,649,34.503,34.383,0.0116,-0.0822,9.8654,0.4771,0.8079,-0.6337
23190,977,652,34.558,34.363,-0.0144,0.0068,9.8213,-0.3434,-0.8172,-0.1362
23195,986,654,34.566,34.356,-0.0196,-0.0304,9.8911,-0.419,1.4002,-0.3274
23200,995,658,34.66,34.259,-0.073,0.0169,9.8666,0.3856,-0.2033,0.9306
23205,1008,659,34.599,34.252,-0.0423,0.1316,9.8216,0.2032,-0.4015,-1.0173
23210,1018,664,34.531,34.247,-0.0199,-0.0239,9.763,0.8755,0.0908,0.206
23215,1026,667,34.502,34.331,0.009,0.0421,9.7894,0.2549,0.4309,-0.3502
23220,1039,669,34.596,34.34,-0.0707,0.0797,9.7535,0.565,0.1559,0.4007
23225,1050,670,34.557,34.273,-0.012,-0.0571,9.782,-0.2978,0.0263,0.3363
23230,1060,669,34.578,34.316,-0.0574,-0.0395,9.8606,-0.4344,-0.4189,-0.3246
23235,1072,682,34.59,34.314,-0.0631,0.0397,9.8792,-0.5566,0.4608,-0.0592
23240,1082,683,34.533,34.347,0.0082,-0.0103,9.8047,0.4466,-0.2378,-0.009
23245,1090,691,34.589,34.218,0.0182,-0.0065,9.7375,0.0804,0.0555,0.6093
23250,1093,692,34.47,34.197,0.0029,0.0673,9.8152,-0.3793,0.283,0.3377
23255,1111,700,34.573,34.367,0.0003,-0.0158,9.79,-0.4144,0.8464,-0.4076
23260,1121,705,34.537,34.337,0.0321,-0.0042,9.8251,0.22,-0.3957,-0.0959
23265,1114,716,34.6,34.19,0.0063,-0.0659,9.833,0.2711,0.0442,-0.0686
23270,1131,717,34.573,34.225,0.0077,0.0525,9.8686,-0.5399,-0.2001,0.0485
23275,1137,723,34.624,34.294,-0.0658,0.0345,9.9169,-0.2709,0.0272,0.4364
23280,1150,733,34.483,34.28,0.0384,0.0426,9.8126,-0.7343,0.3879,0.2716
23285,1151,735,34.584,34.24,-0.0151,0.0697,9.7988,0.8512,0.4391,-0.6702
23290,1155,742,34.573,34.336,0.036,-0.0047,9.8348,0.7162,1.0498,0.4224
23295,1165,747,34.475,34.334,0.032,0.0065,9.7519,-0.0696,-0.0358,0.6305
23300,1162,761,34.579,34.295,0.06,-0.0604,9.8033,-0.6779,0.4173,-0.0097
23305,1174,765,34.545,34.154,0.0281,0.0316,9.8008,0.6111,0.6281,0.4122
23310,1174,776,34.579,34.341,-0.0049,0.0495,9.7831,-0.7298,-0.1132,0.3437
23315,1176,776,34.495,34.354,-0.0074,-0.0331,9.7564,-0.4411,-0.5535,-1.1068
23320,1186,785,34.541,34.319,0.0568,0.0409,9.7944,0.4024,-0.9414,-0.3864
23325,1179,795,34.498,34.333,-0.085,-0.0179,9.841,-0.5196,-0.822,-0.5046
23330,1185,794,34.668,34.317,0.0009,-0.0135,9.8512,0.6626,-0.8811,-0.3624
23335,1184,808,34.512,34.318,0.0584,-0.0429,9.7652,1.1813,0.2012,-0.1294
23340,1180,809,34.562,34.335,-0.039,-0.0541,9.7332,-0.4471,0.3126,1.3656
23345,1190,819,34.488,34.309,-0.0583,-0.0919,9.8385,-0.1647,-0.0119,0.3342
23350,1186,821,34.44,34.37,0.0052,0.0124,9.895,0.7342,0.7767,0.5492
23355,1195,830,34.567,34.307,-0.004,-0.024,9.8655,-0.047,-0.4658,-0.7336
23360,1189,839,34.617,34.243,-0.0149,0.0881,9.7821,-0.2106,0.3882,-0.2891
23365,1188,844,34.594,34.253,-0.0017,0.0377,9.8236,-0.3962,0.2856,0.0194
23370,1187,844,34.541,34.279,0.0519,-0.0329,9.8837,0.8237,-0.8837,-0.4598
23375,1176,856,34.509,34.249,-0.0782,0.0658,9.8438,0.4646,0.7041,-0.004
23380,1181,858,34.465,34.283,-0.022,0.0002,9.8649,-0.2364,1.0326,-0.1919
23385,1182,866,34.559,34.387,0.0039,0.07,9.7485,-0.2694,0.6744,0.5913
23390,1179,872,34.527,34.12,-0.1087,-0.0109,9.816,-0.9469,-0.2758,0.5753
23395,1173,876,34.473,34.347,0.0014,-0.0925,9.7853,-0.0026,-0.1238,0.3845
23400,1167,876,34.417,34.357,-0.0336,-0.024,9.7994,0.8585,-0.2,0.5385
23405,1175,882,34.574,34.334,-0.0297,-0.0071,9.8453,1.393,-0.3224,0.3484
23410,1171,888,34.49,34.34,0.0725,-0.045,9.7906,0.0016,-0.2448,-1.1226
23415,1172,891,34.525,34.241,0.0478,-0.0447,9.8228,0.7803,0.1479,0.3605
23420,1165,888,34.61,34.255,0.0298,0.0714,9.7754,-0.4692,-0.0073,0.4326
23425,1167,895,34.555,34.29,0.0627,0.0273,9.8323,0.0149,-0.5244,0.6232
23430,1155,895,34.438,34.276,-0.0083,-0.0744,9.8384,-0.8437,0.0842,0.045
23435,1155,898,34.492,34.388,-0.0084,0.0253,9.7882,0.3959,0.1865,-0.4653
23440,1155,900,34.527,34.218,-0.0513,0.0272,9.7907,-0.0919,-0.295,1.0431
23445,1157,908,34.596,34.367,0.0082,0.0245,9.8169,-0.984,-0.1741,0.0285
23450,1136,902,34.517,34.298,0.097,-0.0255,9.7302,1.2404,-0.1304,-0.6248
23455,1139,904,34.482,34.261,0.0077,0.0967,9.7334,0.3989,0.1013,0.0984
23460,1129,911,34.544,34.27,-0.028,-0.0554,9.8089,0.5378,-0.1903,0.4411
23465,1136,912,34.466,34.27,-0.0556,0.0513,9.8032,-0.1672,0.248,-0.4839
23470,1133,908,34.626,34.289,-0.0273,-0.0377,9.7337,-0.523,-0.216,-0.5296
23475,1129,910,34.499,34.35,0.0752,-0.0304,9.8635,-0.5856,-0.7051,-0.4003
23480,1125,902,34.588,34.301,0.0863,0.0056,9.7868,0.1168,0.1329,0.1883
23485,1123,907,34.505,34.275,-0.0261,0.0624,9.7486,0.0235,0.9374,-0.1266
23490,1122,912,34.605,34.294,-0.0424,-0.0036,9.8642,0.5828,-0.3926,-0.5666
23495,1110,911,34.6,34.204,-0.0546,0.0479,9.8255,0.2968,-0.1023,0.0181
23500,1113,905,34.547,34.309,0.021,-0.0278,9.784,-0.4757,-0.9232,0.6845
23505,1111,908,34.673,34.284,0.0318,-0.0456,9.7331,-0.0198,-0.2891,0.0698
23510,1113,907,34.533,34.3,-0.1057,-0.0685,9.75,1.0948,0.3721,-0.7979
23515,1103,904,34.584,34.342,0.0427,-0.0179,9.83,1.3487,0.7077,-0.0347
23520,1101,903,34.525,34.352,-0.1192,0.0165,9.8408,-0.3073,-0.4204,-0.3754
23525,1097,905,34.519,34.272,-0.0337,0.0239,9.8592,0.0406,-0.4841,0.143
23530,1106,901,34.483,34.243,-0.0108,0.0048,9.8121,0.3643,0.1839,-0.9767
23535,1108,897,34.567,34.312,0.0463,-0.0123,9.8662,-0.1759,0.5371,-0.1494
23540,1092,898,34.61,34.311,-0.01,-0.005,9.7978,0.1443,0.0175,-0.9845
23545,1088,893,34.546,34.235,0.0165,0.0489,9.7998,0.1324,-0.1859,-0.212
23550,1095,894,34.519,34.358,-0.0274,-0.0657,9.7532,-0.0574,0.3872,0.1098
23555,1093,896,34.533,34.373,0.0058,0.0628,9.8469,-0.2118,-0.207,0.1903
23560,1087,893,34.495,34.349,0.0574,-0.0111,9.8524,0.5221,-0.0607,0.5944
23565,1084,887,34.627,34.235,-0.1245,0.027,9.768,-0.8534,-0.2457,-0.2468
23570,1074,892,34.554,34.352,0.0037,0.1024,9.7914,-0.309,0.1081,-0.3204
23575,1085,880,34.585,34.253,-0.0464,0.0592,9.8074,-0.7639,0.1982,-0.1215
23580,1074,884,34.551,34.303,-0.0327,0.0289,9.7152,-0.8105,-0.2617,-0.2359
23585,1064,883,34.55,34.375,0.0101,-0.0893,9.8044,0.4904,0.1073,0.8742
23590,1080,884,34.584,34.342,-0.0949,-0.0461,9.7127,-0.5246,-0.7393,-0.4587
23595,1064,877,34.526,34.271,0.0031,-0.046,9.7895,0.1537,0.2615,-0.5981
23600,1068,872,34.573,34.319,0.0275,0.0206,9.7961,0.1612,-0.4739,-0.5569
23605,1059,875,34.418,34.257,0.0413,-0.0646,9.8709,1.4567,-0.4918,-0.1965
23610,1063,875,34.485,34.287,-0.0378,-0.0326,9.8116,-0.51,0.2133,-0.4089
23615,1060,870,34.572,34.254,0.0089,0.0616,9.7751,0.1766,0.2256,-0.5603
23620,1054,866,34.536,34.3,0.0919,-0.0435,9.8703,0.7869,-0.7143,-0.9836
23625,1048,872,34.437,34.334,0.0442,-0.0983,9.8329,-0.2348,-0.2465,-0.1879
23630,1045,872,34.505,34.181,0.0055,-0.0299,9.7586,0.2969,0.064,0.2656
23635,1039,864,34.482,34.209,-0.0053,0.0147,9.8299,-0.0947,0.8281,-0.4559
23640,1044,862,34.555,34.424,-0.0232,0.0719,9.8288,0.5341,-0.6822,-0.1232
23645,1041,861,34.625,34.254,-0.028,-0.0018,9.8476,0.4524,0.0598,0.1778
23650,1028,861,34.502,34.224,-0.0421,-0.0158,9.7023,-0.3391,0.0483,0.1556
23655,1012,863,34.495,34.291,0.0108,0.027,9.7925,0.6982,0.1614,-0.3237
23660,1008,856,34.499,34.38,-0.0191,-0.0129,9.7789,0.8716,1.0572,0.6382
23665,1015,858,34.533,34.31,-0.0486,0.0664,9.8249,-0.14,-0.3387,0.262
23670,1009,855,34.597,34.307,0.0672,-0.0586,9.8004,-0.7053,-0.32,0.2447
23675,999,857,34.469,34.313,0.0761,-0.0583,9.6588,1.1331,-0.5912,-0.5744
23680,998,854,34.487,34.309,0.0252,-0.0419,9.8104,-0.185,-0.2858,-0.5322
23685,993,859,34.615,34.262,0.027,-0.0371,9.789,0.5066,-0.6238,-1.1232
23690,982,849,34.567,34.384,0.0308,0.0265,9.8387,-0.2907,0.1715,-0.8906
23695,975,849,34.442,34.284,-0.0262,0.035,9.7228,0.9502,-1.0958,-0.1211
23700,972,847,34.579,34.252,0.0741,-0.0043,9.8209,0.3724,0.9579,0.3936
23705,960,843,34.543,34.359,-0.0255,0.0587,9.8789,0.1749,0.0392,-0.1765
23710,953,842,34.535,34.263,0.0036,-0.0045,9.8653,0.6876,-0.2491,-0.5785
23715,942,842,34.519,34.273,-0.0105,0.0618,9.8558,-0.5454,0.5744,0.3909
23720,936,845,34.555,34.269,-0.0248,-0.0679,9.8282,-0.4192,0.2654,0.9229
23725,918,839,34.464,34.283,0.0718,-0.09,9.8016,0.2923,-0.5159,0.2285
23730,910,840,34.55,34.259,0.0196,0.0284,9.7859,0.9535,0.2813,-0.3726
23735,901,840,34.54,34.321,-0.0165,-0.0303,9.6783,0.2213,0.3292,0.0058
23740,894,834,34.673,34.37,-0.0336,0.0088,9.76,0.5167,-0.5589,-0.1926
23745,900,836,34.564,34.337,-0.0047,-0.0008,9.759,-0.0962,-0.795,0.1213
23750,880,831,34.502,34.341,0.0338,0.0161,9.7659,0.0534,-0.7119,-0.1282
23755,884,833,34.552,34.303,0.058,-0.0828,9.797,-0.1236,0.1454,-0.0186
23760,868,827,34.535,34.347,0.0363,-0.0554,9.8317,-0.1935,-0.0092,-0.2129
23765,863,825,34.537,34.192,-0.0163,-0.0056,9.8538,0.1074,-0.5769,0.6204
23770,849,824,34.531,34.291,0.0746,0.0279,9.8493,-0.0584,-0.314,-0.7708
23775,846,825,34.579,34.275,-0.0137,0.0773,9.7942,-0.036,0.2687,-0.271
23780,826,814,34.533,34.372,0.0172,0.0606,9.7443,-0.4589,1.2926,-0.3485
23785,820,812,34.499,34.253,0.0343,-0.008,9.7886,0.1866,0.5429,0.0696
23790,815,810,34.511,34.344,0.0672,-0.0388,9.7457,-0.7285,-0.1845,0.5502
23795,800,805,34.477,34.211,0.0074,0.0314,9.8584,0.5013,-0.4439,0.7691
23800,805,802,34.463,34.279,0.0746,0.0615,9.8515,-0.3435,0.5085,-0.2817
23805,794,800,34.565,34.292,0.0575,-0.0581,9.8381,0.8121,0.3145,0.1326
23810,795,794,34.643,34.3,-0.1296,-0.0426,9.7662,0.5513,0.5092,0.0001
23815,792,791,34.452,34.341,-0.0315,0.0016,9.7308,0.1712,0.0855,-0.4418
23820,774,782,34.521,34.308,-0.0475,-0.0017,9.8776,-0.2764,0.0234,0.0041
23825,766,782,34.52,34.338,-0.0571,0.0011,9.7721,-0.7044,-0.0401,-0.5302
23830,770,778,34.544,34.268,0.0168,0.0633,9.8459,0.5982,0.3587,-0.4531
23835,758,775,34.531,34.266,-0.0765,-0.0949,9.742,0.2456,0.034,-0.1229
23840,765,775,34.547,34.288,-0.0279,0.0577,9.8059,0.4139,-0.4555,-0.4958
23845,763,769,34.606,34.334,-0.0309,0.0136,9.8162,0.0771,-0.4408,0.7536
23850,746,756,34.567,34.296,-0.029,-0.0556,9.8066,-0.5318,1.1983,-1.1548
23855,750,755,34.506,34.289,-0.0224,-0.0603,9.924,0.104,-0.608,0.7218
23860,742,748,34.579,34.269,0.0162,-0.0082,9.8315,0.1712,1.5073,-0.0296
23865,747,743,34.475,34.323,-0.0693,0.087,9.8633,0.6228,0.7798,-0.6554
23870,745,738,34.492,34.251,-0.0453,-0.052,9.8181,-0.3134,-0.2314,0.1486
23875,753,735,34.493,34.282,0.0333,0.0979,9.8853,-0.3794,0.3664,0.6521
23880,746,728,34.506,34.346,-0.0644,0.0319,9.8585,0.3488,-0.5463,0.2145
23885,754,723,34.576,34.328,0.1011,-0.0734,9.7495,-0.7325,0.2913,0.468
23890,756,719,34.532,34.317,0.0165,0.1173,9.8048,-0.224,-0.4046,-0.1778
23895,756,714,34.52,34.351,-0.107,0.0975,9.8247,-0.7492,-0.3401,-0.4464
23900,761,707,34.542,34.265,-0.0125,0.0188,9.8409,-0.3961,0.3329,-0.3616
23905,767,705,34.525,34.379,-0.0299,-0.0268,9.7915,-0.2224,-0.1677,0.6688
23910,767,703,34.531,34.259,-0.0256,-0.0836,9.8221,0.6793,0.0115,1.2793
23915,774,692,34.446,34.354,0.094,0.0117,9.84,0.4085,0.6302,0.954
23920,788,694,34.491,34.32,0.0154,-0.0236,9.8256,-0.1871,0.1005,-0.8371
23925,790,682,34.458,34.347,-0.0619,-0.0525,9.8564,0.1323,-0.5702,0.2231
23930,793,681,34.526,34.333,-0.039,0.0038,9.7928,-0.1377,0.0144,-0.2733
23935,800,677,34.555,34.365,0.0088,-0.0398,9.7801,0.2966,0.0155,-0.5485
23940,800,678,34.609,34.216,0.057,0.014,9.8225,-1.0186,-0.1221,0.6415
23945,817,668,34.559,34.332,-0.0432,-0.039,9.8714,-0.4558,0.0977,-0.4906
23950,812,674,34.498,34.323,0.0147,-0.0317,9.7987,-0.4622,0.6366,-0.1325
23955,835,665,34.451,34.333,-0.0165,0.0008,9.761,-0.5198,-0.7122,-0.7707
23960,843,660,34.545,34.313,0.036,-0.0373,9.7852,0.5515,0.4329,-0.8103
23965,843,661,34.477,34.364,-0.0016,-0.0607,9.8664,-0.1612,-0.4182,0.0491
23970,863,654,34.475,34.285,0.0012,0.0303,9.7819,0.087,0.1427,-0.1416
23975,873,653,34.595,34.236,0.0373,-0.0648,9.7735,0.1212,-0.5774,0.396
23980,884,655,34.546,34.296,-0.0432,-0.0552,9.7845,0.0591,0.4198,-0.6627
23985,897,648,34.437,34.301,-0.0018,-0.0063,9.8011,-0.2728,0.8139,0.0206
23990,908,654,34.515,34.274,-0.0148,0.0482,9.8212,-0.0271,-0.5037,0.1585
23995,914,650,34.541,34.332,0.0223,0.0172,9.739,-0.516,1.0743,0.34
24000,928,649,34.515,34.342,-0.0685,-0.0085,9.7418,-0.0939,0.1404,-0.2567
24005,927,648,34.57,34.319,0.0488,0.115,9.7679,-0.0588,-0.3681,1.1583
24010,962,656,34.526,34.25,-0.017,0.034,9.7512,0.1668,-0.7809,0.3367
24015,954,658,34.525,34.272,0.0237,-0.0316,9.7612,0.5644,-0.5401,-0.09
24020,978,658,34.545,34.272,-0.0152,0.0647,9.7909,-0.0934,0.5554,0.1731
24025,980,656,34.548,34.289,-0.0128,-0.0381,9.7646,0.027,-0.4742,-0.0695
24030,991,659,34.506,34.251,0.1251,0.0001,9.8533,-0.4388,-0.0598,0.0018
24035,1008,658,34.511,34.266,-0.0799,-0.0213,9.8003,-0.1392,-0.2036,0.0901
24040,1018,666,34.489,34.223,-0.0392,-0.0164,9.7781,0.5097,0.1143,0.074
24045,1045,666,34.535,34.365,-0.0206,-0.0096,9.8069,0.5175,-0.4822,-0.6084
24050,1034,670,34.461,34.217,-0.0112,-0.0449,9.8518,-0.0714,0.0096,-1.0173
24055,1050,672,34.616,34.29,0.0091,0.026,9.8499,-0.74,-0.2053,0.0494
24060,1069,671,34.507,34.325,0.0747,0.0705,9.8494,-0.4999,0.485,0.2091
24065,1075,679,34.52,34.276,0.0721,-0.0166,9.8309,0.785,0.8248,0.517
24070,1076,681,34.554,34.319,0.0279,0.0302,9.8126,0.8349,-0.2484,-0.4279
24075,1083,685,34.494,34.324,0.0171,-0.0189,9.8319,0.2932,0.6509,-0.7025
24080,1105,696,34.497,34.25,-0.0561,-0.0248,9.844,0.1453,0.5355,0.3778
24085,1116,701,34.541,34.389,0.0266,-0.0032,9.7806,0.3058,-0.9025,-0.4545
24090,1118,703,34.495,34.284,-0.0298,-0.0219,9.8102,0.073,0.1391,-0.7613
24095,1121,711,34.606,34.288,-0.1104,-0.0274,9.8427,0.0959,-0.3539,-0.7614
24100,1133,715,34.459,34.315,0.0436,-0.0362,9.8295,-0.8853,-1.4541,0.4461
24105,1141,718,34.543,34.301,-0.0262,-0.0278,9.7909,-0.9847,0.4965,0.3303
24110,1152,731,34.549,34.225,-0.013,-0.1246,9.733,-0.7868,0.1857,-0.2602
24115,1151,735,34.484,34.223,-0.0809,-0.0446,9.7764,0.7211,-0.0482,0.3108
24120,1164,743,34.555,34.326,0.02,-0.0332,9.8014,0.0048,0.6503,0.0204
24125,1156,751,34.564,34.331,-0.0623,-0.0058,9.8129,0.8131,0.1713,-0.1598
24130,1176,752,34.611,34.32,0.0134,-0.0267,9.761,-1.1777,0.6802,-0.7285
24135,1170,769,34.564,34.331,-0.0118,0.0435,9.8039,-0.3574,-0.8969,-0.1115
24140,1179,768,34.558,34.254,0.0392,0.0574,9.7612,-0.0723,0.5516,-0.1024
24145,1182,780,34.571,34.277,0.0194,-0.0747,9.7875,-0.4275,0.1698,-0.2996
24150,1185,787,34.558,34.346,-0.0072,-0.0142,9.7963,-0.7241,-0.2394,-0.2568
24155,1184,792,34.579,34.255,0.0536,-0.0575,9.8363,-0.186,-0.0667,0.3936
24160,1183,798,34.607,34.27,-0.0764,-0.0548,9.7619,-0.5425,0.079,-0.45
24165,1179,811,34.553,34.291,-0.0123,0.0121,9.8277,0.4544,-0.3988,0.3442
24170,1193,812,34.541,34.235,0.0087,-0.0266,9.8649,-1.1047,-0.6605,-0.1506
24175,1191,820,34.546,34.326,-0.0218,0.0229,9.7867,-0.361,-0.1878,-0.0519
24180,1184,825,34.474,34.234,0.0171,-0.0773,9.8082,-0.4804,0.2061,-0.3101
24185,1189,828,34.637,34.248,-0.0616,-0.0628,9.8123,-0.944,-0.3402,0.3905
24190,1182,832,34.47,34.248,-0.0413,-0.0705,9.8549,-0.6472,-0.0915,-0.0757
24195,1189,842,34.627,34.257,0.1315,0.0733,9.8009,-1.2363,0.1442,-0.5982
24200,1185,844,34.548,34.296,-0.021,0.038,9.8506,-0.1102,-0.2905,0.426
24205,1190,858,34.584,34.29,0.0181,-0.0703,9.8191,-0.6946,-0.3252,-0.0563
24210,1187,858,34.495,34.308,-0.0384,-0.0107,9.7641,-0.1795,-0.6912,-0.6394
24215,1178,864,34.507,34.32,-0.0473,-0.0129,9.6885,-0.0976,-0.2039,0.1678
24220,1179,869,34.483,34.371,-0.0664,-0.0346,9.8362,-1.386,0.2293,0.3961
24225,1181,876,34.53,34.29,-0.0361,0.0203,9.8141,-0.1816,0.5303,0.1374
24230,1173,877,34.537,34.33,-0.0225,0.0394,9.7578,0.0501,-0.7434,0.8346
24235,1165,880,34.645,34.227,0.0327,0.0555,9.7592,0.5574,0.0405,-0.0605
24240,1155,892,34.567,34.195,0.0052,0.0474,9.7973,0.1532,-0.6396,1.007
24245,1168,895,34.565,34.331,-0.0273,0.0808,9.8251,-0.7023,-0.1797,0.3613
24250,1166,894,34.575,34.301,0.0199,0.051,9.761,0.16,-0.295,0.4308
24255,1160,899,34.526,34.266,-0.015,0.0697,9.803,1.2526,-0.2095,0.2542
24260,1163,902,34.559,34.326,-0.0704,-0.0285,9.7345,-0.0793,0.1006,-0.4283
24265,1146,902,34.54,34.236,-0.0162,0.036,9.7436,0.7385,-0.5351,0.227
24270,1146,901,34.451,34.177,-0.0262,-0.0235,9.8772,-0.9156,-0.31,-0.3814
24275,1148,902,34.55,34.365,0.0431,0.001,9.8734,-0.0228,0.3487,0.2938
24280,1144,909,34.507,34.32,0.0344,-0.0444,9.8107,0.3367,0.5007,0.205
24285,1145,908,34.559,34.313,-0.0238,-0.0365,9.7881,-0.1836,-0.2529,-0.345
24290,1141,906,34.51,34.253,-0.0061,-0.001,9.8035,0.5093,-0.5776,0.1015
24295,1135,909,34.488,34.337,0.0418,-0.0683,9.8211,0.5695,0.0937,0.4618
24300,1132,912,34.665,34.293,0.0734,-0.0783,9.8524,0.0501,-0.407,-1.072
24305,1130,909,34.544,34.224,-0.0776,-0.0478,9.7718,-0.3912,-0.2548,0.2579
24310,1122,914,34.528,34.333,0.0211,-0.0701,9.8583,0.4188,-0.2221,0.9064
24315,1127,911,34.534,34.313,0.0255,-0.0303,9.7622,-0.7709,0.5273,-0.0051
24320,1113,907,34.537,34.457,-0.0361,0.0416,9.8674,0.3895,0.012,0.2605
24325,1122,904,34.508,34.303,-0.0231,-0.0221,9.7968,-0.3195,-0.1577,-0.4454
24330,1110,906,34.503,34.309,0.0519,-0.0394,9.845,0.0828,-0.2078,-0.0759
24335,1112,909,34.596,34.277,0.0455,-0.0043,9.8512,-0.5185,0.2903,-0.175
24340,1104,904,34.47,34.262,0.009,-0.064,9.8132,0.6495,0.3301,-0.3591
24345,1107,900,34.58,34.278,-0.0236,0.0051,9.7639,0.1329,-0.4997,-0.4268
24350,1102,900,34.491,34.303,-0.0272,-0.0038,9.7895,-0.3198,-0.6564,0.5826
24355,1101,903,34.492,34.367,-0.0268,0.1463,9.8086,-0.6928,-0.2711,-0.0756
24360,1105,901,34.496,34.327,-0.0075,0.1266,9.7552,-0.3331,-0.5179,-0.5478
24365,1090,902,34.538,34.372,-0.0083,0.1108,9.8173,-0.201,-0.0076,0.6851
24370,1099,895,34.61,34.268,-0.0163,0.0108,9.8235,0.0999,0.0179,0.5292
24375,1091,898,34.541,34.267,0.0774,-0.0127,9.8297,-0.2522,-0.0778,0.9569
24380,1093,894,34.595,34.27,-0.0434,-0.0132,9.7827,-0.3371,-0.3101,0.1575
24385,1094,896,34.528,34.322,0.0231,0.0068,9.7643,0.4046,-0.2461,-1.3684
24390,1085,890,34.502,34.248,0.0192,-0.0244,9.8195,0.8968,0.2116,0.1717
24395,1093,891,34.492,34.247,0.0339,0.0292,9.8369,-0.0591,-0.1112,-0.5827
24400,1084,890,34.567,34.287,0.0632,0.0703,9.8204,-0.2489,-0.015,0.2297
24405,1089,881,34.498,34.189,-0.0109,-0.0798,9.7844,0.5919,-0.3833,-0.8511
24410,1073,885,34.469,34.342,0.0617,-0.0718,9.8831,0.0285,0.528,-0.7708
24415,1076,883,34.459,34.321,0.0239,0.0174,9.7927,1.2087,0.2741,-0.847
24420,1075,880,34.588,34.272,0.0284,-0.0252,9.8363,0.5446,0.3823,0.2446
24425,1072,877,34.559,34.284,0.0293,0.0692,9.7902,0.2681,-0.2958,-0.1692
24430,1067,874,34.573,34.409,0.0515,-0.0378,9.7539,0.2245,0.7534,-0.9624
24435,1060,873,34.62,34.316,0.0094,0.0632,9.8117,-0.6555,-0.6081,0.2014
24440,1066,873,34.551,34.24,0.0639,-0.1373,9.8134,0.8378,0.0544,0.338
24445,1058,872,34.679,34.197,0.042,-0.0236,9.7785,-0.9511,0.057,-0.1395
24450,1055,871,34.52,34.35,-0.1387,0.1435,9.6886,0.747,-0.5333,0.1834
24455,1049,872,34.599,34.368,0.0773,-0.0837,9.8486,0.0619,-0.3287,-0.3124
24460,1044,872,34.533,34.249,0.1062,0.0068,9.7646,0.083,0.6337,0.3644
24465,1047,868,34.453,34.284,-0.0146,-0.0078,9.7662,0.3994,0.2259,-0.5549
24470,1038,865,34.513,34.303,0.025,0.0125,9.7659,0.3135,-0.1288,0.3945
24475,1038,863,34.48,34.343,-0.0551,0.0587,9.8221,0.2225,0.1404,-0.2418
24480,1021,859,34.473,34.449,-0.0098,-0.0333,9.8043,0.163,-0.0927,-0.1885
24485,1020,860,34.584,34.33,0.0113,0.03,9.7116,0.002,-0.7655,-0.53
24490,1012,858,34.559,34.29,0.0064,-0.0293,9.783,-0.3584,0.035,-0.5416
24495,1019,855,34.633,34.346,0.0234,0.0257,9.7751,0.3249,-0.2509,0.2418
24500,1005,861,34.615,34.309,0.021,0.0546,9.8623,-0.7722,0.07,0.7097
24505,998,857,34.559,34.215,0.075,0.0047,9.7624,0.3749,0.6515,-0.031
24510,996,856,34.486,34.294,-0.0084,-0.1122,9.8602,-0.3843,0.8191,0.0841
24515,983,853,34.539,34.316,-0.0059,0.0106,9.8595,-0.2268,0.8078,0.8774
24520,975,847,34.558,34.265,-0.0181,-0.0778,9.7114,-0.1089,-0.1372,-0.659
24525,977,846,34.528,34.247,-0.0156,-0.0032,9.8082,0.374,-0.7334,-0.7062
24530,971,850,34.412,34.279,-0.0251,-0.0167,9.7688,-0.3688,0.9228,0.0987
24535,948,848,34.565,34.272,-0.0915,-0.0617,9.8027,-0.6451,1.0801,0.1787
24540,948,844,34.597,34.377,0.0786,0.0064,9.8425,-0.715,-0.1435,-0.7559
24545,947,842,34.494,34.29,0.1068,-0.0642,9.8596,-0.3639,0.6725,0.4646
24550,942,843,34.486,34.229,0.0904,-0.0013,9.8954,-0.2845,-0.5411,-0.2775
24555,925,848,34.547,34.257,0.064,0.079,9.8166,-0.5909,-0.4741,-0.313
24560,916,835,34.496,34.27,-0.0184,0.0405,9.8188,-0.1994,-0.3339,0.0391
24565,902,836,34.599,34.243,-0.0452,-0.0673,9.7711,-0.601,-0.4718,0.1878
24570,905,843,34.565,34.327,-0.0092,-0.0013,9.7664,-0.1898,-0.445,0.4487
24575,890,834,34.507,34.348,-0.0383,0.0229,9.8655,-0.591,-0.0843,-0.9417
24580,886,834,34.456,34.304,-0.0622,0.033,9.8013,0.6657,-0.1009,0.1021
24585,874,828,34.453,34.298,0.0642,0.0422,9.8235,-0.4998,0.1871,0.1016
24590,865,823,34.469,34.334,-0.0266,0.0474,9.7959,0.0163,0.0075,-0.0995
24595,855,829,34.511,34.342,0.0031,-0.0199,9.8067,-0.1049,0.0366,0.2623
24600,836,822,34.61,34.315,-0.0131,-0.0357,9.8201,0.3899,-0.0616,-0.1367
24605,836,816,34.511,34.352,0.0587,-0.0207,9.848,-0.4565,-0.0453,-0.1071
24610,833,817,34.538,34.203,0.0027,0.065,9.8101,0.4376,0.2351,-0.2782
24615,818,811,34.615,34.302,0.0138,0.0378,9.7365,-0.8007,-0.1089,0.2804
24620,822,808,34.58,34.273,-0.0065,0.0435,9.8373,0.5778,-0.1453,-0.6575
24625,809,806,34.488,34.265,-0.0514,0.0488,9.7841,-0.1155,0.3528,-0.0388
24630,793,804,34.495,34.362,0.1022,0.0233,9.7943,-0.0156,0.2257,-0.0703
24635,801,798,34.527,34.275,-0.08,0.0105,9.7947,0.2694,0.2213,1.1439
24640,796,798,34.554,34.301,-0.0556,0.0914,9.8811,-0.8476,-0.6984,-0.0284
24645,779,795,34.507,34.309,0.0603,0.0256,9.7962,-0.7894,-0.8471,-0.624
24650,783,786,34.553,34.336,0.0835,0.0017,9.7927,0.3706,0.0522,0.0544
24655,771,788,34.554,34.259,0.0717,0.0524,9.7901,0.4162,0.5719,-0.0498
24660,770,785,34.63,34.395,-0.0459,0.0584,9.8071,0.2768,0.4075,0.2305
24665,769,774,34.502,34.34,-0.0691,0.054,9.815,0.5701,-0.6103,-0.1617
24670,741,774,34.51,34.249,-0.0353,-0.0486,9.7926,-0.3163,-1.144,0.8888
24675,754,767,34.496,34.279,-0.0885,-0.0515,9.8182,0.0763,-0.5214,-0.3429
24680,755,761,34.497,34.18,0.07,-0.047,9.8587,-0.4247,-0.3211,-0.1818
24685,757,755,34.522,34.274,-0.0466,-0.0432,9.7364,0.8319,-0.3381,0.0903
24690,747,752,34.511,34.279,0.0497,0.0556,9.7754,0.1949,0.3379,0.1326
24695,747,742,34.516,34.307,0.0255,-0.0705,9.7645,0.1695,0.6341,-0.3656
24700,740,734,34.538,34.318,0.0264,-0.057,9.7701,0.1261,0.8378,-0.6003
24705,744,736,34.626,34.372,-0.0082,-0.0105,9.6465,-0.1127,-0.3255,-0.3671
24710,750,729,34.437,34.225,-0.0843,0.0172,9.8049,-0.1344,0.3609,0.4817
24715,762,729,34.49,34.262,-0.0766,-0.0571,9.8321,-0.2204,0.0179,-0.1833
24720,753,719,34.576,34.309,-0.0503,-0.1269,9.7399,0.2868,0.4603,-0.5329
24725,762,715,34.571,34.336,0.1032,-0.0451,9.833,0.603,0.7794,0.2225
24730,760,708,34.538,34.251,0.0902,0.0577,9.7796,-0.3135,-0.228,-0.4227
24735,762,707,34.574,34.323,-0.0124,0.0655,9.7762,0.05,1.2574,-0.602
24740,763,702,34.474,34.286,0.0436,0.0439,9.815,-0.7089,0.0412,0.7641
24745,771,692,34.436,34.267,0.0029,-0.0233,9.8041,-0.1826,0.1411,-0.7576
24750,769,688,34.5,34.303,-0.0037,-0.0978,9.7387,-0.2801,-0.2957,0.6323
24755,789,691,34.474,34.404,-0.0378,0.0422,9.8784,-0.1037,0.4216,0.5558
24760,791,680,34.519,34.285,-0.001,0.0985,9.829,0.6346,-0.0917,-0.385
24765,805,684,34.514,34.278,0.047,-0.0826,9.8095,-0.0151,-0.4433,0.5064
24770,796,674,34.463,34.247,0.1106,0.0377,9.7806,0.6801,-0.1695,-0.0039
24775,826,671,34.547,34.264,0.0997,-0.0669,9.8102,-0.5258,0.2346,-0.704
24780,818,670,34.517,34.336,0.004,0.0038,9.7698,-0.432,0.0083,0.6533
24785,827,668,34.478,34.293,-0.0762,-0.0178,9.8618,-0.4957,-0.3294,-0.0069
24790,834,665,34.514,34.298,-0.0528,-0.0817,9.8626,-0.4708,-0.1486,0.2133
24795,848,657,34.556,34.298,0.0432,0.0516,9.8623,0.3637,0.1963,-0.4664
24800,859,659,34.507,34.32,-0.0441,-0.0095,9.7394,0.4895,-0.3008,-0.4698
24805,861,656,34.566,34.267,-0.0629,0.0152,9.8356,0.5021,-0.0349,-0.6659
24810,887,653,34.588,34.312,0.0073,-0.0096,9.7786,0.4147,1.3097,0.1085
24815,892,653,34.51,34.251,-0.0249,-0.0449,9.7752,0.2577,0.0806,0.1564
24820,901,651,34.541,34.325,-0.0107,0.004,9.9852,-0.2356,0.9953,0.8612
24825,915,649,34.503,34.296,0.0193,0.0935,9.7805,0.3919,0.467,-0.1045
24830,938,651,34.525,34.308,0.0153,0.0031,9.7674,-0.161,-0.3,-1.2605
24835,937,651,34.521,34.369,-0.0224,-0.0498,9.8106,-0.3325,0.095,-0.0551
24840,956,649,34.548,34.322,-0.022,-0.0006,9.8468,0.4691,0.413,0.1277
24845,962,651,34.61,34.333,-0.0998,-0.028,9.9209,0.0182,-0.4349,-0.7446
24850,969,656,34.49,34.277,-0.079,-0.0249,9.7734,0.5687,-0.4584,0.4316
24855,989,651,34.499,34.299,0.0348,0.0688,9.7808,-0.1972,0.0476,0.3918
24860,999,656,34.625,34.242,0.0568,-0.0384,9.8304,-0.4815,0.9436,-0.2707
24865,998,658,34.537,34.336,-0.0594,0.0279,9.7139,-0.1202,0.0251,0.6226
24870,1015,663,34.543,34.33,0.0553,0.021,9.8615,-1.2754,-0.3288,0.4688
24875,1029,672,34.545,34.256,0.0373,0.0193,9.7585,-0.0532,-1.5358,0.9165
24880,1044,672,34.492,34.282,0.0119,0.057,9.8781,-0.6299,-0.356,-0.2049
24885,1050,671,34.461,34.281,0.0218,0.0116,9.7526,-0.6249,-0.0075,0.0818
24890,1064,673,34.498,34.373,-0.0289,-0.0267,9.7911,0.1382,-1.0544,0.6587
24895,1075,676,34.489,34.327,-0.0155,0.0013,9.7598,0.0801,-0.3041,0.0423
24900,1082,684,34.525,34.374,-0.0212,-0.0461,9.8122,-0.7708,-0.6972,-0.2684
24905,1097,690,34.668,34.332,-0.0525,0.0676,9.7885,0.7227,-0.3803,0.2868
24910,1102,691,34.587,34.228,0.0232,0.0302,9.8318,-0.9776,-0.494,0.1321
24915,1115,702,34.504,34.316,0.1025,0.0362,9.8564,0.726,-0.8642,0.5469
24920,1114,705,34.527,34.372,-0.0333,0.1003,9.8535,-0.145,0.004,-0.4367
24925,1133,717,34.561,34.224,-0.0171,-0.0426,9.7578,0.3048,-0.0444,0.3044
24930,1135,718,34.567,34.263,0.0059,0.0374,9.7998,1.0707,0.1393,-0.5011
24935,1144,726,34.473,34.217,-0.0368,0.0175,9.798,0.4229,0.0597,-0.1628
24940,1145,731,34.529,34.344,0.1084,0.0798,9.7576,0.1274,-0.4423,0.7454
24945,1150,736,34.542,34.254,0.0931,-0.0064,9.7748,0.2572,0.3561,-0.1868
24950,1153,742,34.537,34.341,0.0035,0.0234,9.838,-0.4794,-0.4747,0.2724
24955,1168,748,34.574,34.23,0.0907,-0.0495,9.7547,0.1772,0.6553,0.5658
24960,1170,760,34.586,34.288,-0.0342,0.048,9.7702,-0.6885,0.0589,0.0432
24965,1172,759,34.558,34.249,0.0093,-0.0042,9.796,-0.1322,0.1077,0.0517
24970,1176,773,34.453,34.308,0.0348,-0.0555,9.8381,-0.6467,-0.0683,-0.1907
24975,1171,780,34.489,34.332,0.0287,0.0958,9.8808,-0.0682,-0.464,0.01
24980,1186,785,34.593,34.299,-0.0457,0.0226,9.7897,-0.0211,0.047,0.3198
24985,1178,789,34.507,34.319,-0.0759,0.0114,9.7717,-0.3907,-0.0181,-1.0904
24990,1182,803,34.536,34.246,-0.0479,0.0477,9.69,0.5581,0.0249,-0.3022
24995,1192,806,34.578,34.382,0.0787,0.0396,9.8174,-0.7636,-0.0214,-0.4334
25000,1190,808,34.473,34.186,0.0328,0.0516,9.7419,-1.2414,0.1045,-1.0862
25005,1186,820,34.439,34.312,-0.0385,-0.04,9.7767,-1.4304,-0.5654,0.8266
25010,1186,820,34.466,34.371,-0.0344,-0.0728,9.7417,0.4406,-0.4421,-0.0832
25015,1186,828,34.485,34.242,0.0349,0.0098,9.7136,-0.3806,0.6142,-0.8786
25020,1185,838,34.424,34.308,-0.0711,0.1414,9.8675,-0.375,-0.1262,0.561
25025,1196,847,34.52,34.337,-0.0115,0.1433,9.8094,-0.6565,0.1923,0.3453
25030,1175,851,34.56,34.207,0.0818,0.0513,9.8308,-1.203,0.529,0.5586
25035,1180,862,34.618,34.249,-0.1143,-0.0776,9.8429,-0.7038,0.1209,-0.2934
25040,1174,860,34.467,34.348,-0.0081,0.1415,9.8483,-0.5665,-0.1092,-0.1489
25045,1184,863,34.498,34.229,-0.0516,-0.0144,9.823,-0.7221,-0.1324,-0.0187
25050,1186,869,34.551,34.249,-0.0229,-0.0548,9.8046,-0.155,0.7043,0.3199
25055,1177,873,34.558,34.26,-0.0723,0.0058,9.787,0.3307,-0.2448,1.0496
25060,1177,881,34.572,34.366,-0.0822,-0.0467,9.8059,-0.5541,-0.5718,-0.027
25065,1171,884,34.561,34.222,-0.0521,0.0229,9.7687,0.146,0.3774,-0.2604
25070,1168,885,34.529,34.333,-0.0155,-0.1129,9.8491,0.1192,-0.5827,0.0689
25075,1172,887,34.469,34.302,-0.0893,-0.014,9.7622,-0.0084,0.3406,-0.3772
25080,1157,894,34.508,34.347,0.023,0.0207,9.8065,-0.6335,0.5357,0.1232
25085,1150,899,34.569,34.288,-0.0252,0.0436,9.8072,0.7711,0.9404,-0.1497
25090,1154,897,34.587,34.277,0.0677,-0.0097,9.733,-0.2584,-0.4989,0.9689
25095,1149,901,34.496,34.246,-0.0008,-0.0482,9.8468,0.4066,0.8032,0.6874
25100,1141,900,34.521,34.357,0.033,0.0381,9.731,0.3644,-1.0632,-0.1978
25105,1148,905,34.563,34.343,-0.0332,0.0638,9.8335,-0.0836,0.5038,0.7574
25110,1141,911,34.561,34.386,-0.0289,0.0317,9.7957,-0.6606,-1.5838,-1.1237
25115,1142,909,34.617,34.363,0.0183,0.0165,9.8104,-0.2912,0.3324,0.1788
25120,1134,905,34.401,34.235,-0.0715,-0.0114,9.7895,0.5175,-1.1053,0.3858
25125,1134,909,34.503,34.361,-0.0167,-0.0327,9.9189,-0.0176,-0.0253,0.0886
25130,1129,913,34.549,34.336,0.0031,0.0431,9.7986,0.2213,-0.8174,-0.0924
25135,1133,909,34.573,34.232,0.0086,0.0124,9.8729,-0.3209,0.5033,0.294
25140,1121,915,34.478,34.339,-0.0188,0.0617,9.8193,-0.2169,0.4491,0.545
25145,1117,911,34.605,34.282,-0.083,0.0869,9.8233,-0.4401,0.5463,0.8206
25150,1117,913,34.462,34.232,-0.0101,0.0123,9.8806,0.0975,0.1005,-0.1914
25155,1127,911,34.545,34.285,0.0278,-0.0153,9.832,0.1553,-0.8397,0.2892
25160,1108,909,34.531,34.226,0.0043,0.0831,9.8442,-0.3837,0.3159,1.3826
25165,1115,911,34.521,34.337,0.0058,-0.0648,9.7305,-0.3201,-0.5787,-0.6036
25170,1102,906,34.494,34.212,0.0092,-0.0028,9.8323,-0.5475,0.7696,0.1309
25175,1110,908,34.503,34.288,0.0083,0.0618,9.7771,-0.5951,0.9291,0.1131
25180,1117,907,34.406,34.289,0.0581,-0.0312,9.812,-0.4598,-1.2559,0.0198
25185,1091,901,34.507,34.281,0.0073,-0.0331,9.929,0.7752,0.1302,-0.5202
25190,1093,900,34.54,34.207,-0.0507,-0.0371,9.8564,-0.3369,0.0715,-0.6099
25195,1088,898,34.565,34.187,0.0948,0.0061,9.7039,-0.1125,0.175,-0.2437
25200,1101,902,34.531,34.177,0.0689,0.0107,9.6779,0.5592,0.149,-0.0768
25205,1088,895,34.494,34.265,0.0448,-0.0532,9.833,0.017,-0.0885,-0.1583
25210,1087,894,34.513,34.318,-0.0035,0.0617,9.77,0.4037,-0.4387,0.2058
25215,1090,890,34.459,34.311,0.0749,-0.0633,9.8738,0.2116,-0.0967,0.5067
25220,1086,894,34.585,34.211,-0.0078,-0.0387,9.8,0.1004,0.5215,-0.4419
25225,1086,892,34.554,34.372,-0.0372,0.0634,9.8386,0.1244,0.0153,-0.3212
25230,1087,882,34.511,34.292,0.019,-0.0493,9.835,-0.9104,-0.5673,-0.355
25235,1083,887,34.53,34.293,0.0821,0.0531,9.7802,-0.0481,-0.0624,-0.735
25240,1081,889,34.46,34.256,-0.056,0.0189,9.7529,-0.7002,0.3405,-0.236
25245,1078,880,34.57,34.245,-0.0003,-0.0276,9.7819,0.4829,-0.2898,0.173
25250,1077,885,34.452,34.328,0.0131,-0.0177,9.7973,-0.2186,1.2151,0.112
25255,1068,875,34.493,34.296,-0.0294,-0.0019,9.846,0.7415,-0.5598,0.6734
25260,1070,876,34.524,34.245,0.0203,0.0263,9.792,0.5538,0.0316,-0.0352
25265,1064,870,34.514,34.212,0.0326,-0.0205,9.8246,-0.012,-0.4569,-0.1431
25270,1060,872,34.623,34.321,0.049,-0.0261,9.8183,-0.0146,0.1156,-0.067
25275,1062,875,34.554,34.285,0.039,-0.0017,9.797,0.3829,1.1666,-0.4346
25280,1054,874,34.563,34.254,0.0616,-0.0568,9.7288,-0.0241,0.6299,0.0394
25285,1055,867,34.575,34.365,0.0587,-0.0723,9.7962,-0.583,1.1613,0.4977
25290,1043,863,34.496,34.246,0.0676,-0.0014,9.9624,-0.8164,0.3895,0.8333
25295,1045,870,34.537,34.361,0.0176,0.047,9.7888,0.2778,0.5442,0.5846
25300,1042,863,34.558,34.333,-0.0148,0.0249,9.7689,-0.584,0.3133,-0.2983
25305,1032,863,34.55,34.279,0.0332,0.0857,9.7746,0.089,1.1398,0.0238
25310,1024,858,34.527,34.302,0.0598,0.036,9.7427,-0.1989,0.0249,-0.6701
25315,1025,863,34.576,34.267,0.022,0.0355,9.752,-0.0233,0.3546,-0.3479
25320,1012,863,34.49,34.29,-0.0165,-0.0255,9.7016,-0.4832,0.3398,0.295
25325,1009,851,34.64,34.325,0.0689,-0.0145,9.8226,-0.1407,0.2861,0.6449
25330,1002,859,34.496,34.319,-0.0097,-0.0269,9.8457,-0.4868,0.0107,-0.2533
25335,996,857,34.378,34.324,0.0057,0.0366,9.7717,-0.4292,0.211,0.9921
25340,988,852,34.521,34.299,0.0053,0.0243,9.762,-0.5723,0.4099,-0.3502
25345,979,858,34.514,34.262,-0.0207,-0.0175,9.855,0.7897,-0.465,0.2443
25350,986,848,34.58,34.316,0.055,0.0527,9.7771,0.3727,1.1798,0.1241
25355,969,850,34.42,34.274,-0.0384,0.0642,9.8579,0.6311,1.2051,-0.2611
25360,969,857,34.417,34.362,0.0038,0.05,9.7538,0.2826,0.0753,-1.2941
25365,953,847,34.433,34.314,-0.0258,0.0247,9.7445,0.2561,-0.2297,-0.4169
25370,950,846,34.434,34.235,-0.0068,0.0582,9.8372,0.1538,0.4588,-0.5567
25375,938,843,34.404,34.236,0.0284,-0.0307,9.775,-0.0902,0.0035,0.3407
25380,929,841,34.485,34.24,0.0033,-0.0276,9.864,0.0117,-0.091,0.0645
25385,925,842,34.468,34.223,-0.038,0.0364,9.8031,0.5581,-0.4308,0.3753
25390,916,836,34.574,34.25,-0.0903,0.0099,9.8124,0.9623,-0.293,0.2937
25395,899,837,34.455,34.307,-0.0601,-0.0239,9.7895,0.1844,0.2219,-0.0136
25400,897,836,34.463,34.307,0.02,0.0606,9.7675,0.4727,-0.1199,0.852
25405,885,833,34.554,34.263,0.0042,0.0107,9.8193,0.0983,0.0171,0.1485
25410,881,833,34.529,34.3,-0.005,0.0709,9.6971,-0.4019,0.1878,-0.0952
25415,876,831,34.588,34.234,-0.0233,0.0056,9.7829,-0.4216,-0.9246,-0.2811
25420,863,830,34.53,34.196,0.0169,-0.077,9.7828,0.4546,0.6399,-0.1026
25425,854,821,34.444,34.271,-0.0826,0.0086,9.7718,0.4141,-0.0507,0.9003
25430,853,822,34.486,34.302,0.0336,0.0684,9.9009,-0.2907,-0.1451,0.9369
25435,838,822,34.493,34.312,-0.0287,-0.0237,9.7871,-0.385,-0.2097,0.4419
25440,817,820,34.535,34.311,-0.0028,-0.0211,9.8965,-0.2901,-0.5971,0.533
25445,822,812,34.563,34.269,0.0071,0.0583,9.8479,0.2578,0.3658,-0.4804
25450,818,815,34.539,34.277,0.1068,-0.0014,9.779,-0.6823,-0.4805,-0.487
25455,809,810,34.532,34.321,-0.044,-0.0457,9.8296,-0.2798,0.0804,-0.0186
25460,795,799,34.521,34.295,0.0304,0.0544,9.799,0.0599,-0.7675,0.4684
25465,787,800,34.534,34.326,-0.0338,0.0013,9.838,0.4153,0.4212,-0.129
25470,779,794,34.482,34.32,-0.0535,-0.0394,9.8147,-0.6279,-0.0895,0.0244
25475,781,789,34.52,34.298,-0.0364,0.0008,9.8154,0.1106,0.0156,-0.1489
25480,774,787,34.552,34.357,-0.0322,-0.0848,9.7373,-0.5594,0.3564,0.8203
25485,775,782,34.537,34.303,0.005,-0.0669,9.7523,-0.0475,0.7106,-0.1726
25490,770,774,34.448,34.282,0.0897,-0.0781,9.8464,0.2061,0.8618,-1.0172
25495,762,773,34.52,34.25,0.0447,-0.0558,9.7854,0.0395,-0.2725,0.6925
25500,755,768,34.442,34.268,-0.043,0.0214,9.8585,-0.1171,-0.5578,-0.1875
25505,754,764,34.51,34.241,-0.0918,-0.0266,9.8059,0.15,-0.3838,0.6238
25510,758,766,34.629,34.221,0.0918,0.0074,9.8125,-0.4431,-0.0105,0.4372
25515,742,759,34.568,34.375,-0.0311,0.0641,9.8201,0.1671,0.7132,0.1943
25520,751,748,34.432,34.307,0.0267,-0.0172,9.6959,0.8991,0.2698,0.1025
25525,753,750,34.569,34.288,-0.0509,0.1551,9.8211,0.3269,-0.0845,0.2511
25530,753,739,34.537,34.274,-0.0671,0.0663,9.7397,-0.1742,-0.3805,-0.2037
25535,740,737,34.552,34.352,-0.0643,0.0158,9.8325,0.5988,0.1555,0.1371
25540,751,727,34.555,34.205,-0.0646,-0.0923,9.8631,0.6441,0.2557,0.0215
25545,747,727,34.497,34.307,0.0679,0.0167,9.7005,0.574,-0.0922,-0.1078
25550,754,720,34.472,34.197,0.0407,-0.0093,9.7642,-0.8424,-0.5305,0.2758
25555,764,711,34.471,34.34,-0.031,-0.002,9.6979,-0.4473,-0.6228,0.2198
25560,764,711,34.475,34.21,-0.0605,0.0456,9.8195,0.0025,-0.2096,-0.8817
25565,765,700,34.49,34.332,-0.0138,-0.0173,9.7937,-0.0007,-0.8703,-0.0431
25570,767,698,34.544,34.223,0.0235,-0.1003,9.7928,-0.7073,-0.2471,0.662
25575,769,691,34.521,34.288,0.0621,-0.0059,9.8016,-0.6606,-0.2927,-0.3748
25580,775,693,34.479,34.307,-0.0307,-0.0104,9.8989,0.7472,0.015,-0.3159
25585,778,691,34.597,34.248,0.0345,-0.0562,9.7204,-0.1999,0.5547,0.3878
25590,794,678,34.555,34.222,0.0335,-0.02,9.8474,-0.1712,0.221,0.2121
25595,801,673,34.498,34.256,0.0053,0.0327,9.7734,-0.1314,0.4275,-0.2968
25600,816,669,34.561,34.292,-0.0686,-0.0504,9.8462,-0.0418,-0.8216,-0.8755
25605,812,674,34.466,34.297,0.0245,-0.0182,9.7439,-0.3799,-0.6149,0.5206
25610,824,672,34.635,34.288,0.0381,-0.0272,9.8418,0.0247,0.5393,-0.4344
25615,836,671,34.513,34.281,0.0287,-0.0026,9.8093,-0.1124,-0.3724,1.1606
25620,838,661,34.512,34.258,-0.0403,0.0326,9.8055,0.6892,0.1127,0.3417
25625,859,661,34.478,34.195,-0.0766,-0.0366,9.7319,-0.1617,0.0655,0.7063
25630,867,659,34.462,34.266,-0.0607,-0.0357,9.8076,-0.2901,-0.4461,0.3164
25635,877,657,34.473,34.208,0.0009,0.0157,9.843,0.0286,-0.0898,-0.0681
25640,881,652,34.506,34.295,-0.0496,-0.0293,9.8028,-0.2886,0.1498,-0.495
25645,893,652,34.574,34.324,0.0921,0.0437,9.8121,0.0196,-0.421,-0.3036
25650,910,651,34.497,34.26,-0.0953,-0.1395,9.8145,-0.7185,-0.2144,0.1016
25655,916,653,34.489,34.249,-0.0212,0.0758,9.7804,-0.61,0.2196,-0.6914
25660,926,655,34.64,34.238,-0.0094,0.0267,9.8576,0.0666,0.2974,0.0507
25665,946,647,34.462,34.255,0.0528,-0.0254,9.7575,0.9191,-0.779,0.2468
25670,953,652,34.472,34.277,0.0932,-0.0261,9.7965,0.1077,-0.3474,-0.1561
25675,970,653,34.526,34.378,-0.0315,0.0309,9.7857,-0.0242,-0.6867,0.9636
25680,972,656,34.58,34.26,0.0025,0.0265,9.8768,-0.3984,0.5209,0.9028
25685,989,655,34.499,34.286,-0.0265,0.0087,9.7299,0.079,0.7852,-0.2841
25690,993,651,34.511,34.32,0.0087,-0.0952,9.7773,-0.9931,-0.3607,-0.465
25695,1010,656,34.501,34.218,-0.0627,-0.0286,9.7674,0.3234,-0.6169,0.1453
25700,1017,654,34.482,34.285,0.0459,-0.0562,9.7841,-0.2248,-0.6809,1.1206
25705,1037,667,34.531,34.259,0.0256,-0.0442,9.7714,-0.3951,0.7932,0.6025
25710,1034,664,34.561,34.188,-0.1035,0.0747,9.8618,-0.4613,0.4329,-0.3941
25715,1054,667,34.499,34.311,0.0546,-0.0969,9.8368,0.2762,-0.3218,0.2015
25720,1064,676,34.484,34.295,0.0096,0.0673,9.7531,1.0251,-0.3288,-0.129
25725,1075,678,34.533,34.244,-0.0521,0.0741,9.8761,-0.4454,-0.5309,-0.4347
25730,1090,689,34.552,34.289,0.0311,-0.0872,9.8226,-0.3394,-0.5854,-0.7208
25735,1095,691,34.435,34.183,-0.0012,0.0191,9.7698,0.161,0.0166,0.2069
25740,1112,697,34.611,34.209,-0.0565,-0.0349,9.8529,0.0602,0.1822,-0.1902
25745,1107,697,34.632,34.261,-0.0143,-0.0129,9.8446,-0.4153,0.3604,1.253
25750,1120,702,34.517,34.221,0.0355,0.0119,9.7435,-0.702,0.3724,0.2337
25755,1123,714,34.475,34.367,-0.0552,0.0105,9.8218,0.373,-0.0239,-0.0759
25760,1137,725,34.484,34.232,0.0123,0.1352,9.8727,-0.1516,0.1388,-0.2294
25765,1139,724,34.53,34.358,0.144,0.001,9.8606,0.0374,0.3091,0.65
25770,1145,734,34.578,34.251,0.008,0.1055,9.8047,0.4318,0.0597,0.3125
25775,1146,738,34.457,34.358,0.0059,0.0396,9.8124,0.2951,-0.1978,-0.5614
25780,1158,742,34.475,34.337,-0.0507,0.0046,9.7976,0.4235,0.3951,0.9865
25785,1168,749,34.476,34.206,-0.0851,0.0511,9.8539,-1.0921,0.0929,1.2882
25790,1172,760,34.483,34.272,0.0148,0.0004,9.789,-0.6565,0.1624,0.0369
25795,1174,765,34.545,34.244,0.0463,0.1103,9.7685,0.1843,0.199,-0.4657
25800,1175,769,34.598,34.298,-0.048,0.0733,9.7556,-0.2634,-0.3486,-0.6341
25805,1177,778,34.514,34.323,0.0185,-0.0001,9.7909,-0.5723,0.6609,-0.0599
25810,1179,781,34.613,34.256,0.0245,0.0332,9.7605,-0.1644,-0.1535,0.5557
25815,1182,799,34.549,34.336,0.026,-0.047,9.8445,0.1474,-0.3276,-0.1103
25820,1183,801,34.522,34.35,-0.1033,0.0004,9.8882,-0.7619,-0.3225,0.1393
25825,1183,808,34.507,34.299,0.0293,0.0441,9.8474,0.8092,0.0713,-0.1866
25830,1185,812,34.5,34.312,0.0278,-0.0621,9.8274,-0.0301,0.444,0.5843
25835,1182,818,34.471,34.255,-0.0324,-0.0289,9.7693,-0.8393,-0.8955,-0.3636
25840,1181,829,34.509,34.148,-0.0267,-0.0414,9.7824,-0.5812,0.0536,-0.5931
25845,1182,828,34.498,34.294,-0.0296,0.0397,9.8738,0.1,-0.4611,-0.1132
25850,1189,837,34.593,34.337,-0.0165,0.0036,9.676,-0.0587,1.3193,-0.596
25855,1183,845,34.526,34.221,0.0171,0.0155,9.8596,0.1399,0.3088,-0.5335
25860,1184,850,34.519,34.3,0.0669,-0.041,9.8865,-0.2809,0.1094,0.3375
25865,1178,852,34.434,34.275,0.0433,-0.0094,9.7409,-0.0499,-0.1585,-0.4637
25870,1180,861,34.5,34.317,-0.0163,0.0425,9.76,-0.0691,-0.5694,0.0628
25875,1177,862,34.493,34.338,-0.0831,-0.018,9.8532,-0.6265,-0.0941,0.3976
25880,1185,871,34.463,34.301,0.0618,0.0054,9.7835,-0.0294,0.1095,-0.425
25885,1180,870,34.462,34.234,-0.0349,0.0076,9.7712,1.1659,-1.1424,-0.1402
25890,1163,881,34.485,34.385,-0.0098,0.0624,9.7941,0.22,0.0247,-0.1134
25895,1172,885,34.503,34.261,0.0256,-0.0119,9.81,-0.0585,0.6613,0.8806
25900,1171,887,34.503,34.23,-0.0071,0.0062,9.7504,-0.5671,-0.1616,-0.5896
25905,1167,891,34.472,34.236,0.0335,-0.0018,9.7772,0.363,0.5647,0.1281
25910,1152,893,34.478,34.269,0.0335,-0.0602,9.8285,-0.2001,1.1125,0.2516
25915,1154,899,34.56,34.241,-0.0777,0.0533,9.7346,-0.3086,0.2544,-0.0592
25920,1159,900,34.492,34.276,0.0025,-0.0568,9.8545,0.5188,-0.149,-0.9098
25925,1148,898,34.484,34.212,0.1363,-0.0087,9.8516,-0.8334,0.5263,0.6097
25930,1148,909,34.481,34.255,0.0055,0.0313,9.8105,-0.6054,-0.1668,0.782
25935,1151,898,34.548,34.286,-0.0172,-0.0123,9.8917,0.6181,-0.2973,-0.1876
25940,1142,902,34.492,34.265,-0.0094,0.1003,9.797,-0.169,0.3657,-0.1217
25945,1145,904,34.542,34.283,-0.0236,-0.0573,9.7859,-0.6675,-0.1947,-0.3273
25950,1129,909,34.539,34.218,-0.0421,-0.0155,9.824,-0.6256,0.6337,0.4133
25955,1129,913,34.432,34.222,0.014,0.0418,9.7121,-0.2454,-0.4744,-0.6358
25960,1125,905,34.549,34.203,-0.0131,-0.0222,9.7815,0.7885,-0.7736,0.749
25965,1128,914,34.472,34.319,0.0051,-0.0379,9.8534,-0.0561,0.4905,0.5306
25970,1119,913,34.547,34.269,-0.001,-0.0308,9.744,-0.5431,-0.6856,0.0194
25975,1112,910,34.453,34.343,-0.0995,-0.0732,9.6902,0.0689,-0.1012,0.4745
25980,1119,907,34.509,34.37,-0.0416,-0.0385,9.7798,-0.4452,0.1529,-0.9418
25985,1122,911,34.467,34.3,-0.0269,-0.0243,9.8034,0.1689,-0.3066,0.8704
25990,1098,908,34.533,34.298,0.0244,0.0096,9.7251,0.101,-0.3779,0.1584
25995,1111,909,34.613,34.27,-0.0198,0.0119,9.7484,-0.1312,0.3225,0.2385
26000,1108,913,34.509,34.301,0.0216,0.0858,9.8237,-0.9574,-0.7878,-0.02
26005,1097,902,34.53,34.286,0.0137,0.0522,9.7751,0.2089,-0.9233,-0.7954
26010,1108,906,34.552,34.249,0.0494,0.0308,9.8784,0.2697,0.0092,0.0111
26015,1102,901,34.551,34.276,-0.0009,0.0464,9.8178,0.3258,0.2727,-0.0389
26020,1101,904,34.557,34.297,-0.0327,0.0207,9.8755,0.0363,-0.0201,0.2937
26025,1096,902,34.583,34.254,-0.0178,0.0587,9.803,-0.839,0.5569,0.5371
26030,1099,899,34.501,34.257,-0.0096,-0.0835,9.6992,0.2953,0.1161,0.6779
26035,1095,893,34.555,34.301,0.0452,-0.0427,9.8197,0.6999,0.238,0.1568
26040,1095,893,34.544,34.251,-0.0659,0.0445,9.7717,0.9757,0.5487,0.1727
26045,1088,893,34.503,34.27,-0.0243,0.0088,9.8428,-0.1325,-0.3331,-0.3126
26050,1091,888,34.505,34.27,0.0683,0.0452,9.7632,0.3631,-0.5326,0.1695
26055,1095,884,34.462,34.22,-0.0062,-0.0249,9.7413,-0.8606,-0.8808,0.0034
26060,1085,885,34.535,34.255,-0.044,-0.0124,9.8064,-0.2133,0.2668,-0.2712
26065,1078,885,34.509,34.324,-0.0531,0.0041,9.7681,-0.3073,-0.251,-0.2951
26070,1082,881,34.463,34.232,-0.0864,0.1226,9.7777,-0.1056,1.235,-0.1518
26075,1075,881,34.568,34.302,0.0146,-0.002,9.8317,-0.9428,0.1376,-0.3611
26080,1075,882,34.451,34.335,0.0172,-0.0587,9.7992,-0.1211,-0.3082,0.2424
26085,1072,879,34.583,34.312,-0.0075,-0.0181,9.772,0.4636,-0.2814,0.8772
26090,1077,880,34.542,34.252,0.0733,0.0177,9.8735,-0.0603,-0.3716,0.5385
26095,1067,873,34.585,34.304,0.0395,-0.06,9.8304,0.2437,0.163,0.521
26100,1070,868,34.478,34.293,0.0216,0.0664,9.7857,0.4482,-0.0744,0.0595
26105,1057,867,34.47,34.239,0.0003,0.0384,9.8058,0.1784,0.3818,-0.3721
26110,1058,867,34.567,34.241,-0.0103,-0.0491,9.7729,0.1424,-0.1154,-0.3266
26115,1044,869,34.581,34.317,0.0018,0.015,9.7801,-0.2227,-0.2599,0.2975
26120,1042,865,34.477,34.301,-0.0741,0.0485,9.8135,0.1574,-0.6449,0.3313
26125,1033,859,34.496,34.24,-0.0731,-0.0151,9.8504,0.6698,0.5672,0.7438
26130,1040,865,34.504,34.328,-0.0608,-0.0238,9.8551,0.1243,-0.2053,-0.1649
26135,1027,864,34.542,34.28,0.0245,0.0247,9.9164,-1.083,0.5807,0.8576
26140,1021,864,34.49,34.289,-0.017,0.0554,9.8425,0.3451,0.7335,0.4783
26145,1018,857,34.496,34.336,-0.0526,0.0528,9.7787,0.3537,0.2308,-0.0302
26150,1008,860,34.488,34.315,-0.0502,0.1587,9.7943,0.0,-0.0145,0.0679
26155,1018,862,34.471,34.32,-0.0163,-0.0178,9.797,-0.6187,0.2906,-1.7109
26160,1009,852,34.476,34.221,0.0371,0.0536,9.9085,0.1629,-0.3463,-0.1973
26165,992,852,34.56,34.279,0.0118,-0.0272,9.7687,-0.6244,0.0549,-0.0111
26170,993,856,34.52,34.379,0.0286,0.0844,9.8073,0.0775,0.0099,0.3643
26175,977,856,34.62,34.221,0.0042,0.0159,9.8955,0.1248,0.1924,-1.0904
26180,981,852,34.55,34.26,-0.0331,-0.0597,9.8122,-0.3641,-0.1919,0.0951
26185,980,847,34.489,34.293,0.0235,-0.047,9.849,0.1525,0.2546,0.0153
26190,956,852,34.499,34.264,-0.1039,-0.0555,9.7949,0.7974,-0.2757,-0.3973
26195,954,848,34.412,34.29,-0.0304,0.0473,9.8072,-0.7762,-0.13,-1.2283
26200,943,851,34.507,34.335,-0.0805,0.0213,9.8388,0.0665,0.3267,-0.6413
26205,935,844,34.484,34.269,-0.0566,-0.0207,9.9114,0.1544,-0.7057,-0.651
26210,928,836,34.465,34.282,0.0208,-0.0573,9.8395,-0.0892,0.0287,0.9929
26215,911,840,34.556,34.202,-0.0077,-0.0314,9.8238,-0.4164,-0.1162,-0.5561
26220,919,839,34.579,34.308,0.086,0.0458,9.7631,-0.2277,1.0266,0.5769
26225,909,843,34.592,34.289,0.0036,-0.0638,9.7927,0.1524,0.1197,-0.1047
26230,899,835,34.526,34.278,-0.0843,0.0617,9.7601,0.518,0.6206,0.0239
26235,887,833,34.473,34.302,-0.0854,-0.0816,9.858,0.5435,-0.0947,0.0738
26240,878,835,34.481,34.261,0.0372,0.0631,9.7869,0.1779,-0.6078,0.242
26245,863,822,34.569,34.291,0.0584,-0.0308,9.7991,-0.4592,0.2291,-0.4686
26250,854,828,34.452,34.248,-0.1066,0.0102,9.8407,0.259,-0.0339,0.0995
26255,855,830,34.5,34.297,-0.0218,0.0589,9.8168,0.1831,-0.0393,-0.3619
26260,855,818,34.511,34.263,-0.0931,0.1108,9.7989,-0.0056,0.2159,0.9855
26265,840,823,34.397,34.322,-0.0235,0.0984,9.7975,0.6891,0.7693,-0.5072
26270,823,815,34.552,34.296,0.0247,-0.0573,9.7667,0.9699,0.2608,0.8118
26275,817,809,34.458,34.268,0.0381,-0.0982,9.8209,0.3121,-0.1149,-1.1846
26280,815,807,34.561,34.235,0.0419,0.0384,9.8431,0.221,0.4094,0.6027
26285,804,804,34.529,34.282,0.0239,0.0246,9.7846,-0.3215,-0.4813,0.3045
26290,796,804,34.562,34.283,-0.0289,-0.0384,9.8851,-0.3401,-0.2416,0.1163
26295,784,797,34.531,34.302,-0.0624,-0.0449,9.8218,0.9217,-0.7284,0.1612
26300,782,797,34.518,34.35,-0.033,-0.0574,9.8091,-0.1834,0.2671,-1.3548
26305,784,793,34.512,34.328,0.0568,-0.0155,9.7341,-0.6978,0.2941,-0.0084
26310,776,790,34.506,34.297,-0.0267,-0.0779,9.8876,-1.2146,0.9875,0.1726
26315,763,780,34.464,34.24,-0.0097,0.0032,9.8193,-0.0892,-0.0087,-0.0715
26320,765,779,34.46,34.288,0.0359,0.0371,9.7816,0.1196,-0.4597,-0.2648
26325,752,770,34.525,34.264,0.0185,-0.0653,9.871,-0.51,0.1196,-1.1602
26330,757,772,34.547,34.277,-0.0384,0.0021,9.7417,0.2535,0.1783,-0.4351
26335,755,761,34.518,34.285,-0.013,-0.0065,9.7854,-0.4901,-0.1149,0.3838
26340,751,761,34.387,34.295,-0.0028,0.0091,9.8325,0.4845,0.1161,0.5753
26345,743,750,34.475,34.303,-0.0277,0.0444,9.7814,0.2161,0.6152,0.4962
26350,752,749,34.588,34.25,0.0218,-0.0368,9.7864,-0.0946,-0.2047,0.3342
26355,738,741,34.482,34.278,-0.0288,-0.0487,9.7762,-0.0033,0.444,0.3785
26360,751,735,34.519,34.353,-0.0118,-0.0279,9.8543,-0.7991,-0.2535,0.6431
26365,747,731,34.461,34.303,0.0919,0.0147,9.8297,0.0347,0.2842,0.7125
26370,750,725,34.44,34.291,-0.0227,0.0076,9.6865,-0.7981,-0.5916,0.1742
26375,751,725,34.452,34.374,-0.0507,-0.0283,9.7921,0.1662,-0.2955,0.9566
26380,752,720,34.527,34.262,0.0376,-0.0533,9.8308,-0.2051,0.0631,-0.317
26385,755,718,34.531,34.262,0.0534,0.0335,9.8088,1.0193,0.4666,0.1935
26390,771,707,34.444,34.329,0.0452,0.0418,9.8176,0.9785,-0.5859,0.005
26395,758,697,34.499,34.252,-0.0156,-0.0559,9.8078,-0.0283,0.2859,0.7734
26400,767,705,34.548,34.246,0.0339,-0.0406,9.8741,0.5629,-0.1939,-0.9428
26405,769,693,34.458,34.314,0.0484,0.0132,9.8003,-0.3975,0.2389,0.831
26410,786,691,34.535,34.227,-0.1075,0.0503,9.8275,0.0786,-0.3723,-0.5117
26415,793,686,34.457,34.296,-0.0452,0.0195,9.7766,0.0187,-0.0903,-0.312
26420,789,680,34.435,34.384,0.0534,-0.0576,9.8094,-0.3373,0.5336,0.032
26425,799,681,34.567,34.279,0.0262,-0.0048,9.8427,0.0445,-0.2789,-1.0046
26430,809,671,34.495,34.247,-0.064,0.0423,9.7529,0.5021,-0.015,0.4881
26435,815,671,34.585,34.326,-0.0002,-0.0158,9.8429,-0.079,-0.0175,-0.6212
26440,829,670,34.553,34.256,0.0174,0.0339,9.8232,0.0859,-0.0307,-0.4275
26445,840,660,34.577,34.257,-0.0439,0.0574,9.7915,0.7434,-0.7233,0.5195
26450,843,657,34.542,34.251,-0.0078,-0.006,9.8331,0.1884,0.7189,-0.0968
26455,851,661,34.564,34.242,-0.0229,-0.058,9.8184,0.5557,-0.1499,0.51
26460,865,654,34.507,34.181,0.0164,0.0107,9.8069,-0.7684,0.6064,1.2377
26465,877,655,34.508,34.344,-0.0529,-0.0539,9.7591,0.1727,0.0963,-0.2853
26470,882,659,34.506,34.241,-0.0443,-0.0773,9.8301,-0.6099,-0.3885,0.5864
26475,902,656,34.493,34.295,-0.0583,0.0812,9.8628,0.4979,-0.35,0.2117
26480,902,648,34.54,34.347,0.0415,-0.0276,9.7785,0.0119,0.562,-0.3902
26485,915,647,34.556,34.262,-0.0052,-0.0023,9.8347,-0.145,-0.5663,-0.7984
26490,937,649,34.523,34.301,-0.0868,0.0871,9.7839,0.3632,-0.223,-0.5277
26495,940,650,34.523,34.238,-0.0189,-0.0059,9.8705,-0.1057,0.6402,-0.3355
26500,950,652,34.54,34.246,0.021,0.0601,9.8338,0.6426,0.1342,-0.215
26505,954,651,34.525,34.221,0.0624,0.0152,9.8256,0.0699,-0.0972,-0.2857
26510,974,656,34.574,34.262,-0.0423,0.0036,9.813,0.2406,-0.7259,0.5507
26515,997,656,34.572,34.205,-0.0547,-0.066,9.8368,0.7377,-0.2173,0.1061
26520,1002,659,34.579,34.278,0.0709,0.032,9.8442,0.3216,0.0595,0.5274
26525,1006,663,34.457,34.301,-0.0002,0.1402,9.8077,0.3099,0.1541,-0.2823
26530,1020,663,34.534,34.347,0.044,0.024,9.7492,-0.015,0.3141,1.1369
26535,1034,657,34.528,34.264,0.0304,-0.0173,9.8764,1.0062,-0.2666,0.3301
26540,1045,675,34.494,34.284,0.0386,-0.0488,9.8089,-0.3798,-0.7483,-0.047
26545,1060,671,34.567,34.259,-0.0634,0.1265,9.831,0.3009,-0.0596,-0.1915
26550,1062,679,34.561,34.307,-0.0353,-0.0365,9.819,-0.5245,0.5954,-0.158
26555,1077,683,34.492,34.219,0.0215,-0.0313,9.76,-0.256,0.0774,-0.5567
26560,1081,683,34.475,34.225,-0.0527,-0.046,9.8217,0.0194,0.6323,0.0006
26565,1090,696,34.539,34.287,-0.0778,-0.0268,9.8373,0.5325,-0.7258,0.3018
26570,1096,695,34.518,34.231,-0.0406,-0.0231,9.8344,-0.7287,0.471,0.525
26575,1118,700,34.459,34.258,0.0038,0.0316,9.7813,-0.1654,0.6789,-0.2795
26580,1129,709,34.551,34.13,0.0257,-0.0224,9.7955,-0.6512,-0.09,0.2064
26585,1128,715,34.478,34.243,-0.0693,-0.0258,9.7922,-0.1334,0.0847,-0.2372
26590,1136,720,34.554,34.234,0.0971,-0.0175,9.8101,0.0673,0.273,-0.387
26595,1143,722,34.39,34.318,0.054,-0.017,9.7437,0.1453,-0.4691,0.0622
26600,1145,733,34.42,34.283,0.0251,-0.0508,9.7179,0.0551,-0.6352,-0.694
26605,1168,739,34.524,34.302,0.0758,0.0022,9.6665,0.4666,-0.0915,-0.2827
26610,1160,747,34.535,34.332,0.0238,0.04,9.8454,-0.3898,-0.1212,0.527
26615,1162,756,34.543,34.347,0.0211,0.0257,9.8682,0.3521,-0.7436,0.9562
26620,1177,759,34.501,34.331,0.002,-0.0959,9.8261,-0.3236,0.85,1.4526
26625,1171,762,34.44,34.337,-0.0219,0.0482,9.7927,0.2172,-0.3867,-0.1828
26630,1184,774,34.496,34.26,0.0505,-0.0096,9.874,0.2079,0.0219,-0.625
26635,1175,784,34.526,34.284,-0.0674,-0.0297,9.8749,-0.0198,-0.1403,-0.5628
26640,1176,787,34.514,34.251,-0.0558,-0.0844,9.7996,0.6382,-0.8986,1.1835
26645,1186,796,34.404,34.26,0.0072,-0.0642,9.8307,-0.2384,-0.1019,-0.3232
26650,1189,797,34.524,34.162,-0.0037,-0.0132,9.841,0.1289,0.6404,0.3324
26655,1181,807,34.456,34.22,0.0855,-0.0296,9.8203,-0.4977,0.2149,0.303
26660,1189,812,34.467,34.391,0.0068,0.1135,9.8237,0.3564,-1.1807,1.567
26665,1192,822,34.52,34.182,-0.0012,0.125,9.7979,0.113,0.0424,-0.3395
26670,1190,831,34.473,34.36,0.0377,-0.0089,9.8736,0.1761,-0.178,0.6958
26675,1191,829,34.472,34.219,0.0155,0.0258,9.8382,0.0534,-0.5044,-0.5585
26680,1183,835,34.505,34.252,-0.0835,-0.0141,9.7553,0.4662,-0.3621,0.1598
26685,1189,850,34.588,34.228,-0.0224,0.0232,9.7498,0.501,0.2477,0.0946
26690,1184,848,34.513,34.282,-0.0465,-0.0322,9.753,0.0122,0.8197,0.0562
26695,1185,851,34.515,34.283,-0.0093,-0.0635,9.8307,-0.4518,-0.0153,-0.2835
26700,1178,856,34.542,34.204,0.0319,0.093,9.7928,0.767,-0.5206,0.0858
26705,1186,863,34.522,34.251,-0.0076,0.0494,9.9008,-0.0938,0.2385,0.0315
26710,1183,869,34.473,34.269,-0.0213,-0.0601,9.8135,0.8664,0.914,0.8828
26715,1165,877,34.503,34.247,-0.0344,0.0722,9.7789,-0.3469,0.7415,-0.3319
26720,1172,878,34.538,34.228,-0.0267,0.006,9.7833,0.1273,0.7686,0.6709
26725,1166,890,34.442,34.3,-0.0181,-0.0285,9.8609,0.1495,-0.2434,0.555
26730,1165,889,34.523,34.259,0.004,-0.0448,9.7386,0.0819,0.2007,0.8406
26735,1167,895,34.431,34.301,0.0221,0.0055,9.7948,-0.4853,-0.9122,-0.7022
26740,1152,895,34.493,34.269,0.0252,-0.0041,9.724,-0.2001,-0.6663,0.0588
26745,1162,901,34.493,34.317,0.0506,0.0087,9.8257,0.5288,0.4349,-0.0572
26750,1164,902,34.48,34.305,-0.0326,-0.0698,9.8574,-1.0262,0.4396,0.361
26755,1153,897,34.449,34.279,-0.044,-0.0051,9.7506,0.7086,-0.8976,0.1336
26760,1143,903,34.483,34.26,-0.0311,0.0535,9.8851,-0.0881,-0.3494,-0.9555
26765,1142,909,34.536,34.141,0.0015,-0.0038,9.7972,-0.2127,0.0796,-0.1138
26770,1134,902,34.575,34.341,0.0162,0.0321,9.759,-0.3028,-0.0484,-0.1548
26775,1132,911,34.451,34.281,-0.0489,0.0154,9.7874,-0.3102,-0.3505,-0.0252
26780,1132,910,34.522,34.196,0.049,0.0457,9.8738,-0.006,0.1674,0.2884
26785,1129,911,34.521,34.266,0.0543,-0.022,9.7583,0.1866,-0.0464,0.9552
26790,1129,910,34.515,34.253,0.0232,0.0506,9.7858,1.1735,-0.1919,-0.3439
26795,1127,910,34.551,34.256,-0.007,-0.0053,9.85,0.6425,0.0785,-0.5534
26800,1120,914,34.534,34.234,0.0278,-0.0078,9.7485,-0.7218,0.2828,0.0669
26805,1121,903,34.524,34.275,-0.0433,-0.0103,9.818,0.616,-0.5263,0.181
26810,1119,912,34.461,34.259,0.0474,-0.0343,9.8606,0.2157,0.2839,0.5451
26815,1123,910,34.547,34.258,0.0016,-0.0509,9.8333,0.0586,0.0348,-0.4589
26820,1101,910,34.561,34.239,-0.0138,-0.0257,9.7682,0.0636,-0.4267,-0.1423
26825,1101,909,34.484,34.341,-0.06,0.0149,9.8618,-0.4371,-0.5151,-1.0682
26830,1102,906,34.419,34.237,-0.0234,0.0159,9.7954,-0.4369,-0.0388,0.3863
26835,1097,908,34.528,34.27,0.0371,-0.0429,9.9028,0.5196,-0.2441,-0.0916
26840,1104,906,34.491,34.272,0.0172,0.039,9.8577,0.4639,0.798,0.2913
26845,1099,900,34.406,34.28,0.0787,-0.0194,9.7896,0.3853,-0.4771,0.4264
26850,1096,900,34.544,34.271,-0.0729,0.0109,9.79,-0.389,0.4383,0.1588
26855,1100,903,34.424,34.248,0.0383,-0.0779,9.82,0.4764,0.2689,-0.2078
26860,1087,899,34.565,34.252,-0.047,-0.0061,9.8221,-0.5225,0.0602,0.3037
26865,1097,897,34.45,34.294,-0.0577,0.0134,9.8764,0.453,0.0862,-0.6132
26870,1086,894,34.5,34.237,0.0753,0.0411,9.8781,-0.5824,0.4228,0.3734
26875,1088,894,34.653,34.204,0.0449,-0.0226,9.7776,-0.1077,-0.2208,-0.6119
26880,1080,892,34.531,34.199,-0.0286,-0.0004,9.8228,0.2634,-0.1141,-0.6738
26885,1087,891,34.453,34.265,-0.0142,0.0353,9.7983,-0.9157,-0.3654,-0.66
26890,1084,887,34.459,34.229,0.0183,0.0533,9.7806,0.3289,0.2275,0.315
26895,1081,879,34.5,34.28,0.0206,-0.0253,9.7819,-0.6216,0.8526,-0.3393
26900,1079,880,34.582,34.242,0.0348,-0.04,9.7835,0.06,0.692,0.5265
26905,1071,880,34.496,34.224,0.0161,-0.0798,9.7883,-0.3155,0.988,-0.6888
26910,1070,880,34.483,34.372,-0.029,0.0452,9.9464,0.5386,-0.5459,0.0593
26915,1076,877,34.523,34.297,0.0117,-0.0307,9.7512,0.5379,-0.0701,0.2666
26920,1070,872,34.567,34.335,0.0514,-0.0475,9.8484,-1.0035,-0.3398,-0.4513
26925,1062,870,34.493,34.309,-0.0106,0.0686,9.7805,0.4581,-0.8458,0.9535
26930,1066,875,34.52,34.337,-0.0176,0.0394,9.8649,0.8227,-0.2377,-0.8752
26935,1061,870,34.566,34.157,0.0258,0.0444,9.8895,-0.3691,1.1725,-0.3486
26940,1044,867,34.539,34.184,0.0714,-0.012,9.8179,0.2434,-0.3567,-0.9376
26945,1054,868,34.458,34.264,0.0132,-0.0798,9.797,-0.619,0.178,0.0776
26950,1041,869,34.501,34.249,0.0055,-0.0161,9.808,-0.2116,-0.6656,-0.5984
26955,1051,866,34.419,34.271,-0.0334,0.1228,9.8388,-0.3791,0.214,-0.799
26960,1037,867,34.425,34.29,0.0082,-0.0534,9.7565,-0.5515,0.6078,0.5069
26965,1029,861,34.45,34.255,-0.0291,-0.086,9.8194,0.586,-1.1827,0.5999
26970,1033,860,34.513,34.296,-0.0016,-0.095,9.7737,0.0249,-0.1632,0.3869
26975,1024,856,34.476,34.363,-0.0097,-0.0361,9.8304,-0.0776,0.7003,0.5086
26980,1008,854,34.546,34.245,-0.006,0.0255,9.764,-0.0964,0.2523,0.3574
26985,1007,858,34.497,34.268,0.0053,0.0557,9.834,0.6968,0.427,0.202
26990,1000,859,34.52,34.278,0.098,0.0273,9.841,0.6013,-0.6138,0.3366
26995,997,858,34.446,34.303,0.087,-0.0074,9.845,0.0673,0.1169,-0.1898
27000,987,854,34.522,34.241,-0.001,0.0168,9.7704,0.6575,0.7092,-0.5223
27005,978,852,34.448,34.355,0.0346,-0.0442,9.8169,0.0795,0.1604,0.3291
27010,975,853,34.61,34.253,-0.006,-0.0087,9.887,-0.162,0.4201,0.4137
27015,976,851,34.416,34.258,0.0188,0.0203,9.9057,-0.3407,-0.2484,-0.2646
27020,966,852,34.483,34.286,0.052,0.0223,9.8196,0.0615,0.2162,-0.374
27025,947,846,34.561,34.229,-0.0947,0.0224,9.8303,-0.158,-0.4439,0.0472
27030,940,844,34.518,34.31,0.0129,0.0402,9.7954,-0.0772,-0.2937,-0.3834
27035,936,841,34.581,34.246,-0.0519,0.001,9.7515,-0.816,-0.5384,-0.254
27040,931,842,34.548,34.29,-0.0179,0.016,9.7849,0.1287,0.0957,-0.0626
27045,914,842,34.544,34.275,0.0456,-0.0751,9.7335,-0.2403,-0.7141,0.2676
27050,907,841,34.564,34.307,0.0093,-0.0295,9.7924,-0.1233,-0.1718,-0.2226
27055,910,838,34.49,34.139,-0.0225,-0.0582,9.7611,0.0632,-0.4612,-0.432
27060,896,839,34.533,34.195,-0.051,-0.028,9.7539,-0.0209,0.1285,0.3143
27065,875,832,34.58,34.31,-0.0036,0.0621,9.7433,-0.7071,-0.3998,-0.2915
27070,879,831,34.556,34.218,0.0038,0.0402,9.6839,0.3326,0.4452,-0.0811
27075,875,831,34.472,34.23,-0.0431,-0.0305,9.7939,-0.7973,0.6149,0.155
27080,866,824,34.598,34.19,-0.0676,0.0148,9.8363,-0.6371,0.0087,-0.2053
27085,848,823,34.386,34.258,-0.0295,0.029,9.7017,-0.4683,0.804,0.4796
27090,848,824,34.525,34.308,-0.0434,0.0021,9.8968,-0.2303,-0.0791,-0.3497
27095,833,822,34.509,34.343,0.0497,0.0002,9.7509,-0.4347,0.1851,0.3518
27100,824,817,34.477,34.34,-0.0182,-0.0322,9.7871,-0.2419,-0.2192,0.3718
27105,821,812,34.461,34.375,0.0426,0.085,9.8031,1.3952,-0.1309,-0.3441
27110,815,811,34.532,34.199,0.0255,-0.0343,9.7922,-0.4232,0.4271,-0.4551
27115,809,809,34.547,34.278,-0.0265,-0.0498,9.8254,0.0227,-0.2112,-0.0216
27120,801,807,34.467,34.232,0.0276,-0.0418,9.8027,-0.2754,-0.4191,-0.5963
27125,798,802,34.524,34.304,-0.0249,-0.0376,9.7021,-0.0446,-0.5935,-0.4951
27130,782,794,34.437,34.277,0.0132,-0.0143,9.8623,0.1885,-0.1113,-0.0969
27135,777,791,34.575,34.367,-0.0128,-0.088,9.875,-0.6624,0.7523,0.3847
27140,777,785,34.49,34.187,-0.0254,-0.0597,9.7566,-0.3782,1.0281,-1.3167
27145,763,784,34.479,34.338,0.0017,-0.0385,9.8516,0.1853,-0.2809,-0.4036
27150,765,777,34.539,34.225,0.0222,0.047,9.8299,-0.1423,-0.8384,-0.0641
27155,755,768,34.42,34.238,-0.0218,-0.0018,9.741,-1.1798,0.1815,-1.0523
27160,758,762,34.387,34.245,0.1306,0.0719,9.7467,-0.2083,-0.3449,0.1755
27165,751,763,34.551,34.293,-0.0727,-0.0229,9.915,-0.262,0.6325,-0.2574
27170,743,762,34.534,34.27,-0.051,0.0042,9.7717,-0.5398,1.627,-1.0938
27175,742,753,34.536,34.287,-0.0735,0.012,9.7685,-0.0916,-0.4956,0.3467
27180,756,749,34.511,34.251,0.0309,0.0162,9.8053,0.073,-0.4598,-0.4111
27185,749,742,34.514,34.234,0.0675,-0.0649,9.8027,0.094,-0.2703,0.11
27190,750,736,34.541,34.248,-0.0334,-0.0177,9.7459,-0.1487,0.1325,-0.4022
27195,752,731,34.558,34.362,-0.0137,-0.0853,9.8193,-1.3042,-0.2332,0.1043
27200,747,724,34.554,34.261,-0.016,0.0416,9.852,-0.0475,0.4311,0.0561
27205,747,722,34.492,34.233,-0.0166,-0.0514,9.782,0.0475,-0.4698,0.0538
27210,755,720,34.473,34.303,-0.0117,0.0155,9.7401,0.0246,0.2776,-0.5024
27215,756,710,34.488,34.289,-0.1331,0.0599,9.8742,0.8632,-0.041,0.5379
27220,758,711,34.548,34.345,-0.0328,-0.0804,9.8598,0.8218,0.2592,-0.9111
27225,767,702,34.506,34.172,-0.0335,0.1183,9.7483,0.0015,-0.3121,0.3522
27230,768,700,34.552,34.329,0.041,-0.0752,9.767,0.7651,-0.0855,-0.1136
27235,767,688,34.457,34.245,-0.009,0.1064,9.8596,-0.1605,0.3101,0.6548
27240,774,688,34.514,34.166,-0.0899,-0.0691,9.821,0.2381,1.0336,0.0637
27245,783,687,34.43,34.299,0.0404,-0.0072,9.8253,-0.2951,-0.6368,-0.1401
27250,792,683,34.604,34.281,-0.0209,0.1261,9.7304,-0.0979,-0.2872,-0.1094
27255,810,677,34.474,34.325,0.0202,-0.0195,9.7761,-0.4361,0.294,0.1662
27260,805,671,34.509,34.197,0.0213,0.0822,9.7766,0.2414,-0.7419,-0.4371
27265,814,671,34.486,34.38,0.0153,-0.0038,9.7595,-0.6585,0.9793,-0.1816
27270,818,672,34.471,34.257,-0.0458,-0.077,9.8272,0.0255,0.464,0.0675
27275,837,662,34.564,34.296,0.0597,0.05,9.792,-0.2699,-0.2495,0.3554
27280,838,659,34.506,34.298,-0.0056,0.0318,9.8977,-0.4678,-0.8347,-0.0087
27285,856,660,34.534,34.304,-0.0698,-0.0089,9.8158,0.8254,-0.1673,-0.1829
27290,865,659,34.485,34.251,-0.0571,-0.0351,9.7847,-0.0876,-0.42,-0.2751
27295,876,655,34.52,34.248,0.0668,-0.0399,9.7355,-1.043,0.518,0.7942
27300,891,658,34.61,34.266,-0.047,0.043,9.8053,-0.7136,0.0164,0.2077
27305,904,656,34.563,34.216,0.036,-0.0698,9.7639,1.1645,0.5558,-0.6793
27310,918,651,34.622,34.298,-0.1397,-0.0811,9.7523,0.0938,0.1058,0.6014
27315,918,648,34.564,34.279,-0.0903,0.0187,9.8416,0.1597,0.6997,-0.11
27320,917,648,34.48,34.236,-0.0924,-0.0409,9.8384,0.0253,0.5145,-0.4214
27325,949,646,34.496,34.274,0.0899,-0.0128,9.8139,-0.5919,-0.2612,-0.2535
27330,966,648,34.44,34.269,0.0132,-0.0677,9.7443,0.361,0.3986,0.0834
27335,960,654,34.443,34.24,0.0274,-0.0043,9.8226,0.1342,0.4813,0.3274
27340,979,652,34.554,34.273,0.011,0.0068,9.8278,0.0774,-0.3922,-0.1931
27345,980,656,34.494,34.262,0.0273,0.0142,9.81,-0.4746,-0.3771,-0.4844
27350,999,656,34.484,34.259,0.0411,-0.0091,9.6882,-0.4053,-0.5055,0.0445
27355,1008,657,34.489,34.286,-0.153,0.023,9.8935,-0.1592,-0.125,-0.2891
27360,1020,659,34.464,34.329,0.0132,-0.0172,9.7849,0.0207,-0.1407,0.4643
27365,1034,665,34.479,34.323,-0.0391,-0.0374,9.8532,-0.3291,0.6123,0.0166
27370,1046,675,34.47,34.245,-0.0353,-0.0298,9.7775,-0.0656,0.7317,-0.6223
27375,1066,671,34.538,34.179,0.0518,-0.0436,9.8011,-0.4192,-0.3084,0.2429
27380,1073,675,34.53,34.313,-0.0234,-0.0287,9.7629,-0.1047,-0.0549,0.2747
27385,1080,682,34.517,34.284,0.117,0.0985,9.6938,0.653,-0.7702,0.0298
27390,1097,683,34.463,34.198,-0.0353,0.0067,9.744,-0.3206,0.4572,-0.044
27395,1102,692,34.473,34.285,0.103,-0.0071,9.8295,0.7194,0.1034,-0.5256
27400,1108,695,34.421,34.324,-0.0606,0.0402,9.8282,-0.0772,-0.7488,0.1473
27405,1118,699,34.476,34.327,0.0153,0.1646,9.8056,-0.1858,0.1717,0.3969
27410,1135,711,34.512,34.232,-0.0227,0.0598,9.9016,-0.7113,1.7501,-0.2592
27415,1125,721,34.447,34.301,-0.0437,-0.0785,9.779,-0.0571,-0.2671,-0.821
27420,1138,721,34.56,34.273,0.0637,0.0145,9.7763,-0.8993,-1.2395,0.2926
27425,1141,725,34.434,34.233,0.0533,-0.0162,9.7833,-0.3933,-0.752,-0.0532
27430,1141,737,34.503,34.318,-0.0621,-0.0432,9.8243,-0.2944,-0.6592,1.5809
27435,1152,738,34.525,34.334,0.0803,-0.044,9.802,-0.5383,-0.5783,0.3167
27440,1156,743,34.533,34.333,0.0185,-0.0479,9.7114,0.7504,0.4402,0.5991
27445,1161,751,34.485,34.245,0.0096,0.0604,9.83,-0.1594,0.3717,0.1446
27450,1173,758,34.626,34.289,0.0177,-0.0632,9.7408,-0.4135,0.0607,-0.3901
27455,1175,766,34.471,34.328,-0.0508,0.0195,9.8345,0.2087,-0.5659,1.2527
27460,1180,777,34.495,34.25,0.0431,-0.02,9.8436,0.0404,0.7311,0.3883
27465,1176,777,34.532,34.295,0.0758,-0.0516,9.7719,0.7286,0.1513,0.3719
27470,1189,789,34.476,34.296,0.1069,0.0067,9.8538,-1.1809,-0.8469,0.0286
27475,1186,793,34.455,34.244,-0.0482,0.03,9.8257,-0.169,-0.1079,-0.361
27480,1185,799,34.433,34.233,-0.0847,-0.0542,9.8223,0.3447,0.0427,0.3311
27485,1167,809,34.519,34.262,0.0349,0.0748,9.8061,0.2258,0.6112,-0.4709
27490,1196,815,34.55,34.306,0.0686,-0.0271,9.8329,-0.6918,0.4931,0.8241
27495,1190,821,34.486,34.258,-0.0104,-0.0315,9.8066,0.287,0.8462,-0.2367
27500,1189,826,34.434,34.324,-0.0202,0.0092,9.729,-0.8601,-1.599,0.099
27505,1185,831,34.569,34.297,0.0125,0.0117,9.8073,0.0694,0.1463,0.2835
27510,1194,840,34.452,34.342,-0.0263,-0.0293,9.8507,1.024,-1.2288,0.5806
27515,1194,845,34.476,34.29,-0.0585,-0.1011,9.7603,0.9582,1.5931,-0.4008
27520,1188,847,34.511,34.246,0.0055,0.0249,9.8643,0.3088,-0.3483,0.087
27525,1186,853,34.465,34.234,0.0067,-0.0981,9.8433,-0.9284,0.1709,-0.2128
27530,1183,869,34.476,34.233,0.0237,-0.0097,9.8371,0.0565,-0.0547,-0.1138
27535,1184,865,34.515,34.214,-0.0658,-0.098,9.8589,-0.7642,0.068,0.7574
27540,1166,873,34.491,34.305,0.0624,0.0243,9.8141,0.119,-0.222,-0.811
27545,1179,875,34.478,34.343,-0.0346,-0.0642,9.8159,0.1213,0.157,0.4842
27550,1168,883,34.539,34.254,0.1339,-0.0623,9.8264,-0.0708,-0.8372,0.3581
27555,1166,887,34.477,34.132,-0.1227,-0.0082,9.7233,0.5036,0.6216,-0.1807
27560,1173,892,34.504,34.243,-0.0598,0.0568,9.8635,-0.2705,0.3013,0.0918
27565,1163,897,34.517,34.204,-0.022,0.0816,9.8092,0.3964,-0.512,0.2631
27570,1155,892,34.469,34.245,-0.1014,-0.044,9.8289,0.0565,0.6752,-0.4281
27575,1163,901,34.612,34.261,0.0032,-0.085,9.7693,-0.3691,-0.2585,-0.237
27580,1160,901,34.486,34.226,0.0389,-0.0677,9.8758,0.3166,-0.2788,0.1582
27585,1143,901,34.497,34.217,0.0399,0.0316,9.7524,0.3204,0.627,-0.2065
27590,1143,910,34.399,34.292,0.0042,-0.0304,9.8198,-0.3682,-0.0847,0.6779
27595,1146,903,34.434,34.251,-0.0452,0.0557,9.7785,0.1413,0.2274,-0.6319
27600,1150,908,34.524,34.325,0.0022,-0.0367,9.8253,0.7202,-0.1686,0.6611
27605,1140,911,34.556,34.191,0.0213,-0.0178,9.7696,-0.8663,0.4007,-1.4213
27610,1134,910,34.526,34.377,0.0603,0.0742,9.8558,0.508,-0.2347,0.5986
27615,1126,914,34.507,34.228,0.012,-0.0006,9.8328,-0.2458,-0.1802,0.1979
27620,1130,904,34.542,34.326,-0.0298,0.0171,9.8649,-0.6115,-0.0231,0.5648
27625,1116,911,34.485,34.231,-0.0161,-0.0583,9.8429,-0.0493,0.1083,-0.3269
27630,1119,908,34.533,34.259,0.0367,-0.0114,9.8278,-0.2699,0.0585,1.117
27635,1125,910,34.503,34.223,0.0018,0.0205,9.7795,-0.3057,0.765,0.5097
27640,1119,915,34.506,34.274,-0.0372,-0.0553,9.7788,0.7482,-0.204,0.2428
27645,1114,907,34.385,34.267,-0.0085,0.0409,9.8235,-0.5348,-0.9874,0.637
27650,1106,910,34.586,34.306,0.0503,0.0144,9.8006,-0.8081,0.0546,0.0473
27655,1115,911,34.541,34.245,-0.0259,-0.0198,9.837,-0.0819,0.3745,0.3023
27660,1107,908,34.495,34.353,0.0547,-0.0644,9.7591,-0.626,-0.0309,-0.2645
27665,1108,901,34.519,34.223,-0.0187,-0.0243,9.7352,-0.1024,0.1761,0.2885
27670,1101,905,34.504,34.243,-0.029,0.0612,9.8837,-0.5595,-0.3613,-0.3841
27675,1100,901,34.58,34.258,-0.001,0.0502,9.7655,-0.1995,0.053,0.8191
27680,1094,897,34.549,34.22,0.0188,-0.0807,9.6426,-0.2627,0.2343,0.1932
27685,1100,897,34.574,34.225,0.0732,-0.0169,9.8123,0.2334,-0.304,0.0368
27690,1095,898,34.508,34.201,-0.011,0.0706,9.8096,0.43,1.0926,-0.2232
27695,1089,892,34.485,34.21,-0.0674,0.0036,9.8425,0.8221,0.0331,-0.0488
27700,1086,897,34.514,34.246,0.0249,0.072,9.88,-0.539,-0.0553,-0.2665
27705,1083,891,34.47,34.268,-0.0665,0.006,9.8916,-1.0654,0.4222,-0.0508
27710,1088,886,34.515,34.281,0.0697,-0.0325,9.7867,0.7885,0.5905,-0.4545
27715,1083,887,34.505,34.236,-0.028,-0.023,9.7541,0.3677,-0.3386,0.6209
27720,1079,893,34.541,34.248,-0.0623,-0.0727,9.7533,0.5965,-0.2527,-0.3861
27725,1074,885,34.451,34.289,-0.0719,-0.058,9.8052,-0.5326,-0.0533,-0.7774
27730,1067,879,34.529,34.334,-0.0447,-0.1176,9.9015,-0.1808,-0.296,-0.7263
27735,1071,884,34.52,34.265,-0.0189,-0.0416,9.887,-0.5149,0.1597,0.5541
27740,1072,878,34.475,34.283,0.0458,-0.089,9.8066,0.1185,0.421,0.2106
27745,1063,882,34.481,34.163,0.0718,0.0856,9.8409,0.1576,-0.0134,0.1466
27750,1068,872,34.449,34.295,0.0366,-0.0279,9.7276,0.9377,0.1252,0.1259
27755,1059,873,34.551,34.287,-0.0338,0.0508,9.8662,0.3537,0.2941,1.1767
27760,1058,870,34.507,34.29,-0.0402,0.0366,9.8326,-0.5989,0.4319,0.5452
27765,1048,871,34.555,34.284,0.0591,-0.0231,9.8352,-0.2085,0.7637,0.1319
27770,1054,867,34.518,34.304,-0.0693,0.0066,9.7389,-0.3244,0.3734,0.3544
27775,1052,865,34.51,34.276,-0.0191,-0.0162,9.7586,-0.2082,0.4344,-0.2237
27780,1039,869,34.418,34.292,0.0853,-0.0393,9.7911,0.0747,0.7377,-0.1718
27785,1036,870,34.417,34.2,0.0643,0.0193,9.7734,-0.6494,0.4395,-0.7648
27790,1037,862,34.506,34.295,-0.039,-0.0711,9.8631,-0.5008,0.1281,0.2094
27795,1031,868,34.492,34.26,0.0265,-0.0012,9.8232,-0.5235,-0.558,0.2721
27800,1035,856,34.387,34.258,-0.0426,-0.0628,9.7656,-0.2208,-0.0562,-0.4405
27805,1023,861,34.573,34.22,-0.0738,-0.0053,9.8027,0.1113,0.286,0.2708
27810,1017,854,34.52,34.301,-0.0453,-0.0493,9.8365,0.6402,-0.1998,0.1749
27815,1009,857,34.583,34.249,0.016,0.044,9.7985,-0.4128,-0.2317,-0.3612
27820,998,853,34.561,34.271,-0.0152,0.0042,9.7545,-0.2521,-0.3075,-0.6278
27825,1003,851,34.488,34.274,-0.0075,0.0327,9.8059,0.4454,0.4068,0.7277
27830,988,851,34.489,34.179,0.0566,0.0021,9.7411,-0.7131,-0.8131,-0.9314
27835,987,844,34.498,34.266,0.0031,0.0459,9.8101,-0.1819,0.1888,-0.4042
27840,970,848,34.441,34.318,-0.065,-0.0844,9.7787,-0.5119,-0.6835,0.1953
27845,969,846,34.476,34.182,0.0302,0.0358,9.7925,0.3936,1.3587,0.546
27850,956,852,34.456,34.24,0.0167,0.0286,9.8348,1.3565,0.0868,-0.789
27855,948,851,34.535,34.249,0.1071,-0.0022,9.9331,0.5151,-0.2821,1.1846
27860,944,844,34.566,34.334,0.0484,-0.0647,9.7558,0.2211,0.9201,-0.6095
27865,933,843,34.501,34.261,-0.017,0.064,9.7719,-0.3378,-0.5263,0.1534
27870,927,844,34.475,34.16,0.0491,-0.037,9.7871,-0.2863,-0.1395,0.2453
27875,919,842,34.514,34.297,-0.0343,-0.0633,9.8083,-0.3073,0.1783,0.2746
27880,913,842,34.422,34.304,0.0574,-0.0915,9.8719,0.2819,-0.3332,0.9654
27885,905,837,34.513,34.252,-0.0031,0.0831,9.7782,-0.1754,0.0295,0.6097
27890,900,832,34.529,34.289,-0.1193,0.0959,9.7295,-0.3947,-0.0749,-0.35
27895,889,836,34.488,34.257,-0.0254,0.0614,9.7902,0.0374,0.1616,0.2486
27900,876,831,34.463,34.239,0.024,0.0121,9.7852,-0.2633,0.9182,0.5568
27905,875,832,34.475,34.209,0.0274,0.1044,9.7443,0.705,-0.6967,-0.2643
27910,863,825,34.558,34.31,-0.0022,0.0283,9.8061,0.1442,-0.0361,0.8621
27915,844,819,34.46,34.29,-0.0052,-0.0259,9.7764,-0.113,-0.1168,0.4778
27920,838,820,34.535,34.228,-0.0549,0.0399,9.8654,-0.344,0.092,-0.4405
27925,833,816,34.565,34.347,0.0348,0.0397,9.8913,-0.6671,-0.6613,-0.0922
27930,828,820,34.568,34.254,0.0441,-0.0719,9.8582,-0.8469,-0.3639,0.0603
27935,814,814,34.53,34.179,0.0186,0.0835,9.7908,0.0404,-0.4515,-0.182
27940,808,807,34.511,34.178,-0.002,-0.0369,9.8158,0.4123,-0.5095,-0.3619
27945,802,808,34.482,34.271,0.0018,-0.044,9.7916,-0.1852,-0.2823,-0.147
27950,799,798,34.487,34.307,-0.0624,0.0499,9.8375,0.0576,-0.646,0.8113
27955,787,797,34.471,34.215,-0.0052,-0.0986,9.7827,0.0393,0.0685,0.1949
27960,788,795,34.527,34.289,0.1115,-0.0861,9.7955,-0.2544,-0.5918,-0.5468
27965,785,792,34.502,34.198,0.0705,-0.0264,9.8229,0.2682,0.0248,1.2166
27970,775,786,34.484,34.265,-0.0376,-0.0152,9.8768,-0.9644,0.1227,-0.326
27975,762,786,34.478,34.32,-0.0547,0.0235,9.7955,-0.2559,-0.1141,-0.0163
27980,767,778,34.485,34.297,-0.0736,-0.0618,9.8036,-0.1904,0.0723,-0.5102
27985,765,771,34.527,34.23,0.0286,-0.1171,9.8378,-0.3161,-1.2595,-0.3258
27990,759,768,34.485,34.22,-0.0324,-0.0034,9.81,-0.1908,0.0705,0.5467
27995,752,768,34.534,34.218,0.0035,-0.0334,9.82,-0.72,0.1174,1.0319
28000,759,760,34.592,34.232,0.0788,0.0196,9.7735,1.3821,-0.7058,0.3116
28005,747,754,34.478,34.244,0.0326,-0.0137,9.8466,-0.2338,0.0767,0.1444
28010,744,746,34.558,34.287,0.0139,0.049,9.7568,0.2564,-0.4378,-0.9387
28015,748,735,34.564,34.307,0.1007,0.0522,9.858,-0.5684,0.2441,0.3358
28020,743,736,34.505,34.279,0.0145,0.0117,9.7847,-0.6255,0.2774,0.4154
28025,749,734,34.479,34.21,-0.0678,0.0327,9.7285,-0.0591,0.1449,-0.1014
28030,756,725,34.519,34.307,-0.033,0.0173,9.7919,-0.4663,0.2438,0.7244
28035,748,730,34.539,34.274,-0.1215,0.0496,9.7548,0.5611,-0.1372,-0.1922
28040,746,719,34.519,34.238,0.0307,-0.0918,9.7915,1.2297,0.0263,0.436
28045,751,709,34.496,34.356,-0.0806,0.0231,9.8069,0.3431,-0.4664,-0.2651
28050,760,705,34.451,34.257,-0.009,0.0095,9.8665,-0.0022,-0.0172,0.0351
28055,774,705,34.522,34.193,0.033,0.0684,9.8217,0.3467,0.0641,0.4347
28060,770,695,34.508,34.22,-0.0545,0.0017,9.7869,0.7734,0.5153,-0.4862
28065,779,697,34.573,34.255,-0.0381,0.0139,9.8576,-0.5407,0.7123,0.4892
28070,781,684,34.364,34.318,-0.0524,0.0561,9.8318,-0.2426,0.361,-0.6006
28075,783,690,34.47,34.234,-0.026,-0.0151,9.8342,0.4461,0.2275,-0.605
28080,798,680,34.413,34.208,0.0162,0.0213,9.8397,-0.6648,-0.9899,-0.7294
28085,805,679,34.403,34.219,0.108,0.0377,9.8099,-0.0881,0.252,-0.0734
28090,817,676,34.536,34.277,-0.0053,-0.0223,9.8239,0.6601,1.0585,0.5714
28095,823,673,34.418,34.291,0.0623,-0.065,9.7386,0.0006,-0.6978,0.1777
28100,826,667,34.51,34.314,0.0449,0.0677,9.733,0.3225,-0.5461,0.4161
28105,837,662,34.521,34.305,0.0007,0.0201,9.7261,0.162,-0.0342,1.0897
28110,846,660,34.47,34.29,0.0403,-0.0006,9.7664,-0.0298,-0.4152,-0.2438
28115,856,656,34.541,34.215,0.0493,0.0039,9.8361,-0.1925,-0.3125,-0.1358
28120,868,656,34.421,34.233,0.025,-0.0352,9.8069,-0.1304,1.25,-1.4041
28125,880,658,34.536,34.248,-0.0442,0.0525,9.8102,-0.1672,0.1498,-0.1243
28130,881,652,34.577,34.171,0.0072,-0.0651,9.8505,0.4043,-0.8326,-0.2865
28135,902,651,34.492,34.215,-0.0242,0.0132,9.7112,0.3357,-0.0567,-1.2244
28140,908,653,34.455,34.282,0.0628,-0.0345,9.8997,-1.1085,-0.194,-0.7578
28145,918,654,34.385,34.275,-0.0227,0.0383,9.6822,0.0771,-0.321,-0.3211
28150,942,650,34.537,34.228,0.0191,-0.0289,9.7501,-0.6065,-0.8855,0.1405
28155,949,654,34.496,34.254,-0.0075,-0.0378,9.8282,0.7497,0.4006,-0.1245
28160,961,652,34.523,34.305,-0.0111,-0.0414,9.7652,-0.435,-0.3261,-0.1129
28165,969,653,34.486,34.299,0.0284,0.0635,9.837,-1.239,0.0327,0.2342
28170,982,655,34.448,34.254,0.0818,-0.0287,9.798,0.7823,0.1049,-0.1601
28175,996,653,34.441,34.222,0.0492,0.0079,9.7656,0.3343,0.0633,0.7676
28180,1002,662,34.503,34.207,-0.0069,0.0333,9.8744,0.2345,1.4224,-0.1147
28185,1011,665,34.547,34.205,0.0168,0.0639,9.7299,-0.2859,-0.1538,0.309
28190,1024,662,34.522,34.247,0.0609,-0.0126,9.8622,0.719,0.2787,-0.5256
28195,1045,664,34.445,34.206,0.0338,0.062,9.7864,0.1434,-0.1485,0.6335
28200,1050,673,34.538,34.273,0.0049,-0.0146,9.8666,0.4462,0.0745,-0.2771
28205,1050,672,34.476,34.234,0.0268,-0.0472,9.7887,-0.6046,0.2279,0.5389
28210,1071,679,34.465,34.208,0.059,0.0432,9.8205,-0.3224,-0.8416,-0.7509
28215,1078,683,34.401,34.2,0.0064,-0.0976,9.7157,0.4427,-0.0292,-0.5397
28220,1074,686,34.477,34.291,0.0151,0.0302,9.8409,0.0164,1.1245,0.1629
28225,1091,693,34.507,34.315,0.0308,-0.0068,9.7499,0.1469,-0.4498,-0.176
28230,1099,705,34.493,34.188,0.0295,0.0933,9.724,-0.4029,0.058,0.0988
28235,1116,703,34.518,34.163,0.0188,0.0275,9.8307,0.1122,0.2833,-0.1374
28240,1116,714,34.439,34.341,-0.1078,0.0716,9.7895,-0.417,-0.2219,0.9376
28245,1131,714,34.552,34.154,0.013,-0.0402,9.7694,-0.4221,-0.0438,0.194
28250,1130,725,34.463,34.303,-0.0057,-0.0253,9.8702,-0.4915,1.1343,-0.3264
28255,1139,729,34.447,34.21,-0.0202,-0.0517,9.8103,-0.2408,-0.4416,0.1685
28260,1140,732,34.46,34.3,0.1263,0.0608,9.7285,0.7677,0.0993,-0.3582
28265,1158,740,34.488,34.237,0.0314,0.0216,9.8329,-1.7909,0.4581,0.1351
28270,1160,742,34.475,34.244,-0.0626,-0.0564,9.921,-0.6085,1.416,-0.3275
28275,1158,757,34.494,34.344,0.0045,0.0077,9.7763,-1.3415,-0.0898,-0.098
28280,1172,763,34.414,34.214,-0.0235,0.1512,9.7811,0.2256,-0.308,-0.5693
28285,1175,763,34.453,34.221,-0.041,-0.0471,9.8037,0.0185,-0.5327,0.3384
28290,1173,772,34.501,34.314,-0.0475,-0.081,9.8119,0.1623,0.2815,0.1818
28295,1182,780,34.476,34.311,-0.0427,-0.0529,9.8418,-0.3226,0.5831,-0.75
28300,1190,787,34.484,34.221,-0.0648,0.0067,9.911,-1.0709,0.2972,0.5414
28305,1175,797,34.549,34.192,-0.0751,0.0551,9.8228,-0.5865,-0.155,-0.5098
28310,1187,802,34.439,34.334,-0.0033,-0.0117,9.7734,0.2845,0.1471,0.798
28315,1186,803,34.484,34.229,0.007,-0.0521,9.792,0.3308,-0.1527,-0.1419
28320,1179,818,34.487,34.339,0.0366,-0.0182,9.8573,-0.3396,-1.1442,-0.9691
28325,1190,821,34.505,34.327,-0.0279,-0.0223,9.8091,-0.3898,-0.6212,0.0584
28330,1192,829,34.537,34.324,0.0094,0.03,9.8948,0.1942,0.3771,-0.6896
28335,1181,830,34.486,34.242,-0.0037,-0.0473,9.8065,-0.6406,-0.3435,0.585
28340,1194,835,34.582,34.365,-0.0035,-0.0183,9.7035,-0.8339,0.2789,0.636
28345,1188,846,34.419,34.26,-0.0085,-0.0132,9.7865,0.0272,0.2766,-1.0192
28350,1183,852,34.47,34.26,-0.0526,-0.0706,9.8488,0.5402,-0.6749,0.1474
28355,1181,853,34.528,34.256,0.0156,0.0853,9.7991,0.1286,0.0795,0.3341
28360,1174,864,34.455,34.225,-0.0084,0.0431,9.8312,0.6039,-0.5153,0.5031
28365,1181,867,34.418,34.25,0.0113,0.0044,9.8369,0.4104,0.699,-0.3625
28370,1179,870,34.497,34.188,-0.0421,-0.0397,9.8597,-0.2576,-0.0645,-0.5328
28375,1178,873,34.535,34.243,0.1427,-0.0604,9.7897,0.2867,0.6269,0.802
28380,1168,881,34.587,34.246,0.0228,-0.028,9.8115,0.0096,-0.1055,0.3859
28385,1175,888,34.608,34.191,0.0205,-0.0487,9.7627,-0.0824,0.0699,0.2751
28390,1177,890,34.562,34.226,-0.0302,-0.0991,9.7348,0.3355,0.3442,0.631
28395,1168,892,34.577,34.257,-0.0082,0.0332,9.7794,0.1747,0.865,-0.5779
28400,1162,895,34.542,34.246,0.0496,-0.0166,9.7528,0.3924,0.7639,-0.6041
28405,1155,900,34.474,34.332,-0.0131,0.0135,9.7892,-0.0415,0.5397,-0.1248
28410,1153,903,34.492,34.237,-0.0794,0.06,9.8785,-0.0045,0.2577,-0.7909
28415,1146,905,34.498,34.27,-0.0258,-0.0217,9.926,1.0192,0.0779,-0.3854
28420,1147,903,34.502,34.332,0.0332,-0.0268,9.8271,-0.118,-0.4237,-0.0336
28425,1149,907,34.542,34.295,0.0295,-0.0073,9.8806,0.1522,-0.0086,0.4647
28430,1149,909,34.46,34.292,-0.0428,0.0489,9.8024,-0.0281,-0.2856,0.3925
28435,1124,907,34.51,34.179,-0.0469,0.0975,9.8532,-0.7633,-0.0476,0.0661
28440,1133,909,34.491,34.226,0.0563,-0.0543,9.8615,-0.4018,-0.0255,-0.6106
28445,1119,909,34.543,34.234,-0.0614,-0.0281,9.8116,-0.5206,0.1191,0.5326
28450,1121,915,34.528,34.271,-0.0409,-0.041,9.789,0.0486,-0.2265,0.3043
28455,1123,912,34.457,34.339,0.0413,0.0648,9.8073,-1.0418,-0.5445,-0.2642
28460,1132,912,34.468,34.234,0.0276,-0.0386,9.8344,0.0657,0.2925,1.0364
28465,1128,909,34.409,34.265,0.0593,-0.0202,9.785,0.4308,-0.0559,-0.3324
28470,1121,911,34.51,34.334,-0.0021,0.0166,9.8039,-0.3729,0.5064,0.4102
28475,1120,913,34.566,34.234,0.0632,0.0775,9.8371,0.1643,-0.5562,-0.2707
28480,1117,910,34.451,34.327,0.0637,-0.0783,9.8595,-0.227,-0.0895,-0.7232
28485,1108,909,34.499,34.2,-0.0075,0.0523,9.6828,-0.2784,0.8917,0.0439
28490,1115,903,34.495,34.286,0.0081,0.0383,9.8319,0.3866,0.1733,0.2106
28495,1108,903,34.492,34.242,0.0262,-0.0204,9.9394,0.2779,0.3202,-1.0065
28500,1108,903,34.488,34.208,0.0504,0.0521,9.8957,-0.2347,0.476,-0.0199
28505,1102,903,34.453,34.269,-0.0163,0.0425,9.8377,0.1269,-0.4804,0.7734
28510,1108,900,34.481,34.273,0.0045,-0.0748,9.7964,-0.0461,-0.1016,0.0332
28515,1099,898,34.495,34.216,-0.0506,-0.1203,9.835,-0.1865,0.0922,0.3081
28520,1102,898,34.498,34.28,-0.0219,0.0349,9.8817,-0.8064,0.3142,0.5756
28525,1095,899,34.466,34.23,-0.1564,0.0525,9.7644,0.2164,0.6836,-0.3978
28530,1097,895,34.434,34.264,-0.0141,-0.0662,9.7167,0.2711,0.1468,0.1407
28535,1098,893,34.45,34.268,-0.0184,0.0024,9.8551,0.2317,-0.064,0.5461
28540,1080,895,34.467,34.255,0.0966,-0.0459,9.7277,0.3661,0.0306,0.3322
28545,1096,888,34.475,34.259,0.0703,0.0124,9.8398,-0.4063,-1.1749,0.2372
28550,1084,889,34.562,34.24,0.0183,0.0161,9.693,-0.2675,-1.1062,-0.0467
28555,1078,884,34.547,34.218,-0.0838,0.0355,9.7448,0.4292,-0.3385,-0.2267
28560,1074,884,34.549,34.28,0.0008,0.0643,9.8563,0.1739,-0.0955,-0.0632
28565,1075,877,34.481,34.285,0.0675,-0.0039,9.7909,0.3918,0.2785,-0.2763
28570,1074,876,34.506,34.226,-0.0368,0.0846,9.8299,0.9788,0.2274,-0.7748
28575,1067,879,34.486,34.288,-0.0557,0.0468,9.8185,-0.652,1.008,-0.622
28580,1059,875,34.548,34.266,-0.0317,0.0387,9.8628,0.4188,0.2718,-0.5275
28585,1066,872,34.565,34.269,-0.002,0.0512,9.848,-0.6272,-0.1315,0.0104
28590,1066,872,34.471,34.301,-0.0521,0.0448,9.8551,0.0452,-0.5555,-0.0078
28595,1052,876,34.547,34.305,-0.0471,-0.0177,9.8114,-0.6239,-0.3972,0.6084
28600,1053,873,34.563,34.261,0.0424,0.0774,9.9185,0.2862,0.5788,-0.2455
28605,1050,867,34.461,34.245,0.0511,-0.088,9.7847,0.4382,0.1373,0.3514
28610,1041,862,34.48,34.212,0.0259,0.0198,9.8229,0.0533,-1.0559,-0.0948
28615,1043,867,34.613,34.207,-0.0531,-0.0334,9.7677,-0.472,-0.2236,-0.1003
28620,1028,860,34.643,34.246,0.0206,-0.0258,9.852,-0.7219,-0.7506,0.2314
28625,1030,865,34.499,34.266,0.0586,0.0274,9.8506,-0.2104,-0.4427,-0.1844
28630,1028,860,34.519,34.239,-0.0391,0.1131,9.7455,0.469,1.2888,-0.029
28635,1015,860,34.495,34.322,-0.0535,-0.0444,9.8428,-0.139,-0.0959,-0.4686
28640,1017,856,34.569,34.278,0.0079,0.006,9.8245,-0.1857,-0.7697,0.1258
28645,1009,857,34.383,34.244,0.004,0.0504,9.8114,0.5668,-1.0338,-0.3327
28650,990,851,34.517,34.258,0.0067,0.0246,9.8899,0.148,-0.2367,-0.3129
28655,1002,850,34.443,34.237,-0.0544,-0.0695,9.7501,0.7181,-0.1133,0.361
28660,986,851,34.558,34.305,0.0376,-0.0111,9.8098,-0.2307,-0.4318,-0.2254
28665,986,850,34.512,34.213,0.0929,-0.1061,9.8309,0.1831,0.3159,-0.1924
28670,971,847,34.426,34.197,0.0026,-0.0173,9.8439,-0.1509,1.0628,1.1006
28675,963,846,34.444,34.294,0.0992,0.0774,9.8736,0.2624,-0.1074,-0.4922
28680,956,850,34.498,34.192,-0.0581,0.0845,9.8328,0.6522,0.1456,0.6353
28685,944,843,34.517,34.324,0.0577,-0.0768,9.8126,-0.6088,-0.6209,0.8216
28690,944,848,34.532,34.258,-0.0677,0.0197,9.9102,-0.1691,0.0243,-0.5667
28695,932,839,34.44,34.288,-0.0408,-0.0834,9.9228,-0.4704,0.0584,0.8835
28700,922,843,34.512,34.24,0.0863,0.0257,9.8209,-0.2161,-0.0812,-0.5606
28705,914,837,34.538,34.331,0.0397,0.0697,9.7587,0.4307,-0.6543,0.7792
28710,915,839,34.47,34.209,0.0158,-0.0219,9.8189,0.1969,0.2528,-0.7766
28715,894,839,34.525,34.244,-0.1226,-0.1073,9.8173,0.5693,-0.067,0.7803
28720,896,835,34.424,34.237,0.041,-0.0864,9.8359,-0.5495,0.6677,0.8513
28725,884,833,34.45,34.237,-0.058,-0.0369,9.7923,0.9577,-0.3248,0.006
28730,873,829,34.505,34.31,0.1781,-0.0547,9.8963,0.7475,0.4043,-0.2939
28735,860,828,34.621,34.238,0.0195,0.131,9.8435,-0.2959,0.2076,-0.1109
28740,862,821,34.433,34.239,0.0368,-0.0039,9.8237,0.1983,-0.0561,-0.1145
28745,854,827,34.521,34.195,-0.0333,0.0344,9.7853,-0.0802,-0.2494,0.8138
28750,844,820,34.556,34.248,-0.0128,-0.0264,9.7707,0.0399,0.1005,-0.0263
28755,831,813,34.52,34.288,0.0003,0.0144,9.8589,1.2118,-0.62,1.2819
28760,827,813,34.485,34.285,0.0072,0.0831,9.8485,-0.0821,0.3945,-0.3496
28765,825,813,34.441,34.324,0.011,0.0127,9.8111,-0.3009,-0.3962,-0.1957
28770,803,813,34.443,34.307,0.0181,0.0173,9.9237,0.7369,0.434,0.58
28775,811,801,34.497,34.224,0.0104,0.0098,9.7126,-0.4617,-0.3959,-0.2927
28780,791,801,34.52,34.222,0.0253,0.007,9.7751,0.1133,-0.052,0.0259
28785,793,794,34.461,34.228,0.0094,0.0388,9.8354,0.3709,0.5786,-1.1588
28790,770,793,34.47,34.272,0.084,-0.0212,9.7539,0.217,-0.5934,0.9209
28795,776,794,34.437,34.213,-0.0377,0.0827,9.8064,0.2418,0.1374,-0.366
28800,772,785,34.477,34.204,-0.0263,0.0457,9.7804,-0.0715,0.0372,-0.0219
28805,768,783,34.44,34.272,-0.0379,-0.0132,9.7462,0.5428,-0.2879,0.2673
28810,764,775,34.569,34.231,-0.0447,-0.0294,9.788,0.2848,-0.4667,-0.3785
28815,758,770,34.518,34.278,0.0599,-0.0317,9.7472,-0.3403,0.2724,-0.0637
28820,760,765,34.495,34.206,0.0142,0.0496,9.7726,0.03,0.7743,-0.6899
28825,748,762,34.463,34.246,0.0512,-0.0189,9.8229,0.2095,-0.2529,-0.5877
28830,752,757,34.395,34.178,-0.0307,0.0228,9.8331,0.3441,-0.0246,0.6266
28835,753,749,34.464,34.253,-0.0365,-0.0987,9.6234,0.17,0.1857,0.149
28840,759,755,34.584,34.237,0.1407,-0.0117,9.7841,0.0435,0.5699,0.1949
28845,756,742,34.542,34.162,0.0539,-0.0373,9.8298,-0.3682,-0.5773,-0.4972
28850,750,736,34.508,34.331,-0.0084,0.0272,9.7657,-0.2972,-0.5739,0.7117
28855,752,734,34.494,34.32,-0.0176,-0.0941,9.7918,0.682,0.2918,0.5177
28860,745,726,34.539,34.206,-0.0457,-0.0352,9.8453,-0.2723,-0.3403,0.2382
28865,748,717,34.447,34.163,-0.0663,0.0011,9.9172,-0.4861,0.1602,0.994
28870,754,718,34.44,34.292,-0.0042,-0.0551,9.7468,0.0733,-0.1348,0.4136
28875,764,711,34.57,34.227,0.0401,0.0443,9.7434,0.1253,0.3141,0.5115
28880,762,707,34.383,34.321,0.0204,0.0324,9.8758,-0.3527,-0.5151,0.034
28885,772,703,34.418,34.263,0.0455,0.0381,9.8255,-0.6233,-0.4115,0.0318
28890,775,699,34.433,34.262,-0.0259,0.0897,9.7828,0.4197,0.9291,0.3695
28895,775,699,34.475,34.236,-0.0735,0.0172,9.6619,-0.3702,-0.1008,-1.3838
28900,781,684,34.515,34.237,-0.0089,0.0171,9.819,-0.2995,-0.5882,0.123
28905,799,682,34.484,34.166,-0.0106,-0.0218,9.8444,0.2705,-0.25,-1.6401
28910,785,682,34.431,34.308,0.0152,-0.0296,9.8696,0.9846,0.4921,0.1511
28915,811,676,34.533,34.246,0.0802,-0.0458,9.8728,-0.1802,-0.1012,-0.2226
28920,811,667,34.505,34.208,-0.0166,0.0435,9.8248,0.0596,-0.4271,-0.7286
28925,826,667,34.549,34.309,0.0583,0.0628,9.8124,-0.6266,-0.4988,0.3544
28930,825,663,34.437,34.193,0.0381,-0.0226,9.7757,-0.0296,-0.0215,-0.1165
28935,838,664,34.558,34.16,-0.0718,0.1787,9.8016,0.3566,0.1973,-0.4462
28940,848,663,34.446,34.309,0.0017,0.0522,9.9006,0.643,0.5668,0.1775
28945,860,659,34.479,34.281,-0.0173,0.0596,9.7278,0.3306,-0.2016,-0.0417
28950,877,661,34.462,34.27,0.0652,0.0112,9.7586,-0.3777,0.21,-0.7536
28955,881,659,34.502,34.232,0.0248,-0.0636,9.8243,-0.3086,0.2403,0.7439
28960,894,651,34.497,34.294,0.0115,0.0665,9.8823,0.0362,0.0062,-1.0632
28965,904,652,34.524,34.305,-0.0724,-0.098,9.6656,-0.1751,0.5974,0.4394
28970,916,653,34.471,34.097,0.0063,-0.0776,9.8447,0.3296,0.4574,0.0323
28975,926,654,34.478,34.306,-0.002,-0.0123,9.792,0.9858,0.0628,0.4991
28980,931,651,34.52,34.259,0.0354,-0.0153,9.8044,0.2229,-0.0032,-0.3479
28985,944,651,34.453,34.227,0.0317,-0.0167,9.8392,-0.5339,0.0797,-0.28
28990,964,646,34.533,34.205,0.0575,0.0165,9.843,-0.0649,-0.079,0.64
28995,966,656,34.457,34.273,0.0375,-0.045,9.8488,-0.5376,-0.4523,0.0063
29000,985,657,34.533,34.336,-0.0531,0.0228,9.8171,-0.2239,0.4371,0.7361
29005,992,653,34.44,34.206,-0.0475,-0.0064,9.7908,-0.331,-0.4782,-0.3444
29010,1000,658,34.441,34.269,0.0075,0.0334,9.8828,-0.215,-0.866,0.6257
29015,1026,662,34.513,34.262,0.0003,0.099,9.8088,1.3816,0.1033,0.9205
29020,1034,668,34.445,34.265,-0.0239,0.0366,9.8414,0.1741,-1.1708,-0.2936
29025,1042,664,34.44,34.211,0.0989,-0.023,9.8314,0.3218,-0.985,0.3113
29030,1048,670,34.486,34.254,-0.016,0.0812,9.8509,0.1622,0.2165,-0.0034
29035,1068,675,34.565,34.234,-0.0172,-0.0179,9.7227,-0.2517,0.0534,-0.4875
29040,1071,679,34.507,34.25,0.0448,-0.0594,9.8243,0.232,0.0586,0.8642
29045,1072,689,34.48,34.161,-0.0201,0.1622,9.8115,-0.2009,0.3725,0.4742
29050,1091,689,34.502,34.232,0.0457,0.0565,9.8457,-0.356,-0.484,-0.3601
29055,1101,699,34.564,34.283,0.0303,-0.0272,9.7662,-0.265,0.2162,0.1321
29060,1110,701,34.542,34.256,0.0353,-0.0042,9.7431,0.2128,0.4764,0.5468
29065,1109,707,34.46,34.22,-0.034,0.0556,9.8141,-0.2024,-0.257,-0.4424
29070,1115,712,34.535,34.214,-0.0704,-0.0506,9.8469,0.0857,-0.8925,-0.1447
29075,1123,717,34.439,34.269,-0.0522,0.0121,9.8494,-0.1178,0.4268,0.1049
29080,1133,722,34.412,34.155,0.0482,0.0313,9.7827,-0.5423,0.1262,0.1693
29085,1147,734,34.507,34.371,0.0372,0.0733,9.7916,0.4593,0.1704,-0.0259
29090,1154,733,34.506,34.275,-0.0378,0.0689,9.7394,0.5555,0.4925,-0.3446
29095,1156,746,34.417,34.192,-0.0372,-0.0323,9.8348,-0.0463,0.5872,0.1423
29100,1163,752,34.49,34.296,0.0588,0.0114,9.8854,0.5588,1.0431,0.0885
29105,1171,752,34.546,34.203,-0.0207,-0.0356,9.7695,-0.104,0.358,0.789
29110,1184,761,34.55,34.115,-0.0192,-0.1303,9.7455,-0.3762,0.1529,0.0551
29115,1180,768,34.483,34.21,-0.038,0.0511,9.8791,-0.3713,-0.9392,-0.4974
29120,1181,776,34.496,34.218,0.0638,-0.0411,9.8014,-0.5125,0.8777,0.298
29125,1194,777,34.511,34.2,0.0467,0.0267,9.7153,-0.1368,0.2686,0.2309
29130,1173,790,34.476,34.222,-0.0779,-0.0445,9.859,-0.7533,-0.3927,-0.6437
29135,1186,798,34.419,34.24,0.0025,0.0089,9.8473,1.3793,0.2053,-0.041
29140,1180,808,34.472,34.22,-0.0398,0.0634,9.7988,0.171,-0.6658,-0.3669
29145,1191,805,34.512,34.402,0.0045,-0.0106,9.7942,-0.2453,-0.4241,0.0179
29150,1187,815,34.441,34.236,0.1199,0.0605,9.8596,0.0797,-0.5731,-0.4018
29155,1191,828,34.483,34.233,-0.0457,-0.0134,9.8403,-0.4047,-0.2561,-0.1049
29160,1185,831,34.573,34.242,0.0779,0.0069,9.7875,0.5689,0.4356,0.4393
29165,1195,830,34.454,34.202,-0.0512,-0.0047,9.7933,-0.028,0.3261,0.4961
29170,1182,842,34.497,34.243,0.0227,0.0372,9.7784,0.8727,0.2348,0.2153
29175,1189,849,34.524,34.293,0.0667,-0.0765,9.7924,0.0499,-0.1059,0.5396
29180,1180,856,34.487,34.263,-0.003,0.0123,9.8574,-1.0589,0.387,-0.5857
29185,1182,858,34.479,34.221,-0.0425,0.0198,9.7708,0.2262,0.8789,0.1463
29190,1189,863,34.477,34.322,-0.02,0.0397,9.7807,-0.172,-0.2187,0.2723
29195,1182,868,34.446,34.255,0.0206,0.027,9.8149,-0.1548,0.0603,0.6795
29200,1186,870,34.5,34.231,-0.051,-0.003,9.7464,0.0648,-0.2782,0.3284
29205,1184,876,34.551,34.28,0.0509,-0.0084,9.7095,-0.6138,0.5372,-0.7028
29210,1157,882,34.549,34.196,0.0728,0.0251,9.8068,-0.0835,0.0438,-0.0792
29215,1170,881,34.47,34.193,-0.0564,0.106,9.8052,-0.5019,-0.1215,0.0452
29220,1167,886,34.396,34.215,-0.0287,0.0179,9.8682,-0.0257,0.3086,-0.467
29225,1157,891,34.437,34.247,0.0714,-0.0,9.8083,0.3568,0.3381,-0.9261
29230,1151,895,34.54,34.22,0.0297,0.0144,9.8034,-0.2619,0.393,0.1953
29235,1159,899,34.484,34.207,-0.0675,-0.0161,9.8263,-0.3452,0.0201,0.4263
29240,1150,899,34.502,34.256,0.0247,-0.0257,9.866,-0.0728,-0.0967,-0.39
29245,1155,903,34.452,34.268,0.0028,0.037,9.8269,0.463,0.1741,0.2324
29250,1140,902,34.486,34.213,-0.0477,0.0744,9.7827,-0.0523,0.2521,-0.1255
29255,1148,908,34.472,34.154,-0.0562,0.0594,9.8097,0.0716,-0.4318,-0.5257
29260,1136,912,34.518,34.27,0.0172,0.0884,9.8802,-0.2328,0.2308,-0.407
29265,1139,910,34.491,34.234,0.0609,-0.0983,9.7951,0.0822,-0.5657,0.0883
29270,1133,912,34.517,34.295,0.0007,0.0101,9.8069,-0.2979,-0.2921,0.4802
29275,1128,908,34.483,34.303,-0.0593,0.0654,9.7466,0.0959,0.4815,-0.7719
29280,1134,909,34.394,34.236,0.0208,0.0071,9.857,0.332,-0.2754,-0.2233
29285,1127,911,34.442,34.188,0.0143,-0.025,9.8442,-0.5033,-0.5976,-0.988
29290,1123,913,34.477,34.25,-0.0777,-0.0405,9.8649,-0.5535,0.0231,0.3598
29295,1108,911,34.465,34.229,0.0475,0.0214,9.8004,0.0208,0.5284,0.0155
29300,1113,908,34.498,34.252,0.0555,-0.0274,9.7078,-0.8341,-0.056,1.0102
29305,1115,908,34.414,34.233,0.0321,-0.0059,9.7799,0.5394,0.4783,-0.6638
29310,1105,905,34.512,34.176,0.011,-0.0493,9.7752,-0.3634,0.4865,0.3182
29315,1111,906,34.456,34.226,0.0574,-0.0799,9.7712,0.8591,0.777,-0.6416
29320,1114,909,34.421,34.169,-0.1584,0.0451,9.8504,0.3069,-0.4864,-0.279
29325,1106,906,34.508,34.28,0.0526,0.0819,9.7979,0.618,0.1412,-0.1349
29330,1109,909,34.498,34.232,-0.0288,-0.1252,9.8817,0.4964,0.3768,-0.4867
29335,1091,904,34.518,34.226,0.0227,0.064,9.7041,0.6298,-0.1408,-0.0428
29340,1103,902,34.514,34.282,0.0623,0.0045,9.7815,-0.5715,-0.6341,-0.0334
29345,1103,899,34.528,34.288,-0.0709,-0.0959,9.8654,0.4082,-0.2389,-0.4387
29350,1106,895,34.469,34.246,0.032,0.0615,9.8186,-0.2209,0.2718,0.1346
29355,1096,900,34.447,34.327,-0.0089,-0.073,9.8201,-0.2467,-0.0276,-0.1503
29360,1092,893,34.523,34.275,0.0187,-0.0635,9.8085,-0.2843,0.0606,-1.1905
29365,1087,893,34.502,34.208,-0.0299,-0.0514,9.8657,0.0667,-0.654,-0.5031
29370,1083,887,34.399,34.255,-0.0316,-0.016,9.8227,0.0393,-0.1951,0.1043
29375,1092,893,34.491,34.218,0.0644,-0.0038,9.8348,0.1973,-0.3749,-0.3333
29380,1080,886,34.396,34.295,-0.0103,0.0433,9.7571,-0.6585,0.7745,0.2264
29385,1074,884,34.568,34.147,-0.0156,-0.0186,9.8325,0.4084,0.2182,0.1319
29390,1069,880,34.424,34.221,-0.0026,-0.0498,9.7856,-0.0197,-0.1662,-0.1377
29395,1082,883,34.466,34.183,0.0314,-0.0424,9.7276,0.0283,-0.4514,-0.2906
29400,1068,879,34.452,34.131,-0.0749,0.0304,9.8071,0.4844,-0.6819,0.5124
29405,1063,883,34.558,34.349,-0.054,-0.0046,9.8431,-0.4908,0.4095,0.5808
29410,1065,875,34.421,34.257,0.0329,-0.005,9.8565,0.321,0.3673,-0.3255
29415,1052,872,34.523,34.322,-0.0797,0.1031,9.7881,0.4579,0.6231,0.259
29420,1061,872,34.55,34.249,0.0642,-0.0014,9.7834,-0.2787,0.059,0.5332
29425,1049,869,34.58,34.331,0.0309,0.0171,9.725,-0.1693,0.4316,0.334
29430,1050,868,34.483,34.255,0.0461,-0.0501,9.8707,-0.4714,0.1873,0.3922
29435,1054,864,34.431,34.184,0.0337,-0.0133,9.7534,0.2113,0.515,-0.0165
29440,1044,870,34.479,34.233,-0.0245,-0.0646,9.7295,0.1807,-0.0486,-0.2091
29445,1037,860,34.425,34.23,0.0684,0.0263,9.8723,-1.1815,-0.4833,0.1509
29450,1037,864,34.405,34.261,-0.0152,-0.02,9.853,0.2172,0.1831,0.0791
29455,1022,869,34.494,34.264,0.0116,-0.0053,9.8561,1.1694,0.6371,0.407
29460,1023,860,34.434,34.33,-0.0014,0.0372,9.7381,-0.096,0.5597,-0.5063
29465,1018,861,34.437,34.363,-0.0971,-0.0132,9.7985,-0.5949,-0.1226,-0.6222
29470,1017,857,34.459,34.251,-0.1078,-0.0434,9.8942,0.0959,-0.1948,0.2296
29475,1011,862,34.476,34.268,0.0758,-0.0235,9.772,0.4003,-0.0392,0.8499
29480,1008,854,34.468,34.264,-0.0676,-0.0032,9.8907,0.3143,-0.0097,0.3214
29485,995,855,34.431,34.298,0.005,-0.0134,9.7298,-0.6271,0.2202,-0.3663
29490,978,853,34.535,34.321,-0.0182,0.0256,9.8278,-0.6704,0.3769,-0.1539
29495,982,855,34.478,34.18,-0.0551,-0.0834,9.7613,-0.072,-0.6315,0.6599
29500,972,844,34.513,34.215,0.001,0.1156,9.789,-0.7971,0.1163,-0.1955
29505,966,846,34.498,34.24,-0.0404,0.0976,9.7387,0.2884,0.5972,0.31
29510,953,848,34.407,34.25,0.0225,-0.0454,9.7611,0.6356,-0.1745,-0.1472
29515,957,840,34.499,34.291,-0.0489,0.0822,9.8066,-0.1565,-0.8443,-0.0124
29520,943,848,34.552,34.29,-0.0328,-0.0576,9.8447,-0.0135,-0.2225,0.256
29525,946,843,34.514,34.245,-0.0067,-0.0234,9.7888,-0.3795,0.6452,0.4897
29530,924,844,34.439,34.311,0.0372,0.0119,9.8163,0.2238,-1.3298,0.6584
29535,922,844,34.513,34.334,-0.0214,-0.0,9.8107,-0.3462,0.0256,0.6527
29540,906,839,34.463,34.279,0.0396,0.0072,9.7475,-0.2117,0.5625,-0.2233
29545,905,837,34.443,34.281,-0.0323,-0.0493,9.8209,0.6143,0.1269,0.1151
29550,886,840,34.501,34.359,0.0579,-0.0171,9.8296,-0.5303,-0.4621,0.0929
29555,878,831,34.487,34.246,0.0311,-0.0023,9.8144,-0.0862,-0.0618,0.1348
29560,870,831,34.565,34.278,0.0426,0.0356,9.7317,-0.2158,-0.4532,0.3007
29565,854,834,34.517,34.198,-0.0536,0.0028,9.7932,0.5259,1.0102,-0.0249
29570,855,828,34.509,34.22,-0.0665,0.0468,9.812,0.1297,0.0006,0.1558
29575,839,823,34.447,34.291,0.0052,-0.0187,9.7522,0.3176,0.2027,0.4353
29580,834,821,34.457,34.236,-0.0185,-0.122,9.8075,-0.8842,-0.2893,0.089
29585,837,816,34.478,34.232,0.0226,0.0182,9.7132,-0.3289,-0.4365,-0.5581
29590,824,811,34.538,34.145,-0.0354,0.0165,9.7297,0.4501,-0.4201,-0.6648
29595,824,810,34.401,34.293,-0.0345,-0.0151,9.8232,0.0766,0.3803,0.4163
29600,808,807,34.458,34.287,-0.0212,-0.0273,9.7673,0.0697,0.1297,-0.5264
29605,793,805,34.471,34.217,-0.0189,-0.0356,9.8289,1.1571,-0.2563,-0.2017
29610,794,799,34.485,34.256,0.1276,0.001,9.835,-0.5917,-0.9115,-0.0894
29615,792,792,34.555,34.207,0.0071,0.0314,9.8154,-0.3843,-0.1347,-0.302
29620,777,793,34.507,34.223,-0.1158,-0.0478,9.7839,-0.3944,-0.291,0.3127
29625,781,786,34.445,34.244,0.0836,-0.0948,9.7647,0.8104,-0.2248,0.7605
29630,768,790,34.48,34.32,-0.0427,0.043,9.7781,0.0829,-0.287,0.0085
29635,775,778,34.53,34.341,-0.0474,-0.036,9.6988,0.2453,-0.4234,1.5808
29640,778,780,34.462,34.308,0.0562,-0.0412,9.9462,-0.4852,0.4598,-0.303
29645,752,767,34.455,34.242,-0.0069,-0.0108,9.8085,0.4443,-0.0649,-0.4842
29650,754,768,34.492,34.211,0.046,0.0788,9.7574,0.0066,-0.0896,0.9403
29655,753,756,34.455,34.322,0.0392,0.0351,9.8255,0.1118,-0.2779,-0.3356
29660,753,761,34.473,34.239,0.0643,0.0473,9.8329,0.5543,-0.5714,-0.1229
29665,763,752,34.515,34.243,0.007,-0.0117,9.7484,-0.6949,-1.0775,0.4678
29670,737,745,34.475,34.226,-0.0068,-0.0043,9.8339,-0.0935,-0.864,-0.34
29675,754,740,34.457,34.237,0.0204,0.0406,9.7865,0.9634,-0.8869,0.0822
29680,755,745,34.406,34.244,0.008,0.0134,9.7838,-0.4754,0.0119,0.6551
29685,753,731,34.613,34.15,-0.0659,0.0316,9.765,1.3949,-0.5975,0.4795
29690,748,726,34.544,34.352,-0.008,0.041,9.9077,0.2614,-0.2228,-0.3547
29695,749,723,34.489,34.233,-0.0255,0.0503,9.8184,0.8664,-0.2331,-0.3749
29700,757,714,34.442,34.333,0.0706,0.0721,9.8255,-0.683,0.0865,-0.3811
29705,750,711,34.499,34.193,0.0145,0.0623,9.808,0.3535,0.3483,0.5338
29710,764,704,34.502,34.282,-0.0737,-0.0986,9.8498,0.3976,0.218,-0.4917
29715,766,698,34.413,34.222,0.0154,-0.0151,9.7289,-0.771,0.9028,-0.2754
29720,776,697,34.485,34.234,0.0565,-0.0989,9.8354,-0.1666,1.2608,0.1417
29725,779,689,34.548,34.215,-0.0481,0.0584,9.7839,-0.0242,-0.4368,1.0049
29730,793,681,34.511,34.201,0.0495,0.041,9.8403,-0.3695,0.2173,-1.1727
29735,795,684,34.414,34.216,0.0279,0.0196,9.8469,0.403,-0.1574,0.2863
29740,800,680,34.516,34.281,-0.0008,0.0369,9.7659,-0.979,0.6471,-0.3372
29745,803,674,34.431,34.252,-0.0585,0.0676,9.843,-0.4503,-0.5909,0.6857
29750,806,669,34.49,34.175,0.1081,-0.013,9.777,-0.0748,-0.0628,0.2567
29755,826,664,34.491,34.304,-0.0153,0.0061,9.8066,-0.9972,-0.2516,-0.0933
29760,832,667,34.546,34.24,-0.007,0.0143,9.7992,-0.5022,-0.7479,-0.3039
29765,830,660,34.441,34.309,-0.0777,0.014,9.8481,0.4782,0.2427,-0.2175
29770,850,664,34.537,34.238,-0.0747,0.0674,9.847,0.3895,-0.5124,-0.1206
29775,865,655,34.493,34.189,-0.0515,-0.0025,9.8203,-0.244,-0.9315,-0.3439
29780,865,653,34.454,34.253,0.0191,-0.0403,9.8737,0.0434,0.245,-0.806
29785,884,655,34.526,34.253,0.0143,0.0264,9.8096,0.0562,-0.1746,-0.0925
29790,895,651,34.48,34.261,-0.0156,-0.0059,9.8399,-0.9149,-0.491,-0.216
29795,903,653,34.45,34.24,0.0038,-0.0324,9.7241,-0.1574,0.5281,0.2554
29800,910,653,34.486,34.286,-0.1251,-0.0695,9.8298,0.5083,-0.0515,-0.2261
29805,935,651,34.476,34.279,0.0883,-0.0168,9.7946,-0.6523,0.4956,0.4485
29810,943,646,34.478,34.214,0.0151,-0.0033,9.8237,-0.0468,0.721,0.0026
29815,951,645,34.456,34.249,-0.0165,0.0905,9.8149,0.7465,0.1059,-0.0596
29820,961,650,34.496,34.247,-0.0183,0.0393,9.7772,0.4703,-0.3294,1.2514
29825,973,657,34.504,34.298,0.0379,-0.0185,9.9102,0.1363,0.0461,0.764
29830,972,654,34.55,34.245,0.0627,-0.0858,9.73,0.7185,0.2406,-0.1468
29835,991,658,34.432,34.29,-0.0424,-0.0028,9.8615,0.3778,0.2165,0.5215
29840,1015,657,34.409,34.222,-0.0688,-0.0221,9.7346,-0.2675,0.5735,0.1693
29845,1014,663,34.488,34.215,0.0653,0.008,9.6731,0.0572,-0.4989,0.8481
29850,1026,669,34.51,34.193,0.0109,0.0202,9.7354,0.0388,0.4707,-0.3512
29855,1035,670,34.566,34.317,0.0315,-0.0287,9.8072,-0.4374,0.3559,0.0926
29860,1051,671,34.519,34.286,-0.0649,-0.0378,9.7424,-0.0956,-0.018,-0.4031
29865,1058,677,34.449,34.214,0.0516,-0.0087,9.8176,-0.2179,0.1905,0.5576
29870,1071,684,34.494,34.236,-0.0727,0.0065,9.7397,-0.1359,0.7129,-0.3656
29875,1087,684,34.449,34.24,-0.0125,0.1092,9.7684,0.7469,-0.0882,0.3342
29880,1088,692,34.518,34.249,-0.0141,-0.0758,9.8304,-0.2237,0.0844,0.4114
29885,1087,697,34.487,34.269,-0.0584,0.1141,9.7234,-0.2831,-1.0295,0.3843
29890,1105,698,34.503,34.263,0.0674,0.1263,9.8433,0.2329,-1.0443,0.1572
29895,1126,703,34.436,34.287,-0.0674,-0.0336,9.7643,0.3221,-0.2099,0.2302
29900,1127,717,34.492,34.162,-0.0291,-0.0269,9.7755,0.981,0.4231,-0.6449
29905,1128,713,34.39,34.047,-0.032,0.0478,9.7747,-0.4806,-0.2218,0.7011
29910,1140,724,34.566,34.247,-0.0617,-0.0068,9.7767,-0.1468,0.315,0.3943
29915,1141,733,34.481,34.218,0.042,-0.0255,9.813,-0.0066,0.4067,-0.6151
29920,1151,731,34.477,34.295,-0.021,-0.013,9.7785,0.7621,-0.0919,-0.2606
29925,1155,743,34.588,34.189,-0.048,0.0752,9.9118,0.6236,-0.4192,0.8595
29930,1168,749,34.505,34.202,-0.0966,-0.02,9.7639,0.3655,0.2061,-0.2827
29935,1167,752,34.479,34.282,0.0336,-0.0983,9.9326,-0.8677,0.4571,0.2818
29940,1177,764,34.515,34.303,-0.0232,-0.0744,9.782,-0.2268,0.5427,0.648
29945,1175,769,34.492,34.319,-0.0568,0.0082,9.7245,-0.0309,0.0601,-0.3641
29950,1181,776,34.516,34.225,-0.0234,0.0925,9.8163,-0.9717,-0.2404,0.1155
29955,1172,782,34.504,34.227,-0.0037,0.0371,9.7712,0.1884,-0.1148,-0.1363
29960,1186,791,34.438,34.272,0.0203,0.028,9.7183,-0.412,0.4108,-0.3058
29965,1183,796,34.464,34.238,-0.0011,-0.0035,9.8321,0.2307,-0.3963,-0.1189
29970,1180,806,34.498,34.26,0.0135,0.0531,9.8397,0.4552,-0.0012,-0.3558
29975,1177,813,34.508,34.282,0.0243,0.0012,9.789,0.3155,0.5608,0.0235
29980,1184,822,34.427,34.129,0.0563,0.0324,9.8162,-0.3293,0.3718,0.2926
29985,1187,822,34.457,34.245,0.032,-0.0453,9.8741,-0.1186,-0.3222,-0.0527
29990,1188,832,34.453,34.267,-0.057,0.0131,9.7142,-0.3987,-0.6423,0.1916
29995,1184,834,34.507,34.207,0.0414,-0.0589,9.893,0.732,0.1887,0.1709
30000,1182,847,34.549,34.312,-0.0084,-0.0045,9.8484,0.2017,-0.1353,-0.1429
30005,1180,851,34.451,34.143,0.0451,-0.0274,9.8374,0.1966,-0.1274,-0.6149
30010,1181,849,34.49,34.175,0.0476,-0.0148,9.7825,0.369,0.0607,0.6847
30015,1175,856,34.44,34.362,-0.0069,-0.0444,9.8278,-0.5504,0.4352,-0.1857
30020,1186,863,34.516,34.148,-0.0459,-0.0156,9.8173,-0.8816,0.4246,-0.803
30025,1187,866,34.442,34.251,-0.0194,-0.0406,9.8177,0.688,-0.1306,-0.5335
30030,1174,872,34.515,34.155,-0.0086,-0.0563,9.8782,-1.1198,0.6774,-0.5246
30035,1173,880,34.439,34.222,0.0943,0.086,9.7976,-0.1404,-0.4508,-0.1421
30040,1174,884,34.567,34.241,0.0521,-0.0321,9.7767,1.1321,0.46,0.3296
30045,1176,885,34.331,34.211,-0.0186,0.1083,9.7422,0.3167,-0.8324,0.2555
30050,1157,886,34.397,34.202,-0.0307,0.0863,9.8062,0.4834,0.1261,-0.7181
30055,1158,887,34.577,34.262,-0.0049,-0.1158,9.7385,0.3881,-0.0184,0.1577
30060,1155,891,34.374,34.145,-0.0364,-0.0582,9.874,0.6418,0.8208,0.0522
30065,1156,898,34.492,34.237,0.0252,0.0696,9.7619,0.0364,-0.8049,0.3521
30070,1155,897,34.437,34.23,-0.0354,-0.0171,9.8833,0.1246,0.1652,0.3657
30075,1158,903,34.416,34.155,0.0733,0.1039,9.7654,-0.5455,0.0986,-0.8764
30080,1148,904,34.436,34.205,0.0279,0.0004,9.811,0.7675,-1.4063,-0.8592
30085,1144,906,34.453,34.199,-0.0422,0.0545,9.8195,-0.7411,-0.6184,0.2381
30090,1146,917,34.482,34.279,0.0087,0.0424,9.8596,-0.9787,-0.4891,-0.365
30095,1137,905,34.489,34.19,-0.0035,0.0585,9.7421,0.9753,-0.1796,0.4391
30100,1132,912,34.464,34.208,-0.0383,-0.0379,9.7973,0.2664,-0.4709,-0.7542
30105,1129,905,34.564,34.127,-0.0097,-0.0204,9.8231,0.63,-0.1565,0.5656
30110,1124,907,34.494,34.235,-0.0393,-0.0045,9.7807,0.521,0.2623,0.7821
30115,1124,909,34.551,34.255,0.0304,-0.0233,9.7829,-0.1262,0.1565,0.3474
30120,1119,918,34.485,34.238,0.0028,-0.0117,9.8588,-1.0246,0.9163,-0.5589
30125,1124,914,34.476,34.183,0.0003,0.0545,9.8793,-0.1886,-0.0691,0.1997
30130,1110,910,34.538,34.154,-0.0454,-0.0087,9.8255,-0.8666,0.0412,0.4171
30135,1110,911,34.379,34.186,0.0436,0.0414,9.8313,0.0167,-0.2349,-0.1926
30140,1113,909,34.52,34.271,-0.0377,-0.0126,9.841,-0.4841,-0.0658,0.0278
30145,1111,908,34.52,34.214,0.0135,-0.0424,9.7596,1.1936,-0.5185,0.3945
30150,1116,910,34.453,34.301,0.018,0.0132,9.8052,-0.0074,-0.3239,0.5246
30155,1100,905,34.528,34.146,-0.0278,-0.0156,9.8039,0.082,0.3343,-0.3464
30160,1107,905,34.531,34.226,-0.0043,0.0702,9.7497,0.4043,0.45,-0.335
30165,1100,907,34.384,34.264,-0.0507,0.0214,9.914,-0.1409,0.1256,0.4579
30170,1103,900,34.473,34.232,-0.0702,0.0969,9.8319,0.1857,0.0471,-0.0117
30175,1099,899,34.375,34.185,0.0342,0.0424,9.787,0.1527,-0.0587,0.2138
30180,1100,898,34.486,34.155,0.0616,-0.0067,9.7758,0.4663,-0.6015,-0.3549
30185,1090,898,34.33,34.221,-0.0283,0.0489,9.8174,-0.6924,0.0782,0.0181
30190,1083,887,34.529,34.286,0.0148,-0.0209,9.8515,-0.3359,0.5106,-1.0286
30195,1084,890,34.489,34.189,0.0054,0.0218,9.7481,-0.5013,-0.53,0.1803
30200,1084,894,34.447,34.266,-0.0159,-0.0711,9.7713,0.6947,-0.5059,0.2886
30205,1085,887,34.383,34.264,-0.0003,-0.0831,9.8027,0.3724,0.5592,0.2199
30210,1081,887,34.426,34.218,-0.0177,0.0981,9.8313,0.3516,-0.6674,0.2497
30215,1076,882,34.375,34.274,0.0154,-0.0066,9.8136,0.0515,0.0885,-0.0133
30220,1080,887,34.438,34.266,0.0017,-0.0501,9.7854,-0.1384,0.4528,-0.5007
30225,1073,882,34.517,34.229,0.1009,-0.0017,9.7212,-0.5327,0.6116,0.4589
30230,1074,876,34.413,34.217,0.0252,0.018,9.7297,-0.1038,0.0631,0.7763
30235,1064,882,34.393,34.23,-0.1129,0.0279,9.8452,-0.0677,0.8099,0.6745
30240,1053,881,34.455,34.228,-0.0323,0.0333,9.7732,-0.3854,0.3979,0.5212
30245,1059,875,34.435,34.23,0.059,0.0523,9.8487,0.8884,0.7681,-0.9158
30250,1066,873,34.369,34.144,-0.0431,-0.0367,9.8219,0.1447,-0.1481,-0.0908
30255,1064,868,34.478,34.223,0.0217,0.0423,9.8029,0.0765,-0.246,0.1494
30260,1060,867,34.444,34.296,0.0444,-0.0395,9.8259,-0.9158,-0.5783,0.7028
30265,1046,871,34.463,34.189,-0.0228,0.0176,9.8636,-0.8718,-0.1772,0.1564
30270,1039,870,34.61,34.346,-0.0242,-0.0055,9.8482,-0.4093,-0.1598,0.0062
30275,1045,863,34.441,34.194,-0.0263,0.1054,9.7926,0.147,0.1565,0.0487
30280,1036,864,34.469,34.262,-0.0617,0.0931,9.8846,0.3564,-0.1151,0.1648
30285,1027,862,34.492,34.271,0.0398,-0.0802,9.7478,0.1206,-0.1783,-0.1163
30290,1023,865,34.489,34.187,-0.0113,0.049,9.7364,0.4452,-0.1242,0.3026
30295,1020,857,34.48,34.186,0.0227,0.0008,9.7687,-0.2606,-0.4244,0.3711
30300,1007,856,34.533,34.179,-0.0324,-0.0127,9.8451,-0.0924,0.135,-1.1437
30305,1005,861,34.521,34.186,-0.0344,-0.0321,9.7996,0.0385,-0.0343,-0.1594
30310,996,853,34.53,34.173,-0.0374,-0.0124,9.7779,0.432,-0.1132,-0.1985
30315,986,851,34.579,34.259,-0.0077,0.0095,9.809,0.8077,-0.1105,-0.15
30320,979,854,34.469,34.252,-0.1122,0.0199,9.8361,0.5909,0.2034,0.0332
30325,984,849,34.501,34.218,-0.0104,0.1183,9.7293,0.1761,-0.4134,-0.476
30330,973,856,34.484,34.158,0.0094,-0.131,9.8701,0.2387,0.2005,0.6061
30335,975,847,34.547,34.272,-0.0478,0.0537,9.8336,0.3473,-0.4489,-0.3142
30340,951,849,34.469,34.296,0.028,0.065,9.8423,0.8124,-0.0216,-0.2769
30345,953,846,34.358,34.302,-0.0219,-0.0545,9.815,-0.2867,-0.5507,0.5929
30350,944,842,34.393,34.195,-0.0199,0.0277,9.8723,-0.5236,-0.3476,0.6508
30355,928,846,34.597,34.289,-0.0559,0.0133,9.8723,-0.1729,0.4202,0.0625
30360,917,839,34.541,34.165,0.0161,-0.0755,9.7951,-0.1926,-0.4293,0.2758
30365,921,838,34.449,34.256,0.0166,-0.047,9.8,0.3038,-0.5475,-0.8242
30370,908,840,34.519,34.269,0.0044,0.0637,9.8258,-0.3902,-0.0696,0.7772
30375,894,835,34.454,34.201,-0.0004,0.0472,9.8681,-0.248,-0.2735,-0.3435
30380,892,835,34.552,34.252,0.0893,0.03,9.7494,-0.3674,-0.1409,0.0567
30385,869,834,34.49,34.173,0.0243,-0.0356,9.7702,0.099,-0.4522,-0.8204
30390,872,827,34.546,34.271,-0.0272,0.046,9.7193,-0.3145,-0.4549,-0.0915
30395,861,826,34.523,34.264,0.0523,0.0033,9.8522,-0.5931,0.9645,-0.4276
30400,855,822,34.422,34.179,0.0277,0.0766,9.7805,0.0206,0.2437,0.2519
30405,850,823,34.497,34.117,-0.0194,0.014,9.7503,-0.4027,-0.023,0.6925
30410,830,822,34.489,34.183,-0.0348,0.0121,9.7628,-0.8103,-0.9234,-0.0868
30415,839,815,34.418,34.202,0.0112,-0.0078,9.8677,-0.2585,-0.1973,-0.7669
30420,822,811,34.462,34.237,-0.0015,-0.0264,9.8919,0.7073,-0.4432,-0.5273
30425,815,814,34.537,34.235,0.0551,0.0127,9.8225,-0.0241,-0.3894,-0.496
30430,816,805,34.46,34.17,-0.0142,0.0482,9.8421,-0.1974,-0.3942,0.1378
30435,799,799,34.509,34.328,-0.1039,-0.0463,9.7969,0.6775,0.2829,-0.0292
30440,791,798,34.519,34.223,0.0968,0.0566,9.7412,-0.1705,-0.0376,-0.4809
30445,788,798,34.472,34.241,-0.0163,-0.0077,9.7705,-1.7236,0.2986,-0.1994
30450,796,790,34.488,34.205,0.0673,0.0026,9.8359,-0.4871,1.3307,-0.9663
30455,781,789,34.483,34.315,0.0413,0.0338,9.8457,0.0162,-0.5545,-0.5214
30460,774,783,34.481,34.282,0.0609,-0.0266,9.8324,0.8901,0.0363,0.0367
30465,768,786,34.38,34.123,0.1019,0.0695,9.7813,0.5396,-0.1515,-0.33
30470,761,781,34.467,34.191,0.0204,-0.0032,9.8115,-0.1386,0.1291,0.3028
30475,763,770,34.385,34.218,-0.0386,-0.0034,9.834,0.1134,0.0454,0.3886
30480,763,765,34.452,34.238,0.0587,0.0933,9.767,-0.5795,0.1392,-0.2783
30485,755,759,34.451,34.175,-0.064,-0.0398,9.7795,-0.1412,0.5875,-0.4077
30490,740,756,34.487,34.262,-0.0736,-0.1137,9.8001,0.6587,-0.4861,-0.4874
30495,745,750,34.405,34.153,-0.0718,-0.1171,9.8119,-0.7381,0.018,0.8043
30500,752,743,34.363,34.205,0.0101,0.0183,9.8463,0.1807,0.4521,0.1243
30505,744,737,34.488,34.259,-0.0101,-0.013,9.7335,-0.3851,-0.368,0.2064
30510,746,744,34.441,34.238,-0.0087,0.0179,9.7547,0.488,1.0691,-0.1013
30515,750,732,34.362,34.263,-0.0461,0.0697,9.885,0.022,-0.6701,0.2355
30520,755,728,34.491,34.257,-0.0285,-0.0569,9.8018,-0.1183,0.7256,-0.1364
30525,748,725,34.41,34.286,-0.0307,-0.045,9.7715,0.5648,0.1607,-0.639
30530,752,716,34.508,34.218,-0.0053,0.0159,9.9445,-0.2507,-0.0855,0.1178
30535,762,704,34.355,34.213,0.0241,-0.0316,9.8533,-0.6349,-0.4574,0.3345
30540,766,704,34.487,34.227,-0.0708,-0.0593,9.83,1.7545,0.1752,0.137
30545,766,703,34.514,34.292,0.0032,0.0583,9.8256,0.8182,0.7286,0.6194
30550,770,691,34.49,34.202,-0.0199,-0.0128,9.7556,0.5865,-0.1954,0.444
30555,780,697,34.5,34.325,-0.0029,-0.029,9.7658,0.1381,0.6511,0.9238
30560,793,684,34.468,34.185,0.0043,-0.0009,9.757,0.5897,-0.0632,0.1339
30565,793,679,34.468,34.22,-0.1189,0.0375,9.7631,0.2241,0.6783,0.3833
30570,796,677,34.483,34.15,-0.0177,-0.0035,9.8528,1.0087,-0.4793,-0.3189
30575,805,681,34.477,34.185,-0.1653,-0.0428,9.7871,-0.8735,0.1733,0.3896
30580,819,674,34.479,34.19,-0.0105,-0.0,9.9301,0.4581,0.1273,-0.3431
30585,827,668,34.487,34.288,-0.0241,0.0314,9.7741,-0.9772,0.2804,-0.0749
30590,834,660,34.462,34.212,0.0474,-0.0753,9.6953,-0.0852,-0.2119,0.4673
30595,851,659,34.449,34.21,-0.028,0.0407,9.6976,0.6491,-0.0318,0.4814
30600,855,658,34.437,34.202,-0.0409,0.0185,9.7908,-0.7921,-0.466,-1.0652
30605,860,663,34.426,34.139,0.0047,0.0014,9.7985,-0.1476,0.1216,-0.5156
30610,881,658,34.336,34.212,0.0844,-0.0156,9.7226,0.8159,0.1248,-0.2128
30615,892,659,34.343,34.219,0.0768,0.0301,9.9067,-0.1883,-0.8635,0.3171
30620,896,650,34.462,34.275,-0.0238,-0.1354,9.7828,-1.1585,-0.5662,0.625
30625,899,653,34.5,34.201,0.0104,0.0377,9.8303,0.0148,0.0876,-0.0471
30630,921,652,34.547,34.293,0.0259,0.0351,9.8545,0.4856,-0.062,-0.3759
30635,929,650,34.438,34.194,-0.072,0.0579,9.8122,0.1256,-0.6604,0.1796
30640,948,651,34.471,34.253,0.0606,-0.0615,9.7846,0.1372,-0.679,0.108
30645,953,652,34.581,34.327,-0.0691,0.0112,9.7966,-0.0467,0.1762,-0.3039
30650,954,649,34.486,34.202,-0.0057,0.0639,9.726,-0.0509,0.5537,0.7129
30655,974,649,34.475,34.231,0.045,0.0097,9.84,0.0992,0.6073,0.1471
30660,983,660,34.507,34.329,-0.0937,0.0168,9.7695,0.025,0.3861,-0.3829
30665,995,659,34.519,34.223,0.0356,0.0604,9.7554,-0.8178,-0.3827,-1.1294
30670,1010,667,34.551,34.156,0.0274,-0.0472,9.7824,0.883,0.3264,0.212
30675,1013,668,34.4,34.234,0.017,0.0434,9.767,-0.4621,-0.0968,-0.1369
30680,1015,669,34.414,34.161,0.0395,-0.0126,9.8591,-0.0259,0.0727,-0.1683
30685,1046,667,34.492,34.238,0.0134,-0.0336,9.7728,-0.4825,1.1,-0.0101
30690,1052,673,34.473,34.171,-0.0078,0.0476,9.8677,-0.1058,1.376,0.3795
30695,1066,674,34.506,34.172,-0.0644,0.0611,9.7983,0.2952,-0.311,0.0748
30700,1064,678,34.482,34.27,0.016,0.0806,9.8707,-1.0601,0.0053,-0.1461
30705,1083,683,34.459,34.157,0.0538,-0.0017,9.8665,0.8153,0.0759,0.5973
30710,1086,689,34.494,34.156,-0.0211,0.0438,9.8401,-0.9154,-0.1852,0.8826
30715,1092,695,34.531,34.194,-0.0325,0.0159,9.8304,-0.1981,0.2573,-0.6678
30720,1107,697,34.398,34.167,-0.0043,-0.03,9.752,-0.0351,0.5336,0.3019
30725,1129,708,34.448,34.271,-0.021,-0.0133,9.77,-0.1951,0.2045,-0.1598
30730,1129,713,34.459,34.263,0.0431,0.0516,9.9128,-0.3393,0.0785,0.2786
30735,1138,719,34.528,34.288,-0.0036,0.0874,9.7506,-0.3416,0.3428,-0.4154
30740,1140,723,34.486,34.221,0.0796,-0.0508,9.7644,0.1138,-0.691,-0.2852
30745,1138,733,34.497,34.181,0.037,0.013,9.7755,-0.8056,0.3331,-0.5657
30750,1143,739,34.525,34.223,-0.0544,-0.0344,9.8737,-0.8922,0.0248,-0.9016
30755,1155,740,34.509,34.223,0.0293,-0.0337,9.8263,-0.3079,-1.1343,-0.3056
30760,1160,752,34.389,34.278,-0.0407,0.0704,9.7433,-0.7931,0.4185,0.6466
30765,1168,756,34.492,34.235,-0.0486,-0.0124,9.8247,0.4861,0.1435,-0.3213
30770,1178,760,34.547,34.285,0.0265,0.0335,9.7261,-0.8467,-0.4744,0.4448
30775,1172,772,34.484,34.282,-0.0149,-0.0775,9.7963,-0.7552,-0.4255,-0.5372
30780,1179,775,34.427,34.131,-0.1268,0.0315,9.8273,0.6161,1.0456,0.3503
30785,1174,785,34.449,34.232,0.0493,-0.0563,9.8326,-0.1575,0.63,-0.0003
30790,1186,791,34.567,34.247,0.0367,0.0703,9.918,-0.3369,0.4675,-0.2641
30795,1186,795,34.444,34.2,0.0599,0.0773,9.8443,-0.1473,-0.318,0.2227
30800,1187,804,34.435,34.292,0.0554,-0.0415,9.7762,0.4661,0.1324,-0.9178
30805,1187,815,34.58,34.189,0.0455,-0.0603,9.7971,-0.2743,-0.6894,1.5941
30810,1185,818,34.438,34.24,-0.0102,-0.1253,9.8022,-0.0451,-0.5165,-0.2412
30815,1186,827,34.497,34.136,0.0355,0.0241,9.7469,0.1076,0.208,0.0118
30820,1190,830,34.443,34.28,0.0282,0.0301,9.8368,0.3006,0.3607,-0.2156
30825,1187,836,34.515,34.237,-0.0419,-0.0323,9.8327,0.9317,-0.7989,0.4386
30830,1185,843,34.404,34.26,-0.0191,0.0562,9.7636,-0.5209,-0.2718,0.4858
30835,1184,847,34.533,34.251,-0.0344,0.0235,9.785,0.0888,-0.5012,-0.0029
30840,1177,846,34.492,34.25,-0.0216,-0.009,9.8638,-0.6422,0.1573,0.6194
30845,1185,859,34.474,34.25,0.0025,-0.0431,9.7367,0.1415,-0.7229,-0.3934
30850,1184,865,34.466,34.217,0.0222,0.0336,9.8046,-0.0223,-0.1064,-0.535
30855,1176,869,34.413,34.253,-0.0164,-0.1051,9.8091,-0.0412,-0.1739,-0.085
30860,1176,876,34.396,34.239,-0.0559,0.0046,9.828,0.2209,0.079,-0.8503
30865,1173,873,34.418,34.24,-0.002,0.0028,9.8122,0.6132,-0.0848,-0.14
30870,1175,879,34.527,34.196,-0.0597,-0.0819,9.8851,0.5226,-0.2496,0.2104
30875,1158,890,34.536,34.173,-0.0421,0.0335,9.7435,0.3574,0.0828,-0.177
30880,1165,888,34.525,34.265,0.0337,-0.0146,9.8277,0.4944,-0.8177,0.3375
30885,1161,890,34.475,34.24,0.0827,-0.055,9.7452,-0.3445,0.4676,-1.1003
30890,1166,890,34.545,34.223,0.0334,0.0315,9.855,0.9474,0.1831,-1.1627
30895,1156,898,34.482,34.319,-0.0447,-0.0805,9.8531,0.1662,-0.429,0.0891
30900,1149,898,34.402,34.279,-0.019,-0.0433,9.7672,0.2492,-1.1694,0.1239
30905,1138,902,34.478,34.286,0.016,-0.0027,9.815,-0.403,-0.7857,0.5389
30910,1148,906,34.473,34.186,0.0623,0.0493,9.8646,0.3685,-0.2018,1.066
30915,1143,912,34.469,34.21,-0.0375,-0.1238,9.7214,0.4689,-0.1708,0.255
30920,1143,909,34.455,34.252,0.0157,0.0554,9.7149,-0.3126,0.4665,0.6386
30925,1137,914,34.407,34.138,0.0359,0.0296,9.8407,-0.7879,-0.2129,0.5454
30930,1133,907,34.447,34.25,0.0042,-0.0537,9.7838,-0.2905,0.0209,0.3325
30935,1128,910,34.44,34.301,-0.0542,0.0038,9.867,-0.002,0.624,-0.1862
30940,1121,914,34.422,34.256,0.1534,-0.0184,9.8201,-1.0157,0.1238,0.2916
30945,1120,911,34.501,34.283,0.0492,-0.0085,9.8085,0.2114,-0.9714,1.1361
30950,1118,912,34.423,34.268,-0.0186,-0.0432,9.7616,0.0012,-0.0662,0.342
30955,1117,910,34.48,34.191,0.036,-0.1139,9.8144,-0.2412,-0.0981,-0.5182
30960,1123,906,34.424,34.247,0.038,-0.0042,9.7837,0.0004,0.6422,-0.1087
30965,1106,909,34.458,34.213,-0.0369,-0.0134,9.8748,-0.0424,-0.0997,0.5643
30970,1110,906,34.447,34.281,-0.0381,0.0246,9.7523,-0.0054,-0.1283,-0.3091
30975,1099,905,34.422,34.221,0.0483,0.011,9.8096,-0.4384,-0.2366,0.448
30980,1103,905,34.425,34.287,0.0301,-0.0579,9.8744,-0.018,0.7786,-0.1836
30985,1102,906,34.471,34.139,0.02,0.0469,9.857,-0.0516,-0.3796,-0.2011
30990,1099,902,34.413,34.211,0.1047,-0.0267,9.8233,-0.9299,0.3259,0.2144
30995,1096,902,34.439,34.041,-0.023,0.0132,9.8127,-0.4146,-0.3268,0.6093
31000,1101,907,34.556,34.278,0.0097,-0.0008,9.795,0.3182,-0.2823,0.2581
31005,1092,897,34.472,34.249,-0.0296,0.0125,9.8309,0.6085,-0.6911,-0.7587
31010,1093,898,34.498,34.2,0.0246,-0.0498,9.8529,0.99,0.414,0.4128
31015,1087,897,34.459,34.249,-0.0222,0.006,9.8221,-0.008,-0.4633,0.5863
31020,1094,898,34.49,34.28,-0.04,-0.0278,9.8325,0.0774,0.3762,0.5183
31025,1091,893,34.415,34.278,0.0041,-0.083,9.8401,0.6755,0.1669,0.2746
31030,1091,886,34.481,34.249,-0.0849,-0.0183,9.8337,0.9917,-0.4997,0.751
31035,1084,884,34.446,34.247,-0.1756,0.0019,9.8554,0.0279,0.1598,-0.5354
31040,1083,880,34.374,34.217,-0.0682,0.1704,9.7488,0.7242,-0.9901,-1.2361
31045,1075,883,34.491,34.26,-0.0523,0.01,9.7776,0.255,-0.097,0.1033
31050,1074,885,34.478,34.253,0.0201,-0.0569,9.8431,-0.2145,-0.1309,-0.0161
31055,1071,878,34.524,34.22,-0.0013,0.0444,9.7703,-0.5953,0.1303,-0.6858
31060,1066,878,34.36,34.314,0.0833,-0.0758,9.7029,0.5656,0.1505,-0.0626
31065,1068,875,34.533,34.214,-0.0426,0.0369,9.7282,-0.0153,0.2597,0.1747
31070,1056,871,34.527,34.207,0.03,0.1004,9.855,0.0979,-0.4855,0.8489
31075,1064,870,34.48,34.197,-0.0695,0.021,9.8795,0.4742,-0.0496,0.2837
31080,1063,875,34.419,34.269,-0.0179,0.0417,9.8111,-0.4232,-0.1421,0.0144
31085,1051,868,34.427,34.302,0.0686,0.0101,9.8194,0.439,0.0827,-0.4408
31090,1061,869,34.487,34.259,-0.0559,-0.0111,9.86,-0.8215,0.7611,-0.2272
31095,1047,868,34.431,34.358,0.0077,-0.0446,9.7831,0.5921,0.143,-0.166
31100,1044,861,34.512,34.288,0.0317,-0.0177,9.786,0.0724,-0.2547,-0.0522
31105,1030,872,34.546,34.154,-0.0132,0.0604,9.8356,-0.2804,0.1001,-0.1125
31110,1034,863,34.478,34.153,0.0655,0.0135,9.8159,-0.6921,-0.49,0.0176
31115,1020,856,34.445,34.239,-0.0244,-0.014,9.7512,-0.0953,-0.4077,0.5576
31120,1024,861,34.446,34.131,0.04,-0.0469,9.9169,0.2365,-0.4295,-0.7234
31125,1011,858,34.415,34.294,-0.0045,-0.0379,9.8099,-0.2459,-0.717,0.1245
31130,1015,856,34.386,34.231,-0.0481,-0.0024,9.7849,0.632,-0.9931,-0.5044
31135,1006,857,34.44,34.199,0.0097,-0.0107,9.8036,0.179,-1.4201,0.8358
31140,1003,856,34.427,34.275,-0.0219,0.0549,9.8071,-0.3249,-0.5341,0.0091
31145,992,852,34.425,34.15,0.0319,0.0135,9.7487,0.8981,-0.2775,-0.6314
31150,985,852,34.353,34.177,0.0593,0.0338,9.7475,0.1589,-0.9882,-0.1023
31155,974,852,34.418,34.144,0.0598,-0.0157,9.7672,-0.0688,0.771,0.4241
31160,963,853,34.398,34.219,0.0343,-0.0431,9.7166,0.0869,-0.807,0.7169
31165,965,851,34.467,34.226,0.036,-0.0003,9.7615,0.2855,0.22,0.5917
31170,960,843,34.439,34.271,0.0856,-0.0125,9.8347,0.2526,-0.4918,-0.232
31175,945,842,34.491,34.21,-0.0272,-0.0482,9.794,-0.0236,0.0114,-1.1585
31180,943,847,34.476,34.314,0.0616,-0.0322,9.868,0.2327,0.399,-0.1448
31185,938,838,34.469,34.187,-0.0459,0.0765,9.8527,-0.5668,0.3461,0.0982
31190,922,845,34.508,34.115,0.0335,-0.0181,9.7961,0.0596,-0.289,0.0969
31195,918,839,34.501,34.229,-0.1445,-0.0609,9.7656,0.2122,0.234,-0.7814
31200,911,836,34.402,34.301,0.0945,-0.1137,9.8028,-0.2121,0.2536,-0.4606
31205,892,835,34.517,34.171,0.0293,-0.0608,9.7855,0.0804,0.7398,-0.313
31210,886,835,34.47,34.212,0.0592,0.0032,9.8594,-0.1912,0.2034,-0.0178
31215,881,839,34.484,34.198,-0.0025,0.0247,9.9471,-0.4876,-0.6377,0.7942
31220,868,833,34.496,34.175,-0.0688,-0.0556,9.8129,-0.2281,-0.2569,0.1102
31225,861,822,34.442,34.177,0.0126,0.023,9.8114,0.7033,-0.2892,-0.4842
31230,853,826,34.43,34.216,-0.0336,0.0768,9.9164,0.2735,0.4539,0.1177
31235,848,822,34.418,34.229,-0.0147,-0.0304,9.8532,0.4827,-0.1433,0.0646
31240,848,820,34.578,34.241,-0.0194,-0.0922,9.809,-0.7854,-0.2242,-0.2556
31245,830,815,34.367,34.354,-0.0077,0.0856,9.7457,1.0037,-0.4506,-0.106
31250,830,809,34.454,34.328,-0.0041,0.0409,9.8369,-0.3824,-0.0979,0.8084
31255,811,814,34.499,34.23,0.0132,-0.0252,9.76,-0.1763,-0.1397,-0.7181
31260,797,801,34.533,34.236,0.0165,0.0486,9.8129,-0.072,-0.1676,0.2929
31265,795,799,34.473,34.176,-0.0613,0.0194,9.7507,0.5755,-0.4442,0.2666
31270,790,799,34.493,34.258,0.0319,-0.01,9.7752,-0.1425,0.0394,0.113
31275,790,792,34.499,34.262,0.0147,0.0619,9.8424,-0.2424,-0.0865,0.1049
31280,775,788,34.427,34.201,0.0165,-0.0344,9.8182,-0.0882,-0.7016,0.4403
31285,771,787,34.597,34.183,0.0494,-0.0359,9.861,0.5879,-0.0495,-0.2625
31290,772,781,34.445,34.18,0.0904,0.0258,9.7984,-0.1979,-0.1039,0.3522
31295,765,779,34.57,34.19,0.0271,-0.0229,9.7711,-0.5096,0.4595,-0.0183
31300,761,775,34.38,34.13,-0.0376,-0.0746,9.8181,0.6087,-0.9125,-0.5269
31305,766,768,34.454,34.256,-0.0163,0.0046,9.754,-0.6073,-0.1563,0.5863
31310,753,767,34.51,34.271,0.0369,-0.0105,9.8296,-0.1307,0.2291,0.5744
31315,741,760,34.464,34.333,-0.0054,0.0576,9.8068,-0.2984,0.1873,0.2497
31320,760,758,34.475,34.248,-0.0062,0.0111,9.7624,-0.3136,-0.2398,0.5707
31325,747,756,34.524,34.191,-0.0034,-0.0797,9.8406,-0.1038,0.3778,-0.3345
31330,750,748,34.535,34.274,0.0575,-0.0294,9.8622,-0.1344,0.4612,0.2439
31335,752,736,34.549,34.266,-0.0011,0.0204,9.7968,-1.0198,-0.7483,0.465
31340,753,734,34.544,34.213,-0.0332,0.0666,9.839,0.6513,-1.0082,-0.2598
31345,748,733,34.404,34.223,-0.0014,-0.03,9.7489,0.0252,-0.4682,0.427
31350,749,722,34.492,34.211,0.0822,-0.0458,9.7942,-0.2489,0.5918,0.066
31355,750,719,34.459,34.244,0.0278,0.0204,9.8473,-0.9855,-0.6151,0.2384
31360,760,708,34.456,34.183,-0.013,0.0327,9.7504,-0.7094,-0.0754,0.0039
31365,752,708,34.395,34.282,-0.047,-0.0082,9.7523,0.6737,0.7384,0.2392
31370,755,703,34.508,34.198,-0.0658,0.0614,9.9102,-0.1761,0.1105,0.1929
31375,766,701,34.507,34.296,0.0651,-0.0528,9.787,-0.45,0.2621,0.5578
31380,768,700,34.438,34.21,0.0014,0.0405,9.832,-0.8887,-0.917,-0.7957
31385,784,696,34.464,34.254,-0.0318,0.0054,9.8146,0.2981,-1.0495,0.7595
31390,784,689,34.429,34.213,0.0569,0.0515,9.8815,0.412,-0.3541,-0.1093
31395,790,683,34.521,34.168,0.0041,-0.0248,9.9127,-0.0726,0.2522,0.2508
31400,805,682,34.458,34.183,-0.0808,-0.0332,9.7267,0.2848,0.2497,0.4263
31405,804,673,34.434,34.196,0.0011,0.0085,9.7867,0.6085,-0.155,-0.5311
31410,812,668,34.44,34.242,-0.099,-0.0547,9.777,-0.331,0.0558,-0.1118
31415,815,667,34.462,34.099,0.1207,0.1238,9.8614,-0.1059,-0.11,-0.0965
31420,843,663,34.468,34.124,0.0845,-0.1117,9.8185,0.0629,-0.2629,0.1588
31425,846,662,34.554,34.178,-0.0335,-0.0484,9.7943,-0.7908,0.6067,0.8538
31430,854,655,34.39,34.286,0.0228,0.0079,9.8189,0.1989,-1.1553,0.0477
31435,867,654,34.436,34.176,-0.0228,0.0488,9.8216,0.2406,0.4416,0.1425
31440,865,652,34.505,34.159,-0.0064,0.0574,9.8226,-0.4679,-0.3897,-0.6999
31445,887,653,34.406,34.162,0.0423,0.0951,9.7884,0.2747,0.0551,-0.16
31450,885,653,34.48,34.128,0.0201,0.0484,9.8417,-0.4244,0.2424,-0.746
31455,911,660,34.435,34.158,0.0191,-0.0763,9.8293,0.83,0.5285,-1.2947
31460,923,652,34.56,34.222,0.0043,-0.077,9.8063,0.2407,0.1157,-0.7455
31465,921,647,34.461,34.25,0.025,-0.0112,9.8748,0.0546,-0.1255,-0.0649
31470,951,654,34.459,34.21,-0.0926,0.0015,9.7989,0.6044,-0.1016,0.1489
31475,954,649,34.351,34.308,0.0372,-0.052,9.7542,0.0724,0.0167,-0.0162
31480,969,652,34.411,34.099,0.0008,0.0102,9.7114,0.5113,-0.4048,0.295
31485,970,650,34.402,34.189,-0.0903,0.0398,9.8462,-0.2651,-0.5485,-0.2296
31490,987,658,34.502,34.251,-0.041,-0.0135,9.8212,0.1837,0.6863,0.0259
31495,1001,658,34.411,34.144,0.0727,-0.0226,9.7718,0.5659,0.9359,-0.0919
31500,1007,658,34.39,34.181,0.0234,0.064,9.7786,0.0785,1.0617,0.2255
31505,1018,665,34.452,34.277,0.0526,-0.0078,9.863,-0.568,0.7217,-0.3767
31510,1027,666,34.425,34.37,0.0489,-0.118,9.8059,0.5213,-0.5317,0.2821
31515,1051,668,34.34,34.227,0.0445,-0.0326,9.7265,-0.8444,0.3487,-0.5711
31520,1047,669,34.468,34.264,0.0435,-0.0419,9.7663,0.2835,0.6829,0.285
31525,1064,678,34.442,34.275,0.0678,-0.0341,9.7453,-0.4771,-0.1393,-0.086
31530,1078,682,34.45,34.209,-0.0477,0.0781,9.8087,-0.1267,-0.2721,-0.0995
31535,1079,687,34.364,34.213,-0.0058,-0.0223,9.7594,-0.9276,-0.0994,0.54
31540,1095,687,34.477,34.254,0.015,0.0438,9.8176,-0.3697,0.3059,-0.1394
31545,1113,697,34.404,34.149,-0.0007,-0.0538,9.8367,0.0293,-0.0999,-0.018
31550,1117,699,34.45,34.213,-0.0577,-0.0056,9.7563,0.1383,1.035,-0.0582
31555,1114,709,34.307,34.317,0.0887,-0.0176,9.8514,0.1296,-0.4582,-0.229
31560,1119,713,34.459,34.298,0.0078,0.0583,9.7873,0.0585,0.7265,-0.8736
31565,1135,718,34.486,34.177,0.03,0.1057,9.9365,-0.4812,-0.288,-0.1125
31570,1145,723,34.445,34.157,-0.0428,-0.0428,9.7952,-0.3157,0.3403,0.2643
31575,1150,731,34.463,34.182,-0.0461,-0.037,9.8166,0.094,-0.7604,-0.3251
31580,1148,740,34.442,34.209,0.0092,0.0648,9.746,0.3796,-0.4912,-0.1322
31585,1166,742,34.484,34.216,-0.0285,0.0299,9.8472,0.1012,-0.0153,-0.1994
31590,1166,751,34.435,34.23,-0.0887,-0.0801,9.8573,-0.2472,-1.4902,-0.5966
31595,1168,755,34.539,34.203,-0.0302,-0.0414,9.7612,0.1884,0.4829,-0.3352
31600,1180,759,34.337,34.178,-0.0487,0.0223,9.858,0.4865,0.16,0.005
31605,1171,774,34.474,34.143,-0.0853,0.018,9.7828,0.2861,0.3355,0.583
31610,1179,780,34.513,34.144,0.0266,0.0323,9.7034,-0.856,-0.6543,0.4166
31615,1184,787,34.506,34.267,0.0696,0.0384,9.8004,0.1114,0.7036,0.1733
31620,1177,792,34.447,34.214,0.082,0.0007,9.8328,-0.0902,0.1249,0.4161
31625,1187,798,34.491,34.181,-0.0401,-0.0676,9.8046,-0.3629,-0.1942,-0.0111
31630,1184,807,34.361,34.145,-0.0609,0.0047,9.746,-0.1798,-0.3858,1.0064
31635,1184,811,34.411,34.218,-0.0322,0.0107,9.7535,0.2162,0.2832,0.0405
31640,1187,819,34.464,34.309,-0.0065,0.0458,9.8161,-0.0543,0.3502,-0.5383
31645,1190,828,34.434,34.342,0.0067,0.0232,9.8063,0.2975,0.4553,0.0422
31650,1188,831,34.526,34.325,0.0414,0.0178,9.8399,0.1817,0.4061,0.2792
31655,1196,838,34.45,34.231,-0.0054,-0.0033,9.8006,0.7663,0.1938,0.014
31660,1174,848,34.432,34.158,0.0207,-0.0946,9.8384,1.1443,0.3474,0.5957
31665,1185,854,34.498,34.29,0.0337,0.053,9.7993,-0.9017,0.0086,0.2426
31670,1181,854,34.461,34.236,0.026,0.0456,9.7862,0.2773,0.399,-0.1019
31675,1192,858,34.488,34.209,0.0447,-0.0059,9.7558,-0.4468,-0.0837,0.4243
31680,1176,865,34.468,34.115,-0.0029,-0.0106,9.7498,-0.5936,-0.6266,0.146
31685,1186,871,34.423,34.226,-0.0175,-0.0393,9.7025,0.2877,-0.4798,0.5363
31690,1169,872,34.508,34.19,0.0329,0.0118,9.7757,-1.1972,-0.9287,0.7868
31695,1172,880,34.324,34.267,0.006,0.0028,9.7493,0.5539,-0.1014,0.1862
31700,1168,885,34.454,34.25,0.0284,-0.0466,9.8431,-0.4458,-0.1362,0.0371
31705,1167,888,34.473,34.169,-0.0011,-0.0761,9.7352,-0.7108,-0.1587,-0.0332
31710,1162,888,34.527,34.235,0.0177,-0.0341,9.8032,-0.3967,-0.246,0.4883
31715,1162,892,34.366,34.137,-0.1062,-0.0719,9.7399,0.3062,-0.29,-0.2794
31720,1155,894,34.426,34.212,0.0464,-0.0535,9.8231,-0.486,-0.1862,0.094
31725,1153,896,34.488,34.215,0.0435,0.0733,9.8102,-1.1743,-0.0935,0.0777
31730,1151,903,34.454,34.251,0.0075,-0.0624,9.7433,0.5744,1.2096,0.4146
31735,1147,907,34.407,34.241,0.0522,-0.0578,9.9097,-0.1264,-0.644,-1.1426
31740,1139,908,34.421,34.248,0.0644,-0.0044,9.8381,0.2957,0.5422,-0.4269
31745,1136,902,34.409,34.195,0.0407,-0.062,9.7697,-0.0036,-0.7446,-0.5442
31750,1133,910,34.364,34.165,-0.0768,0.0922,9.762,-0.2656,0.4434,0.2079
31755,1127,915,34.49,34.168,0.0225,-0.0266,9.8119,0.7941,-0.1806,0.1707
31760,1135,913,34.505,34.315,-0.0389,0.0749,9.7923,0.3322,0.3447,0.1864
31765,1132,911,34.485,34.273,0.0161,0.0232,9.8381,0.6815,0.4752,0.5371
31770,1125,911,34.448,34.151,-0.0248,0.0282,9.7915,-0.1242,-0.0714,0.7421
31775,1127,910,34.43,34.26,0.0357,0.009,9.939,-0.834,0.1087,0.2675
31780,1119,911,34.424,34.272,-0.0159,-0.002,9.8139,0.2093,-0.5434,-0.3529
31785,1113,913,34.481,34.211,-0.0415,0.053,9.8566,0.0207,-0.2101,0.2561
31790,1105,910,34.396,34.198,0.0111,0.0328,9.8076,0.5209,0.5798,-0.3776
31795,1110,910,34.488,34.115,-0.0389,-0.0209,9.8015,-1.1613,0.6588,1.4012
31800,1113,904,34.476,34.136,0.0529,-0.0712,9.8345,-0.6343,0.7997,0.1152
31805,1111,902,34.415,34.217,0.0455,0.0715,9.8536,-0.4119,0.5999,0.3822
31810,1108,902,34.46,34.203,0.0306,0.053,9.8031,0.8849,0.4242,0.1653
31815,1103,903,34.534,34.222,-0.0262,0.0091,9.8488,0.7621,0.0142,0.071
31820,1109,900,34.39,34.274,-0.0372,-0.0238,9.8741,-0.126,0.3699,-0.69
31825,1103,902,34.545,34.301,-0.0249,0.0279,9.8322,0.0761,-0.1961,-0.1581
31830,1101,899,34.487,34.225,-0.0181,0.048,9.7693,0.3622,0.4697,0.3668
31835,1100,899,34.549,34.192,0.0326,-0.0078,9.881,0.4426,-0.8934,-0.513
31840,1096,893,34.483,34.218,-0.013,0.0791,9.8316,0.4504,-0.0181,-0.2273
31845,1099,892,34.581,34.213,0.0353,0.0017,9.8232,-0.1183,0.1072,-0.6846
31850,1097,895,34.544,34.183,0.0093,0.0997,9.7476,-0.2173,0.002,-0.2432
31855,1083,891,34.529,34.136,0.0524,-0.0261,9.8473,-0.3047,0.4678,-0.0786
31860,1082,885,34.45,34.194,0.0177,0.0833,9.7717,-0.2235,-0.4362,-0.0661
31865,1086,883,34.424,34.184,0.0255,0.0373,9.7951,-0.9364,-0.2539,0.2154
31870,1079,877,34.476,34.209,-0.0325,-0.0156,9.6781,0.0244,-1.1292,-0.4592
31875,1082,883,34.489,34.264,-0.0595,0.1023,9.9211,0.3276,0.0166,-0.8453
31880,1082,879,34.506,34.223,0.0053,0.0101,9.8078,-0.4082,0.1861,-0.2779
31885,1071,883,34.431,34.19,-0.024,-0.0117,9.6553,0.3617,-0.7583,0.4462
31890,1066,882,34.512,34.293,0.0465,0.0092,9.7395,-0.2562,-0.3096,-0.3402
31895,1066,867,34.519,34.187,-0.0376,-0.042,9.8525,0.1734,-0.2765,-0.0391
31900,1066,871,34.516,34.114,-0.0299,0.0316,9.7829,-0.34,-0.282,-0.2235
31905,1059,873,34.379,34.216,0.0075,-0.0763,9.8895,0.9459,-0.3631,0.5859
31910,1069,870,34.447,34.188,0.0736,0.0306,9.7604,-0.0125,-0.2413,0.3623
31915,1051,872,34.487,34.186,-0.035,0.0144,9.8205,0.0545,0.3659,0.2431
31920,1036,867,34.429,34.258,-0.0884,-0.0156,9.8537,0.8265,0.1704,-0.426
31925,1049,865,34.42,34.173,0.074,-0.0185,9.8358,-1.191,-0.2915,0.128
31930,1040,864,34.507,34.213,-0.0299,0.013,9.8582,0.0961,0.2564,0.3791
31935,1034,859,34.544,34.199,0.0303,-0.0027,9.7644,-0.2351,0.954,-0.3137
31940,1036,862,34.435,34.236,-0.0171,-0.0831,9.8243,0.7298,-0.3186,0.1164
31945,1032,866,34.455,34.198,-0.0401,0.0196,9.8052,0.2495,0.5908,-0.1755
31950,1024,862,34.408,34.189,0.0468,-0.0936,9.7513,0.1218,0.3511,-0.1821
31955,1014,861,34.496,34.141,0.0352,-0.0554,9.7946,-0.4206,-0.0554,-0.5484
31960,1002,862,34.566,34.189,0.0283,-0.0214,9.7638,-0.9018,0.7208,-0.3495
31965,1002,852,34.408,34.288,0.0153,-0.1078,9.8657,-0.7875,-0.3748,-0.5496
31970,997,857,34.461,34.294,-0.0355,0.0169,9.8276,0.1403,0.6111,-0.6078
31975,991,859,34.488,34.169,-0.0212,-0.0265,9.8214,1.1097,-0.2899,-0.0446
31980,992,852,34.467,34.199,-0.035,0.0037,9.9021,-1.4065,0.2872,0.1826
31985,967,852,34.468,34.184,-0.0093,0.0718,9.8523,0.118,0.369,-0.6285
31990,970,846,34.513,34.158,0.0876,0.0349,9.8088,0.3099,-0.0716,0.4092
31995,966,847,34.405,34.233,0.0036,0.0323,9.7955,0.1176,-0.1918,-0.5188
32000,946,845,34.497,34.183,0.03,-0.1193,9.8172,0.3466,0.02,0.3239
32005,948,848,34.507,34.213,-0.0484,0.0211,9.8314,0.7047,0.2085,0.3559
32009,939,845,34.399,34.149,0.0081,0.0056,9.8551,-1.5207,-0.6863,0.0923
32015,928,847,34.411,34.187,0.075,-0.0078,9.7781,-0.2417,-0.569,-0.4768
32020,918,848,34.45,34.246,-0.0053,-0.0078,9.7497,-0.9464,-0.7717,-0.0561
32025,914,842,34.479,34.142,-0.0526,0.0673,9.8442,-0.2034,0.7684,-0.4667
32030,908,835,34.463,34.313,-0.0601,0.0374,9.741,0.9438,-0.5819,-0.639
32034,892,834,34.428,34.23,0.027,-0.058,9.7672,-0.8777,0.1049,-0.9791
32040,892,833,34.441,34.301,0.0087,0.0124,9.8367,0.4027,-0.5874,-0.1208
32045,891,837,34.448,34.099,-0.0238,0.0419,9.7912,0.2591,-0.094,0.3841
32049,869,832,34.511,34.321,0.046,0.0384,9.8261,-0.7765,-0.3128,0.4105
32055,858,824,34.449,34.299,-0.0455,-0.0092,9.8408,0.7421,-0.1917,-0.7541
32060,862,825,34.337,34.188,-0.0005,-0.0556,9.788,0.1059,0.6911,0.6623
32064,840,820,34.401,34.174,0.0606,-0.0058,9.8238,0.0627,-1.4272,0.7322
32070,844,821,34.468,34.255,0.0123,-0.051,9.8129,-0.3812,-0.4853,-0.2558
32075,828,816,34.362,34.201,0.0808,-0.023,9.9065,-0.0807,-0.2994,-0.0109
32080,811,814,34.501,34.165,-0.0075,0.0522,9.7284,0.8926,-0.8757,-0.4253
32085,817,809,34.425,34.28,0.0807,0.0504,9.7654,-0.1104,-0.4272,-0.585
32090,812,809,34.499,34.161,0.0096,0.0394,9.8731,-0.2381,-0.2978,0.1671
32095,798,806,34.461,34.196,-0.0411,0.0245,9.8173,-0.3834,-0.4488,0.2231
32100,793,799,34.453,34.153,0.0539,-0.0185,9.764,-1.0737,-0.4041,0.163
32104,776,793,34.469,34.17,-0.0761,-0.0157,9.752,-0.2692,0.163,0.4011
32110,776,790,34.357,34.212,-0.0791,-0.1146,9.8387,-0.0052,-0.0298,0.9859
32115,780,792,34.422,34.209,-0.028,0.0765,9.799,0.2206,-0.2142,-0.0897
32119,770,780,34.524,34.199,0.021,0.077,9.8574,-0.4931,0.2435,-0.4544
32125,775,778,34.381,34.206,-0.0054,0.0537,9.823,-0.3988,0.0219,0.4968
32130,757,775,34.553,34.247,0.1042,-0.0216,9.7765,0.4074,-0.4543,0.8358
32134,760,770,34.494,34.235,0.0331,0.0455,9.8499,0.3029,-0.4964,0.1179
32140,756,762,34.529,34.171,0.0172,0.0052,9.8348,0.908,-0.0173,0.5853
32145,749,756,34.55,34.214,-0.0901,0.0262,9.7806,-0.2709,0.1279,-0.2563
32150,748,751,34.478,34.264,0.0342,-0.0143,9.8291,0.3773,-1.207,-0.7116
32155,748,748,34.459,34.319,-0.0109,0.0068,9.8491,-0.2196,-0.1732,0.0793
32159,747,739,34.502,34.242,-0.0958,0.0416,9.835,-0.3627,-0.3386,0.0308
32165,763,740,34.474,34.194,-0.0623,0.0933,9.8094,0.5364,0.1534,-0.737
32170,753,738,34.416,34.255,0.0011,-0.0384,9.7987,-0.2911,0.1824,-0.1684
32174,748,736,34.409,34.187,-0.0135,0.0201,9.8172,0.1502,-1.2755,0.6903
32180,752,720,34.493,34.222,-0.027,-0.0493,9.7273,-0.2915,0.4308,0.1581
32185,754,717,34.448,34.257,-0.0163,-0.0023,9.794,-0.3967,-0.0095,0.9332
32189,753,714,34.491,34.146,0.0434,0.0762,9.7976,0.9631,-0.0925,-0.7094
32195,751,711,34.477,34.267,0.0036,-0.1035,9.8967,-0.119,0.4658,0.2636
32200,760,704,34.453,34.238,0.0741,-0.0458,9.7224,-0.2084,-1.2731,0.0846
32205,761,695,34.45,34.223,-0.0417,-0.0109,9.7652,-0.3718,-0.2766,0.6274
32210,776,691,34.467,34.169,-0.0617,0.0564,9.7878,-0.2099,-0.01,-0.4793
32215,781,686,34.462,34.211,-0.0533,0.0152,9.8558,-0.7977,-0.0215,0.3398
32220,784,687,34.548,34.272,0.0053,0.0193,9.8278,-0.0683,-0.2373,0.1633
32225,791,679,34.441,34.313,-0.0689,-0.0232,9.7986,-0.1504,-0.0433,-0.0423
32229,800,673,34.506,34.221,-0.0715,0.0646,9.8087,-1.1131,0.8646,-0.2039
32235,822,673,34.43,34.268,-0.0328,-0.0191,9.7911,-0.1942,-0.0383,0.3415
32240,812,669,34.497,34.198,0.0641,0.009,9.8058,0.4692,0.2913,-0.5306
32244,827,663,34.431,34.277,0.0163,-0.0237,9.8174,0.0234,0.3531,-0.3973
32250,839,660,34.478,34.187,0.0913,-0.0547,9.7631,-0.3983,-0.1044,0.5152
32255,842,665,34.464,34.237,0.0852,-0.0807,9.7441,-0.0519,0.5477,0.1559
32259,850,660,34.398,34.3,0.0245,0.0097,9.7221,-0.284,-0.1607,0.2722
32265,865,661,34.461,34.197,0.038,0.0336,9.8857,-0.4241,0.8569,0.0741
32270,866,658,34.379,34.098,0.0088,0.0292,9.7534,0.0129,0.4232,-0.4938
32275,885,660,34.47,34.161,0.0663,0.0843,9.8634,0.027,0.6414,-0.4187
32280,899,653,34.433,34.218,0.1018,0.0071,9.7937,1.3146,0.5422,0.3843
32284,906,646,34.455,34.23,-0.0983,-0.0658,9.7383,0.6098,-0.5741,0.1882
32290,919,650,34.461,34.221,-0.0839,0.0803,9.7511,0.2056,0.3054,0.026
32295,923,649,34.447,34.201,-0.0231,0.0247,9.7023,-0.1742,-0.4305,-0.2426
32299,947,648,34.543,34.18,0.0276,0.0143,9.7711,0.6733,-0.56,0.113
32305,954,654,34.47,34.154,-0.0541,-0.0411,9.7726,0.3326,0.2255,-0.9004
32310,970,659,34.383,34.243,0.0558,0.0267,9.8658,0.7815,0.2598,-0.4037
32314,968,654,34.441,34.248,0.0206,-0.0426,9.8058,0.2388,-0.4875,-0.3837
32320,994,658,34.417,34.162,0.1054,-0.0235,9.7656,-0.6003,0.629,0.5601
32325,1013,656,34.511,34.221,0.0777,0.0322,9.798,-0.4513,-0.825,0.5293
32330,1020,663,34.385,34.254,0.0267,-0.0162,9.8456,-0.6938,-0.0003,-1.1932
32335,1025,662,34.439,34.227,-0.0398,-0.0217,9.8876,0.8801,-0.2984,-0.6639
32340,1038,663,34.558,34.2,0.0764,-0.0071,9.7886,0.1218,-0.2415,0.3787
32345,1044,671,34.465,34.267,0.0082,0.0092,9.8006,-0.2634,0.445,-0.4087
32350,1055,673,34.421,34.197,-0.0771,0.02,9.7231,-0.1236,0.3483,-0.137
32354,1056,675,34.484,34.279,0.116,0.1045,9.7559,-0.1932,0.4238,-0.2708
32360,1073,684,34.428,34.193,0.0421,-0.0519,9.7557,0.0976,-0.6885,-0.5263
32365,1080,684,34.412,34.241,-0.0051,-0.0932,9.7283,0.3184,-0.0022,-0.1746
32369,1094,693,34.383,34.257,-0.0306,-0.0794,9.858,-1.0589,-0.4941,0.1168
32375,1105,691,34.419,34.172,-0.046,-0.0019,9.8236,0.3638,0.0302,0.3306
32380,1118,703,34.457,34.263,-0.0269,-0.0805,9.8678,-0.2997,0.4463,0.1212
32384,1124,713,34.529,34.275,-0.0984,-0.0103,9.806,0.1277,0.3903,0.1293
32390,1128,711,34.435,34.181,0.0727,0.0344,9.8279,0.3658,0.0812,0.0886
32395,1130,717,34.351,34.202,0.0553,-0.0103,9.8752,-0.0808,0.1309,-0.4192
32400,1145,726,34.388,34.237,0.0484,0.0401,9.846,0.2121,1.145,-0.0918
32405,1146,730,34.435,34.177,-0.0621,0.0096,9.7948,0.2444,0.0469,-0.181
32409,1153,738,34.547,34.208,0.105,0.0334,9.8279,0.3925,0.5534,0.185
32415,1151,743,34.459,34.247,-0.0293,0.1104,9.7435,-0.1024,-0.3012,0.0568
32420,1165,753,34.499,34.241,-0.0218,0.0588,9.8645,0.8953,0.1528,0.4124
32424,1168,758,34.395,34.184,0.0285,0.0215,9.7392,0.3093,-0.6679,-0.1653
32430,1175,764,34.424,34.212,0.0729,-0.0374,9.8013,0.2917,0.3687,-0.7767
32435,1176,777,34.396,34.149,0.0161,0.0335,9.8806,0.7346,0.1198,-1.5659
32439,1180,781,34.471,34.236,0.0448,0.0677,9.8418,-1.0859,0.0999,-0.3936
32445,1185,785,34.49,34.337,0.021,0.01,9.84,0.5576,0.3848,-0.3498
32450,1180,788,34.529,34.217,0.0332,0.0301,9.8037,-0.0218,-0.8562,-0.0428
32455,1192,798,34.423,34.249,-0.0041,0.0678,9.818,0.2773,0.2609,-1.3672
32460,1187,803,34.494,34.178,-0.0431,-0.07,9.7548,-1.1107,-0.1902,0.3579
32465,1195,819,34.466,34.239,0.0137,-0.0257,9.7974,0.2547,0.0643,-0.3826
32470,1186,815,34.432,34.155,0.0686,-0.0393,9.7711,0.1401,0.6543,0.6795
32475,1199,823,34.377,34.167,0.0126,-0.1179,9.7796,0.6466,-0.2673,0.0792
32479,1194,832,34.445,34.275,-0.0692,0.0765,9.7571,-0.2243,-0.4307,-0.6823
32485,1182,838,34.433,34.251,-0.0959,-0.0061,9.8034,0.0379,0.0047,0.7319
32490,1189,847,34.451,34.194,0.0498,0.0206,9.7607,-0.044,-0.1868,0.6255
32494,1189,851,34.524,34.274,-0.0382,-0.0153,9.8303,-0.0478,1.2153,-0.0932
32500,1179,860,34.416,34.23,0.0327,0.0535,9.8212,0.2143,0.3974,0.5172
32505,1185,863,34.528,34.231,0.0279,0.0181,9.7877,-0.7521,0.0661,0.3606
32509,1175,868,34.497,34.201,-0.0295,0.0533,9.8199,0.3771,0.3398,-0.4611
32515,1179,870,34.45,34.212,0.02,0.0546,9.8014,0.3585,0.3149,-0.5078
32520,1176,876,34.461,34.121,-0.0762,0.0854,9.8199,0.38,-0.2184,0.6649
32525,1173,882,34.401,34.283,-0.0091,-0.0316,9.7121,0.2526,0.6914,0.2465
32530,1168,885,34.389,34.076,-0.0017,0.0318,9.8002,-0.7906,0.0452,0.5554
32534,1170,886,34.387,34.355,0.0251,0.049,9.7591,-0.4213,-0.4428,-0.545
32540,1165,893,34.378,34.226,0.0083,0.0805,9.772,-0.9186,-0.3216,-0.3244
32545,1153,892,34.507,34.134,0.0803,0.0409,9.8508,-0.1291,-0.1512,0.17
32549,1155,897,34.409,34.149,-0.0224,-0.0265,9.7907,0.004,-0.5952,0.4249
32555,1158,897,34.494,34.14,-0.0174,0.061,9.7939,-0.1485,0.0929,-0.3986
32560,1149,900,34.468,34.168,-0.0035,0.0096,9.7493,-0.4681,-0.2092,0.0881
32564,1148,905,34.426,34.225,-0.0306,-0.0363,9.8205,0.5146,1.1772,-0.3295
32570,1136,903,34.528,34.174,0.0503,0.0004,9.8857,1.2701,0.5228,-0.769
32575,1144,907,34.523,34.26,0.0501,-0.0132,9.9065,0.1374,-0.6107,-0.2387
32580,1146,900,34.462,34.206,-0.0118,0.0682,9.8552,-0.5641,-0.6174,-0.3822
32585,1139,907,34.444,34.26,0.0828,-0.0148,9.7698,0.8816,-0.2756,0.8104
32590,1142,911,34.515,34.239,0.0348,-0.0072,9.8233,0.8704,0.1721,-0.4951
32595,1126,915,34.413,34.235,0.0205,-0.0121,9.8492,-0.0499,0.4749,0.3415
32600,1118,910,34.479,34.173,-0.054,-0.0133,9.796,-0.7997,-1.3604,0.2127
32604,1131,906,34.408,34.192,0.0126,0.0027,9.8386,0.4499,0.7698,0.1628
32610,1132,909,34.462,34.189,-0.0868,0.0844,9.878,0.2756,-0.0911,-0.2836
32615,1118,911,34.485,34.21,-0.0078,0.0349,9.8198,-0.2823,-0.5099,-0.646
32619,1116,910,34.481,34.216,0.0667,0.0385,9.7504,-0.3149,0.0401,-0.5993
32625,1102,907,34.435,34.254,0.004,-0.0037,9.7623,-0.6798,0.3517,0.2708
32630,1110,906,34.446,34.22,0.0158,-0.1208,9.8252,0.0061,0.1171,-0.8055
32634,1101,910,34.443,34.18,0.0745,-0.1179,9.8283,0.1209,-0.2609,1.2896
32640,1104,902,34.487,34.182,0.0082,-0.0973,9.7675,-0.0825,-0.2111,0.3645
32645,1109,901,34.422,34.232,0.0224,-0.0987,9.7648,-0.353,0.0623,0.714
32650,1109,903,34.45,34.236,-0.0789,0.0429,9.7704,0.0718,0.5536,0.0744
32655,1101,897,34.519,34.161,-0.0214,0.0107,9.9141,-0.3038,0.1496,-0.2349
32659,1101,894,34.496,34.215,-0.0045,-0.0223,9.8511,-0.4362,0.2828,0.4753
32665,1099,898,34.325,34.293,-0.0169,0.0001,9.8751,0.4549,-0.1301,-0.77
32670,1101,890,34.397,34.102,0.112,0.0077,9.8084,-0.2462,0.0083,-0.5527
32674,1103,894,34.512,34.262,-0.0429,-0.0242,9.7767,-0.6816,0.2905,-1.2115
32680,1092,893,34.427,34.25,-0.009,0.0684,9.7844,-0.9157,-0.0329,-0.4563
32685,1085,890,34.406,34.232,-0.0163,0.0767,9.8496,1.0315,0.7509,0.6119
32689,1084,885,34.447,34.217,-0.0591,0.0352,9.7626,0.7129,-0.8038,0.2277
32695,1080,888,34.412,34.303,-0.0516,-0.0735,9.8242,-0.3728,-0.1665,-0.1839
32700,1076,889,34.4,34.147,0.0928,-0.0046,9.8126,-0.3807,0.2772,-0.1231
32705,1077,889,34.4,34.154,-0.0402,0.0368,9.8236,-1.0223,-0.0214,-0.031
32710,1072,881,34.414,34.111,-0.0739,-0.0816,9.8719,0.2339,0.6854,-0.4321
32715,1078,875,34.323,34.25,0.0404,0.0108,9.8035,0.9815,-0.3103,-0.4949
32720,1071,876,34.449,34.143,0.0575,0.0659,9.8584,-0.4199,0.0815,-0.1325
32725,1075,876,34.441,34.171,0.0341,0.0083,9.8814,-0.014,-0.2678,0.2531
32729,1061,870,34.527,34.114,-0.0456,-0.019,9.7317,0.1606,-0.122,-0.1527
32735,1054,875,34.516,34.272,0.0631,0.072,9.8051,0.2086,-1.2687,0.6204
32740,1050,871,34.436,34.212,-0.0257,-0.077,9.8369,-0.5957,-0.5246,0.0412
32744,1046,867,34.384,34.149,-0.1089,0.0365,9.8316,0.1529,-0.8169,-0.7473
32750,1044,868,34.483,34.197,0.0586,0.036,9.8119,0.4892,0.3716,0.9967
32755,1047,862,34.404,34.215,-0.0361,0.0504,9.9116,-0.3177,0.2298,-0.0339
32759,1045,871,34.398,34.161,0.0543,-0.0502,9.8669,-0.0111,0.699,0.0897
32765,1036,862,34.422,34.325,-0.0324,0.0435,9.7294,-0.0879,0.4103,0.0678
32770,1030,864,34.495,34.198,0.0299,0.0504,9.7958,0.3848,-0.4002,-0.6809
32775,1023,852,34.401,34.216,-0.0276,0.0108,9.807,0.165,0.7374,0.1129
32780,1015,861,34.476,34.211,-0.0241,-0.0605,9.7888,0.3697,0.1134,-0.1944
32785,1018,855,34.427,34.157,-0.0352,-0.0197,9.8176,0.0624,-0.4967,-0.0029
32790,1010,853,34.483,34.12,0.0358,0.0331,9.844,-0.0612,-0.3507,0.7493
32795,996,856,34.498,34.23,0.0156,0.0496,9.7949,-0.9746,0.9758,-0.1658
32800,999,853,34.504,34.204,0.1031,-0.0205,9.7706,0.1434,-0.2047,-1.2938
32805,990,851,34.428,34.258,0.0161,-0.0539,9.8065,0.1999,0.5461,-0.1476
32810,994,859,34.443,34.219,0.0342,-0.0559,9.8775,-0.3572,-0.2537,0.2634
32815,969,856,34.403,34.188,-0.0039,-0.0435,9.7241,0.3567,-0.1703,0.3516
32820,965,854,34.471,34.168,-0.0369,-0.025,9.8115,-0.418,0.4073,0.2441
32825,954,845,34.454,34.219,-0.0031,0.0203,9.8002,-0.0625,-0.2359,-0.3429
32830,956,852,34.52,34.252,-0.0824,-0.0431,9.7649,0.4845,0.2619,0.3727
32835,946,849,34.471,34.188,-0.0114,-0.0282,9.7538,0.5874,0.0807,-0.2822
32840,945,845,34.503,34.179,0.0599,0.0095,9.7969,0.8566,0.1965,0.0603
32845,934,842,34.403,34.249,0.0362,0.0036,9.8255,0.5507,-0.8003,0.7708
32850,924,840,34.476,34.146,0.0322,0.0359,9.7576,0.3725,0.3596,-0.1127
32855,913,835,34.496,34.281,-0.0422,0.1082,9.7717,-0.0883,-0.531,0.7696
32860,900,840,34.48,34.248,0.0304,-0.0222,9.715,-0.3634,0.5213,0.0028
32865,896,830,34.363,34.251,0.0311,0.0349,9.7671,0.3084,-1.3995,0.3906
32870,886,833,34.443,34.177,-0.0052,0.014,9.7555,0.6206,0.7051,0.8415
32875,882,832,34.414,34.115,-0.0289,-0.0247,9.8062,0.0664,-0.5079,0.3379
32880,870,829,34.459,34.157,-0.0591,0.0656,9.7948,0.3821,0.6735,0.1521
32885,869,832,34.448,34.167,0.0081,0.0019,9.8273,-0.0047,0.2064,0.0568
32890,852,830,34.419,34.267,0.0155,-0.0126,9.8859,-0.2231,0.7102,0.6569
32895,852,822,34.458,34.145,0.0091,0.0783,9.8678,0.1856,0.4735,-0.0507
32900,841,820,34.474,34.304,0.0394,-0.0434,9.7993,0.6384,-0.0097,-0.8267
32905,823,817,34.474,34.242,-0.0021,-0.0783,9.8693,0.1763,-0.3614,0.0111
32910,817,812,34.409,34.233,-0.0591,0.0049,9.7869,-0.6631,-0.1267,-0.1249
32915,808,812,34.444,34.277,0.0532,0.049,9.8785,-0.071,-0.7611,0.2586
32920,806,804,34.471,34.227,-0.0104,0.0016,9.799,-0.277,-0.7159,0.4833
32925,790,797,34.455,34.175,-0.0351,0.0416,9.8135,-0.2198,0.8234,0.2324
32930,786,804,34.416,34.258,0.0556,0.0136,9.8082,0.0673,0.568,0.3233
32935,785,797,34.351,34.171,0.0021,0.0289,9.7611,0.1457,0.4918,0.7292
32940,771,794,34.416,34.118,-0.0142,0.024,9.8614,0.3409,-0.1743,0.0549
32945,777,783,34.447,34.247,-0.0482,0.0277,9.8297,0.6422,-0.0274,-0.3095
32950,769,782,34.397,34.129,-0.0308,0.0019,9.817,0.0476,-0.2078,0.0757
32955,759,781,34.459,34.175,0.0129,-0.0105,9.7778,0.4109,0.1141,-0.125
32960,764,770,34.434,34.149,0.01,-0.0317,9.8654,0.001,0.3807,-1.1024
32965,760,763,34.43,34.203,0.0438,0.0666,9.7465,0.1005,-1.0171,1.0541
32970,760,761,34.42,34.221,-0.0244,0.1028,9.7553,-0.0794,0.3976,0.0014
32975,746,758,34.463,34.139,-0.0575,0.0728,9.8173,-0.3366,0.9553,-1.0845
32980,743,753,34.409,34.186,0.0263,-0.0544,9.7323,0.4551,0.3592,0.3095
32985,741,754,34.422,34.238,0.0499,0.0074,9.7648,-0.132,0.6544,0.1147
32990,741,745,34.428,34.211,0.0803,0.0439,9.7588,-0.108,-0.0262,-0.2488
32995,747,736,34.393,34.163,0.0491,-0.0386,9.8407,0.2958,-0.0713,-0.8457
33000,759,730,34.49,34.253,-0.0228,0.0569,9.7888,0.1381,-0.4766,0.0824
33005,752,729,34.41,34.216,0.0463,-0.0487,9.7636,0.2042,-0.0464,-0.9479
33010,751,718,34.359,34.206,0.0309,-0.09,9.7563,0.3202,0.6916,-0.4613
33015,759,720,34.437,34.223,-0.0455,-0.0489,9.7745,-0.3049,-0.1722,-0.787
33020,757,711,34.528,34.145,0.0092,0.0303,9.798,-0.7107,0.027,0.3283
33025,759,705,34.554,34.136,-0.0035,0.0506,9.7986,0.0645,-1.424,0.4428
33030,764,705,34.402,34.244,0.0464,-0.0167,9.815,-0.4739,0.2451,0.0741
33035,755,700,34.442,34.129,0.0726,-0.02,9.7883,0.2085,0.4768,-0.6449
33040,769,702,34.417,34.131,-0.0331,0.0623,9.8293,-0.0045,-0.0285,0.2306
33045,775,690,34.44,34.199,0.009,0.0788,9.7367,0.6849,-0.7107,0.8689
33050,786,684,34.343,34.107,-0.0859,-0.0489,9.8003,0.3066,-0.4659,0.4334
33055,800,679,34.539,34.17,-0.091,-0.0019,9.7738,0.3235,-0.418,0.763
33060,804,673,34.465,34.157,-0.0931,0.0412,9.8271,0.5701,-0.303,0.1453
33065,808,678,34.419,34.219,-0.0535,0.0597,9.7468,-0.5056,0.347,-0.4537
33070,822,671,34.394,34.161,0.0077,0.012,9.7232,0.0871,0.0933,-0.3487
33075,825,670,34.44,34.168,-0.0731,-0.0216,9.7896,-0.1989,0.2574,0.202
33080,829,663,34.423,34.258,-0.0061,-0.0288,9.7845,-0.0424,-0.4699,-0.0391
33085,845,661,34.475,34.193,0.1006,-0.0572,9.7679,-0.3342,-0.4529,-0.0004
33090,854,659,34.535,34.154,0.0434,0.0288,9.8063,-0.3333,0.2896,-0.3804
33095,865,659,34.505,34.162,0.0379,0.0139,9.8448,0.3294,1.2346,0.2511
33100,874,657,34.41,34.185,0.0984,-0.0502,9.8065,0.3315,0.7164,-0.126
33105,893,655,34.446,34.202,0.0378,0.0639,9.76,0.662,0.5758,-0.3929
33110,895,654,34.482,34.197,-0.0061,0.0661,9.7263,-1.1757,0.8108,0.1454
33115,915,649,34.463,34.215,0.0078,-0.015,9.7751,0.0036,0.1106,0.2729
33120,925,654,34.425,34.143,0.0632,0.0097,9.8925,0.6147,-0.3434,-0.4704
33125,936,653,34.487,34.199,-0.0468,0.0479,9.8042,0.9481,-0.1747,-0.1592
33130,947,653,34.474,34.174,0.0047,-0.0271,9.7999,0.0307,0.0867,0.3768
33135,953,655,34.527,34.21,0.0369,-0.0379,9.7649,0.2732,0.7358,0.4348
33140,965,651,34.509,34.179,0.0048,-0.0334,9.7719,0.7175,-0.4458,1.3111
33145,978,656,34.411,34.256,-0.0315,-0.0058,9.7697,-0.7064,0.4198,0.5492
33150,990,655,34.408,34.21,-0.0512,0.0269,9.8391,-0.5365,0.3138,0.2401
33155,1007,660,34.462,34.26,-0.0012,0.0432,9.8335,-0.4087,-0.2953,0.1493
33160,1017,660,34.376,34.278,-0.0268,-0.0957,9.7226,-0.0387,-0.1336,-0.5677
33165,1022,665,34.372,34.238,-0.0331,0.0407,9.7717,0.1984,0.3554,-0.3982
33170,1036,664,34.434,34.235,0.0574,-0.0381,9.7502,0.2533,-0.4939,0.4084
33175,1046,668,34.376,34.147,-0.0471,0.0004,9.7869,0.1917,-0.6165,-0.0018
33180,1065,672,34.291,34.213,-0.0132,-0.0821,9.7985,0.0642,-0.2643,0.1102
33185,1061,681,34.46,34.094,0.035,-0.0045,9.8644,-0.3746,-0.8656,-0.2734
33190,1074,682,34.416,34.276,-0.0247,-0.0226,9.7538,-0.4855,0.0612,-0.3433
33195,1082,691,34.449,34.192,-0.0025,-0.0703,9.7865,-0.9957,0.2692,0.4533
33200,1103,694,34.405,34.238,-0.0924,0.0087,9.8422,-0.3749,0.6354,0.2738
33205,1100,691,34.478,34.144,0.0165,-0.0331,9.749,-0.8179,0.151,-0.0576
33210,1118,700,34.456,34.199,-0.0128,-0.0071,9.7956,0.7443,0.8811,0.2254
33215,1128,709,34.482,34.22,0.0185,-0.0376,9.8591,-0.1304,0.7233,-0.1701
33220,1130,712,34.329,34.217,0.0006,-0.0359,9.7637,0.4393,-0.0529,0.6504
33225,1136,714,34.414,34.249,0.0221,0.0296,9.905,0.1805,0.288,0.2861
33230,1138,731,34.429,34.235,-0.0491,-0.0032,9.9021,-0.6432,-0.0474,0.5931
33235,1148,730,34.405,34.157,0.0038,0.0031,9.7562,0.0149,-0.2817,0.2075
33240,1155,745,34.444,34.254,-0.0121,0.0239,9.7721,-0.1489,-0.1021,-0.6809
33245,1165,745,34.5,34.151,-0.0031,0.0709,9.8668,-0.2601,-0.6323,0.0026
33250,1158,751,34.421,34.18,-0.0155,-0.0301,9.8398,0.1862,-0.4386,-0.6851
33255,1171,756,34.379,34.062,0.0243,0.0037,9.6946,0.5864,0.0555,-0.0984
33260,1166,766,34.452,34.167,-0.0145,0.0301,9.7912,0.185,-0.8302,-0.1595
33265,1175,773,34.433,34.086,0.0265,0.0548,9.831,0.6337,0.0894,0.1373
33270,1171,781,34.385,34.204,0.0327,-0.0257,9.76,-0.1289,0.41,-0.6052
33275,1178,785,34.457,34.121,-0.0305,0.056,9.7617,-0.3249,0.4999,1.0221
33280,1185,800,34.452,34.205,0.0575,-0.0197,9.8057,-1.1146,0.2854,-0.2144
33285,1186,806,34.436,34.222,-0.0327,0.0068,9.7381,-0.4494,0.4195,0.4957
33290,1196,811,34.445,34.131,0.0483,-0.0022,9.8777,0.0192,-0.048,0.1296
33295,1193,815,34.415,34.243,-0.093,0.0046,9.778,0.5988,0.9241,0.3227
33300,1196,816,34.477,34.095,-0.0072,0.0277,9.7565,-0.2172,0.0816,0.7206
33305,1186,828,34.415,34.177,-0.0566,-0.023,9.8012,-0.3435,0.3278,-0.2794
33310,1185,828,34.456,34.272,0.0274,-0.0058,9.793,0.3019,-0.1116,0.4748
33315,1187,837,34.469,34.175,0.0042,-0.0309,9.7943,-0.2902,0.3776,-0.4805
33320,1176,846,34.454,34.149,-0.0491,0.02,9.7504,-0.0496,-0.8039,0.1176
33325,1185,849,34.457,34.23,-0.0634,0.0548,9.8439,-0.0733,-0.6573,-0.5766
33330,1189,854,34.448,34.171,-0.069,-0.0127,9.7374,-0.1417,0.0337,-0.8339
33335,1181,863,34.369,34.158,0.0825,0.0283,9.7875,-0.5901,-0.366,0.326
33340,1176,873,34.486,34.214,-0.0063,-0.0322,9.8421,0.9036,0.6211,-0.3449
33345,1180,877,34.419,34.276,0.0715,-0.0278,9.7885,-0.2061,-0.5267,-0.0682
33350,1184,874,34.497,34.195,0.0495,0.036,9.7791,0.4859,0.1985,-0.8799
33355,1170,883,34.453,34.192,0.0117,-0.0085,9.8335,1.4396,0.4322,-0.9013
33360,1172,881,34.462,34.275,0.0464,-0.1302,9.8727,0.0383,1.3584,0.0828
33365,1169,885,34.486,34.187,-0.0212,-0.0238,9.7455,-0.0446,0.7256,0.5036
33370,1164,893,34.382,34.221,0.0671,0.0294,9.834,-0.569,-0.0153,-0.2937
33375,1161,891,34.491,34.18,-0.1043,0.0627,9.7526,-0.2611,0.4933,-1.0081
33380,1160,897,34.406,34.268,0.0337,-0.0728,9.8375,1.1781,-0.0977,-0.2415
33385,1154,895,34.462,34.201,0.0001,-0.1027,9.8109,-0.7643,0.216,-0.3864
33390,1139,902,34.476,34.196,-0.0393,0.0888,9.7942,-0.0835,-0.5559,-0.0222
33395,1157,905,34.483,34.214,-0.0332,0.009,9.762,0.2404,-0.5664,0.2095
33400,1145,903,34.433,34.329,0.0226,0.038,9.8517,-0.1556,0.4345,0.1303
33405,1138,907,34.494,34.211,0.0443,0.0273,9.8537,-0.4401,-0.1122,-0.5382
33410,1143,911,34.472,34.167,0.0073,0.0502,9.7877,-0.3061,0.2138,0.4904
33415,1137,905,34.334,34.228,-0.0749,-0.0297,9.8479,-0.0964,0.1259,0.3089
33420,1142,906,34.458,34.119,0.0521,0.0062,9.8523,0.1968,0.1985,0.3989
33425,1133,915,34.471,34.184,-0.0186,0.0135,9.9139,-0.8776,-0.0862,0.1163
33430,1139,911,34.371,34.25,0.0204,0.0122,9.7673,-0.4559,1.1782,0.0123
33435,1132,918,34.456,34.212,-0.0572,-0.1131,9.7767,0.2927,-0.5861,0.0738
33440,1124,912,34.368,34.184,-0.0732,-0.0124,9.7878,0.3678,0.1331,0.439
33445,1119,911,34.469,34.132,-0.0428,0.0837,9.8247,0.4339,-0.3642,-0.7
33450,1119,908,34.519,34.194,0.0138,0.0404,9.8263,0.4881,-0.8456,-0.6912
33455,1113,909,34.45,34.285,-0.013,0.0485,9.7475,-0.8666,0.4117,-0.0217
33460,1109,908,34.467,34.162,-0.0315,0.0218,9.8426,-0.1007,-1.0421,0.2132
33465,1112,906,34.439,34.247,-0.0266,-0.0511,9.7976,0.707,-0.0614,-0.1661
33470,1101,907,34.447,34.252,-0.035,-0.0806,9.7974,0.2052,0.0432,0.0903
33475,1105,907,34.526,34.238,0.047,-0.0022,9.8766,-0.3537,-0.5741,-0.0482
33480,1102,902,34.477,34.269,0.0084,0.062,9.8035,0.1139,0.5639,-0.0558
33485,1107,897,34.474,34.298,0.0348,-0.0231,9.8999,0.1556,0.1802,-0.2163
33490,1095,898,34.403,34.264,0.0034,-0.0627,9.7656,0.4777,1.158,0.1386
33495,1100,898,34.532,34.171,-0.0328,-0.0025,9.7541,-0.638,0.0135,-0.6064
33500,1092,899,34.445,34.214,0.0027,-0.0313,9.7835,0.1567,0.4202,-0.7819
33505,1098,892,34.517,34.155,-0.0623,0.0194,9.8041,-0.0219,-0.6281,-0.3724
33510,1087,888,34.472,34.279,0.0103,0.0132,9.873,-0.0468,-0.2782,-0.5437
33515,1092,890,34.55,34.231,0.0002,-0.0564,9.8493,0.5512,0.5628,-0.0434
33520,1079,889,34.413,34.176,0.0516,-0.0117,9.815,0.0094,-0.2692,-0.2713
33525,1095,886,34.468,34.299,0.0498,-0.0256,9.8741,-0.2103,0.0261,0.3926
33530,1079,885,34.457,34.22,0.0474,-0.0418,9.8165,0.0823,-0.1131,0.2437
33535,1079,883,34.485,34.211,-0.0539,0.1228,9.8256,0.4799,0.352,-0.1075
33540,1081,880,34.456,34.207,-0.0444,0.0361,9.7974,-0.5836,0.2509,0.0035
33545,1071,881,34.451,34.263,0.0321,-0.0865,9.8846,0.3901,-0.4909,-0.4344
33550,1078,872,34.455,34.25,0.017,0.0191,9.7909,0.52,0.6771,0.422
33555,1061,879,34.424,34.151,-0.0235,0.0473,9.8018,-0.7446,0.5042,-0.3404
33560,1067,875,34.326,34.258,-0.0709,0.0331,9.8779,0.2829,-0.1061,0.0385
33565,1063,873,34.454,34.184,0.0322,-0.0119,9.7804,0.1819,0.7155,0.2234
33570,1052,874,34.493,34.161,-0.0482,0.075,9.7884,0.446,0.5359,0.2478
33575,1053,872,34.407,34.219,0.0087,0.0233,9.7766,-0.3827,0.0998,0.5804
33580,1048,869,34.387,34.154,-0.0794,-0.013,9.8172,-0.4298,0.5691,-0.3052
33585,1039,866,34.476,34.235,-0.0214,0.0105,9.8206,0.0774,0.0306,0.161
33590,1042,867,34.459,34.201,0.0295,-0.0424,9.8045,-0.1188,0.2336,-0.7768
33595,1034,860,34.42,34.284,-0.0016,-0.0182,9.8476,0.8901,-0.5528,-0.0047
33600,1032,863,34.565,34.142,-0.0104,-0.001,9.7474,0.8865,0.2911,-0.4038
33605,1030,857,34.375,34.151,-0.0318,0.074,9.8882,0.4005,0.3183,0.0312
33610,1016,862,34.357,34.242,0.0389,-0.0143,9.8401,0.1634,-0.8972,0.3985
33615,1016,857,34.444,34.194,0.0599,0.1096,9.8672,-0.5317,-0.1856,-0.5031
33620,1014,857,34.479,34.057,0.006,-0.0747,9.8576,-0.6663,-0.0524,0.2948
33625,1006,860,34.385,34.202,0.026,-0.074,9.7633,0.7868,-0.356,0.0269
33630,991,850,34.407,34.186,0.0045,-0.0324,9.8237,0.0553,0.8925,-0.503
33635,990,855,34.479,34.178,-0.1025,0.0543,9.8718,-0.11,-0.2668,0.2804
33640,982,855,34.439,34.172,0.0392,0.0313,9.8248,-0.1806,-0.1484,-0.4414
33645,974,851,34.409,34.24,0.0193,0.0264,9.8276,-0.4621,0.0569,-0.2741
33650,978,845,34.292,34.255,0.0165,-0.0296,9.8107,-0.1335,0.2578,-0.6374
33655,959,846,34.515,34.239,-0.0815,-0.0268,9.7943,0.2831,0.2021,-0.3422
33660,960,847,34.359,34.161,0.0049,-0.0094,9.7797,-0.4322,0.0195,-0.3352
33665,945,845,34.485,34.266,-0.0278,-0.0483,9.7048,-0.3391,-0.0561,-0.7213
33670,944,846,34.525,34.126,-0.0057,-0.0042,9.8542,-0.1492,0.1904,-0.3554
33675,932,841,34.482,34.22,0.0515,0.0012,9.8863,0.2926,-0.3482,0.4294
33680,923,844,34.463,34.212,-0.0253,-0.0528,9.7824,0.2384,0.0278,-0.8319
33685,902,840,34.36,34.195,0.0331,-0.0695,9.8713,-0.0988,0.4896,-0.1365
33690,898,839,34.429,34.183,-0.0032,0.0482,9.7894,-0.0965,0.1436,-0.3312
33695,893,832,34.562,34.206,0.0151,0.0687,9.8604,-0.0804,-0.171,-0.1053
33700,885,836,34.496,34.256,-0.0052,-0.09,9.8229,-0.1951,-0.1169,-0.2593
33705,871,833,34.427,34.254,0.0962,-0.002,9.7808,-0.6634,-0.3187,-0.6122
33710,872,824,34.34,34.33,-0.0946,0.0342,9.8487,-0.2817,-0.1552,0.1487
33715,870,821,34.483,34.125,-0.0016,-0.0152,9.8092,-0.7497,0.096,0.6078
33720,856,824,34.377,34.23,0.0659,-0.0467,9.806,0.2112,-0.5687,-0.1183
33725,845,826,34.449,34.184,-0.0194,-0.1791,9.8477,-0.968,-0.4694,0.5171
33730,832,812,34.386,34.138,0.0066,-0.0292,9.8405,0.4032,0.0493,0.4859
33735,823,814,34.379,34.172,-0.0003,0.007,9.8509,-0.3332,-0.0039,0.1946
33740,818,814,34.493,34.265,-0.0019,-0.0814,9.8215,0.4105,-0.0753,-0.1643
33745,813,811,34.435,34.218,0.0496,-0.0267,9.8044,-0.448,0.035,0.4206
33750,806,810,34.534,34.204,-0.0399,0.0415,9.7876,-0.2499,-0.5519,0.1872
33755,801,804,34.492,34.181,-0.033,-0.0309,9.7826,-0.2323,-1.359,0.9223
33760,790,803,34.409,34.203,-0.0016,-0.0635,9.7947,0.3131,-0.7077,-0.7
33765,785,794,34.402,34.191,0.0197,-0.0733,9.7133,0.4736,0.1376,-0.0713
33770,780,789,34.485,34.252,0.0104,0.0375,9.8032,-0.4774,-0.7725,-0.2018
33775,773,787,34.458,34.156,0.0484,-0.0106,9.7953,0.1463,-0.2495,0.6018
33780,774,781,34.478,34.156,0.039,0.0001,9.7573,-0.5366,0.1627,-0.3124
33785,772,773,34.481,34.18,0.0554,-0.0773,9.7773,-0.4705,-0.3547,0.006
33790,766,766,34.371,34.204,-0.0073,0.0458,9.7396,0.1953,-0.4514,-0.3189
33795,753,769,34.465,34.234,0.0219,-0.1124,9.7889,0.7559,0.8263,-0.0627
33800,756,764,34.549,34.112,-0.0271,0.0493,9.79,0.6749,-0.1336,-0.2277
33805,754,754,34.403,34.134,0.0758,-0.041,9.8649,0.1505,-0.5593,0.3056
33810,757,756,34.503,34.166,0.0066,-0.0165,9.7838,0.2149,0.3672,0.8397
33815,751,747,34.397,34.193,0.0015,-0.0477,9.7939,-0.2357,-0.8235,0.0578
33820,749,745,34.481,34.163,0.0317,-0.073,9.8538,0.2588,-0.3098,0.6734
33825,742,742,34.426,34.195,-0.0194,0.1061,9.8122,-0.3041,-0.0707,-0.4789
33830,753,733,34.402,34.187,-0.0604,0.0413,9.8124,0.0759,1.0522,-1.4868
33835,761,723,34.427,34.207,0.0378,-0.1182,9.7921,0.7518,-0.4459,0.8121
33840,755,724,34.465,34.063,-0.0182,-0.0628,9.8058,-0.3551,-0.1937,0.5362
33845,754,715,34.417,34.292,-0.0328,0.0286,9.7669,0.0911,0.4838,-0.0796
33850,753,711,34.477,34.199,-0.0584,0.1007,9.9362,-0.1413,0.2942,-0.3554
33855,767,707,34.413,34.221,0.0265,0.0158,9.7954,-0.1208,-0.3415,1.1639
33860,764,710,34.419,34.278,-0.1158,0.0692,9.8481,0.8566,0.133,0.7483
33865,770,698,34.402,34.162,-0.0461,-0.0613,9.805,0.3076,0.814,-0.5256
33870,774,686,34.425,34.205,-0.0212,-0.0801,9.7315,-0.3715,0.2784,0.6333
33875,779,684,34.425,34.269,0.0602,-0.0309,9.7714,-0.6016,0.3669,-0.2797
33880,790,687,34.499,34.217,-0.0039,0.027,9.8925,-1.5253,-0.4105,0.4943
33885,796,676,34.479,34.16,-0.0843,0.0059,9.7993,-0.3976,0.3062,0.7282
33890,799,681,34.479,34.149,-0.0476,0.0482,9.8954,0.5763,0.8421,1.3041
33895,806,674,34.444,34.218,0.0229,-0.012,9.8405,0.5901,-0.6331,0.7448
33900,820,665,34.442,34.29,0.0172,-0.0516,9.792,-0.089,-0.0113,0.1026
33905,825,666,34.423,34.152,0.0313,0.0304,9.7424,-0.3976,0.3986,-0.7496
33910,846,660,34.509,34.262,0.0212,0.0618,9.7425,0.618,-0.3913,-0.001
33915,837,666,34.401,34.128,-0.0172,-0.0926,9.7544,-0.2512,-0.7451,0.1346
33920,864,658,34.478,34.199,-0.0263,-0.0003,9.9201,0.2249,-1.0185,-0.251
33925,868,652,34.372,34.255,0.0218,-0.03,9.9053,-0.5894,0.7602,-0.3937
33930,873,654,34.569,34.233,0.0112,0.0152,9.8093,0.1437,-0.0864,0.3414
33935,883,654,34.494,34.277,0.0213,0.0489,9.773,0.0204,0.8242,0.294
33940,898,652,34.45,34.298,0.0704,0.0205,9.8196,1.0698,0.4123,-0.0274
33945,917,647,34.4,34.252,0.0312,0.0323,9.8139,0.3984,-0.2341,0.8521
33950,922,652,34.413,34.126,0.0041,-0.0556,9.767,-0.4938,0.0426,0.1879
33955,938,649,34.404,34.238,-0.0475,-0.0163,9.8173,0.8793,0.5459,0.9453
33960,951,646,34.475,34.165,-0.0049,-0.0307,9.7765,-0.0359,0.272,0.1116
33965,966,654,34.407,34.251,-0.0648,-0.056,9.9166,0.0255,0.173,0.8637
33970,972,653,34.442,34.139,-0.0078,-0.0476,9.885,0.1142,-0.6544,0.4127
33975,981,656,34.431,34.273,0.0075,-0.0602,9.7592,-0.3423,-0.053,0.2922
33980,989,654,34.389,34.233,-0.0724,-0.0591,9.8209,0.3229,-0.0389,0.8951
33985,1007,658,34.429,34.23,-0.0613,0.0154,9.7986,0.1444,0.474,0.2017
33990,1015,661,34.46,34.222,-0.0447,-0.0006,9.7858,-0.7213,0.7177,0.5869
33995,1026,665,34.521,34.258,0.05,0.0584,9.8303,-0.1237,0.2266,-0.4151
34000,1034,667,34.398,34.192,-0.0,-0.0598,9.7748,-0.9876,-0.502,0.4798
34005,1049,664,34.387,34.204,-0.0077,-0.051,9.7414,-0.8837,0.7191,0.012
34010,1057,676,34.446,34.159,-0.0629,-0.0261,9.8118,-0.2276,0.5115,-0.5443
34015,1070,677,34.342,34.226,0.0738,0.0409,9.8098,-0.4642,-0.6311,-0.0676
34020,1085,691,34.49,34.124,0.0951,0.025,9.8183,0.7487,0.0482,0.8662
34025,1091,692,34.424,34.278,-0.1134,0.055,9.8016,-0.4075,-0.1482,0.1335
34030,1093,692,34.428,34.168,-0.001,0.0093,9.8627,0.3982,-0.7232,0.7287
34035,1106,698,34.419,34.233,0.0072,0.0245,9.78,-0.904,-0.3177,-0.0248
34040,1110,703,34.465,34.258,0.0543,-0.0661,9.862,-0.2733,-0.3916,-0.3586
34045,1119,712,34.38,34.201,0.0815,-0.0784,9.8499,0.762,-0.3151,1.0109
34050,1136,711,34.449,34.123,0.0498,0.051,9.8325,0.3557,0.4993,0.906
34055,1139,723,34.435,34.335,0.0138,0.0316,9.8731,0.3732,0.3118,0.0759
34060,1139,731,34.456,34.138,-0.0111,0.0107,9.9459,0.2761,0.0018,0.1789
34065,1139,734,34.576,34.197,0.0598,0.0148,9.839,-0.6523,-0.5454,0.539
34070,1152,743,34.495,34.212,0.0105,0.0197,9.7746,0.5118,1.3479,0.4445
34075,1172,748,34.433,34.198,-0.0243,0.0371,9.8042,-0.4779,-0.6126,-0.2537
34080,1163,753,34.378,34.172,0.0677,-0.0152,9.8164,0.3475,0.4695,-0.0543
34085,1172,763,34.458,34.215,0.0108,-0.0128,9.7537,0.8396,-0.7798,-0.0265
34090,1172,771,34.475,34.141,0.0582,0.0439,9.7703,-0.3461,0.4059,0.0483
34095,1179,778,34.432,34.215,0.0632,-0.1178,9.8219,0.6459,-0.3144,0.1661
34100,1180,777,34.503,34.145,0.0412,0.0022,9.8608,-0.5238,0.9983,-0.1377
34105,1198,790,34.539,34.222,-0.0496,0.0398,9.8828,-0.2931,-0.4104,-0.2764
34110,1182,801,34.37,34.137,-0.0508,-0.0155,9.7762,0.7537,0.2683,0.1798
34115,1189,799,34.289,34.193,-0.0262,0.0226,9.7975,-0.6933,0.345,-0.279
34120,1194,813,34.442,34.326,0.0147,-0.0184,9.8272,-0.464,-0.269,0.5252
34125,1188,818,34.472,34.264,0.046,0.0256,9.9253,0.1105,-0.2869,-0.3067
34130,1190,818,34.507,34.234,-0.0083,0.0669,9.818,-0.2962,0.4392,-0.1582
34135,1194,831,34.419,34.242,0.0308,0.017,9.7378,0.4764,0.2608,0.2926
34140,1183,833,34.372,34.153,-0.0082,-0.0059,9.8101,0.0185,0.1233,-0.6666
34145,1181,842,34.474,34.203,-0.0371,0.0463,9.7931,-0.1191,0.1707,-0.6473
34150,1184,851,34.399,34.187,-0.0265,-0.0266,9.7535,0.7806,-0.1527,-0.214
34155,1172,849,34.338,34.217,0.0648,0.0971,9.8343,0.0035,0.4093,-0.8445
34160,1187,857,34.373,34.181,0.11,0.0667,9.6872,0.2258,0.5421,0.1899
34165,1184,855,34.418,34.138,-0.021,0.0075,9.7657,-0.1167,-0.2576,-0.3723
34170,1169,866,34.407,34.23,-0.0197,0.0933,9.8721,0.2107,0.0951,-0.0973
34175,1176,869,34.348,34.193,-0.0222,0.0199,9.7922,-0.2814,0.4128,-0.1413
34180,1176,881,34.37,34.187,-0.008,0.0198,9.832,-0.1529,0.5985,0.6598
34185,1169,884,34.457,34.207,0.0409,-0.0293,9.7382,0.5649,-0.5072,0.2567
34190,1164,884,34.431,34.169,0.1234,0.027,9.8298,0.1399,0.6839,0.5783
34195,1167,887,34.431,34.212,-0.0107,-0.0506,9.7632,0.4598,-0.5474,-0.9688
34200,1167,895,34.528,34.092,0.0284,-0.0268,9.7714,0.6827,0.98,0.4516
34205,1163,889,34.36,34.183,-0.0045,0.0192,9.8444,-0.1061,-0.1147,-0.4872
34210,1160,902,34.55,34.212,-0.0243,0.0294,9.7942,0.4161,-0.1159,0.2272
34215,1149,894,34.461,34.229,0.0383,0.0251,9.8237,-0.519,0.3159,0.0561
34220,1154,900,34.356,34.141,-0.0007,-0.0042,9.7792,-0.1842,0.1754,0.0016
34225,1155,903,34.481,34.132,-0.0086,0.0055,9.8345,0.9107,0.5083,0.5756
34230,1142,901,34.457,34.241,0.0153,0.0061,9.8371,0.3267,-0.4631,0.2552
34235,1139,908,34.398,34.211,0.0558,-0.0097,9.8179,0.4425,-0.0677,0.3101
34240,1140,905,34.471,34.185,0.0164,0.0207,9.7281,-0.5971,0.0518,0.1967
34245,1134,907,34.387,34.192,0.0403,-0.0123,9.839,0.6214,-0.0664,0.6922
34250,1129,911,34.432,34.098,-0.0815,-0.0409,9.8007,0.2446,0.3065,-0.3767
34255,1130,909,34.421,34.215,0.0267,0.1088,9.8188,0.0939,-0.9607,-0.0304
34260,1122,908,34.383,34.217,-0.033,-0.0673,9.7932,-0.497,-0.6258,1.0675
34265,1125,909,34.378,34.161,-0.0053,0.0078,9.7367,0.0157,1.0315,-0.0056
34270,1122,904,34.429,34.136,-0.0739,0.0127,9.8705,0.6114,0.2742,-0.2689
34275,1119,910,34.416,34.166,-0.0169,-0.065,9.837,-0.6348,-0.4893,0.6548
34280,1119,914,34.431,34.2,0.0738,0.1279,9.8392,0.6345,0.6413,0.8607
34285,1107,904,34.359,34.303,-0.0433,-0.0306,9.823,0.1714,0.5942,1.3067
34290,1100,909,34.368,34.121,-0.05,0.0042,9.8486,-0.528,0.4382,0.3559
34295,1111,912,34.503,34.186,0.0194,-0.0402,9.776,0.0686,0.3882,0.0132
34300,1105,903,34.503,34.182,-0.0449,0.0604,9.8392,-0.8236,-0.5134,0.2637
34305,1104,907,34.402,34.149,0.0347,0.12,9.8155,0.1431,-0.611,-0.1518
34310,1101,902,34.292,34.209,-0.0035,-0.0182,9.8341,0.193,0.0503,1.0962
34315,1104,905,34.49,34.218,-0.0372,-0.0498,9.7833,-0.7801,0.0994,0.5127
34320,1105,901,34.439,34.253,-0.0503,0.0543,9.7498,0.0194,-0.0913,-0.5533
34325,1092,903,34.387,34.148,0.0575,0.0695,9.7765,-0.2976,-0.5057,0.5264
34330,1093,894,34.437,34.169,0.0467,0.0428,9.7692,0.5491,0.0906,-0.0464
34335,1096,894,34.432,34.145,0.0111,0.0457,9.9061,0.0283,-0.4755,0.6751
34340,1086,891,34.431,34.249,0.1357,-0.0961,9.8662,-0.2856,-0.0335,-0.6865
34345,1080,891,34.372,34.247,0.0009,-0.0364,9.7663,-0.6494,-0.5248,-0.1983
34350,1085,888,34.462,34.158,0.0693,-0.0644,9.8913,-0.2887,1.5941,-0.6161
34355,1085,881,34.469,34.269,-0.0311,-0.062,9.7394,0.2126,-0.3809,-0.2424
34360,1076,882,34.485,34.146,-0.0027,0.039,9.7553,-0.4289,-0.4515,0.0198
34365,1076,884,34.406,34.16,-0.0182,0.0059,9.8492,-0.4216,-0.2828,0.8724
34370,1077,881,34.425,34.213,0.0463,0.0469,9.8229,-0.2411,0.5793,0.0035
34375,1075,883,34.5,34.16,0.0007,-0.0153,9.6578,0.2282,-0.0801,-0.0567
34380,1070,872,34.393,34.212,-0.0034,-0.0172,9.7582,0.6946,0.3386,0.112
34385,1061,874,34.455,34.179,-0.0986,-0.1138,9.7965,-0.6918,0.1025,0.5047
34390,1067,873,34.472,34.151,-0.0376,0.017,9.8708,-0.6154,-0.3814,0.2913
34395,1051,872,34.513,34.188,-0.0501,-0.0026,9.7502,0.1846,-0.4566,1.171
34400,1064,866,34.408,34.257,-0.0496,0.0383,9.8043,-0.2743,-0.1141,0.3331
34405,1052,865,34.448,34.199,-0.0363,-0.0195,9.8622,-1.2023,-0.0624,0.5417
34410,1046,859,34.45,34.23,0.0036,0.051,9.7989,-0.8485,1.473,-0.3499
34415,1041,865,34.419,34.193,0.0065,-0.022,9.7446,0.3435,0.0982,-0.3514
34420,1036,867,34.472,34.07,-0.0108,0.0077,9.7632,0.4043,-0.081,-0.7643
34425,1044,861,34.395,34.157,-0.0194,-0.0172,9.7791,-0.1093,-0.3966,0.3124
34430,1034,859,34.461,34.271,0.0374,0.0154,9.8363,0.9164,0.2209,-0.0733
34435,1021,860,34.397,34.233,0.0198,0.0507,9.7436,-0.0666,0.1734,0.3916
34440,1026,863,34.336,34.174,-0.0346,-0.0492,9.779,0.0453,-0.0702,0.6295
34445,1013,859,34.404,34.186,0.0119,-0.0351,9.7784,0.2465,-0.5951,-0.8305
34450,1006,861,34.384,34.23,0.0293,-0.0712,9.7667,0.0259,-0.1203,0.0561
34455,1000,854,34.415,34.228,0.0138,-0.0298,9.7368,-0.598,0.4685,0.1573
34460,995,859,34.379,34.135,-0.0653,-0.0455,9.8154,0.0854,0.139,-0.9579
34465,993,853,34.523,34.13,0.0215,-0.0097,9.8217,0.4251,-0.5361,-0.6861
34470,984,849,34.392,34.034,0.0123,0.0506,9.8246,-1.323,-0.1322,0.3611
34475,969,850,34.469,34.192,0.0277,-0.0612,9.8195,-0.0469,0.3928,0.3101
34480,969,850,34.421,34.192,-0.0311,-0.0155,9.7072,-1.2201,-1.1237,0.0114
34485,953,847,34.442,34.174,0.0395,-0.0554,9.8148,0.518,0.4808,-0.5852
34490,957,845,34.383,34.161,-0.0586,-0.0074,9.7258,-0.1966,0.3569,-0.024
34495,938,852,34.419,34.227,-0.0289,0.0224,9.7615,-0.4665,0.1325,0.568
34500,938,840,34.444,34.155,-0.0803,-0.0052,9.8146,-0.4388,-0.2291,0.103
34505,924,840,34.447,34.22,0.0222,-0.035,9.7997,-0.117,0.1844,-0.4705
34510,915,837,34.416,34.198,0.0825,0.0219,9.7749,0.7806,-0.3352,0.5941
34515,908,838,34.393,34.127,0.0022,0.0172,9.8546,0.0083,0.0026,0.6416
34520,903,844,34.433,34.186,0.0241,-0.089,9.7909,-0.1575,-1.1037,0.2082
34525,896,837,34.418,34.228,0.025,0.0424,9.7486,0.521,0.0729,0.7284
34530,884,834,34.535,34.16,-0.0631,-0.0521,9.7722,0.2448,0.1265,-1.1239
34535,868,833,34.504,34.273,0.0054,-0.0293,9.8604,-0.166,-0.0665,-0.3584
34540,864,823,34.334,34.181,-0.0293,0.0194,9.8714,0.4092,-0.0339,-0.3092
34545,862,824,34.394,34.301,0.038,-0.0213,9.8428,-0.4902,-0.71,0.2549
34550,845,825,34.476,34.265,0.006,0.0165,9.8077,-0.6379,-0.3091,-0.9523
34555,848,820,34.481,34.165,-0.0969,-0.0726,9.7706,0.4717,0.4351,-0.1163
34560,834,821,34.449,34.143,-0.0026,0.0228,9.887,0.1013,-0.44,-0.7554
34565,825,816,34.456,34.106,-0.0017,0.0589,9.7416,0.3939,-0.0604,0.5935
34570,817,820,34.446,34.199,0.0699,0.0032,9.7907,0.0907,0.2436,-0.3565
34575,812,808,34.425,34.215,-0.0783,0.0095,9.7713,0.5543,1.0523,-0.353
34580,811,806,34.495,34.213,0.0422,-0.0396,9.8187,-0.4616,-0.0904,-0.7397
34585,798,802,34.408,34.179,0.024,0.0547,9.8376,-0.0425,-0.1689,-0.7275
34590,786,799,34.308,34.307,0.0037,-0.0925,9.7464,0.6399,-0.4972,0.0372
34595,780,797,34.35,34.194,0.0231,0.0061,9.8373,-0.3504,-0.1785,0.1154
34600,783,787,34.407,34.21,0.0251,0.044,9.8215,0.8543,0.0391,-0.4078
34605,771,790,34.471,34.223,0.0378,0.0077,9.8109,0.1575,0.1797,0.6714
34610,771,780,34.342,34.267,-0.0075,-0.0599,9.8048,0.119,-0.6501,-0.0098
34615,757,776,34.428,34.209,-0.0528,-0.0424,9.8868,-0.1681,0.062,-0.0191
34620,766,770,34.379,34.166,-0.0399,-0.0271,9.8471,-0.7409,-0.1487,-0.1474
34625,755,765,34.474,34.117,0.0495,-0.0179,9.8736,-0.6534,-0.745,-0.4758
34630,743,764,34.333,34.24,0.0242,-0.0615,9.8253,-0.7905,0.0455,1.0087
34635,764,754,34.406,34.214,0.1231,-0.0172,9.7487,-0.3484,-1.1522,0.7656
34640,745,756,34.451,34.269,0.0137,-0.0519,9.871,0.6162,-0.335,-0.1143
34645,753,745,34.417,34.208,0.0383,-0.0125,9.8026,0.2372,-1.1281,0.4879
34650,753,739,34.426,34.128,-0.0418,-0.0425,9.8244,-0.5583,0.8241,-0.2888
34655,749,734,34.454,34.276,0.0056,-0.0577,9.797,-0.233,-0.046,-0.0716
34660,743,728,34.415,34.267,-0.015,0.0045,9.7819,-0.0357,-0.2909,-0.4332
34665,746,726,34.513,34.155,0.0073,0.049,9.7964,-0.6971,-0.3856,-1.3163
34670,752,730,34.402,34.223,-0.0002,0.0181,9.8154,0.443,0.105,0.569
34675,763,716,34.46,34.257,-0.1193,-0.0734,9.8495,-0.1278,0.3729,0.1344
34680,757,712,34.449,34.223,0.107,-0.008,9.7906,0.0381,0.4326,-0.4897
34685,761,713,34.448,34.127,0.0573,0.0007,9.8608,-0.5576,-0.1176,-0.08
34690,765,706,34.357,34.23,-0.0169,0.0291,9.8547,-0.3723,0.1817,-0.4802
34695,771,699,34.44,34.213,0.0244,-0.0361,9.8451,-0.9839,0.0894,-0.1715
34700,770,691,34.371,34.186,-0.0058,-0.0447,9.698,-0.0289,-0.111,-0.7653
34705,781,687,34.521,34.284,-0.0112,0.0514,9.785,0.4665,0.2352,0.2588
34710,787,687,34.476,34.195,-0.0081,0.1262,9.8221,0.3176,0.5675,-0.4742
34715,795,679,34.308,34.211,-0.0053,0.0434,9.861,-0.1904,0.4628,-0.1887
34720,803,673,34.506,34.244,-0.0083,-0.0257,9.8777,0.4475,0.1884,0.0702
34725,811,677,34.381,34.154,-0.163,0.0225,9.8399,-0.0852,0.0757,-0.4514
34730,825,664,34.415,34.115,0.0378,0.0368,9.8834,0.2918,-0.2365,-0.261
34735,837,666,34.406,34.154,0.0181,0.0561,9.8597,-0.8543,0.6187,0.3204
34740,840,667,34.394,34.166,0.0112,-0.051,9.8684,0.6221,-0.2681,0.3087
34745,852,659,34.398,34.204,-0.034,-0.0523,9.7976,0.7388,0.3112,-0.1328
34750,868,657,34.503,34.143,0.0081,0.0275,9.7946,-0.153,-1.1376,0.5922
34755,873,656,34.449,34.26,0.0252,-0.0283,9.8271,0.7174,0.776,0.3631
34760,881,654,34.4,34.159,0.0012,-0.021,9.8729,0.203,-1.028,0.1013
34765,888,653,34.34,34.144,0.0012,0.019,9.7592,-0.1173,-0.4283,0.2038
34770,910,649,34.486,34.203,0.014,0.0276,9.9516,0.1383,0.0401,0.6718
34775,907,653,34.284,34.209,-0.009,0.0327,9.7879,-0.3917,-0.6063,-1.0224
34780,919,651,34.386,34.274,0.0536,-0.0271,9.7819,-0.6198,-0.3046,0.1953
34785,933,651,34.364,34.177,0.099,0.0334,9.8122,0.0822,0.6429,0.6016
34790,944,653,34.487,34.206,-0.0326,0.0176,9.8082,1.1224,-0.9404,0.7702
34795,952,654,34.452,34.152,-0.0248,-0.0634,9.7652,-0.0438,0.2973,0.3534
34800,972,654,34.539,34.126,-0.0159,-0.0283,9.8691,-0.3462,0.5219,0.2076
34805,975,657,34.358,34.208,-0.1022,0.0291,9.834,0.1634,-0.0166,0.6653
34810,995,653,34.329,34.258,0.019,0.0402,9.8198,-0.1922,-0.9683,0.4083
34815,1003,654,34.431,34.218,0.1765,-0.0546,9.7769,-0.749,0.36,0.2023
34820,1019,664,34.43,34.152,0.0245,0.0393,9.8231,-0.0994,0.2374,-0.2396
34825,1030,662,34.483,34.193,0.0055,-0.0549,9.7615,0.7491,0.032,-0.2539
34830,1042,668,34.461,34.167,0.0948,0.0603,9.7955,-0.0831,-0.4107,-0.2206
34835,1047,672,34.44,34.218,0.0111,-0.0695,9.913,-1.2548,1.0014,-0.4568
34840,1066,674,34.463,34.341,0.0493,-0.0128,9.7733,-0.0465,0.6134,-0.3283
34845,1066,675,34.468,34.284,0.0866,0.0589,9.8481,0.3309,-0.6656,-0.6819
34850,1081,681,34.485,34.19,0.0917,0.0425,9.8927,-0.6484,0.6719,0.2998
34855,1088,686,34.357,34.209,0.0776,-0.0328,9.8768,-0.2453,0.305,-0.03
34860,1094,692,34.375,34.221,-0.0742,0.0426,9.7712,-0.2255,0.6228,0.0561
34865,1111,697,34.422,34.121,-0.1041,0.0128,9.8078,-0.1584,0.776,-0.7198
34870,1115,701,34.319,34.238,-0.0087,0.0429,9.8864,0.3572,0.5543,0.0405
34875,1125,709,34.414,34.135,-0.1247,-0.0106,9.8162,-0.1458,-0.3831,0.2843
34880,1120,712,34.416,34.228,0.0474,-0.0368,9.7734,-0.2866,-0.2245,0.1885
34885,1139,725,34.455,34.255,-0.0048,0.0462,9.833,0.4302,0.5494,-0.2554
34890,1137,726,34.47,34.189,0.0309,-0.0083,9.8858,-0.6088,-0.0879,0.7063
34895,1160,734,34.33,34.279,-0.0126,-0.0111,9.8282,0.6078,-0.0872,1.038
34900,1152,742,34.434,34.101,-0.0172,-0.0794,9.9079,0.9933,-0.2909,0.5716
34905,1167,751,34.411,34.174,0.0264,0.0312,9.8206,-0.1684,0.0145,0.4803
34910,1173,754,34.434,34.146,0.0848,-0.0288,9.7823,-0.8993,0.8085,0.0421
34915,1173,760,34.312,34.111,0.0088,-0.0756,9.819,-0.3371,0.4251,-0.2293
34920,1171,768,34.407,34.213,0.1053,-0.0362,9.8827,-0.503,-0.633,-0.0638
34925,1179,776,34.424,34.235,0.0982,0.0375,9.8238,0.6265,0.7471,-0.2077
34930,1176,782,34.415,34.253,0.0073,0.0563,9.9158,1.2386,0.6119,0.3639
34935,1184,789,34.422,34.215,-0.0086,-0.0293,9.905,-0.1123,-0.36,0.4025
34940,1189,795,34.461,34.148,0.0435,-0.0113,9.7203,0.1643,-0.4631,-0.1487
34945,1185,802,34.456,34.203,0.0038,-0.0525,9.8382,-0.4863,-0.0753,0.1731
34950,1183,809,34.427,34.247,-0.0308,-0.0152,9.8447,0.9932,-0.1434,-0.1714
34955,1182,817,34.5,34.282,0.0357,0.0572,9.8532,-0.7446,-0.1199,-0.7538
34960,1193,822,34.449,34.204,-0.0605,0.0129,9.8922,-0.5213,-0.0422,0.5325
34965,1181,830,34.411,34.352,-0.0392,0.0647,9.8241,-1.3485,-0.1129,0.2423
34970,1190,833,34.407,34.269,0.0309,-0.0963,9.9082,0.701,0.2804,0.701
34975,1179,840,34.424,34.24,0.0532,-0.0078,9.8338,-0.2422,0.3558,0.3285
34980,1185,851,34.395,34.264,0.0083,0.021,9.7615,-0.4736,-0.8494,0.834
34985,1182,856,34.461,34.265,0.0193,0.0616,9.8152,0.1817,0.5521,-0.4186
34990,1194,861,34.435,34.207,-0.0675,0.061,9.7717,-0.1965,-1.0476,0.0638
34995,1179,867,34.391,34.084,0.0666,-0.0505,9.8563,0.2365,-0.093,0.2957
35000,1181,868,34.559,34.137,-0.1003,0.0265,9.852,1.0891,-0.6914,0.8584
35005,1172,872,34.467,34.136,-0.003,0.0461,9.8092,-0.973,0.6892,1.2485
35010,1172,875,34.375,34.187,0.0009,-0.082,9.8806,-0.1849,0.3391,0.3956
35015,1170,881,34.406,34.184,-0.0305,0.049,9.7792,0.037,-0.4916,-0.1974
35020,1171,885,34.398,34.093,-0.0529,-0.0112,9.7609,0.1647,0.6604,0.0612
35025,1172,891,34.431,34.093,-0.0274,0.0198,9.889,-0.0191,-0.2825,0.1547
35030,1162,890,34.38,34.243,0.0191,-0.0151,9.8492,-0.2895,0.2093,-0.1353
35035,1157,889,34.396,34.262,0.173,0.0417,9.8341,-0.26,1.0357,0.2774
35040,1157,899,34.393,34.211,0.0279,0.1567,9.8538,0.169,0.4063,-0.1706
35045,1157,897,34.458,34.167,0.0162,-0.0033,9.9572,-0.6937,0.3558,-0.5755
35050,1149,906,34.462,34.184,0.0275,0.05,9.8948,-0.0023,-0.3849,-0.2069
35055,1155,899,34.395,34.212,0.0064,-0.0462,9.8188,-0.5935,-0.1241,0.7528
35060,1145,902,34.485,34.221,0.0677,-0.1115,9.85,-0.608,-0.1988,0.3185
35065,1137,912,34.389,34.189,-0.0421,-0.0846,9.8364,0.3378,-0.3977,-0.4814
35070,1132,902,34.462,34.22,-0.11,-0.0447,9.7593,0.5414,0.8282,0.1985
35075,1137,911,34.392,34.138,0.0479,0.0036,9.8325,0.3062,0.3839,-0.1584
35080,1127,910,34.559,34.133,0.036,0.0361,9.776,0.8057,0.7506,0.0916
35085,1128,915,34.396,34.132,-0.0064,0.0233,9.8014,-0.587,0.305,-0.9844
35090,1124,913,34.384,34.079,0.0463,0.0806,9.7827,0.2273,0.4352,0.2246
35095,1118,910,34.456,34.107,-0.0098,0.0149,9.7239,0.0039,0.0099,-0.4007
35100,1113,909,34.441,34.156,-0.0243,-0.0034,9.8671,-0.0627,0.5306,0.546
35105,1114,908,34.364,34.181,-0.04,-0.0242,9.7773,1.2395,-0.3199,0.9346
35110,1120,910,34.372,34.205,-0.003,0.0092,9.8006,1.0499,0.0666,0.5406
35115,1119,906,34.437,34.176,0.0042,0.0415,9.8136,-1.0404,-0.8282,-0.243
35120,1108,907,34.424,34.184,-0.0565,-0.0097,9.8017,0.1698,0.2094,-0.1183
35125,1114,906,34.453,34.212,0.0647,0.1421,9.7555,0.2622,-0.0663,1.3602
35130,1102,902,34.373,34.145,-0.0239,0.0869,9.8223,0.2019,1.7417,-0.877
35135,1099,903,34.416,34.211,-0.1142,0.0871,9.8051,0.2519,0.3741,-0.0842
35140,1104,900,34.433,34.131,0.0444,0.0035,9.7877,0.3514,-0.0965,0.7294
35145,1092,903,34.422,34.188,-0.0814,0.0243,9.842,0.1432,-0.328,0.4993
35150,1097,898,34.377,34.206,-0.0483,-0.0659,9.8905,-0.1591,0.312,0.0796
35155,1096,891,34.424,34.174,-0.0027,0.0862,9.8415,-0.5578,-0.7958,0.0945
35160,1092,902,34.385,34.151,0.0511,0.0151,9.8404,0.2816,-0.7324,0.2872
35165,1084,895,34.499,34.124,-0.0171,0.0197,9.7394,0.4477,-0.606,0.7803
35170,1085,888,34.557,34.137,-0.011,-0.004,9.7568,0.0864,0.0628,0.4343
35175,1085,889,34.362,34.111,0.0395,-0.0166,9.764,-0.2779,-1.1409,0.278
35180,1076,884,34.415,34.172,-0.1639,-0.0209,9.8013,-0.582,-0.1956,0.7235
35185,1071,887,34.387,34.259,-0.0313,-0.0366,9.8282,0.0535,0.1276,0.386
35190,1080,885,34.403,34.157,0.057,-0.0385,9.7494,-0.5868,-0.8754,-0.0054
35195,1078,880,34.356,34.125,0.0171,-0.0672,9.8425,0.4067,0.1334,0.296
35200,1079,884,34.424,34.133,-0.0041,0.0406,9.8809,0.9056,-0.5939,-0.8762
35205,1080,873,34.47,34.245,-0.0071,-0.0187,9.8317,-0.9129,0.4639,0.1288
35210,1075,867,34.435,34.157,0.0361,-0.0374,9.8037,-0.3767,-0.1497,-0.6093
35215,1067,870,34.475,34.196,-0.0533,0.0317,9.8644,-0.1246,0.7051,-0.0195
35220,1065,875,34.507,34.241,-0.0645,-0.0103,9.7459,0.7893,0.0834,-0.326
35225,1057,868,34.325,34.275,0.0154,0.0509,9.7641,-0.8502,0.4272,-0.5219
35230,1060,870,34.404,34.217,0.0704,-0.0461,9.8129,-0.1704,1.3135,0.2028
35235,1054,871,34.436,34.158,-0.091,0.1,9.7999,-0.4751,0.7696,0.333
35240,1047,865,34.433,34.17,-0.002,0.0739,9.8384,-0.4332,0.0338,0.28
35245,1043,864,34.416,34.278,0.0495,-0.0088,9.791,0.2451,-0.2612,1.0728
35250,1046,868,34.398,34.157,-0.0638,0.0181,9.7866,-0.3486,0.0992,0.3692
35255,1039,865,34.457,34.255,0.005,-0.0012,9.792,-0.3061,-0.7032,0.6528
35260,1027,856,34.427,34.156,-0.0189,-0.0833,9.8259,0.3391,0.4956,-0.7198
35265,1033,860,34.404,34.238,-0.0119,0.1343,9.7898,0.7216,-0.7058,0.5526
35270,1011,860,34.471,34.257,0.0323,0.0818,9.782,0.0789,-0.4006,-0.3136
35275,1021,856,34.416,34.193,-0.0681,0.0632,9.8606,0.5816,-0.1789,0.7273
35280,1000,858,34.413,34.126,-0.0148,-0.0155,9.8174,1.1466,-0.6807,0.3923
35285,998,851,34.435,34.207,-0.0179,-0.0768,9.8167,-0.5992,-0.8334,-0.1374
35290,993,855,34.513,34.163,0.0217,-0.0066,9.7625,0.7023,0.5945,-0.4057
35295,990,851,34.387,34.24,-0.0689,-0.0837,9.8625,0.0731,0.1452,-0.2704
35300,983,851,34.414,34.251,0.0341,-0.0067,9.8524,0.7291,-0.2465,-0.6562
35305,982,854,34.393,34.166,0.0133,0.0116,9.8009,-0.7551,0.471,0.2404
35310,971,853,34.477,34.188,0.0005,-0.0385,9.8147,-0.6216,0.3331,0.0619
35315,956,847,34.338,34.196,-0.0807,0.0379,9.7427,-0.4532,0.0569,-0.7407
35320,952,843,34.403,34.335,0.0251,-0.0541,9.8366,0.0925,0.3284,-0.9293
35325,938,842,34.353,34.161,-0.0091,-0.0408,9.8039,-0.2797,-0.7008,-0.7954
35330,929,843,34.372,34.202,-0.007,0.0434,9.9035,-0.5712,-0.306,0.2737
35335,920,840,34.468,34.22,0.0115,-0.0055,9.809,0.4653,0.1613,0.1494
35340,918,835,34.388,34.175,0.0094,0.0904,9.8134,0.1023,-0.6471,0.0875
35345,911,844,34.398,34.13,-0.0497,-0.0194,9.7628,0.9116,-0.6995,0.1501
35350,908,840,34.421,34.167,-0.0314,-0.0593,9.8207,0.1037,-1.3104,0.4106
35355,884,837,34.51,34.288,0.035,-0.0551,9.8222,-0.7402,0.2611,-0.9169
35360,891,830,34.499,34.234,0.0525,-0.0207,9.855,0.1683,0.3792,0.1549
35365,878,833,34.431,34.284,0.0462,-0.03,9.748,-0.2489,-0.7218,-0.7083
35370,873,825,34.418,34.206,0.035,0.0356,9.8031,-0.1702,0.5449,0.0002
35375,863,830,34.449,34.158,0.0088,0.0962,9.7873,-0.5197,-0.6936,0.1228
35380,857,823,34.47,34.211,-0.0634,-0.0318,9.8691,0.4067,0.8155,-0.9515
35385,840,814,34.378,34.232,0.1294,0.142,9.8055,-0.399,-0.3013,-0.7058
35390,833,813,34.389,34.201,-0.0514,0.0021,9.9233,0.5726,-0.0887,0.0614
35395,826,810,34.36,34.092,-0.0176,-0.0047,9.776,-0.334,0.129,-0.8005
35400,819,809,34.46,34.097,0.0042,-0.03,9.8021,0.2125,0.7078,0.0988
35405,810,809,34.411,34.211,0.0375,-0.0164,9.8366,-0.674,0.7627,0.1531
35410,802,808,34.465,34.203,-0.0267,-0.0299,9.7555,0.6616,-0.3692,0.1724
35415,786,802,34.461,34.221,-0.1078,-0.0657,9.8634,0.5309,-0.0115,0.0559
35420,782,799,34.451,34.208,0.0658,-0.022,9.9517,0.2162,-0.5838,-0.2424
35425,787,790,34.398,34.158,-0.0386,-0.1029,9.7793,-0.2573,0.3679,0.1846
35430,788,787,34.392,34.193,0.0435,-0.1292,9.9487,-0.0279,-0.0145,0.3819
35435,774,790,34.408,34.219,0.0728,-0.0268,9.8379,-0.7618,-0.4002,-0.4542
35440,768,786,34.319,34.147,0.0093,-0.073,9.721,-0.6687,0.1897,0.7162
35445,765,778,34.356,34.181,-0.0228,0.0324,9.8703,0.4893,-0.1961,0.2619
35450,754,767,34.503,34.227,0.0201,-0.0326,9.7656,-0.2495,-0.9505,-0.3818
35455,760,765,34.468,34.208,-0.0617,0.0391,9.8453,0.429,-1.0279,-0.2937
35460,759,765,34.411,34.14,-0.0415,0.0613,9.734,0.5693,0.0467,0.3596
35465,751,758,34.369,34.175,-0.0794,-0.0293,9.8366,-0.38,-0.6682,-0.1878
35470,751,752,34.416,34.252,-0.0944,-0.0488,9.7307,0.8994,0.3795,0.6009
35475,742,748,34.338,34.163,-0.0615,0.0204,9.778,0.5679,0.4004,-0.0189
35480,747,738,34.397,34.173,-0.0067,0.006,9.7796,0.3123,0.4,-0.635
35485,751,734,34.452,34.252,0.0282,0.0511,9.8422,0.2237,0.6141,-0.5824
35490,747,731,34.428,34.203,0.0304,-0.0064,9.8071,0.1505,0.3567,0.1309
35495,752,726,34.395,34.23,0.0748,-0.0997,9.7584,0.0595,0.3045,-0.5441
35500,750,723,34.483,34.123,-0.0186,-0.0687,9.8085,0.3302,0.4756,0.0594
35505,756,715,34.436,34.198,0.0663,-0.0299,9.821,-0.1282,0.7497,0.4795
35510,752,712,34.375,34.246,-0.0852,-0.0058,9.7893,0.021,-0.225,-0.5254
35515,761,707,34.382,34.159,-0.0523,0.0449,9.799,0.0091,-0.3244,0.0471
35520,771,704,34.431,34.143,0.0322,-0.0511,9.7349,0.036,0.2669,-0.0854
35525,762,693,34.522,34.284,0.0038,0.0376,9.7731,-0.1444,-0.4684,0.2367
35530,774,692,34.453,34.221,0.0207,0.0166,9.847,0.3625,-0.3509,0.0934
35535,776,685,34.394,34.245,0.0347,-0.125,9.818,0.6078,-0.5507,-0.2295
35540,798,678,34.466,34.207,-0.0487,-0.0449,9.8639,-0.3404,0.1179,0.0731
35545,797,682,34.496,34.167,0.055,-0.029,9.7775,0.6015,-0.7138,0.1001
35550,802,677,34.362,34.18,0.104,-0.0305,9.8688,0.1435,-1.0665,-0.0581
35555,808,674,34.419,34.199,0.0833,0.039,9.8228,-0.619,0.151,-0.2894
35560,821,668,34.434,34.274,-0.0069,-0.0578,9.7817,0.8674,0.82,0.5186
35565,828,667,34.377,34.284,0.0113,-0.033,9.7124,-0.204,-0.459,0.5584
35570,846,662,34.496,34.234,0.0423,0.0705,9.8091,0.0371,-0.8428,-0.0245
35575,846,656,34.416,34.136,0.1092,-0.0095,9.77,0.8595,0.3872,-0.5799
35580,869,655,34.391,34.183,0.0434,-0.037,9.847,-1.0251,-0.7769,-0.9356
35585,871,655,34.291,34.203,-0.0172,-0.0693,9.8716,0.5259,-0.2331,-0.0119
35590,875,653,34.418,34.12,-0.038,-0.0165,9.8452,0.061,-0.8404,0.2477
35595,889,648,34.343,34.237,0.0044,0.0148,9.8664,0.2066,0.357,-0.1568
35600,908,650,34.41,34.162,0.0342,-0.0727,9.8008,0.6826,-0.4754,-0.0282
35605,915,651,34.504,34.134,-0.0208,0.0128,9.8699,-0.2975,-0.004,-0.0471
35610,920,651,34.405,34.112,0.0443,0.0062,9.7662,-0.6078,0.387,0.1554
35615,945,653,34.393,34.228,0.0603,0.0106,9.7655,-0.2071,0.109,-0.0509
35620,944,649,34.471,34.2,-0.0202,-0.0352,9.91,-0.021,0.7419,-0.3848
35625,958,656,34.463,34.154,0.0283,-0.0437,9.8734,-0.0273,0.189,-0.2225
35630,973,661,34.403,34.112,-0.0402,-0.0554,9.8081,-0.8269,0.0543,-0.3046
35635,986,652,34.419,34.141,-0.0005,-0.0005,9.7749,-0.3126,-0.7787,-0.4555
35640,991,651,34.542,34.193,-0.0081,-0.0057,9.8523,-0.6606,0.5726,-1.1323
35645,1005,662,34.35,34.152,0.1035,-0.0781,9.6847,0.3141,-0.0596,0.4092
35650,1017,661,34.444,34.238,0.1106,0.1051,9.736,-0.8716,-0.1662,0.5862
35655,1029,659,34.345,34.28,0.0566,0.0795,9.7699,0.2227,1.0033,0.4487
35660,1044,670,34.399,34.271,-0.0239,-0.0552,9.822,0.2364,0.3751,0.8838
35665,1050,672,34.391,34.29,0.003,0.0085,9.734,0.5532,-0.1202,-0.4764
35670,1057,677,34.536,34.138,0.0061,-0.0718,9.8412,-0.226,0.1309,-0.2757
35675,1070,685,34.502,34.203,0.0097,-0.0135,9.8734,0.2769,-0.2793,-0.024
35680,1080,683,34.369,34.215,-0.0181,0.0262,9.7703,-0.284,-0.0038,-0.7903
35685,1081,690,34.359,34.138,-0.003,0.0014,9.7826,-0.7345,0.0009,0.6535
35690,1100,694,34.414,34.195,-0.0019,0.0105,9.7587,0.0662,-0.5767,-0.2807
35695,1108,697,34.447,34.267,-0.0882,0.0476,9.76,-0.2196,-0.2838,1.1131
35700,1105,701,34.447,34.137,-0.0844,0.0203,9.7996,-0.5418,-0.3192,-1.1495
35705,1124,709,34.335,34.22,0.0012,0.0141,9.785,0.6445,0.0111,-0.1279
35710,1135,729,34.452,34.248,-0.0008,-0.0113,9.8656,0.3774,0.2776,-0.1637
35715,1143,726,34.4,34.148,0.04,0.0229,9.7847,-0.3796,-1.3841,0.1573
35720,1146,725,34.389,34.271,0.0436,0.0262,9.7695,-0.5926,0.2193,0.3459
35725,1150,736,34.445,34.181,-0.0882,-0.0325,9.813,-1.0805,-0.2328,-0.1141
35730,1155,743,34.33,34.119,0.0093,-0.065,9.8091,0.0373,-0.2217,0.1521
35735,1164,743,34.414,34.278,0.1262,-0.01,9.8033,-0.6643,0.4947,0.1774
35740,1157,753,34.413,34.14,0.0322,0.027,9.8707,-1.0155,-0.0073,0.6336
35745,1159,767,34.39,34.109,-0.0714,0.0238,9.7674,0.2686,-1.0853,0.0432
35750,1165,771,34.321,34.151,-0.0393,-0.0116,9.861,0.6956,-0.474,-0.2542
35755,1182,776,34.482,34.131,-0.0915,-0.0634,9.8727,0.1471,-0.291,0.2564
35760,1181,781,34.449,34.118,-0.0632,0.085,9.8714,0.372,-0.2441,1.1638
35765,1188,793,34.423,34.206,0.0653,0.0016,9.8901,0.1593,0.2517,-0.0331
35770,1186,795,34.545,34.132,0.0456,0.0381,9.7499,-0.1433,-0.075,0.0186
35775,1185,802,34.398,34.217,-0.0361,0.0309,9.8899,0.1693,0.7206,-0.1759
35780,1191,810,34.407,34.269,0.0541,-0.0654,9.7916,-0.5037,0.277,0.0358
35785,1180,819,34.374,34.153,-0.1162,0.0037,9.7855,-0.2547,0.1391,-0.3337
35790,1186,820,34.485,34.218,0.0169,0.0569,9.8005,-0.0391,0.316,0.7312
35795,1179,829,34.473,34.23,0.1165,-0.0222,9.7942,-0.9052,-0.3089,-0.3407
35800,1190,832,34.395,34.196,-0.0172,0.028,9.869,0.2522,-0.1104,0.606
35805,1180,839,34.387,34.28,0.0127,0.0331,9.8438,0.2776,-0.0172,-0.078
35810,1185,843,34.297,34.173,0.0035,-0.036,9.8162,-0.1365,0.095,0.8694
35815,1188,850,34.365,34.231,-0.0838,-0.0608,9.8078,0.2401,-0.7077,-0.0451
35820,1179,859,34.437,34.15,-0.0146,-0.0075,9.889,0.3596,0.1571,-0.1411
35825,1200,861,34.458,34.195,0.0146,0.0189,9.8518,0.5592,-0.3121,0.4725
35830,1179,866,34.435,34.155,0.0307,-0.0556,9.7697,-0.4176,0.7593,0.2013
35835,1170,866,34.481,34.24,0.0541,0.0225,9.794,-0.3608,-0.609,-0.2765
35840,1172,880,34.429,34.225,0.0832,0.0609,9.7977,0.5028,-0.2329,-0.7796
35845,1175,882,34.52,34.21,-0.0365,-0.0111,9.8234,-0.1667,0.4748,0.4354
35850,1163,888,34.421,34.153,-0.0073,0.0032,9.7859,0.1535,0.6457,0.6652
35855,1168,892,34.395,34.23,-0.036,-0.0806,9.8234,-0.8097,-0.1434,0.2356
35860,1158,897,34.461,34.107,-0.0045,-0.0494,9.7506,0.638,0.1683,0.0729
35865,1158,894,34.345,34.182,-0.0961,0.0506,9.8213,0.0919,-0.3996,-0.1337
35870,1158,893,34.367,34.19,0.0176,-0.0641,9.7718,-0.3609,-1.1011,0.1021
35875,1160,897,34.42,34.222,0.0171,0.1286,9.7348,0.4396,-0.2908,-0.6266
35880,1148,902,34.439,34.123,0.0385,0.044,9.7845,0.1875,0.0877,0.2373
35885,1150,907,34.469,34.173,-0.0073,-0.0307,9.7901,-0.4162,0.2124,-0.6004
35890,1145,910,34.452,34.195,0.0082,0.0044,9.7857,-0.252,0.1614,0.3324
35895,1136,907,34.388,34.162,-0.0293,0.0945,9.8156,0.3229,0.3693,0.7249
35900,1137,908,34.361,34.187,0.0254,0.0645,9.8004,-0.6527,-0.0809,1.0932
35905,1129,911,34.519,34.15,0.0258,-0.0326,9.7049,0.4585,-0.3284,-0.0478
35910,1124,914,34.346,34.231,0.0278,0.1231,9.8788,0.4744,-0.4141,1.2653
35915,1132,908,34.463,34.14,-0.0114,0.0713,9.7264,-0.0862,0.9679,0.6761
35920,1124,910,34.367,34.122,-0.0687,0.0008,9.8596,0.5246,0.2785,0.638
35925,1129,915,34.383,34.155,-0.0242,0.0092,9.9027,-0.2393,-0.0562,-0.2067
35930,1120,910,34.375,34.15,0.0242,0.0144,9.778,0.055,-0.3302,-0.0985
35935,1116,909,34.498,34.089,-0.0027,0.0167,9.8598,0.4112,-0.2494,-0.107
35940,1115,913,34.515,34.127,0.0355,0.0248,9.743,1.2936,-0.3369,0.1503
35945,1108,907,34.439,34.188,-0.0073,0.0055,9.7882,-0.4421,-0.4774,0.5243
35950,1106,908,34.438,34.165,0.0838,0.015,9.915,0.1581,0.3598,0.5825
35955,1108,901,34.435,34.259,-0.0434,0.0257,9.8188,0.5803,-0.0704,-1.0636
35960,1106,905,34.434,34.157,0.0715,-0.024,9.8627,-0.3385,-0.013,0.1769
35965,1103,906,34.453,34.173,0.0058,0.0244,9.7588,-0.3896,-0.1364,0.3979
35970,1111,897,34.436,34.136,0.0133,0.0742,9.7187,-1.4653,1.0179,0.6676
35975,1097,899,34.396,34.162,0.0582,-0.0662,9.8036,-0.4782,-0.1766,-0.1956
35980,1092,900,34.466,34.125,0.0184,0.0119,9.7657,0.2331,0.0137,1.2059
35985,1093,901,34.407,34.245,0.0666,0.0172,9.8001,0.1339,-0.5982,-0.0782
35990,1089,893,34.458,34.087,-0.0575,-0.0519,9.8117,0.1304,0.2734,-0.7039
35995,1087,888,34.382,34.1,-0.0297,0.0184,9.8818,-0.0034,0.1518,-0.8431
36000,1091,896,34.473,34.147,-0.006,0.0692,9.7888,-1.1073,-0.2179,0.2524
36005,1085,889,34.425,34.245,-0.0239,-0.0922,9.8165,-0.5955,-0.3365,-0.4783
36010,1086,888,34.318,34.16,-0.0418,-0.0187,9.7755,0.3076,0.0541,-0.5744
36015,1081,891,34.276,34.21,0.0934,-0.0138,9.8415,-0.2236,0.2221,1.0802
36020,1071,885,34.447,34.203,0.0539,0.0251,9.8193,-0.0078,-0.9086,0.7113
36025,1073,886,34.377,34.197,0.018,0.0202,9.8034,-1.1022,-0.8796,-0.3551
36030,1077,886,34.437,34.155,-0.0066,0.0391,9.7588,0.5563,-0.2474,-0.4624
36035,1072,873,34.435,34.187,-0.0451,0.0305,9.8102,0.5462,0.5501,-0.4316
36040,1067,872,34.324,34.159,-0.0059,0.0229,9.7094,0.7854,-0.2403,-0.9514
36045,1065,877,34.414,34.18,-0.0269,0.048,9.8127,0.277,0.2727,-0.2799
36050,1060,873,34.395,34.073,-0.0807,0.0743,9.7564,-0.3121,-0.3108,0.4897
36055,1062,870,34.475,34.155,0.0341,0.0702,9.805,0.3125,0.3445,0.0642
36060,1058,873,34.487,34.186,0.0025,0.1029,9.8485,-0.2009,0.1074,-0.1476
36065,1056,872,34.424,34.199,-0.004,-0.0224,9.8207,0.1658,-0.1666,0.6036
36070,1052,871,34.349,34.159,-0.0127,-0.0135,9.8592,0.632,-0.0194,0.4143
36075,1038,865,34.502,34.171,-0.0306,-0.0086,9.7365,0.1147,-0.0114,-1.1114
36080,1033,867,34.443,34.159,0.0039,-0.0408,9.8181,-0.6553,0.1831,-0.1464
36085,1040,856,34.364,34.11,0.0146,-0.0272,9.8848,-0.9173,0.2572,0.0611
36090,1039,861,34.394,34.185,-0.0689,-0.1211,9.8705,0.4186,0.481,1.4056
36095,1039,861,34.451,34.133,0.0071,0.0507,9.7154,1.0035,-0.2511,-0.1229
36100,1011,864,34.476,34.138,0.0512,0.0432,9.8817,0.7871,0.359,-0.0843
36105,1018,858,34.444,34.209,-0.035,-0.0434,9.8781,-0.5696,0.0723,0.6962
36110,1007,859,34.37,34.139,-0.0168,0.0434,9.7601,0.6994,0.3241,-0.4085
36115,1001,859,34.443,34.099,0.0633,-0.0511,9.7243,0.6847,-0.4797,-0.5153
36120,996,851,34.374,34.194,-0.0009,-0.0402,9.6855,-0.1113,0.6589,0.6072
36125,995,856,34.313,34.171,-0.0434,-0.0195,9.8158,0.5561,-0.5791,0.4444
36130,980,849,34.419,34.153,-0.0094,0.1122,9.8418,0.2158,0.608,0.8054
36135,964,854,34.358,34.191,-0.0332,0.0784,9.8546,0.3254,-0.7503,0.3625
36140,975,853,34.582,34.164,-0.0476,-0.0837,9.8471,0.782,0.3863,0.6168
36145,956,848,34.35,34.273,-0.0087,-0.0833,9.8531,0.0718,-1.0395,-0.2362
36150,941,848,34.485,34.244,0.0134,-0.0079,9.8146,0.36,0.5049,0.2475
36155,936,847,34.422,34.216,-0.0064,0.0041,9.798,-0.7241,0.8408,0.3555
36160,940,842,34.41,34.133,0.0012,-0.0452,9.8917,0.1373,0.0941,0.1665
36165,935,837,34.382,34.18,-0.012,-0.0199,9.8349,0.633,0.3914,0.5343
36170,914,835,34.465,34.163,-0.0465,0.0388,9.7019,0.2127,0.0256,1.1617
36175,908,842,34.414,34.216,-0.0318,-0.0214,9.8969,0.5356,0.3413,0.2089
36180,893,839,34.471,34.232,0.0011,-0.013,9.8348,-0.5753,0.0338,0.1928
36185,890,837,34.324,34.155,0.0571,0.0747,9.736,0.0554,-0.0915,-0.4976
36190,886,834,34.346,34.255,0.0007,0.0117,9.8121,0.5136,0.811,0.1886
36195,869,826,34.403,34.168,-0.0339,0.0079,9.7856,0.0038,-0.0982,0.7981
36200,860,824,34.427,34.081,-0.0606,0.0037,9.7318,0.4024,0.2614,0.7994
36205,855,827,34.423,34.058,-0.0549,0.0123,9.7585,-0.095,-0.1357,0.2327
36210,854,822,34.468,34.191,-0.0312,-0.0362,9.7953,-0.2066,-0.6167,0.654
36215,830,821,34.338,34.112,0.079,-0.0173,9.765,-0.5644,0.3675,0.4733
36220,835,819,34.454,34.225,0.0178,0.0166,9.7664,0.2303,0.0286,-0.3197
36225,829,815,34.455,34.153,0.058,0.041,9.8246,0.292,-1.0686,0.4109
36230,815,815,34.393,34.118,-0.04,-0.0589,9.7665,0.5057,-0.218,0.9616
36235,812,812,34.456,34.204,0.0958,0.0101,9.7836,0.2203,0.4216,-0.2856
36240,797,800,34.37,34.193,-0.0544,0.0473,9.8367,-0.2991,-0.6777,0.334
36245,799,803,34.435,34.21,0.0172,-0.0447,9.8226,0.0257,1.0822,0.1014
36250,785,801,34.472,34.18,-0.0035,-0.0054,9.8209,0.2572,-0.8672,0.0769
36255,776,791,34.456,34.159,0.0632,0.0785,9.7854,-0.1701,-0.464,-0.28
36260,785,795,34.383,34.172,0.0678,0.0166,9.8591,0.1158,0.7561,-0.0998
36265,770,785,34.495,34.187,0.0925,-0.0263,9.8507,1.5083,0.1797,-0.4763
36270,763,782,34.459,34.07,0.057,0.0055,9.7516,-1.0592,0.4961,0.4612
36275,763,777,34.448,34.18,-0.045,0.0395,9.7887,0.5964,-0.527,-0.4708
36280,766,775,34.492,34.173,0.029,0.0435,9.8586,0.6072,-0.0815,-0.4233
36285,751,766,34.451,34.234,-0.061,-0.051,9.8071,0.2304,-0.0603,0.4191
36290,746,762,34.412,34.231,-0.0182,-0.0072,9.8797,0.1302,0.5847,0.5439
36295,750,751,34.531,34.19,0.0315,-0.0737,9.8433,-0.5236,0.2632,-0.1263
36300,743,757,34.348,34.128,0.079,0.019,9.8294,-0.5192,0.7037,0.0502
36305,743,749,34.342,34.208,0.0276,-0.0236,9.7787,-0.4341,0.2902,0.35
36310,743,741,34.41,34.158,0.0448,0.0461,9.8372,-0.2292,0.7787,0.4752
36315,749,737,34.462,34.14,0.0139,0.0204,9.8357,0.3032,0.3928,-0.3905
36320,750,728,34.389,34.286,0.0132,0.0314,9.7177,0.1991,-0.1974,0.7164
36325,749,724,34.404,34.156,0.0205,-0.0585,9.786,0.3251,-0.1563,-0.5979
36330,750,719,34.338,34.232,-0.0081,0.0451,9.8089,0.2474,0.0225,0.8912
36335,759,718,34.444,34.2,-0.0791,0.0139,9.7161,0.9023,0.5292,-0.3751
36340,763,716,34.424,34.127,-0.0618,0.075,9.7784,0.5317,1.2536,0.1043
36345,761,704,34.518,34.183,-0.0057,0.011,9.7446,0.9889,0.3324,-0.3356
36350,766,701,34.433,34.099,0.0556,-0.0208,9.7609,-0.4582,0.0645,0.6035
36355,772,699,34.369,34.15,-0.066,0.0157,9.7543,0.5205,0.3204,0.4198
36360,782,691,34.394,34.194,0.0108,-0.0664,9.8945,-0.2094,0.18,-0.4184
36365,780,688,34.394,34.047,-0.0347,0.0624,9.8479,-0.3249,-0.1297,-0.7596
36370,789,682,34.384,34.168,-0.0057,0.0304,9.8005,0.3451,-0.0933,0.3426
36375,799,677,34.468,34.126,-0.0949,-0.0762,9.8864,-0.0427,0.4324,-0.3293
36380,807,674,34.411,34.265,0.0389,-0.0591,9.8307,-0.0878,0.2598,0.3412
36385,817,675,34.429,34.166,-0.0457,-0.0701,9.8073,0.3514,0.7079,-0.3995
36390,827,666,34.449,34.192,0.016,0.0189,9.8418,0.0377,0.0397,0.2809
36395,837,669,34.429,34.029,0.0306,-0.0556,9.7098,1.5628,0.3457,1.1131
36400,838,667,34.384,34.25,-0.0506,0.0034,9.8154,-1.0713,0.2351,-0.4987
36405,855,654,34.407,34.225,0.078,0.0511,9.831,-0.0109,0.0309,0.0745
36410,858,652,34.439,34.134,0.0844,-0.0246,9.8265,-0.4988,0.794,0.3837
36415,872,654,34.457,34.191,-0.0517,-0.0154,9.7845,-0.374,0.6427,0.281
36420,886,658,34.393,34.199,0.0914,-0.0405,9.8423,-1.4545,-0.7805,-0.9084
36425,893,654,34.409,34.23,-0.0511,0.102,9.8142,0.3094,0.175,-0.0173
36430,903,651,34.462,34.1,0.011,0.0696,9.7137,0.2979,-0.4667,0.6064
36435,913,649,34.41,34.169,0.0518,0.0354,9.8091,0.302,0.343,-0.0447
36440,924,649,34.31,34.245,0.065,-0.0196,9.8199,0.1429,-0.7459,0.659
36445,935,646,34.41,34.158,-0.0891,-0.0101,9.8841,-0.5327,0.5066,0.551
36450,954,649,34.421,34.147,0.0136,0.0553,9.8414,-1.5454,0.5551,0.0985
36455,962,652,34.418,34.228,-0.0494,-0.0042,9.7554,-0.1449,0.3632,-0.8978
36460,976,655,34.607,34.227,0.0335,0.0514,9.8301,0.628,-0.7952,0.0956
36465,983,655,34.461,34.181,0.0262,0.0298,9.8297,0.1161,0.2608,-0.2509
36470,1000,656,34.419,34.097,-0.0259,-0.0072,9.7935,-0.128,-0.405,0.2208
36475,1018,661,34.437,34.245,0.1524,-0.0517,9.7695,-0.3497,-0.176,0.6547
36480,1015,660,34.31,34.149,0.0586,-0.0709,9.799,0.7928,-0.5072,0.2337
36485,1035,660,34.441,34.164,0.0126,0.005,9.7879,0.3933,0.0697,0.5159
36490,1036,669,34.42,34.2,-0.0598,0.0386,9.8784,0.667,0.0533,-0.5638
36495,1046,673,34.43,34.111,-0.0402,0.033,9.7974,0.1785,0.552,-0.1275
36500,1069,677,34.361,34.16,-0.0339,-0.0043,9.8675,-0.1444,1.3199,0.0007
36505,1069,676,34.392,34.161,-0.112,0.0161,9.7711,1.0259,0.3383,0.4316
36510,1084,682,34.355,34.149,0.027,0.0809,9.8899,-0.2378,0.0364,0.1828
36515,1095,687,34.435,34.181,0.0004,-0.0511,9.786,0.2561,0.2885,-0.8456
36520,1097,693,34.457,34.176,-0.0061,-0.0596,9.7528,-0.049,-0.3925,-0.067
36525,1109,699,34.407,34.224,0.0152,0.085,9.7822,0.1429,0.3261,0.0235
36530,1118,701,34.437,34.112,0.0087,0.0648,9.8817,0.1295,-0.1925,-1.3075
36535,1124,711,34.452,34.106,-0.028,-0.0334,9.7976,0.1598,0.1801,-0.6525
36540,1128,720,34.399,34.172,-0.0409,0.103,9.7828,-0.1212,0.303,0.6122
36545,1143,726,34.45,34.244,0.0928,0.0135,9.8856,-0.261,0.1804,-0.3719
36550,1141,728,34.464,34.21,-0.0371,-0.0428,9.7967,-0.1671,1.1954,1.0455
36555,1149,736,34.452,34.259,-0.0177,-0.068,9.8328,0.5231,-0.6274,-0.7329
36560,1151,746,34.462,34.127,-0.0043,-0.0455,9.9071,-0.2773,-0.6643,0.2551
36565,1152,745,34.413,34.143,0.0653,0.0338,9.7633,-0.0139,0.4457,-0.5209
36570,1176,756,34.349,34.165,-0.0291,0.0602,9.787,-0.6793,-0.0763,-0.0139
36575,1167,765,34.427,34.176,0.0495,-0.061,9.7879,-1.3698,0.2603,-1.0399
36580,1165,773,34.441,34.186,0.056,-0.0591,9.8414,0.2314,-0.3031,0.1288
36585,1176,776,34.384,34.145,0.0162,0.0578,9.7783,0.3457,0.3327,0.0087
36590,1179,779,34.474,34.187,-0.0043,-0.0344,9.8255,1.2051,0.7928,-0.6763
36595,1175,792,34.378,34.162,-0.0512,-0.03,9.8346,-0.0162,-1.1953,1.0399
36600,1187,792,34.41,34.172,0.0555,-0.0299,9.8264,0.3793,-0.2095,0.0279
36605,1182,807,34.439,34.182,-0.0637,0.0488,9.7041,0.7811,-0.4718,0.7165
36610,1186,813,34.398,34.129,0.0614,-0.0052,9.8567,0.6675,-0.3561,-0.4059
36615,1201,815,34.37,34.167,0.0659,0.0445,9.769,-0.3015,-0.2521,0.7353
36620,1195,828,34.427,34.178,-0.0186,-0.0453,9.745,0.3279,0.8635,0.4387
36625,1192,830,34.38,34.224,-0.046,0.01,9.8976,-0.4337,0.12,-0.0107
36630,1185,840,34.463,34.2,-0.0559,-0.0426,9.8677,0.1559,-0.1742,-0.2574
36635,1183,844,34.462,34.092,0.0135,-0.0147,9.8144,-0.0914,-0.2048,-0.2999
36640,1190,847,34.474,34.156,-0.016,0.0168,9.8778,0.1408,-0.1794,0.108
36645,1188,855,34.397,34.224,0.0197,0.0178,9.7568,-0.1299,0.5044,-0.0221
36650,1184,856,34.386,34.161,0.0107,-0.0527,9.7782,0.1972,-0.1995,0.235
36655,1183,865,34.407,34.13,-0.1054,0.0083,9.8672,-0.1247,0.3476,0.397
36660,1183,871,34.454,34.136,-0.0164,-0.0039,9.8433,-0.8483,1.2656,-0.1491
36665,1172,879,34.382,34.131,-0.0076,-0.0132,9.8698,-0.7603,1.2236,-0.4239
36670,1171,876,34.375,34.206,-0.0251,-0.1187,9.8536,0.366,0.3183,0.142
36675,1162,883,34.424,34.189,0.0033,-0.0191,9.8101,-0.0844,-0.0455,-0.431
36680,1162,887,34.436,34.089,0.0811,0.098,9.8645,0.0747,0.4716,-0.2958
36685,1171,886,34.442,34.177,0.0227,0.0437,9.8476,0.4073,0.3241,-0.3053
36690,1151,892,34.375,34.213,0.0583,-0.0728,9.8292,0.251,-0.2612,-0.0858
36695,1156,894,34.395,34.165,0.015,-0.0132,9.732,-0.6643,-0.1622,0.1973
36700,1164,897,34.381,34.166,0.0142,0.0253,9.8185,0.089,-0.8025,-0.0076
36705,1161,898,34.512,34.143,0.0415,-0.0502,9.846,-0.2429,-0.9499,-0.3464
36710,1146,898,34.438,34.253,0.0105,0.0359,9.8221,0.713,0.0197,0.3462
36715,1144,904,34.369,34.12,-0.0608,0.0537,9.8815,1.053,0.6866,0.0653
36720,1141,904,34.283,34.158,0.0574,-0.0189,9.8226,0.3287,0.1437,-0.741
36725,1147,912,34.421,34.119,0.0193,0.0177,9.8039,0.0542,-0.2928,0.32
36730,1138,907,34.425,34.165,-0.0555,0.0192,9.8172,0.4128,-0.3411,-0.5595
36735,1129,909,34.407,34.231,-0.0648,0.045,9.8391,0.2563,-0.4989,-0.2589
36740,1126,909,34.339,34.153,-0.042,0.0798,9.8909,-0.072,0.6245,-0.0284
36745,1121,914,34.346,34.185,-0.0402,-0.0347,9.7345,-0.8837,-0.5039,-0.1325
36750,1130,910,34.41,34.25,0.0033,0.0775,9.7465,-1.0018,0.7387,-0.1504
36755,1125,906,34.486,34.138,-0.0051,-0.0159,9.8597,-0.1529,0.1934,-0.4464
36760,1120,909,34.381,34.14,0.0594,-0.0244,9.8483,0.6075,0.5782,-0.1195
36765,1123,909,34.288,34.109,0.0374,0.0271,9.8186,0.3587,-0.248,0.3794
36770,1110,904,34.345,34.226,0.0082,0.038,9.8258,-0.2216,-0.1442,-0.2393
36775,1108,910,34.422,34.199,-0.0017,-0.0535,9.7898,0.3841,0.1177,0.214
36780,1109,907,34.426,34.073,0.0537,0.1118,9.8819,0.528,-0.493,0.0319
36785,1111,900,34.349,34.21,0.1103,0.0534,9.8237,0.0305,-0.7425,0.3622
36790,1111,901,34.402,34.232,0.0079,0.013,9.8451,0.1595,-0.2935,0.2316
36795,1103,907,34.434,34.13,-0.0746,-0.0221,9.7424,0.6108,0.529,-0.5197
36800,1102,902,34.444,34.159,-0.0397,0.0094,9.8688,0.311,-0.5992,0.809
36805,1102,903,34.419,34.189,0.0337,0.079,9.8386,-0.6813,0.6095,-0.8044
36810,1097,897,34.457,34.113,-0.0221,-0.0015,9.7802,-0.5617,-0.0131,0.3873
36815,1085,894,34.381,34.145,0.038,-0.0654,9.7693,0.4693,-0.1313,0.31
36820,1087,898,34.402,34.219,0.039,-0.125,9.7954,-0.1395,0.1017,0.5913
36825,1093,889,34.409,34.201,-0.0129,0.0613,9.8124,-0.6651,-0.2937,-0.0517
36830,1091,890,34.363,34.125,-0.0021,-0.0802,9.8155,0.1226,-0.1734,-0.4579
36835,1091,885,34.26,34.153,0.0506,-0.0026,9.8108,-0.5087,-0.2034,-0.2898
36840,1089,890,34.315,34.266,-0.0421,0.0308,9.8403,0.4285,0.2195,0.2999
36845,1090,884,34.438,34.114,0.0045,0.019,9.8074,-0.859,0.6184,0.2743
36850,1077,885,34.329,34.135,-0.0031,0.0506,9.8095,0.0496,1.1831,1.0919
36855,1082,881,34.396,34.156,-0.1278,0.0278,9.7574,-0.2428,-0.6202,-0.1348
36860,1066,881,34.386,34.221,-0.062,-0.0913,9.7224,-0.535,-0.73,-0.6788
36865,1072,878,34.48,34.149,0.0054,0.0576,9.7749,0.9614,0.868,-0.0784
36870,1063,874,34.493,34.166,-0.0526,0.0695,9.7573,0.3645,-0.0946,-0.1456
36875,1052,877,34.392,34.231,0.0225,-0.0115,9.746,-0.3903,0.0743,-0.6789
36880,1064,870,34.38,34.11,-0.0158,-0.0251,9.8744,-0.8743,-1.2095,0.0067
36885,1059,873,34.424,34.127,0.0035,-0.0131,9.8744,0.4548,0.1274,-0.7005
36890,1052,869,34.414,34.25,-0.048,0.0335,9.7257,0.284,0.8718,-0.5833
36895,1051,873,34.34,34.186,-0.0369,-0.0858,9.8452,-0.2236,0.4315,0.6461
36900,1040,870,34.392,34.186,-0.0602,0.021,9.7818,-1.1374,-0.2213,0.1093
36905,1042,864,34.507,34.163,0.1109,0.0277,9.8221,0.7519,0.0275,-0.0422
36910,1039,860,34.416,34.191,0.0769,0.0097,9.8047,0.1387,-0.2265,-0.6381
36915,1031,861,34.456,34.183,-0.0424,-0.0043,9.8571,0.2275,-0.7295,0.6653
36920,1031,864,34.425,34.179,-0.0615,0.0007,9.8403,0.4005,-0.1906,0.642
36925,1020,859,34.381,34.189,0.0562,-0.0315,9.8451,0.2924,-0.5835,0.4956
36930,1007,862,34.362,34.086,-0.0591,-0.0424,9.8111,0.951,0.6205,0.2998
36935,1006,853,34.467,34.115,-0.0111,0.012,9.7611,0.2593,-0.0539,-0.113
36940,998,849,34.367,34.143,-0.0157,0.0126,9.8418,-0.7635,-0.6817,0.8294
36945,1000,856,34.442,34.146,0.0031,0.0031,9.8753,-0.6685,0.443,0.5536
36950,993,856,34.45,34.166,0.0281,-0.1039,9.8173,0.4755,0.0895,-0.5473
36955,988,857,34.449,34.213,-0.1552,-0.0473,9.8553,0.3396,-0.6174,0.5426
36960,982,850,34.333,34.245,-0.0284,0.0875,9.8332,0.5063,-0.7077,-0.0013
36965,980,850,34.508,34.183,-0.1289,0.0462,9.8482,-1.0735,0.2242,0.0444
36970,966,848,34.353,34.218,0.0773,0.0474,9.8706,0.1449,-0.0036,-0.6855
36975,967,846,34.361,34.155,0.0236,-0.0768,9.8277,-0.2626,1.2075,0.0292
36980,954,844,34.325,34.22,-0.0468,-0.0164,9.7723,-0.0969,1.4481,0.8701
36985,944,842,34.421,34.113,-0.0109,0.0625,9.6251,-0.0375,-0.0524,-0.7899
36990,929,840,34.409,34.199,-0.0078,-0.048,9.8152,-0.0621,-0.2088,0.2567
36995,930,836,34.455,34.122,0.0245,0.0152,9.707,-0.0028,-0.7669,0.7456
