timestamp_ms,ir_finger,ir_toe,temp_finger,temp_toe,ax,ay,az,gx,gy,gz
0,1043,768,33.609,25.66,0.0348,0.0543,9.8567,0.2651,0.8839,0.7479
5,1053,767,33.646,25.62,0.0259,-0.052,9.873,-0.0758,0.6609,-1.2741
10,1070,765,33.585,25.639,0.0088,0.0717,9.7873,-0.9873,0.0016,-0.36
15,1070,766,33.624,25.652,-0.0216,0.0214,9.8937,0.2043,0.1997,0.6878
20,1084,772,33.536,25.589,-0.0242,0.0281,9.8189,-0.0396,0.1375,0.5321
25,1096,760,33.673,25.584,-0.0057,-0.0357,9.8534,-0.8158,0.4429,-0.3587
30,1103,764,33.569,25.655,-0.0112,0.0271,9.8236,0.2178,-0.5058,0.4251
35,1105,764,33.64,25.686,-0.0301,-0.0414,9.7662,0.2896,-0.0268,-0.6216
40,1122,757,33.616,25.597,0.0303,0.0155,9.7927,-0.1501,-0.1464,0.1046
45,1126,759,33.537,25.617,0.0091,0.0599,9.7439,-0.2939,0.5074,-1.1457
50,1143,764,33.753,25.672,0.0357,0.1285,9.8072,-0.3728,0.446,-0.0558
55,1151,760,33.59,25.641,-0.0247,-0.0636,9.7524,0.311,0.1437,-0.0166
60,1149,758,33.607,25.563,-0.0063,0.0204,9.8053,-0.0286,-0.2193,-1.0354
65,1154,756,33.531,25.622,0.0422,-0.0622,9.7551,0.4202,0.4765,0.4057
70,1159,756,33.614,25.596,0.1079,-0.0288,9.7724,0.4723,-0.419,-0.3262
75,1175,764,33.645,25.662,-0.0122,0.0586,9.8121,0.2879,0.2485,-0.3262
80,1170,756,33.617,25.689,0.0825,0.0327,9.8224,-0.0931,0.0579,0.0562
85,1179,757,33.628,25.584,-0.0822,-0.0546,9.7911,-0.4887,0.4562,-0.3388
90,1172,757,33.618,25.616,0.0075,-0.0895,9.8147,-0.1444,-0.5182,-0.9784
95,1182,753,33.629,25.664,0.0211,-0.007,9.7647,-0.6072,0.5832,0.1203
100,1179,760,33.596,25.659,0.011,-0.0357,9.7817,0.4501,-0.2207,-0.2695
105,1178,756,33.682,25.626,-0.0356,-0.0286,9.7956,-0.797,-0.09,-0.4121
110,1191,760,33.534,25.647,-0.0231,-0.0334,9.891,0.5812,-0.0557,-0.767
115,1187,758,33.646,25.509,-0.0396,0.0758,9.8277,0.4183,-0.0293,0.3228
120,1195,767,33.609,25.727,-0.0132,0.0054,9.8195,-0.4292,-0.0928,-0.8481
125,1194,765,33.638,25.773,-0.0111,-0.0551,9.8719,0.3287,0.0023,0.7628
130,1178,763,33.597,25.621,0.0089,0.0249,9.7776,-0.0187,-0.9322,0.7665
135,1183,767,33.653,25.653,0.0495,-0.0376,9.8726,-0.1675,0.4007,-0.4232
140,1185,763,33.65,25.635,-0.0132,-0.0673,9.8285,0.2453,-0.575,-0.0259
145,1189,768,33.657,25.563,-0.0444,0.0071,9.8421,-0.5259,0.4119,0.0409
150,1189,769,33.52,25.636,-0.0147,-0.0485,9.7726,0.4256,0.0287,0.3986
155,1179,772,33.641,25.602,0.1349,-0.1117,9.805,0.2768,0.4788,-0.7037
160,1178,776,33.603,25.585,0.0137,0.0226,9.7409,-0.2448,-0.3251,1.396
165,1177,768,33.657,25.606,0.0826,-0.0607,9.7988,-0.345,0.2193,-0.1839
170,1179,773,33.594,25.624,-0.0242,0.0174,9.7179,0.1587,0.2115,-0.3174
175,1169,780,33.59,25.563,0.0644,-0.0168,9.8631,0.3824,-0.1456,0.8065
180,1159,775,33.642,25.706,0.0938,-0.0052,9.8098,-0.1565,0.1095,0.7228
185,1165,784,33.563,25.641,-0.0403,-0.0268,9.8206,0.2,-0.0082,0.4273
190,1162,784,33.488,25.698,0.04,-0.0607,9.7434,-0.1872,0.4628,-0.3399
195,1157,786,33.595,25.776,-0.0208,-0.0109,9.7535,0.017,-0.4139,-0.3261
200,1159,789,33.514,25.642,-0.03,-0.0241,9.8335,0.3904,-0.4577,-0.3945
205,1148,789,33.563,25.635,0.0005,0.0593,9.7479,0.4934,0.1466,0.8089
210,1154,790,33.608,25.661,-0.0886,0.0536,9.8374,0.8823,0.7225,-0.0286
215,1150,789,33.691,25.633,-0.0529,0.0328,9.8118,-0.7138,0.3013,-0.1946
220,1138,795,33.646,25.627,-0.0075,0.0012,9.8037,0.0877,-0.0524,0.2666
225,1133,801,33.632,25.62,-0.0314,-0.0394,9.8081,0.5933,-0.4372,0.2728
230,1133,802,33.69,25.638,-0.0228,-0.0491,9.7563,-0.5049,-1.4398,-0.0731
235,1146,804,33.708,25.691,0.0455,0.0103,9.8549,-0.3974,0.9692,-0.1562
240,1126,808,33.638,25.623,0.1055,0.1174,9.8066,0.3459,0.3815,-0.2196
245,1128,804,33.534,25.602,0.078,-0.0239,9.8595,-0.1944,-0.0793,-0.6359
250,1121,800,33.58,25.62,-0.061,0.0052,9.8209,1.121,0.719,-0.0618
255,1129,815,33.686,25.583,0.0318,-0.0147,9.8637,-0.3354,0.3439,-0.0708
260,1120,812,33.457,25.619,-0.0813,0.06,9.7507,-0.01,-0.6509,-0.2086
265,1113,808,33.595,25.583,-0.0552,-0.0651,9.8233,-0.5817,-0.3989,-0.647
270,1108,816,33.549,25.614,-0.0297,0.0728,9.841,-0.9115,0.0578,-0.0046
275,1111,814,33.659,25.64,0.0173,0.0286,9.8674,0.4235,0.4011,0.1977
280,1100,819,33.642,25.635,0.0405,0.0288,9.8178,-0.193,-0.6303,-0.838
285,1112,819,33.537,25.706,0.0792,-0.0179,9.8168,1.0433,0.7076,-0.3372
290,1107,823,33.622,25.664,-0.1052,-0.0506,9.7941,0.6849,0.5592,0.4567
295,1104,821,33.555,25.65,0.045,0.0136,9.756,0.3293,-0.104,-0.2371
300,1112,823,33.536,25.624,-0.0121,0.0096,9.8152,-0.6541,0.6861,0.7633
305,1097,820,33.642,25.575,-0.0492,0.0307,9.8187,0.3045,0.2187,-0.494
310,1088,824,33.663,25.722,0.0821,0.0272,9.8437,0.0308,-0.2599,0.141
315,1100,826,33.656,25.621,-0.0292,-0.016,9.8091,0.4209,0.4606,0.2772
320,1096,828,33.672,25.626,0.0758,-0.0451,9.8082,-0.6191,-0.7603,-0.5945
325,1084,822,33.574,25.579,0.0104,-0.1129,9.835,-0.3112,-0.2321,-0.2127
330,1086,827,33.586,25.653,-0.0345,-0.0265,9.8346,0.7966,-0.6783,-0.1668
335,1084,824,33.623,25.645,-0.0201,0.0172,9.7134,0.6074,-0.4019,0.2656
340,1086,828,33.574,25.63,0.0352,-0.0324,9.8686,-0.8534,-0.5782,-0.3447
345,1081,834,33.59,25.63,0.0327,0.0014,9.8216,-0.3117,0.7848,-0.1856
350,1070,829,33.555,25.651,0.03,0.0207,9.7951,0.4956,0.4765,-0.0767
355,1078,830,33.617,25.685,-0.042,0.0782,9.8417,-0.9266,-0.4754,-0.3264
360,1070,830,33.536,25.619,-0.0034,0.0971,9.7856,0.5639,-0.9007,-0.5154
365,1074,832,33.572,25.688,-0.0424,-0.0355,9.8669,-0.2495,0.986,0.141
370,1056,831,33.533,25.655,0.0163,0.0075,9.7562,-0.7168,-0.4687,0.1167
375,1062,827,33.66,25.612,-0.0594,-0.0196,9.7323,-0.4199,0.023,0.4519
380,1054,829,33.53,25.688,-0.0187,0.0853,9.7681,-0.1283,0.7218,0.5495
385,1060,828,33.636,25.62,-0.0259,-0.1662,9.7718,-0.5894,0.7495,-0.394
390,1052,829,33.571,25.63,0.0167,-0.0221,9.8206,0.1297,0.0909,0.9462
395,1045,835,33.598,25.631,-0.0907,0.1162,9.8454,-0.0593,-1.2854,-0.2564
400,1044,828,33.648,25.696,0.0457,-0.0441,9.9004,0.1456,0.2298,0.1093
405,1039,830,33.607,25.607,0.0312,-0.0403,9.8086,-0.0862,0.6528,-0.339
410,1028,828,33.605,25.62,-0.0455,0.0337,9.7787,0.7214,-0.747,-0.0897
415,1033,828,33.547,25.691,0.114,0.0515,9.8605,0.2939,0.5092,0.1011
420,1036,829,33.54,25.612,0.1025,-0.0704,9.8892,-0.7354,0.2087,-0.3533
425,1012,824,33.563,25.654,-0.0212,0.0306,9.82,0.6256,-0.2933,0.2327
430,1021,828,33.612,25.619,-0.0425,-0.0149,9.8379,-0.4264,-1.1525,0.2486
435,1001,833,33.642,25.679,-0.0996,-0.0445,9.8299,0.2252,-0.5193,0.726
440,998,826,33.595,25.561,0.0199,-0.0359,9.8167,1.019,0.3215,0.0381
445,983,831,33.612,25.668,0.0496,-0.0617,9.7425,-0.4096,-0.3124,0.6325
450,979,824,33.543,25.655,0.0187,0.0718,9.8317,-0.208,0.402,-0.0012
455,973,825,33.638,25.671,0.0303,0.0808,9.8076,-0.2906,0.3487,0.0844
460,966,828,33.627,25.707,-0.0667,-0.0073,9.7898,-0.0616,0.1563,0.4658
465,961,818,33.643,25.647,0.0023,-0.0023,9.7095,0.2927,0.1846,0.3596
470,944,819,33.555,25.607,-0.0578,0.0003,9.7459,0.4195,0.2912,0.1267
475,922,825,33.556,25.568,-0.012,0.0294,9.8548,0.0915,-0.0251,-0.8636
480,939,825,33.633,25.661,0.0299,-0.052,9.7538,-0.4328,0.3672,0.5528
485,927,820,33.641,25.6,-0.1153,0.007,9.796,0.7508,0.4297,0.1188
490,915,820,33.573,25.539,0.0429,-0.0594,9.7288,0.8602,1.1678,-0.3561
495,911,821,33.636,25.65,0.066,0.0607,9.8351,-0.4072,-0.457,-0.1079
500,906,820,33.569,25.614,-0.0062,-0.0165,9.838,0.7218,-0.9528,0.864
505,879,822,33.654,25.58,-0.0141,-0.0066,9.8144,-0.0546,-0.4987,-0.5716
510,874,817,33.583,25.595,-0.0201,-0.0136,9.8576,1.0825,0.5417,-0.2528
515,860,821,33.635,25.68,0.0768,-0.0112,9.862,-0.2008,0.057,0.4888
520,868,813,33.629,25.578,0.0353,-0.0373,9.8567,0.2087,-0.0732,0.0288
525,858,819,33.705,25.587,0.0878,0.1017,9.9148,0.4666,0.3628,-0.5523
530,841,815,33.635,25.62,-0.0194,-0.0166,9.8073,-0.3657,0.091,-0.0947
535,836,816,33.513,25.658,0.0387,-0.0531,9.737,0.5377,0.2155,-0.2647
540,823,817,33.646,25.663,-0.0327,0.0802,9.768,-0.6047,-0.1552,0.5878
545,822,817,33.598,25.658,-0.0236,-0.0186,9.7815,-0.3812,0.2856,-0.3987
550,813,816,33.653,25.632,0.0236,-0.0604,9.8155,0.8522,0.4277,0.713
555,797,819,33.633,25.667,0.009,-0.0339,9.7317,-0.7653,-0.515,-0.0769
560,795,809,33.626,25.673,-0.097,-0.1362,9.8186,0.3268,0.3349,0.2384
565,788,811,33.706,25.63,-0.0127,-0.0741,9.764,-0.2177,-0.4012,0.6392
570,788,818,33.594,25.647,-0.009,-0.0073,9.8861,-0.9508,0.0963,0.6562
575,786,813,33.631,25.608,-0.0202,-0.0214,9.7714,0.0022,-0.272,1.458
580,778,811,33.677,25.692,0.0141,0.0694,9.819,-0.1896,1.5175,-0.5875
585,767,813,33.691,25.632,-0.0673,0.0341,9.8224,0.3499,-0.0648,0.9133
590,751,812,33.668,25.626,-0.1119,0.013,9.8184,-0.154,-0.2997,-0.5902
595,758,813,33.615,25.61,-0.0516,0.0465,9.8764,-0.3037,-1.0605,-0.197
600,762,814,33.566,25.585,-0.0057,0.0455,9.8027,-0.0796,1.1655,-0.1451
605,751,812,33.567,25.587,0.025,0.0716,9.8467,-0.0533,-1.0344,0.0178
610,746,810,33.585,25.618,0.0097,-0.0506,9.7373,-0.0512,-0.4483,0.7899
615,742,813,33.646,25.672,-0.0058,0.0816,9.854,0.6045,-0.6155,-0.1042
620,745,814,33.67,25.664,0.0383,-0.073,9.8433,0.5711,-0.8379,0.2788
625,747,807,33.645,25.611,0.0103,0.0663,9.8312,0.2444,-0.7404,-0.6409
630,753,813,33.651,25.601,-0.0423,-0.0344,9.8269,0.6235,-0.5083,-0.5451
635,759,805,33.618,25.676,-0.0984,-0.0049,9.8476,-1.0873,0.3687,-0.2804
640,754,806,33.601,25.574,-0.0179,-0.0131,9.8637,-0.5062,-0.5132,1.2337
645,750,806,33.638,25.608,0.0014,0.0469,9.7089,-0.1825,0.0095,-0.3675
650,759,809,33.699,25.669,0.0213,-0.0255,9.7842,-0.3453,-0.4295,-0.2935
655,767,806,33.56,25.67,0.0381,0.0248,9.8336,-0.3456,-0.4691,0.5941
660,766,805,33.597,25.6,-0.0262,-0.0662,9.8444,0.4715,-0.1525,0.0268
665,766,803,33.614,25.588,0.029,-0.0383,9.8722,0.6355,-0.4273,-0.4224
670,775,804,33.56,25.668,-0.0272,-0.0293,9.7909,-0.2436,0.3284,-0.3071
675,786,806,33.57,25.734,-0.0165,0.0061,9.7505,-0.065,-0.2907,0.3257
680,794,799,33.554,25.643,-0.0023,-0.0172,9.9155,0.4235,0.5555,-0.2734
685,793,799,33.636,25.668,0.0425,-0.0958,9.8769,-0.7546,0.4272,0.0514
690,803,796,33.553,25.773,0.0559,-0.0287,9.7752,-0.3629,0.0715,-0.1215
695,811,798,33.717,25.609,0.0288,-0.0494,9.8872,-0.4896,0.1808,0.1274
700,820,796,33.583,25.6,0.0084,-0.0094,9.7748,0.2366,-0.4458,-0.4869
705,831,796,33.627,25.699,-0.0212,0.1157,9.8543,-0.7186,0.1701,-0.1519
710,837,792,33.529,25.593,0.0354,0.0533,9.8013,0.4087,-0.1294,0.0128
715,849,793,33.676,25.527,-0.0096,0.0679,9.797,0.6274,0.3791,1.0862
720,859,792,33.608,25.686,-0.0038,-0.0554,9.7746,0.1226,0.3347,-0.0964
725,872,791,33.661,25.613,-0.0521,0.0231,9.8423,0.7535,-0.3283,-0.0543
730,874,790,33.571,25.64,-0.0055,-0.0183,9.7525,0.0252,0.3611,1.0047
735,905,788,33.583,25.696,0.0297,-0.0002,9.8322,1.0856,-0.2996,-0.7897
740,908,784,33.587,25.658,-0.006,-0.0479,9.8087,0.3123,0.3735,-0.7415
745,921,789,33.607,25.584,0.0769,0.041,9.7165,0.0528,-0.0323,0.338
750,930,781,33.489,25.562,-0.0028,-0.0394,9.8186,0.5165,0.1273,0.3827
755,938,783,33.613,25.673,-0.0313,0.0225,9.8284,-0.5902,0.1514,-0.6174
760,952,778,33.614,25.621,0.0014,0.0861,9.7718,-0.0656,-0.7538,0.2082
765,967,782,33.654,25.727,0.0075,0.03,9.8277,-0.5866,-0.0035,0.178
770,977,779,33.639,25.612,0.0246,0.0476,9.838,-0.9059,0.3739,-0.3305
775,988,777,33.568,25.69,-0.1058,-0.0355,9.8562,-0.1349,-0.1972,-0.2306
780,1007,773,33.49,25.571,0.0226,-0.0698,9.8551,0.1324,0.1466,-0.5706
785,1016,775,33.608,25.605,0.004,0.011,9.708,0.0699,1.0951,-0.2748
790,1025,780,33.629,25.671,0.0476,-0.031,9.8439,-0.5102,0.4641,0.0422
795,1033,766,33.666,25.681,-0.0047,-0.0512,9.7926,0.0289,0.6448,0.1998
800,1048,771,33.526,25.544,0.0101,0.0316,9.8091,0.3783,0.1148,0.0775
805,1066,768,33.526,25.722,0.0129,0.0092,9.84,-0.2571,0.5467,-0.5253
810,1075,768,33.702,25.599,-0.0291,-0.0184,9.7864,-0.5878,0.686,0.444
815,1083,771,33.593,25.719,-0.0208,-0.068,9.85,0.1868,0.1757,0.8904
820,1098,762,33.607,25.612,-0.0201,-0.0331,9.8488,-0.0392,0.3194,1.0009
825,1099,762,33.523,25.563,0.0022,0.0296,9.864,-0.5826,-0.2907,-0.4201
830,1106,762,33.634,25.719,0.0035,-0.0075,9.824,-0.1302,-0.4802,-0.2595
835,1117,761,33.594,25.64,-0.002,0.0192,9.857,-0.6072,0.0719,-0.3262
840,1125,757,33.613,25.685,-0.0247,-0.0526,9.7264,-0.3618,0.5615,-0.8127
845,1136,761,33.595,25.647,-0.052,-0.0549,9.8335,-0.7158,-0.567,-0.2401
850,1141,761,33.628,25.605,0.1196,-0.0954,9.735,0.1505,0.6858,0.9867
855,1140,762,33.627,25.653,-0.0902,0.0884,9.8086,0.2499,0.9508,0.4565
860,1156,759,33.547,25.661,0.0283,0.0831,9.8093,0.2404,0.3476,0.3376
865,1160,758,33.591,25.631,-0.0138,-0.0314,9.7562,0.1573,0.827,0.0593
870,1163,755,33.608,25.63,-0.0845,-0.0078,9.8241,-0.2671,-0.3346,-0.763
875,1170,762,33.625,25.708,0.0609,-0.053,9.8137,0.0807,0.5691,0.4984
880,1165,761,33.635,25.651,-0.0431,-0.0337,9.8279,-0.1331,0.1143,0.0299
885,1177,755,33.753,25.61,0.1143,-0.0208,9.7475,-0.3171,0.2488,0.3587
890,1180,758,33.558,25.611,0.1002,-0.0797,9.9077,0.5909,0.4323,0.2963
895,1179,761,33.612,25.654,-0.0682,0.0766,9.7443,0.4501,0.1681,-0.4282
900,1184,759,33.641,25.572,-0.0405,0.0802,9.7985,0.441,-0.1519,1.0586
905,1174,760,33.576,25.606,0.0367,-0.0094,9.8038,0.5661,0.5277,-0.1083
910,1188,764,33.577,25.625,-0.0362,0.0539,9.736,0.536,-0.3716,0.159
915,1185,766,33.573,25.664,0.0344,0.0536,9.7419,-0.0739,0.9418,0.3869
920,1180,766,33.728,25.689,0.0075,-0.0065,9.7675,0.6761,0.1884,-0.2643
925,1193,762,33.537,25.596,0.0382,-0.0353,9.7789,0.0774,-0.1073,-0.1582
930,1188,767,33.537,25.642,-0.0144,-0.0443,9.8222,-0.0488,-0.167,0.1039
935,1191,767,33.648,25.696,-0.015,-0.0655,9.8585,1.1114,-0.1547,-0.2669
940,1179,774,33.552,25.578,-0.0043,-0.0169,9.7619,0.1858,-0.6595,-0.3227
945,1184,770,33.521,25.598,-0.022,0.0144,9.8813,0.3812,0.6005,0.2004
950,1188,772,33.614,25.66,-0.0027,0.0254,9.7992,-0.1107,-0.4142,0.671
955,1182,771,33.58,25.653,0.0496,0.0609,9.7794,-0.3382,-0.611,0.2366
960,1169,775,33.623,25.597,-0.0403,0.0681,9.8196,0.5428,-0.2761,1.0727
965,1172,777,33.626,25.6,0.0209,-0.0502,9.8292,0.2988,-0.1433,0.0481
970,1176,782,33.618,25.711,-0.0531,-0.0452,9.9289,0.1267,-0.2369,-0.4749
975,1165,779,33.593,25.634,-0.1344,0.0223,9.8519,0.5707,-0.1626,0.9636
980,1169,782,33.612,25.7,-0.0059,-0.1207,9.8628,0.6178,-0.2324,0.3585
985,1160,783,33.657,25.63,-0.0163,-0.0266,9.833,-0.7262,-0.4693,-0.2107
990,1156,778,33.539,25.662,-0.0112,0.0033,9.7844,-0.4084,-0.6534,-0.5531
995,1150,784,33.648,25.672,0.0442,0.1049,9.8541,0.3169,-0.2062,0.0579
1000,1144,781,33.564,25.621,-0.0288,-0.0213,9.9031,0.2321,0.2583,-0.3942
1004,1152,786,33.485,25.709,-0.1047,-0.0329,9.7789,0.732,-0.2314,0.2933
1010,1152,789,33.623,25.624,-0.0731,-0.0049,9.8757,0.5758,0.3396,0.6085
1014,1143,791,33.648,25.667,-0.0172,0.0487,9.8762,-0.3449,0.5002,-0.5288
1020,1134,797,33.633,25.604,-0.0226,-0.0348,9.8886,0.6267,-0.0114,-0.2923
1025,1139,795,33.578,25.764,-0.0272,-0.0715,9.7086,0.0456,0.1398,-0.3817
1030,1134,802,33.578,25.695,-0.0245,-0.0013,9.7197,0.2954,-0.4396,0.8905
1035,1128,800,33.572,25.679,-0.0398,0.0198,9.8415,-0.6382,0.35,0.0842
1040,1127,803,33.617,25.573,-0.046,0.1037,9.8358,0.8273,0.4947,0.1625
1045,1125,807,33.745,25.655,-0.0186,0.0796,9.8753,0.0433,-0.1051,0.6573
1050,1127,809,33.616,25.604,0.0425,-0.0593,9.8357,-0.1948,0.3558,-0.0691
1055,1120,806,33.6,25.692,-0.0113,-0.0268,9.8009,0.2592,-0.458,-0.9035
1060,1109,815,33.58,25.667,0.0654,-0.1139,9.7641,-0.2806,-0.3061,0.1057
1065,1114,815,33.557,25.612,-0.0945,0.0483,9.7959,-0.026,-0.3865,0.2066
1070,1115,819,33.612,25.71,-0.0049,-0.0653,9.7967,-0.5945,0.3573,0.3055
1075,1107,816,33.504,25.74,0.0335,-0.0276,9.8503,-0.1978,-0.3141,-0.3443
1080,1103,817,33.568,25.643,-0.0052,-0.0527,9.8783,0.4226,-0.3044,-0.0932
1085,1098,818,33.665,25.652,-0.0466,-0.0192,9.7771,0.1991,-0.0154,-0.0717
1090,1105,823,33.656,25.778,0.0986,-0.0353,9.7067,0.1823,0.0187,0.1876
1095,1107,820,33.582,25.653,0.0703,0.0637,9.8382,-0.8692,-0.1841,0.0086
1100,1097,821,33.596,25.566,0.0478,0.0327,9.7938,0.3415,-0.1433,-0.9719
1105,1095,822,33.65,25.637,0.0012,0.0397,9.7309,-0.093,0.6988,-0.1183
1110,1094,826,33.616,25.614,-0.0417,-0.0319,9.8515,-0.5264,-0.7583,0.4601
1115,1095,828,33.641,25.699,0.056,0.0509,9.8333,0.4006,-0.289,-0.3729
1120,1095,824,33.665,25.68,0.0637,-0.0133,9.824,0.0492,-0.0384,0.6696
1125,1093,824,33.617,25.63,-0.0861,-0.0484,9.8147,0.6611,0.3552,0.1678
1130,1084,829,33.637,25.672,-0.0254,0.0087,9.8366,0.081,0.1134,0.0162
1135,1084,828,33.599,25.631,0.0897,0.0735,9.7272,0.1147,0.8865,-0.5373
1140,1077,829,33.683,25.715,0.0271,0.0745,9.7392,-0.3565,-0.684,0.182
1145,1078,831,33.595,25.701,0.0668,0.0247,9.7662,-0.3545,-0.7683,0.5958
1150,1077,825,33.603,25.661,-0.0236,-0.0149,9.7749,0.3376,0.121,-0.474
1155,1073,826,33.609,25.594,0.0633,-0.0882,9.7401,0.4016,0.8222,-0.033
1160,1065,831,33.569,25.567,-0.0232,-0.0154,9.7835,0.0536,-0.3699,0.5407
1165,1063,834,33.589,25.628,-0.0387,-0.0345,9.7978,-1.0154,0.5383,0.5003
1170,1062,828,33.753,25.673,0.0774,-0.0047,9.8123,-0.317,-0.4275,0.6503
1175,1055,830,33.635,25.68,-0.0407,0.0007,9.8064,0.5734,0.4614,0.0353
1180,1055,830,33.465,25.57,-0.006,-0.1078,9.9096,0.2821,0.0481,0.0617
1185,1056,829,33.626,25.667,-0.0766,-0.0045,9.8626,0.4076,0.4982,-0.4777
1190,1049,832,33.566,25.666,-0.1248,-0.0888,9.8092,-0.302,0.8138,-0.351
1195,1045,829,33.586,25.726,-0.0413,0.0338,9.7158,0.1898,-0.0129,0.6571
1200,1034,830,33.559,25.685,0.0919,0.0113,9.7927,-0.3664,-0.0633,0.0577
1205,1036,834,33.682,25.64,0.0411,0.0325,9.851,0.4367,-0.4515,-0.7511
1210,1032,833,33.597,25.664,-0.0449,0.0889,9.7699,-1.2923,0.3483,0.206
1215,1029,828,33.692,25.639,0.0577,0.0501,9.8047,0.9659,-0.2887,0.2985
1220,1029,828,33.636,25.743,-0.0209,-0.0317,9.851,-0.0671,-0.3524,-0.8713
1225,1001,827,33.621,25.688,0.0198,0.0581,9.6954,0.6603,0.367,0.0696
1230,1013,820,33.612,25.625,0.0392,-0.0067,9.8181,0.0357,0.7834,0.0409
1235,998,825,33.619,25.64,-0.0686,0.0088,9.7988,-0.7586,-0.7684,0.9501
1240,992,827,33.522,25.623,-0.029,-0.0269,9.8847,0.1073,-0.4151,0.3214
1245,986,823,33.592,25.644,0.0273,-0.0768,9.7433,0.0811,0.3994,-0.4971
1250,980,825,33.56,25.683,0.012,-0.0117,9.7815,0.4036,-0.4386,-0.3714
1255,974,821,33.605,25.626,0.0443,0.0774,9.8418,-0.2174,-0.6352,0.4184
1260,969,827,33.693,25.684,0.0684,-0.0027,9.7903,0.2709,-0.159,0.0967
1265,944,821,33.642,25.687,0.0178,-0.0277,9.8486,-0.2603,-0.5778,-0.1206
1270,940,822,33.57,25.573,-0.0194,0.0047,9.8139,-0.0308,0.6111,-0.88
1275,941,819,33.644,25.651,0.0456,0.0455,9.845,0.7192,-0.436,-0.7387
1280,925,824,33.585,25.681,0.0305,-0.169,9.7145,0.0708,0.8833,0.3648
1285,912,822,33.654,25.622,0.0034,0.015,9.7962,0.3934,0.2214,0.0837
1290,916,822,33.606,25.592,0.0147,-0.0267,9.8121,-0.2312,0.107,-0.0615
1295,900,819,33.617,25.598,-0.0441,0.0024,9.7408,-0.1571,0.2891,-0.6855
1300,888,824,33.584,25.696,0.0219,0.0035,9.8416,-0.3645,-0.9023,0.2082
1305,883,818,33.627,25.691,0.0151,-0.0276,9.9106,-0.1461,0.1453,-0.2924
1310,869,813,33.722,25.672,-0.027,-0.0584,9.813,-0.6645,-0.2837,-0.3032
1315,869,813,33.575,25.718,-0.0064,-0.0479,9.7236,1.0479,-0.1946,-0.2902
1320,858,821,33.689,25.759,-0.0626,0.0061,9.758,0.6039,0.4437,-0.2906
1325,848,818,33.557,25.683,0.0361,0.0022,9.7831,-0.4862,-0.9067,0.1587
1330,837,815,33.601,25.568,-0.0249,-0.0866,9.7886,0.4058,0.4035,-0.9635
1335,829,813,33.631,25.657,-0.0279,-0.03,9.7713,0.704,0.2181,-0.4486
1340,823,814,33.689,25.67,-0.0497,0.0847,9.7562,-0.2499,-0.3594,0.5633
1345,818,817,33.609,25.658,0.0304,0.0899,9.7589,0.7629,0.0047,0.2925
1350,807,818,33.661,25.709,0.0127,-0.0329,9.8493,-0.3973,-0.1106,0.9509
1355,801,817,33.679,25.607,0.017,0.0013,9.8268,-0.2091,-0.4551,-0.0015
1360,799,813,33.618,25.632,-0.0147,-0.0559,9.842,-0.6593,-1.2279,0.0158
1365,783,816,33.63,25.636,0.0331,-0.0171,9.7712,-0.4399,-0.4346,-0.3691
1370,781,809,33.592,25.626,0.0138,-0.0122,9.7551,-0.0541,-0.5714,-0.0302
1375,783,813,33.682,25.731,0.081,-0.0632,9.7811,0.2882,0.1878,0.3548
1380,761,815,33.619,25.613,0.0735,0.0585,9.8272,0.0058,-0.5168,0.2222
1385,766,816,33.672,25.743,0.0255,0.0148,9.8693,-0.9896,0.1867,-0.7682
1390,752,811,33.605,25.731,0.0216,0.0076,9.7216,-0.3081,-0.0602,0.156
1395,761,811,33.665,25.692,0.0367,-0.0593,9.8482,-1.0255,-0.4173,-0.3572
1400,755,814,33.668,25.677,-0.0086,0.0083,9.8129,0.3403,-0.1312,-0.4694
1405,747,811,33.622,25.647,0.0528,0.0707,9.8109,-0.17,-0.3781,1.026
1410,746,808,33.604,25.633,-0.0167,-0.0639,9.7264,0.7993,-0.0592,-0.3556
1415,745,806,33.592,25.718,0.0136,-0.0354,9.79,-0.7694,0.1725,-0.002
1420,761,815,33.649,25.689,-0.0207,0.0141,9.8237,-0.4512,-0.1435,-0.8967
1425,747,810,33.605,25.712,0.0606,0.0785,9.8204,-0.3217,0.1476,0.9199
1430,749,807,33.632,25.638,-0.0655,0.0783,9.8231,-0.7851,-0.5718,-0.6408
1435,751,809,33.598,25.644,0.1214,0.0281,9.7732,-1.029,-0.0535,-0.4593
1440,743,809,33.628,25.761,-0.0425,0.0574,9.8134,-0.1414,1.649,-0.5068
1445,765,806,33.715,25.698,-0.1763,-0.0622,9.8297,-0.2691,-0.0225,-0.0639
1450,754,808,33.592,25.648,0.0181,-0.0511,9.8375,-0.7756,0.4678,-0.2882
1455,762,810,33.655,25.618,-0.0147,0.0201,9.7427,-0.0838,-0.8295,0.0943
1460,762,802,33.664,25.674,0.0255,-0.0615,9.8419,-1.0473,-0.3769,0.2181
1465,773,802,33.705,25.595,0.0732,-0.038,9.8161,0.591,0.1515,0.4055
1470,780,804,33.597,25.642,0.0385,0.0446,9.8238,-0.3577,-0.1583,0.6896
1475,770,806,33.529,25.659,-0.0563,0.0096,9.7735,0.0956,-0.7112,-0.7938
1480,793,799,33.703,25.649,-0.0129,0.0157,9.803,-0.3566,0.5083,-0.063
1485,803,801,33.609,25.682,-0.0066,0.024,9.871,0.2764,-0.4466,-0.4692
1490,813,802,33.598,25.666,0.0745,0.0558,9.8461,0.2966,-0.1202,0.701
1495,811,796,33.644,25.612,0.1337,-0.0618,9.828,1.5564,0.2459,0.1467
1500,816,794,33.624,25.667,-0.0258,-0.0623,9.807,-0.732,0.0236,-0.0156
1505,837,793,33.625,25.694,-0.0264,-0.0315,9.8953,-0.2586,0.3768,-0.2237
1510,847,797,33.633,25.645,-0.0886,-0.0137,9.8378,0.3663,-0.6891,0.8915
1515,851,790,33.582,25.66,0.0048,-0.0389,9.7979,0.7426,0.0624,-0.0355
1520,863,791,33.561,25.741,-0.0292,0.0282,9.7685,-0.1786,0.4251,0.3134
1525,878,793,33.576,25.649,-0.0266,-0.0468,9.7754,-0.4429,0.0882,0.3052
1530,883,789,33.524,25.608,-0.0434,0.0106,9.8096,0.8098,-0.1724,-0.1999
1535,896,786,33.574,25.635,-0.0055,-0.0296,9.8141,0.3574,0.0696,-0.4693
1540,903,783,33.616,25.651,-0.0069,-0.0015,9.7136,-0.0816,0.0424,0.3149
1545,922,785,33.578,25.671,0.0294,-0.1049,9.812,-0.3125,0.4707,0.472
1550,947,784,33.629,25.695,-0.0816,0.0156,9.7455,-0.3494,0.9448,-0.2485
1555,940,780,33.588,25.645,0.1534,0.046,9.8466,0.2719,0.0797,-0.2932
1560,970,775,33.613,25.675,0.0467,0.0508,9.7737,-1.3747,0.2162,0.1647
1565,970,779,33.571,25.704,0.0044,0.0111,9.8899,0.3933,0.3694,0.7636
1570,986,775,33.619,25.629,0.0705,0.0017,9.7634,0.4319,0.5403,0.2536
1575,995,780,33.673,25.655,-0.0009,-0.0065,9.7767,-0.1287,-0.5927,-0.4303
1580,999,775,33.611,25.588,0.0265,0.0121,9.8333,0.3921,-0.3069,-0.2627
1585,1016,772,33.638,25.538,-0.005,0.0151,9.7965,-0.0976,0.9273,0.6593
1590,1035,771,33.554,25.618,-0.0766,-0.0387,9.9005,0.6275,-0.3583,0.8457
1595,1034,771,33.696,25.723,0.0767,0.1195,9.769,0.6319,0.0131,0.8895
1600,1061,770,33.635,25.653,-0.0119,0.0089,9.7527,0.6113,0.3387,-0.1841
1605,1062,765,33.6,25.626,-0.0401,-0.0715,9.7432,-0.7116,-0.0344,0.0029
1610,1073,764,33.595,25.633,-0.0602,-0.0307,9.864,-0.2591,0.2598,1.1587
1615,1086,764,33.563,25.692,0.0548,0.0397,9.8272,0.7864,0.3407,1.3649
1620,1098,766,33.583,25.716,0.0035,0.0693,9.7954,-0.1609,-0.5306,0.2847
1625,1099,763,33.618,25.688,-0.004,0.0922,9.8416,-0.0692,0.2077,-0.6788
1630,1116,761,33.649,25.653,-0.0802,0.0336,9.7683,0.8993,0.2729,-0.0917
1635,1124,764,33.608,25.747,-0.0618,0.0328,9.8169,0.5969,-0.5798,-0.5205
1640,1132,768,33.558,25.619,0.032,-0.0418,9.8792,-0.36,-0.0757,-0.0595
1645,1132,758,33.651,25.596,0.0674,-0.0019,9.7327,0.3888,0.3291,-0.0882
1650,1142,759,33.69,25.637,-0.0236,-0.0181,9.8633,0.347,-0.6403,-0.6757
1655,1153,761,33.593,25.634,-0.0126,-0.013,9.8417,0.4769,-0.1642,0.1119
1660,1143,760,33.606,25.685,0.0235,-0.0275,9.8693,0.2076,-0.5165,0.2006
1665,1161,759,33.531,25.646,-0.0876,0.0248,9.816,0.0952,0.8058,0.0938
1670,1176,759,33.574,25.649,0.0025,-0.09,9.8621,-0.2664,-0.2228,0.2018
1675,1165,759,33.645,25.678,-0.0194,0.0714,9.87,-0.4963,1.0316,0.1522
1680,1170,765,33.643,25.678,0.0277,-0.0125,9.7327,-0.0271,-0.0433,-0.5479
1685,1175,755,33.613,25.721,-0.0449,-0.0018,9.8246,0.5849,-0.6732,0.0016
1690,1192,764,33.55,25.594,0.0383,0.0403,9.7599,-0.509,0.0024,0.8365
1695,1178,765,33.595,25.593,-0.0074,-0.0538,9.8264,0.1505,-0.5283,-0.2047
1700,1178,758,33.58,25.685,0.0489,0.0014,9.8663,0.3767,0.2832,1.0528
1705,1181,761,33.524,25.555,0.0956,-0.09,9.8277,0.1781,0.0773,0.3711
1710,1188,761,33.588,25.685,0.0627,0.0055,9.7198,-0.548,-0.096,-0.1033
1715,1195,762,33.536,25.625,-0.0502,0.0142,9.8237,-0.0432,-0.0895,-0.1986
1720,1195,766,33.669,25.656,-0.0186,-0.0467,9.8724,-0.5615,-0.3243,0.3442
1725,1187,768,33.585,25.639,-0.0478,-0.0701,9.7288,-1.2389,-0.6094,0.1762
1730,1184,769,33.532,25.622,0.0219,0.1307,9.8001,0.5257,-0.5319,-0.5359
1735,1179,768,33.572,25.688,-0.0006,0.0101,9.7183,-0.5596,0.2725,-0.1469
1740,1187,769,33.729,25.671,-0.0398,-0.0092,9.8749,0.3776,-0.1261,-0.7105
1745,1177,768,33.547,25.63,-0.0401,-0.0781,9.7784,0.5337,0.0223,-0.0652
1750,1177,779,33.645,25.637,-0.0859,-0.0013,9.8619,0.7359,-0.2561,0.5971
1755,1174,770,33.626,25.661,0.014,0.0064,9.8179,0.5966,-0.9942,0.1776
1760,1180,773,33.693,25.637,0.0092,0.0391,9.8546,0.3611,-1.9804,-0.0104
1765,1173,774,33.632,25.673,0.0151,0.0299,9.8009,-0.0177,-0.4138,0.7435
1770,1174,778,33.59,25.569,-0.0064,0.0111,9.797,-0.4579,0.3421,-0.5501
1775,1164,780,33.641,25.69,0.0059,0.0355,9.8665,0.2344,0.6208,-0.5608
1780,1164,781,33.694,25.646,-0.0559,0.0228,9.8351,0.6989,0.4403,-0.1202
1785,1163,785,33.582,25.596,-0.072,-0.0147,9.773,0.7281,0.1866,0.4789
1790,1158,784,33.671,25.686,0.0525,-0.0778,9.7795,-0.2144,-0.4316,0.3576
1795,1154,790,33.637,25.668,0.0874,-0.011,9.8526,0.0787,1.0223,-0.7549
1800,1144,791,33.652,25.69,-0.053,0.0558,9.7417,0.4941,-0.6315,-1.0445
1805,1159,791,33.647,25.626,0.0157,-0.0198,9.8207,-0.2975,0.0338,1.6736
1810,1150,792,33.507,25.75,-0.0025,-0.0888,9.7453,0.0228,-0.3491,-0.3455
1815,1146,796,33.668,25.633,0.0393,0.0353,9.7782,-0.6939,0.8705,-1.0722
1820,1137,794,33.625,25.665,0.0785,-0.0189,9.8734,0.303,-0.8246,-0.3417
1825,1144,796,33.622,25.661,-0.0433,0.055,9.7875,0.2079,0.0057,0.0824
1830,1134,802,33.694,25.626,-0.0268,-0.0143,9.7229,0.5748,-0.5222,-0.0243
1835,1125,799,33.663,25.724,0.0599,-0.0514,9.7919,-0.3386,0.1519,-0.1209
1840,1127,804,33.684,25.681,0.0469,-0.0023,9.7433,-0.7718,-0.0056,-0.6832
1845,1126,801,33.574,25.751,0.0095,0.0103,9.8307,0.3666,0.1515,-0.0894
1850,1121,811,33.646,25.687,-0.0351,-0.0531,9.8347,-0.4571,-0.8296,0.1717
1855,1102,807,33.623,25.682,0.0311,0.0806,9.874,0.1031,-0.6018,0.0355
1860,1119,809,33.717,25.673,0.0207,-0.0561,9.8207,-0.1946,0.0266,-0.9199
1865,1116,811,33.62,25.629,-0.0022,0.0403,9.8106,0.0239,0.362,-0.0207
1870,1101,816,33.537,25.641,0.0418,0.037,9.9055,0.4165,0.43,0.5814
1875,1107,815,33.629,25.686,-0.0866,-0.0339,9.8851,-0.1703,0.636,0.3025
1880,1108,817,33.678,25.552,-0.0148,-0.0215,9.8696,-0.8898,0.1285,-0.1786
1885,1111,817,33.66,25.684,0.0905,-0.0146,9.74,0.5605,-0.8485,0.1872
1890,1095,814,33.6,25.611,-0.0499,-0.0258,9.787,-0.7301,-0.4247,-0.551
1895,1096,827,33.719,25.594,-0.0715,0.0685,9.7734,0.5343,-0.1641,0.4047
1900,1094,818,33.635,25.669,0.0697,0.0271,9.8214,0.0393,0.0204,0.6793
1905,1094,822,33.664,25.694,-0.0958,0.1381,9.8074,-0.5427,0.5857,-1.1583
1910,1095,826,33.749,25.667,-0.073,-0.0224,9.8752,-0.212,0.0917,0.2486
1915,1091,825,33.591,25.675,-0.0427,0.0866,9.7382,-0.1721,-0.0144,-0.7384
1920,1075,826,33.633,25.55,-0.021,0.0973,9.7498,-0.8049,0.1777,0.9538
1925,1086,826,33.715,25.554,0.0501,0.0082,9.897,-0.244,0.5357,0.3479
1930,1074,830,33.561,25.635,0.0324,-0.0068,9.8203,0.0877,0.3445,0.4048
1935,1078,831,33.529,25.672,-0.0233,0.0778,9.8216,0.2109,-0.773,0.1049
1940,1078,831,33.589,25.604,0.0171,-0.0334,9.8377,0.0956,-0.8944,0.8404
1945,1071,830,33.63,25.601,0.022,0.0628,9.7826,-0.1606,0.5633,-0.4564
1950,1070,825,33.608,25.672,0.0317,-0.0623,9.8684,-0.1712,-0.3959,0.1884
1955,1081,830,33.634,25.659,-0.0091,0.0601,9.8205,0.3729,-0.7845,0.2906
1960,1072,834,33.572,25.688,0.0473,0.0443,9.7467,0.3492,0.6595,0.9111
1965,1065,835,33.656,25.659,0.103,-0.0023,9.8615,-0.3427,-0.6962,0.7226
1970,1065,834,33.667,25.736,0.0182,-0.0362,9.8065,0.1496,0.101,-0.1323
1975,1061,830,33.671,25.675,0.0024,-0.0001,9.7919,0.3557,0.9283,-0.1605
1980,1049,829,33.693,25.707,-0.0338,-0.0447,9.8025,0.8055,-1.1513,0.6912
1985,1048,831,33.513,25.755,-0.0204,0.0083,9.8029,-0.4088,-0.4103,0.5705
1990,1047,828,33.711,25.685,-0.0689,0.0306,9.8798,-0.0432,-0.415,0.7425
1995,1033,835,33.751,25.636,0.1048,-0.0267,9.868,-0.0146,0.4897,-0.3106
2000,1032,831,33.641,25.757,0.0051,0.0038,9.8992,-0.0927,0.8998,1.2209
2005,1031,831,33.622,25.637,-0.0399,0.0042,9.8056,0.0309,1.1261,0.3316
2009,1025,828,33.64,25.653,-0.0563,0.0726,9.8539,0.3634,0.481,-0.3658
2015,1023,825,33.591,25.656,0.0719,-0.0072,9.8635,-0.1869,-0.835,-0.1777
2020,1020,829,33.657,25.549,-0.0448,-0.1207,9.6709,0.4317,0.2687,-0.3754
2025,1009,831,33.708,25.587,0.003,-0.1222,9.8171,0.3882,0.3822,0.0762
2029,1000,828,33.602,25.656,-0.0789,-0.0092,9.7812,-0.7577,0.4182,0.2236
2035,997,825,33.533,25.742,0.0975,0.0515,9.8501,0.2467,-0.5365,0.434
2040,991,825,33.532,25.726,-0.0059,0.0127,9.8902,0.2111,0.1178,0.5109
2045,974,823,33.647,25.607,0.0058,0.0558,9.8439,-0.0872,0.2299,0.1059
2050,977,828,33.503,25.705,-0.0377,-0.0216,9.8232,-0.5982,-0.4807,-0.1215
2055,961,824,33.542,25.624,-0.0397,-0.0641,9.7538,0.1298,-0.183,0.3796
2060,963,822,33.652,25.748,-0.0024,0.063,9.7459,1.1437,0.0831,-0.1721
2065,947,825,33.697,25.689,0.0431,-0.0674,9.8173,-0.1664,0.5804,-0.1597
2070,933,818,33.581,25.69,0.0247,0.089,9.832,0.3632,-0.1632,-0.6601
2075,925,825,33.714,25.659,0.0594,-0.0242,9.7729,0.122,-0.2637,0.2519
2080,923,829,33.545,25.643,0.0476,0.0428,9.7999,1.0168,-0.5976,-0.9861
2085,916,821,33.741,25.644,0.0206,0.0163,9.8313,0.5092,-1.0742,-0.4757
2090,908,822,33.514,25.678,0.0381,-0.094,9.834,0.1697,0.2183,-0.0721
2095,898,822,33.64,25.65,0.0405,-0.0015,9.7757,-0.0949,0.1691,-0.1063
2100,880,819,33.631,25.601,0.0056,0.0568,9.8733,0.9225,-0.0117,-0.3943
2105,871,816,33.614,25.598,0.0382,0.0299,9.8423,-0.2704,0.0827,-0.531
2110,864,819,33.668,25.672,0.0028,-0.0426,9.8483,0.5884,0.3331,-0.3405
2115,855,818,33.619,25.571,0.0588,-0.0211,9.7404,0.5608,0.6627,-0.0083
2120,849,819,33.67,25.713,0.0302,-0.0419,9.746,-1.3333,-0.6161,-0.342
2125,851,817,33.641,25.629,0.0339,0.0116,9.8186,0.1477,-0.048,0.053
2130,830,815,33.714,25.611,-0.0651,-0.0392,9.8257,0.6922,-0.3304,0.2976
2135,824,811,33.611,25.603,0.0808,0.0099,9.7013,0.1564,-0.5332,-0.0945
2140,824,818,33.681,25.581,0.0742,0.0238,9.8309,-0.1173,-0.2085,-0.068
2145,801,817,33.571,25.692,0.0513,0.085,9.8704,-0.9367,0.1822,-0.0454
2150,806,813,33.612,25.664,-0.0061,-0.0166,9.778,-0.3055,-0.6924,-0.2054
2155,795,818,33.646,25.74,0.068,-0.0252,9.8645,0.103,0.1222,-0.6621
2160,787,811,33.658,25.681,-0.001,-0.0241,9.7901,-0.0702,0.5523,-0.1197
2165,777,814,33.561,25.696,-0.0359,0.04,9.8138,-0.2231,-0.1892,-0.7395
2170,772,809,33.727,25.649,-0.0267,0.092,9.7952,-0.464,0.3411,0.1141
2175,769,816,33.623,25.765,0.0072,0.0504,9.8897,0.5178,1.1733,0.6452
2180,769,816,33.683,25.709,-0.0507,-0.0142,9.8002,-0.081,0.229,-0.3493
2185,762,813,33.605,25.726,-0.09,-0.0066,9.7747,-0.3849,0.2895,1.1854
2190,760,809,33.666,25.66,0.0986,0.0375,9.77,-2.0512,-0.2758,-0.011
2195,752,811,33.48,25.619,0.0298,-0.0049,9.8143,0.2737,0.551,0.6779
2200,759,812,33.57,25.726,0.1117,0.0017,9.7793,-0.1808,0.5243,0.58
2205,749,811,33.608,25.693,0.0255,-0.0268,9.8576,-0.09,-0.549,-0.0549
2210,749,813,33.715,25.767,0.0485,0.0789,9.7474,0.5412,0.1857,-0.0057
2215,743,811,33.564,25.631,0.019,0.0615,9.8446,-0.0223,-0.9747,1.3829
2220,744,812,33.552,25.622,-0.0129,-0.0301,9.7937,-0.1288,-0.1973,-0.7804
2225,741,809,33.653,25.745,-0.0107,0.0043,9.8665,0.1583,-0.0138,0.0545
2230,750,808,33.573,25.594,0.0465,-0.067,9.8012,0.9708,-0.8562,-0.5345
2235,744,813,33.717,25.668,-0.0109,0.0274,9.7833,-0.6703,0.6003,0.1475
2240,750,812,33.609,25.708,0.0013,0.0184,9.8684,0.3265,-0.1663,-0.603
2245,753,807,33.579,25.668,0.0516,0.0164,9.7896,0.0014,-0.6416,-0.56
2250,768,806,33.603,25.681,-0.0734,0.0838,9.8181,0.3785,-0.2867,-0.3723
2255,772,813,33.671,25.681,0.0735,-0.0531,9.7987,-0.7942,-0.4266,-0.5215
2260,759,795,33.606,25.642,0.0373,-0.0532,9.8104,-0.7045,-0.7268,-0.3809
2265,783,807,33.64,25.537,0.0307,0.0585,9.8043,0.0498,0.2232,-0.0889
2270,781,795,33.62,25.599,-0.0431,0.0069,9.8342,0.3028,0.459,-0.3191
2275,789,802,33.678,25.654,-0.0073,0.0059,9.7263,0.2778,0.198,0.2443
2280,794,797,33.656,25.707,0.0405,0.0191,9.7522,-0.0084,0.2951,0.0709
2285,797,799,33.73,25.636,-0.0762,0.0156,9.834,-0.4714,-0.4477,-0.8646
2290,813,796,33.639,25.738,-0.0725,0.014,9.7917,-0.6728,-0.3387,-0.5751
2295,819,795,33.631,25.582,0.0004,-0.0499,9.8262,-0.2452,0.2066,0.8919
2300,835,794,33.58,25.598,0.0107,0.0496,9.8037,-0.6728,0.1768,0.178
2305,841,791,33.556,25.634,0.0011,0.021,9.709,-0.4726,0.3379,-0.8051
2310,849,795,33.615,25.664,-0.0407,0.0708,9.8507,0.0388,0.4494,-0.4033
2315,870,793,33.613,25.569,0.0154,0.0056,9.8024,-0.7813,-0.1675,0.4931
2320,875,789,33.665,25.718,0.0204,0.0452,9.7511,-0.1045,0.3822,-0.2739
2325,886,795,33.635,25.589,-0.0867,0.0043,9.7807,-0.0101,0.3072,-0.4849
2330,895,786,33.621,25.672,-0.0375,-0.0228,9.8407,-0.5091,0.1364,0.6077
2335,920,791,33.659,25.686,0.0372,-0.0012,9.861,0.571,0.4174,0.5421
2340,924,781,33.592,25.711,0.0042,0.0056,9.8493,0.4252,-0.4687,0.7562
2345,935,776,33.619,25.573,0.0051,-0.072,9.7478,-0.1692,0.1304,-0.1093
2350,941,786,33.715,25.645,-0.0309,-0.0268,9.7911,0.0146,-0.2087,1.3706
2355,958,779,33.677,25.665,0.0109,-0.0018,9.8594,-0.4275,-0.9321,-0.4482
2360,963,778,33.619,25.601,-0.0406,-0.0687,9.7684,0.9969,-0.8688,0.3847
2365,983,776,33.58,25.678,-0.0204,-0.0365,9.8066,0.2619,-0.4241,0.5084
2370,986,770,33.671,25.644,-0.0563,0.0314,9.7407,0.1755,-0.9909,-0.7744
2375,1001,771,33.669,25.653,0.0439,-0.0194,9.7767,-0.1586,-1.1062,-1.1399
2380,1026,775,33.672,25.694,0.0422,0.0124,9.8173,-0.0327,0.3137,-0.0364
2385,1034,772,33.649,25.702,-0.006,-0.0336,9.8362,-0.102,0.5713,-0.0168
2390,1036,774,33.551,25.594,-0.0905,0.0347,9.7881,-0.5021,-0.4527,-0.0792
2395,1043,775,33.516,25.63,-0.0577,0.0276,9.8583,-0.8839,-0.6025,0.2356
2400,1066,772,33.616,25.586,-0.0292,0.0559,9.7785,0.7777,0.64,0.3709
2405,1063,765,33.656,25.634,0.0075,0.0421,9.8359,0.3639,-0.8101,-0.5086
2410,1090,763,33.591,25.663,0.008,-0.0426,9.7872,0.4574,0.1457,-1.2333
2415,1085,765,33.571,25.665,-0.0285,-0.0936,9.7273,0.5879,0.2448,-0.7037
2420,1100,761,33.59,25.635,0.0369,-0.0031,9.7717,-0.5234,0.7371,-0.8843
2425,1103,764,33.687,25.66,-0.038,0.0772,9.81,0.7783,-0.4239,0.0194
2430,1120,763,33.636,25.658,0.0118,-0.0067,9.8742,0.2118,0.289,-0.5547
2435,1137,762,33.586,25.626,-0.0294,0.0497,9.7654,0.2232,-0.348,0.3035
2440,1133,762,33.683,25.721,0.0218,0.0137,9.8687,-0.5448,-0.3782,-0.4101
2445,1153,762,33.619,25.698,0.0112,-0.0132,9.8129,0.8094,-0.3795,0.6511
2450,1147,762,33.61,25.65,0.0188,-0.0123,9.8769,0.6513,0.7291,0.2146
2455,1158,763,33.682,25.616,-0.0768,0.0396,9.7867,-0.079,0.2618,-0.0251
2460,1151,756,33.693,25.664,-0.0394,0.0451,9.8355,-0.5228,-1.4115,0.3609
2465,1168,762,33.565,25.675,-0.0378,0.0402,9.8836,0.9422,0.1074,0.3095
2470,1165,759,33.619,25.639,0.0092,-0.0677,9.8396,-0.349,-0.4802,0.2742
2475,1176,752,33.594,25.6,-0.0198,0.0305,9.7845,-0.1931,-0.5064,0.5469
2480,1168,755,33.664,25.605,0.0955,0.01,9.756,0.3882,0.1439,0.661
2485,1182,760,33.663,25.643,-0.0109,-0.0063,9.8268,0.3767,0.3165,0.2759
2490,1169,760,33.7,25.635,-0.0169,0.0879,9.8296,-0.7907,0.033,0.3668
2495,1190,764,33.619,25.68,0.0155,0.1151,9.7482,0.7916,0.5067,-0.5796
2500,1181,761,33.605,25.734,-0.0334,0.0067,9.8178,-0.0005,-0.1993,0.0772
2505,1194,760,33.554,25.694,0.0597,-0.03,9.7924,0.3003,-0.5835,-0.0018
2510,1181,765,33.653,25.644,0.0352,0.0268,9.8282,-0.1768,-0.0292,-0.338
2515,1187,762,33.699,25.742,0.0382,0.0783,9.8731,-0.5928,0.1428,0.324
2520,1181,764,33.595,25.662,-0.0462,0.1062,9.799,-0.3923,-0.2273,-0.4833
2525,1183,769,33.689,25.698,0.0137,-0.0079,9.6746,1.3157,-0.3402,-0.4416
2530,1195,766,33.543,25.608,0.0218,-0.0302,9.7516,-0.5037,1.1731,-0.8532
2535,1187,774,33.604,25.631,-0.0404,0.1035,9.7731,0.3439,-0.2337,0.5819
2540,1186,770,33.633,25.722,0.0287,-0.0315,9.8729,-0.6891,-0.3112,0.5072
2545,1186,773,33.645,25.758,0.0661,-0.039,9.8591,-0.9358,-0.3485,-0.6334
2550,1173,772,33.661,25.673,-0.0071,0.0192,9.8866,-0.079,-0.2158,-0.7819
2555,1170,772,33.635,25.674,-0.04,-0.0486,9.6983,0.2151,0.3908,-0.336
2560,1174,769,33.681,25.654,-0.0044,-0.0746,9.7285,-0.4629,-0.1771,0.4276
2565,1168,777,33.677,25.744,-0.0229,-0.067,9.761,0.3886,-0.0742,-0.5157
2570,1178,778,33.669,25.657,0.0274,-0.0865,9.8081,0.3516,0.0848,-0.4698
2575,1172,782,33.602,25.711,-0.0394,-0.0846,9.8563,-0.4338,0.7373,0.3947
2580,1165,781,33.583,25.721,-0.0774,0.0643,9.7656,0.1431,-0.319,0.082
2585,1162,787,33.695,25.593,0.031,0.0353,9.8225,0.2347,-1.0143,-0.0073
2590,1160,790,33.695,25.646,0.0299,-0.0068,9.7772,0.328,0.2542,0.4947
2595,1140,790,33.611,25.674,-0.0032,0.0308,9.8972,0.3469,0.1919,-0.1507
2600,1154,795,33.646,25.577,-0.0141,0.0891,9.8061,-0.7758,0.0058,0.807
2605,1139,787,33.638,25.816,-0.0645,-0.0459,9.7926,0.0159,-0.0518,-0.4918
2610,1144,795,33.672,25.701,-0.0363,0.0571,9.7442,0.2036,1.0121,-0.1963
2615,1133,802,33.612,25.628,-0.0862,-0.0133,9.7831,-0.3812,-0.5982,0.9633
2620,1137,796,33.605,25.717,0.0096,0.0491,9.7663,0.2831,0.1541,-0.0722
2625,1135,800,33.629,25.643,-0.0981,0.0144,9.7874,0.5207,0.236,-0.537
2630,1139,794,33.59,25.641,0.0424,-0.0436,9.8123,0.769,1.2225,0.1103
2635,1126,804,33.638,25.702,-0.0066,0.0381,9.7729,0.3094,0.284,-0.0588
2640,1127,801,33.571,25.664,-0.1089,0.0135,9.8664,0.1299,-0.5166,0.5063
2645,1129,812,33.595,25.751,0.0604,-0.0029,9.8126,0.455,0.2273,-0.0302
2650,1117,812,33.562,25.583,0.1322,0.036,9.7684,-0.386,0.2837,-0.2412
2655,1120,810,33.61,25.717,0.0066,0.0618,9.9127,0.3976,0.5086,-1.0538
2660,1114,815,33.697,25.742,0.0088,-0.0111,9.8691,-0.8761,0.5167,-0.6415
2665,1108,814,33.56,25.72,-0.0369,0.0627,9.8515,0.2922,-0.0824,0.4423
2670,1110,820,33.533,25.693,0.0136,-0.1058,9.7858,0.1779,0.0076,0.0231
2675,1109,817,33.656,25.616,0.0703,-0.0726,9.8404,0.7427,-0.4294,-0.0043
2680,1108,819,33.52,25.717,0.0974,0.0289,9.8821,0.0806,0.4038,0.6532
2685,1100,819,33.644,25.714,0.0367,-0.025,9.8159,-0.2883,-0.3396,-0.5776
2690,1108,822,33.594,25.708,-0.0616,-0.1053,9.7085,-0.3473,-0.265,-0.4982
2695,1102,827,33.637,25.509,0.0322,0.023,9.8116,1.2888,-0.3101,-0.4822
2700,1092,823,33.523,25.727,0.1277,-0.0114,9.7902,-0.592,-0.1259,0.3442
2705,1099,828,33.636,25.565,0.0218,-0.0655,9.8385,-0.1886,0.4872,0.1064
2710,1089,825,33.551,25.619,0.0382,0.0258,9.7715,0.0919,0.2164,-0.4939
2715,1091,824,33.699,25.778,0.0428,0.0216,9.8016,0.9592,0.1864,-0.082
2720,1093,824,33.544,25.658,0.0373,0.0234,9.7964,0.1394,1.6351,0.2027
2725,1085,832,33.628,25.67,0.0104,0.0017,9.7746,-0.4503,-0.8922,-0.4111
2730,1086,834,33.652,25.608,-0.0214,0.0127,9.88,0.1635,0.1324,1.0755
2735,1086,828,33.618,25.736,0.017,0.0605,9.7864,-0.4776,0.5499,0.6402
2740,1080,830,33.676,25.725,-0.0096,0.0221,9.7653,-0.1799,-0.2844,0.0616
2745,1075,833,33.628,25.646,-0.0601,0.0713,9.8284,0.5512,-0.3591,-0.1101
2750,1076,831,33.707,25.681,0.0659,0.0185,9.8856,-0.5108,0.9461,0.0008
2755,1067,832,33.602,25.675,-0.0378,-0.0642,9.7888,-0.1957,0.0274,0.1592
2760,1058,832,33.705,25.746,-0.0284,-0.0315,9.7637,0.4045,0.3417,0.1915
2765,1065,831,33.534,25.688,0.072,-0.0203,9.8083,0.6902,-1.2127,-0.4892
2770,1054,830,33.627,25.745,0.0177,-0.0115,9.8098,-0.3307,0.7221,-0.2048
2775,1058,832,33.622,25.628,0.0269,0.0599,9.8719,0.4776,-0.216,-0.2742
2780,1050,828,33.608,25.739,0.0607,0.1004,9.8294,0.6931,0.2923,-0.3118
2785,1044,836,33.672,25.694,0.0474,0.07,9.7863,0.9848,0.3292,0.116
2790,1052,831,33.643,25.642,0.0819,-0.0279,9.805,0.3762,-0.4929,-0.1236
2795,1037,828,33.595,25.675,0.0097,0.0377,9.9722,0.5399,0.2845,-0.1599
2800,1032,828,33.532,25.652,-0.0197,-0.0109,9.7796,-0.36,1.281,-0.1616
2805,1030,825,33.581,25.674,0.0009,0.0371,9.8867,0.2205,0.4927,-0.2402
2810,1026,833,33.651,25.744,0.0217,-0.015,9.7586,-0.065,0.0687,-0.0312
2815,1019,828,33.564,25.631,0.0184,0.0712,9.8157,0.5675,0.4474,-0.4612
2820,1009,827,33.637,25.608,-0.0325,0.0182,9.8665,-0.2346,-0.022,0.0217
2825,1006,823,33.621,25.688,0.0105,-0.041,9.7924,0.2808,-0.4269,0.2046
2830,994,826,33.608,25.714,0.0048,-0.1084,9.8431,1.2264,-0.3743,-0.0503
2835,1000,818,33.564,25.635,0.054,0.1075,9.7579,-0.0511,0.8245,0.4131
2840,984,826,33.587,25.562,-0.0576,0.0317,9.8428,0.0351,-0.2339,-0.0459
2845,976,823,33.67,25.634,0.0315,0.0219,9.7777,0.0353,-0.5405,-0.5022
2850,968,822,33.658,25.604,0.0543,0.0026,9.8882,1.5859,-0.1009,0.5651
2855,973,821,33.622,25.624,-0.04,0.0596,9.7884,-0.6419,0.3118,-0.6727
2860,956,822,33.671,25.767,0.0101,0.1114,9.7865,-0.7212,0.2628,0.0114
2865,938,822,33.657,25.651,-0.0668,-0.0131,9.8749,-0.4651,0.6749,-1.5135
2870,927,825,33.574,25.719,0.0204,0.0339,9.8662,0.2647,0.4451,-0.8949
2875,926,821,33.578,25.652,0.0812,0.0026,9.8082,0.4559,0.4216,-0.1147
2880,916,821,33.661,25.61,0.0387,0.0072,9.7057,0.9812,0.8294,0.3201
2885,911,819,33.696,25.664,-0.081,0.0859,9.9002,0.6308,-0.2391,0.1143
2890,905,818,33.63,25.685,0.0197,-0.0065,9.7306,-0.0594,0.1799,-0.1514
2895,901,820,33.694,25.62,0.0755,-0.0637,9.8438,-0.0556,-1.0614,-0.1344
2900,886,820,33.524,25.635,0.0391,0.0143,9.7792,-0.396,-0.0442,-0.6474
2905,875,821,33.62,25.711,0.1112,-0.0817,9.7654,0.0494,-0.0662,-0.3289
2910,871,817,33.631,25.715,0.0144,-0.0543,9.8319,-0.4059,-0.6856,-0.065
2915,849,813,33.608,25.641,0.0683,0.0242,9.842,-0.0987,-0.416,-0.7827
2920,846,822,33.61,25.744,-0.0591,-0.0121,9.7907,0.8048,-0.808,0.043
2925,833,818,33.662,25.716,0.0567,-0.0032,9.7726,0.0099,1.0178,-0.0312
2930,832,816,33.71,25.685,-0.0651,0.0451,9.8707,0.4954,0.1754,-0.6957
2935,812,819,33.641,25.668,0.0583,0.0228,9.7631,-0.6408,-0.3974,0.9104
2940,808,821,33.56,25.738,0.0629,0.0243,9.7994,0.6657,0.0149,0.5797
2945,799,816,33.605,25.761,-0.052,-0.0612,9.8735,-0.1528,-0.1127,-1.1578
2950,796,816,33.508,25.699,-0.0351,-0.0346,9.8231,-0.3215,-0.2307,0.0838
2955,799,814,33.627,25.711,0.0083,-0.0888,9.8795,0.6179,0.6023,0.0651
2960,782,817,33.683,25.626,0.0665,0.0325,9.8485,0.1679,0.848,-0.669
2965,781,813,33.722,25.664,0.0284,-0.0437,9.8808,0.2204,-0.1363,0.6672
2970,772,814,33.589,25.666,0.0461,-0.096,9.7775,-0.2161,-0.7049,-0.1785
2975,765,814,33.611,25.668,0.0179,-0.0491,9.715,-0.2657,-1.6302,-0.7683
2980,765,813,33.579,25.672,0.0137,-0.0106,9.7354,-1.0487,-0.2698,0.1854
2985,759,808,33.677,25.694,0.0955,-0.0527,9.8373,0.0285,0.5421,0.2036
2990,759,812,33.661,25.644,-0.0058,-0.0146,9.8201,-0.0789,-0.2401,0.0456
2995,762,813,33.602,25.675,-0.0749,-0.0116,9.7678,0.9775,0.4615,-0.5411
3000,746,810,33.682,25.582,-0.0718,-0.0545,9.7527,-0.0749,-0.4931,0.4983
3005,739,814,33.704,25.664,0.0567,-0.0327,9.8493,0.4555,-1.5269,-0.0797
3010,746,805,33.643,25.613,-0.0861,-0.0532,9.8051,-0.8666,0.0304,0.0244
3015,748,813,33.674,25.712,0.0148,-0.0302,9.786,-0.0151,-0.6694,0.7521
3020,740,809,33.654,25.756,0.1105,0.0008,9.761,0.5841,-0.6478,0.6893
3025,744,811,33.585,25.716,0.0313,-0.0289,9.7438,0.4833,-0.3516,-0.4918
3030,744,802,33.633,25.681,-0.0883,0.0043,9.9328,-0.4129,-0.3519,-0.061
3035,747,805,33.64,25.703,-0.0272,-0.0002,9.8143,-0.6555,0.7403,-0.4893
3040,753,809,33.625,25.627,0.0032,-0.0076,9.844,-0.2418,0.1167,-0.54
3045,749,809,33.632,25.64,0.0205,-0.0005,9.8395,0.4023,-0.4757,-0.3417
3050,757,806,33.63,25.578,-0.0046,0.0759,9.768,0.0052,-0.168,0.5494
3055,761,803,33.705,25.736,0.0049,-0.0307,9.7579,-0.7425,-0.0358,-0.2163
3060,782,807,33.607,25.613,0.0275,-0.079,9.814,-0.0244,-0.5611,-0.565
3065,781,795,33.587,25.707,-0.0183,-0.0362,9.805,0.1919,0.0141,0.349
3070,789,801,33.565,25.65,-0.0869,0.0689,9.8307,-0.1538,0.1498,0.8156
3075,789,793,33.594,25.752,0.0513,0.0508,9.7397,0.1133,0.0696,0.7298
3080,801,796,33.553,25.737,0.0738,0.017,9.6903,0.5921,0.1907,-0.7504
3085,808,797,33.67,25.673,-0.0134,-0.0499,9.8223,0.1348,0.2748,-0.3565
3090,808,798,33.617,25.638,0.0571,-0.0204,9.7955,-0.5572,0.8478,0.1947
3095,838,800,33.719,25.671,-0.0146,-0.0599,9.8415,0.8678,-0.086,0.4279
3100,837,794,33.679,25.717,0.0428,-0.0674,9.7971,-0.0522,-0.1202,0.7775
3105,847,794,33.741,25.667,0.0834,0.0157,9.6961,-0.2176,-1.1756,0.2332
3110,857,792,33.596,25.517,0.0079,0.0144,9.8722,0.461,-0.2076,0.3267
3115,867,788,33.611,25.617,-0.0499,0.0188,9.8362,-0.6135,-0.1835,0.0991
3120,882,783,33.699,25.635,0.0123,0.0442,9.8565,-0.4273,0.7161,0.1639
3125,900,786,33.59,25.732,0.0106,-0.0399,9.857,-0.0029,0.4603,0.219
3130,901,787,33.645,25.689,-0.0364,0.0606,9.704,-0.0731,0.0742,-0.3528
3135,925,780,33.653,25.712,-0.0221,0.0375,9.798,0.2454,-0.2613,-0.3668
3140,931,783,33.708,25.591,-0.0637,-0.0468,9.907,0.8486,-0.2262,0.432
3145,944,780,33.74,25.715,0.0185,-0.0182,9.8001,0.0309,1.007,0.3049
3150,946,775,33.637,25.659,0.044,0.1009,9.7785,-0.0389,0.802,-0.3705
3155,954,782,33.588,25.703,-0.0186,-0.0696,9.8542,0.333,-0.0365,-0.0192
3160,973,779,33.647,25.685,-0.0305,-0.0068,9.8046,0.2492,-0.4767,0.91
3165,982,774,33.613,25.562,-0.0076,0.0211,9.8375,-0.1782,-0.1425,-0.498
3170,996,774,33.625,25.698,-0.0123,-0.0014,9.7663,0.3034,0.2025,0.0318
3175,1010,775,33.594,25.707,0.018,-0.0531,9.8255,0.3162,0.1807,-0.5988
3180,1018,766,33.604,25.623,-0.0186,0.0599,9.7754,-0.4039,0.188,-0.0759
3185,1032,773,33.643,25.656,0.09,-0.0469,9.7371,0.4473,1.0239,0.1362
3190,1055,766,33.624,25.748,0.0003,-0.0675,9.8659,0.561,-0.0081,-0.1338
3195,1060,767,33.651,25.654,-0.0699,0.0841,9.872,-1.0551,0.2234,0.0032
3200,1070,771,33.653,25.663,0.041,-0.033,9.8358,0.0672,0.4665,-0.0676
3205,1083,765,33.627,25.677,0.0758,-0.0208,9.7581,0.3161,-0.2776,0.2645
3210,1098,764,33.653,25.693,0.0205,0.0006,9.8149,0.083,0.6337,0.4733
3215,1091,761,33.529,25.599,0.0178,0.0335,9.75,0.0671,-0.8978,-0.4543
3220,1101,761,33.663,25.544,-0.0179,-0.0159,9.7558,0.0719,-0.8476,0.2549
3225,1113,763,33.658,25.69,-0.0645,0.0466,9.8149,-0.6036,-1.1699,-0.2695
3230,1113,762,33.593,25.726,-0.0508,0.0298,9.8424,0.7784,-0.3954,-0.0205
3235,1129,761,33.583,25.671,0.0662,-0.0227,9.8945,0.2023,-0.508,0.8469
3240,1147,759,33.689,25.741,0.0551,0.0048,9.8706,0.0328,0.3204,0.0117
3245,1143,760,33.653,25.667,-0.0467,-0.0311,9.6787,-0.548,-0.2185,-0.3575
3250,1147,758,33.591,25.569,0.0675,0.0323,9.7282,-0.4538,0.8327,-0.2709
3255,1151,756,33.67,25.631,0.0339,-0.0325,9.7224,-0.8245,0.1747,0.6594
3260,1162,757,33.645,25.569,0.037,0.1269,9.7284,0.1252,-0.9549,0.0578
3265,1177,763,33.639,25.684,0.017,0.0704,9.8453,0.586,0.1204,0.0152
3270,1166,764,33.607,25.749,-0.0265,-0.0067,9.7577,-0.5723,-0.4172,-0.1267
3275,1168,759,33.614,25.642,0.0282,0.0374,9.7789,0.1701,-0.23,0.7283
3280,1179,761,33.678,25.703,0.0022,0.0013,9.7417,0.3318,0.1423,0.2579
3285,1175,754,33.575,25.723,-0.0592,0.0237,9.8256,0.9588,0.505,-0.3051
3290,1188,760,33.606,25.664,-0.0814,-0.0442,9.8544,-0.1537,0.0508,0.2512
3295,1186,761,33.536,25.656,0.0114,0.0926,9.8386,-1.3175,0.8688,-0.4344
3300,1185,764,33.587,25.711,-0.0363,-0.032,9.8643,0.0684,-0.2355,-0.4261
3305,1185,762,33.67,25.676,0.0806,-0.0618,9.774,0.6654,-0.373,-0.1618
3310,1182,764,33.695,25.687,0.0108,0.0331,9.769,-0.1956,0.0863,-0.2592
3315,1193,763,33.669,25.66,0.0854,0.0154,9.7209,-0.2643,-0.6992,-0.495
3320,1190,761,33.599,25.655,-0.0274,0.016,9.8062,0.4055,-0.2492,-0.8492
3325,1194,765,33.639,25.683,0.0331,-0.0144,9.7611,-0.1511,-0.0977,-0.0005
3330,1186,764,33.594,25.726,-0.057,0.0701,9.8189,0.4718,-0.9438,-0.1397
3335,1187,773,33.598,25.695,-0.0407,0.025,9.8223,-0.4715,0.4726,-0.0656
3340,1178,766,33.697,25.661,0.0368,-0.0107,9.9067,-0.2424,0.0429,-0.1412
3345,1182,773,33.631,25.728,0.0778,-0.0653,9.8741,0.2994,0.3661,0.0507
3350,1181,772,33.599,25.683,0.0576,0.0337,9.8349,0.7611,-0.3507,-0.1324
3355,1181,773,33.62,25.567,-0.0459,-0.0877,9.7881,-0.4456,-0.2632,-0.5601
3360,1174,773,33.547,25.72,0.0563,0.0084,9.8587,-0.4322,0.291,-0.1369
3365,1167,776,33.577,25.626,0.0235,0.0308,9.7547,-0.1821,-0.4107,0.0054
3370,1170,780,33.599,25.703,-0.0782,0.1143,9.7455,0.0193,-0.0886,-0.6121
3375,1170,783,33.498,25.713,-0.0526,0.0605,9.836,-0.4731,-0.2828,0.2817
3380,1161,784,33.596,25.722,-0.0298,-0.1012,9.7858,-0.1813,0.78,-0.3611
3385,1168,783,33.606,25.645,-0.0643,0.0328,9.7631,0.0127,-0.3853,-0.4244
3390,1160,787,33.565,25.619,-0.0247,-0.0122,9.8511,0.2388,-0.2721,0.2831
3395,1156,787,33.62,25.734,-0.0624,0.0012,9.837,-0.0636,0.0634,0.2023
3400,1148,795,33.574,25.607,-0.035,0.0561,9.8304,0.0369,-0.045,-0.3378
3405,1143,798,33.716,25.669,0.0426,0.0322,9.8311,-0.3308,-0.2367,0.0117
3410,1139,798,33.641,25.68,-0.0694,-0.0167,9.737,0.1699,1.0559,-0.4546
3415,1137,796,33.699,25.678,0.0073,-0.0544,9.8449,0.299,0.3197,-0.0915
3420,1137,801,33.677,25.699,0.0225,0.0028,9.9255,-0.1426,-0.4816,0.4873
3425,1134,808,33.66,25.684,0.0027,0.0122,9.8413,0.0761,0.2409,-0.4789
3430,1131,800,33.699,25.722,-0.0038,0.0538,9.7617,-1.2509,-0.1768,-0.2206
3435,1121,804,33.641,25.656,-0.0664,-0.0812,9.7972,0.2862,-0.899,-0.4756
3440,1120,799,33.604,25.709,0.0209,-0.0029,9.7724,-0.9416,-0.0946,0.1665
3445,1120,807,33.699,25.63,0.0369,0.0061,9.7571,-0.3621,0.7909,-0.185
3450,1121,812,33.676,25.774,0.0539,0.0481,9.7268,0.1739,0.3308,0.008
3455,1119,809,33.679,25.679,-0.0401,0.046,9.745,-1.1613,0.2166,-0.0005
3460,1118,813,33.672,25.623,0.132,-0.069,9.7087,-0.5737,-0.1237,-0.0146
3465,1110,814,33.65,25.643,0.0901,-0.0573,9.7934,0.5187,-0.375,-0.6573
3470,1103,816,33.663,25.717,-0.0384,0.0627,9.7147,0.3809,1.0567,-0.3737
3475,1105,816,33.675,25.725,0.0812,-0.0046,9.7559,0.0253,-0.1116,-0.2923
3480,1101,820,33.566,25.691,-0.0847,-0.0197,9.8609,0.1747,0.2018,-0.0535
3485,1095,821,33.61,25.75,-0.0432,-0.0335,9.8051,0.2614,0.3583,0.8454
3490,1094,817,33.602,25.621,-0.0548,-0.0915,9.7991,-0.2104,0.4351,-0.1906
3495,1102,826,33.533,25.599,-0.0435,0.0069,9.8399,-0.0634,0.1279,0.1649
3500,1092,818,33.585,25.617,-0.0624,0.0235,9.7425,0.4099,-0.2842,-0.2663
3505,1089,829,33.642,25.662,-0.0266,0.0799,9.7841,-1.1137,0.3183,0.44
3510,1091,821,33.646,25.748,-0.0279,-0.0207,9.7995,-0.0359,0.4376,-0.5513
3515,1092,830,33.595,25.655,0.0163,-0.0029,9.8365,-0.1368,-0.6591,0.2316
3520,1082,829,33.607,25.724,0.0205,0.0214,9.841,0.0656,0.6157,-0.645
3525,1076,825,33.709,25.603,0.0535,-0.0124,9.7905,-0.2859,-0.8294,0.4286
3530,1088,826,33.672,25.71,-0.0721,-0.0086,9.8108,-0.1505,0.3032,0.5621
3535,1068,830,33.612,25.65,-0.0249,-0.0286,9.7482,0.2403,0.3186,-0.5511
3540,1087,830,33.583,25.698,-0.1103,-0.056,9.865,0.251,-0.4164,0.1912
3545,1071,829,33.656,25.722,-0.005,0.1032,9.7826,0.3376,-0.5949,-0.3908
3550,1067,830,33.694,25.677,-0.0186,-0.0171,9.8375,0.5861,-0.0726,0.3609
3555,1068,832,33.603,25.636,0.019,0.0036,9.7102,-0.3607,-1.113,-0.2506
3560,1067,829,33.593,25.669,0.0451,0.0294,9.7599,-0.4374,-0.254,0.3005
3565,1069,834,33.614,25.617,0.0203,-0.0113,9.8264,-0.539,-0.1549,-0.654
3570,1056,834,33.557,25.687,-0.0037,-0.0197,9.8132,0.1263,-0.7041,0.0548
3575,1043,825,33.619,25.654,0.0299,0.0882,9.8014,0.2505,0.8577,-0.0088
3580,1058,829,33.607,25.706,0.0761,0.0211,9.8443,-0.125,-0.2761,-0.2934
3585,1044,833,33.576,25.711,-0.0293,0.0066,9.8112,-0.6311,-0.4953,-0.0102
3590,1041,829,33.643,25.695,-0.0397,-0.0563,9.7573,0.1233,0.4899,0.7337
3595,1036,827,33.596,25.663,-0.0177,0.0389,9.7812,-0.0745,0.949,-0.0446
3600,1024,825,33.596,25.748,0.0262,-0.0089,9.8366,0.3887,-0.0787,0.5467
3605,1025,831,33.656,25.658,-0.0308,-0.0293,9.8489,0.0121,-0.0246,-1.1501
3610,1013,826,33.686,25.646,-0.0355,-0.0459,9.8924,-0.4311,-0.0287,0.4443
3615,1009,825,33.632,25.659,0.0329,-0.0387,9.8361,-0.0005,-0.49,-0.2294
3620,1015,826,33.585,25.71,-0.0332,0.0341,9.8146,-0.1409,-0.9417,-1.2026
3625,1005,820,33.615,25.674,0.0131,-0.0199,9.7437,-0.7416,0.1956,-0.9664
3630,998,827,33.632,25.665,0.0305,-0.0062,9.819,1.5941,-0.3618,0.4027
3635,992,826,33.592,25.669,0.0232,0.0436,9.8065,-0.1408,0.2561,0.4757
3640,991,823,33.711,25.669,0.0003,0.0413,9.8513,0.2548,-0.0927,0.2272
3645,969,825,33.627,25.652,0.0316,0.0314,9.715,0.6249,0.3335,-0.141
3650,969,824,33.564,25.72,-0.0593,-0.0312,9.8665,-0.1049,-0.094,-0.4058
3655,956,817,33.702,25.643,0.013,-0.0215,9.7738,-0.821,-0.013,0.1299
3660,952,825,33.63,25.738,0.0154,-0.0923,9.7296,0.9343,-0.2925,-0.7014
3665,947,819,33.679,25.726,0.0136,-0.0147,9.8018,-0.2021,0.6161,0.8741
3670,927,822,33.678,25.729,0.0015,-0.0072,9.8373,-0.576,-0.2254,-0.0073
3675,923,824,33.59,25.67,0.0033,-0.0196,9.8397,0.4894,-0.0033,0.8807
3680,914,818,33.625,25.788,0.001,-0.0089,9.7086,0.1878,0.1428,-0.1031
3685,910,822,33.632,25.646,0.0091,0.058,9.7894,0.9374,0.2397,-0.1794
3690,888,817,33.594,25.732,0.0673,0.0712,9.7211,0.2805,0.5289,0.0717
3695,891,817,33.585,25.679,-0.0086,0.0899,9.8308,-0.279,0.2105,0.0226
3700,875,821,33.716,25.651,0.0748,-0.0432,9.8033,0.5081,0.4091,0.3416
3705,864,815,33.689,25.623,0.1023,-0.0235,9.8195,-0.4117,-1.2932,0.5714
3710,855,820,33.615,25.584,0.1065,-0.0419,9.756,0.5732,0.2402,-0.5339
3715,846,817,33.682,25.68,-0.0165,-0.0179,9.8135,0.5684,0.0711,0.7409
3720,838,819,33.728,25.703,0.0197,-0.0019,9.7421,-0.7888,-0.2553,-0.4087
3725,832,816,33.707,25.654,-0.0257,-0.0209,9.7853,-1.0125,0.6455,0.2367
3730,820,819,33.716,25.659,-0.0158,0.0958,9.8286,0.2682,0.3342,0.3741
3735,819,817,33.657,25.659,-0.0392,0.0051,9.7512,-0.0529,0.8459,0.7409
3740,809,816,33.564,25.741,-0.0714,-0.0619,9.7755,0.0963,-0.5259,0.3371
3745,806,811,33.649,25.715,-0.0266,-0.0459,9.8588,0.5215,0.1014,0.1916
3750,804,809,33.625,25.699,0.0758,-0.0236,9.7729,-1.1806,0.4991,-0.0088
3755,785,818,33.621,25.695,0.0218,0.0492,9.8331,0.2924,-0.251,0.0198
3760,787,819,33.62,25.734,-0.0017,-0.0042,9.7405,0.2368,0.055,-0.2113
3765,782,812,33.666,25.735,-0.0652,-0.0051,9.8967,-0.2184,0.3639,0.3684
3770,767,814,33.509,25.7,0.014,0.0045,9.9062,0.0044,0.0407,-0.2541
3775,774,813,33.695,25.699,0.0008,0.1176,9.8292,-0.4368,0.0221,-0.2884
3780,753,810,33.668,25.627,0.0031,-0.0409,9.7963,-0.7677,0.203,0.126
3785,766,813,33.648,25.644,0.0273,-0.0101,9.8051,-0.3063,0.1278,0.8228
3790,750,813,33.705,25.712,0.0434,0.0515,9.8218,0.2507,0.8658,-1.101
3795,749,813,33.621,25.687,0.0122,0.034,9.8147,0.1418,0.7782,-0.0164
3800,750,810,33.622,25.699,0.1072,-0.0687,9.8201,-0.1623,-0.1376,-0.5409
3805,759,810,33.76,25.692,0.0186,0.0022,9.7777,-0.5637,0.1021,-0.0692
3810,752,816,33.727,25.689,-0.024,0.0025,9.8225,-0.4033,0.3867,0.2384
3815,744,811,33.691,25.671,0.0014,-0.0729,9.7856,0.1872,-0.4118,0.4531
3820,750,804,33.737,25.664,0.0454,0.0057,9.8734,-0.1701,0.0839,-0.801
3825,751,808,33.617,25.715,0.0777,0.021,9.7755,-0.7029,-0.4965,0.3595
3830,754,804,33.567,25.683,-0.115,-0.0383,9.7661,-0.0611,0.2528,-1.1326
3835,754,813,33.645,25.666,0.0154,-0.0821,9.7904,-0.0186,-0.0263,-0.479
3840,761,806,33.553,25.632,0.0366,0.0988,9.7982,-0.3525,0.0678,0.0617
3845,764,808,33.732,25.665,0.0257,-0.0268,9.7799,-0.8679,0.6326,-0.0054
3850,764,807,33.682,25.714,0.0037,-0.0256,9.8028,-0.2904,-0.4238,-0.2463
3855,765,802,33.72,25.676,-0.0782,-0.0978,9.8267,-0.7528,-0.2314,-0.2857
3860,777,804,33.627,25.701,0.0112,0.1026,9.7925,0.2085,-0.2823,-0.0257
3865,782,802,33.653,25.599,0.1001,-0.0263,9.8373,0.2664,0.3114,-0.3825
3870,793,802,33.703,25.648,-0.0541,-0.0391,9.7399,-1.1286,-0.1969,0.1179
3875,801,799,33.674,25.719,0.0271,-0.0583,9.8223,1.1773,0.0359,0.2643
3880,804,797,33.645,25.68,0.0461,0.0031,9.8087,0.2281,-0.5726,0.052
3885,808,798,33.646,25.63,0.0453,0.0077,9.7955,-0.7292,-0.2791,-0.0431
3890,823,796,33.641,25.691,-0.0252,-0.0297,9.839,-0.2994,-0.5148,-0.4151
3895,835,794,33.538,25.697,0.0036,-0.0085,9.8012,0.2137,-0.5994,-0.2012
3900,848,794,33.676,25.714,-0.0079,0.0749,9.8057,-0.1277,0.7733,0.1484
3905,850,791,33.681,25.643,0.0006,-0.0703,9.8005,-0.2908,0.4954,0.4975
3910,876,797,33.712,25.643,-0.0424,-0.06,9.8429,-0.3706,-0.0245,0.4513
3915,876,787,33.645,25.614,-0.0232,0.0476,9.7795,-0.2587,0.5928,0.3058
3920,894,786,33.69,25.622,0.0564,0.0759,9.8081,-0.144,-0.1265,-0.1947
3925,891,791,33.582,25.771,0.0515,-0.0713,9.8635,-0.5748,0.8413,0.2888
3930,915,784,33.596,25.595,-0.0505,-0.0363,9.773,-0.4621,1.5485,-0.616
3935,922,787,33.711,25.675,0.0224,0.0313,9.8308,0.2249,0.8047,-0.2646
3940,936,785,33.695,25.657,0.1129,0.1409,9.7679,0.3368,0.9038,0.1006
3945,948,784,33.573,25.619,0.0225,-0.0494,9.676,-0.1456,-0.2464,0.1159
3950,953,782,33.645,25.646,0.1111,-0.0093,9.808,-0.5735,-0.5777,0.1456
3955,967,778,33.792,25.616,0.0219,-0.0798,9.8477,0.568,0.8225,-0.4971
3960,982,782,33.623,25.579,0.0211,0.048,9.8016,0.0088,-0.6834,-0.4404
3965,991,776,33.619,25.672,0.0426,-0.0364,9.7607,0.5054,0.2726,-0.0583
3970,1005,777,33.713,25.703,-0.0269,-0.0572,9.8018,0.1466,0.2774,-0.2358
3975,1012,774,33.671,25.663,0.0357,-0.0468,9.8248,-0.1668,0.086,0.4681
3980,1023,772,33.764,25.638,0.0935,0.0109,9.8199,0.2455,-0.1721,-0.2136
3985,1029,770,33.6,25.672,0.0701,0.0835,9.865,0.603,0.3074,-0.0508
3990,1042,769,33.661,25.673,-0.0216,-0.042,9.7415,0.5603,0.0439,-0.09
3995,1064,764,33.645,25.72,-0.0817,-0.0166,9.74,0.4361,0.307,1.0005
4000,1071,770,33.76,25.702,0.0711,-0.0861,9.7357,-0.5183,1.0329,-0.1955
4005,1070,767,33.686,25.669,-0.121,0.0164,9.8427,-0.7538,0.1868,0.6617
4010,1095,759,33.675,25.72,-0.0298,0.0618,9.7922,0.0228,-0.7344,-0.203
4014,1101,761,33.662,25.664,0.0329,0.0807,9.8267,-0.042,1.2377,0.1832
4019,1112,761,33.646,25.776,-0.0512,-0.0634,9.7585,-0.4261,0.7394,0.6111
4025,1122,762,33.669,25.73,-0.0745,-0.034,9.7544,0.2168,-0.0658,-0.1751
4030,1128,763,33.626,25.647,0.044,0.0213,9.8625,-0.8976,0.9082,-0.3226
4035,1140,764,33.622,25.728,-0.0366,-0.0277,9.8136,0.2321,-0.5869,-0.2859
4040,1141,754,33.66,25.727,0.0202,-0.0306,9.801,0.5579,-0.2625,-0.0635
4045,1148,758,33.656,25.601,0.0837,-0.0447,9.7594,0.4182,0.2127,0.3081
4050,1161,760,33.595,25.718,-0.0656,-0.0538,9.8214,0.0613,0.4844,-0.7009
4054,1163,753,33.696,25.698,-0.0723,-0.0403,9.7627,-0.0455,-0.0202,0.838
4059,1161,754,33.669,25.78,0.0159,-0.0145,9.8125,0.9144,0.3297,0.1845
4065,1175,755,33.607,25.734,-0.0324,-0.0204,9.7345,0.9193,-0.8207,0.1299
4070,1182,762,33.625,25.694,0.0271,0.057,9.8042,0.6036,0.7582,-0.0237
4075,1179,757,33.707,25.651,0.0917,0.0666,9.8507,-0.225,-0.1807,-0.8859
4080,1178,761,33.647,25.657,-0.0186,-0.0393,9.8505,-0.5826,0.0438,0.5761
4085,1174,759,33.663,25.724,0.1097,-0.0008,9.8472,0.1788,-0.1366,-0.054
4090,1177,761,33.676,25.588,0.0887,-0.0197,9.8149,0.481,0.6966,-0.7374
4094,1184,761,33.624,25.579,-0.0348,0.0414,9.7999,0.3191,0.3214,-1.0751
4100,1188,760,33.635,25.724,-0.0503,-0.0523,9.7358,0.3143,-0.6858,0.3457
4105,1193,770,33.669,25.697,0.0539,0.0889,9.8374,-0.6004,0.324,0.3681
4110,1187,764,33.704,25.713,0.0093,-0.0255,9.779,-0.0509,-0.728,-0.3387
4115,1197,764,33.606,25.65,0.0543,0.0194,9.8072,-0.0437,0.0717,0.2843
4120,1198,766,33.623,25.704,-0.0335,-0.0417,9.91,-0.1225,-0.0416,0.4401
4125,1184,765,33.7,25.679,0.1147,0.0687,9.8536,-0.6523,-0.4479,-0.2597
4130,1188,768,33.644,25.706,-0.045,0.0134,9.8116,-0.5902,0.6706,0.03
4135,1195,772,33.618,25.773,-0.0172,-0.0072,9.8044,-0.4799,-0.4928,0.0512
4140,1173,770,33.645,25.647,0.0016,-0.0654,9.8216,0.6959,-0.5973,-0.4408
4145,1186,771,33.631,25.657,0.1219,-0.0481,9.7324,1.0534,0.191,0.0667
4150,1171,778,33.58,25.609,-0.0602,-0.0338,9.7938,0.2368,-0.3215,0.5016
4155,1178,775,33.603,25.667,-0.0129,-0.0201,9.7925,-0.6322,0.2459,-0.078
4160,1174,774,33.627,25.591,-0.0734,-0.0893,9.7829,0.2112,0.3889,0.0885
4165,1169,781,33.585,25.65,0.0536,0.1192,9.8476,0.5728,0.1165,0.3825
4170,1170,781,33.675,25.726,0.0307,-0.0322,9.8339,-0.0717,0.6245,0.1945
4175,1156,782,33.66,25.689,-0.0095,-0.0055,9.7574,-1.0147,1.4529,0.4433
4180,1154,783,33.686,25.722,-0.0447,-0.0254,9.8505,-0.6536,0.2165,0.1433
4185,1160,782,33.656,25.642,-0.0179,0.042,9.844,-0.5973,-0.2107,0.5355
4190,1156,788,33.665,25.611,-0.0719,-0.0677,9.8575,-0.2206,0.7897,-0.4623
4195,1135,791,33.644,25.703,-0.0041,0.0659,9.8426,0.681,-0.1661,-0.2643
4200,1145,788,33.649,25.69,-0.0115,0.0078,9.949,0.5562,-0.0923,-0.3834
4205,1142,795,33.57,25.739,0.0482,-0.0264,9.8298,0.1144,-0.5536,0.9177
4210,1144,796,33.644,25.666,-0.0044,-0.0803,9.7682,0.4873,-0.3974,-0.315
4215,1135,799,33.622,25.748,-0.0322,0.0022,9.8037,0.0613,-0.6299,-0.4395
4220,1130,795,33.611,25.674,0.0152,-0.0102,9.8551,0.0506,-0.8009,0.7058
4225,1133,803,33.591,25.737,0.0398,-0.025,9.8063,-0.0893,0.2942,0.0947
4230,1123,804,33.608,25.661,-0.0544,0.0228,9.8317,-0.2006,-0.3119,0.3528
4235,1119,805,33.683,25.66,-0.0333,0.0462,9.8523,-0.7684,-0.4895,0.5167
4240,1119,805,33.675,25.675,-0.0608,-0.0657,9.8803,0.4165,-0.8913,0.1991
4245,1113,814,33.644,25.677,0.0894,-0.0773,9.7993,-0.155,0.9993,-0.9473
4250,1115,810,33.647,25.696,-0.0078,0.0042,9.7746,-0.0096,0.1983,-0.8352
4255,1124,811,33.645,25.626,0.0442,-0.0749,9.8891,1.1464,-0.544,-0.1534
4260,1120,818,33.68,25.647,0.0576,-0.0228,9.8361,-0.1099,1.4495,0.2367
4265,1111,814,33.61,25.718,-0.0295,0.0152,9.8332,0.5918,0.5985,0.4698
4270,1107,823,33.621,25.697,-0.0091,-0.0457,9.8771,0.597,0.5164,-0.2511
4275,1102,815,33.766,25.748,-0.0085,0.0045,9.7069,-1.158,0.1913,-0.511
4280,1103,821,33.575,25.673,0.011,-0.0436,9.8267,0.8723,-0.3011,0.0283
4285,1099,824,33.669,25.626,0.0422,0.0905,9.8704,-0.1487,0.7929,0.0884
4290,1090,823,33.632,25.613,-0.0523,-0.0254,9.7781,0.3443,0.1116,0.3039
4295,1091,820,33.71,25.674,0.0181,-0.077,9.7848,0.6616,0.4194,-0.1851
4300,1094,826,33.695,25.716,0.0054,-0.0321,9.8273,0.3362,-0.1067,0.7427
4305,1094,824,33.651,25.667,0.1199,0.0907,9.854,-0.0525,-0.1076,-0.676
4310,1095,828,33.575,25.614,-0.0599,0.0456,9.858,0.0652,-0.0841,-0.3952
4315,1087,830,33.604,25.645,-0.0018,0.0563,9.7453,-0.4343,-0.0997,-0.5632
4320,1084,831,33.575,25.675,-0.0259,0.0446,9.7776,0.3413,-0.1676,-0.2113
4325,1087,829,33.633,25.811,0.0812,0.0195,9.8371,-0.1708,-0.8509,-0.6622
4330,1081,831,33.617,25.697,0.0062,0.0436,9.805,0.0779,-0.1034,-0.414
4335,1073,834,33.675,25.768,0.0859,-0.0634,9.8285,-0.4921,0.2527,1.0277
4340,1072,825,33.585,25.677,0.0543,-0.0304,9.849,-0.3337,-0.3353,0.1066
4345,1074,831,33.691,25.635,0.0188,-0.037,9.8074,-0.2737,-1.0628,0.486
4350,1069,830,33.658,25.703,0.0002,-0.0383,9.8455,-0.7277,0.2445,-0.1674
4355,1061,827,33.644,25.673,0.0527,-0.0575,9.8182,0.1169,0.3437,-0.2182
4360,1057,830,33.644,25.712,0.0533,-0.0481,9.8493,0.815,0.8479,-0.0749
4365,1062,828,33.642,25.632,0.1323,0.0203,9.8335,0.4838,0.235,-0.1445
4370,1058,830,33.595,25.618,0.1004,0.0417,9.84,0.5029,0.4435,-0.2631
4375,1059,830,33.61,25.686,-0.0725,-0.0722,9.8564,-0.4789,0.1729,-1.0695
4380,1052,827,33.737,25.686,-0.0529,0.0051,9.8298,-0.7582,0.7125,0.3735
4385,1044,826,33.555,25.66,-0.0092,-0.0173,9.8435,0.0154,0.2865,-0.3527
4390,1035,827,33.584,25.648,-0.0016,-0.0103,9.8554,-0.1781,0.565,-0.1263
4395,1034,834,33.621,25.719,0.0214,-0.077,9.7831,0.059,0.4259,-0.1177
4400,1025,827,33.687,25.694,0.048,-0.0378,9.8425,-0.1153,0.1054,0.6613
4405,1028,829,33.702,25.721,0.0709,0.0308,9.8214,0.0084,0.0722,-0.1236
4410,1014,831,33.723,25.715,-0.0304,0.0449,9.8146,-0.1145,0.2621,-0.5587
4415,1017,827,33.646,25.683,-0.0594,0.0258,9.7769,-0.6272,0.1374,0.7248
4420,1004,826,33.592,25.647,0.0105,-0.0364,9.7551,-0.2042,0.1356,0.002
4425,1005,831,33.666,25.774,0.0324,0.0049,9.8074,-0.014,-0.1171,0.4286
4430,995,829,33.774,25.703,0.0246,0.03,9.8964,-0.4482,0.4636,-0.4371
4435,984,823,33.649,25.598,-0.0085,-0.0211,9.8152,0.0728,-0.5616,-0.3064
4440,981,829,33.668,25.619,-0.0289,0.0054,9.8791,-0.0761,0.0194,-0.4099
4445,965,819,33.65,25.739,-0.1103,0.0482,9.8519,0.7522,0.7328,-0.4102
4450,959,824,33.609,25.724,0.01,0.005,9.8141,-0.7323,-0.5161,-0.53
4455,948,821,33.567,25.651,0.0051,-0.0062,9.8266,-0.6311,0.4276,0.4615
4460,943,826,33.682,25.662,-0.0161,0.0638,9.8008,-0.2469,0.3982,0.1673
4465,945,819,33.604,25.737,0.0637,-0.0272,9.835,-0.6586,-1.1217,-0.2346
4470,923,817,33.633,25.732,0.0591,-0.0074,9.7215,0.0532,-1.2039,0.5856
4475,916,819,33.633,25.595,-0.0195,0.0271,9.8455,-1.2771,0.7036,0.6674
4480,911,818,33.657,25.716,-0.006,-0.0139,9.7502,-0.1794,0.606,0.3991
4485,903,818,33.716,25.655,-0.0411,0.0872,9.8301,-0.4859,-0.2575,-0.0798
4490,888,820,33.736,25.711,-0.0278,0.0342,9.8211,-0.3042,-0.3564,0.2011
4495,888,819,33.526,25.733,0.0095,0.0679,9.817,-0.216,0.3902,-0.2887
4500,876,814,33.648,25.735,0.0952,0.0391,9.7933,-0.609,0.7156,-0.1719
4505,859,817,33.68,25.645,0.0289,-0.0901,9.8262,-0.4679,-0.3434,0.8424
4510,856,818,33.645,25.785,0.0241,0.0048,9.8407,0.0411,-0.6211,0.4642
4515,845,819,33.632,25.736,0.0407,-0.0179,9.8111,0.5873,-0.2909,0.507
4520,828,812,33.694,25.618,0.0411,-0.0803,9.8745,-0.197,0.163,-0.7447
4525,824,818,33.575,25.674,-0.076,-0.0465,9.8764,0.3449,0.9226,-0.8694
4530,827,820,33.604,25.697,-0.0014,-0.0148,9.8328,0.4576,-0.5436,0.0813
4535,814,818,33.642,25.753,0.023,0.0395,9.8258,0.762,0.5606,0.1428
4540,803,816,33.633,25.778,0.1057,-0.004,9.7496,0.0438,0.5327,0.1815
4545,795,821,33.725,25.756,0.0138,-0.0136,9.7084,0.5231,-0.0298,-0.9274
4550,780,820,33.644,25.69,-0.0577,0.0022,9.7718,-0.5959,-0.5006,-0.7329
4555,785,808,33.659,25.69,-0.1124,0.0456,9.8003,-0.0517,0.4297,0.4822
4560,780,815,33.605,25.593,0.0396,0.0068,9.7878,-0.3873,0.5558,0.9811
4565,778,813,33.622,25.664,-0.0328,0.0275,9.6817,0.4743,0.0352,-0.2915
4570,766,809,33.763,25.742,-0.0059,0.0682,9.7961,-0.6962,-0.0602,0.1112
4575,756,816,33.592,25.663,-0.0424,0.1097,9.7821,-0.5749,0.2403,-0.3968
4580,760,816,33.692,25.691,0.0383,-0.0124,9.8444,-0.4925,0.7946,-0.1063
4585,761,811,33.691,25.591,0.0344,-0.0303,9.8668,0.593,-0.3375,0.646
4590,759,815,33.536,25.704,-0.0007,0.0281,9.805,0.1672,-0.4181,0.3613
4595,750,812,33.708,25.678,-0.0476,-0.0934,9.8054,0.5229,-0.3207,0.4295
4600,750,811,33.624,25.653,0.0237,0.0002,9.8086,-0.8626,0.1979,-0.6067
4605,750,808,33.643,25.571,0.0022,0.0958,9.7682,0.0843,0.4662,-0.1919
4610,750,811,33.684,25.589,-0.0558,-0.0168,9.7771,0.3786,0.421,0.5678
4615,747,805,33.732,25.716,-0.0671,0.005,9.7691,0.3703,-0.1071,-0.3574
4620,748,806,33.638,25.703,-0.087,-0.0593,9.7984,-0.5787,0.0984,-1.428
4625,756,811,33.645,25.552,-0.0538,-0.0279,9.7784,-0.4065,-0.5136,-1.0394
4630,753,808,33.632,25.684,0.0056,-0.0285,9.689,0.0337,0.0482,0.0542
4635,755,808,33.615,25.737,0.0219,0.0399,9.8987,-0.7491,0.1358,0.1099
4640,757,802,33.682,25.67,-0.0978,0.0363,9.8426,0.1324,0.5215,0.7527
4645,768,804,33.68,25.658,0.0553,-0.0812,9.8328,-0.2771,-0.0852,-0.5327
4650,763,803,33.637,25.665,0.0592,-0.0315,9.7229,-0.2966,-0.0393,0.8804
4655,775,805,33.564,25.645,0.002,-0.1213,9.8247,-0.4665,-0.6519,-0.4668
4660,781,808,33.549,25.783,0.0043,-0.0605,9.855,-0.1231,-0.4449,0.2762
4665,784,805,33.671,25.677,-0.0267,0.0272,9.7956,0.4772,0.252,-0.1096
4670,785,800,33.619,25.712,-0.0128,0.0054,9.8079,0.568,1.2936,-0.3307
4675,794,800,33.578,25.606,0.014,0.0327,9.8191,0.2362,-0.2039,0.5498
4680,802,798,33.626,25.75,-0.0529,0.0413,9.8145,0.4406,0.1535,-0.3102
4685,816,801,33.627,25.801,-0.0181,-0.1088,9.8145,-0.0554,0.5259,0.2306
4690,831,798,33.656,25.592,-0.1273,-0.0018,9.7998,0.5022,0.0453,0.2285
4695,843,791,33.575,25.674,0.0177,-0.0152,9.9136,-0.2712,-0.187,0.0329
4700,845,790,33.65,25.704,-0.0296,0.1205,9.7798,1.0287,-0.0317,0.2827
4705,854,788,33.582,25.771,-0.0315,-0.0819,9.774,-0.2809,0.2555,-0.3105
4710,880,791,33.506,25.659,-0.0825,0.0904,9.8304,-0.1901,0.0437,-0.0894
4715,881,791,33.584,25.738,0.1359,-0.0017,9.8799,-0.6334,0.6577,0.0853
4720,885,789,33.685,25.662,-0.0321,0.0496,9.8612,-0.7504,-0.5405,-0.1031
4725,892,793,33.639,25.692,-0.0298,0.0226,9.812,-0.0437,-0.3646,-0.411
4730,913,781,33.687,25.707,-0.0014,0.0152,9.7869,1.275,0.2117,0.907
4735,932,783,33.646,25.683,0.0303,0.0136,9.7377,-0.0461,-0.0073,1.1065
4740,945,777,33.577,25.664,-0.0096,0.0505,9.7131,-0.376,-0.1583,-0.2311
4745,953,780,33.696,25.682,0.0326,-0.0569,9.8129,0.8059,0.4738,0.6842
4750,954,778,33.679,25.66,-0.0122,-0.0213,9.954,-0.286,-0.8458,-0.209
4755,976,779,33.709,25.638,-0.026,-0.0862,9.8146,-0.0603,0.2354,0.3484
4760,997,775,33.615,25.65,-0.0533,0.0132,9.886,0.0957,0.4427,-0.168
4765,991,770,33.62,25.768,0.0815,-0.0461,9.7835,-0.846,-0.4175,-0.0085
4770,1001,778,33.685,25.765,0.057,-0.0634,9.8494,-0.1024,-0.79,-0.0913
4775,1031,767,33.518,25.666,0.0276,-0.0584,9.8838,1.1615,-0.0761,-0.4371
4780,1035,774,33.684,25.688,0.122,-0.0997,9.8638,0.2142,0.9656,0.3255
4785,1045,768,33.727,25.704,-0.0423,0.1571,9.8607,-0.2259,0.0673,-0.1579
4790,1048,775,33.607,25.718,0.0221,0.0041,9.7856,-0.4664,0.1438,0.0274
4795,1064,767,33.667,25.744,0.0218,-0.0268,9.7671,0.3404,-0.2014,0.1781
4800,1074,762,33.659,25.697,0.0415,-0.0011,9.8442,-0.539,0.7001,0.0476
4805,1087,767,33.695,25.7,-0.0274,0.0286,9.847,-0.6227,0.4979,0.3918
4810,1113,762,33.641,25.636,-0.0334,0.0223,9.8656,0.5896,0.1471,1.3066
4815,1097,764,33.664,25.726,0.0406,-0.1029,9.7266,-0.3437,0.2479,-0.066
4820,1110,768,33.612,25.703,0.0253,0.0601,9.8595,-0.5714,-0.3544,-0.556
4825,1133,761,33.644,25.662,0.0936,-0.0967,9.7781,-0.1482,-0.3707,0.4306
4830,1127,761,33.688,25.681,0.0126,-0.062,9.7809,0.4759,0.4251,0.1866
4835,1150,760,33.678,25.621,0.0718,0.0813,9.7942,0.0011,-0.1404,-0.0875
4840,1143,757,33.552,25.671,0.1315,0.034,9.8813,-0.7361,0.4483,0.2644
4845,1153,758,33.654,25.618,-0.0793,0.0706,9.7829,-0.1453,0.11,-0.0604
4850,1158,757,33.675,25.698,-0.0041,-0.0034,9.8302,0.2718,-0.6264,-0.1592
4855,1168,764,33.566,25.697,0.0314,-0.0017,9.7976,-0.1413,0.1493,0.3567
4860,1161,756,33.689,25.714,-0.0185,-0.0525,9.794,-0.5997,0.764,0.7048
4865,1168,755,33.679,25.694,0.037,-0.037,9.9062,0.5432,-0.5642,-0.0911
4870,1181,761,33.641,25.617,-0.0347,0.0518,9.8153,0.8178,0.4189,0.809
4875,1183,757,33.553,25.621,-0.0096,-0.0977,9.8596,-0.1562,-0.0273,0.3772
4880,1180,756,33.692,25.679,0.0765,0.0255,9.8477,-0.4811,0.1446,-0.418
4885,1186,758,33.618,25.632,0.0416,0.0178,9.8359,-0.6602,-0.8388,0.0499
4890,1176,762,33.613,25.663,-0.009,0.0503,9.7779,0.0028,0.5788,-1.3056
4895,1179,762,33.672,25.806,-0.0271,-0.0245,9.7631,-0.9034,0.7667,-0.527
4900,1183,759,33.612,25.641,0.0194,0.0782,9.8364,0.2123,0.8596,0.0629
4905,1182,763,33.625,25.65,0.0136,0.054,9.8434,-0.6234,0.7085,-0.212
4910,1186,761,33.698,25.642,0.0319,0.0862,9.77,-0.0377,-0.6714,0.2496
4915,1181,765,33.677,25.584,-0.0113,-0.097,9.8969,-0.2166,0.7442,0.0432
4920,1188,765,33.686,25.643,-0.0242,0.1032,9.7934,-0.1313,-0.7505,-1.0598
4925,1186,765,33.613,25.727,-0.0366,0.0231,9.8123,0.1042,-0.6206,0.3679
4930,1183,763,33.66,25.689,0.0513,-0.0121,9.7713,-0.5153,-0.3936,0.3541
4935,1190,770,33.634,25.688,0.0364,0.0788,9.9137,1.0606,0.4733,0.1235
4940,1169,768,33.63,25.718,0.0431,0.0334,9.7805,-0.7528,-0.0528,0.125
4945,1177,774,33.607,25.644,0.0181,0.0284,9.817,0.5113,0.0712,-0.1879
4950,1167,774,33.654,25.659,0.0411,0.0125,9.7971,-0.0516,-0.4832,0.1986
4955,1174,776,33.686,25.697,0.0251,-0.0707,9.791,-0.5328,0.0888,0.7929
4960,1175,783,33.566,25.653,0.0325,0.0558,9.7796,0.6253,0.1898,-0.4625
4965,1166,781,33.682,25.657,-0.0097,-0.0252,9.8566,0.0557,0.0412,0.193
4970,1166,787,33.719,25.671,-0.0363,-0.1065,9.7426,-0.1867,-0.2709,-0.1891
4975,1165,779,33.71,25.666,-0.0257,0.0348,9.8018,0.6608,-0.1136,-0.0458
4980,1157,783,33.725,25.692,-0.0221,0.0711,9.8155,0.262,0.0959,1.0398
4985,1155,786,33.71,25.709,-0.0316,-0.0799,9.7183,0.6887,-0.4487,0.8054
4990,1149,792,33.671,25.709,-0.1138,0.059,9.7722,0.3972,0.0168,0.4587
4995,1153,790,33.632,25.842,-0.0512,0.0005,9.7769,0.0968,-0.284,0.2356
5000,1147,789,33.565,25.744,0.0191,0.0224,9.8843,-0.809,-0.7103,-0.8215
5005,1140,800,33.703,25.685,-0.0432,-0.02,9.8965,-0.4415,0.1353,0.2642
5010,1139,797,33.589,25.68,0.0085,-0.0871,9.7386,-0.2066,0.0084,0.5824
5015,1142,798,33.659,25.721,-0.0867,0.0242,9.8999,-0.1583,-1.1396,-0.4004
5020,1125,800,33.649,25.705,0.1196,0.0418,9.7776,-0.2608,0.4481,-0.4969
5025,1131,805,33.617,25.68,0.0471,0.0044,9.7604,-0.3001,0.2877,0.3242
5030,1128,804,33.632,25.661,0.0688,0.0313,9.7385,0.843,-0.3212,0.444
5035,1130,808,33.633,25.6,-0.115,-0.0198,9.8038,0.1237,-0.3785,-0.9446
5040,1116,806,33.632,25.709,-0.1051,-0.0098,9.8189,0.2313,0.4738,-0.1415
5045,1108,812,33.687,25.713,-0.0998,0.0215,9.9098,-0.1273,-0.2191,-0.4287
5050,1108,811,33.591,25.641,-0.0787,0.0113,9.7705,-0.8952,-0.478,0.8079
5055,1123,811,33.677,25.654,0.009,-0.0106,9.7334,0.7519,-0.2729,0.5209
5060,1106,815,33.59,25.693,-0.0018,0.0262,9.742,-0.2807,0.3961,0.6558
5065,1110,815,33.651,25.62,-0.1193,-0.0022,9.8109,0.5481,-0.6872,0.4867
5070,1112,813,33.678,25.705,-0.0237,0.0289,9.8209,-0.0487,-0.5965,-0.2613
5075,1108,818,33.72,25.702,-0.0324,0.0283,9.7478,0.2918,0.7062,-0.0774
5080,1095,822,33.578,25.644,-0.0575,0.0136,9.8466,0.781,-0.4977,-0.5871
5085,1103,820,33.653,25.723,0.0353,-0.0415,9.8405,-0.4208,0.1729,-0.3541
5090,1100,828,33.642,25.73,-0.0676,-0.0551,9.735,-0.1079,0.0212,-0.4634
5095,1097,820,33.602,25.682,0.0085,-0.0037,9.8306,-0.5073,0.4603,-0.3916
5100,1088,822,33.688,25.721,0.0225,-0.057,9.7681,-0.1833,0.4511,0.1222
5105,1097,823,33.641,25.666,0.0052,0.0526,9.7665,0.4656,0.9166,0.2936
5110,1089,826,33.655,25.617,0.0175,-0.0659,9.7696,0.0718,-0.4667,-0.0376
5115,1085,827,33.584,25.64,0.0229,0.0587,9.8014,-0.0011,0.4633,0.1379
5120,1082,828,33.636,25.799,-0.0457,-0.0422,9.8276,-0.6348,0.3078,-0.359
5125,1079,832,33.63,25.734,-0.0256,0.053,9.7947,0.1032,0.6744,-0.2474
5130,1079,826,33.596,25.669,0.0689,-0.0429,9.8454,0.1654,0.7786,0.6319
5135,1064,834,33.715,25.601,0.0177,0.0278,9.9159,0.7193,0.2131,0.132
5140,1074,832,33.611,25.698,-0.0295,-0.0113,9.7975,-0.1643,-0.3992,0.0348
5145,1067,833,33.604,25.691,-0.0218,0.0142,9.7103,0.176,-0.03,0.1514
5150,1059,829,33.587,25.618,-0.0091,0.087,9.8176,-0.0241,0.5647,0.3019
5155,1060,834,33.651,25.701,0.0527,-0.0304,9.7511,1.1112,1.1214,-0.8184
5160,1060,830,33.655,25.653,0.1324,-0.087,9.7643,-0.2147,-0.0471,0.0908
5165,1059,829,33.687,25.64,0.0243,0.0387,9.7487,-0.8083,0.544,-0.3164
5170,1056,834,33.635,25.744,0.0317,0.0529,9.8609,-0.2521,-0.1253,-0.5852
5175,1042,829,33.689,25.697,0.0826,-0.0328,9.8837,0.6706,0.603,-0.3641
5180,1052,828,33.636,25.71,0.0139,-0.0185,9.7736,-1.4229,0.3911,-0.0396
5185,1044,830,33.625,25.655,-0.0771,0.046,9.8659,-0.418,0.4619,0.6077
5190,1035,827,33.639,25.692,0.0287,0.0162,9.8223,0.0514,0.5185,-0.4566
5195,1035,827,33.672,25.685,0.1487,0.1085,9.7454,0.6435,0.0178,0.1496
5200,1025,822,33.623,25.663,0.0724,0.0356,9.7719,-0.5873,1.0402,0.0136
5205,1014,825,33.743,25.716,0.041,-0.0133,9.8716,0.5947,0.2551,-0.0072
5210,1014,829,33.704,25.727,-0.01,0.0136,9.8756,-0.5736,-0.6958,-0.7396
5215,1007,825,33.64,25.767,0.0046,-0.0778,9.874,0.1843,-0.7886,-0.2444
5220,998,825,33.672,25.655,-0.0079,0.006,9.8056,0.567,0.6661,0.8681
5225,990,823,33.641,25.705,-0.0536,0.0514,9.6938,0.2075,0.056,0.7684
5230,982,825,33.687,25.685,-0.0342,0.0428,9.8472,0.0035,0.0834,-0.4748
5235,984,827,33.638,25.688,0.0168,-0.0016,9.7733,-0.2567,-0.1896,0.6131
5240,963,828,33.661,25.674,-0.0334,0.0368,9.9748,0.4839,-0.2018,0.4537
5245,962,823,33.656,25.75,0.0076,-0.0112,9.7134,-1.1838,0.9076,-0.053
5250,951,825,33.651,25.716,0.0276,0.052,9.8374,-0.8634,-0.2989,-0.5161
5255,941,821,33.726,25.717,-0.0227,0.0425,9.8034,0.7735,0.2208,0.4087
5260,952,828,33.559,25.686,-0.0614,-0.0139,9.8359,0.6883,-0.1864,-0.0392
5265,923,824,33.626,25.738,0.0072,0.0208,9.855,-0.2125,-0.7225,-0.3568
5270,925,823,33.621,25.653,0.0242,-0.0303,9.8463,0.124,0.0846,-0.5054
5275,917,820,33.61,25.756,0.0932,0.0069,9.8445,-0.3485,-0.0654,0.3442
5280,906,823,33.554,25.684,0.0553,-0.017,9.824,0.8157,0.1594,0.9414
5285,885,825,33.714,25.718,0.0057,-0.0033,9.8725,-0.6233,0.1017,0.2242
5290,886,823,33.615,25.779,-0.0186,-0.0335,9.8519,-0.4485,0.6414,-0.183
5295,874,820,33.603,25.675,-0.0096,-0.0636,9.7999,0.0722,-0.4833,-0.2613
5300,879,814,33.644,25.683,0.0058,0.1074,9.7595,0.4636,0.2342,0.1945
5305,861,814,33.582,25.694,-0.0503,-0.0039,9.8348,0.1336,-0.0313,0.0542
5310,849,819,33.636,25.713,-0.027,0.0844,9.8275,0.0747,0.3153,0.5885
5315,835,814,33.685,25.73,0.0373,0.0569,9.7278,0.4131,0.0057,-0.7013
5320,843,816,33.562,25.702,-0.0256,-0.0156,9.7832,-0.07,-0.5841,0.9303
5325,827,814,33.611,25.57,-0.0969,0.0284,9.8281,0.2518,-0.2797,0.808
5330,825,816,33.732,25.608,-0.0481,-0.0587,9.7348,-0.9242,0.6548,-0.2646
5335,814,813,33.686,25.682,-0.0547,-0.1116,9.8775,0.4226,-0.396,0.5539
5340,810,822,33.647,25.7,-0.0605,0.0257,9.803,-0.0304,0.027,-0.7583
5345,799,811,33.712,25.664,-0.0223,-0.0445,9.8052,0.0614,0.0164,-0.2774
5350,788,811,33.609,25.715,-0.0804,0.0896,9.8273,-0.0755,-0.1781,-0.7538
5355,788,814,33.613,25.71,0.0201,-0.046,9.7806,-0.1969,-0.6764,-0.9638
5360,774,812,33.675,25.741,-0.0221,-0.0218,9.8333,-0.7879,0.7794,0.2222
5365,771,815,33.63,25.735,-0.0115,-0.0261,9.7863,-0.0055,-0.3336,1.2136
5370,773,807,33.686,25.68,0.008,-0.0179,9.7585,-0.5724,-0.8479,0.2188
5375,757,814,33.67,25.72,-0.0003,0.0094,9.8231,1.1877,-0.7912,0.1329
5380,760,809,33.685,25.782,-0.011,-0.0336,9.8977,0.0578,-0.2346,0.3281
5385,750,810,33.7,25.669,0.004,-0.0214,9.7577,0.0093,0.2899,-0.4085
5390,761,814,33.646,25.746,-0.0243,0.0177,9.7377,0.1715,-0.2824,0.4612
5395,743,807,33.731,25.733,0.0052,0.0057,9.8309,0.4874,-1.462,0.3385
5400,741,808,33.69,25.706,-0.0357,-0.0122,9.7947,-0.3358,-1.3557,0.6586
5405,753,814,33.582,25.662,-0.0215,-0.0228,9.8042,-0.132,-0.184,0.0294
5410,744,810,33.72,25.622,0.0444,-0.0327,9.8076,0.6722,-0.2999,0.3978
5415,746,807,33.68,25.772,0.0406,-0.0264,9.8273,-0.1471,0.8302,1.0664
5420,749,811,33.72,25.688,0.0554,0.0334,9.8774,0.0584,-0.2,-0.1622
5425,752,805,33.644,25.63,0.009,-0.0225,9.9073,0.241,-0.0353,-0.191
5430,746,805,33.677,25.65,-0.009,0.0379,9.7801,0.0471,-0.2172,-0.5072
5435,759,806,33.69,25.812,-0.0357,-0.0158,9.755,-0.0803,0.1932,-0.9168
5440,768,806,33.617,25.716,0.0041,0.0619,9.8453,0.3528,-0.246,0.2372
5445,767,807,33.68,25.669,0.0115,0.0583,9.8501,0.1216,0.4891,-0.3951
5450,767,812,33.703,25.664,-0.0922,0.0198,9.7849,-0.3204,0.095,1.6042
5455,779,801,33.546,25.668,0.0489,-0.0589,9.8039,0.3864,0.4016,-0.1203
5460,782,802,33.713,25.703,0.0043,0.0397,9.753,0.5373,-0.1515,0.2534
5465,792,803,33.686,25.702,0.0296,0.0341,9.799,0.5652,0.4852,0.442
5470,805,801,33.622,25.738,-0.0041,-0.0359,9.8093,-0.5216,-0.9012,0.7069
5475,810,801,33.643,25.661,-0.0335,0.0129,9.6966,-0.0831,0.5038,-0.4233
5480,810,797,33.65,25.645,-0.0955,0.0398,9.8603,0.5416,0.5787,-0.0136
5485,826,795,33.648,25.746,0.0644,0.0322,9.8259,-0.0374,-0.0304,-0.0622
5490,829,790,33.649,25.672,-0.0376,-0.0292,9.7561,0.2846,0.5355,-0.1263
5495,851,793,33.726,25.646,0.0381,0.0662,9.786,-0.4402,-0.0776,-0.0728
5500,843,793,33.721,25.673,-0.0111,0.0223,9.7933,0.2596,-0.6832,1.3815
5505,867,786,33.7,25.703,-0.0011,0.045,9.8714,-0.652,0.1005,0.4449
5510,876,785,33.62,25.624,0.0458,-0.0272,9.8599,0.1591,-0.6802,0.0713
5515,884,790,33.764,25.655,-0.0219,-0.0022,9.7768,0.275,-0.6443,-0.124
5520,901,788,33.633,25.647,0.0664,0.0245,9.706,0.7754,0.2526,0.4557
5525,909,782,33.728,25.671,0.0688,0.0189,9.7576,-0.6579,0.4522,-0.6171
5530,913,787,33.564,25.7,-0.0281,-0.0438,9.845,-0.0007,0.2278,-0.0648
5535,929,780,33.563,25.643,-0.0317,0.0027,9.8349,0.6123,0.0529,0.4107
5540,945,779,33.718,25.644,0.0333,0.0039,9.7645,-0.3808,-0.5117,0.3276
5545,957,777,33.689,25.718,-0.0129,0.0211,9.6933,0.341,0.0752,0.7561
5550,960,779,33.668,25.681,-0.0098,-0.0382,9.9142,0.1766,-0.1123,-0.0361
5555,983,777,33.636,25.71,0.0795,-0.0215,9.8963,-0.1342,0.5497,-0.2043
5560,993,777,33.684,25.759,-0.0031,-0.016,9.8249,-0.4458,0.243,-0.5413
5565,997,769,33.737,25.67,0.0338,-0.0463,9.9337,-0.2122,-0.6209,0.1118
5570,1019,771,33.604,25.712,0.004,-0.0552,9.8236,0.1614,-0.2307,0.1104
5575,1039,772,33.701,25.659,-0.0261,0.1079,9.7939,-0.1962,-0.2701,0.6051
5580,1044,766,33.682,25.636,0.106,-0.0154,9.8446,0.795,-0.2394,0.0594
5585,1053,777,33.641,25.721,0.0195,-0.1084,9.7502,0.6309,0.3847,0.0503
5590,1068,766,33.7,25.677,-0.0434,0.0234,9.8555,-0.8114,-0.1819,-0.3279
5595,1075,766,33.68,25.632,-0.041,-0.0665,9.7434,0.0073,-0.3647,0.8346
5600,1086,764,33.692,25.708,0.096,0.0564,9.7295,-0.0289,1.0757,0.2728
5605,1099,766,33.657,25.678,0.0532,-0.0813,9.7507,-0.7632,0.2021,-0.088
5610,1103,761,33.715,25.734,-0.0798,0.0039,9.7949,-0.3606,0.4002,0.3924
5615,1108,764,33.621,25.715,0.0073,0.0158,9.8382,0.5802,-0.1054,0.0663
5620,1126,757,33.683,25.767,0.0246,-0.0632,9.8339,0.2723,0.124,-0.1189
5625,1136,761,33.617,25.623,0.0471,0.061,9.8429,0.5951,-0.3451,-0.3828
5630,1144,762,33.668,25.678,0.007,0.0095,9.7624,0.2142,-0.3364,0.0046
5635,1132,758,33.663,25.593,-0.105,0.0316,9.777,0.4158,0.4945,-0.441
5640,1140,759,33.654,25.664,0.0071,-0.0528,9.7978,-0.6203,-0.4788,-0.28
5645,1157,757,33.638,25.7,0.0405,-0.0537,9.7999,0.7011,0.1874,-0.5083
5650,1156,754,33.67,25.688,0.0461,-0.011,9.8706,-0.7344,-0.8464,0.421
5655,1168,756,33.555,25.704,0.054,-0.1399,9.8182,-0.3102,0.6105,-0.131
5660,1163,759,33.655,25.704,0.0599,-0.0625,9.8172,0.4499,-0.5072,0.3926
5665,1166,762,33.675,25.643,0.0836,0.0256,9.8409,-0.5077,0.3403,-0.246
5670,1176,762,33.694,25.761,0.0094,-0.0829,9.8612,0.2901,0.0401,0.9664
5675,1180,754,33.654,25.602,-0.0906,0.0569,9.8061,-0.1949,-0.1394,-0.0996
5680,1185,765,33.67,25.711,-0.0098,-0.0403,9.8281,-0.5269,-0.0582,0.202
5685,1177,764,33.639,25.734,0.0034,-0.0345,9.7932,0.2659,0.134,-0.0269
5690,1186,761,33.669,25.718,0.0416,-0.0433,9.771,-0.0673,-0.4116,0.6285
5695,1196,758,33.713,25.636,0.0779,-0.0155,9.9013,0.0578,1.0273,0.8317
5700,1185,766,33.64,25.615,-0.03,-0.0059,9.8561,-0.4193,0.1432,0.6889
5705,1184,762,33.603,25.704,0.024,-0.0524,9.8266,0.088,0.0712,0.008
5710,1184,764,33.615,25.696,-0.0204,0.0008,9.7796,0.621,0.485,-0.0536
5715,1195,766,33.62,25.738,0.0507,0.1326,9.8799,1.3284,0.6713,0.0124
5720,1181,770,33.609,25.609,-0.0234,-0.1415,9.7544,0.1348,0.0725,-0.1404
5725,1178,766,33.645,25.768,-0.1095,0.0468,9.7982,-0.5439,-0.2576,0.2691
5730,1184,770,33.648,25.631,0.0712,0.0432,9.8255,0.3033,-0.2274,0.0443
5735,1183,769,33.687,25.7,0.0318,-0.0,9.8338,-0.1674,-0.193,0.1056
5740,1187,773,33.658,25.669,0.0116,0.0216,9.8218,-0.1146,0.1923,0.4021
5745,1176,778,33.704,25.761,0.0775,0.0238,9.9217,-0.0372,0.9527,-0.1548
5750,1175,773,33.648,25.724,0.0508,-0.0177,9.8027,-0.9932,-0.7445,-0.6295
5755,1166,774,33.6,25.691,0.0385,-0.1135,9.7527,0.0612,-0.0312,-0.6062
5760,1169,780,33.727,25.686,-0.0681,0.0493,9.7828,0.2568,0.1639,-0.7213
5765,1168,781,33.721,25.787,-0.0362,-0.0185,9.7782,0.0013,0.2666,-0.4266
5770,1168,784,33.678,25.627,0.0231,0.0291,9.835,0.1076,-0.1744,0.0671
5775,1153,790,33.566,25.66,-0.0053,0.0487,9.7843,0.1229,-0.0318,-0.4106
5780,1151,794,33.67,25.656,0.0871,0.0329,9.7887,-0.4712,0.8075,0.0136
5785,1152,787,33.7,25.655,-0.0352,-0.0537,9.8322,-0.1379,-0.2756,0.1559
5790,1145,790,33.596,25.664,0.0514,-0.0538,9.836,-0.3889,0.0913,-0.1489
5795,1140,792,33.685,25.653,-0.001,-0.0065,9.8003,0.0028,-0.4483,0.2464
5800,1147,794,33.624,25.575,-0.0621,0.0364,9.8557,0.3469,0.6062,0.2758
5805,1134,792,33.708,25.702,0.0428,0.0426,9.7955,-0.257,-0.7441,-0.8361
5810,1141,800,33.694,25.678,-0.0355,0.0758,9.7713,-0.046,0.708,-0.6566
5815,1133,802,33.658,25.641,0.0536,-0.0353,9.8488,-0.6382,-0.1389,-0.6991
5820,1130,800,33.652,25.671,-0.0382,0.074,9.7615,0.2514,0.8499,0.5649
5825,1120,805,33.704,25.769,-0.0826,0.0152,9.8616,-1.2241,0.0449,-0.1097
5830,1123,805,33.655,25.744,-0.0952,0.0406,9.8294,-0.4609,-0.3519,-0.6122
5835,1122,811,33.607,25.718,0.0274,0.0196,9.7901,0.3735,-0.0541,1.2872
5840,1123,813,33.645,25.727,0.0059,-0.0384,9.7546,-0.7252,-0.7116,-0.6986
5845,1111,813,33.748,25.651,0.1114,-0.1146,9.7854,0.1324,-0.4783,-0.1625
5850,1115,809,33.554,25.676,0.0602,0.0176,9.9093,-0.2759,-0.352,0.1682
5855,1109,822,33.668,25.789,0.0418,0.0584,9.8344,-0.0002,-0.7333,-0.1548
5860,1104,816,33.687,25.706,0.0657,-0.0141,9.7919,0.3055,-0.4884,0.0115
5865,1119,818,33.64,25.746,0.0321,-0.0142,9.8869,-0.2957,0.2944,0.4205
5870,1114,821,33.662,25.71,0.0316,-0.0911,9.766,0.0033,0.4039,-0.1029
5875,1104,821,33.608,25.73,0.0283,0.0245,9.8465,-0.3588,0.1898,-0.0105
5880,1097,827,33.681,25.679,-0.0238,-0.0717,9.7292,-0.6242,0.1479,-0.1169
5885,1098,822,33.646,25.69,-0.0594,-0.031,9.7671,0.2162,0.364,-0.4684
5890,1103,827,33.669,25.671,0.0175,0.041,9.7745,-0.429,0.9389,-0.0769
5895,1086,826,33.734,25.767,-0.0192,0.0391,9.9055,-0.7504,-0.7801,0.751
5900,1084,827,33.615,25.693,-0.0334,0.0745,9.756,0.6132,0.1738,-0.0895
5905,1088,825,33.612,25.689,-0.0239,-0.0561,9.9075,-0.3661,-0.4094,0.0613
5910,1091,830,33.622,25.578,0.0043,-0.0537,9.7801,-0.0664,0.2065,0.004
5915,1081,825,33.659,25.686,0.043,0.0438,9.8402,1.5576,0.0053,0.0809
5920,1084,829,33.699,25.776,-0.0033,0.0032,9.8896,-0.4575,-0.3841,0.3878
5925,1082,825,33.687,25.752,0.0187,-0.0416,9.8059,-0.6695,0.0565,-0.393
5930,1076,833,33.646,25.688,0.0559,-0.0636,9.8484,-0.0509,-0.0868,-0.0671
5935,1066,831,33.604,25.614,0.0041,0.0392,9.851,-0.074,0.3316,-0.2339
5940,1066,831,33.641,25.702,-0.0144,0.0421,9.8449,0.0782,0.2032,-0.0125
5945,1067,832,33.649,25.786,0.0215,0.0059,9.7406,0.1275,-0.0217,0.583
5950,1068,837,33.631,25.655,-0.0129,0.0265,9.7791,-0.3658,0.0131,-0.1679
5955,1071,826,33.703,25.732,-0.0054,-0.0668,9.7644,-0.0033,0.0595,0.1141
5960,1062,827,33.64,25.68,0.0255,-0.1261,9.8845,-0.8458,-0.2717,-0.8853
5965,1053,831,33.642,25.594,-0.0808,-0.0143,9.7963,0.0743,1.0724,0.2695
5970,1061,828,33.615,25.657,0.0811,-0.0453,9.7895,0.7517,0.3565,0.256
5975,1051,830,33.767,25.703,-0.0078,0.0152,9.8213,-1.3534,0.0804,-0.2565
5980,1044,831,33.649,25.726,-0.0319,-0.045,9.841,1.027,-0.3367,0.611
5985,1039,827,33.684,25.694,-0.0005,-0.0409,9.7998,0.2513,-0.5918,0.0282
5990,1041,824,33.673,25.646,0.1075,0.07,9.7885,0.0083,-0.0232,-0.4586
5995,1024,831,33.706,25.713,-0.014,0.02,9.8598,0.0403,-0.2135,0.8887
6000,1021,836,33.676,25.7,0.0388,-0.0074,9.7764,0.264,-0.066,-0.3545
6005,1006,829,33.666,25.716,0.0029,-0.0445,9.8093,-1.0674,-0.2072,0.342
6010,1013,825,33.659,25.689,0.0351,-0.0427,9.8814,-0.0368,-0.5422,0.3914
6015,1004,829,33.656,25.684,0.0877,-0.0337,9.8507,0.3351,-0.0328,-0.0602
6020,997,827,33.744,25.705,-0.0535,0.0516,9.879,0.231,-0.4377,0.5916
6025,991,823,33.745,25.694,0.0123,-0.0,9.8086,0.8857,-0.3119,0.0643
6030,974,828,33.809,25.716,-0.0085,0.0521,9.7922,0.278,0.2801,0.2627
6035,961,821,33.701,25.74,-0.0228,0.0149,9.7893,-0.1358,0.1323,-0.4772
6040,969,826,33.645,25.713,-0.0658,0.0409,9.7771,0.0621,0.4047,0.173
6045,961,824,33.554,25.542,-0.0676,-0.0185,9.7753,-0.7613,-0.3401,-0.4064
6050,954,817,33.674,25.662,-0.078,-0.04,9.7484,0.3536,0.4279,0.1921
6055,940,823,33.573,25.643,-0.0463,-0.0595,9.8319,0.519,0.6833,-0.5411
6060,939,819,33.634,25.74,0.0183,0.0628,9.7658,0.2914,-0.1516,0.6433
6065,924,821,33.636,25.623,-0.0985,0.0474,9.7942,0.5494,-0.5625,0.0092
6070,906,819,33.658,25.652,0.022,-0.0215,9.7133,-0.3463,0.3894,0.0592
6075,900,823,33.746,25.694,0.0097,-0.0365,9.8587,-0.6562,-0.0072,-0.0252
6080,891,820,33.603,25.663,-0.0323,-0.0112,9.7997,0.4054,0.1777,-0.9821
6085,883,819,33.628,25.667,-0.036,-0.0207,9.7717,-0.2673,0.3776,1.3689
6090,870,812,33.58,25.66,0.0002,0.0205,9.7411,-0.1496,-0.6406,0.0659
6095,867,819,33.617,25.702,-0.0084,-0.0363,9.7287,0.668,-0.1126,-0.2261
6100,869,820,33.626,25.662,-0.0342,0.113,9.8864,-0.2858,-0.3276,-0.3219
6105,851,812,33.706,25.628,0.0397,-0.0066,9.8154,-0.7058,0.7861,-0.1701
6110,847,815,33.603,25.619,0.0298,0.0202,9.7811,0.4057,-0.2251,0.1418
6115,845,816,33.713,25.873,-0.0113,-0.0703,9.7612,-0.0151,-0.6633,0.0831
6120,827,815,33.675,25.641,0.0225,0.1021,9.8517,-0.3188,1.0088,-0.5549
6125,822,816,33.678,25.702,0.0478,-0.0459,9.7074,-0.1138,0.3206,0.4179
6130,810,818,33.619,25.643,0.0855,-0.0337,9.876,0.631,-0.1899,0.2094
6135,803,816,33.7,25.669,-0.0254,-0.0238,9.7521,0.3109,-0.2904,-0.065
6140,806,820,33.669,25.73,-0.0038,0.0229,9.8103,-0.2034,-0.3924,-0.3161
6145,782,818,33.537,25.709,-0.0708,0.0604,9.7388,-0.4248,0.2596,0.7169
6150,792,812,33.585,25.792,0.0425,-0.0046,9.7568,-0.2214,0.5047,-0.2016
6155,769,811,33.644,25.661,-0.038,-0.0317,9.758,-1.2424,0.2786,-0.1188
6160,772,813,33.671,25.673,0.0727,-0.0588,9.844,0.492,-0.2206,-0.1795
6165,773,813,33.634,25.665,-0.0269,-0.0194,9.8595,0.6167,0.8714,-0.251
6170,760,816,33.747,25.737,-0.0102,-0.01,9.7701,-0.2935,0.1492,-0.2393
6175,759,812,33.623,25.772,-0.0591,-0.06,9.7926,-0.333,-0.2299,0.5204
6180,750,814,33.673,25.718,0.0436,0.0179,9.7683,0.0827,-0.3201,-0.5664
6185,756,810,33.718,25.669,-0.0723,-0.0071,9.8795,-0.5246,-0.3635,0.3112
6190,745,816,33.64,25.665,0.0154,-0.0227,9.8247,0.3931,-0.7346,-0.2064
6195,750,811,33.682,25.734,-0.0855,0.0624,9.7601,0.314,-0.0389,0.4564
6200,759,808,33.659,25.626,0.0676,0.0018,9.7996,0.1248,-0.3324,0.0375
6205,743,813,33.648,25.588,-0.0698,0.0336,9.7858,0.0813,-0.5148,0.2514
6210,749,811,33.595,25.639,0.1446,-0.0043,9.8321,-0.3352,0.2373,-0.3692
6215,737,812,33.698,25.609,-0.0583,0.028,9.8318,-0.2723,1.0542,0.5584
6220,750,805,33.599,25.683,-0.0394,-0.0672,9.757,-0.2502,0.9062,-0.1761
6225,745,807,33.627,25.741,0.0518,-0.0002,9.7115,0.0078,-0.2246,-0.6756
6230,757,805,33.707,25.774,0.0752,0.0299,9.9008,0.3273,-0.87,0.1833
6235,761,812,33.683,25.779,-0.0088,-0.0324,9.773,-1.4864,-0.1786,-0.1653
6240,756,806,33.721,25.687,0.074,-0.0797,9.8146,-0.3353,0.3081,-0.5039
6245,779,805,33.73,25.705,0.0143,0.0202,9.8482,-0.5192,-0.7348,0.1407
6250,770,807,33.576,25.72,-0.0071,-0.032,9.8317,0.265,-0.4872,0.0591
6255,779,794,33.665,25.709,-0.0478,-0.0711,9.7565,0.5997,0.5097,0.7044
6260,785,802,33.651,25.693,-0.0669,0.0274,9.8121,1.1692,0.3546,0.221
6265,802,801,33.665,25.664,0.0514,0.0104,9.691,-0.2875,-0.0941,-0.3342
6270,804,805,33.601,25.731,0.0866,-0.0438,9.749,0.0566,-0.008,0.2569
6275,813,800,33.719,25.669,0.0859,0.01,9.8267,-0.5362,-0.2588,-0.6133
6280,816,800,33.628,25.629,-0.0079,-0.0101,9.835,0.3444,0.2783,-0.1828
6285,832,799,33.673,25.685,-0.0381,-0.0886,9.8444,0.0789,0.2475,0.3149
6290,840,795,33.579,25.682,0.0309,-0.0246,9.8122,-0.5812,0.566,0.5213
6295,853,799,33.582,25.721,0.0079,0.0272,9.7721,0.7822,-0.7269,0.0754
6300,863,793,33.73,25.66,-0.0953,0.0186,9.8363,1.001,-0.1678,0.4242
6305,859,795,33.699,25.645,-0.0403,0.0114,9.7573,0.4558,0.1879,-0.8621
6310,887,786,33.636,25.786,-0.0158,-0.0694,9.7614,-0.6088,-0.6138,0.1181
6315,892,786,33.615,25.734,0.0084,-0.0588,9.765,-0.3367,1.1019,0.4226
6320,912,785,33.634,25.738,-0.0407,0.0116,9.8227,-0.1835,0.2073,0.3952
6325,916,785,33.631,25.726,0.008,-0.0493,9.7482,-0.014,-0.052,0.6355
6330,933,781,33.624,25.797,0.0447,-0.0021,9.7039,-0.745,0.5037,-0.8333
6335,938,788,33.612,25.663,-0.0878,0.0126,9.8488,0.6119,0.0967,-0.3279
6340,952,784,33.685,25.805,0.0386,0.0948,9.7791,-0.3017,-0.1614,0.4988
6345,959,782,33.731,25.607,0.0124,-0.1125,9.7388,0.1281,-0.3829,-0.0597
6350,975,780,33.634,25.719,0.0716,0.0281,9.8795,-0.5375,-0.5723,-0.4652
6355,988,780,33.685,25.687,0.0198,-0.0017,9.7788,-0.0692,0.5153,0.4504
6360,1003,777,33.711,25.727,-0.0393,0.0304,9.8392,-0.497,-0.3952,-0.4202
6365,1010,768,33.628,25.73,-0.0568,-0.0804,9.7861,0.1829,0.5438,-0.0697
6370,1026,771,33.686,25.759,-0.0619,0.03,9.8505,0.602,-0.0346,0.3316
6375,1032,770,33.614,25.712,-0.0434,-0.0315,9.8104,-0.9455,-0.7667,0.3235
6380,1041,771,33.735,25.704,-0.0226,0.067,9.8961,0.0889,-1.1362,-0.2819
6385,1048,774,33.722,25.719,-0.0494,-0.0558,9.7884,0.3717,0.4653,0.4177
6390,1061,775,33.651,25.649,0.0185,0.0294,9.7883,0.0544,-0.5672,-0.2483
6395,1086,768,33.617,25.711,-0.0328,0.0084,9.8744,-0.2028,-0.3314,-0.5037
6400,1085,770,33.651,25.701,-0.0316,-0.0237,9.8802,-0.1082,0.854,-0.7766
6405,1098,769,33.675,25.784,0.052,0.0179,9.8357,-0.2259,0.0365,0.4843
6410,1101,765,33.585,25.651,-0.0581,-0.0075,9.791,1.0734,0.1625,-0.2463
6415,1119,753,33.674,25.701,-0.0652,0.0003,9.8507,-0.3425,0.0866,0.2588
6420,1124,763,33.713,25.6,0.0176,0.0287,9.7721,0.2075,-0.3067,-0.9618
6425,1135,765,33.63,25.738,-0.0308,-0.1397,9.8497,0.5999,1.1176,-0.1415
6430,1134,758,33.668,25.628,0.0043,0.0514,9.7731,0.0605,-1.0769,-0.7402
6435,1142,758,33.712,25.711,-0.0139,0.0807,9.8332,-0.6648,0.977,0.0617
6440,1157,758,33.59,25.661,-0.0842,-0.017,9.8752,-0.045,0.7381,-0.207
6445,1152,755,33.661,25.591,0.0301,-0.0384,9.8382,-0.3172,-0.4435,-0.006
6450,1167,756,33.72,25.642,-0.059,-0.0412,9.7924,-0.5573,0.3,-0.2082
6455,1160,762,33.68,25.733,-0.0784,0.0904,9.8038,-0.1404,0.0803,-0.9649
6460,1168,761,33.731,25.736,0.0127,-0.0194,9.7401,0.4195,-0.0403,0.9424
6465,1172,767,33.617,25.707,-0.0335,0.0055,9.8268,-0.5518,0.4038,-1.2223
6470,1183,762,33.712,25.637,0.0042,0.0276,9.8371,-0.0305,-0.0433,0.2186
6475,1180,765,33.68,25.732,0.044,0.075,9.8433,-0.4415,-0.0061,0.0266
6480,1192,761,33.574,25.689,-0.0584,0.1314,9.8179,-0.5901,0.3493,0.8456
6485,1188,761,33.67,25.808,0.0161,-0.043,9.8054,-0.554,0.4848,0.8214
6490,1197,766,33.736,25.73,0.0337,0.0315,9.8599,-0.6413,-0.4348,0.2993
6495,1183,761,33.7,25.622,-0.0018,-0.0812,9.8052,0.2311,0.9119,0.0277
6500,1190,763,33.684,25.782,0.0163,0.0419,9.839,-0.2874,-0.5049,-0.2794
6505,1187,762,33.647,25.719,-0.01,0.032,9.7677,0.3328,0.636,-0.0139
6510,1191,765,33.694,25.75,-0.0012,-0.0467,9.7846,-0.3907,1.4679,-0.2749
6515,1195,766,33.619,25.658,0.0191,-0.0219,9.7805,-0.6295,-0.4815,-0.3437
6520,1183,761,33.656,25.699,-0.006,0.0415,9.8891,0.6015,-0.0686,-0.0007
6525,1181,769,33.692,25.8,0.0618,0.0809,9.746,-0.3534,-0.4663,-0.3085
6530,1184,767,33.753,25.725,-0.012,-0.0374,9.8028,0.5402,0.4796,0.1183
6535,1182,772,33.693,25.684,-0.0172,0.0618,9.7872,0.3516,0.2417,-0.7706
6540,1184,764,33.601,25.683,-0.055,-0.0535,9.7997,-0.3124,0.344,1.0061
6545,1176,777,33.777,25.702,-0.0174,0.0074,9.8927,-0.2699,-0.5819,0.1609
6550,1180,779,33.674,25.781,-0.0263,0.012,9.8445,-0.4821,0.6131,1.1795
6555,1168,775,33.631,25.684,0.0526,0.1127,9.7574,-0.3868,-0.0961,0.0672
6560,1164,776,33.706,25.695,-0.092,-0.0149,9.8364,-0.4306,0.664,1.0135
6565,1162,779,33.575,25.678,0.0112,0.0633,9.7695,-0.8014,0.5726,0.064
6570,1162,781,33.715,25.72,0.0031,0.0222,9.8209,-0.0311,-0.1723,-0.7365
6575,1147,787,33.573,25.708,-0.028,-0.0685,9.8096,-0.5407,0.1933,0.2126
6580,1155,784,33.708,25.718,0.0181,0.0029,9.8141,0.3989,-0.1857,0.0854
6585,1152,786,33.669,25.633,0.0266,0.0635,9.8082,0.8822,-0.4665,-0.726
6590,1155,794,33.661,25.64,-0.0352,-0.0184,9.7369,-0.3313,0.1275,0.2724
6595,1144,793,33.685,25.665,-0.0461,0.0578,9.7896,-0.0594,-0.4618,0.0216
6600,1136,795,33.666,25.669,0.146,-0.0172,9.7822,0.0456,0.2509,-0.2927
6605,1134,796,33.688,25.707,0.0335,-0.0086,9.8556,-0.5055,-0.5454,-0.3773
6610,1142,797,33.681,25.74,0.0405,0.0603,9.8221,-0.3665,0.2218,-0.3775
6615,1124,802,33.594,25.651,-0.0044,-0.0205,9.7822,-0.3685,-0.1148,0.0582
6620,1128,808,33.746,25.639,-0.0189,-0.1062,9.7585,-0.4312,0.8135,0.1727
6625,1124,803,33.639,25.728,0.0242,0.0145,9.7926,-0.2756,-0.6713,0.7654
6630,1123,804,33.669,25.776,-0.0074,0.0363,9.8731,0.3607,-0.1815,0.4206
6635,1118,809,33.586,25.651,0.0358,0.0364,9.7249,-0.5884,-0.1555,0.3118
6640,1123,805,33.658,25.686,0.0565,0.0458,9.7087,-0.2361,0.1459,-1.256
6645,1113,810,33.72,25.684,-0.0037,-0.016,9.7633,0.2498,-0.0589,-0.0009
6650,1108,809,33.587,25.708,-0.0658,0.018,9.8646,0.0115,0.0657,-0.5122
6655,1112,812,33.664,25.726,0.1155,-0.0893,9.8232,-0.4531,0.2989,0.3983
6660,1120,817,33.679,25.617,0.0337,-0.0698,9.8681,-0.7416,0.3847,-0.7575
6665,1110,816,33.66,25.745,0.0095,-0.0223,9.883,0.1376,-0.1817,-0.614
6670,1109,818,33.807,25.689,0.0432,-0.0887,9.7645,0.6236,0.1141,-0.2572
6675,1104,817,33.646,25.797,0.0194,0.1034,9.8125,0.6841,-0.6523,-0.262
6680,1098,825,33.747,25.702,0.0246,-0.0391,9.773,-0.296,0.4644,0.1053
6685,1101,825,33.765,25.758,-0.0112,0.0797,9.7452,0.3582,-0.2457,-0.9855
6690,1093,823,33.669,25.697,0.0609,-0.1056,9.8039,-0.336,0.0293,-0.5159
6695,1094,825,33.651,25.672,0.0702,0.0917,9.7691,-1.143,-0.1086,-0.1109
6700,1081,825,33.722,25.721,0.0158,0.0604,9.8818,-0.2928,0.3646,0.0615
6705,1087,825,33.638,25.661,0.0285,-0.0164,9.7401,-0.8716,0.2056,0.5315
6710,1077,824,33.618,25.692,0.1072,-0.051,9.7756,1.2153,-0.1744,0.0842
6715,1086,826,33.674,25.641,-0.0227,-0.071,9.7778,-0.6164,-0.4907,-0.3532
6720,1078,831,33.681,25.668,0.063,-0.0292,9.766,-0.3955,0.2963,-0.8818
6725,1075,830,33.639,25.677,-0.0426,0.0401,9.814,-0.0552,0.4746,0.9906
6730,1075,832,33.626,25.769,-0.021,0.0071,9.8427,-0.8379,0.2641,-0.3607
6735,1071,838,33.619,25.74,-0.0674,-0.0352,9.7657,-0.0874,-0.1985,-0.2162
6740,1065,830,33.699,25.638,0.0001,-0.0287,9.7876,0.6935,-0.7942,-0.177
6745,1060,832,33.612,25.726,-0.0476,-0.0234,9.8842,0.0708,0.7988,-0.335
6750,1055,828,33.669,25.699,-0.049,-0.0567,9.8378,0.2699,-0.2145,-0.0089
6755,1068,827,33.735,25.769,-0.0632,-0.0442,9.8394,-0.2263,-0.258,0.5388
6760,1057,827,33.68,25.708,0.0299,0.0114,9.7894,0.16,-0.5006,0.1712
6765,1051,826,33.678,25.706,-0.0122,-0.0876,9.7325,0.4368,-0.1409,-0.0852
6770,1047,828,33.633,25.722,0.0334,0.0469,9.8086,-0.1874,0.1164,-0.3881
6775,1046,834,33.626,25.707,-0.0721,-0.0289,9.7955,-0.1165,-0.435,-0.3405
6780,1035,829,33.627,25.639,0.0502,0.0809,9.8566,-0.1644,0.2052,-1.1459
6785,1034,830,33.622,25.786,0.0044,-0.0588,9.8162,-0.7934,0.0781,0.4889
6790,1026,830,33.79,25.773,0.0328,0.0488,9.8495,0.0917,-0.2386,-0.1609
6795,1028,823,33.657,25.707,0.0029,0.0118,9.8591,-0.4333,-0.0562,0.324
6800,1028,831,33.706,25.66,-0.0191,-0.0212,9.8549,-0.5401,-0.1174,0.2861
6805,1016,827,33.682,25.697,-0.0144,0.1211,9.8314,-0.6406,-0.5915,-0.0816
6810,1013,828,33.635,25.721,0.0311,0.0087,9.813,-0.3373,0.0358,-0.3933
6815,999,821,33.621,25.726,-0.0733,-0.0202,9.7081,0.2645,0.8712,-0.5802
6820,994,828,33.64,25.706,0.0114,0.0683,9.8796,0.7878,-1.1737,0.1395
6825,988,828,33.615,25.725,0.0956,0.018,9.7553,0.4737,-0.1793,0.1492
6830,971,829,33.617,25.727,0.0878,-0.06,9.8498,-0.6659,0.1125,0.3466
6835,976,823,33.656,25.776,0.076,-0.0635,9.7826,0.6064,-0.7706,0.4287
6840,966,818,33.683,25.67,0.0598,-0.0385,9.9002,1.1961,0.074,0.1915
6845,950,825,33.629,25.696,-0.0451,-0.0618,9.8669,0.5645,0.1434,-0.0961
6850,944,823,33.605,25.732,0.022,-0.013,9.9054,-0.6459,1.0848,0.1336
6855,932,829,33.622,25.72,0.0402,-0.0252,9.702,0.1236,0.9341,0.6248
6860,939,817,33.556,25.706,0.0057,-0.0453,9.8282,0.5939,0.4517,-0.5095
6865,917,827,33.666,25.748,-0.0471,0.0665,9.7622,-0.1002,0.0458,0.0519
6870,904,822,33.671,25.638,-0.0746,-0.052,9.836,0.601,0.2191,-0.3483
6875,906,818,33.612,25.721,0.052,-0.003,9.8351,0.3653,0.7265,0.4668
6880,894,820,33.642,25.742,-0.0429,-0.0203,9.8421,-0.7502,0.34,-0.1377
6885,883,818,33.653,25.679,-0.0083,0.0533,9.7713,0.1567,-0.4844,-0.3168
6890,871,821,33.661,25.722,-0.0361,-0.0199,9.8776,0.4367,-0.1328,-0.4344
6895,874,817,33.723,25.698,0.0033,0.0189,9.8283,0.0089,0.201,0.0552
6900,856,818,33.655,25.801,0.0432,0.0331,9.7997,-0.034,0.6387,-0.7902
6905,852,812,33.719,25.755,0.0679,0.0295,9.7544,-0.467,0.533,-0.4101
6910,840,821,33.653,25.652,0.0083,-0.0944,9.7988,0.4598,0.3541,0.6733
6915,826,818,33.62,25.75,0.0151,-0.0024,9.8812,0.0623,0.1467,1.0232
6920,821,818,33.618,25.737,-0.0598,-0.0232,9.8342,0.7646,-0.2643,-0.519
6925,815,819,33.698,25.687,0.0307,-0.0605,9.8153,-0.4056,0.1572,0.2052
6930,807,814,33.673,25.734,-0.0468,-0.013,9.7996,-0.3109,0.181,-0.0213
6935,795,816,33.656,25.708,-0.0773,0.1086,9.8841,-0.0912,-0.0246,0.08
6940,793,806,33.598,25.79,0.0384,-0.0062,9.7622,0.2393,1.1045,-0.2725
6945,790,816,33.675,25.731,-0.0109,0.0408,9.9547,0.368,-0.2857,0.4492
6950,779,813,33.694,25.688,-0.0216,-0.0334,9.7547,0.377,0.1769,0.6044
6955,772,816,33.629,25.655,-0.0582,-0.0015,9.8329,-0.4788,0.5156,0.3027
6960,781,811,33.65,25.707,0.091,0.038,9.8013,-0.4917,0.3874,-0.4749
6965,766,812,33.617,25.705,-0.0562,0.0522,9.7893,-0.4326,0.0573,0.022
6970,761,810,33.693,25.677,-0.0894,0.0237,9.7147,-0.6954,-0.1623,0.3141
6975,757,816,33.615,25.733,0.0423,0.0345,9.8714,-0.0528,0.2762,0.2031
6980,759,813,33.613,25.691,0.0425,-0.0057,9.8065,0.5409,-0.2733,0.1065
6985,762,813,33.631,25.763,-0.0037,0.0341,9.816,-0.0042,-0.318,0.0232
6990,749,811,33.747,25.737,0.0094,-0.0045,9.808,0.1439,0.6782,0.9384
6995,754,809,33.655,25.767,0.0224,0.0168,9.8109,0.2119,0.3541,0.2988
7000,749,809,33.67,25.737,-0.0405,0.0464,9.7844,0.1322,0.8898,-0.5074
7005,751,815,33.722,25.642,0.0187,0.0954,9.9337,1.2419,0.1037,-0.4419
7010,749,813,33.689,25.716,-0.0275,-0.0767,9.7892,0.148,-0.1905,0.2015
7015,748,809,33.602,25.653,-0.0394,0.0254,9.7678,-0.4357,-0.2855,-0.4054
7020,758,809,33.653,25.515,0.0411,0.0868,9.8765,-0.3426,0.4349,0.0247
7025,751,809,33.594,25.709,0.0033,0.0667,9.8912,0.034,-0.673,-0.0205
7030,761,811,33.678,25.641,-0.0827,0.1085,9.8172,-0.6903,-0.7601,0.6958
7035,759,807,33.6,25.683,-0.0576,0.0511,9.8291,-0.4452,-0.5418,-0.5977
7040,774,805,33.684,25.626,0.0279,-0.0821,9.8988,0.8661,0.6616,1.1305
7045,773,805,33.733,25.706,0.0198,-0.1169,9.8469,0.9464,-0.3169,-0.3471
7050,777,799,33.703,25.786,0.0619,-0.019,9.73,-0.008,-0.6406,-0.3081
7055,794,803,33.653,25.765,-0.0373,-0.0322,9.804,-0.2742,0.447,-0.0122
7060,793,799,33.698,25.765,0.0767,0.0253,9.8243,-0.4222,0.225,0.0028
7065,791,802,33.635,25.739,-0.0506,0.0174,9.796,0.0582,0.4401,-0.202
7070,797,799,33.687,25.702,-0.0721,0.0251,9.74,0.2215,0.5543,0.5331
7075,815,797,33.649,25.726,-0.0095,0.0232,9.8523,-0.7154,-0.0503,0.3703
7080,829,796,33.702,25.714,0.0084,-0.0404,9.7633,0.597,0.0488,-0.3388
7085,833,801,33.748,25.756,0.0118,0.0717,9.7922,-0.4018,0.6146,0.6088
7090,841,795,33.657,25.769,0.0257,-0.0785,9.8324,0.3354,0.1491,-0.1531
7095,857,794,33.66,25.792,0.0364,-0.0012,9.7576,-0.1558,0.2761,-0.2369
7100,857,792,33.649,25.698,0.0025,-0.008,9.7371,-0.4265,0.2028,0.2434
7105,874,794,33.64,25.691,-0.0606,0.0735,9.7955,0.8051,-1.0363,-0.2905
7110,888,788,33.669,25.695,0.0094,0.0689,9.7418,-0.4085,0.3242,0.5893
7115,894,790,33.65,25.708,-0.0638,0.0606,9.8456,-0.4404,-0.0693,0.5418
7120,916,787,33.578,25.704,-0.0126,0.1112,9.841,0.7578,0.625,-0.3466
7125,923,779,33.612,25.692,-0.0177,-0.0175,9.8102,-0.0922,-0.3529,0.4113
7130,938,784,33.659,25.655,-0.0226,0.0303,9.7168,0.2571,-0.3902,-0.5235
7135,940,780,33.726,25.695,-0.0429,-0.0251,9.7619,0.5197,0.1506,-0.1181
7140,962,776,33.707,25.649,-0.0064,0.0541,9.8635,0.1582,0.2781,-0.2589
7145,968,776,33.598,25.682,0.0018,0.0575,9.7155,-0.2773,0.4245,-0.722
7150,978,774,33.646,25.682,0.041,0.0025,9.6874,-0.3583,0.7096,-0.8475
7155,999,781,33.688,25.742,0.0006,-0.1396,9.9124,-0.4915,-0.3881,-0.3838
7160,1010,772,33.742,25.796,-0.0199,0.004,9.7943,-0.0663,0.074,-0.067
7165,1006,772,33.761,25.788,-0.0209,-0.0613,9.8064,0.4291,-0.3018,0.8199
7170,1029,761,33.719,25.664,-0.0581,0.0729,9.8223,-0.2035,0.3225,-0.2778
7175,1037,774,33.662,25.673,0.0611,-0.002,9.7474,-0.1965,-0.0828,-0.0672
7180,1053,767,33.603,25.736,0.0117,-0.0275,9.8458,0.7866,-0.0666,-0.5461
7185,1066,767,33.7,25.683,0.0281,-0.0385,9.773,-0.2404,0.2431,0.0498
7190,1073,768,33.655,25.705,0.0542,0.0366,9.8095,-0.1014,-0.0714,0.2639
7195,1076,766,33.591,25.803,0.0147,0.0218,9.844,-0.1798,-0.4901,0.2918
7200,1087,763,33.592,25.662,-0.023,-0.0629,9.8357,0.6324,-0.2912,0.0822
7205,1099,759,33.719,25.773,0.0168,-0.0849,9.8374,0.4606,1.4915,0.1609
7210,1114,760,33.679,25.759,-0.0285,0.0346,9.7429,-0.0501,1.1629,-0.1327
7215,1116,759,33.673,25.707,-0.0485,0.0009,9.7974,-0.0979,-0.0974,-0.4297
7220,1119,760,33.629,25.727,-0.0163,0.0234,9.7918,0.2606,-0.0392,-0.3812
7225,1140,763,33.703,25.711,-0.0856,0.0087,9.7865,-0.6769,-0.2032,0.0586
7230,1134,755,33.694,25.717,-0.053,0.0079,9.8293,-0.2348,1.1441,0.1629
7235,1147,763,33.682,25.695,-0.083,-0.0145,9.7963,0.0744,-0.2761,1.0363
7240,1147,762,33.649,25.645,0.0202,-0.0163,9.8577,0.3016,-0.0644,-0.3152
7245,1169,757,33.642,25.738,0.0072,0.038,9.8189,0.1557,-0.2239,1.258
7250,1172,760,33.714,25.681,0.0522,0.0023,9.7525,-0.0388,-0.3251,0.0539
7255,1174,768,33.668,25.681,-0.0315,0.1034,9.9326,0.3081,0.3314,0.1077
7260,1182,760,33.703,25.659,-0.0244,0.0757,9.8443,-0.0727,0.392,-0.3579
7265,1170,762,33.718,25.614,-0.0025,-0.0238,9.8162,0.5387,0.9596,0.1642
7270,1172,757,33.603,25.743,0.0133,-0.0144,9.8411,-0.6963,-0.0309,-0.3702
7275,1183,763,33.694,25.703,0.0819,0.0175,9.8269,0.2846,1.0333,-0.6113
7280,1187,760,33.658,25.732,-0.0098,0.0217,9.942,-0.3438,0.1755,-0.3459
7285,1191,763,33.65,25.637,0.0598,-0.0169,9.7367,-0.0457,0.1412,0.7643
7290,1189,761,33.737,25.69,-0.0838,0.1027,9.7884,-0.4844,-0.722,-0.3753
7295,1180,763,33.657,25.718,0.0098,-0.102,9.7679,0.3176,-0.1667,-0.6059
7300,1186,759,33.563,25.68,0.0177,-0.0771,9.8064,-0.1253,-0.1584,-0.1814
7305,1192,764,33.679,25.711,-0.0102,-0.0107,9.9094,0.012,0.5022,-1.0337
7310,1180,762,33.72,25.683,0.0316,-0.0291,9.9024,-0.0367,0.3596,0.6387
7315,1185,766,33.65,25.679,0.0634,0.0071,9.6828,-0.1853,0.6643,-0.0883
7320,1185,768,33.669,25.645,-0.0185,-0.0559,9.7977,-0.0749,0.0355,0.6096
7325,1192,771,33.665,25.753,0.0077,0.0526,9.8087,-0.1897,0.544,0.6906
7330,1185,766,33.788,25.73,-0.0348,-0.0175,9.8046,0.1425,-0.0961,0.3459
7335,1177,769,33.755,25.747,-0.0015,-0.0628,9.8036,-0.2493,0.2732,-0.0681
7340,1175,771,33.713,25.701,0.0297,0.0062,9.889,-0.0927,0.0992,0.2794
7345,1177,776,33.686,25.72,-0.0292,0.0316,9.8428,-1.1632,-0.4725,-0.562
7350,1174,776,33.679,25.681,-0.0121,-0.0595,9.8015,0.8167,0.6126,0.382
7355,1166,778,33.596,25.668,0.1056,0.0192,9.7788,-0.1301,0.2524,0.2804
7360,1168,779,33.626,25.598,0.002,0.0624,9.758,0.8508,-0.6258,-0.0917
7365,1174,779,33.599,25.621,0.039,0.0138,9.766,-0.2697,-0.2634,-0.0237
7370,1154,777,33.646,25.756,-0.0887,0.0514,9.8154,-0.4144,0.1386,-0.5831
7375,1158,781,33.648,25.745,0.0019,0.0165,9.7642,0.3176,0.1899,0.7801
7380,1158,790,33.673,25.693,0.0508,-0.0109,9.7967,0.6718,0.7891,0.7291
7385,1146,793,33.754,25.694,0.0173,0.0315,9.8152,-0.3033,-0.8644,-0.8495
7390,1147,790,33.687,25.704,-0.0474,0.0367,9.791,0.1521,0.0798,0.547
7395,1139,794,33.679,25.778,0.0575,0.0353,9.8247,-0.3894,-0.1131,-0.2834
7400,1139,797,33.673,25.707,-0.0436,-0.0488,9.7993,-0.8014,0.3761,0.6578
7405,1138,799,33.647,25.653,-0.0563,-0.0616,9.727,0.3802,-0.8406,0.1893
7410,1136,797,33.696,25.766,-0.0257,-0.0092,9.831,-0.3353,-0.1362,0.1476
7415,1119,808,33.725,25.709,0.0424,-0.0005,9.8,-0.4857,-0.069,0.2242
7420,1125,810,33.71,25.675,-0.0164,-0.0992,9.8082,-0.3091,0.1581,-0.0116
7425,1132,809,33.703,25.677,-0.0075,-0.0159,9.829,-0.5877,-0.3208,-0.516
7430,1124,809,33.698,25.711,0.0324,0.1597,9.8105,-0.3738,0.5241,-0.4384
7435,1121,809,33.642,25.697,-0.0839,0.0116,9.8835,0.2474,-0.3621,-0.9753
7440,1113,810,33.655,25.771,-0.0232,0.0463,9.8152,0.8422,0.2556,-0.6603
7445,1113,815,33.648,25.678,-0.0503,0.0842,9.8317,0.1995,-0.6825,0.5967
7450,1111,812,33.836,25.745,0.0162,0.0054,9.8648,-0.4395,0.2909,0.3192
7455,1110,818,33.704,25.748,-0.0145,-0.0241,9.838,-0.6506,0.2119,0.8901
7460,1106,814,33.708,25.652,0.005,0.026,9.8361,0.8824,-0.2557,0.2185
7465,1104,819,33.677,25.784,-0.0288,-0.0855,9.8143,1.3776,-0.6624,-0.4827
7470,1101,820,33.72,25.687,-0.0007,0.0264,9.8185,-0.5765,-0.6754,-0.4809
7475,1103,821,33.62,25.723,-0.0902,0.0225,9.8149,-1.2261,-0.4215,-0.0094
7480,1094,818,33.643,25.677,-0.0153,0.0193,9.8196,-0.5785,-0.6718,-0.6503
7485,1098,823,33.658,25.657,0.0401,-0.029,9.7053,-0.4832,0.4748,-0.185
7490,1101,820,33.728,25.621,-0.0126,-0.0375,9.863,-0.4724,0.4141,-0.2473
7495,1089,823,33.675,25.738,-0.0516,0.0747,9.7904,0.7052,0.7138,-0.4406
7500,1076,824,33.703,25.703,0.0257,0.0591,9.8623,0.1667,-0.0939,-0.4064
7505,1083,827,33.632,25.808,0.0773,-0.0414,9.793,0.1189,0.1176,0.3557
7510,1084,827,33.624,25.673,0.0959,0.0206,9.7804,0.0546,-0.3231,0.2254
7515,1091,829,33.608,25.7,-0.0177,-0.0381,9.7339,-1.5029,-0.0916,0.0819
7520,1081,830,33.636,25.619,-0.068,0.0237,9.8665,-0.5212,0.2248,-0.2985
7525,1081,830,33.699,25.724,0.0223,-0.0413,9.7311,-0.3468,-0.6519,0.1018
7530,1074,829,33.619,25.791,0.056,0.057,9.7662,0.2827,-0.2439,-1.1317
7535,1082,831,33.671,25.771,0.0371,-0.0255,9.7933,0.0596,0.3242,-0.533
7540,1068,831,33.704,25.696,-0.0063,0.01,9.7532,0.1652,-0.1941,0.293
7545,1071,827,33.774,25.71,0.0724,0.0083,9.8321,0.1404,-0.3458,0.9189
7550,1057,835,33.688,25.702,-0.0603,-0.0798,9.8424,-0.0207,-0.0588,0.4628
7555,1064,833,33.674,25.683,0.0863,-0.0031,9.8434,-0.4424,-0.2905,0.1625
7560,1054,829,33.64,25.694,-0.036,0.0141,9.7407,-0.5532,1.787,0.0482
7565,1054,835,33.677,25.687,-0.0431,0.035,9.7993,0.7988,0.388,-0.5095
7570,1043,829,33.78,25.69,-0.0445,-0.0236,9.8152,-0.7464,0.4209,0.5262
7575,1031,834,33.592,25.737,0.0195,-0.0032,9.8264,0.7136,0.6968,-0.3786
7580,1046,831,33.648,25.667,0.0007,-0.0893,9.8305,-0.3066,0.3667,0.2589
7585,1031,825,33.664,25.732,-0.0083,-0.0692,9.8763,0.149,-0.0688,-0.8182
7590,1028,824,33.7,25.667,0.004,0.075,9.7902,-0.3841,0.3761,0.1197
7595,1023,830,33.667,25.733,0.0555,0.0279,9.805,0.7672,0.3467,0.8146
7600,1014,829,33.634,25.685,0.0646,-0.0469,9.7752,0.1727,0.0458,-0.2944
7605,1004,828,33.684,25.644,0.0505,0.0748,9.8861,-0.5019,0.0918,-0.0178
7610,999,826,33.675,25.659,0.0116,0.0233,9.917,0.0634,-0.4698,0.1963
7615,999,818,33.684,25.683,-0.0362,-0.0695,9.8135,0.221,0.1148,-0.5767
7620,990,826,33.535,25.723,-0.0452,-0.0451,9.8358,0.7351,-0.322,0.074
7625,987,827,33.807,25.706,0.0573,0.0256,9.7607,-0.3369,-0.2038,0.7863
7630,974,825,33.709,25.715,-0.0694,0.054,9.8233,0.2558,-0.3496,0.7528
7635,968,825,33.641,25.709,-0.0117,-0.0445,9.767,-0.437,-0.1598,0.4578
7640,955,826,33.702,25.7,0.0665,-0.0427,9.8609,-0.2419,0.8136,0.3684
7645,956,821,33.764,25.66,-0.0025,0.0318,9.7443,-0.6033,0.597,-0.3757
7650,935,823,33.65,25.777,-0.0496,0.0061,9.819,-0.0457,-0.3627,0.9173
7655,933,821,33.659,25.653,-0.0751,0.0579,9.7802,-0.4161,-0.214,-0.2052
7660,930,828,33.628,25.674,0.094,0.005,9.8452,-0.1027,-0.3293,0.8266
7665,913,820,33.645,25.723,0.0449,0.1182,9.8213,0.0835,-0.5152,0.3866
7670,910,820,33.715,25.72,0.0326,-0.0299,9.7769,-0.4533,-0.2666,0.1988
7675,897,824,33.689,25.714,0.0622,0.0098,9.8554,0.0107,-0.2974,0.1597
7680,878,813,33.724,25.756,-0.0277,-0.0191,9.7956,-0.0326,-0.9075,-0.0008
7685,879,818,33.677,25.722,0.0418,-0.0542,9.782,0.1451,-0.3138,0.9882
7690,878,816,33.715,25.601,-0.0868,-0.0243,9.8094,-0.054,0.5134,-0.018
7695,861,820,33.542,25.679,-0.0116,0.0268,9.7885,0.174,0.3137,-1.5219
7700,854,818,33.69,25.667,0.0003,-0.0227,9.8338,-0.1112,-0.306,0.0582
7705,852,820,33.647,25.672,-0.0385,0.0069,9.8276,0.1973,-0.2823,0.0613
7710,835,822,33.621,25.667,-0.02,0.0388,9.7797,0.391,-0.9172,0.0824
7715,830,822,33.789,25.633,0.0344,0.028,9.7572,-0.6632,-0.0791,0.2727
7720,817,811,33.645,25.655,0.0711,-0.024,9.7854,-0.2392,0.0185,-0.4426
7725,818,816,33.739,25.647,0.0015,-0.0182,9.7372,-0.6732,-0.1502,-0.5396
7730,803,815,33.759,25.678,0.0346,0.0397,9.8779,0.4472,-0.4505,0.0828
7735,808,814,33.641,25.718,-0.0139,-0.0129,9.8737,-0.1452,-0.1927,0.8412
7740,790,809,33.688,25.708,0.0367,0.0604,9.8006,-0.7224,0.4867,-0.6331
7745,779,814,33.612,25.709,-0.0258,-0.0706,9.8704,-0.4042,-0.6161,0.1143
7750,783,816,33.754,25.726,0.0361,-0.0221,9.8327,0.2143,-0.5886,0.2652
7755,778,813,33.688,25.698,-0.0031,0.0484,9.8428,-0.094,0.1895,0.4193
7760,763,811,33.654,25.705,0.0066,0.0611,9.8362,-0.2161,0.1167,0.0928
7765,757,810,33.716,25.622,-0.0253,-0.0509,9.7614,-0.3849,0.5247,0.3393
7770,763,811,33.721,25.719,-0.0333,-0.0256,9.7747,0.4041,0.0111,0.2031
7775,758,812,33.669,25.738,0.0609,-0.0309,9.779,-0.8784,0.1352,-0.5831
7780,758,821,33.667,25.829,0.0197,-0.0198,9.8427,0.2735,-0.0131,-0.6492
7785,746,817,33.583,25.773,-0.0286,-0.0794,9.8281,0.432,0.5095,0.4156
7790,753,808,33.639,25.698,-0.0271,0.0225,9.8351,-0.5245,-0.1514,0.0994
7795,743,809,33.654,25.613,-0.0459,0.0477,9.8299,-0.1628,0.1356,0.304
7800,754,813,33.68,25.695,-0.0177,0.1234,9.824,-0.4408,0.3986,-1.2771
7805,746,805,33.588,25.707,0.0717,-0.0425,9.8231,0.1859,0.1617,0.0164
7810,744,805,33.697,25.689,-0.0022,0.0386,9.7694,-0.1049,-1.4521,0.0443
7815,749,806,33.675,25.77,0.09,0.001,9.8753,-0.4633,0.7644,-0.9529
7820,751,812,33.649,25.689,-0.01,0.0935,9.8554,0.7644,-0.5196,-0.3097
7825,756,808,33.659,25.653,-0.0346,-0.0681,9.8432,-0.699,0.5199,-0.1065
7830,763,812,33.656,25.665,-0.0759,0.0124,9.7832,-0.156,0.2956,1.2905
7835,764,807,33.672,25.754,-0.0333,0.0485,9.7754,-0.403,-0.0265,-0.3368
7840,763,809,33.66,25.713,0.0576,0.0361,9.7629,0.1015,-0.3369,0.2287
7845,775,803,33.667,25.704,0.0189,-0.0302,9.8296,-0.6191,0.7445,-0.4538
7850,788,799,33.576,25.676,-0.022,-0.0185,9.7944,0.0875,0.4448,-0.0783
7855,788,802,33.672,25.618,0.0202,0.0172,9.689,-0.2367,-0.3156,0.1744
7860,794,798,33.648,25.653,0.0164,-0.0146,9.8375,-0.1264,-0.3486,0.1162
7865,798,799,33.654,25.713,0.0185,-0.0127,9.8221,-0.3933,-0.0648,0.4368
7870,812,796,33.595,25.759,-0.0315,0.0179,9.7832,0.0612,0.2947,1.2896
7875,820,792,33.625,25.773,-0.0305,-0.0047,9.8592,0.3885,-0.2772,-0.0021
7880,827,795,33.624,25.64,-0.0644,0.0305,9.725,0.2501,-0.2133,0.1704
7885,834,794,33.793,25.798,-0.0147,-0.1114,9.8603,-0.7142,-0.1939,-0.5621
7890,853,797,33.663,25.677,-0.0236,-0.0057,9.7339,-0.0862,0.4265,1.112
7895,862,791,33.691,25.706,0.0252,0.0127,9.8283,-0.4071,-0.3535,-0.3711
7900,868,789,33.569,25.685,-0.0769,0.0538,9.8128,0.3154,-0.2713,-0.1787
7905,881,786,33.768,25.777,0.0643,0.0042,9.8367,-0.8145,-0.1718,0.1768
7910,898,789,33.658,25.696,-0.0363,0.078,9.8837,0.2176,-0.1884,0.1636
7915,903,786,33.682,25.8,-0.0448,0.0321,9.7986,0.8777,0.1334,-0.5133
7920,921,784,33.671,25.815,0.0455,-0.0017,9.7587,-0.03,0.0947,-0.6345
7925,928,783,33.704,25.747,-0.043,-0.0305,9.8144,-0.4543,0.7209,0.5175
7930,943,779,33.669,25.675,-0.0699,-0.0002,9.71,0.6242,-0.0128,0.1659
7935,948,776,33.777,25.693,-0.0883,-0.016,9.7993,-0.1996,-0.4916,-0.3017
7940,962,780,33.646,25.654,0.0602,-0.0113,9.7278,0.1906,0.0078,-0.9396
7945,980,783,33.642,25.722,-0.0353,0.0116,9.8515,-0.2526,1.2883,0.4788
7950,988,774,33.693,25.667,0.0532,-0.0149,9.784,0.5512,0.063,1.4324
7955,1001,779,33.675,25.757,-0.0105,-0.0203,9.8004,0.1328,0.1033,0.4741
7960,1009,769,33.733,25.711,0.0853,-0.0061,9.8361,0.3584,0.2376,-0.052
7965,1029,769,33.743,25.693,-0.0748,-0.0554,9.8186,-0.7851,0.4023,1.28
7970,1034,768,33.62,25.772,0.0067,0.0895,9.914,-0.317,-0.2136,0.2632
7975,1046,768,33.708,25.768,-0.0293,0.0317,9.8097,-0.3487,0.3192,-0.6524
7980,1061,767,33.653,25.72,-0.0391,0.0118,9.7177,0.3575,-0.3888,-0.6156
7985,1073,765,33.654,25.749,0.0481,-0.0151,9.8152,-0.6262,0.2349,-0.8324
7990,1077,764,33.696,25.727,0.0202,0.1199,9.8374,0.7963,0.5875,-0.241
7995,1084,762,33.607,25.715,-0.086,0.0135,9.8088,-0.0564,0.1462,0.7053
8000,1098,766,33.615,25.69,0.0607,0.053,9.6837,-0.4514,0.4051,0.1819
8005,1110,764,33.731,25.783,0.0418,-0.0582,9.8855,-0.9252,0.3291,-0.0314
8010,1105,757,33.681,25.69,-0.039,-0.0797,9.728,0.0228,-0.9643,0.1027
8015,1124,762,33.753,25.701,0.03,-0.037,9.7227,0.3132,0.2791,-0.1011
8020,1128,758,33.681,25.696,-0.0921,-0.0846,9.7923,0.4473,0.95,0.4223
8025,1138,761,33.658,25.78,0.0552,-0.0258,9.8591,-0.1817,-0.8211,-0.5261
8029,1155,754,33.695,25.705,-0.0523,0.0245,9.7748,0.2427,0.1517,-0.0142
8035,1152,753,33.723,25.642,-0.0489,-0.1048,9.7818,0.1855,0.7362,-0.2892
8039,1154,757,33.656,25.749,0.0017,0.0201,9.8465,-0.4967,-0.4379,0.2591
8045,1164,757,33.697,25.72,-0.0118,-0.0408,9.7259,0.1214,0.2353,0.1982
8050,1160,759,33.697,25.759,-0.1033,0.0016,9.7869,0.0445,-0.8733,-0.2976
8055,1173,757,33.712,25.702,-0.0863,-0.0066,9.8516,0.0491,-0.5203,0.4149
8060,1173,766,33.661,25.626,-0.0453,-0.0187,9.8007,-0.0841,-0.8254,-0.1601
8064,1177,760,33.786,25.774,0.0564,-0.0772,9.8853,0.7695,0.4647,-0.0333
8070,1185,756,33.69,25.731,0.0323,0.0618,9.8922,0.37,-0.6573,0.777
8074,1180,755,33.7,25.659,-0.0093,-0.025,9.7704,-0.4465,-0.3301,-0.7156
8080,1190,756,33.657,25.748,0.0039,0.0219,9.864,0.4145,-0.1458,-0.9838
8085,1186,762,33.627,25.714,-0.0036,0.0666,9.8325,-0.1343,-0.5099,0.0103
8090,1188,761,33.676,25.678,-0.0064,-0.034,9.9243,0.1827,0.5387,-0.3946
8095,1186,763,33.646,25.681,0.0536,0.0114,9.8011,0.2948,-0.9773,0.4158
8100,1192,762,33.621,25.697,-0.0132,0.0109,9.769,-0.1684,-0.4413,-0.0084
8105,1193,769,33.679,25.729,0.0231,-0.0288,9.785,-0.5557,-0.9231,-0.6178
8109,1188,765,33.668,25.795,-0.0709,-0.0206,9.7648,0.0755,-0.2098,-0.139
8115,1179,763,33.675,25.682,0.0252,-0.0194,9.7861,-0.1937,0.1856,-0.0032
8119,1185,772,33.698,25.714,-0.0318,-0.034,9.8036,0.3507,-0.4243,-0.1834
8125,1185,763,33.646,25.736,0.0392,0.0213,9.7969,-0.2693,-0.4941,-0.0612
8130,1182,773,33.639,25.621,0.043,-0.0891,9.7545,-0.4353,0.1741,0.5659
8135,1174,774,33.699,25.639,-0.0847,0.006,9.7725,-0.0204,1.2194,-0.3204
8140,1164,774,33.671,25.775,-0.0564,0.0293,9.744,0.3938,0.1014,0.6033
8145,1166,776,33.549,25.746,-0.0382,-0.0175,9.7972,0.1834,-0.4729,-0.7555
8150,1158,775,33.72,25.645,-0.0026,-0.0537,9.8129,-0.2823,0.2947,0.9143
8154,1165,779,33.66,25.733,-0.0164,0.0941,9.778,-0.6232,-0.4799,-0.3835
8160,1157,776,33.653,25.657,-0.0234,0.015,9.7664,-0.1107,-0.0214,0.653
8164,1163,784,33.632,25.76,0.0384,0.0328,9.8398,-0.6057,0.0224,0.1011
8170,1158,783,33.634,25.689,-0.0258,0.0553,9.87,0.3672,0.4474,0.2588
8175,1148,789,33.642,25.687,0.0109,0.0109,9.9227,-0.3293,0.2408,0.3221
8180,1160,787,33.475,25.776,0.0309,0.0713,9.7602,-0.2402,-0.6945,0.1692
8185,1147,797,33.648,25.723,0.0357,0.0226,9.8355,0.6944,-0.2017,-0.8227
8189,1140,797,33.7,25.715,-0.0752,-0.0756,9.7641,-0.1879,-0.1056,0.3262
8195,1143,790,33.703,25.701,0.0607,-0.0282,9.7725,0.6262,0.2904,0.1398
8200,1141,792,33.612,25.707,0.0477,0.0381,9.8604,-0.4522,0.2661,-0.0266
8205,1139,793,33.623,25.664,0.0182,-0.023,9.7682,-0.7074,-0.2868,0.106
8210,1125,803,33.662,25.775,0.0457,0.0343,9.8429,-0.0222,0.3972,0.1566
8215,1133,808,33.553,25.792,-0.0205,0.0368,9.8165,0.8644,-0.7025,0.3182
8220,1130,806,33.704,25.743,0.0233,-0.0697,9.7558,-0.2752,-0.4617,-0.515
8225,1122,804,33.675,25.688,-0.0193,0.0377,9.7513,0.1139,0.4619,-0.0203
8230,1124,808,33.713,25.76,0.0224,-0.0043,9.7956,0.6502,0.2773,-0.3415
8235,1115,809,33.698,25.659,-0.0018,0.0237,9.8834,-0.6443,-0.5912,0.5715
8240,1112,816,33.657,25.677,-0.0405,-0.1023,9.8638,-0.8902,0.2778,0.8282
8245,1118,816,33.582,25.751,-0.0445,0.0519,9.8612,-0.7087,-0.1285,-0.2967
8250,1106,817,33.685,25.734,-0.0239,0.0541,9.8244,0.4829,-0.1364,0.876
8255,1102,811,33.684,25.671,-0.008,0.0354,9.6326,0.6637,1.3789,-0.3307
8260,1109,811,33.689,25.793,0.0779,0.0459,9.865,-0.2196,-0.2882,-0.4096
8265,1100,819,33.691,25.718,-0.0661,0.0545,9.892,0.2499,-0.8332,0.0515
8270,1099,816,33.682,25.69,-0.0054,0.051,9.8755,-0.9539,0.0315,0.7227
8275,1086,824,33.642,25.729,0.0438,-0.0324,9.91,0.3326,0.2068,-0.1485
8280,1094,825,33.703,25.69,0.0001,0.0302,9.8708,-0.2399,0.1101,0.2486
8285,1090,829,33.693,25.685,-0.005,0.0867,9.8044,0.5405,-0.2637,0.1036
8290,1097,827,33.628,25.708,0.0075,-0.0688,9.8406,-0.176,-0.2836,-0.0963
8295,1093,822,33.642,25.737,0.0358,0.0344,9.7928,0.8952,1.1897,0.7256
8300,1087,825,33.708,25.761,0.0774,0.056,9.7872,0.0623,0.1848,0.8544
8305,1086,825,33.654,25.738,-0.0237,-0.0589,9.7732,0.2198,-0.1991,-0.1877
8310,1090,829,33.559,25.701,-0.014,0.0809,9.8351,-0.4909,0.192,0.1495
8315,1084,826,33.734,25.666,-0.0016,0.083,9.7149,-0.6928,1.0356,-0.6382
8320,1076,831,33.74,25.712,-0.0551,0.0076,9.7723,-0.3764,-0.0826,-0.1477
8325,1071,833,33.585,25.665,-0.0113,0.0233,9.8334,0.1187,0.1196,-0.4898
8330,1064,826,33.58,25.822,-0.1157,-0.0812,9.7413,0.3867,-0.4657,-0.2552
8335,1069,830,33.725,25.755,-0.0021,0.0765,9.7549,0.6322,0.395,0.6005
8340,1065,829,33.638,25.73,0.0415,-0.0601,9.7389,0.3029,0.173,0.3376
8345,1052,827,33.672,25.667,0.0366,0.061,9.8126,-0.3277,0.2452,0.4305
8350,1063,828,33.651,25.719,0.0226,0.1475,9.8192,-0.7694,0.6224,0.4758
8355,1068,831,33.657,25.758,-0.0231,-0.0824,9.8602,-0.3164,-0.2003,-0.9545
8360,1052,834,33.771,25.667,-0.0456,0.0082,9.9338,-0.368,-0.2297,0.8099
8365,1046,826,33.62,25.721,0.1072,0.08,9.8135,0.3127,-0.0692,-0.2311
8370,1038,834,33.652,25.734,0.055,0.0186,9.7996,-1.1201,0.5606,0.0987
8375,1048,828,33.612,25.725,0.0764,-0.0289,9.8836,-0.5714,0.2555,-0.7036
8380,1034,831,33.563,25.783,0.0234,0.0672,9.8223,0.0933,1.0939,0.5009
8385,1023,833,33.644,25.733,0.1595,-0.0982,9.8607,0.2575,-1.1694,2.1137
8390,1023,836,33.726,25.679,-0.006,0.0193,9.8194,0.2597,0.9123,-0.5064
8395,1011,823,33.633,25.681,-0.1025,-0.0102,9.786,-0.2517,0.4211,-0.4526
8400,1011,827,33.639,25.732,-0.1382,0.1054,9.8523,-0.4177,-0.166,-0.1532
8405,1000,829,33.735,25.692,0.0044,-0.0141,9.8474,-0.8095,-0.5631,0.4444
8410,993,823,33.665,25.709,-0.0196,-0.0052,9.7524,0.0768,-0.8302,-0.461
8415,998,826,33.705,25.74,-0.0666,-0.0427,9.7596,-0.3504,-0.0065,-0.503
8420,983,822,33.629,25.753,-0.0114,-0.0066,9.7605,-0.3389,-0.3965,0.4328
8425,993,825,33.695,25.746,0.0579,0.0624,9.8572,-0.186,0.6611,-0.2494
8430,978,822,33.548,25.771,0.0354,-0.0194,9.8172,0.2984,0.2511,0.1292
8435,958,825,33.597,25.704,0.0178,0.0607,9.7136,0.5598,-0.671,-0.143
8440,954,821,33.652,25.767,-0.052,0.0456,9.7883,-0.4465,-0.0487,0.552
8445,950,825,33.666,25.717,-0.0572,0.0459,9.7976,-0.4353,0.0099,0.1237
8450,943,825,33.672,25.726,0.0291,0.0548,9.8102,0.5922,-0.1998,0.5358
8455,937,821,33.724,25.727,-0.0953,-0.0537,9.8176,0.5717,0.0085,0.9267
8460,926,824,33.61,25.728,0.0214,-0.013,9.7782,0.1334,-0.0377,-0.7482
8465,918,824,33.693,25.665,-0.0853,0.122,9.69,0.0265,0.6559,-0.0521
8470,902,819,33.595,25.727,0.0121,-0.0372,9.9001,-0.2903,0.3508,0.698
8475,897,821,33.684,25.707,-0.0577,0.0906,9.8053,-0.1184,0.4664,-0.3064
8480,878,820,33.643,25.729,0.0255,0.1072,9.8494,0.1973,-0.1901,-0.5108
8485,883,818,33.586,25.753,0.042,-0.0601,9.6792,0.8979,0.1631,-0.5855
8490,873,816,33.591,25.856,-0.0751,-0.0567,9.8648,-0.0598,-0.7071,0.3941
8495,849,818,33.588,25.701,0.0576,0.0288,9.8378,0.1631,-0.149,0.5698
8500,858,818,33.684,25.671,-0.0672,-0.0064,9.8054,-0.0855,-0.6012,0.3624
8505,841,818,33.663,25.649,0.0624,-0.0388,9.7775,0.2292,-0.2985,0.1367
8510,839,819,33.726,25.751,-0.0065,-0.009,9.8497,0.3005,-0.6268,-0.2607
8515,821,818,33.775,25.65,-0.0345,-0.0143,9.8359,-0.1464,0.1544,-0.353
8520,814,821,33.671,25.644,0.0129,0.0021,9.8043,0.2066,-0.6367,-0.8552
8525,813,818,33.695,25.731,-0.0636,-0.0498,9.8432,0.7756,-0.0487,0.4846
8530,794,819,33.696,25.693,0.0332,-0.0029,9.8402,0.1619,-0.0019,0.3548
8535,787,816,33.634,25.775,0.0754,0.0174,9.868,-0.6289,0.7608,0.319
8540,782,812,33.681,25.725,-0.0829,0.0994,9.855,0.606,0.5985,-0.0986
8545,779,813,33.764,25.592,0.055,-0.0099,9.8123,-0.2883,0.4079,0.4701
8550,772,817,33.65,25.752,0.036,-0.0867,9.8051,-0.0547,0.0786,-0.0553
8555,775,808,33.663,25.697,0.0348,-0.0496,9.8022,0.1497,0.1158,0.5986
8560,771,816,33.759,25.729,-0.0421,0.0435,9.8454,0.1838,0.3877,-0.8169
8565,765,818,33.675,25.761,-0.0159,-0.0008,9.8488,-0.0329,0.1334,-1.0041
8570,761,814,33.693,25.657,-0.0183,-0.079,9.7662,-0.9649,0.7474,0.4437
8575,762,810,33.724,25.73,0.0941,-0.0053,9.8168,0.9066,-0.3222,-0.6891
8580,743,813,33.517,25.685,-0.0476,0.0588,9.8353,-0.7404,0.4721,-0.176
8585,739,811,33.701,25.67,0.0415,0.0096,9.8883,-0.1528,0.2005,-0.8077
8590,741,809,33.7,25.694,0.0785,-0.0292,9.7487,0.6988,0.5919,-0.0508
8595,745,803,33.748,25.765,0.0717,-0.0626,9.7972,-0.1198,0.4335,0.4492
8600,750,811,33.642,25.791,0.0508,-0.0684,9.7489,-0.0763,-0.3667,0.4281
8605,756,808,33.735,25.721,0.0227,-0.0435,9.793,-0.7194,0.1616,-0.1918
8610,747,804,33.712,25.737,-0.0664,-0.0141,9.7945,0.0059,0.5007,-0.4725
8615,754,803,33.659,25.763,-0.0691,-0.0434,9.794,0.0128,0.583,0.2965
8620,757,801,33.735,25.729,0.0896,0.0317,9.8784,-0.6055,-0.1783,-0.5054
8625,760,805,33.801,25.713,-0.0111,0.0291,9.7155,0.0511,0.1082,-0.9424
8630,762,806,33.687,25.67,0.0015,-0.0473,9.7525,0.0503,-1.0593,0.7592
8635,773,803,33.667,25.713,0.0225,-0.073,9.7792,0.1993,0.5206,0.0002
8640,764,805,33.662,25.731,0.025,0.0238,9.9474,-0.3679,-0.0582,0.2024
8645,782,798,33.7,25.674,-0.0549,0.0272,9.73,0.7127,0.4634,-0.7046
8650,781,805,33.691,25.761,0.0479,-0.0271,9.8014,0.3714,0.1825,0.9129
8655,787,799,33.698,25.798,-0.0859,0.0087,9.8819,-0.3846,0.394,-0.5174
8660,800,799,33.761,25.789,-0.032,-0.019,9.8392,-0.3249,-0.1299,-0.111
8665,811,799,33.577,25.718,-0.0303,-0.0798,9.8343,-0.5738,0.2987,-0.0036
8670,820,796,33.735,25.786,-0.0515,0.0534,9.7404,-0.1571,-0.7059,0.3402
8675,817,800,33.624,25.75,0.0108,0.0518,9.8439,0.4368,-1.241,-0.0413
8680,831,790,33.784,25.633,0.0539,0.0256,9.8342,0.4007,-0.4639,0.1958
8685,847,792,33.63,25.744,-0.0264,-0.0042,9.7869,-0.4174,0.1122,0.1228
8690,848,792,33.592,25.732,-0.012,0.0032,9.8758,1.3548,-0.9135,0.1225
8695,863,790,33.78,25.757,-0.0093,-0.0015,9.6747,-0.0591,-0.3317,0.4394
8700,879,789,33.718,25.741,-0.0203,-0.0564,9.6765,-0.3008,-0.0319,0.617
8705,892,788,33.696,25.716,0.0461,-0.1238,9.7724,-1.2318,-0.232,-0.2652
8710,896,786,33.689,25.636,-0.0049,-0.0836,9.8411,-0.6805,-0.2788,-0.2317
8715,907,783,33.641,25.783,-0.0057,0.0267,9.787,-0.5657,-0.4445,-0.1456
8720,923,783,33.704,25.73,0.0434,0.0991,9.8172,0.4632,-0.8658,0.4281
8725,929,780,33.679,25.755,0.0262,-0.0137,9.8395,-0.9496,-0.4238,0.2592
8730,955,784,33.723,25.655,0.0148,-0.001,9.7254,0.3349,-0.4343,0.069
8735,966,783,33.714,25.713,0.0005,0.0054,9.9297,0.0237,0.4801,0.475
8740,960,779,33.717,25.703,0.0168,-0.0015,9.793,0.2379,0.3235,0.284
8745,993,775,33.721,25.7,0.0232,0.0321,9.857,-0.2587,0.2376,-0.5275
8750,997,782,33.723,25.723,0.048,0.0115,9.772,0.8128,-0.3129,-0.4061
8755,1009,777,33.622,25.682,0.0538,0.0094,9.7983,-0.1647,0.3948,0.0235
8760,1018,774,33.659,25.671,-0.0321,0.0362,9.8147,0.2158,0.4944,0.796
8765,1027,770,33.719,25.811,0.0452,0.0556,9.8466,-0.6669,1.0273,-0.0871
8770,1045,771,33.643,25.725,0.0294,-0.0569,9.8429,0.1097,0.4155,0.0494
8775,1054,776,33.629,25.662,0.0065,-0.0781,9.8587,-0.7772,0.4723,-0.9673
8780,1070,762,33.633,25.748,-0.1193,-0.0589,9.8793,-0.3148,0.3784,0.282
8785,1069,767,33.676,25.676,0.0521,0.073,9.783,0.1884,0.3553,-0.3848
8790,1084,760,33.695,25.724,-0.0483,-0.0149,9.7907,0.6693,0.3564,-0.1882
8795,1094,764,33.734,25.77,0.0203,0.0636,9.8034,-0.3201,-0.2562,0.7613
8800,1109,760,33.657,25.724,-0.0165,0.0253,9.8109,0.5575,0.8625,-0.2244
8805,1110,764,33.668,25.676,0.0081,0.0069,9.8345,-0.3173,0.5415,-0.8896
8810,1129,761,33.665,25.69,-0.0998,0.0792,9.772,0.3502,-0.0712,-0.4167
8815,1132,758,33.7,25.752,0.0073,0.0742,9.7565,0.845,-0.2076,0.1359
8820,1136,760,33.589,25.791,0.0271,0.066,9.875,0.3158,0.1549,-1.3251
8825,1135,756,33.65,25.742,0.0466,-0.045,9.8019,0.297,-0.4277,0.3315
8830,1154,756,33.632,25.731,-0.0098,0.0512,9.7719,0.3031,0.339,-0.3272
8835,1156,754,33.68,25.738,-0.0314,-0.1221,9.7965,-0.1731,-0.2044,-0.5659
8840,1156,761,33.612,25.76,-0.094,-0.0007,9.8066,-0.6567,1.1406,-0.5196
8845,1161,754,33.72,25.65,-0.0232,0.0026,9.8336,-0.4587,0.6926,-0.8601
8850,1166,756,33.645,25.656,0.0116,-0.0117,9.7652,0.2172,-0.2966,0.0356
8855,1175,758,33.664,25.706,0.0261,0.0318,9.8773,-0.4067,-0.9496,0.2109
8860,1184,761,33.707,25.69,-0.0099,0.0021,9.8146,0.6561,0.0322,-0.3597
8865,1174,760,33.62,25.7,0.0241,-0.0189,9.8049,0.3867,-0.4584,0.583
8870,1187,760,33.668,25.722,0.0556,-0.026,9.7563,0.0449,0.4275,0.3995
8875,1186,760,33.638,25.77,0.0461,-0.0128,9.7361,-0.5662,-0.4133,0.0692
8880,1184,765,33.71,25.816,0.044,0.022,9.8129,1.0759,0.8401,0.269
8885,1189,764,33.634,25.75,-0.0085,0.087,9.8645,-0.4745,0.0026,-0.7461
8890,1188,763,33.727,25.717,0.0427,0.0853,9.7851,-0.6608,0.1862,-0.2504
8895,1200,763,33.582,25.696,0.0494,-0.0378,9.8336,-0.3508,-0.6459,-0.3781
8900,1191,763,33.738,25.733,-0.03,0.0214,9.7782,0.9278,-0.1508,0.1335
8905,1183,767,33.671,25.765,0.1561,0.0324,9.851,-0.4267,0.1501,0.4888
8910,1183,767,33.666,25.742,0.0775,-0.0678,9.8654,0.5111,-0.8184,-0.009
8915,1188,774,33.68,25.715,-0.0136,-0.066,9.8529,0.4498,0.5933,0.318
8920,1182,769,33.703,25.721,0.0618,0.0756,9.796,1.1965,0.1459,0.4318
8925,1178,770,33.674,25.709,-0.1284,-0.0489,9.8099,1.0778,-0.3909,-0.2345
8930,1175,766,33.755,25.787,0.0583,-0.0551,9.8342,0.8336,-0.4417,-0.0654
8935,1174,772,33.659,25.739,0.0606,-0.0105,9.8237,0.3045,0.3842,-0.0423
8940,1170,776,33.63,25.671,0.0509,0.1177,9.8533,0.4345,-0.2277,0.0835
8945,1177,773,33.603,25.745,-0.0288,0.0075,9.8744,0.6779,0.2525,0.4645
8950,1169,774,33.723,25.731,-0.0551,-0.101,9.8255,-0.4535,-0.339,-0.4446
8955,1167,782,33.735,25.736,-0.0845,0.0839,9.8151,-0.5982,-0.3121,-0.4172
8960,1162,786,33.734,25.751,0.0047,-0.0416,9.8603,0.4591,-0.3267,0.166
8965,1163,779,33.627,25.656,0.0566,0.0835,9.7758,-0.5852,-0.7062,-0.6828
8970,1158,784,33.611,25.766,0.0274,0.0246,9.84,-0.3375,0.2602,-0.1986
8975,1152,786,33.727,25.754,-0.0105,0.0281,9.8481,0.3294,-0.4674,-0.135
8980,1152,796,33.624,25.766,-0.029,0.0124,9.8263,0.3961,0.0732,-0.0668
8985,1150,792,33.707,25.665,0.0501,0.0965,9.8523,0.1987,-0.3455,1.0853
8990,1144,793,33.608,25.573,0.0245,-0.0656,9.7613,0.1489,0.2063,0.4852
8995,1136,800,33.669,25.635,-0.0431,-0.0511,9.7815,0.2788,0.2521,-0.383
9000,1134,803,33.673,25.655,-0.0053,0.0007,9.8455,-0.4926,-0.1208,-0.2142
9005,1122,802,33.672,25.701,0.002,-0.0994,9.7633,0.0003,-0.277,-0.304
9010,1130,800,33.671,25.667,0.0058,0.0224,9.8032,-1.0961,-0.1808,-0.3345
9015,1135,802,33.619,25.726,-0.014,-0.0059,9.7852,-0.1649,-0.2255,0.3758
9020,1124,808,33.638,25.73,0.0533,0.0064,9.948,0.327,-0.425,-0.621
9025,1124,810,33.683,25.712,0.0009,0.0642,9.7868,-0.0768,-0.4447,0.2421
9030,1114,808,33.698,25.684,0.0174,0.0232,9.9167,0.2118,0.0976,0.2598
9035,1123,811,33.64,25.703,0.0255,0.0572,9.8537,0.1773,-0.3785,-0.414
9040,1106,813,33.699,25.67,-0.0176,0.0037,9.835,0.076,0.3988,0.4428
9045,1107,812,33.667,25.715,-0.0278,0.1007,9.7369,0.0239,-0.1406,0.6639
9050,1100,817,33.651,25.732,0.0227,-0.0592,9.8246,-0.4901,0.0875,0.8241
9055,1098,816,33.629,25.632,0.0413,0.0613,9.868,-0.5909,0.136,-0.1186
9060,1104,817,33.691,25.824,-0.0569,0.0143,9.8699,-0.0571,-0.8212,-0.4611
9065,1115,820,33.674,25.743,0.0021,0.0081,9.7751,-1.1037,-0.1867,-0.1898
9070,1096,821,33.629,25.695,-0.0095,-0.0233,9.8086,0.6724,-0.1491,0.1055
9075,1105,822,33.64,25.686,0.003,-0.1034,9.8393,0.4957,0.19,0.5611
9080,1102,827,33.624,25.601,-0.0364,0.1184,9.7886,0.0717,0.362,-0.1291
9085,1101,828,33.618,25.731,0.0327,0.0076,9.7424,0.9407,0.5541,-0.5008
9090,1087,823,33.667,25.721,0.0109,-0.057,9.8054,-0.2081,0.5602,1.0825
9095,1094,825,33.648,25.719,-0.0313,-0.0706,9.8785,0.3906,0.0957,-0.3479
9100,1086,829,33.718,25.701,0.0167,-0.0514,9.8612,0.6323,-0.4125,1.0963
9105,1087,821,33.778,25.742,0.0671,0.0146,9.8076,-0.3777,-0.0171,-0.9547
9110,1082,829,33.706,25.724,0.1233,-0.0527,9.8339,0.8049,-0.4026,-0.2369
9115,1073,828,33.642,25.726,0.013,0.0017,9.8957,0.3763,1.0573,0.4717
9120,1075,832,33.676,25.794,-0.0317,-0.0541,9.8247,-1.1935,-0.2339,-0.4966
9125,1068,829,33.697,25.656,0.005,-0.0543,9.8012,-0.1932,-0.0825,-0.2245
9130,1068,826,33.634,25.76,0.0066,-0.0576,9.7716,-0.5592,0.4957,0.2416
9135,1066,834,33.705,25.725,-0.0207,-0.0453,9.8045,0.0751,0.4481,0.8076
9140,1069,829,33.72,25.653,-0.0611,0.0798,9.8439,-0.0436,0.5117,-1.7174
9145,1064,828,33.585,25.732,0.0021,-0.0037,9.791,0.0412,-0.389,-0.2031
9150,1071,829,33.682,25.636,0.0036,-0.0089,9.8598,-0.9406,0.232,0.0954
9155,1060,834,33.698,25.74,-0.0479,-0.0003,9.7905,0.2226,-0.0856,0.5595
9160,1051,829,33.671,25.717,0.085,0.0949,9.8812,0.5357,-0.4704,-0.0221
9165,1038,830,33.698,25.709,0.0162,0.0072,9.8412,-0.3656,0.617,-0.6325
9170,1037,824,33.726,25.74,-0.097,0.0111,9.8007,-0.9228,0.4452,0.3366
9175,1040,825,33.648,25.732,0.0267,0.0012,9.8151,-0.2817,0.28,0.0784
9180,1042,826,33.673,25.739,0.0131,-0.0484,9.8943,-0.8107,0.2329,0.3065
9185,1017,832,33.704,25.761,0.0692,-0.0544,9.8365,0.0489,0.4142,0.6151
9190,1021,827,33.707,25.663,-0.1033,0.0654,9.7992,0.1669,-1.0362,-0.0538
9195,1012,826,33.743,25.724,-0.006,-0.0901,9.8085,-0.046,-0.7162,-0.4792
9200,1005,826,33.587,25.672,-0.0175,0.0173,9.841,0.415,0.6827,-0.0084
9205,1003,824,33.71,25.766,-0.0532,0.0047,9.7924,-0.3842,-0.4272,-0.6462
9210,997,825,33.621,25.79,0.0172,-0.0191,9.7202,0.5257,-0.5692,0.008
9215,995,823,33.648,25.615,-0.039,0.0214,9.7785,-0.1968,0.3011,0.3489
9220,983,824,33.655,25.821,0.0085,-0.0297,9.8012,-0.9267,-0.6366,-0.0357
9225,979,824,33.633,25.756,-0.0189,0.0359,9.7485,0.261,0.1365,0.8667
9230,963,821,33.688,25.69,-0.1349,-0.081,9.7197,-0.2058,0.3734,-0.3015
9235,964,821,33.684,25.718,-0.0034,0.0825,9.8186,0.0321,-0.3767,-0.45
9240,957,819,33.616,25.705,-0.103,0.0441,9.749,-0.5833,0.3671,0.2618
9245,943,818,33.691,25.716,0.1144,0.0886,9.7888,0.6771,-0.7587,-0.821
9250,928,818,33.604,25.724,-0.0106,-0.0196,9.7741,-0.7665,0.015,-1.3789
9255,918,821,33.67,25.741,-0.0435,-0.0232,9.7694,0.6674,0.5565,-0.0797
9260,922,821,33.633,25.691,0.0078,-0.0277,9.8016,-0.392,-0.6297,0.6421
9265,904,825,33.672,25.726,0.0496,0.0556,9.8559,-0.2198,-0.8635,0.4838
9270,895,819,33.734,25.791,0.0748,-0.0252,9.7669,0.151,-0.2585,-0.3842
9275,883,821,33.725,25.711,0.0317,0.0203,9.7892,0.7198,0.0257,0.6967
9280,883,815,33.709,25.699,0.035,-0.0453,9.7941,-0.8876,0.4336,0.3037
9285,871,819,33.679,25.722,-0.0479,0.0033,9.8718,0.8072,1.2595,-0.0913
9290,865,819,33.792,25.778,0.0247,-0.103,9.8064,-0.2596,0.1187,0.1473
9295,853,822,33.689,25.673,0.0059,0.0254,9.8259,1.0168,0.6731,0.0643
9300,843,813,33.721,25.695,0.0452,0.0227,9.7556,-0.0647,-0.4134,0.4008
9305,845,816,33.649,25.83,-0.0401,-0.0015,9.73,0.6217,-0.3146,-0.0409
9310,831,819,33.683,25.648,0.0214,-0.0313,9.8277,0.3787,0.8922,-1.1288
9315,815,819,33.674,25.65,0.0033,-0.0805,9.7971,0.9856,-0.6897,0.2449
9320,809,816,33.647,25.634,-0.0195,-0.0522,9.8323,-0.4364,-0.1634,0.4325
9325,800,818,33.719,25.751,0.0098,0.1585,9.8094,-0.5521,-0.8034,-0.1501
9330,802,814,33.75,25.707,0.0181,0.0231,9.8848,0.118,0.258,-0.2037
9335,789,814,33.654,25.797,-0.0292,-0.0107,9.8488,-0.9805,-0.747,0.1766
9340,785,815,33.673,25.691,0.0337,-0.0283,9.8592,-0.7756,0.2264,-0.1847
9345,770,822,33.713,25.642,-0.0452,0.0258,9.7332,0.2071,-0.248,-0.1998
9350,772,812,33.686,25.745,0.0313,0.0122,9.8495,-0.4503,0.0858,0.0882
9355,768,817,33.718,25.691,-0.0706,0.056,9.8801,-0.7487,0.0302,-0.4644
9360,766,808,33.693,25.712,-0.0518,0.0015,9.8392,0.6064,0.6014,-0.7125
9365,757,813,33.676,25.725,0.0199,0.0311,9.8765,0.1721,0.8684,-0.0941
9370,755,817,33.659,25.744,-0.004,-0.0082,9.7676,0.4519,0.8384,-0.0184
9375,759,813,33.767,25.763,-0.0533,-0.0463,9.7868,0.2908,0.1843,-0.321
9380,757,807,33.713,25.667,-0.0326,-0.0716,9.8606,-0.9241,0.7329,-0.6379
9385,747,811,33.706,25.733,-0.0542,-0.0388,9.8295,0.1287,-0.8215,0.2928
9390,746,809,33.683,25.781,-0.0313,-0.0294,9.8012,-0.2392,-1.1668,0.3788
9395,759,814,33.768,25.726,-0.0897,-0.0156,9.7562,0.0115,-0.9581,0.1637
9400,741,807,33.661,25.848,0.0693,-0.1182,9.8548,-0.5868,0.2559,-0.3284
9405,742,810,33.725,25.653,-0.0044,0.0074,9.7224,-0.5124,-0.253,0.4862
9410,747,803,33.73,25.735,-0.0648,0.0335,9.8323,-0.2838,0.3044,0.1307
9415,740,810,33.671,25.677,0.023,0.038,9.8551,0.2859,0.2308,-0.21
9420,749,810,33.675,25.739,0.0508,-0.0492,9.8367,0.4151,-0.3792,-0.4803
9425,755,802,33.7,25.673,0.0747,0.0578,9.7852,-0.3515,-0.284,0.8175
9430,758,804,33.636,25.738,-0.0512,0.0288,9.8036,-0.3245,-0.498,-0.3487
9435,763,805,33.685,25.752,0.0493,0.0091,9.7756,0.0835,-0.2604,-0.2335
9440,779,802,33.648,25.767,-0.0723,-0.0394,9.7715,0.3733,0.5128,0.3029
9445,776,802,33.791,25.694,0.0248,-0.0663,9.7955,-0.4032,0.1025,-0.4753
9450,793,799,33.705,25.753,-0.0341,-0.0025,9.8682,0.1329,0.1438,-1.1807
9455,798,801,33.734,25.783,-0.0617,-0.0286,9.8338,-0.1246,-0.349,-0.338
9460,804,803,33.741,25.729,0.0586,-0.0458,9.8095,0.2396,-0.3494,-0.3464
9465,809,801,33.658,25.664,-0.069,-0.0177,9.8617,0.4146,0.2406,0.0125
9470,819,796,33.694,25.701,0.0514,0.0162,9.8098,-0.5614,-0.0343,0.385
9475,834,795,33.694,25.744,0.0301,-0.0339,9.8226,0.0817,0.5772,0.4056
9480,834,793,33.7,25.807,-0.0712,-0.0354,9.7514,0.3376,0.1411,0.0337
9485,856,799,33.691,25.758,0.0296,-0.0179,9.8135,0.554,-0.2634,-0.1788
9490,864,788,33.668,25.664,0.0166,-0.0633,9.7756,-0.0908,0.4041,-0.2783
9495,862,792,33.73,25.699,0.0733,0.0467,9.8297,0.404,0.1449,0.5306
9500,883,788,33.682,25.68,-0.0361,0.0723,9.8837,-0.1082,0.8314,0.1757
9505,889,786,33.66,25.681,-0.0187,-0.0423,9.9122,-0.1814,0.4951,-0.074
9510,904,783,33.685,25.703,-0.0399,-0.0084,9.8875,0.0617,0.1909,0.5838
9515,923,793,33.729,25.73,0.045,0.0333,9.802,0.349,-0.0961,-0.2548
9520,920,781,33.62,25.693,0.0665,0.0079,9.7719,0.2489,0.0496,-0.5742
9525,944,781,33.653,25.789,0.1451,-0.0009,9.855,0.2011,-0.0416,-0.1212
9530,952,780,33.619,25.726,0.0112,-0.0166,9.846,-0.0638,-0.1922,0.3959
9535,969,775,33.665,25.795,0.0024,0.0512,9.8858,-0.2487,-0.384,0.4859
9540,980,781,33.629,25.679,-0.0228,0.0468,9.8413,0.0267,0.2949,0.0977
9545,995,772,33.622,25.705,-0.0886,0.056,9.7586,-0.2244,0.4573,0.4163
9550,997,773,33.667,25.651,-0.0334,0.0302,9.8344,-0.5171,-0.658,-0.0567
9555,1009,771,33.734,25.829,-0.0481,-0.0737,9.8524,0.0531,-0.0462,-0.6784
9560,1030,772,33.767,25.708,0.0285,-0.0495,9.7343,-0.1417,-0.1799,0.1913
9565,1040,769,33.643,25.712,0.0299,-0.0255,9.7962,-0.3301,-0.1036,-0.4668
9570,1052,770,33.652,25.668,0.0254,-0.0268,9.8431,-0.5471,0.6588,0.05
9575,1059,766,33.648,25.77,0.0898,-0.0759,9.8108,-0.4295,0.1645,0.7179
9580,1069,764,33.804,25.731,-0.0556,0.0322,9.7519,0.7517,-0.9042,-0.1221
9585,1080,760,33.63,25.715,-0.0031,0.0846,9.7652,-0.9149,0.1032,0.7629
9590,1092,763,33.668,25.725,0.002,0.0311,9.8207,-0.6782,-1.0526,-0.3717
9595,1100,762,33.774,25.73,0.0198,0.052,9.7966,-0.2697,0.0134,0.0003
9600,1105,764,33.639,25.722,0.0209,-0.0884,9.894,-0.0783,0.0269,-0.9609
9605,1112,756,33.605,25.715,0.0273,-0.0279,9.8085,-0.5297,0.4254,0.21
9610,1124,765,33.611,25.737,-0.0398,0.0136,9.7774,0.1367,0.2628,0.2158
9615,1136,767,33.644,25.756,-0.0276,0.0458,9.8234,0.0607,0.8332,0.0582
9620,1135,760,33.731,25.776,-0.0646,0.0022,9.7582,-0.4543,0.6628,-0.3886
9625,1142,760,33.72,25.626,0.0088,0.0516,9.8443,-0.1831,-0.0014,-0.0104
9630,1153,757,33.618,25.72,-0.0044,0.0885,9.8509,0.0726,0.4849,0.7425
9635,1164,760,33.685,25.658,-0.0513,-0.0443,9.823,-0.1235,-0.0386,0.0509
9640,1165,764,33.655,25.726,-0.062,-0.0581,9.7265,0.3025,-0.2795,0.1659
9645,1165,764,33.592,25.726,0.0024,-0.0313,9.8319,-0.3192,-0.3567,-0.5611
9650,1168,760,33.656,25.827,-0.0489,-0.037,9.7248,-0.4346,0.103,0.5152
9655,1170,764,33.638,25.814,-0.0667,-0.0217,9.7564,0.81,-0.9847,-0.429
9660,1173,762,33.787,25.692,-0.0818,0.0013,9.8519,0.3052,-0.1295,0.0293
9665,1183,758,33.788,25.782,0.0012,-0.0046,9.7844,0.3376,-0.3786,-0.4042
9670,1188,760,33.671,25.679,-0.0553,0.0068,9.8302,0.6806,-0.3884,-0.106
9675,1190,759,33.676,25.781,0.0163,-0.0743,9.8425,-0.1726,-0.0766,-0.2024
9680,1193,760,33.728,25.752,0.008,-0.0055,9.8192,0.5889,-0.1063,-0.3694
9685,1184,762,33.746,25.663,0.0128,-0.1183,9.812,-0.0161,-0.1408,-0.1658
9690,1183,760,33.666,25.766,0.0442,-0.0106,9.8249,0.573,0.1022,-0.798
9695,1181,760,33.757,25.611,0.0312,0.0896,9.831,0.1018,0.9284,1.1196
9700,1187,767,33.691,25.638,0.091,0.0428,9.7876,-0.4156,0.0756,0.7103
9705,1190,763,33.701,25.8,-0.0842,-0.0106,9.8645,-1.018,0.36,0.2497
9710,1191,766,33.686,25.725,0.0412,0.0689,9.7519,-0.7522,0.0305,-0.2031
9715,1185,761,33.741,25.817,0.0724,-0.1403,9.8584,0.0429,-0.7043,0.4961
9720,1186,774,33.704,25.655,0.0242,0.0891,9.8242,-0.1267,0.3864,0.2248
9725,1170,772,33.666,25.741,-0.0392,-0.04,9.8362,0.8312,-0.1872,0.0097
9730,1181,771,33.661,25.697,0.0068,0.0635,9.862,-0.6821,-0.3773,0.0299
9735,1169,778,33.774,25.715,0.029,0.0194,9.7538,0.2264,-0.4729,-0.6202
9740,1174,774,33.663,25.818,-0.0347,-0.0504,9.8165,-0.4257,-0.0252,-0.0282
9745,1163,781,33.682,25.714,-0.023,-0.0513,9.7648,0.193,0.0536,0.2805
9750,1162,781,33.621,25.712,-0.001,0.057,9.8232,0.5047,0.7934,-0.7334
9755,1160,782,33.648,25.844,0.0468,0.0509,9.8736,-0.495,0.4438,-0.0548
9760,1154,785,33.748,25.705,-0.0772,0.0475,9.8126,-0.3781,0.864,0.0355
9765,1160,780,33.628,25.737,0.0093,0.0571,9.8093,0.8855,-0.5134,-0.2437
9770,1156,782,33.758,25.713,0.0726,0.0002,9.8679,0.3632,0.3109,-0.4262
9775,1147,788,33.75,25.789,0.0306,0.0609,9.8627,-0.1497,-0.0387,-0.5379
9780,1144,786,33.624,25.706,-0.0506,0.0782,9.8206,0.6724,-0.1279,-0.1039
9785,1137,792,33.624,25.78,-0.0079,-0.0026,9.8494,0.2701,-0.7871,-0.9192
9790,1143,793,33.52,25.742,-0.0447,0.0027,9.8031,-0.2752,0.2376,0.9621
9795,1139,797,33.743,25.668,0.0362,-0.0078,9.7947,0.4565,-0.498,0.6444
9800,1126,802,33.711,25.669,-0.0094,0.01,9.7757,-0.0924,-0.0427,-0.5374
9805,1134,801,33.73,25.697,0.0035,-0.0244,9.8503,0.0424,0.3599,-0.3426
9810,1133,805,33.654,25.761,-0.0157,-0.0221,9.8067,-0.2756,0.6638,0.2531
9815,1126,800,33.787,25.875,-0.0328,0.0218,9.8521,-0.4684,0.2031,-0.3162
9820,1114,809,33.601,25.761,-0.0252,0.0094,9.7874,-0.301,0.6898,-0.6679
9825,1116,810,33.688,25.632,-0.0085,0.0213,9.8789,0.1021,0.1372,0.7493
9830,1118,807,33.691,25.736,0.0456,-0.0562,9.8077,0.2632,0.8824,-0.5368
9835,1110,816,33.753,25.619,0.0312,0.0285,9.7653,-0.1035,0.0366,-0.4197
9840,1118,811,33.662,25.704,-0.0593,-0.0431,9.7516,0.2918,-0.1122,0.8658
9845,1110,818,33.632,25.728,-0.0576,-0.1401,9.7161,0.1737,-0.3752,-0.0808
9850,1105,815,33.761,25.725,0.0994,-0.0357,9.7434,0.6488,-0.6754,-0.3099
9855,1110,819,33.681,25.691,-0.042,-0.0019,9.8016,-0.2592,0.1414,-0.2778
9860,1106,818,33.744,25.72,-0.041,0.0638,9.8641,-0.9404,-0.3552,0.8718
9865,1110,812,33.697,25.788,0.0081,0.0607,9.7835,0.5727,-0.2983,0.3164
9870,1098,822,33.618,25.705,-0.0509,0.0294,9.7541,-0.2425,1.174,0.5199
9875,1092,819,33.709,25.775,-0.0412,-0.0945,9.8168,-0.0667,-0.5259,0.3005
9880,1080,823,33.693,25.719,0.0534,-0.0246,9.7543,-0.2879,-0.2764,-0.2517
9885,1082,823,33.752,25.809,-0.0334,-0.0175,9.903,-0.1335,-0.1164,0.2959
9890,1085,826,33.784,25.665,0.0235,-0.0337,9.7796,-0.8845,0.3094,-0.0376
9895,1093,832,33.705,25.66,-0.0067,-0.061,9.8667,-0.6315,-0.4941,0.1031
9900,1073,830,33.647,25.772,-0.0219,-0.0239,9.7394,0.6941,0.3551,-0.3505
9905,1088,825,33.718,25.742,0.0089,-0.0299,9.8715,1.185,0.1265,0.0195
9910,1083,827,33.675,25.765,0.0197,0.0217,9.7875,0.104,-0.0639,0.4619
9915,1081,830,33.729,25.742,0.0673,-0.0526,9.8271,-0.2667,0.2411,0.0775
9920,1071,826,33.67,25.784,-0.0336,0.0447,9.8924,0.7539,0.463,-0.3299
9925,1085,833,33.712,25.76,-0.0319,0.0446,9.7207,-1.0966,0.1639,-0.6774
9930,1071,827,33.726,25.733,-0.076,-0.0225,9.8354,-0.254,-0.5017,1.0468
9935,1063,834,33.714,25.759,0.0519,-0.0221,9.7915,-0.422,0.1107,-0.3141
9940,1064,827,33.696,25.835,-0.099,0.0172,9.7514,-1.0544,0.1454,0.324
9945,1060,831,33.676,25.711,0.0845,-0.019,9.7751,0.3804,0.1922,0.049
9950,1053,828,33.663,25.776,-0.0092,-0.0597,9.7909,-0.2424,-0.3191,-0.7037
9955,1048,828,33.636,25.804,0.0229,0.1249,9.7829,-0.4672,0.5361,-0.2584
9960,1052,830,33.633,25.803,-0.0475,-0.041,9.8138,0.4705,-0.0287,-0.2287
9965,1045,828,33.681,25.759,0.1114,-0.0451,9.7751,-0.7099,0.846,0.0248
9970,1038,827,33.7,25.721,-0.0216,-0.0007,9.6918,0.5093,-0.6795,-0.2485
9975,1036,827,33.68,25.767,-0.049,-0.0422,9.7944,-0.3116,-0.3532,-0.3136
9980,1026,822,33.718,25.763,0.032,-0.0183,9.876,-0.5891,0.4595,0.4151
9985,1020,833,33.651,25.685,0.1038,-0.0235,9.7179,-0.1418,0.2023,0.4094
9990,1018,828,33.691,25.729,-0.0338,0.0357,9.8144,0.0025,0.121,0.2951
9995,1006,828,33.609,25.642,-0.0398,0.0452,9.9547,-0.4861,-0.0861,-0.2274
10000,1006,829,33.695,25.69,-0.0017,-0.0399,9.8724,-0.0122,-0.1045,0.0639
10005,1004,828,33.668,25.725,-0.0403,-0.0573,9.7668,-1.2675,0.567,0.1369
10010,1000,829,33.621,25.78,0.0025,0.0595,9.7595,0.3028,0.3268,0.2099
10015,986,828,33.732,25.684,-0.0168,0.0272,9.8798,0.2008,0.5228,-0.2782
10020,981,817,33.614,25.694,0.1389,0.0518,9.8106,-0.288,-0.2773,-0.8937
10025,969,817,33.605,25.763,-0.0419,0.0345,9.8391,0.0795,0.1595,-0.745
10030,966,824,33.61,25.662,-0.0048,0.085,9.7683,0.1415,-0.2556,-0.5946
10035,949,820,33.678,25.76,-0.0237,-0.0307,9.8316,0.421,0.946,0.1675
10040,949,825,33.624,25.655,-0.0255,-0.0116,9.8454,-0.8456,0.6721,-0.4732
10045,932,820,33.716,25.767,-0.0134,0.0124,9.7754,-0.0416,-0.3681,-0.8127
10050,929,819,33.689,25.731,-0.0007,-0.04,9.8626,-0.4713,-0.1233,0.5787
10055,933,820,33.576,25.744,0.0207,-0.0412,9.8289,-0.4652,0.6563,0.4775
10060,909,820,33.692,25.712,-0.036,-0.0639,9.7676,-0.0765,-0.1111,-0.2003
10065,904,821,33.7,25.743,0.0251,0.088,9.8837,0.1464,1.006,-0.5622
10070,894,821,33.66,25.759,0.0104,0.1048,9.8205,-0.4525,-0.0571,-0.0615
10075,888,820,33.549,25.722,0.0412,0.0353,9.7904,-0.5867,-0.6929,0.3486
10080,875,821,33.666,25.599,-0.0489,-0.0249,9.8205,-0.6346,0.2116,-0.5284
10085,870,819,33.653,25.695,0.0928,-0.0542,9.7842,-0.2438,-0.4434,0.6297
10090,849,817,33.714,25.695,-0.0474,-0.0633,9.8568,-1.2258,0.4439,0.4924
10095,852,816,33.682,25.72,-0.0163,-0.042,9.8747,0.0944,0.1672,0.3283
10100,842,818,33.721,25.71,0.0712,-0.0033,9.736,-0.3678,0.1654,0.625
10105,829,816,33.726,25.721,-0.1258,-0.0165,9.7653,-0.4833,0.1549,-0.2176
10110,826,815,33.613,25.748,-0.0596,0.0019,9.8553,0.4648,-0.1312,-0.0267
10115,811,815,33.649,25.647,-0.0445,0.0797,9.8108,0.8668,-0.4294,-0.0445
10120,811,811,33.71,25.767,0.0061,-0.0218,9.8511,0.7838,-0.4134,-0.5542
10125,805,821,33.674,25.751,-0.0166,-0.0374,9.7971,-0.308,0.5923,0.6137
10130,787,814,33.691,25.725,-0.0801,0.0213,9.7884,-0.2556,-0.5886,0.5725
10135,782,818,33.705,25.674,0.0941,-0.0804,9.8231,-0.1331,1.2312,-0.5629
10140,787,820,33.665,25.713,-0.0278,-0.0407,9.9279,-0.3874,0.3785,-0.0885
10145,771,814,33.806,25.714,-0.0541,0.0072,9.7639,-0.7771,-1.148,-0.056
10150,770,812,33.665,25.756,-0.0801,-0.0681,9.7916,0.1949,-0.0366,-0.327
10155,759,815,33.624,25.702,0.0203,0.0584,9.8124,-0.1723,0.4394,-0.2561
10160,772,810,33.641,25.657,-0.0261,-0.0031,9.867,0.01,0.1519,0.1786
10165,756,816,33.74,25.694,-0.047,-0.1178,9.7588,0.0334,-0.3323,-0.9927
10170,751,815,33.623,25.816,0.0503,0.0155,9.898,-0.1176,-0.128,-0.5142
10175,745,811,33.739,25.746,0.0066,0.0134,9.8255,0.0812,0.1029,0.1757
10180,749,805,33.661,25.747,-0.0187,0.0849,9.9409,0.9097,0.5547,-0.0113
10185,750,806,33.695,25.805,-0.0438,-0.0264,9.8305,0.357,0.1069,-0.409
10190,758,811,33.707,25.739,0.058,-0.0601,9.7274,-0.1729,-0.6529,-0.2011
10195,745,810,33.647,25.677,-0.0119,-0.0039,9.8516,-0.0018,-0.0856,0.459
10200,755,810,33.664,25.736,0.0717,-0.0188,9.8086,0.4078,0.5423,0.0052
10205,750,807,33.659,25.75,0.0714,-0.0551,9.7539,-0.0259,0.2514,-0.2934
10210,748,808,33.609,25.768,0.0064,0.0387,9.8203,0.2725,-0.5813,0.1583
10215,759,811,33.58,25.731,-0.0327,0.1161,9.7726,-0.3319,-0.1696,-0.3153
10220,756,805,33.683,25.677,-0.0048,-0.016,9.8275,0.3713,-0.1647,-0.8093
10225,755,807,33.77,25.733,-0.0807,-0.0859,9.8338,0.1441,0.6015,0.0963
10230,762,805,33.661,25.564,0.1159,0.0579,9.7817,1.3021,-0.1407,-0.1236
10235,775,807,33.815,25.752,0.0033,-0.0862,9.8299,0.8757,-0.935,0.6205
10240,781,805,33.786,25.674,0.0132,0.0179,9.7517,-0.759,0.3481,0.1722
10245,789,799,33.677,25.669,0.0248,0.0222,9.8789,0.469,0.5449,-0.7154
10250,792,802,33.76,25.673,0.01,-0.022,9.8268,-0.1891,-0.0676,-0.4693
10255,793,801,33.545,25.726,0.0328,0.059,9.8472,0.3355,-1.4862,0.0324
10260,810,797,33.654,25.775,-0.0877,0.0348,9.7533,0.3399,0.7818,0.1206
10265,813,797,33.651,25.717,0.0186,-0.0496,9.7813,-0.2717,-0.194,0.1286
10270,819,798,33.581,25.7,-0.0136,0.0148,9.826,-0.6667,0.0066,-0.8137
10275,846,798,33.639,25.681,-0.1109,-0.0636,9.8273,0.3608,0.4822,0.955
10280,844,787,33.743,25.841,-0.0502,-0.1045,9.8006,0.6516,0.2739,-0.5475
10285,862,792,33.658,25.617,0.0214,-0.0179,9.7886,-0.1919,0.3038,-0.3695
10290,865,791,33.662,25.673,-0.0034,-0.0199,9.7703,0.8829,0.341,0.2945
10295,887,799,33.656,25.753,-0.0858,0.0415,9.755,0.2636,-0.1767,0.6607
10300,884,786,33.788,25.753,-0.0201,-0.0096,9.8164,0.315,-0.5471,-0.2454
10305,908,785,33.761,25.773,-0.0051,-0.0132,9.7748,1.1028,-0.0872,-0.0801
10310,917,786,33.642,25.713,0.0205,0.0149,9.8633,0.8578,0.2739,0.7399
10315,920,783,33.761,25.723,0.0192,0.0039,9.7456,-0.1354,-0.1773,0.8302
10320,935,777,33.728,25.736,-0.0346,-0.0972,9.8175,-0.0754,0.6046,0.0401
10325,950,784,33.677,25.735,-0.0368,0.0256,9.8978,-1.0215,0.0026,-0.317
10330,970,783,33.71,25.789,0.0159,-0.0304,9.8808,0.347,0.1328,-0.3855
10335,971,772,33.666,25.78,-0.0969,-0.0249,9.8116,0.3171,0.1296,0.4158
10340,981,781,33.696,25.662,0.0293,0.0306,9.9291,0.8187,-0.4629,-0.1694
10345,1000,771,33.696,25.748,-0.0896,-0.009,9.819,-0.2298,0.1566,0.3286
10350,1001,773,33.655,25.783,0.0581,-0.0106,9.8706,0.1569,-0.2132,-0.843
10355,1017,771,33.647,25.759,0.009,0.1054,9.8174,-0.3078,-0.2772,-0.201
10360,1021,773,33.625,25.804,-0.0259,-0.1037,9.8263,0.4166,-0.4394,-0.2664
10365,1045,766,33.695,25.77,-0.0311,-0.0506,9.8484,0.3178,0.2026,0.534
10370,1053,769,33.678,25.706,0.0078,-0.0495,9.7114,-0.2706,0.1932,0.4959
10375,1060,764,33.66,25.791,-0.0309,0.0063,9.8104,1.2551,-0.1705,0.0213
10380,1070,764,33.719,25.737,-0.0306,-0.0227,9.7483,-0.088,0.8828,-0.1693
10385,1081,757,33.742,25.79,0.0164,-0.0203,9.8827,0.3963,0.1154,0.1788
10390,1100,761,33.713,25.699,-0.0037,-0.0232,9.7258,0.7598,-0.0348,-0.4752
10395,1100,762,33.678,25.646,0.0256,-0.0637,9.8324,-0.0718,-0.6436,-0.5969
10400,1111,763,33.827,25.767,-0.1069,-0.0274,9.7529,-0.8225,0.1741,-1.6811
10405,1134,763,33.745,25.729,0.0867,-0.0321,9.8344,-0.5915,0.156,-0.1441
10410,1121,759,33.666,25.714,0.0573,-0.0225,9.7922,-0.4505,-0.7842,0.5885
10415,1139,755,33.758,25.762,-0.033,-0.0149,9.8062,0.8838,-0.4598,-0.0997
10420,1139,758,33.711,25.713,-0.0372,-0.0157,9.8007,0.0106,-0.3665,-0.3242
10425,1152,760,33.745,25.726,0.0381,0.0517,9.6882,-0.0871,0.2508,-0.5715
10430,1157,757,33.744,25.638,-0.0298,0.0539,9.7579,0.2751,0.2159,-0.2756
10435,1164,756,33.718,25.695,0.0405,0.0422,9.756,0.4479,0.2169,-0.2243
10440,1166,765,33.719,25.71,0.0311,0.0295,9.8114,0.2078,-0.0007,0.385
10445,1175,760,33.637,25.761,0.0344,0.0331,9.9171,-0.1279,-0.221,-0.0317
10450,1182,758,33.651,25.651,-0.0011,-0.017,9.8448,-0.5421,0.7485,-0.2208
10455,1180,762,33.703,25.698,0.0363,-0.0336,9.8724,-0.5603,0.8002,0.949
10460,1195,762,33.736,25.758,-0.0486,-0.0005,9.7749,-0.1507,0.8341,0.0529
10465,1180,761,33.657,25.793,0.0342,-0.0012,9.7365,0.7807,-0.0275,-0.5804
10470,1179,758,33.691,25.787,-0.0102,0.0421,9.7872,-0.0547,0.289,0.7059
10475,1185,762,33.665,25.671,0.0143,0.0592,9.799,0.4636,0.5836,0.2496
10480,1186,762,33.719,25.788,0.1047,-0.0248,9.8792,0.3956,-1.0309,-0.0118
10485,1186,761,33.716,25.69,0.0078,0.0111,9.7709,-0.3298,-0.1214,0.5565
10490,1184,767,33.679,25.732,0.0562,-0.0576,9.8223,0.2415,-0.0953,0.7532
10495,1186,762,33.78,25.612,-0.047,0.0354,9.8231,-0.1024,0.3452,-0.333
10500,1190,772,33.631,25.73,-0.0543,0.0371,9.8545,-0.7533,-0.3316,0.1942
10505,1184,767,33.677,25.662,0.1048,-0.0156,9.6609,-0.5114,1.112,-0.9506
10510,1178,771,33.71,25.685,-0.027,-0.069,9.8246,0.3767,0.7873,0.1762
10515,1187,768,33.744,25.765,-0.0391,0.0462,9.7954,0.1376,-0.1929,-0.2344
10520,1182,771,33.755,25.731,-0.0979,-0.05,9.7508,-0.6417,0.7179,0.469
10525,1190,773,33.641,25.665,0.0157,-0.0399,9.8923,0.0114,-0.0464,0.3612
10530,1183,772,33.619,25.784,-0.0313,0.0372,9.7531,0.7334,0.5301,1.1524
10535,1177,777,33.698,25.629,0.0511,0.0171,9.8081,-0.4912,-0.0612,0.571
10540,1180,774,33.632,25.743,0.0365,0.0552,9.8083,0.3922,-0.1676,-0.5154
10545,1162,785,33.778,25.682,-0.0253,-0.0491,9.8909,-0.196,0.0114,-0.1773
10550,1168,784,33.721,25.766,-0.0394,-0.053,9.8512,-0.5271,-0.1609,-0.564
10555,1173,782,33.696,25.695,-0.0005,-0.0104,9.7907,-0.3365,0.5437,-0.6572
10560,1155,783,33.576,25.724,-0.0245,0.103,9.7541,0.613,-0.1589,1.0623
10565,1155,790,33.722,25.759,-0.0393,0.0055,9.8179,0.2286,-0.5545,0.743
10570,1152,787,33.682,25.7,0.016,0.0143,9.744,-0.1732,-0.0056,0.2062
10575,1149,792,33.615,25.702,-0.0671,0.03,9.7631,-0.3184,0.3581,-0.3473
10580,1147,797,33.662,25.76,-0.0162,0.1368,9.8162,-0.279,0.468,0.1798
10585,1143,794,33.645,25.628,-0.0107,0.0351,9.8297,0.6293,0.141,-0.0511
10590,1133,794,33.646,25.732,-0.0299,-0.0552,9.8759,-0.1792,-0.6569,0.1462
10595,1140,795,33.676,25.648,0.0371,-0.052,9.7168,-0.2538,0.5901,-0.5886
10600,1125,798,33.691,25.707,-0.0132,0.0308,9.8446,0.3279,-0.3856,0.3829
10605,1129,805,33.656,25.717,-0.0131,0.0385,9.8409,0.0978,-0.1967,0.8836
10610,1129,809,33.698,25.84,0.019,0.0197,9.8145,1.146,0.4986,-0.4527
10615,1129,802,33.688,25.721,0.0116,0.0781,9.86,-0.6152,-1.0379,0.2368
10620,1127,807,33.715,25.792,-0.0255,-0.0851,9.7234,-0.9555,0.2906,0.1039
10625,1117,810,33.727,25.702,-0.0394,-0.01,9.8192,0.4167,0.2355,0.37
10630,1110,814,33.831,25.648,0.029,-0.0707,9.8262,0.3037,-0.0984,0.3891
10635,1113,815,33.714,25.623,0.0289,-0.0031,9.762,0.0431,0.0633,0.1533
10640,1111,816,33.723,25.762,0.0192,-0.0448,9.7804,-0.0939,0.5362,-0.5156
10645,1102,813,33.767,25.701,-0.0279,-0.016,9.7612,0.872,-0.2106,-0.4148
10650,1106,820,33.775,25.641,0.0282,-0.0085,9.7244,-0.2224,1.3295,-0.6139
10655,1098,814,33.646,25.756,0.0612,-0.0219,9.7328,0.4537,-0.3351,0.527
10660,1098,820,33.653,25.752,0.0726,-0.0736,9.8721,-0.1927,-1.0286,-0.2645
10665,1095,823,33.673,25.723,-0.0219,-0.0179,9.7659,0.7364,0.1767,-0.1964
10670,1105,820,33.667,25.743,0.0382,-0.057,9.8161,-0.0354,0.7454,0.4247
10675,1098,819,33.782,25.727,0.027,-0.0643,9.823,-0.0316,-0.0454,0.4499
10680,1096,821,33.704,25.779,0.0834,-0.0046,9.9373,-0.2402,0.4995,0.094
10685,1088,825,33.719,25.788,0.04,0.0033,9.8235,-0.4354,-0.0641,-0.5077
10690,1092,829,33.584,25.77,-0.004,0.0081,9.8023,-0.4688,-0.0101,-0.7048
10695,1091,826,33.661,25.746,-0.0105,0.0501,9.7696,0.3817,-0.4085,0.001
10700,1084,826,33.758,25.748,-0.0091,0.0197,9.8669,-0.2409,-0.1,1.0575
10705,1079,833,33.67,25.682,0.0814,-0.0029,9.7755,0.1427,0.2318,-0.213
10710,1082,827,33.681,25.597,0.0698,0.0648,9.8825,-0.6424,0.2527,0.6818
10715,1079,829,33.703,25.796,0.0611,-0.0187,9.769,-0.1318,0.261,-0.4706
10720,1075,829,33.731,25.605,-0.0178,0.0417,9.875,0.0193,-0.8287,0.2919
10725,1076,826,33.757,25.691,-0.1151,0.1017,9.8372,-0.7784,-0.5045,0.3136
10730,1073,834,33.7,25.664,0.0604,-0.0093,9.7759,-0.8347,0.1935,-0.3206
10735,1067,830,33.726,25.747,-0.0167,-0.0672,9.8606,-0.5705,0.2078,0.8341
10740,1070,830,33.781,25.677,-0.0143,0.0483,9.811,-0.8466,0.3008,0.0345
10745,1052,829,33.758,25.777,0.0262,0.0161,9.8738,0.5987,0.2353,0.163
10750,1042,827,33.683,25.724,-0.0172,0.0036,9.8615,0.9429,-0.5817,0.604
10755,1055,830,33.68,25.772,-0.0049,-0.06,9.802,-0.822,-0.4281,-0.119
10760,1046,825,33.743,25.75,-0.0723,-0.0269,9.771,0.4046,-0.5417,0.0137
10765,1035,832,33.709,25.696,0.0191,-0.1145,9.866,-0.5738,0.2915,0.2305
10770,1040,834,33.691,25.63,-0.037,-0.0715,9.8399,0.1335,-0.2907,0.77
10775,1046,829,33.708,25.595,-0.1176,0.1148,9.8341,-1.4501,0.3427,0.2516
10780,1025,832,33.722,25.711,-0.04,0.0341,9.8908,0.8347,0.0709,0.1131
10785,1017,832,33.664,25.709,-0.0246,-0.0572,9.8513,0.3677,-0.5988,0.3544
10790,1021,825,33.739,25.742,0.0029,0.0256,9.7934,-0.3842,0.2323,0.3382
10795,1001,827,33.642,25.671,0.0216,-0.0353,9.8759,0.3078,-0.0395,0.7558
10800,997,829,33.711,25.616,0.0789,0.0305,9.7546,0.5875,0.4258,-0.71
10805,995,827,33.737,25.742,0.0231,0.0014,9.7651,-0.5089,0.3338,0.229
10810,982,826,33.739,25.737,0.0125,-0.0666,9.7838,-0.3033,-0.1058,-0.3987
10815,979,824,33.698,25.788,0.0022,-0.031,9.8406,-0.2403,-0.7022,-0.3111
10820,968,825,33.73,25.676,0.0449,0.0599,9.7608,0.3613,-0.6261,0.4309
10825,964,826,33.666,25.803,0.056,0.0032,9.7475,0.1959,0.0363,-0.0442
10830,960,817,33.653,25.76,-0.0015,-0.0603,9.7858,0.1427,0.7663,-0.0854
10835,954,819,33.756,25.695,-0.0743,0.0148,9.9043,-0.8657,-0.6281,0.051
10840,940,821,33.585,25.815,0.0199,-0.057,9.814,-0.5364,-0.4782,0.9747
10845,937,821,33.692,25.758,0.0337,0.0157,9.8087,-0.925,0.5645,0.1973
10850,920,818,33.69,25.73,-0.0231,-0.0822,9.7847,-0.3079,-0.262,0.5885
10855,917,822,33.627,25.596,-0.0242,-0.0535,9.8035,1.0012,0.0782,0.021
10860,907,818,33.722,25.752,0.109,0.0115,9.8097,0.081,-0.0404,-0.007
10865,898,817,33.651,25.644,0.0628,-0.0642,9.8154,0.7184,0.2262,-0.3354
10870,882,816,33.763,25.775,0.0015,0.0753,9.839,0.7133,-0.4398,0.7359
10875,882,819,33.727,25.682,-0.0418,0.0469,9.7147,-0.3174,0.119,-0.1912
10880,863,818,33.657,25.795,0.0835,0.0,9.8867,-0.3696,1.077,-0.3887
10885,862,816,33.629,25.721,-0.053,0.0401,9.8722,-0.1435,-0.3563,0.2657
10890,851,820,33.673,25.76,-0.0355,0.007,9.8193,-0.1915,-1.5355,0.0493
10895,839,817,33.729,25.685,0.0113,0.0616,9.8324,0.9695,0.4121,-0.5115
10900,834,818,33.75,25.774,-0.0132,-0.0637,9.7861,0.5535,-0.4673,1.1315
10905,823,816,33.708,25.703,-0.0139,-0.0212,9.817,-0.6315,-0.4306,0.6967
10910,825,812,33.7,25.759,-0.0071,-0.0671,9.9055,0.443,0.0122,-0.3055
10915,803,814,33.653,25.773,0.0444,0.0127,9.6965,-0.7915,0.0773,0.9353
10920,804,813,33.709,25.73,-0.0426,-0.0551,9.708,-0.3443,-0.711,0.0775
10925,801,809,33.689,25.826,-0.0777,-0.0662,9.7768,0.0901,-0.3353,-0.0359
10930,789,815,33.662,25.697,-0.0363,-0.0076,9.8124,0.0645,0.5021,0.3223
10935,781,813,33.675,25.812,-0.025,-0.0828,9.8129,0.5363,0.1814,0.3352
10940,787,818,33.744,25.838,0.1022,0.0101,9.8157,-0.7416,-0.5378,0.233
10945,768,808,33.642,25.7,0.1588,-0.0117,9.8175,-0.0406,-0.1116,0.0013
10950,769,813,33.684,25.683,-0.0114,-0.0954,9.7914,-0.2155,0.7696,-0.1835
10955,764,815,33.577,25.771,-0.0517,0.0333,9.7653,0.6165,-0.8548,-0.4245
10960,755,807,33.686,25.715,-0.0171,0.0607,9.8149,-0.7204,-0.6818,0.0374
10965,754,812,33.643,25.633,0.005,0.0878,9.7846,-0.1027,-0.823,-0.1367
10970,751,814,33.68,25.703,0.0675,0.0307,9.7491,0.0121,-0.5281,0.4443
10975,749,813,33.759,25.767,-0.0206,-0.0994,9.8006,0.0658,0.0146,0.1114
10980,750,808,33.708,25.85,0.0249,0.0324,9.8082,0.1602,-0.5118,-0.0499
10985,747,812,33.626,25.751,0.0466,-0.0598,9.8713,-0.6857,0.0171,0.0763
10990,740,811,33.691,25.756,0.0234,-0.0722,9.7824,0.4454,-0.4261,-0.2877
10995,753,806,33.713,25.682,-0.0145,-0.0193,9.7784,0.9892,0.1671,-0.3029
11000,753,807,33.681,25.773,-0.0195,0.0536,9.9045,-0.5102,-0.4591,0.1191
11005,754,812,33.671,25.795,-0.0553,0.0489,9.9322,0.6571,-0.7918,0.1533
11010,751,811,33.725,25.634,-0.0479,-0.0033,9.7852,-0.126,0.1501,-0.2051
11015,753,812,33.74,25.757,0.0084,-0.0099,9.9553,0.2844,0.3781,0.2236
11020,750,804,33.723,25.736,0.0088,0.063,9.8414,0.2191,-0.5363,0.3727
11025,757,806,33.684,25.763,0.0292,-0.0718,9.8001,0.011,0.403,0.5462
11030,771,799,33.729,25.755,-0.0516,0.0378,9.8519,0.3888,0.5852,0.0217
11035,776,800,33.61,25.731,-0.0054,0.0357,9.7537,-0.1334,-1.2299,-0.3661
11040,790,799,33.691,25.854,-0.1037,-0.01,9.7498,-0.0263,-0.1207,0.4316
11045,785,801,33.712,25.828,0.0906,-0.0487,9.8794,0.8343,0.361,-0.8631
11050,790,793,33.753,25.712,-0.0402,-0.0098,9.7389,0.9625,0.1495,-0.2449
11055,799,795,33.678,25.671,0.0457,0.0376,9.8589,0.2727,0.6036,-0.1331
11060,808,797,33.728,25.78,0.1199,-0.0085,9.7782,-0.3598,0.7683,0.3733
11065,826,797,33.64,25.717,0.1234,0.0476,9.7815,-0.5777,-0.0294,-0.8398
11070,834,794,33.724,25.703,-0.0311,-0.0744,9.7443,0.6029,-0.0647,1.0584
11075,839,794,33.768,25.68,-0.0444,0.037,9.8154,0.1382,0.6531,-0.8476
11080,854,790,33.682,25.741,0.0197,0.0242,9.8257,0.5211,0.8538,-0.194
11085,858,794,33.769,25.701,-0.0181,-0.0196,9.7657,-0.1587,-0.0616,0.3132
11090,867,794,33.762,25.678,0.0162,-0.081,9.8802,0.6974,-0.1193,0.5083
11095,878,790,33.711,25.688,-0.0093,-0.0141,9.7346,0.272,0.796,0.1832
11100,893,786,33.594,25.746,0.0315,0.0766,9.7583,-0.2262,0.2025,0.1803
11105,905,782,33.742,25.732,-0.0539,-0.0136,9.7837,-0.6686,-0.2219,-0.3865
11110,923,789,33.646,25.722,0.0113,0.0172,9.7962,0.429,1.0035,-0.0235
11115,936,785,33.683,25.703,-0.0089,0.0126,9.766,-0.4097,-0.6394,-0.2751
11120,939,782,33.654,25.799,-0.0027,0.0561,9.8891,-0.3575,-0.5923,0.3206
11125,957,776,33.635,25.586,0.0225,-0.0462,9.7669,0.2159,-0.388,0.4566
11130,965,779,33.665,25.814,0.01,-0.0188,9.8108,-0.9549,-0.1224,0.528
11135,986,779,33.705,25.768,-0.0377,0.1024,9.8252,-0.5953,0.2557,0.7505
11140,995,770,33.786,25.74,-0.0095,0.0476,9.8309,-0.2061,0.2904,-0.3212
11145,1003,778,33.723,25.736,0.0099,0.041,9.8275,-0.0982,0.2067,-0.1256
11150,1022,772,33.722,25.744,0.0777,-0.0075,9.7843,-0.2323,1.6529,-0.5567
11155,1024,772,33.734,25.67,-0.0684,-0.0507,9.8697,0.1111,-0.2399,0.1738
11160,1036,762,33.662,25.662,-0.0233,0.0298,9.87,0.4104,0.1233,-0.0795
11165,1040,774,33.69,25.743,-0.0774,0.0136,9.9226,-0.1432,0.8808,0.1863
11170,1065,763,33.765,25.758,0.0191,-0.0053,9.8425,-0.1953,-0.0629,0.3116
11175,1068,764,33.669,25.779,-0.0574,-0.001,9.8029,0.4021,0.7083,0.1843
11180,1080,765,33.727,25.698,-0.0407,-0.0546,9.848,0.7424,0.588,0.0819
11185,1088,763,33.717,25.714,0.0031,-0.0761,9.8579,0.3028,0.1521,-0.3896
11190,1099,757,33.665,25.715,0.0083,0.0836,9.791,-0.2042,0.1965,0.0815
11195,1112,764,33.624,25.734,-0.0256,-0.0949,9.7821,0.2722,-0.282,0.1181
11200,1116,754,33.692,25.694,0.0093,0.0459,9.7926,-0.2502,0.7844,-0.8866
11205,1124,755,33.699,25.75,-0.0812,-0.0139,9.7194,-0.3593,0.8505,0.2963
11210,1140,765,33.705,25.776,0.0028,0.0113,9.7433,0.3354,-0.2825,0.0569
11215,1137,760,33.675,25.758,-0.0375,0.0109,9.8001,0.6421,-0.161,0.5444
11220,1152,760,33.695,25.796,0.027,-0.0457,9.7932,-0.0226,0.1415,0.1202
11225,1159,755,33.665,25.727,-0.0213,0.0165,9.7785,-0.3702,-0.1455,-0.3417
11230,1154,758,33.764,25.735,-0.0832,-0.0524,9.8442,-0.258,-0.1454,0.1816
11235,1164,758,33.689,25.77,-0.0595,-0.0309,9.9259,-0.2883,-0.3169,-0.3147
11240,1173,760,33.666,25.643,-0.0435,-0.0627,9.8124,-0.4824,0.1548,-0.474
11245,1178,762,33.724,25.812,-0.0154,-0.0674,9.7503,-0.2432,-0.4357,0.0896
11250,1172,760,33.639,25.718,0.0312,-0.0642,9.7957,-0.0235,0.104,-0.3748
11255,1174,760,33.643,25.733,-0.0317,-0.0223,9.7794,-0.0694,-0.2019,1.1638
11260,1190,757,33.741,25.782,0.0079,-0.0258,9.8359,0.3595,-0.6565,0.3865
11265,1178,758,33.66,25.774,0.087,0.0294,9.867,-0.044,0.1391,-0.5613
11270,1182,762,33.662,25.693,0.0139,-0.046,9.8402,0.842,-0.545,0.1862
11275,1192,759,33.657,25.693,-0.0232,-0.0341,9.8924,0.1242,-0.8325,0.3748
11280,1188,767,33.756,25.704,-0.0003,-0.019,9.835,0.0376,-0.5078,-0.2931
11285,1192,760,33.684,25.721,0.0385,0.047,9.8323,0.5818,-0.7218,-0.1752
11290,1182,764,33.695,25.694,-0.0137,0.0066,9.8097,-0.6745,0.316,-0.3778
11295,1185,762,33.69,25.693,0.0167,-0.0381,9.8437,0.1331,-0.9728,0.2963
11300,1198,766,33.705,25.747,0.0212,0.0924,9.8052,0.9543,0.172,0.5764
11305,1189,767,33.657,25.716,0.0282,-0.1153,9.8958,-0.0702,0.546,-1.0093
11310,1178,764,33.628,25.693,-0.014,-0.0424,9.778,-0.4109,-0.8575,-0.3503
11315,1182,773,33.567,25.634,0.0224,0.0661,9.8793,0.5907,0.271,-0.3087
11320,1174,770,33.594,25.742,-0.0296,-0.1018,9.8119,-0.0248,0.333,0.9046
11325,1176,775,33.627,25.738,-0.0907,-0.002,9.8456,0.1871,0.1423,0.3049
11330,1178,778,33.706,25.715,-0.0087,0.0487,9.8005,0.2342,0.04,0.3393
11335,1171,779,33.788,25.771,0.0274,0.0571,9.8007,-0.203,-0.0764,-0.0118
11340,1173,781,33.696,25.745,0.0649,-0.0275,9.7626,1.0472,0.542,0.3133
11345,1159,779,33.613,25.728,-0.0094,0.0466,9.8454,0.5385,-0.0034,-0.412
11350,1160,783,33.727,25.823,0.0329,0.0232,9.8805,0.0621,0.0963,-0.2172
11355,1146,782,33.724,25.698,0.0044,0.0636,9.808,0.7442,0.1118,0.7435
11360,1159,788,33.67,25.708,0.0554,-0.0579,9.7274,-0.1853,1.0423,0.6913
11365,1159,790,33.699,25.718,-0.0456,0.1232,9.8508,-1.2262,-0.4861,-0.0002
11370,1147,789,33.688,25.793,0.005,-0.0023,9.8346,-0.0861,-0.0382,0.6651
11375,1135,795,33.65,25.749,0.0691,-0.0048,9.7756,0.6959,0.0824,-0.1945
11380,1149,793,33.617,25.677,0.032,0.0524,9.8091,-0.5996,0.0396,-0.8689
11385,1138,799,33.793,25.714,-0.006,-0.0352,9.7564,-0.1505,-0.3366,-0.1683
11390,1138,798,33.68,25.742,0.0256,0.0648,9.7748,-0.1081,-0.9589,-0.2281
11395,1148,802,33.656,25.844,-0.0229,-0.0464,9.8704,0.2696,-0.4457,0.7656
11400,1129,804,33.714,25.796,0.0271,0.0103,9.6477,-0.0614,-0.0423,0.0295
11405,1135,803,33.672,25.748,-0.0024,0.0425,9.8037,0.033,0.5816,-0.6682
11410,1125,804,33.739,25.678,0.0397,0.0156,9.8511,0.5751,-0.4878,0.1035
11415,1126,808,33.794,25.766,0.0027,-0.0075,9.7791,0.1031,-0.9232,-0.1889
11420,1119,813,33.668,25.735,0.0058,0.003,9.7322,-0.4565,0.3233,0.5853
11425,1118,806,33.665,25.718,-0.0086,0.0088,9.7328,0.22,-0.0399,0.538
11430,1111,818,33.675,25.681,0.0279,-0.0624,9.8393,-0.5433,0.3696,0.5498
11435,1107,812,33.748,25.713,-0.0675,-0.0597,9.7187,-0.0729,-0.4955,-0.0537
11440,1110,813,33.658,25.764,0.0066,-0.0002,9.8563,-0.5714,0.3782,-0.2145
11445,1109,818,33.685,25.761,-0.0519,-0.0102,9.8196,-0.3204,-0.486,0.4689
11450,1106,818,33.598,25.809,-0.0006,-0.007,9.7773,0.337,-0.7765,0.576
11455,1101,816,33.743,25.708,-0.1199,0.0385,9.7994,0.3271,0.5014,0.4305
11460,1097,817,33.646,25.772,0.0503,0.0807,9.8907,0.5482,0.062,-0.1806
11465,1094,821,33.69,25.827,-0.0865,0.033,9.8219,0.4803,0.1667,0.4751
11470,1098,822,33.717,25.617,0.0962,-0.0498,9.7589,0.2949,0.8739,-0.3875
11475,1089,826,33.687,25.827,0.0236,0.0108,9.8008,0.8018,-0.142,-1.0835
11480,1091,826,33.732,25.683,-0.0771,-0.0418,9.7816,0.4279,0.8518,0.2394
11485,1082,826,33.667,25.84,0.0918,-0.0157,9.7333,-0.3412,0.2212,0.3511
11490,1097,830,33.733,25.683,0.031,-0.0223,9.7628,-0.0615,0.1293,0.9914
11495,1079,827,33.577,25.81,0.0118,-0.1008,9.8204,0.151,-0.7629,0.4989
11500,1082,826,33.734,25.679,-0.0338,0.0204,9.6906,0.5745,-0.133,-0.7957
11505,1077,829,33.746,25.666,-0.0043,0.0103,9.7785,-0.1793,0.0065,0.9801
11510,1089,829,33.676,25.733,0.0449,0.0688,9.7989,-1.2028,-0.1477,-0.1768
11515,1079,829,33.713,25.714,-0.064,-0.0498,9.7734,0.1199,0.0662,0.612
11520,1077,833,33.71,25.696,0.0957,-0.0222,9.7863,-0.5202,-0.328,-0.4457
11525,1069,829,33.682,25.767,-0.01,-0.0523,9.8015,-0.1818,-0.019,-0.1766
11530,1063,830,33.729,25.721,0.1008,-0.0036,9.7892,0.5648,-0.0973,-0.1564
11535,1066,829,33.618,25.739,-0.0346,0.0446,9.9071,-0.1843,0.3054,-0.4463
11540,1061,832,33.718,25.77,0.0215,-0.0904,9.8888,0.0936,0.6923,0.1675
11545,1051,832,33.635,25.717,0.0149,-0.0185,9.7009,0.6974,-0.1282,-0.116
11550,1051,828,33.65,25.751,0.0218,-0.0757,9.7591,-0.2749,0.6255,0.3716
11555,1045,833,33.661,25.714,-0.0144,0.0614,9.8271,0.2053,0.3049,-0.0369
11560,1042,828,33.717,25.739,-0.0234,-0.0284,9.8034,0.6524,-0.7482,-0.2998
11565,1038,830,33.672,25.701,0.0336,-0.0117,9.854,0.5926,-0.1789,-0.5059
11570,1039,831,33.658,25.63,-0.0675,-0.0162,9.822,-0.6392,0.0551,0.6563
11575,1028,829,33.604,25.669,0.02,-0.0013,9.7633,-0.4771,0.6026,1.2659
11580,1021,832,33.692,25.671,-0.0873,-0.0012,9.7832,-0.425,0.3223,-0.7422
11585,1021,823,33.662,25.624,-0.0514,-0.0145,9.7935,0.1706,0.2624,-0.4873
11590,1011,823,33.687,25.729,-0.0365,0.0223,9.882,-0.3328,-0.1583,-0.0773
11595,1006,828,33.767,25.798,0.0631,-0.0257,9.8301,-0.6781,1.0891,0.4354
11600,1009,826,33.698,25.623,-0.0349,-0.0444,9.756,0.0934,0.0781,-0.1743
11605,1000,830,33.787,25.761,-0.0334,-0.0019,9.856,-0.8356,-0.8835,0.0965
11610,995,823,33.678,25.808,-0.0427,0.0024,9.7724,-1.0802,0.7903,0.4664
11615,968,823,33.712,25.686,-0.0296,-0.0793,9.8339,0.2103,0.423,0.0903
11620,967,826,33.77,25.741,0.0129,0.0848,9.7878,-0.3641,0.5716,-0.2969
11625,969,824,33.702,25.727,0.0102,-0.0375,9.8749,0.8805,0.1771,0.5827
11630,956,826,33.667,25.747,0.0862,0.0962,9.7962,-0.0641,0.133,-0.6533
11635,933,820,33.772,25.75,-0.0272,0.0909,9.769,0.0209,0.4703,-0.5801
11640,941,825,33.685,25.728,-0.0283,0.0031,9.7363,0.2203,0.6293,0.3571
11645,924,824,33.663,25.736,0.0033,-0.0239,9.858,0.31,0.204,-0.8608
11650,918,822,33.732,25.789,-0.0665,0.0073,9.8047,0.4964,1.4568,-0.6663
11655,919,822,33.726,25.719,0.0095,0.0086,9.7909,-0.2157,0.8124,-0.3478
11660,899,823,33.772,25.771,0.0869,0.0045,9.84,-0.346,0.8988,0.3675
11665,879,820,33.626,25.716,-0.0465,0.0113,9.8321,-0.285,-0.2389,-0.0722
11670,895,817,33.69,25.736,-0.064,-0.0059,9.6974,-0.3209,-0.3895,0.7925
11675,881,818,33.767,25.706,-0.056,0.0564,9.7353,0.0409,0.3044,-0.556
11680,873,822,33.647,25.721,-0.0658,0.0117,9.7227,0.5345,-0.8936,0.3449
11685,853,816,33.691,25.801,0.0968,-0.0138,9.8298,-0.7126,0.2627,-0.4013
11690,849,818,33.628,25.694,-0.038,-0.0324,9.7807,0.1168,-0.9884,0.4624
11695,840,819,33.724,25.654,0.1181,-0.0222,9.7759,0.1275,-0.1729,-0.2384
11700,830,818,33.641,25.652,0.0173,-0.0817,9.8951,0.2293,0.1106,-0.4398
11705,828,816,33.693,25.755,0.0537,0.0621,9.7856,-0.0914,-0.6462,0.0847
11710,821,818,33.727,25.744,0.0234,0.0425,9.8056,0.5682,-0.2715,-0.4445
11715,804,819,33.568,25.689,0.0422,-0.0869,9.8911,-0.2291,-0.4633,0.0506
11720,799,816,33.679,25.735,0.0398,-0.0507,9.9064,-0.2332,-0.1767,0.2022
11725,787,816,33.722,25.699,0.003,-0.0064,9.7733,-0.0325,-0.4049,-0.0076
11730,783,817,33.752,25.787,0.0012,0.0936,9.7799,0.7636,0.3685,0.1911
11735,774,812,33.681,25.792,-0.0193,0.0452,9.7414,0.0069,0.5308,0.6791
11740,774,812,33.722,25.753,0.0172,0.0518,9.7833,0.1359,0.5255,-0.1007
11745,764,813,33.646,25.721,-0.0501,0.0143,9.7563,0.1518,0.5375,-0.012
11750,756,815,33.803,25.77,0.0169,0.1261,9.888,0.4021,0.3543,-0.0248
11755,765,808,33.696,25.703,-0.0387,0.0758,9.7943,1.3309,0.5766,0.0464
11760,759,812,33.798,25.822,-0.0368,-0.0221,9.7408,-0.592,-0.5049,0.3379
11765,758,814,33.715,25.707,-0.1008,-0.0897,9.7977,-0.5692,-0.3958,0.0056
11770,750,815,33.699,25.744,-0.0707,0.003,9.8398,-0.2413,-0.1921,0.0547
11775,753,811,33.688,25.655,0.0412,0.0197,9.8194,-0.4623,0.5437,0.4215
11780,758,815,33.76,25.777,-0.0085,-0.0333,9.8342,0.1234,0.2815,-0.3411
11785,748,810,33.697,25.77,-0.055,0.0363,9.8359,-0.3196,0.9055,0.5095
11790,753,810,33.614,25.717,0.0368,0.0255,9.8441,-0.0692,0.037,-0.1917
11795,740,807,33.688,25.692,-0.0124,-0.0727,9.8231,0.1222,0.8311,0.1778
11800,746,809,33.705,25.708,-0.0335,0.0698,9.8327,-0.544,0.7605,-0.4413
11805,752,805,33.758,25.753,-0.0645,-0.0473,9.8989,0.1724,0.5318,0.255
11810,753,810,33.707,25.663,-0.0308,-0.0206,9.8184,0.0903,-0.3992,0.0492
11815,754,806,33.694,25.785,0.0225,-0.077,9.8228,-0.3595,0.3591,0.6849
11820,764,807,33.829,25.822,-0.0026,0.0267,9.833,0.1363,0.0308,-0.6249
11825,766,802,33.742,25.824,-0.0193,-0.0047,9.8418,0.1869,-0.1219,0.6794
11830,771,802,33.622,25.778,-0.0246,0.0469,9.8408,0.1682,-0.4421,-0.8175
11835,785,799,33.65,25.727,0.0288,-0.0149,9.7982,-0.3016,0.414,-0.136
11840,791,801,33.699,25.709,-0.0408,0.1075,9.8736,-0.391,-0.4081,-0.2249
11845,802,796,33.728,25.788,-0.0114,0.0429,9.7166,-0.2141,-0.7166,0.1906
11850,792,808,33.714,25.762,0.0434,-0.0017,9.7693,-1.3594,0.3751,0.2423
11855,810,803,33.649,25.817,-0.023,-0.0472,9.8269,0.2613,0.7107,0.0716
11860,809,798,33.647,25.775,0.0012,-0.0418,9.8699,-0.4409,0.0473,0.0769
11865,829,800,33.67,25.756,-0.061,-0.0062,9.9133,0.0817,-0.467,-0.4102
11870,837,798,33.609,25.714,-0.0151,0.0214,9.738,0.8157,0.4784,0.0452
11875,843,795,33.71,25.718,-0.0595,-0.0349,9.8164,-0.1728,-0.2337,-1.1076
11880,858,790,33.72,25.708,-0.0551,0.0415,9.8945,0.4548,0.5332,-0.0488
11885,863,793,33.715,25.805,0.0544,0.0394,9.7206,-0.5189,0.3102,0.8434
11890,885,790,33.651,25.775,-0.0457,-0.0641,9.8258,0.8002,0.2973,0.6603
11895,890,795,33.685,25.698,-0.0169,-0.028,9.8266,-0.0515,0.5898,-0.2631
11900,904,784,33.636,25.749,0.0488,0.0055,9.8008,0.2814,0.4442,0.1008
11905,912,784,33.765,25.797,-0.0706,-0.0385,9.8185,0.6537,-0.8483,-0.4897
11910,923,782,33.642,25.733,-0.034,0.0154,9.8052,0.1856,0.1087,0.1785
11915,936,782,33.692,25.702,-0.016,-0.0209,9.7642,-0.672,-0.7714,-0.5908
11920,941,781,33.715,25.619,-0.0277,-0.0365,9.8812,0.3102,-0.4412,0.5741
11925,956,776,33.756,25.782,-0.0424,-0.0154,9.8194,-0.6671,-0.2127,0.2952
11930,970,768,33.717,25.688,0.0541,-0.0217,9.8215,0.063,0.7433,-0.466
11935,986,776,33.677,25.742,0.0214,0.0041,9.8392,-0.8342,0.3268,-0.3302
11940,990,777,33.612,25.674,-0.0604,-0.0138,9.8103,-0.3138,-0.1814,0.2385
11945,1007,769,33.627,25.729,0.0746,-0.0353,9.7126,-0.9646,0.2004,-0.782
11950,1031,770,33.673,25.754,-0.0231,-0.0894,9.7989,0.3483,-0.4358,-0.0465
11955,1041,772,33.754,25.771,-0.078,0.003,9.7445,-0.0284,-0.7298,0.3578
11960,1042,775,33.672,25.753,0.1493,-0.0144,9.8223,0.4394,0.2148,0.6975
11965,1054,773,33.756,25.724,0.0254,-0.0111,9.779,0.2852,0.0916,-0.2033
11970,1072,766,33.759,25.784,-0.0095,-0.0762,9.8656,0.6928,0.4734,-0.1379
11975,1081,769,33.757,25.772,-0.0757,0.0116,9.8017,0.1939,-0.1724,0.0159
11980,1085,761,33.711,25.678,0.007,-0.0765,9.8398,-0.295,0.0112,0.2003
11985,1092,763,33.642,25.867,0.03,0.0429,9.8379,0.1707,-0.0775,-0.0941
11990,1107,759,33.648,25.728,0.0946,0.0908,9.6882,0.5878,-0.0375,0.2573
11995,1115,767,33.748,25.846,-0.0393,0.0765,9.7783,0.2898,-0.7571,-0.2099
12000,1120,761,33.698,25.766,0.0047,0.0474,9.8891,-0.3479,0.0661,-0.3964
12005,1131,758,33.744,25.653,-0.0472,-0.0313,9.8039,-0.8414,-0.0316,-0.2815
12010,1139,759,33.67,25.741,0.0446,0.0047,9.8014,0.3481,0.1985,0.3299
12015,1148,762,33.678,25.701,-0.0103,0.0497,9.7997,0.77,0.3499,1.1774
12020,1148,754,33.749,25.684,-0.0187,0.0396,9.8218,-0.7271,-0.2692,0.2509
12025,1157,761,33.714,25.777,0.0636,0.0423,9.8014,-0.2724,0.1776,-0.1685
12030,1155,762,33.676,25.8,0.0248,-0.0405,9.8207,0.0659,0.863,-0.026
12035,1167,754,33.734,25.704,-0.0368,0.0519,9.8301,0.1853,0.2069,0.5218
12040,1163,762,33.732,25.754,-0.0217,-0.0263,9.8763,-1.0223,0.1536,0.0848
12045,1180,762,33.742,25.737,-0.0196,0.0322,9.7606,0.0846,0.7119,-0.026
12050,1174,758,33.717,25.787,-0.0494,-0.0502,9.8607,-0.3393,-0.9505,0.7779
12055,1178,756,33.702,25.714,0.0647,-0.0048,9.8812,-1.1379,-0.9534,-0.035
12060,1190,760,33.615,25.785,0.026,-0.0149,9.8089,0.285,-1.1723,-0.5952
12065,1189,763,33.647,25.712,0.0399,-0.0829,9.8159,0.6318,0.0792,-0.0795
12070,1190,763,33.711,25.659,0.0164,0.0623,9.7339,-0.3457,-0.1903,-0.111
12075,1189,767,33.679,25.759,-0.0611,-0.0669,9.8142,-0.5645,-0.711,-0.4173
12080,1186,764,33.617,25.789,0.0289,0.0093,9.8282,-0.2773,0.0271,0.1812
12085,1185,764,33.629,25.737,0.0079,-0.049,9.812,0.2067,-0.243,-0.1112
12090,1191,762,33.75,25.761,-0.084,-0.0315,9.7826,-0.0564,-0.0269,-0.6612
12095,1186,764,33.587,25.774,0.0889,-0.0017,9.8387,-0.4038,-0.4792,-0.0793
12100,1190,762,33.711,25.751,-0.0359,-0.0317,9.8646,-0.715,0.4222,0.2576
12105,1185,771,33.743,25.855,-0.0773,-0.013,9.8772,-0.1392,-0.1465,-0.2926
12110,1183,772,33.713,25.768,-0.0166,-0.0745,9.8586,-0.3811,0.3799,0.009
12115,1176,773,33.738,25.783,-0.0299,0.0248,9.7711,-0.352,0.2948,0.5008
12120,1169,772,33.673,25.646,0.0532,-0.0572,9.7968,-0.3008,0.0662,-0.6408
12125,1175,773,33.641,25.794,-0.0262,0.0472,9.7853,0.4991,0.5651,0.5214
12130,1171,773,33.667,25.739,0.0734,0.0457,9.8741,0.1492,0.7113,0.8295
12135,1171,784,33.788,25.706,-0.0285,0.029,9.7939,-0.134,0.2467,-0.0327
12140,1171,780,33.672,25.718,-0.0609,-0.0181,9.8135,0.1201,0.8261,0.6607
12145,1156,785,33.679,25.759,0.0238,0.0122,9.7757,-0.0906,0.1334,0.0495
12150,1168,783,33.654,25.723,-0.1299,0.0145,9.7885,-0.2081,0.5779,1.0505
12155,1160,785,33.567,25.863,0.0771,-0.0207,9.8259,0.462,-0.0362,0.1599
12160,1151,793,33.752,25.615,0.032,-0.0496,9.8459,0.2414,-0.0357,0.0757
12165,1153,785,33.696,25.739,0.0793,0.0328,9.7068,-0.0384,-0.5655,-0.167
12170,1144,785,33.704,25.764,0.0869,0.0356,9.8243,0.7205,0.4326,-0.0245
12175,1138,789,33.721,25.709,0.0345,-0.0373,9.8249,0.015,-0.3057,-0.0562
12180,1137,794,33.724,25.672,0.0025,0.0356,9.7638,-0.645,-0.8744,0.0242
12185,1148,801,33.752,25.712,-0.0472,0.0435,9.7955,-0.2575,0.5798,-0.4498
12190,1137,803,33.678,25.809,-0.0517,-0.014,9.8073,0.1821,0.0251,-0.6966
12195,1138,795,33.657,25.772,-0.0155,-0.0545,9.8083,0.4581,-0.1189,-0.7119
12200,1128,804,33.781,25.791,-0.0583,0.0189,9.8528,-0.0536,-0.5725,-0.3824
12205,1128,804,33.629,25.801,-0.0183,0.0602,9.779,-0.3908,0.1686,0.0068
12210,1127,800,33.742,25.761,-0.0188,0.0435,9.7999,-0.1921,0.7542,-0.0109
12215,1121,807,33.764,25.686,0.098,-0.0708,9.8611,0.9705,0.1266,0.6899
12220,1113,805,33.693,25.719,-0.1281,0.0341,9.8073,0.2652,0.754,-0.1366
12225,1117,812,33.587,25.67,0.0657,-0.0084,9.8219,-0.4256,-0.1087,-0.3084
12230,1111,815,33.767,25.736,0.041,0.0163,9.8541,-0.4177,-0.4028,-0.0509
12235,1104,811,33.7,25.748,-0.0029,0.0046,9.7774,0.214,-1.0784,-0.7514
12240,1108,819,33.7,25.67,0.0469,0.0736,9.8135,-0.2899,0.0783,0.9825
12245,1105,820,33.663,25.724,-0.0167,-0.0288,9.7561,-0.0502,0.0448,-0.4162
12250,1103,823,33.707,25.72,0.0111,0.0244,9.7837,0.1957,0.6657,0.1605
12255,1100,823,33.636,25.799,0.0889,-0.0104,9.8147,-0.0003,-0.9752,-0.1935
12260,1094,818,33.626,25.737,0.0309,0.0211,9.7924,-0.9543,-0.1384,0.6138
12265,1102,821,33.688,25.724,-0.0051,0.0388,9.7053,0.3904,-0.2124,0.0627
12270,1097,823,33.668,25.718,-0.0299,-0.0447,9.7771,0.9264,-0.3909,-0.4349
12275,1099,822,33.746,25.746,-0.0252,-0.0638,9.8482,0.8004,-0.1435,-0.5912
12280,1090,829,33.652,25.789,-0.0036,-0.0439,9.7707,0.0139,0.3919,0.3643
12285,1089,830,33.686,25.695,-0.0313,-0.0536,9.7641,-0.1656,0.1175,-0.16
12290,1084,823,33.735,25.766,-0.1088,0.0861,9.8835,0.7136,-0.2758,0.6025
12295,1076,827,33.715,25.759,-0.0357,-0.0039,9.7587,0.2577,0.4223,0.3216
12300,1089,827,33.714,25.72,-0.0412,0.0506,9.8514,-0.4031,-0.3066,0.7604
12305,1081,829,33.705,25.668,-0.044,0.006,9.7893,-0.2475,-0.3409,0.5628
12310,1074,829,33.618,25.773,0.0127,0.0175,9.8495,-0.3318,0.1737,0.5719
12315,1074,828,33.606,25.791,-0.0114,-0.0688,9.7885,0.7431,0.2809,-0.0524
12320,1058,832,33.778,25.675,0.032,0.0012,9.8114,-0.198,-0.2503,-0.1592
12325,1072,837,33.78,25.662,0.0618,0.0887,9.7827,-0.06,0.541,0.022
12330,1065,832,33.712,25.637,0.0089,0.0083,9.8445,0.0231,0.4449,0.0019
12335,1062,827,33.661,25.7,-0.0701,0.014,9.8111,-0.0918,0.3731,0.9021
12340,1051,822,33.657,25.801,-0.0411,0.0228,9.8857,-0.2214,0.5381,-0.0888
12345,1056,832,33.729,25.713,0.0665,-0.0712,9.8319,-0.8586,-0.0022,0.0223
12350,1043,835,33.78,25.751,0.0115,0.0259,9.8118,0.5388,-0.3597,0.2794
12355,1050,831,33.606,25.688,-0.0185,0.0322,9.793,1.1054,0.5415,0.6025
12360,1042,830,33.729,25.757,-0.0565,-0.0274,9.7679,-1.1015,-0.0071,0.3401
12365,1033,831,33.783,25.772,0.0482,0.0946,9.8235,1.0483,-0.4727,0.0915
12370,1032,822,33.647,25.71,-0.0075,-0.0282,9.7576,0.0923,0.6558,-0.1877
12375,1035,827,33.786,25.783,0.031,0.0179,9.7355,0.4562,-0.3277,-0.3329
12380,1023,831,33.655,25.772,0.0047,-0.0831,9.7865,1.1021,0.2453,0.3557
12385,1020,821,33.73,25.776,-0.03,0.0588,9.8806,0.3089,0.1332,0.3177
12390,1000,825,33.714,25.751,0.0863,-0.0486,9.7837,-0.2842,0.7676,0.1344
12395,998,824,33.663,25.754,-0.0262,-0.0247,9.8295,-0.0247,-0.0107,0.4678
12400,989,825,33.761,25.795,0.0799,-0.0686,9.8528,0.5216,-0.5668,0.2124
12405,996,825,33.708,25.688,0.0226,-0.011,9.7797,-0.0263,-0.358,1.1785
12410,972,825,33.679,25.789,0.0321,-0.063,9.7979,0.2151,0.0368,0.3315
12415,978,826,33.69,25.717,0.045,-0.0706,9.8667,-0.185,0.3098,1.1597
12420,972,824,33.703,25.791,0.0121,0.0401,9.8098,-0.4366,0.2063,0.0546
12425,959,827,33.691,25.748,0.091,0.0226,9.7598,0.2903,0.3975,0.4532
12430,949,824,33.689,25.649,-0.0267,0.0161,9.7825,-0.0069,-0.2033,0.5135
12435,942,820,33.702,25.661,0.0097,0.0337,9.7823,0.1354,0.2483,-1.0998
12440,934,819,33.734,25.802,-0.0463,0.0331,9.8229,0.2112,-0.0457,-0.2841
12445,922,826,33.65,25.787,0.0942,-0.003,9.8461,-0.3957,-0.004,-0.0085
12450,917,819,33.72,25.775,-0.0191,0.0043,9.8158,-0.6036,-0.4482,-0.8214
12455,901,824,33.655,25.713,0.0869,0.0689,9.8396,0.4938,0.4495,0.1895
12460,892,821,33.652,25.668,-0.0705,0.0172,9.7784,-0.856,-0.0359,0.3315
12465,889,820,33.736,25.727,-0.0401,-0.0649,9.7963,0.3042,-0.553,-0.3924
12470,884,818,33.776,25.705,0.0747,-0.0892,9.7621,-0.2726,-0.0395,0.2808
12475,860,817,33.709,25.683,-0.0388,0.0143,9.7607,0.3249,0.6547,-0.1842
12480,857,818,33.615,25.729,0.0366,-0.009,9.8129,-0.5399,1.1654,0.4363
12485,848,821,33.709,25.686,-0.0604,-0.0065,9.821,0.5278,-0.5388,0.6248
12490,833,817,33.723,25.64,-0.06,0.0113,9.6925,0.2576,-0.0486,0.419
12495,830,814,33.578,25.748,-0.1103,0.003,9.8682,0.3541,-0.5388,0.0731
12500,823,810,33.761,25.816,0.1052,-0.0707,9.8579,0.4289,0.5343,0.037
12505,816,817,33.845,25.742,-0.163,-0.0474,9.819,0.0884,0.2932,-0.6772
12510,810,816,33.749,25.808,-0.0787,-0.0634,9.8235,-0.3436,0.5891,0.5868
12515,804,816,33.716,25.765,0.0295,0.0083,9.7866,0.179,-0.3222,0.1965
12520,796,817,33.653,25.736,0.0226,0.0688,9.8173,-1.0865,0.0406,-0.9336
12525,803,819,33.727,25.592,0.0055,0.0017,9.7993,0.908,-0.3875,-0.1528
12530,783,818,33.732,25.767,-0.1035,-0.0522,9.8417,0.9194,1.2314,-0.0953
12535,780,812,33.708,25.783,0.0302,0.0595,9.8123,-0.3282,-0.072,-0.1181
12540,780,811,33.689,25.744,-0.0581,0.0233,9.8231,-0.6059,0.1325,0.3333
12545,762,808,33.798,25.814,-0.1202,0.1016,9.7999,-0.0898,0.2457,-1.0322
12550,755,808,33.756,25.769,0.001,0.0603,9.7858,-0.3031,0.2672,-0.418
12555,762,809,33.654,25.751,-0.0231,0.06,9.842,0.9738,0.1129,-0.498
12560,754,815,33.72,25.71,0.0084,-0.0189,9.7965,-0.2141,-0.2807,0.1536
12565,753,810,33.624,25.724,-0.0435,-0.0069,9.8497,-0.15,-0.4783,0.2159
12570,749,807,33.702,25.745,0.0945,-0.0376,9.788,-0.1404,0.3648,-0.1257
12575,746,818,33.643,25.734,-0.0197,0.0343,9.8635,0.0017,0.049,1.1544
12580,753,805,33.766,25.681,0.0558,-0.0311,9.7836,-0.0459,-0.0633,-0.091
12585,753,808,33.68,25.71,0.0009,-0.0412,9.8124,0.1133,0.3762,-0.4708
12590,746,810,33.701,25.761,0.0033,0.0457,9.7691,0.3145,-0.0676,0.5619
12595,748,812,33.668,25.801,0.0055,0.0479,9.8024,0.3046,1.1345,-0.6748
12600,758,805,33.563,25.76,-0.0252,-0.0489,9.8049,-0.8435,0.1886,0.0418
12605,758,810,33.688,25.767,-0.0131,0.0192,9.8384,-0.2161,0.9809,0.6847
12610,757,800,33.761,25.774,-0.0096,0.0225,9.8612,0.8349,0.1351,0.7354
12615,758,804,33.637,25.684,-0.0805,-0.0428,9.7588,0.0939,-0.2272,-0.7324
12620,766,805,33.707,25.716,-0.0698,-0.0646,9.8895,-0.2568,0.0802,-0.0228
12625,762,806,33.636,25.772,-0.0705,0.0518,9.8418,-0.5398,0.6883,0.1975
12630,781,806,33.76,25.812,0.0118,-0.133,9.819,-0.0855,-0.8991,-0.462
12635,782,805,33.665,25.656,-0.0497,-0.0254,9.856,-1.0036,0.1243,-0.1813
12640,797,796,33.681,25.751,-0.1029,0.0049,9.7483,0.3175,-0.1104,0.1234
12645,795,798,33.723,25.668,0.0629,0.0843,9.7725,-0.0501,0.8752,0.0224
12650,801,793,33.715,25.778,0.0166,-0.0505,9.8359,-0.3425,0.245,-0.5633
12655,816,795,33.725,25.772,-0.0065,0.0228,9.8237,-1.0138,0.2025,-0.1079
12660,828,801,33.711,25.691,0.0472,0.0193,9.8417,-0.5167,-0.5918,0.4228
12665,836,795,33.622,25.826,-0.0194,-0.1203,9.8695,-0.2828,0.1454,-0.2779
12670,844,796,33.737,25.725,0.0056,-0.0084,9.8008,-0.3513,0.1626,1.8931
12675,854,791,33.667,25.776,-0.029,-0.0198,9.7554,0.923,-0.0698,0.1732
12680,862,791,33.658,25.712,-0.0075,-0.0156,9.6879,0.6281,-0.261,0.3266
12685,866,792,33.731,25.754,-0.0364,-0.1051,9.7828,0.2579,-0.0552,0.1432
12690,871,789,33.631,25.71,0.0195,-0.0803,9.7768,-0.2383,-0.5186,-1.0139
12695,886,788,33.682,25.827,-0.0327,0.0544,9.8255,-0.4123,-0.671,-0.0016
12700,904,791,33.639,25.803,-0.0029,-0.0312,9.8146,0.8622,-0.3011,-0.141
12705,919,787,33.655,25.699,-0.0049,0.0573,9.7363,-0.7977,-0.1174,0.157
12710,943,783,33.724,25.797,0.0302,-0.0311,9.7649,1.4222,0.3792,0.6358
12715,951,778,33.737,25.803,0.088,-0.0597,9.8432,0.1594,-0.0765,-0.6719
12720,953,779,33.703,25.65,0.0332,0.0749,9.8022,0.4076,-0.074,-0.269
12725,968,782,33.751,25.736,0.0549,0.0219,9.8037,-0.3959,0.066,-0.7062
12730,976,778,33.711,25.674,-0.0146,0.0011,9.89,-0.0178,0.695,0.3571
12735,988,772,33.717,25.784,-0.074,0.116,9.8338,-0.4642,0.0635,-0.1139
12740,1008,768,33.757,25.718,0.0582,0.027,9.8159,-0.6048,-0.0471,0.031
12745,1021,775,33.723,25.693,0.0232,-0.0564,9.8746,-0.2244,-0.1141,0.4271
12750,1029,769,33.78,25.682,0.0043,-0.0286,9.8098,0.1638,-0.6907,-0.4222
12755,1036,771,33.727,25.668,-0.081,0.0179,9.7455,0.8372,-0.1137,-0.6314
12760,1055,769,33.704,25.77,-0.0214,-0.031,9.7699,0.4582,0.0687,0.8692
12765,1056,770,33.712,25.786,0.0114,0.0129,9.8289,-0.0015,0.3422,-0.2493
12770,1074,761,33.705,25.758,-0.0601,0.0364,9.6912,-0.2648,-0.0805,-0.0478
12775,1088,764,33.752,25.714,0.0327,0.0127,9.8223,0.829,0.0085,-0.1652
12780,1085,763,33.718,25.769,0.0003,0.1358,9.8678,-1.2932,0.0301,-0.9981
12785,1103,760,33.616,25.779,0.0537,-0.0406,9.7691,-0.6372,-0.3826,0.4402
12790,1101,764,33.687,25.729,0.1039,-0.0218,9.9531,-0.3529,0.7221,-0.2095
12795,1123,760,33.751,25.663,-0.0823,0.0389,9.7906,0.032,-0.0033,-0.4211
12800,1127,759,33.665,25.677,-0.0323,-0.07,9.7794,0.1976,0.5685,-0.8764
12805,1135,762,33.659,25.72,-0.0227,0.014,9.8131,-0.1065,0.2112,-0.0913
12810,1146,759,33.78,25.685,0.026,0.0559,9.8077,0.4052,0.0742,-0.3332
12815,1136,765,33.713,25.727,-0.0335,-0.1184,9.8542,0.5065,0.1448,0.1261
12820,1146,755,33.683,25.648,0.0614,0.0007,9.7553,0.4837,-0.359,0.1356
12825,1165,760,33.679,25.77,0.0175,0.0224,9.7353,0.1723,0.9292,-0.3046
12830,1164,759,33.633,25.814,0.0732,0.0087,9.8935,0.1669,0.939,0.0372
12835,1169,762,33.778,25.612,0.0085,0.003,9.8233,0.168,0.1397,-0.5676
12840,1172,757,33.638,25.735,-0.0112,0.1206,9.8129,1.2084,0.4554,-0.398
12845,1183,761,33.689,25.826,0.102,-0.0819,9.8189,-0.0813,0.2902,-0.7085
12850,1189,757,33.684,25.771,0.0081,0.044,9.7751,-0.3997,0.9807,-0.0163
12855,1196,760,33.654,25.754,0.0354,-0.0108,9.7483,-0.1587,-0.041,1.3906
12860,1183,758,33.656,25.692,-0.0095,0.0982,9.8468,-0.862,-0.4599,0.0931
12865,1181,757,33.687,25.74,0.0012,0.0366,9.8448,-0.0275,0.5398,-0.5895
12870,1190,765,33.753,25.692,0.039,0.0259,9.7732,-0.2957,0.3143,-0.3982
12875,1200,760,33.697,25.732,0.0076,0.0268,9.8302,0.7123,1.0011,-0.047
12880,1196,760,33.702,25.7,-0.0164,-0.046,9.8365,0.5853,0.7148,0.2058
12885,1188,767,33.744,25.732,0.0574,-0.0694,9.8216,-1.1455,0.3566,0.2685
12890,1187,764,33.736,25.654,-0.0836,-0.0034,9.8808,-0.5321,-0.5122,0.2877
12895,1187,764,33.689,25.644,-0.0117,0.0191,9.8269,-1.0584,-0.194,1.2924
12900,1190,765,33.708,25.711,-0.0225,-0.0332,9.8065,-0.5792,0.6213,0.0479
12905,1185,772,33.734,25.629,0.1013,0.0315,9.8131,-0.1107,-0.8482,0.5559
12910,1186,769,33.701,25.848,-0.0067,-0.0248,9.8084,0.5596,-0.1464,0.2451
12915,1183,771,33.74,25.804,-0.0214,-0.0215,9.8522,0.1608,0.0136,-0.3213
12920,1174,776,33.566,25.684,-0.0521,0.0367,9.762,-0.3949,0.1288,-0.9126
12925,1181,774,33.691,25.757,0.0449,-0.0133,9.7628,0.2985,-0.3961,0.1576
12930,1181,776,33.752,25.763,-0.0228,0.03,9.7979,-0.0169,-0.2384,-0.1753
12935,1158,773,33.689,25.704,-0.0306,0.0887,9.836,-0.0334,0.359,-0.2447
12940,1170,781,33.656,25.779,-0.0174,-0.0125,9.8252,-0.6421,0.1965,-0.9041
12945,1163,783,33.781,25.725,-0.0304,0.0249,9.7531,0.171,0.0727,-0.1412
12950,1167,785,33.719,25.692,-0.0695,0.0475,9.793,0.3938,0.1108,-0.8302
12955,1148,789,33.741,25.739,0.0054,-0.0376,9.867,0.6908,-0.0042,0.063
12960,1147,787,33.737,25.808,0.0441,-0.0235,9.8448,-0.6391,0.5012,-0.3538
12965,1149,791,33.698,25.743,0.0201,0.0018,9.7948,-0.6724,0.5439,-0.3959
12970,1146,790,33.784,25.716,-0.0587,-0.0127,9.8397,0.0058,0.3188,0.3945
12975,1148,789,33.748,25.657,-0.0211,0.0023,9.705,0.08,-0.3279,0.1518
12980,1138,792,33.731,25.777,0.0247,0.0076,9.7664,-0.9694,0.2523,-0.2504
12985,1137,800,33.655,25.69,-0.0884,0.017,9.7623,-0.6337,0.383,0.1594
12990,1135,798,33.699,25.733,-0.0112,0.0635,9.7957,-0.4505,0.3474,0.092
12995,1134,801,33.819,25.706,-0.0048,0.0715,9.7347,-0.4895,0.4718,-0.5634
13000,1129,804,33.654,25.764,-0.0746,-0.0097,9.7968,-0.1983,-0.4984,0.8257
13005,1131,805,33.665,25.743,0.0221,0.0211,9.738,0.7152,0.4354,0.6343
13010,1125,806,33.652,25.727,0.105,-0.0032,9.8839,0.5303,0.7453,-0.4446
13015,1114,804,33.776,25.787,-0.0107,-0.0367,9.8569,-0.6913,0.4202,0.0729
13020,1123,815,33.79,25.775,-0.0173,-0.0387,9.7964,0.1149,-0.3413,-0.1757
13025,1107,810,33.706,25.698,-0.0169,0.0098,9.8892,-0.1346,-0.84,0.3754
13030,1113,814,33.724,25.844,-0.0332,0.0713,9.7836,1.0482,-0.7846,0.0366
13035,1116,820,33.72,25.745,-0.0026,0.0885,9.8557,-0.3148,0.2736,-0.2724
13040,1109,814,33.664,25.712,0.0538,-0.0565,9.8077,-0.5312,0.088,-0.0755
13045,1103,820,33.752,25.783,0.0119,0.0013,9.7649,-0.0646,0.329,0.691
13050,1106,819,33.691,25.734,0.0415,0.0362,9.808,0.4595,0.1128,-0.1979
13055,1097,821,33.729,25.773,-0.0217,-0.0386,9.8103,0.3204,-0.3001,0.6361
13060,1094,824,33.665,25.78,0.0147,0.0309,9.8011,-0.2003,0.2331,-0.4172
13065,1097,821,33.648,25.709,0.0223,-0.0998,9.8216,0.3866,-0.9157,-0.4439
13070,1082,826,33.662,25.756,-0.0308,0.017,9.7804,0.0975,-0.4504,0.2043
13075,1094,825,33.707,25.692,-0.0256,0.0153,9.849,-0.2739,0.1453,0.6536
13080,1092,824,33.771,25.874,-0.0372,0.0669,9.8205,0.1301,0.3245,-0.8633
13085,1087,826,33.757,25.827,-0.0083,0.0352,9.8598,0.541,-0.4185,-0.0142
13090,1083,830,33.647,25.68,-0.0433,0.0164,9.9143,-0.5441,0.1181,0.3033
13095,1088,827,33.715,25.658,-0.0184,-0.0657,9.7811,0.1355,-0.0295,-0.3821
13100,1076,827,33.668,25.707,-0.0191,0.0,9.8059,0.2184,0.1458,0.4703
13105,1080,831,33.728,25.717,-0.0792,0.0163,9.8769,-0.096,-0.1322,0.1646
13110,1079,827,33.704,25.777,-0.1112,0.0223,9.8502,0.765,-0.6984,-0.2548
13115,1074,827,33.747,25.805,-0.004,0.0477,9.7596,-0.2211,0.5194,-1.0026
13120,1065,831,33.662,25.841,-0.0132,0.0263,9.828,0.3086,-0.5635,0.3759
13125,1069,825,33.628,25.678,0.0505,0.0417,9.8745,0.8941,-0.0809,-1.2459
13130,1069,829,33.636,25.721,-0.0438,-0.0655,9.8827,0.2593,-0.0733,-0.8224
13135,1058,832,33.715,25.765,-0.0147,-0.0097,9.801,-0.6086,-1.116,0.0375
13140,1060,827,33.742,25.772,0.0353,-0.0541,9.7906,-0.2612,0.1967,0.8128
13145,1049,834,33.74,25.677,0.0563,-0.052,9.7355,0.5022,-0.0354,-0.1082
13150,1051,832,33.684,25.657,0.0113,0.0351,9.7279,-0.2276,0.4588,-0.416
13155,1044,836,33.692,25.732,-0.0504,0.0862,9.8821,0.3577,0.7028,-0.5152
13160,1041,828,33.648,25.819,0.0272,-0.0094,9.7442,0.2725,-0.9753,-0.0716
13165,1035,828,33.716,25.804,-0.0351,-0.0295,9.869,-0.0162,0.0706,0.7877
13170,1027,827,33.683,25.735,0.0737,-0.0357,9.7879,-0.9433,0.6196,-0.4393
13175,1027,828,33.724,25.718,0.0304,-0.0414,9.7964,0.171,0.1134,-0.361
13180,1014,824,33.655,25.71,-0.013,0.0952,9.8341,-0.1548,-0.4182,0.5391
13185,999,829,33.656,25.68,0.0235,0.0629,9.8224,0.0773,-0.1364,-0.0381
13190,1004,824,33.696,25.762,-0.0997,-0.011,9.8723,-0.3484,0.0566,-0.3224
13195,992,822,33.728,25.698,0.0381,0.0359,9.8188,0.6628,-0.0331,-0.4059
13200,996,826,33.783,25.783,-0.0176,-0.0144,9.8592,-0.3307,0.1849,-0.2389
13205,988,823,33.631,25.667,-0.0622,0.0041,9.7343,0.3477,0.2477,0.4774
13210,977,830,33.754,25.815,0.0406,0.0496,9.7686,0.4431,0.4467,-0.7685
13215,970,824,33.774,25.706,0.0332,0.052,9.8175,-0.7126,-0.064,-0.12
13220,955,820,33.758,25.758,-0.0274,0.0927,9.8138,-0.8277,-0.2826,0.0435
13225,945,819,33.663,25.694,0.01,0.0398,9.7913,-0.2409,-0.4531,0.5239
13230,943,828,33.719,25.725,-0.0712,-0.083,9.8574,0.2083,0.3871,0.4321
13235,936,822,33.688,25.815,-0.0128,0.0565,9.8445,-0.3865,0.4529,0.3313
13240,931,821,33.75,25.819,-0.0744,-0.076,9.8362,0.4801,-0.108,0.6808
13245,920,817,33.733,25.641,-0.0249,0.0459,9.9199,0.1429,0.0441,-0.2457
13250,909,820,33.633,25.785,-0.0456,0.0376,9.9009,0.0799,-0.3005,-0.259
13255,907,818,33.725,25.812,-0.08,0.0549,9.8688,-0.377,-0.5307,-0.3193
13260,886,821,33.696,25.79,0.0421,0.0372,9.7697,0.043,0.0873,-0.0819
13265,886,818,33.647,25.793,-0.0187,0.0258,9.8899,-0.1538,0.7166,0.7639
13270,872,819,33.796,25.805,0.0299,0.0116,9.8157,-0.2356,-0.6962,-0.678
13275,855,819,33.655,25.754,0.0323,0.0447,9.889,0.4041,0.1109,-0.0813
13280,850,820,33.668,25.719,0.0658,-0.071,9.8198,0.3486,0.1078,0.1303
13285,846,811,33.679,25.698,-0.016,0.0178,9.77,0.224,0.492,-0.0284
13290,832,819,33.749,25.695,-0.0244,-0.1166,9.8891,0.2332,0.277,0.1114
13295,833,819,33.678,25.71,-0.0468,-0.0098,9.8652,0.6686,0.0031,-0.4809
13300,825,807,33.692,25.788,0.09,-0.0368,9.7995,0.3159,0.0002,-0.4767
13305,812,820,33.653,25.66,0.0302,0.0531,9.8566,-0.6618,-0.2336,-0.1076
13310,813,821,33.671,25.739,-0.0588,0.0596,9.8535,-0.5467,-0.9424,0.5482
13315,800,819,33.688,25.746,-0.0523,-0.0405,9.8025,0.221,-0.5337,-0.1469
13320,796,818,33.638,25.648,-0.0747,-0.012,9.7871,-0.0535,-0.13,0.2428
13325,784,812,33.736,25.685,0.006,0.005,9.8226,-0.1018,0.3081,0.2115
13330,767,815,33.645,25.734,0.0232,0.0586,9.7793,-0.0323,0.2356,-0.4495
13335,768,811,33.674,25.687,0.0021,-0.0326,9.762,1.6727,0.0294,-0.3746
13340,769,812,33.847,25.767,0.0383,0.0419,9.8506,-0.2507,0.6307,0.3971
13345,768,814,33.67,25.707,-0.0337,-0.0194,9.7892,-0.0482,0.0247,0.109
13350,759,813,33.711,25.775,0.0346,-0.0618,9.8489,0.8236,0.2508,-0.8703
13355,761,814,33.8,25.686,0.0072,0.0233,9.7437,-0.5735,-0.4229,0.7542
13360,741,810,33.781,25.798,0.056,0.0192,9.7172,0.5286,-0.4147,-0.9154
13365,742,812,33.76,25.835,-0.0138,-0.034,9.811,0.3379,0.3676,0.1453
13370,748,814,33.724,25.727,0.0359,0.0313,9.7341,-1.0554,-0.4599,0.2061
13375,751,809,33.731,25.663,-0.025,-0.0299,9.7826,0.112,0.8777,-0.0218
13380,746,813,33.744,25.655,0.0292,-0.0617,9.8711,-0.2283,-0.1682,0.2347
13385,746,806,33.726,25.771,0.0045,0.0503,9.8273,-0.5816,0.2606,0.3283
13390,752,807,33.639,25.676,-0.0319,0.0334,9.7778,0.3744,-1.0308,0.7467
13395,745,809,33.706,25.716,-0.0227,0.0115,9.8378,-0.5325,0.2218,-1.4844
13400,750,807,33.638,25.783,-0.0429,0.0269,9.7459,0.449,-0.4258,0.5407
13405,761,804,33.661,25.876,0.109,-0.0163,9.8288,0.3428,0.5349,0.0699
13410,760,805,33.75,25.711,-0.0699,-0.0171,9.8666,-0.8688,-0.8228,-0.3712
13415,760,806,33.675,25.763,-0.0574,-0.1035,9.8329,-0.321,-0.4276,0.7373
13420,759,807,33.742,25.764,0.0404,0.031,9.786,0.2152,-0.1309,1.4556
13425,775,805,33.663,25.691,0.0017,0.0377,9.7946,0.4722,-0.2546,0.2259
13430,770,802,33.685,25.788,0.0158,-0.0793,9.744,0.3919,-0.5375,0.2215
13435,782,805,33.646,25.763,0.0284,0.0112,9.7849,0.3343,-0.0268,0.4849
13440,787,801,33.734,25.728,-0.0555,-0.0188,9.7776,-0.5763,0.665,0.4305
13445,794,799,33.695,25.778,-0.031,-0.0142,9.8326,-0.3848,-0.1307,0.1022
13450,814,796,33.673,25.663,0.0194,-0.0309,9.745,-0.4971,-0.8587,-0.1697
13455,824,794,33.687,25.629,-0.0482,0.001,9.8783,-0.3628,0.5783,0.243
13460,824,801,33.612,25.633,-0.0304,0.0705,9.7507,0.5739,-0.0627,-0.582
13465,832,791,33.721,25.859,0.0267,0.0776,9.8649,0.6269,-0.1482,-0.0843
13470,841,789,33.629,25.839,-0.0561,-0.0145,9.7375,0.583,-0.0602,0.4314
13475,856,793,33.589,25.701,-0.0231,0.0482,9.8573,-0.1603,0.1459,-0.8304
13480,865,793,33.597,25.723,-0.0359,-0.0405,9.7639,-0.0504,-0.558,0.4923
13485,878,785,33.686,25.758,-0.0325,-0.0213,9.8139,0.5719,-0.319,-0.4594
13490,890,788,33.692,25.745,-0.0216,-0.0487,9.8243,1.1704,-0.7796,-0.7636
13495,903,783,33.785,25.767,0.029,-0.0141,9.8434,0.5843,0.0255,-0.9952
13500,918,786,33.711,25.793,-0.0118,-0.0484,9.8773,0.2699,-0.5185,0.2637
13505,929,785,33.759,25.767,0.0202,-0.0058,9.8425,0.2536,-0.3963,0.3426
13510,935,777,33.67,25.735,0.12,0.0175,9.7659,-0.2567,-0.2488,-1.0441
13515,937,788,33.696,25.729,0.03,0.1056,9.8299,0.7193,-0.5095,0.1421
13520,967,779,33.77,25.712,0.0678,0.0168,9.7644,0.2837,0.4927,-0.1438
13525,968,778,33.715,25.701,0.0742,0.0314,9.7302,-0.013,-0.4615,0.1156
13530,989,773,33.785,25.673,-0.0102,0.0336,9.748,0.6377,-0.1599,0.266
13535,987,773,33.758,25.794,-0.0043,-0.0744,9.7691,-0.6423,0.1243,0.0943
13540,1008,773,33.744,25.739,0.0727,-0.0074,9.8265,-0.0709,1.2412,0.1408
13545,1012,774,33.717,25.786,-0.0267,-0.0425,9.8356,-0.1366,0.0186,-0.0162
13550,1040,773,33.725,25.785,0.0786,-0.0382,9.7558,-0.9585,0.5919,-0.0788
13555,1050,768,33.722,25.679,-0.0711,0.0439,9.86,0.1529,-0.043,-0.3961
13560,1057,768,33.737,25.744,-0.0458,-0.0926,9.7966,-1.0535,0.8582,0.3489
13565,1073,764,33.698,25.797,0.0336,-0.0374,9.7595,0.4572,0.1132,-0.8203
13570,1080,761,33.805,25.757,-0.0462,-0.0679,9.7828,0.6107,0.2036,0.548
13575,1094,764,33.661,25.781,0.0154,0.0283,9.7693,0.4,-0.4314,-0.5346
13580,1098,765,33.722,25.673,0.066,0.0388,9.773,-0.0713,-0.224,-0.0413
13585,1104,757,33.645,25.781,-0.0672,-0.0337,9.7469,0.6148,0.1259,-0.0573
13590,1117,755,33.696,25.75,0.0352,-0.0492,9.8255,-0.4586,0.3037,-0.0199
13595,1118,760,33.718,25.731,0.0065,-0.0041,9.7478,-0.8902,0.0864,-0.118
13600,1127,758,33.756,25.815,0.0555,-0.0701,9.826,-0.9891,-1.2882,0.0657
13605,1140,763,33.731,25.764,-0.0658,-0.0226,9.7708,-0.6426,0.7192,0.3815
13610,1142,759,33.697,25.769,0.0456,0.0482,9.8829,0.191,0.0634,-0.2369
13615,1144,755,33.766,25.716,-0.0127,-0.031,9.8059,-0.206,0.4756,-0.2406
13620,1152,761,33.634,25.768,-0.0297,-0.0389,9.7785,-0.0262,0.0884,0.5119
13625,1169,759,33.737,25.71,-0.066,-0.0561,9.7412,0.2042,-0.2996,-0.4593
13630,1173,757,33.761,25.733,-0.0951,0.1282,9.8207,0.3872,0.3248,0.641
13635,1176,759,33.752,25.744,0.0216,-0.0435,9.7251,-1.4449,0.0059,0.2426
13640,1176,755,33.72,25.719,0.0251,-0.0396,9.8085,-0.5478,-0.0271,0.2696
13645,1175,759,33.726,25.781,0.0104,0.0767,9.7792,1.3472,0.7132,0.0474
13650,1181,762,33.727,25.751,0.0441,0.1147,9.7127,-0.5788,0.8366,0.2465
13655,1178,762,33.577,25.838,-0.003,-0.0202,9.8166,-0.8598,-0.405,0.8475
13660,1179,758,33.712,25.708,0.0624,-0.027,9.7494,0.1716,0.0849,0.0369
13665,1198,758,33.748,25.683,-0.0675,0.0175,9.8824,0.4116,-0.2314,-0.8971
13670,1191,766,33.719,25.724,0.0046,-0.0138,9.8607,0.4223,-0.2501,-0.6839
13675,1176,760,33.715,25.65,0.1322,-0.0048,9.7566,-0.4917,-0.1739,0.5778
13680,1191,768,33.767,25.778,-0.0793,-0.036,9.8269,-0.2448,0.4048,0.1796
13685,1181,768,33.691,25.687,-0.039,-0.0428,9.8928,-0.1598,0.0639,-0.6414
13690,1188,765,33.675,25.742,0.0138,0.0929,9.9268,-0.2448,0.3391,-0.0862
13695,1189,769,33.738,25.692,0.0181,0.0757,9.8398,0.2043,-0.0116,0.8936
13700,1188,765,33.641,25.725,0.0298,0.0769,9.7266,0.1736,-0.5633,0.9294
13705,1191,773,33.682,25.733,0.0235,0.0548,9.8371,1.1887,-0.0187,0.3549
13710,1183,769,33.631,25.806,-0.0231,0.0462,9.8317,0.23,0.7924,-0.6496
13715,1181,774,33.695,25.792,-0.0279,-0.0449,9.7359,-0.4793,0.4503,-0.4635
13720,1179,778,33.641,25.769,-0.0071,0.0246,9.7923,-0.4355,-0.4487,0.4862
13725,1180,777,33.72,25.728,0.0368,-0.0071,9.7736,0.0939,0.0229,0.5464
13730,1180,778,33.766,25.788,0.078,0.0303,9.8435,0.4758,0.2347,-1.0182
13735,1174,782,33.696,25.743,0.0205,-0.0222,9.7592,-0.3774,-0.0546,0.3309
13740,1174,780,33.672,25.879,0.0258,0.0429,9.8123,-0.0187,0.3505,-0.4734
13745,1160,782,33.676,25.695,-0.0699,-0.0322,9.7825,-0.534,-0.1364,0.798
13750,1165,785,33.663,25.802,0.0699,0.0294,9.7685,0.4755,-0.1998,0.4312
13755,1161,789,33.734,25.825,0.012,0.0854,9.797,0.6838,-0.1988,-0.1709
13760,1151,785,33.671,25.747,-0.0537,-0.0219,9.7924,-0.0942,-0.1021,-0.2861
13765,1150,789,33.614,25.808,-0.0224,-0.0245,9.8134,0.571,0.281,-0.0195
13770,1151,793,33.698,25.69,0.0218,-0.0248,9.8378,0.0144,0.4456,-0.1382
13775,1147,792,33.737,25.701,0.0831,-0.0393,9.8305,-0.1871,0.3417,0.3351
13780,1143,794,33.606,25.82,-0.0237,-0.0796,9.9131,-0.1556,-0.7378,0.0189
13785,1134,800,33.756,25.727,0.0855,0.055,9.7444,0.163,0.0107,0.1091
13790,1133,803,33.664,25.669,-0.0652,-0.011,9.856,0.1466,0.634,0.8867
13795,1132,807,33.662,25.769,0.0277,-0.0025,9.8938,0.5848,-0.0382,0.3249
13800,1126,807,33.655,25.821,0.0186,-0.0363,9.7968,0.0715,-0.7245,0.2976
13805,1118,810,33.701,25.788,-0.0002,0.067,9.7703,-0.2699,-0.2855,-0.3642
13810,1125,810,33.703,25.783,-0.1404,-0.0143,9.7729,-0.2773,-0.2337,0.1235
13815,1110,809,33.639,25.7,0.0529,0.0004,9.8692,0.2601,0.1077,-0.4225
13820,1109,810,33.643,25.798,0.0482,0.022,9.7615,0.5173,0.6408,0.5565
13825,1111,811,33.622,25.839,0.022,0.0386,9.7696,0.0114,-0.2328,0.1664
13830,1110,811,33.748,25.746,-0.017,-0.0224,9.817,-0.5053,0.4449,0.2808
13835,1108,818,33.676,25.648,-0.0922,0.0186,9.8218,-0.1692,-0.0566,0.0326
13840,1102,820,33.703,25.745,-0.0821,-0.0209,9.7912,0.3024,1.0489,0.1814
13845,1108,818,33.653,25.741,0.0278,-0.0106,9.7384,-0.6189,0.4389,-0.5703
13850,1100,823,33.706,25.764,0.0194,0.0021,9.7839,-0.6359,-0.2061,0.0888
13855,1098,827,33.737,25.768,0.0739,-0.0219,9.7261,-0.5928,-0.2785,0.036
13860,1098,828,33.635,25.77,-0.0403,-0.0268,9.816,0.935,0.7968,0.8228
13865,1085,824,33.665,25.747,-0.0315,0.0073,9.8394,-0.5403,-0.679,0.0216
13870,1092,828,33.698,25.771,-0.0122,-0.0022,9.8068,0.395,0.4378,0.0926
13875,1086,830,33.616,25.717,-0.0115,-0.0095,9.7801,-0.6857,0.066,-0.0608
13880,1089,823,33.727,25.704,-0.0177,-0.0386,9.8047,-0.2081,-0.1872,-0.074
13885,1091,823,33.689,25.631,-0.1366,0.0131,9.8287,-0.4675,-0.5773,0.3975
13890,1085,826,33.622,25.829,0.0087,0.0408,9.863,-0.0349,0.6073,-0.0883
13895,1086,832,33.732,25.749,-0.0857,0.0021,9.8424,0.3591,-0.1095,-0.123
13900,1083,832,33.679,25.673,-0.029,-0.0908,9.8555,0.0722,0.4501,0.8297
13905,1077,830,33.67,25.763,0.0681,0.0149,9.7558,0.2077,-0.5815,-0.2169
13910,1066,827,33.766,25.754,-0.0082,-0.048,9.8821,0.0017,0.2465,-0.6573
13915,1082,828,33.768,25.689,0.0044,-0.0276,9.8283,0.3079,0.2225,-0.2437
13920,1070,828,33.709,25.703,0.0305,0.0036,9.8441,1.0108,0.6535,-0.2846
13925,1070,827,33.674,25.802,-0.1107,-0.0464,9.7924,0.5808,0.4183,0.0551
13930,1065,826,33.654,25.751,0.0603,0.0026,9.7992,0.5594,0.4241,-0.0105
13935,1069,831,33.679,25.758,0.0099,-0.0314,9.8519,-0.0721,-0.1815,0.4349
13940,1055,827,33.71,25.801,0.0094,0.0255,9.8102,-0.4713,-0.1319,-0.2198
13945,1050,833,33.753,25.739,0.0419,-0.0128,9.8313,0.1437,0.5069,-0.9331
13950,1044,827,33.824,25.813,0.0385,0.0468,9.9157,0.565,-0.0647,0.1343
13955,1047,830,33.787,25.67,-0.0298,-0.0425,9.8325,0.1564,0.1288,0.6812
13960,1043,830,33.678,25.684,-0.0159,0.0383,9.8887,0.6812,-0.2288,-0.4431
13965,1034,834,33.663,25.785,-0.0402,0.0413,9.8208,-0.4563,-0.002,0.1439
13970,1021,823,33.701,25.715,0.0276,-0.0538,9.7959,0.2723,0.2379,0.4187
13975,1025,829,33.765,25.767,0.0443,-0.0245,9.8024,-0.3114,-0.3236,0.1549
13980,1015,830,33.746,25.739,-0.0551,0.0161,9.8579,0.0723,-0.3618,0.409
13985,1006,831,33.724,25.805,-0.0757,-0.0196,9.7768,0.189,0.1583,0.1649
13990,1004,827,33.709,25.772,-0.0394,0.1344,9.8018,-0.8242,0.5151,1.6263
13995,996,826,33.685,25.778,-0.1116,-0.089,9.8703,-0.3544,0.6761,-0.3057
14000,984,824,33.73,25.741,-0.0143,-0.0395,9.8282,-0.7053,0.7089,0.2056
14005,984,822,33.715,25.748,-0.0039,-0.0604,9.7906,0.0062,-0.3478,-0.4927
14010,978,826,33.651,25.753,-0.0376,-0.0169,9.8631,0.5328,0.2704,0.5842
14015,962,826,33.64,25.814,-0.0241,0.0728,9.8088,0.0948,0.2532,-0.2851
14020,962,827,33.762,25.755,-0.025,0.0406,9.806,0.3647,-0.0364,-0.9945
14025,939,821,33.631,25.81,-0.0341,0.0387,9.8554,-0.562,1.0716,0.3064
14030,937,820,33.774,25.758,0.0187,-0.0295,9.8659,0.4137,-0.1311,0.2818
14035,937,827,33.655,25.699,0.029,0.1011,9.6948,-0.7404,0.0489,0.0691
14040,918,824,33.772,25.695,-0.0486,-0.0122,9.7403,-0.1031,0.088,-0.4712
14045,908,826,33.704,25.808,0.0293,-0.0193,9.7969,0.3702,0.4071,-0.8453
14050,903,825,33.667,25.793,0.0237,-0.0088,9.807,0.6559,-0.4149,-0.5799
14055,899,821,33.712,25.807,-0.011,-0.0691,9.8476,-0.5367,0.7678,-0.4158
14060,892,819,33.746,25.701,0.0263,-0.0473,9.7526,0.1052,0.3044,0.0996
14065,873,823,33.611,25.781,-0.0432,0.0285,9.7476,-0.0333,0.7569,0.166
14070,863,813,33.699,25.755,-0.0071,0.0449,9.8926,0.0619,0.6963,-1.3082
14075,860,821,33.761,25.768,0.0326,0.0942,9.7785,0.6613,0.2179,0.5574
14080,849,816,33.652,25.704,0.0193,0.0724,9.8685,0.4745,0.3377,-0.755
14085,840,812,33.668,25.8,0.0477,0.0121,9.729,0.2851,-0.1277,0.0768
14090,837,816,33.68,25.708,0.0428,-0.0048,9.8141,0.1636,0.6514,0.5675
14095,821,815,33.802,25.723,-0.0595,0.0302,9.8778,0.0114,-0.0445,0.2477
14100,822,816,33.635,25.767,0.0171,-0.0583,9.8206,-0.5884,-0.2753,-0.7864
14105,810,817,33.716,25.771,0.0433,-0.0389,9.8109,-0.0227,0.3051,-0.084
14110,813,816,33.678,25.759,-0.0628,-0.0353,9.9064,-1.0605,0.259,0.3546
14115,800,819,33.683,25.807,-0.0779,-0.0653,9.829,-0.6631,-0.1669,0.3798
14120,787,818,33.645,25.72,0.0489,-0.0286,9.7929,0.0711,-0.7902,-0.4472
14125,782,809,33.639,25.799,-0.0227,0.0105,9.8269,-0.5472,0.4758,-1.2803
14130,775,813,33.726,25.703,-0.0174,-0.012,9.9075,0.1921,-0.8648,0.1825
14135,773,812,33.69,25.754,-0.0022,-0.0369,9.6247,0.0308,0.1715,-0.6476
14140,766,814,33.663,25.697,-0.0014,-0.0386,9.7482,-0.3642,-0.3293,0.5734
14145,762,812,33.673,25.658,-0.084,0.0302,9.8333,-0.3794,-0.6545,1.0254
14150,748,817,33.756,25.731,-0.0586,-0.0252,9.8039,0.1168,0.8324,0.3785
14155,744,814,33.673,25.746,0.0204,-0.0397,9.8256,0.1161,-0.1387,-1.1433
14160,748,811,33.746,25.739,-0.0497,-0.0739,9.7751,0.0585,0.5773,-0.0709
14165,746,810,33.726,25.793,-0.018,0.0709,9.8974,0.1235,0.0334,0.9472
14170,746,808,33.623,25.876,0.0163,-0.0711,9.7087,0.0128,0.6266,-0.1854
14175,747,814,33.678,25.781,0.0411,0.0096,9.8071,0.2892,0.6243,0.4193
14180,745,813,33.676,25.722,0.0297,-0.0529,9.8444,-0.1766,0.2582,-0.5675
14185,749,811,33.721,25.804,-0.0027,0.0319,9.7575,-0.3536,-0.8915,0.9868
14190,746,809,33.709,25.731,0.0315,0.0334,9.8201,0.2461,0.4206,0.2001
14195,749,815,33.785,25.637,-0.0179,0.0441,9.9478,-0.9951,-0.1652,-0.272
14200,750,804,33.619,25.758,0.0122,-0.1355,9.6847,0.5257,-0.0398,0.2781
14205,750,805,33.725,25.83,-0.007,0.0338,9.6581,-1.4747,-0.7475,-0.8435
14210,758,808,33.682,25.711,-0.0502,-0.0647,9.7604,0.1791,-0.2935,-0.4397
14215,770,805,33.684,25.725,0.0233,0.0223,9.7762,-0.074,-0.1148,0.1778
14220,768,804,33.67,25.802,-0.033,-0.0104,9.7937,-0.7846,-0.0065,0.6857
14225,777,802,33.733,25.65,-0.0583,-0.0559,9.8142,-0.296,-0.2265,-0.0031
14230,784,800,33.719,25.749,0.0344,0.0322,9.7125,-0.3925,0.0137,1.2442
14235,782,798,33.663,25.742,-0.06,-0.0396,9.8604,-0.3321,-0.3116,0.5761
14240,792,803,33.614,25.794,0.0841,-0.0208,9.8263,-0.7097,-0.0697,-0.2914
14245,808,801,33.726,25.738,0.0098,0.024,9.7892,-0.6328,0.5758,-0.5089
14250,808,797,33.67,25.713,-0.0284,0.0299,9.8748,0.4105,0.0925,-0.6978
14255,823,795,33.66,25.721,0.0335,0.0282,9.7702,-0.1853,1.2938,0.254
14260,836,795,33.713,25.709,-0.0234,0.1003,9.9072,0.6186,0.5037,-1.5169
14265,844,799,33.677,25.866,0.0236,-0.0217,9.829,-0.18,0.2999,0.129
14270,854,795,33.677,25.674,-0.0489,-0.0235,9.7977,0.0043,-0.2237,-0.9765
14275,860,788,33.621,25.739,0.0011,-0.0059,9.8473,-0.0959,0.8007,0.3021
14280,863,786,33.693,25.765,-0.0168,0.051,9.8517,0.3283,-0.2547,0.9546
14285,878,792,33.765,25.774,-0.0387,0.0581,9.7599,0.0246,-0.4865,-0.929
14290,886,790,33.746,25.704,-0.0365,-0.0362,9.874,-0.245,0.1593,0.7634
14295,907,789,33.637,25.731,-0.0644,-0.0233,9.7972,-0.8652,-0.3315,0.6797
14300,924,789,33.803,25.754,-0.0381,-0.0882,9.7737,-0.5946,0.1335,-0.4257
14305,928,786,33.697,25.782,-0.0133,0.0336,9.7884,0.2971,0.8798,-0.2857
14310,939,783,33.796,25.762,-0.0271,-0.0414,9.8539,-0.6592,0.0673,0.4381
14315,965,780,33.672,25.788,0.0173,-0.0017,9.774,-0.9052,-0.1469,0.3221
14320,975,781,33.781,25.736,0.0023,-0.0121,9.8779,0.2602,0.4268,0.5275
14325,978,776,33.663,25.637,0.0149,-0.0377,9.8202,-0.1242,0.0556,-0.5386
14330,1008,777,33.733,25.614,-0.0323,0.1407,9.8008,0.6291,0.2385,-0.0045
14335,1013,774,33.661,25.754,-0.0085,0.0709,9.726,0.1781,-0.1429,0.3911
14340,1018,772,33.652,25.715,-0.023,-0.0599,9.8388,0.5241,-0.3836,0.7388
14345,1024,770,33.706,25.699,0.0707,-0.053,9.722,-0.1226,0.0206,-0.5084
14350,1034,773,33.684,25.731,-0.0022,0.0284,9.8146,-0.2167,-0.3592,0.0385
14355,1057,770,33.641,25.777,0.0454,-0.0141,9.7799,-0.1307,0.3879,0.3432
14360,1056,767,33.732,25.668,-0.0172,-0.0612,9.8271,0.2605,-1.4515,0.6726
14365,1076,768,33.606,25.734,0.0364,0.0531,9.8091,0.2163,-0.3031,0.8294
14370,1078,761,33.753,25.788,-0.073,-0.0587,9.7471,-0.1167,0.771,-0.2253
14375,1098,765,33.656,25.742,-0.0223,0.0394,9.841,-1.1253,-0.7518,0.6287
14380,1094,766,33.761,25.829,-0.0775,0.014,9.8147,0.2458,0.3458,-0.1162
14385,1105,761,33.758,25.673,-0.03,-0.0775,9.8589,-0.3687,0.1409,-0.2741
14390,1117,761,33.657,25.695,-0.0025,0.0035,9.7608,1.4009,0.123,0.4967
14395,1129,764,33.741,25.695,0.0429,-0.1331,9.8444,-0.3023,0.0529,-0.4538
14400,1139,764,33.683,25.765,0.0177,0.0146,9.8761,-0.7172,-0.2059,0.0539
14405,1141,757,33.608,25.808,0.0351,-0.0407,9.8891,0.0089,0.2472,-0.1199
14410,1152,757,33.735,25.699,-0.004,-0.0352,9.8749,-0.2665,-0.8207,0.2103
14415,1155,758,33.756,25.657,0.0754,0.0734,9.8294,-0.3366,-0.1312,-0.1187
14420,1163,757,33.686,25.775,0.0129,-0.0595,9.79,-0.2722,-0.3876,-0.4209
14425,1169,756,33.666,25.769,-0.0222,-0.0101,9.8702,-0.2435,0.1401,0.2719
14430,1170,754,33.663,25.697,-0.0049,-0.0318,9.8427,-0.2613,-1.0294,-0.1006
14435,1173,756,33.755,25.717,0.0426,-0.016,9.9345,0.0018,-0.2846,-0.2148
14440,1176,760,33.769,25.798,0.0913,0.0173,9.7852,-1.1412,-0.629,-0.5152
14445,1182,762,33.742,25.793,0.1228,-0.0314,9.7972,-0.4351,0.4257,0.2733
14450,1186,760,33.698,25.752,0.0374,-0.1196,9.808,-0.1544,0.0957,-0.7119
14455,1186,757,33.656,25.686,0.0412,-0.0534,9.8387,-1.2184,0.2143,-0.0065
14460,1184,759,33.679,25.795,-0.0626,-0.1393,9.7552,0.1502,0.3065,-0.3447
14465,1180,760,33.728,25.703,0.0102,0.0611,9.799,0.6655,0.117,0.2875
14470,1186,764,33.773,25.795,0.055,-0.0511,9.7769,0.0358,0.7855,0.2074
14475,1202,766,33.688,25.777,-0.0624,-0.0875,9.8063,-0.4538,-0.0486,-0.5533
14480,1198,763,33.716,25.736,0.0999,0.0562,9.8622,0.7813,-0.4749,1.0042
14485,1184,764,33.765,25.863,0.0896,0.0193,9.7735,-0.0636,-0.3019,-0.2216
14490,1178,768,33.621,25.662,-0.0626,0.0013,9.7457,0.1751,-0.808,0.379
14495,1188,764,33.742,25.788,-0.0624,-0.0166,9.8502,-0.6762,-0.2935,-0.2998
14500,1174,768,33.772,25.759,-0.0469,-0.0379,9.8227,-0.0642,0.4683,0.0602
14505,1178,768,33.701,25.759,0.1035,0.0435,9.8234,-0.7079,-0.1022,-0.0356
14510,1179,771,33.688,25.738,-0.0155,-0.1113,9.8796,0.1852,-0.5323,-0.8007
14515,1177,772,33.682,25.731,-0.0441,-0.0497,9.8389,-0.1415,-0.5958,-0.3585
14520,1173,772,33.763,25.749,0.0608,0.0362,9.8135,0.164,-0.3193,0.4526
14525,1172,778,33.688,25.734,0.0621,-0.0008,9.7979,-0.1858,-0.1307,0.3435
14530,1174,780,33.729,25.743,-0.0554,-0.1282,9.8139,-0.9554,0.9113,-0.4446
14535,1161,778,33.78,25.706,-0.0506,0.0121,9.8097,-0.1653,-0.2486,-0.3281
14540,1160,782,33.633,25.816,-0.0957,0.0015,9.7875,-0.3954,-0.6526,-0.1942
14545,1165,786,33.765,25.827,0.0262,-0.0421,9.772,0.1587,0.2664,-0.3621
14550,1151,790,33.699,25.753,-0.022,-0.0621,9.8206,-0.313,0.5292,0.2571
14555,1154,789,33.768,25.681,0.0238,0.0462,9.8289,-0.2361,-0.3783,0.1464
14560,1148,791,33.663,25.732,0.0511,-0.0041,9.8064,-0.1235,-0.425,0.3895
14565,1151,793,33.663,25.724,0.0329,0.0419,9.8454,-0.3518,0.6593,0.3608
14570,1137,793,33.752,25.671,-0.0227,0.0295,9.7529,-0.1187,-0.1711,-0.6023
14575,1135,793,33.716,25.675,-0.035,0.0027,9.8016,0.0,-0.4262,0.0983
14580,1137,795,33.675,25.794,0.0062,-0.0271,9.834,-0.0506,0.4125,0.1701
14585,1138,801,33.675,25.817,-0.0289,-0.0027,9.8001,0.5117,-0.5268,-0.4922
14590,1129,804,33.721,25.755,0.0371,-0.0243,9.7292,0.5525,-0.413,0.1902
14595,1128,804,33.601,25.759,0.001,0.0281,9.7522,0.5554,0.9812,0.5339
14600,1122,805,33.676,25.743,-0.0297,-0.0737,9.7403,-0.1308,0.3817,-0.0935
14605,1119,801,33.719,25.751,0.0168,0.0126,9.8062,-0.1448,-0.1824,-0.4818
14610,1122,811,33.651,25.691,-0.0117,-0.008,9.74,0.3902,-0.244,-0.3053
14615,1123,808,33.691,25.651,-0.0488,-0.0126,9.7559,-0.2513,-0.2385,0.1609
14620,1104,814,33.695,25.68,-0.034,-0.0561,9.8512,0.1223,-0.7035,0.2768
14625,1114,817,33.722,25.783,-0.0221,-0.0411,9.8092,-0.0735,0.2552,0.3407
14630,1106,814,33.698,25.842,0.107,-0.0219,9.818,-1.1691,-0.6974,-0.6288
14635,1105,816,33.715,25.686,-0.0434,0.0249,9.7477,0.352,0.6579,0.2137
14640,1102,820,33.709,25.702,0.0831,-0.0411,9.7927,-0.0346,1.1788,0.0051
14645,1103,819,33.658,25.704,0.0546,0.0037,9.8345,0.7963,0.6191,-0.4958
14650,1097,815,33.592,25.73,0.0043,-0.0001,9.8356,0.1378,-0.5589,-0.2237
14655,1096,822,33.67,25.706,-0.0216,0.0102,9.8635,-1.1056,-0.1429,0.1281
14660,1093,822,33.742,25.735,0.088,-0.039,9.8375,-0.1991,-0.7871,0.4229
14665,1094,828,33.739,25.679,-0.0585,-0.0638,9.8027,-1.0246,-0.0536,-0.4274
14670,1090,828,33.718,25.783,0.0189,-0.028,9.8501,0.0561,0.4358,0.492
14675,1091,823,33.731,25.792,-0.0093,0.0743,9.8028,0.5421,-0.2978,-0.2174
14680,1092,829,33.694,25.683,-0.1167,-0.0694,9.8071,0.0152,0.1164,-0.2006
14685,1085,833,33.678,25.696,0.008,0.0042,9.8287,-0.2321,-0.497,-0.3851
14690,1084,829,33.745,25.682,0.0289,-0.095,9.8792,0.0102,0.7128,-0.9414
14695,1086,829,33.572,25.722,-0.0304,0.0295,9.8352,0.1032,-0.0575,-0.1971
14700,1076,827,33.79,25.82,0.0343,-0.0491,9.7923,0.0928,0.5317,-0.1423
14705,1071,837,33.683,25.808,-0.0408,-0.0202,9.804,-0.1687,0.154,0.4576
14710,1069,832,33.71,25.779,-0.063,0.0245,9.8152,1.0414,0.3116,-0.5914
14715,1065,825,33.707,25.715,-0.0915,-0.0099,9.7846,-0.3737,0.185,-0.1616
14720,1073,831,33.616,25.647,-0.0261,0.0132,9.8559,1.0243,0.2737,0.0782
14725,1063,829,33.692,25.696,-0.0294,0.0372,9.7985,0.2633,0.0713,-0.6878
14730,1059,830,33.686,25.77,-0.051,-0.0134,9.8574,0.2631,0.4562,-0.4748
14735,1057,833,33.749,25.74,0.0173,0.0055,9.7938,-0.0572,0.3832,0.3862
14740,1053,826,33.792,25.756,0.0281,-0.0097,9.7963,0.0481,0.5295,0.0354
14745,1047,831,33.726,25.613,-0.0048,0.0766,9.796,1.1103,0.066,-0.1397
14750,1038,828,33.759,25.748,-0.0416,0.0172,9.8222,0.4602,-0.3802,-0.6014
14755,1037,828,33.708,25.687,-0.0075,0.0005,9.7615,-0.0466,-0.3836,0.0479
14760,1036,826,33.756,25.699,-0.0042,-0.027,9.8138,-0.0762,-0.019,-0.1851
14765,1024,827,33.619,25.769,-0.0293,-0.0196,9.8085,1.0598,0.7712,1.4243
14770,1023,827,33.694,25.813,-0.0018,-0.0626,9.7749,-0.0441,0.1496,-0.3525
14775,1011,825,33.748,25.652,0.0296,0.0146,9.8243,0.2455,-0.6397,0.5371
14780,1006,826,33.752,25.778,-0.0222,-0.0751,9.784,-0.3481,-0.5167,0.5702
14785,1007,830,33.609,25.73,0.086,-0.0201,9.871,0.5804,-0.1339,0.35
14790,1004,823,33.672,25.77,0.0021,0.0589,9.7792,0.3692,0.1563,-0.441
14795,981,826,33.759,25.699,0.0106,-0.0531,9.8828,-0.0293,0.1241,-0.5246
14800,982,824,33.707,25.745,0.0418,0.0999,9.8592,0.5049,0.229,0.7143
14805,986,826,33.616,25.735,0.0301,0.0269,9.7304,-0.235,0.2316,0.0088
14810,967,826,33.646,25.797,0.0346,-0.0128,9.8194,0.7441,0.3457,0.1003
14815,963,824,33.795,25.771,0.0498,-0.0514,9.8026,0.4781,0.2544,-0.2114
14820,949,819,33.64,25.805,-0.1162,-0.024,9.8377,0.8316,-0.2652,-0.7467
14825,950,826,33.734,25.736,0.0282,0.0185,9.7236,0.1479,-0.2799,0.2174
14830,932,821,33.78,25.752,-0.0771,-0.0049,9.8011,0.2334,-0.4825,0.7249
14835,927,820,33.684,25.777,-0.0647,-0.0161,9.7361,-0.0566,0.1386,0.7577
14840,921,819,33.747,25.752,0.035,-0.0555,9.6826,-0.1458,0.3222,-0.3157
14845,914,823,33.668,25.683,-0.0554,0.0115,9.7366,0.0845,-0.1702,0.5875
14850,900,819,33.676,25.769,-0.1112,-0.0103,9.784,0.0534,0.3938,0.3409
14855,896,818,33.62,25.722,-0.0315,0.0206,9.7733,-0.0366,1.4323,-0.3948
14860,872,815,33.729,25.696,0.0389,-0.0093,9.8248,0.5178,0.404,-0.0663
14865,881,818,33.644,25.752,0.0126,-0.0387,9.8101,-0.0839,0.2564,0.8003
14870,863,815,33.668,25.81,0.0449,0.0108,9.8801,-0.0251,0.8129,-0.1254
14875,856,816,33.713,25.779,-0.11,-0.0092,9.8047,-0.482,-0.0234,-0.7217
14880,847,815,33.66,25.707,-0.0623,0.0149,9.852,0.3165,0.3844,1.1535
14885,844,817,33.701,25.779,0.0376,0.1253,9.7942,0.5803,0.0595,-0.6401
14890,827,818,33.737,25.681,-0.0123,0.1168,9.8343,0.7464,-0.1672,-0.0508
14895,824,818,33.698,25.734,0.079,-0.0125,9.7774,0.7516,-0.3014,-0.3018
14900,815,815,33.687,25.798,0.0144,0.0075,9.7778,-0.4142,0.0063,0.0566
14905,812,816,33.787,25.656,0.0488,-0.0294,9.7626,0.363,-0.3722,-0.1211
14910,798,813,33.737,25.722,-0.0481,-0.0031,9.9002,0.1911,-0.0447,-0.2633
14915,790,813,33.665,25.709,-0.0044,-0.0112,9.7927,-0.0567,-0.8937,-0.2163
14920,792,813,33.693,25.83,-0.0348,0.008,9.8523,0.7105,-0.449,-0.4942
14925,774,816,33.757,25.765,0.0732,-0.0762,9.8716,-0.3271,-0.2456,0.0833
14930,779,820,33.716,25.706,0.0329,0.0488,9.8576,0.5598,0.0931,0.3417
14935,770,815,33.687,25.752,0.0161,0.0214,9.7918,-0.116,0.3284,0.1081
14940,764,818,33.747,25.772,0.0396,0.058,9.7285,0.4226,-0.6176,-0.0854
14945,776,818,33.753,25.772,-0.0564,-0.0542,9.7647,0.4358,0.8886,0.1183
14950,761,811,33.7,25.72,-0.009,0.0049,9.7477,0.2438,0.3883,0.0156
14955,759,810,33.66,25.69,0.0522,0.0268,9.7987,0.4309,-1.0007,0.2257
14960,758,814,33.764,25.812,0.0468,-0.0612,9.7557,-0.2901,-0.6385,-0.0186
14965,743,808,33.758,25.77,0.0654,0.0442,9.8185,-0.4178,-0.7779,0.8677
14970,753,811,33.672,25.768,0.0486,-0.0068,9.8364,0.5117,0.2954,0.0854
14975,741,808,33.681,25.745,0.0179,-0.0728,9.7986,0.7667,0.2483,0.3815
14980,756,809,33.674,25.787,-0.1046,-0.0022,9.8083,0.463,0.413,-0.1034
14985,747,809,33.75,25.709,0.0637,0.0411,9.8527,-0.3296,0.5028,-0.503
14990,747,806,33.714,25.773,0.0413,0.0549,9.7707,0.193,0.3595,0.1696
14995,760,811,33.722,25.687,0.0188,-0.0634,9.9326,0.507,0.1572,0.6141
15000,751,809,33.674,25.852,0.0634,0.0246,9.8034,0.1129,0.3393,-0.7649
15005,768,808,33.677,25.802,0.0249,0.1172,9.8364,-0.0263,-0.5728,0.1986
15010,754,803,33.679,25.637,0.0807,0.0381,9.8536,0.0681,-0.5193,0.6263
15015,779,798,33.722,25.729,0.1079,-0.0859,9.8544,-0.147,-0.0721,0.6786
15020,774,800,33.66,25.701,0.0995,0.1171,9.796,0.0554,-0.2487,-0.5252
15025,778,806,33.768,25.664,0.0317,-0.0703,9.8761,-0.1515,-0.8823,0.4881
15030,794,799,33.803,25.679,0.012,-0.001,9.809,0.2988,0.3928,-0.3853
15035,786,798,33.705,25.79,-0.0532,0.0231,9.7833,0.0015,0.8841,-0.6349
15040,806,794,33.654,25.705,0.0054,-0.0072,9.8107,0.5296,0.1124,-0.3121
15045,813,796,33.648,25.693,0.0115,-0.047,9.8498,0.4597,-0.2557,0.768
15050,827,792,33.844,25.744,0.0042,0.0235,9.926,0.4902,0.5148,-0.8946
15055,829,802,33.629,25.718,-0.0627,0.0092,9.8113,-0.8753,0.3785,-0.687
15060,852,801,33.686,25.794,-0.0333,-0.0474,9.7956,-1.4872,-0.045,0.5153
15065,848,794,33.681,25.719,0.0264,0.0284,9.816,0.6071,0.3241,0.0236
15070,862,794,33.635,25.74,0.0902,0.0468,9.7775,0.7408,-0.0233,-0.4207
15075,869,794,33.717,25.755,-0.0201,-0.0033,9.8057,0.2266,0.0141,0.0428
15080,878,795,33.7,25.664,0.0309,-0.0378,9.7637,-0.0426,-0.1347,-0.4502
15085,889,787,33.72,25.731,0.0247,-0.0316,9.8204,0.0113,-0.2859,-0.1534
15090,897,788,33.758,25.642,0.0539,0.0459,9.8674,0.3661,-0.5404,-0.1337
15095,916,785,33.674,25.751,0.0091,0.0263,9.8379,0.0944,-0.5835,-0.1171
15100,925,779,33.701,25.779,0.0731,0.0193,9.7899,0.1829,-0.2809,-0.1062
15105,941,780,33.632,25.814,-0.0414,-0.0596,9.7706,0.657,-0.902,0.443
15110,949,781,33.634,25.768,-0.0798,-0.016,9.8605,-0.253,-0.4562,-0.8213
15115,969,778,33.717,25.721,0.0461,-0.0391,9.8296,-1.1297,-0.1269,0.0343
15120,965,776,33.776,25.859,-0.104,-0.0402,9.7842,0.7517,-0.6096,-0.2389
15125,973,783,33.646,25.733,-0.0282,0.0715,9.6947,0.7895,0.3407,0.2455
15130,999,773,33.725,25.802,-0.0202,-0.018,9.7554,-0.5439,0.7741,-0.1582
15135,1020,771,33.713,25.683,0.0118,-0.1213,9.7138,0.6943,-0.3719,0.5268
15140,1014,775,33.638,25.688,0.011,0.0174,9.909,0.7832,0.2555,-0.2639
15145,1036,769,33.609,25.846,-0.0833,-0.0021,9.877,-0.4958,-0.3197,0.3934
15150,1049,764,33.777,25.681,0.0005,0.0249,9.8082,-0.2866,0.1427,-0.3102
15155,1053,765,33.705,25.678,-0.031,0.0803,9.7987,-0.2466,-0.2625,0.7679
15160,1077,767,33.642,25.663,-0.0311,-0.0187,9.9017,-0.6182,-0.5519,0.0008
15165,1073,768,33.705,25.712,0.0257,-0.0452,9.8294,-0.7432,-0.235,-0.083
15170,1081,761,33.692,25.746,-0.0077,-0.0702,9.7919,-0.3587,0.4189,-0.3473
15175,1098,766,33.716,25.672,0.1059,0.0151,9.8595,0.1041,0.2098,-0.0497
15180,1099,765,33.608,25.733,-0.0539,-0.0067,9.8704,0.1493,-0.4637,0.5498
15185,1114,762,33.708,25.793,0.0318,-0.0129,9.8436,0.0885,-0.8826,0.117
15190,1125,761,33.666,25.645,0.0251,-0.0675,9.8065,0.392,0.5988,-0.6351
15195,1134,759,33.68,25.713,0.0123,0.0202,9.8855,-0.2725,1.0007,0.4742
15200,1139,764,33.704,25.677,0.0141,0.0174,9.8587,0.1771,-0.3532,-0.2491
15205,1146,761,33.702,25.776,-0.0354,0.0194,9.8592,-0.664,-0.2704,0.4043
15210,1150,760,33.74,25.714,-0.0353,-0.0767,9.7546,0.2284,-0.3829,-0.3669
15215,1154,763,33.7,25.848,0.0738,-0.03,9.8701,0.2848,0.0367,-0.0508
15220,1150,755,33.778,25.755,-0.0102,-0.0163,9.7102,0.3025,-0.0269,-0.5734
15225,1168,757,33.7,25.773,0.0164,-0.0255,9.7666,-0.5837,0.1425,-0.1971
15230,1175,759,33.725,25.791,-0.0098,0.0024,9.7975,0.2369,-0.2601,-0.1923
15235,1175,756,33.67,25.725,-0.0028,0.1154,9.879,0.26,0.5681,0.149
15240,1180,755,33.718,25.727,0.0315,-0.0704,9.7488,0.1661,-0.4645,-0.2116
15245,1177,760,33.664,25.713,0.0212,0.0851,9.7364,0.3577,-0.0468,0.2175
15250,1179,765,33.678,25.743,0.087,0.0315,9.7935,-0.1921,0.6229,0.2038
15255,1191,762,33.622,25.633,0.011,0.0511,9.7635,0.5815,-0.7016,-0.272
15260,1187,762,33.77,25.774,0.0532,-0.0667,9.7715,-0.4183,0.0363,-0.4855
15265,1192,765,33.658,25.663,-0.0581,-0.0504,9.8535,0.2679,0.1097,-0.8676
15270,1200,770,33.657,25.664,-0.1049,0.0538,9.7919,0.088,-0.0672,0.183
15275,1188,764,33.742,25.727,0.0501,-0.1441,9.7866,1.0352,-0.0935,0.1641
15280,1190,763,33.668,25.707,0.0549,0.0285,9.8619,-0.6551,-0.1652,0.0486
15285,1191,770,33.621,25.786,-0.0231,-0.0737,9.7654,-0.0723,-0.0022,-0.1849
15290,1178,770,33.583,25.708,0.0038,-0.0803,9.8093,-0.2987,0.8686,-0.7059
15295,1187,767,33.673,25.827,-0.0063,-0.1157,9.7651,-0.5326,-0.0862,-0.1204
15300,1177,773,33.693,25.84,0.0238,-0.0129,9.7958,-0.0746,0.195,-0.2275
15305,1181,768,33.8,25.741,-0.0382,-0.0127,9.836,0.1675,0.2013,0.0673
15310,1179,775,33.643,25.771,0.0515,0.0062,9.7169,0.353,0.1469,0.7887
15315,1178,772,33.701,25.87,0.0346,0.0358,9.8237,-0.9895,-0.5939,-0.2297
15320,1174,779,33.732,25.727,0.0686,-0.006,9.7916,0.0331,0.0253,-0.1027
15325,1170,771,33.687,25.786,0.0851,-0.0342,9.7979,0.0278,-0.1453,-0.1642
15330,1158,778,33.716,25.805,-0.0104,-0.0144,9.6446,-0.4346,0.8494,-0.6353
15335,1160,780,33.702,25.675,0.0276,0.04,9.7379,0.0242,-0.2139,0.3838
15340,1160,778,33.777,25.702,-0.0202,-0.0168,9.9133,-0.3556,-0.4295,0.5311
15345,1169,783,33.705,25.699,-0.0359,0.0379,9.8053,0.3203,0.3944,0.0702
15350,1154,792,33.717,25.701,-0.0053,0.026,9.9202,0.0445,0.9571,0.1716
15355,1152,791,33.642,25.717,0.0507,-0.0509,9.7704,0.8133,-0.1018,0.034
15360,1145,789,33.567,25.801,-0.0331,-0.1226,9.7992,0.6105,0.3886,-0.0148
15365,1136,790,33.779,25.727,0.0403,0.0087,9.8532,-0.2185,-0.3279,-1.2727
15370,1145,796,33.786,25.791,0.0267,-0.0816,9.7799,-0.3311,-0.2301,0.4794
15375,1145,798,33.712,25.789,0.0497,0.0396,9.844,0.01,0.4115,0.5977
15380,1145,796,33.806,25.655,0.0497,0.0381,9.7853,-0.5383,1.136,0.0163
15385,1131,803,33.675,25.729,0.0544,-0.0577,9.7395,-0.0302,-0.1755,0.0394
15390,1132,808,33.741,25.724,0.0212,-0.0713,9.8108,-0.2074,0.9167,-0.3832
15395,1127,803,33.681,25.677,0.1018,-0.0667,9.7534,0.4678,-0.0487,0.0086
15400,1118,811,33.708,25.751,-0.0587,0.0731,9.8985,-0.3757,-0.1353,-0.3657
15405,1104,809,33.733,25.753,-0.0609,0.0259,9.7917,-1.5584,0.0804,-0.3059
15410,1117,808,33.741,25.727,-0.0155,0.017,9.8115,0.4522,0.4623,0.5409
15415,1116,810,33.751,25.722,-0.0742,0.0513,9.7703,0.0393,-0.4207,-0.061
15420,1100,811,33.644,25.765,0.012,0.0151,9.8042,0.0368,0.1675,-0.49
15425,1108,815,33.762,25.77,0.0046,-0.0262,9.7828,-0.2287,0.2223,0.0798
15430,1109,812,33.627,25.726,-0.0426,0.0861,9.9139,0.0886,0.2789,0.0934
15435,1105,816,33.717,25.729,0.0349,-0.0159,9.8249,0.0387,-0.5903,-0.5867
15440,1096,818,33.681,25.656,-0.0396,-0.0265,9.844,0.3829,0.4287,-0.6441
15445,1096,820,33.738,25.819,0.0625,-0.004,9.814,-0.6544,0.1436,0.8145
15450,1096,822,33.746,25.725,0.0604,0.034,9.8387,-0.2149,0.5135,0.1019
15455,1094,827,33.658,25.7,-0.06,0.0071,9.8516,0.3289,-0.8266,0.2303
15460,1087,827,33.772,25.786,0.0219,-0.0329,9.8392,-0.0357,-1.3816,0.8578
15465,1093,825,33.764,25.76,0.001,-0.1028,9.8774,0.0779,0.0197,0.4978
15470,1094,829,33.678,25.67,0.0332,-0.0352,9.8258,-0.941,-0.647,0.0736
15475,1091,830,33.773,25.764,0.0494,0.029,9.8088,-0.6798,-0.6427,-0.6793
15480,1084,826,33.713,25.785,0.0247,0.0194,9.7131,0.3841,-0.0092,0.9464
15485,1079,827,33.686,25.733,0.0296,-0.0987,9.8223,-0.1553,-0.6451,0.7891
15490,1079,828,33.806,25.75,-0.0651,0.0601,9.8599,-0.105,-0.3547,-0.5228
15495,1075,835,33.704,25.777,0.0557,-0.0631,9.7999,-0.1883,-0.0924,-0.3713
15500,1077,829,33.67,25.76,0.0404,-0.0176,9.8644,0.7202,-0.1413,0.2918
15505,1060,832,33.67,25.632,-0.0651,0.0226,9.8218,0.7126,0.5461,0.4866
15510,1066,828,33.679,25.696,0.0374,-0.0458,9.848,-0.3379,-0.3882,-0.312
15515,1068,828,33.67,25.872,-0.048,0.0779,9.8185,-0.0533,-0.3721,-0.0902
15520,1069,829,33.748,25.79,-0.0043,-0.0257,9.7931,-0.0789,-0.796,-0.5713
15525,1056,835,33.733,25.735,0.0207,-0.024,9.8434,0.3079,-0.3502,-0.5864
15530,1047,838,33.736,25.679,0.0776,0.013,9.7629,-0.1183,-0.3717,0.6133
15535,1055,827,33.625,25.707,0.0325,0.0145,9.7354,-0.0305,0.2827,-0.0019
15540,1049,834,33.647,25.73,0.0519,0.0771,9.7427,0.2079,-0.9535,-0.6338
15545,1048,828,33.665,25.73,-0.0793,-0.0029,9.8277,-0.4229,-0.0653,-0.303
15550,1042,833,33.689,25.746,-0.0256,0.0134,9.811,0.8848,-0.371,-0.3046
15555,1035,830,33.665,25.743,0.0363,-0.0006,9.8118,0.0434,-0.0592,-0.2431
15560,1026,826,33.629,25.769,-0.0728,-0.0432,9.8443,0.2464,0.9965,-0.5583
15565,1021,826,33.729,25.672,-0.0809,-0.0549,9.7636,0.1674,-0.3347,0.2963
15570,1024,830,33.751,25.788,0.019,0.0263,9.907,0.8045,-0.5412,-0.373
15575,1016,825,33.605,25.786,-0.1061,0.0422,9.8174,0.3932,-0.7764,-0.7202
15580,1012,830,33.663,25.764,0.0245,-0.0029,9.8134,-0.571,-0.7397,0.1011
15585,992,831,33.798,25.852,-0.0415,0.0039,9.8817,0.0305,0.3074,-0.6473
15590,995,830,33.724,25.746,0.0496,0.0296,9.8514,-0.2318,0.5585,0.0501
15595,994,822,33.759,25.766,-0.0508,-0.0376,9.6776,0.3014,-0.2121,0.1943
15600,981,825,33.697,25.694,0.0485,0.0153,9.7713,0.3278,0.3164,0.3324
15605,968,830,33.76,25.687,0.0138,-0.1113,9.7707,-0.0666,-0.5749,0.1937
15610,956,825,33.675,25.639,0.0297,0.0567,9.8066,0.4564,0.2212,-0.2355
15615,958,822,33.712,25.746,0.0629,-0.0072,9.7429,-0.1618,-1.1535,0.2161
15620,948,826,33.642,25.73,-0.0364,0.0018,9.7467,-0.4099,-0.4733,-0.5024
15625,929,818,33.664,25.691,-0.0608,0.0757,9.9109,-0.0718,0.5032,0.3341
15630,928,823,33.693,25.648,0.1332,-0.1627,9.8857,0.518,0.0496,-0.4765
15635,920,826,33.715,25.73,-0.0467,0.0374,9.837,-0.4607,-0.4893,0.0416
15640,910,818,33.777,25.694,0.0117,0.0393,9.7611,0.4718,0.1991,-0.3074
15645,893,817,33.71,25.668,-0.0356,-0.011,9.7747,0.091,0.3611,0.2205
15650,899,818,33.75,25.686,-0.037,-0.031,9.8298,0.1792,-0.26,0.3047
15655,883,820,33.673,25.81,0.008,0.0296,9.8815,-0.005,-0.6026,-0.3584
15660,879,814,33.606,25.768,0.0956,-0.0212,9.8736,-0.3108,-0.0328,-0.5103
15665,863,815,33.814,25.687,0.0369,-0.0024,9.7625,0.4506,-0.6996,0.3673
15670,852,817,33.676,25.755,0.0193,-0.0439,9.8239,0.9497,-0.2128,0.2162
15675,846,817,33.667,25.76,-0.1008,0.1138,9.8763,-0.0151,0.5866,-0.4084
15680,843,814,33.697,25.711,-0.0101,0.0655,9.824,0.6762,-0.0538,-0.5168
15685,827,819,33.708,25.774,-0.0255,-0.0361,9.8002,0.8237,0.6255,0.9503
15690,827,816,33.696,25.775,0.0366,-0.0392,9.8858,-0.3544,-0.1293,-0.354
15695,817,813,33.699,25.728,0.0174,0.0575,9.7851,-0.3595,0.3629,0.4797
15700,808,820,33.696,25.712,-0.0983,0.0798,9.7626,-0.8027,0.1973,0.0208
15705,809,816,33.663,25.769,-0.0071,-0.0071,9.8098,-0.5296,0.0463,0.3728
15710,795,816,33.69,25.654,0.0659,-0.0261,9.7766,0.1761,0.8685,-1.0436
15715,781,814,33.703,25.725,0.0038,0.0713,9.7575,-0.4309,-0.1235,0.2972
15720,787,812,33.713,25.75,-0.0419,0.059,9.7467,-0.502,-0.236,-0.4176
15725,770,813,33.645,25.761,0.0083,-0.0338,9.6992,-0.6118,-0.1107,-0.0247
15730,775,811,33.698,25.707,0.015,0.047,9.7874,0.1678,0.532,0.1882
15735,767,811,33.755,25.788,0.0193,0.0071,9.8956,-0.2632,-0.2581,0.1395
15740,758,807,33.627,25.714,-0.0637,-0.088,9.8537,0.025,0.2641,-0.0341
15745,754,807,33.759,25.773,-0.0135,0.0299,9.7713,-0.9167,-0.0807,-0.521
15750,752,816,33.686,25.697,-0.0691,-0.0014,9.8529,-0.2097,-0.0706,0.8085
15755,749,811,33.744,25.701,0.0264,0.0232,9.8272,-0.6158,0.651,-0.3354
15760,745,817,33.699,25.695,0.0423,0.0058,9.8126,0.0576,0.2306,0.0407
15765,751,806,33.71,25.762,0.0415,-0.019,9.8026,0.4875,0.3625,-0.2423
15770,747,809,33.775,25.706,0.0219,0.0038,9.8051,0.2409,0.1276,0.231
15775,756,810,33.718,25.656,0.0262,-0.0411,9.779,0.0189,-0.0918,-0.8973
15780,739,812,33.663,25.719,0.0999,0.0326,9.7578,0.1246,-0.2152,-0.2107
15785,749,807,33.742,25.817,0.0106,-0.0265,9.9177,-0.7717,0.0593,-0.3614
15790,753,803,33.73,25.753,0.0552,0.0924,9.8193,0.3803,0.164,0.6007
15795,757,807,33.73,25.783,0.054,-0.0017,9.7921,0.3857,0.1401,-0.5044
15800,758,804,33.666,25.762,-0.037,0.0434,9.8283,0.1333,-0.1776,-0.9619
15805,764,806,33.641,25.805,-0.025,-0.1441,9.7803,-0.5025,-0.6528,0.438
15810,769,809,33.773,25.819,0.0312,-0.0011,9.8422,-0.2948,0.8365,0.0644
15815,773,806,33.737,25.725,0.0163,-0.0415,9.9051,-0.5522,0.7194,0.3142
15820,776,799,33.699,25.79,-0.0873,0.0369,9.7831,0.1085,-0.1049,0.4
15825,776,801,33.758,25.724,-0.0527,-0.0373,9.8524,0.3172,0.6814,-0.6504
15830,789,796,33.688,25.755,0.0696,-0.0415,9.8222,0.5847,0.0626,-0.6175
15835,799,800,33.734,25.743,-0.0214,0.0411,9.8589,0.7743,-0.0345,0.3131
15840,803,796,33.721,25.754,-0.054,0.0713,9.7812,-0.1141,-0.2123,-0.2976
15845,815,796,33.704,25.796,-0.0258,0.0407,9.8328,-0.6369,-0.5522,0.3633
15850,821,797,33.734,25.743,-0.0453,0.0131,9.822,0.1018,-0.2013,0.5554
15855,831,803,33.666,25.76,0.0013,0.0103,9.7716,-0.2856,-0.2156,-0.2266
15860,835,793,33.739,25.801,-0.1096,0.0807,9.8766,0.363,0.2223,0.3259
15865,851,786,33.775,25.733,0.0478,-0.0436,9.8916,0.8438,-0.1648,-0.5481
15870,868,789,33.74,25.695,-0.0168,0.0145,9.764,0.1237,0.0588,0.6833
15875,870,795,33.653,25.759,0.0308,-0.0726,9.7297,0.1559,0.3453,-0.2168
15880,881,789,33.715,25.757,0.0497,0.046,9.7761,0.2642,0.4577,0.59
15885,894,787,33.769,25.741,0.0036,-0.0517,9.7753,0.0674,-0.597,0.2586
15890,914,781,33.572,25.777,-0.0421,-0.0244,9.9025,0.2617,-0.3789,0.0026
15895,925,787,33.652,25.697,0.007,0.0166,9.7709,0.4953,-0.5717,-0.6298
15900,936,777,33.634,25.758,-0.0105,-0.0386,9.8342,-0.0668,0.4588,0.2045
15905,943,785,33.683,25.739,-0.0211,0.0012,9.7967,-0.8787,0.4969,0.1473
15910,963,782,33.737,25.795,-0.0455,0.0427,9.8288,-0.5501,-0.2046,-0.5415
15915,962,774,33.829,25.738,-0.0452,0.0066,9.9414,-0.6039,0.204,0.1503
15920,966,774,33.744,25.756,0.0052,0.0324,9.7984,-0.0041,0.2666,-0.6515
15925,997,777,33.769,25.769,-0.0118,0.0568,9.8185,1.1643,0.2884,0.7975
15930,1000,772,33.651,25.76,0.0147,0.0121,9.8066,0.2796,0.078,0.1997
15935,1009,777,33.731,25.721,0.0352,0.0287,9.8082,0.4969,-0.0986,0.7263
15940,1020,771,33.706,25.783,0.0453,0.0211,9.7762,0.6967,-0.953,-0.7439
15945,1035,772,33.697,25.67,0.0365,0.0574,9.8383,-0.008,0.4271,0.0258
15950,1046,767,33.639,25.753,0.0252,-0.0435,9.7949,-0.6783,0.2365,0.1554
15955,1067,766,33.748,25.789,-0.0499,-0.0029,9.8727,-0.598,-0.6096,0.4611
15960,1073,762,33.69,25.792,0.0111,-0.117,9.8172,-0.1775,0.2211,-0.1523
15965,1079,764,33.763,25.829,-0.0049,-0.0188,9.8603,0.2437,0.1758,0.2436
15970,1092,763,33.596,25.773,0.0094,0.0759,9.8493,-0.456,0.2975,0.0722
15975,1107,767,33.692,25.736,0.0536,-0.0552,9.7545,-0.232,-0.0791,-0.2305
15980,1111,771,33.67,25.655,0.1199,0.0654,9.8207,0.3726,-0.0219,-0.025
15985,1120,769,33.69,25.781,-0.0049,-0.0141,9.8449,0.1522,-0.4602,0.1333
15990,1128,760,33.687,25.731,-0.0221,0.0815,9.7507,-0.9888,0.3629,1.1086
15995,1136,759,33.66,25.785,-0.0214,-0.1109,9.7614,0.6361,1.1581,0.9749
16000,1135,760,33.708,25.654,-0.0403,-0.0158,9.8525,0.6106,-0.4268,-1.1051
16004,1149,757,33.745,25.676,0.0609,-0.0216,9.7826,-0.1623,-0.469,0.4512
16010,1161,756,33.689,25.842,0.0177,0.0307,9.7466,-0.6339,0.5269,-1.2187
16015,1161,760,33.657,25.746,-0.0411,0.0606,9.8272,0.1489,0.1828,0.4179
16020,1158,758,33.728,25.697,0.0181,0.0195,9.8465,0.5157,-0.4254,0.245
16024,1170,761,33.811,25.726,0.0352,-0.0013,9.7581,0.6816,0.4417,0.4801
16030,1175,758,33.662,25.697,-0.0219,0.0506,9.8832,-0.3309,0.2935,0.2492
16035,1180,760,33.723,25.683,-0.0267,-0.0381,9.818,0.6156,0.2142,-0.9334
16040,1179,753,33.663,25.738,0.0147,-0.0315,9.8211,0.3318,0.3727,-0.5575
16045,1188,759,33.715,25.858,0.0456,-0.0431,9.7775,-0.2799,0.3406,0.4551
16050,1185,756,33.668,25.738,0.0596,-0.0446,9.8671,-0.6569,0.7552,-0.4057
16055,1184,758,33.745,25.72,0.0295,0.0497,9.8528,-0.1687,0.6851,0.2735
16059,1177,764,33.661,25.683,-0.0149,0.0136,9.8297,-0.249,0.562,-0.895
16065,1191,761,33.687,25.754,0.0216,0.0565,9.7404,-0.5143,-0.8111,-0.0021
16070,1191,760,33.604,25.762,0.0689,0.0279,9.7811,0.0635,0.7468,-0.2773
16075,1181,766,33.799,25.77,-0.0777,-0.0234,9.7157,-0.3335,-0.0719,-0.9273
16079,1179,765,33.704,25.718,-0.0616,-0.0157,9.8066,-0.1197,0.5601,1.3798
16085,1188,764,33.705,25.791,0.0135,0.0144,9.7164,-0.2133,0.2851,-0.5042
16090,1190,763,33.685,25.715,-0.0111,0.0057,9.7636,0.1638,0.3384,0.2488
16094,1193,767,33.722,25.746,0.0,0.038,9.8238,-0.3086,0.4978,-0.0423
16100,1180,774,33.648,25.832,-0.0958,0.038,9.8159,0.5776,0.342,0.4977
16105,1178,774,33.733,25.737,0.0343,0.0637,9.7709,0.4414,-0.3272,1.1362
16110,1175,772,33.618,25.686,-0.0934,0.0335,9.7258,-0.9204,-0.315,-0.0488
16114,1170,772,33.687,25.747,-0.0495,-0.0191,9.846,1.361,0.1513,-0.2221
16120,1178,772,33.672,25.767,0.0497,-0.0122,9.8013,0.0536,-0.3468,-0.047
16125,1168,778,33.676,25.755,-0.0247,0.0218,9.8954,0.072,1.0978,-0.4657
16129,1157,783,33.663,25.727,-0.0696,0.0951,9.8523,-0.5163,-0.3647,-0.9467
16135,1172,786,33.65,25.705,-0.0502,0.0494,9.8011,0.6059,0.0064,-0.1973
16140,1156,784,33.792,25.83,-0.0026,-0.0564,9.7904,0.1212,0.1476,-0.1966
16145,1156,780,33.757,25.831,-0.0403,0.0725,9.7828,-0.7047,0.0657,0.1882
16149,1149,789,33.634,25.73,-0.0717,0.0092,9.8104,-0.7842,-0.273,-0.0656
16155,1153,790,33.715,25.711,-0.0839,-0.0259,9.8112,0.2051,0.2964,-0.8348
16160,1147,790,33.665,25.754,-0.0762,-0.0102,9.7988,0.0446,0.2875,0.7268
16165,1144,804,33.69,25.817,0.0035,-0.068,9.9052,0.2653,-0.0906,0.0496
16170,1142,795,33.852,25.763,0.0341,0.0831,9.8606,0.2058,-0.3523,0.5653
16175,1142,795,33.64,25.739,-0.0393,-0.03,9.7536,-0.4377,-0.4128,-0.7834
16180,1136,803,33.625,25.793,0.024,-0.1074,9.8285,0.3549,0.367,0.6154
16184,1131,802,33.753,25.813,-0.0383,-0.0263,9.8314,-0.0563,-0.2004,-0.2613
16190,1126,803,33.787,25.658,0.0137,0.0135,9.8112,0.2885,0.97,0.7696
16195,1117,807,33.78,25.692,0.0255,-0.0582,9.8383,0.1546,-0.2907,0.5205
16200,1116,804,33.682,25.689,-0.0648,-0.0387,9.8223,-0.2881,-0.2855,-0.0212
16204,1126,807,33.62,25.728,0.0392,0.0627,9.8587,-0.2241,0.8308,-0.8271
16210,1126,816,33.741,25.69,0.0179,0.0166,9.7927,-0.0226,-0.0819,-0.0362
16215,1115,810,33.645,25.806,-0.0726,0.0129,9.8142,-0.2377,0.0569,0.4931
16219,1119,813,33.717,25.75,0.0036,0.1196,9.8634,0.5866,0.3387,-0.1002
16225,1102,814,33.693,25.765,-0.0411,-0.0566,9.86,-0.7335,0.0657,0.6265
16230,1108,817,33.724,25.798,-0.0562,0.0061,9.8518,-0.0555,-0.581,-0.2135
16235,1103,820,33.612,25.77,-0.0782,0.0282,9.7514,0.1803,0.9894,-0.1021
16239,1102,820,33.653,25.716,-0.0356,0.0661,9.8188,0.5252,-0.9106,-0.5553
16245,1100,821,33.769,25.756,-0.0831,0.0186,9.7291,0.0292,-0.1349,-0.388
16250,1093,824,33.677,25.694,-0.0021,-0.0112,9.7909,0.41,-0.291,-0.1382
16254,1096,822,33.771,25.659,-0.0065,-0.0706,9.806,-0.218,-0.3637,-0.4322
16260,1088,823,33.724,25.793,-0.016,-0.0062,9.8025,0.5533,0.5371,-0.3122
16265,1092,829,33.692,25.785,-0.0095,-0.061,9.7496,-0.6165,0.121,0.3968
16270,1093,818,33.743,25.756,0.0216,-0.0934,9.7476,0.9798,0.2273,-0.4947
16274,1080,826,33.619,25.721,-0.045,-0.0029,9.7271,0.4455,0.6477,-0.239
16280,1089,828,33.752,25.818,0.016,0.1317,9.7614,-0.5872,-0.2317,0.8396
16285,1074,835,33.642,25.746,0.0384,0.0513,9.8906,-0.3038,0.8427,-0.0145
16290,1076,828,33.723,25.767,-0.0161,0.0729,9.7819,0.3809,0.3924,0.0092
16295,1079,827,33.628,25.812,0.0371,0.0263,9.836,-1.0882,0.8694,-0.0876
16300,1076,822,33.69,25.724,-0.0263,-0.0349,9.8432,0.0288,-0.3392,0.449
16305,1070,833,33.808,25.71,0.0215,0.0382,9.859,-0.3544,-0.1988,0.7355
16309,1075,832,33.733,25.703,0.0232,-0.0657,9.7647,0.4376,0.3406,-1.0716
16315,1062,830,33.677,25.82,-0.0214,-0.071,9.8156,-0.6381,-0.4301,-0.2545
16320,1059,828,33.77,25.751,0.0267,-0.0143,9.8425,-0.0627,1.2913,-0.5387
16325,1064,833,33.731,25.772,0.0358,0.0648,9.8699,0.5124,-0.0996,-0.5313
16329,1061,831,33.743,25.752,-0.0344,-0.0281,9.7975,0.413,0.7505,-0.3916
16335,1054,827,33.742,25.667,0.0302,0.0028,9.7839,-0.1597,-0.5747,0.4252
16340,1049,831,33.659,25.803,-0.089,-0.0796,9.8567,0.0382,-0.1962,0.3544
16344,1055,832,33.707,25.675,0.0513,0.0029,9.7899,0.2118,-0.3719,-0.3946
16350,1034,829,33.758,25.768,0.026,-0.0332,9.8127,0.0541,0.4055,-0.1569
16355,1036,829,33.713,25.757,0.0082,-0.1,9.785,-0.7144,0.2342,-0.3039
16360,1023,831,33.626,25.708,-0.0045,-0.041,9.8888,0.1397,0.4943,1.2286
16364,1027,828,33.785,25.737,0.0221,-0.0096,9.7308,-0.3551,-0.5836,-0.0624
16370,1013,824,33.701,25.767,-0.0441,0.0082,9.8788,-0.234,-0.2703,0.4899
16375,1007,826,33.736,25.801,0.0316,0.0088,9.8534,-1.0648,0.5496,0.7318
16379,1009,821,33.751,25.719,0.0099,0.0304,9.7978,0.1865,0.2904,-0.3722
16385,997,823,33.675,25.725,0.0299,0.0176,9.8302,-0.2826,0.282,-0.5197
16390,989,827,33.666,25.703,0.0832,0.0397,9.7583,0.4582,-0.1365,0.6619
16395,979,824,33.739,25.689,-0.012,-0.022,9.8018,-0.0709,0.2924,0.5366
16400,978,828,33.626,25.681,-0.0384,0.0274,9.7743,-0.0676,0.0699,0.4477
16405,965,828,33.714,25.752,0.0086,0.0335,9.8339,0.0595,0.5151,0.3424
16410,956,822,33.722,25.83,-0.0407,0.0574,9.7683,0.0886,-0.6051,0.5426
16415,963,820,33.594,25.74,0.0206,-0.0644,9.8623,0.2327,0.5064,0.3638
16420,941,821,33.741,25.677,0.0008,0.0264,9.8417,-0.3754,0.0609,-0.2792
16425,933,820,33.653,25.757,0.0043,0.0066,9.8003,-0.9954,0.07,-0.0783
16430,935,820,33.722,25.714,0.0821,-0.0682,9.82,-0.1355,0.0351,0.752
16435,914,826,33.738,25.769,0.0259,-0.0554,9.8152,-0.89,-0.5859,-0.3284
16440,907,822,33.664,25.68,0.0332,-0.0403,9.7448,0.014,-0.4051,0.5066
16445,910,822,33.707,25.78,-0.0122,0.0334,9.7657,-0.0039,1.0427,0.5294
16450,895,815,33.694,25.702,-0.0338,0.1809,9.7532,-0.3371,0.2182,-0.0366
16455,882,823,33.636,25.691,-0.0075,0.0035,9.8177,0.3048,-0.0559,-0.3202
16460,878,820,33.651,25.72,0.0071,0.0793,9.7891,-0.1884,-0.6323,0.5566
16465,865,816,33.738,25.774,0.0912,-0.0245,9.8278,-0.7112,-0.217,-0.319
16470,859,815,33.648,25.687,-0.0451,-0.0134,9.7748,-0.3653,0.1932,0.0615
16475,839,815,33.661,25.719,0.0142,-0.0257,9.8093,0.1961,-0.0388,0.8284
16480,839,819,33.729,25.812,-0.0348,-0.0348,9.8109,0.0951,0.0958,0.3414
16485,830,816,33.671,25.772,0.0014,0.0349,9.7121,-0.1359,-0.0743,-0.2683
16490,819,821,33.707,25.737,-0.0004,0.0143,9.8622,0.5095,-0.9304,-0.2154
16495,821,814,33.73,25.742,0.0064,-0.0241,9.8839,0.0008,-0.5076,0.5087
16500,811,818,33.718,25.777,0.0489,0.067,9.7766,1.0019,-0.1674,0.1164
16505,796,816,33.69,25.716,0.0391,-0.0174,9.9203,-0.1468,0.3297,-0.1239
16510,792,812,33.694,25.794,0.0604,0.015,9.8056,-0.2046,-0.3487,-0.7948
16515,788,816,33.786,25.702,0.0062,-0.0228,9.7673,-0.0543,-0.0254,-0.0884
16520,784,814,33.686,25.788,0.0275,0.073,9.7835,0.0317,-0.2287,0.2389
16525,778,816,33.682,25.694,0.0489,-0.0678,9.8287,0.4894,0.0345,0.5024
16530,765,812,33.716,25.712,-0.0526,0.0645,9.8221,-0.0536,0.5439,0.5961
16535,764,815,33.653,25.69,0.0306,-0.0473,9.7847,0.1233,0.2433,-0.0376
16540,767,812,33.657,25.725,0.0601,-0.0504,9.8242,-0.826,-0.6062,0.0885
16545,758,813,33.701,25.844,0.0324,0.0427,9.8618,0.3073,1.2383,0.7949
16550,751,817,33.627,25.75,0.0088,-0.0018,9.7887,0.4454,0.2837,-0.1277
16555,750,820,33.737,25.678,-0.0432,-0.0146,9.8171,-0.1099,-0.0494,-0.36
16560,737,811,33.742,25.724,-0.0244,-0.0234,9.7757,0.1537,0.3578,-0.0158
16565,746,809,33.766,25.701,-0.0483,0.0766,9.838,-0.3712,-0.5719,0.0017
16570,746,814,33.71,25.71,0.0052,0.0662,9.8113,0.3511,-0.2805,0.4927
16575,746,810,33.727,25.629,-0.001,-0.0175,9.8607,-0.2975,0.5696,0.5663
16580,755,811,33.682,25.719,-0.0263,-0.0374,9.7936,-0.3709,-0.633,0.1909
16585,748,810,33.689,25.824,0.0825,0.0206,9.815,0.631,0.2252,-0.0715
16590,752,804,33.732,25.809,-0.0418,0.0921,9.8465,-0.0964,-0.208,-0.2688
16595,750,808,33.697,25.664,-0.0009,-0.0088,9.8755,0.7017,0.2719,0.1708
16600,754,809,33.754,25.757,-0.145,0.0116,9.8539,0.1276,-0.289,0.2168
16605,768,810,33.708,25.775,-0.0133,0.0213,9.8179,-0.0056,-0.2169,-1.0167
16610,783,808,33.795,25.708,0.0383,-0.0546,9.7831,-0.1328,-0.3047,-0.615
16615,778,804,33.727,25.761,-0.0546,-0.1175,9.8484,0.4474,-0.2154,0.2141
16620,777,802,33.75,25.666,-0.1249,0.0891,9.7438,0.3972,-0.2136,-0.6567
16625,792,797,33.804,25.68,0.0144,-0.0418,9.6352,0.4119,-0.3325,0.4209
16630,790,796,33.729,25.694,0.0158,-0.0704,9.8228,0.4168,-0.1548,0.2921
16635,809,801,33.686,25.694,0.0288,-0.0452,9.8054,-0.1162,-0.2631,0.522
16640,807,795,33.649,25.749,-0.0836,0.0366,9.8034,-0.2235,-0.5666,-0.0419
16645,826,797,33.755,25.776,0.021,0.0394,9.8594,-0.2838,0.2638,-0.3229
16650,826,796,33.7,25.695,-0.0466,0.0465,9.8876,-0.0005,-0.0374,-0.1958
16655,842,791,33.67,25.768,-0.062,-0.0296,9.816,-0.0592,-0.0834,0.0294
16660,849,796,33.728,25.731,0.0911,0.0074,9.7841,0.7779,0.7487,-0.9595
16665,863,795,33.744,25.67,0.0081,0.0177,9.8024,1.4438,-0.7895,0.302
16670,874,787,33.631,25.736,-0.0625,-0.0154,9.9033,0.0578,1.1435,0.2736
16675,872,792,33.71,25.671,-0.0811,0.0364,9.7894,-0.2702,0.5126,0.7436
16680,889,790,33.742,25.662,-0.0549,-0.0524,9.7707,0.5141,0.3986,0.6641
16685,902,786,33.654,25.687,0.0304,0.0693,9.7948,-0.7187,0.3668,0.5562
16690,917,785,33.678,25.797,0.0329,0.0064,9.8521,0.4459,0.0501,-0.0509
16695,929,783,33.637,25.773,-0.0122,0.0186,9.8165,-0.2791,0.7127,-0.2771
16700,947,781,33.629,25.755,0.0361,-0.0899,9.8868,0.3897,-0.195,-0.4441
16705,956,785,33.716,25.67,-0.0286,0.0069,9.7743,0.1787,0.8206,0.5695
16710,958,777,33.733,25.726,0.0043,0.0642,9.7847,-0.4032,-0.5194,0.7929
16715,981,771,33.718,25.704,0.1071,0.0495,9.7323,0.1561,-1.0156,0.1113
16720,994,777,33.711,25.86,0.0115,0.045,9.6922,0.1898,0.0233,-0.5644
16725,1002,777,33.761,25.837,0.0138,-0.0695,9.7459,0.2089,0.3374,0.634
16730,1009,769,33.671,25.676,-0.0646,0.0707,9.7655,-0.3359,-0.8137,-0.7184
16735,1022,773,33.753,25.805,0.0032,-0.157,9.7873,-0.6754,0.3995,-0.6157
16740,1031,772,33.711,25.726,0.0363,0.0191,9.7531,0.1723,-0.6348,-0.1724
16745,1035,773,33.703,25.723,-0.09,0.0177,9.8054,-0.3244,0.1902,-0.4858
16750,1054,770,33.669,25.753,0.0424,-0.0006,9.907,-0.0951,-0.4586,0.495
16755,1071,772,33.713,25.739,0.0642,-0.0203,9.8188,-0.0346,-0.0452,-0.1472
16760,1076,767,33.701,25.704,0.0112,-0.0428,9.7742,0.0564,0.196,0.4459
16765,1090,758,33.607,25.728,0.0573,-0.0751,9.9106,0.1976,-0.1255,-0.0434
16770,1100,764,33.821,25.736,0.0648,0.0396,9.8751,-0.0705,0.4302,0.4534
16775,1104,764,33.712,25.782,0.015,0.0224,9.752,0.2324,-0.128,0.4659
16780,1117,764,33.718,25.709,-0.0894,0.0094,9.7843,-0.0944,0.5256,-0.2664
16785,1125,763,33.785,25.736,0.0469,0.0684,9.7824,-0.2968,-0.6405,0.2666
16790,1126,764,33.622,25.785,0.0116,-0.0136,9.8415,0.5093,0.4378,-0.1541
16795,1138,756,33.706,25.727,-0.0012,0.1198,9.8001,-0.7985,-0.3178,0.7072
16800,1148,758,33.718,25.72,-0.0211,0.0734,9.7902,-0.3871,1.0789,-0.1874
16805,1149,758,33.665,25.814,-0.0048,-0.0465,9.8331,0.634,-0.0759,0.0058
16810,1167,757,33.789,25.727,0.0065,0.025,9.7126,1.0847,-0.1937,-0.3792
16815,1167,758,33.648,25.825,0.0431,0.0191,9.8299,0.6036,-0.3818,0.0641
16820,1168,754,33.701,25.735,-0.0437,-0.0281,9.7835,-0.6977,0.183,0.1315
16825,1168,759,33.734,25.71,0.1378,0.0226,9.7687,-0.3439,-0.339,0.8826
16830,1171,762,33.641,25.656,0.0219,-0.0022,9.8016,0.0192,0.3178,0.4213
16835,1168,756,33.654,25.678,0.0104,0.0461,9.8487,-0.3418,0.5617,-0.6862
16840,1187,759,33.705,25.762,-0.0518,0.0132,9.8201,-0.6109,-0.5114,-0.3984
16845,1190,757,33.697,25.732,0.0896,0.0647,9.8309,0.0322,-0.8106,-0.1981
16850,1184,764,33.756,25.747,0.0312,0.0255,9.769,-0.8856,-0.2123,-0.1488
16855,1188,759,33.705,25.786,0.0283,0.0017,9.7675,0.0859,0.1828,-0.5755
16860,1187,758,33.695,25.679,0.1087,0.1122,9.8581,0.0428,-0.5565,-0.1428
16865,1193,763,33.651,25.77,-0.0123,0.0241,9.9169,0.1927,-0.1567,-0.7522
16870,1179,763,33.675,25.691,0.0945,0.0341,9.745,0.3743,-1.0546,-0.1105
16875,1190,761,33.804,25.737,0.0615,0.0465,9.8963,-0.2095,-0.112,-0.1892
16880,1187,765,33.647,25.859,0.0182,-0.0161,9.8203,0.8238,0.0409,0.3773
16885,1183,765,33.719,25.72,0.0105,-0.0226,9.7738,-0.5168,0.2868,-0.3679
16890,1178,766,33.669,25.622,-0.0476,0.0472,9.8469,0.1905,-0.6935,0.5802
16895,1179,769,33.722,25.633,0.0094,0.0124,9.8151,-0.2103,0.8157,0.2123
16900,1182,769,33.661,25.75,-0.0187,0.0019,9.8846,0.6085,-0.4107,0.139
16905,1184,774,33.743,25.777,-0.0509,-0.0942,9.6903,0.6991,-0.3698,-0.2194
16910,1176,775,33.706,25.795,0.0423,0.0647,9.7982,0.9872,0.1454,0.3978
16915,1181,778,33.717,25.821,-0.0166,0.0039,9.6946,-0.1895,-0.0574,0.4715
16920,1170,772,33.756,25.712,0.0293,0.0547,9.8565,-0.2542,-0.3748,-1.0163
16925,1173,780,33.706,25.673,-0.0289,0.0122,9.8176,0.5944,-0.1137,-0.2668
16930,1163,777,33.658,25.744,-0.0388,0.0791,9.8212,0.3417,0.2163,-0.3636
16935,1154,783,33.726,25.734,-0.0291,0.0062,9.8516,-0.1744,-0.0057,0.5878
16940,1159,785,33.769,25.753,-0.0431,-0.0719,9.7648,-0.5287,-0.3872,0.111
16945,1158,783,33.74,25.708,0.0857,-0.102,9.7347,-0.6719,0.4506,0.9218
16950,1147,788,33.739,25.701,0.0835,-0.0721,9.7432,0.2405,1.2078,0.2312
16955,1144,796,33.659,25.763,-0.0781,0.0216,9.8336,0.2881,0.3296,-0.16
16960,1152,793,33.743,25.778,0.0128,0.0229,9.807,-0.3928,-0.0804,-0.1923
16965,1144,796,33.693,25.688,0.0568,-0.0347,9.881,0.5515,-0.1597,0.5774
16970,1129,798,33.72,25.784,0.0577,-0.0505,9.797,0.364,-0.2608,0.2581
16975,1134,798,33.594,25.682,0.0539,0.0203,9.7931,0.5755,0.2347,-0.7722
16980,1142,804,33.62,25.789,-0.0452,-0.0099,9.7594,-0.0816,-0.5562,-0.3628
16985,1125,801,33.736,25.814,-0.0686,0.0079,9.8282,1.0821,-0.7746,0.2803
16990,1123,805,33.624,25.722,0.0222,-0.0223,9.8186,0.3048,-0.1627,0.0604
16995,1130,803,33.679,25.753,-0.0148,-0.0371,9.8911,0.0888,0.0717,-0.1036
17000,1121,809,33.708,25.752,-0.0559,0.0531,9.7694,-0.6973,-0.211,0.5251
17005,1118,810,33.65,25.709,-0.03,0.048,9.8337,0.232,0.2555,0.4906
17010,1116,812,33.718,25.646,0.0515,0.0502,9.7778,0.0668,0.54,-0.8377
17015,1113,811,33.754,25.813,0.08,0.0092,9.7982,-0.4631,0.1854,-0.3366
17020,1114,813,33.676,25.736,-0.1005,-0.1069,9.7386,0.2982,0.4444,-0.2382
17025,1105,812,33.726,25.707,0.0749,0.0064,9.7708,0.1789,-0.0272,0.4235
17030,1104,817,33.666,25.675,-0.049,-0.074,9.7133,-0.6029,-0.4193,1.5244
17035,1116,818,33.789,25.805,-0.0066,-0.01,9.7847,0.0809,-0.312,-0.4459
17040,1097,819,33.742,25.721,-0.0587,0.0327,9.8593,-0.4509,0.401,0.3315
17045,1095,816,33.79,25.719,0.0561,-0.0162,9.874,0.6614,-0.0644,-0.1308
17050,1087,826,33.659,25.712,-0.0167,-0.1007,9.7209,0.7732,1.0204,0.3214
17055,1095,824,33.766,25.741,-0.0459,0.067,9.754,-0.6747,-0.3667,-0.5517
17060,1093,826,33.694,25.718,-0.005,0.0371,9.8443,0.7137,-0.522,0.6765
17065,1086,825,33.73,25.721,-0.0975,0.0127,9.8062,-0.301,-0.2486,-0.705
17070,1088,826,33.751,25.707,0.0691,0.0195,9.6457,-0.6799,-0.8968,-0.1245
17075,1087,834,33.762,25.753,-0.0904,0.1203,9.7918,-0.1646,0.1469,-0.2266
17080,1087,825,33.692,25.754,0.0194,-0.0317,9.8417,-0.0052,-0.5758,-0.1347
17085,1084,832,33.724,25.699,-0.0396,0.0749,9.8396,0.2007,-0.8492,-0.8725
17090,1078,829,33.729,25.749,0.0868,-0.0344,9.8456,-0.0139,-0.0983,-0.432
17095,1075,829,33.667,25.773,0.0592,-0.0862,9.7889,-0.6972,0.4249,-0.0592
17100,1074,831,33.589,25.741,-0.0032,-0.0453,9.7882,0.103,0.0849,-0.0556
17105,1070,833,33.758,25.664,0.057,0.0141,9.8421,0.0482,-0.8017,-0.2058
17110,1073,828,33.689,25.698,0.0171,0.0123,9.7309,0.0459,-0.3993,0.1059
17115,1072,828,33.798,25.759,-0.073,0.0185,9.84,0.2627,-0.1021,-0.0392
17120,1056,827,33.734,25.723,-0.0147,-0.071,9.7795,0.0948,-1.0061,0.5224
17125,1050,831,33.676,25.701,-0.0259,0.003,9.7266,0.0971,0.1312,-0.7505
17130,1056,827,33.7,25.805,-0.0255,0.0435,9.8753,0.185,-0.0884,0.0973
17135,1046,831,33.733,25.826,-0.0767,-0.0856,9.8051,-0.0989,0.1384,-0.1942
17140,1048,825,33.794,25.745,-0.0088,0.0319,9.7443,-0.9215,-0.5806,-0.6348
17145,1035,831,33.626,25.712,-0.0587,-0.0389,9.7446,-1.0555,0.5265,0.1394
17150,1030,835,33.731,25.772,-0.0459,-0.0387,9.8049,-0.2014,-0.8122,-0.7347
17155,1022,827,33.656,25.733,-0.0588,0.0019,9.7299,-0.5117,-0.87,-0.5238
17160,1023,823,33.662,25.682,0.0349,-0.0162,9.7774,0.4002,-0.7934,-0.2173
17165,1019,828,33.708,25.803,0.0604,0.0499,9.7658,-0.237,1.3232,-0.7951
17170,1013,826,33.653,25.703,0.0647,0.0246,9.7397,-0.0358,-0.374,0.5453
17175,1014,826,33.703,25.739,-0.0602,0.0695,9.8872,0.0982,0.0706,-0.274
17180,1003,833,33.677,25.808,-0.0288,-0.0137,9.8144,-0.2953,0.5949,-0.1075
17185,993,823,33.716,25.792,-0.0592,0.0557,9.7643,0.4428,0.7367,-0.2053
17190,995,827,33.663,25.678,0.0486,0.0813,9.7653,-1.42,-0.5402,1.0577
17195,970,824,33.676,25.711,-0.076,0.0727,9.7685,0.0151,-0.3593,0.1668
17200,970,824,33.713,25.732,0.062,0.0127,9.8848,0.4469,-0.2248,0.0898
17205,960,818,33.7,25.81,0.0244,-0.0325,9.8998,-0.567,-0.1899,-0.097
17210,954,826,33.678,25.623,0.0504,-0.0172,9.894,-0.0853,0.3361,0.4268
17215,952,826,33.585,25.761,-0.0198,-0.0071,9.8641,-0.2378,0.0731,-0.4253
17220,938,823,33.696,25.677,-0.0213,-0.0061,9.855,0.5213,-0.0593,-0.9758
17225,927,819,33.72,25.758,-0.1025,-0.0254,9.8736,0.9653,-0.1578,-0.5221
17230,923,819,33.739,25.807,-0.0456,0.0626,9.796,1.0113,-0.1138,0.3304
17235,908,822,33.628,25.741,-0.0822,0.0571,9.88,-0.8234,0.1873,-0.1027
17240,900,821,33.631,25.845,0.0383,-0.0252,9.8043,0.5403,0.9562,0.1971
17245,895,821,33.707,25.767,0.0189,-0.0154,9.7175,0.0793,0.2321,0.7906
17250,883,816,33.717,25.719,-0.0477,-0.0572,9.7609,-0.2717,-0.1253,0.1862
17255,881,821,33.717,25.777,0.0437,0.047,9.7855,0.275,-0.3369,-0.8786
17260,871,815,33.74,25.77,-0.077,-0.056,9.7978,-0.5481,-0.0061,-0.359
17265,850,819,33.678,25.783,0.0012,-0.074,9.8432,-0.6875,0.252,-0.4852
17270,846,825,33.691,25.767,0.0274,0.1122,9.843,0.1997,0.1494,1.0329
17275,842,819,33.782,25.728,0.0285,-0.0353,9.8487,1.0838,-1.0819,-0.3526
17280,828,816,33.75,25.697,-0.0039,0.0134,9.8058,-0.5391,0.5719,-0.284
17285,830,815,33.628,25.818,-0.0001,-0.0434,9.8454,0.8097,0.1319,0.5518
17290,818,816,33.795,25.795,-0.0774,0.0414,9.8413,0.4837,0.9123,-0.5931
17295,792,815,33.657,25.773,0.0471,0.0541,9.7773,-0.5563,0.1549,0.1829
17300,792,818,33.758,25.692,0.0197,0.0362,9.7592,0.4027,-0.6442,0.4807
17305,805,814,33.654,25.773,-0.0072,-0.0085,9.7385,1.1457,0.12,0.1844
17310,790,815,33.69,25.755,0.0021,-0.0254,9.876,0.1661,-0.3664,-0.8084
17315,788,821,33.79,25.664,0.1097,-0.0628,9.8596,-0.6422,-0.1117,-0.4136
17320,768,813,33.751,25.716,-0.028,0.0162,9.8385,0.0649,-0.1326,0.3997
17325,764,814,33.699,25.743,-0.0014,0.009,9.7865,-0.2716,0.5365,0.0812
17330,763,809,33.743,25.764,0.0377,-0.099,9.8278,0.1669,0.3238,-0.2964
17335,762,811,33.692,25.669,-0.1113,-0.0306,9.8122,-0.9303,0.1597,-0.4618
17340,752,813,33.696,25.723,0.0531,-0.0239,9.7649,-0.5616,0.2045,-0.0797
17345,754,815,33.696,25.788,0.0084,0.0101,9.7784,0.5745,0.1552,-0.1088
17350,752,807,33.64,25.817,0.0449,0.0453,9.7613,0.1663,0.1934,0.0174
17355,741,811,33.797,25.791,0.0144,0.1077,9.8443,-0.1597,-1.272,-0.6805
17360,748,803,33.617,25.734,-0.064,-0.0409,9.772,0.0271,0.2967,0.1953
17365,752,813,33.59,25.779,-0.0363,-0.0317,9.8135,0.2522,-0.3535,0.0535
17370,744,810,33.715,25.751,0.1147,0.0039,9.8219,-0.526,-0.5171,0.4684
17375,749,810,33.641,25.727,0.0202,-0.0995,9.7763,-0.1452,0.0605,0.5026
17380,745,810,33.832,25.569,-0.0124,-0.0726,9.8394,-0.0908,-0.0388,1.6535
17385,750,810,33.646,25.777,0.0979,0.0637,9.8485,0.052,-1.1284,0.344
17390,757,806,33.679,25.779,-0.0389,0.0243,9.7916,-1.3648,0.0197,-0.7826
17395,761,805,33.642,25.78,0.0677,-0.0767,9.8928,-0.2307,0.1044,0.7456
17400,764,806,33.759,25.677,-0.0233,-0.0227,9.7928,0.4066,0.2889,-0.0607
17405,764,802,33.658,25.702,-0.0192,-0.0117,9.8364,0.6141,-0.1396,0.1965
17410,777,806,33.748,25.726,0.0087,-0.0458,9.8153,-0.1288,0.5327,0.0412
17415,775,801,33.611,25.687,-0.0216,0.0276,9.8487,-0.7719,-0.5831,-0.3228
17420,793,802,33.605,25.738,-0.0769,-0.0403,9.8092,0.0129,0.2229,0.2667
17425,794,802,33.547,25.837,-0.0462,0.0209,9.8495,-0.6036,-0.046,-0.0049
17430,799,798,33.751,25.638,0.0144,-0.0512,9.8324,0.2586,0.46,-0.1823
17435,803,799,33.598,25.783,-0.0835,0.1036,9.7406,0.3784,-0.7181,-0.0437
17440,817,793,33.665,25.792,0.0196,0.0058,9.8639,-0.97,-1.0818,0.1959
17445,822,796,33.682,25.702,-0.0287,0.0164,9.7977,0.8499,0.2803,-0.7101
17450,824,797,33.667,25.702,-0.0201,0.071,9.8355,-0.9168,-0.6081,0.4633
17455,845,795,33.769,25.733,-0.0504,-0.027,9.9229,0.4429,-0.1405,-0.3259
17460,847,794,33.655,25.838,-0.0871,0.0113,9.8072,0.2079,0.0108,0.5311
17465,857,787,33.835,25.773,-0.0934,0.0115,9.8878,-0.3112,-0.5908,-0.172
17470,875,789,33.654,25.678,0.0505,-0.0438,9.8567,0.0673,-0.213,0.028
17475,895,791,33.66,25.693,-0.0144,0.0083,9.8883,-0.9501,0.4633,0.0227
17480,890,783,33.719,25.762,0.0651,0.057,9.7626,-0.2166,0.1494,0.0176
17485,909,782,33.741,25.786,-0.0419,0.0049,9.716,0.2155,0.1936,-0.8161
17490,916,779,33.666,25.745,-0.0355,-0.0252,9.8435,-0.7633,-0.6413,0.1815
17495,923,781,33.665,25.753,0.0284,-0.0368,9.7773,-0.08,0.0619,-0.4016
17500,959,785,33.673,25.712,-0.0213,-0.0055,9.7546,-0.2144,-0.3425,-0.13
17505,960,775,33.673,25.762,-0.0874,0.0119,9.8261,-0.3138,-0.1263,0.535
17510,975,781,33.645,25.64,0.0269,0.0441,9.6887,-0.2399,-0.0666,-0.0679
17515,976,775,33.698,25.686,-0.053,-0.0479,9.8159,-0.6074,-0.8149,0.1236
17520,991,777,33.671,25.787,0.0506,-0.052,9.8059,0.4565,1.1239,0.6625
17525,1007,775,33.738,25.783,-0.019,-0.0526,9.7282,-0.0005,0.3238,0.5842
17530,1022,780,33.674,25.784,-0.0405,-0.0411,9.7519,-0.5509,-0.0945,0.2826
17535,1033,771,33.598,25.702,0.0357,0.0366,9.856,0.2938,-0.1861,0.3307
17540,1047,773,33.686,25.701,-0.035,-0.0005,9.8443,0.1232,-0.079,-0.2535
17545,1058,769,33.724,25.682,0.0292,-0.0025,9.9294,0.7576,0.3525,-0.2734
17550,1058,764,33.756,25.629,-0.0038,-0.046,9.8609,0.3378,0.0228,0.2124
17555,1078,768,33.755,25.673,0.0616,-0.06,9.8362,-0.4357,-0.5307,-0.3499
17560,1076,763,33.668,25.771,0.0148,0.0088,9.7123,-0.5914,0.1719,0.2381
17565,1095,761,33.683,25.736,-0.043,0.0555,9.8116,0.106,0.6252,0.3286
17570,1100,761,33.77,25.746,-0.0114,-0.1045,9.7851,-0.668,0.5817,0.2084
17575,1112,765,33.687,25.69,-0.0281,-0.0184,9.7969,0.3269,-0.0657,-0.9292
17580,1131,769,33.787,25.736,0.033,-0.0175,9.7589,0.3535,0.6697,0.6829
17585,1134,761,33.698,25.742,0.0122,0.0259,9.7081,0.7633,-0.6806,0.9442
17590,1128,762,33.625,25.617,0.0081,0.0156,9.7732,1.5387,0.0049,0.389
17595,1136,756,33.645,25.768,-0.0264,0.0044,9.7702,-0.5079,-0.1345,0.0264
17600,1149,760,33.713,25.69,-0.034,0.0128,9.7973,0.1409,0.1,0.007
17605,1158,757,33.655,25.757,-0.0164,0.0327,9.8049,1.084,0.6432,-0.2314
17610,1155,757,33.649,25.829,0.0546,-0.0287,9.801,-0.9291,-0.1111,0.2642
17615,1165,761,33.692,25.772,0.0008,0.0089,9.9825,-0.7068,-0.7064,0.7012
17620,1172,760,33.646,25.683,0.0067,0.1192,9.778,-0.0803,0.5516,-0.698
17625,1174,759,33.617,25.749,0.0938,-0.0653,9.8574,0.5514,0.0448,1.2774
17630,1177,763,33.619,25.693,-0.0047,-0.0817,9.8256,-0.8032,0.4928,0.0904
17635,1182,762,33.669,25.717,0.0314,-0.0492,9.7984,-0.0662,0.2883,-0.6923
17640,1187,759,33.672,25.703,0.0574,0.012,9.9232,-0.2273,-0.1229,0.1263
17645,1177,762,33.724,25.724,-0.0853,0.0274,9.8074,-0.6765,-0.4498,0.2084
17650,1192,758,33.671,25.694,-0.1017,-0.0134,9.7611,-0.3333,0.7248,0.0573
17655,1184,765,33.711,25.644,0.1083,0.0194,9.818,-0.1796,0.1448,-0.3144
17660,1187,761,33.778,25.711,-0.1003,0.0579,9.8346,-0.2584,0.0728,0.3215
17665,1189,762,33.688,25.809,-0.0115,0.0088,9.7836,0.3865,-0.1532,0.1991
17670,1187,761,33.646,25.76,0.0467,-0.05,9.789,0.6123,0.3262,-1.1694
17675,1181,767,33.664,25.731,0.0275,-0.0494,9.836,0.6086,0.2335,0.0316
17680,1184,765,33.661,25.77,-0.0105,-0.0003,9.7161,-0.1522,0.5085,0.4958
17685,1185,765,33.715,25.665,0.0451,-0.0104,9.7285,0.2186,-0.0519,-0.6364
17690,1185,773,33.655,25.779,0.0326,-0.0043,9.7837,0.3647,-0.4443,-0.0207
17695,1187,772,33.735,25.777,-0.0304,-0.0157,9.7502,-0.2658,0.2908,-0.0995
17700,1174,775,33.684,25.705,0.0328,-0.0269,9.8311,0.0175,-0.2755,-0.2023
17705,1179,778,33.69,25.781,-0.0159,-0.0618,9.7331,-0.7058,1.9591,0.1048
17710,1165,778,33.79,25.726,0.0646,-0.0278,9.7639,0.4521,-0.2602,-0.0255
17715,1164,777,33.635,25.705,-0.0194,-0.0469,9.8694,-0.6581,0.1408,-0.2123
17720,1171,784,33.622,25.762,0.0019,-0.0458,9.7661,0.1244,0.299,-0.0278
17725,1173,782,33.721,25.82,-0.0126,-0.0158,9.8122,-0.1849,0.2966,0.1089
17730,1158,789,33.649,25.714,-0.019,-0.0525,9.8291,-0.72,-0.1261,-0.1794
17735,1158,785,33.642,25.745,-0.0266,0.0511,9.7473,-0.4136,0.0608,0.0034
17740,1147,779,33.743,25.852,0.0051,-0.0975,9.7784,-0.3009,-0.597,-0.5021
17745,1155,783,33.743,25.699,-0.0215,0.0112,9.8654,-0.2593,-0.0248,0.6884
17750,1149,794,33.688,25.77,0.039,0.0164,9.779,0.5034,-0.0808,0.8565
17755,1142,793,33.647,25.729,0.0026,-0.0496,9.8716,0.4997,-0.1867,-0.3071
17760,1143,795,33.757,25.64,-0.0425,-0.0242,9.9268,-0.2873,0.7308,0.1234
17765,1141,796,33.719,25.727,0.0013,0.0332,9.7669,0.7215,-0.0297,-0.1622
17770,1136,800,33.745,25.77,-0.1179,-0.0996,9.825,0.1963,0.3386,-1.3351
17775,1137,797,33.685,25.8,-0.0621,0.0271,9.8186,0.5347,-0.4802,0.3564
17780,1129,803,33.696,25.693,-0.0026,-0.0179,9.8447,-0.1864,0.7733,-0.9559
17785,1130,805,33.632,25.8,0.0108,0.073,9.8283,0.7612,0.1735,0.0345
17790,1115,801,33.678,25.762,0.0271,0.0057,9.8324,-0.37,0.1131,-0.0136
17795,1112,807,33.709,25.701,0.1358,0.0171,9.8574,-0.8472,0.4382,1.2698
17800,1119,804,33.74,25.723,0.0162,-0.0003,9.8111,-0.3252,-0.8122,0.6692
17805,1120,814,33.766,25.825,0.0406,-0.017,9.7965,-0.2731,-0.0653,-0.0799
17810,1103,816,33.605,25.732,-0.0198,0.0127,9.7573,-0.9291,-0.2702,0.0447
17815,1110,810,33.754,25.656,0.0435,-0.0147,9.8632,0.1853,-0.6636,-0.0053
17820,1115,814,33.71,25.78,0.0062,0.0555,9.6962,0.2799,-0.991,0.6101
17825,1107,816,33.695,25.682,0.0111,0.0517,9.7513,-0.3257,-0.2143,-0.1178
17830,1109,823,33.685,25.834,-0.0056,0.001,9.801,0.1474,-0.0105,-0.7472
17835,1101,818,33.694,25.741,0.0588,-0.0844,9.7633,-0.1991,0.2724,0.2381
17840,1098,820,33.718,25.694,-0.0358,0.0494,9.8024,-0.3269,0.2567,0.0083
17845,1101,816,33.67,25.701,-0.0478,-0.0013,9.8387,-0.1877,-0.0277,0.2569
17850,1097,824,33.791,25.766,0.005,0.0815,9.7997,0.9743,0.1656,0.3325
17855,1082,825,33.696,25.717,0.0285,0.0409,9.779,-1.3804,-0.5,0.0038
17860,1098,825,33.667,25.768,0.0019,0.0366,9.7211,-0.2487,-0.0626,0.8666
17865,1090,828,33.589,25.729,0.0034,0.0349,9.7976,-0.2365,0.0006,0.5485
17870,1079,836,33.669,25.685,0.0121,-0.0364,9.86,0.8871,-0.3519,0.2087
17875,1079,828,33.711,25.718,0.0751,0.0135,9.849,-0.56,0.0304,0.1503
17880,1086,829,33.64,25.722,-0.0904,0.0275,9.7556,-0.0446,-0.1008,-1.114
17885,1079,830,33.703,25.717,0.0569,-0.0407,9.8532,-0.5202,-0.281,-0.5402
17890,1081,829,33.666,25.77,0.0441,0.1352,9.8132,-0.3881,0.5197,-0.8168
17895,1076,827,33.645,25.709,-0.0697,0.0576,9.8501,-0.6636,-0.4053,0.2582
17900,1072,830,33.738,25.715,-0.0043,-0.0251,9.8623,0.3985,-0.1066,-0.5522
17905,1073,834,33.796,25.728,-0.0169,-0.1106,9.87,-1.1365,-0.2878,-0.3676
17910,1061,831,33.591,25.721,0.0731,-0.0568,9.8256,0.4122,-0.2651,0.1342
17915,1060,830,33.743,25.744,-0.0653,0.0547,9.795,-0.9775,0.223,0.9904
17920,1065,833,33.63,25.745,0.0163,0.1032,9.8044,-0.0919,-0.2958,-0.1535
17925,1056,830,33.65,25.746,0.0312,0.0334,9.7917,0.345,0.0797,0.2545
17930,1046,828,33.664,25.709,-0.0016,0.0478,9.7676,-0.6956,-0.0053,0.4721
17935,1044,828,33.663,25.738,-0.0126,0.0109,9.7976,-0.1464,0.1058,0.3581
17940,1037,828,33.744,25.743,-0.1326,-0.0457,9.7756,-0.0038,0.0917,-0.289
17945,1036,832,33.68,25.786,-0.0431,0.0492,9.8026,-0.0187,-0.1319,-0.1906
17950,1029,828,33.752,25.732,-0.0264,-0.0054,9.8488,0.5787,-0.2814,0.5504
17955,1023,830,33.692,25.762,-0.076,0.0099,9.7786,-0.2528,0.2516,-0.9774
17960,1020,828,33.779,25.75,-0.0111,0.0087,9.8302,-0.9857,-0.0585,0.1198
17965,1012,831,33.72,25.767,-0.0317,-0.0468,9.8715,-0.0182,-0.2613,0.4562
17970,1004,830,33.66,25.732,-0.0958,0.0681,9.7528,-0.0467,0.6564,-0.8703
17975,1004,828,33.637,25.828,-0.0464,0.0314,9.8548,-0.2289,1.1427,0.2009
17980,996,826,33.761,25.748,0.0649,0.0505,9.7803,0.0798,0.442,-1.0292
17985,990,824,33.708,25.729,0.0261,-0.0303,9.8799,0.6937,-0.721,-0.4396
17990,982,828,33.742,25.728,0.0269,-0.0061,9.8284,0.0194,0.1347,0.1651
17995,968,828,33.669,25.695,-0.0373,-0.0803,9.7635,0.4048,0.3492,-0.1669
18000,967,829,33.669,25.693,0.0431,0.0795,9.7511,0.5364,0.0527,-0.3017
18005,952,820,33.608,25.728,0.0054,0.0257,9.8175,-0.9935,0.5036,0.4653
18010,958,822,33.646,25.786,-0.036,-0.0286,9.8207,-0.5306,0.3388,-0.6326
18015,944,823,33.66,25.695,-0.0487,0.0785,9.8432,-0.0899,0.7213,-0.2472
18020,937,821,33.718,25.76,-0.0303,-0.0582,9.7526,-1.6252,-0.3385,-0.0411
18025,924,826,33.738,25.732,0.0193,0.0291,9.7562,0.1857,0.177,-0.0427
18030,912,822,33.778,25.827,0.0154,-0.0011,9.7457,1.136,1.1503,0.3922
18035,911,823,33.647,25.701,0.0084,0.0052,9.8339,0.663,1.038,0.8201
18040,898,816,33.714,25.707,0.009,-0.046,9.6876,0.452,0.7652,0.0897
18045,884,821,33.731,25.731,-0.077,-0.0167,9.8485,0.0938,0.1049,0.8153
18050,880,818,33.651,25.747,0.0102,0.0299,9.7974,-0.0938,-0.6482,0.1842
18055,870,823,33.764,25.688,0.038,-0.1328,9.8492,-0.5032,-0.4791,-0.6883
18060,866,818,33.73,25.752,0.0073,0.0008,9.8826,0.1135,-0.4044,0.1374
18065,861,821,33.718,25.693,0.034,-0.0874,9.7723,0.3872,0.9618,0.4405
18070,845,815,33.691,25.803,-0.0239,-0.0226,9.7736,0.0742,-0.3024,0.2999
18075,832,819,33.728,25.731,-0.0626,0.0328,9.8034,-0.1951,-0.0706,0.5264
18080,834,815,33.642,25.755,-0.0151,-0.0565,9.7675,-0.1387,0.4225,0.8956
18085,823,815,33.67,25.747,0.012,0.0086,9.8164,-0.2758,-0.2238,0.0464
18090,802,817,33.706,25.738,0.0161,-0.0235,9.7835,0.3762,-0.1356,-1.2986
18095,811,816,33.676,25.856,0.0312,0.1044,9.7785,-0.1879,0.557,-0.4798
18100,796,816,33.723,25.72,-0.0231,-0.0483,9.7953,-0.9362,0.9013,-0.3935
18105,791,821,33.643,25.73,0.0777,0.0478,9.7441,0.5018,-0.066,0.1244
18110,787,816,33.695,25.702,-0.1067,-0.0388,9.8288,-1.1203,0.5148,0.2015
18115,775,814,33.71,25.795,0.0011,0.0074,9.775,-0.1986,-0.1066,0.1886
18120,772,810,33.753,25.662,0.047,0.0719,9.804,-0.7351,-0.5749,-0.3031
18125,767,817,33.7,25.731,0.0097,0.0133,9.8291,-0.3396,-0.2531,0.5872
18130,756,812,33.731,25.74,-0.0223,0.0038,9.8216,0.4089,-0.0184,-0.1147
18135,763,814,33.794,25.753,0.0,-0.0115,9.7252,-0.1083,0.6703,-0.0793
18140,756,811,33.773,25.824,-0.0392,-0.0567,9.8435,-0.7849,0.3499,-0.3151
18145,754,812,33.71,25.773,-0.0394,-0.0132,9.8231,0.4519,0.2337,-0.7219
18150,747,808,33.727,25.773,0.05,0.0716,9.766,0.9717,-0.6359,-0.2643
18155,750,818,33.666,25.819,0.0401,-0.0593,9.9042,0.3508,0.3153,-0.4917
18160,754,809,33.635,25.71,0.0313,0.0033,9.8454,0.3509,0.5314,-0.4598
18165,745,809,33.684,25.742,0.0378,-0.0973,9.812,-0.1865,-0.026,0.7206
18170,742,805,33.638,25.664,-0.0525,0.0007,9.772,0.2164,-0.2109,-0.5641
18175,749,811,33.683,25.747,0.0024,-0.0056,9.8713,-0.8941,0.3302,0.5742
18180,749,806,33.76,25.777,-0.0946,0.0157,9.8239,-0.8213,-0.3634,-0.6213
18185,752,806,33.706,25.752,-0.1002,-0.0171,9.825,0.5078,0.7051,0.4945
18190,755,804,33.662,25.73,0.0462,-0.0129,9.8043,-0.5737,0.6348,0.4852
18195,761,807,33.763,25.747,-0.0222,0.0709,9.8132,0.4397,0.2184,-0.5164
18200,757,806,33.703,25.769,0.0536,-0.0268,9.8166,0.2889,-0.4779,0.1266
18205,774,800,33.643,25.811,0.0856,0.0599,9.8665,-0.0921,-0.1359,0.2398
18210,775,800,33.689,25.707,0.0037,-0.0909,9.7778,-0.3181,0.2883,0.3018
18215,780,802,33.64,25.749,0.1199,-0.0344,9.8105,0.8147,-0.444,-0.1978
18220,781,805,33.747,25.719,0.0171,-0.0383,9.8761,-0.0799,0.4391,0.432
18225,799,798,33.734,25.687,-0.0765,-0.029,9.8359,0.0967,-0.5897,0.4232
18230,802,795,33.745,25.845,-0.0021,0.0004,9.8017,0.5484,-0.6189,0.5491
18235,814,804,33.701,25.805,0.0309,-0.045,9.785,0.0443,0.1449,-0.7494
18240,821,794,33.686,25.67,-0.0655,0.0603,9.8298,-0.2841,0.135,-0.1974
18245,838,793,33.763,25.826,-0.0163,-0.0787,9.8485,-1.1791,0.3818,-0.3769
18250,841,791,33.688,25.764,0.0458,-0.0034,9.8613,-0.3199,0.4053,-0.6879
18255,849,792,33.711,25.664,-0.0063,0.076,9.7155,0.2635,-0.0644,0.6264
18260,860,794,33.622,25.709,-0.0701,-0.0785,9.8048,1.1005,0.3184,-0.4038
18265,873,792,33.779,25.765,-0.0121,-0.0503,9.7859,0.8697,0.8503,-0.0637
18270,893,794,33.72,25.779,0.0421,0.0106,9.801,-0.6269,-0.1347,0.9852
18275,886,792,33.692,25.7,-0.0495,-0.0592,9.8315,-0.5557,0.5262,0.0373
18280,901,782,33.704,25.687,0.0217,0.0083,9.7666,0.8032,0.0151,0.0743
18285,917,792,33.672,25.768,0.008,-0.0282,9.8613,0.5955,0.7424,0.286
18290,929,785,33.691,25.663,0.0458,-0.0542,9.8389,-0.4188,-0.3478,0.2513
18295,943,781,33.627,25.725,-0.0387,0.0383,9.8193,-0.7888,-0.0907,0.187
18300,957,778,33.603,25.801,-0.0704,0.0078,9.7728,-0.1104,-0.3365,0.3641
18305,971,781,33.677,25.74,-0.0337,0.0131,9.7357,-0.5803,-0.1052,-0.2677
18310,977,776,33.726,25.737,-0.1105,-0.0166,9.8415,0.2216,-0.9649,0.4981
18315,991,775,33.722,25.738,-0.0839,0.1033,9.8997,0.1979,-0.6549,0.2521
18320,997,771,33.74,25.777,-0.0578,0.0261,9.8055,0.2123,0.5455,0.0952
18325,1021,780,33.748,25.724,-0.0362,-0.0189,9.8686,-0.4917,-0.5747,0.2344
18330,1030,765,33.781,25.788,0.0059,-0.057,9.8866,0.374,-0.6262,-0.4378
18335,1029,772,33.627,25.628,-0.0153,-0.0238,9.7244,0.2092,0.1336,-0.1998
18340,1046,770,33.839,25.717,0.0071,-0.0868,9.8584,-0.1369,-0.3825,-0.6401
18345,1058,767,33.672,25.767,-0.0225,0.0464,9.8592,-0.0906,0.5005,-0.2161
18350,1066,767,33.654,25.814,0.0261,0.0115,9.8696,-0.3514,-0.385,-0.28
18355,1082,763,33.66,25.719,-0.0511,-0.01,9.7987,0.4522,0.426,-0.7747
18360,1092,762,33.681,25.73,0.0184,0.0091,9.9347,-0.8348,0.5986,0.3273
18365,1101,759,33.654,25.79,-0.0193,-0.0651,9.8767,-0.0136,0.1951,0.1982
18370,1108,765,33.699,25.721,-0.0062,0.0495,9.8618,0.4347,-0.0312,-0.1375
18375,1104,758,33.822,25.721,-0.0262,-0.0437,9.7899,0.6032,-0.5355,-1.0054
18380,1131,762,33.703,25.678,-0.0189,-0.0459,9.8437,-0.1566,-0.8292,0.2631
18385,1128,761,33.717,25.799,0.0505,-0.0547,9.8041,-0.4054,0.5582,-1.0559
18390,1147,763,33.711,25.698,-0.0102,0.0581,9.7628,-0.1531,-0.8112,0.4197
18395,1141,760,33.642,25.703,-0.013,0.0329,9.7511,-0.0829,0.2643,-0.1051
18400,1154,760,33.683,25.743,-0.0068,-0.0096,9.9026,0.8739,-0.5787,0.2189
18405,1161,762,33.617,25.67,0.0073,0.0684,9.7877,0.5024,-0.8697,0.3066
18410,1155,756,33.707,25.761,-0.0032,0.0122,9.8443,-0.3007,-0.1154,-0.4119
18415,1175,755,33.711,25.784,0.0154,0.0133,9.8185,0.3945,-0.3174,0.4911
18420,1172,754,33.673,25.823,-0.0242,0.0746,9.723,-0.6754,-0.3097,0.3232
18425,1181,755,33.68,25.773,0.0737,-0.0308,9.7795,-0.308,-0.0698,0.3167
18430,1186,761,33.816,25.75,-0.0628,0.0063,9.8668,0.2189,0.9318,-0.3257
18435,1180,756,33.768,25.783,-0.0147,0.0595,9.8176,0.6619,0.3717,-0.1525
18440,1176,760,33.603,25.715,-0.0109,0.0005,9.8326,-0.5014,-0.627,-0.796
18445,1183,760,33.669,25.681,0.0194,0.0071,9.8108,0.5005,-0.6517,0.0658
18450,1183,759,33.646,25.745,0.0183,0.0275,9.7114,-0.089,0.1594,-0.2314
18455,1185,765,33.745,25.728,-0.0496,0.0471,9.7893,-0.131,-1.0821,0.9723
18460,1186,765,33.71,25.729,0.0382,-0.1551,9.7463,-0.3789,-0.2344,-0.9172
18465,1192,766,33.655,25.751,0.0275,-0.0682,9.8085,0.7105,1.2607,0.5806
18470,1198,767,33.545,25.745,-0.0068,0.0559,9.868,-0.5642,0.5906,-0.3227
18475,1185,765,33.71,25.711,0.0336,-0.0642,9.7128,0.6988,-0.5399,-0.0718
18480,1182,769,33.73,25.752,-0.0144,0.0692,9.8706,-0.1875,0.4538,-0.9656
18485,1187,770,33.787,25.717,0.0398,-0.0034,9.7653,-0.1738,-0.2197,-0.4166
18490,1184,769,33.763,25.712,0.0624,-0.084,9.84,-0.4203,1.0697,-0.4063
18495,1181,770,33.698,25.805,0.0362,-0.0327,9.8048,-0.2054,-0.2388,0.6362
18500,1183,776,33.721,25.809,-0.0613,-0.0512,9.8074,-0.033,0.3253,0.0241
18505,1177,771,33.739,25.774,-0.0593,-0.0675,9.7994,-0.0486,-0.0414,-1.085
18510,1170,778,33.692,25.736,0.0337,-0.075,9.7864,0.1013,0.9149,-0.6871
18515,1176,776,33.771,25.701,0.0226,-0.03,9.855,0.3609,0.0663,0.1568
18520,1162,784,33.756,25.759,0.0096,-0.013,9.7537,-0.7282,-0.7158,-0.278
18525,1166,777,33.695,25.688,0.0691,0.0031,9.8207,-0.55,0.3252,-0.4238
18530,1162,782,33.664,25.708,0.0223,-0.0167,9.7889,0.9154,0.0556,-0.191
18535,1164,782,33.76,25.801,-0.0274,-0.0022,9.8216,0.1827,-0.0014,-0.4639
18540,1158,789,33.787,25.714,0.0366,-0.0312,9.9336,-1.0212,0.0517,-1.0262
18545,1153,787,33.773,25.731,-0.0083,0.0188,9.75,-0.0536,-0.1305,-0.7067
18550,1151,790,33.637,25.662,0.0378,0.035,9.8598,-0.1022,-1.0834,-0.1936
18555,1137,796,33.751,25.755,0.0485,0.0265,9.7927,-0.0415,0.1813,0.6208
18560,1140,797,33.627,25.666,0.0233,0.0332,9.8495,-0.2373,-0.4121,-0.2272
18565,1135,801,33.709,25.713,0.0131,0.04,9.8455,-1.1037,0.4718,-0.0143
18570,1138,795,33.775,25.729,0.022,0.0667,9.8548,-0.2701,-0.5005,0.1534
18575,1143,800,33.636,25.852,-0.0695,-0.0035,9.8702,0.2412,0.1883,-0.077
18580,1130,799,33.66,25.725,-0.0046,0.0562,9.8342,-0.0328,0.0022,0.3003
18585,1128,803,33.704,25.724,0.0541,0.0218,9.8358,0.1558,0.1759,-0.939
18590,1117,808,33.624,25.65,0.0283,-0.0451,9.8948,-0.3465,0.2013,-0.3224
18595,1120,813,33.756,25.717,-0.0418,0.0795,10.0026,0.5243,-0.2434,-0.3313
18600,1115,815,33.649,25.73,0.0172,0.0587,9.8396,0.1653,-0.3872,0.42
18605,1110,816,33.776,25.746,0.0455,0.0286,9.8296,-0.0611,0.135,0.0927
18610,1114,811,33.646,25.702,0.0545,-0.0743,9.7407,-0.7064,0.6162,-0.1447
18615,1113,812,33.766,25.796,-0.0156,-0.0194,9.7957,0.2985,-0.4575,0.5023
18620,1106,825,33.607,25.768,0.0563,0.0939,9.7105,0.1258,-0.625,-0.5135
18625,1110,814,33.74,25.74,0.0013,0.0445,9.851,-0.6825,0.307,-0.6485
18630,1111,822,33.667,25.714,-0.03,-0.0486,9.7949,0.2831,0.076,0.0042
18635,1105,822,33.722,25.695,-0.0104,-0.0615,9.8489,-0.4154,-0.3159,-0.1957
18640,1097,818,33.775,25.782,-0.0402,0.0612,9.8139,0.401,-0.2165,0.4285
18645,1084,825,33.619,25.769,0.0441,0.003,9.8217,0.0916,0.8405,0.506
18650,1099,823,33.774,25.786,-0.1119,0.0147,9.7641,-0.9556,0.6178,1.1549
18655,1087,827,33.755,25.655,-0.0356,0.0559,9.7454,0.4587,0.8742,0.3627
18660,1070,819,33.688,25.637,0.0851,-0.0065,9.7408,0.2625,0.5403,-0.2954
18665,1082,828,33.692,25.823,-0.1113,0.0589,9.8374,0.0283,0.2897,0.3208
18670,1086,828,33.718,25.638,0.0211,-0.0527,9.8953,0.1319,0.014,-0.7266
18675,1088,827,33.613,25.784,-0.0505,-0.0215,9.8634,-1.05,-0.4962,-0.2025
18680,1075,832,33.681,25.761,0.0665,-0.0155,9.8201,-0.258,-0.0834,0.6551
18685,1082,830,33.72,25.793,-0.0088,0.0001,9.7608,-0.5873,0.4984,-0.0181
18690,1070,824,33.665,25.814,-0.0076,0.1178,9.7936,0.5009,-0.3727,0.6004
18695,1079,828,33.681,25.748,-0.012,0.0176,9.8008,0.1923,-0.9606,0.2912
18700,1070,831,33.765,25.732,-0.0085,0.0446,9.9278,-0.4279,0.2487,0.06
18705,1068,826,33.686,25.809,-0.128,-0.0264,9.8666,-0.0219,-0.4115,-0.7683
18710,1060,827,33.735,25.759,0.0374,0.0395,9.8022,-0.3972,-0.055,0.3451
18715,1062,823,33.635,25.752,0.0456,0.0546,9.7973,0.5622,0.512,-0.5493
18720,1057,824,33.74,25.678,-0.0043,-0.0592,9.7466,-0.2028,-0.1859,-0.1144
18725,1051,831,33.748,25.745,0.0033,0.0045,9.8281,-0.4596,0.0282,-0.0286
18730,1050,833,33.702,25.701,0.0629,-0.029,9.7658,0.2386,-0.1021,-0.7169
18735,1046,832,33.663,25.749,0.0199,-0.0403,9.7421,0.6145,1.1223,-0.0461
18740,1044,828,33.69,25.812,0.0685,-0.0776,9.7716,-0.3218,-0.4512,-0.2345
18745,1044,836,33.74,25.744,-0.0154,0.0105,9.8733,1.0214,-1.5742,1.2156
18750,1042,832,33.764,25.781,-0.0198,-0.0498,9.7644,0.8679,-0.5613,0.5722
18755,1030,829,33.713,25.7,-0.0328,0.0273,9.8268,-0.5157,-0.0088,-0.314
18760,1016,827,33.746,25.783,0.0543,0.0328,9.8262,0.5111,0.4959,-0.4739
18765,1011,821,33.703,25.75,0.0057,0.0256,9.7595,-0.1481,0.0487,-0.1338
18770,1001,828,33.724,25.823,0.025,0.0623,9.7969,0.6703,-0.2284,-0.0705
18775,1000,828,33.715,25.654,0.0279,0.0223,9.8255,0.6609,0.1308,-0.4721
18780,993,828,33.702,25.686,0.0075,-0.0448,9.8487,0.1188,0.1944,0.2341
18785,976,827,33.677,25.748,-0.0201,-0.0127,9.8384,0.0904,0.4634,-0.2407
18790,977,827,33.736,25.728,0.066,-0.0052,9.7144,0.8235,0.5989,0.0588
18795,975,819,33.678,25.742,-0.0268,0.0344,9.9332,0.8898,0.0844,-0.2245
18800,964,826,33.694,25.746,0.0431,-0.0334,9.8004,1.1902,0.2579,0.3031
18805,957,819,33.703,25.802,0.0146,-0.0374,9.7805,0.2282,-0.7759,0.3239
18810,951,821,33.66,25.789,-0.0288,-0.0279,9.7793,-0.4831,-0.4107,-0.5339
18815,929,819,33.678,25.73,0.0755,0.0193,9.7071,-0.2634,0.5385,0.307
18820,927,825,33.727,25.714,-0.0244,-0.1107,9.8474,0.0055,-0.2168,0.1509
18825,916,821,33.711,25.732,-0.0261,0.0222,9.8861,0.8125,0.3612,-0.2587
18830,912,824,33.683,25.712,-0.0187,-0.0104,9.7492,-0.6986,0.0239,-0.5275
18835,904,819,33.731,25.814,-0.086,0.0784,9.828,-0.0607,0.262,0.5325
18840,901,822,33.715,25.631,0.0007,-0.0732,9.7552,0.1333,-0.4188,-0.0297
18845,885,820,33.72,25.625,0.0358,0.0008,9.8476,0.4693,-0.318,-0.2396
18850,882,818,33.742,25.652,0.0779,0.0833,9.8951,-0.2689,0.7464,0.2882
18855,872,816,33.637,25.768,-0.0497,-0.0511,9.7033,0.2738,-0.184,-0.6054
18860,857,817,33.704,25.665,0.0057,-0.0383,9.7257,0.321,-0.433,0.7437
18865,849,819,33.744,25.841,-0.0596,-0.025,9.7416,0.3839,1.0573,-0.3576
18870,843,814,33.677,25.775,0.0181,0.0185,9.7329,-0.5329,0.3588,0.2453
18875,835,819,33.824,25.819,-0.0106,0.032,9.8515,0.4538,0.42,-0.2315
18880,814,817,33.703,25.761,-0.0576,0.0644,9.888,-0.3885,0.6069,0.4063
18885,810,814,33.707,25.659,0.0927,0.0045,9.7461,0.1648,-0.018,-1.2742
18890,799,812,33.631,25.692,0.0174,-0.0547,9.8242,-0.5072,-1.069,0.6235
18895,803,819,33.639,25.63,-0.0551,-0.0657,9.7204,0.981,-1.0936,0.03
18900,802,810,33.606,25.736,-0.0336,-0.02,9.7154,-0.442,-1.2148,-1.1126
18905,775,813,33.737,25.681,-0.0077,0.0097,9.7728,0.0087,-0.1225,-0.4044
18910,785,820,33.696,25.647,0.097,-0.0034,9.7891,-0.2366,-0.4509,-0.7042
18915,772,813,33.668,25.7,-0.0645,-0.0427,9.837,-0.1983,0.1499,0.06
18920,776,815,33.68,25.786,0.0503,0.0908,9.8414,-0.414,-0.0202,-0.7082
18925,767,817,33.68,25.683,-0.0119,0.0106,9.794,-0.5587,-1.0442,0.1921
18930,759,812,33.635,25.776,-0.0719,-0.0049,9.8469,0.2216,-0.1672,-0.0318
18935,762,808,33.725,25.678,0.0098,-0.0189,9.8405,-0.2047,0.1715,0.0693
18940,752,817,33.641,25.755,0.0505,-0.0458,9.7668,0.0121,0.5207,0.2794
18945,748,815,33.766,25.817,-0.0558,0.0211,9.8304,0.1642,-0.217,0.311
18950,755,811,33.598,25.781,-0.0676,-0.064,9.7702,-0.5938,0.601,0.1522
18955,751,804,33.658,25.736,0.0071,-0.0063,9.7614,-0.2131,0.1973,0.3113
18960,745,810,33.734,25.71,0.0196,0.0952,9.8178,-0.594,-0.2328,0.5205
18965,744,811,33.628,25.791,-0.0795,0.0055,9.8251,-0.2585,0.009,-1.0952
18970,752,809,33.67,25.71,0.039,-0.035,9.8243,0.141,0.4032,-1.0211
18975,763,811,33.645,25.725,-0.0455,-0.0002,9.7732,0.6047,-0.756,-0.9406
18980,753,806,33.729,25.655,-0.0326,0.0038,9.7619,-0.1646,-0.0258,0.6599
18985,758,804,33.618,25.753,0.0538,-0.069,9.7951,-0.3197,-0.5295,0.008
18990,751,806,33.721,25.745,0.0482,-0.1007,9.844,-0.1325,0.643,0.5017
18995,754,804,33.672,25.758,-0.0317,-0.0367,9.7749,-0.0438,-0.7428,-0.5632
19000,767,805,33.696,25.683,-0.0303,0.0122,9.8444,-0.0082,-0.4598,-0.2686
19005,767,808,33.754,25.715,0.0289,-0.0554,9.7508,0.8833,-0.058,-0.2897
19010,779,802,33.733,25.786,0.0024,-0.0316,9.7866,0.3912,-0.3388,1.3333
19015,782,798,33.679,25.697,0.0929,-0.0387,9.9092,0.0259,-0.3959,0.0061
19020,789,797,33.623,25.768,-0.0406,0.0192,9.828,0.1942,-0.2961,-0.2958
19025,801,797,33.717,25.65,-0.0221,-0.0333,9.9416,0.0037,-0.4011,0.2823
19030,809,795,33.623,25.733,0.0674,-0.0422,9.8274,0.186,0.246,-1.1463
19035,813,803,33.688,25.695,0.0461,0.0689,9.7383,-0.3359,0.3406,0.3744
19040,830,798,33.736,25.663,-0.0511,-0.0757,9.8716,0.3808,0.4063,0.4985
19045,837,789,33.671,25.755,0.0501,0.044,9.8345,-0.2793,0.1148,-0.048
19050,839,793,33.719,25.742,-0.019,-0.015,9.7314,-0.8946,-0.1604,-0.3687
19055,858,790,33.67,25.766,-0.0231,-0.0673,9.7551,0.1108,0.3726,-0.7702
19060,879,791,33.611,25.651,0.0902,0.019,9.8718,-0.0709,-0.3249,-0.3346
19065,881,788,33.789,25.715,0.0623,0.0318,9.7885,-0.5905,0.817,0.1287
19070,885,785,33.747,25.691,0.0787,0.0844,9.8077,0.212,-0.3543,0.0181
19075,901,789,33.745,25.655,-0.0766,0.0241,9.8378,-0.325,-0.3297,-0.3769
19080,912,781,33.616,25.753,-0.0018,0.008,9.7739,-1.0908,-0.2512,1.0099
19085,923,779,33.717,25.745,0.0386,-0.0631,9.8902,0.6023,0.1592,0.6368
19090,934,784,33.676,25.78,0.0178,0.0338,9.8156,0.0092,0.0559,0.4897
19095,957,781,33.68,25.679,-0.0718,-0.0114,9.8457,0.0818,-0.4848,-1.2952
19100,964,780,33.698,25.759,0.0445,0.0413,9.7889,-1.0169,-1.0882,1.1378
19105,972,772,33.668,25.755,-0.0203,0.0754,9.8319,-0.5823,0.2891,-0.1754
19110,981,777,33.684,25.79,-0.0296,-0.0309,9.852,0.2521,-0.7121,0.8893
19115,1003,779,33.624,25.711,-0.0376,-0.0213,9.7724,-0.4631,0.2221,-0.0203
19120,1007,772,33.696,25.723,0.1043,-0.0302,9.8079,0.5408,-0.4087,0.5755
19125,1020,774,33.772,25.693,-0.0552,-0.0061,9.9509,0.1381,-0.2163,-0.1698
19130,1031,774,33.753,25.687,0.0746,-0.0308,9.8619,1.1987,-0.7435,-0.3073
19135,1043,771,33.707,25.794,-0.0793,-0.0443,9.7735,0.1251,0.4893,0.4061
19140,1050,767,33.713,25.665,-0.0568,0.0703,9.794,-0.1347,-0.5758,-1.3548
19145,1061,771,33.643,25.787,-0.0295,-0.1122,9.7984,-0.5176,-0.272,-0.1645
19150,1077,763,33.738,25.79,-0.018,0.0439,9.8622,-0.2873,-0.6673,1.3323
19155,1090,761,33.704,25.659,-0.0615,-0.0654,9.8503,-0.1679,0.342,0.6971
19160,1098,766,33.662,25.75,0.0069,0.0022,9.8488,0.0668,-0.6026,0.0532
19165,1099,755,33.615,25.653,0.0891,-0.0905,9.8108,0.5234,-0.1111,-0.3398
19170,1109,761,33.674,25.666,-0.0138,0.0456,9.8417,0.0419,-0.2493,-0.1598
19175,1118,760,33.727,25.771,0.1411,-0.0321,9.935,0.2727,0.0805,-0.845
19180,1126,761,33.736,25.774,0.0729,0.0873,9.8416,-0.3505,0.4242,-0.5004
19185,1135,757,33.651,25.695,-0.0075,-0.0951,9.8093,-0.1266,-0.1504,-0.8576
19190,1144,758,33.645,25.71,0.0196,0.0246,9.8178,-0.5033,0.2921,0.8188
19195,1145,754,33.725,25.701,-0.0107,0.0617,9.8517,0.2103,0.3046,-0.0989
19200,1156,755,33.741,25.744,0.0325,0.0243,9.8915,-0.359,-0.2419,0.0051
19205,1157,754,33.706,25.668,0.0708,-0.0118,9.7843,0.1031,-0.1717,0.2828
19210,1169,758,33.761,25.697,-0.0018,0.0694,9.7653,0.601,0.3707,0.1422
19215,1167,754,33.688,25.796,-0.0287,0.0049,9.8358,-0.0889,-1.0856,-0.37
19220,1169,754,33.7,25.653,-0.0009,-0.0282,9.831,-0.1427,0.1616,0.2542
19225,1172,761,33.668,25.695,0.041,-0.0213,9.8356,0.1957,-0.1046,-0.2957
19230,1188,763,33.692,25.756,-0.0585,-0.0274,9.8148,0.9166,0.4041,0.0616
19235,1189,758,33.694,25.649,-0.0108,-0.058,9.8298,0.0056,-0.879,-0.2928
19240,1184,758,33.712,25.748,0.0151,-0.0263,9.8156,-0.3465,0.3371,0.5267
19245,1182,760,33.71,25.738,-0.0116,0.0301,9.8473,0.1147,-0.0567,0.2032
19250,1197,762,33.692,25.797,0.0595,0.0033,9.8023,-0.1113,0.2712,0.3926
19255,1191,766,33.742,25.742,0.0073,0.0321,9.7013,-0.5771,-0.3562,0.2281
19260,1193,765,33.687,25.665,-0.0036,-0.0199,9.8443,-0.5762,-0.024,-0.1992
19265,1183,761,33.661,25.75,0.0011,-0.0071,9.79,-0.098,0.1178,-0.1189
19270,1190,763,33.674,25.79,0.008,0.1062,9.7899,0.896,0.0742,0.4326
19275,1181,767,33.679,25.711,0.0883,0.0096,9.8161,-0.1656,0.7832,-0.6512
19280,1188,773,33.65,25.708,-0.0118,-0.013,9.8294,0.0417,0.1135,0.5259
19285,1184,771,33.721,25.661,0.0837,0.0407,9.748,0.5409,-0.0721,0.3543
19290,1183,769,33.732,25.676,0.0141,-0.0301,9.6966,-1.1122,0.9807,0.3272
19295,1183,774,33.628,25.743,-0.0749,0.0206,9.8336,-0.1391,-0.5431,-0.0274
19300,1175,772,33.555,25.719,0.0297,0.0041,9.8404,0.048,0.1194,-0.0994
19305,1171,780,33.692,25.729,0.1134,0.0821,9.7814,-0.4399,-0.5886,0.5833
19310,1174,778,33.682,25.634,-0.0607,-0.0426,9.7871,-1.0261,-0.1758,-0.1415
19315,1177,779,33.601,25.695,0.0638,-0.0466,9.8183,0.6129,-0.3206,-0.0935
19320,1163,784,33.617,25.831,0.026,0.0671,9.8115,0.3493,-1.0961,-0.0381
19325,1155,783,33.759,25.68,-0.0259,0.0043,9.816,0.3347,0.0599,0.4043
19330,1161,793,33.692,25.752,-0.01,-0.0114,9.7881,0.664,-0.0347,-0.1012
19335,1157,794,33.709,25.748,0.0049,0.0715,9.7797,1.0159,0.3726,-0.8462
19340,1162,792,33.823,25.743,-0.0758,0.0043,9.8513,1.067,-0.8812,-0.0101
19345,1144,795,33.706,25.714,-0.0682,-0.0218,9.8165,-0.4208,-0.1541,-0.6457
19350,1141,793,33.699,25.833,-0.0139,0.0607,9.7525,0.3194,-0.6608,-0.5731
19355,1140,790,33.704,25.796,0.0737,-0.0154,9.8114,-0.6844,-0.5853,0.8895
19360,1144,800,33.752,25.656,-0.0032,-0.0183,9.8181,-0.4518,0.0915,0.2758
19365,1137,800,33.716,25.753,-0.1024,0.0266,9.8978,0.3724,0.2095,0.36
19370,1129,804,33.662,25.633,-0.0129,0.0058,9.8297,-0.1402,0.1702,0.3651
19375,1138,803,33.633,25.734,-0.0941,0.0287,9.8193,0.2278,-0.0188,-0.2672
19380,1127,810,33.666,25.734,-0.08,-0.0476,9.727,-0.2756,0.2612,0.5003
19385,1123,806,33.658,25.78,-0.0018,0.0023,9.7508,0.2437,0.1932,0.2602
19390,1115,809,33.74,25.605,0.0294,-0.0128,9.7177,0.1307,0.706,-0.6938
19395,1116,810,33.72,25.715,0.0146,-0.0912,9.8981,-0.1848,-0.1681,-0.5091
19400,1127,809,33.736,25.708,0.0745,0.049,9.7216,-0.8214,0.7774,-0.6669
19405,1109,811,33.781,25.665,0.0537,-0.0627,9.7307,0.8253,-0.6795,-0.2032
19410,1123,818,33.701,25.71,0.0236,-0.099,9.9233,0.0619,-0.0312,-0.0929
19415,1102,819,33.624,25.77,-0.0763,-0.0241,9.854,-0.3056,0.7818,0.0662
19420,1107,814,33.671,25.748,0.0358,0.019,9.8037,-1.0357,0.0728,0.4607
19425,1108,819,33.677,25.695,0.0525,-0.0093,9.8228,0.8907,0.61,-0.0472
19430,1092,819,33.752,25.719,-0.0381,0.0204,9.8274,-0.3406,-0.082,0.4447
19435,1098,827,33.626,25.73,-0.0234,-0.0042,9.7789,-0.0763,0.1291,-0.8038
19440,1089,819,33.694,25.765,0.0275,-0.0062,9.8153,0.2976,0.603,0.3522
19445,1093,824,33.638,25.727,0.017,-0.0467,9.8504,0.3585,-0.3399,-0.9385
19450,1092,826,33.656,25.744,0.0806,-0.007,9.858,-0.41,-0.0045,0.4402
19455,1089,822,33.68,25.729,0.0203,-0.0124,9.7521,-0.0772,-0.9244,-1.3443
19460,1083,827,33.673,25.743,0.0907,0.0738,9.8559,0.2643,0.2634,-0.9921
19465,1085,830,33.654,25.69,-0.0265,0.0204,9.8547,0.9609,1.6573,-0.114
19470,1082,827,33.676,25.723,0.1061,0.0849,9.8424,-0.4452,-0.7917,-0.7057
19475,1083,830,33.767,25.745,-0.0671,0.0043,9.7719,0.4793,-0.6969,-0.4238
19480,1079,828,33.713,25.774,-0.0335,0.1114,9.8393,-0.0273,-0.688,-0.331
19485,1074,837,33.69,25.778,-0.0538,-0.0365,9.8354,0.5836,0.1804,0.2477
19490,1080,829,33.691,25.709,-0.0035,0.0785,9.8606,-0.5604,-0.3546,-0.6212
19495,1078,830,33.713,25.785,0.0215,0.0511,9.7044,-0.9506,0.2415,-0.1136
19500,1060,826,33.711,25.775,-0.0741,0.0326,9.8185,0.163,0.3367,-0.0308
19505,1061,835,33.692,25.773,0.0276,0.0626,9.7397,-0.6626,0.687,0.3924
19510,1074,828,33.674,25.763,-0.031,-0.0732,9.7712,-0.0931,-0.3942,0.533
19515,1062,827,33.707,25.723,-0.0831,0.0081,9.9338,0.4194,-0.6962,-0.2104
19520,1054,825,33.701,25.737,0.033,0.0286,9.8731,0.7304,-0.2131,0.0617
19525,1051,832,33.714,25.72,-0.0286,-0.0187,9.8545,-0.0149,-0.2319,-0.0042
19530,1049,830,33.616,25.692,-0.0548,0.0208,9.7704,0.4544,0.261,0.1728
19535,1044,834,33.662,25.781,-0.001,0.0743,9.7681,-0.2743,0.7242,-0.9147
19540,1047,832,33.624,25.79,-0.0929,0.0204,9.7702,-0.4721,0.1256,-0.5666
19545,1037,828,33.637,25.739,0.0327,-0.0655,9.8413,0.6287,-0.2974,0.7969
19550,1024,829,33.748,25.625,0.0559,0.0694,9.6999,0.4612,0.2047,0.2563
19555,1020,823,33.647,25.717,-0.0288,-0.0908,9.8519,0.7258,-0.1958,0.2383
19560,1014,824,33.716,25.763,-0.0214,0.0396,9.8078,-0.3445,-0.1441,-0.4667
19565,1014,828,33.691,25.636,0.0497,-0.0143,9.7312,0.2887,0.5167,-0.3184
19570,996,828,33.544,25.744,-0.0264,-0.0121,9.8949,0.2931,-0.2512,0.2693
19575,997,828,33.648,25.72,0.0117,-0.0402,9.8468,0.0612,0.5958,0.1333
19580,985,824,33.66,25.73,0.0503,-0.0244,9.8207,0.3343,-0.0466,0.0367
19585,979,824,33.776,25.761,0.0331,-0.1101,9.7992,-0.6776,0.506,-0.0493
19590,973,830,33.671,25.614,0.0671,-0.0487,9.7861,-0.2324,0.4192,0.4753
19595,963,826,33.744,25.741,0.0176,-0.0266,9.8353,0.8199,0.2032,-1.1994
19600,956,825,33.768,25.793,-0.1318,-0.0392,9.8489,-0.6784,-0.1307,0.0118
19605,944,826,33.718,25.748,-0.0011,-0.009,9.8352,-0.2066,-0.4811,0.2962
19610,939,820,33.743,25.761,0.0122,0.0136,9.7735,0.266,0.2305,0.1359
19615,937,825,33.606,25.692,-0.0147,0.0254,9.7435,-0.2657,-0.2677,0.0405
19620,922,824,33.68,25.795,0.0724,-0.0261,9.8079,0.7796,0.0876,0.3913
19625,913,826,33.76,25.695,-0.0452,0.0374,9.7714,-0.2146,-0.4991,-0.0764
19630,903,818,33.653,25.781,0.0939,0.006,9.767,-0.297,-1.3943,0.1388
19635,898,819,33.697,25.717,-0.0677,-0.0473,9.8393,0.4701,0.0967,0.2275
19640,885,816,33.724,25.731,0.0585,-0.0703,9.7765,0.9367,0.4479,1.3999
19645,876,817,33.659,25.74,0.0293,-0.0264,9.781,0.029,1.0867,0.696
19650,870,814,33.805,25.728,-0.0073,0.0423,9.7471,0.1756,0.0855,0.573
19655,853,822,33.765,25.796,0.008,-0.0511,9.7654,-0.1168,0.3079,0.2795
19660,858,814,33.752,25.641,0.0379,0.041,9.8912,0.2356,0.3633,-0.3112
19665,853,812,33.663,25.685,-0.0243,-0.0301,9.8314,-0.9852,0.0809,0.7797
19670,829,813,33.66,25.781,0.0378,-0.0615,9.8497,-0.6478,-0.3808,-0.2897
19675,831,813,33.712,25.789,0.0239,0.0033,9.8461,0.6508,-0.7907,-0.1676
19680,818,820,33.663,25.743,0.0266,-0.0299,9.7777,-1.0251,-0.4386,-0.7538
19685,812,817,33.725,25.75,-0.0909,-0.0315,9.8556,-0.3123,0.2417,-0.1936
19690,802,820,33.693,25.754,0.027,0.0782,9.9472,-0.9856,0.6007,-0.2429
19695,796,811,33.674,25.745,-0.0467,-0.0926,9.8774,-0.7341,0.2465,-0.6206
19700,796,818,33.679,25.679,-0.0689,0.01,9.8054,-0.1899,-0.0437,0.7462
19705,780,810,33.679,25.691,0.0478,0.046,9.8368,-0.1078,-0.1781,-0.0407
19710,778,818,33.679,25.607,-0.0495,-0.0269,9.8477,-0.0556,0.7311,-0.7772
19715,770,816,33.778,25.78,-0.1393,0.0127,9.8162,0.0017,-1.3277,0.3063
19720,765,815,33.818,25.746,-0.0205,-0.0748,9.8106,0.6599,0.4426,0.5772
19725,757,809,33.697,25.744,-0.0314,0.0827,9.7791,-0.7765,-0.1417,-0.0263
19730,765,810,33.695,25.796,-0.0215,-0.0312,9.9081,0.2574,1.3036,-0.002
19735,750,819,33.686,25.816,0.0098,-0.0278,9.8209,-0.2473,-0.2746,-1.2285
19740,755,810,33.617,25.731,-0.0654,-0.0313,9.7451,0.5525,0.1671,-0.5472
19745,745,807,33.664,25.752,-0.0005,-0.03,9.7153,0.0658,0.2795,0.5037
19750,754,813,33.631,25.692,0.0247,-0.0116,9.8444,-0.5304,0.1156,-0.5475
19755,750,810,33.741,25.679,0.0303,0.0266,9.8194,0.2399,-0.2592,-0.0248
19760,749,802,33.752,25.722,-0.0974,0.0077,9.8312,0.0521,0.0627,-0.1938
19765,749,809,33.694,25.663,0.055,-0.0156,9.7709,-0.122,-0.4606,0.6135
19770,749,809,33.739,25.815,0.1006,-0.0033,9.7482,0.3706,-0.2303,0.8974
19775,749,809,33.706,25.715,-0.0485,-0.0704,9.8098,-0.4462,-0.2867,-0.2495
19780,748,807,33.684,25.704,-0.011,-0.0446,9.6559,-0.3076,0.057,-0.2104
19785,762,805,33.701,25.718,0.0315,-0.0225,9.8349,-0.9387,0.087,-0.049
19790,758,804,33.736,25.717,0.0571,0.0638,9.8524,-0.5656,-0.4627,-0.4076
19795,765,804,33.719,25.717,0.0326,0.0117,9.802,0.0559,-0.3818,0.4154
19800,765,802,33.675,25.747,-0.0179,0.0327,9.7844,0.0579,1.2518,0.3747
19805,774,802,33.678,25.697,0.0564,-0.0057,9.7631,0.3537,0.787,-0.1793
19810,780,805,33.674,25.743,0.0564,-0.0168,9.8218,0.4749,0.4569,-1.204
19815,795,801,33.673,25.712,-0.0083,0.0404,9.8143,-0.5528,0.5067,-1.1597
19820,797,799,33.725,25.736,-0.0035,0.0362,9.9277,-0.0258,-0.2913,-0.7273
19825,805,797,33.733,25.697,0.0071,-0.0621,9.7626,-0.5369,-0.7834,0.5722
19830,820,802,33.716,25.768,0.0187,-0.0185,9.8183,0.4512,0.0573,-0.2306
19835,818,801,33.576,25.718,-0.0447,0.0527,9.8486,0.6311,-0.4836,0.7217
19840,837,800,33.693,25.716,0.0747,-0.0168,9.7697,0.254,-0.5517,-0.298
19845,841,793,33.711,25.786,0.0112,0.0044,9.9059,0.5111,-0.3507,-0.0874
19850,857,790,33.611,25.744,-0.0286,-0.0245,9.7786,0.1343,-0.4129,0.5322
19855,854,796,33.678,25.68,-0.0461,-0.0309,9.8048,0.5285,1.122,0.1541
19860,857,785,33.645,25.768,0.0325,0.0002,9.8273,-0.3482,-0.395,0.0656
19865,882,782,33.738,25.693,-0.0501,-0.0104,9.8374,-0.0461,-0.2317,0.5069
19870,900,791,33.746,25.684,-0.0562,-0.0238,9.7617,0.5645,-0.3187,0.528
19875,911,787,33.684,25.742,0.0678,0.0998,9.7984,-0.4915,-0.132,0.4437
19880,919,790,33.695,25.739,-0.0009,0.022,9.7843,0.4541,0.6026,-0.797
19885,929,786,33.752,25.685,0.0161,-0.0992,9.8136,-0.4525,0.3811,0.2141
19890,939,784,33.712,25.746,-0.1196,0.0022,9.7838,-0.1287,0.3569,1.2548
19895,951,783,33.688,25.801,0.0368,-0.0832,9.8353,0.4071,-0.4459,-0.4997
19900,970,774,33.592,25.761,0.0949,0.0492,9.8007,0.287,-0.5185,0.4193
19905,976,781,33.785,25.779,0.0465,-0.0009,9.7766,0.496,-0.3279,-0.6453
19910,1000,775,33.728,25.632,-0.0068,0.0031,9.7946,0.6052,-0.6553,-0.3835
19915,998,778,33.639,25.636,0.0309,-0.0403,9.832,0.3675,0.1111,-0.1546
19920,1010,771,33.691,25.756,0.0007,-0.067,9.8136,0.3412,0.9633,1.1444
19925,1023,771,33.712,25.728,0.0315,0.1001,9.7406,0.6847,0.1442,0.406
19930,1036,766,33.635,25.825,0.0479,0.0587,9.7719,-0.5795,-0.2368,0.3052
19935,1050,769,33.769,25.723,-0.0258,0.0806,9.8443,0.2345,0.0847,-0.5856
19940,1063,770,33.66,25.771,0.0523,-0.0382,9.6995,0.1783,0.7314,-0.0412
19945,1069,768,33.627,25.762,0.0927,-0.0004,9.7884,-0.3064,0.1415,-0.1469
19950,1077,764,33.62,25.716,-0.0711,-0.0443,9.8118,0.5892,-0.108,0.6154
19955,1092,764,33.687,25.752,0.0023,0.0208,9.8214,-0.2747,-0.1098,-1.2609
19960,1091,764,33.711,25.634,-0.0073,0.0923,9.8571,-0.3514,0.0336,0.2792
19965,1098,761,33.652,25.764,-0.081,0.0076,9.8175,-0.209,-0.9027,0.3555
19970,1124,767,33.629,25.767,-0.0712,0.0702,9.8839,-0.2274,0.0131,-0.3095
19975,1129,759,33.774,25.728,-0.0961,-0.012,9.8425,0.2124,-0.1446,-0.2242
19980,1140,761,33.733,25.742,0.0714,-0.0089,9.8191,0.2944,0.6603,0.0067
19985,1147,759,33.576,25.715,0.0172,0.036,9.841,0.0553,-0.4806,0.8506
19990,1149,761,33.652,25.767,0.0354,0.0622,9.8314,0.3207,0.1983,0.6317
19995,1155,757,33.718,25.679,0.0622,-0.0124,9.8365,0.0388,0.4169,0.0466
20000,1154,756,33.694,25.639,-0.1022,-0.0504,9.7989,-0.7974,-0.3058,0.2861
20005,1160,760,33.608,25.791,-0.0383,-0.0232,9.8098,0.2877,0.7411,-0.2579
20010,1169,768,33.688,25.688,-0.0885,-0.0111,9.8862,-0.419,-0.355,0.1113
20015,1177,756,33.719,25.678,-0.0023,-0.0222,9.8534,-0.7281,-0.5942,-0.3627
20020,1180,760,33.672,25.84,0.0045,-0.0448,9.822,-0.6074,-0.2031,-0.2185
20025,1181,757,33.686,25.786,-0.0701,0.0335,9.8717,-0.0228,-0.3432,0.219
20030,1192,754,33.66,25.708,0.0277,-0.0018,9.7488,-0.1772,-0.9008,0.1762
20035,1179,762,33.721,25.746,0.0694,-0.0891,9.7732,0.2087,-0.413,-0.4816
20040,1180,762,33.691,25.69,-0.0934,-0.0438,9.7349,0.9571,-0.0291,0.3868
20045,1188,761,33.768,25.703,-0.0402,0.026,9.8451,-0.348,-0.3548,0.3152
20050,1186,764,33.707,25.744,0.0198,-0.094,9.8314,-0.3632,0.6233,-0.683
20055,1187,763,33.665,25.644,0.1046,0.035,9.8941,-0.4035,1.1426,0.7656
20060,1184,764,33.716,25.831,-0.0363,-0.0818,9.7751,-0.5479,-1.0255,0.9777
20065,1184,763,33.628,25.752,0.1052,-0.0599,9.8867,0.4425,-0.1416,0.2264
20070,1177,760,33.767,25.74,0.006,0.0214,9.8524,0.1364,0.743,0.2786
20075,1185,768,33.576,25.769,0.0294,-0.067,9.7874,0.0816,0.515,0.0919
20080,1191,768,33.684,25.729,0.0348,-0.0376,9.7838,0.4394,-0.2981,0.2253
20085,1186,763,33.733,25.767,0.0218,0.0437,9.6544,0.4628,0.3197,-0.5121
20090,1183,774,33.606,25.742,-0.059,-0.0276,9.7706,-0.7413,-0.5864,0.8768
20095,1173,771,33.697,25.768,-0.1342,-0.0232,9.8302,-0.9546,0.4662,0.6975
20100,1175,773,33.659,25.689,-0.0179,0.0811,9.7882,-0.5891,0.258,0.1367
20105,1174,772,33.705,25.713,0.0348,0.0418,9.8128,0.8923,0.0693,0.6467
20110,1173,779,33.67,25.651,-0.0161,0.0467,9.8354,0.2281,-0.1907,0.156
20115,1160,782,33.637,25.8,-0.0576,-0.0641,9.8107,0.4311,0.0987,-0.6395
20120,1166,782,33.62,25.721,0.0329,-0.0067,9.7904,0.1213,0.2665,-0.072
20125,1166,779,33.782,25.708,-0.045,-0.006,9.7405,0.2094,-0.3987,0.0378
20130,1159,778,33.595,25.736,0.0137,0.0225,9.7956,0.4173,0.9768,-0.4792
20135,1160,795,33.685,25.819,0.0382,0.0229,9.8175,-0.159,-0.4642,-0.4713
20140,1150,790,33.63,25.851,0.0085,0.0239,9.7808,0.7333,-0.6211,-0.1013
20145,1138,796,33.673,25.747,0.0535,-0.0653,9.7395,0.4504,0.4007,0.0725
20150,1148,794,33.653,25.726,-0.0311,0.083,9.7583,-0.2377,0.2223,-0.0703
20155,1154,798,33.646,25.671,-0.009,-0.0543,9.804,-0.2552,-0.8015,0.27
20160,1139,797,33.704,25.765,-0.0416,0.0249,9.78,0.4691,0.5037,0.5989
20165,1125,804,33.667,25.753,0.0045,0.1,9.7669,0.5564,-0.026,0.4594
20170,1133,796,33.779,25.717,-0.0292,-0.0141,9.838,0.2098,-0.759,-0.6533
20175,1132,806,33.681,25.716,-0.0278,-0.0508,9.8228,-0.3988,0.5884,0.4134
20180,1127,806,33.739,25.706,-0.0157,0.0221,9.8544,-0.0968,0.0999,-0.2021
20185,1129,805,33.684,25.667,-0.0199,-0.0193,9.7913,-0.7265,0.7098,-0.8129
20190,1130,808,33.757,25.649,0.0837,0.0251,9.8892,-0.6293,0.6108,0.733
20195,1128,810,33.61,25.78,0.0496,-0.0634,9.879,0.4207,-1.0092,-0.4921
20200,1118,813,33.658,25.662,-0.0023,0.0727,9.8105,0.3495,1.1495,-0.2926
20205,1101,813,33.612,25.731,-0.063,0.0053,9.6563,0.0926,-0.5705,-0.5933
20210,1102,818,33.714,25.663,-0.0721,0.0103,9.8301,-0.4,0.7395,-0.0194
20215,1107,813,33.637,25.71,-0.0397,0.0069,9.7687,0.8006,0.269,-0.3661
20220,1095,816,33.639,25.754,-0.0398,-0.0562,9.7154,-0.4015,-0.6906,0.0465
20225,1105,818,33.723,25.789,0.0922,-0.0083,9.8345,-0.0867,-0.1695,-0.8014
20230,1098,824,33.76,25.644,-0.0252,-0.0473,9.8396,-0.4422,0.1012,-0.3643
20235,1092,822,33.749,25.717,-0.0439,-0.0034,9.8257,0.7978,-0.2165,0.2249
20240,1102,825,33.642,25.735,-0.0186,0.045,9.7587,-0.3301,0.1859,0.0653
20245,1095,825,33.685,25.705,0.0967,-0.011,9.7506,0.5406,-0.3681,-0.408
20250,1099,830,33.643,25.703,-0.037,-0.0435,9.8364,0.0708,0.1478,0.3436
20255,1080,829,33.723,25.774,0.0261,-0.0382,9.8369,-0.7497,0.234,0.0942
20260,1091,824,33.673,25.779,0.033,0.0943,9.8088,0.3293,-0.8398,-0.0403
20265,1091,826,33.708,25.665,0.0163,-0.022,9.7894,0.1371,-0.0483,-0.1659
20270,1084,828,33.67,25.715,-0.0682,0.018,9.8474,-0.794,-1.0938,-0.1929
20275,1086,830,33.681,25.732,-0.0454,-0.0554,9.9029,-0.0143,-0.2272,0.004
20280,1080,822,33.644,25.663,0.0222,-0.0531,9.8663,-0.0218,-0.0059,0.3186
20285,1075,828,33.735,25.676,-0.0438,0.0102,9.761,0.89,0.7549,-0.2654
20290,1070,827,33.714,25.787,-0.0136,-0.0356,9.8361,0.0084,0.2226,0.2466
20295,1074,832,33.649,25.675,0.0325,0.037,9.7402,0.1319,-0.1459,0.4101
20300,1059,831,33.623,25.774,0.0487,-0.0253,9.7252,0.1223,0.4282,-0.0026
20305,1065,832,33.759,25.667,-0.0027,0.0731,9.7483,0.3017,0.1384,-0.5903
20310,1056,829,33.722,25.659,-0.03,-0.0783,9.7357,0.4794,0.4893,0.5771
20315,1060,831,33.668,25.737,0.0276,-0.0265,9.7647,0.2605,0.1678,0.0028
20320,1056,827,33.713,25.781,0.0658,0.0328,9.7779,-0.3493,-0.3329,0.165
20325,1052,840,33.722,25.738,-0.0395,0.0514,9.7649,0.2079,0.0485,-0.3568
20330,1047,827,33.604,25.798,0.018,-0.0905,9.851,0.1483,0.2706,-0.528
20335,1041,827,33.626,25.759,-0.0229,0.0186,9.8478,-0.135,0.092,-0.1772
20340,1034,827,33.709,25.722,-0.0235,-0.0395,9.7894,-0.1219,1.0143,0.9834
20345,1033,832,33.685,25.698,-0.0165,0.0216,9.8079,0.1378,0.5189,-0.3926
20350,1011,830,33.663,25.692,-0.0375,-0.0286,9.8012,-0.3243,0.2618,-0.3189
20355,1014,825,33.641,25.698,-0.0704,0.0047,9.7314,1.1351,0.5139,-0.7377
20360,1018,827,33.763,25.836,-0.0175,-0.0443,9.8237,0.438,0.0386,0.154
20365,1021,827,33.661,25.705,0.0208,0.0327,9.7006,-0.1491,0.2897,0.428
20370,992,825,33.661,25.755,-0.0327,-0.064,9.7545,-0.7382,-0.5418,-0.2887
20375,994,830,33.584,25.75,-0.044,0.0085,9.7906,0.6085,-1.3394,-0.014
20380,979,828,33.7,25.786,0.0544,-0.0916,9.7785,0.5309,0.0156,0.1611
20385,980,829,33.682,25.693,-0.0147,-0.0624,9.8058,-0.8783,-1.0241,0.1869
20390,966,823,33.671,25.675,0.045,-0.0594,9.7684,0.0964,0.3548,-0.0394
20395,955,824,33.646,25.702,-0.0599,0.0674,9.813,0.3778,-0.5529,0.1395
20400,955,823,33.636,25.7,0.0644,-0.024,9.7453,-0.0421,0.2184,-0.0951
20405,951,816,33.686,25.67,0.047,-0.0394,9.8531,-0.9773,0.5936,0.2765
20410,937,824,33.707,25.769,0.0049,0.0373,9.8037,-0.7367,0.0854,-1.0399
20415,938,819,33.65,25.816,0.1328,0.0056,9.8317,0.7603,0.5475,0.0891
20420,924,826,33.661,25.691,0.0389,0.0283,9.7918,0.6143,-0.6313,-0.7598
20425,923,820,33.744,25.71,-0.0449,0.0192,9.7532,0.3895,0.2148,-0.4701
20430,906,824,33.664,25.726,0.106,0.0646,9.852,0.6975,0.0272,0.8017
20435,894,819,33.647,25.557,-0.0007,0.0217,9.8286,0.5168,0.6962,0.4613
20440,888,821,33.648,25.667,0.0935,0.0749,9.7811,-0.0089,-0.3636,-0.05
20445,872,819,33.643,25.746,0.0573,0.0188,9.8062,0.5122,0.0154,0.5035
20450,860,812,33.701,25.714,-0.0062,0.0028,9.8023,0.2251,-0.3225,0.2087
20455,862,814,33.692,25.712,-0.0488,0.0262,9.8135,0.7543,0.5586,0.7604
20460,846,817,33.743,25.674,-0.0572,-0.0555,9.8434,-0.0367,0.0558,-0.3288
20465,839,821,33.647,25.701,-0.0457,-0.0154,9.8039,-0.4235,0.0361,-0.6545
20470,829,820,33.644,25.724,-0.0514,-0.0068,9.741,-0.2736,-0.2982,-0.2079
20475,824,818,33.628,25.646,-0.0228,0.0111,9.8186,-0.4139,-0.6853,-0.0276
20480,817,817,33.688,25.674,0.0004,0.098,9.7837,0.2248,-0.6277,0.0158
20485,806,813,33.665,25.728,-0.0128,-0.0424,9.6876,0.6304,-0.0899,-0.2186
20490,799,814,33.681,25.688,-0.0032,-0.0929,9.7883,-0.9025,0.6214,0.4307
20495,791,809,33.663,25.721,-0.0395,-0.0218,9.8287,0.1495,-0.2879,-0.9239
20500,788,815,33.627,25.764,0.1256,0.0861,9.7991,0.873,-0.0791,-0.3163
20505,786,817,33.661,25.765,0.0487,0.0247,9.7927,-0.1281,-0.5762,-0.1963
20510,777,812,33.635,25.682,0.05,-0.0077,9.8378,0.2957,0.1664,-0.0056
20515,770,807,33.731,25.671,-0.0668,-0.0124,9.7554,-0.7198,-0.3699,-1.2435
20520,756,811,33.632,25.742,-0.04,0.041,9.9157,-0.7326,0.5029,0.2989
20525,756,811,33.573,25.753,0.0143,-0.0051,9.836,0.6168,0.314,0.9207
20530,757,807,33.644,25.836,0.0028,-0.0132,9.8228,0.4048,0.2767,0.0901
20535,749,815,33.744,25.706,-0.0226,0.0086,9.8429,0.0953,-0.3128,0.0365
20540,745,814,33.648,25.782,-0.0665,0.0261,9.8103,0.4872,-0.0166,-0.2232
20545,763,807,33.663,25.716,0.0131,0.0614,9.8658,0.2949,1.1396,-0.1345
20550,752,816,33.736,25.702,-0.0057,-0.0435,9.9068,-0.9528,-0.1722,-0.4006
20555,745,807,33.634,25.773,-0.0256,-0.0307,9.8176,-1.1331,-0.096,-0.4286
20560,750,810,33.741,25.727,-0.068,0.0614,9.9178,1.1946,0.7189,-1.4319
20565,752,812,33.759,25.713,0.0103,-0.0631,9.7869,0.4509,-0.5342,1.2444
20570,743,811,33.589,25.689,0.0278,-0.0138,9.8296,-0.0744,-0.0776,-0.4713
20575,750,809,33.762,25.799,-0.0036,0.0305,9.8038,0.2316,0.3429,0.1204
20580,752,809,33.623,25.694,-0.0854,-0.1012,9.7928,0.0351,0.3836,-0.668
20585,761,807,33.667,25.748,0.0224,-0.0077,9.7777,0.3186,-0.0387,0.6532
20590,765,804,33.618,25.699,0.0495,-0.0182,9.8007,0.4054,-0.0667,-0.3093
20595,767,804,33.688,25.81,0.0382,0.0937,9.798,0.396,-0.064,-0.0938
20600,778,801,33.698,25.736,-0.0262,0.0208,9.7025,-0.2629,-0.1474,-0.5804
20605,780,808,33.74,25.741,-0.0092,-0.0058,9.7239,-0.8799,-0.8108,-0.0754
20610,790,797,33.657,25.85,0.0655,-0.0651,9.8912,0.85,-0.6179,0.0586
20615,794,797,33.593,25.717,0.035,0.0146,9.7981,-0.2803,0.5061,0.6181
20620,808,801,33.67,25.69,-0.0165,0.0608,9.74,0.1949,-0.7318,0.1481
20625,811,796,33.677,25.7,-0.0202,-0.042,9.8368,-0.1858,-0.8649,-0.6425
20630,804,800,33.658,25.672,-0.0019,-0.0144,9.7865,0.1908,0.1658,-0.3597
20635,828,790,33.647,25.643,0.0793,-0.1228,9.8589,-0.0416,-0.2232,-0.5958
20640,830,792,33.708,25.764,0.0753,-0.0187,9.9137,-0.6212,-0.3242,0.4611
20645,839,795,33.59,25.737,0.0771,0.0028,9.7826,0.1763,0.1379,-0.5159
20650,847,796,33.653,25.773,-0.005,-0.0433,9.7784,0.4221,-0.6293,-0.7186
20655,865,795,33.653,25.713,-0.0067,0.0317,9.8256,-0.047,0.1651,0.2192
20660,875,792,33.65,25.725,-0.0418,0.0203,9.8538,-0.2598,-0.0184,-0.1405
20665,888,789,33.667,25.768,-0.0682,-0.0095,9.8979,0.4202,0.4677,0.3472
20670,892,784,33.684,25.709,0.0862,0.0449,9.8061,-0.1839,-0.9966,-0.1926
20675,919,787,33.672,25.69,0.0355,-0.0279,9.7676,0.3255,-0.7214,0.2254
20680,921,782,33.741,25.647,0.0107,0.0068,9.9641,1.0048,-0.5348,-0.0265
20685,930,780,33.696,25.792,0.1121,-0.005,9.786,0.1553,-0.1963,-0.2264
20690,942,781,33.671,25.7,0.0171,0.0525,9.784,0.1918,-0.4,0.3411
20695,963,785,33.715,25.728,0.0668,0.0182,9.8284,-0.0902,0.2887,0.2662
20700,979,778,33.703,25.666,-0.0276,0.0041,9.8843,-0.1786,0.5045,0.6736
20705,981,777,33.74,25.752,-0.0289,-0.0728,9.758,0.0449,0.0046,0.1081
20710,990,773,33.648,25.745,-0.0072,-0.036,9.792,0.4841,0.7516,-0.0983
20715,1003,778,33.642,25.69,-0.0524,-0.0558,9.754,-1.0289,0.1485,0.3985
20720,1017,771,33.57,25.844,-0.1068,0.0402,9.775,0.713,-0.3019,0.0156
20725,1036,775,33.707,25.647,0.0792,-0.0124,9.8215,-0.0344,-0.423,0.0487
20730,1038,774,33.641,25.811,0.0216,0.0612,9.8901,-0.1222,-0.0673,0.2126
20735,1062,767,33.637,25.638,0.0082,0.0204,9.8239,-0.8911,0.0252,-0.2651
20740,1062,762,33.672,25.701,-0.0245,-0.0199,9.8104,-0.6936,-0.8881,-0.6448
20745,1077,770,33.671,25.692,-0.0452,0.0009,9.8445,-0.0415,-0.3003,1.3167
20750,1084,765,33.727,25.749,0.042,0.0653,9.8586,0.3996,0.4806,-0.5065
20755,1084,766,33.661,25.782,-0.046,-0.016,9.7503,0.1247,0.1691,-0.2874
20760,1103,764,33.695,25.788,-0.0049,-0.0056,9.8438,-0.231,0.2321,0.073
20765,1114,761,33.613,25.64,-0.0212,0.0131,9.8176,-0.5713,-0.8352,-0.7196
20770,1122,758,33.637,25.746,0.0609,0.0497,9.8627,-0.5386,0.3996,0.2877
20775,1126,757,33.638,25.713,-0.0304,-0.0086,9.8094,0.0969,0.0446,0.0303
20780,1143,762,33.735,25.647,-0.0247,0.0673,9.8716,-0.454,0.9569,0.2767
20785,1150,762,33.698,25.763,0.0507,0.025,9.7172,-0.3956,0.5627,0.1161
20790,1150,759,33.687,25.715,-0.0213,0.1551,9.767,0.2229,-0.6825,-0.8695
20795,1159,759,33.722,25.663,0.1022,-0.0403,9.8226,-0.5942,-0.1067,0.0172
20800,1160,760,33.795,25.692,-0.071,0.0431,9.831,0.2443,-0.083,0.1398
20805,1162,757,33.634,25.786,-0.0125,-0.1033,9.9131,0.9371,-0.4136,-0.1428
20810,1168,757,33.697,25.749,0.0133,0.1084,9.8793,-0.2603,0.6398,0.728
20815,1170,760,33.757,25.807,0.0302,0.0506,9.7604,-0.2784,0.4271,0.6084
20820,1173,758,33.755,25.732,0.0293,0.0336,9.7561,0.0171,-0.0634,-0.4477
20825,1183,759,33.664,25.692,0.0016,0.0514,9.8202,-0.6619,-0.3854,-0.3642
20830,1182,760,33.706,25.683,-0.0286,-0.0495,9.7545,0.0086,-0.1744,-0.7524
20835,1190,761,33.634,25.69,0.0026,-0.0519,9.8682,0.0204,0.0495,-0.0726
20840,1180,760,33.616,25.718,-0.0772,-0.0281,9.8828,-0.3046,1.0239,-0.5045
20845,1193,756,33.726,25.723,0.065,-0.0477,9.8184,-0.393,-0.6881,0.8974
20850,1188,759,33.658,25.743,-0.0911,-0.0651,9.8105,-0.7181,-0.6367,-0.1626
20855,1193,760,33.631,25.665,0.0311,0.0748,9.7741,-0.3355,0.1369,-0.3297
20860,1185,764,33.662,25.675,0.047,0.1204,9.8471,-0.333,-0.8914,-0.1942
20865,1187,763,33.722,25.713,0.0078,-0.05,9.8388,0.0649,-0.5712,0.039
20870,1182,765,33.722,25.661,0.0776,-0.0856,9.7973,-0.1813,-0.5955,-0.3449
20875,1177,766,33.661,25.743,0.051,0.1095,9.8234,-0.7873,-1.3423,0.0571
20880,1177,767,33.733,25.801,-0.0258,-0.0257,9.7591,-0.0071,-0.3414,0.2073
20885,1184,773,33.621,25.738,-0.0955,0.1068,9.7983,0.4794,0.7358,-0.3536
20890,1181,774,33.737,25.654,0.0195,0.0249,9.8006,-0.2319,0.09,0.7966
20895,1173,776,33.69,25.841,-0.0579,0.0616,9.7871,0.1429,0.0427,-0.251
20900,1162,773,33.72,25.736,-0.0337,-0.118,9.7828,-0.2459,0.0245,-0.4493
20905,1159,784,33.704,25.598,-0.0699,0.0272,9.8517,-0.071,0.5887,0.2702
20910,1168,775,33.697,25.659,-0.076,0.0187,9.7776,-0.1917,-0.366,-0.1313
20915,1172,783,33.728,25.708,0.1059,0.0339,9.8602,0.1041,-0.3749,0.1868
20920,1167,782,33.653,25.646,-0.0683,0.0155,9.8645,1.1301,0.43,-0.6999
20925,1159,782,33.643,25.749,-0.0691,0.0153,9.791,-1.255,0.5129,0.2924
20930,1152,778,33.613,25.711,-0.0772,-0.0071,9.7784,0.4796,-0.2123,0.9849
20935,1151,786,33.675,25.783,0.035,-0.0201,9.7647,-0.7508,0.3931,1.0453
20940,1143,795,33.66,25.706,-0.0063,0.0047,9.7002,0.4102,0.0927,0.4304
20945,1141,792,33.688,25.753,-0.0456,-0.0826,9.8325,-1.6743,-0.0853,-0.2417
20950,1143,797,33.679,25.709,0.0395,-0.0009,9.8354,1.212,0.4812,-0.2897
20955,1138,800,33.672,25.773,0.0405,0.0347,9.8431,0.5019,0.0802,0.5448
20960,1140,802,33.639,25.715,0.0248,-0.0588,9.7603,-0.2796,-0.6458,0.1774
20965,1134,799,33.71,25.757,-0.038,-0.0377,9.7593,0.0044,0.2791,-0.355
20970,1121,799,33.775,25.734,-0.0468,0.0187,9.803,-0.3375,0.2143,0.3429
20975,1131,804,33.644,25.673,0.0018,-0.0012,9.76,0.2831,-0.0529,-0.2001
20980,1130,809,33.686,25.804,-0.044,-0.0171,9.8574,-0.6561,-0.3196,0.3305
20985,1106,809,33.653,25.761,-0.0541,-0.0791,9.841,0.7593,-0.3946,0.6327
20990,1121,812,33.751,25.753,0.032,-0.011,9.7916,-0.2372,0.4127,0.4001
20995,1124,810,33.679,25.701,-0.0187,0.0555,9.8292,-0.7847,0.1793,-0.4768
21000,1118,809,33.699,25.713,0.1021,0.0191,9.7597,-0.3237,0.6832,-0.4139
21005,1117,814,33.71,25.722,-0.057,-0.1106,9.9329,-0.538,-0.1008,-0.0216
21010,1105,819,33.692,25.637,0.0887,0.0307,9.7299,0.6192,0.6338,0.743
21015,1104,815,33.623,25.764,0.0103,-0.0339,9.7182,0.316,-0.6548,-0.5539
21020,1104,822,33.663,25.788,0.0488,-0.0039,9.83,0.423,-0.2272,-0.8137
21025,1104,820,33.705,25.689,0.0893,-0.0466,9.8495,-0.548,-0.0972,0.1155
21030,1101,820,33.682,25.704,0.0438,-0.0021,9.8553,-0.4294,-0.7587,-0.2964
21035,1095,826,33.747,25.602,0.0169,-0.0534,9.8319,-0.3266,0.613,-0.4256
21040,1086,824,33.761,25.667,-0.019,-0.0462,9.8264,0.2126,0.957,0.539
21045,1097,829,33.711,25.667,0.0571,0.027,9.8207,0.1518,1.1805,-0.3281
21050,1087,829,33.65,25.713,0.0615,-0.086,9.8259,-0.0464,-0.3549,-0.9139
21055,1084,828,33.689,25.712,-0.0446,0.059,9.7627,0.9754,0.8209,-0.7029
21060,1078,824,33.659,25.776,0.0446,-0.0017,9.8127,0.0541,0.2356,-1.1956
21065,1085,831,33.654,25.733,0.0218,0.0192,9.7519,-0.0735,-0.0654,0.1761
21070,1085,828,33.629,25.693,0.0221,0.0595,9.801,0.2227,-0.2272,-0.7141
21075,1074,828,33.688,25.881,0.0389,0.0444,9.8703,0.7322,0.1956,-0.0222
21080,1074,830,33.685,25.789,0.0719,0.0285,9.8834,-0.2962,1.7115,-0.185
21085,1072,826,33.742,25.736,-0.0306,-0.0565,9.7948,-0.896,0.0968,-0.1717
21090,1074,837,33.675,25.816,0.0116,0.0716,9.8525,0.2303,-0.8176,-0.2997
21095,1062,832,33.626,25.772,0.0362,0.0994,9.8349,0.3224,-0.5174,0.229
21100,1063,835,33.596,25.809,-0.0272,0.0005,9.7752,-0.7113,0.2318,0.2229
21105,1063,830,33.632,25.718,-0.049,0.0423,9.8745,-0.7008,0.198,0.0517
21110,1062,828,33.661,25.817,-0.0783,-0.0754,9.9095,-0.1919,1.0436,0.5255
21115,1057,834,33.762,25.75,-0.0387,0.0018,9.857,0.4811,0.0596,0.6499
21120,1044,827,33.633,25.706,-0.012,0.0203,9.8334,-0.6705,-1.201,0.3611
21125,1058,833,33.61,25.707,-0.0659,-0.0066,9.8236,0.6128,1.0441,-0.0024
21130,1045,826,33.679,25.761,0.0256,-0.0111,9.8389,-0.5111,0.371,-0.78
21135,1032,827,33.634,25.792,-0.0914,-0.022,9.8238,0.698,-0.7117,0.3898
21140,1027,829,33.677,25.698,0.0033,0.0172,9.8158,-0.448,-0.4244,0.0411
21145,1027,830,33.64,25.835,-0.0154,0.0168,9.8413,0.0041,-0.5396,-0.1786
21150,1017,833,33.648,25.733,-0.0799,-0.0013,9.786,-0.0139,-0.7411,-0.89
21155,1018,834,33.752,25.688,-0.0362,0.0296,9.7984,-0.3453,-0.0328,-0.2038
21160,1011,821,33.644,25.645,-0.0847,0.0214,9.861,0.4214,0.3378,0.2127
21165,1005,823,33.682,25.75,0.0372,-0.0217,9.8784,-0.2247,0.0527,0.413
21170,995,822,33.662,25.75,-0.0203,-0.0201,9.8322,0.6865,-0.3859,-0.2783
21175,982,822,33.672,25.69,0.1111,-0.0439,9.8148,0.1499,-0.7756,-0.1375
21180,989,826,33.668,25.809,0.0757,-0.0271,9.7524,-0.6299,0.0709,0.1226
21185,968,829,33.647,25.718,-0.0121,-0.055,9.9093,0.3617,-0.0529,0.2614
21190,966,824,33.691,25.698,0.1112,-0.0363,9.8151,0.6793,-0.0345,0.0723
21195,960,824,33.702,25.737,0.0009,0.0504,9.8127,0.1593,0.7403,-0.5551
21200,948,829,33.621,25.731,-0.0044,-0.0248,9.7721,0.0639,0.0634,0.0259
21205,935,821,33.648,25.807,-0.0481,0.0253,9.7667,-0.2017,-0.3119,-0.6003
21210,940,827,33.684,25.813,0.0099,0.0538,9.7643,-0.9692,-0.5694,-0.472
21215,930,824,33.723,25.724,-0.0041,-0.0067,9.8156,-0.7498,-0.1771,0.7341
21220,920,822,33.719,25.684,0.016,-0.0616,9.7976,-0.0711,0.569,-0.148
21225,894,820,33.7,25.762,-0.1015,0.0264,9.7486,-0.1636,-1.0499,0.4947
21230,892,819,33.682,25.672,0.0749,0.0673,9.8574,0.025,-0.4335,0.6453
21235,879,820,33.651,25.672,-0.0259,0.0129,9.83,-0.2484,0.0283,0.5299
21240,872,815,33.746,25.645,0.0177,0.0475,9.8174,-0.2806,1.3023,0.0527
21245,874,821,33.601,25.792,-0.0268,0.0502,9.7897,0.4844,0.3476,-0.143
21250,867,817,33.717,25.772,-0.0056,0.0059,9.8132,-0.4687,-0.1373,0.1305
21255,849,814,33.721,25.663,-0.0229,-0.0021,9.8747,0.6543,0.4305,-0.4159
21260,840,813,33.675,25.691,0.0486,0.067,9.9059,0.8775,0.5958,-0.5651
21265,837,817,33.675,25.72,-0.006,-0.0274,9.8079,-0.3647,0.1042,-0.2984
21270,823,817,33.686,25.738,-0.0299,0.1046,9.7415,0.1579,-0.4041,-0.8712
21275,813,814,33.706,25.717,-0.0321,0.0328,9.8976,0.0212,0.4027,-0.3625
21280,819,816,33.643,25.792,0.0329,-0.0625,9.8322,0.3084,-0.3983,0.224
21285,810,817,33.645,25.802,-0.0184,-0.1117,9.7706,0.1601,0.9708,0.0537
21290,787,815,33.661,25.712,-0.0647,-0.0604,9.7237,0.2906,-0.0654,-0.7575
21295,795,816,33.725,25.629,0.0176,0.0289,9.8117,-0.1448,-0.4766,-0.2088
21300,790,822,33.629,25.753,-0.0446,0.0345,9.8378,1.0714,0.0721,0.5639
21305,778,814,33.685,25.654,0.023,0.01,9.8271,0.0474,0.0191,0.3609
21310,773,813,33.679,25.808,0.0642,-0.0485,9.9158,-0.2835,-0.4864,0.4259
21315,765,817,33.765,25.702,0.0129,-0.0589,9.7802,0.0072,-1.1707,1.1152
21320,769,817,33.611,25.794,-0.0224,-0.0833,9.8033,0.9866,-0.1503,0.1004
21325,758,810,33.663,25.807,-0.0164,-0.0538,9.7788,0.2621,-0.8322,0.3697
21330,755,806,33.614,25.756,0.0323,-0.0659,9.8491,0.3346,1.4231,-0.0204
21335,752,812,33.654,25.711,0.051,-0.0023,9.7761,0.1893,-0.0898,-0.0033
21340,747,815,33.69,25.665,-0.0199,-0.0585,9.8546,-0.285,-0.0657,-0.2789
21345,749,810,33.69,25.726,0.0887,0.0084,9.8056,0.4725,0.192,-0.6454
21350,745,814,33.693,25.669,-0.0244,-0.0123,9.769,-0.4097,1.1443,-0.2301
21355,744,817,33.638,25.724,0.0076,-0.031,9.7901,0.2993,-0.3776,-0.6641
21360,753,808,33.65,25.698,-0.032,0.0085,9.7517,-0.2959,0.4069,0.438
21365,744,809,33.635,25.717,0.011,-0.0517,9.8604,0.5557,-0.5037,-0.1406
21370,750,809,33.574,25.661,0.0253,0.0267,9.7736,-0.4518,-0.3578,-0.1887
21375,757,805,33.605,25.766,-0.0022,0.0496,9.8576,-0.2647,0.7131,0.2175
21380,757,810,33.638,25.716,0.0795,0.0603,9.8916,-0.1915,-0.4586,0.6839
21385,763,803,33.75,25.68,-0.0056,0.062,9.8336,-0.241,0.2212,0.2844
21390,764,806,33.719,25.653,0.0701,0.0743,9.7047,-0.3047,-0.5356,0.673
21395,771,801,33.804,25.787,-0.0114,-0.0101,9.8147,-0.048,0.2387,-0.2017
21400,774,804,33.755,25.657,-0.1064,0.0238,9.7729,-0.0516,0.8747,-0.4662
21405,788,802,33.64,25.703,-0.0715,-0.0434,9.8481,0.5263,-0.1429,0.2584
21410,785,798,33.603,25.775,0.1168,0.0018,9.8716,0.0972,0.3682,-0.228
21415,788,801,33.677,25.735,0.0109,-0.0191,9.7804,0.5139,0.7426,-0.0924
21420,798,802,33.636,25.691,0.0226,0.0843,9.8484,0.4731,-0.3549,0.61
21425,821,794,33.65,25.692,-0.0425,0.0086,9.8112,-0.3263,-0.2972,-0.1937
21430,828,796,33.627,25.692,0.029,-0.0547,9.8571,0.0768,0.0694,-0.0776
21435,832,795,33.694,25.758,0.0038,-0.029,9.7612,-0.1446,-0.447,-0.4237
21440,837,795,33.577,25.86,0.0412,-0.015,9.7919,-0.5598,-0.1093,-0.1278
21445,856,797,33.641,25.754,0.0085,0.0302,9.8389,0.6332,-0.8701,-0.3762
21450,874,796,33.674,25.732,-0.0902,0.0438,9.7255,-0.7875,-0.1521,-0.2694
21455,871,791,33.735,25.736,-0.0605,0.0576,9.7658,0.7363,-0.0333,-0.7116
21460,886,788,33.672,25.737,0.0086,-0.0684,9.734,0.7318,-0.4101,0.1008
21465,894,789,33.688,25.713,-0.056,-0.0046,9.7905,-0.39,0.3101,-0.5608
21470,904,789,33.586,25.756,0.007,-0.0428,9.8037,0.6472,-0.0283,-0.1884
21475,915,785,33.671,25.734,0.032,-0.0416,9.8521,0.0993,-0.0909,0.3201
21480,933,778,33.696,25.623,-0.1044,-0.0573,9.8676,0.098,0.2493,-0.5168
21485,938,782,33.726,25.648,0.0336,0.0121,9.7736,0.0941,-0.522,0.0794
21490,960,785,33.644,25.733,-0.0072,-0.0158,9.8085,0.19,0.3791,0.9676
21495,962,782,33.656,25.735,-0.0207,-0.027,9.8159,0.1378,0.4459,-0.1711
21500,982,778,33.589,25.759,0.0003,0.0776,9.8375,-0.5974,-0.1899,-0.6407
21505,982,782,33.661,25.676,-0.0915,0.0436,9.8259,0.3103,0.4694,0.6333
21510,1009,778,33.723,25.699,0.0455,-0.0192,9.7979,-0.0103,0.0482,-0.2795
21515,1012,780,33.685,25.747,-0.0709,-0.0142,9.9187,0.1756,1.228,-0.7612
21520,1025,768,33.763,25.734,0.0731,0.0132,9.7262,0.003,-0.5855,0.1994
21525,1043,769,33.788,25.67,-0.0034,-0.0105,9.8151,-0.25,-0.1722,0.5295
21530,1057,766,33.671,25.709,-0.037,0.0181,9.8415,0.076,0.3618,0.1111
21535,1062,768,33.603,25.658,-0.0646,0.0285,9.9125,1.0366,-0.3219,-1.1224
21540,1064,766,33.625,25.697,0.1194,0.1003,9.7735,0.5129,0.0897,0.1311
21545,1069,761,33.586,25.735,-0.0023,0.0965,9.7925,0.4738,0.1789,-0.0888
21550,1092,760,33.695,25.698,0.0473,-0.0131,9.7382,-0.8144,0.1302,-0.3737
21555,1098,770,33.657,25.777,0.0022,-0.0966,9.7982,-0.1144,-0.1332,0.3258
21560,1116,770,33.753,25.743,-0.0075,-0.0226,9.7733,0.1777,0.1145,-0.8071
21565,1114,760,33.739,25.779,-0.087,0.1018,9.8118,0.1564,0.0486,-0.1643
21570,1121,763,33.635,25.75,-0.0314,-0.0194,9.8324,0.0449,0.2248,0.0987
21575,1128,758,33.698,25.707,-0.0837,0.0887,9.8172,-0.0451,-0.2386,-0.0345
21580,1135,758,33.684,25.685,0.053,0.1062,9.8295,0.1058,0.407,-0.9479
21585,1152,756,33.67,25.721,0.0238,-0.0568,9.7265,-0.7162,-0.8997,0.0594
21590,1150,757,33.662,25.705,0.0131,-0.0328,9.7973,-0.1298,0.2615,-1.3401
21595,1153,758,33.682,25.75,-0.0343,-0.0014,9.9151,0.6278,0.8666,-1.1303
21600,1173,757,33.724,25.814,0.0102,0.0213,9.8777,-0.5103,0.0332,0.0649
21605,1167,757,33.63,25.74,0.0398,0.0027,9.7249,0.3236,0.0997,-0.6683
21610,1175,758,33.618,25.614,0.0523,0.1031,9.7312,0.6806,-0.8712,0.1549
21615,1173,757,33.534,25.664,0.0881,-0.0105,9.7369,-0.1372,0.8335,-0.0307
21620,1182,759,33.645,25.716,-0.0677,0.0634,9.7901,0.4927,0.1937,-0.5391
21625,1177,759,33.671,25.739,-0.0561,-0.0123,9.7953,-0.0915,0.0961,0.2504
21630,1193,760,33.661,25.75,0.04,0.0595,9.7761,-0.4934,-0.2375,-0.3757
21635,1194,764,33.733,25.71,-0.0251,0.055,9.9109,-0.767,0.3031,-0.1088
21640,1176,764,33.697,25.731,0.0515,-0.0103,9.77,-0.1553,-0.4309,0.7371
21645,1193,761,33.625,25.708,0.0364,0.113,9.8129,0.4704,-0.0457,-0.2292
21650,1189,763,33.673,25.763,0.0561,-0.0347,9.8352,-0.6038,-0.0097,0.1611
21655,1183,765,33.64,25.798,0.0062,-0.064,9.7712,-0.5421,0.3934,0.2395
21660,1190,759,33.652,25.788,0.0276,0.0766,9.8554,-0.12,0.6231,0.5165
21665,1186,771,33.606,25.758,-0.011,-0.017,9.888,0.2321,-0.1028,-1.0688
21670,1187,772,33.721,25.71,-0.033,-0.0367,9.7368,0.6047,0.7779,-0.3521
21675,1185,766,33.702,25.724,0.0087,-0.0699,9.8318,0.8072,-0.1479,-0.244
21680,1180,767,33.626,25.735,-0.0663,-0.0118,9.8306,0.3836,-0.4511,0.0672
21685,1182,771,33.636,25.72,-0.0398,0.079,9.806,-0.1022,-0.1234,-0.0248
21690,1177,775,33.703,25.759,0.0518,0.0103,9.8022,-0.3479,0.532,0.5114
21695,1174,777,33.685,25.753,-0.0247,0.0507,9.8131,0.2616,-0.2825,-0.3331
21700,1173,783,33.674,25.643,0.009,-0.0083,9.7566,0.7435,0.492,-0.0439
21705,1174,778,33.675,25.679,-0.0079,-0.0027,9.8493,0.0835,-0.1523,0.8237
21710,1167,777,33.719,25.714,-0.0093,0.0188,9.7811,0.6966,-0.2994,0.1545
21715,1159,782,33.744,25.662,-0.0773,-0.0287,9.786,0.0586,0.0429,-0.7217
21720,1167,786,33.681,25.845,0.0039,-0.0553,9.757,-0.1703,0.5535,0.3819
21725,1151,788,33.671,25.693,-0.0275,-0.0918,9.8744,0.186,-0.3307,-1.2627
21730,1143,786,33.714,25.611,0.0248,0.0489,9.7937,-0.2714,-0.4244,-0.3873
21735,1152,787,33.765,25.706,0.0351,0.0362,9.8446,0.7251,-0.0853,0.7789
21740,1148,796,33.699,25.682,-0.0684,0.0641,9.8084,-0.5425,0.8792,-0.2806
21745,1151,794,33.635,25.721,0.0089,0.0111,9.7918,-0.2554,-0.4153,0.8283
21750,1142,791,33.699,25.669,0.03,-0.0181,9.7922,0.3852,0.0449,0.1968
21755,1137,798,33.697,25.689,0.0084,0.0242,9.8913,0.0437,-1.0299,-0.2294
21760,1136,800,33.718,25.631,0.033,-0.0032,9.7914,-0.5586,0.6613,-0.1565
21765,1127,804,33.766,25.641,-0.0093,-0.0855,9.8193,0.4738,-0.1118,0.3756
21770,1120,807,33.777,25.643,0.0276,-0.0293,9.7775,-0.1826,0.0151,0.5045
21775,1122,809,33.753,25.825,0.0852,-0.0062,9.8176,1.039,-0.5993,-0.2616
21780,1127,808,33.726,25.697,0.0361,-0.0129,9.818,0.0486,0.195,0.9293
21785,1119,808,33.647,25.704,0.0047,-0.155,9.8029,0.0099,0.5035,-0.0356
21790,1111,809,33.68,25.712,0.0334,0.0926,9.8821,0.034,-0.0455,0.1618
21795,1114,813,33.616,25.667,-0.0639,0.0487,9.8409,-0.6121,-0.2361,-0.9139
21800,1112,815,33.695,25.752,0.0177,0.0426,9.875,-0.3563,0.3626,0.3601
21805,1108,814,33.603,25.774,0.0442,0.0044,9.9111,0.4051,-0.1852,-0.5117
21810,1107,820,33.729,25.639,-0.0042,0.1318,9.8209,0.3985,0.064,0.401
21815,1107,818,33.65,25.771,0.0622,-0.013,9.8488,-0.0159,0.1045,0.0143
21820,1103,821,33.615,25.681,0.005,0.0452,9.7949,-0.1195,0.2268,-0.6811
21825,1105,823,33.677,25.737,-0.0249,-0.0264,9.8208,0.4297,0.371,-0.8941
21830,1099,822,33.641,25.821,-0.0285,0.0267,9.7556,-0.5776,0.0537,0.5261
21835,1099,824,33.62,25.68,-0.058,-0.0651,9.7654,0.33,-0.4227,-0.2619
21840,1091,819,33.725,25.649,-0.008,-0.0774,9.7556,-0.5084,-1.5912,-0.221
21845,1090,827,33.691,25.796,-0.015,-0.018,9.85,0.3227,0.738,-0.129
21850,1097,827,33.665,25.757,0.0178,0.009,9.8836,-0.6839,0.095,0.078
21855,1091,826,33.675,25.749,-0.0853,0.0122,9.9096,0.2883,0.8655,0.0422
21860,1089,825,33.725,25.702,0.0209,0.0392,9.8084,0.0542,0.7408,0.5846
21865,1084,825,33.685,25.741,0.0313,-0.0501,9.9043,0.3123,-0.2095,-0.0804
21870,1079,826,33.652,25.77,0.0402,-0.0201,9.8093,-0.2267,0.7974,0.6448
21875,1077,829,33.741,25.659,-0.0184,0.0281,9.8139,-0.3199,-0.6147,-0.0226
21880,1075,825,33.722,25.755,0.0443,0.0309,9.8187,-1.1618,1.1516,-0.613
21885,1078,825,33.737,25.709,0.0054,0.0391,9.8839,-0.65,0.2596,0.9084
21890,1068,833,33.764,25.782,-0.0643,-0.1431,9.7954,0.3912,0.3401,0.0471
21895,1071,833,33.796,25.696,0.0008,0.0685,9.8673,0.1485,0.4407,0.1189
21900,1060,825,33.741,25.646,0.0406,-0.0447,9.8581,-0.1588,-0.1824,0.1097
21905,1063,835,33.672,25.701,-0.0107,-0.0487,9.7306,-0.5276,-0.0549,-0.3838
21910,1052,833,33.747,25.745,0.0449,0.0513,9.8413,-0.1105,-0.7372,-0.2235
21915,1060,827,33.667,25.672,-0.0139,-0.0088,9.8014,0.7024,-0.5306,0.0723
21920,1054,827,33.64,25.777,0.0054,-0.0109,9.7841,0.7496,0.3838,-0.9349
21925,1056,830,33.631,25.755,0.0213,-0.0321,9.818,0.1117,-0.409,0.1872
21930,1038,830,33.695,25.691,-0.029,0.1011,9.8007,0.0227,0.1705,0.3484
21935,1034,833,33.686,25.684,-0.0251,0.0086,9.7694,-0.7698,0.1461,0.2496
21940,1023,835,33.644,25.729,0.0422,0.0326,9.7887,-0.5673,-0.1812,0.9821
21945,1019,825,33.685,25.718,0.004,0.0136,9.7797,0.5181,-0.6851,-0.5823
21950,1008,826,33.733,25.761,0.0388,0.0089,9.8359,-0.218,-0.6696,0.5179
21955,1020,831,33.595,25.639,0.0325,0.0064,9.8169,0.3233,-0.0027,-0.4211
21960,1004,827,33.684,25.705,0.0111,-0.0001,9.809,0.4309,-0.2752,-1.2102
21965,1002,829,33.69,25.744,-0.0033,-0.0198,9.74,0.5375,-0.3447,0.1061
21970,991,821,33.694,25.618,-0.0292,0.028,9.7898,-0.979,-0.5664,-0.6917
21975,985,827,33.593,25.729,0.0147,0.053,9.802,-0.0653,-0.1756,-0.957
21980,977,821,33.642,25.728,0.0202,0.005,9.7532,-0.5198,0.3179,0.4181
21985,966,820,33.69,25.736,-0.0351,0.0827,9.8158,-0.328,-0.7364,0.4522
21990,962,826,33.606,25.68,-0.0283,-0.0077,9.8469,-0.1311,-0.2512,0.1243
21995,958,827,33.636,25.778,-0.0586,-0.0183,9.9299,-0.4049,0.6907,-0.3917
22000,952,824,33.701,25.661,0.0002,-0.1076,9.7854,-0.027,-0.21,-0.1464
22005,939,818,33.645,25.711,-0.0188,0.0163,9.7621,-0.2142,0.289,0.3279
22010,922,821,33.591,25.652,-0.0172,-0.0398,9.8155,-0.4362,-0.3928,0.1866
22015,910,822,33.714,25.604,-0.0662,-0.103,9.793,-0.1585,-0.3791,0.051
22020,905,820,33.706,25.759,-0.0336,0.163,9.8626,-0.5238,0.7834,0.1741
22025,898,825,33.706,25.704,0.0538,0.09,9.827,-0.6895,1.2927,0.1338
22030,894,820,33.68,25.69,-0.01,-0.0602,9.8286,0.5135,-0.3514,-0.1893
22035,886,815,33.69,25.698,-0.0006,-0.0387,9.8335,0.5444,-0.1156,0.6835
22040,871,813,33.793,25.684,0.0087,0.0656,9.8529,0.176,-0.5726,0.5756
22045,861,819,33.66,25.664,0.0039,0.0613,9.82,0.5713,-0.1882,-0.0338
22050,861,816,33.684,25.675,-0.0201,0.0001,9.8208,0.1638,0.2224,-0.1749
22055,849,811,33.729,25.701,-0.0249,0.0278,9.8713,0.2417,-0.543,0.1172
22060,837,815,33.677,25.546,0.0348,0.0326,9.7772,-0.091,-0.3012,-0.0025
22065,826,816,33.632,25.777,0.047,-0.0487,9.7923,0.3524,-0.4134,0.2563
22070,829,816,33.666,25.735,-0.0689,0.0051,9.8298,0.0512,-0.6325,-0.6305
22075,814,815,33.609,25.566,0.0472,0.0103,9.7641,0.2621,-0.7098,0.1802
22080,811,820,33.612,25.687,0.0411,0.0648,9.8238,-0.3191,-0.6548,0.8766
22085,802,814,33.703,25.727,-0.0461,0.0308,9.7121,-0.3505,0.4218,0.4639
22090,795,808,33.758,25.671,0.0083,-0.0686,9.7001,-0.2459,-0.3251,-0.0
22095,787,817,33.715,25.704,-0.0746,-0.003,9.8111,-0.8002,-0.19,0.3995
22100,781,816,33.767,25.778,-0.0135,-0.0299,9.7533,-1.6371,0.585,0.3957
22105,771,816,33.728,25.735,-0.0016,0.0221,9.7784,0.8482,-0.7066,-0.1096
22110,767,813,33.769,25.745,-0.0067,-0.045,9.8318,0.1673,0.2504,0.0262
22115,764,809,33.73,25.752,0.0412,0.0045,9.8018,-0.5411,0.5003,-0.0301
22120,754,816,33.716,25.681,0.0112,0.0148,9.7807,-0.1391,-0.3682,-0.888
22125,766,813,33.669,25.722,-0.0317,0.0089,9.7007,-0.4722,0.3686,0.5139
22130,752,815,33.805,25.683,0.0292,-0.0206,9.8367,-0.6212,0.5752,0.0834
22135,748,812,33.65,25.762,0.0313,0.0293,9.8801,-0.5692,-0.0501,0.7083
22140,749,812,33.76,25.737,-0.0044,-0.0431,9.8283,-0.0209,0.2834,-0.3942
22145,748,808,33.648,25.668,0.0244,0.0742,9.8267,0.7896,-0.0561,0.9456
22150,752,808,33.707,25.751,0.0252,-0.0108,9.8129,0.4874,0.174,-0.3969
22155,749,810,33.696,25.764,0.0708,-0.0586,9.7106,-0.1568,-0.3066,-0.4795
22160,747,811,33.625,25.742,-0.0041,0.0167,9.7428,-0.2925,0.2506,-0.0146
22165,743,808,33.743,25.69,-0.0026,0.0414,9.757,0.1982,-0.5579,0.3891
22170,747,805,33.705,25.717,0.019,-0.0229,9.7906,-0.0517,0.1688,-0.0889
22175,762,806,33.606,25.691,0.007,-0.0031,9.7611,0.6093,-0.2302,0.0742
22180,761,804,33.707,25.65,-0.0243,0.0215,9.8655,-0.2898,-0.4367,-0.1329
22185,760,806,33.683,25.766,-0.0125,0.0369,9.7306,-0.2215,-0.4598,0.293
22190,774,806,33.696,25.764,0.0678,-0.0258,9.7888,-0.4302,0.7119,0.5055
22195,779,800,33.619,25.656,0.0752,-0.0248,9.845,-0.26,-0.9855,-0.5099
22200,784,801,33.667,25.733,0.0495,-0.0401,9.7409,0.5041,-1.1468,-0.2874
22205,778,804,33.718,25.76,-0.0544,-0.0017,9.8061,-0.1843,-0.1322,-0.3023
22210,799,803,33.699,25.648,0.0394,0.065,9.8709,-0.4946,0.0308,1.0326
22215,796,795,33.576,25.762,0.0041,0.0002,9.8033,-0.6514,-1.3249,0.0199
22220,800,802,33.649,25.672,0.0133,0.0307,9.7981,0.4055,0.4011,-0.5595
22225,822,796,33.67,25.746,0.0142,0.0655,9.7636,-0.2895,-0.1251,-0.115
22230,830,796,33.659,25.818,-0.0677,0.0045,9.9677,-0.315,-0.263,-0.1892
22235,835,791,33.724,25.721,-0.079,-0.0102,9.8033,-0.3526,-0.1557,0.1376
22240,850,790,33.649,25.734,-0.0803,0.0671,9.7988,0.5536,-0.1493,-0.6282
22245,855,790,33.618,25.769,-0.0087,0.0431,9.8287,0.4948,0.1582,-0.2875
22250,868,787,33.636,25.693,0.0223,-0.011,9.7461,0.0676,1.1338,0.4366
22255,887,791,33.761,25.76,0.0316,-0.0056,9.744,-0.0017,-0.1748,0.1772
22260,885,785,33.652,25.669,0.0503,-0.03,9.7429,0.6803,1.2657,0.1883
22265,899,786,33.593,25.713,-0.0035,-0.0598,9.7885,0.6375,-0.1445,0.437
22270,909,782,33.717,25.854,-0.0072,-0.0442,9.7765,0.3878,-0.588,0.1891
22275,933,780,33.716,25.707,-0.0596,0.1129,9.7943,-0.4658,0.2559,0.1633
22280,937,786,33.703,25.644,-0.0632,0.0266,9.9076,-0.3529,0.4167,0.2932
22285,942,784,33.668,25.65,0.0874,-0.0122,9.8102,0.4885,-0.6682,-0.9378
22290,955,777,33.639,25.647,0.0446,-0.108,9.7635,-0.334,-0.2641,0.5571
22295,977,779,33.628,25.741,-0.0092,-0.0326,9.8187,-0.4874,-1.7528,-0.3799
22300,992,779,33.726,25.77,0.0456,0.0023,9.8104,-0.5224,-0.6301,-0.2416
22305,993,771,33.663,25.664,-0.0385,-0.0298,9.8452,-0.5381,0.386,0.4348
22310,1007,771,33.643,25.654,-0.0185,-0.0323,9.7746,0.4954,0.2608,0.7773
22315,1018,769,33.647,25.7,0.0153,0.0349,9.8386,0.7168,-0.0961,-0.5814
22320,1031,775,33.582,25.693,-0.0252,0.0565,9.7983,0.4239,-0.1941,-0.6641
22325,1046,773,33.685,25.694,0.008,0.0281,9.8198,-0.0736,0.4469,0.4444
22330,1053,766,33.715,25.727,-0.0006,-0.0085,9.8088,-0.6852,-0.096,0.2811
22335,1067,767,33.674,25.753,0.053,-0.054,9.8175,-0.258,0.2495,0.1115
22340,1070,764,33.608,25.733,0.0777,0.0379,9.818,-0.3674,0.3591,0.3149
22345,1083,764,33.697,25.739,0.0959,0.0155,9.808,-0.4101,-0.3606,0.8408
22350,1097,764,33.597,25.665,-0.0849,-0.0261,9.7399,-1.0148,0.3444,-1.3764
22355,1105,760,33.74,25.736,0.0435,0.0404,9.8488,-0.4404,-0.0487,0.6125
22360,1106,758,33.703,25.746,0.049,0.0315,9.8007,-0.1714,0.137,-0.1649
22365,1123,765,33.667,25.687,-0.0485,0.0442,9.8462,0.3702,-0.4349,-0.3368
22370,1120,757,33.64,25.664,-0.0334,0.1137,9.7865,-0.5606,-0.0594,-0.551
22375,1130,759,33.603,25.742,-0.0418,-0.0248,9.8355,-1.0165,-1.2374,-0.5956
22380,1141,762,33.717,25.706,-0.0147,-0.0018,9.8346,-0.2911,-0.2232,0.5061
22385,1153,764,33.675,25.82,-0.024,0.0215,9.892,-0.2351,-0.0518,0.2654
22390,1160,756,33.647,25.717,0.0926,-0.0531,9.8304,-0.1641,-0.7802,0.0978
22395,1166,758,33.689,25.706,0.0326,0.0084,9.9194,-0.1466,0.2673,-0.9615
22400,1160,762,33.715,25.669,0.0184,0.0361,9.8012,-0.9624,0.1072,1.6472
22405,1170,761,33.602,25.778,0.0403,-0.0953,9.8634,0.3393,0.2302,0.4115
22410,1167,758,33.578,25.637,-0.01,0.0792,9.7778,0.975,0.1969,0.5114
22415,1177,758,33.717,25.653,-0.0465,-0.0322,9.7019,-0.4385,0.8887,0.1716
22420,1190,753,33.633,25.767,0.0103,-0.0709,9.8032,0.0581,0.0783,0.1265
22425,1180,759,33.64,25.691,-0.008,-0.0689,9.739,0.3564,0.1469,-0.2783
22430,1186,762,33.726,25.678,0.0151,-0.0484,9.832,0.0206,-0.4831,-0.1775
22435,1187,760,33.821,25.793,-0.0282,0.0005,9.8343,-0.7753,-1.3638,0.6073
22440,1193,769,33.725,25.647,-0.0225,-0.053,9.7688,-0.5727,-0.2554,-0.7544
22445,1188,762,33.693,25.687,0.0293,-0.0057,9.8219,0.4991,0.5221,-0.3372
22450,1195,762,33.757,25.587,-0.0669,-0.0138,9.8336,-1.1375,0.8916,0.2949
22455,1195,764,33.705,25.676,-0.0468,0.1009,9.8647,-0.3068,-0.5617,-1.0172
22460,1195,771,33.707,25.682,-0.0023,0.0477,9.7898,-0.3071,-1.463,0.2166
22465,1180,771,33.672,25.701,-0.0026,0.0272,9.8153,0.0928,-0.1132,1.0328
22470,1187,763,33.626,25.611,-0.0716,0.0549,9.8066,-0.2254,-0.0806,-0.1521
22475,1191,761,33.637,25.72,-0.0351,-0.0009,9.8091,-0.5696,-0.5253,-0.1074
22480,1185,770,33.666,25.723,-0.0338,-0.0275,9.8146,-0.2573,-0.7474,0.2812
22485,1175,770,33.668,25.672,0.112,-0.0347,9.8714,0.6206,0.3013,0.7248
22490,1175,766,33.744,25.777,-0.0813,-0.0097,9.9333,0.2118,-0.3509,0.4954
22495,1171,773,33.602,25.786,0.0208,-0.0199,9.7306,-0.8737,-1.0283,-0.2139
22500,1168,776,33.71,25.671,-0.0395,0.008,9.8412,-0.59,0.2047,0.3407
22505,1163,780,33.645,25.705,0.0358,0.0482,9.7418,0.1736,0.2667,-0.8114
22510,1172,784,33.639,25.732,-0.011,0.0874,9.8448,-0.3984,-0.1419,-0.5609
22515,1158,786,33.705,25.71,0.1142,-0.0499,9.8567,-0.0601,-0.753,0.6023
22520,1159,788,33.663,25.755,0.0479,-0.0296,9.7887,0.0977,0.2031,-0.6423
22525,1171,788,33.586,25.684,0.0066,-0.0716,9.8506,0.4849,0.0787,-0.738
22530,1146,783,33.79,25.742,0.0243,0.0102,9.8962,-0.6482,0.7755,-0.8341
22535,1144,791,33.761,25.639,-0.0208,0.0542,9.8739,0.4348,0.3391,-0.1464
22540,1149,788,33.666,25.635,-0.0046,0.0005,9.8269,-0.5236,-0.0621,0.3814
22545,1134,797,33.6,25.67,-0.0542,-0.0411,9.7382,1.2269,0.0487,0.2807
22550,1138,794,33.658,25.723,0.0604,-0.0289,9.8201,0.8431,0.5061,0.0033
22555,1132,793,33.654,25.609,-0.1017,0.0766,9.748,-0.7784,-0.2474,0.3565
22560,1136,803,33.689,25.759,0.0534,0.0166,9.7365,0.8581,0.217,0.3261
22565,1128,805,33.661,25.634,0.007,0.0638,9.7853,-0.8659,-0.4307,-0.0723
22570,1122,799,33.678,25.762,-0.0476,-0.0533,9.71,0.1298,1.0411,-0.9137
22575,1125,804,33.721,25.666,-0.0328,0.0436,9.8256,-0.9362,-0.2876,-0.3228
22580,1123,805,33.675,25.64,0.0789,0.0126,9.794,0.6084,0.073,-0.4828
22585,1123,815,33.577,25.717,0.0089,-0.0141,9.9459,0.3697,0.1698,-0.6722
22590,1123,807,33.639,25.769,0.0752,-0.0074,9.7886,0.7075,-0.0345,-0.8524
22595,1121,812,33.616,25.705,0.0198,0.01,9.8001,-0.4712,-1.0056,0.2849
22600,1103,815,33.638,25.783,-0.0189,-0.0953,9.7909,0.2429,-0.4496,-0.1819
22605,1110,819,33.666,25.754,-0.0679,-0.0263,9.8174,-1.8886,-0.7014,0.3224
22610,1099,813,33.634,25.67,0.0322,0.0183,9.8334,0.4264,-0.2217,-0.2513
22615,1103,814,33.644,25.723,-0.0561,-0.0141,9.8143,-0.4972,0.7216,-0.6777
22620,1109,825,33.68,25.645,0.0221,-0.0716,9.8567,0.0847,0.2448,-0.1888
22625,1089,819,33.672,25.654,0.019,0.0504,9.7905,0.6354,-0.8088,-0.056
22630,1101,819,33.713,25.756,-0.0124,-0.0178,9.7888,-0.5822,-0.4018,0.4769
22635,1085,820,33.665,25.627,-0.017,0.098,9.8148,0.0535,0.0336,-0.092
22640,1093,826,33.69,25.664,0.0514,0.0329,9.8957,-0.1381,-0.5303,-0.4927
22645,1086,826,33.648,25.67,-0.0366,-0.0025,9.8562,-0.0631,0.6193,-0.0827
22650,1090,827,33.724,25.691,0.0913,0.0031,9.7679,-0.6094,0.7736,0.3103
22655,1092,824,33.596,25.698,0.0516,-0.0483,9.8797,0.1786,-0.6104,0.0626
22660,1083,830,33.657,25.667,-0.0606,-0.0564,9.8187,0.4645,-0.4677,-0.0506
22665,1074,831,33.696,25.727,0.0498,0.0062,9.7031,-0.9428,0.6615,0.2043
22670,1078,826,33.693,25.655,0.0195,0.0148,9.7897,-0.7557,0.0692,-0.0901
22675,1089,824,33.689,25.661,0.0063,0.0601,9.8436,-0.1287,0.1662,0.376
22680,1071,832,33.599,25.735,0.0445,-0.0714,9.8923,1.0442,-0.1873,0.027
22685,1073,829,33.673,25.706,0.0043,-0.0376,9.8144,-0.1528,0.2575,-0.3546
22690,1070,833,33.673,25.682,0.0608,-0.0148,9.7699,0.6871,0.6392,0.3043
22695,1068,823,33.654,25.789,-0.0091,-0.0712,9.8339,-0.4837,-0.472,-1.1385
22700,1064,826,33.596,25.715,0.0526,-0.0414,9.8479,-0.0546,-0.0918,-0.2586
22705,1058,831,33.684,25.649,-0.0391,-0.084,9.8283,-0.1641,-0.6629,-0.4636
22710,1048,832,33.643,25.729,-0.05,-0.0863,9.8425,-0.3288,0.2315,0.279
22715,1054,828,33.637,25.719,-0.0081,-0.0048,9.8098,0.4636,-0.0898,0.2924
22720,1048,834,33.635,25.603,0.0644,0.0176,9.8733,-0.3854,-0.42,-0.3086
22725,1040,829,33.574,25.626,-0.1202,-0.024,9.7843,-0.0035,-0.1798,-0.0123
22730,1036,834,33.695,25.704,0.0718,0.0043,9.8153,-0.227,-0.495,-0.2253
22735,1038,832,33.754,25.649,-0.088,0.051,9.8692,-0.5964,0.408,-0.7882
22740,1026,827,33.741,25.691,-0.0216,0.0524,9.8173,-0.2108,0.5434,0.6819
22745,1020,827,33.674,25.728,-0.0698,0.0239,9.8663,0.3232,-0.2568,0.9113
22750,1008,830,33.662,25.702,-0.0938,0.0641,9.772,0.8992,-0.6924,-0.6088
22755,1011,828,33.688,25.619,0.0235,-0.0889,9.864,-0.0637,0.5651,0.6841
22760,992,825,33.703,25.734,-0.0237,-0.0374,9.7448,-0.0313,-0.3116,0.651
22765,993,822,33.688,25.619,-0.0103,-0.0365,9.7945,0.7296,0.4287,-0.8718
22770,980,823,33.705,25.712,-0.0354,-0.0156,9.7184,0.3905,0.1707,0.1117
22775,978,829,33.671,25.689,0.0639,-0.0118,9.7391,-0.6202,0.186,-0.2699
22780,971,826,33.661,25.707,0.0541,0.0478,9.8386,0.4508,0.389,0.3782
22785,966,824,33.776,25.683,-0.0199,-0.0492,9.7537,-0.5483,0.0095,-0.4222
22790,952,825,33.604,25.69,-0.0364,-0.1048,9.8698,0.6257,0.598,0.5079
22795,942,824,33.67,25.637,0.0211,0.0013,9.7678,-0.3839,0.1944,0.0022
22800,941,817,33.597,25.707,0.0453,-0.0287,9.7235,0.2475,0.3336,0.1319
22805,931,819,33.628,25.661,-0.0197,0.0148,9.9227,0.3505,0.5065,-0.2324
22810,929,821,33.712,25.707,0.0306,-0.0343,9.7814,-0.0133,-0.2345,0.1602
22815,912,817,33.727,25.723,0.0534,0.0133,9.7827,-1.1073,-1.0083,-0.3921
22820,904,823,33.607,25.753,0.0004,-0.026,9.8073,-0.2774,-0.0014,-0.0339
22825,898,821,33.69,25.636,0.0076,0.0667,9.7712,0.0052,-0.3618,-0.2316
22830,894,825,33.654,25.667,0.0514,0.004,9.7651,-0.1961,0.1627,0.0241
22835,886,821,33.593,25.621,0.0612,0.0028,9.7595,0.4037,0.196,0.3863
22840,873,814,33.721,25.663,-0.0954,-0.0519,9.8531,-0.8857,-0.2106,-0.1972
22845,855,821,33.693,25.634,-0.0375,0.0895,9.7794,0.3224,1.3044,1.3269
22850,844,820,33.674,25.653,0.032,-0.0247,9.7899,0.3009,-0.5365,0.4429
22855,848,818,33.645,25.714,-0.002,0.0728,9.8362,-0.0012,0.2898,0.004
22860,841,812,33.661,25.65,-0.0009,0.0426,9.7921,0.1133,-0.2553,-0.4684
22865,826,820,33.624,25.718,0.068,-0.0207,9.8068,0.1756,-0.0162,0.2718
22870,811,817,33.644,25.637,0.0593,-0.0137,9.8339,-0.4843,-0.1522,0.5318
22875,806,820,33.681,25.749,-0.0162,0.0603,9.7865,-0.7244,-0.0295,0.1866
22880,806,813,33.64,25.728,0.0344,0.08,9.8313,0.1695,0.4,-0.0528
22885,797,815,33.586,25.753,0.0909,0.0743,9.9059,-1.0095,0.6858,0.1469
22890,790,810,33.681,25.637,0.0748,0.018,9.8816,-0.6932,-0.4171,-0.0615
22895,781,811,33.698,25.738,0.0537,-0.0205,9.7585,-0.4762,0.1864,-0.2995
22900,769,811,33.689,25.723,-0.0046,0.0959,9.8257,-0.1903,-0.3275,0.8477
22905,778,815,33.686,25.693,-0.0223,-0.0245,9.7027,0.654,0.0679,-0.1486
22910,761,811,33.757,25.682,0.0291,-0.1712,9.8202,0.0962,-0.1762,0.4535
22915,767,815,33.71,25.649,0.0356,-0.0099,9.8501,-0.0411,0.9246,0.888
22920,758,810,33.658,25.691,-0.0518,-0.0019,9.7901,-0.8454,-0.1942,0.2729
22925,759,816,33.702,25.718,-0.0061,-0.0219,9.811,-0.7561,-0.1024,-0.2914
22930,750,814,33.661,25.628,0.0511,-0.0292,9.9372,-0.1018,0.1299,0.4665
22935,748,804,33.756,25.711,-0.0586,0.0028,9.8385,0.0873,-0.149,-0.1693
22940,756,810,33.708,25.765,-0.0047,-0.0407,9.8458,0.2099,-0.5076,-0.4384
22945,746,811,33.78,25.697,0.0102,0.0041,9.8309,0.3949,0.2317,-0.0249
22950,763,808,33.575,25.734,-0.0702,0.0012,9.8636,0.2161,0.6824,-0.3559
22955,743,809,33.689,25.595,0.045,0.0417,9.7729,0.0548,-0.6296,-0.6343
22960,747,810,33.685,25.754,-0.0336,0.0285,9.8572,-0.299,0.0415,1.4866
22965,758,807,33.674,25.603,0.0204,-0.0316,9.8063,-0.4377,0.8207,0.5493
22970,752,798,33.692,25.701,0.006,-0.0367,9.8507,-0.2675,0.3786,-0.4213
22975,758,804,33.618,25.75,-0.0178,-0.0087,9.7672,-0.0189,-0.7376,-0.5426
22980,755,799,33.675,25.714,0.0031,-0.0739,9.8725,-0.216,0.8234,-0.1495
22985,776,807,33.618,25.653,-0.0842,-0.0799,9.7866,-0.4947,0.4034,-0.0733
22990,780,800,33.759,25.642,0.0193,0.047,9.8836,0.7141,0.1395,-0.1921
22995,776,802,33.661,25.74,0.0325,-0.0123,9.8288,0.3488,0.7231,0.1459
23000,785,805,33.744,25.7,0.0335,0.0051,9.8072,-0.101,-0.0207,0.8865
23005,787,799,33.667,25.681,-0.0595,-0.0417,9.6929,-0.0628,0.5212,-0.0099
23010,797,802,33.594,25.727,0.0884,0.1379,9.8634,-0.1988,0.4084,0.1716
23015,816,800,33.742,25.73,0.0044,-0.0523,9.8906,1.0719,-0.6519,0.0246
23020,814,796,33.662,25.665,-0.0128,0.0157,9.7109,0.2496,0.3983,0.1375
23025,826,792,33.631,25.721,-0.0502,-0.1261,9.8103,-1.161,0.2707,1.1275
23030,832,798,33.606,25.7,-0.0067,0.041,9.7993,0.2994,0.3208,0.5833
23035,843,794,33.608,25.662,-0.0315,-0.0546,9.8045,-0.3414,-0.2036,0.1819
23040,841,793,33.755,25.659,-0.0026,-0.0179,9.6565,-0.3854,-0.1856,-0.0352
23045,853,794,33.702,25.75,0.1118,-0.0041,9.9617,0.6046,0.2703,-0.1121
23050,873,789,33.637,25.711,-0.0204,0.0058,9.8262,-0.8046,-0.7687,-0.0369
23055,887,794,33.632,25.746,0.0055,0.0247,9.8243,-1.3062,-0.3977,0.1807
23060,897,786,33.662,25.717,-0.0158,-0.0057,9.7912,0.3295,0.1155,-0.165
23065,911,790,33.577,25.745,-0.0681,0.0275,9.8873,0.2313,0.5016,-0.702
23070,921,789,33.64,25.736,0.0,-0.0602,9.7713,0.3709,-0.1346,0.0099
23075,933,784,33.608,25.706,0.0518,0.0145,9.7846,0.0885,0.324,-0.1502
23080,944,781,33.619,25.714,0.0093,-0.0132,9.8778,0.0232,-0.1337,-0.5265
23085,968,778,33.588,25.733,0.0764,-0.0571,9.7927,-0.0756,0.8406,0.3946
23090,978,781,33.703,25.664,0.0335,-0.0063,9.8647,0.5113,-0.0553,0.2684
23095,981,779,33.605,25.695,-0.0654,0.0222,9.7449,0.8212,-0.2821,0.3116
23100,992,775,33.717,25.753,0.0892,-0.0196,9.7083,-0.1824,1.5117,-0.2172
23105,998,772,33.679,25.614,0.033,-0.0025,9.8629,-0.3526,0.7283,0.3015
23110,1014,774,33.624,25.799,-0.041,-0.0642,9.7819,0.3052,-0.1772,-0.5946
23115,1028,776,33.579,25.681,-0.0396,0.0131,9.7307,-0.3417,-0.226,0.7391
23120,1040,768,33.55,25.724,0.007,0.0271,9.812,-0.0173,0.5998,-0.8738
23125,1049,771,33.637,25.726,0.0291,-0.0308,9.8054,0.7506,-0.832,-0.298
23130,1066,770,33.653,25.686,0.0475,0.0291,9.8477,0.2901,-0.8927,0.5887
23135,1069,768,33.778,25.723,0.0613,-0.0212,9.8046,-0.3191,-0.2042,-0.6611
23140,1082,763,33.674,25.758,0.0003,-0.0896,9.8396,0.5007,0.1628,-0.8111
23145,1098,765,33.608,25.851,-0.0026,-0.0646,9.8518,-0.479,-0.9053,0.2581
23150,1096,764,33.679,25.817,0.001,-0.0421,9.9137,0.0273,-0.3626,-0.017
23155,1103,766,33.603,25.681,-0.018,0.0044,9.8144,-0.1258,-0.2267,-0.2068
23160,1122,759,33.715,25.68,0.0685,-0.0885,9.7096,0.0671,0.1264,-0.1041
23165,1128,763,33.63,25.669,-0.0002,-0.0379,9.7784,0.2969,0.2209,0.9985
23170,1139,755,33.609,25.697,-0.0359,0.0623,9.8741,0.4744,0.0847,-0.8724
23175,1136,755,33.646,25.669,-0.0532,-0.0574,9.7956,0.1478,0.283,0.6936
23180,1156,756,33.618,25.703,-0.0538,0.0174,9.8252,-0.0122,0.2653,-0.1102
23185,1153,764,33.678,25.642,-0.0993,-0.0209,9.7516,-0.3356,-0.516,0.1171
23190,1151,758,33.619,25.773,0.108,-0.0212,9.8168,-0.2414,0.227,0.2921
23195,1159,755,33.76,25.628,-0.0176,0.0117,9.8015,0.5083,0.0615,0.0386
23200,1169,758,33.687,25.666,-0.0381,-0.0316,9.8566,-0.0128,-0.1946,-0.3024
23205,1171,759,33.597,25.694,0.0769,-0.0132,9.8528,-0.6627,0.2699,0.0587
23210,1180,754,33.691,25.726,0.0546,0.029,9.9372,0.4879,-0.2743,-0.2196
23215,1175,759,33.67,25.766,-0.0375,-0.0069,9.8081,0.9687,-0.1283,-0.2718
23220,1179,762,33.615,25.694,0.0595,-0.0233,9.8287,-0.4786,-0.7303,-0.0275
23225,1187,765,33.689,25.685,-0.0643,0.0387,9.861,-0.3785,1.1426,0.055
23230,1186,761,33.643,25.679,-0.0449,0.0109,9.8381,-0.1178,0.3488,0.9547
23235,1187,764,33.7,25.74,-0.0091,-0.0327,9.7777,-0.5431,-0.8318,-0.7881
23240,1190,765,33.728,25.709,0.0744,0.0127,9.8185,-0.5711,-0.9483,0.3512
23245,1189,764,33.635,25.661,-0.065,0.0035,9.8764,0.28,-0.032,0.4557
23250,1186,767,33.628,25.718,-0.0513,0.0422,9.8201,0.0704,-0.2074,0.4664
23255,1187,766,33.676,25.661,0.0417,0.0484,9.888,0.3588,-0.2402,0.0415
23260,1181,762,33.749,25.677,-0.0278,0.0552,9.813,-0.2866,0.1799,0.64
23265,1188,768,33.664,25.684,-0.0267,0.0022,9.7922,-1.3819,-0.1825,0.5689
23270,1186,767,33.614,25.691,-0.0094,-0.0035,9.8287,-0.5955,-0.3667,-0.0974
23275,1184,771,33.599,25.671,-0.1149,0.05,9.8631,-0.9038,-0.2423,0.5905
23280,1183,774,33.597,25.692,0.1015,-0.0595,9.8572,0.416,-0.2424,0.2515
23285,1177,775,33.707,25.764,0.0049,-0.0548,9.8693,-0.6163,-0.1322,-0.3234
23290,1179,776,33.65,25.661,-0.0024,-0.0041,9.8604,0.3053,0.7083,-0.5142
23295,1176,777,33.665,25.608,-0.078,-0.0237,9.7742,0.5248,-0.7432,-0.3522
23300,1181,778,33.585,25.636,0.0581,0.0192,9.8698,0.0627,0.3087,-0.3213
23305,1161,780,33.742,25.692,-0.0417,-0.0289,9.7365,-0.1141,-0.0756,0.3519
23310,1160,781,33.682,25.614,-0.0288,0.0376,9.8234,0.2399,0.1972,-0.4473
23315,1163,780,33.706,25.703,0.0999,-0.0433,9.9162,0.0951,-0.3671,0.5342
23320,1151,787,33.657,25.728,-0.0214,-0.0512,9.8259,0.6291,0.0787,-0.477
23325,1159,794,33.659,25.721,0.0069,0.0303,9.7751,0.0515,-0.4531,0.3866
23330,1152,792,33.719,25.726,0.0221,0.0158,9.8527,0.253,-0.3691,0.0169
23335,1150,790,33.704,25.687,0.0163,-0.0208,9.7277,0.2227,0.0351,0.2219
23340,1144,794,33.76,25.768,-0.0003,0.0237,9.8557,-0.0697,-0.0967,0.0251
23345,1134,796,33.656,25.569,-0.027,0.0109,9.7301,0.0089,0.2488,-0.8036
23350,1137,794,33.633,25.754,0.0492,-0.0603,9.8788,-0.0409,-0.6169,-0.5776
23355,1136,797,33.707,25.648,-0.034,-0.075,9.7849,-0.8289,0.5642,0.301
23360,1130,802,33.642,25.765,0.0934,0.0492,9.8428,-0.3989,0.1383,-1.2835
23365,1139,801,33.685,25.641,-0.0015,0.0977,9.7819,0.0652,-0.8056,-1.1795
23370,1127,800,33.578,25.663,-0.0242,0.0535,9.6888,-1.1808,-0.8762,0.1943
23375,1126,815,33.663,25.759,0.0316,-0.0844,9.8225,-0.1178,0.3673,0.1308
23380,1116,806,33.669,25.727,-0.0572,-0.0096,9.8823,0.0006,-0.0293,0.1163
23385,1115,811,33.624,25.697,0.0209,-0.0247,9.7698,0.2784,0.3739,-0.6998
23390,1115,806,33.72,25.749,-0.088,0.0275,9.8666,-0.1663,0.348,0.0513
23395,1109,818,33.784,25.716,0.0419,0.0598,9.9045,-0.4478,0.0241,0.1919
23400,1121,813,33.636,25.661,0.1375,-0.1097,9.8317,-0.6423,-0.281,-0.0752
23405,1107,820,33.619,25.666,-0.0348,0.0444,9.7672,-0.4536,-0.3244,0.1575
23410,1103,821,33.67,25.662,-0.0465,0.002,9.7734,0.3464,1.4028,-0.687
23415,1104,819,33.703,25.698,-0.0494,-0.0531,9.7812,-0.105,-0.4193,-0.2004
23420,1104,820,33.646,25.713,-0.054,0.0305,9.8764,-0.1027,-0.2813,-0.1255
23425,1099,817,33.555,25.704,-0.074,-0.0004,9.7627,0.5968,-0.6462,-0.2815
23430,1099,823,33.715,25.747,0.0192,-0.0605,9.8587,-0.2074,0.0483,0.047
23435,1093,823,33.568,25.666,0.0233,-0.0311,9.8248,-0.0149,-0.3218,-0.9305
23440,1089,826,33.654,25.702,-0.0025,-0.071,9.743,-0.2913,-1.2767,0.0475
23445,1092,825,33.742,25.708,0.0663,-0.0382,9.7833,0.1681,0.559,-0.0878
23450,1081,826,33.588,25.608,-0.0633,-0.0504,9.818,0.1276,0.7683,-0.2218
23455,1088,832,33.596,25.695,0.0266,0.0243,9.8472,0.3125,-0.2543,-0.0646
23460,1082,830,33.656,25.725,0.0119,0.1453,9.73,-0.3521,-0.3091,-0.2381
23465,1076,830,33.787,25.667,-0.025,-0.04,9.8132,-0.2481,0.0851,-1.1531
23470,1082,828,33.595,25.711,0.0166,-0.0557,9.8106,0.1972,0.9978,-0.2498
23475,1079,827,33.756,25.728,-0.0351,-0.0486,9.819,1.1399,-0.5881,0.5501
23480,1075,833,33.509,25.74,0.0016,-0.0119,9.7607,0.7545,-0.4975,0.183
23485,1064,833,33.741,25.772,-0.0378,0.1042,9.8514,-0.662,0.5042,0.3659
23490,1064,826,33.717,25.62,-0.0618,-0.0043,9.8838,-1.1604,-0.3561,-0.132
23495,1060,828,33.546,25.724,-0.0452,-0.0618,9.8665,0.2799,0.3229,-0.097
23500,1053,828,33.608,25.658,0.0564,0.0311,9.8587,-0.0894,-0.2088,0.0351
23505,1062,828,33.663,25.703,-0.0136,0.0086,9.7634,-0.7132,-0.2345,0.0176
23510,1043,830,33.636,25.683,0.0482,-0.0129,9.8038,-0.259,0.0674,-0.393
23515,1050,828,33.611,25.629,-0.1454,-0.0076,9.8637,-0.4337,-0.3045,1.6521
23520,1052,827,33.604,25.747,0.0052,-0.0255,9.7621,0.4438,1.093,0.3265
23525,1045,833,33.66,25.65,0.0283,0.0287,9.9082,-0.616,0.3639,-0.2738
23530,1031,829,33.625,25.646,-0.113,-0.012,9.842,-0.6079,-0.3139,-0.3323
23535,1027,829,33.684,25.761,-0.0078,-0.0226,9.8494,1.3319,-0.0374,-0.2375
23540,1024,826,33.694,25.636,-0.0151,0.05,9.9074,-0.0532,-0.0625,0.0094
23545,1008,823,33.707,25.697,0.0097,0.1416,9.7282,0.1843,0.3102,-0.4737
23550,1015,823,33.7,25.65,0.0103,-0.0464,9.7937,-0.2229,-0.3538,-0.3664
23555,1000,827,33.645,25.687,-0.0053,-0.0619,9.768,-0.4785,-0.262,-1.4476
23560,985,825,33.67,25.755,-0.0425,0.0453,9.7291,0.5499,0.6584,-0.8545
23565,985,824,33.586,25.715,0.0341,0.0202,9.8412,-0.2753,0.9245,-0.3815
23570,982,821,33.63,25.73,-0.0253,-0.1039,9.8813,0.7159,-1.4069,-0.4837
23575,965,827,33.617,25.666,0.0841,0.0119,9.877,0.1575,-0.2951,-0.3082
23580,970,826,33.703,25.741,0.1004,-0.0618,9.8449,-0.5333,0.4507,0.1594
23585,959,828,33.656,25.71,0.0621,0.0484,9.9315,-0.3979,0.0046,-0.1671
23590,946,821,33.78,25.722,0.0363,-0.1147,9.7608,0.6168,0.0183,0.4833
23595,942,822,33.647,25.711,-0.0049,0.0624,9.805,0.7737,-0.4567,0.8323
23600,931,821,33.628,25.767,0.038,-0.0709,9.8076,0.1831,0.0752,0.205
23605,943,820,33.588,25.775,0.0487,-0.0665,9.8655,0.1678,0.7835,-0.0208
23610,917,825,33.731,25.722,0.0002,-0.0293,9.7477,-0.0947,-0.5619,-0.4724
23615,917,821,33.676,25.632,0.0527,-0.002,9.8214,-0.5273,-0.3323,-0.3607
23620,897,817,33.62,25.725,-0.1001,-0.0009,9.7961,-0.3365,-0.2889,-0.3402
23625,888,815,33.644,25.652,-0.016,-0.0532,9.8171,-0.155,0.323,0.3569
23630,883,820,33.67,25.692,0.0918,0.0135,9.7854,-0.7701,0.4898,-0.1616
23635,875,819,33.726,25.61,0.0621,0.0352,9.903,-0.2667,-0.1043,0.5309
23640,859,815,33.681,25.62,-0.0254,-0.0372,9.7815,0.0035,0.0036,-0.0275
23645,854,815,33.609,25.644,0.0326,0.0598,9.7225,0.9352,-0.4788,-0.0115
23650,848,816,33.684,25.748,0.0287,0.0275,9.7749,0.2646,-0.2364,-0.4711
23655,843,820,33.648,25.673,0.0321,-0.0145,9.8332,0.6867,0.0603,-0.401
23660,833,820,33.711,25.644,0.0032,-0.022,9.8657,-0.4409,0.0949,-0.3415
23665,815,816,33.669,25.715,-0.0097,0.0338,9.821,-0.4353,-0.7744,-0.1676
23670,823,816,33.655,25.717,0.0575,-0.0393,9.8634,0.0709,1.1539,-0.1353
23675,803,811,33.676,25.732,0.054,0.0576,9.8157,0.6885,-0.1968,0.2975
23680,800,812,33.624,25.744,-0.0021,0.0409,9.8545,-0.147,-0.1662,-0.0183
23685,793,815,33.66,25.731,0.0907,-0.0001,9.7807,-0.0267,0.4846,0.4988
23690,791,819,33.684,25.712,0.0272,-0.0228,9.7388,0.3982,0.1766,-0.0673
23695,782,815,33.704,25.769,0.0016,0.0702,9.753,0.0143,1.0457,0.3564
23700,771,809,33.684,25.657,0.0175,0.0789,9.841,0.5892,-0.3884,0.0141
23705,768,817,33.655,25.638,0.0085,-0.031,9.7802,0.3027,0.2654,0.3514
23710,755,814,33.639,25.722,0.0198,0.0187,9.83,-0.2794,0.5107,-0.2137
23715,760,812,33.702,25.768,0.0129,0.011,9.8055,-0.1435,-0.2403,0.7781
23720,749,812,33.629,25.743,-0.0099,-0.0062,9.7947,-0.0138,-0.0941,-0.2326
23725,751,809,33.644,25.702,-0.0249,-0.1001,9.859,-0.407,-0.1381,0.1868
23730,746,811,33.627,25.615,0.0561,-0.0638,9.758,0.1947,0.3949,0.0763
23735,760,809,33.637,25.708,0.021,0.0374,9.8956,0.6134,-0.3267,0.8465
23740,755,813,33.7,25.769,0.0675,0.0339,9.8882,0.1774,-0.7613,0.2222
23745,741,809,33.563,25.656,0.0022,0.0011,9.7952,-0.1966,-0.7248,-0.9604
23750,751,813,33.628,25.705,-0.0189,0.0039,9.8035,-0.1498,0.2219,0.9584
23755,752,811,33.709,25.687,0.0346,0.027,9.8438,0.2526,0.1493,-0.9437
23760,755,805,33.716,25.681,-0.0184,0.0806,9.8565,-0.4874,0.2136,0.2363
23765,754,807,33.617,25.709,0.0433,0.0934,9.8201,-0.302,-0.4741,0.5269
23770,761,810,33.6,25.714,0.0453,0.1015,9.8416,1.065,-0.6085,-0.0607
23775,767,808,33.669,25.636,-0.0491,0.0578,9.7361,-0.7731,-0.7309,0.2518
23780,761,804,33.681,25.676,-0.042,-0.0164,9.8236,0.4029,0.32,0.5781
23785,763,807,33.761,25.766,-0.039,0.0816,9.7766,-0.6842,0.0309,-0.6963
23790,776,808,33.494,25.717,0.018,0.0384,9.7873,-0.6213,0.3036,0.2515
23795,776,800,33.6,25.703,0.0022,-0.069,9.9161,-0.6275,0.2492,0.3
23800,778,798,33.569,25.697,-0.0679,-0.0094,9.8716,0.7176,0.6027,0.5489
23805,790,807,33.573,25.722,0.0185,-0.033,9.8531,0.0707,0.4808,0.7365
23810,803,797,33.724,25.739,-0.1171,0.0929,9.8135,-0.1369,-0.9731,-0.0435
23815,813,800,33.651,25.761,0.0383,-0.0067,9.7426,-0.9405,-0.2192,0.66
23820,805,798,33.651,25.722,-0.0439,-0.0282,9.8126,-1.0454,-0.5122,-0.375
23825,833,801,33.728,25.698,0.0086,0.0098,9.8356,0.4019,0.2876,-0.1174
23830,826,793,33.717,25.666,-0.0449,0.0069,9.7504,-0.6768,-0.2751,-0.8444
23835,844,792,33.635,25.711,-0.0538,-0.0178,9.9277,1.173,-0.4388,1.0201
23840,854,789,33.658,25.691,0.0382,0.0411,9.8111,-0.7929,-0.5324,-0.0007
23845,859,786,33.661,25.68,-0.0213,0.0065,9.7295,-0.2065,-0.4876,1.2057
23850,875,793,33.661,25.721,-0.0294,0.0237,9.8526,0.3208,-0.2065,1.1079
23855,892,786,33.695,25.742,-0.0262,0.1401,9.8814,-1.0243,-0.1111,-1.1554
23860,902,789,33.643,25.688,-0.0018,-0.049,9.8759,0.0702,-0.3711,-0.7478
23865,910,785,33.692,25.694,-0.0077,0.0105,9.7983,0.1649,0.5969,0.1346
23870,919,789,33.652,25.691,0.0087,0.0527,9.8103,-0.0443,0.4595,-0.2301
23875,942,783,33.693,25.682,-0.0797,0.0017,9.8434,-0.4273,-0.7287,0.5344
23880,948,776,33.594,25.691,-0.0606,-0.0187,9.7634,0.2404,-0.3442,0.0399
23885,966,776,33.632,25.701,0.0918,-0.0006,9.7455,-0.0093,0.3948,-0.6726
23890,978,776,33.639,25.647,-0.0248,0.1313,9.7815,0.0279,0.4777,-0.4703
23895,983,775,33.719,25.8,-0.0069,0.0053,9.8692,-0.3702,-0.642,-0.1766
23900,1002,775,33.594,25.658,0.0734,0.0183,9.8104,0.1348,0.5509,0.2613
23905,1012,775,33.695,25.671,0.0778,-0.0313,9.8342,-0.5681,0.0236,-0.5266
23910,1017,771,33.655,25.699,-0.0475,-0.0567,9.8012,-0.2486,0.1407,-0.3721
23915,1034,771,33.647,25.661,0.0457,0.087,9.8373,-0.2103,0.2302,-0.6542
23920,1039,763,33.613,25.721,-0.0446,0.05,9.8551,-1.5316,-0.086,0.059
23925,1064,769,33.638,25.654,-0.0419,-0.0237,9.8163,-0.3292,-1.4075,-0.3425
23930,1061,764,33.665,25.7,0.0402,0.0005,9.8212,-0.1518,-0.7329,0.0561
23935,1085,761,33.643,25.65,-0.1036,0.0038,9.7313,-0.041,-0.2182,0.1894
23940,1093,766,33.705,25.691,-0.0348,-0.0234,9.8082,0.5015,0.6358,0.2212
23945,1104,763,33.688,25.651,-0.0453,0.009,9.7883,-0.0356,0.0648,0.0302
23950,1102,765,33.689,25.713,0.0409,-0.0335,9.7705,-0.0598,0.1773,1.4946
23955,1124,761,33.578,25.725,-0.0559,-0.0318,9.8613,-0.1721,-0.1729,0.4968
23960,1120,759,33.672,25.706,-0.0668,0.0024,9.8424,-0.7957,0.0498,-0.0774
23965,1121,769,33.611,25.685,0.1031,-0.0255,9.8572,0.3815,-0.5273,-0.0288
23970,1148,760,33.636,25.601,0.0038,0.0465,9.8088,-0.8625,0.0068,-0.2351
23975,1138,762,33.679,25.665,-0.0727,-0.0397,9.7597,-0.261,0.2171,-0.7923
23980,1137,754,33.614,25.755,0.0613,-0.0895,9.7181,0.0414,0.6647,-0.2113
23985,1155,758,33.668,25.745,0.0664,-0.0542,9.8321,-0.3279,-0.2765,-0.2611
23990,1169,760,33.64,25.665,-0.0473,0.0335,9.8511,-0.6497,-0.3336,0.94
23995,1165,760,33.731,25.694,0.0064,-0.0023,9.7977,-0.3457,0.3255,-0.3392
24000,1173,763,33.624,25.74,0.0723,-0.0569,9.7552,0.5297,0.6087,-0.713
24005,1175,762,33.644,25.754,0.0106,0.018,9.8877,-0.3428,1.3425,-0.3151
24010,1181,760,33.646,25.664,0.0387,-0.0061,9.8263,-0.4985,-0.1247,0.7014
24015,1172,760,33.617,25.682,0.0116,-0.0622,9.8169,0.3663,-0.7858,0.1324
24020,1184,760,33.666,25.721,-0.0441,-0.007,9.814,0.1562,-0.0033,-0.7253
24025,1180,762,33.726,25.62,-0.0101,-0.0431,9.803,0.093,0.3283,-0.7102
24030,1185,759,33.6,25.714,-0.0151,0.0739,9.7141,0.4082,-0.1915,-0.5048
24035,1189,759,33.656,25.694,-0.0076,0.0226,9.8102,-0.5163,-0.5222,-0.2907
24040,1190,763,33.658,25.736,0.0877,-0.0328,9.789,0.6761,0.2267,-0.0147
24045,1188,762,33.672,25.694,-0.1141,0.0084,9.8655,-0.9912,-0.5168,0.005
24050,1191,765,33.615,25.707,0.0088,0.0421,9.7454,-0.3024,0.9418,-0.6962
24055,1191,766,33.635,25.768,-0.0297,0.0807,9.7613,-0.327,0.7569,-0.2323
24060,1190,766,33.7,25.708,-0.0796,-0.0407,9.862,-0.2399,0.5971,0.9785
24065,1179,769,33.58,25.796,-0.0377,-0.0245,9.8781,0.2136,0.3372,-1.093
24070,1181,765,33.737,25.613,0.0292,-0.0298,9.9188,-0.3712,0.7001,-0.1328
24075,1172,769,33.707,25.727,0.0528,-0.0187,9.763,0.3196,-0.1165,0.1608
24080,1177,777,33.64,25.696,-0.0312,0.0217,9.8431,0.0329,-0.0416,0.1733
24085,1168,780,33.661,25.723,-0.0242,-0.0134,9.8136,-0.0813,-0.7139,0.3141
24090,1169,778,33.668,25.733,-0.0022,-0.1015,9.8112,0.1035,-0.8267,0.2275
24095,1173,780,33.667,25.651,-0.0015,-0.0205,9.8772,-0.1674,-0.3058,0.1508
24100,1170,778,33.594,25.694,0.0321,-0.058,9.8748,-0.2119,-0.4984,-0.895
24105,1171,781,33.711,25.752,0.0291,-0.0501,9.8228,-0.3019,1.1019,0.2051
24110,1156,785,33.633,25.718,0.0344,-0.002,9.8639,1.1088,0.5358,0.0241
24115,1157,787,33.637,25.673,0.0077,0.0708,9.8006,0.4514,-0.2162,0.2151
24120,1163,785,33.663,25.622,0.0483,-0.0263,9.8247,-0.346,0.1101,0.0553
24125,1161,795,33.64,25.68,-0.0083,-0.07,9.8475,-0.4076,0.0109,0.2935
24130,1150,795,33.606,25.751,0.0291,0.0003,9.8368,0.0982,0.4487,-0.0954
24135,1150,788,33.682,25.656,-0.018,-0.0431,9.7368,-0.2921,-0.923,0.3392
24140,1144,790,33.663,25.58,0.0266,0.0086,9.8801,-0.4968,-0.0583,0.2217
24145,1138,796,33.711,25.726,-0.0352,-0.0057,9.7577,0.0564,-0.5906,1.1712
24150,1133,798,33.586,25.654,0.027,-0.0728,9.8268,-0.9723,-0.0435,0.4013
24155,1133,802,33.692,25.702,-0.0196,0.0557,9.8225,0.297,0.151,-0.6213
24160,1133,802,33.696,25.658,0.037,-0.0155,9.7325,0.946,0.8525,0.6857
24165,1131,808,33.623,25.67,0.0389,-0.0622,9.8285,-0.4232,-0.9964,-0.0942
24170,1122,812,33.607,25.661,-0.0445,0.0228,9.8429,-0.2368,0.1539,0.4065
24175,1122,802,33.737,25.678,-0.0825,0.0082,9.7497,0.3516,-0.013,-1.0414
24180,1120,805,33.592,25.688,-0.0201,-0.024,9.7635,-1.2378,0.115,-0.903
24185,1121,806,33.63,25.726,0.0092,-0.0836,9.8355,0.0729,0.5274,0.0708
24190,1108,815,33.652,25.753,-0.0032,0.0192,9.8017,-0.5654,0.8768,0.0767
24195,1106,812,33.7,25.707,0.0749,0.0229,9.7821,-0.1878,0.7119,-0.0001
24200,1107,817,33.637,25.68,-0.0203,-0.007,9.7263,0.0056,-0.1436,-0.3661
24205,1106,818,33.587,25.727,0.063,-0.043,9.9551,0.6555,-0.5551,0.0178
24210,1100,818,33.696,25.665,-0.06,-0.0798,9.8609,-1.0078,0.7981,-0.3126
24215,1101,823,33.65,25.714,-0.023,0.0077,9.8577,-0.499,0.5581,-0.102
24220,1101,822,33.71,25.715,0.0092,-0.0512,9.8061,-0.2321,-0.4703,-0.0105
24225,1094,823,33.633,25.67,0.0129,-0.0088,9.8238,-0.572,0.2771,-0.1353
24230,1097,820,33.64,25.67,-0.0372,0.0237,9.7786,-0.3267,-0.1897,0.4496
24235,1090,825,33.679,25.766,0.1352,-0.0419,9.8075,0.6209,0.0447,-0.1054
24240,1095,830,33.711,25.687,0.0418,-0.0788,9.8045,0.3136,-0.2307,-0.112
24245,1090,827,33.719,25.778,-0.0825,0.0083,9.7473,-0.3542,-0.1483,-0.0058
24250,1083,830,33.688,25.651,0.0069,-0.0009,9.8267,0.8812,0.3996,-0.118
24255,1077,825,33.677,25.764,-0.0004,-0.0092,9.8049,0.0877,0.066,0.538
24260,1088,834,33.627,25.714,-0.0568,0.0067,9.7802,0.0841,0.6247,0.2916
24265,1071,831,33.659,25.823,-0.0463,0.0044,9.8186,-0.8619,-0.5455,-0.4409
24270,1072,829,33.579,25.665,-0.0308,-0.0743,9.8217,-0.2304,-1.0278,0.4537
24275,1074,829,33.576,25.71,0.0025,-0.0273,9.8004,-0.0312,-0.1279,-0.0077
24280,1069,833,33.566,25.723,0.0215,-0.0065,9.7991,0.0159,0.7128,-0.4938
24285,1068,831,33.677,25.59,0.0905,0.044,9.8157,-0.4806,-0.5023,-0.2303
24290,1067,832,33.645,25.849,0.1001,0.0417,9.7831,0.1662,-0.152,0.3486
24295,1059,830,33.646,25.754,0.0166,-0.0588,9.8055,0.5171,0.6944,-0.0612
24300,1059,834,33.632,25.678,-0.0421,-0.078,9.8262,-0.7612,0.4267,0.4566
24305,1055,830,33.664,25.657,-0.0069,0.0492,9.7927,0.0732,0.3609,0.0517
24310,1050,832,33.619,25.746,0.0691,-0.0072,9.816,0.2175,0.3941,-0.7485
24315,1048,829,33.686,25.662,-0.0154,-0.0588,9.8344,0.16,0.2883,-0.4193
24320,1038,827,33.531,25.693,0.0166,-0.1056,9.7706,0.7137,-0.4452,0.3467
24325,1032,833,33.645,25.763,-0.0603,0.0257,9.7372,-0.3721,0.2682,0.0392
24330,1037,826,33.757,25.643,-0.028,0.0449,9.7527,0.5015,-0.036,-0.4294
24335,1033,830,33.663,25.72,-0.0265,-0.0399,9.8575,-0.5131,-0.0692,-0.2376
24340,1024,831,33.695,25.652,-0.025,0.0838,9.8494,0.4483,0.1857,0.3214
24345,1012,825,33.598,25.742,-0.0224,-0.0817,9.818,-0.0251,0.1627,0.2199
24350,1006,830,33.686,25.665,-0.0125,0.0159,9.8096,-0.1207,0.3535,-0.3514
24355,1004,825,33.616,25.717,-0.0292,-0.0122,9.8168,0.1062,-0.5028,0.3133
24360,1003,824,33.67,25.7,0.003,-0.057,9.8299,0.3958,0.8468,-0.1939
24365,983,824,33.671,25.618,0.023,-0.0599,9.8806,0.7094,-0.6608,0.8946
24370,977,825,33.654,25.761,0.0656,0.0296,9.7811,1.3168,-0.3732,-0.29
24375,967,825,33.687,25.632,-0.0024,0.056,9.8281,-0.0588,-0.0172,0.2792
24380,959,825,33.672,25.668,0.0187,0.0574,9.6937,-0.0748,-0.0089,-0.1612
24385,954,825,33.581,25.81,-0.0275,-0.0078,9.8478,0.6579,0.1748,-0.2469
24390,940,822,33.672,25.598,0.0418,0.0483,9.8107,0.1397,0.2966,-0.1904
24395,940,819,33.632,25.687,-0.0011,0.0305,9.8045,-0.1175,-0.0306,-0.0248
24400,931,823,33.695,25.658,-0.0196,-0.0736,9.7701,-0.7662,-0.3365,-0.1486
24405,919,819,33.7,25.717,-0.0635,-0.0092,9.7914,-0.5127,0.0542,-1.3313
24410,920,819,33.639,25.631,-0.0475,-0.0193,9.8119,0.6282,0.3869,0.3377
24415,899,818,33.714,25.657,0.0544,-0.0269,9.7969,-0.3681,-1.2939,-0.3329
24420,905,823,33.667,25.614,-0.0142,-0.0697,9.8352,0.9554,-0.7546,-0.8588
24425,895,817,33.603,25.72,-0.0614,0.0587,9.774,0.052,0.4573,-0.2862
24430,878,812,33.767,25.755,0.0188,0.0874,9.7001,0.3688,-0.28,0.4691
24435,865,818,33.692,25.704,0.0557,0.0081,9.7077,0.0049,-0.5183,0.7309
24440,864,815,33.616,25.649,-0.0324,0.0069,9.8493,-0.167,-0.7219,0.6707
24445,851,819,33.632,25.719,0.0168,0.0542,9.8411,-0.11,-1.5381,-0.4411
24450,843,814,33.542,25.606,0.0685,0.0374,9.8642,0.0479,-0.5922,-1.1682
24455,830,814,33.637,25.664,0.016,-0.0258,9.8126,0.1256,0.2695,-0.2401
24460,834,815,33.628,25.738,0.0456,0.0225,9.7441,-0.1056,-0.1007,0.5755
24465,818,817,33.621,25.684,-0.0309,0.0486,9.7443,0.1557,-0.4502,-0.1621
24470,813,818,33.649,25.693,-0.0105,-0.0152,9.8203,-0.2349,-0.9749,0.1795
24475,807,817,33.689,25.717,0.0274,-0.0189,9.7569,-0.7045,0.1476,0.5333
24480,791,811,33.567,25.737,-0.0193,0.0271,9.9064,-0.198,-0.0736,-0.3809
24485,788,812,33.615,25.687,0.0065,-0.0511,9.7875,0.1064,-0.0736,-0.3449
24490,778,817,33.646,25.738,-0.0797,0.0148,9.886,-0.21,-0.0269,-0.1346
24495,796,813,33.545,25.743,-0.0016,-0.0161,9.866,0.0494,0.6545,-0.4859
24500,765,819,33.723,25.702,-0.0327,-0.1129,9.7838,1.1237,0.2765,-0.5629
24505,754,812,33.656,25.722,-0.0858,0.0107,9.7998,-0.2048,-0.7267,-0.1222
24510,768,813,33.783,25.733,-0.0294,-0.0118,9.8256,-0.2516,-0.1699,0.2741
24515,748,810,33.669,25.626,0.15,-0.062,9.8038,0.4483,0.2922,-0.5558
24520,759,810,33.641,25.561,-0.0184,0.0517,9.8049,-0.1292,0.1643,-0.2112
24525,760,808,33.66,25.662,-0.0248,0.0054,9.7736,0.3749,0.058,0.2475
24530,744,805,33.647,25.731,0.0503,-0.129,9.7921,-0.0255,-0.2757,-0.634
24535,755,813,33.606,25.68,-0.0283,0.0096,9.8756,1.1288,-0.583,-0.4501
24540,760,813,33.616,25.662,-0.066,-0.0733,9.8083,-0.4528,0.0076,-0.7306
24545,745,810,33.691,25.711,0.0098,0.0128,9.8386,-0.7946,0.0703,-0.224
24550,739,814,33.62,25.792,-0.0081,-0.0131,9.7535,-0.2823,0.2636,-0.5259
24555,744,807,33.676,25.754,0.0778,0.0171,9.8749,0.1202,-0.7144,0.6002
24560,755,806,33.69,25.772,-0.0144,-0.0402,9.775,0.0156,-0.3878,-0.4985
24565,752,806,33.701,25.707,0.0402,0.0743,9.7729,-0.906,0.9093,-0.1569
24570,762,808,33.621,25.678,-0.0266,-0.0309,9.7533,0.2583,-0.2864,0.056
24575,759,805,33.728,25.683,-0.088,0.0651,9.8806,-0.118,-0.4025,0.2288
24580,765,803,33.638,25.696,0.0341,0.0018,9.8598,-0.4137,0.3105,0.8455
24585,767,801,33.613,25.628,0.0063,0.0444,9.7856,-0.2356,0.1911,-0.1584
24590,779,803,33.639,25.633,0.0099,0.0582,9.7795,-0.0214,0.7135,0.313
24595,777,797,33.726,25.577,0.0139,-0.0044,9.7756,-0.8491,0.1098,-0.1989
24600,787,803,33.605,25.634,0.0005,-0.0265,9.8467,-0.6504,-0.4764,0.1781
24605,797,798,33.699,25.709,0.0949,-0.0082,9.8038,-0.4016,-0.8029,-0.1295
24610,803,799,33.645,25.627,-0.0016,0.0131,9.8392,-0.4346,-0.513,-1.1766
24615,806,802,33.673,25.67,-0.0733,-0.0138,9.7833,-0.114,-0.3946,-0.119
24620,816,796,33.732,25.643,0.0761,0.0538,9.8487,-0.1244,0.1028,-0.096
24625,829,793,33.651,25.752,-0.0139,0.0704,9.8318,0.968,-0.1499,-0.0851
24630,840,793,33.563,25.684,0.069,0.0236,9.8404,0.8179,-0.3969,-0.4646
24635,855,789,33.616,25.672,-0.0402,0.0136,9.7853,0.0116,-0.8739,0.742
24640,867,795,33.63,25.704,0.0218,-0.0016,9.8168,-1.1183,0.7124,-0.735
24645,872,791,33.655,25.707,-0.0212,-0.0446,9.8264,-0.0711,0.5775,0.9163
24650,895,791,33.714,25.66,-0.0249,0.004,9.8178,0.1525,-0.0323,-0.2214
24655,897,788,33.657,25.702,0.0739,0.0148,9.7507,-0.292,0.0486,0.2679
24660,911,789,33.545,25.679,-0.0921,-0.04,9.7063,-0.3771,-0.2794,0.0111
24665,921,786,33.543,25.711,0.0477,0.0901,9.8046,0.3374,-0.2779,-0.8974
24670,927,784,33.678,25.696,0.0323,-0.0239,9.7935,-1.0902,0.4731,-0.1094
24675,949,781,33.727,25.676,-0.0311,0.0105,9.8233,-0.0675,-0.4082,0.1231
24680,964,780,33.719,25.63,0.0185,-0.0344,9.7806,-0.0198,0.2855,-0.0729
24685,972,776,33.808,25.673,-0.1301,-0.0658,9.8388,0.2135,-0.3705,0.0007
24690,985,777,33.648,25.783,-0.0138,0.0454,9.7374,-0.2143,0.1513,-0.3443
24695,986,778,33.684,25.79,0.014,0.0098,9.7798,-0.1553,0.1843,0.473
24700,1007,769,33.713,25.782,-0.0761,0.0805,9.821,-0.0074,0.2983,0.5106
24705,1010,771,33.71,25.652,-0.012,0.0176,9.7822,0.0387,-0.3974,-0.5883
24710,1026,767,33.666,25.745,0.0062,-0.0474,9.8854,0.3076,0.0134,-0.3383
24715,1046,768,33.687,25.629,-0.0862,-0.0656,9.7911,-0.732,0.6103,-0.55
24720,1052,773,33.623,25.63,-0.0271,-0.025,9.7687,-0.225,0.7574,-0.1936
24725,1052,770,33.677,25.774,-0.0325,0.0286,9.8087,-0.6649,0.1385,0.633
24730,1076,770,33.592,25.781,0.0061,0.0312,9.9313,-0.9994,0.5247,0.2157
24735,1088,765,33.689,25.649,-0.0614,-0.0609,9.8025,-0.0775,0.2114,0.336
24740,1088,766,33.75,25.721,0.0306,0.0516,9.8976,0.5849,0.356,-0.9138
24745,1108,765,33.664,25.749,0.1179,0.0018,9.7991,0.3277,-0.191,0.0017
24750,1108,764,33.57,25.73,-0.0347,-0.0311,9.6801,-0.5244,-0.3644,0.7117
24755,1123,768,33.624,25.577,-0.0982,0.044,9.7285,0.1149,0.3054,-0.343
24760,1121,763,33.649,25.629,0.0305,-0.0012,9.7803,-0.4851,-0.7711,-0.2504
24765,1132,758,33.645,25.691,0.0491,-0.0259,9.8966,-0.1182,-1.1248,0.3667
24770,1145,761,33.672,25.632,0.0465,-0.0259,9.8319,-0.055,-0.5334,-0.5286
24775,1143,756,33.567,25.682,0.0159,0.003,9.9242,-0.1933,-0.5365,0.8718
24780,1145,757,33.597,25.732,-0.0046,-0.0015,9.7991,-0.4176,-0.7136,-0.4817
24785,1155,762,33.628,25.763,-0.0973,0.032,9.751,0.195,-0.7274,-0.1431
24790,1170,757,33.603,25.528,-0.0015,0.0041,9.8002,0.0396,0.9997,-0.0331
24795,1167,760,33.659,25.691,-0.0225,0.0152,9.8456,0.6966,-0.4277,-0.4635
24800,1180,753,33.612,25.675,-0.1005,0.0445,9.8064,0.481,0.0339,-0.2744
24805,1173,753,33.544,25.738,-0.0106,-0.0659,9.7763,0.0096,0.0585,0.6193
24810,1179,757,33.684,25.677,0.0048,-0.0388,9.8078,-0.7056,-0.7038,0.6481
24815,1187,757,33.699,25.77,-0.0773,0.0261,9.817,0.397,0.1697,0.6345
24820,1185,755,33.707,25.713,-0.0337,-0.048,9.8222,0.1606,0.0411,-0.6011
24825,1178,760,33.617,25.678,0.0601,0.0616,9.8436,1.4322,0.0658,1.3194
24830,1190,758,33.693,25.74,-0.0078,0.0215,9.7426,-0.5725,-0.9445,0.5401
24835,1194,757,33.569,25.711,0.0345,-0.0127,9.8322,-0.3165,0.3068,0.5355
24840,1185,759,33.645,25.644,0.0392,-0.0385,9.7396,0.0528,0.062,-0.5253
24845,1183,765,33.746,25.674,-0.0616,0.013,9.8088,-0.0005,0.0881,0.0934
24850,1190,761,33.709,25.746,0.0971,0.0578,9.7774,-0.0855,-0.4562,0.8357
24855,1185,765,33.706,25.71,-0.0133,-0.0089,9.7666,-0.3014,0.981,-0.0289
24860,1184,768,33.671,25.703,-0.0088,-0.0767,9.7952,-0.0215,0.7269,-0.3587
24865,1179,768,33.62,25.649,-0.013,0.0866,9.8578,0.8126,-0.5562,-0.0351
24870,1184,766,33.568,25.691,-0.0497,0.011,9.9309,-0.4604,0.6005,0.4979
24875,1176,768,33.655,25.645,0.0281,0.0385,9.8356,-0.1631,0.0081,0.1273
24880,1178,773,33.649,25.606,-0.0657,-0.0429,9.9008,-0.1525,-0.6123,-0.4155
24885,1184,771,33.618,25.686,-0.0228,0.0449,9.8064,0.7008,-0.8896,-0.5011
24890,1171,774,33.705,25.679,-0.0009,0.0351,9.7611,0.3334,-0.6042,-0.2832
24895,1165,777,33.597,25.72,0.0287,0.0546,9.854,0.3971,0.8679,0.7049
24900,1166,777,33.683,25.705,0.0439,-0.0331,9.8541,-0.4306,-0.0538,0.5087
24905,1168,779,33.641,25.722,0.0212,0.0006,9.9169,0.3233,0.0282,-0.7159
24910,1164,787,33.579,25.674,0.0059,0.1312,9.7399,0.1154,1.0459,0.073
24915,1156,788,33.691,25.665,-0.057,-0.1172,9.872,0.6466,-0.2501,-0.0124
24920,1153,792,33.655,25.682,-0.0083,-0.1219,9.8104,0.4837,0.8076,0.2623
24925,1149,792,33.681,25.743,0.0999,-0.0477,9.8697,0.2242,-0.0014,1.044
24930,1158,790,33.691,25.558,0.1063,0.0409,9.8033,-0.8977,0.3002,-0.5766
24935,1140,787,33.668,25.73,0.0904,0.027,9.7478,1.2712,0.5813,-0.1747
24940,1145,797,33.576,25.633,-0.0039,0.027,9.9129,0.1388,-0.6937,0.2091
24945,1133,794,33.618,25.647,0.0396,0.0203,9.7979,-0.6669,0.6098,0.3076
24950,1127,803,33.67,25.596,0.0379,0.0665,9.8059,-0.2101,-0.8771,-0.061
24955,1137,804,33.657,25.695,0.0354,-0.0456,9.7944,-0.3148,0.3323,-0.3313
24960,1123,809,33.707,25.674,0.0032,-0.0208,9.8207,0.0153,-0.567,0.3549
24965,1125,802,33.541,25.688,-0.0116,-0.0293,9.8006,0.5437,0.2567,0.7871
24970,1125,808,33.621,25.767,-0.0222,-0.0652,9.767,0.1184,-0.8296,-0.1914
24975,1119,810,33.638,25.698,-0.0035,0.0003,9.8478,-0.4966,0.4911,0.2875
24980,1115,810,33.718,25.71,0.0423,0.0367,9.8618,0.2338,0.5075,0.4659
24985,1115,810,33.604,25.665,0.1012,-0.0482,9.9,0.07,-0.2928,-0.1356
24990,1110,811,33.602,25.691,-0.1083,-0.0651,9.8441,-0.1582,0.4111,-0.0756
24995,1105,813,33.646,25.755,0.0024,-0.0197,9.8074,-0.0518,-0.4214,1.0119
25000,1120,816,33.659,25.792,-0.059,-0.0851,9.7872,-0.332,-1.1533,-1.1477
25005,1105,818,33.598,25.66,-0.0224,-0.0512,9.7443,-0.7284,0.1158,1.3407
25010,1103,821,33.642,25.679,-0.0231,-0.0452,9.7057,-0.2318,-0.8499,-0.3764
25015,1087,822,33.701,25.667,-0.0217,0.0157,9.8236,0.1084,-0.2712,0.1059
25020,1091,823,33.681,25.699,-0.0215,-0.0683,9.7108,-0.0156,0.0623,-0.0964
25025,1088,822,33.519,25.63,0.03,-0.0782,9.8726,0.2648,-0.1744,0.8378
25030,1094,828,33.583,25.727,-0.0843,-0.0751,9.7657,0.1673,0.3798,-0.6274
25035,1084,819,33.666,25.641,-0.0444,0.0029,9.8023,-0.0843,-1.3796,1.2314
25040,1087,826,33.662,25.632,0.0121,0.0336,9.8597,0.9574,0.4825,0.5772
25045,1081,827,33.733,25.701,-0.0187,-0.0139,9.946,-0.7068,0.8677,0.3057
25050,1086,830,33.616,25.653,-0.1074,0.0178,9.8183,0.4225,0.7455,0.3987
25055,1074,827,33.643,25.772,0.0329,-0.0044,9.8332,0.2731,0.0264,-0.2197
25060,1083,829,33.661,25.64,0.0011,0.0047,9.7913,-0.0022,-0.5558,0.4411
25065,1083,833,33.685,25.616,0.0001,-0.0149,9.7251,-0.1323,-0.7321,-0.509
25070,1078,832,33.696,25.661,0.0465,-0.0614,9.8957,0.2453,0.8755,0.731
25075,1067,832,33.72,25.689,0.0939,-0.04,9.8173,-0.4726,0.1717,-1.072
25080,1077,833,33.75,25.741,0.0355,-0.0137,9.7091,-0.0576,0.4939,-0.2362
25085,1069,829,33.743,25.649,-0.0257,-0.0044,9.8598,0.3293,0.4753,-0.0015
25090,1063,833,33.667,25.676,0.0555,-0.0292,9.7118,0.0712,0.1536,0.8404
25095,1057,830,33.606,25.673,-0.0336,-0.0243,9.9042,-0.6967,-0.3684,0.374
25100,1050,828,33.64,25.668,-0.0008,0.1014,9.8157,-0.3194,-0.4076,0.0381
25105,1049,832,33.64,25.658,-0.0047,-0.045,9.8153,-0.6725,1.1336,-0.8519
25110,1045,831,33.691,25.716,-0.0045,0.0442,9.7595,0.2155,0.7922,-0.1347
25115,1048,832,33.638,25.694,-0.0292,-0.028,9.8371,-1.1705,0.204,0.0731
25120,1031,828,33.63,25.726,0.0366,-0.0432,9.8855,0.0648,0.5328,-0.0685
25125,1034,828,33.518,25.64,0.0062,-0.0468,9.7925,-0.1275,0.7208,0.0414
25130,1035,831,33.584,25.701,-0.0261,0.0501,9.7704,0.3877,-0.5524,0.5303
25135,1020,826,33.68,25.775,0.0602,-0.0112,9.79,0.4184,-0.6183,0.4476
25140,1020,830,33.704,25.704,-0.0281,-0.061,9.7869,0.5339,1.2839,-0.9372
25145,1016,824,33.593,25.649,0.0583,-0.0847,9.8591,0.8271,-0.1006,-0.0153
25150,1012,829,33.648,25.699,-0.0901,-0.0171,9.9399,0.387,-0.3707,-0.2438
25155,999,822,33.661,25.675,-0.0458,0.0348,9.8583,0.4149,-0.253,-0.5659
25160,999,826,33.648,25.689,0.0184,0.0735,9.8168,0.3192,-0.3923,0.3606
25165,978,826,33.613,25.749,0.0874,-0.0089,9.8182,0.8718,-0.0438,-0.5657
25170,968,827,33.639,25.659,-0.1027,0.0213,9.7379,0.3486,0.3624,0.1346
25175,965,823,33.738,25.628,-0.0564,0.0496,9.7587,0.521,0.7317,-0.6261
25180,954,819,33.547,25.717,-0.0758,-0.0833,9.8556,-0.2198,-0.2187,-0.3554
25185,950,821,33.564,25.64,0.0098,-0.0338,9.837,-0.1902,0.5613,0.3268
25190,943,823,33.703,25.717,-0.0084,-0.0568,9.7495,0.1864,-0.0372,-0.8806
25195,936,817,33.668,25.677,0.1057,-0.0097,9.8318,0.5282,-0.0176,0.44
25200,919,822,33.66,25.567,-0.0975,0.0259,9.869,0.7001,0.5143,1.0407
25205,914,820,33.64,25.728,0.0581,0.0015,9.6742,0.2846,0.0591,0.797
25210,910,823,33.719,25.679,0.0751,-0.0162,9.7891,0.2069,0.0866,0.7943
25215,907,820,33.68,25.687,0.1196,-0.0072,9.7817,0.0337,1.3192,1.0905
25220,894,819,33.7,25.654,0.0019,0.0458,9.8333,-0.0444,-0.8018,-0.3385
25225,879,815,33.555,25.673,0.1188,0.0136,9.8055,0.2954,0.6167,-0.3844
25230,873,819,33.676,25.61,-0.0369,-0.0262,9.8277,-0.5902,0.835,0.2389
25235,865,816,33.648,25.745,-0.0215,-0.0213,9.8013,-0.0223,-0.7731,0.4706
25240,855,810,33.702,25.682,-0.0272,0.0407,9.8852,0.1498,-0.6709,0.6014
25245,840,818,33.593,25.679,-0.0342,-0.0178,9.9365,0.5983,0.2227,-0.6084
25250,840,816,33.674,25.664,0.0021,-0.0708,9.7657,0.5496,-0.0126,0.0624
25255,827,820,33.701,25.661,0.046,-0.1309,9.7694,0.1254,0.4577,-0.0778
25260,818,816,33.619,25.72,-0.0528,-0.0751,9.7665,-0.3859,0.5699,-0.3441
25265,822,813,33.591,25.687,-0.0202,-0.012,9.8773,0.1722,0.4382,0.8356
25270,809,818,33.63,25.684,-0.0015,0.0017,9.8502,-0.6243,0.3446,0.0048
25275,804,819,33.727,25.748,-0.0978,0.0321,9.8026,0.1375,-0.581,-0.0676
25280,797,814,33.631,25.701,0.028,0.0615,9.7837,-0.7021,-0.6639,-0.1239
25285,775,804,33.578,25.69,-0.0824,-0.0145,9.7578,-0.917,0.3691,0.1738
25290,787,818,33.657,25.652,0.1209,0.009,9.853,0.0128,0.0761,-0.9402
25295,772,817,33.622,25.683,-0.0324,-0.0221,9.8209,-0.0893,0.1855,0.7689
25300,774,811,33.647,25.689,0.0188,0.0466,9.7709,0.1039,0.1679,-0.5971
25305,757,819,33.653,25.726,-0.0776,0.073,9.8116,-0.0488,-0.1482,0.7898
25310,757,807,33.618,25.641,0.029,0.0402,9.8439,-0.6178,0.2057,0.059
25315,757,814,33.59,25.765,0.0523,0.0592,9.7648,-0.2332,0.4358,-0.6597
25320,751,812,33.621,25.664,-0.0414,-0.0024,9.8029,0.3143,0.887,0.7367
25325,758,815,33.637,25.713,-0.0641,-0.1182,9.7682,-0.5607,0.6394,0.0346
25330,748,808,33.64,25.725,0.0437,0.0405,9.7966,-0.3067,0.0666,0.6784
25335,750,814,33.698,25.64,0.1174,0.0189,9.8776,-0.6907,-0.799,0.2347
25340,748,810,33.687,25.627,0.0232,0.0529,9.7845,1.1872,0.4355,-0.3114
25345,743,806,33.618,25.569,0.0712,0.0487,9.8086,0.2101,-0.162,0.276
25350,751,807,33.592,25.745,0.0615,0.0463,9.7919,-0.4792,-0.1802,-0.6648
25355,745,805,33.632,25.66,0.0109,-0.0483,9.8876,0.213,0.1896,-0.0355
25360,760,808,33.595,25.644,0.0024,-0.0062,9.8155,-0.0635,0.8542,0.1576
25365,748,809,33.743,25.702,-0.0025,0.0389,9.782,0.7512,0.5296,-0.555
25370,761,808,33.694,25.668,-0.0227,-0.007,9.8385,-0.0337,-0.3266,-1.206
25375,768,805,33.638,25.719,0.0289,0.0114,9.8414,0.5158,0.1438,0.481
25380,770,805,33.745,25.64,0.0356,-0.0399,9.831,-0.363,0.4609,-0.0037
25385,780,802,33.711,25.65,-0.0161,-0.034,9.7425,0.4049,-0.9301,-0.3105
25390,774,800,33.599,25.712,-0.0509,-0.03,9.8136,1.1265,0.4393,0.5077
25395,785,804,33.695,25.602,0.0223,-0.0484,9.7698,0.5605,-0.4444,0.9013
25400,799,806,33.688,25.693,-0.0149,-0.0286,9.8676,1.3075,-0.7048,-0.1752
25405,798,799,33.593,25.671,0.0265,0.0251,9.7877,0.3792,0.9155,-0.6458
25410,806,800,33.663,25.718,-0.0337,-0.0001,9.8447,0.8174,0.2039,-0.9755
25415,814,795,33.642,25.601,0.0004,0.0203,9.8774,-1.1142,0.6505,-0.2156
25420,831,799,33.566,25.743,-0.0004,-0.0181,9.8353,-0.1923,-0.5229,-0.3787
25425,837,791,33.694,25.74,0.0278,-0.0226,9.8194,-0.1829,0.3082,0.2788
25430,845,791,33.637,25.676,0.0177,-0.0994,9.753,0.0785,0.9392,0.7071
25435,858,789,33.684,25.691,-0.0246,-0.0198,9.8613,0.4312,0.644,-0.0541
25440,863,788,33.696,25.627,-0.0482,-0.0202,9.8231,-0.3628,1.2675,0.4951
25445,876,784,33.557,25.683,0.0494,-0.0269,9.8419,0.1477,0.2081,0.5921
25450,885,791,33.593,25.623,0.0182,-0.023,9.7694,0.2217,-0.2728,0.3398
25455,899,787,33.717,25.667,-0.046,0.0151,9.7331,0.1397,-0.5617,0.113
25460,906,788,33.706,25.727,0.0478,-0.0557,9.7959,0.8655,0.2393,0.0431
25465,924,789,33.645,25.655,-0.0722,0.0269,9.8504,-0.0577,-0.6384,-0.4764
25470,945,786,33.695,25.665,-0.0362,0.0464,9.7804,0.3942,-0.3173,-0.0657
25475,955,782,33.672,25.692,-0.0492,0.0216,9.8494,0.3015,-0.0539,0.4277
25480,956,776,33.57,25.815,0.0671,0.032,9.8833,0.6379,0.1007,0.6522
25485,975,784,33.655,25.675,-0.0364,-0.104,9.7463,0.3324,0.2777,-0.6259
25490,981,766,33.638,25.629,0.0692,0.044,9.697,-0.6444,-0.1328,-0.485
25495,1009,772,33.618,25.737,-0.0251,0.0262,9.862,1.0898,0.5764,0.0961
25500,1015,773,33.722,25.704,0.0191,-0.0068,9.8806,0.2478,-0.4303,1.164
25505,1020,771,33.688,25.716,0.0237,-0.0599,9.885,0.3022,-0.5678,-0.1934
25510,1035,769,33.542,25.717,-0.0827,0.079,9.7863,-0.5496,0.2818,0.0941
25515,1051,767,33.604,25.641,-0.0596,0.0156,9.8046,0.6466,0.234,0.8835
25520,1053,770,33.634,25.795,0.0338,-0.016,9.8368,-0.158,-0.0151,0.7956
25525,1065,770,33.666,25.642,-0.1093,0.0591,9.826,0.0668,-0.6232,0.806
25530,1078,768,33.655,25.688,0.0311,0.1316,9.8434,0.7323,0.6018,0.008
25535,1089,768,33.723,25.812,0.027,0.0681,9.7543,-0.1636,-0.5094,0.2197
25540,1099,765,33.635,25.66,0.0387,-0.0592,9.8059,0.2042,-0.377,-0.3052
25545,1102,755,33.578,25.735,0.0746,0.0489,9.7814,-0.4258,-0.559,-0.1665
25550,1117,763,33.652,25.695,0.0017,-0.0119,9.7937,0.0122,-0.1328,-1.0317
25555,1122,758,33.667,25.767,-0.041,-0.0639,9.7788,0.596,0.7524,-0.0276
25560,1127,764,33.625,25.62,0.0106,-0.0333,9.8555,0.6069,-1.0315,0.0251
25565,1133,766,33.605,25.696,-0.0301,0.0058,9.797,0.5705,-0.2506,-0.0555
25570,1149,762,33.636,25.749,-0.0052,0.0444,9.7021,-0.6907,-0.0116,0.1185
25575,1149,754,33.73,25.678,-0.0396,0.0533,9.7082,-1.3255,-0.386,-0.2384
25580,1157,759,33.644,25.663,-0.086,-0.0192,9.7963,0.3772,-0.8287,1.0306
25585,1162,758,33.674,25.719,0.0194,0.0238,9.7795,0.4722,-0.3132,-0.3305
25590,1161,759,33.634,25.706,0.0287,-0.025,9.7544,0.1769,-0.265,1.1099
25595,1166,764,33.7,25.62,-0.0431,0.0138,9.8309,0.1391,-0.1256,-0.445
25600,1178,761,33.659,25.701,0.0834,0.0691,9.8046,0.0661,0.298,0.9019
25605,1176,757,33.581,25.69,-0.0081,-0.0228,9.9542,0.7554,0.3147,-0.0952
25610,1178,762,33.642,25.683,-0.05,-0.0813,9.727,-0.094,0.3024,-0.4164
25615,1188,759,33.593,25.66,-0.0328,0.062,9.8312,0.1422,0.4423,0.4638
25620,1182,759,33.574,25.718,-0.032,-0.0344,9.7874,0.6421,0.0186,0.2505
25625,1177,761,33.658,25.575,0.1226,-0.0191,9.7249,0.6825,0.1692,-0.6108
25630,1180,765,33.731,25.67,-0.0818,-0.0748,9.8189,-0.8396,0.3549,-0.0625
25635,1196,765,33.664,25.731,-0.0565,-0.0007,9.8453,-0.1355,-0.0681,0.4197
25640,1194,763,33.557,25.691,0.0484,-0.0363,9.7775,-0.5674,-0.0831,-0.1687
25645,1178,766,33.62,25.751,-0.1149,-0.0548,9.8364,0.1163,0.3733,-0.0928
25650,1200,761,33.724,25.695,0.0223,0.1145,9.8439,0.2973,0.1831,-0.6344
25655,1188,766,33.664,25.671,-0.0198,-0.048,9.7589,0.3547,0.2715,-0.7103
25660,1183,768,33.57,25.698,-0.0282,0.07,9.8035,0.2506,-0.246,-0.3213
25665,1177,771,33.647,25.704,-0.0492,0.0447,9.8058,0.6801,-0.0392,0.0099
25670,1183,777,33.582,25.653,-0.0137,0.0652,9.8181,-0.8422,0.4352,-0.4088
25675,1172,772,33.648,25.684,0.1009,-0.0553,9.828,-0.4681,-0.5229,-0.0618
25680,1178,771,33.748,25.649,0.0499,0.0274,9.8642,-0.0461,-0.8983,0.3291
25685,1174,776,33.69,25.651,0.0049,-0.0393,9.8275,-0.7867,-0.323,-0.6849
25690,1167,780,33.646,25.658,-0.0243,0.0229,9.7475,0.4429,-0.6894,0.185
25695,1171,780,33.63,25.651,-0.0384,-0.0637,9.789,-0.1617,0.0048,-0.0698
25700,1174,783,33.653,25.69,-0.0547,-0.0291,9.8129,0.6249,0.0617,0.2487
25705,1161,781,33.737,25.66,0.0143,-0.0131,9.7584,-0.5877,-0.2094,1.1955
25710,1156,793,33.575,25.568,0.068,0.0387,9.8451,0.6713,-0.3818,0.1134
25715,1159,788,33.724,25.766,-0.0433,-0.0121,9.8158,0.2367,0.5797,0.4452
25720,1158,787,33.632,25.682,0.0125,-0.0712,9.7736,0.0987,0.1597,0.815
25725,1151,790,33.646,25.627,-0.0353,-0.0107,9.7418,-0.8153,-0.3931,0.4622
25730,1139,791,33.736,25.728,-0.0051,-0.0163,9.831,-0.5512,-0.5545,0.4264
25735,1132,795,33.656,25.617,0.0075,0.0067,9.8771,0.9614,-0.3393,-0.3905
25740,1141,798,33.7,25.716,0.0088,-0.1135,9.8022,-0.1908,-0.8565,0.0136
25745,1129,802,33.673,25.692,0.0604,0.0575,9.8303,0.1846,0.3429,-0.0235
25750,1130,799,33.634,25.655,0.0358,0.0722,9.8252,0.4443,-0.0447,-0.825
25755,1125,802,33.568,25.68,0.0301,0.0076,9.8971,-0.1041,-0.5043,0.1325
25760,1116,807,33.719,25.624,0.0763,0.0026,9.8467,-1.0123,-0.4014,0.0783
25765,1116,807,33.664,25.759,0.0148,-0.0004,9.7963,-0.2169,-0.4177,-0.8625
25770,1117,813,33.735,25.644,0.0099,0.0462,9.7733,0.5205,0.7405,0.2899
25775,1124,808,33.616,25.656,-0.049,0.0489,9.8192,-0.3796,0.476,-0.0885
25780,1114,812,33.698,25.679,-0.1006,-0.0268,9.8272,-0.4822,0.5058,0.6542
25785,1117,813,33.706,25.673,0.0714,-0.0684,9.7793,0.9661,-0.485,-0.3011
25790,1109,816,33.625,25.747,-0.0165,-0.1286,9.7516,1.2835,0.2519,1.0924
25795,1105,811,33.699,25.617,0.0606,0.0307,9.8105,0.3958,-0.6739,-1.0019
25800,1109,813,33.707,25.665,-0.056,0.0304,9.8324,0.5768,0.0118,1.0641
25805,1105,823,33.77,25.696,0.0703,-0.0113,9.8023,0.4628,-0.3515,0.1729
25810,1103,820,33.587,25.701,-0.0401,-0.0497,9.8369,0.2102,0.445,-0.1519
25815,1096,824,33.669,25.699,0.0376,-0.0531,9.8357,0.2876,-0.3942,-0.1482
25820,1085,825,33.585,25.736,-0.0756,0.0497,9.8301,-0.5568,0.2945,0.3776
25825,1092,824,33.623,25.646,-0.0048,0.0943,9.8157,0.2954,-0.5896,-0.1104
25830,1088,826,33.681,25.651,-0.0706,0.0367,9.7774,-0.4887,0.1625,0.099
25835,1096,831,33.642,25.599,0.0035,-0.1182,9.8241,-0.738,-0.6483,-0.1524
25840,1085,831,33.653,25.73,0.0428,-0.0423,9.7739,-0.3683,-0.1606,0.2144
25845,1074,833,33.642,25.664,0.0557,0.1008,9.8927,0.876,-0.2386,0.3226
25850,1085,830,33.728,25.686,0.0242,0.0193,9.7151,0.5037,0.4215,0.0448
25855,1081,830,33.642,25.713,0.0467,-0.0158,9.7828,0.4731,-0.382,-0.1783
25860,1078,824,33.627,25.684,-0.0234,-0.0661,9.7378,-0.63,0.5572,-0.0631
25865,1068,828,33.678,25.726,-0.0404,-0.0732,9.777,0.518,0.3281,-0.5046
25870,1062,834,33.6,25.644,0.043,-0.0333,9.8181,0.7008,-0.1492,-0.7588
25875,1066,831,33.588,25.696,0.0711,-0.0048,9.8032,-0.098,-0.3225,-1.0876
25880,1069,825,33.567,25.683,0.0155,0.0044,9.8592,-0.021,0.0003,-0.9895
25885,1061,834,33.721,25.713,0.0939,-0.0307,9.7325,0.3741,-0.1299,-0.1165
25890,1052,835,33.643,25.67,0.0283,-0.1209,9.8707,-0.7055,-0.2183,-0.748
25895,1060,836,33.545,25.717,-0.0153,0.0686,9.8266,-0.5926,-0.1948,-0.3234
25900,1055,833,33.633,25.739,-0.033,-0.0008,9.882,-0.4479,0.3129,0.1899
25905,1048,836,33.649,25.591,0.028,0.0219,9.7345,-1.3369,0.3354,0.5221
25910,1041,832,33.659,25.662,-0.0613,0.067,9.8272,-0.0785,-0.1226,0.62
25915,1036,832,33.63,25.709,0.0066,-0.0287,9.8573,0.2701,-0.1702,0.4683
25920,1034,831,33.629,25.771,0.0427,-0.0221,9.8462,0.6617,-0.8397,-0.7248
25925,1034,832,33.645,25.749,-0.044,0.0843,9.836,0.2178,-0.0649,0.2223
25930,1022,824,33.631,25.678,0.0217,-0.0074,9.773,-0.4848,0.1124,0.3331
25935,1018,833,33.618,25.685,0.0096,0.1053,9.7795,-0.4311,0.8662,0.0824
25940,1007,824,33.645,25.704,0.1017,0.0192,9.7626,-0.2147,0.0504,-0.3121
25945,1011,829,33.647,25.71,-0.0765,0.0024,9.8111,0.2775,0.4562,0.0185
25950,994,826,33.673,25.744,-0.0595,0.0166,9.7629,-0.2376,-0.8536,0.4012
25955,996,822,33.733,25.692,-0.037,-0.0304,9.9008,0.124,0.0404,-0.9023
25960,991,826,33.622,25.648,-0.0517,0.0424,9.7975,-0.3504,0.063,-0.2162
25965,974,824,33.59,25.701,0.0067,-0.0224,9.7649,0.292,-0.7326,-0.8526
25970,959,828,33.637,25.677,-0.0114,0.0035,9.7778,-0.6201,-0.1021,0.1143
25975,963,824,33.777,25.807,0.0569,-0.0585,9.8146,0.3934,-0.3369,0.6824
25980,955,829,33.758,25.691,0.0424,0.0459,9.8156,0.3493,-0.294,0.0177
25985,948,819,33.617,25.662,0.0829,0.0635,9.8001,-1.154,-0.4186,-0.0179
25990,942,822,33.611,25.698,0.0686,0.0185,9.7978,-0.3849,-0.4764,0.1411
25995,935,822,33.62,25.758,0.0287,-0.0521,9.7548,-0.7978,-0.1432,-0.2583
26000,910,823,33.608,25.683,0.0271,0.0753,9.8293,-0.3883,-0.4796,0.109
26005,912,822,33.67,25.708,-0.0626,-0.0389,9.7805,-0.0939,-0.2988,-0.7664
26010,905,818,33.669,25.703,0.0156,0.0023,9.8361,0.7459,0.304,-0.1268
26015,902,818,33.688,25.603,-0.0278,0.0919,9.8625,-0.197,-0.8741,-0.7522
26020,891,822,33.67,25.64,0.0383,-0.0423,9.8036,-0.3502,0.1809,-0.183
26025,883,818,33.656,25.731,0.1136,-0.0034,9.8614,-0.1102,0.5318,-0.1601
26030,876,818,33.795,25.675,0.0913,-0.0686,9.8911,-0.2745,0.5567,-0.0413
26035,859,815,33.61,25.752,0.052,0.0155,9.7152,-0.0563,-0.9065,-0.7603
26040,851,816,33.691,25.583,0.0254,0.0728,9.873,0.0463,0.1025,-0.2458
26045,841,817,33.618,25.686,-0.0112,-0.0152,9.8515,-0.0284,-0.1955,-0.219
26050,831,816,33.58,25.712,-0.0477,-0.0349,9.844,-0.9602,0.4731,0.1041
26055,824,816,33.67,25.714,-0.0329,0.008,9.813,0.7541,0.3874,0.2969
26060,822,822,33.572,25.683,-0.0327,-0.016,9.7658,-0.5271,-0.6973,-0.2943
26065,807,805,33.694,25.642,0.0282,0.0079,9.8411,0.4688,-0.1856,-0.5912
26070,800,807,33.66,25.681,0.0642,-0.0815,9.7109,0.9501,0.3965,0.3602
26075,794,811,33.645,25.736,-0.0037,0.0463,9.8146,0.1664,0.6977,-0.4087
26080,787,811,33.637,25.615,0.013,0.096,9.8163,0.7014,0.6622,-0.4912
26085,778,810,33.595,25.722,-0.0463,0.0473,9.8479,-0.8096,0.0817,-0.0133
26090,770,816,33.664,25.685,-0.022,0.0832,9.9146,0.6049,0.2766,0.2765
26095,766,812,33.66,25.711,0.0083,-0.0583,9.8385,0.1423,0.261,-0.3606
26100,760,807,33.565,25.755,-0.0129,0.0774,9.8823,0.0624,0.275,-0.2651
26105,750,814,33.653,25.647,-0.0342,-0.0773,9.8121,-0.445,-0.3155,-0.8257
26110,751,815,33.689,25.687,-0.0317,0.0567,9.7452,-0.3858,0.5902,0.4177
26115,763,814,33.572,25.605,-0.0509,-0.0521,9.8317,0.1599,0.2965,-0.06
26120,755,809,33.68,25.67,-0.0249,0.0128,9.7405,0.2237,0.0857,1.0725
26125,752,810,33.582,25.732,0.0951,-0.0035,9.7725,0.139,0.2178,0.087
26130,746,815,33.566,25.681,0.072,-0.069,9.8528,-0.3627,0.8657,0.418
26135,741,809,33.637,25.675,-0.0406,-0.082,9.8249,-0.2146,-0.1563,0.0639
26140,746,813,33.651,25.679,-0.0529,-0.0196,9.8299,0.5896,0.0767,1.0388
26145,748,807,33.615,25.642,-0.0542,0.0666,9.8133,0.1873,0.0461,-0.7281
26150,751,814,33.621,25.69,-0.0092,-0.0273,9.8371,-0.3717,0.3639,-0.0865
26155,749,809,33.721,25.693,0.0023,0.0337,9.8241,0.2211,-0.2056,-0.8396
26160,749,807,33.62,25.669,0.042,0.0453,9.8738,0.207,0.1562,-0.004
26165,772,808,33.63,25.674,-0.0196,-0.0514,9.8116,0.3435,0.5498,0.0605
26170,764,808,33.706,25.701,0.0727,-0.0003,9.8415,0.5708,0.4832,0.1732
26175,757,804,33.671,25.718,-0.0335,0.0324,9.8448,-0.2971,-0.0898,-0.3748
26180,771,804,33.66,25.699,0.0772,0.0114,9.805,-0.9514,-0.2406,0.4889
26185,783,809,33.714,25.616,-0.0429,0.0043,9.7983,0.3024,0.4837,-0.1711
26190,782,806,33.69,25.68,0.0147,0.0238,9.8174,0.2425,-0.2765,-0.7304
26195,786,802,33.58,25.667,0.0185,0.011,9.8261,-0.5787,0.021,0.1104
26200,797,797,33.617,25.743,-0.0295,-0.0604,9.872,0.3602,-0.0575,-0.3107
26205,803,801,33.571,25.755,0.0064,0.0382,9.7987,-0.035,0.2928,0.4989
26210,818,798,33.664,25.664,-0.0412,-0.0336,9.8284,-0.6442,-0.5482,-0.1666
26215,827,795,33.673,25.646,-0.0473,-0.0263,9.8699,0.283,-0.2836,-0.7179
26220,836,795,33.604,25.647,0.021,0.0431,9.8169,0.5116,0.0244,-0.1187
26225,846,795,33.67,25.625,-0.0479,-0.0175,9.8579,0.5008,1.1679,-0.3178
26230,850,793,33.651,25.723,0.0116,-0.1021,9.7519,-0.1528,-0.1872,-0.5394
26235,869,786,33.64,25.693,0.0133,-0.0529,9.7489,0.8408,0.2885,0.0288
26240,878,792,33.661,25.701,-0.0107,0.0148,9.8016,0.2562,-0.6696,0.754
26245,879,788,33.661,25.7,-0.0111,0.0198,9.8847,0.3817,-0.285,-0.3352
26250,893,788,33.641,25.702,0.0048,-0.0001,9.8329,-0.0741,-0.0685,0.2116
26255,901,789,33.582,25.637,-0.0285,0.1011,9.8481,-0.3909,0.4495,0.2859
26260,927,784,33.628,25.561,0.0524,0.012,9.7953,-0.7387,0.5692,0.0842
26265,934,783,33.634,25.647,-0.0509,0.017,9.7071,-0.2882,0.1051,-0.5834
26270,946,780,33.633,25.613,-0.0267,-0.0019,9.8362,-0.2642,0.1839,0.114
26275,955,781,33.584,25.645,0.0328,-0.1013,9.8114,-0.2347,0.3328,0.0923
26280,975,780,33.633,25.739,0.0583,0.0248,9.8284,0.5521,0.1987,0.9953
26285,976,781,33.661,25.601,-0.0149,-0.0169,9.6916,-0.1085,0.1114,0.0744
26290,998,775,33.687,25.647,0.0055,-0.02,9.6996,0.1508,-0.6321,0.2205
26295,997,769,33.661,25.672,0.0111,-0.0059,9.8695,-0.1519,0.0548,0.1468
26300,1017,774,33.487,25.679,0.0528,0.0005,9.8576,0.2298,1.2132,-0.3187
26305,1017,770,33.668,25.687,-0.0377,0.1035,9.7741,0.6941,-0.4653,0.072
26310,1042,773,33.668,25.66,-0.0355,-0.0877,9.8228,-0.4437,0.158,0.5982
26315,1051,767,33.615,25.64,-0.0471,-0.0829,9.8895,-1.3359,0.244,-0.8664
26320,1060,765,33.624,25.727,0.0746,0.0443,9.7786,0.6257,0.3704,0.5636
26325,1073,773,33.622,25.67,-0.024,-0.088,9.8437,-0.3224,0.3608,-0.2123
26330,1084,763,33.652,25.681,0.0604,-0.0352,9.8081,-0.4616,-0.1489,-0.3858
26335,1095,759,33.67,25.617,0.1037,-0.0442,9.872,0.8629,-0.0118,-0.0318
26340,1101,764,33.603,25.645,0.0295,-0.0272,9.6996,-0.4714,-0.575,-0.1567
26345,1110,765,33.673,25.726,-0.0235,-0.0289,9.8087,-0.5891,-0.7685,-0.8233
26350,1122,762,33.666,25.754,-0.0152,-0.0448,9.8522,0.4644,-0.216,-0.3028
26355,1126,758,33.65,25.756,-0.0063,-0.0519,9.7894,-0.2086,-0.8057,0.3663
26360,1132,759,33.652,25.601,0.02,0.0165,9.7553,0.4857,0.2842,-0.0963
26365,1139,760,33.605,25.693,-0.0147,0.0195,9.7915,0.3109,-0.2875,-0.2075
26370,1148,757,33.657,25.563,0.0243,0.0127,9.8353,0.5377,0.2882,-0.1384
26375,1156,759,33.639,25.647,0.0297,-0.1142,9.7406,0.0357,-0.1087,-0.9487
26380,1164,764,33.712,25.562,-0.0297,0.0585,9.7845,-0.0466,0.2265,-0.1617
26385,1173,761,33.638,25.684,-0.0361,0.029,9.8172,0.0956,0.5863,0.5121
26390,1176,757,33.683,25.623,-0.0585,-0.0367,9.9585,0.4942,-0.5623,0.55
26395,1173,763,33.686,25.855,0.0356,0.0922,9.8543,0.1005,-0.3444,0.215
26400,1172,757,33.653,25.693,0.0645,-0.091,9.7968,0.1708,0.2511,0.5619
26405,1175,760,33.633,25.719,-0.0581,-0.0989,9.8153,-0.1743,0.2887,0.0485
26410,1181,757,33.593,25.727,-0.0055,-0.0256,9.8453,-0.451,-0.1659,-0.5103
26415,1183,757,33.601,25.668,0.0582,-0.0322,9.8127,0.247,-0.5187,0.0481
26420,1185,756,33.599,25.687,0.0172,0.0296,9.8366,-1.1407,-0.3027,-0.3614
26425,1192,764,33.628,25.73,-0.0272,-0.0676,9.7689,0.3178,0.4125,0.6166
26430,1190,761,33.692,25.725,-0.0669,0.0892,9.7865,-0.1491,0.364,0.4214
26435,1190,769,33.583,25.595,0.0336,0.0261,9.8593,1.1329,-0.8026,-0.2107
26440,1186,764,33.635,25.615,0.0796,-0.011,9.7351,0.2191,-0.0767,0.1913
26445,1194,765,33.617,25.577,-0.0187,-0.0404,9.8732,0.6783,-0.4316,0.1417
26450,1188,767,33.623,25.607,0.017,-0.0224,9.8069,0.4944,0.3274,0.1227
26455,1178,763,33.641,25.624,0.0522,0.0174,9.8726,0.0447,0.4034,-0.2998
26460,1180,769,33.629,25.631,0.1061,-0.0709,9.8031,-0.5922,0.1713,0.4135
26465,1184,773,33.546,25.663,-0.0831,0.0139,9.8436,-0.1274,0.69,0.9519
26470,1184,773,33.608,25.746,0.0108,0.075,9.8044,0.2089,-0.1364,-0.4763
26475,1180,771,33.636,25.608,0.0037,0.0413,9.7659,-0.1007,0.2964,0.161
26480,1178,776,33.547,25.686,-0.0333,-0.0161,9.8582,0.3769,0.2836,0.555
26485,1162,774,33.656,25.677,0.0449,-0.0137,9.8256,-0.0643,0.5641,-0.6232
26490,1172,784,33.604,25.721,0.0436,0.0325,9.7516,0.0033,0.3787,0.5815
26495,1182,777,33.657,25.713,-0.0243,-0.0556,9.7793,-1.4011,-0.4744,1.6931
26500,1160,784,33.632,25.631,-0.0492,0.0167,9.7066,0.4918,-0.6246,-0.6793
26505,1158,791,33.572,25.638,-0.0354,-0.0514,9.7818,-0.2138,0.7851,-0.4098
26510,1159,788,33.58,25.589,0.0642,0.0153,9.8088,-0.3922,0.4222,-0.3683
26515,1159,790,33.623,25.637,0.0476,0.0654,9.7874,0.0007,0.008,0.0826
26520,1148,784,33.708,25.662,-0.0228,-0.0661,9.8294,0.698,-0.1461,-0.36
26525,1140,790,33.642,25.621,0.0191,-0.0487,9.7456,-0.3692,-0.3165,0.7199
26530,1144,796,33.609,25.63,-0.0443,0.1023,9.7772,0.1284,0.1643,-0.2778
26535,1138,797,33.609,25.559,0.0786,-0.067,9.8123,-0.2468,0.2568,0.0188
26540,1138,797,33.609,25.707,-0.0182,0.0405,9.8453,0.0292,-0.1545,-0.5549
26545,1132,801,33.639,25.72,-0.092,-0.0296,9.7733,0.3958,0.0555,0.4434
26550,1125,805,33.592,25.62,0.0154,-0.015,9.7976,-0.1025,0.3865,0.2543
26555,1134,804,33.581,25.745,0.0727,0.0246,9.826,0.239,-0.1597,1.1474
26560,1132,804,33.569,25.692,0.0016,-0.0022,9.72,-0.4683,-1.0054,0.3162
26565,1122,808,33.67,25.705,0.013,0.011,9.7507,0.446,1.1565,0.6429
26570,1112,806,33.626,25.681,0.0103,0.0323,9.9426,-1.0575,-0.6796,-0.1828
26575,1121,816,33.651,25.582,0.037,-0.049,9.7601,0.0721,-0.0776,0.183
26580,1110,815,33.643,25.713,0.06,0.0178,9.8736,0.0145,-0.288,0.4029
26585,1108,816,33.696,25.618,0.0724,-0.0123,9.8612,-0.1279,-0.0537,-0.592
26590,1111,820,33.624,25.64,-0.0801,-0.0577,9.7781,-0.3705,-0.9362,-0.6821
26595,1101,821,33.62,25.64,-0.037,0.0021,9.7562,0.3128,0.1258,0.5865
26600,1103,818,33.619,25.675,0.0254,0.0644,9.809,-0.2741,0.4736,0.6903
26605,1096,815,33.654,25.657,0.0307,-0.0486,9.7652,0.0283,-0.263,-0.1658
26610,1095,823,33.556,25.612,0.0127,-0.0642,9.7633,0.2235,-0.1536,0.5831
26615,1090,818,33.569,25.805,0.0035,-0.0097,9.8766,0.0951,-0.0003,-0.5837
26620,1096,823,33.707,25.645,0.1127,-0.0355,9.8041,0.0867,-0.6158,-0.1663
26625,1097,827,33.645,25.785,0.0096,-0.051,9.8264,0.6651,0.27,0.3374
26630,1090,824,33.757,25.657,-0.0225,-0.0022,9.7405,-1.1873,0.662,-0.289
26635,1085,833,33.595,25.773,0.0422,-0.1363,9.761,-0.2159,0.6428,0.1211
26640,1083,832,33.647,25.628,0.0583,-0.0376,9.8191,-0.5699,0.1596,-0.1154
26645,1083,826,33.631,25.629,0.0442,-0.0164,9.8701,0.251,-0.3478,0.6222
26650,1083,836,33.645,25.698,-0.0114,0.0502,9.8248,-0.0775,-0.4488,-0.0646
26655,1078,826,33.606,25.692,0.0421,0.0339,9.8568,0.2996,0.5173,0.2315
26660,1076,835,33.61,25.669,-0.0355,-0.02,9.8037,-0.0234,0.1545,-0.1963
26665,1081,832,33.768,25.609,0.0197,0.0225,9.8615,-0.0395,-0.9894,-0.3915
26670,1074,830,33.581,25.754,0.0449,-0.041,9.8208,0.3707,0.0622,-0.1793
26675,1079,831,33.638,25.741,0.039,-0.0327,9.7517,-0.3042,-0.086,0.6517
26680,1059,831,33.676,25.739,-0.0375,0.003,9.7717,-0.772,0.5429,0.0414
26685,1062,832,33.605,25.631,-0.0537,0.0159,9.7893,-0.379,-0.4649,-0.1552
26690,1058,829,33.613,25.621,-0.0294,-0.0485,9.7906,0.068,0.8298,0.4251
26695,1050,827,33.667,25.664,-0.1365,0.0165,9.8106,0.3926,0.2615,-0.1471
26700,1052,835,33.683,25.637,-0.1093,0.0112,9.7743,0.3168,0.6263,0.0554
26705,1041,834,33.628,25.717,-0.0253,0.0012,9.7887,-0.0608,0.3806,-0.0191
26710,1038,830,33.769,25.724,-0.101,0.0225,9.8178,0.648,0.1692,-0.8556
26715,1040,830,33.57,25.721,-0.049,-0.0037,9.8422,-0.7122,0.0544,-1.3728
26720,1040,832,33.564,25.67,-0.0697,0.0285,9.8215,0.2862,0.0567,0.0693
26725,1024,827,33.65,25.65,-0.026,0.0096,9.8344,0.0701,-0.2956,0.4375
26730,1018,825,33.62,25.681,0.046,0.0026,9.7499,-0.1938,0.4902,0.6575
26735,1013,826,33.554,25.663,-0.0031,0.0352,9.7517,0.3694,-0.5005,0.151
26740,1012,833,33.632,25.584,0.0424,0.1104,9.7353,-0.1173,0.0103,0.571
26745,1004,836,33.634,25.621,-0.0276,-0.002,9.7934,0.8031,0.8548,0.1139
26750,998,830,33.608,25.654,-0.055,-0.0459,9.8575,-0.2871,-0.2378,0.5278
26755,986,820,33.671,25.661,-0.0063,-0.1102,9.861,-1.0467,0.1075,-0.1217
26760,984,826,33.631,25.643,0.1281,0.0107,9.8827,0.1129,-0.1613,0.0363
26765,980,827,33.687,25.639,0.0235,-0.0688,9.8004,-0.1523,-0.5796,-0.2208
26770,964,824,33.682,25.693,0.107,0.0163,9.8607,-0.1495,-0.2214,-1.021
26775,954,822,33.67,25.659,-0.0898,0.0608,9.8173,-0.5089,0.1941,0.4481
26780,952,827,33.618,25.568,-0.047,0.0441,9.8799,0.4578,0.4805,-0.3982
26785,947,828,33.675,25.759,-0.0245,-0.0527,9.7313,0.6058,-0.316,-0.5142
26790,936,822,33.614,25.634,-0.0646,-0.0179,9.8404,0.258,0.3343,-0.0189
26795,917,818,33.552,25.715,-0.0294,-0.0062,9.8912,-0.8008,0.2998,0.3163
26800,919,822,33.616,25.753,0.0318,-0.0161,9.7951,0.0486,0.0989,0.7358
26805,910,820,33.654,25.632,-0.022,0.0222,9.7965,0.2035,0.3207,0.8292
26810,898,824,33.633,25.73,0.0147,0.0172,9.8404,0.4271,-0.8484,0.4071
26815,894,822,33.718,25.659,-0.0375,-0.0467,9.8637,0.4582,-0.5367,-0.4755
26820,872,819,33.608,25.643,-0.018,0.0858,9.8911,-0.2329,0.2824,-0.112
26825,877,820,33.664,25.738,0.0406,-0.0123,9.8749,-0.1385,-0.0787,0.6129
26830,871,818,33.647,25.669,-0.0224,-0.1022,9.8062,-0.4328,-0.0312,-0.3941
26835,848,819,33.759,25.705,-0.0183,-0.0308,9.715,-0.913,-0.6295,0.38
26840,852,824,33.574,25.72,0.0264,0.0079,9.8971,0.3255,0.4596,0.767
26845,837,820,33.663,25.682,-0.0496,0.0113,9.7856,0.821,-0.5912,-0.6758
26850,830,817,33.695,25.624,0.0212,-0.0484,9.8106,-0.0989,0.6499,0.0578
26855,824,821,33.626,25.657,0.017,0.0417,9.8189,0.2937,0.6429,1.2526
26860,816,813,33.667,25.708,-0.0049,-0.0081,9.7866,0.8467,0.4722,1.1171
26865,802,813,33.653,25.654,0.0838,-0.0031,9.8041,0.2589,0.0027,-0.3661
26870,803,819,33.578,25.635,-0.1133,0.0287,9.8059,0.5981,-0.1808,0.5184
26875,780,816,33.616,25.666,0.0006,0.0114,9.809,0.6113,-0.658,0.1024
26880,791,814,33.654,25.673,0.0481,-0.0282,9.8862,-0.031,-0.6084,0.9429
26885,774,813,33.57,25.699,0.0724,-0.0304,9.7737,0.5532,0.2481,0.1055
26890,778,811,33.587,25.732,0.0312,0.0157,9.7513,-0.3538,-1.0929,-0.6323
26895,764,812,33.631,25.695,-0.0147,0.0103,9.8769,-0.2283,-0.0464,0.455
26900,762,813,33.691,25.658,0.0782,0.0023,9.7816,0.2803,0.2294,0.4972
26905,759,815,33.646,25.729,0.071,0.029,9.7336,-0.1335,0.6173,-0.7027
26910,757,810,33.652,25.702,-0.06,0.022,9.8206,0.6601,-0.1321,-0.501
26915,751,811,33.604,25.719,0.0203,-0.0566,9.8099,-0.5061,-0.7065,0.7714
26920,746,812,33.667,25.636,0.0003,0.0075,9.8732,-0.031,-0.4633,0.4467
26925,751,808,33.596,25.665,0.0599,-0.0028,9.7832,0.167,0.628,-1.3644
26930,742,811,33.595,25.597,-0.0121,0.011,9.8078,-0.7041,-0.3481,0.3902
26935,743,809,33.642,25.642,-0.0284,-0.1367,9.7979,-0.278,0.0574,0.2501
26940,747,807,33.579,25.674,0.0696,0.0726,9.844,0.5125,-0.3582,-0.042
26945,745,808,33.624,25.577,-0.0595,-0.0394,9.8258,0.3193,-0.8177,-0.3415
26950,752,807,33.6,25.633,0.0313,0.0056,9.7719,0.2741,0.2381,-0.491
26955,747,808,33.662,25.624,-0.0367,-0.0448,9.7797,-0.2533,-0.2952,-0.0471
26960,756,802,33.564,25.675,-0.0392,0.0007,9.757,-0.1204,-0.2217,-0.3017
26965,753,807,33.744,25.685,-0.0369,0.0111,9.8146,0.3912,0.3457,-0.0984
26970,769,804,33.55,25.635,0.0642,0.0326,9.7546,0.4947,0.3012,0.0723
26975,762,806,33.706,25.607,0.0282,-0.0041,9.7688,0.1314,-0.7448,0.0459
26980,773,803,33.477,25.596,-0.0289,0.0398,9.7596,-0.0807,-0.0185,-0.4528
26985,780,799,33.689,25.635,0.0132,0.0284,9.8102,-0.6524,-0.4906,-0.2492
26990,794,803,33.55,25.601,-0.0277,-0.0266,9.8142,-0.0007,-0.2008,0.3137
26995,793,801,33.54,25.72,-0.007,-0.0133,9.8496,0.2181,-0.9425,0.3446
27000,810,797,33.599,25.661,0.0972,0.0081,9.7956,-0.0492,-0.0652,-0.0804
27005,808,799,33.617,25.708,-0.0487,-0.1018,9.8836,-0.3819,0.1077,-0.3838
27010,819,798,33.506,25.681,0.075,0.0439,9.8074,-0.4515,0.8836,-0.1852
27015,834,798,33.538,25.633,-0.0381,-0.0298,9.7135,-0.3945,0.8995,-0.1489
27020,836,795,33.561,25.748,0.0476,-0.011,9.8395,0.5711,-1.226,-0.2361
27025,841,798,33.737,25.676,-0.0203,-0.0117,9.7989,0.4792,0.458,0.4363
27030,851,791,33.679,25.736,0.0304,0.0052,9.8076,0.4883,0.005,0.1212
27035,869,784,33.66,25.701,0.0315,0.024,9.7895,0.4344,0.3783,0.6104
27040,877,793,33.584,25.703,-0.0009,-0.0726,9.8438,0.7347,-0.1438,0.334
27045,888,785,33.684,25.751,0.0306,-0.0502,9.9361,-0.464,0.6033,0.168
27050,894,785,33.544,25.746,0.028,0.1139,9.9352,-1.1188,0.2865,-0.0769
27055,915,786,33.617,25.646,0.0435,0.1078,9.7446,-0.5591,0.5894,-0.0115
27060,936,784,33.689,25.64,0.014,0.0324,9.8066,0.1023,0.7843,-0.6248
27065,933,781,33.674,25.715,0.0726,0.0224,9.8336,0.4812,-0.6019,-0.2832
27070,961,779,33.684,25.746,0.0871,0.0083,9.8319,0.3438,-0.2267,0.2256
27075,952,779,33.629,25.667,-0.0188,0.0043,9.8586,0.0113,-0.0664,-0.6193
27080,968,777,33.625,25.64,0.0573,0.0735,9.7605,-0.5576,-0.8369,0.2104
27085,983,776,33.6,25.668,-0.0151,0.087,9.8231,-0.2473,0.3935,-0.2456
27090,1002,771,33.626,25.672,-0.0224,0.0286,9.8614,-0.3135,0.9856,-0.1712
27095,1013,777,33.656,25.736,-0.007,0.0669,9.7456,0.4545,0.3229,-0.9994
27100,1022,773,33.614,25.691,-0.0278,-0.0833,9.8867,0.2886,0.6573,0.1698
27105,1033,771,33.567,25.654,0.0131,-0.0388,9.7493,0.3833,1.1757,-0.254
27110,1045,768,33.594,25.729,0.0646,-0.0474,9.8233,0.6272,0.3269,-0.357
27115,1051,768,33.652,25.767,-0.0397,-0.0074,9.7991,0.5739,-0.2602,-0.063
27120,1073,766,33.545,25.739,-0.0597,0.032,9.7115,0.1416,-0.5123,0.4839
27125,1075,766,33.681,25.672,-0.0878,0.0679,9.8012,-1.5903,-0.637,0.1201
27130,1087,764,33.622,25.646,-0.0731,0.0511,9.7962,-0.2491,0.1406,0.9935
27135,1092,768,33.574,25.707,0.0005,-0.006,9.9076,-0.7124,-0.0117,-0.353
27140,1103,763,33.593,25.653,0.0405,-0.03,9.7919,0.1178,0.3796,0.082
27145,1112,767,33.644,25.67,0.0145,0.0835,9.7395,0.1868,-0.4893,-0.5921
27150,1122,757,33.633,25.616,-0.0403,-0.0314,9.7872,0.294,0.763,0.0018
27155,1133,763,33.619,25.597,-0.0441,-0.0744,9.776,-0.1895,-0.4511,0.2529
27160,1149,761,33.611,25.724,-0.0854,0.0534,9.8586,-0.1971,-0.3988,-0.2103
27165,1137,759,33.679,25.648,0.0311,-0.0054,9.802,-0.1904,-0.6108,-0.8034
27170,1145,761,33.581,25.683,-0.0738,-0.023,9.8305,-1.3625,0.0693,0.422
27175,1160,760,33.742,25.656,0.0833,-0.0659,9.8551,-0.6532,-0.5165,-0.5251
27180,1159,756,33.582,25.61,0.0524,-0.015,9.7464,1.5671,0.2966,-0.7183
27185,1168,764,33.672,25.684,0.0392,0.0302,9.8273,0.0498,-0.4216,-0.015
27190,1170,756,33.572,25.729,0.0244,-0.0142,9.8105,-0.5191,-0.1084,-0.0012
27195,1182,761,33.596,25.637,-0.0126,-0.0101,9.862,-0.1205,0.5185,-0.5348
27200,1186,753,33.605,25.638,0.0281,-0.0218,9.8838,0.0589,0.0311,-0.7588
27205,1178,762,33.588,25.62,-0.0087,0.0192,9.7939,-0.1436,-0.2537,-0.0568
27210,1183,756,33.587,25.656,-0.0173,-0.0209,9.8179,-0.3738,-0.1573,0.1808
27215,1185,761,33.712,25.643,0.0566,0.0032,9.7026,-0.1297,0.2144,-0.4058
27220,1182,759,33.611,25.602,-0.0316,-0.0106,9.8539,-0.2329,0.3892,0.5905
27225,1183,761,33.604,25.72,0.054,-0.0169,9.8763,-0.1469,0.2628,0.6291
27230,1191,760,33.554,25.628,0.0014,-0.0033,9.8062,0.1656,-0.0323,0.3143
27235,1185,767,33.576,25.703,0.0613,0.0387,9.8405,0.0965,0.8491,-0.0262
27240,1186,763,33.678,25.653,-0.0614,-0.0844,9.7914,0.5202,0.4029,0.4662
27245,1188,766,33.68,25.672,0.0447,0.002,9.8677,0.283,-0.2813,-0.9497
27250,1193,766,33.641,25.688,-0.0244,-0.073,9.7852,-0.0537,-0.603,-0.1121
27255,1178,770,33.648,25.506,0.0155,-0.0116,9.8136,0.884,0.7514,-0.2206
27260,1181,768,33.611,25.701,0.0268,-0.0282,9.7657,1.0747,-0.0991,0.5224
27265,1185,775,33.634,25.651,0.0051,-0.0012,9.9171,0.3064,-0.0456,-0.2694
27270,1187,770,33.55,25.651,-0.0246,0.0376,9.8117,0.3105,-0.6684,0.289
27275,1180,775,33.584,25.625,0.02,-0.0203,9.7771,0.4268,-0.0338,0.4535
27280,1174,775,33.628,25.651,0.0127,-0.0671,9.8448,0.1634,0.2015,-0.6629
27285,1165,775,33.505,25.659,0.0658,0.0345,9.8251,-0.4349,0.6982,-0.141
27290,1181,781,33.627,25.708,0.005,0.0266,9.7878,0.5232,0.2368,0.6088
27295,1181,785,33.723,25.71,-0.0786,0.1039,9.8502,0.3602,-0.5988,0.2169
27300,1164,783,33.597,25.626,-0.0326,-0.0328,9.8228,0.2646,-0.3756,0.3552
27305,1165,780,33.597,25.745,0.0185,-0.0405,9.8114,-0.0181,-0.7902,0.0962
27310,1156,789,33.638,25.666,-0.064,0.0712,9.8189,-0.4776,0.5976,-0.3927
27315,1150,791,33.709,25.688,-0.0454,-0.0437,9.828,0.0433,-0.4629,0.4275
27320,1153,792,33.556,25.606,-0.0246,-0.0226,9.8402,0.1288,0.4077,-1.0656
27325,1150,793,33.634,25.622,-0.078,0.0093,9.7842,0.1207,0.2162,0.0805
27330,1145,793,33.639,25.72,0.0097,0.0304,9.8224,0.8277,0.1423,-0.1797
27335,1136,796,33.627,25.64,0.0675,-0.0704,9.8413,-0.7239,0.8734,-0.0955
27340,1136,791,33.644,25.714,-0.0324,0.1091,9.8894,0.1218,-0.3443,0.3833
27345,1129,801,33.606,25.673,-0.0696,-0.0285,9.8066,0.4031,-0.4046,0.3579
27350,1126,796,33.601,25.692,-0.0357,-0.0058,9.8039,0.9247,0.2247,-0.3299
27355,1124,805,33.593,25.696,-0.0326,-0.0434,9.8609,-0.5086,0.2704,0.3841
27360,1118,804,33.649,25.677,-0.0378,0.0067,9.889,-0.1255,-0.5492,-0.0039
27365,1128,805,33.552,25.715,-0.0471,-0.0229,9.8202,0.5127,0.1567,-0.1453
27370,1112,809,33.62,25.603,0.0143,-0.0185,9.8594,-0.2644,0.5157,0.6492
27375,1119,812,33.603,25.623,-0.0158,-0.0321,9.8615,0.0685,-1.3701,-0.5216
27380,1107,817,33.653,25.664,0.0308,0.1205,9.6813,0.5008,0.6234,-1.0264
27385,1116,817,33.607,25.701,-0.0024,-0.019,9.791,-1.2511,0.2502,0.0051
27390,1107,816,33.598,25.604,-0.0252,0.0005,9.7311,-0.1044,0.2502,-0.5074
27395,1105,818,33.666,25.75,-0.0088,0.0915,9.8493,-0.8249,1.1318,-0.4918
27400,1100,819,33.701,25.678,0.0528,0.0821,9.7015,0.2761,-0.0323,-0.2849
27405,1096,816,33.568,25.637,-0.0592,0.023,9.8179,0.14,-0.2906,0.3091
27410,1102,822,33.679,25.659,0.0127,-0.0018,9.8165,0.2131,1.0611,0.1682
27415,1094,816,33.643,25.655,-0.0161,-0.0109,9.6808,0.3938,0.4975,-0.1275
27420,1096,825,33.649,25.726,-0.0222,0.0507,9.832,0.8101,1.1969,0.4838
27425,1092,819,33.621,25.712,0.0184,0.0332,9.7614,-0.3862,0.2782,0.1626
27430,1091,826,33.614,25.653,0.0211,-0.0093,9.7677,-0.6103,-1.0241,-0.1906
27435,1087,830,33.667,25.724,-0.038,0.0213,9.8083,-0.1907,0.0045,0.8345
27440,1083,829,33.641,25.691,0.0557,-0.0791,9.8743,-0.325,0.553,-0.0651
27445,1079,825,33.577,25.699,0.0216,-0.08,9.8191,0.7121,-0.7904,0.3081
27450,1080,831,33.632,25.545,0.0213,-0.052,9.8849,-1.0755,0.2522,0.1993
27455,1065,822,33.626,25.682,-0.0025,0.1144,9.7288,0.7327,-0.3643,-0.3789
27460,1073,825,33.583,25.662,0.058,-0.0262,9.8508,-0.4344,-0.1134,-0.972
27465,1077,828,33.618,25.617,-0.0373,0.0248,9.7813,0.0045,0.5698,0.1713
27470,1069,831,33.602,25.695,0.0239,-0.0381,9.862,0.6996,0.3092,-0.382
27475,1057,830,33.65,25.647,0.0429,-0.0192,9.8388,-0.6228,0.3589,0.6857
27480,1069,830,33.602,25.756,0.021,-0.0665,9.7041,-0.0809,0.0012,0.2591
27485,1059,828,33.602,25.65,0.0569,0.0372,9.7924,0.0582,0.3949,-0.3604
27490,1057,831,33.663,25.597,0.0796,-0.0382,9.8685,0.862,0.5101,0.2635
27495,1055,831,33.46,25.683,0.0122,0.0237,9.8649,1.4086,-0.0731,-0.6498
27500,1052,829,33.626,25.65,-0.0175,0.0763,9.8561,-0.5865,0.7946,-0.1266
27505,1052,828,33.61,25.69,0.0417,-0.0173,9.8403,0.0423,0.085,-0.166
27510,1029,830,33.638,25.683,-0.0468,-0.088,9.8788,-0.4452,-0.0565,0.9331
27515,1033,832,33.57,25.625,0.0118,-0.0042,9.7997,0.1916,0.25,-0.0391
27520,1031,833,33.702,25.666,-0.0024,-0.0465,9.8822,1.524,-0.6773,-1.2099
27525,1024,828,33.614,25.594,-0.0339,-0.0234,9.8491,0.2825,-0.1039,0.2712
27530,1029,831,33.514,25.705,-0.0005,0.0711,9.7652,-0.519,0.1339,-0.6474
27535,1005,826,33.611,25.636,-0.0399,-0.0018,9.8083,0.6563,0.1439,0.1452
27540,1003,825,33.604,25.612,0.0439,0.0082,9.7699,-0.0989,0.3557,0.0146
27545,997,827,33.534,25.65,0.0305,-0.0087,9.8294,1.1049,0.7234,0.2383
27550,993,831,33.704,25.649,0.0539,-0.0012,9.8133,0.6523,0.2482,-0.3612
27555,983,832,33.648,25.648,0.0445,-0.0036,9.8137,0.4428,-0.1662,0.1276
27560,973,828,33.646,25.627,-0.0277,0.0894,9.815,0.2232,1.102,0.2399
27565,980,824,33.632,25.697,-0.0712,-0.0766,9.8258,-0.5254,0.0693,-1.0556
27570,966,820,33.589,25.693,0.0058,-0.1095,9.8824,0.7835,0.5841,-0.128
27575,951,824,33.611,25.633,0.015,-0.0398,9.7836,-0.0441,-0.0775,0.123
27580,945,821,33.599,25.649,0.0304,-0.0692,9.7466,0.268,-0.7653,-0.284
27585,935,823,33.532,25.72,0.0386,-0.0009,9.8183,0.0451,0.2944,-0.3654
27590,927,821,33.65,25.691,-0.0744,-0.0364,9.8424,1.2214,-0.8563,0.4359
27595,920,819,33.615,25.661,-0.0599,-0.0059,9.7469,0.2444,0.4878,0.4901
27600,905,823,33.562,25.691,-0.0323,0.0461,9.7536,-0.0399,0.0095,0.1388
27605,906,817,33.577,25.666,0.0427,0.0449,9.8327,0.0785,0.0931,-0.2691
27610,889,816,33.572,25.702,-0.1164,-0.0475,9.8047,-0.5201,-0.3913,0.2412
27615,877,812,33.614,25.639,0.0097,0.1104,9.8403,0.3152,0.1929,0.1665
27620,879,819,33.665,25.597,0.0007,0.0266,9.8644,-0.4618,-0.7138,-0.3787
27625,871,818,33.575,25.654,-0.0441,0.0027,9.7951,-0.2159,-0.5288,-0.8636
27630,851,813,33.623,25.611,0.0443,0.0775,9.8079,-0.1027,0.9448,0.3564
27635,842,817,33.656,25.671,-0.0499,-0.0534,9.7428,-0.2848,0.2699,0.5726
27640,843,819,33.625,25.688,-0.0212,0.0072,9.8012,0.1438,-0.4938,-0.8641
27645,838,818,33.724,25.73,0.0385,0.1214,9.8182,0.1245,0.8006,0.4312
27650,826,815,33.664,25.674,0.1084,0.0908,9.884,-0.8479,0.8769,-0.0873
27655,815,816,33.564,25.713,-0.0057,-0.0799,9.7637,0.2076,-0.0043,-0.1589
27660,799,819,33.606,25.631,-0.0088,-0.0216,9.795,-0.1239,0.1178,-0.0352
27665,800,815,33.711,25.667,0.1211,-0.0537,9.8301,0.3581,-0.0269,0.0274
27670,800,817,33.553,25.687,-0.0265,0.0178,9.8069,-0.1054,0.9113,-0.6074
27675,793,817,33.649,25.643,0.0221,0.1033,9.8756,-0.0003,-0.4384,-0.2225
27680,781,818,33.731,25.657,0.0153,-0.0336,9.8409,0.5833,0.3062,0.7438
27685,768,805,33.624,25.638,-0.0122,0.0935,9.707,0.0468,0.6343,-0.1699
27690,772,812,33.672,25.617,0.007,-0.0042,9.7105,0.1953,1.0674,0.5366
27695,770,817,33.621,25.685,-0.1043,-0.0083,9.8933,0.0349,-0.0038,-0.1685
27700,761,808,33.69,25.772,0.0224,-0.0093,9.7606,-0.3673,0.1577,0.8466
27705,762,810,33.655,25.735,-0.0549,0.0629,9.8603,0.3586,0.1896,-0.436
27710,766,808,33.567,25.72,0.0684,-0.0368,9.7947,0.0337,-0.005,0.3305
27715,747,811,33.671,25.712,-0.0651,0.0425,9.7903,-0.6106,0.4373,0.0464
27720,750,813,33.73,25.725,-0.0021,0.0253,9.7748,0.4246,-0.2343,-0.5301
27725,751,810,33.592,25.687,-0.0682,0.0616,9.7993,0.1785,0.1121,0.176
27730,749,809,33.669,25.633,-0.0137,-0.0216,9.826,-0.3146,-0.7082,-0.6585
27735,743,807,33.577,25.612,-0.0484,-0.084,9.7032,-0.0552,0.2213,-0.4527
27740,745,818,33.487,25.672,0.0024,-0.1172,9.8099,0.2911,0.1791,-0.323
27745,753,811,33.556,25.694,0.0206,0.0187,9.8032,-0.5663,-0.1905,-0.1579
27750,755,808,33.566,25.707,-0.0432,0.0403,9.79,0.8115,0.1199,-0.1544
27755,746,802,33.572,25.692,0.053,0.0484,9.8795,0.1619,-0.2929,-0.1373
27760,753,812,33.624,25.628,-0.0241,-0.0292,9.7862,0.7802,-0.0284,0.4716
27765,759,809,33.639,25.64,0.0639,0.0034,9.8471,-0.0333,0.2637,0.4148
27770,767,802,33.697,25.647,-0.0503,-0.0035,9.8845,-0.4497,-0.1722,0.2359
27775,758,805,33.6,25.724,-0.0208,0.0296,9.8268,-0.1611,0.4047,-0.3021
27780,776,806,33.64,25.704,0.056,0.024,9.788,0.2187,-0.3163,0.1512
27785,777,804,33.688,25.712,-0.0226,0.0634,9.8118,0.1817,-0.9626,-1.0993
27790,787,800,33.668,25.711,0.1034,-0.0926,9.9072,-0.2087,0.1136,-0.4477
27795,804,804,33.524,25.605,0.0823,0.0032,9.7763,0.4106,0.2094,-0.0609
27800,799,800,33.643,25.648,0.0203,0.0719,9.7601,0.7263,0.3727,-0.9014
27805,816,798,33.705,25.638,0.0002,-0.0473,9.7761,0.0977,-0.7777,0.3698
27810,815,792,33.668,25.665,-0.0982,-0.0859,9.6948,-0.241,-0.4523,0.1786
27815,831,802,33.593,25.686,-0.0251,0.0536,9.8152,0.0302,0.7967,0.1058
27820,834,795,33.65,25.65,0.0451,-0.077,9.7677,-0.0448,0.2138,-0.0493
27825,857,792,33.8,25.667,-0.0002,-0.0159,9.8248,0.5735,0.1641,0.2562
27830,858,789,33.599,25.699,-0.0781,0.1499,9.8029,-0.5007,0.1321,-0.0811
27835,874,787,33.624,25.726,0.0004,0.0296,9.8105,-0.6239,-0.5648,-0.641
27840,888,793,33.628,25.698,0.0299,0.0533,9.7206,0.0309,0.2107,0.2502
27845,902,784,33.568,25.654,-0.0335,-0.0051,9.8901,0.2574,0.1001,-0.7574
27850,916,785,33.543,25.615,-0.0421,0.0031,9.8413,1.0479,0.1003,-0.0835
27855,914,784,33.556,25.602,0.0241,0.0414,9.8099,-0.6307,0.4241,0.2723
27860,932,781,33.571,25.828,0.0311,0.0127,9.7511,0.097,-0.1113,-0.1033
27865,948,778,33.641,25.686,-0.0204,-0.0187,9.8356,-0.0574,-0.3521,-0.3676
27870,963,777,33.621,25.67,-0.0173,0.0406,9.7771,-0.1364,0.1609,0.2396
27875,974,778,33.635,25.737,0.0347,0.0175,9.7628,0.037,-0.3467,0.3499
27880,985,779,33.601,25.603,-0.0042,-0.037,9.7001,-0.325,0.443,-0.0738
27885,992,775,33.592,25.629,-0.0356,0.0117,9.8054,-0.281,-0.1427,-0.0285
27890,1011,774,33.628,25.591,0.0768,0.0207,9.7605,0.0342,0.5092,-0.0973
27895,1029,770,33.677,25.544,-0.0107,0.0388,9.8273,0.6876,-0.1014,-0.5242
27900,1030,771,33.624,25.623,-0.0652,0.0456,9.8312,-0.4687,-0.5242,-0.2676
27905,1035,766,33.6,25.598,0.0599,0.0069,9.7728,-0.727,-0.7684,-0.0102
27910,1052,769,33.642,25.643,0.0274,-0.0239,9.7479,-0.7803,-1.0154,-0.0081
27915,1066,770,33.633,25.609,-0.0198,0.0127,9.8407,-0.7616,-0.6137,-0.1178
27920,1081,773,33.644,25.613,0.0273,-0.0163,9.7827,0.8114,0.4084,-0.4723
27925,1089,769,33.627,25.607,-0.0301,0.0063,9.8123,-0.8443,-0.4533,-0.1218
27930,1085,764,33.683,25.688,0.0422,-0.0237,9.804,-0.3589,0.2699,0.5362
27935,1096,763,33.619,25.711,0.0508,-0.021,9.8429,0.0283,-0.3479,-0.2923
27940,1115,761,33.756,25.642,-0.0226,0.004,9.831,-0.2394,-0.5548,1.0461
27945,1125,764,33.696,25.669,-0.0059,-0.0206,9.8028,-0.5091,0.5829,-0.3052
27950,1127,754,33.56,25.708,-0.0011,0.0167,9.7848,0.1966,0.6443,-0.2601
27955,1143,759,33.696,25.675,-0.0546,-0.0292,9.8534,-0.4447,0.3903,-0.2245
27960,1139,762,33.627,25.73,-0.0888,-0.0393,9.9154,-0.6026,-0.0706,-0.6044
27965,1147,755,33.617,25.587,0.0602,-0.0155,9.762,0.2602,0.3418,0.3674
27970,1160,756,33.688,25.635,-0.0093,-0.1075,9.8548,-0.2234,0.3312,-0.741
27975,1159,757,33.702,25.626,-0.0539,0.0499,9.7816,-0.2331,0.1422,-0.0401
27980,1170,756,33.566,25.638,0.0465,-0.0216,9.8215,-0.2195,-0.6502,0.4046
27985,1175,759,33.681,25.71,-0.0226,0.043,9.8086,-0.3058,0.7083,-0.9057
27990,1175,759,33.62,25.572,0.0127,0.0073,9.8407,-0.1745,0.4301,0.472
27995,1185,756,33.548,25.621,-0.0844,-0.0516,9.8358,-0.5768,0.0288,-0.2236
28000,1182,764,33.588,25.73,0.0633,-0.0103,9.7989,0.0669,0.8534,-0.9551
28005,1185,759,33.698,25.623,-0.0277,-0.0057,9.8319,-0.9441,-0.148,0.6153
28010,1196,762,33.596,25.645,0.0594,0.0201,9.8998,0.2204,0.255,-0.1929
28015,1179,761,33.501,25.603,0.0306,0.0527,9.7617,-0.1475,1.0215,-0.1965
28020,1180,759,33.5,25.634,-0.0437,0.0335,9.6919,-1.3482,-0.698,-0.0717
28025,1195,758,33.673,25.615,-0.0156,0.0122,9.7422,0.2144,-0.5814,-0.3373
28030,1189,763,33.626,25.605,-0.0245,-0.0891,9.8111,-0.5558,-0.5785,0.4213
28035,1192,763,33.61,25.615,-0.0572,0.0698,9.725,-0.5754,-0.0683,0.8042
28040,1191,765,33.681,25.671,0.0708,0.0375,9.8152,0.3691,0.1136,0.0814
28045,1188,770,33.645,25.768,-0.0284,-0.083,9.8178,-0.2896,0.0637,-0.5486
28050,1190,772,33.603,25.706,0.075,0.0789,9.7819,-0.0504,-0.0586,-0.3199
28055,1178,770,33.598,25.558,-0.0227,0.0678,9.7911,-0.3969,-0.2995,-0.8058
28060,1187,769,33.665,25.546,-0.0152,-0.0396,9.8192,0.676,-0.2805,0.0213
28065,1175,769,33.716,25.717,0.0579,0.0166,9.7325,0.5161,-0.0464,-0.3874
28070,1175,778,33.607,25.654,-0.0087,-0.0126,9.9282,-0.227,-0.8121,-0.2515
28075,1169,776,33.663,25.749,-0.0048,0.0884,9.8322,-0.541,0.4941,0.728
28080,1173,779,33.557,25.707,0.0347,0.018,9.835,-0.3497,-0.3334,0.5382
28085,1172,777,33.585,25.637,0.0588,-0.082,9.9119,0.2413,-0.1612,-0.4164
28090,1165,783,33.576,25.686,0.0216,0.0844,9.8448,0.0407,0.3155,0.0896
28095,1161,786,33.633,25.724,-0.0045,-0.0362,9.8834,0.2255,0.8841,0.3023
28100,1158,785,33.639,25.627,0.0109,0.0173,9.7886,0.0765,-0.3474,0.2638
28105,1155,787,33.631,25.666,0.0292,0.0759,9.9279,-0.1172,-0.331,0.3776
28110,1151,792,33.644,25.647,0.0195,0.0218,9.8822,0.1878,0.0114,-0.1355
28115,1158,793,33.674,25.625,0.0792,0.0382,9.8248,0.5433,-0.4833,-0.0365
28120,1139,797,33.65,25.702,-0.0292,-0.0087,9.9161,-0.1515,0.4622,-0.3892
28125,1142,797,33.673,25.674,-0.0805,0.0355,9.7172,-0.2422,0.0716,0.1716
28130,1130,792,33.623,25.693,-0.0745,-0.0596,9.792,0.452,0.2119,-0.35
28135,1144,793,33.603,25.726,0.0999,-0.0831,9.8024,0.5578,0.3911,0.692
28140,1122,803,33.575,25.683,-0.0484,0.029,9.7212,0.0649,0.9156,0.9529
28145,1134,809,33.658,25.704,0.1427,-0.0202,9.8006,-0.5025,0.6965,0.7247
28150,1134,810,33.609,25.648,0.0082,-0.0047,9.7469,-0.9432,0.4299,-1.0983
28155,1120,811,33.596,25.526,0.0354,0.0175,9.8559,0.4648,-0.504,-0.5183
28160,1128,812,33.659,25.631,-0.034,-0.1117,9.799,0.0979,0.575,0.311
28165,1117,812,33.504,25.697,-0.0712,-0.0634,9.8472,-0.2161,0.0945,-0.2345
28170,1120,812,33.605,25.561,-0.0596,-0.0819,9.7021,-0.7893,-0.334,-0.5521
28175,1114,811,33.648,25.71,0.0259,0.0298,9.7463,-0.711,-0.4114,-0.1813
28180,1115,817,33.642,25.646,-0.022,-0.0665,9.8339,-0.3245,0.2726,-0.3708
28185,1110,817,33.62,25.671,-0.0011,-0.0905,9.7658,-0.5441,-0.258,0.0816
28190,1112,821,33.617,25.647,0.0629,-0.0288,9.8591,0.5237,0.3303,0.3625
28195,1101,825,33.634,25.637,0.0349,0.0091,9.8056,0.4706,-0.2353,-0.4091
28200,1107,823,33.64,25.691,0.058,-0.0345,9.8651,0.0362,0.7908,-0.4784
28205,1093,825,33.635,25.721,-0.0103,-0.0799,9.8287,0.5096,0.6948,-0.2126
28210,1103,823,33.568,25.7,-0.0239,-0.0421,9.8074,0.3246,-0.6031,-0.1743
28215,1089,825,33.605,25.722,-0.0754,0.0809,9.8302,0.0132,-0.0582,0.0508
28220,1088,828,33.484,25.684,-0.0082,0.0727,9.6969,0.4851,0.9558,0.7153
28225,1094,830,33.692,25.69,0.0004,-0.0391,9.8553,0.0265,0.7985,-0.8473
28230,1084,826,33.643,25.615,0.0245,0.0247,9.7571,-0.1902,-0.1022,0.0416
28235,1091,824,33.627,25.63,-0.0183,-0.009,9.6834,0.2128,0.0624,-0.0775
28240,1087,830,33.606,25.719,-0.0436,-0.0736,9.8477,0.0929,0.5909,-0.0024
28245,1086,828,33.644,25.629,0.0554,0.0033,9.6815,0.2706,0.0373,0.2746
28250,1078,826,33.586,25.716,-0.0444,-0.0175,9.8254,-0.0652,0.1263,-0.2546
28255,1078,829,33.616,25.679,-0.0146,-0.0585,9.839,-0.518,-0.247,0.0842
28260,1072,828,33.564,25.626,0.0507,-0.0853,9.7448,0.5933,0.2586,-0.1598
28265,1067,826,33.614,25.654,-0.0088,-0.121,9.7857,-0.4405,1.1689,0.3063
28270,1074,829,33.606,25.683,0.0403,0.0873,9.9244,-0.4125,0.752,-0.5716
28275,1071,829,33.647,25.756,-0.0136,0.0163,9.841,-0.4829,-0.8725,0.5024
28280,1056,832,33.659,25.74,0.0895,-0.0776,9.8417,-0.1147,-0.3126,-0.0484
28285,1062,830,33.639,25.664,0.0005,-0.0489,9.842,-0.3818,-0.0044,-0.1944
28290,1050,829,33.684,25.647,0.0048,0.0623,9.7829,-0.9952,-0.5513,0.7446
28295,1048,827,33.632,25.703,-0.0011,0.0712,9.8291,-0.2157,-0.7221,-0.3083
28300,1046,830,33.671,25.702,-0.0211,-0.0119,9.772,-0.3869,-0.2154,0.2141
28305,1036,831,33.668,25.669,-0.0187,-0.0825,9.7844,0.2043,-0.4264,-0.1036
28310,1041,823,33.637,25.609,0.0397,-0.0615,9.814,0.3827,-0.6051,0.0216
28315,1033,828,33.636,25.592,0.0147,0.0854,9.9086,0.1767,0.8178,0.2147
28320,1033,829,33.642,25.588,-0.0127,0.0445,9.758,-0.1583,-0.6588,0.5932
28325,1017,832,33.63,25.543,0.0064,-0.0259,9.8645,-0.4606,0.5115,0.1485
28330,1017,831,33.606,25.65,-0.0716,0.0651,9.7239,-0.0175,-0.5899,-0.4138
28335,1010,829,33.656,25.624,-0.0015,0.0783,9.7783,-0.3268,0.3598,0.9731
28340,1008,829,33.639,25.637,0.0399,0.0561,9.8173,-0.3197,-0.0532,-0.3744
28345,1003,825,33.63,25.723,0.041,-0.0921,9.8606,0.7402,0.7907,0.2977
28350,986,826,33.629,25.58,-0.0412,0.0149,9.8275,0.0294,-0.6524,0.1188
28355,980,826,33.627,25.665,-0.0527,-0.0179,9.8132,0.3673,0.6444,0.3087
28360,971,827,33.647,25.648,-0.036,-0.0255,9.8363,-0.5165,0.1565,0.8509
28365,962,818,33.679,25.738,0.0084,0.1003,9.8444,0.6661,1.0272,-0.8033
28370,963,824,33.506,25.684,0.0291,0.0426,9.8647,0.3737,-0.1402,0.3445
28375,951,828,33.557,25.639,-0.0713,-0.0537,9.7657,-0.4935,-0.0795,0.0844
28380,949,822,33.602,25.636,0.0479,-0.0863,9.7707,0.487,1.138,-0.3408
28385,929,824,33.578,25.728,-0.0891,0.0474,9.8054,-0.4768,-0.3835,-0.29
28390,918,821,33.672,25.654,-0.009,0.0558,9.7815,0.2309,-0.3737,-0.6676
28395,910,818,33.633,25.721,-0.075,-0.0,9.8453,0.4656,0.5702,-0.4253
28400,904,820,33.651,25.68,0.0103,-0.0661,9.7616,0.6923,0.0905,0.9354
28405,894,816,33.67,25.633,0.0005,0.0283,9.857,0.2401,-0.1958,-0.534
28410,893,814,33.635,25.714,-0.0904,-0.0186,9.7738,0.0508,0.0764,0.1614
28415,882,821,33.635,25.518,-0.0469,-0.0895,9.8262,-0.655,-0.3476,-0.0741
28420,864,820,33.651,25.694,0.0334,-0.0463,9.8086,0.0672,0.2366,0.1464
28425,864,818,33.699,25.607,-0.0324,-0.0152,9.9126,0.0156,-1.0036,0.8166
28430,848,818,33.632,25.618,0.0216,0.05,9.7491,-0.3994,0.0999,-0.3129
28435,839,817,33.581,25.663,0.013,-0.0421,9.828,-0.5283,-0.6016,-1.0172
28440,831,822,33.622,25.665,-0.005,-0.0297,9.742,-0.0445,0.1726,-0.3009
28445,832,811,33.598,25.646,-0.0208,0.0408,9.8154,0.0732,-0.4186,-0.0674
28450,824,814,33.654,25.614,-0.0011,-0.1121,9.8017,-0.7002,-0.5882,0.3107
28455,819,814,33.621,25.565,0.0771,0.0343,9.8412,-0.3886,-0.0358,-0.3895
28460,805,817,33.53,25.598,-0.0266,0.0208,9.8476,-0.0438,0.46,0.6905
28465,807,813,33.539,25.624,0.0304,0.0721,9.8464,-0.3695,-0.1871,-0.0834
28470,796,811,33.637,25.637,-0.1232,0.0187,9.7595,-0.4036,0.338,-0.4558
28475,786,811,33.62,25.681,-0.0672,0.0078,9.7987,-0.8729,-1.2477,0.0209
28480,777,808,33.649,25.602,-0.0389,0.0114,9.8344,0.5729,0.06,0.1667
28485,777,813,33.682,25.578,0.0961,0.0082,9.8895,0.5407,0.3285,-0.6459
28490,771,812,33.632,25.735,0.0607,0.003,9.7975,0.6079,0.1123,0.536
28495,761,813,33.591,25.669,0.0092,-0.014,9.8321,-0.2915,0.3311,0.0131
28500,760,810,33.62,25.609,-0.0282,0.0799,9.7949,-1.3204,-0.2727,-0.1732
28505,768,815,33.664,25.677,0.0068,0.019,9.8778,0.3198,-0.4267,-0.7524
28510,746,819,33.625,25.629,-0.043,0.0481,9.8576,-0.4783,-0.0843,-0.407
28515,748,811,33.702,25.72,-0.0777,-0.0106,9.7484,-0.7409,0.0293,0.2274
28520,746,809,33.716,25.687,0.0445,-0.0153,9.8098,-0.3939,0.287,-0.0853
28525,752,813,33.641,25.724,-0.0067,0.0909,9.7671,0.0703,-0.014,-0.2566
28530,737,808,33.665,25.604,0.0496,0.02,9.8971,-0.4559,0.3168,-1.246
28535,750,811,33.703,25.704,-0.0062,-0.0354,9.7514,-0.1683,0.3216,-0.2836
28540,744,815,33.679,25.614,0.0371,-0.0103,9.8668,-0.5423,0.3461,-0.927
28545,749,810,33.627,25.603,0.0311,0.1067,9.7621,-0.2837,-0.0449,-0.1231
28550,754,807,33.664,25.664,0.052,-0.0201,9.7725,0.1447,0.4915,-0.08
28555,756,810,33.515,25.699,-0.033,-0.0337,9.7485,0.5948,0.2316,0.1284
28560,761,805,33.57,25.599,-0.0799,0.0244,9.8571,-0.0699,0.1171,-0.335
28565,764,807,33.636,25.646,-0.0233,0.0475,9.7065,-0.5028,0.186,-0.5321
28570,773,801,33.624,25.635,0.017,-0.0786,9.851,0.2959,-0.0722,0.0712
28575,768,801,33.616,25.687,0.0139,0.0285,9.7966,-1.0894,0.0966,0.5007
28580,779,800,33.597,25.625,-0.0941,0.0245,9.8495,-0.4769,-0.1361,-0.8976
28585,789,802,33.588,25.627,-0.09,-0.0216,9.7962,-0.5006,-0.2578,0.0754
28590,794,805,33.504,25.676,0.0619,0.0371,9.7083,0.4022,0.7116,0.5946
28595,808,799,33.596,25.761,-0.0288,0.0187,9.7949,0.3459,-0.0836,0.5565
28600,808,800,33.553,25.639,0.0351,0.0178,9.7694,-0.1858,0.0975,-0.1658
28605,821,798,33.692,25.638,0.0901,0.0645,9.7898,0.5165,0.1395,-0.8044
28610,827,800,33.581,25.593,0.0186,0.0854,9.7854,-0.323,0.7371,0.4008
28615,844,794,33.478,25.662,0.0011,-0.1005,9.7933,0.5103,-0.6232,-0.005
28620,852,792,33.559,25.751,0.0512,-0.0013,9.8888,0.012,0.4513,0.5155
28625,859,788,33.582,25.651,-0.0289,0.0116,9.7883,0.4628,-0.0146,-0.2739
28630,863,787,33.673,25.623,-0.003,0.0282,9.9209,-0.1238,-0.1215,0.9023
28635,886,793,33.593,25.643,0.0041,0.0081,9.786,-0.0274,-0.2614,0.2187
28640,890,790,33.622,25.652,0.0499,0.0142,9.8235,0.2682,-0.3465,0.1819
28645,907,785,33.613,25.597,0.0167,0.0856,9.7492,-0.1505,-0.8503,0.4018
28650,912,785,33.605,25.797,0.085,0.0157,9.7534,0.1556,0.2017,-0.3015
28655,935,787,33.682,25.636,0.0602,-0.0324,9.8685,0.2907,-0.5943,-1.078
28660,933,780,33.61,25.675,0.0868,0.0109,9.9523,0.9711,0.4156,-0.382
28665,952,777,33.644,25.652,0.0369,-0.005,9.8762,-0.3817,-0.3087,0.0492
28670,963,779,33.645,25.622,-0.0254,0.0288,9.7368,0.3696,0.3761,0.673
28675,966,780,33.618,25.661,0.0007,-0.0167,9.8352,0.6453,0.0605,0.0616
28680,997,774,33.583,25.578,-0.0057,0.1437,9.8806,0.3657,0.5402,0.5825
28685,996,777,33.547,25.609,-0.0511,-0.0198,9.8285,1.1002,0.0571,0.3136
28690,1018,774,33.68,25.599,0.0017,0.0138,9.7894,-0.3163,-0.4343,0.3906
28695,1029,774,33.599,25.629,-0.0023,0.0103,9.7676,-0.4742,-0.9413,-0.1913
28700,1041,772,33.612,25.654,-0.02,0.011,9.8614,0.4456,-0.7031,-0.191
28705,1044,770,33.563,25.67,0.082,0.0518,9.8266,0.7385,-0.1243,-0.1383
28710,1052,765,33.507,25.605,0.0035,0.0162,9.8065,-0.2726,0.5654,0.0208
28715,1065,760,33.503,25.701,0.0136,-0.088,9.7882,-0.9934,-0.0514,0.0491
28720,1074,764,33.56,25.675,0.0759,-0.0759,9.8211,-0.8626,0.5241,-0.3043
28725,1092,765,33.576,25.62,-0.0625,-0.0004,9.8307,-0.2946,-0.1976,-0.2334
28730,1100,762,33.566,25.736,0.0152,0.0049,9.8406,-1.0969,-0.5617,-0.0772
28735,1110,766,33.556,25.586,-0.0465,0.0038,9.9126,0.0031,-0.2539,0.4259
28740,1118,762,33.512,25.668,-0.0473,-0.031,9.9248,-0.1467,0.2433,-0.3712
28745,1124,761,33.597,25.708,-0.0062,-0.0982,9.8511,0.5304,0.0753,-0.0802
28750,1138,757,33.567,25.67,0.0551,0.0198,9.7835,0.0205,-0.3644,0.4212
28755,1141,761,33.583,25.629,-0.0322,0.0056,9.7482,-0.1209,-0.1367,0.9946
28760,1142,757,33.603,25.594,-0.0757,0.0399,9.8478,-0.6193,-0.3965,0.3999
28765,1150,759,33.648,25.605,-0.0231,0.0148,9.8387,-0.2668,0.4436,0.3789
28770,1162,755,33.559,25.636,-0.0203,0.007,9.7788,-0.5673,0.2495,-0.5559
28775,1157,759,33.696,25.621,-0.0105,0.0018,9.8734,0.06,0.8071,-0.2408
28780,1167,762,33.602,25.631,0.0212,-0.0621,9.8276,-0.4859,-0.1974,0.2996
28785,1167,758,33.646,25.67,0.0618,-0.0279,9.7709,0.8933,0.0853,0.0135
28790,1180,755,33.581,25.598,0.0644,-0.1054,9.8158,-0.6237,-0.1844,-0.5615
28795,1176,758,33.581,25.672,-0.0252,0.0355,9.7874,-0.0855,0.2744,-0.0474
28800,1178,758,33.571,25.709,0.015,-0.0225,9.743,-0.5411,-0.2339,0.3907
28805,1183,758,33.558,25.628,-0.0228,-0.0527,9.7583,0.9365,0.3063,0.0085
28810,1183,763,33.525,25.711,0.0149,-0.0007,9.8073,0.0244,0.8386,0.5275
28815,1188,759,33.62,25.77,-0.0378,-0.0165,9.7728,0.0614,0.304,0.0113
28820,1195,766,33.503,25.64,0.0281,-0.0168,9.7525,0.001,0.4439,0.4509
28825,1192,761,33.71,25.714,-0.0118,-0.0782,9.6524,-0.101,-0.3742,0.1399
28830,1190,760,33.559,25.628,0.0143,-0.022,9.9486,0.0439,-0.1842,0.0971
28835,1186,766,33.551,25.662,0.0061,0.0405,9.8469,0.6058,0.4446,-0.8394
28840,1189,769,33.608,25.682,-0.0152,-0.0028,9.8319,0.7091,-0.5842,0.1998
28845,1183,768,33.61,25.672,-0.0986,-0.0239,9.7656,0.4043,-0.5616,0.5879
28850,1187,769,33.505,25.696,0.0671,0.1093,9.8115,-0.7901,1.0102,-0.716
28855,1184,774,33.597,25.632,0.0365,-0.0025,9.8163,-0.9076,0.3846,0.1333
28860,1188,774,33.628,25.659,-0.0602,-0.0412,9.7492,0.294,0.049,-0.4924
28865,1178,775,33.546,25.638,0.0878,0.0032,9.8369,-0.0662,-0.7195,-0.96
28870,1175,770,33.626,25.662,-0.0225,0.0638,9.9051,-0.0994,0.1457,-0.0997
28875,1172,781,33.694,25.64,0.0459,-0.0608,9.8607,0.0663,0.4486,-0.2077
28880,1168,777,33.585,25.571,-0.0591,-0.0203,9.8861,0.3045,-0.5128,0.5247
28885,1165,778,33.622,25.721,-0.0304,0.0135,9.8409,-0.0954,0.4186,0.2624
28890,1165,785,33.593,25.629,-0.0741,-0.0006,9.8381,-0.686,-0.7408,0.2686
28895,1160,787,33.573,25.685,0.0634,-0.04,9.8207,0.5176,-0.0425,-0.7562
28900,1161,784,33.611,25.692,-0.0477,0.01,9.7438,0.3716,-0.2131,0.2637
28905,1156,789,33.627,25.618,-0.0503,-0.0503,9.8734,-0.6492,0.8363,-0.5567
28910,1147,787,33.589,25.597,0.0562,0.0436,9.8331,-0.9973,0.5901,0.6228
28915,1144,787,33.721,25.644,-0.0579,-0.0004,9.8204,0.0077,0.5494,0.5275
28920,1141,795,33.613,25.67,0.0035,-0.0748,9.68,0.1202,0.0409,-0.6821
28925,1137,796,33.589,25.664,0.0404,-0.0341,9.8499,-1.1283,-0.8894,-0.406
28930,1142,796,33.516,25.724,-0.0121,0.0286,9.7619,0.0849,-0.5234,0.2353
28935,1141,794,33.569,25.746,-0.0478,-0.1159,9.8374,0.4285,-0.6743,0.1455
28940,1130,798,33.602,25.647,0.0668,-0.0365,9.7726,0.2132,-0.3767,0.4926
28945,1125,801,33.631,25.701,0.0269,0.0334,9.8635,0.1495,0.0806,0.8847
28950,1128,807,33.567,25.712,0.0032,-0.082,9.7724,-0.4701,-0.1441,0.4064
28955,1127,810,33.594,25.665,-0.009,-0.0143,9.8072,0.4053,0.9223,0.1426
28960,1118,811,33.549,25.67,0.048,0.0658,9.7928,-0.5111,-0.003,0.2032
28965,1112,807,33.583,25.493,0.0379,-0.0528,9.8578,0.4714,0.6288,0.1833
28970,1106,813,33.542,25.677,-0.0128,0.0118,9.8336,0.2969,-0.8793,-0.1747
28975,1107,813,33.66,25.634,-0.0171,0.1559,9.8709,0.4127,0.1342,0.224
28980,1109,818,33.547,25.663,0.0215,0.0115,9.79,-0.0849,-0.1417,0.2019
28985,1104,813,33.622,25.621,0.0979,0.1042,9.7555,0.1762,0.1455,-0.235
28990,1110,816,33.63,25.727,-0.0384,0.0375,9.728,0.1802,0.2748,0.6206
28995,1100,822,33.613,25.647,0.0543,-0.0408,9.7477,0.056,-0.9303,0.0875
29000,1098,820,33.575,25.629,-0.0702,-0.12,9.8226,-0.631,-0.1245,0.616
29005,1098,821,33.604,25.688,-0.0346,-0.0007,9.7459,0.2972,-0.3061,-0.0477
29010,1095,828,33.66,25.627,-0.0261,-0.0162,9.932,-0.3879,-0.3311,0.181
29015,1092,824,33.636,25.665,-0.0118,0.0391,9.8542,0.0816,0.2244,0.148
29020,1089,822,33.645,25.592,-0.039,0.0073,9.8138,-0.2868,-0.7787,-0.412
29025,1095,831,33.554,25.761,0.0086,0.0104,9.7692,0.0447,0.6267,-0.2149
29030,1085,823,33.528,25.614,-0.0033,0.0274,9.8004,-0.3667,-0.1125,-0.2026
29035,1079,827,33.578,25.692,-0.0118,-0.0088,9.8473,-0.5707,-0.0448,0.5358
29040,1086,832,33.562,25.653,-0.0936,-0.0014,9.8782,0.1021,0.2801,-0.2234
29045,1083,830,33.643,25.603,-0.1057,0.0558,9.7938,1.129,0.9356,0.65
29050,1074,829,33.607,25.621,-0.0217,-0.0481,9.813,0.1091,0.1483,-0.1585
29055,1076,833,33.617,25.73,-0.0258,-0.0263,9.8192,0.7484,-0.1078,-0.27
29060,1071,834,33.442,25.632,0.0862,-0.1056,9.7632,-0.5924,0.429,0.5242
29065,1070,833,33.632,25.741,0.0224,0.0215,9.8584,-0.1129,0.0545,-0.532
29070,1072,831,33.553,25.676,-0.0326,-0.0568,9.8051,0.5603,0.2441,0.8518
29075,1055,831,33.609,25.658,0.057,0.0317,9.9027,1.0429,0.9458,0.555
29080,1056,831,33.605,25.609,-0.0323,-0.0237,9.9224,-0.5319,-0.512,-0.0661
29085,1050,829,33.556,25.613,-0.006,0.0184,9.8449,0.068,-0.0792,0.4602
29090,1053,833,33.573,25.652,-0.0574,-0.0234,9.7482,-0.7036,0.288,-0.2674
29095,1051,831,33.611,25.565,0.0637,0.0705,9.8271,-0.7433,-1.2336,-0.8425
29100,1042,832,33.565,25.613,0.0192,-0.0051,9.7373,-0.0819,0.0016,0.2982
29105,1041,828,33.592,25.639,0.0096,0.0232,9.8728,0.3816,-0.8468,0.3274
29110,1036,833,33.611,25.595,0.0192,0.023,9.8392,-0.2019,-0.3415,-0.2068
29115,1030,830,33.645,25.594,0.0324,0.0402,9.8729,0.352,0.1629,0.6314
29120,1032,826,33.639,25.607,-0.0503,-0.0196,9.7874,-0.5807,-0.606,-1.0402
29125,1023,828,33.68,25.617,-0.0865,-0.083,9.7735,-0.8919,-0.2059,0.6025
29130,1010,828,33.644,25.619,-0.0577,0.0016,9.8136,0.6637,0.0728,-0.999
29135,1006,826,33.585,25.713,0.0137,-0.0863,9.8381,-0.4825,0.2364,0.0463
29140,1005,825,33.641,25.632,0.0444,-0.0143,9.8775,-0.1036,0.2455,0.524
29145,998,827,33.591,25.631,-0.0191,-0.0562,9.8642,0.0168,-0.3322,-0.2323
29150,987,826,33.637,25.726,-0.0426,0.0173,9.8446,1.0077,1.1094,0.1593
29155,983,824,33.64,25.731,0.0195,-0.0098,9.8572,-0.1444,-0.3821,-0.6558
29160,967,826,33.619,25.642,-0.0945,-0.0514,9.7969,-0.0615,-0.0503,-0.2556
29165,956,823,33.602,25.642,-0.0211,-0.0378,9.8104,0.6243,0.3695,0.4909
29170,952,819,33.587,25.712,0.003,-0.0125,9.7816,1.6029,-0.3832,0.9368
29175,949,820,33.55,25.66,-0.0133,0.0055,9.7896,0.9837,-0.5602,0.577
29180,938,822,33.622,25.626,0.0536,-0.0323,9.76,0.5054,-0.2201,0.1857
29185,931,815,33.704,25.615,-0.0599,-0.0755,9.7416,0.3506,0.423,0.0989
29190,914,820,33.613,25.683,0.0405,0.0459,9.7941,0.3066,-0.0097,-0.8677
29195,915,821,33.535,25.659,-0.0354,0.0306,9.8679,-0.3184,0.0145,0.3985
29200,902,823,33.622,25.679,0.0553,0.1156,9.8889,0.0241,-0.3363,-0.347
29205,888,822,33.653,25.711,-0.0279,-0.1011,9.8441,0.1862,0.1472,0.7388
29210,881,819,33.615,25.619,0.0189,0.007,9.8443,-0.4135,0.7356,-0.764
29215,875,816,33.599,25.629,0.039,-0.0298,9.8742,0.3732,1.2477,-0.7605
29220,865,813,33.618,25.692,0.0088,0.0088,9.7133,0.0549,-0.0498,0.5632
29225,867,817,33.657,25.716,-0.0723,0.0288,9.755,0.4261,-0.052,0.3233
29230,849,817,33.586,25.558,0.0146,-0.0299,9.7688,0.4066,-0.2338,-0.6375
29235,840,813,33.62,25.702,0.0472,-0.0712,9.7802,-1.787,0.6369,-0.5038
29240,834,817,33.634,25.641,-0.0533,-0.0982,9.8179,0.5032,-0.0698,-0.3673
29245,821,817,33.611,25.62,0.0149,0.0229,9.7985,0.7203,0.2105,-0.4451
29250,819,822,33.665,25.557,-0.0421,0.0194,9.6901,0.2652,0.6215,-0.1558
29255,800,814,33.58,25.549,-0.0033,0.022,9.879,0.6504,-0.1549,0.4976
29260,805,816,33.66,25.661,0.0241,0.0522,9.8303,1.1599,-0.183,-0.1733
29265,791,812,33.6,25.661,-0.022,-0.0785,9.7926,-0.9828,-0.1576,0.3173
29270,792,813,33.636,25.611,0.0242,-0.0697,9.791,0.2059,0.6481,0.3482
29275,768,810,33.569,25.656,-0.1347,-0.0313,9.7945,-0.5433,0.8948,-0.4973
29280,778,812,33.712,25.704,0.0829,0.005,9.8002,-0.2537,-0.3751,0.5021
29285,769,810,33.608,25.642,-0.0556,0.0475,9.8362,0.0147,0.798,-0.0987
29290,761,810,33.585,25.752,0.0026,-0.0753,9.8186,-0.4335,-0.3554,-0.1128
29295,767,817,33.566,25.561,-0.0678,0.0841,9.7843,-0.1932,0.1283,-0.0993
29300,757,809,33.534,25.587,0.0015,0.054,9.8055,0.1824,-0.2838,0.0133
29305,756,807,33.679,25.629,-0.0644,-0.0065,9.8449,0.3585,-0.1526,-0.2468
29310,743,815,33.628,25.66,0.0285,-0.0665,9.7782,-0.8253,0.3199,0.3554
29315,750,813,33.566,25.646,-0.0079,-0.0106,9.8432,0.3121,-0.5306,0.0536
29320,748,815,33.564,25.631,-0.0919,0.0362,9.863,-0.1566,0.7287,-0.4423
29325,747,809,33.592,25.681,-0.0397,-0.0305,9.8466,0.1241,-0.4838,-0.0745
29330,745,808,33.621,25.658,-0.0232,0.0013,9.7601,-0.0714,-0.9214,0.5606
29335,749,807,33.667,25.689,0.0777,-0.0381,9.8053,0.1878,0.1262,-0.1411
29340,755,803,33.574,25.634,0.1047,0.0258,9.7895,-0.0006,-0.6729,-0.8492
29345,754,807,33.611,25.669,0.055,0.0512,9.7892,0.2958,-0.2053,-0.4565
29350,746,806,33.619,25.716,-0.053,-0.0214,9.9229,0.5972,-0.4623,-0.4677
29355,760,805,33.642,25.656,0.0228,0.0409,9.8785,-0.3418,-0.9693,0.5407
29360,766,804,33.562,25.715,0.0651,0.0458,9.7858,-0.3875,0.215,-0.2825
29365,769,808,33.586,25.641,-0.0199,-0.006,9.8542,-0.2616,-0.1113,0.2756
29370,767,805,33.654,25.606,-0.015,0.0661,9.8388,-0.3368,-0.336,0.3396
29375,770,806,33.62,25.672,-0.0101,0.0233,9.7467,-0.107,0.3083,-0.0298
29380,768,806,33.722,25.554,-0.0062,0.0214,9.7726,0.4313,-0.6245,-0.1011
29385,785,797,33.598,25.591,-0.0755,0.0992,9.8216,0.1527,0.791,-0.5863
29390,792,800,33.566,25.6,-0.0888,-0.0605,9.7812,-0.2231,-0.3638,-0.0342
29395,816,796,33.726,25.691,-0.0192,-0.0205,9.8686,-0.3448,0.1615,-0.0047
29400,816,793,33.562,25.723,0.0075,-0.0442,9.8073,0.4555,0.3075,-0.473
29405,823,791,33.564,25.614,0.0108,-0.0486,9.7493,0.5997,0.1977,-0.1205
29410,834,794,33.663,25.648,0.0893,0.0729,9.8519,-0.4896,0.5709,0.3571
29415,848,795,33.623,25.631,-0.0948,-0.0087,9.8091,1.3382,0.3564,0.6483
29420,857,796,33.638,25.662,-0.117,-0.0517,9.9001,0.3153,-0.2948,-0.204
29425,862,797,33.627,25.668,0.0198,0.0417,9.869,0.1595,0.4366,0.5045
29430,871,793,33.586,25.644,0.0166,-0.0391,9.85,0.0071,0.4792,0.0897
29435,893,785,33.599,25.649,-0.1434,0.0361,9.7521,0.0498,0.2345,-0.5457
29440,899,791,33.612,25.595,0.0112,-0.0402,9.8138,0.3097,-0.2194,-0.5702
29445,903,788,33.578,25.539,-0.0113,-0.0445,9.8467,1.301,-0.8683,0.3762
29450,927,790,33.617,25.652,-0.0452,0.0468,9.7639,0.9057,0.2945,0.1825
29455,932,784,33.595,25.695,-0.0593,0.04,9.8964,-0.036,0.0304,-0.3848
29460,960,783,33.624,25.688,-0.046,-0.0328,9.815,-0.9066,0.1084,-0.4472
29465,961,783,33.729,25.656,0.0372,-0.0383,9.8302,-0.1018,-0.1867,0.8993
29470,967,779,33.632,25.738,-0.0563,-0.0191,9.7332,-0.123,-0.2352,0.9511
29475,992,776,33.567,25.708,0.0055,-0.0033,9.8085,1.1413,-0.7985,-0.2537
29480,992,778,33.625,25.765,-0.0765,-0.0881,9.8288,0.1486,-0.3569,0.6987
29485,1007,778,33.582,25.614,0.0099,-0.0526,9.7821,0.7432,0.8341,-0.1136
29490,1018,779,33.601,25.665,-0.0525,-0.016,9.7727,0.4282,0.3264,0.2321
29495,1031,773,33.622,25.695,-0.0109,0.015,9.8327,0.1129,0.3592,-0.1648
29500,1044,769,33.53,25.647,0.013,-0.0297,9.8616,-0.3637,-0.6178,0.2383
29505,1049,769,33.627,25.677,0.0217,-0.0074,9.8108,-0.3923,-0.6118,-0.2703
29510,1064,759,33.572,25.671,-0.0117,0.071,9.8291,-0.7833,-0.6724,0.5826
29515,1074,763,33.596,25.654,0.0147,0.0487,9.7996,-0.3924,-0.5189,0.9571
29520,1088,764,33.569,25.731,0.034,-0.0105,9.8827,0.6072,0.8693,-1.1631
29525,1092,767,33.663,25.555,-0.0238,-0.0203,9.8587,0.205,-0.0077,0.7469
29530,1108,759,33.602,25.621,-0.0046,-0.0588,9.8065,0.4257,-0.2539,0.3033
29535,1113,761,33.654,25.641,0.0797,-0.0071,9.7975,-0.6617,-0.3864,0.3678
29540,1119,759,33.598,25.642,-0.065,0.0363,9.8166,0.3037,-0.4032,-0.732
29545,1125,756,33.566,25.679,-0.0505,0.0801,9.8136,0.2228,0.0932,0.482
29550,1137,761,33.56,25.613,0.0708,0.0591,9.8479,-0.2375,-0.4343,0.2558
29555,1143,762,33.642,25.684,0.0099,0.0331,9.9169,0.4003,-0.8598,-0.4657
29560,1149,763,33.62,25.557,0.0286,0.0043,9.8515,0.0723,0.3892,-0.0203
29565,1157,754,33.612,25.545,0.0367,0.0259,9.7319,0.0403,0.7383,-0.343
29570,1159,757,33.56,25.725,0.0188,0.099,9.7501,-0.4499,0.1869,0.1525
29575,1171,758,33.645,25.697,0.0334,-0.0212,9.7579,0.5641,-0.0124,-0.4356
29580,1176,755,33.575,25.605,-0.0622,-0.0163,9.8833,0.2972,0.4075,-0.3945
29585,1168,759,33.649,25.65,-0.0567,0.0592,9.8251,0.5127,0.409,-0.4008
29590,1181,757,33.604,25.652,-0.0582,-0.0832,9.8206,-0.2817,-0.1253,-0.0975
29595,1178,755,33.547,25.665,0.0815,-0.0006,9.7824,-0.263,-0.3871,0.5138
29600,1184,759,33.528,25.671,-0.0133,0.0671,9.8381,0.0394,0.0178,-0.6297
29605,1183,758,33.557,25.676,-0.0349,0.0655,9.765,0.9244,0.4701,-0.2441
29610,1179,758,33.527,25.623,0.0689,-0.0569,9.7801,0.6762,-0.488,-0.1513
29615,1180,762,33.617,25.591,0.0017,0.0123,9.7857,0.4052,-0.4438,-0.7044
29620,1195,761,33.522,25.702,0.0115,-0.0034,9.8187,-0.4205,0.7826,0.2898
29625,1174,764,33.627,25.72,-0.0044,-0.0182,9.8445,-0.3075,0.2377,0.1085
29630,1183,765,33.56,25.603,0.0903,-0.0542,9.8722,0.9514,-0.8562,-0.1732
29635,1184,760,33.59,25.638,-0.0237,0.1488,9.9367,0.5046,-0.2369,-0.4923
29640,1182,764,33.544,25.616,0.0454,0.0417,9.7609,-0.3383,-0.0044,0.4017
29645,1182,767,33.675,25.711,0.0413,0.1061,9.7682,-0.2385,0.2896,0.0656
29650,1179,772,33.616,25.675,-0.0742,0.0115,9.782,-0.6092,0.0561,-0.5707
29655,1185,764,33.636,25.658,-0.0737,-0.0648,9.799,0.3015,1.5902,0.2304
29660,1177,770,33.522,25.636,-0.0439,-0.0387,9.8625,0.003,0.1044,0.8336
29665,1170,781,33.567,25.673,0.1048,0.0683,9.7489,0.6962,0.0247,-0.4442
29670,1174,780,33.6,25.721,-0.0803,0.0088,9.8083,0.3366,0.4235,0.2248
29675,1171,776,33.599,25.653,-0.0147,0.0264,9.8931,-0.3517,-0.6076,-0.2296
29680,1165,780,33.638,25.656,0.0059,-0.1275,9.7889,-0.1483,0.2647,0.4548
29685,1159,781,33.6,25.585,0.0219,-0.0327,9.772,0.7325,0.0966,-0.2121
29690,1159,777,33.585,25.612,-0.0375,-0.0675,9.8701,0.0036,0.4067,-0.2392
29695,1158,786,33.615,25.659,0.0456,0.057,9.8493,0.1184,-0.5105,0.2085
29700,1157,787,33.616,25.631,0.0056,-0.0168,9.7957,-0.1672,-1.0361,0.3494
29705,1157,791,33.657,25.641,-0.0675,-0.0062,9.8304,-0.1784,-0.1102,-0.2831
29710,1153,786,33.568,25.737,-0.0478,0.0201,9.8532,0.0945,0.1919,0.0113
29715,1149,793,33.585,25.671,0.0328,-0.0547,9.8619,-0.4394,0.1761,0.6922
29720,1141,797,33.494,25.766,0.0572,-0.0633,9.8468,0.9044,0.1607,-0.1303
29725,1138,800,33.664,25.553,-0.0168,-0.0002,9.9513,-0.6121,0.208,1.2424
29730,1143,795,33.621,25.576,0.1189,-0.0179,9.8252,0.3017,0.3559,-1.0977
29735,1128,799,33.689,25.707,0.0575,0.0099,9.8137,0.2709,0.1361,0.2439
29740,1129,797,33.635,25.672,0.0787,-0.0329,9.823,0.1169,0.2265,0.0469
29745,1133,802,33.601,25.62,0.0111,-0.0204,9.7341,-0.3708,-0.6325,0.2784
29750,1117,806,33.583,25.588,0.0199,0.0418,9.7811,-0.7115,-0.217,0.313
29755,1120,805,33.575,25.621,0.0897,-0.093,9.7976,0.2805,0.4732,-0.5882
29760,1111,808,33.62,25.668,-0.0121,0.0155,9.8064,0.6591,-0.1009,0.7075
29765,1117,810,33.528,25.733,0.0311,0.0624,9.8245,0.2843,0.0669,0.3955
29770,1110,815,33.558,25.677,-0.0348,-0.0264,9.7347,-0.5357,0.8658,0.3784
29775,1116,818,33.591,25.714,0.0379,0.0146,9.8676,0.7054,-1.0523,-0.4384
29780,1105,814,33.544,25.632,-0.0083,-0.0043,9.8312,0.3757,0.5855,-0.0199
29785,1121,820,33.665,25.587,-0.0174,0.0612,9.8729,0.0863,0.2084,0.4291
29790,1097,817,33.573,25.633,-0.0725,0.0619,9.6706,0.0673,-0.3504,0.4206
29795,1111,823,33.585,25.638,0.131,0.0338,9.7798,-0.5557,0.2839,-0.258
29800,1095,826,33.54,25.672,-0.0216,0.0093,9.8854,-0.6641,0.8366,0.1998
29805,1096,818,33.624,25.7,0.0534,-0.0286,9.8542,-0.5297,-0.6494,-0.1278
29810,1089,824,33.631,25.523,0.0324,0.0087,9.8076,-0.4324,-0.6151,0.0587
29815,1101,830,33.585,25.613,-0.0088,0.0154,9.788,0.4542,0.3221,-0.3217
29820,1090,820,33.654,25.674,-0.0549,0.0066,9.783,0.2598,-0.1649,-0.2087
29825,1094,827,33.599,25.693,-0.0468,0.0434,9.8305,0.5385,-0.3554,-0.2841
29830,1085,830,33.73,25.623,0.0005,0.0947,9.7758,0.4737,0.0535,-0.2535
29835,1074,829,33.694,25.626,-0.0574,0.077,9.8374,-0.9922,0.4599,0.5628
29840,1080,827,33.668,25.674,0.0052,-0.068,9.7973,-0.5347,0.2162,-0.3102
29845,1076,826,33.552,25.687,-0.0267,0.0465,9.7318,-0.4173,-0.0592,-0.3068
29850,1078,827,33.609,25.639,0.0083,0.0284,9.8981,0.4708,-0.2698,0.1376
29855,1073,829,33.622,25.706,0.0233,0.0525,9.8509,-0.3462,0.3038,-0.1966
29860,1074,831,33.598,25.609,0.0103,-0.0604,9.7827,0.7198,-0.0814,0.1307
29865,1082,834,33.521,25.582,0.0296,-0.0268,9.7762,-0.2787,0.3196,-0.1979
29870,1069,835,33.649,25.66,0.0598,-0.1101,9.8368,0.3266,-0.0245,0.5161
29875,1061,825,33.552,25.667,0.0069,0.1168,9.7379,-0.5515,-0.5086,-0.1453
29880,1065,826,33.594,25.654,0.0561,-0.1446,9.8188,0.9625,-0.8242,0.908
29885,1042,830,33.582,25.68,-0.099,-0.1307,9.7498,0.9427,-0.3128,0.0571
29890,1054,837,33.54,25.594,-0.0297,0.0502,9.795,-0.4385,0.4987,0.5256
29895,1050,827,33.619,25.629,-0.0306,-0.0252,9.799,0.5803,-0.0621,-0.2208
29900,1048,824,33.585,25.635,0.0088,0.0088,9.8573,-0.6072,0.5898,0.7777
29905,1036,837,33.615,25.651,0.0132,0.0767,9.8251,-0.4273,0.8079,0.2396
29910,1039,835,33.598,25.603,-0.0538,-0.0095,9.8045,0.4688,0.1676,-0.0546
29915,1029,824,33.602,25.7,0.0052,0.0293,9.7838,-0.2704,0.5268,1.2926
29920,1022,827,33.562,25.673,0.0134,-0.0336,9.85,0.1788,-1.042,-1.0591
29925,1020,834,33.695,25.645,-0.0046,0.0049,9.8307,1.0393,-1.0209,-0.3934
29930,1012,827,33.659,25.677,0.0892,-0.0108,9.7501,0.6005,-0.7528,-0.965
29935,999,828,33.529,25.67,0.0014,0.0013,9.7781,0.0322,-0.1706,-0.1981
29940,995,822,33.638,25.66,-0.0789,0.0058,9.7901,0.2526,-0.3558,0.6751
29945,980,828,33.552,25.564,0.0315,0.0196,9.7882,-0.0269,0.2279,-0.2474
29950,979,825,33.582,25.504,-0.0217,0.0826,9.7799,0.4366,0.3779,-0.2636
29955,974,827,33.518,25.652,0.0119,-0.0392,9.8315,-0.481,0.7569,0.2874
29960,968,826,33.49,25.647,0.0161,0.0744,9.8309,1.243,0.2985,-0.6179
29965,958,822,33.629,25.739,-0.0012,0.0184,9.8247,-0.4569,-0.1717,0.191
29970,952,823,33.568,25.68,0.029,-0.0328,9.8419,-0.0566,0.6634,-0.5264
29975,949,823,33.612,25.584,0.0196,-0.0238,9.8244,-0.0839,-1.0192,0.2668
29980,932,825,33.595,25.592,-0.0472,0.0282,9.8277,-1.092,0.1781,-0.8298
29985,925,819,33.547,25.645,-0.0137,-0.068,9.7882,-0.3478,-0.7193,0.336
29990,910,822,33.682,25.711,0.0245,0.0171,9.8461,-1.01,0.5993,-0.0435
29995,899,821,33.639,25.672,-0.0506,-0.0698,9.8824,0.579,-0.002,-0.5088
30000,900,818,33.521,25.606,0.0045,-0.0489,9.7012,-0.1784,0.8788,0.0084
30005,890,817,33.526,25.632,-0.0093,0.0026,9.7905,-0.2838,0.5262,-0.3804
30010,878,821,33.544,25.604,0.143,0.044,9.7779,1.1009,-0.4617,0.2284
30015,873,812,33.556,25.559,-0.0488,-0.0366,9.7875,0.0319,-0.0503,0.5045
30020,854,814,33.603,25.586,-0.0005,0.0443,9.8543,-0.1272,-0.7221,0.0711
30025,850,816,33.57,25.686,0.0134,-0.0624,9.827,0.6327,-0.4381,-0.0596
30030,836,820,33.632,25.628,0.071,-0.0778,9.7758,0.6486,-0.0529,-0.1121
30035,833,821,33.605,25.681,0.0289,0.024,9.8111,0.4884,0.3387,-0.4401
30040,834,813,33.572,25.623,0.0895,0.0079,9.8543,-0.361,-0.2162,0.7901
30045,814,816,33.692,25.611,0.1041,0.0808,9.7553,-0.1342,-0.4381,0.6724
30050,809,816,33.593,25.65,-0.0388,0.0113,9.7805,-0.4248,-0.0033,0.2235
30055,807,818,33.607,25.58,-0.0788,-0.1092,9.8944,-0.2944,-0.6012,-0.0487
30060,802,812,33.592,25.61,-0.0396,0.0707,9.7885,-0.3628,-0.4143,-0.788
30065,781,814,33.57,25.675,0.0333,0.0137,9.8094,0.2859,-0.1566,0.2052
30070,782,813,33.601,25.677,-0.0381,0.0565,9.7611,0.2236,0.45,-0.0875
30075,771,812,33.581,25.641,0.0479,0.0074,9.8262,-0.2609,0.2008,0.4313
30080,775,817,33.637,25.647,0.0848,0.0674,9.8737,-0.0344,0.1939,0.0252
30085,764,816,33.569,25.687,-0.058,-0.011,9.8327,0.0225,0.3381,-0.1187
30090,764,813,33.567,25.527,0.0269,0.0938,9.8318,0.3014,-0.4095,0.278
30095,759,811,33.522,25.634,-0.0346,0.0625,9.8691,0.7368,-0.7508,0.6859
30100,752,813,33.577,25.589,0.0564,0.0239,9.8408,0.068,0.7714,0.6264
30105,755,812,33.591,25.639,0.0763,0.0454,9.8528,0.3438,-0.112,-0.0186
30110,749,810,33.608,25.63,-0.0272,0.024,9.7055,0.1797,0.0916,0.3305
30115,752,814,33.626,25.633,0.0083,-0.0261,9.7383,-0.2019,-0.4239,0.5249
30120,738,814,33.625,25.687,-0.0167,0.046,9.8076,-0.0896,0.5559,0.3922
30125,742,811,33.673,25.61,0.041,0.0053,9.8241,-0.3317,0.0853,-0.8437
30130,753,809,33.611,25.61,0.035,-0.0122,9.7781,0.1144,0.242,0.2431
30135,751,810,33.685,25.598,-0.0345,0.036,9.8078,-0.83,-0.6516,-0.2398
30140,749,808,33.648,25.589,0.0083,-0.0657,9.7973,-0.0585,-0.2666,-0.4974
30145,760,810,33.736,25.66,0.0439,0.0852,9.8331,-0.2424,0.5458,0.2217
30150,749,800,33.655,25.612,0.1531,0.0302,9.7958,-0.364,-0.4866,-0.1567
30155,764,806,33.649,25.698,0.0087,0.0991,9.7736,-0.2074,-0.7763,-0.2318
30160,771,809,33.626,25.609,0.0291,-0.0995,9.8485,0.4229,0.1218,-0.1419
30165,764,803,33.664,25.59,0.014,0.0183,9.7515,-0.8794,0.491,-0.0328
30170,772,804,33.541,25.645,0.0086,-0.0371,9.8521,0.1573,0.605,-0.1789
30175,781,803,33.626,25.633,-0.03,-0.0535,9.796,0.3688,0.0973,-0.2998
30180,779,806,33.638,25.701,-0.048,0.0039,9.8844,0.021,1.204,0.1202
30185,796,800,33.561,25.6,0.0408,-0.0446,9.8168,-0.9226,-0.7382,-0.4981
30190,801,797,33.59,25.721,0.0861,0.0175,9.8315,-0.1405,-0.5323,-0.1047
30195,819,796,33.609,25.679,0.016,0.0424,9.7998,0.262,-1.1527,-0.0458
30200,823,800,33.591,25.624,0.0173,0.1286,9.8373,0.4098,-0.7375,0.4178
30205,824,800,33.662,25.729,-0.0254,-0.124,9.8279,-0.2613,-0.1328,-0.984
30210,843,793,33.503,25.649,0.0581,-0.0246,9.7788,0.0641,0.7913,0.096
30215,853,787,33.578,25.654,0.0306,0.009,9.8732,-0.1884,-0.1551,0.8694
30220,864,793,33.555,25.658,-0.0785,0.0433,9.791,0.0503,0.2212,-0.1773
30225,875,788,33.594,25.664,-0.1107,0.0658,9.871,0.2218,0.3731,0.2888
30230,878,788,33.535,25.635,-0.0753,-0.0432,9.7535,-0.0451,-0.6046,0.4804
30235,895,788,33.542,25.687,-0.0125,0.0233,9.8614,-0.2867,0.0865,0.2477
30240,901,786,33.536,25.764,-0.0363,0.0199,9.8681,0.4492,0.5659,0.0443
30245,920,787,33.624,25.671,-0.0392,-0.0715,9.8729,0.1292,0.1949,0.5762
30250,931,787,33.684,25.537,0.0798,0.0132,9.7938,1.1122,-0.2876,-0.0707
30255,949,780,33.567,25.64,0.0466,-0.0482,9.7606,-0.2626,-0.296,0.2023
30260,953,783,33.581,25.652,-0.0452,-0.0483,9.8305,-0.4912,-0.2855,0.1926
30265,967,785,33.638,25.609,0.0267,0.0393,9.7823,0.3483,-0.0221,0.4692
30270,982,777,33.6,25.672,0.0231,-0.0733,9.8375,0.5219,-0.198,-0.0617
30275,986,774,33.44,25.624,0.0106,0.0097,9.838,-0.3285,-0.0446,0.2236
30280,1004,773,33.649,25.556,-0.0076,-0.0393,9.8576,-0.4214,0.4967,-0.4193
30285,1013,775,33.641,25.642,0.0093,0.0309,9.8274,-0.8124,-0.2502,0.0417
30290,1024,773,33.637,25.635,-0.0626,-0.037,9.7716,-0.467,-0.0652,-0.0027
30295,1037,769,33.684,25.65,0.0144,0.033,9.8251,-0.1736,0.8356,0.0777
30300,1061,766,33.598,25.596,0.0028,0.0312,9.786,0.0588,0.1429,0.3523
30305,1064,768,33.639,25.57,0.1281,-0.0442,9.864,-0.2612,-0.7047,0.0373
30310,1064,772,33.548,25.668,0.0161,0.0478,9.7839,0.3663,0.4361,1.0154
30315,1078,768,33.595,25.624,0.0635,-0.03,9.7795,-0.8737,0.5326,-0.3297
30320,1085,761,33.629,25.668,0.0111,-0.0178,9.8328,0.3585,0.7778,0.2101
30325,1099,765,33.62,25.653,-0.018,-0.0089,9.9303,0.2762,-0.2774,-0.3304
30330,1114,755,33.536,25.637,-0.1013,-0.0007,9.8088,0.0984,0.4558,-0.5976
30335,1109,760,33.574,25.715,-0.0906,0.0375,9.8734,0.6689,0.0038,-0.0406
30340,1121,764,33.54,25.628,0.067,0.0463,9.7881,-0.7001,-0.2769,-0.0212
30345,1123,764,33.63,25.654,-0.0094,-0.0404,9.8253,0.1227,0.6009,0.6625
30350,1142,764,33.6,25.625,-0.0008,-0.0606,9.7474,0.7758,0.5407,-0.681
30355,1140,762,33.479,25.641,-0.0253,-0.0331,9.7424,0.3787,-0.926,1.1538
30360,1148,763,33.64,25.604,0.0135,-0.0931,9.8185,0.1482,-0.4728,-0.0282
30365,1171,759,33.51,25.607,-0.0415,-0.0059,9.7884,0.748,-0.6942,-0.135
30370,1162,764,33.548,25.619,0.029,-0.0766,9.8116,-0.7238,0.932,0.9602
30375,1173,754,33.595,25.562,0.0069,-0.0244,9.7886,-0.9731,0.1347,-0.3326
30380,1174,759,33.598,25.607,0.0402,-0.022,9.8825,-0.3605,-0.1353,-0.796
30385,1174,762,33.671,25.602,0.1058,0.006,9.834,0.4222,-0.4122,0.6486
30390,1176,759,33.552,25.613,-0.032,0.0054,9.7687,0.9807,-0.3555,-0.5498
30395,1185,762,33.56,25.644,-0.0803,0.0079,9.8301,0.8711,-0.6301,0.3291
30400,1185,761,33.59,25.676,0.0211,0.0193,9.7983,-0.1677,-0.8171,-0.5239
30405,1180,759,33.564,25.694,0.0559,-0.0374,9.8304,0.2292,0.5373,0.2095
30410,1182,768,33.651,25.674,-0.0289,-0.0334,9.8345,0.1718,0.3666,0.2308
30415,1187,762,33.564,25.524,-0.0089,0.0493,9.8168,-0.3049,0.1495,-0.6721
30420,1185,762,33.605,25.631,-0.0042,-0.0115,9.8268,0.6257,0.0692,-0.5209
30425,1182,762,33.611,25.535,-0.0458,-0.0066,9.8107,-0.3562,0.4086,-0.5513
30430,1191,766,33.599,25.645,0.0266,0.0602,9.8471,0.0608,0.5915,0.6295
30435,1176,762,33.55,25.705,-0.0008,-0.0222,9.7775,-0.475,-0.4841,-0.5285
30440,1181,770,33.605,25.615,0.0779,-0.012,9.7981,0.6255,0.481,0.8319
30445,1190,772,33.694,25.653,-0.0334,-0.0541,9.8727,-0.4261,-0.0446,0.1691
30450,1189,768,33.648,25.572,0.0211,-0.0886,9.8371,0.2895,-0.0056,0.2225
30455,1182,778,33.505,25.591,-0.0025,0.0355,9.8594,-0.1866,-0.2999,0.3086
30460,1170,774,33.546,25.733,-0.0269,0.0236,9.8828,-0.7161,-0.2538,0.7036
30465,1176,771,33.651,25.605,-0.0638,0.0017,9.8271,0.1319,-0.1601,-0.3506
30470,1167,775,33.585,25.565,0.0577,0.0948,9.8278,-0.6559,0.2509,0.2622
30475,1167,779,33.616,25.651,0.0617,-0.0108,9.8274,-0.405,0.5266,0.915
30480,1168,781,33.572,25.568,-0.0424,-0.0497,9.7887,0.2737,0.5935,0.0402
30485,1161,786,33.658,25.594,-0.0004,0.0903,9.7913,0.0192,-0.3289,-0.1936
30490,1166,784,33.6,25.605,0.0812,0.0941,9.8171,0.0357,0.0991,0.0357
30495,1154,783,33.588,25.652,0.0768,-0.026,9.8806,-0.3149,-0.7925,0.0501
30500,1148,786,33.544,25.576,0.0063,-0.0138,9.7768,0.1586,0.9741,-0.3656
30505,1156,792,33.564,25.648,-0.0116,0.041,9.7726,0.5902,-0.352,0.4113
30510,1153,786,33.55,25.565,-0.0028,0.008,9.732,0.2326,-0.2534,-0.6656
30515,1147,793,33.633,25.566,0.0641,-0.0055,9.8502,0.5675,0.4558,-0.0527
30520,1143,801,33.584,25.628,0.0264,-0.0631,9.9234,-0.0764,-0.6443,-0.1142
30525,1146,795,33.603,25.747,0.0023,0.015,9.7061,1.2437,0.0365,-0.4174
30530,1135,802,33.607,25.633,0.0244,-0.0042,9.7409,-0.0064,-0.4075,-0.4291
30535,1131,799,33.616,25.61,0.0707,-0.0067,9.8369,-1.1634,-0.0478,-0.1846
30540,1127,801,33.479,25.579,-0.049,-0.0119,9.8823,0.4771,-0.108,-0.2379
30545,1120,805,33.59,25.706,0.1083,-0.0422,9.8156,0.2462,-0.1883,0.627
30550,1123,808,33.57,25.67,0.0539,0.0428,9.8,-0.4847,0.8451,-0.1958
30555,1120,810,33.581,25.675,-0.0245,-0.0041,9.8137,-0.3387,0.6727,-1.0943
30560,1108,806,33.552,25.645,0.0051,0.0146,9.7877,-0.3391,0.5127,-0.227
30565,1113,812,33.669,25.731,0.009,0.0462,9.8878,-0.0472,0.2554,-0.6753
30570,1105,812,33.62,25.572,0.0157,-0.0238,9.784,-0.1403,0.4482,0.0511
30575,1104,811,33.579,25.744,-0.0922,-0.0076,9.8774,-0.2731,0.7577,-0.1624
30580,1104,811,33.627,25.543,0.0431,0.0839,9.9165,0.8521,0.5094,0.5699
30585,1107,816,33.598,25.616,-0.0013,0.0129,9.854,-0.5712,-0.1547,-1.4097
30590,1100,815,33.624,25.606,0.0425,0.0212,9.7994,-0.2982,0.3498,0.3566
30595,1103,822,33.579,25.657,0.0254,-0.0033,9.8503,-0.0435,-0.0169,0.466
30600,1098,825,33.592,25.595,-0.0499,0.0329,9.7888,0.4697,-0.1317,0.8521
30605,1093,824,33.579,25.592,0.0369,0.042,9.8238,0.0775,0.8572,-0.314
30610,1093,828,33.53,25.615,0.0321,-0.03,9.7448,-0.0807,1.5236,-0.3142
30615,1085,827,33.627,25.704,-0.0326,0.0138,9.8552,-0.2911,-0.3411,-0.3803
30620,1089,826,33.565,25.673,0.0003,0.0613,9.8143,-1.0242,-0.3223,-0.5529
30625,1097,828,33.58,25.626,0.0318,-0.0346,9.8205,-0.0917,0.5303,0.7965
30630,1088,826,33.666,25.653,-0.0588,-0.007,9.8089,-0.3305,-0.4005,0.8078
30635,1077,822,33.592,25.638,-0.0191,0.0048,9.7643,-0.4445,0.5403,-0.6004
30640,1082,829,33.612,25.553,-0.0363,0.0422,9.8212,-0.1585,-1.019,0.5401
30645,1071,828,33.614,25.614,-0.0135,0.1015,9.8032,-0.1973,-0.2878,0.0264
30650,1073,832,33.612,25.609,0.0008,-0.0305,9.7959,0.3571,0.299,0.3075
30655,1075,832,33.643,25.614,0.0166,0.0204,9.7662,0.0868,-0.2369,0.2338
30660,1071,833,33.649,25.594,0.0312,0.0428,9.8056,0.2946,0.4908,0.0013
30665,1066,828,33.55,25.562,0.0817,0.0615,9.8142,-0.4073,0.1287,0.389
30670,1059,836,33.65,25.652,-0.0282,0.0091,9.7968,-0.4058,0.3985,-0.6711
30675,1062,831,33.673,25.566,-0.0399,-0.0108,9.8792,-0.6341,0.6777,0.7549
30680,1055,830,33.573,25.637,0.0724,0.0417,9.7256,0.521,-0.2726,-0.082
30685,1049,831,33.595,25.692,0.0,-0.1249,9.8115,-0.4793,0.5719,0.099
30690,1047,832,33.6,25.585,-0.0134,-0.0168,9.8467,-0.2729,0.2288,-0.4888
30695,1049,834,33.591,25.77,0.0221,-0.0488,9.7686,0.2873,0.7094,1.1568
30700,1037,831,33.543,25.609,-0.0409,-0.0081,9.7348,-0.2962,0.2909,0.4474
30705,1033,832,33.567,25.665,-0.0251,-0.015,9.8186,0.7825,0.7571,-0.6173
30710,1029,826,33.564,25.676,0.0733,-0.0076,9.8533,0.1916,0.1271,-0.423
30715,1022,826,33.531,25.688,-0.0811,0.0022,9.8543,0.5091,0.3847,-0.1946
30720,1021,831,33.569,25.597,0.013,0.0123,9.8614,0.0757,-0.3698,-0.5694
30725,1007,824,33.585,25.648,0.0544,0.0007,9.899,-0.0895,-0.2386,-0.5528
30730,1014,829,33.585,25.597,0.0965,-0.0686,9.7937,0.2851,-0.6622,-0.0501
30735,1002,826,33.556,25.622,-0.0646,0.0496,9.7967,-0.1311,0.4249,-0.301
30740,996,829,33.582,25.612,-0.0816,0.0182,9.8214,-0.1993,0.139,0.0288
30745,986,828,33.621,25.583,-0.0149,0.0209,9.752,0.8434,0.0025,0.4932
30750,981,826,33.601,25.569,-0.0048,0.0372,9.7663,-0.3179,-0.0268,0.2472
30755,959,821,33.655,25.758,-0.1071,-0.0239,9.8103,0.5174,-0.9322,0.3229
30760,958,820,33.581,25.704,-0.0119,0.0305,9.7888,0.2461,0.084,-0.0797
30765,939,815,33.571,25.613,0.0309,-0.0331,9.8618,-0.3841,-0.1917,0.0854
30770,946,828,33.672,25.615,-0.122,0.1151,9.7813,-1.0753,-0.1697,0.2319
30775,937,821,33.605,25.635,-0.0211,0.0144,9.7611,0.3792,0.1354,-0.4243
30780,934,819,33.695,25.502,0.0256,0.1329,9.8309,-0.1662,0.7172,0.5956
30785,926,820,33.636,25.621,0.0231,0.0394,9.7495,-0.1741,0.0142,0.2913
30790,912,818,33.535,25.574,-0.0458,0.0428,9.7604,0.187,0.4581,-0.0466
30795,898,823,33.674,25.622,-0.0269,-0.0794,9.7662,0.3781,-0.0482,0.0379
30800,890,816,33.639,25.579,-0.0098,0.0656,9.7706,0.4001,0.0217,0.2866
30805,886,821,33.587,25.645,0.0547,-0.032,9.9483,0.372,-0.2702,-0.4392
30810,868,820,33.566,25.582,0.1013,0.0349,9.7793,0.5732,0.1869,-0.2087
30815,866,813,33.648,25.59,-0.047,0.012,9.8073,0.3335,0.3716,0.617
30820,861,817,33.546,25.706,0.0098,-0.0014,9.921,0.7618,0.068,-0.4662
30825,846,818,33.568,25.586,0.0187,-0.0428,9.8399,0.9688,-0.8903,0.3323
30830,830,814,33.599,25.617,0.0599,0.0075,9.8862,0.3732,-0.192,-0.0048
30835,830,814,33.452,25.592,-0.0935,0.024,9.8114,-0.3338,0.2186,-0.4021
30840,825,814,33.586,25.599,0.0,0.0406,9.7639,0.2767,-0.0078,-0.7125
30845,824,816,33.577,25.582,-0.105,0.0203,9.7557,0.1472,-0.471,0.0475
30850,810,815,33.54,25.668,0.0398,0.0333,9.796,0.3424,0.6028,-0.1509
30855,799,815,33.658,25.561,-0.0124,0.0454,9.8288,0.6798,0.2429,0.3815
30860,796,812,33.658,25.669,-0.0097,0.0321,9.8841,-0.1473,0.9504,0.1142
30865,791,811,33.62,25.587,0.0195,-0.0078,9.8251,0.0435,0.0379,-0.0887
30870,777,815,33.513,25.717,0.0752,0.0947,9.8043,0.679,-0.1765,0.8588
30875,768,817,33.576,25.596,-0.0745,0.033,9.7842,-1.4901,-0.5754,0.176
30880,772,813,33.663,25.623,-0.0726,0.0634,9.8108,0.5693,0.2677,0.4774
30885,772,806,33.719,25.67,0.0197,0.0272,9.8378,0.1376,0.4947,0.3994
30890,758,814,33.546,25.647,-0.0373,0.0546,9.8963,0.1505,0.2782,-0.5453
30895,754,812,33.588,25.638,0.041,0.0348,9.7185,0.3619,0.9699,-0.2885
30900,757,812,33.558,25.72,-0.0237,0.048,9.8784,-1.0405,0.2352,0.2241
30905,747,810,33.629,25.577,-0.0289,0.0571,9.7917,0.1209,0.2109,0.4491
30910,751,809,33.6,25.684,0.0249,0.0054,9.7929,-0.1926,0.0474,-0.0545
30915,743,809,33.643,25.634,-0.0546,-0.0453,9.7966,0.3455,-0.4607,0.2853
30920,753,809,33.544,25.674,0.0237,-0.0227,9.8161,0.0541,-0.7393,0.1079
30925,752,809,33.578,25.667,0.1174,-0.0824,9.8214,0.1418,0.3964,0.6469
30930,748,808,33.539,25.648,-0.0465,0.025,9.8004,1.3199,0.1114,-0.43
30935,748,807,33.602,25.606,0.0604,0.0132,9.743,-0.648,0.5683,-0.1205
30940,750,807,33.547,25.629,0.0254,-0.0018,9.8711,-0.9686,0.0474,-0.2591
30945,748,809,33.524,25.663,-0.0502,-0.0012,9.774,-0.0729,-0.5677,-0.5235
30950,764,803,33.588,25.666,0.1014,-0.0072,9.8044,-0.1947,-0.3551,0.0247
30955,764,803,33.633,25.612,-0.1083,-0.079,9.7855,0.4206,0.196,-0.7966
30960,765,802,33.563,25.574,0.0139,-0.0427,9.8063,-0.3429,-0.2004,0.648
30965,774,806,33.554,25.645,0.0131,-0.0192,9.8094,0.1489,0.3817,0.0633
30970,783,808,33.609,25.69,-0.0512,0.0313,9.8304,0.2704,-0.2589,-1.0836
30975,779,807,33.515,25.628,0.0471,0.0392,9.7702,-0.9153,0.1517,-0.8642
30980,791,800,33.617,25.663,0.0512,-0.0224,9.8704,-0.6432,0.4164,-0.0147
30985,802,797,33.669,25.561,-0.0893,0.0265,9.776,0.0089,0.3682,0.7984
30990,798,795,33.582,25.6,-0.0184,0.0283,9.7601,0.5564,-0.5959,-0.6378
30995,815,792,33.511,25.702,0.0621,-0.0314,9.817,0.1275,-1.0048,0.3721
31000,821,794,33.631,25.657,0.0394,0.0284,9.7923,-0.6931,0.0288,0.0787
31005,840,795,33.642,25.702,0.0295,-0.0205,9.7991,0.8436,-0.0598,0.3312
31010,845,791,33.512,25.561,-0.073,0.0275,9.8671,0.6517,0.0409,-0.5745
31015,857,790,33.627,25.67,0.0018,-0.0497,9.8054,0.8303,-0.0214,0.4377
31020,867,791,33.52,25.649,0.0969,-0.0069,9.7738,0.2196,-0.0221,1.478
31025,875,789,33.599,25.685,-0.0869,0.0717,9.7565,0.2652,-0.3222,-0.0155
31030,885,786,33.583,25.583,-0.0433,-0.0228,9.8362,0.3187,-0.144,0.2108
31035,898,786,33.555,25.651,-0.0449,-0.0475,9.8095,-0.5748,0.2565,0.0351
31040,920,790,33.59,25.689,0.0691,0.0104,9.8622,-0.3339,1.0854,0.5325
31045,926,780,33.642,25.613,0.0014,0.0581,9.7893,-0.9892,-0.6012,0.3096
31050,936,781,33.62,25.577,-0.045,-0.0311,9.8015,0.7295,-0.0595,-0.436
31055,957,779,33.577,25.638,0.0326,-0.011,9.8034,-0.0851,0.6901,-0.4049
31060,959,782,33.595,25.638,-0.003,0.0559,9.7501,0.0915,0.29,-0.3573
31065,976,782,33.453,25.597,-0.0179,0.05,9.7616,-0.8317,0.6156,0.3585
31070,983,777,33.536,25.655,0.1022,0.0301,9.7687,0.0806,-0.8104,-0.565
31075,992,777,33.509,25.606,-0.0235,0.0539,9.7388,0.1102,0.0939,0.6921
31080,1008,767,33.583,25.64,-0.0068,-0.066,9.805,-0.1673,-0.0303,-0.1524
31085,1037,773,33.607,25.702,-0.0026,0.1587,9.7477,-0.628,-0.089,0.5222
31090,1035,767,33.567,25.655,-0.0438,-0.0851,9.6835,-0.1781,0.2858,0.5576
31095,1049,774,33.582,25.622,-0.0251,0.0791,9.8232,0.7446,0.0931,1.2429
31100,1055,769,33.602,25.59,-0.034,0.0909,9.765,0.2995,-0.0257,-0.1025
31105,1062,767,33.657,25.635,0.0263,-0.0069,9.8271,-0.017,0.6142,-1.014
31110,1080,762,33.591,25.726,0.0215,0.0491,9.8105,0.2824,-0.291,-0.5035
31115,1075,775,33.538,25.592,-0.0073,-0.0177,9.7057,0.35,0.4182,0.9068
31120,1087,761,33.507,25.654,0.0418,0.1075,9.8723,0.3531,0.0031,0.8009
31125,1110,765,33.539,25.577,-0.0171,0.0574,9.8255,0.1656,0.5889,-0.5149
31130,1113,759,33.519,25.632,0.0503,-0.0173,9.7538,0.0449,-0.2495,0.2101
31135,1126,757,33.554,25.615,0.0536,-0.0836,9.7645,-0.0609,0.0826,-0.1522
31140,1134,759,33.553,25.621,0.0207,0.0764,9.8296,0.2815,-0.0184,-0.2308
31145,1130,757,33.577,25.722,0.0192,-0.0144,9.8386,-0.0946,-0.3497,-0.0614
31150,1147,756,33.571,25.586,0.0373,-0.0383,9.8189,0.0274,0.4077,0.1865
31155,1147,757,33.545,25.655,0.0582,0.0067,9.8141,0.5311,-0.1275,-0.2344
31160,1161,757,33.69,25.55,0.0423,0.0075,9.7488,-1.0464,0.1966,0.3491
31165,1165,753,33.543,25.713,-0.0304,0.0595,9.794,0.3644,-0.0277,-0.0937
31170,1169,757,33.56,25.549,0.0481,-0.0035,9.839,0.138,-0.5588,0.5824
31175,1177,758,33.648,25.746,-0.0077,0.0366,9.7767,0.825,0.3388,-0.8664
31180,1172,755,33.524,25.699,-0.0,0.0753,9.8658,0.0549,-0.5175,-0.5923
31185,1181,757,33.557,25.685,0.1228,0.0923,9.8474,-0.0571,-0.5166,-0.3279
31190,1187,760,33.656,25.634,-0.0092,-0.0241,9.8494,-0.2056,0.1739,-0.4545
31195,1189,754,33.608,25.608,-0.0288,-0.066,9.783,0.3969,-0.2485,-0.04
31200,1176,759,33.59,25.622,0.02,0.0677,9.8392,-0.08,0.6757,0.1061
31205,1189,764,33.638,25.627,0.0712,0.0147,9.89,0.7625,-0.3364,0.3559
31210,1189,762,33.575,25.583,-0.0254,-0.074,9.7782,0.6902,-0.6017,0.2858
31215,1191,764,33.628,25.733,-0.0097,-0.028,9.8546,0.4512,-0.0806,0.639
31220,1186,763,33.55,25.618,0.0378,0.0383,9.8147,-0.3814,0.8493,-0.0199
31225,1191,763,33.611,25.749,-0.0196,-0.0737,9.7227,-0.8987,-0.504,-0.2947
31230,1177,765,33.603,25.682,0.0511,-0.0432,9.7405,0.7649,0.4439,0.2432
31235,1185,765,33.661,25.658,-0.0339,-0.0055,9.8372,0.0641,-0.3289,0.3364
31240,1181,772,33.567,25.646,-0.0028,-0.0214,9.7218,-0.1751,-0.0554,-1.1028
31245,1191,772,33.651,25.68,0.051,0.0514,9.8263,0.131,-0.173,-0.799
31250,1179,773,33.587,25.585,0.0449,0.0131,9.8148,-0.0621,-0.4726,0.7233
31255,1184,776,33.541,25.697,0.1176,0.076,9.8022,0.042,0.1981,-0.3482
31260,1171,776,33.628,25.55,0.0449,-0.1389,9.8615,-0.1966,-0.3135,-0.0499
31265,1174,775,33.627,25.666,-0.0411,-0.011,9.7739,0.3582,-1.1185,0.3655
31270,1183,781,33.656,25.607,-0.0216,0.0369,9.7896,0.2129,1.8667,0.3847
31275,1170,781,33.654,25.592,0.084,-0.0962,9.8133,0.5036,0.032,0.5986
31280,1161,776,33.557,25.548,0.0312,0.0349,9.7888,0.5565,0.4831,0.5208
31285,1170,785,33.628,25.564,0.0485,-0.0591,9.7747,0.0955,-0.1635,-0.1784
31290,1157,781,33.526,25.618,0.0129,0.0679,9.8607,0.8691,0.2634,-0.3304
31295,1146,784,33.546,25.602,-0.0268,-0.0135,9.8114,-0.0828,0.3351,0.6783
31300,1152,792,33.619,25.616,-0.0132,0.035,9.7542,-0.0636,0.2773,-0.3795
31305,1146,787,33.605,25.566,0.0058,0.0078,9.7375,-0.9734,-0.1244,-0.2237
31310,1135,789,33.621,25.576,0.036,-0.1113,9.8571,0.0099,0.1917,-0.2712
31315,1132,792,33.54,25.655,0.0142,-0.0671,9.8043,0.7401,0.8375,0.9184
31320,1135,799,33.514,25.611,-0.0544,-0.0002,9.7555,0.5966,-0.3062,0.8091
31325,1136,799,33.516,25.581,0.0477,-0.0125,9.7741,0.1264,0.3342,0.6285
31330,1133,798,33.536,25.606,0.0586,0.0418,9.8361,-0.4452,0.6448,0.0529
31335,1125,803,33.555,25.643,-0.0345,0.0535,9.8414,-0.6452,0.295,0.192
31340,1124,804,33.548,25.662,-0.0456,-0.0042,9.7754,-0.1866,-0.8275,0.1258
31345,1130,805,33.596,25.517,-0.0115,0.0333,9.7367,0.2561,0.1854,-0.126
31350,1120,813,33.573,25.674,0.055,0.0141,9.8844,-0.2007,1.0087,0.4823
31355,1121,808,33.641,25.655,0.0374,0.0298,9.8554,-0.1088,0.2488,0.1952
31360,1121,811,33.658,25.617,0.0509,-0.0338,9.8829,-0.5071,0.0422,-0.9441
31365,1114,811,33.574,25.643,-0.0233,-0.0393,9.7813,1.0176,0.0619,0.5651
31370,1118,817,33.651,25.608,0.0234,0.039,9.8485,-0.3879,0.5222,-0.1637
31375,1107,812,33.548,25.596,-0.0407,-0.0128,9.8155,-0.4892,-0.2458,0.0984
31380,1111,815,33.632,25.715,0.0059,-0.0782,9.8263,-0.1355,-0.4086,-1.0141
31385,1097,818,33.634,25.701,0.0494,-0.0407,9.809,1.0909,0.2617,0.4623
31390,1110,825,33.509,25.594,-0.0433,0.0177,9.7569,0.4864,0.3745,0.1236
31395,1100,817,33.582,25.635,0.0676,-0.1184,9.8639,0.444,0.0411,-0.4862
31400,1104,821,33.633,25.704,-0.005,-0.0389,9.8897,-0.0021,0.1685,-0.0927
31405,1096,821,33.609,25.709,-0.0375,-0.0317,9.8562,0.2739,0.2259,0.3478
31410,1092,826,33.547,25.619,0.0443,-0.0749,9.8233,-0.4555,0.3277,-0.5111
31415,1093,822,33.55,25.643,-0.0588,-0.0087,9.7924,0.3924,0.201,-0.1961
31420,1082,824,33.609,25.69,-0.1037,-0.0317,9.9046,0.2902,-0.4577,-0.3956
31425,1086,826,33.663,25.604,-0.0056,0.0479,9.8561,-0.0571,-0.1812,-0.8422
31430,1086,830,33.556,25.661,0.0167,0.0373,9.7876,-1.002,0.4813,0.6417
31435,1078,824,33.524,25.643,0.0946,0.1112,9.7832,-0.6723,-0.9036,-0.9215
31440,1072,827,33.518,25.592,0.0453,0.0077,9.8336,-0.7714,0.7843,0.8854
31445,1069,829,33.662,25.613,-0.0844,-0.0922,9.7938,-0.183,0.4133,-0.4555
31450,1074,829,33.604,25.595,-0.0468,0.0457,9.8208,0.2343,0.1449,0.2801
31455,1063,831,33.602,25.637,-0.0126,0.0581,9.8586,-0.18,0.2818,-0.4646
31460,1070,827,33.573,25.646,0.0333,-0.0248,9.8043,0.4487,0.2453,-0.7403
31465,1065,830,33.612,25.648,-0.0232,-0.0623,9.8578,-0.03,-0.7073,-0.6558
31470,1068,833,33.502,25.607,-0.0145,0.007,9.7973,-0.8323,0.7493,-0.1472
31475,1063,823,33.678,25.566,-0.0157,-0.002,9.7717,-0.1031,0.4454,0.2501
31480,1042,835,33.623,25.638,0.0697,0.0384,9.8221,0.2867,0.326,-0.6853
31485,1045,824,33.5,25.59,-0.0263,0.0497,9.8101,0.1156,-0.2858,0.5127
31490,1046,826,33.589,25.709,0.0498,0.0341,9.8126,0.6257,0.8564,0.8817
31495,1039,827,33.603,25.569,0.03,0.0118,9.8028,-0.3572,-0.7278,-0.6033
31500,1044,832,33.622,25.641,-0.0162,0.01,9.839,0.1796,-0.3666,0.0954
31505,1032,833,33.594,25.649,0.0778,0.0377,9.8188,0.4101,-0.5433,0.1277
31510,1023,829,33.562,25.681,-0.0429,-0.1036,9.744,-0.0433,-0.4372,0.6787
31515,1021,829,33.608,25.542,0.0372,0.0071,9.8148,0.3608,-0.0728,0.719
31520,1015,827,33.553,25.609,0.038,0.0259,9.8422,-0.7549,1.0618,-0.5124
31525,1003,829,33.494,25.601,0.0546,-0.0094,9.7688,-0.1531,-0.8195,0.1123
31530,996,824,33.512,25.648,0.0643,0.0666,9.7343,-0.0522,-0.048,-0.136
31535,989,825,33.616,25.643,-0.0483,0.1072,9.8808,0.8405,-1.0504,-0.0766
31540,984,825,33.567,25.621,0.0438,0.0876,9.7858,-0.0142,0.3947,0.3875
31545,985,823,33.525,25.563,0.0197,-0.0536,9.8341,-0.7437,-0.064,0.6077
31550,976,822,33.592,25.562,-0.0796,-0.0009,9.8458,0.6948,-0.0954,0.3356
31555,958,827,33.593,25.768,0.0335,0.1068,9.7615,0.8777,0.4827,-0.0417
31560,957,821,33.56,25.622,0.0435,0.0043,9.8775,0.8437,0.4823,-0.4026
31565,944,826,33.531,25.56,0.0354,0.023,9.7508,1.5338,-0.5216,0.3709
31570,947,820,33.53,25.597,-0.005,0.0358,9.8126,1.0269,0.3057,-0.1107
31575,931,822,33.625,25.488,0.0255,-0.0267,9.6815,0.2469,-0.1611,0.5566
31580,916,830,33.581,25.656,-0.0243,0.1189,9.7649,-0.6252,0.2959,-0.0109
31585,919,825,33.688,25.559,0.0016,-0.0409,9.7506,0.6399,-0.007,-0.5846
31590,906,820,33.579,25.551,-0.0885,0.0365,9.7913,0.7982,0.3329,-0.8022
31595,890,819,33.635,25.59,-0.0302,0.0132,9.7553,0.1821,-0.7588,-0.1838
31600,887,817,33.651,25.579,-0.0114,0.0421,9.7923,0.3425,-0.3802,0.0017
31605,877,812,33.556,25.657,-0.0198,0.02,9.7874,0.5936,-0.885,-0.7121
31610,868,819,33.607,25.609,-0.0962,0.0398,9.7675,0.3121,-0.0547,0.2666
31615,870,818,33.591,25.586,-0.0087,-0.0026,9.7763,-0.6889,-0.2293,-0.3147
31620,855,818,33.505,25.627,-0.0191,0.0286,9.8305,-0.6187,-0.2415,0.069
31625,836,818,33.555,25.651,-0.0025,0.0145,9.7968,0.2281,0.0961,0.7902
31630,830,811,33.581,25.623,0.1296,-0.0841,9.8461,0.7358,-0.0955,0.4022
31635,827,816,33.496,25.639,0.0139,-0.0637,9.753,-0.4514,0.0347,0.9824
31640,814,819,33.59,25.616,0.0379,-0.0522,9.7117,-0.0587,0.3996,-0.757
31645,814,817,33.555,25.584,0.0134,-0.0464,9.7903,-0.4129,-0.0955,-0.3814
31650,798,812,33.541,25.556,-0.0417,-0.0627,9.792,0.0781,-0.2852,0.2121
31655,804,810,33.512,25.758,0.0133,0.0259,9.746,0.9145,0.8367,-0.5382
31660,791,817,33.645,25.655,0.0221,0.0263,9.832,-0.0658,-0.6361,-0.1869
31665,782,817,33.563,25.586,-0.0282,0.0176,9.9072,-0.0924,0.0727,-0.3934
31670,779,818,33.642,25.75,-0.0319,-0.0165,9.819,0.1045,0.4816,-0.2939
31675,770,810,33.624,25.619,-0.071,-0.0184,9.7581,0.8826,0.2778,-0.1826
31680,762,814,33.544,25.638,-0.0961,0.0354,9.7954,-0.0348,-0.3272,-0.054
31685,770,810,33.534,25.637,-0.0535,-0.0252,9.8002,-0.1185,0.1995,-0.2409
31690,755,809,33.559,25.59,-0.0366,0.0443,9.8526,-0.4918,-0.2622,-0.4849
31695,757,812,33.56,25.651,0.025,-0.0729,9.7905,-0.2437,-0.2339,-0.0492
31700,749,811,33.503,25.52,-0.0503,0.0057,9.8008,0.2045,0.4306,-0.5705
31705,761,811,33.64,25.608,-0.021,-0.0038,9.7183,-0.387,0.827,0.9952
31710,741,817,33.547,25.702,0.0621,0.0019,9.6917,0.5448,0.2733,-0.4365
31715,746,808,33.439,25.607,0.0377,0.0112,9.8129,-0.3428,1.0687,0.5077
31720,743,813,33.518,25.633,-0.0273,0.0021,9.8445,0.4941,-0.2012,-1.0436
31725,748,806,33.51,25.66,0.0827,-0.0157,9.7893,0.0474,-0.4071,-0.8613
31730,750,816,33.569,25.689,-0.033,-0.0277,9.7442,0.353,-0.0379,-0.4627
31735,749,809,33.597,25.683,-0.0534,0.0982,9.8533,-0.1635,-0.1661,0.5738
31740,758,810,33.692,25.62,0.023,0.0157,9.8744,-0.184,0.0851,0.0306
31745,747,802,33.562,25.58,0.0138,-0.0126,9.7188,0.4772,0.9308,-0.4403
31750,757,805,33.734,25.723,-0.026,0.0415,9.7811,0.5228,-0.0207,-0.2438
31755,763,803,33.625,25.604,0.0404,0.0282,9.7999,0.4085,-0.2901,0.5362
31760,775,801,33.635,25.55,0.0094,-0.0269,9.8311,0.7724,0.3249,-0.2619
31765,776,801,33.572,25.721,-0.0533,0.0247,9.8265,0.1375,-0.2275,-0.1946
31770,779,804,33.601,25.642,-0.0539,0.0637,9.8147,0.5063,-0.0115,-0.8846
31775,783,803,33.634,25.617,0.0745,0.0507,9.7588,-0.2628,-0.4646,0.3395
31780,796,801,33.607,25.672,-0.0298,0.0041,9.8026,0.0213,-0.2324,0.3054
31785,813,803,33.556,25.544,-0.1351,-0.0356,9.8052,-0.4932,0.3811,0.1014
31790,813,804,33.535,25.584,-0.0306,-0.0886,9.8958,0.0799,-0.3122,0.0447
31795,815,794,33.6,25.628,-0.102,-0.0153,9.8283,1.0127,0.3034,-0.3854
31800,834,795,33.541,25.669,-0.034,0.0326,9.8819,0.4518,-0.6959,0.564
31805,849,792,33.581,25.562,0.1051,-0.0139,9.751,0.1928,-0.3935,0.5336
31810,849,795,33.648,25.682,0.0521,-0.0017,9.7548,-0.6339,-0.4867,0.6049
31815,852,790,33.59,25.588,0.0159,0.0087,9.7835,0.1392,0.1279,-0.913
31820,876,793,33.554,25.671,0.0683,0.0324,9.8015,0.3521,-0.6571,0.5978
31825,889,790,33.534,25.615,0.0091,-0.0066,9.7357,-0.0086,-0.7995,-0.3811
31830,901,791,33.571,25.644,-0.14,-0.0159,9.8129,-0.1477,-0.0244,0.2618
31835,904,786,33.595,25.587,-0.0206,0.0036,9.8818,-0.9967,0.2104,0.5567
31840,911,787,33.586,25.56,-0.0617,0.0492,9.8382,-0.8493,0.0015,-0.0336
31845,934,781,33.53,25.569,-0.0499,0.0051,9.8445,-0.6415,-0.5735,-0.088
31850,947,784,33.605,25.594,0.0424,-0.0176,9.8223,-0.6855,1.0439,0.05
31855,952,782,33.606,25.64,-0.0591,-0.0429,9.74,0.3718,-0.0649,0.3529
31860,963,781,33.535,25.567,0.0398,0.0473,9.8032,-0.2253,-0.6893,0.2522
31865,974,782,33.516,25.604,-0.0576,0.0263,9.7578,-0.1189,0.1369,-0.426
31870,999,772,33.581,25.656,0.0059,0.0881,9.793,-0.0573,-0.5314,0.1589
31875,1006,779,33.549,25.631,-0.0867,0.0168,9.7002,0.7815,0.2775,-0.0269
31880,1022,776,33.528,25.588,-0.0625,-0.0215,9.7765,0.5798,1.0229,0.6072
31885,1020,772,33.585,25.62,0.0441,0.0229,9.7849,-0.9794,0.3445,1.3591
31890,1042,767,33.575,25.61,0.0924,0.0134,9.8381,0.0372,-0.5685,-0.0569
31895,1044,768,33.572,25.665,-0.0387,-0.0197,9.8573,-0.0224,0.5305,-0.2069
31900,1058,773,33.637,25.607,0.0043,-0.0119,9.7842,-0.6138,-0.4635,0.3867
31905,1066,766,33.623,25.606,0.0127,-0.0299,9.8598,-0.5253,0.2482,0.5583
31910,1079,766,33.606,25.67,0.0488,-0.0218,9.7943,-0.1107,0.1222,-0.3528
31915,1094,761,33.633,25.668,-0.0292,-0.0327,9.811,0.1167,-0.2781,0.537
31920,1094,763,33.583,25.599,0.0168,0.0495,9.7996,-0.1748,-0.4551,-0.3166
31925,1107,766,33.597,25.597,0.0734,-0.0527,9.8238,-0.3887,0.4678,-0.2138
31930,1114,760,33.609,25.523,0.0741,-0.0286,9.8044,-0.3861,-1.2515,0.1829
31935,1121,756,33.615,25.565,-0.0025,0.0364,9.814,0.8308,-0.86,-0.7778
31940,1129,764,33.575,25.654,0.1097,0.0025,9.8094,-0.2721,-1.6769,0.3473
31945,1138,764,33.581,25.644,-0.0453,0.0135,9.7902,-0.1573,0.0567,-0.319
31950,1154,756,33.561,25.655,-0.0578,0.028,9.9294,0.34,0.9369,-1.0249
31955,1154,762,33.605,25.674,-0.067,0.0191,9.8449,-0.0883,0.5648,-0.4457
31960,1160,763,33.515,25.658,-0.1146,-0.1195,9.888,0.2365,0.5613,0.0766
31965,1160,760,33.557,25.628,-0.0398,0.042,9.8619,-0.2697,0.5294,-0.1594
31970,1174,756,33.619,25.542,-0.0077,0.0543,9.716,0.1146,-0.0024,-0.3224
31975,1170,760,33.556,25.663,-0.0126,0.0215,9.867,-0.803,-0.445,0.3698
31980,1170,753,33.634,25.605,0.1054,-0.0523,9.7675,0.0212,0.3018,-0.3601
31985,1178,757,33.503,25.628,0.0427,-0.0312,9.8655,-0.6518,0.7899,0.3328
31990,1178,762,33.656,25.596,-0.0125,0.013,9.8079,0.2393,-0.5181,0.3706
31995,1186,755,33.603,25.61,-0.0311,0.0681,9.8299,-0.6244,-0.3233,0.0616
32000,1183,760,33.485,25.646,-0.0377,0.0211,9.7574,-0.0598,0.0263,0.2714
32005,1182,758,33.605,25.563,-0.0902,-0.0342,9.7216,-0.0426,-0.5824,-0.0552
32009,1186,762,33.566,25.656,-0.1101,0.0274,9.8167,0.2575,-0.4813,0.3095
32015,1192,764,33.548,25.628,0.008,0.0232,9.8345,-0.1419,-0.467,0.3066
32020,1191,767,33.535,25.598,0.0284,-0.0644,9.8114,0.1959,-0.3947,0.196
32025,1184,770,33.637,25.609,0.0463,0.006,9.833,-0.2002,-0.4518,0.1761
32030,1184,769,33.641,25.607,0.066,0.0561,9.8347,-0.1576,-0.791,-0.7735
32034,1181,769,33.6,25.579,-0.0328,0.0528,9.8193,0.9374,-0.3661,0.2567
32040,1180,772,33.601,25.58,0.0673,-0.1214,9.8128,0.2715,1.2665,-0.3803
32045,1184,769,33.569,25.676,0.0862,0.0415,9.7891,-0.2623,-0.1045,0.1348
32049,1176,771,33.676,25.695,-0.0092,0.0726,9.8023,0.3744,0.7358,-0.5394
32055,1176,773,33.545,25.604,0.0261,-0.0162,9.813,0.8926,0.7416,0.1114
32060,1173,774,33.596,25.676,0.0461,0.033,9.7567,0.2208,0.0178,-0.6668
32064,1168,773,33.5,25.63,0.0132,0.0275,9.7979,-0.7811,-0.1789,0.374
32070,1172,777,33.61,25.569,-0.0254,0.0291,9.7518,-0.1727,0.5074,-0.3044
32075,1160,783,33.637,25.735,0.0548,-0.0149,9.7664,1.1683,0.0162,0.2008
32080,1157,778,33.572,25.682,0.0428,0.0325,9.8443,0.0216,0.0027,0.313
32085,1165,781,33.507,25.663,0.0996,0.03,9.8034,0.6659,0.3343,-0.5859
32090,1156,784,33.516,25.662,0.0582,0.0486,9.7729,0.3773,-0.2693,-0.1048
32095,1153,790,33.565,25.613,0.0037,-0.0443,9.8276,0.2778,0.4428,0.2185
32100,1168,794,33.649,25.551,0.0252,0.004,9.7887,-0.343,0.0876,-0.5819
32104,1149,790,33.585,25.658,-0.0281,0.0609,9.7421,0.4958,-0.5336,0.3479
32110,1146,792,33.623,25.649,-0.0248,0.0065,9.8444,-0.0583,-0.3422,0.2314
32115,1147,801,33.483,25.572,-0.0201,-0.0319,9.7905,0.6703,0.5018,0.2032
32119,1133,793,33.548,25.598,-0.0517,0.0536,9.8241,0.2928,0.0084,0.3586
32125,1131,798,33.638,25.599,-0.0086,-0.029,9.7756,0.1428,-1.2142,0.2197
32130,1137,801,33.605,25.522,-0.0246,0.1213,9.84,0.1452,0.1799,-0.466
32134,1129,810,33.585,25.668,-0.0186,-0.0205,9.789,-0.6008,0.6302,0.0756
32140,1123,802,33.587,25.508,0.1171,-0.0261,9.8194,-0.8594,0.706,-0.2085
32145,1122,811,33.535,25.619,-0.0125,0.032,9.8452,0.7076,-0.6055,0.3259
32150,1133,809,33.586,25.597,-0.0162,-0.025,9.7572,-0.2764,-0.5536,-0.0297
32155,1118,809,33.618,25.613,0.0269,-0.0442,9.8348,0.2238,0.6325,-0.6946
32159,1112,814,33.525,25.566,0.0367,-0.0774,9.8006,0.1792,-0.4566,-0.463
32165,1117,813,33.588,25.519,-0.0006,0.067,9.7855,0.6906,0.4041,-0.1231
32170,1109,819,33.659,25.645,-0.0525,-0.0197,9.8453,0.3768,0.2694,-0.3359
32174,1109,818,33.584,25.672,0.065,0.0646,9.7773,0.3278,0.7623,0.0995
32180,1107,819,33.506,25.566,0.107,0.0426,9.7621,0.0206,-0.093,-0.2529
32185,1106,818,33.562,25.553,0.0565,0.0519,9.7799,-0.3115,-0.3727,-0.0205
32189,1103,813,33.553,25.683,0.013,-0.011,9.7877,-0.0276,-0.4796,-0.3185
32195,1097,818,33.549,25.546,0.0853,0.0067,9.7435,-0.7212,0.8839,-0.8116
32200,1102,823,33.526,25.495,0.0257,-0.0401,9.7363,0.3079,0.0464,1.1717
32205,1091,817,33.564,25.592,0.0349,0.0161,9.8322,-0.2502,-0.61,-0.0261
32210,1094,820,33.626,25.611,-0.0602,0.0075,9.7519,0.9545,0.4902,0.3372
32215,1096,829,33.626,25.662,-0.0464,0.0089,9.8003,-0.0535,0.4282,-0.3285
32220,1082,834,33.644,25.592,-0.102,-0.0783,9.8511,-0.2846,0.4765,-0.0067
32225,1089,828,33.538,25.616,0.1246,0.0004,9.7641,0.0518,0.1482,-0.3079
32229,1086,833,33.547,25.603,0.0131,-0.008,9.8226,0.0418,-0.689,-0.3095
32235,1074,834,33.554,25.617,-0.0219,-0.0288,9.7782,-0.0776,-0.4682,0.5755
32240,1080,828,33.629,25.613,0.0985,-0.0697,9.9314,-1.0467,-0.4064,-0.0155
32244,1079,835,33.545,25.603,0.0163,-0.0283,9.8138,0.1649,-0.1115,-0.2173
32250,1067,826,33.606,25.663,-0.0203,-0.0261,9.7771,0.0695,0.1309,-0.7588
32255,1061,830,33.481,25.7,0.0161,-0.0112,9.7627,0.2186,0.3661,-1.381
32259,1063,826,33.549,25.619,0.0439,-0.0617,9.7805,-0.7719,0.3026,0.3626
32265,1053,833,33.661,25.632,0.0407,0.0597,9.7635,-0.3294,-0.3039,0.3451
32270,1063,828,33.597,25.66,-0.0243,0.006,9.7638,-0.1621,-0.4327,-0.0684
32275,1061,830,33.546,25.566,-0.0569,-0.009,9.7624,-0.1909,-0.0925,-0.7836
32280,1053,830,33.611,25.574,0.013,0.0282,9.7964,0.4017,0.3741,-0.5807
32284,1045,826,33.6,25.625,-0.0448,0.0602,9.8766,0.1899,-0.2339,-0.5081
32290,1048,824,33.596,25.515,-0.0284,-0.0298,9.7998,0.3362,-0.1146,-0.2525
32295,1043,831,33.614,25.658,-0.0128,0.0799,9.7344,0.5011,1.0467,-0.6379
32299,1034,831,33.569,25.645,-0.087,0.0148,9.8197,0.6775,0.6525,0.4628
32305,1040,829,33.591,25.6,0.0068,-0.0409,9.7244,0.5465,-0.4716,0.7829
32310,1024,832,33.548,25.579,-0.0076,-0.0193,9.7735,0.1893,0.1095,0.1335
32314,1016,831,33.541,25.583,0.0026,-0.0621,9.8689,-0.1751,0.2851,-0.5427
32320,1009,825,33.577,25.729,0.0396,0.0218,9.8023,-0.1258,-0.3613,-0.8116
32325,1007,828,33.602,25.582,-0.0109,0.0507,9.8091,0.4552,0.1967,0.2011
32330,1005,826,33.559,25.63,0.0355,-0.0318,9.8029,-0.9196,0.0895,-0.1143
32335,985,825,33.584,25.622,0.0243,0.0234,9.8097,0.0727,0.7882,-0.7533
32340,984,826,33.45,25.585,0.027,0.014,9.7932,-0.0886,-0.2529,-0.7368
32345,981,826,33.594,25.661,-0.0063,0.0077,9.8506,-0.5578,-0.6408,-0.4967
32350,973,821,33.625,25.558,-0.0599,0.0493,9.8158,-1.0205,-0.2089,-0.3802
32354,963,825,33.619,25.698,-0.1713,-0.0071,9.9033,-0.0139,0.0854,0.0706
32360,948,827,33.532,25.604,-0.0247,-0.0529,9.8291,-0.0043,-0.2592,0.4703
32365,935,820,33.592,25.658,-0.021,0.0069,9.7645,0.2104,-0.2733,0.459
32369,932,819,33.663,25.639,0.0198,-0.0667,9.855,-0.421,-0.4572,1.014
32375,921,819,33.638,25.724,0.0249,0.0402,9.7926,-0.3837,-0.1329,-0.5254
32380,926,823,33.61,25.573,-0.003,0.0393,9.8432,-0.1618,0.3267,0.3967
32384,907,820,33.576,25.585,-0.0427,0.1236,9.8263,0.5392,1.298,-0.2884
32390,901,826,33.577,25.668,-0.0358,-0.0154,9.7706,0.4406,-0.1127,-0.6392
32395,899,828,33.567,25.689,-0.0408,-0.025,9.808,0.4737,-0.2629,0.4516
32400,890,818,33.63,25.633,-0.0786,-0.0052,9.8054,-0.0698,-0.2217,0.3026
32405,865,813,33.519,25.757,0.0382,-0.013,9.7566,0.7064,0.4758,-0.673
32409,858,821,33.555,25.56,-0.0114,-0.0396,9.7822,0.9642,0.864,0.0185
32415,855,812,33.501,25.605,0.0567,0.0314,9.8543,-0.5781,-0.0218,0.8399
32420,842,820,33.544,25.61,0.0164,0.0183,9.6977,0.4887,-0.1505,-0.0982
32424,833,816,33.639,25.542,-0.0434,-0.0766,9.7885,-0.2724,-0.5263,0.1667
32430,826,816,33.541,25.544,0.0627,0.006,9.7797,0.1401,-0.3758,0.3224
32435,820,818,33.551,25.562,0.0473,-0.0783,9.8251,0.4161,0.0723,0.4561
32439,828,816,33.593,25.559,-0.0184,0.0175,9.8936,-0.3801,0.6511,-0.2046
32445,799,818,33.642,25.545,-0.0688,-0.0091,9.8284,-0.1435,-0.5675,-0.1339
32450,793,817,33.601,25.484,0.0483,0.0734,9.7843,1.0773,0.0639,0.305
32455,795,814,33.61,25.614,-0.0837,0.068,9.7538,0.0242,0.0849,-0.1954
32460,786,820,33.576,25.572,0.008,0.0732,9.7898,0.2369,-0.1163,-0.2276
32465,779,817,33.575,25.783,-0.0294,-0.0048,9.7902,-0.5602,-0.1678,-0.7088
32470,782,812,33.594,25.604,-0.1098,-0.1014,9.8289,-0.2427,-0.1625,0.3759
32475,763,814,33.525,25.592,-0.0054,0.108,9.8117,0.4765,-0.5413,0.4727
32479,761,812,33.595,25.647,-0.0263,0.0308,9.9051,0.2488,-0.2971,0.2941
32485,758,815,33.536,25.582,0.0695,0.0276,9.8336,0.5772,0.2153,0.6934
32490,761,810,33.571,25.599,-0.0745,-0.0602,9.7517,-0.1981,0.4092,-0.1717
32494,758,809,33.588,25.501,-0.0869,-0.0834,9.7764,-0.8557,-0.8912,0.284
32500,753,815,33.592,25.53,-0.0433,-0.0127,9.8335,-1.199,0.6252,-0.1933
32505,753,812,33.512,25.655,0.0173,-0.0411,9.8168,0.5014,-0.0138,0.2115
32509,748,813,33.621,25.603,0.0112,0.0398,9.7458,-0.3389,0.4624,-0.4414
32515,744,813,33.552,25.634,0.0083,0.0695,9.773,0.1623,0.9648,-0.8119
32520,749,809,33.621,25.626,0.0169,-0.0045,9.7035,0.059,0.0999,0.2332
32525,752,808,33.501,25.621,-0.1362,0.0285,9.7988,-0.0795,0.5793,-0.4704
32530,753,806,33.562,25.689,0.0686,0.0467,9.8248,0.4583,0.1251,-0.2926
32534,744,807,33.517,25.564,0.055,-0.0437,9.8246,-0.8948,0.4903,-0.2895
32540,762,808,33.615,25.588,0.0827,0.0212,9.8277,-0.9805,-0.3274,-0.1623
32545,757,798,33.528,25.576,0.0465,-0.0239,9.8328,-0.6831,0.8178,0.4096
32549,759,807,33.562,25.617,0.0705,-0.0255,9.8167,0.1011,-0.5162,0.5281
32555,770,803,33.53,25.575,0.0225,-0.0056,9.7777,-0.102,-1.1391,0.1173
32560,769,805,33.648,25.645,0.0387,-0.0319,9.8171,-0.0976,-0.6704,-0.4374
32564,774,806,33.624,25.585,-0.0952,-0.0435,9.8103,-0.6128,-0.0523,-0.4559
32570,784,803,33.592,25.594,-0.0611,-0.0302,9.7946,-0.726,-0.1033,-0.1946
32575,792,799,33.501,25.576,-0.0117,0.0414,9.8179,0.5378,0.0037,-0.354
32580,801,797,33.517,25.643,-0.015,-0.0059,9.803,1.3935,0.2618,-0.5789
32585,815,800,33.563,25.608,0.0043,0.0366,9.7659,-0.459,-0.7117,0.4586
32590,810,797,33.592,25.673,0.1109,0.0555,9.8544,0.3699,0.1114,0.0291
32595,828,794,33.603,25.562,-0.0145,-0.1231,9.7794,-0.305,-1.5797,0.5958
32600,841,797,33.682,25.587,-0.0687,0.0318,9.7754,0.122,-0.0475,-0.4625
32604,852,800,33.565,25.634,0.1067,-0.0043,9.8723,0.5978,-0.4702,-0.5226
32610,856,792,33.567,25.629,0.0152,0.0431,9.8576,1.211,-0.0715,-0.1577
32615,869,790,33.501,25.704,0.0264,-0.0031,9.7235,-0.0138,1.1038,1.2108
32619,873,795,33.539,25.516,0.0218,0.033,9.7863,0.3565,-0.402,-0.7476
32625,886,790,33.51,25.531,-0.0747,-0.0727,9.8669,-0.1512,0.368,0.6077
32630,902,791,33.657,25.551,0.0784,-0.0024,9.8088,-0.8156,-0.174,-0.1623
32634,915,783,33.57,25.648,0.0136,0.0044,9.8298,0.9259,-0.1012,0.9305
32640,933,782,33.553,25.645,0.0175,-0.0085,9.7571,0.2908,-0.7511,-0.4945
32645,941,782,33.583,25.532,0.0511,0.0325,9.799,0.0411,0.4199,0.1293
32650,944,780,33.603,25.582,-0.0347,0.0131,9.8338,0.3301,-0.5681,0.0877
32655,965,784,33.556,25.637,0.0627,0.0333,9.8328,0.5132,-0.0328,0.0478
32659,979,782,33.625,25.628,0.0239,0.0798,9.7617,0.0364,-0.2328,-0.0868
32665,985,777,33.583,25.603,-0.0086,-0.047,9.8341,0.3749,-0.4656,0.0056
32670,990,770,33.642,25.602,0.0302,0.0523,9.8743,0.5681,0.1804,-0.1216
32674,1013,774,33.584,25.568,-0.0382,0.0756,9.8273,0.4294,0.2318,-0.4081
32680,1019,775,33.544,25.662,0.0269,0.0291,9.7416,0.22,0.6385,-0.0309
32685,1029,769,33.596,25.652,-0.0132,-0.0285,9.8888,-0.4791,-0.2943,1.0731
32689,1045,773,33.6,25.619,-0.0508,-0.0142,9.7655,-0.5649,-0.5712,0.3662
32695,1055,770,33.56,25.646,-0.017,-0.038,9.7886,0.4826,0.0521,-0.3386
32700,1067,766,33.628,25.632,0.0464,-0.0236,9.7892,0.2196,-0.1564,-0.0489
32705,1077,768,33.543,25.616,-0.0075,0.047,9.7546,0.5579,0.5604,-0.235
32710,1082,761,33.586,25.639,-0.0805,0.0215,9.7284,-0.308,0.7912,0.4151
32715,1085,767,33.702,25.631,-0.0319,0.0018,9.7615,0.7501,0.7662,0.6909
32720,1111,761,33.542,25.676,0.0651,0.074,9.774,-0.0849,-0.5056,0.2313
32725,1113,763,33.449,25.594,0.0758,-0.0113,9.8351,-0.1687,-0.2995,-0.4736
32729,1113,762,33.592,25.599,0.0592,0.0195,9.7693,-0.6308,-0.1204,-0.7352
32735,1128,761,33.546,25.515,0.0024,0.0337,9.7522,0.2232,0.3038,0.1552
32740,1142,765,33.659,25.618,0.0274,0.0705,9.7652,0.275,-0.3482,-0.1919
32744,1147,769,33.561,25.596,0.0458,0.0155,9.8216,0.0367,-0.396,-0.1252
32750,1150,761,33.662,25.605,0.0443,0.022,9.7579,0.9836,0.1019,0.2991
32755,1153,760,33.546,25.565,-0.0143,-0.0132,9.8574,-0.6709,-0.4406,0.0208
32759,1161,757,33.544,25.557,0.0036,-0.1037,9.8897,-0.9068,0.055,0.5724
32765,1167,758,33.565,25.646,-0.0574,0.0461,9.8596,-0.2243,0.1465,-0.5157
32770,1176,762,33.571,25.708,0.0188,0.0391,9.8344,0.1852,0.0819,-0.0176
32775,1174,767,33.618,25.621,-0.0029,0.059,9.8744,0.1283,0.2479,0.3625
32780,1175,761,33.533,25.64,0.0461,0.0672,9.7892,0.973,0.532,0.0441
32785,1184,755,33.615,25.699,0.0159,-0.0679,9.8115,-0.0149,0.1543,0.5266
32790,1187,762,33.599,25.752,0.1137,-0.08,9.7285,-0.302,0.4442,-0.0082
32795,1185,764,33.531,25.574,-0.1037,-0.0635,9.8643,0.8947,-0.9144,0.1144
32800,1184,761,33.572,25.563,-0.0347,-0.0512,9.8118,0.5591,0.3803,-0.2575
32805,1193,765,33.506,25.567,-0.0617,-0.0668,9.7975,-0.402,0.0098,-0.2935
32810,1182,761,33.552,25.524,0.0587,-0.0641,9.727,-0.0154,-0.4853,1.1324
32815,1194,762,33.64,25.658,0.0504,0.0118,9.7505,0.2792,-0.9168,-0.7459
32820,1187,766,33.513,25.711,0.0068,-0.0132,9.7996,0.5196,0.3922,-0.2063
32825,1192,766,33.563,25.587,0.0435,0.1032,9.7723,0.0319,0.8746,0.0478
32830,1185,770,33.557,25.627,-0.0416,0.0774,9.7066,0.7357,0.1727,-0.547
32835,1192,771,33.561,25.579,0.0452,0.0584,9.74,-0.3298,0.6133,0.314
32840,1173,774,33.71,25.568,0.0585,-0.0446,9.8794,-0.3,0.4676,0.0594
32845,1185,774,33.586,25.489,-0.0369,-0.0308,9.7978,0.8626,-0.1089,0.6092
32850,1180,773,33.656,25.577,-0.0819,-0.0453,9.76,0.7694,-0.1538,-0.3815
32855,1180,777,33.557,25.611,0.0288,-0.0055,9.7791,-0.2808,0.9935,0.2674
32860,1176,773,33.55,25.676,-0.0572,-0.0882,9.8284,0.3498,-0.3543,-0.7318
32865,1157,774,33.581,25.54,-0.0684,-0.0368,9.8228,0.2357,0.0104,-0.1099
32870,1163,776,33.546,25.591,0.089,-0.0209,9.8799,-0.2761,0.2591,0.1333
32875,1171,779,33.512,25.702,-0.0304,-0.026,9.9092,0.2112,-0.5243,-0.4684
32880,1153,786,33.507,25.571,-0.0011,-0.0375,9.7846,-0.2899,0.3516,0.1
32885,1154,785,33.517,25.568,-0.0448,-0.0858,9.714,-0.626,-0.7603,0.7011
32890,1165,787,33.535,25.617,-0.0457,0.0403,9.8209,0.0858,-0.4766,-0.3593
32895,1145,792,33.535,25.606,0.0018,-0.003,9.7367,0.1852,-0.6225,-0.124
32900,1152,793,33.593,25.664,0.0085,-0.0845,9.7351,0.4163,-0.1433,-0.0712
32905,1150,788,33.614,25.603,-0.0357,0.0459,9.793,-0.076,-0.0856,0.6127
32910,1138,800,33.555,25.661,0.0335,-0.0691,9.7837,-0.3526,-0.2367,0.778
32915,1126,800,33.71,25.661,-0.0455,-0.0636,9.8397,-0.0277,-0.7933,-0.2685
32920,1135,795,33.534,25.526,0.0547,-0.0235,9.8751,-0.4889,-0.3436,0.4706
32925,1139,802,33.554,25.566,0.0528,-0.0185,9.8811,-0.0817,-0.0629,0.4573
32930,1138,805,33.501,25.519,-0.0159,-0.031,9.8819,0.1072,-0.8041,0.0359
32935,1127,808,33.621,25.648,-0.0202,0.0374,9.9277,-0.2586,-0.0518,-0.0855
32940,1126,805,33.578,25.66,-0.0119,0.0144,9.8027,0.1041,0.3846,0.02
32945,1128,809,33.6,25.624,-0.0201,-0.0093,9.9214,-0.989,0.9882,0.2292
32950,1125,812,33.52,25.64,0.0555,0.0042,9.8372,1.3247,0.9201,0.357
32955,1103,815,33.55,25.508,0.016,-0.0292,9.7966,-0.5042,-0.2466,-0.311
32960,1121,815,33.519,25.55,0.0809,0.0184,9.8357,-0.138,0.0169,0.273
32965,1107,817,33.601,25.631,0.0323,0.0151,9.7597,0.0677,0.2754,0.5362
32970,1120,816,33.513,25.566,0.0086,0.0042,9.8369,0.1403,0.4431,0.4997
32975,1109,817,33.576,25.622,-0.0443,-0.049,9.8306,-0.6925,-0.1706,0.7948
32980,1104,817,33.595,25.686,0.0404,-0.0813,9.8047,-0.6289,-0.3877,0.1388
32985,1105,821,33.628,25.614,0.0671,0.1021,9.8108,0.8176,0.617,-0.2437
32990,1096,822,33.497,25.522,0.0362,0.0441,9.8005,0.5205,0.4291,0.3648
32995,1096,821,33.636,25.631,0.0387,0.0675,9.8426,0.4898,-0.5916,0.6147
33000,1108,822,33.665,25.67,-0.0169,-0.0269,9.7883,-0.3128,-0.7644,0.7914
33005,1095,827,33.517,25.653,0.0444,-0.0316,9.8593,0.8077,-0.2899,0.3427
33010,1084,830,33.498,25.674,-0.0309,0.0958,9.8724,-0.1418,0.1324,-0.1585
33015,1088,825,33.596,25.618,0.0383,-0.1262,9.8022,0.2783,0.0147,-0.5121
33020,1088,827,33.56,25.528,0.0636,-0.0316,9.8696,0.7104,-1.0396,0.7006
33025,1083,829,33.573,25.641,-0.0698,-0.0429,9.8139,-0.0513,0.3574,-0.25
33030,1092,832,33.603,25.488,-0.0365,0.0206,9.7409,0.2207,-0.4191,0.1575
33035,1075,829,33.648,25.675,0.0965,0.0604,9.8219,0.3143,-0.2147,0.2579
33040,1077,831,33.576,25.587,0.0184,-0.0328,9.7687,-0.1023,0.1838,0.3524
33045,1064,833,33.649,25.583,0.033,-0.0006,9.7175,0.823,-0.1176,0.5292
33050,1062,830,33.616,25.6,-0.0264,0.0536,9.7716,0.4892,0.7245,-0.0256
33055,1062,832,33.572,25.645,-0.0201,-0.0346,9.8252,-0.2656,0.3387,0.6047
33060,1063,831,33.675,25.579,0.053,-0.0886,9.8904,0.1128,0.6259,-0.6433
33065,1056,827,33.515,25.626,-0.1064,-0.0449,9.8145,-0.5854,-0.9146,0.0782
33070,1063,834,33.583,25.481,-0.0251,0.0444,9.8288,0.2728,-0.0318,0.0598
33075,1058,827,33.57,25.651,-0.0178,0.0292,9.7096,0.8751,0.2373,-0.2198
33080,1044,830,33.581,25.619,-0.0683,-0.0043,9.8241,0.8264,-0.2078,0.8329
33085,1055,831,33.602,25.658,0.0224,0.0846,9.7924,-0.3109,0.5583,0.045
33090,1028,826,33.527,25.527,0.0222,0.0691,9.7585,0.3585,-0.4993,0.532
33095,1030,832,33.448,25.662,-0.0875,0.0068,9.8508,-0.5871,-0.565,0.8733
33100,1026,827,33.56,25.632,-0.0156,0.0075,9.8882,0.4961,-0.4152,0.313
33105,1023,826,33.571,25.56,0.0262,-0.0232,9.8099,0.2075,-0.3922,0.0217
33110,1016,829,33.518,25.576,-0.0463,-0.0507,9.8449,0.6529,0.4827,-0.6616
33115,1009,824,33.512,25.724,-0.0305,-0.0258,9.815,-0.4343,-0.2647,-0.7321
33120,1009,822,33.539,25.592,0.0147,0.0298,9.7868,-0.002,-1.3004,0.2548
33125,1005,826,33.553,25.546,-0.0302,0.0333,9.8858,0.4385,-0.9105,0.341
33130,990,825,33.538,25.658,-0.0007,-0.0667,9.8248,0.8163,-0.1623,0.3408
33135,989,826,33.59,25.625,0.0543,-0.0147,9.8426,0.4117,-0.0364,0.4847
33140,978,828,33.568,25.688,0.0272,-0.0075,9.8845,0.1009,0.9615,-0.083
33145,973,827,33.534,25.636,-0.0534,0.0376,9.8149,-0.1068,0.0969,-1.1701
33150,961,826,33.461,25.603,-0.0181,0.0841,9.9287,-0.0275,-0.1438,-0.2695
33155,956,823,33.567,25.566,0.0195,-0.019,9.8153,-0.544,-0.4058,0.0591
33160,947,822,33.535,25.577,0.016,0.0768,9.8454,0.1646,0.2503,-0.5462
33165,942,825,33.568,25.673,-0.0239,0.0602,9.7804,-0.145,-0.6161,-0.0791
33170,931,820,33.544,25.603,-0.0653,-0.0667,9.8102,0.3353,-0.5471,-0.6929
33175,920,825,33.551,25.557,-0.0564,-0.006,9.8533,-0.0361,0.03,-0.3307
33180,914,824,33.574,25.579,-0.0401,-0.0625,9.7763,-0.3726,0.2317,1.517
33185,904,819,33.608,25.641,0.0087,0.0143,9.8105,-0.2381,-0.4108,-0.0898
33190,893,822,33.617,25.591,0.072,0.0102,9.8265,-0.0922,-0.4984,0.1745
33195,883,822,33.599,25.62,-0.0934,-0.0237,9.7498,0.7059,1.135,-0.3205
33200,884,813,33.595,25.641,0.0391,0.0267,9.708,0.6816,-0.5597,-0.0692
33205,871,819,33.547,25.662,-0.0323,-0.037,9.8511,-0.2937,-1.2082,0.2786
33210,863,821,33.576,25.629,-0.0094,0.0198,9.8392,0.2146,-0.9318,-0.2633
33215,845,814,33.529,25.608,0.0087,-0.066,9.7885,0.4443,0.7597,0.0984
33220,856,820,33.637,25.572,0.0932,0.0513,9.8757,0.6036,0.2629,-0.6746
33225,845,817,33.535,25.507,0.0512,-0.0682,9.8374,-0.5797,-0.3715,-0.6164
33230,822,812,33.619,25.617,0.0922,0.0382,9.9147,-1.0852,-0.6642,-0.1228
33235,811,819,33.59,25.718,0.0812,-0.0534,9.804,-0.4727,0.5565,0.1241
33240,804,816,33.529,25.651,0.0172,-0.004,9.7429,0.5775,0.413,0.525
33245,809,814,33.545,25.64,0.0072,0.0294,9.7495,-0.1677,0.6428,-0.0816
33250,792,815,33.558,25.644,0.0042,-0.0636,9.7712,-0.6981,0.2422,0.0061
33255,788,815,33.619,25.566,-0.0532,0.0406,9.7902,-0.0601,-0.7152,0.9107
33260,782,813,33.581,25.641,0.0076,0.0155,9.7585,0.311,-0.2886,0.2292
33265,782,814,33.686,25.555,0.0322,-0.003,9.7615,-0.5614,0.3161,0.0782
33270,774,814,33.572,25.632,-0.0378,0.0346,9.7819,-0.8034,0.6061,-0.3626
33275,774,814,33.524,25.586,-0.0052,0.0007,9.7877,-0.203,0.2452,-0.5601
33280,764,813,33.515,25.567,-0.0618,-0.0659,9.7877,-1.0188,-0.0225,0.1871
33285,761,811,33.54,25.637,-0.0444,0.0095,9.8717,-0.3957,0.5619,-0.0404
33290,758,809,33.562,25.55,0.0127,-0.0693,9.8202,-0.4348,-0.6502,0.2411
33295,750,812,33.574,25.614,0.0053,0.0228,9.7563,-0.3648,0.3908,-0.4329
33300,750,816,33.541,25.673,0.0563,0.0104,9.7987,1.4841,0.3615,1.3295
33305,747,813,33.601,25.554,-0.0362,0.0332,9.8046,0.2998,0.4567,0.1467
33310,740,811,33.567,25.578,0.0096,0.0791,9.8182,-0.9247,0.2333,0.9601
33315,753,811,33.603,25.556,-0.0628,0.0686,9.7693,0.4713,0.0061,-0.012
33320,751,808,33.526,25.615,-0.0324,-0.0655,9.8252,-0.7817,-0.4112,-0.0071
33325,747,810,33.526,25.635,-0.0198,-0.0354,9.8155,-0.4907,-0.3698,-0.5048
33330,746,807,33.518,25.645,-0.0539,0.0618,9.796,0.2784,0.2442,1.2336
33335,751,802,33.493,25.568,-0.0506,0.0124,9.7909,-0.5425,1.1058,-0.1148
33340,756,804,33.627,25.582,0.0417,0.0375,9.8656,-0.0606,-0.2259,-0.5954
33345,764,806,33.583,25.626,0.0385,-0.0648,9.7739,-0.7788,-0.8791,0.3759
33350,771,806,33.642,25.626,0.0987,0.055,9.7751,-0.0893,-0.448,-0.3838
33355,767,804,33.655,25.682,0.0085,-0.0128,9.6907,0.4061,-0.41,0.4769
33360,774,797,33.599,25.575,-0.0287,0.1257,9.8211,0.2043,0.5126,0.6878
33365,790,808,33.582,25.731,0.0578,-0.0253,9.7927,0.3038,-0.489,-0.4124
33370,784,800,33.594,25.642,-0.0275,0.0098,9.778,0.2939,0.8132,-0.3748
33375,796,804,33.639,25.635,0.0339,0.0207,9.7093,0.1376,0.064,0.0132
33380,800,797,33.605,25.606,0.0322,-0.0153,9.7042,-0.7192,-0.1901,-0.3267
33385,814,799,33.497,25.641,0.0286,-0.0447,9.8325,-0.222,-1.1333,0.3427
33390,816,797,33.604,25.674,-0.0387,0.0363,9.8686,-0.0918,-0.5426,0.2013
33395,834,799,33.615,25.728,0.0516,0.1208,9.847,-0.2813,0.1425,0.2399
33400,838,797,33.608,25.535,0.0208,0.04,9.8905,-0.9011,0.4546,-0.0023
33405,850,800,33.573,25.663,0.0571,0.0144,9.8005,-1.3567,0.5793,0.3882
33410,860,788,33.589,25.638,0.0501,0.0285,9.8039,-0.3557,0.0143,-0.236
33415,877,791,33.613,25.618,0.001,-0.0368,9.8019,-0.0521,-0.0869,0.044
33420,875,787,33.515,25.619,0.0385,-0.0656,9.8499,0.4037,-0.3552,-1.4376
33425,891,788,33.604,25.56,0.0127,-0.0331,9.8032,0.7391,-0.0296,0.07
33430,908,787,33.55,25.607,0.0142,-0.0042,9.8225,0.8027,1.1793,0.2671
33435,921,783,33.572,25.621,0.0385,-0.0363,9.862,-0.1603,0.0587,-0.9395
33440,934,786,33.629,25.66,0.016,0.061,9.8227,0.0329,0.0894,-0.0737
33445,944,774,33.579,25.674,-0.1285,0.0472,9.8668,0.81,0.3221,-0.6797
33450,961,779,33.617,25.588,0.0037,-0.1006,9.8047,-0.9417,0.6737,0.0278
33455,972,778,33.599,25.525,0.0257,-0.1556,9.7361,0.4909,-0.8055,-0.3396
33460,982,780,33.629,25.628,-0.0603,0.0006,9.7927,0.038,-0.9411,0.3267
33465,984,777,33.595,25.602,-0.0007,0.0064,9.8465,-0.6697,0.7685,-0.2247
33470,995,775,33.555,25.648,-0.0184,-0.0485,9.7984,-0.2368,0.4473,-0.3996
33475,1005,770,33.548,25.61,0.1418,0.064,9.796,0.0692,-0.8802,-0.0432
33480,1035,774,33.589,25.613,0.0119,0.0045,9.7276,0.5773,-0.0275,0.6586
33485,1035,772,33.642,25.598,-0.0162,-0.0654,9.9246,0.7222,-0.4525,1.1532
33490,1038,767,33.476,25.623,0.0997,0.0378,9.8465,-0.2217,-0.1534,0.8107
33495,1063,766,33.642,25.664,0.015,0.0773,9.7273,-0.7699,-0.4056,0.1527
33500,1073,764,33.516,25.574,-0.035,0.0505,9.7544,0.2792,0.3973,0.3329
33505,1080,763,33.579,25.641,-0.0039,0.0181,9.728,-1.0554,0.0131,-0.0382
33510,1078,764,33.564,25.605,0.0261,-0.0001,9.8655,-0.1437,0.3929,-0.2759
33515,1103,762,33.605,25.624,0.0106,0.0134,9.8009,0.0021,0.8446,-0.3785
33520,1109,762,33.705,25.539,-0.0799,-0.1206,9.7541,-0.2271,0.48,-0.1738
33525,1120,759,33.482,25.548,0.063,0.0697,9.8635,0.0589,0.3379,-0.3641
33530,1134,761,33.506,25.622,0.0223,-0.0681,9.8123,0.7085,0.2465,-0.5064
33535,1133,757,33.604,25.586,0.0299,-0.0284,9.7852,-0.8549,-0.0621,-0.7326
33540,1146,760,33.471,25.579,-0.0936,-0.0316,9.7756,-0.0398,-0.1066,0.5424
33545,1149,756,33.541,25.615,0.0391,-0.052,9.8154,0.3003,-0.5559,0.037
33550,1145,757,33.57,25.572,0.0736,-0.0538,9.8612,-0.4393,0.1289,0.0528
33555,1151,752,33.539,25.617,0.0196,0.0153,9.8052,-0.1112,-1.1135,0.2775
33560,1169,759,33.508,25.605,-0.0024,-0.0089,9.8151,0.1161,0.4891,0.3272
33565,1165,761,33.58,25.537,0.0623,-0.0822,9.7685,0.8966,0.1986,-0.9523
33570,1168,755,33.588,25.644,0.0572,-0.0412,9.7547,-0.8203,0.4309,0.0056
33575,1175,761,33.626,25.601,0.0146,-0.105,9.8453,0.6723,-0.4385,-0.5711
33580,1181,756,33.599,25.628,-0.0773,0.0316,9.7653,-0.9616,0.2809,-0.1456
33585,1175,769,33.478,25.598,-0.0477,-0.0276,9.8711,0.1286,-0.2808,0.0633
33590,1184,758,33.687,25.613,-0.0578,-0.0642,9.7384,-0.0657,0.1201,-0.1337
33595,1184,760,33.612,25.718,-0.0061,-0.0138,9.9029,0.2314,-0.1329,-1.2374
33600,1187,759,33.585,25.718,-0.0217,0.0186,9.8063,-0.0952,0.2337,-0.0943
33605,1187,761,33.576,25.699,0.0012,0.091,9.8266,-0.2367,-0.1297,0.0477
33610,1194,764,33.531,25.538,0.0913,0.0302,9.8487,-0.6009,-0.0453,-0.5872
33615,1182,767,33.516,25.573,-0.0824,-0.0735,9.8783,-0.4496,-0.0826,0.3405
33620,1187,767,33.606,25.568,-0.0308,-0.0072,9.9445,0.7051,0.1649,0.3568
33625,1190,769,33.631,25.626,0.0785,0.0582,9.8428,0.3421,0.3554,0.2482
33630,1193,766,33.549,25.583,0.0386,0.056,9.8436,-0.9203,-0.8148,-0.2956
33635,1188,767,33.625,25.535,0.0818,-0.0252,9.7669,-0.1474,-0.1951,-0.5223
33640,1179,773,33.613,25.586,0.0726,0.0426,9.6745,0.2428,-0.2263,0.3895
33645,1173,763,33.599,25.514,0.0552,0.0709,9.7806,-0.082,0.1659,-0.1715
33650,1173,772,33.521,25.602,-0.0707,-0.0286,9.7635,0.6958,-1.1678,0.3854
33655,1174,780,33.557,25.651,-0.0665,-0.0096,9.7624,-0.2576,-0.398,-0.5647
33660,1167,780,33.512,25.574,-0.0635,-0.0584,9.8756,0.3705,0.3465,0.9223
33665,1165,778,33.627,25.513,0.0138,-0.0132,9.81,-0.4862,0.6259,0.1336
33670,1167,778,33.551,25.587,-0.0134,0.0602,9.8061,0.5585,-0.0262,0.2745
33675,1162,785,33.536,25.612,-0.0382,0.0073,9.737,-0.9281,-0.3673,-0.0865
33680,1161,785,33.6,25.576,0.072,-0.0475,9.7402,-0.0317,0.5083,-0.1087
33685,1164,787,33.522,25.569,0.0098,-0.0033,9.7974,0.3412,-0.0561,-0.4807
33690,1161,793,33.569,25.638,-0.036,-0.0169,9.8634,-0.1701,0.3929,0.7139
33695,1143,791,33.565,25.563,-0.0183,-0.0416,9.8547,0.1113,-0.2103,0.2604
33700,1152,792,33.59,25.51,-0.0209,0.0004,9.8632,-0.1213,0.4586,0.0194
33705,1147,798,33.512,25.599,-0.067,-0.0051,9.7484,0.142,0.2129,-0.1493
33710,1142,799,33.671,25.584,0.0486,0.1084,9.8344,0.0445,-0.062,0.5784
33715,1139,798,33.569,25.686,0.0224,0.0422,9.7546,0.8005,0.1858,0.2116
33720,1137,799,33.562,25.662,-0.0634,0.0454,9.8615,-0.5328,-1.1401,-0.0044
33725,1128,801,33.424,25.586,0.0206,0.0228,9.8391,-0.0634,-0.4477,-1.2089
33730,1130,800,33.604,25.698,-0.0293,0.0291,9.8339,-0.7418,0.7453,0.6799
33735,1126,804,33.668,25.602,-0.1088,-0.0195,9.8259,0.2612,0.3315,-0.47
33740,1121,808,33.583,25.559,-0.1016,-0.0238,9.8162,1.3172,-0.9866,-0.4691
33745,1114,809,33.583,25.582,0.0133,0.0045,9.8756,-0.1036,0.078,-0.1438
33750,1115,811,33.569,25.696,-0.0434,0.0096,9.8524,-0.232,-0.0435,1.5334
33755,1112,817,33.514,25.644,0.015,0.0021,9.8319,-0.3162,-0.2322,-0.1557
33760,1111,817,33.513,25.568,0.0153,0.0651,9.9041,1.044,0.6063,-0.2391
33765,1109,819,33.565,25.536,0.0167,-0.0025,9.8532,0.0379,-0.7325,0.7914
33770,1106,824,33.605,25.635,-0.178,0.0401,9.7983,-0.2172,-0.2062,0.3106
33775,1104,818,33.591,25.621,-0.0009,0.0305,9.8634,-0.8556,0.1851,-0.3528
33780,1092,824,33.539,25.699,-0.0093,0.0169,9.7534,-0.0042,-0.4171,-0.083
33785,1098,821,33.569,25.532,0.064,0.0297,9.891,0.1047,0.4655,-1.1174
33790,1100,820,33.507,25.62,0.0077,0.019,9.8482,-0.4261,-0.0896,-0.2259
33795,1099,823,33.644,25.605,0.0151,0.0051,9.813,0.2512,-0.3847,0.5094
33800,1086,825,33.548,25.571,-0.0673,-0.0318,9.8575,-0.0374,0.0187,0.1055
33805,1099,826,33.499,25.664,-0.0281,0.0405,9.7609,-0.5614,-0.6003,0.3358
33810,1083,832,33.535,25.654,0.008,-0.0027,9.8603,0.5631,-0.16,-0.8778
33815,1090,822,33.516,25.68,0.0996,-0.0314,9.8984,0.4633,-0.6864,-0.0748
33820,1083,826,33.597,25.611,0.0388,-0.0072,9.8135,-0.5869,-0.2099,-0.079
33825,1084,822,33.487,25.54,0.0334,0.0893,9.8337,-0.5592,-0.5585,0.7389
33830,1082,825,33.65,25.458,-0.034,-0.0698,9.7226,-0.5436,-0.5173,-0.3777
33835,1077,833,33.618,25.661,0.0007,0.0181,9.8147,-0.9629,0.2594,-0.3842
33840,1079,825,33.578,25.6,-0.0413,0.0144,9.8586,-0.0785,-0.0601,0.3267
33845,1068,827,33.576,25.614,-0.0609,0.0803,9.7443,-0.7399,0.4567,-0.0261
33850,1067,828,33.552,25.576,-0.0422,0.0515,9.8192,0.1515,0.0195,-0.4257
33855,1062,828,33.399,25.564,-0.0505,0.0126,9.8578,-0.5785,0.2953,1.0466
33860,1052,829,33.596,25.574,-0.0462,-0.0409,9.8453,-1.2179,0.6344,-0.1751
33865,1067,829,33.536,25.575,-0.1202,0.0106,9.8784,-0.017,0.4763,-0.0365
33870,1059,835,33.578,25.613,0.027,0.015,9.8133,-0.6901,0.5931,0.0627
33875,1052,828,33.62,25.616,-0.0335,-0.0593,9.8148,0.3625,-0.1142,0.29
33880,1047,826,33.57,25.61,0.0517,0.0119,9.8224,-0.0188,0.875,0.4441
33885,1039,834,33.565,25.59,-0.1017,-0.0053,9.8365,0.1867,0.5992,-0.4573
33890,1035,828,33.578,25.519,-0.0603,0.0496,9.832,-0.3323,0.8406,0.5328
33895,1017,831,33.499,25.532,0.0185,-0.0047,9.8189,0.4071,0.024,0.3584
33900,1029,828,33.648,25.546,-0.0329,0.0294,9.8336,0.1366,0.233,-0.4573
33905,1021,829,33.586,25.586,0.0456,0.0177,9.8209,0.4733,-0.3259,-0.3728
33910,1019,828,33.542,25.668,0.0263,-0.0145,9.8929,-0.1647,0.104,0.3736
33915,1011,824,33.608,25.642,0.0475,-0.0039,9.7913,-0.1275,-0.6768,0.3351
33920,1000,827,33.598,25.586,-0.049,-0.0694,9.9158,0.9267,0.1074,-0.2197
33925,997,823,33.62,25.57,-0.0202,0.0591,9.7126,-0.3782,-0.093,0.1215
33930,986,828,33.523,25.49,0.0319,0.0095,9.8054,0.4406,-0.1324,-0.3037
33935,980,823,33.526,25.638,0.0061,0.0588,9.7884,0.343,-0.4379,0.2909
33940,986,826,33.614,25.626,-0.0013,-0.0059,9.8149,0.0167,0.4591,0.6693
33945,963,820,33.573,25.602,-0.0086,-0.0191,9.7927,-0.1187,-0.1896,-0.6603
33950,963,827,33.509,25.564,-0.057,0.0047,9.7315,-0.0114,0.4944,0.2094
33955,958,822,33.519,25.543,-0.0463,0.037,9.8708,-1.0654,0.2573,0.1869
33960,948,821,33.613,25.634,-0.0777,-0.0373,9.8102,-1.2551,-0.2352,-0.6394
33965,931,823,33.566,25.698,0.0435,-0.0414,9.8523,-0.2912,-0.156,-0.1678
33970,931,821,33.605,25.634,0.0217,0.0156,9.7655,0.0869,0.667,0.2978
33975,918,826,33.578,25.674,0.0242,0.0245,9.8577,-0.3233,0.0737,0.9271
33980,914,821,33.475,25.581,0.0815,-0.0443,9.9348,0.6062,-0.3232,0.1419
33985,902,820,33.661,25.559,0.0415,-0.0623,9.7992,-0.1041,-0.0369,0.0148
33990,895,821,33.633,25.626,-0.0439,0.0103,9.8714,0.2473,0.5708,-0.0745
33995,875,823,33.51,25.585,-0.0141,0.0056,9.8184,-0.0985,-0.2635,0.9837
34000,874,824,33.574,25.662,0.042,0.044,9.758,-0.3014,0.1608,-0.0547
34005,862,818,33.547,25.658,-0.0493,-0.0635,9.7329,-0.8055,-0.5548,0.7425
34010,855,817,33.57,25.665,0.0711,-0.0165,9.7865,0.1833,-0.4116,0.2314
34015,844,817,33.575,25.65,-0.0387,-0.0697,9.7919,0.095,-0.0089,0.0105
34020,835,818,33.537,25.624,0.05,0.0056,9.8411,-0.3279,0.1264,-0.7328
34025,839,818,33.589,25.595,0.0411,-0.0543,9.8262,1.0253,1.1938,-0.3392
34030,825,805,33.582,25.586,-0.0617,-0.0076,9.828,0.2704,0.5234,0.2685
34035,815,814,33.601,25.608,-0.0075,-0.0778,9.786,-0.0984,-0.2835,-0.3055
34040,806,816,33.608,25.526,0.0456,0.0364,9.7424,0.1016,-0.1092,0.0128
34045,796,815,33.519,25.61,-0.0708,0.0306,9.9049,-0.3147,-0.4285,0.0055
34050,787,817,33.593,25.65,-0.0685,-0.0503,9.8439,-0.9853,0.4268,-0.3213
34055,787,810,33.612,25.598,-0.0258,-0.0448,9.8068,0.1171,-0.6528,-0.1118
34060,779,821,33.535,25.544,-0.0268,0.093,9.8477,-0.1982,-0.142,0.7312
34065,768,817,33.579,25.62,0.0083,0.0685,9.8767,0.258,-0.5366,0.0692
34070,764,810,33.491,25.58,0.0318,0.0297,9.7611,-0.1449,-0.729,-0.2584
34075,766,813,33.577,25.554,-0.0357,-0.062,9.7685,-0.8367,-0.4941,-0.0323
34080,757,816,33.499,25.684,-0.0327,0.01,9.8185,0.1544,-0.4295,-0.3515
34085,752,815,33.523,25.561,-0.0031,-0.0901,9.798,0.2015,-1.032,0.1763
34090,755,811,33.509,25.69,-0.13,0.0149,9.751,0.2679,-0.3781,-0.0429
34095,747,811,33.491,25.652,-0.0761,-0.0987,9.9338,-0.7588,-0.9433,1.0201
34100,747,811,33.485,25.579,0.0034,0.0543,9.8051,0.609,-0.7498,0.1339
34105,749,808,33.546,25.572,0.0014,-0.1366,9.7929,0.3165,0.5746,0.0365
34110,750,809,33.519,25.645,-0.0592,0.1129,9.7635,0.0716,0.199,0.1962
34115,749,806,33.527,25.616,0.0107,0.0492,9.8213,-0.8845,-0.0733,-0.6084
34120,737,804,33.517,25.634,-0.0116,0.0555,9.7763,1.118,-0.3157,0.4712
34125,750,806,33.625,25.613,0.0018,0.0295,9.8187,-0.065,0.1547,-0.5586
34130,753,805,33.582,25.584,0.0289,0.0109,9.8525,-0.1022,-0.0385,0.389
34135,761,806,33.432,25.6,0.0005,0.0348,9.7641,0.4882,0.8036,-0.4474
34140,756,801,33.617,25.642,0.0427,0.0081,9.7754,0.5341,-0.2295,-0.1954
34145,764,806,33.519,25.518,-0.0238,-0.0196,9.7318,-0.2982,0.6512,-0.1975
34150,769,803,33.611,25.69,0.0286,-0.0062,9.8338,-0.6111,0.0141,-0.3966
34155,773,805,33.507,25.61,0.0027,0.0662,9.8314,0.7268,-0.3822,-0.1191
34160,776,807,33.493,25.645,-0.001,-0.0327,9.8353,-0.4489,0.8518,0.3762
34165,792,801,33.535,25.54,0.0626,0.062,9.8025,0.2136,0.3191,0.4808
34170,796,801,33.584,25.639,-0.0076,0.002,9.807,-0.4822,0.3203,0.2386
34175,807,796,33.507,25.642,0.0106,0.0073,9.7934,0.4837,0.378,-0.5177
34180,808,800,33.639,25.6,-0.021,-0.0057,9.7931,-0.9598,-0.2612,0.1504
34185,818,795,33.623,25.641,0.0662,0.0355,9.8121,-0.4892,-0.0483,-0.4052
34190,835,796,33.557,25.638,-0.0287,0.0479,9.7814,-0.0623,0.1737,-0.2499
34195,831,799,33.541,25.495,0.0373,0.0063,9.8099,0.1531,0.7607,-0.9526
34200,845,794,33.548,25.618,0.0148,-0.0545,9.8645,0.2504,-0.1132,-0.6448
34205,857,789,33.597,25.598,0.0021,0.0843,9.8648,0.0907,0.3119,0.7042
34210,870,793,33.557,25.557,0.0709,-0.0435,9.706,0.6787,-0.0529,-1.2832
34215,873,794,33.571,25.626,0.0264,0.0341,9.8035,0.3654,-0.1675,1.0408
34220,887,788,33.636,25.618,-0.0541,-0.0206,9.8218,0.2957,-1.0942,0.1168
34225,905,791,33.619,25.632,0.0708,-0.045,9.7474,0.2035,0.4054,0.1254
34230,909,783,33.495,25.703,0.0015,0.0006,9.8073,-0.1773,-0.5147,0.0397
34235,921,784,33.464,25.62,-0.0003,-0.0645,9.8423,0.2962,0.7406,-0.2608
34240,936,781,33.569,25.652,0.0014,0.0229,9.7802,-0.1607,-0.7281,0.4399
34245,952,780,33.514,25.532,0.0506,0.0194,9.7746,-0.1528,0.1471,-0.1343
34250,968,776,33.552,25.61,-0.1712,-0.0403,9.8882,-0.0742,-0.6648,-0.1993
34255,976,784,33.584,25.717,-0.0451,0.0055,9.8363,0.2971,0.5276,-0.4436
34260,992,777,33.558,25.61,0.054,-0.0304,9.8165,0.367,-0.0514,0.2009
34265,1008,768,33.584,25.622,-0.0855,-0.0835,9.8194,-0.2576,-0.1807,-0.7819
34270,1011,777,33.559,25.486,-0.0312,0.0465,9.7817,1.0582,0.3101,0.9028
34275,1020,771,33.551,25.553,-0.0656,0.087,9.9269,-0.3205,-0.6713,-0.6124
34280,1040,767,33.457,25.628,-0.0375,0.0224,9.8289,0.617,0.5523,-0.3274
34285,1042,773,33.575,25.587,0.0144,-0.0279,9.8739,0.0374,-0.2695,-0.3538
34290,1053,771,33.477,25.649,0.023,-0.0631,9.8336,-0.9663,-0.1325,-0.1363
34295,1069,765,33.642,25.637,-0.1141,-0.0286,9.8545,-0.203,-0.8059,0.4495
34300,1076,764,33.523,25.664,-0.0808,-0.0366,9.8588,-0.5871,-0.0528,-0.1377
34305,1086,765,33.63,25.577,0.0711,-0.0218,9.8446,0.6671,0.2421,0.0043
34310,1100,761,33.539,25.595,0.0137,0.0633,9.8433,-0.4336,0.4064,-0.1151
34315,1098,766,33.458,25.512,-0.0143,0.082,9.9178,-0.0169,0.6228,0.339
34320,1109,761,33.489,25.603,-0.0325,-0.0052,9.8167,-0.6418,0.2186,0.1381
34325,1123,762,33.61,25.69,0.0549,-0.0033,9.7986,-0.6056,0.6573,-0.1596
34330,1128,760,33.566,25.635,0.009,0.0057,9.763,-0.6606,-0.1066,-1.3169
34335,1138,757,33.508,25.623,0.0188,-0.095,9.799,0.3532,-0.2154,-0.2107
34340,1146,763,33.574,25.583,0.0254,0.0027,9.7946,0.3088,0.999,-0.2036
34345,1151,763,33.527,25.623,-0.0776,-0.1163,9.7561,-0.1901,-0.5602,0.4244
34350,1161,762,33.562,25.652,-0.0358,0.0064,9.8719,-0.3506,0.379,0.3431
34355,1168,761,33.541,25.644,0.0003,0.0724,9.7965,0.0308,0.0915,-0.136
34360,1176,763,33.598,25.571,-0.0252,-0.0503,9.753,-1.1342,0.4036,0.5048
34365,1171,766,33.538,25.533,0.0084,-0.0686,9.8636,0.6361,-0.281,0.0599
34370,1181,763,33.482,25.585,-0.0184,0.0348,9.8915,-0.9713,0.2141,0.3784
34375,1177,759,33.507,25.487,0.0783,-0.0847,9.7384,0.6648,-0.5375,0.1513
34380,1185,758,33.598,25.62,-0.0293,-0.0218,9.7777,0.2314,-0.2571,-0.4477
34385,1186,762,33.549,25.567,-0.1293,0.0194,9.8596,0.2095,-0.4171,-0.3024
34390,1197,758,33.602,25.603,0.0431,-0.0326,9.8571,-0.3432,0.2984,0.8162
34395,1181,760,33.57,25.645,0.085,-0.0157,9.8275,0.4381,-0.2141,0.0853
34400,1195,761,33.637,25.595,0.0329,-0.0651,9.8219,-0.1281,-0.3671,0.1207
34405,1190,756,33.543,25.487,-0.0599,-0.0544,9.7385,-0.0314,0.2509,0.5653
34410,1193,768,33.611,25.548,-0.1647,-0.0415,9.8207,0.1141,0.4692,0.1386
34415,1184,764,33.507,25.696,-0.035,-0.0751,9.7833,-0.5836,-0.0604,0.3116
34420,1173,765,33.565,25.614,0.0215,0.0173,9.825,0.3393,-0.0021,0.787
34425,1187,767,33.534,25.547,0.0061,0.0263,9.7668,-0.4962,0.6815,-0.3677
34430,1181,764,33.626,25.564,-0.0289,-0.032,9.8626,0.3071,0.5869,-0.3154
34435,1184,768,33.523,25.568,0.0008,-0.0646,9.7731,0.1682,0.4617,1.0169
34440,1174,768,33.507,25.56,-0.0222,0.0054,9.7731,0.1704,0.2342,-0.2448
34445,1180,770,33.557,25.639,-0.002,0.0185,9.7341,-0.1077,-0.2381,0.0342
34450,1175,772,33.555,25.504,0.0363,0.0603,9.8632,0.4328,-0.6368,0.2572
34455,1174,775,33.573,25.585,0.0383,0.0026,9.7793,0.2289,0.6516,-0.5729
34460,1165,780,33.544,25.69,0.0127,0.0438,9.8268,-0.9291,1.1357,0.6945
34465,1173,776,33.569,25.595,-0.0585,-0.0315,9.8367,0.1384,0.2014,0.4865
34470,1167,783,33.57,25.682,0.0305,-0.0117,9.734,-0.2046,-0.1987,-0.2173
34475,1159,785,33.5,25.605,-0.0394,0.0379,9.8681,-0.4836,0.5098,0.4058
34480,1159,783,33.523,25.616,0.0058,0.035,9.8703,-0.7735,-0.0008,0.3781
34485,1157,786,33.545,25.561,0.0369,-0.0218,9.7726,-0.4237,-0.1411,-0.1499
34490,1151,789,33.611,25.577,-0.0158,0.0304,9.7391,-0.2603,0.3905,0.4011
34495,1139,793,33.562,25.57,0.0114,0.0179,9.7487,0.1012,0.2945,0.3429
34500,1152,794,33.64,25.527,0.0218,0.0684,9.7117,-0.1784,-0.1872,0.5815
34505,1142,795,33.522,25.678,-0.1184,0.0444,9.8111,0.1624,0.7916,-0.0708
34510,1134,799,33.623,25.584,0.0193,-0.0215,9.8873,0.1633,-0.0993,-0.1858
34515,1137,801,33.603,25.647,0.0137,0.0265,9.9279,-0.3124,0.4628,0.1406
34520,1133,802,33.525,25.632,-0.0543,-0.0365,9.8117,-0.0105,0.0445,-0.3229
34525,1140,803,33.611,25.609,-0.0306,-0.0482,9.7132,-0.2649,-0.247,0.0417
34530,1117,807,33.542,25.655,-0.0129,-0.0206,9.7864,0.0819,-1.021,0.5026
34535,1119,809,33.573,25.593,-0.0174,0.0398,9.8109,-0.1554,-0.0527,0.6202
34540,1123,806,33.58,25.497,-0.0452,-0.0184,9.788,-0.3209,-0.1433,-0.5164
34545,1118,812,33.509,25.584,0.0188,0.0501,9.8248,0.1922,0.9979,-0.026
34550,1108,818,33.487,25.622,0.1019,0.0467,9.8692,0.6188,-0.2603,0.3631
34555,1110,817,33.522,25.629,0.0004,0.001,9.839,-0.821,-0.1636,-0.4041
34560,1111,811,33.507,25.555,0.0635,0.028,9.8361,-0.3767,0.4176,0.2473
34565,1106,816,33.577,25.658,0.0542,-0.0113,9.7774,-0.2204,0.7587,-0.318
34570,1100,825,33.565,25.583,0.0439,-0.0136,9.8604,-0.1971,0.1379,0.0105
34575,1108,820,33.565,25.678,-0.0222,-0.0919,9.7919,-0.578,0.4312,0.7175
34580,1101,818,33.548,25.535,-0.0736,-0.011,9.8413,-0.2688,0.303,-0.0638
34585,1096,816,33.477,25.638,0.0175,0.0794,9.7552,-0.257,-0.2784,0.5154
34590,1092,824,33.512,25.548,0.0104,0.0999,9.9098,-0.1475,-0.0463,-0.0118
34595,1095,825,33.537,25.555,-0.0564,0.0268,9.8015,0.2101,-0.4692,0.1355
34600,1094,824,33.613,25.464,0.031,0.0391,9.7863,0.3117,0.6521,-0.7124
34605,1093,824,33.584,25.591,-0.0043,0.0523,9.7892,-0.4794,0.1562,0.5689
34610,1088,824,33.563,25.599,-0.032,0.1619,9.8325,0.123,0.7167,-0.3786
34615,1094,826,33.545,25.648,0.0018,0.0059,9.8882,-0.3279,0.3619,-0.2636
34620,1079,830,33.606,25.533,-0.0856,0.0188,9.8469,-0.1613,-0.1156,0.3451
34625,1080,823,33.537,25.606,0.0612,-0.0055,9.7709,0.0178,-0.6425,-0.1546
34630,1072,821,33.629,25.604,0.0939,0.0471,9.8413,-0.0374,-1.2559,-0.5013
34635,1071,832,33.476,25.59,-0.0136,0.0376,9.7795,0.451,-0.0576,-0.1173
34640,1076,828,33.548,25.638,-0.0358,-0.0726,9.7802,-0.1771,-0.1083,-0.3885
34645,1076,833,33.532,25.662,-0.062,-0.0315,9.7039,0.287,-0.5238,-0.0697
34650,1063,835,33.575,25.648,0.0149,0.0011,9.824,0.8053,-0.5082,-0.1662
34655,1064,828,33.527,25.626,-0.0452,0.0017,9.6989,0.3953,-0.3048,-0.4977
34660,1060,831,33.562,25.728,0.0965,0.0278,9.7698,-0.334,0.3254,0.1374
34665,1053,829,33.461,25.581,0.0189,-0.0152,9.8143,0.3852,-0.8956,-0.2984
34670,1051,829,33.54,25.69,0.0403,0.0413,9.7869,-0.3884,-0.3956,0.0739
34675,1047,836,33.54,25.565,0.0646,0.0174,9.8372,-0.1175,-0.2548,-0.4767
34680,1049,829,33.628,25.53,0.0174,0.0102,9.8718,-0.9855,-0.9178,0.1756
34685,1041,831,33.663,25.614,0.0493,-0.0632,9.7845,-0.5149,-1.4721,0.531
34690,1032,826,33.487,25.577,-0.0127,-0.1009,9.8483,0.4345,-0.363,0.3771
34695,1027,829,33.538,25.603,-0.0396,-0.0376,9.8015,-0.5085,-0.6072,-0.2376
34700,1031,832,33.517,25.595,-0.0397,-0.0349,9.838,-0.5504,0.099,-0.8872
34705,1026,831,33.542,25.587,-0.0143,-0.0254,9.7677,0.2093,0.2662,-0.5975
34710,1009,829,33.601,25.606,-0.0189,-0.0419,9.839,-0.0655,-0.1683,0.5664
34715,1009,824,33.57,25.584,0.009,-0.0591,9.7226,-1.5448,0.226,-0.9369
34720,1001,830,33.533,25.655,0.0088,0.0113,9.7732,0.434,0.9304,0.0082
34725,993,821,33.579,25.592,0.0258,-0.0873,9.8774,0.3761,0.3482,-0.0721
34730,989,826,33.548,25.495,-0.0521,-0.0081,9.7424,0.0846,1.0518,0.1854
34735,985,824,33.547,25.64,-0.0252,0.0353,9.7875,0.7894,-0.4164,-0.9004
34740,966,827,33.482,25.559,-0.0705,0.0206,9.8621,-0.5957,0.2096,-0.9805
34745,965,820,33.591,25.557,0.007,0.0361,9.8442,-0.0242,0.1787,-0.2728
34750,963,821,33.486,25.591,-0.0674,0.0236,9.8127,-0.1141,-0.31,0.1461
34755,950,822,33.554,25.563,-0.0539,0.0514,9.726,-0.5011,0.0984,0.2243
34760,942,820,33.541,25.625,-0.0024,-0.0247,9.764,0.5108,-0.0333,-0.3331
34765,930,826,33.566,25.492,0.0277,0.0145,9.8054,-0.0759,0.0376,0.306
34770,919,819,33.528,25.643,0.039,0.0144,9.8567,-0.0483,-0.2119,-0.4035
34775,915,820,33.604,25.631,0.1376,-0.0182,9.9057,0.9785,-0.0767,-0.0766
34780,906,824,33.607,25.524,-0.0619,-0.0481,9.8142,1.1446,0.703,0.0477
34785,893,816,33.508,25.663,-0.0164,-0.0291,9.9319,0.3143,0.6076,0.8603
34790,886,820,33.546,25.674,0.0533,0.0054,9.8363,0.0832,0.6194,-0.2368
34795,886,816,33.521,25.657,-0.0286,0.0202,9.698,0.0592,-0.4044,0.4444
34800,864,821,33.622,25.595,-0.049,0.0353,9.8795,0.2336,0.5561,1.1345
34805,855,815,33.596,25.688,-0.0666,-0.0015,9.7487,-0.0932,0.0474,0.0238
34810,859,818,33.469,25.587,0.0814,0.0087,9.8141,-0.697,0.2087,0.7917
34815,842,821,33.596,25.654,0.0285,-0.0116,9.8345,0.825,0.4963,-0.1012
34820,835,813,33.499,25.706,0.0446,-0.0197,9.9128,-0.7762,0.2393,-0.4798
34825,823,818,33.585,25.535,0.0031,-0.0051,9.8443,0.0003,-0.2437,0.5045
34830,821,820,33.555,25.631,-0.0757,0.0753,9.7935,0.0426,-0.5543,-0.1138
34835,805,815,33.562,25.534,0.0316,0.0307,9.7257,-0.0678,0.3526,-0.1986
34840,798,816,33.617,25.46,0.0492,-0.011,9.7857,0.183,0.0432,0.6344
34845,790,812,33.554,25.531,-0.0498,0.0745,9.787,0.06,0.2654,0.8897
34850,793,821,33.552,25.617,-0.0687,0.0415,9.8631,-0.0397,-0.5502,0.3404
34855,787,814,33.491,25.544,0.0248,0.0112,9.8199,0.2431,0.0861,0.0834
34860,772,816,33.518,25.586,0.0154,0.0126,9.6933,-0.0778,-0.6461,0.3919
34865,771,818,33.552,25.622,0.0602,-0.0892,9.7361,0.7475,-0.2776,0.0381
34870,758,815,33.552,25.553,-0.0548,-0.0095,9.765,-0.0425,0.5562,0.3762
34875,775,811,33.555,25.681,0.053,0.0324,9.868,0.7922,0.2792,0.0075
34880,753,809,33.439,25.687,0.0367,0.0014,9.7835,0.044,0.1645,0.1427
34885,764,817,33.552,25.672,-0.0002,0.0148,9.8336,-0.2886,-0.5307,-0.0656
34890,750,813,33.468,25.525,-0.0201,0.0521,9.733,0.6231,1.0551,0.2951
34895,756,811,33.507,25.598,-0.0065,0.0449,9.8107,0.4218,-0.1159,1.1246
34900,749,813,33.437,25.535,0.0477,-0.0482,9.7361,-0.2291,0.1663,0.3881
34905,742,808,33.523,25.577,0.063,0.0337,9.7547,0.8116,-0.3268,0.6379
34910,749,813,33.555,25.653,-0.0634,0.0213,9.87,0.5903,0.0961,-0.8901
34915,747,809,33.607,25.6,-0.044,0.0333,9.9365,0.0081,-0.2985,1.0941
34920,748,808,33.64,25.608,0.0078,-0.0129,9.794,0.5763,0.6617,0.441
34925,752,805,33.587,25.493,-0.0156,0.0036,9.7935,-0.0705,0.9326,-0.3479
34930,755,808,33.496,25.492,-0.1142,0.0153,9.8304,-0.0069,0.2869,-0.4247
34935,759,805,33.564,25.611,-0.0207,-0.0197,9.8719,0.2441,0.0697,0.477
34940,769,804,33.437,25.664,-0.1492,0.0344,9.7492,-0.078,0.7876,0.5824
34945,772,803,33.519,25.661,0.0305,0.0656,9.8014,-0.0825,0.4121,-0.2032
34950,774,809,33.584,25.584,-0.0003,0.0495,9.8961,0.0814,-0.3909,-0.4302
34955,782,806,33.622,25.627,-0.0915,-0.0104,9.8621,-0.3404,-0.1394,-0.2472
34960,784,804,33.549,25.469,0.0114,-0.0348,9.7364,0.0558,0.1296,-0.6502
34965,791,799,33.524,25.525,0.0101,0.0618,9.8521,-0.0552,-0.4801,-0.3171
34970,804,799,33.53,25.496,-0.0297,-0.0381,9.8265,-0.4097,-0.7535,0.4369
34975,807,798,33.569,25.622,-0.0382,-0.0797,9.8922,0.3238,0.1826,-0.3148
34980,810,793,33.479,25.67,-0.0162,-0.0174,9.8246,-0.1097,-0.4009,1.0101
34985,817,796,33.569,25.537,-0.0243,-0.0346,9.8057,-0.504,0.7395,-0.5823
34990,828,797,33.603,25.595,-0.0537,-0.003,9.7784,-0.2014,0.5381,0.2795
34995,839,799,33.493,25.55,0.0904,-0.0044,9.8834,-0.2097,-0.0966,0.0937
35000,844,796,33.542,25.567,0.0183,-0.0006,9.8394,-0.2391,-0.3471,0.3446
35005,865,794,33.604,25.523,0.0142,0.0533,9.8047,0.3354,0.0073,-0.0603
35010,861,790,33.59,25.648,0.0337,0.0218,9.8393,-0.2064,0.0596,0.7984
35015,872,787,33.557,25.634,-0.0702,0.0541,9.858,-0.596,-0.1895,0.5573
35020,892,787,33.567,25.544,-0.0024,0.0326,9.7896,-0.4726,0.2176,-0.3842
35025,901,786,33.616,25.678,0.1094,-0.0616,9.8354,-0.07,-0.0377,0.2371
35030,916,788,33.555,25.622,-0.0095,-0.0549,9.7922,0.7765,-0.9786,-0.197
35035,939,781,33.504,25.519,-0.0285,-0.0132,9.8769,-0.7282,-0.4119,-0.3635
35040,945,783,33.498,25.584,0.0695,0.0577,9.7755,0.6916,-0.1773,0.2873
35045,951,790,33.508,25.57,0.0149,-0.009,9.7646,0.334,-0.0095,0.3989
35050,973,777,33.624,25.548,0.0632,-0.0002,9.7775,0.1223,-0.1363,0.2784
35055,970,776,33.512,25.448,0.0092,0.0141,9.8318,0.4504,0.2655,-0.5238
35060,999,772,33.462,25.621,0.0737,-0.0288,9.7878,-1.0049,0.9246,-0.1073
35065,1010,771,33.508,25.532,0.0012,-0.0141,9.8753,-0.1353,-0.3591,-0.2989
35070,1015,769,33.573,25.564,0.0407,0.0161,9.8683,-0.5728,-1.1856,-0.8539
35075,1018,770,33.521,25.612,0.0091,0.0109,9.7655,0.0522,0.0502,0.0275
35080,1048,771,33.575,25.559,-0.0552,-0.0101,9.8306,-0.0737,0.2285,0.7044
35085,1048,769,33.518,25.571,-0.0322,0.0196,9.7616,0.0987,0.8851,-0.4118
35090,1055,768,33.567,25.655,0.053,0.0763,9.8137,0.2514,-1.1613,-0.4604
35095,1079,765,33.566,25.702,-0.0786,-0.0413,9.7895,0.8956,0.0081,-0.3272
35100,1080,764,33.546,25.599,-0.022,0.0469,9.855,-0.5086,-0.3765,-1.0727
35105,1097,766,33.497,25.637,-0.011,0.0409,9.6723,-0.313,-0.413,0.4567
35110,1091,763,33.488,25.585,-0.0164,-0.0363,9.8056,-0.0587,-0.6301,0.7247
35115,1112,767,33.531,25.54,0.0281,0.0071,9.8693,-0.7167,-0.797,-0.2012
35120,1128,764,33.511,25.618,0.0745,0.0884,9.828,0.4249,-0.1916,-0.0749
35125,1120,757,33.536,25.602,0.024,-0.0232,9.9135,0.5436,0.1408,0.1002
35130,1131,762,33.555,25.578,0.0331,0.1044,9.7832,-0.7454,0.2984,-0.9423
35135,1133,760,33.48,25.584,-0.0226,0.0585,9.8281,-0.0998,0.1853,-0.2011
35140,1146,759,33.479,25.729,0.0372,-0.0182,9.8381,-0.4322,-0.9336,-0.0279
35145,1160,756,33.613,25.62,0.0878,-0.021,9.8257,-0.3835,-0.3264,-0.6171
35150,1157,757,33.498,25.512,-0.0858,-0.0135,9.7414,0.3563,0.2033,-0.2072
35155,1162,762,33.426,25.554,-0.0103,0.0341,9.831,-0.4081,0.216,-0.3529
35160,1177,749,33.561,25.621,-0.1138,0.0048,9.7661,-0.1026,0.0649,0.3908
35165,1173,763,33.642,25.61,0.0263,-0.0261,9.7739,0.0315,0.2751,0.4536
35170,1186,764,33.536,25.47,-0.0689,-0.07,9.7413,-0.4482,-0.1949,0.4058
35175,1182,759,33.635,25.538,-0.014,0.0775,9.7415,0.0033,0.318,-0.1416
35180,1189,762,33.587,25.54,-0.0191,-0.0333,9.7598,-0.6935,-0.2129,0.114
35185,1188,758,33.556,25.608,0.039,-0.0871,9.8153,-0.2141,-0.4918,-0.0377
35190,1178,764,33.589,25.504,-0.0429,0.0186,9.8371,-0.1589,0.108,0.8177
35195,1187,759,33.581,25.587,-0.0412,0.0277,9.7704,-0.3911,-0.5281,-0.1693
35200,1182,764,33.448,25.547,0.0334,-0.0314,9.8088,-0.2263,-0.597,-0.4462
35205,1190,768,33.469,25.687,-0.0067,0.0154,9.8419,0.1627,0.2931,0.7281
35210,1196,760,33.538,25.478,0.02,0.0158,9.817,0.0269,0.0168,-0.4621
35215,1183,762,33.526,25.637,0.0576,-0.0435,9.7544,0.2735,-0.2088,0.6919
35220,1189,767,33.508,25.607,-0.0486,-0.0302,9.827,-0.1227,-0.5308,-0.3227
35225,1187,771,33.628,25.67,-0.0061,-0.0338,9.7776,0.0208,-0.2241,0.3793
35230,1187,770,33.486,25.654,0.0726,-0.0396,9.8453,-0.4885,-0.2579,0.7009
35235,1188,768,33.555,25.509,0.0092,0.0465,9.8074,-0.192,-0.047,0.5847
35240,1174,771,33.529,25.562,0.0216,-0.0014,9.8487,-0.2237,-0.0303,-0.2478
35245,1164,770,33.59,25.614,-0.0169,0.0644,9.7697,-0.6502,0.4304,0.3456
35250,1185,775,33.719,25.573,-0.0248,-0.015,9.8149,0.1104,-1.1735,0.2521
35255,1170,774,33.432,25.623,-0.0737,0.0152,9.7873,0.3982,0.1536,-0.0188
35260,1174,780,33.55,25.617,0.0297,0.066,9.7391,0.143,1.0293,0.126
35265,1167,784,33.438,25.616,-0.077,-0.0245,9.791,0.0004,-0.5353,0.5306
35270,1172,780,33.622,25.577,0.0178,-0.052,9.7653,-0.2298,1.0371,-0.0562
35275,1161,784,33.541,25.561,-0.0946,0.045,9.8326,-0.2961,0.1803,0.1703
35280,1160,793,33.575,25.567,-0.0131,-0.0296,9.8182,0.2553,-0.0137,-0.8084
35285,1157,790,33.471,25.58,-0.0823,0.0707,9.844,0.4441,0.3449,0.8208
35290,1148,788,33.515,25.508,0.0466,-0.0099,9.8356,0.2491,0.4317,-0.0094
35295,1149,792,33.606,25.543,-0.0431,0.0009,9.79,0.1409,-0.0627,0.3755
35300,1136,795,33.503,25.578,0.005,0.0201,9.7682,-0.2019,0.4224,-0.5812
35305,1145,794,33.491,25.576,-0.1088,-0.0159,9.9017,0.1025,0.0078,-0.0599
35310,1140,794,33.575,25.44,-0.0042,-0.0465,9.8025,-0.3209,-0.428,-0.7073
35315,1136,802,33.569,25.567,0.0386,0.0488,9.7837,-0.1718,0.0716,-1.2044
35320,1127,806,33.605,25.634,0.0515,0.0628,9.903,-0.0525,0.3086,-0.5772
35325,1128,801,33.631,25.541,-0.0292,0.0331,9.7865,0.761,0.4401,-0.0286
35330,1128,808,33.562,25.596,-0.0427,-0.0552,9.814,1.0309,0.7314,-0.9189
35335,1121,807,33.608,25.556,-0.0245,-0.1457,9.7974,0.6854,-0.5402,0.71
35340,1113,811,33.614,25.641,-0.0601,0.0605,9.8051,-0.0246,0.4188,-0.217
35345,1129,809,33.546,25.662,-0.0447,0.0105,9.8114,0.5819,0.1503,-0.174
35350,1114,809,33.513,25.601,-0.0562,-0.0025,9.8248,0.2676,0.3878,-0.2744
35355,1107,817,33.559,25.47,-0.0999,-0.0584,9.8056,0.0703,-0.3915,0.1803
35360,1109,815,33.463,25.481,0.0686,0.037,9.8577,0.1954,-0.0578,-0.4257
35365,1111,818,33.482,25.587,-0.0833,-0.0604,9.816,0.0124,0.0851,-0.0817
35370,1109,819,33.56,25.644,-0.0851,-0.0233,9.8625,0.7557,-0.2252,-0.4273
35375,1101,817,33.5,25.591,0.0376,0.0253,9.8629,-0.3377,-1.7447,0.0915
35380,1103,818,33.503,25.551,-0.0138,0.0208,9.8209,-0.0371,-0.4462,0.0486
35385,1098,824,33.48,25.595,-0.0771,0.0227,9.8019,1.1557,0.4384,0.1767
35390,1106,827,33.515,25.645,0.0034,-0.0128,9.8295,-0.0202,-0.1256,-0.0109
35395,1087,826,33.448,25.584,-0.0013,-0.0647,9.8052,-0.0126,-0.2742,-0.1475
35400,1090,820,33.539,25.592,0.0769,-0.0359,9.74,-0.4683,-0.8986,-0.3889
35405,1095,821,33.555,25.537,-0.0058,-0.0673,9.8094,-0.2564,-0.4699,-0.7551
35410,1093,820,33.63,25.569,-0.0464,-0.011,9.6998,-0.4907,0.3144,-0.5309
35415,1090,826,33.464,25.529,-0.0237,0.0394,9.8777,0.2861,0.1976,-0.0155
35420,1078,827,33.468,25.589,-0.0219,0.0138,9.7921,0.0923,-0.8553,-0.215
35425,1082,830,33.55,25.594,-0.0356,-0.0357,9.7535,1.2435,0.1825,-0.3347
35430,1089,833,33.542,25.555,0.1093,-0.0257,9.8421,-0.1238,0.3329,-0.4881
35435,1067,835,33.588,25.594,-0.0159,0.0034,9.8027,0.107,-0.5127,0.6769
35440,1075,828,33.446,25.547,-0.017,-0.023,9.8745,0.0121,0.2713,-0.5158
35445,1065,832,33.621,25.564,-0.0372,0.1002,9.8122,-0.4341,-0.5564,-0.1122
35450,1064,826,33.549,25.638,-0.04,-0.0033,9.7722,0.2258,-0.4541,0.7085
35455,1063,825,33.553,25.578,-0.0929,0.0816,9.8577,0.4644,-0.3968,-0.517
35460,1054,825,33.499,25.554,-0.0597,0.0316,9.7451,-0.2858,0.039,0.9903
35465,1058,829,33.523,25.491,0.0523,0.0369,9.7573,0.3923,0.3384,-1.2608
35470,1045,831,33.538,25.472,0.0433,-0.0175,9.8235,0.4701,-0.0011,-0.187
35475,1051,830,33.583,25.565,0.0199,-0.0546,9.8677,-0.182,-0.3398,0.2221
35480,1040,831,33.529,25.538,-0.0369,-0.0008,9.8198,-0.736,0.2856,-0.0934
35485,1038,829,33.402,25.634,-0.0609,-0.0118,9.6862,-0.2594,-0.1523,-0.291
35490,1042,832,33.523,25.675,0.0461,0.032,9.8368,-0.4501,0.1223,-0.1892
35495,1031,830,33.565,25.574,0.0933,0.0236,9.7527,-0.4428,-0.4486,-0.2322
35500,1020,829,33.602,25.564,-0.1086,-0.0706,9.8476,0.2122,-0.0937,0.2115
35505,1009,826,33.5,25.561,0.0617,-0.022,9.7642,-0.7666,-0.7414,0.9336
35510,1010,826,33.631,25.49,0.0769,0.0238,9.7574,-0.7539,0.1532,0.0342
35515,1010,826,33.504,25.609,-0.0245,-0.1259,9.7829,-0.1493,-0.2663,-0.0188
35520,991,832,33.497,25.511,0.0313,-0.0092,9.8469,-0.1674,0.9731,0.5563
35525,985,829,33.589,25.509,-0.0363,-0.1265,9.8224,0.7418,-0.5488,0.7565
35530,978,826,33.556,25.622,-0.0217,-0.0712,9.8365,-0.0806,0.3298,-0.6492
35535,976,824,33.541,25.534,-0.0774,-0.1172,9.7858,-0.3899,0.1933,-0.1089
35540,962,826,33.531,25.622,-0.0579,-0.0745,9.813,-0.0466,-0.9877,-1.0739
35545,963,819,33.601,25.597,0.04,0.0071,9.7853,-0.6254,-0.2213,0.6107
35550,944,817,33.613,25.619,0.0428,-0.0745,9.7866,0.4071,0.843,-0.3176
35555,936,819,33.571,25.589,-0.0012,-0.0486,9.7505,-0.5081,-0.8742,-0.516
35560,941,824,33.508,25.64,0.0111,0.0134,9.7666,-0.2545,0.0524,-0.6997
35565,935,819,33.547,25.642,0.0639,0.0094,9.7679,-0.375,-0.1259,-0.1637
35570,922,822,33.514,25.635,-0.1017,-0.0273,9.8789,0.5577,0.0038,0.4683
35575,904,823,33.6,25.583,-0.0425,-0.0278,9.8337,-0.2257,0.1631,0.3411
35580,905,822,33.592,25.533,0.0841,0.0236,9.8243,-0.4337,0.1789,0.2904
35585,884,826,33.552,25.651,0.0696,-0.0511,9.7937,-0.1113,0.4277,-0.1504
35590,880,817,33.406,25.518,-0.0514,-0.0769,9.8042,0.0154,0.7577,1.1144
35595,872,819,33.543,25.631,-0.0447,-0.0594,9.8343,0.3536,0.7629,0.2333
35600,870,816,33.488,25.6,0.0138,0.0163,9.9005,-0.0161,0.2517,0.5108
35605,850,825,33.465,25.551,0.1318,-0.0253,9.8585,-0.3316,0.2248,0.3552
35610,847,817,33.592,25.701,0.0865,0.0507,9.818,0.0791,0.9682,0.145
35615,846,816,33.529,25.679,-0.0237,-0.0634,9.7666,1.4539,1.2854,-0.5968
35620,832,816,33.479,25.496,0.0361,0.0756,9.8576,-0.1985,0.2314,0.034
35625,824,818,33.517,25.558,0.0268,-0.0288,9.7476,-0.7692,-0.4554,-0.432
35630,811,815,33.532,25.624,-0.0514,0.0104,9.889,0.6606,1.2455,-0.84
35635,804,813,33.528,25.608,-0.0581,0.0304,9.8033,-0.3614,-0.0105,0.1684
35640,810,820,33.506,25.536,-0.0406,0.0351,9.7902,-0.2091,0.1715,0.9202
35645,796,822,33.506,25.436,0.0104,-0.0392,9.8411,-1.0134,-0.1094,-0.1588
35650,784,809,33.499,25.512,-0.0271,0.0315,9.7955,-0.4082,0.7469,1.0235
35655,785,815,33.574,25.5,0.046,-0.0451,9.7586,0.364,-0.2261,0.6844
35660,774,809,33.567,25.541,0.0579,-0.0184,9.7315,-0.1228,0.289,-0.0546
35665,770,812,33.513,25.542,-0.1094,0.0434,9.784,0.7702,-0.0162,-0.3208
35670,755,811,33.598,25.604,-0.0618,0.0688,9.7592,-0.1315,-0.9074,-0.5912
35675,756,812,33.474,25.638,-0.0247,-0.0294,9.8755,-0.5155,-0.5278,0.0746
35680,755,814,33.509,25.581,0.0062,0.0822,9.7644,-0.275,0.023,-0.1144
35685,750,811,33.427,25.602,-0.0386,0.0289,9.8319,0.3314,-0.1497,-0.095
35690,751,810,33.604,25.613,0.0259,-0.0319,9.7549,-0.5992,-0.8209,0.5452
35695,745,812,33.627,25.597,-0.0473,0.014,9.7578,-0.9921,0.8485,-0.3692
35700,752,811,33.449,25.572,-0.032,-0.0381,9.8224,-0.3087,0.3469,-0.0136
35705,747,812,33.586,25.535,0.0054,0.0189,9.8767,-0.4581,-0.5532,-0.3423
35710,745,809,33.551,25.61,0.0797,-0.0274,9.8714,0.3793,0.6312,-0.4571
35715,749,810,33.553,25.61,0.031,-0.0088,9.8089,-1.4474,0.0095,0.3295
35720,754,804,33.486,25.51,0.008,0.0093,9.8318,0.509,0.066,0.0253
35725,760,813,33.559,25.622,0.044,-0.0049,9.8039,-0.2734,-0.4999,-0.1131
35730,746,807,33.553,25.61,-0.0215,0.0079,9.7908,0.246,-0.3374,0.5915
35735,766,806,33.563,25.593,-0.114,-0.003,9.7242,-0.531,-0.5251,-0.1563
35740,764,803,33.53,25.546,0.0176,0.0197,9.9058,-0.25,0.7337,-0.0713
35745,765,808,33.525,25.663,-0.0365,-0.0379,9.8337,1.1417,0.3571,-0.6599
35750,765,806,33.642,25.614,0.0292,-0.0027,9.7935,0.235,0.4862,0.1878
35755,771,796,33.579,25.508,0.1151,-0.0543,9.8515,0.7957,-0.5119,0.2609
35760,782,807,33.595,25.599,0.0226,-0.0091,9.762,0.0722,0.4795,0.1143
35765,798,803,33.585,25.56,0.1344,0.0087,9.7927,0.0544,0.3831,-0.2566
35770,795,803,33.496,25.633,0.0134,-0.0035,9.8453,-0.2826,-0.9042,0.1509
35775,800,798,33.542,25.57,0.0228,-0.0134,9.8584,0.6774,0.1531,0.3893
35780,813,797,33.523,25.668,0.0806,0.1111,9.8275,0.9869,0.2982,0.0428
35785,831,792,33.522,25.638,0.0121,0.0224,9.9016,0.1957,-0.0494,-0.4802
35790,837,790,33.62,25.474,0.0383,0.0202,9.7696,0.8198,-1.157,0.025
35795,849,796,33.551,25.578,0.0397,0.0724,9.8451,1.0624,0.352,0.6475
35800,866,796,33.483,25.562,0.0552,-0.0303,9.9188,0.4935,-0.1951,-0.2525
35805,865,787,33.61,25.671,-0.0323,-0.0038,9.7783,0.0039,-0.451,-0.5974
35810,875,787,33.573,25.55,-0.0332,0.0632,9.8485,0.0982,0.4183,-0.5436
35815,896,783,33.567,25.531,0.0155,-0.0796,9.8143,0.2304,0.5843,0.1389
35820,898,787,33.57,25.609,0.1077,-0.0338,9.8225,0.2712,-0.1308,0.1328
35825,914,793,33.54,25.584,0.0775,-0.0094,9.8028,0.1807,-0.4795,0.1287
35830,925,780,33.517,25.582,0.0285,0.0018,9.7712,0.5212,-0.2639,0.6295
35835,934,781,33.469,25.499,-0.0158,-0.007,9.8756,-0.0759,0.0108,0.4662
35840,955,780,33.637,25.72,-0.043,-0.0467,9.89,-1.0209,-0.3797,-0.6423
35845,968,784,33.595,25.587,-0.0436,0.0297,9.7611,-0.6069,-0.041,0.247
35850,974,777,33.517,25.487,-0.0654,0.0213,9.7091,0.308,-0.4407,1.1267
35855,996,780,33.416,25.587,0.0145,0.0456,9.8098,-0.3292,-0.4681,-0.1531
35860,999,772,33.475,25.545,0.0618,-0.0187,9.7556,0.7384,0.5447,-0.0332
35865,1006,773,33.562,25.599,-0.0086,-0.0206,9.7772,0.4329,-0.3561,0.7511
35870,1027,774,33.518,25.591,0.0088,-0.053,9.7594,0.7683,0.7139,-1.052
35875,1034,767,33.553,25.623,-0.06,0.065,9.8878,-0.2923,0.2329,0.0603
35880,1042,771,33.581,25.481,-0.0421,0.0338,9.7873,0.9984,0.0061,-0.0792
35885,1067,768,33.546,25.555,0.034,0.0248,9.8347,0.4973,-0.2697,0.5441
35890,1066,765,33.633,25.509,0.0124,0.1078,9.8519,-0.0679,-0.573,-0.6598
35895,1080,761,33.557,25.518,-0.0137,-0.023,9.8853,0.1101,-0.797,-0.8291
35900,1081,762,33.521,25.627,-0.0667,0.0099,9.8065,0.54,0.2396,-0.5872
35905,1093,759,33.533,25.658,0.0351,0.0518,9.8436,0.4063,-0.4844,0.1011
35910,1094,761,33.465,25.493,0.0017,-0.0754,9.8136,0.0385,-0.6276,-0.2981
35915,1118,764,33.617,25.554,-0.0472,0.0448,9.8492,0.3987,0.032,-0.1752
35920,1118,764,33.612,25.673,0.0724,-0.0294,9.7352,-0.5452,-0.0488,0.5913
35925,1134,760,33.548,25.564,0.0403,-0.0809,9.8289,0.0166,0.7138,0.0756
35930,1136,760,33.525,25.587,0.1299,0.0641,9.6942,0.1611,-0.0266,-0.1484
35935,1152,758,33.544,25.529,0.0759,-0.0049,9.8129,0.5349,-0.7187,0.0635
35940,1164,761,33.561,25.555,0.0953,-0.05,9.7886,1.5278,0.4238,-1.1525
35945,1156,760,33.549,25.515,0.0188,0.0677,9.7862,-0.4356,-0.8593,1.0386
35950,1163,759,33.497,25.591,0.0449,-0.042,9.7132,0.1695,-0.2116,-0.1901
35955,1171,758,33.458,25.761,-0.0053,0.0148,9.8365,-0.1249,-0.0766,-0.0436
35960,1167,756,33.605,25.605,-0.0206,-0.0159,9.8538,-0.7222,0.1466,-0.5019
35965,1167,760,33.476,25.599,-0.0373,0.0188,9.8285,-0.6774,0.0484,0.1668
35970,1176,756,33.549,25.64,-0.0107,0.0123,9.8586,0.0965,-0.3963,-0.2069
35975,1179,760,33.529,25.585,0.0613,-0.0803,9.7811,0.1742,-0.667,-0.6696
35980,1193,759,33.582,25.673,0.0199,-0.0208,9.8118,-0.6343,-0.8874,0.0104
35985,1187,762,33.559,25.57,-0.0245,-0.0605,9.7394,0.5872,-0.2937,0.1766
35990,1182,759,33.573,25.599,0.0328,0.0473,9.7993,-0.0469,-0.0494,0.5099
35995,1177,759,33.549,25.539,0.0422,0.015,9.8746,0.6632,-0.0906,-0.0066
36000,1192,759,33.554,25.565,-0.0013,-0.032,9.7789,0.4983,-0.7707,-0.2021
36005,1189,762,33.516,25.501,-0.0899,0.0562,9.7683,-0.0014,-0.5683,-0.3643
36010,1190,759,33.403,25.619,-0.023,0.0813,9.8185,-0.4507,-0.2106,0.0862
36015,1190,763,33.557,25.507,-0.0054,0.0153,9.8477,0.3437,-0.326,-0.4192
36020,1192,762,33.57,25.546,-0.0233,-0.0035,9.8544,1.1542,-0.6498,0.6269
36025,1181,770,33.556,25.595,-0.0544,0.0329,9.8337,-0.7787,-0.261,0.2041
36030,1187,764,33.579,25.52,0.0309,-0.007,9.8241,0.446,-0.2047,0.4515
36035,1190,774,33.528,25.537,0.075,-0.111,9.9062,0.1915,-0.4068,0.3542
36040,1191,777,33.552,25.585,0.0307,0.0514,9.8649,-0.9671,-0.061,0.6765
36045,1178,773,33.538,25.742,0.0945,0.0679,9.808,-0.1813,-0.0422,0.379
36050,1172,777,33.595,25.54,0.0062,-0.0786,9.8372,0.0686,-0.4539,0.5142
36055,1167,777,33.518,25.563,-0.0275,0.0391,9.8198,0.0675,0.3819,0.6524
36060,1154,781,33.427,25.579,0.1021,-0.0323,9.8232,-0.2794,-0.0016,-0.0745
36065,1168,783,33.493,25.653,0.0506,-0.0216,9.8776,0.3655,-0.8568,-0.011
36070,1161,779,33.599,25.548,-0.0415,-0.0407,9.7937,0.2207,-1.5783,0.0252
36075,1160,782,33.547,25.564,0.0595,0.0167,9.8402,-0.3396,-0.6624,-0.5231
36080,1160,782,33.621,25.611,0.0202,0.0381,9.7491,0.5563,0.2745,-0.5373
36085,1159,790,33.611,25.589,-0.0499,0.0377,9.8454,0.7327,-0.3888,-0.8116
36090,1140,792,33.625,25.455,-0.0464,0.0363,9.8297,-0.3253,0.0979,-0.569
36095,1145,800,33.543,25.536,0.0301,0.0009,9.8358,0.2362,0.5792,-1.24
36100,1136,796,33.475,25.54,-0.0464,-0.0205,9.8283,-0.3938,-0.5231,0.1733
36105,1148,795,33.617,25.643,0.0127,-0.0081,9.8505,-0.5539,0.1033,-0.3054
36110,1130,800,33.567,25.556,0.0083,-0.0663,9.8431,-0.0689,-0.4299,-0.7198
36115,1132,800,33.553,25.616,0.0179,-0.0219,9.7228,-0.0464,0.5071,-0.7176
36120,1126,801,33.512,25.573,0.0586,0.0265,9.8435,-0.7816,0.1264,0.4148
36125,1121,804,33.568,25.639,0.0677,-0.0331,9.8272,-0.4598,-0.9389,0.3106
36130,1130,817,33.505,25.548,0.0233,0.0106,9.7231,0.3527,0.5819,-0.1093
36135,1123,807,33.541,25.576,-0.0404,-0.0939,9.8498,-0.6359,-0.056,0.0841
36140,1121,806,33.479,25.624,0.0548,-0.043,9.778,-0.4356,-0.3722,0.3536
36145,1122,810,33.606,25.651,0.0803,-0.061,9.9093,-0.1828,0.6655,-0.5324
36150,1114,813,33.577,25.645,0.0084,-0.0884,9.8465,0.4259,-0.471,0.4823
36155,1100,822,33.514,25.557,-0.0513,-0.0049,9.7904,-0.3938,-0.4535,0.051
36160,1100,813,33.491,25.611,0.0017,-0.0362,9.7829,0.2754,0.1749,0.075
36165,1102,820,33.547,25.535,-0.0106,0.077,9.8612,0.4421,0.0935,0.3314
36170,1103,818,33.46,25.593,0.1095,-0.0683,9.8485,0.1896,-0.4256,-0.1529
36175,1099,823,33.613,25.6,0.0328,-0.0319,9.7639,0.3611,-0.734,-0.214
36180,1106,816,33.478,25.517,0.0039,0.0093,9.7368,-0.1096,-0.2266,0.7641
36185,1101,823,33.518,25.546,0.0033,0.0184,9.8199,0.2643,0.177,-0.5042
36190,1092,822,33.454,25.661,0.0124,-0.1044,9.7311,0.0968,-0.3794,0.6587
36195,1084,830,33.507,25.436,-0.0306,-0.0282,9.8041,-0.6876,-0.2554,0.2092
36200,1088,830,33.484,25.676,0.0501,0.0093,9.7333,0.2283,0.9148,0.3533
36205,1085,827,33.544,25.592,0.0288,-0.0055,9.8081,-0.7064,-0.2075,-0.2395
36210,1095,825,33.544,25.641,-0.0013,-0.057,9.7825,0.3732,0.5821,0.6569
36215,1083,828,33.508,25.514,0.0574,-0.0286,9.8086,0.4322,0.1482,-0.6011
36220,1073,825,33.542,25.642,-0.0938,0.0249,9.8169,0.0586,1.0496,-0.1344
36225,1082,830,33.471,25.515,0.0157,0.0464,9.7961,-0.6503,-0.7558,-0.3274
36230,1083,826,33.549,25.634,-0.0434,-0.0063,9.7841,0.6883,-0.431,0.5293
36235,1077,829,33.498,25.56,-0.0937,-0.017,9.7988,-0.3728,-0.8903,-0.0271
36240,1074,827,33.448,25.56,-0.0017,-0.0031,9.7472,0.6593,-0.0798,0.6497
36245,1063,825,33.681,25.579,0.0874,0.019,9.8834,-0.3636,0.4065,-0.3961
36250,1071,828,33.602,25.538,-0.0148,-0.0251,9.8002,0.0074,0.4048,-0.151
36255,1067,832,33.529,25.598,-0.14,0.0227,9.8061,0.4394,-0.2164,-1.1045
36260,1056,830,33.485,25.552,0.0676,0.0226,9.9188,-0.5357,0.4529,-0.5626
36265,1045,834,33.575,25.548,0.0023,-0.1228,9.7839,-0.115,0.0307,-0.5469
36270,1045,828,33.54,25.614,-0.0085,-0.0375,9.6827,0.2491,-0.57,-0.1475
36275,1042,831,33.543,25.562,-0.0067,-0.0442,9.8677,0.4438,-0.769,-0.2424
36280,1045,828,33.572,25.659,-0.0384,0.0513,9.8438,0.2537,0.8417,0.4583
36285,1027,826,33.515,25.578,0.0172,-0.042,9.7682,-0.0768,0.3438,0.173
36290,1030,831,33.484,25.56,-0.0885,-0.0255,9.7391,0.294,0.3323,0.8145
36295,1026,831,33.447,25.623,-0.0419,-0.0429,9.7603,0.3033,-0.0864,0.1673
36300,1019,829,33.517,25.627,-0.0003,0.0183,9.8069,-0.0094,0.4031,-0.272
36305,1016,829,33.552,25.589,0.0309,0.0763,9.7764,-0.2446,0.9343,0.0331
36310,1003,822,33.457,25.504,0.0753,-0.0185,9.8732,0.8188,-0.1392,-0.0556
36315,994,826,33.547,25.627,0.1131,-0.1392,9.7507,0.3071,-0.4777,-0.757
36320,986,824,33.509,25.561,-0.0278,0.0525,9.8237,0.2308,-0.2063,0.4524
36325,988,827,33.609,25.582,-0.0855,0.0284,9.8226,-0.3762,0.1902,-0.7035
36330,985,827,33.502,25.599,-0.0139,0.0234,9.8824,0.3277,0.2422,-0.4376
36335,975,825,33.499,25.546,-0.0391,-0.0307,9.8773,-0.0237,0.3198,0.3854
36340,953,825,33.564,25.603,-0.1214,-0.0109,9.8969,-1.1151,-0.3084,-0.1398
36345,957,824,33.528,25.599,-0.0494,0.0447,9.801,0.9687,0.4232,-0.1654
36350,954,821,33.55,25.65,-0.0326,-0.0681,9.8052,0.8227,-0.0937,-0.6086
36355,937,824,33.531,25.663,0.0037,-0.0092,9.8106,-0.5018,-0.7129,0.007
36360,925,824,33.523,25.656,-0.017,0.0172,9.8027,-0.5161,0.7849,0.1425
36365,917,820,33.58,25.574,-0.0261,-0.0478,9.751,0.0422,0.3006,0.5338
36370,911,821,33.498,25.632,0.0557,0.0503,9.8762,-0.2561,-0.3113,0.4784
36375,904,824,33.596,25.523,-0.0384,-0.0103,9.792,0.2908,-0.0859,-1.1891
36380,896,819,33.59,25.563,-0.0284,0.0158,9.6879,-0.6877,0.2818,-0.4203
36385,888,820,33.45,25.643,0.0043,0.0641,9.8235,0.6317,0.6038,0.509
36390,872,822,33.478,25.645,0.0214,-0.0539,9.8189,-0.5013,-0.7903,-0.0237
36395,867,820,33.534,25.656,0.0561,-0.0208,9.9278,0.1922,-1.2877,0.2012
36400,858,813,33.611,25.499,0.0722,-0.0579,9.8476,-0.9505,0.486,0.0617
36405,842,820,33.534,25.526,-0.0498,-0.014,9.8856,0.5938,-0.1647,-0.87
36410,837,816,33.55,25.612,0.0593,-0.0333,9.8369,1.6015,-0.1311,-0.5056
36415,840,817,33.521,25.564,0.013,0.014,9.7838,0.3956,0.0465,-0.5647
36420,824,813,33.591,25.577,-0.0075,-0.0711,9.8564,-0.24,-0.0329,-0.5433
36425,813,815,33.462,25.573,-0.009,0.0899,9.7988,-0.9903,0.7496,0.6611
36430,811,816,33.55,25.677,0.0237,0.0137,9.7551,-0.6906,-0.0737,0.2149
36435,800,812,33.537,25.579,0.0292,-0.0523,9.8577,-0.0929,0.6322,-0.6178
36440,795,815,33.45,25.645,0.0001,-0.0542,9.7706,0.3613,0.3547,-0.7783
36445,788,807,33.479,25.57,0.0115,0.0238,9.8446,0.3743,0.5701,0.8434
36450,787,812,33.54,25.569,-0.0296,-0.0181,9.8434,-0.2202,-0.4944,-0.7796
36455,772,810,33.661,25.582,-0.0156,0.0506,9.8386,0.3903,-0.6513,-1.0234
36460,777,813,33.527,25.528,-0.0005,0.0103,9.7463,-0.2165,0.3605,0.3622
36465,765,811,33.475,25.527,0.007,-0.0261,9.834,-0.1142,-0.564,-0.0639
36470,765,809,33.563,25.496,0.0367,0.0559,9.7809,-0.4762,0.1438,-0.3192
36475,760,810,33.558,25.444,0.0027,-0.0142,9.7961,0.6673,0.5504,-0.3976
36480,762,810,33.581,25.644,0.0278,0.0119,9.8648,0.0598,0.1865,0.3714
36485,757,813,33.549,25.494,-0.0003,-0.0532,9.7819,-0.4785,0.1291,-0.5913
36490,754,806,33.553,25.606,0.0117,-0.0094,9.7562,0.1781,0.0639,-0.7156
36495,746,812,33.604,25.614,0.0053,-0.07,9.7888,0.2549,0.3948,-0.0251
36500,750,812,33.588,25.681,0.0524,0.0002,9.8417,-0.088,0.1857,-0.3536
36505,738,812,33.449,25.611,-0.0066,0.0629,9.7741,-0.1385,-0.0647,-0.0477
36510,748,806,33.468,25.62,0.0536,-0.0123,9.7931,-0.0948,0.0379,-0.0696
36515,749,805,33.508,25.595,-0.0108,0.0364,9.7445,0.5217,-0.0134,-0.8099
36520,743,810,33.571,25.638,0.0312,-0.0267,9.8165,-0.153,1.1394,-0.4842
36525,756,801,33.557,25.651,0.0226,0.0092,9.8297,-0.2417,0.2078,0.0988
36530,761,808,33.496,25.547,-0.0364,0.0158,9.7078,0.0532,-0.3387,0.1888
36535,760,809,33.604,25.634,0.0786,0.0503,9.8588,0.1001,-0.4843,0.1841
36540,766,806,33.533,25.586,0.0487,-0.0581,9.8373,0.0168,-0.2708,0.2855
36545,767,806,33.506,25.498,-0.0161,-0.0289,9.7788,-0.4472,-0.5928,0.3192
36550,772,801,33.496,25.548,0.0326,-0.0108,9.8007,-1.193,-0.4376,-0.7843
36555,785,802,33.544,25.572,-0.0354,0.029,9.6962,-0.7354,-0.5788,-0.3141
36560,799,805,33.488,25.535,0.0238,-0.0496,9.8176,0.3703,-0.0701,0.3502
36565,803,797,33.564,25.584,0.0327,0.0212,9.769,0.0421,-0.2856,0.6114
36570,813,798,33.479,25.532,-0.0917,-0.0015,9.7242,-0.2924,-0.0826,-0.863
36575,821,798,33.552,25.546,0.038,-0.0028,9.8045,-0.2646,0.6046,0.4278
36580,821,799,33.578,25.504,0.0275,0.0588,9.8127,0.2571,0.239,0.1278
36585,828,795,33.501,25.553,-0.0422,0.0714,9.7938,0.5268,-0.4612,-0.4687
36590,849,792,33.479,25.608,-0.0096,0.0118,9.8013,-0.8879,-0.2209,0.7633
36595,856,798,33.559,25.652,-0.0664,-0.0218,9.7203,0.2382,0.0299,-0.1809
36600,860,790,33.59,25.568,-0.0176,-0.0267,9.8078,-0.3791,0.1468,0.7989
36605,872,790,33.595,25.501,0.0391,0.0292,9.7117,0.3826,-0.2887,-0.538
36610,883,794,33.631,25.603,0.0497,0.0935,9.7937,-0.0852,0.5669,-0.235
36615,900,785,33.548,25.559,-0.04,-0.0053,9.8328,-0.1307,0.0532,0.929
36620,909,783,33.586,25.541,-0.0081,0.089,9.8348,0.1569,0.0912,0.4363
36625,920,786,33.465,25.481,-0.0298,0.052,9.7924,0.5032,0.3469,-0.3353
36630,934,783,33.623,25.593,0.0488,0.0025,9.8191,0.1859,-0.4123,0.7647
36635,950,778,33.53,25.627,0.0176,0.055,9.7941,0.807,-0.6774,0.1898
36640,959,784,33.524,25.47,0.1193,0.0371,9.818,-0.0711,0.3666,-0.1261
36645,966,778,33.542,25.547,-0.0698,-0.0483,9.7791,-0.6895,0.4666,0.1917
36650,990,781,33.517,25.642,0.0045,0.0431,9.8486,0.199,1.4051,-0.0509
36655,995,774,33.511,25.672,-0.0269,0.0085,9.8139,-0.256,0.5706,0.1183
36660,1015,776,33.602,25.571,-0.0149,-0.0613,9.7549,0.1099,0.2156,0.0908
36665,1015,774,33.499,25.639,-0.0184,-0.0771,9.8333,-0.1189,-0.0348,0.084
36670,1025,775,33.636,25.694,0.0676,0.0034,9.7831,-0.9398,-0.1261,0.0033
36675,1041,765,33.512,25.528,0.0367,0.0107,9.8337,0.406,-0.2708,-0.421
36680,1049,770,33.546,25.52,0.0179,0.0086,9.768,-0.1037,0.6021,-0.3824
36685,1064,769,33.537,25.582,-0.0556,-0.0384,9.7998,0.1795,-0.5483,0.2892
36690,1076,765,33.515,25.656,0.0554,0.0361,9.8416,0.2364,0.1993,0.3385
36695,1084,763,33.538,25.611,-0.012,-0.1374,9.8488,0.536,-0.4279,0.5346
36700,1097,764,33.519,25.594,-0.0095,0.009,9.8788,-0.5935,0.6515,-0.2518
36705,1101,764,33.511,25.562,0.062,-0.0348,9.7865,-0.2023,-0.2153,0.4551
36710,1117,759,33.479,25.583,-0.0242,0.0237,9.8221,0.137,-0.6561,0.0063
36715,1109,763,33.496,25.59,-0.0448,-0.0101,9.9025,0.6233,0.0071,0.7822
36720,1121,763,33.509,25.572,-0.0147,0.0509,9.7998,-0.2542,0.3433,0.1858
36725,1133,754,33.542,25.534,0.0139,-0.0518,9.7794,-0.5433,0.4329,0.3568
36730,1148,761,33.614,25.584,0.0499,-0.0242,9.7504,0.2109,-0.0394,-0.36
36735,1157,754,33.577,25.562,0.0336,-0.0206,9.6967,-1.2159,0.3256,0.0188
36740,1150,753,33.66,25.594,-0.0302,-0.0008,9.8143,-0.0097,0.3549,-0.6948
36745,1162,757,33.526,25.587,-0.0288,0.0465,9.791,-0.2026,0.5348,-0.3355
36750,1163,759,33.586,25.5,0.0572,0.0648,9.7968,0.5516,-0.2777,-0.4676
36755,1174,757,33.606,25.637,0.0454,0.0163,9.8409,-0.5981,0.2584,-0.7556
36760,1179,761,33.527,25.57,0.0044,0.025,9.7928,0.316,-0.8299,-0.4146
36765,1171,757,33.619,25.502,0.0489,-0.0243,9.8092,-0.3412,0.3557,0.3622
36770,1187,762,33.456,25.467,0.055,0.0077,9.6729,0.2192,-0.2496,-0.2908
36775,1179,755,33.564,25.558,0.1072,-0.0606,9.8077,0.5236,0.364,-0.072
36780,1195,763,33.551,25.572,0.0933,0.0014,9.6906,0.0345,1.172,-0.0948
36785,1185,755,33.515,25.634,0.0296,0.0581,9.7388,-0.3781,-0.4001,-0.6623
36790,1189,762,33.573,25.543,0.0015,0.0052,9.8295,-0.4136,0.4914,0.2404
36795,1191,758,33.488,25.536,-0.0433,-0.0362,9.7808,-0.2669,0.7534,0.3015
36800,1185,765,33.473,25.485,0.1183,0.1217,9.7881,-0.0299,0.7715,-0.6748
36805,1191,766,33.574,25.61,-0.0594,-0.0041,9.788,-0.3895,-0.0642,0.0987
36810,1182,761,33.653,25.588,-0.0144,0.0219,9.8492,-0.4056,-0.1328,-0.179
36815,1180,772,33.532,25.571,-0.0479,-0.1099,9.8884,-0.1996,-0.5204,-0.6991
36820,1183,764,33.556,25.552,0.0194,0.0671,9.8003,-0.3378,0.0152,-0.596
36825,1179,763,33.608,25.552,-0.001,0.0501,9.8525,-0.8875,0.3755,-0.4614
36830,1188,773,33.426,25.625,-0.015,0.0138,9.8415,0.5702,0.0851,0.0783
36835,1180,770,33.508,25.644,0.0749,-0.0036,9.7266,0.868,-0.1772,-1.3029
36840,1173,773,33.544,25.678,0.0344,0.0794,9.7755,0.4182,-0.0467,0.4646
36845,1176,773,33.468,25.491,-0.0329,0.0023,9.8176,0.3402,-0.2112,-0.7224
36850,1170,778,33.45,25.579,-0.074,-0.0321,9.7876,-0.2057,0.0659,-0.4689
36855,1170,784,33.502,25.589,0.0499,-0.0012,9.8235,0.6117,0.9472,0.2097
36860,1170,781,33.501,25.648,0.0296,0.0345,9.8292,-0.8907,-0.3189,0.2871
36865,1163,778,33.514,25.587,0.0273,-0.0288,9.8084,0.238,-0.2738,0.0244
36870,1162,783,33.497,25.566,-0.0398,-0.0405,9.7569,-0.9101,-0.0669,0.1164
36875,1149,789,33.44,25.607,-0.0994,0.008,9.7684,-0.2668,-0.5414,0.378
36880,1148,791,33.576,25.638,0.0135,0.0216,9.7927,-0.6344,0.1416,0.7503
36885,1152,790,33.606,25.601,0.0197,0.0261,9.8447,0.1358,0.1776,1.3562
36890,1147,793,33.472,25.649,0.0218,-0.0027,9.814,-0.1887,-0.61,-0.1654
36895,1142,794,33.545,25.61,-0.0151,-0.1193,9.7732,0.4327,0.5611,-0.1597
36900,1137,794,33.571,25.638,-0.045,-0.066,9.8322,-0.9336,0.1024,0.1553
36905,1140,801,33.485,25.617,0.0109,-0.0117,9.8505,-1.1295,-0.3847,-0.5578
36910,1127,802,33.531,25.492,0.0079,-0.1386,9.8563,0.0857,-0.1365,0.1896
36915,1126,803,33.639,25.58,-0.0286,0.0154,9.8328,-0.3518,-0.214,0.0026
36920,1128,806,33.53,25.606,0.0171,-0.0162,9.7974,-1.2279,0.1265,-0.1212
36925,1125,805,33.623,25.57,-0.0158,-0.0272,9.7758,-0.2504,-0.8393,0.4963
36930,1120,811,33.563,25.642,0.0686,-0.011,9.7203,0.0377,1.229,0.327
36935,1126,812,33.544,25.63,-0.0541,-0.0086,9.7992,0.8838,-0.1198,0.3939
36940,1111,812,33.488,25.471,0.02,-0.0155,9.7379,0.2648,0.1107,-0.2171
36945,1113,814,33.505,25.611,-0.0549,0.0856,9.8488,0.6481,0.4211,-0.9501
36950,1110,815,33.493,25.551,0.0137,0.0394,9.8325,-0.085,0.3451,0.235
36955,1105,816,33.519,25.588,-0.0086,-0.0859,9.7973,0.5532,0.6993,0.2269
36960,1116,816,33.547,25.559,0.0957,0.0002,9.7954,0.139,-0.2312,-0.0759
36965,1103,820,33.58,25.559,-0.0211,0.0531,9.7467,0.0141,0.5289,-0.8515
36970,1109,819,33.58,25.678,-0.0327,-0.0446,9.8132,0.088,-0.8444,-0.4802
36975,1090,825,33.615,25.522,0.0,0.068,9.8234,-0.1458,-0.2441,0.4548
36980,1090,826,33.495,25.533,0.0134,0.0148,9.8121,-0.4665,0.3993,0.6498
36985,1092,834,33.552,25.56,0.0442,0.0207,9.7542,0.1721,0.2736,0.0886
36990,1085,824,33.526,25.542,-0.0378,-0.0686,9.8386,-0.4059,-0.6339,0.1745
36995,1094,821,33.454,25.564,-0.0467,-0.0307,9.8364,-0.1194,-0.572,-0.2448
37000,1083,825,33.499,25.73,-0.0433,0.0448,9.7342,-0.1446,0.4489,-1.4702
37005,1090,828,33.527,25.604,-0.036,-0.0367,9.8667,-0.1436,-0.2338,0.0141
37010,1085,823,33.512,25.603,-0.1076,-0.0052,9.7948,-0.6527,0.2982,-0.8556
37015,1075,826,33.518,25.466,0.0196,0.022,9.8763,-0.7411,0.4618,0.3376
37020,1077,828,33.526,25.69,-0.0697,0.0385,9.8157,0.3271,0.1031,-0.7276
37025,1080,833,33.533,25.58,-0.0356,0.0218,9.7921,0.6189,0.4779,0.4702
37030,1075,829,33.475,25.58,-0.0589,-0.044,9.8013,-0.4623,1.2147,-0.3498
37035,1071,827,33.47,25.67,-0.023,0.0161,9.8364,-0.6525,0.4174,0.1236
37040,1070,829,33.519,25.538,0.0619,0.0223,9.8154,-0.3332,0.7858,0.3704
37045,1065,835,33.56,25.542,-0.019,0.0678,9.8599,0.3537,0.0447,0.0242
37050,1058,834,33.524,25.651,0.0303,0.0132,9.8621,-0.2776,0.0942,0.729
37055,1055,825,33.5,25.642,0.0284,0.0164,9.7553,0.5277,0.0316,-0.6751
37060,1051,828,33.477,25.557,0.0922,0.0237,9.7974,0.61,0.4602,-1.4759
37065,1052,824,33.567,25.577,-0.0029,0.0713,9.7802,0.5059,-0.5265,0.3856
37070,1031,826,33.496,25.585,-0.0475,0.0529,9.8546,1.0639,0.1383,0.357
37075,1032,831,33.513,25.563,-0.0556,0.0566,9.8914,-0.3446,-0.0118,0.3201
37080,1033,832,33.492,25.573,-0.0248,0.0877,9.7358,-0.5798,-0.2624,-0.1438
37085,1030,830,33.577,25.608,-0.003,0.0545,9.8062,0.7949,0.1729,0.0597
37090,1029,825,33.477,25.505,-0.0467,-0.0494,9.8249,0.3337,0.6236,0.2113
37095,1022,826,33.471,25.484,-0.0072,-0.0689,9.812,0.483,-0.2234,0.0633
37100,1014,828,33.589,25.652,-0.0345,0.1082,9.7845,-0.316,-0.4967,-0.0587
37105,1006,821,33.562,25.513,0.0289,0.0457,9.7615,1.0055,0.308,0.2684
37110,1006,830,33.439,25.589,0.0282,-0.0605,9.8255,-0.2744,-0.3704,-0.0642
37115,1005,829,33.509,25.567,0.0568,0.0085,9.8235,0.384,-0.5654,0.2267
37120,989,824,33.545,25.496,-0.0291,0.0377,9.8375,0.6413,-0.3138,0.336
37125,983,820,33.544,25.554,0.1013,-0.0057,9.87,-0.1608,-0.3858,0.1467
37130,970,822,33.472,25.568,-0.0175,-0.0257,9.8172,0.0076,0.2537,0.2682
37135,966,829,33.544,25.488,0.023,-0.0423,9.8251,-0.0023,-0.0002,0.0477
37140,955,821,33.536,25.678,0.0216,-0.0152,9.8467,0.6204,-0.6638,0.1039
37145,948,820,33.555,25.585,0.0363,0.0081,9.7665,0.5656,-0.0138,0.0227
37150,938,821,33.58,25.63,-0.0805,0.0727,9.7373,0.0806,0.4739,-0.2289
37155,932,820,33.474,25.485,-0.0042,-0.1072,9.8326,-0.1445,-0.1209,0.2135
37160,929,830,33.487,25.469,0.0014,-0.0047,9.8097,-0.7395,-1.1158,-0.076
37165,917,820,33.538,25.506,0.0161,0.0462,9.8689,-0.2946,0.7484,0.0748
37170,898,825,33.549,25.623,0.0428,0.0905,9.8147,0.6462,0.7978,-0.2993
37175,905,818,33.488,25.619,0.0052,0.0352,9.8316,-0.0382,0.8295,0.4868
37180,894,820,33.598,25.554,-0.0264,-0.0619,9.7847,0.7999,0.1556,0.7727
37185,883,821,33.557,25.534,-0.0039,0.0238,9.8038,0.4378,0.1252,-0.1761
37190,874,814,33.496,25.487,0.0688,-0.0567,9.7647,-0.2394,0.5393,-0.2742
37195,856,817,33.508,25.591,-0.0088,-0.0093,9.7513,-0.0903,0.1607,-0.2867
37200,854,822,33.572,25.619,0.0421,0.0076,9.7465,0.0156,-0.4659,0.5713
37205,852,821,33.531,25.579,-0.0366,-0.0489,9.8056,0.0991,-0.8469,-0.3998
37210,829,820,33.528,25.614,0.0152,0.0506,9.7984,0.9109,-0.4212,0.8781
37215,827,818,33.479,25.55,0.0422,0.0292,9.7376,0.4486,-0.355,-1.0203
37220,822,819,33.501,25.448,0.0102,0.0287,9.8733,0.0206,0.7566,0.5332
37225,811,819,33.553,25.593,0.0428,-0.0853,9.8003,-0.1872,0.3018,0.5537
37230,813,814,33.543,25.527,-0.0598,0.0912,9.904,-0.2347,-0.8796,0.0035
37235,799,807,33.539,25.5,-0.0019,0.0881,9.8138,0.6513,0.7262,-0.7762
37240,791,811,33.44,25.567,-0.0799,-0.0675,9.828,0.5019,0.1504,0.1182
37245,788,816,33.545,25.572,-0.0402,-0.0436,9.8734,-0.6567,1.3516,-0.9005
37250,783,818,33.575,25.631,0.043,-0.031,9.8256,0.1136,0.3588,-0.0747
37255,769,815,33.524,25.42,-0.0264,0.0909,9.7183,-0.1598,0.7373,0.9534
37260,775,815,33.481,25.516,0.017,0.015,9.7954,-0.3271,0.3061,0.3865
37265,754,812,33.472,25.465,-0.0697,0.0126,9.7855,-0.7536,-0.3488,0.3987
37270,765,812,33.511,25.584,-0.0268,-0.0224,9.7528,0.3723,0.2709,-0.6205
37275,758,810,33.507,25.553,0.1019,0.0194,9.865,-0.0527,-0.2215,1.7532
37280,749,816,33.467,25.615,-0.0515,-0.0086,9.7566,-0.1597,-0.8737,0.793
37285,752,809,33.571,25.462,0.005,-0.0703,9.7143,-0.219,-0.9273,0.3091
37290,752,806,33.468,25.559,0.0413,0.0588,9.8176,-0.0384,-0.4713,-0.2989
37295,738,811,33.434,25.62,0.0261,-0.0415,9.7137,-0.2959,-0.4805,-0.7277
37300,754,808,33.607,25.454,0.0491,-0.0382,9.843,-0.4251,0.399,-0.8027
37305,738,811,33.629,25.582,0.0246,-0.0317,9.829,-0.0498,0.3012,0.5464
37310,743,805,33.578,25.623,-0.0414,-0.023,9.8345,-0.2244,-0.7929,0.6933
37315,740,808,33.524,25.595,-0.0236,0.0284,9.7997,-0.2574,0.329,0.7124
37320,743,808,33.568,25.593,-0.0364,0.0782,9.7879,-1.0926,0.213,0.3292
37325,753,807,33.583,25.628,0.0559,-0.0072,9.8175,0.1469,-0.1386,-0.381
37330,760,805,33.576,25.572,0.0013,-0.0227,9.7502,0.6715,0.3137,-0.5023
37335,759,803,33.555,25.57,-0.0662,0.0401,9.7886,-0.641,0.9172,0.0954
37340,765,806,33.468,25.565,-0.0202,-0.0443,9.7838,-0.8809,0.0833,-0.4415
37345,774,803,33.572,25.546,-0.0035,0.0234,9.8356,-0.8832,1.322,-0.4792
37350,780,803,33.596,25.479,0.0355,0.0794,9.8221,0.6324,-0.6217,-0.3152
37355,788,804,33.602,25.547,-0.0595,0.0609,9.8176,-0.0976,0.0727,-0.2111
37360,794,800,33.536,25.508,0.0144,0.0163,9.8013,-0.7723,-0.5249,0.349
37365,792,795,33.515,25.63,-0.0378,0.0189,9.8032,-0.2885,-0.6564,-0.4996
37370,809,794,33.558,25.525,-0.0789,-0.0047,9.8212,-0.4127,-0.2622,-0.1223
37375,816,791,33.473,25.538,-0.0023,-0.0861,9.8367,0.6791,0.341,0.2047
37380,835,797,33.53,25.59,0.0213,-0.0476,9.8398,0.3914,-0.1435,-0.7914
37385,833,796,33.52,25.531,0.0173,0.048,9.8318,0.1569,0.9581,0.5162
37390,844,789,33.535,25.643,-0.0467,0.0376,9.7753,-0.3539,-0.7739,0.1913
37395,851,791,33.571,25.621,0.103,-0.0211,9.762,0.0497,-0.1687,0.3641
37400,870,790,33.547,25.543,-0.0199,0.0031,9.8349,-0.0363,0.4658,0.3459
37405,882,786,33.447,25.58,0.0257,0.0225,9.8323,0.2416,-0.3906,-0.2993
37410,884,786,33.511,25.601,0.0527,-0.0178,9.8534,-0.2252,1.0974,0.5878
37415,907,788,33.438,25.553,0.0182,-0.0133,9.8526,0.3094,-0.4097,0.452
37420,909,779,33.471,25.602,-0.0432,-0.026,9.6635,0.2823,0.3314,-0.4488
37425,927,786,33.483,25.569,-0.0174,-0.0326,9.8057,-0.1023,0.3616,0.2237
37430,940,783,33.553,25.538,0.0007,0.0294,9.8354,-0.576,0.5969,0.0908
37435,953,780,33.505,25.595,0.0339,-0.0661,9.8523,-0.5922,0.1934,0.7561
37440,966,782,33.571,25.616,-0.0373,-0.0745,9.7953,0.194,0.7361,-0.6552
37445,973,785,33.568,25.585,0.0166,0.0412,9.7408,-0.2774,-0.145,0.1124
37450,992,780,33.525,25.575,0.0348,0.0134,9.7907,-0.4607,-0.1578,-0.3078
37455,994,776,33.518,25.544,0.0027,0.0187,9.8376,0.2148,0.3006,0.8819
37460,1012,777,33.55,25.512,-0.0018,0.0025,9.8691,0.3689,0.3457,-0.0853
37465,1019,777,33.472,25.58,0.0085,-0.0352,9.8313,0.6488,0.3418,0.7373
37470,1030,768,33.647,25.538,-0.0401,0.0092,9.8399,0.0436,0.7184,-0.2708
37475,1042,771,33.525,25.542,-0.0024,0.0015,9.7623,-0.0732,0.0916,0.8291
37480,1057,768,33.538,25.544,-0.11,0.0264,9.8495,-0.2304,0.2277,-0.6687
37485,1067,766,33.448,25.657,0.0728,-0.0791,9.7986,-0.357,0.2141,0.2721
37490,1079,766,33.505,25.568,0.0171,-0.027,9.7823,-0.7589,0.3088,-0.1183
37495,1087,763,33.518,25.613,-0.0327,-0.0238,9.8429,0.2208,-0.0681,0.6562
37500,1093,764,33.537,25.639,-0.0597,-0.0532,9.8811,-0.8833,0.2505,0.5035
37505,1100,764,33.538,25.608,-0.0459,-0.1009,9.8338,-0.5666,0.329,0.1185
37510,1117,767,33.58,25.59,0.0283,-0.0852,9.7822,0.9708,0.0732,0.1753
37515,1129,762,33.487,25.531,0.0113,0.0517,9.823,0.2385,-0.1467,-0.185
37520,1128,757,33.493,25.508,0.033,-0.0849,9.669,1.5078,-0.212,-0.531
37525,1138,764,33.529,25.506,-0.0043,0.0508,9.772,-0.1132,0.2625,0.7424
37530,1147,760,33.507,25.538,-0.0429,0.0788,9.8234,0.459,-0.6509,0.844
37535,1158,760,33.558,25.562,0.0379,0.0556,9.7605,0.3247,-0.2889,1.4369
37540,1158,756,33.468,25.499,0.012,-0.048,9.8409,-0.0799,0.2311,-0.1005
37545,1165,752,33.536,25.553,-0.0337,-0.057,9.857,-0.4154,0.4289,-0.212
37550,1164,759,33.51,25.517,-0.0585,0.0491,9.7735,0.116,0.2714,-0.7434
37555,1171,761,33.526,25.565,-0.0718,0.0179,9.7623,0.453,-0.2254,-0.2953
37560,1167,760,33.564,25.623,0.0051,-0.0269,9.8558,-0.5469,0.224,0.0343
37565,1181,761,33.502,25.645,-0.0431,-0.0665,9.8453,-0.3706,-0.6227,-0.1531
37570,1181,756,33.527,25.508,0.0401,0.0562,9.7948,0.2398,-0.9444,-0.9767
37575,1192,756,33.484,25.598,-0.0278,-0.016,9.8511,0.4463,0.4975,0.0423
37580,1184,764,33.642,25.567,-0.0426,-0.0457,9.844,0.0507,0.1056,-0.0218
37585,1195,762,33.528,25.573,-0.077,-0.0148,9.7026,0.2744,0.2711,0.3736
37590,1182,760,33.492,25.607,0.0782,0.0383,9.7784,-0.5032,-0.2608,0.0111
37595,1188,765,33.517,25.516,0.0609,-0.008,9.711,-0.2208,0.3709,-0.4177
37600,1184,765,33.504,25.56,-0.0211,0.09,9.8675,-0.0178,0.0647,-0.6066
37605,1187,763,33.541,25.599,0.0431,0.0459,9.7346,-0.2963,-0.5785,-0.2063
37610,1185,769,33.465,25.611,0.0201,-0.092,9.8594,-0.8979,-0.4328,-0.3349
37615,1186,768,33.502,25.553,0.0723,0.0173,9.8738,0.6601,0.1209,-0.3777
37620,1181,764,33.477,25.566,-0.1126,0.0597,9.7747,-0.3295,-0.9541,-0.0745
37625,1180,770,33.503,25.572,0.0548,0.0385,9.7749,-0.8698,0.2665,-0.2664
37630,1176,771,33.53,25.517,-0.0186,0.0169,9.7578,-0.6527,0.3555,-1.2783
37635,1175,774,33.582,25.487,-0.022,0.0731,9.7895,0.0438,-0.3485,0.4826
37640,1178,778,33.509,25.616,-0.0012,-0.0018,9.7129,0.2833,0.638,0.3264
37645,1170,776,33.552,25.581,-0.0267,0.0161,9.8671,-1.3505,-0.2218,0.0346
37650,1169,782,33.583,25.569,0.0411,0.0071,9.8284,0.2248,0.4568,-0.1109
37655,1175,779,33.537,25.566,0.0338,-0.0126,9.8637,-0.2778,-0.2253,0.6006
37660,1163,778,33.613,25.567,-0.0043,0.0145,9.832,1.0713,-0.8607,0.3465
37665,1158,785,33.607,25.607,0.0192,0.012,9.8263,-0.0821,-0.5036,-0.7013
37670,1167,789,33.553,25.555,-0.0126,-0.0032,9.8025,0.108,-0.3781,0.1589
37675,1159,785,33.53,25.633,0.0192,0.0004,9.8348,-1.0928,0.5166,0.0345
37680,1152,793,33.575,25.604,-0.0313,0.0016,9.8155,-0.4147,0.5957,0.4004
37685,1148,789,33.552,25.51,-0.0602,0.0161,9.7109,0.3399,0.5554,0.0199
37690,1139,792,33.506,25.595,-0.0224,-0.0389,9.7601,0.5475,-0.2553,-0.743
37695,1144,795,33.503,25.557,0.0576,-0.0121,9.7758,-0.1044,-0.6075,0.0946
37700,1144,799,33.676,25.552,-0.0371,0.0502,9.7601,-0.2189,-0.017,-0.5512
37705,1132,801,33.49,25.566,0.02,0.0057,9.8616,1.478,0.5922,-0.0233
37710,1144,804,33.472,25.476,-0.0423,-0.0401,9.7665,0.479,-0.2155,0.5288
37715,1137,800,33.557,25.524,0.0065,0.0407,9.7372,-0.3317,0.4476,0.8205
37720,1118,809,33.503,25.516,-0.0646,-0.0332,9.7298,0.3228,-0.3304,0.3954
37725,1130,804,33.451,25.524,0.0159,0.0378,9.8465,-1.0479,-0.3562,0.3427
37730,1121,807,33.529,25.622,-0.1137,-0.0876,9.7326,-0.4014,-0.1673,-0.3873
37735,1105,810,33.565,25.57,-0.0686,-0.0073,9.8007,-0.0484,-0.2316,-0.1217
37740,1115,806,33.53,25.572,-0.0011,0.0105,9.7909,-0.1369,-0.1821,-0.3402
37745,1108,814,33.523,25.477,-0.0245,0.0057,9.6637,-0.1047,0.1552,0.2576
37750,1115,812,33.548,25.573,-0.0011,-0.0647,9.8287,-0.3012,0.3134,-0.8747
37755,1111,816,33.574,25.599,0.0073,-0.0569,9.8646,-0.6027,0.5864,-0.1035
37760,1104,821,33.602,25.53,-0.058,0.0637,9.8585,0.286,-0.0602,-0.4925
37765,1109,821,33.485,25.538,0.0538,0.0316,9.8846,0.3132,-0.6219,-0.2997
37770,1110,822,33.506,25.509,0.032,0.0363,9.8681,-0.2528,-0.6162,0.167
37775,1096,824,33.494,25.533,0.139,-0.054,9.8499,0.4276,-0.0976,-0.2745
37780,1092,827,33.546,25.653,0.0835,0.0133,9.8008,-0.4353,0.136,0.2416
37785,1094,826,33.453,25.6,-0.0783,0.0155,9.8209,0.7254,0.6119,0.3482
37790,1088,820,33.469,25.506,-0.0541,-0.0622,9.8153,0.7816,0.2724,0.2603
37795,1097,828,33.461,25.591,-0.0414,-0.1405,9.7512,-0.4456,0.2928,0.0479
37800,1084,830,33.581,25.54,0.0746,-0.0198,9.8843,-0.1956,0.1379,0.3754
37805,1084,823,33.483,25.538,-0.019,0.0785,9.755,0.3101,0.0065,0.0003
37810,1078,833,33.683,25.585,-0.0319,0.0048,9.8751,-0.1465,0.1416,0.1001
37815,1078,831,33.477,25.535,-0.0215,-0.0308,9.7917,-0.0814,0.0819,-0.4566
37820,1080,827,33.544,25.597,0.1084,-0.0848,9.7861,-1.25,-0.0026,0.5428
37825,1076,828,33.526,25.509,-0.0614,-0.0572,9.7968,0.7071,0.1668,0.1686
37830,1071,832,33.544,25.481,-0.0084,-0.0497,9.7362,-0.2635,0.2994,1.2341
37835,1064,829,33.505,25.513,0.0261,-0.0161,9.8231,0.4465,0.3755,-0.1541
37840,1073,831,33.415,25.466,0.0252,0.0533,9.7821,0.0852,0.1186,0.4238
37845,1065,833,33.449,25.576,-0.0798,-0.0462,9.8367,1.3116,-0.226,0.7399
37850,1057,833,33.559,25.7,-0.0314,-0.053,9.7669,-0.0794,0.0966,-0.004
37855,1064,831,33.639,25.6,0.0058,-0.0328,9.7557,0.4751,-0.1639,0.1485
37860,1053,833,33.468,25.517,-0.0825,-0.1326,9.829,-0.4538,0.4354,-0.3159
37865,1050,833,33.533,25.572,0.041,-0.0455,9.8003,0.1032,-0.2385,0.1014
37870,1035,832,33.494,25.59,0.0387,-0.0806,9.8998,-0.0821,-0.0947,0.2588
37875,1039,836,33.606,25.416,-0.0102,-0.0952,9.8893,-0.6363,-0.7677,0.2947
37880,1035,829,33.533,25.509,0.0326,0.1128,9.7902,-0.7354,-1.0756,0.6339
37885,1020,831,33.55,25.573,0.0479,-0.0206,9.6666,0.2417,0.3702,0.3166
37890,1032,830,33.603,25.505,0.0068,0.0268,9.7462,0.4431,0.229,0.2504
37895,1024,829,33.494,25.581,0.0177,0.0132,9.7639,-0.5841,0.7608,-0.4217
37900,1008,829,33.562,25.597,-0.0335,0.0536,9.8774,-0.6574,0.4713,-0.2534
37905,1002,824,33.6,25.482,0.0199,0.0478,9.8415,-0.8343,0.2425,-0.6829
37910,1007,826,33.513,25.566,-0.0294,0.0368,9.8486,0.6116,0.3057,0.495
37915,981,824,33.525,25.444,-0.0471,0.0073,9.8347,-0.7176,1.1663,-0.4639
37920,988,828,33.582,25.601,0.0747,-0.0655,9.8021,0.4463,-0.0329,0.3646
37925,980,829,33.522,25.641,-0.0249,0.0062,9.9135,0.1282,-0.4629,0.851
37930,972,824,33.476,25.58,0.0283,0.05,9.79,0.5991,0.9345,0.2821
37935,954,823,33.545,25.638,0.0026,-0.0268,9.7959,-0.0017,0.5128,0.3065
37940,959,827,33.554,25.648,0.0475,-0.0635,9.7946,-0.3176,-0.0541,0.4088
37945,944,824,33.502,25.442,-0.0004,-0.0503,9.7995,0.2629,0.2925,-0.3679
37950,940,822,33.51,25.559,0.075,-0.0274,9.8016,-0.1733,0.0191,0.0677
37955,937,826,33.473,25.519,0.0197,-0.0212,9.8516,0.0607,-0.1715,0.4445
37960,923,827,33.492,25.586,0.0607,-0.0298,9.7595,-0.708,0.4304,1.1753
37965,903,820,33.521,25.513,0.0384,0.0266,9.8338,0.2325,-0.1989,0.2939
37970,904,820,33.52,25.594,-0.0268,-0.0205,9.7808,-0.1541,-0.9199,0.282
37975,892,825,33.565,25.56,0.0661,0.0344,9.8083,-0.3067,-0.1429,-0.5975
37980,883,827,33.56,25.599,0.0061,-0.0633,9.8242,0.1487,-0.7208,0.0972
37985,873,817,33.502,25.582,0.0716,0.0164,9.8173,0.0346,0.1247,0.0361
37990,870,818,33.527,25.574,0.0238,0.0741,9.8189,-0.1078,-0.0054,-0.2888
37995,860,816,33.541,25.497,0.0472,0.0687,9.7262,-0.5424,0.4789,-0.0521
38000,854,819,33.565,25.617,-0.0352,0.1296,9.7964,-0.1828,0.0931,-0.5262
38005,838,820,33.52,25.613,0.035,0.0365,9.7323,0.4465,-0.4147,0.267
38010,838,812,33.503,25.562,-0.0514,-0.0794,9.7988,0.2406,-0.3422,-0.1982
38015,829,810,33.581,25.559,-0.1311,0.0105,9.7601,-0.3654,0.0464,0.753
38020,810,817,33.492,25.478,-0.1272,-0.1324,9.8572,-0.3464,0.1906,0.1205
38025,808,817,33.562,25.557,0.0423,-0.0599,9.822,-0.1924,-0.0397,0.0079
38030,802,817,33.483,25.534,0.0303,0.0328,9.874,0.1682,-0.0973,-0.0458
38035,799,813,33.521,25.481,-0.0103,-0.0228,9.746,-0.0597,-0.2041,-0.7029
38040,788,817,33.506,25.592,0.071,-0.0527,9.8629,-0.1782,0.8635,0.1858
38045,778,815,33.546,25.538,0.0437,-0.1353,9.688,-0.0222,-0.7279,0.4036
38050,771,815,33.46,25.558,0.103,-0.0315,9.8003,0.2617,-0.3877,-0.856
38055,774,809,33.579,25.522,0.0288,-0.0446,9.8707,0.4395,1.5033,0.3489
38060,769,811,33.5,25.62,0.0348,0.0609,9.8815,0.4468,-0.4726,0.0358
38065,761,814,33.57,25.588,-0.066,0.008,9.933,-0.4381,0.3352,-0.5512
38070,749,814,33.519,25.564,-0.0432,-0.0135,9.7718,0.0284,-0.1549,0.1458
38075,755,811,33.463,25.525,-0.009,-0.0385,9.8644,1.3565,-0.1896,-0.229
38080,751,817,33.531,25.544,-0.0894,-0.0206,9.7479,0.1386,0.5892,0.87
38085,747,806,33.611,25.565,0.0478,-0.1408,9.8583,0.1556,-0.0932,-0.8609
38090,755,809,33.594,25.606,0.0453,0.0397,9.8108,0.7434,0.2943,-0.4168
38095,740,811,33.51,25.53,0.1026,-0.0322,9.7752,-0.3237,0.2733,0.3556
38100,753,812,33.615,25.525,0.1122,0.0566,9.8413,-0.2341,-0.144,-0.8
38105,757,814,33.63,25.524,-0.0131,0.0081,9.8446,0.4044,0.636,-0.6816
38110,748,805,33.502,25.617,0.0594,-0.1068,9.8697,-0.1749,-0.2421,0.0041
38115,745,813,33.542,25.525,-0.015,-0.0453,9.7832,-0.6712,0.4211,0.0891
38120,757,807,33.462,25.488,0.0058,0.0234,9.7464,-0.1969,-0.2211,-0.7172
38125,756,803,33.596,25.623,0.0093,-0.0495,9.8016,-0.087,0.3554,-1.1182
38130,765,807,33.486,25.651,0.0017,-0.0276,9.8482,-0.4631,-0.791,0.2057
38135,768,808,33.567,25.518,-0.0085,-0.0698,9.7572,0.8012,0.3129,0.6691
38140,771,802,33.568,25.532,-0.0256,-0.0481,9.8587,0.0647,0.2865,0.0887
38145,768,801,33.508,25.586,-0.0554,0.0847,9.7953,-0.3519,0.1722,-0.754
38150,786,806,33.491,25.572,0.016,0.0723,9.829,-0.3939,-0.2419,0.9008
38155,796,797,33.514,25.588,0.0658,0.0239,9.7899,-0.1925,-0.2766,-0.2794
38160,797,797,33.538,25.555,0.0151,-0.0154,9.8575,0.0137,-0.1172,-0.768
38165,809,796,33.489,25.56,-0.062,0.0514,9.9096,-0.6292,0.1545,0.3894
38170,812,801,33.497,25.552,0.0377,0.0016,9.7565,-0.9179,-0.8677,-0.3937
38175,818,799,33.472,25.59,-0.0699,-0.0163,9.7727,-0.0979,0.6705,0.3747
38180,832,792,33.52,25.564,-0.0052,0.0114,9.7278,0.3206,-0.1803,0.0835
38185,836,793,33.473,25.592,-0.0751,0.0176,9.7368,0.4754,-0.012,-0.9705
38190,856,789,33.475,25.427,-0.0848,-0.0217,9.8325,-0.9585,-0.2394,0.0232
38195,865,791,33.53,25.546,0.0524,0.0387,9.8097,-1.0102,0.0152,-0.2336
38200,876,788,33.55,25.557,-0.0595,0.0321,9.8649,-0.0299,0.3083,-0.4729
38205,885,789,33.59,25.502,-0.0506,0.0685,9.8502,-0.5033,-0.1046,-0.3493
38210,895,789,33.625,25.515,-0.0979,0.0318,9.8986,-0.8211,0.5462,0.3598
38215,914,786,33.486,25.655,-0.0322,0.0558,9.8948,-0.3677,0.4883,0.9511
38220,936,787,33.55,25.634,0.0242,0.0579,9.7086,0.0762,0.8762,-0.8795
38225,933,786,33.542,25.583,0.0021,0.0394,9.8116,0.6525,-0.5064,-0.6265
38230,945,782,33.631,25.567,-0.0871,-0.0249,9.7804,0.4086,0.5983,-0.7748
38235,954,780,33.578,25.545,-0.0022,-0.0358,9.7698,1.6559,-0.2487,-0.0877
38240,969,779,33.525,25.519,-0.0445,0.006,9.8626,0.6191,-0.1469,0.0381
38245,977,776,33.582,25.615,0.0194,-0.0534,9.8375,0.4654,0.2052,0.0861
38250,994,776,33.54,25.511,0.0144,0.0727,9.8387,-0.8773,0.488,-0.1936
38255,1011,774,33.547,25.572,0.0546,0.0041,9.8521,0.1917,0.2884,0.5261
38260,1018,776,33.546,25.629,-0.0564,0.0382,9.8195,0.2281,0.2088,0.2909
38265,1021,768,33.571,25.487,0.0319,-0.0124,9.8881,0.1641,-0.1616,0.4598
38270,1040,768,33.5,25.51,0.1047,0.06,9.8241,-0.7452,0.2665,0.9407
38275,1052,770,33.505,25.619,-0.0186,-0.0135,9.6972,0.1613,-0.0423,-0.1288
38280,1065,773,33.491,25.585,-0.063,-0.0057,9.7666,0.2998,0.1969,0.0746
38285,1072,774,33.572,25.575,0.0132,0.0733,9.7668,0.3226,0.8796,-0.6466
38290,1083,763,33.549,25.581,-0.0443,-0.0629,9.8387,0.0883,0.4811,0.4576
38295,1094,760,33.455,25.5,0.0057,-0.0361,9.8407,-0.0527,0.163,-0.523
38300,1108,759,33.478,25.624,0.052,-0.0169,9.7428,0.8087,-0.0647,-1.0321
38305,1107,763,33.532,25.682,0.0555,-0.0111,9.8767,0.4249,-0.3006,0.3329
38310,1119,761,33.545,25.54,-0.0091,0.0288,9.8133,-0.4804,0.0831,0.1309
38315,1122,758,33.53,25.556,0.1212,-0.0489,9.8413,0.5063,0.6689,0.5897
38320,1136,759,33.546,25.576,0.0481,0.0539,9.801,0.4879,0.3933,1.1514
38325,1142,759,33.557,25.518,0.0605,0.0366,9.7419,-0.6024,-0.3051,0.2044
38330,1144,758,33.537,25.569,0.0334,0.0779,9.8048,-0.2162,-0.275,0.4854
38335,1158,762,33.498,25.565,-0.0591,0.0004,9.8426,0.1659,-0.2271,-0.5923
38340,1157,754,33.5,25.463,0.0098,0.0236,9.871,-0.6182,0.4075,-0.2819
38345,1163,761,33.451,25.513,0.0569,0.1119,9.8377,-0.303,0.1692,-0.4207
38350,1176,759,33.48,25.51,0.0245,-0.0105,9.7928,-0.0322,-0.4964,0.0427
38355,1160,756,33.451,25.64,-0.0922,0.0135,9.8705,-0.8174,0.3483,-0.3152
38360,1179,757,33.481,25.588,-0.0434,-0.0026,9.8699,0.225,0.0511,0.494
38365,1175,754,33.531,25.572,0.0077,-0.0681,9.8654,-0.2967,-0.9907,0.8508
38370,1187,762,33.571,25.503,-0.0092,0.0032,9.7645,0.0918,0.9039,-0.1686
38375,1190,761,33.494,25.593,-0.0192,0.0775,9.8047,0.4211,-0.1831,-0.7482
38380,1180,761,33.482,25.534,0.0751,-0.0472,9.8446,0.9532,-0.195,0.5141
38385,1187,758,33.588,25.672,-0.0571,0.0214,9.7672,-0.392,0.6157,0.2064
38390,1188,762,33.519,25.456,-0.0293,-0.0983,9.7614,-0.0024,-0.2199,0.5619
38395,1185,762,33.543,25.521,0.0475,0.0097,9.8103,-0.5892,0.4706,0.1113
38400,1186,762,33.596,25.563,-0.028,-0.0325,9.7983,-0.4711,-0.789,0.2334
38405,1194,766,33.515,25.572,0.1516,0.0031,9.8084,-0.4949,0.1543,-0.364
38410,1175,765,33.523,25.498,-0.0213,-0.0743,9.7133,-0.3767,-0.1565,0.3045
38415,1182,769,33.532,25.579,-0.0373,0.0783,9.8151,0.6779,0.8022,-0.189
38420,1188,764,33.596,25.477,-0.0237,0.0473,9.811,-0.0135,0.5457,0.1068
38425,1183,771,33.503,25.619,-0.0402,-0.0043,9.8358,-0.1355,1.2259,-0.3258
38430,1175,772,33.485,25.602,-0.0396,-0.0322,9.7295,-0.1546,-0.7582,-0.5671
38435,1177,775,33.43,25.481,0.0605,-0.0763,9.9084,0.239,0.3307,-0.4251
38440,1180,772,33.465,25.562,0.009,0.0127,9.783,-0.7423,-0.523,0.0724
38445,1173,781,33.447,25.512,0.0257,0.0107,9.8444,-0.2733,0.1041,-0.2772
38450,1174,782,33.549,25.566,0.0373,0.0049,9.7547,0.7102,-0.1349,-0.0611
38455,1171,779,33.524,25.597,0.0065,0.0158,9.8198,-0.0977,-0.7991,-0.2081
38460,1162,780,33.545,25.687,0.0308,-0.0652,9.8144,-0.5393,0.2069,-0.3337
38465,1151,784,33.585,25.562,0.0018,-0.1154,9.726,0.046,-0.3744,-0.3178
38470,1165,782,33.593,25.553,-0.026,-0.0362,9.8068,0.2138,0.3105,0.9395
38475,1152,791,33.452,25.58,-0.067,0.0119,9.9066,-0.2641,0.0443,-0.9294
38480,1154,792,33.485,25.54,-0.0562,0.0198,9.7473,-0.792,0.024,-0.6665
38485,1150,799,33.578,25.553,-0.0336,0.0558,9.7637,0.8053,-0.1696,0.5161
38490,1140,797,33.542,25.561,-0.0522,-0.0228,9.7996,0.0431,-0.44,0.1016
38495,1133,802,33.492,25.63,-0.0449,0.0655,9.8564,-0.319,-0.3355,-0.3486
38500,1132,796,33.522,25.571,-0.013,0.0515,9.793,-0.2381,0.6027,-0.448
38505,1130,798,33.531,25.626,0.0816,-0.0254,9.7999,-0.1975,-0.3515,-0.2931
38510,1129,808,33.586,25.573,-0.0743,0.0561,9.8066,-0.0676,-1.1619,-0.3461
38515,1136,802,33.474,25.601,0.0369,-0.0467,9.7444,-0.2014,-0.2964,0.4448
38520,1133,807,33.53,25.575,-0.0283,0.0293,9.7929,-0.388,-0.3453,-0.3928
38525,1126,805,33.491,25.597,-0.0863,-0.032,9.7829,0.3349,-0.2471,0.2991
38530,1119,812,33.547,25.569,-0.0125,0.0296,9.7272,1.1486,0.2003,-0.1813
38535,1117,809,33.56,25.511,0.0236,-0.0575,9.8175,0.2266,-0.0709,-0.8191
38540,1110,815,33.503,25.544,0.0572,-0.0369,9.8218,0.5311,-0.2306,-0.2613
38545,1108,817,33.571,25.553,0.0498,0.004,9.8093,-0.22,0.3679,-0.318
38550,1114,814,33.526,25.662,0.0337,-0.0147,9.9534,0.2587,0.3363,-0.3241
38555,1105,816,33.409,25.574,-0.0135,0.0462,9.8137,0.2883,0.4783,-0.4168
38560,1107,820,33.584,25.54,0.0118,-0.0331,9.7954,0.2653,0.2505,-0.7701
38565,1106,822,33.614,25.604,-0.0665,0.0396,9.8911,0.572,0.043,-0.8174
38570,1104,820,33.506,25.608,0.0274,0.0685,9.8232,0.53,0.5673,0.8482
38575,1095,819,33.445,25.569,0.0643,-0.0421,9.8476,-0.4851,0.8518,-0.8045
38580,1095,819,33.546,25.556,0.0101,0.0298,9.7941,-1.3627,0.2108,0.6589
38585,1089,822,33.595,25.635,-0.0555,0.0957,9.8519,-1.0242,0.1666,0.4464
38590,1094,825,33.504,25.517,0.0085,-0.0577,9.7614,-0.0566,-0.0807,-0.6536
38595,1090,824,33.6,25.532,0.0337,0.0356,9.7908,0.2904,0.1232,0.1263
38600,1080,827,33.448,25.497,0.0314,-0.0115,9.7271,0.4783,-0.1345,-0.4502
38605,1077,830,33.522,25.468,0.0228,0.1182,9.7999,0.2132,0.1721,-0.2548
38610,1074,827,33.516,25.558,-0.1122,0.0249,9.8514,0.2949,-0.5853,1.4223
38615,1081,832,33.494,25.607,0.0031,-0.2014,9.7812,0.6887,0.1203,0.1205
38620,1080,827,33.516,25.594,0.0707,0.0502,9.8428,0.1477,0.9351,0.4048
38625,1082,833,33.514,25.532,0.0776,0.038,9.8174,0.0577,-1.0147,-0.1803
38630,1077,834,33.482,25.632,0.0287,0.0789,9.7509,-0.5305,0.5707,0.5499
38635,1064,827,33.597,25.588,-0.0213,-0.0073,9.8504,0.3181,0.2151,-0.5142
38640,1056,828,33.483,25.56,0.002,0.0469,9.7623,0.4704,-0.2917,0.3029
38645,1066,832,33.569,25.562,0.0206,0.1028,9.7311,0.1729,-0.2249,-0.5434
38650,1053,826,33.553,25.525,0.0835,-0.0457,9.9068,-0.1207,-0.3384,0.6387
38655,1056,829,33.504,25.641,-0.039,-0.0092,9.8465,-0.3025,0.0485,0.3063
38660,1043,825,33.49,25.541,0.0026,0.0919,9.6913,0.0885,-0.7191,-0.4523
38665,1041,829,33.575,25.586,-0.0111,-0.0369,9.7357,0.1538,0.7628,-0.1191
38670,1049,832,33.538,25.541,-0.0573,0.1445,9.7723,-0.4624,-0.6843,0.3757
38675,1040,827,33.513,25.593,0.0031,0.0163,9.7348,0.6528,-1.1637,0.9125
38680,1034,826,33.393,25.579,0.0486,-0.0938,9.8435,0.0264,-0.4894,-0.3057
38685,1032,830,33.574,25.542,0.0464,-0.004,9.7698,0.2179,-0.4409,0.4282
38690,1030,826,33.524,25.552,-0.0087,-0.0534,9.6992,-0.1902,0.0764,0.5906
38695,1020,826,33.433,25.594,-0.1138,0.0222,9.9227,0.7053,0.4555,0.3408
38700,1004,826,33.44,25.505,0.0609,0.0233,9.8762,-0.7013,0.0871,-0.4716
38705,1005,829,33.537,25.596,-0.0049,-0.0043,9.8371,-0.6744,0.3669,-1.5262
38710,994,825,33.538,25.611,0.0038,0.0845,9.7462,0.1241,0.5139,-0.1052
38715,981,820,33.58,25.476,0.0232,0.1034,9.8417,-0.6916,-0.8979,0.2972
38720,985,833,33.559,25.571,-0.0401,0.1087,9.8597,0.3063,0.3962,-0.4912
38725,969,825,33.542,25.568,-0.0099,-0.0021,9.8514,-0.117,0.4068,0.6273
38730,955,826,33.513,25.587,-0.0443,0.0177,9.8528,0.3429,0.3312,-0.8981
38735,959,825,33.572,25.573,-0.0555,0.016,9.8372,-0.128,-1.3755,0.0522
38740,953,819,33.47,25.554,-0.0308,-0.0588,9.7617,-0.065,0.4297,-0.2455
38745,941,826,33.571,25.492,0.1279,-0.0204,9.8094,0.2343,0.0578,0.4565
38750,930,824,33.488,25.512,0.0805,-0.009,9.7271,-0.124,0.2906,0.388
38755,927,820,33.512,25.571,0.0952,0.0137,9.8591,-0.2844,0.2192,0.1345
38760,918,817,33.459,25.497,-0.0373,0.0441,9.7895,-0.6233,-0.2798,0.3908
38765,899,819,33.607,25.606,0.0434,0.0601,9.7312,-0.2113,-0.7998,-1.0148
38770,897,820,33.574,25.622,0.0175,-0.0376,9.8638,0.425,-0.2535,0.9428
38775,888,818,33.59,25.62,-0.0585,-0.0407,9.9046,0.302,0.1718,0.2458
38780,876,820,33.613,25.512,-0.0249,0.0948,9.7848,0.1484,-0.2046,0.2089
38785,867,820,33.567,25.605,0.0002,0.0229,9.8627,-0.2059,1.1757,-0.3911
38790,862,821,33.491,25.597,-0.0386,-0.0763,9.7608,-0.5738,0.3064,0.4823
38795,858,826,33.566,25.517,-0.0253,-0.0088,9.8582,-0.4254,0.1651,0.4759
38800,839,818,33.447,25.517,-0.0985,0.0397,9.8521,-0.0113,-0.1547,-0.1718
38805,836,819,33.56,25.533,-0.0232,-0.0052,9.8042,-0.5421,-0.7953,0.4155
38810,820,814,33.494,25.479,-0.018,0.0128,9.8164,0.0205,-0.1693,-0.0194
38815,816,813,33.531,25.582,-0.0288,0.0027,9.8315,0.252,-0.3054,0.4522
38820,814,812,33.468,25.661,0.0499,-0.0546,9.8347,0.4503,1.3791,0.35
38825,802,819,33.612,25.563,0.0379,-0.0347,9.9043,0.9497,0.1681,0.1729
38830,788,817,33.637,25.496,-0.0622,0.0164,9.8034,-0.187,0.5608,-0.3154
38835,796,815,33.557,25.599,0.0267,0.0159,9.8621,0.4499,-0.1078,0.9111
38840,779,811,33.391,25.645,-0.0279,0.1102,9.8881,0.5234,0.3436,-0.1775
38845,772,812,33.506,25.541,0.106,0.014,9.8403,-0.3628,0.058,-0.3778
38850,765,811,33.54,25.595,-0.0665,-0.0553,9.7895,-0.2114,-0.7201,0.0164
38855,768,808,33.487,25.613,-0.0229,-0.0181,9.7942,0.2158,-0.2833,-0.7405
38860,762,814,33.654,25.532,-0.0524,-0.0394,9.8977,-0.1789,-0.8592,-0.0917
38865,764,813,33.521,25.584,0.0273,0.0787,9.8637,-0.5015,0.6972,0.6789
38870,763,806,33.61,25.473,-0.0162,0.0379,9.8472,-0.67,-0.6942,-0.2421
38875,751,813,33.517,25.632,-0.0782,-0.1214,9.946,0.8513,-0.1936,-0.0931
38880,751,807,33.532,25.53,0.0518,-0.0119,9.8076,0.4151,-0.1787,-0.0329
38885,741,807,33.474,25.549,0.0222,0.0121,9.8125,0.2388,-0.7841,-0.4177
38890,751,803,33.438,25.588,0.025,-0.0041,9.8844,-0.2257,0.4597,0.2858
38895,751,808,33.44,25.512,0.1053,-0.0006,9.784,-0.5784,0.3953,-0.0229
38900,742,806,33.51,25.537,-0.0209,0.0014,9.8642,-0.0401,0.124,0.1782
38905,747,809,33.553,25.586,-0.0532,0.0033,9.7854,-0.2266,-0.8713,-1.1186
38910,754,805,33.657,25.578,-0.038,0.0625,9.784,0.201,-0.3565,-0.0184
38915,763,806,33.606,25.53,0.0665,-0.0199,9.8141,0.1536,-0.1817,-0.5886
38920,757,808,33.604,25.535,-0.0245,-0.0419,9.8048,-0.0332,0.229,0.2409
38925,763,805,33.504,25.489,0.0023,-0.0188,9.8292,-0.3597,0.208,-0.5759
38930,772,805,33.548,25.52,0.0332,-0.0359,9.8381,1.2766,-0.0194,0.278
38935,775,805,33.563,25.639,0.0363,0.0482,9.7645,-0.5622,0.0055,-0.7613
38940,769,807,33.473,25.525,0.0003,0.136,9.7882,-0.4638,0.537,0.1264
38945,779,802,33.545,25.441,-0.0329,-0.0655,9.8405,-0.7239,0.1371,-0.7178
38950,790,803,33.578,25.604,0.0351,-0.0468,9.7227,-0.0199,0.5813,0.2131
38955,797,803,33.439,25.508,-0.1095,-0.0189,9.7425,0.7765,0.2825,0.1045
38960,801,800,33.476,25.511,0.0087,0.0802,9.8529,0.3902,-0.3384,0.4745
38965,808,802,33.476,25.577,-0.0002,0.0007,9.8476,1.182,-0.0245,-0.1403
38970,819,804,33.466,25.512,-0.025,0.0289,9.7659,-0.2811,-0.5811,-0.3969
38975,824,792,33.524,25.588,0.0562,0.0107,9.8565,0.042,-0.5823,0.1387
38980,842,793,33.56,25.516,-0.0018,0.0691,9.7096,0.7199,-0.5776,-0.2871
38985,848,797,33.522,25.602,0.038,-0.0078,9.7952,0.7739,-0.6369,-0.1
38990,864,790,33.558,25.596,0.07,0.0327,9.7794,-0.1321,0.6006,-0.0609
38995,882,793,33.536,25.638,-0.0317,0.0692,9.8002,-0.6957,-0.4763,0.5902
