timestamp_ms,ir_finger,ir_toe,temp_finger,temp_toe,ax,ay,az,gx,gy,gz
0,1039,651,34.365,34.472,-0.0956,-0.0383,9.868,0.3178,-0.0323,-0.2057
5,1052,650,34.296,34.354,-0.01,0.0328,9.7919,-0.3004,0.2422,0.0141
10,1070,649,34.416,34.434,0.036,-0.0078,9.7821,-0.6792,0.109,0.2769
15,1072,655,34.336,34.343,0.0203,-0.0321,9.7252,-0.0365,0.2653,-0.0213
20,1079,663,34.357,34.357,0.07,-0.0064,9.8372,-0.3733,-0.8191,-0.0365
25,1095,661,34.234,34.447,-0.0031,0.0947,9.845,0.3654,-0.1223,0.0702
30,1110,673,34.27,34.387,-0.0325,-0.0039,9.8288,0.4585,-0.0483,-0.275
35,1112,678,34.259,34.408,0.0298,-0.0374,9.7822,-0.3224,0.729,-0.4691
40,1121,678,34.375,34.414,-0.0231,-0.0042,9.8081,0.3401,0.2448,0.9089
45,1133,687,34.336,34.424,0.0101,0.006,9.8213,-0.6936,0.2723,-0.1758
50,1132,691,34.303,34.392,0.0128,0.0191,9.7522,0.3284,-0.1524,-1.2881
55,1144,697,34.347,34.273,0.0299,0.0219,9.8546,0.2832,0.0604,0.0488
60,1154,708,34.393,34.326,0.0842,-0.0616,9.7822,-0.15,-0.7721,0.1849
65,1152,707,34.342,34.383,0.006,-0.0034,9.7569,0.1941,-0.1443,0.6521
70,1165,725,34.299,34.335,0.0309,0.0118,9.7744,-0.5052,-0.0053,0.0344
75,1168,724,34.436,34.363,-0.0494,-0.0032,9.7655,0.2311,0.5745,-0.4463
80,1171,729,34.332,34.449,-0.0116,-0.0097,9.6711,0.8562,-0.7382,0.7059
85,1166,745,34.411,34.418,0.0446,-0.0045,9.8158,0.1923,-0.4899,-1.2854
90,1182,751,34.347,34.448,-0.0753,0.0132,9.8263,0.1242,-0.0127,0.9689
95,1185,761,34.434,34.369,0.0062,0.0351,9.8301,0.1801,0.2865,-0.1227
100,1176,766,34.362,34.431,-0.0068,0.0403,9.8604,0.1612,-0.3078,-0.2811
105,1182,774,34.294,34.33,-0.0164,-0.0616,9.8429,0.5014,-0.3721,-0.2433
110,1197,786,34.314,34.399,-0.0249,-0.0071,9.7975,0.2338,0.4037,-0.0024
115,1192,792,34.215,34.314,0.0374,-0.1058,9.8456,-0.629,0.8712,0.141
120,1186,796,34.309,34.373,0.0694,0.0649,9.7491,-0.3964,-1.0174,-0.1919
125,1189,803,34.326,34.389,-0.0641,0.0674,9.7985,-0.4548,-0.1237,0.123
130,1189,813,34.298,34.392,-0.001,0.0133,9.8706,0.4324,0.2404,0.6121
135,1188,821,34.382,34.403,0.0019,0.0108,9.8794,-0.2343,0.0399,0.0815
140,1181,828,34.333,34.357,-0.1397,-0.003,9.8105,-0.2634,0.6039,-0.2044
145,1183,841,34.348,34.36,0.0151,0.0708,9.8529,0.0045,0.1712,0.2919
150,1181,842,34.307,34.449,-0.0361,0.1007,9.7663,-0.1942,0.0844,0.9764
155,1179,849,34.353,34.344,0.022,0.0303,9.8322,-0.8995,-0.4445,0.1457
160,1174,861,34.302,34.401,0.0702,-0.023,9.7398,0.3114,0.5275,0.7985
165,1174,861,34.314,34.404,0.0018,-0.0297,9.847,-0.5946,-0.2624,0.1524
170,1179,866,34.416,34.365,-0.0261,-0.0289,9.8425,-0.5516,0.7644,0.312
175,1169,872,34.293,34.423,0.0185,0.1077,9.7564,-0.271,-1.0335,-0.5203
180,1176,879,34.267,34.335,-0.0179,-0.0656,9.8239,-0.5947,-0.0829,0.0652
185,1165,884,34.338,34.393,0.0942,-0.061,9.7346,0.0383,-0.2945,-0.1126
190,1175,890,34.315,34.357,-0.0687,0.0093,9.831,-0.2153,-0.0692,-0.5679
195,1161,895,34.272,34.416,-0.0542,0.0153,9.8226,0.0586,-0.2367,-0.1775
200,1164,901,34.357,34.386,-0.0058,-0.0125,9.8555,0.6278,-1.3317,-0.2863
205,1155,900,34.297,34.401,0.0481,0.0363,9.8282,-0.0326,-0.3072,-0.2333
210,1144,906,34.322,34.445,0.0781,-0.0882,9.821,0.9227,0.1576,-0.1966
215,1152,910,34.372,34.363,-0.0512,0.0795,9.7744,0.7433,0.2436,-0.21
220,1142,908,34.404,34.327,-0.0575,0.0166,9.8429,-0.7905,0.1817,-0.0585
225,1129,910,34.339,34.372,-0.0109,0.0802,9.8451,0.3965,-0.9821,-0.0374
230,1131,913,34.238,34.334,0.1608,0.0042,9.7888,0.5031,0.1964,-0.2483
235,1136,914,34.269,34.39,-0.1033,0.0137,9.7507,0.6851,0.1344,0.0569
240,1133,919,34.335,34.398,0.0114,0.0213,9.8242,0.0323,-0.1217,0.4417
245,1125,925,34.365,34.398,0.0426,0.0793,9.7858,-0.8247,0.2528,0.1612
250,1118,923,34.271,34.338,-0.0259,0.0635,9.8359,-0.488,-0.1964,-1.4352
255,1130,924,34.318,34.326,-0.0291,-0.0105,9.7437,0.2796,-0.2121,0.2561
260,1121,918,34.354,34.38,-0.0389,-0.0601,9.697,0.4156,0.0834,0.361
265,1117,923,34.301,34.479,-0.0054,0.0096,9.7492,-0.0397,-0.6701,-0.2325
270,1097,922,34.227,34.38,-0.0282,-0.0993,9.8668,0.3751,-0.5778,0.6996
275,1118,923,34.369,34.394,0.0263,-0.0746,9.8004,-1.0562,0.6041,-0.9248
280,1105,921,34.277,34.316,-0.013,0.0275,9.7608,-0.5695,-0.4315,0.5464
285,1100,922,34.325,34.258,-0.0099,0.0002,9.792,-0.1162,0.7321,-0.8606
290,1101,925,34.321,34.33,0.0174,-0.0146,9.8348,0.2905,-0.402,-0.0218
295,1101,915,34.334,34.371,-0.0379,0.0482,9.8505,0.5771,-0.1476,0.1282
300,1091,921,34.366,34.4,-0.0453,0.0077,9.7956,0.4391,-0.0447,-0.1855
305,1092,913,34.375,34.397,-0.0073,-0.0731,9.8581,0.1638,0.3823,-0.2273
310,1096,913,34.351,34.376,0.0384,-0.0814,9.7673,-0.8954,0.2989,-0.0233
315,1093,905,34.387,34.435,-0.0234,-0.0771,9.7857,-0.2147,0.0172,0.3952
320,1090,906,34.278,34.372,-0.016,-0.0542,9.8492,0.8036,0.1181,1.0624
325,1093,912,34.345,34.429,0.031,0.0179,9.7669,0.7593,0.3866,0.219
330,1084,910,34.293,34.407,0.0438,-0.0989,9.8097,-0.3337,-0.1649,-0.0099
335,1087,900,34.332,34.378,0.1263,0.0199,9.8725,0.116,0.5142,0.5955
340,1087,905,34.349,34.344,-0.0768,-0.0014,9.8368,-0.9774,-0.3925,0.532
345,1078,902,34.393,34.379,-0.0011,-0.0602,9.7617,0.4226,-0.1269,-0.3185
350,1078,900,34.327,34.333,-0.0553,-0.044,9.9208,0.69,1.3267,-0.9464
355,1073,896,34.34,34.396,-0.0539,0.0254,9.8208,0.1455,0.2596,0.1075
360,1084,892,34.326,34.354,-0.1032,-0.009,9.9541,0.1802,-0.1139,0.2348
365,1071,896,34.401,34.354,0.0348,0.0194,9.8535,-0.5194,-0.7662,0.5936
370,1066,887,34.367,34.402,0.0215,-0.0943,9.8321,0.5343,0.054,-0.2373
375,1061,882,34.384,34.417,-0.0455,-0.0395,9.7337,0.7185,0.3585,-0.2766
380,1054,887,34.301,34.408,0.0314,-0.028,9.7817,0.2756,-0.211,-0.3572
385,1056,884,34.443,34.364,0.0339,-0.0259,9.8265,-0.4016,-0.1492,-0.1562
390,1052,882,34.437,34.322,0.0449,0.0337,9.7807,-0.1284,-0.4612,0.7112
395,1040,878,34.335,34.431,-0.0068,-0.121,9.8,-0.372,0.6,-1.082
400,1038,878,34.295,34.401,0.0245,-0.009,9.908,-0.2799,-0.6804,0.0235
405,1037,873,34.25,34.411,-0.067,-0.0158,9.7882,0.7675,1.2468,-0.0116
410,1033,873,34.33,34.415,-0.1313,-0.0093,9.8432,-0.1368,-0.2011,0.3927
415,1023,875,34.355,34.456,-0.0391,0.1273,9.8121,-0.7662,-0.285,-0.0162
420,1017,876,34.435,34.31,0.071,-0.097,9.7825,0.3737,0.5777,0.3457
425,1014,870,34.4,34.421,0.0568,0.0442,9.8886,0.3734,0.2429,0.3101
430,1010,868,34.303,34.408,-0.0781,-0.0842,9.8756,-0.5538,-0.45,-0.1468
435,1011,862,34.348,34.322,0.0429,0.0392,9.8023,0.0532,-0.6146,0.4101
440,992,862,34.287,34.273,0.0189,0.0368,9.8067,-0.4809,-0.2054,0.1612
445,990,865,34.412,34.403,-0.0164,0.0065,9.7237,0.4588,0.4374,0.2351
450,981,861,34.399,34.392,0.0579,0.0047,9.8131,-0.2758,0.4975,-0.1662
455,980,861,34.234,34.412,0.0891,0.072,9.8215,0.3402,0.7111,-0.0224
460,966,856,34.308,34.394,0.0747,0.003,9.8557,0.0641,-0.5383,0.1019
465,963,857,34.249,34.418,0.0599,-0.0451,9.8235,0.1182,-0.2321,0.0291
470,948,857,34.404,34.423,-0.041,-0.0518,9.7249,-0.369,0.7193,-0.3224
475,939,851,34.307,34.367,0.0642,-0.0181,9.6946,0.2145,-0.6975,-0.3812
480,938,846,34.416,34.449,0.0596,0.1013,9.7874,-0.1342,0.1689,-0.3727
485,932,853,34.359,34.423,0.0254,0.0271,9.7797,-0.2822,-0.0386,0.5937
490,916,854,34.268,34.385,0.0526,-0.0417,9.8305,-1.3156,0.6655,-0.5629
495,904,849,34.354,34.365,0.0247,-0.002,9.8256,-0.4835,-0.3112,0.1452
500,899,837,34.336,34.344,-0.0365,-0.0595,9.881,-0.1301,0.5385,-0.1941
505,893,847,34.416,34.396,-0.0234,0.0117,9.8516,-0.4418,0.1651,1.0769
510,879,845,34.306,34.289,-0.0242,-0.0615,9.7279,-0.1485,-0.1834,-0.3716
515,862,849,34.298,34.398,0.0182,-0.0234,9.8494,0.5569,-0.3089,0.2299
520,862,843,34.289,34.379,0.016,-0.0116,9.7985,-1.32,0.1321,0.178
525,856,837,34.227,34.385,0.0722,0.097,9.7962,-0.0792,-1.0424,0.1218
530,838,832,34.407,34.379,0.0124,-0.0203,9.7583,-0.0203,0.0617,-0.6552
535,840,831,34.373,34.429,-0.0106,-0.0725,9.7928,-0.5741,0.315,0.4336
540,826,824,34.286,34.312,-0.0273,0.0261,9.8024,-1.0013,-0.217,0.3688
545,825,822,34.314,34.346,0.0385,-0.0617,9.7757,-0.7818,-0.8514,-0.0132
550,813,823,34.36,34.316,-0.0159,-0.0578,9.9149,0.7172,-0.2402,0.5443
555,809,820,34.324,34.368,0.013,0.0594,9.8959,-0.1736,-0.3253,-0.3545
560,804,810,34.307,34.353,-0.0044,0.0422,9.8355,-0.9148,-0.2667,0.1968
565,793,812,34.386,34.349,-0.0872,0.106,9.721,0.2629,0.8617,-0.2418
570,785,805,34.314,34.402,0.0034,0.0587,9.8548,0.1968,0.5716,0.4516
575,768,801,34.299,34.432,0.0143,0.0216,9.8454,-0.1423,-0.2235,0.6826
580,770,792,34.311,34.309,0.0879,-0.0361,9.8277,0.4829,-0.0779,-0.8195
585,772,798,34.331,34.396,-0.0368,-0.0775,9.9083,0.7012,0.6586,-0.4956
590,767,790,34.389,34.325,0.0569,0.0627,9.8115,0.9602,-0.1582,0.5795
595,762,789,34.277,34.402,0.0231,-0.0039,9.7785,-0.7384,0.3018,-0.3301
600,746,778,34.25,34.29,-0.0399,0.0572,9.7449,0.0702,0.2017,0.7436
605,751,770,34.313,34.425,0.0111,-0.0406,9.8863,0.5294,-0.6539,0.0994
610,759,767,34.221,34.372,-0.0092,-0.0632,9.7402,0.167,0.351,0.8882
615,750,768,34.351,34.376,-0.0449,0.0185,9.8285,-0.6308,1.1704,-0.7522
620,757,752,34.328,34.451,0.0044,-0.0478,9.7576,-0.0999,-1.1762,-0.0022
625,738,753,34.295,34.341,-0.0455,0.0411,9.7711,0.7118,0.2507,0.0428
630,746,746,34.39,34.412,0.036,-0.0858,9.7951,0.388,0.5365,0.4147
635,744,738,34.303,34.428,0.0624,0.0261,9.7999,-0.2442,-0.103,-0.0515
640,752,741,34.389,34.302,0.0351,0.0351,9.7883,0.5141,-0.0225,-0.5825
645,750,725,34.299,34.396,-0.0093,0.0006,9.8176,0.1176,0.3287,0.2315
650,756,725,34.353,34.334,0.0238,-0.0158,9.8439,0.6407,0.2588,0.9463
655,757,717,34.364,34.385,-0.0637,0.0722,9.8076,0.3391,-0.196,0.1491
660,761,711,34.343,34.368,-0.0125,0.0242,9.7573,0.311,0.2069,0.8477
665,769,705,34.28,34.444,-0.0333,-0.0725,9.9117,0.3677,-0.1072,-0.3873
670,773,696,34.415,34.353,-0.0356,0.0104,9.8512,0.0079,-0.5778,-0.1162
675,778,690,34.281,34.489,-0.0597,-0.0947,9.7547,0.6666,-0.3594,-0.8769
680,789,686,34.328,34.424,0.0289,-0.0334,9.8312,-0.184,1.1259,0.4287
685,791,686,34.395,34.481,0.0634,0.0,9.7546,0.6208,0.5957,-0.4021
690,804,680,34.234,34.438,0.0356,0.03,9.7977,-0.4578,0.6477,-0.9852
695,802,667,34.368,34.428,0.0228,0.0015,9.7199,-0.6353,0.8476,0.3458
700,821,664,34.327,34.368,0.0087,0.0012,9.8386,0.0748,-0.2879,0.5254
705,822,662,34.213,34.354,-0.0589,0.0145,9.7499,0.6642,0.5465,-0.0129
710,840,652,34.31,34.358,0.0445,0.0129,9.8661,0.8088,-0.1699,0.2286
715,847,657,34.389,34.455,-0.0377,0.042,9.8064,0.9062,-0.0527,-0.0171
720,856,652,34.3,34.428,-0.1037,-0.0407,9.8674,-0.0437,-0.1736,-0.264
725,863,647,34.337,34.33,0.0227,0.0356,9.8088,-0.8706,0.391,0.8835
730,881,646,34.36,34.422,-0.0872,-0.0037,9.791,-0.2596,-0.1488,-0.6587
735,891,641,34.295,34.381,-0.0665,-0.1083,9.9304,-0.5263,0.3774,0.2305
740,903,641,34.39,34.41,0.0285,-0.0922,9.8189,-0.0841,-0.3061,-0.561
745,916,639,34.319,34.395,-0.0981,0.0266,9.7734,-0.0288,0.1648,-0.1846
750,916,637,34.352,34.409,-0.0124,-0.0634,9.7576,-0.3996,-0.9273,-0.0325
755,937,636,34.33,34.434,0.0204,0.0933,9.8689,-0.5855,-0.8767,0.575
760,950,633,34.366,34.446,0.0734,-0.0076,9.7711,1.1068,-0.0664,0.5203
765,962,637,34.349,34.345,0.0244,0.0527,9.8112,-0.9584,-0.1063,-0.079
770,968,636,34.275,34.355,0.0048,0.0918,9.8207,-0.1285,-1.4686,-0.4533
775,981,639,34.336,34.382,0.0441,-0.0453,9.8863,-0.4393,0.3027,0.1893
780,1010,632,34.36,34.447,-0.0171,-0.0994,9.8674,1.0655,-0.3895,-0.7698
785,1006,637,34.286,34.401,-0.0066,0.0586,9.7947,-0.1283,-0.0769,-0.3359
790,1021,640,34.415,34.41,0.0115,-0.1424,9.9044,-1.1128,-0.7773,0.2983
795,1036,644,34.31,34.439,-0.0057,-0.0223,9.8241,-0.0504,0.4927,0.4768
800,1043,641,34.339,34.373,-0.0759,-0.0329,9.7897,0.5523,-0.253,0.4314
805,1049,646,34.375,34.378,0.0216,-0.0487,9.7634,0.3538,-0.5386,0.642
810,1068,650,34.377,34.284,-0.0651,0.0225,9.8259,0.1546,0.0274,-0.5236
815,1066,657,34.28,34.432,0.0257,-0.0056,9.7485,0.1722,0.197,0.6659
820,1080,654,34.382,34.398,-0.0695,-0.0619,9.8243,0.1523,-1.0096,-0.1842
825,1099,662,34.304,34.37,-0.0664,0.0571,9.6978,-0.8053,0.5855,0.3518
830,1103,669,34.443,34.41,0.08,0.0392,9.8066,-0.155,0.2416,-0.4884
835,1109,669,34.374,34.452,-0.075,-0.0206,9.8333,-0.4324,-0.1939,0.251
840,1122,682,34.341,34.418,0.0434,0.0352,9.8168,-0.7868,-0.1955,0.594
845,1137,683,34.356,34.372,-0.0739,-0.0657,9.8003,-0.2062,0.6902,-0.2923
850,1133,691,34.416,34.374,-0.0004,-0.0005,9.8384,-0.493,-0.861,-0.7875
855,1150,701,34.331,34.322,-0.0897,-0.011,9.7503,-0.3561,-0.0198,-0.0845
860,1160,708,34.367,34.316,-0.0784,0.0014,9.8041,-0.321,-0.78,-0.3357
865,1159,714,34.378,34.444,-0.0406,-0.0334,9.8808,0.1458,-0.1352,0.197
870,1174,723,34.306,34.459,-0.0255,-0.0448,9.7732,0.1552,0.2284,-0.2272
875,1171,731,34.349,34.356,-0.0291,0.0383,9.8353,0.6242,0.4381,0.5192
880,1172,739,34.354,34.413,-0.0677,0.0935,9.84,-0.7532,-0.5386,-0.3949
885,1173,743,34.316,34.432,0.0451,0.0092,9.7965,-0.0078,-0.4569,0.9014
890,1183,750,34.262,34.395,0.0088,0.0122,9.773,-0.3056,0.503,0.7802
895,1179,758,34.311,34.34,-0.0338,-0.0481,9.7932,0.2912,0.3748,-0.1263
900,1184,764,34.408,34.375,0.0191,-0.0139,9.8336,0.094,-0.0037,0.5196
905,1180,776,34.336,34.474,0.0162,-0.0242,9.7986,0.6794,0.7439,-0.2372
910,1188,783,34.389,34.37,-0.0019,-0.0009,9.8327,-0.6803,0.0985,-0.9263
915,1184,788,34.325,34.426,-0.0101,0.0132,9.8775,-0.2323,-0.2547,-0.3274
920,1190,803,34.363,34.364,-0.0917,0.0834,9.8585,0.4878,0.2201,-0.6058
925,1192,806,34.364,34.356,0.0216,-0.0306,9.779,-0.0856,0.2945,0.405
930,1192,812,34.275,34.349,0.0283,-0.0037,9.8107,1.0068,-0.6566,-0.0918
935,1190,823,34.32,34.392,-0.029,0.0265,9.7789,-0.0905,-0.2153,-0.2379
940,1188,832,34.376,34.464,0.0877,0.0611,9.7989,-0.1042,-0.2611,0.3988
945,1181,834,34.356,34.369,-0.0127,0.0284,9.8195,1.1893,0.7598,-0.5175
950,1188,845,34.329,34.365,-0.0584,-0.0288,9.8058,-0.223,-0.2319,0.0655
955,1183,848,34.261,34.363,0.0014,0.0129,9.8558,0.3571,0.3553,0.5107
960,1179,858,34.341,34.402,-0.0718,-0.03,9.7935,0.4676,0.4056,0.4705
965,1176,864,34.458,34.379,-0.0834,-0.0067,9.8893,-0.1219,-0.3789,0.0896
970,1179,868,34.38,34.378,0.0265,-0.1018,9.7991,0.8528,-0.6793,0.5379
975,1173,876,34.246,34.334,0.0153,-0.0643,9.8232,-0.4729,-0.7406,-0.2916
980,1161,876,34.281,34.354,-0.0916,0.0149,9.8521,-0.3425,0.0214,-0.3087
985,1167,881,34.29,34.359,-0.0218,-0.0448,9.8862,0.2245,0.203,0.5341
990,1153,885,34.338,34.327,0.0319,0.019,9.7519,-0.0351,1.0236,0.3315
995,1155,897,34.305,34.397,0.0341,0.0632,9.872,1.0376,0.4231,0.4368
1000,1160,895,34.31,34.395,-0.0698,0.0753,9.8648,-0.8824,-0.0905,-0.1563
1004,1144,907,34.333,34.374,0.0772,-0.0278,9.8086,-0.1771,-0.1909,0.3421
1010,1146,904,34.344,34.383,0.1151,-0.0064,9.8169,-0.2316,-0.6467,1.0921
1014,1151,912,34.387,34.359,0.0229,-0.0236,9.7154,-0.71,-0.2018,0.37
1020,1153,913,34.326,34.504,-0.0221,0.0055,9.9014,0.2198,-0.7456,-0.3839
1025,1137,920,34.284,34.417,-0.0002,-0.036,9.8561,1.1131,-0.0446,-0.0255
1030,1138,918,34.378,34.359,0.0294,-0.0707,9.8707,-0.3623,-0.1448,-0.197
1035,1136,918,34.402,34.402,-0.0013,-0.0483,9.7396,0.8616,0.3486,0.0235
1040,1141,920,34.261,34.347,-0.0148,-0.0876,9.8272,0.1323,0.5119,0.7936
1045,1132,919,34.277,34.383,-0.0536,0.0051,9.8841,0.5751,0.733,0.7444
1050,1124,921,34.44,34.327,-0.0694,-0.017,9.9287,0.8072,0.1081,0.4306
1055,1123,921,34.347,34.373,0.0098,-0.0105,9.7953,-0.4799,0.7283,-0.2547
1060,1119,924,34.3,34.398,-0.063,-0.0117,9.7581,-0.043,-0.5844,-1.0482
1065,1116,921,34.29,34.556,-0.0824,0.1038,9.7017,0.499,-1.0314,-0.3793
1070,1119,922,34.33,34.461,0.0091,-0.0235,9.8263,0.0898,0.5238,0.6979
1075,1114,921,34.443,34.44,-0.0216,-0.0132,9.843,0.6154,0.6601,0.1479
1080,1116,919,34.265,34.388,0.0603,-0.0283,9.8175,0.5142,-0.1481,0.0774
1085,1107,924,34.415,34.343,-0.0529,-0.0149,9.7737,-1.5151,-0.1207,-0.1064
1090,1108,921,34.292,34.418,0.0606,-0.0227,9.8138,0.4485,-0.5074,0.2335
1095,1103,915,34.376,34.332,-0.0152,0.0819,9.7422,0.3244,-0.405,0.155
1100,1101,918,34.374,34.401,-0.02,-0.0772,9.7857,-0.8685,0.0889,-0.0717
1105,1098,915,34.478,34.383,0.0188,0.0407,9.8247,-0.4232,1.0781,1.0265
1110,1097,914,34.264,34.461,0.0474,-0.0244,9.7959,-0.5148,0.3141,0.2846
1115,1092,913,34.374,34.489,-0.012,0.0445,9.7989,-0.4617,0.9101,0.256
1120,1091,906,34.305,34.34,-0.02,0.0156,9.7836,0.8492,0.0649,-1.1598
1125,1087,906,34.324,34.466,-0.0311,0.0668,9.8543,-0.1137,-0.4143,0.7504
1130,1085,902,34.332,34.326,-0.0275,0.0164,9.9031,-0.3701,0.4363,-0.588
1135,1078,909,34.357,34.323,0.018,-0.0169,9.7782,0.5591,0.2135,-0.3973
1140,1084,897,34.363,34.366,-0.0011,0.0007,9.8137,0.4446,0.2467,-0.3821
1145,1084,900,34.383,34.368,0.0555,0.0112,9.8296,-0.4422,-0.4188,0.3554
1150,1076,896,34.352,34.388,-0.0469,-0.029,9.7659,0.3431,-0.1726,-0.0442
1155,1076,896,34.335,34.367,0.062,-0.0445,9.8229,-0.2252,-0.184,0.1212
1160,1065,892,34.327,34.364,-0.0362,0.005,9.7782,-0.407,-0.2914,-0.0768
1165,1068,892,34.247,34.389,0.0159,0.0338,9.768,-0.066,-0.1393,-0.0525
1170,1057,890,34.288,34.35,-0.0084,-0.0319,9.7592,0.5024,1.0244,-1.2134
1175,1064,889,34.309,34.372,-0.0875,-0.0007,9.807,0.1036,0.1347,0.0039
1180,1055,881,34.315,34.414,-0.0275,0.0215,9.775,0.1267,0.0009,0.1929
1185,1055,887,34.311,34.386,-0.02,-0.0614,9.8166,-0.5667,-0.2844,0.2351
1190,1052,881,34.293,34.346,-0.0699,0.0398,9.7248,-0.3087,0.1741,-0.8769
1195,1041,881,34.348,34.431,-0.0846,-0.0611,9.9226,0.1823,0.3217,-0.0281
1200,1034,876,34.236,34.39,0.0324,0.0903,9.7445,0.002,-0.1944,0.7456
1205,1036,874,34.305,34.382,-0.0155,-0.0838,9.7832,-0.6924,0.0053,-0.3563
1210,1028,876,34.276,34.4,-0.0015,0.0064,9.8726,-0.4097,0.8099,0.4688
1215,1035,873,34.333,34.359,-0.0402,0.0087,9.8639,0.0587,0.8851,0.2338
1220,1018,871,34.372,34.365,0.0032,-0.0768,9.8806,0.5094,-0.0637,0.5124
1225,1017,865,34.302,34.404,-0.0256,0.008,9.7894,0.4038,0.3502,0.346
1230,1021,870,34.358,34.401,-0.0231,-0.031,9.8126,-0.0938,-0.1233,0.4538
1235,996,862,34.365,34.304,-0.0718,-0.0744,9.7481,-0.3033,-0.2344,-0.3319
1240,993,866,34.432,34.391,0.0011,-0.0345,9.7364,-0.9286,-0.8171,-0.6334
1245,992,861,34.392,34.342,0.0425,-0.0239,9.7967,0.6139,-0.188,-0.0953
1250,983,857,34.388,34.403,-0.0073,0.0263,9.7908,0.7058,0.4472,0.5896
1255,974,858,34.276,34.361,0.059,-0.0681,9.7976,-0.1862,-0.3073,-0.0861
1260,965,863,34.308,34.372,-0.0391,0.0306,9.7424,0.3462,-1.086,-1.139
1265,960,860,34.331,34.463,-0.1156,0.0299,9.8719,0.1143,-0.5452,0.3272
1270,952,857,34.349,34.372,0.0426,-0.0136,9.7368,0.0443,0.4279,-0.1388
1275,933,855,34.324,34.46,0.0492,0.0359,9.9037,0.1488,-0.2762,0.4762
1280,935,852,34.373,34.506,-0.0388,-0.0347,9.7972,0.6605,0.5736,0.4439
1285,923,852,34.37,34.408,0.0384,-0.0041,9.7931,0.2964,-0.5943,-0.5314
1290,912,843,34.251,34.369,0.0274,-0.0715,9.7652,-0.1603,-0.1921,0.3828
1295,899,843,34.296,34.384,0.0708,0.0142,9.8376,1.4392,0.1475,-0.6354
1300,906,845,34.399,34.367,0.0517,-0.0233,9.8666,-0.1381,-0.0101,0.2432
1305,901,847,34.302,34.392,-0.0142,-0.0031,9.8053,0.2057,0.1599,-0.0006
1310,879,839,34.3,34.417,-0.0898,-0.0756,9.8034,-0.0759,0.6195,-0.0586
1315,872,836,34.388,34.447,-0.0069,0.0249,9.7551,-0.9921,0.9415,-1.0209
1320,868,840,34.28,34.358,0.0406,0.0049,9.7333,0.4399,-0.059,-0.1567
1325,858,827,34.373,34.444,-0.0401,-0.066,9.766,-0.0073,0.2874,-0.0493
1330,846,830,34.271,34.365,-0.0804,0.0776,9.8251,1.3337,0.1683,0.8625
1335,829,833,34.229,34.44,-0.0746,0.0806,9.8935,-0.1039,-0.5349,0.4894
1340,824,822,34.348,34.391,-0.0428,-0.0089,9.7293,0.1529,0.5106,-0.2508
1345,818,823,34.28,34.363,0.0313,0.0164,9.7436,0.5745,0.835,0.6505
1350,821,824,34.298,34.367,0.0183,-0.0035,9.6916,-1.2954,-0.008,-0.5212
1355,808,817,34.358,34.39,0.0985,0.0117,9.7071,0.7411,-0.0005,-0.343
1360,808,818,34.331,34.451,0.0084,-0.0717,9.8745,-0.0442,-0.0308,0.7797
1365,792,809,34.345,34.366,-0.0006,0.0461,9.8558,0.4912,0.005,0.3626
1370,784,805,34.385,34.369,-0.01,0.0118,9.8236,0.9258,0.903,0.507
1375,781,797,34.398,34.409,-0.0321,-0.0191,9.7765,-0.3309,0.049,0.4051
1380,773,797,34.325,34.374,0.0769,0.0544,9.8486,0.3159,0.6538,0.1697
1385,774,793,34.369,34.354,-0.0454,0.0337,9.8158,0.1504,-0.6617,0.3718
1390,772,790,34.313,34.422,-0.0015,-0.0327,9.8746,0.8972,0.6844,-0.5029
1395,765,783,34.334,34.336,-0.0484,0.1023,9.7303,-1.1976,-0.0232,-0.3621
1400,757,776,34.408,34.326,0.0126,-0.0189,9.8882,-0.6801,-0.1375,-0.6717
1405,745,769,34.399,34.346,0.0225,0.0013,9.8313,0.0258,0.5294,-0.0762
1410,751,763,34.346,34.442,-0.0455,-0.0377,9.8543,-0.1526,0.2407,-0.4158
1415,743,764,34.311,34.385,0.0464,0.0782,9.7502,-0.1296,-0.1273,0.9516
1420,751,751,34.417,34.385,0.0013,-0.0136,9.7889,0.1099,-0.3281,-0.5832
1425,752,748,34.402,34.368,-0.0166,0.058,9.7865,-0.1534,1.0903,-0.4246
1430,748,740,34.353,34.388,0.0671,0.0635,9.8457,-0.2864,0.6531,-0.0592
1435,746,739,34.331,34.453,-0.0073,-0.0174,9.9246,-0.3876,0.4887,-0.1727
1440,752,731,34.319,34.323,-0.0106,0.0263,9.8454,0.861,-0.4727,0.1682
1445,750,730,34.381,34.34,-0.0147,-0.0275,9.8063,-0.1153,-0.0625,-0.5029
1450,762,721,34.389,34.464,0.0404,-0.0299,9.8717,0.147,-1.0973,0.2801
1455,758,720,34.363,34.414,-0.0352,0.0276,9.7604,-0.4794,0.7447,0.7151
1460,756,711,34.335,34.348,0.0166,-0.0778,9.7834,-0.741,0.1302,-0.0457
1465,768,703,34.322,34.448,0.0294,0.0874,9.8379,-0.8024,0.3208,-0.9241
1470,781,700,34.385,34.381,0.0118,-0.0046,9.7699,-0.4879,0.006,-0.1345
1475,790,690,34.384,34.406,-0.0286,0.0014,9.7613,-0.0208,0.2298,-0.8151
1480,785,689,34.267,34.39,0.0261,0.0154,9.797,-0.9563,-0.6544,-0.1575
1485,794,684,34.34,34.347,-0.058,-0.0161,9.8411,0.5615,0.7073,-0.6469
1490,794,685,34.284,34.379,-0.0287,0.0164,9.9039,-0.198,0.9284,-0.4746
1495,806,668,34.368,34.392,0.0666,-0.0295,9.8194,0.429,-0.3298,-0.3013
1500,813,671,34.313,34.326,-0.0497,-0.0127,9.7787,0.3925,-0.0379,-0.3801
1505,824,656,34.315,34.39,0.0264,0.0462,9.8124,0.0919,-0.7541,-0.5085
1510,835,661,34.264,34.4,0.0967,-0.074,9.8178,-0.0129,0.4396,0.2991
1515,845,656,34.262,34.283,0.0829,0.0088,9.8336,-0.2011,-0.2817,0.4367
1520,856,656,34.276,34.37,0.0423,-0.0147,9.892,-0.3646,0.143,0.1688
1525,877,649,34.379,34.435,0.0225,0.008,9.8504,-0.2664,-0.6532,0.5307
1530,889,651,34.364,34.369,0.037,-0.0424,9.798,-0.1029,-0.5674,-0.4215
1535,895,645,34.407,34.408,-0.1045,0.0277,9.7868,-0.4165,-0.2741,-0.5469
1540,906,639,34.264,34.335,-0.0704,-0.1158,9.7797,-0.5335,0.0283,-0.2936
1545,907,634,34.345,34.502,-0.0263,0.0323,9.8033,0.4195,-0.1165,-0.4811
1550,932,632,34.336,34.369,0.0358,0.047,9.799,0.2964,-0.5245,-0.2594
1555,940,640,34.407,34.457,0.0132,0.0079,9.8474,-0.3615,0.2966,-0.3462
1560,952,630,34.342,34.38,-0.0061,0.0518,9.7848,-1.0194,0.4507,-0.2062
1565,964,633,34.208,34.401,0.0527,0.0385,9.9143,0.8541,-0.1973,0.2552
1570,968,632,34.33,34.397,0.0691,0.0272,9.7337,0.0788,-0.0781,0.384
1575,987,633,34.281,34.312,0.0434,-0.0315,9.8453,-0.2353,-0.022,-0.4142
1580,1005,638,34.321,34.427,0.048,0.0073,9.74,-0.2844,-0.5913,0.5714
1585,1008,641,34.377,34.414,-0.0567,0.0121,9.8378,1.0801,-0.7839,0.1758
1590,1024,637,34.37,34.402,-0.0802,0.0162,9.7706,0.5639,-0.8982,0.993
1595,1030,641,34.292,34.347,0.0055,-0.005,9.7824,-0.1332,-0.5197,0.2806
1600,1048,646,34.321,34.399,0.1269,0.068,9.8493,-0.0183,-0.4041,0.4751
1605,1058,648,34.355,34.472,-0.0092,0.0595,9.802,-0.5112,-0.417,-0.817
1610,1068,652,34.357,34.415,0.0897,-0.0016,9.8452,-0.1453,0.1054,-0.6006
1615,1077,652,34.374,34.369,0.0319,0.0215,9.8583,0.6693,-0.2298,0.1945
1620,1085,661,34.389,34.407,-0.0029,0.0355,9.8235,-0.6061,0.7607,0.3279
1625,1096,664,34.302,34.371,-0.0195,0.0853,9.9036,0.2949,-0.4201,-0.5754
1630,1106,671,34.34,34.395,-0.0307,0.0166,9.7794,-0.3466,1.1243,0.1531
1635,1121,674,34.328,34.379,0.0359,-0.0366,9.8296,-0.1159,0.0678,0.065
1640,1128,682,34.395,34.42,0.002,-0.0495,9.8105,-0.4161,-0.8277,-0.537
1645,1126,683,34.405,34.344,0.0486,0.0141,9.7879,-0.3387,-0.3712,-0.2331
1650,1143,694,34.264,34.392,0.0037,0.0101,9.7629,-0.389,0.2789,-0.1057
1655,1142,700,34.331,34.407,0.0696,0.0603,9.7591,-0.0398,-0.4755,-0.2935
1660,1148,704,34.408,34.367,0.0034,0.0476,9.7685,-0.1455,-0.4708,-0.0505
1665,1161,714,34.262,34.391,0.0486,-0.0717,9.8934,0.2991,0.7355,0.0866
1670,1174,723,34.275,34.374,-0.0066,-0.0475,9.8266,0.0944,0.4177,-0.6644
1675,1171,725,34.236,34.381,0.0605,-0.044,9.8829,-0.5404,0.2085,0.0416
1680,1169,734,34.258,34.389,0.1204,0.0295,9.7281,-0.0217,0.4662,-0.5125
1685,1167,740,34.337,34.328,0.0771,-0.061,9.775,0.2569,-0.3765,-0.6186
1690,1180,751,34.279,34.476,0.0599,0.0881,9.7728,-0.5967,0.5058,-0.5951
1695,1193,768,34.326,34.356,-0.0679,-0.0075,9.7832,0.2374,0.1047,0.2697
1700,1185,767,34.368,34.411,0.0219,0.0797,9.8445,0.3515,0.0102,0.3494
1705,1183,776,34.331,34.414,-0.0549,0.0825,9.8358,0.4378,0.6796,0.2546
1710,1177,783,34.346,34.428,-0.0652,-0.019,9.7638,-0.6004,-0.3101,-0.2349
1715,1196,790,34.272,34.34,0.0169,0.037,9.8505,0.9283,-0.2331,0.0298
1720,1189,804,34.362,34.416,0.0537,0.0334,9.8264,0.1206,1.2151,-0.254
1725,1185,808,34.345,34.344,0.0114,-0.0192,9.8078,-0.54,0.3487,0.8069
1730,1188,819,34.418,34.383,0.0508,0.023,9.8397,0.5016,0.1663,0.6806
1735,1177,823,34.331,34.379,-0.0414,-0.0677,9.8566,-0.1088,0.0682,-0.4464
1740,1190,833,34.384,34.422,-0.0212,-0.0032,9.7929,-0.3221,0.3398,-0.2398
1745,1182,847,34.348,34.382,0.0456,-0.0113,9.8773,-0.3492,0.5004,-0.3648
1750,1189,848,34.211,34.335,-0.0537,0.0573,9.8423,0.1643,-0.8408,-0.652
1755,1188,850,34.295,34.469,-0.0249,0.0073,9.7986,0.7758,0.3295,-0.211
1760,1175,855,34.42,34.362,0.0737,-0.0107,9.7955,0.0773,0.5848,0.2662
1765,1183,861,34.361,34.434,-0.0296,0.0682,9.7465,-0.0081,0.7647,-0.8902
1770,1178,867,34.37,34.359,-0.0783,-0.0399,9.791,0.7046,-0.159,0.0664
1775,1166,876,34.256,34.437,0.0265,0.0242,9.7573,0.3421,-0.0702,0.7936
1780,1176,883,34.26,34.314,-0.0907,0.0633,9.8343,0.7241,0.5416,0.2519
1785,1169,887,34.438,34.475,-0.0611,-0.0073,9.755,0.8825,0.1127,0.3567
1790,1160,891,34.419,34.378,0.0371,-0.0008,9.823,0.8284,-0.1662,-0.2243
1795,1161,897,34.31,34.416,0.0247,0.0128,9.8527,-0.4408,0.3843,-0.2656
1800,1150,901,34.345,34.392,-0.0003,0.0185,9.775,1.3711,-0.0887,-0.2366
1805,1167,902,34.37,34.459,0.0437,-0.0551,9.762,-0.0878,-0.1476,-0.6221
1810,1153,902,34.366,34.43,-0.0173,0.001,9.707,-0.0033,-0.0521,0.1338
1815,1140,908,34.276,34.336,0.0078,0.0321,9.8202,0.6038,1.0872,-0.388
1820,1150,910,34.351,34.448,0.0378,0.1041,9.8148,-0.2578,-0.5035,-0.3814
1825,1145,914,34.345,34.421,0.0058,0.0549,9.8596,1.0149,0.2797,-1.0343
1830,1147,918,34.282,34.45,-0.0683,0.0256,9.7891,-0.7824,-0.0283,-0.0525
1835,1131,922,34.287,34.503,0.0034,0.0564,9.8351,-0.3436,-1.1054,0.3392
1840,1122,917,34.327,34.371,-0.0816,0.1005,9.7796,-0.2633,-0.2329,-0.0736
1845,1131,921,34.317,34.431,-0.0653,-0.0538,9.8297,-1.2388,-0.1369,0.4736
1850,1125,930,34.307,34.404,0.0504,-0.0145,9.7033,0.5259,0.1275,-0.2249
1855,1123,924,34.238,34.414,-0.0004,0.0185,9.7636,0.8732,0.5486,0.5265
1860,1122,919,34.398,34.429,0.0327,0.064,9.7608,-0.5669,0.1023,0.1942
1865,1110,925,34.403,34.522,-0.0366,0.0789,9.8632,-0.1366,-0.3004,0.0361
1870,1109,920,34.364,34.438,0.1051,0.0743,9.7785,0.0597,-0.6747,-0.8697
1875,1103,923,34.414,34.447,-0.0275,-0.0059,9.7198,-0.4951,-0.3073,-0.0571
1880,1105,920,34.373,34.386,0.1125,-0.0197,9.8038,0.0516,-0.8321,-0.1861
1885,1103,921,34.297,34.451,-0.0097,-0.0739,9.7482,0.166,0.3942,-0.0996
1890,1105,920,34.332,34.487,0.004,-0.0475,9.8939,-0.6769,-0.1371,0.5317
1895,1095,920,34.365,34.428,-0.0548,-0.0917,9.7784,-0.2817,-0.9432,-0.0648
1900,1096,923,34.442,34.405,0.013,0.0324,9.7645,0.5816,-0.0703,-0.0174
1905,1098,918,34.418,34.428,0.0434,-0.0469,9.8595,-0.7067,0.4148,1.2543
1910,1100,915,34.297,34.432,0.0395,-0.0519,9.8482,0.1812,-0.1858,0.5843
1915,1093,912,34.287,34.408,0.0631,0.0093,9.9173,0.1335,0.4707,0.3636
1920,1100,905,34.438,34.39,-0.0395,-0.0294,9.9071,0.2098,0.4989,-0.1097
1925,1090,901,34.349,34.318,-0.0558,-0.0541,9.741,0.2226,0.384,0.5091
1930,1091,903,34.377,34.395,0.0078,0.023,9.8313,0.2366,-0.1757,0.2617
1935,1070,904,34.36,34.529,-0.0267,-0.0173,9.7489,-0.3142,-0.1282,0.0859
1940,1079,901,34.386,34.43,-0.0621,0.0153,9.7836,0.2716,0.2645,0.7435
1945,1081,899,34.405,34.37,-0.052,-0.0649,9.7819,-0.2532,-0.0924,0.9251
1950,1072,900,34.325,34.442,-0.0048,-0.0088,9.8619,-0.3853,-0.5192,-0.1452
1955,1067,900,34.412,34.313,0.024,-0.0423,9.83,0.4128,0.3096,-0.0546
1960,1076,890,34.337,34.376,0.1194,-0.0304,9.7558,0.5026,0.2272,0.1496
1965,1073,896,34.278,34.476,0.0762,0.0421,9.835,-0.2017,0.2173,0.4002
1970,1069,882,34.431,34.413,0.0033,0.0389,9.8077,0.1444,1.256,-0.5929
1975,1058,882,34.287,34.389,0.0002,-0.13,9.8224,0.0681,0.3196,-1.2049
1980,1055,885,34.386,34.453,-0.0036,0.035,9.7994,0.1266,-0.0428,0.1946
1985,1048,881,34.392,34.381,0.071,-0.0105,9.8604,-0.5527,-0.3537,0.4008
1990,1050,876,34.345,34.362,-0.0078,-0.0177,9.8682,-0.2349,0.3987,0.1234
1995,1049,873,34.341,34.385,0.0059,-0.0779,9.7945,0.7997,-0.5079,0.5485
2000,1053,871,34.38,34.454,0.1158,0.0454,9.8265,0.1186,0.1405,0.6076
2005,1041,875,34.331,34.344,-0.0068,0.0375,9.8273,0.6731,-0.3345,-0.1083
2009,1025,870,34.342,34.378,0.1117,-0.0669,9.8513,-0.0134,-0.2932,-0.2186
2015,1017,879,34.33,34.427,0.0619,0.0385,9.7861,0.6427,0.1798,0.4722
2020,1024,869,34.381,34.371,0.0146,-0.0526,9.7785,-0.4958,0.7256,-0.4744
2025,1021,869,34.302,34.42,0.0136,-0.0143,9.7695,-0.1495,0.5166,0.273
2029,1012,871,34.336,34.449,0.0394,-0.0285,9.8191,-0.5382,-0.1246,0.7008
2035,1002,864,34.317,34.404,-0.0614,0.0104,9.7931,-0.1343,-0.4179,0.8036
2040,994,867,34.361,34.43,-0.0919,0.009,9.8514,-0.0177,-0.2126,-0.1994
2045,983,861,34.376,34.488,-0.0167,0.0795,9.7575,0.0417,0.0975,0.5991
2050,983,860,34.296,34.368,0.0428,-0.0085,9.8467,-0.1015,-0.1818,0.1363
2055,968,864,34.303,34.428,-0.0457,0.0992,9.7609,-0.7943,-0.2633,-0.0871
2060,963,854,34.309,34.299,-0.0116,-0.0853,9.9406,-0.1464,0.5691,0.1277
2065,959,857,34.337,34.444,-0.0792,0.0442,9.9103,0.0671,-1.3327,1.0383
2070,947,853,34.363,34.314,-0.0029,0.0431,9.7672,-0.0698,-0.4664,-0.3788
2075,940,859,34.371,34.432,0.0426,0.0039,9.6517,0.1275,0.1394,-0.5146
2080,932,852,34.421,34.321,-0.0516,0.051,9.8732,0.1401,-0.5401,0.6672
2085,924,850,34.437,34.365,-0.0043,0.0203,9.8341,-0.0664,-0.9164,0.2216
2090,903,850,34.302,34.469,-0.0199,-0.0123,9.7672,-0.9344,0.7271,-0.7255
2095,904,846,34.369,34.39,-0.0476,0.0283,9.7457,0.7446,0.5453,0.7105
2100,899,845,34.394,34.374,-0.0505,-0.0159,9.7374,0.6077,0.4282,0.5375
2105,880,844,34.306,34.38,0.0046,0.0532,9.7764,-0.6589,0.2485,0.1879
2110,878,846,34.273,34.355,-0.0463,-0.0433,9.785,-0.2879,0.7814,-0.3142
2115,876,841,34.333,34.403,-0.0044,0.0461,9.8016,1.012,0.1929,-0.2866
2120,857,838,34.184,34.365,0.0826,-0.0122,9.7679,0.674,0.2989,0.054
2125,853,837,34.302,34.449,0.0144,0.136,9.8953,-1.23,-0.4853,-0.8774
2130,847,832,34.287,34.389,-0.0463,0.0541,9.8091,0.3869,0.1801,0.4742
2135,841,830,34.363,34.294,0.0101,0.0245,9.8366,0.3862,0.0338,0.0602
2140,824,826,34.39,34.319,-0.0038,0.0584,9.8067,1.135,0.3017,0.2702
2145,819,822,34.413,34.388,-0.0112,0.0879,9.8142,0.6906,0.6598,0.805
2150,818,816,34.347,34.436,-0.0067,0.07,9.8219,0.3332,0.188,-0.6053
2155,805,818,34.399,34.417,-0.0226,0.0856,9.7547,0.5608,0.4854,-0.6403
2160,792,816,34.45,34.412,0.0615,-0.0006,9.7745,-0.9165,-0.1407,-0.011
2165,798,810,34.349,34.381,0.0306,-0.009,9.8748,0.1042,0.9525,-0.0973
2170,774,811,34.34,34.385,0.062,-0.0183,9.8176,-0.155,-0.007,-0.0217
2175,773,803,34.293,34.386,-0.0562,0.0329,9.8355,-0.3521,-0.589,-0.359
2180,770,794,34.34,34.466,0.0712,0.0586,9.7755,-0.8396,0.0682,-0.3427
2185,766,794,34.295,34.41,-0.1205,-0.0258,9.8346,-0.3649,-0.3339,-0.5306
2190,755,785,34.367,34.393,0.0256,-0.0166,9.7571,-0.4538,0.4059,0.3214
2195,763,781,34.331,34.492,-0.0683,-0.0106,9.8147,-0.3011,-0.3306,0.0298
2200,755,782,34.267,34.426,-0.0485,-0.0364,9.8618,0.4673,-0.0376,-0.6276
2205,763,775,34.374,34.395,0.0864,-0.0399,9.8029,0.9921,-0.1551,0.5532
2210,750,765,34.35,34.447,0.0653,-0.0218,9.771,-0.3436,-0.1977,0.1234
2215,749,757,34.362,34.44,-0.006,0.0409,9.8216,0.4576,0.5388,0.6967
2220,744,758,34.358,34.502,-0.0031,-0.02,9.8262,-0.5336,0.774,0.023
2225,743,751,34.354,34.435,0.0345,0.0167,9.7586,0.6726,-0.7585,0.563
2230,750,747,34.335,34.298,0.019,0.0034,9.8077,-0.0684,-0.0605,0.7421
2235,754,737,34.272,34.365,0.0261,0.0348,9.8585,-0.3153,-0.4575,-0.7878
2240,755,732,34.315,34.338,-0.0296,-0.0568,9.8243,-0.4187,0.5975,-0.2992
2245,760,726,34.42,34.377,0.042,-0.0491,9.8069,-0.3476,-0.5357,-0.5551
2250,749,723,34.309,34.484,-0.0489,0.0102,9.7946,-0.3703,0.081,-0.7811
2255,768,717,34.36,34.394,-0.0004,-0.086,9.8127,0.7933,-0.061,0.6453
2260,758,707,34.244,34.442,-0.0612,0.0267,9.7501,-0.7937,0.3794,-0.1428
2265,770,703,34.371,34.339,0.0213,0.0396,9.8024,-0.3612,-0.055,-0.1571
2270,775,703,34.286,34.331,0.0433,-0.0513,9.8728,-0.1099,0.266,0.0745
2275,779,695,34.417,34.463,-0.0021,-0.0164,9.911,-0.0987,0.4861,0.3694
2280,787,685,34.231,34.413,-0.0305,-0.0147,9.7825,0.1234,0.2147,0.5929
2285,805,675,34.404,34.532,0.0389,0.0451,9.7543,0.2,0.3161,-0.36
2290,805,680,34.31,34.418,0.0304,-0.0301,9.7927,-0.2906,-0.2212,-0.0791
2295,810,679,34.378,34.384,-0.0499,-0.1375,9.8302,-0.7032,0.6364,0.5291
2300,816,664,34.438,34.406,0.002,0.0303,9.7455,-0.8025,0.3088,-0.395
2305,830,658,34.387,34.432,-0.0375,0.049,9.7816,-0.3009,-0.0353,-0.5087
2310,837,659,34.294,34.428,-0.0479,0.0534,9.8177,-0.0447,0.1666,-0.852
2315,852,655,34.292,34.353,-0.0637,-0.0432,9.848,-0.1117,-0.9298,-0.565
2320,857,651,34.327,34.412,-0.0265,-0.0085,9.9091,-0.3497,-0.1465,0.7205
2325,869,646,34.246,34.473,0.0642,-0.0589,9.8184,0.1708,0.0507,0.4555
2330,880,640,34.417,34.386,0.0328,0.0011,9.8199,-0.7243,0.8571,0.1504
2335,891,642,34.318,34.451,0.0126,-0.0093,9.7877,0.6255,0.2487,1.0051
2340,904,638,34.315,34.432,-0.0453,0.0278,9.8548,-0.0217,-0.4784,-0.2245
2345,916,643,34.397,34.419,-0.0044,-0.0301,9.8992,-0.2993,-0.6527,0.2226
2350,930,640,34.298,34.336,0.0069,0.0496,9.7999,-0.2794,-0.3301,-0.1439
2355,946,632,34.264,34.412,0.0104,0.0916,9.8653,0.6228,-0.377,0.2748
2360,951,632,34.367,34.446,0.0229,0.041,9.7807,0.1244,-0.006,0.1104
2365,969,632,34.414,34.409,-0.1297,-0.025,9.8337,-1.3963,-0.0279,0.2189
2370,974,635,34.339,34.401,-0.039,0.0192,9.8585,0.004,0.0245,-0.1243
2375,983,629,34.324,34.419,-0.0292,0.0222,9.7702,0.3054,0.4024,0.2482
2380,997,637,34.319,34.385,0.0096,0.0164,9.7726,0.1613,-0.1813,0.0658
2385,1011,640,34.454,34.397,0.0327,0.0358,9.8072,0.3549,0.3697,0.0307
2390,1032,636,34.466,34.472,-0.1017,-0.116,9.8683,-0.1452,-0.5268,-0.018
2395,1040,637,34.31,34.361,0.0128,0.0181,9.7774,0.5839,-0.6835,-0.2012
2400,1046,646,34.344,34.408,0.0194,0.0199,9.8175,0.3427,-0.1171,0.1651
2405,1049,648,34.377,34.358,-0.0247,-0.0645,9.8528,0.7338,-0.4715,-1.2218
2410,1065,658,34.33,34.317,0.0235,0.0015,9.7243,1.0892,-0.4771,-0.7433
2415,1074,658,34.322,34.393,-0.0406,-0.0465,9.9062,-0.3755,0.3847,-0.3367
2420,1090,664,34.321,34.396,0.09,0.0278,9.7271,0.0411,-0.8776,0.2161
2425,1097,665,34.35,34.291,-0.0239,-0.0425,9.8818,-0.2438,0.8352,0.8445
2430,1107,668,34.395,34.38,0.0021,-0.0155,9.6939,-0.1732,-0.3102,0.0704
2435,1113,675,34.316,34.367,0.0384,-0.0114,9.8371,0.0198,0.4206,0.7403
2440,1126,684,34.39,34.318,-0.044,0.0567,9.8028,-0.0716,-0.0953,-0.567
2445,1130,685,34.36,34.477,0.0251,0.0928,9.8051,0.4781,0.0098,0.1437
2450,1130,693,34.325,34.385,-0.0319,-0.0263,9.8493,-0.7917,-0.8366,0.2512
2455,1145,700,34.388,34.398,-0.0308,0.0479,9.7541,0.7909,0.0095,0.4755
2460,1149,708,34.259,34.366,0.0129,0.0006,9.7713,-0.2424,-0.2765,-0.5503
2465,1153,719,34.324,34.409,-0.0318,-0.0167,9.8206,-0.3455,-0.27,-0.2159
2470,1167,722,34.333,34.466,-0.0148,-0.0461,9.7765,0.1035,-0.1734,-0.1332
2475,1163,727,34.355,34.407,0.0273,0.0722,9.8693,-0.2838,-0.0566,0.7817
2480,1163,738,34.366,34.411,-0.0567,-0.0352,9.7333,0.2139,-1.5351,0.0618
2485,1172,740,34.272,34.443,0.0034,-0.0351,9.8362,0.1046,0.6676,0.6687
2490,1185,760,34.266,34.511,0.0421,0.0242,9.8112,0.2441,0.0053,-0.5454
2495,1184,760,34.347,34.445,0.0274,0.0257,9.892,0.0582,0.1284,-0.174
2500,1177,776,34.336,34.36,-0.0171,-0.0822,9.8552,0.2785,0.0522,-0.6876
2505,1179,779,34.39,34.292,0.0413,-0.0172,9.8421,-0.0688,0.1635,0.1341
2510,1184,782,34.469,34.456,0.0155,-0.1532,9.8531,0.7954,0.3312,0.1791
2515,1186,791,34.363,34.482,0.0326,-0.0674,9.7701,0.5097,0.0199,0.3453
2520,1194,795,34.323,34.408,-0.0603,0.0007,9.8194,0.0736,0.4941,0.5039
2525,1185,812,34.319,34.395,-0.0441,-0.1339,9.8152,-0.1618,-0.8041,0.0627
2530,1191,821,34.29,34.322,-0.0508,0.0106,9.8065,0.9499,0.0525,0.0591
2535,1183,822,34.349,34.404,-0.0415,0.0082,9.7759,-0.2146,-0.3848,0.5963
2540,1183,828,34.424,34.358,0.0396,-0.0185,9.7661,-0.6012,0.437,-0.1625
2545,1191,837,34.371,34.343,0.0361,-0.0429,9.8504,-0.7466,-0.2485,0.014
2550,1191,844,34.331,34.374,-0.0548,-0.0142,9.8181,1.1588,1.144,0.8905
2555,1170,855,34.314,34.384,-0.0388,-0.0549,9.8307,0.2442,0.8184,-0.0331
2560,1181,861,34.366,34.349,-0.0287,-0.0311,9.803,-0.1721,-0.1657,0.5549
2565,1169,864,34.291,34.368,0.0291,-0.0982,9.815,-0.2277,-0.5973,0.1767
2570,1171,871,34.408,34.403,-0.0959,-0.0461,9.7729,-0.7154,-0.1115,-0.3266
2575,1171,876,34.372,34.378,0.039,0.1302,9.7811,-0.5474,0.1719,0.536
2580,1166,886,34.329,34.399,-0.0765,0.0207,9.8341,0.0035,-0.4419,-0.3095
2585,1169,887,34.357,34.478,-0.0258,-0.0244,9.8539,0.2065,-0.5018,-0.5173
2590,1160,887,34.369,34.301,-0.0126,0.0343,9.7677,-0.1388,0.6297,0.0844
2595,1162,889,34.294,34.372,-0.0248,0.0449,9.794,0.1283,-0.6045,-0.4334
2600,1148,896,34.448,34.392,0.053,0.0151,9.8222,-0.0387,-0.6728,0.3411
2605,1150,908,34.345,34.423,0.0754,0.0111,9.8256,-0.8494,0.4747,-0.2779
2610,1147,905,34.417,34.463,0.0374,0.1504,9.8928,0.0287,0.2307,-0.8572
2615,1136,908,34.296,34.443,-0.0095,0.0129,9.7798,-0.9579,-0.2522,-0.2979
2620,1135,913,34.413,34.457,-0.1012,-0.0145,9.7957,1.2021,-1.3748,-0.2588
2625,1141,917,34.35,34.43,0.0185,0.0652,9.8261,0.2042,0.8762,-0.9591
2630,1131,922,34.341,34.387,0.0194,-0.0136,9.8233,0.2178,0.2802,0.5139
2635,1134,916,34.314,34.37,0.0399,-0.0201,9.7643,-0.0409,0.0742,-0.0838
2640,1129,921,34.338,34.346,0.017,-0.0614,9.8879,-0.1592,0.2357,-0.2875
2645,1124,918,34.398,34.459,-0.0342,-0.0193,9.8377,0.0421,0.5536,-0.3942
2650,1121,921,34.411,34.465,-0.0115,-0.0039,9.8382,0.4527,-0.3073,0.9201
2655,1119,921,34.439,34.399,-0.0027,-0.0372,9.7463,0.4313,0.0362,0.3381
2660,1119,926,34.36,34.488,0.0682,-0.004,9.8668,0.0165,0.5066,0.4555
2665,1115,928,34.408,34.508,0.0988,0.0748,9.8194,0.0277,-0.4527,-0.1823
2670,1104,923,34.342,34.487,0.1326,-0.0653,9.788,0.034,-0.5191,0.3243
2675,1105,927,34.399,34.449,-0.0066,0.0739,9.7065,0.0542,0.1788,-0.8944
2680,1109,923,34.29,34.416,-0.0465,-0.0574,9.8128,-0.5853,0.5973,-0.3714
2685,1111,924,34.243,34.43,-0.0122,-0.0033,9.8502,0.0965,-0.127,0.0002
2690,1101,922,34.349,34.412,0.0261,-0.0451,9.855,0.1269,0.269,0.253
2695,1098,919,34.322,34.473,-0.0835,-0.0488,9.8416,-0.1946,0.0196,-0.0307
2700,1093,915,34.392,34.411,-0.0709,-0.0421,9.8392,0.3638,-0.4243,0.5794
2705,1094,914,34.329,34.373,0.0254,0.055,9.8265,0.2962,-0.0284,-0.2828
2710,1092,910,34.303,34.409,-0.0382,0.0919,9.7623,-0.4829,0.0514,-0.3861
2715,1089,910,34.358,34.482,0.0181,0.0286,9.8605,0.8777,0.1267,-0.0713
2720,1088,909,34.329,34.338,0.0087,0.0322,9.7817,0.5546,-0.3197,0.4689
2725,1093,904,34.326,34.419,-0.0314,0.1168,9.8269,0.104,0.1638,-0.2096
2730,1082,907,34.364,34.406,-0.0309,-0.0402,9.8391,-0.1348,0.508,1.0559
2735,1082,907,34.345,34.403,-0.0175,-0.0219,9.8478,0.6279,-0.3369,-0.5121
2740,1090,898,34.404,34.459,0.0015,0.021,9.8933,-0.4715,0.3241,-0.6722
2745,1077,896,34.424,34.378,-0.0641,0.1352,9.7712,0.0174,0.3463,-0.3434
2750,1066,899,34.326,34.416,0.0048,0.0218,9.7664,1.1431,0.7524,-1.0643
2755,1079,896,34.389,34.382,-0.0778,0.0158,9.8852,0.1969,1.1739,-0.2607
2760,1073,889,34.387,34.404,0.0019,-0.072,9.6771,-0.5212,0.4065,0.9036
2765,1067,894,34.328,34.364,-0.0273,-0.0334,9.9179,0.5662,0.8976,0.9218
2770,1069,890,34.264,34.415,0.0248,0.0605,9.8112,0.3942,0.7245,0.1082
2775,1056,888,34.42,34.43,0.0093,-0.0681,9.8096,0.2746,-0.9976,-0.1527
2780,1051,887,34.302,34.369,0.0727,0.0167,9.8178,-0.5414,0.2358,-0.4089
2785,1045,880,34.281,34.383,0.0187,0.0535,9.7967,0.5467,0.502,0.7801
2790,1052,882,34.273,34.372,-0.0051,0.0124,9.8676,0.1289,-1.4284,-0.4305
2795,1043,880,34.363,34.409,-0.1008,0.028,9.8035,-0.334,0.6294,0.3077
2800,1037,871,34.324,34.368,0.0082,-0.0271,9.8608,0.0954,0.7925,0.3006
2805,1030,876,34.316,34.409,-0.0208,0.0249,9.7536,0.0352,0.3371,0.0579
2810,1035,872,34.422,34.37,-0.0345,0.0117,9.8466,-0.2707,0.8842,-0.0313
2815,1028,869,34.396,34.379,-0.0044,0.0181,9.769,-0.2995,0.0461,0.1824
2820,1030,867,34.342,34.394,0.0061,-0.0295,9.7901,-1.1768,0.4815,-0.6125
2825,1010,866,34.348,34.385,-0.0083,0.0635,9.8332,0.6815,-0.0676,-0.2216
2830,1004,868,34.365,34.446,-0.0472,-0.0227,9.8223,-0.1272,-0.1097,-0.1689
2835,995,866,34.325,34.497,-0.0254,-0.0764,9.8368,0.2627,-1.3455,0.6338
2840,992,863,34.402,34.363,0.0095,-0.0313,9.8544,0.4149,0.4224,0.204
2845,996,859,34.298,34.473,0.0472,-0.0115,9.7802,0.0095,-0.5808,0.1102
2850,983,857,34.358,34.49,-0.0372,-0.0019,9.77,0.131,-0.0673,-0.3191
2855,970,856,34.389,34.444,0.0492,-0.0206,9.6757,0.9458,0.3708,0.8127
2860,956,851,34.329,34.398,0.0408,-0.0095,9.763,0.7813,0.0495,0.2367
2865,958,859,34.368,34.371,0.0225,0.0716,9.7373,0.4678,-0.8739,0.0869
2870,947,859,34.389,34.416,0.0643,0.0411,9.8488,-0.0882,-0.5859,0.8385
2875,932,851,34.404,34.407,-0.0343,-0.0081,9.7739,-0.1176,0.1653,0.3461
2880,933,848,34.318,34.399,-0.0255,0.0157,9.8742,-0.7056,0.088,-0.3158
2885,922,850,34.27,34.312,-0.0063,0.0146,9.7818,0.3449,-0.8177,0.5307
2890,912,853,34.373,34.365,0.0526,0.0911,9.8147,0.1356,-0.3658,-0.2287
2895,907,847,34.396,34.416,0.045,0.0002,9.7799,-0.6075,0.4582,-0.2595
2900,893,850,34.309,34.423,-0.0524,-0.02,9.8034,-0.2196,-0.782,-0.1494
2905,879,840,34.329,34.426,-0.0014,0.0242,9.7698,-0.768,0.5738,0.0625
2910,875,841,34.27,34.287,-0.007,-0.0663,9.8627,0.4364,-0.3492,-0.6403
2915,862,842,34.358,34.387,-0.0511,0.035,9.7976,-0.1723,-0.2379,-0.7318
2920,860,836,34.384,34.415,0.0456,-0.0201,9.8341,0.7313,-0.3634,0.0828
2925,847,839,34.352,34.341,0.0021,0.0452,9.818,-0.4306,-0.225,0.1853
2930,842,832,34.423,34.438,-0.0117,-0.0503,9.8147,-0.3107,-0.1202,-0.1331
2935,835,830,34.332,34.429,0.0316,0.0053,9.8191,0.6848,0.1744,-0.1619
2940,820,822,34.386,34.403,-0.0265,0.019,9.8073,0.7444,-0.3784,1.3145
2945,817,823,34.295,34.399,0.0006,0.0492,9.9362,0.2532,-0.8089,0.7624
2950,807,817,34.359,34.385,-0.0331,-0.0004,9.7434,-0.3699,0.258,-0.581
2955,810,815,34.372,34.401,-0.0343,0.0676,9.7899,-0.2485,-0.238,0.3876
2960,790,813,34.414,34.429,0.0454,0.0777,9.7987,0.5031,-0.4205,0.7395
2965,788,808,34.418,34.434,0.0296,0.0363,9.853,0.4302,-0.0418,0.2235
2970,784,804,34.328,34.41,0.0435,0.0364,9.7904,0.7071,0.3187,0.7124
2975,781,798,34.413,34.333,0.0421,0.0066,9.8562,0.2,0.2589,0.2956
2980,776,796,34.35,34.357,-0.0163,0.0794,9.7825,-0.1427,-0.5235,0.2127
2985,768,790,34.345,34.378,0.0108,0.0485,9.8633,0.6092,-0.1302,-0.1472
2990,764,785,34.34,34.382,0.0495,0.0293,9.8148,0.0464,0.9651,-0.4283
2995,756,775,34.312,34.371,0.0418,-0.0441,9.7466,-0.2669,-0.1328,-0.0388
3000,753,778,34.323,34.414,-0.0346,0.0774,9.8749,0.6494,0.6396,-0.3674
3005,744,769,34.417,34.415,0.0543,-0.0497,9.7669,-0.6084,1.088,0.4006
3010,747,764,34.338,34.352,0.0243,0.0202,9.8864,0.3653,0.3065,0.0817
3015,752,760,34.433,34.368,-0.016,0.009,9.7595,-1.1843,-1.2056,0.3962
3020,748,756,34.366,34.455,-0.0121,0.0204,9.7629,-0.7395,-0.4487,0.3792
3025,740,749,34.376,34.41,0.0562,-0.0587,9.8925,-0.1104,-0.8349,-0.3032
3030,748,740,34.373,34.422,0.0362,0.005,9.8471,0.4842,-0.1853,-1.3673
3035,737,741,34.302,34.387,-0.0177,0.0288,9.8305,-0.4639,-0.0125,0.4896
3040,744,733,34.395,34.423,-0.0024,-0.0332,9.9021,0.6421,-0.1634,0.0491
3045,751,724,34.343,34.32,0.0501,0.0395,9.8614,-0.3315,-0.6624,0.2421
3050,762,722,34.332,34.461,-0.0006,0.0121,9.8159,-0.2305,0.6813,0.1006
3055,765,712,34.396,34.405,0.0201,0.0077,9.8082,0.0571,0.5535,-0.0732
3060,765,706,34.277,34.473,-0.0549,-0.0663,9.808,0.5991,0.0525,0.3559
3065,779,703,34.375,34.335,-0.0136,-0.0043,9.9379,-0.1567,0.0416,0.1943
3070,781,701,34.393,34.447,-0.0022,0.0017,9.785,0.1438,-0.2132,-0.2268
3075,774,694,34.382,34.404,-0.0202,0.0736,9.8315,0.7509,0.5437,0.4047
3080,789,687,34.351,34.446,0.035,0.0072,9.86,-0.1398,-0.8554,0.4148
3085,807,676,34.34,34.458,-0.0587,-0.0367,9.7922,-0.0773,0.2559,-0.1897
3090,805,677,34.434,34.353,-0.0548,-0.0015,9.8017,0.6243,-0.1239,0.2982
3095,817,671,34.467,34.296,0.0334,-0.0394,9.8007,0.2453,-0.3458,0.2369
3100,813,666,34.389,34.43,-0.0527,-0.0786,9.7466,-0.5367,0.2719,1.0486
3105,830,659,34.414,34.371,-0.0358,-0.0358,9.7588,-0.4476,-0.1914,-0.2233
3110,838,656,34.396,34.343,0.0315,0.0208,9.8316,0.3706,-0.0287,-0.0135
3115,849,656,34.313,34.344,-0.0515,-0.0279,9.7653,0.5411,0.0164,0.5407
3120,862,649,34.297,34.401,-0.0527,-0.0465,9.7519,-0.2674,0.5909,-0.2792
3125,872,647,34.41,34.354,0.0832,0.0691,9.8508,-0.2568,-0.748,-0.513
3130,875,646,34.337,34.399,-0.0164,0.0971,9.8512,-0.1071,0.5612,-0.4418
3135,897,642,34.266,34.401,0.0412,-0.0016,9.8395,-0.7934,0.1254,0.244
3140,903,639,34.387,34.443,-0.0173,-0.0119,9.8518,0.276,-0.08,0.9814
3145,914,636,34.301,34.413,0.0397,0.0111,9.8931,-0.3582,0.1623,-0.0823
3150,933,632,34.341,34.497,0.0389,-0.0268,9.832,-0.2082,0.0879,0.2895
3155,949,631,34.342,34.42,0.0183,-0.083,9.8118,-0.6385,0.3749,-0.037
3160,955,632,34.417,34.423,0.0251,-0.1048,9.8151,-0.2234,-0.299,0.2288
3165,964,632,34.395,34.417,0.0049,-0.034,9.8817,-0.2238,0.3101,0.4358
3170,981,639,34.286,34.513,0.0442,-0.0564,9.8301,1.8422,-0.0961,-0.3728
3175,981,636,34.36,34.441,0.0207,-0.0587,9.8019,1.0208,0.0832,-0.1007
3180,1000,635,34.442,34.48,0.0076,0.0347,9.9664,-0.4887,0.7229,-0.9747
3185,1018,638,34.337,34.394,0.0392,-0.0194,9.8048,0.5575,0.1922,0.6088
3190,1019,636,34.366,34.361,0.0999,0.0594,9.8034,0.4467,-0.4447,-0.3046
3195,1044,648,34.315,34.358,-0.0695,0.0977,9.7367,0.9748,0.7788,0.3009
3200,1054,643,34.402,34.322,0.0632,0.0984,9.8161,0.0012,-0.0921,-0.4823
3205,1063,654,34.333,34.521,-0.0491,0.001,9.7351,-0.6063,0.2781,-0.1511
3210,1073,648,34.325,34.52,0.032,-0.0687,9.8682,0.5667,-0.4934,0.3896
3215,1080,652,34.236,34.384,-0.0731,0.0175,9.946,-0.4575,-1.0398,0.6729
3220,1086,666,34.241,34.432,0.0176,-0.0338,9.8058,-1.0032,-0.3411,-0.2277
3225,1098,662,34.306,34.418,0.0353,-0.0443,9.8645,-0.2346,-0.0649,0.4368
3230,1111,676,34.297,34.457,0.038,-0.0157,9.7749,-0.5434,-0.3938,-0.2142
3235,1115,680,34.362,34.366,-0.0805,0.0704,9.8048,-0.5115,-1.1399,-0.4973
3240,1124,685,34.368,34.379,-0.0198,-0.0299,9.8371,0.5439,0.1304,-0.3749
3245,1135,690,34.36,34.394,-0.0361,0.0212,9.7127,0.4129,-0.0493,0.1094
3250,1140,691,34.341,34.438,0.0931,0.0494,9.742,0.3252,0.2833,-0.5918
3255,1148,702,34.357,34.413,-0.0057,-0.0571,9.8124,0.2496,-0.1046,0.8469
3260,1156,709,34.381,34.424,0.0313,-0.0729,9.7995,-0.4418,-0.0525,-0.7479
3265,1155,714,34.373,34.357,0.0466,0.0148,9.7493,-0.4461,-0.5142,0.2623
3270,1169,728,34.516,34.44,0.0497,0.0525,9.8689,0.4768,0.5976,0.1816
3275,1177,729,34.376,34.416,-0.0205,-0.0883,9.8455,-0.4247,0.0327,-0.2308
3280,1175,739,34.407,34.438,-0.0073,0.0584,9.8408,0.1246,-0.8369,-0.0017
3285,1170,751,34.453,34.376,0.0067,0.0048,9.8064,0.2929,0.2363,-0.3972
3290,1183,751,34.239,34.438,-0.0715,0.0212,9.7876,-1.0437,0.9366,0.4599
3295,1187,763,34.397,34.43,-0.0423,0.0743,9.9017,-0.463,0.6281,-0.1579
3300,1187,771,34.385,34.479,0.0061,-0.0013,9.8134,-1.3655,0.1708,0.1764
3305,1180,780,34.341,34.435,-0.0245,0.1424,9.8017,-0.4425,0.3557,-0.4298
3310,1183,785,34.383,34.388,0.0245,0.041,9.7648,0.6839,0.0828,-0.4458
3315,1183,793,34.352,34.432,0.0339,-0.0318,9.8624,-0.2229,0.2557,0.299
3320,1186,798,34.404,34.439,0.0567,-0.0298,9.7652,-0.0047,-0.4793,0.3841
3325,1190,816,34.396,34.427,0.0445,0.0177,9.7425,0.1174,0.2757,0.6726
3330,1182,820,34.315,34.489,-0.0403,0.0558,9.8985,-0.2089,0.3326,-0.0195
3335,1194,829,34.31,34.387,0.0801,-0.023,9.8711,-0.1715,0.5424,-0.3204
3340,1192,834,34.411,34.362,0.0411,-0.057,9.9048,1.2524,-0.1375,-0.0321
3345,1180,835,34.33,34.352,-0.0975,0.015,9.7939,0.1551,-0.1578,0.3391
3350,1181,844,34.355,34.415,-0.0786,0.0533,9.8374,0.004,1.1084,-0.0121
3355,1176,859,34.349,34.409,-0.0493,-0.0575,9.8527,-0.2062,0.3324,-0.0021
3360,1186,853,34.363,34.431,-0.0017,-0.0252,9.841,-0.0894,0.4964,-0.1196
3365,1176,864,34.393,34.404,0.001,0.0111,9.8735,0.2859,0.478,-0.3202
3370,1176,868,34.355,34.352,0.0516,-0.0035,9.7544,0.6545,0.8083,-0.1695
3375,1170,883,34.415,34.485,0.0054,0.0341,9.8997,-0.5388,0.168,0.822
3380,1163,875,34.342,34.405,0.0555,0.0828,9.8869,0.1771,0.0626,-0.2563
3385,1166,886,34.419,34.375,-0.0558,-0.0521,9.8292,-0.7767,0.1591,0.3536
3390,1170,896,34.309,34.473,0.0711,0.1116,9.8214,0.7987,-0.3587,0.0871
3395,1159,893,34.406,34.431,0.0133,-0.0743,9.7632,-0.0826,0.5548,-0.3797
3400,1150,899,34.398,34.343,0.0293,-0.0546,9.8041,0.5305,0.4776,0.269
3405,1153,904,34.475,34.315,-0.0106,-0.1348,9.8978,-0.1192,-0.2892,0.59
3410,1153,909,34.384,34.381,0.0107,-0.0543,9.7553,-0.0578,0.043,-0.3502
3415,1149,915,34.465,34.325,-0.0361,0.0144,9.8402,0.3123,-0.2394,0.7888
3420,1143,914,34.296,34.44,0.0213,-0.0772,9.8265,-0.2785,-0.1871,-0.2062
3425,1140,919,34.395,34.409,0.0373,-0.0366,9.773,-0.736,0.1736,-0.0477
3430,1133,919,34.402,34.379,0.0113,0.0971,9.834,0.1594,-1.2884,0.5913
3435,1126,918,34.204,34.332,0.0013,-0.1061,9.7704,-0.0786,0.8378,-0.6613
3440,1123,918,34.382,34.47,0.0193,-0.0628,9.8617,0.5048,0.4678,0.708
3445,1126,920,34.417,34.417,-0.0282,0.0329,9.8536,0.2035,-0.2456,-0.4351
3450,1122,922,34.35,34.42,-0.0662,-0.0053,9.8369,-0.8363,-0.7501,-0.2271
3455,1121,917,34.338,34.365,-0.0485,-0.0182,9.7597,0.431,-0.9089,-0.1968
3460,1116,923,34.357,34.372,0.0045,-0.0436,9.9189,-0.5157,-0.5481,-0.6639
3465,1112,925,34.38,34.392,0.1027,-0.0402,9.702,-0.1138,-0.6098,-0.2789
3470,1112,921,34.34,34.399,0.0199,-0.0241,9.8737,0.4006,-0.0312,-0.3734
3475,1116,921,34.407,34.416,-0.0367,-0.0668,9.7561,-0.5132,-0.2905,0.0654
3480,1104,920,34.334,34.453,0.0171,-0.0705,9.7451,-0.532,0.4579,-0.1747
3485,1104,922,34.363,34.378,-0.0798,-0.0252,9.82,-0.5107,0.606,-0.0733
3490,1098,916,34.36,34.465,0.0007,0.0302,9.8294,-0.3325,0.5004,0.0298
3495,1111,917,34.416,34.474,0.1577,-0.0206,9.8678,0.0801,0.2027,-0.6757
3500,1096,914,34.333,34.454,-0.0158,-0.0105,9.7688,0.7943,-0.1319,0.6155
3505,1094,910,34.252,34.516,-0.0036,-0.074,9.8256,-0.0962,-0.3243,-0.217
3510,1091,912,34.345,34.525,0.0238,-0.0403,9.8625,-0.1609,0.0947,-0.1118
3515,1092,913,34.36,34.445,0.0367,-0.0422,9.7355,0.5818,-0.0264,0.818
3520,1093,907,34.318,34.405,0.0194,0.0932,9.8309,-0.1307,-0.2359,-0.5436
3525,1084,904,34.359,34.362,0.068,0.0805,9.8038,-0.5763,-0.3806,0.108
3530,1089,909,34.35,34.388,-0.0428,0.0817,9.7559,-0.4444,-0.7063,0.6235
3535,1082,903,34.388,34.31,-0.0417,-0.0338,9.7723,-0.4828,0.5341,0.0511
3540,1084,907,34.296,34.311,-0.0229,0.0302,9.8211,-0.8273,-0.3528,0.399
3545,1077,899,34.394,34.372,0.0118,0.0609,9.6933,-0.2027,0.0104,-0.3835
3550,1079,898,34.387,34.507,-0.0594,-0.0637,9.8056,-0.4347,-0.7547,-0.5085
3555,1081,896,34.225,34.501,-0.0378,-0.0001,9.9147,0.1234,0.364,-0.0355
3560,1071,895,34.375,34.31,-0.063,0.0128,9.8396,-0.517,0.3465,0.0183
3565,1076,893,34.319,34.427,-0.0021,0.0144,9.7538,0.3628,0.6551,0.0976
3570,1061,892,34.376,34.404,-0.0303,-0.0946,9.8208,0.2947,-1.0879,0.9496
3575,1062,879,34.337,34.345,-0.0208,-0.0019,9.8621,0.0409,-0.4005,-0.2889
3580,1060,883,34.462,34.406,0.0141,0.0152,9.7513,-0.081,0.1315,0.0422
3585,1050,881,34.366,34.35,0.0161,-0.0544,9.8519,0.1458,-0.203,-0.0513
3590,1047,878,34.395,34.456,0.0321,0.0353,9.8528,0.3608,0.0001,0.0207
3595,1048,882,34.405,34.396,0.0431,0.0613,9.8331,-0.5546,-0.7955,0.2033
3600,1039,872,34.374,34.369,0.0782,-0.0069,9.8053,-0.4908,0.1591,-0.1768
3605,1033,878,34.43,34.409,-0.0351,-0.021,9.8206,0.2816,0.0808,-0.0357
3610,1034,874,34.423,34.416,0.0088,-0.0237,9.8439,0.261,-0.5615,0.3177
3615,1032,873,34.382,34.318,-0.0123,0.0105,9.8802,-0.3406,0.4723,0.4826
3620,1011,871,34.247,34.366,0.0167,0.0696,9.7815,-0.4638,1.0459,0.3221
3625,1017,869,34.43,34.441,0.0464,-0.048,9.8232,0.2674,-0.3625,-0.3312
3630,1008,862,34.399,34.454,-0.0077,0.0502,9.9018,-0.1334,-0.2691,0.7208
3635,998,860,34.308,34.373,0.0783,-0.0259,9.7512,-0.0531,1.1103,1.1459
3640,999,861,34.471,34.44,0.0549,0.0856,9.8206,0.8398,-0.0415,0.133
3645,982,865,34.412,34.417,0.0335,-0.0266,9.8673,-0.6405,-0.0918,-0.1535
3650,978,860,34.303,34.374,-0.0369,-0.0557,9.8067,0.0326,-0.4677,-0.6842
3655,963,859,34.44,34.48,0.0822,0.003,9.8418,-0.352,0.1097,0.0173
3660,957,854,34.393,34.519,-0.0259,0.0108,9.8354,0.2843,-0.9468,-0.4142
3665,953,855,34.415,34.306,0.0286,-0.0055,9.7443,0.6853,0.0035,-0.3469
3670,943,860,34.381,34.411,-0.1282,0.0259,9.8821,-1.0258,0.0556,-0.0244
3675,937,857,34.291,34.371,0.0813,-0.0807,9.8517,0.0742,-0.7204,-0.3926
3680,936,852,34.394,34.484,-0.0449,-0.0275,9.8135,0.3913,0.243,0.2646
3685,920,849,34.389,34.433,-0.0143,0.01,9.7948,0.1468,0.3293,-0.7131
3690,914,847,34.388,34.395,-0.0724,-0.0533,9.8367,0.2899,-0.1697,0.4056
3695,903,844,34.367,34.411,0.0226,-0.0418,9.7717,-0.4763,0.2592,-0.1396
3700,886,840,34.415,34.378,-0.0629,0.0279,9.7749,0.3502,0.5287,0.4496
3705,890,848,34.241,34.462,0.0327,-0.0589,9.8373,-0.6362,0.2729,0.1403
3710,871,849,34.366,34.513,-0.0379,0.0547,9.8096,0.1715,0.3397,-0.5638
3715,871,838,34.447,34.399,0.0363,-0.086,9.6725,-0.1036,0.779,-0.0665
3720,868,839,34.365,34.42,0.0999,-0.0788,9.7998,1.105,0.1064,0.0206
3725,849,834,34.403,34.344,0.055,-0.0227,9.8979,0.317,-0.7287,-0.2166
3730,841,830,34.425,34.412,0.0668,0.0181,9.7994,0.8657,-0.1948,0.0861
3735,835,832,34.441,34.399,-0.0245,0.0471,9.7729,-0.3805,0.629,-0.4493
3740,830,824,34.347,34.409,-0.0198,0.004,9.8683,-0.3506,-0.2816,-0.3859
3745,810,829,34.434,34.422,-0.0052,-0.0238,9.8161,0.3237,-0.3003,0.2524
3750,810,822,34.472,34.384,-0.0185,-0.0164,9.8223,-0.9103,-0.4177,0.2601
3755,805,817,34.329,34.42,-0.0084,0.0199,9.8563,-0.215,0.3892,0.2719
3760,785,810,34.388,34.352,0.0693,-0.0132,9.8787,-1.192,0.8393,-0.1202
3765,790,813,34.387,34.402,0.0468,-0.0944,9.8388,-0.6859,-0.8446,1.2509
3770,774,801,34.375,34.323,0.025,0.0637,9.795,0.4585,-0.1818,0.2437
3775,764,801,34.376,34.407,0.0178,-0.0683,9.839,0.5267,0.4007,-0.0085
3780,771,796,34.346,34.484,-0.0136,-0.0189,9.7421,0.2441,-0.7655,0.4607
3785,771,786,34.335,34.413,-0.0261,0.016,9.9138,-0.8555,0.1646,-0.4629
3790,758,793,34.271,34.365,0.0214,0.0199,9.8549,-0.8588,-0.3921,-0.7757
3795,753,785,34.41,34.387,-0.0431,0.0178,9.7356,-0.3812,0.2158,-0.0012
3800,749,770,34.424,34.446,-0.0664,0.0223,9.8733,-0.8026,0.1524,-0.0857
3805,754,768,34.373,34.434,-0.0689,0.0211,9.8175,1.0233,0.4931,0.7859
3810,746,763,34.332,34.421,0.0421,-0.0003,9.7848,-0.7341,0.4185,-0.5112
3815,745,748,34.262,34.462,-0.0148,0.0489,9.7897,-0.4021,0.6754,0.7425
3820,746,755,34.319,34.396,-0.0264,-0.0415,9.8428,0.3216,-0.0446,0.1863
3825,738,750,34.324,34.489,0.0696,-0.0629,9.8694,0.6061,0.0159,0.5408
3830,749,742,34.33,34.358,-0.0018,0.0237,9.9024,-0.2865,-0.1567,-0.9995
3835,747,737,34.336,34.338,-0.0605,-0.0576,9.8684,0.2656,-0.092,-0.3009
3840,754,732,34.354,34.399,0.0328,-0.008,9.8241,0.7835,-0.7417,-0.0811
3845,755,722,34.443,34.393,0.0887,-0.1044,9.785,0.2155,0.2644,-0.5191
3850,754,717,34.471,34.524,0.0059,0.0589,9.8537,0.7646,0.6492,-0.3469
3855,759,709,34.454,34.457,0.0313,-0.0512,9.8377,-0.1238,-0.1405,0.2649
3860,756,705,34.358,34.454,-0.0479,0.0374,9.7519,-0.598,-0.535,-0.0252
3865,773,704,34.344,34.422,-0.0545,-0.0031,9.8241,0.1402,-0.2057,1.0097
3870,770,689,34.449,34.346,0.0431,-0.0206,9.8311,-0.2413,-0.0479,0.2098
3875,779,689,34.327,34.439,0.0707,0.0264,9.7832,0.092,-0.1719,-0.8306
3880,797,687,34.378,34.436,0.0002,0.0485,9.8568,-0.2655,-0.4718,0.58
3885,797,681,34.342,34.36,0.0066,0.0721,9.797,0.1021,0.2257,-0.2735
3890,804,673,34.376,34.414,0.0342,0.0334,9.8386,-0.13,0.7017,-0.1906
3895,810,672,34.412,34.403,-0.103,0.0541,9.8548,0.1822,0.2002,0.1902
3900,817,665,34.304,34.435,-0.0407,0.0337,9.9121,0.2773,0.4003,1.4711
3905,822,662,34.393,34.511,0.0985,0.002,9.8548,-0.0165,0.3932,-0.051
3910,841,658,34.335,34.385,0.0192,-0.0064,9.8405,-0.9166,-0.6441,-0.3371
3915,848,655,34.465,34.468,-0.0945,-0.0234,9.7711,0.1428,0.5164,-0.2755
3920,865,644,34.367,34.471,0.0762,-0.0006,9.8269,0.3884,-0.8053,0.6278
3925,866,646,34.354,34.463,0.0,-0.001,9.7988,0.1254,-0.1124,-0.5157
3930,887,645,34.387,34.481,-0.0271,0.048,9.7644,0.3426,-0.3091,-0.7683
3935,892,640,34.362,34.35,0.0156,-0.0681,9.7443,0.0449,-0.5694,-0.001
3940,913,633,34.289,34.462,-0.0032,0.0214,9.7407,-0.4159,-0.4891,-0.5484
3945,913,635,34.381,34.375,0.0234,-0.0187,9.7591,0.4422,0.4358,1.1971
3950,929,640,34.258,34.483,-0.0204,-0.053,9.804,-0.4287,-0.3809,-0.4832
3955,941,634,34.394,34.41,-0.079,-0.0759,9.8017,-0.361,0.6451,0.2607
3960,960,634,34.336,34.396,0.0259,-0.0002,9.8367,-0.0366,-0.0785,-0.1339
3965,972,637,34.351,34.399,0.004,0.0074,9.8184,0.8727,0.6402,0.5888
3970,975,635,34.285,34.386,-0.0632,-0.031,9.8297,-0.362,-0.5611,0.9456
3975,983,632,34.332,34.396,0.0165,0.026,9.7651,-0.1556,-0.0645,0.742
3980,1002,637,34.308,34.372,-0.0314,-0.0099,9.7846,0.2722,-0.0512,-0.1178
3985,1020,647,34.348,34.334,0.0358,0.0114,9.8187,-0.3314,0.4737,0.0489
3990,1028,641,34.31,34.329,0.0396,0.1046,9.9014,0.3133,0.1561,0.6119
3995,1041,645,34.391,34.378,-0.0239,-0.0016,9.7947,-0.1182,-0.3298,0.0831
4000,1046,644,34.297,34.364,0.0757,-0.0358,9.7636,0.3847,0.9899,0.8939
4005,1066,649,34.316,34.485,-0.0094,0.0431,9.8311,-0.3219,0.4097,-0.3663
4010,1068,653,34.372,34.412,0.0206,-0.0143,9.9062,0.0757,-0.0662,-0.2339
4014,1080,655,34.422,34.414,0.0197,-0.0413,9.7092,0.1045,-0.459,0.89
4019,1090,664,34.377,34.368,-0.0532,-0.0091,9.8285,1.4116,-0.547,-0.6278
4025,1106,665,34.378,34.377,0.0355,0.0232,9.8168,-0.3209,-0.2875,-0.6506
4030,1116,674,34.365,34.376,-0.0055,-0.0257,9.7867,0.1835,-0.1741,-0.2574
4035,1120,682,34.303,34.437,0.0335,0.0097,9.7799,1.3767,-0.2747,-0.4186
4040,1129,687,34.376,34.393,-0.1168,0.1004,9.7194,0.8623,0.4165,-0.253
4045,1139,695,34.426,34.353,0.0427,0.027,9.7924,-0.411,-0.1569,0.5424
4050,1142,702,34.33,34.349,-0.0256,-0.0329,9.7818,0.1249,-0.6384,1.0213
4054,1149,706,34.372,34.456,-0.0104,0.0143,9.8732,0.2652,0.062,1.0879
4059,1146,708,34.306,34.419,0.0546,-0.0129,9.8374,0.0493,0.1179,0.4649
4065,1158,717,34.366,34.448,-0.0167,-0.0896,9.7938,-0.9978,0.9702,0.5691
4070,1161,732,34.391,34.415,-0.0058,0.029,9.8185,-0.6176,-0.1959,0.2829
4075,1175,736,34.287,34.405,0.0028,-0.0301,9.7877,0.5529,0.5887,0.5777
4080,1170,743,34.333,34.383,0.0157,-0.0005,9.7359,-0.1946,-0.1595,-0.1473
4085,1174,745,34.397,34.404,0.1512,0.0366,9.8465,-0.3764,-1.1212,0.2564
4090,1186,756,34.36,34.432,0.0116,0.1301,9.7937,0.2499,0.4576,0.7691
4094,1179,765,34.417,34.483,-0.0822,-0.085,9.8126,0.6603,0.3271,-0.7432
4100,1187,767,34.379,34.358,0.0477,-0.0377,9.9075,0.4224,0.5891,0.0048
4105,1187,781,34.405,34.427,-0.0051,-0.0662,9.8837,-0.1332,0.4239,0.1856
4110,1185,781,34.303,34.452,0.0776,0.0394,9.8161,0.2413,-0.4025,-0.1865
4115,1198,799,34.338,34.503,-0.0006,0.0767,9.8304,-0.7021,0.4483,-0.6252
4120,1179,804,34.435,34.377,0.0452,-0.0676,9.8135,1.1461,-0.4372,0.4714
4125,1177,808,34.369,34.348,0.058,0.0413,9.8116,-0.1527,0.2292,0.4336
4130,1185,822,34.425,34.407,0.0589,0.0108,9.7984,-0.0049,-0.6231,0.5277
4135,1187,823,34.396,34.506,-0.0944,0.048,9.7754,0.0002,-0.3448,0.0055
4140,1181,834,34.363,34.409,0.0049,-0.0111,9.7589,-0.2131,0.614,-0.1147
4145,1177,838,34.398,34.475,-0.0574,-0.0305,9.7965,-0.1666,0.1794,0.8664
4150,1189,846,34.416,34.524,-0.0648,-0.03,9.8674,-0.0868,0.0585,-0.3238
4155,1180,854,34.319,34.407,-0.0032,-0.0889,9.7922,-0.4326,0.3121,-0.1105
4160,1176,863,34.359,34.489,0.0479,0.0161,9.708,-1.1347,-0.7,-0.6835
4165,1188,863,34.421,34.349,-0.0998,-0.0317,9.7946,-0.4478,-0.225,0.4341
4170,1169,866,34.296,34.409,-0.0415,-0.0556,9.682,-0.77,-0.0639,0.4542
4175,1174,880,34.416,34.388,0.0017,-0.0972,9.8194,0.3232,0.0208,0.0722
4180,1159,882,34.273,34.421,0.057,-0.0776,9.8224,0.122,-0.2203,0.0696
4185,1163,887,34.322,34.461,-0.0571,0.0914,9.8971,-0.3967,-0.0417,-0.1994
4190,1158,894,34.354,34.414,0.0309,0.0205,9.875,0.1174,0.3465,-0.3818
4195,1158,896,34.35,34.477,0.0343,-0.0509,9.7441,-0.2776,-0.2118,0.6748
4200,1150,902,34.404,34.465,-0.0069,-0.0043,9.8587,0.5461,0.0206,-0.0401
4205,1145,907,34.383,34.461,0.0191,0.0381,9.7774,-0.6342,0.0672,0.645
4210,1155,905,34.351,34.476,0.0128,-0.0584,9.8099,-0.9302,-0.5065,-0.7231
4215,1146,908,34.33,34.385,0.0521,-0.0338,9.8679,-0.5509,-0.2236,0.667
4220,1149,915,34.282,34.379,-0.0676,-0.0217,9.7865,0.6661,0.0964,-0.1843
4225,1134,916,34.282,34.409,0.0395,-0.0383,9.8789,0.0316,-0.1175,-0.4522
4230,1132,915,34.356,34.367,-0.0172,0.0476,9.8296,-0.1488,0.6303,0.186
4235,1126,919,34.357,34.366,0.1053,0.02,9.7742,-0.8824,0.617,0.0347
4240,1133,918,34.397,34.439,0.0207,0.0194,9.8064,0.4184,0.1871,-0.3363
4245,1126,926,34.365,34.317,0.0998,-0.0099,9.8767,1.1332,0.2439,-0.8345
4250,1120,916,34.358,34.314,-0.0602,-0.0195,9.8089,0.8564,0.5668,-1.0041
4255,1120,927,34.341,34.41,-0.0021,0.0353,9.7396,0.4805,-0.4003,-0.6675
4260,1113,922,34.348,34.396,0.042,-0.1139,9.6865,0.7306,-0.8637,-0.4103
4265,1108,927,34.461,34.579,0.0588,-0.0303,9.8221,0.6746,0.1421,0.6782
4270,1111,923,34.329,34.371,0.125,-0.0209,9.8901,-0.4289,0.1348,0.5224
4275,1119,921,34.404,34.51,-0.0225,0.0055,9.8272,-0.1841,0.1681,0.0076
4280,1100,920,34.411,34.281,0.1049,0.0764,9.7339,-0.3278,-0.9307,-0.7019
4285,1116,917,34.402,34.515,0.0595,0.0029,9.8267,1.3825,-0.6458,-0.0899
4290,1099,921,34.374,34.393,-0.028,0.062,9.8363,-0.3161,0.1721,-0.3443
4295,1092,915,34.415,34.433,0.0418,0.0579,9.8606,0.1428,-0.273,0.4536
4300,1097,919,34.337,34.485,0.0327,0.0073,9.8626,-0.7699,0.2521,-0.1354
4305,1100,912,34.339,34.407,0.032,-0.0015,9.8462,0.253,0.9327,-0.2232
4310,1092,915,34.372,34.48,-0.073,0.0006,9.7985,-0.6717,-0.818,-0.2562
4315,1093,912,34.419,34.326,-0.0127,0.0446,9.7496,-0.224,-0.3235,-1.2532
4320,1089,907,34.348,34.477,-0.0034,0.0571,9.8149,0.3664,0.3162,-0.6606
4325,1086,908,34.335,34.434,0.0393,-0.0804,9.722,-0.3334,0.2001,0.1994
4330,1084,905,34.361,34.384,0.0239,0.0677,9.8203,-0.1138,0.2997,-0.3398
4335,1083,903,34.408,34.372,-0.0752,-0.1146,9.7893,0.6411,0.5487,-0.9579
4340,1079,899,34.426,34.448,-0.0293,0.0554,9.8282,0.3507,-0.3295,-0.2164
4345,1071,904,34.337,34.453,0.0017,0.0231,9.8153,0.2675,-0.3574,-0.7653
4350,1078,897,34.37,34.467,0.0281,-0.0164,9.8273,-0.4402,0.6141,-0.3166
4355,1079,892,34.415,34.415,-0.0013,0.0143,9.8703,0.0108,0.1379,-0.5672
4360,1065,892,34.248,34.395,-0.0198,0.056,9.8126,0.2343,-0.4437,-0.218
4365,1065,889,34.299,34.444,-0.0817,0.0408,9.8834,-0.0049,-0.9806,0.392
4370,1068,889,34.431,34.433,0.0303,0.0311,9.8912,0.3732,-0.2629,1.2627
4375,1068,884,34.342,34.436,0.0478,-0.002,9.8936,0.1979,-0.1128,-0.2274
4380,1063,882,34.371,34.377,-0.0249,-0.0312,9.8264,-0.5034,-0.0379,0.288
4385,1051,876,34.385,34.403,0.0155,-0.0248,9.8101,-0.0786,0.1344,0.7938
4390,1047,876,34.324,34.387,-0.0625,-0.0528,9.78,1.3789,0.6929,-0.8545
4395,1055,876,34.428,34.408,-0.0203,-0.0607,9.7789,0.389,-0.2507,-0.3442
4400,1050,872,34.398,34.434,-0.0765,-0.0285,9.8086,0.0696,-0.2065,0.2188
4405,1040,878,34.477,34.414,0.0812,0.0418,9.8601,0.1539,0.3869,0.3311
4410,1028,869,34.36,34.357,-0.0599,-0.0738,9.8118,0.5173,-0.1598,-1.0098
4415,1012,870,34.427,34.516,-0.0225,0.0399,9.8443,-0.6918,-0.1952,-0.0088
4420,1014,871,34.313,34.394,-0.1057,0.0102,9.8319,-0.2595,0.2159,0.7696
4425,1012,865,34.288,34.348,-0.0045,0.0437,9.7196,0.3826,-0.471,0.0646
4430,1000,864,34.406,34.443,-0.0402,0.0406,9.7803,-0.1262,-0.0621,-0.4137
4435,1003,866,34.362,34.381,-0.0563,0.0261,9.782,0.3839,-0.3468,-0.4997
4440,991,864,34.437,34.429,-0.0315,-0.0297,9.7989,0.7727,-0.4261,-0.7485
4445,977,864,34.333,34.433,-0.0479,0.0216,9.8274,0.4956,-0.4372,-0.0251
4450,979,859,34.377,34.434,-0.0106,-0.0291,9.753,-0.8851,0.0362,0.1026
4455,974,863,34.322,34.447,-0.1019,-0.0809,9.8226,-0.5121,1.2072,-0.1651
4460,960,860,34.425,34.417,-0.0776,-0.0186,9.8305,0.9615,0.8372,0.7039
4465,959,856,34.371,34.339,0.0157,0.0019,9.9219,0.2038,0.6573,0.2862
4470,947,858,34.326,34.4,0.0276,0.06,9.7942,0.2657,0.0948,-0.1103
4475,938,851,34.356,34.437,-0.0357,0.0147,9.8547,-0.1587,-0.1436,-0.3764
4480,927,853,34.471,34.454,0.0023,-0.0249,9.8016,0.035,1.0502,0.0063
4485,923,849,34.298,34.359,0.0089,0.1077,9.9157,-0.6885,-0.2603,0.5036
4490,913,853,34.395,34.431,-0.0517,-0.018,9.8528,-0.0237,0.4222,-0.2841
4495,907,845,34.411,34.374,-0.0369,0.0334,9.799,0.1691,0.9191,0.3032
4500,885,850,34.429,34.52,-0.0032,-0.0299,9.7835,-1.2074,-0.7304,0.2762
4505,882,842,34.398,34.354,0.0447,0.0901,9.7935,-0.9119,-0.4017,-0.8123
4510,870,841,34.399,34.453,0.0719,0.078,9.822,-0.8243,0.37,-0.1134
4515,870,838,34.401,34.497,-0.0419,0.0589,9.745,-0.431,0.7298,-0.3159
4520,864,837,34.319,34.432,-0.0107,-0.0357,9.9213,0.4984,-0.3183,-0.7061
4525,859,832,34.336,34.38,-0.0823,-0.0338,9.8023,-0.5843,-0.1846,0.4405
4530,844,830,34.441,34.403,-0.0014,-0.0021,9.8525,-0.0347,0.499,0.2813
4535,838,831,34.334,34.397,-0.0309,-0.0011,9.7503,0.7059,-0.0604,-0.1157
4540,821,820,34.402,34.472,-0.0906,-0.0674,9.7802,-0.5222,1.5518,0.2257
4545,815,819,34.5,34.404,0.0126,-0.0712,9.8524,0.4993,0.0549,-0.0637
4550,804,819,34.406,34.394,0.0191,0.003,9.7895,0.6667,-0.977,-0.6105
4555,800,814,34.351,34.356,0.0666,0.003,9.7743,0.0735,0.4635,-0.8588
4560,800,809,34.417,34.418,-0.0314,0.0042,9.7856,0.8215,0.7085,0.1981
4565,795,804,34.293,34.427,0.027,0.027,9.752,-0.2795,0.0739,0.379
4570,777,807,34.238,34.38,0.0259,0.1057,9.8833,1.0723,-0.0626,-0.1557
4575,780,802,34.437,34.49,0.0463,-0.0554,9.8079,0.4026,-0.3627,-0.1281
4580,776,799,34.297,34.425,-0.0547,-0.0156,9.8915,0.4874,-0.3236,0.1919
4585,761,797,34.329,34.397,0.0119,-0.0062,9.8459,-0.1867,-0.3491,0.234
4590,764,782,34.471,34.371,0.0889,0.0402,9.8414,0.3389,-0.8245,-0.5762
4595,757,780,34.467,34.437,0.0733,-0.031,9.7616,0.0653,0.6279,0.579
4600,750,778,34.366,34.386,-0.0595,0.0201,9.8674,0.0342,-0.5015,-0.7851
4605,750,766,34.33,34.503,0.0209,0.0397,9.8896,0.2023,0.0856,0.1123
4610,740,764,34.376,34.441,0.0143,0.0038,9.8169,-0.4091,-0.4058,-0.2576
4615,749,754,34.407,34.446,0.0331,0.0941,9.8598,-0.5527,0.0976,-0.045
4620,752,752,34.421,34.445,-0.0838,0.0058,9.8379,-0.1244,0.8469,0.5265
4625,751,744,34.387,34.464,-0.0116,0.0421,9.8064,-0.8364,0.1944,-0.0789
4630,744,745,34.351,34.336,0.0292,0.0641,9.7941,-0.0292,-0.1438,-0.3502
4635,750,730,34.391,34.495,0.0089,-0.0177,9.8356,-0.4594,0.0302,-0.2105
4640,756,728,34.226,34.492,0.0315,0.0058,9.775,-0.6745,-0.227,-0.5629
4645,758,723,34.388,34.412,-0.001,0.0601,9.8255,-1.1409,-0.3607,-0.3194
4650,757,721,34.319,34.45,-0.0523,0.1374,9.8118,-0.1438,-0.4634,-0.3588
4655,761,715,34.428,34.254,0.0028,0.0965,9.7421,0.6561,-0.0461,-0.7324
4660,765,704,34.32,34.392,0.0173,-0.0873,9.9001,0.5394,0.7943,-0.4571
4665,769,699,34.388,34.472,0.044,-0.0071,9.8717,-0.9151,0.3379,0.1712
4670,777,690,34.383,34.415,-0.046,-0.0515,9.7829,-0.488,-0.3897,-0.0737
4675,783,688,34.323,34.438,-0.0153,-0.0568,9.7701,0.2222,0.0004,1.2414
4680,792,686,34.38,34.399,0.0056,-0.0097,9.8243,0.5539,-0.2036,0.0086
4685,797,679,34.404,34.499,-0.0161,-0.0118,9.9709,0.5001,0.4627,-0.9686
4690,810,673,34.329,34.391,-0.0063,-0.0911,9.8427,-0.454,0.1005,-0.1192
4695,811,667,34.403,34.391,-0.0408,0.012,9.7836,-0.1717,-0.0728,0.2765
4700,817,668,34.419,34.433,-0.0652,-0.0524,9.7778,0.2261,-0.4531,-0.9747
4705,825,661,34.36,34.406,0.0236,0.036,9.7779,-0.0912,0.0551,0.3639
4710,841,650,34.356,34.459,-0.0479,-0.064,9.7599,-0.8462,-0.824,-0.1866
4715,848,651,34.284,34.468,0.0122,-0.0003,9.8482,0.0728,-0.1047,-0.0051
4720,867,650,34.368,34.351,-0.0218,0.1262,9.7753,0.3074,0.1258,-0.1789
4725,884,646,34.384,34.316,0.0574,-0.0847,9.791,0.9472,0.3247,-0.1577
4730,890,646,34.312,34.445,0.0596,0.0424,9.8222,0.8836,-0.144,-0.3285
4735,893,638,34.388,34.396,0.0067,0.0289,9.7502,-0.4503,-0.0142,-0.0782
4740,914,640,34.383,34.368,0.058,-0.0067,9.7702,-0.567,-0.3611,-0.8739
4745,923,638,34.333,34.341,-0.0958,-0.0787,9.8202,-0.4114,0.0277,0.7091
4750,935,640,34.374,34.42,-0.0464,-0.0576,9.89,-0.13,-0.208,0.0512
4755,941,641,34.325,34.416,0.0005,-0.0209,9.8322,-0.2434,-0.7257,-0.2301
4760,950,633,34.41,34.492,-0.0935,0.0346,9.7987,-1.2662,0.315,0.5624
4765,971,636,34.318,34.493,0.0608,-0.0361,9.6968,0.3397,-0.3835,-0.3895
4770,983,635,34.36,34.52,0.0077,0.0346,9.8696,-0.2412,0.0125,-0.8932
4775,1001,634,34.344,34.429,0.0675,0.0204,9.7753,-0.5553,-0.3307,-0.4748
4780,1005,636,34.35,34.409,-0.0331,-0.002,9.7067,-0.4833,-0.4008,0.8676
4785,1012,636,34.448,34.409,-0.003,0.037,9.8021,-0.2512,0.7039,-0.4008
4790,1022,640,34.371,34.482,-0.089,0.0026,9.7886,1.2701,0.2448,-0.1292
4795,1041,643,34.33,34.465,0.0954,0.0768,9.801,-0.3528,-0.3476,0.6458
4800,1054,647,34.385,34.362,-0.0567,-0.0816,9.8924,0.0302,-0.8237,1.0266
4805,1058,650,34.315,34.399,-0.036,0.1382,9.8182,0.5098,0.5492,-0.2686
4810,1068,653,34.429,34.482,-0.015,0.0203,9.8143,0.1768,0.3926,0.1428
4815,1078,661,34.406,34.414,-0.0132,0.0034,9.8202,-0.8459,-0.3537,0.0955
4820,1088,666,34.372,34.376,-0.0537,0.0322,9.8671,-0.0872,0.3667,0.538
4825,1096,670,34.4,34.491,-0.041,-0.0026,9.8441,1.1592,0.6966,-0.0197
4830,1111,671,34.371,34.342,-0.0161,-0.0077,9.8489,-0.0947,0.4344,0.298
4835,1116,678,34.344,34.487,-0.0329,-0.011,9.8601,-0.0906,-0.447,0.1095
4840,1131,681,34.362,34.432,-0.0001,0.0483,9.8168,-0.2383,0.64,0.2443
4845,1131,694,34.415,34.466,0.0542,0.0079,9.7833,0.3213,0.1294,0.116
4850,1138,693,34.388,34.408,0.1149,0.0259,9.8851,0.1388,-0.2534,-0.4074
4855,1139,704,34.253,34.376,-0.0168,-0.0232,9.8245,-0.1194,-0.012,-0.132
4860,1155,717,34.391,34.357,0.0189,0.0762,9.8238,-0.5312,0.7292,-0.0829
4865,1157,716,34.427,34.526,-0.0635,0.0094,9.8721,-0.4682,0.7021,0.4272
4870,1167,719,34.221,34.393,0.0266,0.0053,9.785,0.0474,-0.8695,0.5345
4875,1163,730,34.383,34.513,-0.0733,-0.0678,9.8003,0.0443,0.2484,-0.3903
4880,1173,744,34.403,34.461,0.0107,-0.021,9.8455,1.147,0.1266,-0.2555
4885,1180,754,34.335,34.501,0.0926,-0.0704,9.83,-0.0056,-1.156,0.4484
4890,1185,758,34.31,34.464,-0.0403,-0.0203,9.7599,0.1853,0.1023,-0.2699
4895,1179,766,34.385,34.479,-0.0125,-0.0449,9.8262,-0.2956,0.1374,-0.477
4900,1190,773,34.443,34.432,0.0399,0.0471,9.796,-0.9554,0.6708,0.2997
4905,1185,783,34.398,34.323,-0.0162,0.008,9.7833,0.6564,-0.7349,0.3066
4910,1182,787,34.419,34.375,0.0011,0.0888,9.846,0.0752,-0.5967,-0.021
4915,1188,794,34.397,34.473,-0.0394,0.0243,9.9137,-0.3586,-0.7538,0.7037
4920,1185,806,34.374,34.39,0.0086,-0.0486,9.8456,0.299,0.5413,-0.1381
4925,1191,814,34.461,34.472,-0.0185,-0.0085,9.7976,-0.4243,1.255,0.6554
4930,1184,815,34.476,34.401,0.0701,0.0271,9.783,-0.8538,0.0117,0.8317
4935,1185,823,34.293,34.38,-0.0542,-0.0537,9.8906,0.4366,0.1617,-0.9444
4940,1188,834,34.368,34.522,-0.0128,0.052,9.8343,0.634,0.3096,-0.3816
4945,1180,843,34.347,34.423,-0.0513,-0.0417,9.8746,-0.3339,-0.409,-0.9446
4950,1178,850,34.331,34.392,0.0436,-0.0839,9.7992,-0.3201,-0.0806,0.1204
4955,1178,853,34.384,34.461,-0.0108,0.0296,9.8147,0.7816,-0.9105,-0.492
4960,1166,858,34.423,34.415,0.0565,-0.1055,9.829,-0.5676,0.5337,-0.7046
4965,1178,869,34.476,34.346,-0.0602,-0.009,9.8441,-1.0776,-0.2929,-0.5567
4970,1176,874,34.371,34.415,0.0179,-0.0411,9.8406,0.1024,-0.7527,0.1984
4975,1171,878,34.409,34.458,0.0356,0.0093,9.8115,-0.1344,0.1165,0.2889
4980,1166,878,34.452,34.439,0.0035,-0.062,9.8143,-0.5128,-0.1874,0.068
4985,1162,893,34.297,34.444,-0.0084,-0.0242,9.7584,1.0934,-0.1801,-0.3555
4990,1161,892,34.461,34.339,0.071,0.0353,9.74,1.1894,-0.3497,-0.4684
4995,1157,897,34.345,34.492,-0.0391,-0.0057,9.7452,-0.6787,0.0095,-0.2684
5000,1144,904,34.408,34.43,-0.0063,0.0201,9.8083,-0.076,-0.0516,-0.2827
5005,1152,902,34.413,34.362,-0.0432,-0.0831,9.743,-0.2121,-0.5018,-0.5646
5010,1156,908,34.411,34.521,0.0606,0.0329,9.7987,-0.0155,0.3596,-0.5272
5015,1144,909,34.316,34.417,-0.0166,0.0284,9.7903,-0.2628,0.6398,0.6054
5020,1139,914,34.316,34.454,-0.0031,-0.0023,9.8001,-0.6958,0.5145,0.0198
5025,1136,912,34.418,34.435,-0.0083,-0.0356,9.8233,-1.0143,-0.1387,0.5825
5030,1133,919,34.403,34.4,0.0787,-0.0259,9.8097,-0.7312,-0.4083,0.3924
5035,1123,920,34.475,34.328,0.0376,-0.0162,9.8216,0.27,-0.0007,0.6112
5040,1123,920,34.294,34.375,0.0447,0.0669,9.8862,0.0923,-0.107,0.7985
5045,1127,922,34.368,34.449,-0.0403,-0.0074,9.7926,-0.2089,-0.0667,0.4967
5050,1127,919,34.452,34.377,-0.0406,0.0133,9.8251,0.5187,-1.4071,0.4524
5055,1118,919,34.372,34.454,-0.046,-0.0937,9.9164,-0.7161,0.0732,-0.1789
5060,1113,926,34.445,34.499,-0.0862,-0.0058,9.8683,0.7036,-0.4663,-0.0482
5065,1115,926,34.361,34.458,-0.0714,0.0076,9.8489,0.8715,0.7236,-0.217
5070,1111,918,34.295,34.393,0.0402,-0.0339,9.7612,-0.7316,-0.0067,0.9607
5075,1110,924,34.408,34.436,-0.0359,0.0217,9.831,-1.3191,0.507,0.6015
5080,1104,919,34.395,34.404,0.0315,0.0164,9.9043,-0.0874,-0.2745,-0.1841
5085,1105,922,34.348,34.539,0.0416,0.1289,9.7891,0.2994,0.4391,-0.5054
5090,1106,914,34.439,34.385,0.0015,0.0024,9.9019,-0.0341,-1.1831,-1.1082
5095,1095,922,34.325,34.559,0.0592,0.0491,9.8353,-0.6213,-0.5189,-0.3597
5100,1104,917,34.343,34.521,0.0573,-0.0142,9.7698,0.0452,0.2725,0.2147
5105,1093,918,34.395,34.47,0.0428,-0.098,9.8641,0.9207,0.5829,0.0522
5110,1095,908,34.389,34.418,0.0325,0.072,9.7636,0.6197,0.6628,0.0182
5115,1094,908,34.414,34.445,-0.0227,0.0325,9.8225,-0.3516,0.4915,-0.1075
5120,1097,910,34.321,34.439,0.0229,-0.0245,9.793,0.6673,-0.5467,-0.4433
5125,1087,908,34.345,34.43,-0.0243,-0.0332,9.7976,-0.1607,0.8059,0.0175
5130,1084,903,34.439,34.388,-0.0309,-0.0357,9.7633,0.4268,0.4401,0.175
5135,1077,902,34.433,34.425,0.0184,0.0115,9.8342,0.4344,0.1957,-0.0827
5140,1082,903,34.361,34.458,0.0228,0.0566,9.7996,0.0519,-0.5437,-0.0895
5145,1079,895,34.39,34.408,0.0096,0.1252,9.8293,-0.1607,0.757,0.3276
5150,1071,891,34.371,34.455,-0.0787,0.0915,9.7519,0.5091,-0.527,0.0303
5155,1075,890,34.338,34.494,0.0276,0.0496,9.7839,0.3721,-0.3947,-0.4425
5160,1073,894,34.424,34.341,-0.0088,0.0773,9.7695,-0.3623,-0.0418,0.2441
5165,1065,887,34.421,34.466,-0.0024,0.0252,9.8532,0.7227,-0.4306,-0.5967
5170,1061,892,34.452,34.42,-0.1402,-0.0415,9.8249,-0.6934,-0.1932,-0.8229
5175,1068,889,34.41,34.472,-0.0594,0.0433,9.7571,1.0306,0.3882,0.0065
5180,1058,879,34.436,34.452,-0.0653,0.0115,9.837,-0.0363,-0.3046,0.1822
5185,1060,880,34.314,34.456,0.0565,-0.0982,9.8909,0.9312,-0.0592,-0.5783
5190,1051,875,34.455,34.428,-0.0683,0.002,9.8234,0.0597,-1.1779,-0.4319
5195,1039,876,34.388,34.438,-0.0207,0.0213,9.8177,0.4307,0.194,0.4561
5200,1038,881,34.328,34.422,-0.0564,-0.0119,9.8555,-0.6168,-0.4223,0.25
5205,1028,874,34.345,34.407,-0.0459,-0.0039,9.8656,-0.3567,0.616,0.1348
5210,1029,868,34.412,34.402,-0.0395,0.0208,9.8152,-0.4834,-0.3513,0.2346
5215,1021,871,34.281,34.476,0.0101,0.0504,9.7612,0.8399,0.6818,-0.3403
5220,1013,871,34.363,34.402,-0.0597,0.071,9.7889,0.847,0.097,0.9599
5225,1018,862,34.334,34.431,0.0103,0.0016,9.8719,-0.6062,-0.7776,0.0698
5230,1003,866,34.262,34.428,-0.0318,0.0286,9.8515,0.0555,0.0389,0.3928
5235,993,862,34.361,34.426,0.053,-0.0151,9.8662,-0.139,0.0455,-0.4375
5240,990,865,34.469,34.382,0.0609,-0.0395,9.7643,0.6821,-0.0449,0.0135
5245,984,860,34.415,34.45,0.0244,-0.013,9.7507,0.3434,-0.6157,-0.1946
5250,968,861,34.358,34.474,0.0435,0.069,9.763,0.3183,-0.5735,-0.349
5255,968,863,34.328,34.393,0.0111,0.0671,9.7175,-0.6127,0.1812,0.051
5260,957,860,34.35,34.398,0.0069,-0.0313,9.7585,-0.6764,-0.6703,-0.1065
5265,953,858,34.374,34.384,-0.0402,-0.0693,9.7565,0.1833,0.4074,-0.4557
5270,942,854,34.391,34.384,0.0153,0.0108,9.7562,0.1149,-0.2046,1.2227
5275,940,855,34.38,34.455,0.0064,-0.0675,9.7991,-0.4484,-0.1328,-0.562
5280,933,854,34.45,34.419,0.0046,0.0067,9.8525,0.2385,0.426,0.1505
5285,904,852,34.317,34.469,-0.0484,-0.0262,9.8235,0.3438,0.3274,-0.6396
5290,908,846,34.354,34.479,-0.015,0.0749,9.8947,-0.1496,0.1722,0.8627
5295,898,844,34.407,34.448,0.0002,-0.0617,9.8807,-0.1128,-0.1761,-0.2702
5300,885,845,34.415,34.429,0.0543,-0.1035,9.8016,-0.5689,0.326,0.0144
5305,886,847,34.477,34.439,0.0281,0.0222,9.8852,0.4813,0.3095,-0.2648
5310,875,837,34.398,34.478,-0.0502,-0.0176,9.7493,-0.1067,-0.516,-0.1688
5315,856,838,34.432,34.456,0.0721,-0.0566,9.8339,0.4303,0.4718,0.0449
5320,860,838,34.294,34.47,-0.0379,-0.045,9.7856,0.3361,0.3628,-0.2605
5325,851,832,34.375,34.427,0.0323,-0.0251,9.8629,-0.0852,0.8126,-0.033
5330,840,828,34.408,34.448,-0.041,-0.0492,9.8164,-0.0457,-0.6583,0.4669
5335,829,827,34.371,34.497,-0.0484,0.0252,9.7221,-0.7889,-0.1177,-0.3946
5340,818,826,34.34,34.464,-0.0022,-0.07,9.7432,-0.1732,-0.1376,-0.084
5345,815,816,34.369,34.422,0.0424,-0.0644,9.8628,-0.0765,-0.2031,0.3427
5350,812,820,34.367,34.443,-0.0789,-0.1136,9.8812,-0.5521,-0.3821,0.1717
5355,792,818,34.392,34.438,0.0391,0.0262,9.8272,-0.5526,0.3802,0.4957
5360,783,811,34.395,34.496,0.0522,0.101,9.7952,-0.3245,-0.1766,-0.1177
5365,787,808,34.435,34.442,0.1189,0.0173,9.7909,-0.0622,-0.307,0.0864
5370,788,803,34.334,34.445,0.0552,0.069,9.7545,-0.2249,-0.4757,-0.4908
5375,771,795,34.336,34.505,-0.0005,0.079,9.7748,-0.3508,-0.3372,0.8193
5380,764,792,34.366,34.39,0.0811,-0.0066,9.7764,-0.3027,-0.5799,-0.7477
5385,760,789,34.447,34.446,0.0919,0.0363,9.778,0.4161,-0.2763,-0.2075
5390,769,784,34.403,34.394,-0.0919,0.0218,9.8302,0.0425,0.6834,-0.5836
5395,760,778,34.43,34.435,-0.0241,0.0327,9.7833,-0.6376,0.684,0.6414
5400,764,773,34.45,34.424,0.004,-0.0391,9.8008,-0.5047,-0.1858,-0.0653
5405,748,766,34.399,34.455,-0.042,-0.0244,9.8059,1.0154,0.1385,-0.9019
5410,741,759,34.432,34.411,-0.0525,-0.0019,9.8466,0.1049,0.6358,0.1528
5415,751,758,34.371,34.423,0.0372,-0.0383,9.7313,-0.0076,-0.0514,-0.0848
5420,744,753,34.485,34.477,-0.001,0.0043,9.9053,0.9377,0.0886,0.8082
5425,755,747,34.478,34.501,-0.007,0.0001,9.8463,0.3537,-0.2318,1.0801
5430,747,734,34.326,34.52,0.0545,-0.0097,9.8501,0.3306,-1.1676,-0.3975
5435,749,733,34.308,34.459,0.0543,0.0572,9.8137,0.1496,0.3284,0.3383
5440,755,727,34.345,34.356,-0.04,-0.0528,9.8506,0.3646,-0.2193,-0.2411
5445,754,721,34.474,34.458,-0.0264,-0.1381,9.8478,0.0182,1.2174,-0.1505
5450,758,717,34.396,34.377,0.0182,0.0257,9.818,-0.2691,0.3142,-0.0416
5455,762,710,34.418,34.524,0.0414,-0.025,9.7306,-0.6704,-0.6152,0.6202
5460,766,704,34.393,34.42,-0.096,0.0342,9.8888,0.0756,1.2026,-0.5953
5465,776,696,34.408,34.545,-0.0037,-0.0133,9.8053,0.7502,-0.7261,0.0833
5470,786,693,34.412,34.442,-0.0055,0.0485,9.8852,0.4302,-0.3079,0.0796
5475,773,691,34.367,34.48,0.0126,0.0024,9.8698,0.31,-0.1858,-0.7954
5480,790,685,34.439,34.522,-0.0538,0.0505,9.8364,0.0904,-0.2141,-0.0303
5485,797,679,34.454,34.425,0.0345,-0.0278,9.7894,0.0089,0.4116,0.0835
5490,802,678,34.427,34.516,0.0323,-0.0105,9.7196,0.1161,1.0187,-0.5802
5495,813,666,34.466,34.306,0.0039,0.0206,9.7652,0.1118,-0.0165,-0.9992
5500,820,664,34.321,34.432,-0.059,-0.0377,9.7106,-0.0292,-0.7225,-1.0032
5505,830,663,34.447,34.588,0.013,-0.0372,9.7704,-1.7544,-0.1526,-0.0625
5510,843,659,34.446,34.464,0.0091,-0.0017,9.8138,-0.3551,0.3334,-0.4278
5515,860,645,34.403,34.474,0.0548,0.0428,9.835,-1.1306,0.4827,-0.5291
5520,872,647,34.431,34.381,-0.1083,-0.049,9.7919,-0.6557,0.1513,0.1195
5525,877,647,34.442,34.418,-0.0657,-0.0439,9.7491,0.1049,-0.589,0.0311
5530,883,645,34.42,34.44,-0.0169,0.0932,9.7593,0.1853,0.653,0.7855
5535,894,646,34.378,34.539,0.0411,-0.0346,9.8197,-0.729,0.2634,0.1847
5540,907,637,34.376,34.377,-0.0131,0.0512,9.8201,0.4258,-0.3042,0.9415
5545,921,639,34.308,34.432,-0.0313,-0.0375,9.7813,0.0699,-0.2927,0.595
5550,941,637,34.448,34.347,-0.0243,-0.0172,9.8541,-0.4798,0.6429,-0.362
5555,946,641,34.395,34.375,-0.0532,0.046,9.8667,1.0838,0.8986,-0.2206
5560,962,636,34.459,34.442,0.0193,-0.012,9.8057,-0.5625,0.6176,-0.3286
5565,976,638,34.383,34.426,-0.0273,-0.0618,9.8929,0.1901,-0.8069,0.1398
5570,976,635,34.42,34.429,0.0915,-0.0531,9.8747,0.6128,0.07,-0.2033
5575,994,636,34.421,34.43,-0.0274,-0.0479,9.8526,0.6794,0.9705,-0.3046
5580,1013,638,34.382,34.48,0.0614,-0.0481,9.8073,-0.5163,-1.0606,0.438
5585,1018,634,34.311,34.401,-0.0169,0.0225,9.7799,0.305,-0.0791,1.0183
5590,1019,644,34.39,34.521,-0.0217,0.0489,9.8294,0.4083,0.2809,0.1958
5595,1034,646,34.387,34.524,-0.0147,-0.0472,9.9207,-0.5641,0.281,0.3708
5600,1046,649,34.422,34.412,-0.0767,0.0168,9.8663,-0.1431,-0.149,-0.0813
5605,1068,653,34.403,34.422,0.0641,-0.0134,9.8275,0.5195,0.0915,-1.1442
5610,1071,657,34.399,34.429,0.0877,-0.0985,9.8839,-0.4086,-0.1118,-0.4699
5615,1082,659,34.405,34.608,0.0273,0.0645,9.8517,0.0107,-0.8069,0.2173
5620,1089,659,34.346,34.414,-0.0426,-0.0559,9.7949,-0.4649,0.1775,-0.0524
5625,1104,663,34.318,34.449,-0.1033,-0.0537,9.8759,-0.5673,-0.7651,0.4822
5630,1117,681,34.417,34.493,0.0054,0.0107,9.8631,-0.0127,0.3139,0.1186
5635,1117,681,34.403,34.424,0.0328,-0.0374,9.7671,-0.3148,0.2602,0.3182
5640,1125,690,34.333,34.404,-0.006,0.0373,9.7801,0.387,0.3248,0.0831
5645,1132,691,34.39,34.426,0.0352,0.0795,9.7998,-0.0122,-0.6708,-0.1721
5650,1140,697,34.439,34.401,-0.0178,0.0519,9.7796,-0.3379,-1.0368,0.7718
5655,1155,705,34.455,34.367,-0.0222,0.0194,9.8937,0.7786,-0.351,0.2131
5660,1156,712,34.414,34.451,-0.0145,0.0539,9.7728,0.8565,-0.1227,0.3334
5665,1157,715,34.427,34.396,-0.0836,-0.0135,9.8404,0.1533,0.3574,0.1212
5670,1166,730,34.321,34.416,-0.0611,-0.0088,9.8421,-0.9299,1.083,0.8241
5675,1170,743,34.335,34.401,-0.0137,-0.1066,9.7919,0.0734,0.1358,0.1579
5680,1173,740,34.363,34.438,-0.0009,-0.0639,9.886,-0.9599,0.4126,0.6506
5685,1183,747,34.422,34.41,0.0099,-0.0202,9.8085,-0.5735,-0.592,0.0942
5690,1183,750,34.369,34.465,-0.0353,-0.0635,9.8666,0.0984,-0.0407,0.6184
5695,1183,767,34.36,34.463,-0.0294,0.0184,9.7913,1.2051,0.4256,-0.0925
5700,1183,771,34.281,34.368,-0.0453,-0.055,9.7874,0.2088,-0.0211,0.1419
5705,1187,781,34.371,34.444,-0.0049,0.0076,9.7141,0.6292,0.5042,-0.4565
5710,1200,793,34.274,34.395,0.0206,-0.0258,9.799,0.4084,0.096,0.1243
5715,1188,801,34.422,34.433,-0.0616,0.0192,9.836,0.3611,0.5212,0.5458
5720,1184,805,34.313,34.427,-0.0136,-0.0385,9.8721,-0.5886,-0.7348,0.0589
5725,1195,813,34.272,34.386,0.0236,0.058,9.79,-0.9482,-0.4803,-0.0383
5730,1188,818,34.392,34.456,-0.022,0.087,9.7335,1.6107,-0.2379,0.5283
5735,1186,826,34.386,34.508,-0.0019,-0.1011,9.7639,0.2676,0.2805,-0.7266
5740,1188,835,34.438,34.392,-0.0334,0.0637,9.7428,-0.3504,-0.7983,-0.1313
5745,1194,841,34.326,34.52,-0.0482,0.075,9.8147,0.4458,0.2847,0.36
5750,1177,851,34.332,34.425,-0.0311,-0.038,9.8177,-0.9281,1.4208,0.3695
5755,1184,851,34.401,34.393,0.029,-0.016,9.8048,-0.8039,0.461,0.2367
5760,1176,866,34.406,34.398,0.0894,-0.005,9.8059,0.4472,-0.6683,-0.299
5765,1178,868,34.433,34.546,-0.0202,-0.0543,9.7566,0.2156,-0.5216,0.0479
5770,1179,871,34.417,34.461,0.0003,-0.1133,9.8877,-0.6448,0.9243,0.3602
5775,1173,877,34.46,34.469,-0.0277,-0.0441,9.8427,0.2745,-0.0199,-0.5098
5780,1170,884,34.427,34.422,-0.0524,-0.0105,9.805,-0.9198,0.6568,-0.117
5785,1167,888,34.312,34.534,-0.0061,-0.0674,9.8224,0.0889,-0.6326,-0.1327
5790,1156,891,34.32,34.405,-0.0401,-0.0321,9.7621,0.8076,-0.5193,-0.0724
5795,1151,901,34.316,34.442,-0.0208,-0.0393,9.8262,-0.2857,-0.5895,1.1207
5800,1143,908,34.37,34.427,-0.0415,-0.0267,9.8317,-0.7719,-0.1427,-0.4044
5805,1145,897,34.311,34.393,0.0147,-0.0342,9.76,0.6477,0.6683,-0.3768
5810,1143,900,34.445,34.44,-0.0509,-0.0788,9.7219,0.068,0.2794,-0.2396
5815,1145,912,34.32,34.367,0.0428,-0.024,9.7267,-0.1386,-0.1094,0.3582
5820,1132,914,34.365,34.419,0.0663,-0.0156,9.8539,-0.5777,-0.1448,-0.5497
5825,1140,917,34.446,34.414,-0.019,0.0074,9.8135,-0.088,-0.1333,0.1531
5830,1142,916,34.382,34.368,0.0017,0.0186,9.8462,-0.327,0.8706,-0.0399
5835,1132,921,34.341,34.447,0.0159,0.0855,9.858,-0.3604,0.6461,0.0438
5840,1138,919,34.385,34.448,-0.075,-0.0562,9.85,-0.2221,0.5883,-0.0679
5845,1120,922,34.383,34.483,-0.0165,-0.0665,9.8315,-0.4949,-0.1599,-0.3104
5850,1121,922,34.381,34.434,-0.0342,0.0106,9.8791,0.4214,-0.352,-0.4319
5855,1118,922,34.287,34.401,0.0853,0.0176,9.9024,-0.1942,0.07,-0.4751
5860,1128,921,34.396,34.45,-0.0042,-0.057,9.7602,-0.3416,-0.276,-1.2807
5865,1114,921,34.392,34.398,-0.0773,0.0092,9.7381,0.0798,-0.0373,-0.2063
5870,1108,919,34.418,34.349,0.0279,0.0368,9.863,1.2179,0.1595,-0.1984
5875,1106,922,34.507,34.459,0.0113,-0.0599,9.9112,0.2184,-0.5802,0.3769
5880,1100,922,34.375,34.366,-0.0629,-0.0706,9.8249,0.9942,0.497,0.4711
5885,1107,919,34.366,34.491,0.0182,-0.07,9.844,0.0141,0.7946,0.3631
5890,1100,914,34.322,34.478,-0.0102,0.0381,9.8229,-0.4407,-0.1124,-0.2197
5895,1094,916,34.557,34.433,-0.0534,-0.0907,9.812,0.0626,0.3783,0.7992
5900,1100,919,34.445,34.392,0.0405,-0.0345,9.7859,0.8707,0.3786,0.6364
5905,1094,912,34.383,34.38,0.0273,-0.0347,9.8055,-0.4331,0.4383,0.2953
5910,1097,916,34.32,34.356,0.0276,0.0373,9.8509,0.2092,0.406,0.1983
5915,1094,907,34.39,34.44,0.0263,-0.0111,9.8631,0.4212,-1.155,0.7543
5920,1084,907,34.352,34.429,0.0311,0.1099,9.7971,-0.2449,-0.8538,0.1979
5925,1082,908,34.364,34.488,-0.0125,-0.0816,9.8108,1.0734,0.3256,-0.6486
5930,1075,901,34.448,34.462,0.0404,0.0035,9.7056,0.2401,0.4426,0.0804
5935,1085,900,34.364,34.549,0.0284,0.0049,9.8112,-0.3701,0.1837,-0.8353
5940,1070,902,34.355,34.56,0.0418,0.0776,9.8508,0.1045,-0.8953,0.2953
5945,1082,899,34.402,34.46,0.1732,-0.0619,9.8242,-0.3894,0.7073,-0.0263
5950,1081,900,34.344,34.336,0.0663,0.0612,9.7993,-0.8585,-0.9232,-0.3782
5955,1066,898,34.333,34.44,-0.0563,-0.0434,9.7823,-0.3853,-0.4948,0.6603
5960,1067,895,34.322,34.403,0.0077,0.031,9.8094,-0.3955,-0.4895,0.2692
5965,1066,892,34.31,34.517,0.0136,-0.035,9.8656,0.6838,0.672,0.5659
5970,1056,890,34.379,34.414,0.0775,-0.0506,9.852,-0.61,0.2698,-0.6452
5975,1059,888,34.295,34.4,-0.0802,-0.0302,9.718,0.5198,0.5076,-0.4756
5980,1059,882,34.392,34.401,-0.0226,0.0486,9.8347,-0.2553,0.2821,-0.0902
5985,1042,881,34.437,34.445,-0.0169,-0.0161,9.8169,0.0192,-0.5052,0.0471
5990,1052,881,34.393,34.393,-0.0319,-0.0306,9.7824,0.225,0.9229,0.3533
5995,1043,874,34.34,34.569,-0.0434,0.0568,9.7689,-0.0591,-0.0349,-0.37
6000,1031,878,34.315,34.434,-0.0122,0.0487,9.7963,-0.2026,-0.2636,-0.4153
6005,1032,877,34.558,34.464,0.0088,0.0393,9.7398,0.9803,0.1759,-0.5033
6010,1029,877,34.416,34.458,-0.0121,0.07,9.7485,-0.3732,0.5589,0.575
6015,1016,874,34.385,34.423,-0.029,-0.0764,9.8183,-0.3668,0.3425,0.3977
6020,1018,865,34.423,34.445,0.0275,0.0004,9.7303,-0.0162,-0.3508,-0.6498
6025,1005,868,34.395,34.459,-0.0567,0.0246,9.7682,0.1899,0.5485,0.2111
6030,999,866,34.318,34.388,-0.0932,-0.0143,9.8387,-0.0389,-0.8346,-0.5185
6035,991,865,34.471,34.434,0.0705,-0.0342,9.8922,0.3456,0.0052,0.6745
6040,998,862,34.35,34.431,0.0915,0.0701,9.825,-0.3053,1.0609,-0.1107
6045,989,863,34.39,34.459,0.1662,0.0329,9.7774,0.199,-0.2432,-0.2154
6050,970,856,34.348,34.476,-0.0223,0.0285,9.8506,-0.3494,-0.4491,-0.39
6055,975,856,34.483,34.478,0.0569,0.0333,9.8148,0.0879,-0.2534,0.4822
6060,961,856,34.441,34.475,0.0667,-0.0235,9.7587,-0.2225,-0.6201,0.2117
6065,954,855,34.335,34.465,0.0227,0.0305,9.758,-0.1494,-0.4009,0.2052
6070,947,855,34.379,34.447,0.0572,0.0618,9.8888,0.0289,-0.3647,-0.6097
6075,929,853,34.325,34.5,-0.0918,0.0312,9.7791,-0.3167,0.4754,-0.2384
6080,920,853,34.367,34.413,-0.0501,0.0824,9.8165,-0.5932,-0.1981,0.088
6085,924,851,34.347,34.377,-0.0669,-0.0628,9.8443,-0.2519,0.5802,-0.4599
6090,909,847,34.42,34.487,0.0504,-0.096,9.8307,0.0898,-0.0421,-0.2429
6095,897,847,34.405,34.498,-0.0072,0.0659,9.7315,-0.3967,-0.6183,0.1314
6100,887,847,34.402,34.46,0.0623,0.0276,9.873,0.1737,0.6146,-0.4123
6105,889,844,34.409,34.484,0.0518,-0.1841,9.8534,-0.0175,-0.0163,0.8574
6110,872,838,34.377,34.418,0.0216,0.0415,9.8816,-0.0454,-0.3294,-0.1875
6115,864,838,34.368,34.413,0.0699,0.0571,9.7707,0.3064,-0.7079,0.4319
6120,855,839,34.306,34.462,0.0294,-0.0423,9.8659,0.3156,0.2682,-1.1695
6125,849,829,34.356,34.5,-0.0582,-0.0202,9.7783,0.2328,-0.3099,0.0301
6130,840,828,34.414,34.469,0.0524,-0.0004,9.8529,0.77,0.2642,1.0278
6135,824,827,34.339,34.454,-0.0744,0.0311,9.8021,0.2781,-0.7874,-1.2362
6140,823,821,34.346,34.371,-0.0319,-0.0419,9.8077,-0.0436,-0.5404,0.2737
6145,822,821,34.493,34.414,-0.1002,0.0269,9.8608,0.6732,-0.879,-0.0712
6150,806,816,34.423,34.448,-0.0449,-0.0318,9.8449,0.2741,0.1455,-0.6774
6155,800,818,34.417,34.385,0.0236,0.0399,9.8365,0.899,-0.1433,-0.2297
6160,804,811,34.331,34.47,-0.0439,-0.0319,9.8277,0.2242,-0.3397,-0.5886
6165,792,806,34.352,34.413,0.0488,0.0684,9.825,-0.5966,-0.8499,-0.3155
6170,784,802,34.439,34.458,0.0055,0.0417,9.8272,-0.0752,-0.6272,-0.1281
6175,776,797,34.368,34.426,0.0483,0.0099,9.7705,-0.4243,0.2904,0.1572
6180,775,795,34.338,34.475,-0.0426,-0.0316,9.7438,-0.0148,0.2141,-0.6219
6185,763,793,34.46,34.424,0.0194,0.0285,9.8535,-0.2927,0.0642,-0.1412
6190,753,787,34.477,34.538,0.0481,-0.0843,9.8161,-1.0403,-0.1185,0.4289
6195,759,781,34.382,34.415,-0.0309,-0.0657,9.7018,0.8429,-0.4622,0.0002
6200,754,770,34.35,34.46,0.0087,0.0712,9.8562,-0.3431,-0.5426,-0.6827
6205,747,766,34.397,34.42,0.034,-0.0787,9.7705,-0.7081,0.5346,-0.3852
6210,741,766,34.401,34.38,-0.0389,-0.0736,9.9016,0.6943,-0.3584,1.2324
6215,754,758,34.363,34.412,-0.0097,-0.0313,9.8947,0.7149,0.526,0.0056
6220,748,747,34.404,34.343,-0.0142,0.016,9.7678,-0.2576,0.1097,-1.3039
6225,746,744,34.46,34.41,-0.0858,0.031,9.8729,0.3362,0.006,-0.6221
6230,748,738,34.408,34.551,-0.0111,0.0389,9.8097,-0.8231,0.5677,0.2155
6235,740,736,34.397,34.413,0.1372,-0.0541,9.8073,-0.4166,0.0025,-0.2872
6240,752,727,34.429,34.376,-0.0651,-0.0114,9.7117,-0.1734,-0.3065,-0.3999
6245,753,723,34.404,34.499,-0.0919,0.0142,9.8031,-0.1089,-0.4414,-0.7548
6250,765,711,34.29,34.412,-0.0296,-0.0971,9.7971,0.5557,-0.0727,0.8536
6255,761,712,34.406,34.431,-0.06,-0.0152,9.889,0.2208,-0.4159,-0.2286
6260,767,701,34.382,34.512,-0.0031,-0.0085,9.7159,0.2799,-0.7725,-0.6615
6265,767,706,34.385,34.485,0.0878,0.0438,9.7943,-0.6408,-0.0893,-0.0405
6270,770,688,34.363,34.495,-0.0106,-0.0041,9.7503,0.0229,-0.0305,0.3994
6275,787,689,34.316,34.499,-0.0041,-0.0378,9.8187,-0.4885,0.7604,-0.5059
6280,795,680,34.348,34.449,0.0371,-0.0973,9.7745,0.5487,-0.2004,-0.9647
6285,807,683,34.398,34.512,-0.1329,-0.0491,9.8568,0.397,0.6065,0.6609
6290,808,671,34.417,34.414,-0.0173,-0.0388,9.883,-0.5065,-0.2923,-0.3452
6295,815,665,34.314,34.455,-0.0601,-0.0469,9.8254,0.0431,-0.9012,0.0019
6300,830,664,34.397,34.389,-0.0606,-0.1113,9.8153,1.2959,0.7676,-0.3671
6305,847,657,34.337,34.402,0.0608,0.0642,9.8362,-0.2471,-0.0361,-0.169
6310,840,653,34.342,34.491,-0.0623,-0.0914,9.8578,-0.347,-0.4311,-0.8111
6315,847,644,34.384,34.417,-0.0296,-0.0686,9.8196,-0.4276,-0.1609,0.2121
6320,865,648,34.427,34.462,-0.0566,-0.0532,9.9162,0.5982,0.196,0.0869
6325,875,644,34.379,34.439,-0.016,-0.0561,9.8102,-0.0808,-0.1963,0.8953
6330,891,644,34.412,34.364,0.0501,0.0545,9.8151,0.4336,0.2687,-0.231
6335,894,645,34.478,34.497,-0.0575,-0.0899,9.8603,-0.3176,-0.4097,0.6547
6340,915,637,34.468,34.524,0.098,0.0427,9.7815,0.0734,-0.0755,0.2332
6345,923,635,34.384,34.426,-0.0196,0.1513,9.7436,-0.0577,-0.084,-0.0405
6350,939,635,34.443,34.364,0.1985,-0.0336,9.8248,0.2171,0.3263,0.1898
6355,952,636,34.384,34.506,-0.0437,0.0157,9.9021,-0.2653,-0.0166,0.2021
6360,963,624,34.346,34.422,0.0123,-0.064,9.8449,0.7044,-0.4917,-0.493
6365,979,628,34.348,34.436,-0.03,0.0753,9.8886,0.8117,0.8125,0.3156
6370,987,635,34.307,34.381,0.026,-0.1177,9.7304,-0.5517,0.1683,-0.0382
6375,994,641,34.374,34.439,0.0849,-0.0519,9.8419,-0.3148,-0.0047,0.1191
6380,1011,639,34.452,34.459,0.0162,0.0181,9.875,0.7516,-0.5469,0.1063
6385,1026,642,34.486,34.461,0.0022,0.0374,9.8042,-0.1957,0.075,0.4751
6390,1039,641,34.418,34.476,-0.0093,-0.1148,9.8469,-0.5007,-1.0219,0.5103
6395,1045,641,34.464,34.321,0.0531,0.035,9.9203,-0.2325,0.7302,-0.1377
6400,1057,645,34.387,34.444,-0.0642,-0.0506,9.9114,0.0528,0.4384,-0.0232
6405,1066,654,34.429,34.495,-0.0048,-0.0737,9.8316,-0.1961,-0.5837,-0.6296
6410,1080,652,34.38,34.477,0.0473,0.0665,9.8724,-0.2131,-0.3114,0.1684
6415,1085,661,34.367,34.383,-0.0744,0.0073,9.8171,-0.1069,-0.5403,-0.2735
6420,1094,658,34.377,34.409,0.0026,0.0465,9.8142,0.5856,1.6398,-0.4931
6425,1100,668,34.457,34.377,-0.0058,-0.0474,9.7877,-0.392,-0.0807,-0.7968
6430,1113,673,34.255,34.458,0.0036,-0.0058,9.821,-0.3197,-0.152,-0.1777
6435,1118,676,34.459,34.462,-0.0351,-0.0079,9.8612,0.1735,-0.464,-0.2898
6440,1129,684,34.324,34.384,-0.02,-0.0246,9.7865,0.4147,-0.1132,0.2301
6445,1138,694,34.39,34.344,-0.0569,0.0212,9.7043,1.5642,-0.3026,-0.3582
6450,1141,698,34.515,34.374,0.0592,-0.0012,9.8012,0.1083,0.2526,0.9774
6455,1150,706,34.348,34.404,-0.0248,0.0543,9.7625,-0.5768,-0.3595,-0.5121
6460,1154,713,34.4,34.468,-0.0698,-0.0796,9.8935,-0.3174,1.2649,0.0794
6465,1170,718,34.455,34.458,-0.079,0.0413,9.8572,0.5519,-0.2401,-0.2796
6470,1165,726,34.445,34.461,-0.004,0.0429,9.7389,0.0334,-0.4383,0.0243
6475,1179,736,34.409,34.366,-0.0084,-0.0183,9.8715,-0.2612,0.1725,0.0397
6480,1172,742,34.353,34.472,0.1342,-0.0341,9.8442,-0.9355,0.1896,-0.2307
6485,1177,750,34.413,34.327,0.0166,0.0064,9.7889,-0.0489,0.593,0.4992
6490,1183,758,34.397,34.378,0.1228,0.0189,9.8733,-0.496,-1.3254,0.5471
6495,1183,769,34.362,34.414,-0.0031,0.0255,9.8282,0.2715,0.4341,-0.9241
6500,1179,774,34.403,34.453,0.0309,-0.0094,9.8131,-0.2331,0.2491,0.3424
6505,1187,783,34.343,34.493,0.08,0.0131,9.8393,-0.2588,0.9551,-0.3733
6510,1193,791,34.364,34.417,-0.0071,0.006,9.7948,0.9198,0.3986,-0.3061
6515,1187,800,34.354,34.445,0.0023,-0.0212,9.8416,-0.3317,0.3996,-0.4894
6520,1184,809,34.388,34.46,0.031,0.0091,9.7577,-0.4573,0.4262,-0.1474
6525,1192,817,34.318,34.504,0.0211,0.0052,9.8916,-0.2018,0.2408,0.3699
6530,1187,819,34.36,34.431,-0.0469,-0.0213,9.7792,0.2213,-0.0861,-0.0747
6535,1189,827,34.387,34.421,0.0163,0.0238,9.822,-0.7683,-0.6224,-0.4386
6540,1182,842,34.451,34.377,-0.0103,0.0141,9.7297,0.1221,0.3021,0.4706
6545,1185,842,34.424,34.406,-0.0092,0.0408,9.7536,0.6128,-0.3556,-0.0136
6550,1189,852,34.405,34.29,0.0039,-0.0002,9.8013,-0.3734,-0.2223,-0.3161
6555,1189,856,34.421,34.519,-0.0199,0.0858,9.8197,-0.9975,-0.1653,-0.0276
6560,1180,861,34.446,34.487,0.0251,0.0659,9.8602,-0.1605,-0.6953,-0.3192
6565,1180,867,34.491,34.381,0.0105,0.0367,9.7854,0.6954,0.3057,-0.3608
6570,1176,872,34.376,34.473,0.0471,-0.0383,9.9023,-0.1528,-0.0558,0.3093
6575,1165,881,34.424,34.451,0.0452,0.0383,9.8398,0.2699,-0.2594,0.1072
6580,1164,884,34.38,34.484,0.0259,0.0085,9.7713,-0.3039,-0.0427,-0.0101
6585,1165,888,34.441,34.482,0.0347,0.0102,9.7917,-0.1678,-0.5515,1.3331
6590,1158,895,34.366,34.511,-0.0672,-0.0068,9.8412,-0.4401,0.2551,0.6503
6595,1146,903,34.323,34.454,-0.0271,0.0198,9.8686,-0.7453,0.3125,-0.0361
6600,1147,905,34.384,34.462,0.0586,0.0063,9.8012,-0.5496,-1.0622,-0.8802
6605,1145,908,34.444,34.462,0.0145,0.0248,9.7938,-1.2785,-0.5937,0.4616
6610,1147,906,34.43,34.457,0.0314,0.0655,9.7815,-0.2436,-0.185,-0.2539
6615,1146,913,34.346,34.372,-0.0252,0.0458,9.7239,0.4193,0.0857,0.677
6620,1135,913,34.421,34.43,-0.0348,0.0513,9.7718,0.5121,-0.4283,-0.5932
6625,1136,917,34.41,34.372,0.0261,0.0617,9.83,-0.627,-0.1937,-0.0785
6630,1133,922,34.46,34.473,-0.1106,0.0505,9.7479,0.1886,1.1106,-0.3085
6635,1132,924,34.413,34.522,-0.0332,-0.0485,9.841,0.5803,0.0039,0.0745
6640,1132,924,34.351,34.434,0.0256,0.0967,9.7994,0.3023,-0.1292,-0.195
6645,1129,922,34.446,34.377,-0.0355,-0.0157,9.7533,-0.3634,0.9903,0.9071
6650,1112,924,34.366,34.414,0.0569,-0.0021,9.7677,0.4334,0.1009,-0.3927
6655,1114,925,34.364,34.575,-0.048,-0.0858,9.7768,-1.2249,0.0346,1.1752
6660,1114,930,34.433,34.314,0.0347,-0.0283,9.7545,-0.3617,-0.5393,0.1507
6665,1119,922,34.34,34.48,0.0609,0.0531,9.8159,-0.2004,-0.5194,0.9045
6670,1106,924,34.378,34.572,-0.0686,0.0918,9.7405,-0.273,0.7244,0.3574
6675,1105,929,34.403,34.522,-0.0414,-0.0101,9.8036,0.3163,-0.5353,-0.6622
6680,1117,918,34.436,34.506,-0.0573,0.0193,9.8481,-0.1027,0.6909,0.0167
6685,1103,912,34.413,34.357,0.0264,-0.0395,9.8525,-0.2662,-0.4729,0.5926
6690,1097,915,34.386,34.399,0.0119,-0.0123,9.7803,0.4589,-0.0866,-1.1558
6695,1101,923,34.412,34.445,0.0065,-0.0078,9.8185,-0.1115,0.1861,-0.1286
6700,1100,917,34.384,34.468,-0.0211,-0.0383,9.8247,0.7248,0.4208,-0.2433
6705,1095,914,34.365,34.488,-0.0602,0.0962,9.9065,0.0844,0.8102,-0.5517
6710,1087,912,34.434,34.449,-0.0583,0.0319,9.7458,-0.5126,0.324,0.2431
6715,1083,911,34.391,34.444,-0.0342,-0.0548,9.7254,-1.0224,0.3403,-1.1574
6720,1087,908,34.402,34.424,-0.0054,0.0032,9.8066,-0.3411,0.1887,0.5667
6725,1079,903,34.374,34.49,0.0385,-0.0704,9.8791,-0.106,-0.1441,0.0506
6730,1087,906,34.425,34.426,-0.0094,-0.0033,9.8493,0.173,0.0368,-0.2409
6735,1075,900,34.406,34.464,0.0276,0.0062,9.8197,-0.3996,0.3838,0.2706
6740,1074,898,34.448,34.36,-0.1007,0.0314,9.8605,-0.3356,-0.0518,0.4504
6745,1063,891,34.388,34.44,0.0256,0.0374,9.8593,0.5584,0.4625,0.4585
6750,1075,901,34.299,34.407,-0.0852,0.0219,9.7753,0.0912,-0.6646,-0.251
6755,1069,891,34.425,34.509,0.0349,0.1168,9.7647,1.1202,0.0996,-0.105
6760,1069,887,34.359,34.445,0.019,0.0788,9.805,-0.2344,-0.007,0.2973
6765,1071,884,34.447,34.477,-0.0233,-0.0023,9.8136,-0.1486,0.0887,0.4157
6770,1074,888,34.384,34.405,-0.0535,-0.0488,9.8361,0.3372,0.3228,-1.0215
6775,1063,885,34.319,34.454,0.0443,0.0891,9.8153,-0.2998,-0.3395,-0.1484
6780,1051,887,34.37,34.413,-0.0318,0.062,9.8244,1.1396,0.6976,0.4667
6785,1048,878,34.419,34.486,0.01,-0.0019,9.7945,-0.9193,-0.3302,0.748
6790,1048,877,34.385,34.501,-0.0265,0.0122,9.816,-0.4365,0.0261,-0.0057
6795,1048,879,34.385,34.542,0.0618,0.0565,9.7389,0.4402,0.3777,0.4235
6800,1033,873,34.382,34.477,0.0214,0.1178,9.8016,-0.8108,-0.21,-0.6622
6805,1036,872,34.381,34.45,-0.055,0.0045,9.8701,-0.3503,0.231,0.0802
6810,1017,869,34.438,34.485,-0.0321,-0.1381,9.8141,-0.3573,0.1387,0.5354
6815,1020,870,34.4,34.452,0.033,-0.0565,9.7498,0.6442,0.1105,-0.1534
6820,1009,871,34.373,34.476,-0.0419,-0.0742,9.8602,-0.3327,0.1281,0.7002
6825,1005,868,34.425,34.479,-0.0171,0.0496,9.7006,-0.8483,0.4021,-0.0494
6830,999,860,34.421,34.498,0.0888,-0.0203,9.8179,-0.421,0.2186,-0.3289
6835,995,864,34.326,34.545,0.0504,0.0302,9.7543,0.7206,-0.3784,0.3564
6840,990,862,34.482,34.405,-0.0781,-0.0006,9.7731,0.7239,-0.4446,-0.8547
6845,985,860,34.318,34.435,-0.0055,0.0236,9.8096,0.1335,-0.4799,-0.0824
6850,971,862,34.295,34.467,0.0411,0.0018,9.7699,-0.4378,0.7649,0.0002
6855,983,863,34.353,34.414,0.0069,0.0248,9.805,-0.3301,-0.1601,-0.1913
6860,951,853,34.366,34.428,0.1351,0.0596,9.8281,-0.5479,-0.0972,-0.5697
6865,949,858,34.31,34.503,0.082,0.0428,9.7989,0.1023,0.638,-0.1566
6870,946,856,34.381,34.432,-0.0029,0.0157,9.7894,0.2042,0.4062,-0.765
6875,944,854,34.353,34.477,0.0513,0.0065,9.7713,-0.293,-0.2419,-0.6499
6880,922,852,34.428,34.444,0.0113,0.0135,9.8432,0.4767,0.3904,-0.8913
6885,917,852,34.48,34.463,-0.0634,-0.0468,9.7575,0.561,-1.447,-0.1894
6890,912,851,34.438,34.466,0.0451,-0.0071,9.8291,-0.0644,0.0149,0.5608
6895,891,844,34.333,34.426,0.0251,0.0393,9.86,-0.7749,-0.4444,0.1308
6900,889,844,34.342,34.471,-0.0095,-0.0222,9.8193,-0.1903,0.1072,-0.7957
6905,876,841,34.49,34.451,-0.0367,0.0604,9.7824,0.2605,-0.3216,-0.522
6910,875,841,34.444,34.303,0.0448,0.0849,9.7789,-0.2416,-0.118,-0.055
6915,867,835,34.4,34.445,-0.054,-0.0007,9.7677,0.5271,-1.3745,-0.3242
6920,864,838,34.403,34.368,0.0467,-0.055,9.8657,0.0449,-0.2851,-0.748
6925,846,834,34.366,34.418,-0.019,0.001,9.8491,0.5577,0.6216,-0.2216
6930,837,831,34.428,34.343,0.0307,-0.0569,9.8709,-0.3463,0.7487,-0.1199
6935,828,824,34.405,34.394,-0.0432,0.0323,9.7318,0.4208,-0.315,0.5623
6940,823,825,34.451,34.515,-0.0077,-0.0052,9.9006,-0.048,0.0963,-0.078
6945,803,817,34.367,34.481,-0.0367,0.0021,9.8128,-0.7358,0.0126,0.1353
6950,800,814,34.368,34.533,0.0539,-0.0701,9.7913,-0.3331,-0.1153,-0.5167
6955,800,820,34.334,34.45,0.0449,0.006,9.754,0.2605,-1.2269,-0.0498
6960,782,810,34.313,34.452,-0.0128,0.0503,9.7882,0.3735,0.0039,0.3478
6965,781,808,34.321,34.445,-0.0374,0.0319,9.8159,-0.1859,-0.2565,0.6072
6970,779,806,34.354,34.478,-0.061,-0.0292,9.8206,0.257,0.2954,-0.4474
6975,772,799,34.4,34.426,-0.0638,-0.0011,9.776,0.0896,-0.5296,0.0704
6980,771,794,34.393,34.528,-0.0172,0.0345,9.7573,-0.0339,-0.8367,0.5537
6985,765,785,34.414,34.441,0.0139,-0.144,9.8283,-0.2944,-1.3794,-0.6436
6990,765,782,34.446,34.421,0.1032,-0.0326,9.8852,-0.4738,-0.6016,-0.0103
6995,741,782,34.332,34.379,0.0926,-0.0477,9.7566,-0.0313,0.5743,-0.2059
7000,754,773,34.398,34.447,0.0538,-0.0996,9.8735,0.2927,0.1299,-0.3709
7005,747,766,34.356,34.484,0.0619,-0.0452,9.8036,-0.4267,0.2031,0.0309
7010,756,762,34.422,34.431,0.0742,-0.0407,9.7588,0.1346,0.1221,0.3355
7015,749,755,34.442,34.467,0.0479,0.0066,9.7842,-0.6488,0.2185,-0.1356
7020,743,752,34.304,34.376,0.033,0.137,9.7754,-0.1006,-0.0989,-0.0867
7025,749,739,34.322,34.43,0.0084,-0.0137,9.897,-0.3432,-0.6914,-0.2566
7030,741,740,34.372,34.416,-0.0652,-0.0402,9.761,0.6438,0.6137,-0.1168
7035,734,740,34.347,34.329,-0.0337,-0.0546,9.6913,-0.1444,-0.235,-0.5371
7040,746,727,34.38,34.412,-0.1384,0.0292,9.8405,-0.1394,-0.7443,1.1411
7045,765,720,34.385,34.36,0.0286,-0.0439,9.8288,-0.061,1.0454,-0.1463
7050,753,715,34.409,34.398,-0.0516,0.053,9.7635,0.1421,-0.8568,0.7065
7055,766,709,34.426,34.515,-0.0396,-0.0184,9.8221,0.047,-0.0656,0.0121
7060,773,703,34.462,34.428,0.0021,-0.0279,9.8263,-1.0002,-0.041,-0.5697
7065,766,705,34.399,34.528,-0.0067,-0.0298,9.7678,-0.4558,-0.5929,0.2314
7070,783,690,34.318,34.439,0.0166,-0.0045,9.7784,-0.4812,0.1574,-0.1953
7075,788,685,34.414,34.478,-0.0343,0.0981,9.8043,-0.4617,1.0565,-0.271
7080,796,685,34.271,34.434,-0.0678,0.0445,9.821,0.7077,0.4338,-0.375
7085,800,678,34.457,34.566,-0.0173,-0.126,9.8104,0.3813,0.2819,0.0504
7090,814,675,34.422,34.476,-0.006,-0.0135,9.7981,-0.741,-0.7118,-0.5634
7095,817,675,34.373,34.445,0.0435,0.0454,9.8977,0.1628,0.532,0.4635
7100,824,665,34.332,34.499,0.0495,0.0564,9.8352,-0.2479,-0.5066,-0.4766
7105,836,657,34.412,34.402,-0.0562,0.0224,9.8114,-0.175,0.3789,-0.2077
7110,853,653,34.431,34.538,0.0563,-0.0526,9.8183,-0.2365,-0.3946,0.0183
7115,857,653,34.383,34.347,0.0069,0.0724,9.7454,0.4528,-0.2575,0.5495
7120,871,647,34.396,34.462,0.0174,0.0114,9.7701,0.1098,0.005,-0.1181
7125,886,642,34.364,34.472,0.0192,0.0111,9.8036,0.3589,-0.0408,0.5135
7130,891,638,34.434,34.435,0.0183,0.0228,9.8659,0.2994,-0.193,0.1889
7135,906,638,34.387,34.455,-0.0303,-0.0447,9.7909,0.6242,0.1738,0.2285
7140,926,638,34.326,34.433,-0.0331,0.0162,9.8096,-0.7726,0.5354,0.5449
7145,932,638,34.375,34.433,-0.001,0.0784,9.8525,-0.2119,-0.9692,-0.5313
7150,943,634,34.403,34.424,-0.0453,0.07,9.8608,0.0992,-0.2389,-0.6564
7155,948,641,34.287,34.471,0.0157,-0.0717,9.8491,-0.1793,0.5832,0.3545
7160,963,637,34.312,34.504,-0.0603,0.0454,9.8614,0.1077,0.0287,-0.1277
7165,972,635,34.44,34.416,-0.0808,0.0602,9.7966,-0.0973,0.6742,-0.2088
7170,981,629,34.511,34.496,0.0322,0.0522,9.7824,0.2132,0.3649,0.2269
7175,1004,635,34.317,34.363,-0.0072,-0.0577,9.8221,0.1561,0.2414,0.8029
7180,1012,641,34.329,34.424,0.0959,-0.0439,9.8376,-0.4664,0.8887,-0.1405
7185,1023,639,34.414,34.464,0.04,0.0111,9.8348,0.7014,-0.1256,-0.1493
7190,1033,643,34.361,34.44,0.0337,0.0912,9.6905,-0.0871,0.7366,0.2622
7195,1042,646,34.445,34.481,0.029,0.0156,9.8065,0.1259,-0.3684,-0.0323
7200,1062,648,34.364,34.362,0.032,0.0312,9.8299,0.8717,0.3878,0.1134
7205,1064,654,34.352,34.437,-0.0167,0.0432,9.8264,0.3163,0.2022,0.8726
7210,1080,656,34.419,34.501,-0.0153,-0.0477,9.8546,0.1556,0.2508,0.1348
7215,1091,670,34.367,34.316,0.0971,0.0148,9.775,-0.1811,0.3064,0.4877
7220,1099,663,34.305,34.465,-0.0248,0.093,9.8296,-0.304,-0.33,-0.6192
7225,1092,672,34.418,34.412,-0.0114,-0.011,9.8103,0.4343,0.4731,0.6949
7230,1114,675,34.459,34.435,-0.1048,-0.0073,9.8783,0.3971,-1.1667,0.4111
7235,1121,681,34.363,34.386,0.0446,0.0735,9.7515,-0.1211,-0.3836,-0.1033
7240,1130,687,34.47,34.442,0.0484,-0.0409,9.7286,-0.1532,-0.2861,0.324
7245,1140,688,34.335,34.484,0.016,0.0138,9.8012,0.2864,0.2256,0.8934
7250,1143,701,34.494,34.513,-0.0017,-0.0473,9.7964,-0.3776,-0.3807,-0.1718
7255,1149,703,34.426,34.39,0.0786,0.0489,9.9199,0.939,0.7758,0.1012
7260,1155,708,34.443,34.467,-0.0359,-0.0194,9.8036,-0.7624,-0.6945,-0.0322
7265,1163,721,34.437,34.449,0.0171,0.0997,9.8031,0.2109,-1.2647,-0.0214
7270,1176,729,34.36,34.513,-0.1176,0.0095,9.7624,-0.6173,-1.1255,-0.4905
7275,1165,739,34.484,34.429,0.0257,0.006,9.8037,0.1765,-0.192,-0.0435
7280,1177,750,34.372,34.474,-0.0322,-0.0143,9.7605,0.1039,0.0483,-0.6483
7285,1173,757,34.357,34.391,0.1032,0.0287,9.8916,0.0728,0.1921,-0.0751
7290,1179,760,34.366,34.413,0.0303,-0.0178,9.84,-0.1733,-0.6709,0.269
7295,1176,766,34.497,34.431,0.0754,-0.0057,9.709,0.3275,0.1042,-0.358
7300,1186,776,34.426,34.42,-0.0498,-0.0529,9.768,-0.4661,-0.6767,0.1415
7305,1190,780,34.39,34.389,-0.0418,-0.0516,9.8753,0.2893,-0.3972,-0.4177
7310,1193,792,34.326,34.518,-0.0214,0.0462,9.814,0.2249,0.4372,-0.6777
7315,1193,801,34.383,34.466,0.0209,-0.0568,9.7823,-0.3727,-0.6214,-0.9884
7320,1186,805,34.374,34.481,0.0451,-0.0022,9.7667,0.4632,-0.5064,-0.0727
7325,1192,819,34.412,34.499,-0.0337,-0.0555,9.8453,-0.1665,-0.3954,0.1132
7330,1195,828,34.391,34.461,-0.029,-0.0638,9.8865,0.0854,-0.1487,1.1497
7335,1189,828,34.445,34.435,-0.0999,0.0611,9.7951,0.7623,0.4031,-0.5974
7340,1182,837,34.4,34.513,0.094,-0.0324,9.789,-0.3579,-0.0702,-1.2414
7345,1175,842,34.413,34.444,0.0685,-0.0563,9.902,1.0585,-0.9596,-0.0623
7350,1179,850,34.356,34.506,-0.0276,0.0442,9.8413,-0.3104,-0.3876,0.4672
7355,1185,856,34.276,34.481,0.0443,0.0747,9.8832,0.4037,-1.3253,0.3039
7360,1171,858,34.41,34.416,-0.0587,0.0481,9.9175,-0.1764,-0.2749,-0.9552
7365,1170,869,34.447,34.408,0.037,-0.0711,9.7235,0.1235,-0.627,-0.6147
7370,1167,874,34.4,34.399,-0.0306,-0.0204,9.8015,0.8842,0.8762,0.1544
7375,1168,880,34.527,34.371,0.1408,-0.066,9.7921,0.4017,-0.0372,-0.1464
7380,1162,883,34.302,34.396,0.1151,-0.005,9.8237,-0.5251,0.3195,-0.6058
7385,1156,886,34.382,34.526,0.0165,-0.04,9.7212,0.0041,0.0875,0.2463
7390,1165,894,34.462,34.486,-0.0798,0.0772,9.8262,-0.7053,0.3144,-1.1131
7395,1151,898,34.482,34.374,0.0098,0.0415,9.7688,-0.1745,-0.3789,-0.0317
7400,1152,899,34.504,34.523,0.0304,-0.0357,9.8228,0.1849,0.3641,0.359
7405,1149,914,34.413,34.455,0.0233,-0.0606,9.8223,-0.3417,0.2455,-0.4706
7410,1136,905,34.298,34.415,0.0253,-0.0764,9.814,0.2676,0.9145,-0.3366
7415,1136,911,34.431,34.453,-0.0378,-0.0921,9.822,0.0582,0.5516,0.0985
7420,1135,917,34.436,34.482,-0.0181,-0.0744,9.7612,0.3529,0.0067,0.0942
7425,1135,914,34.413,34.43,-0.038,0.0511,9.8421,0.0147,-0.3884,-0.5866
7430,1132,917,34.385,34.439,0.0781,0.0614,9.8545,0.4482,-0.3918,-0.4586
7435,1129,923,34.375,34.459,0.0106,0.0031,9.7697,0.2033,0.7779,-0.3112
7440,1124,917,34.393,34.485,0.0917,0.0727,9.7353,0.2157,0.2246,-0.5346
7445,1136,924,34.386,34.486,-0.0292,-0.0125,9.847,-0.7975,-0.375,-0.634
7450,1129,921,34.476,34.377,-0.0491,-0.0317,9.8991,-0.0225,0.0598,0.4779
7455,1126,918,34.532,34.429,0.0501,-0.0479,9.7767,-0.2042,-0.1326,0.3782
7460,1121,923,34.474,34.54,-0.0943,0.0598,9.8552,0.8496,-1.142,-0.7505
7465,1112,922,34.357,34.482,0.0098,0.0463,9.8292,-0.0101,0.3838,1.102
7470,1109,922,34.406,34.547,-0.0047,0.0199,9.8103,0.358,0.9888,-0.6201
7475,1104,919,34.322,34.411,-0.012,0.0807,9.8321,-0.0134,-0.0703,-0.3943
7480,1107,920,34.365,34.532,-0.063,0.0111,9.9286,0.415,0.1335,0.0165
7485,1100,922,34.485,34.481,-0.006,-0.0473,9.755,-0.6994,-0.6751,-0.7251
7490,1101,914,34.424,34.386,-0.0992,-0.0304,9.8286,0.0955,-0.6157,0.4736
7495,1098,919,34.424,34.431,0.0432,-0.1342,9.7924,-0.2746,1.2528,0.6829
7500,1096,915,34.376,34.387,0.0721,-0.0238,9.7612,-0.9262,0.7176,-0.2262
7505,1096,912,34.446,34.465,-0.0011,-0.014,9.8761,-0.0685,-0.0722,0.2734
7510,1097,914,34.371,34.42,0.0172,-0.0246,9.8118,-0.2652,0.805,0.7171
7515,1087,914,34.406,34.405,0.0194,0.0523,9.7713,0.6715,-0.2163,-0.6367
7520,1084,910,34.415,34.468,-0.0733,0.0683,9.8733,-0.3048,0.0346,-0.085
7525,1084,908,34.378,34.419,-0.0285,0.0364,9.7232,-0.8866,-1.1709,0.4577
7530,1088,900,34.43,34.444,0.0041,-0.0432,9.8434,-0.1795,-0.4764,-0.3568
7535,1089,901,34.447,34.42,0.0505,-0.057,9.7726,0.1116,0.6939,0.5067
7540,1085,901,34.465,34.446,-0.0004,0.0272,9.7733,0.0449,0.354,-0.7191
7545,1077,894,34.326,34.485,0.0503,-0.0383,9.9152,-0.3072,0.2828,-0.1531
7550,1074,899,34.399,34.464,0.065,-0.0344,9.7843,-0.3077,-0.1846,0.1008
7555,1066,893,34.426,34.411,0.0723,-0.0358,9.8186,-0.8728,-0.2987,0.7513
7560,1068,895,34.339,34.492,-0.0087,0.087,9.7823,-0.1855,-0.5525,-0.9332
7565,1058,890,34.375,34.382,0.0279,-0.0279,9.8202,0.3412,0.2664,0.1779
7570,1070,886,34.399,34.558,0.0304,-0.0494,9.8661,-0.034,0.027,-0.8979
7575,1046,882,34.458,34.477,-0.0392,-0.0686,9.7417,0.2155,0.6746,0.4136
7580,1052,886,34.425,34.43,-0.0279,-0.0505,9.8609,0.3144,-0.3344,-0.3151
7585,1045,879,34.504,34.492,0.007,0.018,9.8037,-0.1816,-0.027,0.2503
7590,1043,880,34.364,34.405,-0.0007,-0.0186,9.8067,0.2257,0.3602,0.5606
7595,1034,877,34.376,34.463,-0.0498,0.0093,9.8142,0.2992,0.281,0.3301
7600,1032,875,34.404,34.512,0.0442,0.1088,9.8223,0.3963,0.3832,0.3721
7605,1039,871,34.465,34.49,0.0401,-0.0129,9.7372,-0.0971,-0.4255,-0.0616
7610,1023,872,34.45,34.487,0.022,-0.0038,9.7758,0.3492,-0.0079,0.9419
7615,1024,868,34.318,34.4,-0.0098,-0.049,9.802,0.1382,-0.9303,-0.0536
7620,1012,869,34.503,34.393,-0.0156,-0.0624,9.7584,0.7855,-1.0451,-0.2726
7625,1003,869,34.357,34.474,-0.0305,-0.077,9.8142,-0.9451,0.0274,-0.0355
7630,1001,867,34.34,34.351,-0.0628,-0.0809,9.8107,-0.2483,0.1057,-0.7408
7635,983,862,34.293,34.401,0.0109,0.0217,9.7479,0.8125,0.5099,-0.505
7640,978,863,34.422,34.408,0.061,0.036,9.8024,0.1836,-0.7253,0.2934
7645,990,866,34.434,34.478,0.0783,0.0401,9.8565,-0.2967,-0.4105,-0.0991
7650,976,857,34.432,34.511,0.0464,0.0104,9.7927,-0.4858,-0.8835,0.3001
7655,960,856,34.364,34.331,0.0033,0.0147,9.854,0.439,0.6371,0.4488
7660,963,857,34.376,34.395,0.018,0.0188,9.736,0.2372,0.104,0.0205
7665,962,852,34.405,34.468,0.0334,-0.0266,9.8213,0.4065,-0.2572,-0.1352
7670,947,854,34.461,34.464,0.0654,0.034,9.8897,0.095,-0.8695,-0.2078
7675,939,855,34.406,34.574,-0.0489,0.0408,9.7427,-0.1166,-0.3504,0.5438
7680,922,847,34.405,34.557,0.0181,-0.0173,9.744,-0.1681,-0.2661,-0.7519
7685,912,854,34.457,34.59,0.0034,0.0067,9.8358,0.3793,0.3827,-0.1738
7690,911,850,34.34,34.388,-0.0193,0.0347,9.8042,0.2853,-0.0875,-0.1113
7695,895,846,34.316,34.357,0.0069,0.0205,9.8488,0.6749,-0.8518,-0.1288
7700,885,839,34.412,34.442,-0.0426,0.0345,9.9069,-0.3592,-0.8736,-0.2346
7705,884,842,34.534,34.464,-0.0246,-0.0407,9.9182,0.5433,-0.7368,0.5516
7710,861,839,34.472,34.418,0.081,0.0525,9.7973,0.0105,-0.3711,-0.0525
7715,861,839,34.42,34.613,-0.0765,0.1085,9.7728,-0.1163,-0.282,-0.5084
7720,851,831,34.445,34.559,0.0594,-0.0551,9.8254,-0.669,0.0267,0.2111
7725,844,841,34.364,34.38,-0.0266,-0.0397,9.8572,0.5058,-0.3579,-0.4501
7730,840,825,34.479,34.319,-0.0172,0.0121,9.728,-0.1402,0.3578,0.2578
7735,830,828,34.432,34.479,-0.0415,0.0568,9.8299,-0.7872,0.5233,-0.1432
7740,820,824,34.446,34.464,0.0309,-0.0762,9.8396,0.3641,0.3749,0.1319
7745,815,823,34.43,34.393,0.0796,0.0328,9.7243,0.4187,0.371,-0.0264
7750,805,817,34.413,34.46,-0.0021,0.0664,9.8151,-0.5365,0.5649,-0.0738
7755,793,817,34.431,34.445,-0.0718,-0.0074,9.8431,-0.7953,-0.5413,-0.1335
7760,785,811,34.422,34.421,0.0131,-0.1035,9.8282,-0.3515,-1.0699,0.0481
7765,790,810,34.425,34.405,-0.0164,0.0469,9.8088,-0.8195,0.6146,-0.3117
7770,777,800,34.428,34.502,-0.0566,0.0079,9.7906,0.7655,0.6007,-0.0142
7775,780,796,34.371,34.484,-0.0276,-0.0098,9.8487,0.0526,-0.192,-0.1784
7780,774,789,34.424,34.388,-0.0478,-0.0042,9.7357,-0.3402,0.1276,0.1609
7785,758,788,34.42,34.501,0.0533,-0.0406,9.8093,-0.1408,0.0743,-0.5725
7790,746,782,34.408,34.4,0.0176,0.0085,9.7423,0.3379,-0.5363,0.6742
7795,758,777,34.431,34.464,-0.0198,0.0581,9.8267,-0.324,-0.2882,-1.0646
7800,752,773,34.419,34.439,-0.0336,-0.0041,9.8416,-0.8396,0.3854,-0.0634
7805,760,765,34.38,34.509,-0.081,-0.0504,9.8204,-0.0526,-0.431,-0.169
7810,749,758,34.407,34.513,-0.0413,0.0336,9.8445,0.1469,0.4982,-0.179
7815,747,752,34.421,34.458,0.0271,-0.0778,9.8973,-0.0756,0.7104,-0.1015
7820,754,752,34.514,34.489,0.0347,-0.1236,9.8692,-0.5648,0.6173,-0.1502
7825,746,743,34.408,34.448,-0.063,-0.0244,9.8331,0.1629,-0.7359,0.5264
7830,746,738,34.473,34.42,0.0213,0.0777,9.7387,-0.2326,-0.5113,0.3436
7835,756,732,34.393,34.434,-0.0764,-0.0556,9.7633,0.6471,0.8514,0.0517
7840,761,728,34.371,34.41,-0.0322,-0.0847,9.7752,-0.1707,-0.178,-0.6171
7845,753,722,34.372,34.507,0.0142,0.0675,9.8045,-0.2482,-0.3544,0.1269
7850,757,712,34.345,34.572,-0.0177,-0.0017,9.8266,0.4612,-0.5193,-0.7184
7855,766,705,34.382,34.424,-0.0208,-0.0011,9.8604,0.2268,-0.1628,-0.3882
7860,776,701,34.485,34.423,-0.0099,-0.0985,9.8521,-0.9851,0.0137,0.7249
7865,774,694,34.443,34.399,-0.0237,0.0137,9.8603,0.5024,-0.0226,0.0709
7870,786,683,34.445,34.461,-0.0135,0.0028,9.7795,0.5786,-0.9169,1.024
7875,786,691,34.474,34.396,0.0483,-0.0132,9.7902,0.0809,0.1495,-0.3834
7880,800,681,34.447,34.44,0.0231,0.0978,9.8518,0.1962,0.0855,0.1361
7885,802,676,34.324,34.427,0.0277,-0.006,9.8299,-0.0303,0.358,0.4793
7890,814,668,34.451,34.439,0.0329,-0.0291,9.8679,-0.0119,-0.5397,-0.2572
7895,818,666,34.362,34.473,0.081,-0.0123,9.7785,-0.2253,0.4562,1.0856
7900,833,662,34.363,34.428,0.0078,-0.0253,9.8196,-0.4435,0.1818,0.748
7905,839,660,34.484,34.452,-0.0353,0.0721,9.7893,-0.4207,-0.023,0.6434
7910,841,657,34.383,34.534,-0.0286,-0.0102,9.9022,-0.0376,-0.3388,0.2521
7915,857,646,34.371,34.432,0.0322,-0.0205,9.7575,0.4554,1.286,0.3947
7920,869,653,34.444,34.462,-0.0324,0.0319,9.8903,0.2713,-0.9672,-0.4355
7925,873,638,34.394,34.518,0.025,0.0216,9.8229,0.0349,-0.4765,0.7201
7930,900,644,34.405,34.429,0.055,0.0285,9.8879,1.166,0.3544,1.2618
7935,907,639,34.452,34.433,0.0218,0.0014,9.8125,0.0961,-0.1972,0.3582
7940,910,640,34.506,34.446,0.0091,-0.0083,9.8755,-0.3139,-0.3135,-0.6523
7945,916,640,34.386,34.448,-0.017,0.0075,9.8023,-0.5058,-0.141,-0.3207
7950,937,636,34.321,34.439,-0.005,-0.0186,9.7054,0.5626,-0.7159,-0.5581
7955,949,637,34.439,34.428,-0.0048,0.0014,9.7465,0.5544,0.6044,-0.2541
7960,965,633,34.426,34.47,-0.0432,0.0521,9.8992,-0.2187,0.0409,0.0514
7965,971,632,34.405,34.504,-0.0713,-0.0354,9.729,0.0236,0.5418,0.2245
7970,986,634,34.368,34.478,-0.0351,-0.0894,9.8421,0.2178,-0.4874,0.461
7975,1000,639,34.463,34.495,0.019,-0.0426,9.8478,-0.102,-0.1437,0.0861
7980,1012,639,34.384,34.41,-0.0463,0.0161,9.7918,0.0382,0.0119,-1.0558
7985,1025,642,34.428,34.532,-0.0137,0.0409,9.7918,-0.5728,0.9198,0.2081
7990,1037,649,34.336,34.465,0.0052,-0.0709,9.7423,-0.176,-0.3178,1.1616
7995,1041,646,34.397,34.466,-0.0158,0.0974,9.8497,0.1017,-0.0953,0.1446
8000,1056,649,34.452,34.481,-0.0316,-0.0249,9.7455,-0.5451,-0.0964,-0.1444
8005,1072,651,34.485,34.492,-0.0194,-0.0954,9.7826,-0.0502,-0.4411,0.3896
8010,1075,657,34.386,34.463,-0.0515,0.128,9.7968,0.2164,-0.3178,0.12
8015,1093,665,34.43,34.505,0.0681,0.032,9.8008,0.6009,0.9281,-0.3716
8020,1097,671,34.444,34.469,-0.0506,0.0121,9.8777,-0.6288,-0.8502,-0.9163
8025,1114,674,34.308,34.419,0.0561,-0.0226,9.7362,-0.0334,0.3364,0.4638
8029,1122,681,34.429,34.41,-0.0854,-0.0375,9.7906,-0.4188,1.2616,-0.523
8035,1127,683,34.34,34.445,-0.0555,0.0606,9.798,0.0403,0.0553,1.5458
8039,1134,683,34.399,34.503,-0.0179,0.0138,9.8646,0.0745,0.0441,-0.0802
8045,1148,697,34.358,34.391,0.0871,-0.0797,9.7373,-1.047,-0.2506,-0.0345
8050,1146,698,34.424,34.479,0.0118,0.0016,9.9097,-0.064,-0.7742,0.0143
8055,1151,710,34.401,34.459,0.0515,0.0073,9.8261,0.9804,-0.071,0.1
8060,1157,720,34.407,34.442,0.0709,-0.0488,9.8051,-0.065,0.1302,0.6208
8064,1161,718,34.433,34.397,0.0159,-0.0658,9.8296,-0.5988,-0.6763,0.484
8070,1176,728,34.402,34.443,0.0845,-0.0611,9.8999,0.3045,-0.1457,0.3409
8074,1173,737,34.376,34.456,0.0405,-0.0405,9.8828,0.3856,-0.467,1.2099
8080,1176,742,34.387,34.407,-0.1431,0.0439,9.8105,-0.3152,-0.6603,-0.4325
8085,1191,750,34.44,34.398,-0.0589,-0.0203,9.7992,0.1286,0.7952,-0.161
8090,1180,759,34.399,34.491,-0.0362,-0.0448,9.766,-0.0782,-0.4737,-0.5389
8095,1184,774,34.323,34.468,0.0065,0.0768,9.8869,-0.0082,-0.4342,0.1175
8100,1191,779,34.399,34.463,-0.0107,-0.03,9.7606,1.1132,0.1477,0.3242
8105,1191,786,34.375,34.542,0.0254,0.0251,9.7823,0.0399,0.0295,0.3603
8109,1192,798,34.438,34.372,0.0103,0.0173,9.7692,0.6345,-0.9232,0.382
8115,1192,803,34.39,34.474,0.0481,-0.0569,9.7947,1.0171,0.3635,0.6899
8119,1188,809,34.317,34.454,0.0452,0.0529,9.8413,0.0768,-0.1395,-0.734
8125,1185,817,34.455,34.601,-0.0475,0.0135,9.808,-0.7282,0.6169,0.2179
8130,1177,823,34.397,34.5,0.0644,-0.0203,9.762,-1.0068,0.5381,-0.4672
8135,1188,830,34.261,34.437,0.1276,0.0559,9.8172,0.2976,-0.1171,-0.1952
8140,1189,840,34.447,34.436,0.0165,0.0107,9.8395,0.2173,-0.4218,0.2113
8145,1177,852,34.403,34.471,-0.1164,0.0625,9.8129,0.6473,0.0901,-0.437
8150,1180,852,34.386,34.437,0.0899,-0.0692,9.7712,-0.1104,-0.2371,-0.6001
8154,1171,857,34.396,34.45,-0.1371,-0.0394,9.7989,0.3649,1.2755,0.1655
8160,1176,866,34.401,34.498,0.0818,0.0536,9.7921,-0.2979,0.5001,-0.2007
8164,1174,864,34.395,34.381,-0.0291,-0.0492,9.8415,-0.1252,0.5538,0.0071
8170,1158,882,34.428,34.483,-0.0084,-0.001,9.8636,-0.6089,0.3867,0.635
8175,1165,883,34.504,34.481,-0.095,0.0108,9.7752,-0.9547,0.2026,0.4566
8180,1172,883,34.378,34.407,-0.0231,0.0079,9.8813,0.1794,-0.0203,0.1334
8185,1161,890,34.296,34.539,-0.0045,-0.0534,9.8123,0.4824,0.2361,-0.1693
8189,1158,890,34.505,34.478,0.0238,-0.0697,9.8108,0.4343,0.2047,-0.051
8195,1153,901,34.38,34.437,-0.0083,-0.0006,9.7457,0.1531,-1.1587,-0.2611
8200,1158,902,34.346,34.526,-0.0774,0.0519,9.91,-0.3512,0.2638,0.5961
8205,1147,907,34.361,34.523,-0.0529,0.0023,9.8166,-0.6181,0.6289,0.7442
8210,1146,906,34.364,34.493,-0.0677,0.0317,9.8024,-0.0764,0.6255,-0.309
8215,1142,915,34.372,34.442,-0.1087,0.0008,9.7654,0.2798,-0.6869,0.8013
8220,1137,918,34.425,34.379,0.0182,-0.0495,9.8083,0.1108,-0.0258,-0.267
8225,1139,918,34.424,34.395,-0.1197,-0.0651,9.8983,-0.3824,-1.0436,-0.2543
8230,1131,922,34.426,34.508,0.0089,0.0379,9.8701,-0.3443,0.5577,-0.1605
8235,1131,921,34.482,34.443,-0.1018,-0.0527,9.7741,-0.2596,-1.1384,1.0491
8240,1128,916,34.391,34.441,0.0269,-0.0569,9.8864,-0.1672,-0.7492,1.1379
8245,1120,927,34.405,34.456,0.0466,-0.0014,9.7847,-0.9745,-0.3844,-1.3862
8250,1117,921,34.44,34.45,0.0149,0.07,9.8714,-0.6111,-0.3336,0.106
8255,1119,920,34.324,34.504,0.0443,-0.0203,9.8036,0.2569,-0.6518,0.0438
8260,1111,923,34.314,34.372,-0.0334,0.0135,9.8025,0.1621,0.5745,0.3355
8265,1106,921,34.481,34.466,0.0392,-0.0134,9.7629,0.181,0.3974,-0.1868
8270,1099,919,34.359,34.417,0.0638,0.0345,9.7883,0.3869,-0.1969,-0.6548
8275,1102,924,34.424,34.393,-0.0381,-0.0417,9.8871,0.0536,0.116,-0.5774
8280,1093,919,34.399,34.483,0.101,0.1084,9.811,-0.0367,-0.0486,-1.2635
8285,1105,925,34.392,34.377,-0.006,0.0832,9.7872,0.5372,-1.0625,-1.4489
8290,1106,919,34.291,34.515,0.0121,0.0236,9.7688,0.3795,-0.3504,0.0706
8295,1093,916,34.379,34.54,-0.0025,-0.062,9.8276,0.6979,0.1449,0.3399
8300,1089,917,34.379,34.404,-0.0683,0.0126,9.7582,0.2965,-0.3179,-0.5435
8305,1093,909,34.41,34.468,0.0193,-0.0185,9.859,-0.2597,-0.9752,0.123
8310,1094,915,34.467,34.41,-0.0017,0.0319,9.9114,-0.4909,-0.0941,0.5353
8315,1089,909,34.413,34.43,-0.1023,0.0734,9.8539,0.8278,0.5835,0.1977
8320,1082,913,34.377,34.422,0.0112,-0.0141,9.8055,0.011,1.2068,0.2122
8325,1083,913,34.455,34.468,-0.0236,-0.0197,9.8046,-0.7279,0.5211,-0.7522
8330,1083,907,34.372,34.509,-0.0266,-0.0499,9.8503,-0.0557,0.2773,0.2411
8335,1072,906,34.374,34.517,-0.0481,-0.0181,9.8803,-1.3831,0.2352,-0.1019
8340,1081,895,34.416,34.43,0.0989,-0.0409,9.8917,-0.3031,-0.3767,-1.5321
8345,1074,899,34.448,34.436,0.0317,-0.0051,9.822,0.2002,0.3209,-0.3812
8350,1070,896,34.353,34.501,0.0645,0.1136,9.8308,-0.4045,-0.1236,-0.199
8355,1066,888,34.319,34.458,-0.0599,-0.1117,9.785,0.0792,-0.0645,0.2352
8360,1078,888,34.468,34.47,-0.0578,-0.0171,9.6708,0.5829,-0.8028,-0.6017
8365,1056,891,34.349,34.408,0.0239,-0.0431,9.8395,-0.1344,-0.0476,-0.1148
8370,1060,887,34.377,34.535,-0.0146,-0.0941,9.7801,-0.1982,-0.0028,-0.073
8375,1063,884,34.45,34.555,-0.0438,0.1005,9.795,0.3982,-0.4487,-0.3108
8380,1050,882,34.465,34.484,0.0324,-0.0314,9.7959,-0.7059,-0.3298,-0.6211
8385,1045,884,34.39,34.374,0.0291,0.0656,9.7693,-0.1355,0.0082,-0.1556
8390,1052,875,34.473,34.449,0.0676,0.017,9.8015,0.5986,-0.2951,-0.677
8395,1039,873,34.475,34.449,-0.0479,0.0364,9.7711,0.1303,-0.1092,0.024
8400,1038,872,34.389,34.485,-0.0695,-0.0588,9.8665,-0.2541,0.1682,0.1659
8405,1044,876,34.376,34.501,-0.0108,0.0403,9.8889,-0.0075,0.3155,0.1807
8410,1024,872,34.456,34.384,0.0445,-0.022,9.814,0.6562,0.4984,-0.8042
8415,1020,874,34.4,34.481,-0.0467,0.0536,9.6921,-0.0793,-0.3422,0.4883
8420,1015,873,34.445,34.511,-0.0646,0.0135,9.7544,-0.5866,0.4782,-0.3336
8425,1002,868,34.306,34.478,-0.0086,0.0604,9.722,-0.3657,0.8784,-0.1981
8430,1011,860,34.445,34.442,0.1029,0.05,9.744,1.1117,-0.0115,0.6
8435,995,870,34.408,34.389,-0.0004,-0.0629,9.7954,0.7906,0.299,0.272
8440,980,869,34.487,34.494,0.0003,0.0053,9.8208,-1.177,0.1084,0.1235
8445,972,861,34.372,34.415,-0.0684,-0.0131,9.8561,-0.7129,0.4586,-0.1634
8450,977,857,34.409,34.462,-0.0269,-0.0153,9.8226,-0.0316,0.1028,0.0039
8455,963,858,34.432,34.413,-0.1146,-0.0372,9.7965,-0.6903,-0.3386,0.6128
8460,959,857,34.373,34.392,-0.064,-0.0138,9.828,0.4717,-0.0544,0.3432
8465,941,851,34.368,34.44,0.0353,0.0029,9.7533,-0.228,0.8777,-0.4901
8470,930,860,34.406,34.428,0.0473,-0.0132,9.7566,0.5053,0.0261,-0.1799
8475,930,852,34.401,34.412,-0.084,0.0058,9.7178,-0.5423,0.3234,-0.0352
8480,921,850,34.359,34.479,-0.0021,0.0495,9.7171,0.2691,0.5482,-0.1876
8485,901,843,34.456,34.414,0.0603,0.1266,9.7586,-0.2785,-0.5044,0.278
8490,895,852,34.348,34.499,0.0003,0.0074,9.8353,-0.2971,-0.2773,-0.2317
8495,895,849,34.376,34.364,-0.0304,-0.1335,9.744,-1.0383,0.1465,0.0259
8500,889,841,34.458,34.437,0.035,0.1355,9.8579,0.3477,-0.6341,-0.1901
8505,878,842,34.44,34.466,0.0169,0.0155,9.8191,0.0265,-0.2981,-0.1942
8510,883,837,34.441,34.416,0.0343,0.0116,9.7896,-0.2714,-0.4158,-0.6739
8515,859,832,34.455,34.437,-0.0267,0.0692,9.7716,-0.0864,-0.0695,-0.4044
8520,851,838,34.391,34.461,-0.0312,0.0863,9.825,0.0412,0.282,0.0533
8525,841,830,34.411,34.477,-0.0518,0.0208,9.776,-0.0827,-0.7961,-0.2925
8530,829,833,34.433,34.429,0.0621,-0.0059,9.731,0.2649,0.3578,-0.0786
8535,826,829,34.409,34.451,0.0448,-0.0317,9.7621,-0.6904,-0.2064,0.8575
8540,820,821,34.373,34.426,0.0559,-0.0226,9.8099,-0.1732,-0.0598,-0.078
8545,807,819,34.371,34.53,-0.0562,-0.0146,9.8384,0.7616,-0.1012,-0.5389
8550,802,821,34.323,34.455,0.0515,-0.1029,9.8347,-0.4866,0.1763,-0.5815
8555,804,811,34.416,34.497,-0.0005,-0.0339,9.8633,0.3737,-0.2532,0.2059
8560,789,807,34.428,34.475,0.002,-0.0469,9.7271,-0.2773,0.3532,-0.1446
8565,783,800,34.422,34.477,0.0099,0.0406,9.7524,-0.1588,-0.2213,0.069
8570,777,793,34.398,34.556,-0.0376,-0.0786,9.8563,-0.0196,-0.5201,0.3399
8575,767,792,34.334,34.465,0.0165,0.0711,9.788,0.3263,-0.1429,-0.8346
8580,767,791,34.368,34.444,-0.0493,-0.0619,9.8067,-0.3274,-0.6629,-0.105
8585,758,790,34.454,34.472,-0.0185,-0.0082,9.8503,0.9674,0.323,0.2951
8590,746,778,34.341,34.495,0.1508,-0.0529,9.7782,0.5929,1.2533,-0.0088
8595,756,773,34.397,34.486,-0.0129,-0.0355,9.7412,0.6097,0.1982,-0.0783
8600,752,774,34.305,34.438,0.0352,-0.065,9.7921,0.2938,-0.3512,0.5458
8605,759,765,34.468,34.443,-0.0127,0.0686,9.8935,-0.0552,0.3859,-0.2002
8610,738,764,34.443,34.396,-0.0205,0.01,9.8131,0.0964,0.1018,0.0855
8615,747,758,34.432,34.505,-0.0026,0.0008,9.8421,0.2884,0.0948,0.5371
8620,748,752,34.408,34.469,-0.0645,-0.0283,9.7336,-0.7853,-0.023,-0.4034
8625,747,744,34.406,34.532,0.1209,-0.0972,9.7761,-0.617,-0.6895,0.0786
8630,749,738,34.397,34.502,0.083,0.0171,9.7864,0.4329,0.3314,0.5127
8635,749,728,34.462,34.508,-0.0067,0.0056,9.847,-0.4628,0.06,0.0016
8640,754,723,34.425,34.446,0.0437,-0.0104,9.8218,0.3928,0.2249,-0.2706
8645,750,720,34.399,34.474,0.0177,-0.0333,9.7434,-0.2915,-0.6717,-0.3617
8650,755,710,34.417,34.493,-0.0292,0.0263,9.8128,-0.2165,0.2258,-0.1771
8655,766,704,34.366,34.444,0.0925,0.0444,9.8219,0.3804,-0.5568,0.5504
8660,765,704,34.366,34.418,0.0253,-0.0155,9.798,0.1044,-0.3233,0.1914
8665,776,694,34.389,34.507,-0.0459,0.0336,9.7446,-0.8254,-0.0735,0.4961
8670,791,690,34.458,34.398,0.001,-0.0732,9.7829,-1.3401,0.0697,0.26
8675,797,689,34.393,34.29,0.0328,0.0119,9.8957,-0.1413,-0.2695,-0.3221
8680,796,684,34.441,34.501,-0.0825,-0.1282,9.8207,0.0321,0.0808,0.3142
8685,804,680,34.413,34.466,0.0558,0.0913,9.6911,-0.4825,0.714,0.1171
8690,818,670,34.451,34.404,-0.0295,0.0254,9.6796,0.756,0.4378,0.3547
8695,817,670,34.385,34.397,0.0696,0.0341,9.834,0.4595,0.3649,0.139
8700,836,660,34.511,34.507,0.0361,0.0911,9.9013,-0.0222,-0.05,0.1893
8705,837,662,34.356,34.408,0.0598,-0.0423,9.6833,0.6266,0.2453,0.8461
8710,853,659,34.388,34.439,0.0052,0.0274,9.8337,0.5329,-0.1285,-0.0031
8715,863,647,34.424,34.575,-0.008,0.0276,9.7455,-0.7426,0.1882,0.4022
8720,873,649,34.375,34.495,-0.0319,0.0562,9.7993,0.7063,1.513,-0.1301
8725,888,646,34.349,34.496,0.0151,0.0995,9.8088,0.7315,-0.2776,-0.1005
8730,891,641,34.343,34.431,0.0606,-0.0301,9.7467,-0.0272,0.098,0.3076
8735,909,640,34.362,34.438,0.0082,0.0507,9.8301,-0.9238,-0.0266,0.7667
8740,919,638,34.503,34.424,0.0627,0.011,9.7477,1.0671,0.2023,-0.2114
8745,931,635,34.376,34.524,-0.0145,0.045,9.7423,-0.295,0.2998,0.264
8750,941,633,34.367,34.375,-0.0007,-0.0285,9.8025,0.015,0.4549,-0.7547
8755,948,634,34.334,34.43,-0.1333,-0.0075,9.9239,0.6591,-0.2375,-0.9502
8760,971,634,34.464,34.404,-0.0067,-0.0328,9.8664,-0.1421,-0.1096,0.1795
8765,982,637,34.443,34.573,-0.0001,0.0116,9.8339,0.1569,0.316,0.0201
8770,988,632,34.411,34.497,0.0309,-0.0138,9.8126,-0.4261,-0.0142,0.2102
8775,1015,637,34.457,34.441,0.0082,0.0447,9.7527,-0.07,0.8625,-0.2127
8780,1020,637,34.347,34.485,-0.0368,0.0552,9.8487,-1.136,-0.5242,-0.3704
8785,1029,643,34.434,34.447,-0.1265,0.0085,9.8353,-0.1001,-0.3381,1.2149
8790,1041,642,34.294,34.411,0.0116,-0.0061,9.8217,0.2411,-0.5796,0.2851
8795,1052,643,34.441,34.476,0.1019,-0.0006,9.8188,0.4144,-0.5911,-0.2089
8800,1073,645,34.436,34.403,-0.0648,-0.0219,9.8595,0.7101,-0.2515,-0.9327
8805,1065,655,34.423,34.493,0.0174,-0.0176,9.7299,0.3736,0.3919,0.5575
8810,1083,659,34.348,34.453,0.1096,0.0757,9.7896,0.7865,0.0688,-0.0415
8815,1088,657,34.46,34.549,0.0127,0.0219,9.7711,0.3693,0.4333,-0.2128
8820,1100,667,34.343,34.507,0.0811,0.0664,9.7622,0.239,-0.6262,-0.4413
8825,1108,670,34.374,34.471,-0.0372,0.0337,9.7548,-0.3639,0.1835,-0.7319
8830,1114,677,34.435,34.391,-0.0127,-0.0611,9.8552,-0.8547,-0.3798,-0.1045
8835,1131,687,34.447,34.514,0.019,0.0743,9.8748,-0.0588,0.9071,0.1013
8840,1133,690,34.353,34.453,0.0766,-0.0723,9.8279,-0.6671,0.3813,0.5229
8845,1156,690,34.451,34.482,-0.0482,-0.0803,9.8282,0.2182,-0.3616,-0.2141
8850,1151,701,34.447,34.496,-0.0411,-0.0094,9.8614,-0.2537,0.0732,-1.1416
8855,1155,710,34.383,34.434,-0.077,0.0191,9.8148,-0.2023,-0.7343,0.9285
8860,1156,716,34.411,34.517,-0.043,0.0218,9.787,0.5328,-0.8687,-0.2345
8865,1170,725,34.345,34.409,0.0769,0.0387,9.7938,-0.1343,-0.4312,-0.1291
8870,1169,733,34.431,34.448,-0.0856,-0.087,9.8429,0.0447,1.038,0.4932
8875,1173,742,34.383,34.453,-0.0084,0.0727,9.7264,0.6455,1.0807,0.0937
8880,1188,750,34.423,34.482,-0.0098,0.0529,9.8674,-0.6044,0.2497,-0.2243
8885,1182,752,34.402,34.492,0.046,-0.0299,9.8392,0.5628,0.1789,0.3616
8890,1182,762,34.304,34.49,-0.0066,-0.0568,9.8368,-0.9484,-0.3971,0.2696
8895,1184,766,34.547,34.45,0.0237,-0.0357,9.7836,0.522,-0.2564,-0.0914
8900,1199,784,34.513,34.477,-0.0392,-0.0112,9.8716,0.5021,0.3189,-0.2222
8905,1178,788,34.455,34.5,-0.0345,0.0354,9.792,-0.8516,-1.1128,-0.1148
8910,1187,795,34.431,34.443,-0.0201,0.0501,9.8417,-0.4046,-0.1522,0.1973
8915,1190,804,34.354,34.456,0.0051,0.0281,9.7895,-0.2891,-0.4741,-0.4952
8920,1188,808,34.43,34.428,0.0474,0.0603,9.774,-0.2456,0.3987,0.1567
8925,1184,812,34.434,34.388,0.1247,-0.0585,9.8165,-0.5469,0.0792,0.3857
8930,1191,828,34.324,34.458,0.0187,-0.0458,9.8715,-0.3409,-0.6661,0.2379
8935,1184,839,34.442,34.509,0.0418,0.021,9.7879,0.0887,-0.2603,-0.1435
8940,1184,836,34.35,34.569,0.0443,-0.0036,9.7166,-0.481,0.3872,-0.1999
8945,1172,841,34.406,34.425,0.0587,0.0554,9.7742,-0.5375,-0.2822,-0.5178
8950,1177,854,34.443,34.465,-0.0207,-0.0549,9.7195,1.2581,-0.072,-0.3522
8955,1180,861,34.412,34.341,-0.0348,-0.0907,9.7866,0.0331,-1.0404,0.1927
8960,1179,863,34.368,34.489,-0.0215,-0.0857,9.7989,0.1138,-0.232,0.2525
8965,1169,873,34.347,34.558,-0.1493,-0.0135,9.838,-0.4692,-0.3919,-0.3587
8970,1168,872,34.419,34.401,0.0312,0.036,9.8609,-0.123,0.1413,-1.5453
8975,1169,877,34.432,34.434,-0.0801,0.0045,9.8134,-0.1195,0.6148,0.3442
8980,1167,884,34.35,34.478,-0.0302,-0.0648,9.7898,0.0439,-0.0575,0.2401
8985,1173,890,34.388,34.465,-0.0127,-0.0715,9.736,0.4348,-0.247,0.3649
8990,1160,893,34.409,34.592,-0.0285,0.0017,9.8364,-0.2011,0.1758,-1.0663
8995,1155,895,34.388,34.396,-0.0857,0.0254,9.7497,0.2719,0.1803,-0.1454
9000,1143,904,34.297,34.477,-0.0378,0.0209,9.7594,0.4752,0.2462,1.2738
9005,1157,906,34.311,34.54,-0.0127,0.0622,9.8236,-0.1722,0.0403,-0.0866
9010,1143,916,34.438,34.414,0.0248,0.011,9.8443,-0.0486,0.5672,-0.18
9015,1133,910,34.427,34.457,0.1135,0.0362,9.7935,0.2902,0.4214,0.578
9020,1140,918,34.506,34.461,0.0081,-0.0683,9.8832,-0.503,-0.2539,-0.8017
9025,1130,912,34.444,34.431,0.0598,0.0044,9.7394,0.5893,-0.2513,-0.5215
9030,1131,922,34.379,34.547,0.019,0.0143,9.925,-0.0394,-0.3392,-0.7112
9035,1121,919,34.355,34.437,-0.0077,-0.0339,9.7745,0.1949,-1.0144,-0.0445
9040,1129,925,34.335,34.574,0.0358,0.0039,9.8453,0.5353,-0.2371,0.4497
9045,1124,924,34.397,34.56,-0.1064,-0.0367,9.8556,-0.2231,-0.5166,-0.4804
9050,1117,924,34.374,34.405,-0.0115,0.046,9.7832,0.6424,-0.3175,-0.6967
9055,1124,928,34.422,34.464,-0.0532,0.0416,9.788,0.85,-0.1359,-0.2567
9060,1101,924,34.37,34.428,0.0012,-0.1203,9.8113,0.1427,-0.5421,-0.9036
9065,1110,921,34.374,34.47,0.0611,0.0416,9.8064,0.4298,-0.5033,-0.2396
9070,1110,923,34.366,34.469,0.0101,-0.0363,9.7252,-0.0799,1.1145,0.0684
9075,1101,916,34.46,34.461,-0.0703,-0.0415,9.8588,0.6574,-0.5669,0.7478
9080,1106,917,34.379,34.494,0.0428,0.0045,9.843,0.3171,0.1746,0.1031
9085,1098,915,34.488,34.529,0.053,0.0131,9.889,-0.3347,0.1371,0.6963
9090,1095,911,34.42,34.48,0.1003,-0.0074,9.8746,-0.2095,-0.3742,0.1509
9095,1097,920,34.485,34.416,-0.0793,-0.0646,9.842,0.002,0.0132,0.4212
9100,1102,910,34.416,34.46,-0.0256,0.0015,9.8241,0.836,-0.4908,0.2003
9105,1090,914,34.414,34.486,0.0348,-0.0092,9.8251,0.753,-0.488,0.5246
9110,1088,912,34.396,34.565,-0.0211,-0.0144,9.8266,0.1734,-0.2426,-0.386
9115,1086,908,34.383,34.459,0.0292,-0.02,9.807,-0.8151,-1.3689,0.4099
9120,1091,908,34.365,34.432,-0.0047,-0.0009,9.7589,-0.1404,-0.1769,-0.1721
9125,1079,903,34.384,34.392,0.0302,-0.0233,9.8155,0.2781,0.3465,-0.4816
9130,1076,902,34.518,34.505,-0.0058,0.0222,9.8215,-0.4787,-1.0982,0.5661
9135,1080,903,34.401,34.441,0.0432,-0.0452,9.7795,-1.2291,0.4541,0.1202
9140,1069,904,34.317,34.391,-0.0323,-0.078,9.8505,-0.0708,0.5734,-0.1784
9145,1076,894,34.335,34.512,0.0002,-0.0172,9.7913,-0.0525,-0.3939,-1.1328
9150,1068,897,34.554,34.546,-0.0503,-0.0326,9.8046,-0.5961,0.2746,0.6012
9155,1070,895,34.392,34.441,0.0551,-0.0369,9.8146,-0.0983,-0.2212,0.4239
9160,1062,897,34.415,34.478,0.0036,0.0371,9.7998,0.6832,-0.3232,0.3097
9165,1057,888,34.43,34.404,-0.0744,-0.0301,9.7644,-0.8026,-0.6655,-0.5059
9170,1057,885,34.419,34.477,0.0452,-0.0738,9.8513,-0.1813,-0.7211,-0.3734
9175,1061,880,34.335,34.522,-0.0725,-0.0181,9.7868,0.4244,0.3372,-0.6006
9180,1053,881,34.467,34.441,0.0104,0.0526,9.8377,-0.984,0.5078,0.6351
9185,1052,889,34.446,34.506,-0.0148,0.0389,9.8684,0.606,-0.8335,-0.0304
9190,1046,879,34.423,34.421,0.0096,0.0085,9.8067,-0.0769,0.4125,0.1656
9195,1044,877,34.475,34.544,0.0397,-0.0169,9.8113,0.0416,0.0886,-0.2246
9200,1033,881,34.476,34.479,-0.0881,0.0181,9.8381,0.56,-0.4171,0.2324
9205,1032,883,34.375,34.451,0.0453,0.0813,9.738,0.9666,-0.8665,0.2356
9210,1023,869,34.412,34.369,-0.0387,-0.0149,9.8112,-0.5554,0.3672,0.6384
9215,1018,874,34.448,34.429,0.008,-0.0485,9.8528,0.2525,0.3408,0.1529
9220,1014,870,34.417,34.491,-0.0193,0.1218,9.8056,0.775,0.4802,0.2723
9225,1001,867,34.403,34.405,-0.1009,-0.0307,9.7376,0.2526,1.346,1.0193
9230,998,866,34.411,34.48,-0.0213,-0.0453,9.7424,0.3522,-0.2505,-0.0905
9235,1000,858,34.412,34.36,-0.0269,0.0127,9.8577,-0.0966,0.0387,0.1879
9240,993,865,34.331,34.474,-0.0805,0.0437,9.9147,0.9008,-0.2977,-0.3789
9245,974,861,34.481,34.479,-0.0149,-0.07,9.811,-0.108,0.5886,-0.2286
9250,973,855,34.396,34.448,0.0116,0.0677,9.8792,0.3034,0.2721,0.3539
9255,962,856,34.413,34.449,-0.0398,-0.0808,9.7947,0.5256,-0.6597,-0.046
9260,956,856,34.445,34.46,-0.0323,0.0275,9.8498,0.8188,0.4391,-0.0832
9265,942,853,34.369,34.475,0.012,-0.0439,9.7962,1.0304,-0.6249,-0.3741
9270,935,855,34.439,34.502,-0.053,0.0238,9.8657,-0.5148,-0.5242,0.2646
9275,930,853,34.393,34.423,0.0241,-0.0015,9.8849,0.1616,0.4493,0.8803
9280,915,852,34.434,34.316,0.0541,-0.0477,9.8029,0.2562,-0.3099,0.0767
9285,911,849,34.426,34.485,0.0309,-0.0488,9.8056,0.1604,0.9476,0.649
9290,912,848,34.442,34.413,-0.0154,-0.0459,9.8474,-0.1356,-0.7567,-0.0559
9295,894,841,34.405,34.477,0.0478,0.0123,9.7621,0.003,-0.2391,0.0921
9300,881,846,34.389,34.433,-0.0462,0.0445,9.8151,0.3234,-0.8083,-0.0478
9305,865,835,34.471,34.479,0.0416,0.0794,9.833,0.4516,0.121,0.0626
9310,872,839,34.347,34.431,-0.0698,-0.0436,9.9262,1.1298,0.1675,-0.0733
9315,861,836,34.504,34.4,0.0416,-0.0232,9.8479,-1.2068,0.3263,0.5825
9320,848,839,34.348,34.522,-0.0348,-0.0067,9.8712,0.8071,-0.1848,-0.6067
9325,845,831,34.398,34.45,-0.0657,-0.0474,9.8364,-0.0135,-0.2435,0.1291
9330,832,828,34.407,34.453,-0.0213,-0.0123,9.7101,0.2285,0.1433,0.1347
9335,823,820,34.466,34.427,0.0277,-0.0542,9.8136,0.3272,-0.2084,0.7657
9340,812,821,34.351,34.415,0.0514,0.0042,9.8228,-0.6993,-1.0422,0.3256
9345,808,824,34.352,34.562,0.0928,0.0118,9.8101,0.6061,0.2734,0.1212
9350,801,816,34.391,34.503,0.0627,0.0188,9.8157,0.2199,0.2827,0.0704
9355,794,814,34.46,34.417,0.0502,-0.0495,9.8869,0.1877,-0.0384,0.1572
9360,791,810,34.398,34.443,0.0511,0.0643,9.8457,0.3412,0.4439,-0.25
9365,783,802,34.327,34.49,0.0471,0.0338,9.7284,-0.6543,0.4082,0.2369
9370,777,800,34.407,34.472,0.0518,0.033,9.7986,-0.476,0.1445,-0.206
9375,766,791,34.395,34.463,0.0621,0.002,9.7622,0.5802,-0.7013,-0.4423
9380,763,789,34.309,34.54,-0.0812,0.0027,9.8092,0.2398,1.3813,0.2591
9385,757,789,34.388,34.477,0.059,-0.0511,9.805,0.511,0.1604,-1.3253
9390,753,779,34.525,34.466,0.0301,0.0411,9.819,-0.0307,0.704,-0.4717
9395,754,779,34.429,34.458,0.0947,-0.0287,9.8082,-0.0425,-0.0322,0.2445
9400,750,763,34.448,34.444,-0.0607,-0.0016,9.7385,0.5601,-0.1311,0.5913
9405,757,764,34.376,34.441,0.0452,0.0724,9.8359,-0.7838,-0.3395,-0.4577
9410,747,762,34.488,34.452,0.0331,0.003,9.7468,0.433,0.4064,-0.0069
9415,741,752,34.317,34.549,-0.0659,0.0391,9.8037,0.0272,-0.5448,0.4411
9420,747,748,34.498,34.461,-0.0602,-0.0886,9.8453,-0.1849,0.3632,-0.6803
9425,745,736,34.337,34.37,0.0842,0.0634,9.7825,-0.6365,0.3689,0.1023
9430,748,736,34.4,34.441,0.0047,-0.0632,9.9055,0.0384,-0.0645,0.0161
9435,751,732,34.397,34.451,-0.0071,0.0161,9.8504,0.2739,0.504,0.0328
9440,752,726,34.387,34.422,-0.0391,0.0668,9.8744,0.5622,-0.0147,0.443
9445,758,721,34.388,34.452,-0.0045,-0.0442,9.7998,-0.5483,-0.2001,0.1018
9450,771,715,34.444,34.506,0.0097,0.0075,9.7655,0.7449,0.4386,-0.0309
9455,758,712,34.405,34.411,0.0414,0.0534,9.7317,-0.1874,0.3607,0.0653
9460,764,701,34.427,34.4,-0.0124,-0.0476,9.8406,-0.8369,-0.4335,0.7834
9465,775,696,34.314,34.297,0.091,0.0332,9.7879,-0.5424,-0.0017,0.3629
9470,780,693,34.416,34.436,-0.0145,-0.074,9.7611,0.0247,0.772,0.005
9475,789,685,34.441,34.419,-0.0258,-0.0456,9.7414,0.1834,0.3402,0.3697
9480,784,681,34.487,34.46,-0.0517,0.0507,9.7698,-0.494,0.8819,-0.1736
9485,805,676,34.474,34.505,-0.0189,-0.0054,9.7893,0.9543,0.3216,0.2899
9490,824,668,34.455,34.429,-0.0098,-0.059,9.8372,-1.1899,0.5902,-0.9848
9495,822,664,34.347,34.455,-0.043,-0.0242,9.7546,-0.1409,0.7124,-0.3363
9500,832,662,34.375,34.596,0.0632,0.0303,9.8273,0.7695,-0.2694,0.0477
9505,839,654,34.406,34.545,-0.029,0.0512,9.7925,-0.6457,0.2111,0.2172
9510,850,650,34.373,34.481,-0.0646,-0.0276,9.8176,-0.8421,0.0078,-0.1061
9515,864,653,34.455,34.489,0.0664,-0.0908,9.764,0.1501,0.8653,0.0523
9520,876,645,34.364,34.514,0.0432,-0.0195,9.8352,-0.5593,0.3931,0.2433
9525,889,643,34.396,34.482,0.0053,0.025,9.7507,0.715,0.0028,-0.0983
9530,892,642,34.386,34.428,-0.0503,-0.0264,9.8761,0.6712,0.6286,0.1998
9535,912,640,34.399,34.499,-0.0525,-0.107,9.8386,0.2906,0.1176,-0.0259
9540,912,638,34.33,34.479,0.0544,-0.0546,9.8357,-0.0067,-0.7276,0.0743
9545,934,633,34.448,34.339,-0.0241,0.1181,9.8217,0.0167,0.6822,0.2779
9550,943,634,34.361,34.467,-0.0682,0.0278,9.7413,-0.0335,0.1014,0.1605
9555,957,631,34.431,34.454,-0.0404,0.0156,9.8269,0.2395,-0.1479,-0.7733
9560,975,635,34.499,34.474,-0.0224,0.0293,9.7584,-0.8015,-0.4459,-0.8061
9565,978,635,34.487,34.461,-0.0437,0.0391,9.8605,0.0371,-1.0355,-0.2558
9570,994,635,34.455,34.464,0.0524,-0.091,9.7706,-0.5551,0.0497,0.0993
9575,1009,636,34.437,34.538,-0.0382,-0.0016,9.8083,-0.3913,0.6094,-0.1711
9580,1016,640,34.457,34.383,0.0491,0.0356,9.7972,-0.0165,0.0586,0.0766
9585,1020,648,34.356,34.417,0.0377,-0.0168,9.799,0.3245,0.4178,0.0672
9590,1035,645,34.461,34.491,0.0102,-0.0461,9.8562,-0.9707,0.4276,-0.2091
9595,1055,641,34.418,34.499,0.027,-0.0348,9.7632,0.4371,0.0828,0.2616
9600,1066,647,34.399,34.482,0.0267,-0.0431,9.7974,-0.4016,-0.4784,-0.3164
9605,1073,656,34.496,34.491,-0.0038,-0.0235,9.7983,-0.5745,-0.1081,-0.5679
9610,1071,661,34.47,34.467,-0.0426,-0.0365,9.7371,1.0598,-0.8525,0.2058
9615,1101,666,34.415,34.493,-0.0255,-0.0072,9.8159,-0.3486,0.372,0.0245
9620,1101,668,34.368,34.484,-0.0236,-0.0142,9.7954,-0.2218,0.7868,0.1374
9625,1105,670,34.48,34.442,0.0251,-0.0159,9.8753,-0.0241,-0.2505,0.0704
9630,1120,681,34.447,34.51,0.0819,0.0674,9.9022,-0.2558,0.0793,-0.1427
9635,1124,681,34.329,34.398,0.0174,0.0685,9.834,-0.7701,-0.199,-0.5535
9640,1137,690,34.469,34.483,-0.0452,-0.0781,9.8325,-0.3222,-0.9727,-0.2689
9645,1137,695,34.438,34.377,-0.0869,0.0075,9.6871,0.2803,-0.3768,0.0524
9650,1142,696,34.491,34.447,-0.0365,-0.0255,9.7696,0.039,0.2644,-0.533
9655,1159,711,34.447,34.468,-0.0248,-0.0174,9.7979,0.5303,-0.35,0.1899
9660,1157,722,34.398,34.471,-0.001,-0.0233,9.8098,-0.0642,0.7388,0.2773
9665,1165,723,34.502,34.418,0.0927,-0.0157,9.9032,-0.6787,-1.0761,-0.4905
9670,1166,734,34.43,34.41,-0.0037,-0.0808,9.781,0.084,0.9449,0.1967
9675,1171,742,34.404,34.539,0.0532,-0.0207,9.7031,-0.2115,-0.0412,-0.5987
9680,1174,742,34.396,34.491,0.101,-0.0267,9.8239,-0.3051,-0.4512,-0.0399
9685,1181,758,34.485,34.438,0.0386,0.0576,9.732,0.8082,0.3794,-0.3975
9690,1169,761,34.366,34.409,-0.0645,-0.0277,9.7856,-0.4564,-0.3132,0.3596
9695,1189,769,34.345,34.456,0.0161,0.1446,9.7778,0.8525,0.3029,0.0407
9700,1180,782,34.379,34.401,0.0012,0.0106,9.8981,-0.2457,-0.7085,-0.2582
9705,1180,789,34.377,34.419,-0.0776,-0.0988,9.755,-0.0083,0.497,-0.1032
9710,1187,793,34.398,34.522,-0.0204,0.0569,9.7755,-0.1572,-0.7105,-0.5455
9715,1196,804,34.395,34.394,0.0536,-0.0168,9.8714,0.6941,0.8459,0.5636
9720,1191,810,34.426,34.468,-0.0472,-0.0319,9.7407,0.5487,0.4963,-1.4055
9725,1190,817,34.402,34.548,-0.0263,0.0023,9.7471,-0.05,-0.9243,-0.0179
9730,1181,824,34.419,34.355,-0.052,-0.1069,9.7856,0.0506,-0.3678,-0.0054
9735,1181,832,34.379,34.427,-0.0012,-0.0741,9.891,0.277,0.3036,-0.1607
9740,1181,835,34.39,34.463,-0.0634,-0.0068,9.7827,0.4832,-0.1989,0.2746
9745,1188,848,34.442,34.349,0.0143,-0.0337,9.7564,-0.085,-0.2339,0.3926
9750,1173,856,34.366,34.47,0.016,-0.0139,9.8147,-0.0707,0.3252,-0.1099
9755,1178,862,34.437,34.385,0.0251,0.0058,9.861,-0.86,-0.6928,0.2291
9760,1174,869,34.29,34.503,0.0185,-0.0324,9.8883,1.4643,0.4762,-0.0191
9765,1172,873,34.444,34.544,0.0189,0.0936,9.8167,0.6991,-0.2615,-0.1128
9770,1176,876,34.415,34.484,-0.0602,-0.065,9.8556,-0.5313,-0.1306,-0.0543
9775,1167,888,34.429,34.548,0.1076,0.0859,9.8553,0.2306,0.353,0.9337
9780,1167,888,34.46,34.5,0.1131,-0.0284,9.9,0.196,-0.0167,0.0509
9785,1151,896,34.404,34.588,0.0627,0.1009,9.8133,-0.2022,-0.7446,0.2697
9790,1157,894,34.395,34.468,-0.0453,0.0614,9.783,0.8758,-0.895,-0.5683
9795,1152,906,34.466,34.486,0.097,0.0062,9.7919,0.7537,0.0819,-0.6991
9800,1150,904,34.366,34.499,0.0348,-0.0495,9.7959,-0.0224,0.4816,0.732
9805,1149,914,34.474,34.428,-0.0449,-0.0025,9.8263,-0.132,-0.474,0.0305
9810,1151,911,34.424,34.467,0.0799,0.005,9.7704,-0.3354,-0.8518,-0.3102
9815,1143,914,34.392,34.362,0.0244,0.0029,9.8197,0.5258,0.4858,-0.0971
9820,1141,916,34.407,34.464,0.0488,0.006,9.7988,0.4062,-0.1199,-0.1326
9825,1145,914,34.484,34.46,-0.0224,0.0379,9.801,-1.0682,-0.0961,-0.548
9830,1129,923,34.365,34.422,-0.0055,0.0569,9.766,0.0431,0.0209,1.1986
9835,1121,918,34.351,34.578,-0.0315,-0.0008,9.8929,0.1936,-0.5276,-0.6135
9840,1116,920,34.434,34.482,0.0307,-0.0605,9.8573,0.4007,-0.4126,1.0528
9845,1115,922,34.344,34.46,-0.0039,-0.089,9.8657,0.8346,-0.3191,-0.3991
9850,1109,918,34.42,34.461,0.0269,0.0358,9.866,0.7742,-0.3553,0.6727
9855,1116,920,34.356,34.428,0.0878,0.0036,9.8489,0.2046,0.3645,0.4816
9860,1116,924,34.386,34.451,-0.0181,0.137,9.8159,0.2588,0.3904,0.1529
9865,1114,920,34.405,34.464,-0.1144,-0.1186,9.8835,0.2854,-0.4281,0.3643
9870,1116,923,34.451,34.433,-0.0298,-0.0435,9.8122,0.2546,0.53,-0.188
9875,1108,919,34.426,34.548,0.1044,-0.1302,9.865,0.0954,0.7408,0.4318
9880,1104,917,34.404,34.553,-0.0885,0.0463,9.8374,0.7025,-0.5242,0.9779
9885,1105,919,34.435,34.427,0.0036,0.0159,9.8496,0.233,0.2294,-0.0665
9890,1097,922,34.473,34.422,0.0561,0.0426,9.7821,-0.4741,-0.5315,0.7541
9895,1092,921,34.317,34.412,-0.0554,-0.0692,9.8641,0.3411,-0.0062,0.212
9900,1092,911,34.408,34.506,0.0249,0.0381,9.8352,-0.246,-0.4075,0.0964
9905,1095,909,34.461,34.496,-0.0382,-0.0702,9.8321,-0.7664,0.2828,-1.1164
9910,1102,913,34.389,34.446,0.0415,0.0067,9.831,0.8849,-0.6629,-0.2841
9915,1091,907,34.414,34.492,0.0434,0.0152,9.7899,-0.7208,-0.247,0.2351
9920,1085,912,34.363,34.407,0.061,-0.0192,9.8684,0.3489,-0.656,-0.6931
9925,1083,908,34.386,34.459,-0.0592,0.0306,9.8699,0.1814,-0.2061,-0.7034
9930,1080,903,34.329,34.508,-0.0665,0.0895,9.7623,0.2788,0.1193,-0.7942
9935,1081,897,34.437,34.381,-0.0081,-0.0371,9.7227,-0.1627,-0.1989,0.0336
9940,1081,896,34.385,34.442,0.0598,0.0673,9.8226,-0.4185,-0.3032,0.5083
9945,1080,895,34.396,34.446,0.0037,0.0004,9.7286,-0.7388,0.0809,0.6121
9950,1068,901,34.431,34.479,-0.0675,-0.0917,9.9245,0.1974,-0.3154,-0.2341
9955,1071,890,34.409,34.41,-0.0787,0.0246,9.8078,0.455,0.7236,-0.3813
9960,1068,891,34.523,34.419,0.0004,0.0239,9.8157,-0.0492,0.3148,-1.2977
9965,1062,895,34.367,34.442,0.0126,-0.0246,9.7714,0.9308,0.2496,-0.5621
9970,1060,886,34.413,34.416,0.0222,-0.0116,9.8314,-0.8296,0.3628,0.3916
9975,1055,877,34.415,34.445,0.0396,-0.0733,9.9185,-0.1342,-1.3235,-0.1834
9980,1058,886,34.389,34.509,-0.0193,-0.0214,9.726,-0.4243,-0.9613,0.6669
9985,1051,878,34.473,34.578,0.0417,0.0389,9.7258,0.326,0.2793,-0.9313
9990,1047,879,34.437,34.444,0.0971,0.0342,9.8581,0.8501,-0.2056,-0.6581
9995,1039,871,34.441,34.468,-0.1183,-0.0291,9.8196,-0.0546,-0.0453,0.0472
10000,1035,874,34.479,34.51,-0.0283,-0.0634,9.7836,0.4509,-0.3409,0.6683
10005,1018,870,34.418,34.432,-0.0763,-0.051,9.8166,0.0723,0.1322,-0.663
10010,1019,875,34.321,34.365,0.0497,0.0747,9.8373,-0.3932,0.7737,-0.0203
10015,1017,862,34.478,34.395,-0.0164,-0.0231,9.7633,0.8893,-0.7612,0.6815
10020,1015,866,34.49,34.442,0.0784,-0.0401,9.819,-0.459,-0.2838,-0.2854
10025,1007,865,34.384,34.521,0.0339,-0.0225,9.9192,-0.0426,-0.5881,-0.0079
10030,992,863,34.328,34.465,0.1029,-0.0668,9.8811,0.6195,0.4012,-0.3551
10035,998,861,34.505,34.484,-0.0056,-0.0172,9.8169,-0.1028,0.1756,0.08
10040,988,867,34.476,34.484,-0.0247,0.0237,9.7667,1.5624,0.0028,0.1745
10045,980,857,34.264,34.499,-0.0152,0.027,9.9016,-0.139,-0.0968,0.3186
10050,963,860,34.372,34.452,-0.0299,-0.0054,9.813,0.0032,0.4318,-0.5969
10055,970,856,34.473,34.417,-0.0275,0.0699,9.835,0.6568,0.3342,0.6563
10060,954,860,34.416,34.397,-0.0308,-0.0089,9.8476,-0.0568,-0.1059,0.7718
10065,936,856,34.465,34.419,0.0585,-0.0063,9.8276,-0.1471,-0.0808,-0.5342
10070,940,850,34.408,34.491,0.106,-0.0031,9.7958,0.4771,-0.0113,-0.4017
10075,920,849,34.355,34.478,0.0402,0.0356,9.8215,0.4185,-0.6772,-0.2682
10080,919,847,34.468,34.421,-0.0499,-0.0139,9.8576,0.4017,-0.1531,0.0836
10085,915,851,34.419,34.487,-0.0247,-0.0338,9.7752,0.1455,-0.3018,0.3415
10090,901,842,34.484,34.421,0.0644,0.0177,9.8718,-0.8355,-1.2578,-0.2673
10095,886,847,34.422,34.42,-0.0383,-0.0658,9.7252,-0.3499,0.2405,0.4884
10100,887,848,34.401,34.438,-0.0324,-0.0297,9.7565,0.2122,0.1283,-0.314
10105,866,842,34.415,34.475,0.0491,-0.0294,9.7588,0.3617,-0.859,-0.078
10110,864,839,34.432,34.483,-0.0212,0.0719,9.7433,0.1207,0.1916,-0.084
10115,847,836,34.391,34.514,0.0039,-0.0057,9.7031,-0.2549,0.3454,1.394
10120,845,837,34.34,34.438,-0.0431,0.0888,9.8344,0.058,0.5485,-0.2969
10125,838,831,34.451,34.458,0.0166,0.0915,9.8774,-0.4122,0.0992,-0.5171
10130,825,832,34.416,34.466,-0.0674,-0.0403,9.7346,-0.2155,-0.7108,0.1925
10135,823,824,34.442,34.485,-0.0257,0.035,9.8601,-0.1787,0.3143,0.1349
10140,814,824,34.438,34.465,0.0719,-0.0286,9.7921,-0.0694,-0.4593,-0.5942
10145,809,816,34.477,34.42,0.0507,0.0268,9.7872,0.0759,0.1347,0.8863
10150,809,817,34.47,34.424,-0.0071,0.0315,9.8587,-0.1098,-0.222,-0.3708
10155,800,812,34.385,34.485,-0.0187,-0.1551,9.8175,0.2212,0.8154,0.667
10160,788,810,34.395,34.491,0.0293,-0.1222,9.7107,0.4385,-0.0562,0.3811
10165,781,798,34.48,34.436,0.0181,0.009,9.876,-0.3732,-0.0262,0.4137
10170,777,799,34.415,34.447,0.0943,0.0448,9.8602,0.2592,-0.2247,-0.8258
10175,772,803,34.447,34.424,-0.007,-0.0297,9.852,-0.0155,0.0596,-0.4623
10180,770,790,34.449,34.471,0.0343,-0.0834,9.7483,1.1568,-0.8599,-0.3854
10185,763,783,34.343,34.428,-0.0001,-0.0794,9.7142,0.1835,-0.4185,-0.5785
10190,759,776,34.374,34.452,-0.0099,-0.0327,9.7775,0.5531,-0.6522,-0.3977
10195,746,777,34.37,34.415,0.0275,0.0145,9.8591,0.4094,-0.5828,-0.05
10200,754,771,34.474,34.429,-0.0626,-0.0214,9.8243,-0.1082,1.0928,0.5156
10205,741,763,34.468,34.445,0.0187,-0.0196,9.8004,-0.0729,0.116,0.0535
10210,751,761,34.504,34.504,0.0057,-0.0131,9.8275,-0.5563,-0.2591,0.0185
10215,745,756,34.393,34.492,-0.0341,-0.0208,9.7547,-0.0855,-0.532,-0.3266
10220,744,748,34.439,34.511,0.0466,-0.0126,9.8477,0.2701,0.213,-0.4461
10225,753,738,34.442,34.498,0.0253,0.0056,9.7452,-0.4295,0.6584,-0.5451
10230,746,737,34.333,34.495,0.0364,0.0418,9.6744,0.1966,-0.0538,-0.1776
10235,749,727,34.286,34.437,-0.0045,0.022,9.8603,-1.0681,-0.2515,-0.0326
10240,754,728,34.383,34.444,0.0155,0.0732,9.814,-0.1725,0.8312,0.5307
10245,756,721,34.449,34.436,0.04,0.0065,9.7352,0.2978,0.1528,-0.3084
10250,761,705,34.418,34.506,-0.0797,0.002,9.8173,-0.8939,-0.4167,0.5549
10255,763,710,34.468,34.415,-0.022,-0.0594,9.8539,-0.0925,0.5704,0.9012
10260,769,701,34.43,34.455,-0.0341,-0.042,9.7645,-0.1536,0.1053,0.0021
10265,778,694,34.428,34.46,0.0228,-0.0545,9.7542,0.5574,-0.7252,0.8372
10270,782,687,34.404,34.438,-0.033,-0.0043,9.7895,-0.0937,-0.2965,-0.035
10275,799,686,34.532,34.355,0.0831,-0.0156,9.8261,-0.0109,0.8401,0.0357
10280,798,679,34.424,34.467,0.0322,-0.0028,9.7436,-0.0279,0.1135,-0.0201
10285,804,673,34.344,34.535,0.1042,0.0886,9.7519,-0.0374,0.031,0.3168
10290,823,665,34.423,34.428,-0.0725,-0.0531,9.8684,0.1379,0.6928,-0.8336
10295,818,666,34.438,34.39,-0.0248,-0.0691,9.7885,-0.4378,-0.6176,-0.6652
10300,828,661,34.428,34.613,0.071,0.0299,9.7335,0.3651,-1.2323,-0.4727
10305,847,661,34.412,34.443,-0.0089,0.061,9.7709,-0.9862,0.0161,0.3089
10310,854,654,34.391,34.52,0.0316,0.0385,9.8514,0.2488,0.8365,-0.573
10315,863,647,34.413,34.488,0.0419,-0.0855,9.7368,0.0213,-0.0759,-0.4459
10320,876,648,34.421,34.447,-0.0158,-0.0375,9.729,-1.0834,-0.0617,0.1804
10325,881,644,34.386,34.425,-0.0084,0.0214,9.7657,0.4609,-0.38,0.8087
10330,896,642,34.494,34.442,0.017,-0.0398,9.8171,-0.0861,0.6239,-0.2028
10335,911,638,34.308,34.468,0.0213,0.0157,9.725,0.8071,-0.534,-0.368
10340,922,639,34.404,34.463,0.0694,0.056,9.8591,0.6312,0.212,0.3201
10345,942,633,34.332,34.368,0.0401,0.0311,9.8366,0.0102,-0.4418,0.1572
10350,940,637,34.447,34.429,0.0066,0.0123,9.7695,-0.3344,0.2279,0.1411
10355,953,634,34.449,34.485,-0.0479,-0.0036,9.8482,0.6634,-0.0693,0.6573
10360,973,632,34.445,34.455,-0.1142,-0.0304,9.7533,0.1707,0.1569,0.3654
10365,982,637,34.365,34.449,0.0645,-0.0177,9.8027,0.0086,0.0408,-0.1896
10370,990,638,34.447,34.501,0.0438,-0.007,9.8765,-0.3706,-1.1309,0.0398
10375,1002,638,34.405,34.503,0.0594,-0.0102,9.7876,-0.1673,0.5259,0.2241
10380,1023,637,34.387,34.454,-0.0473,0.0156,9.8262,0.3057,-0.4548,-0.0626
10385,1029,644,34.369,34.486,0.0061,0.094,9.8181,0.2413,0.7936,-0.7768
10390,1038,647,34.354,34.416,-0.0198,0.0191,9.8443,-0.1297,1.284,0.1803
10395,1053,647,34.41,34.484,-0.024,-0.0626,9.8668,-0.0725,0.1962,0.528
10400,1068,653,34.465,34.478,0.0774,-0.0013,9.7485,-0.5281,0.2789,-0.6086
10405,1068,655,34.438,34.387,-0.0463,0.0029,9.7594,0.3063,0.7138,0.1443
10410,1085,653,34.396,34.442,0.0712,-0.007,9.7547,-0.6554,0.0731,-0.3113
10415,1093,665,34.499,34.405,-0.0299,-0.0007,9.7659,0.0084,-0.7249,-1.0799
10420,1095,672,34.432,34.396,-0.0455,-0.048,9.8484,0.3171,-0.1705,0.0342
10425,1110,677,34.461,34.409,0.0375,-0.0516,9.8227,-0.3275,-1.015,-0.3261
10430,1114,678,34.469,34.448,0.0363,0.0293,9.8241,0.5762,0.1285,-0.2271
10435,1131,688,34.436,34.497,-0.1163,0.0288,9.7653,-0.3808,-0.2498,0.9034
10440,1134,691,34.412,34.446,-0.0134,0.0204,9.7479,0.8651,-0.3951,-0.0609
10445,1134,698,34.437,34.364,0.0253,0.0264,9.7533,0.4481,-0.0458,0.1561
10450,1142,707,34.395,34.435,-0.0327,-0.0726,9.7489,0.934,-0.5723,-0.045
10455,1159,712,34.498,34.477,-0.0451,0.0079,9.8744,-0.5658,-0.289,0.3214
10460,1155,718,34.485,34.477,0.0826,0.0764,9.8836,-0.6628,0.6901,-0.3828
10465,1172,729,34.463,34.439,0.011,0.0416,9.7887,0.2971,-0.6441,0.4688
10470,1172,735,34.338,34.42,-0.0544,-0.072,9.7697,-0.1921,-0.1417,-0.182
10475,1174,741,34.335,34.395,0.0293,-0.003,9.7551,-0.1,0.3968,-0.1995
10480,1185,750,34.524,34.428,-0.0142,0.0407,9.882,0.2344,-0.065,0.9853
10485,1179,754,34.48,34.469,0.0005,0.0163,9.913,0.2451,-0.268,0.3413
10490,1178,767,34.452,34.474,-0.0043,-0.0076,9.8332,-0.2156,0.7585,-0.2476
10495,1193,775,34.439,34.506,0.0343,0.0756,9.9139,-0.4696,0.859,0.3712
10500,1184,779,34.432,34.452,0.0527,0.0734,9.7403,-0.0635,1.1402,-0.2076
10505,1189,793,34.441,34.371,-0.0558,-0.0107,9.7964,0.3137,-0.2874,-0.6441
10510,1184,793,34.447,34.519,0.053,0.0858,9.8688,-0.615,0.1798,0.8072
10515,1192,799,34.359,34.379,0.0301,-0.067,9.7437,-0.596,0.0415,-0.3296
10520,1189,811,34.43,34.438,-0.0202,0.051,9.6861,-0.3324,0.067,0.0414
10525,1194,820,34.428,34.474,0.0052,0.0182,9.7727,0.5475,0.0291,0.0513
10530,1180,826,34.488,34.494,0.0564,-0.0488,9.7075,0.2779,0.0014,-0.6598
10535,1185,834,34.463,34.478,0.0134,-0.0015,9.7834,0.2854,-0.2003,-0.7795
10540,1180,846,34.408,34.444,0.0099,-0.0633,9.8195,-0.5336,0.109,-1.0991
10545,1185,849,34.437,34.612,0.0234,-0.0292,9.7873,0.2399,-0.3904,-0.2539
10550,1180,858,34.368,34.389,0.0683,-0.033,9.809,-0.4108,0.1537,0.9499
10555,1169,863,34.471,34.454,0.0305,0.0351,9.8389,0.0513,0.1023,0.1801
10560,1172,869,34.493,34.583,-0.0922,-0.0348,9.7317,-0.6515,-0.197,-0.197
10565,1171,867,34.353,34.469,-0.0464,-0.0671,9.8697,0.484,0.3425,0.3603
10570,1166,885,34.478,34.512,-0.0185,-0.0241,9.8162,0.6366,-0.6421,0.4487
10575,1159,882,34.501,34.439,0.0168,0.0035,9.7847,-0.141,0.7645,0.1695
10580,1157,888,34.443,34.395,-0.0658,-0.0171,9.8052,0.1269,-0.061,-0.2188
10585,1156,888,34.459,34.567,-0.0209,-0.0729,9.8182,0.105,0.3382,-0.1759
10590,1162,900,34.34,34.463,0.0032,-0.0202,9.7893,-0.0557,-0.1902,0.7137
10595,1155,906,34.519,34.414,0.0307,0.0669,9.7579,-0.4485,0.2586,0.2572
10600,1159,909,34.421,34.499,-0.0289,0.1159,9.8294,-0.8956,-0.1244,-1.1634
10605,1146,903,34.425,34.531,0.0541,-0.0827,9.8038,-0.0271,0.7536,-0.2149
10610,1136,912,34.265,34.483,0.0357,0.0397,9.8059,-0.1114,-0.0722,-0.3347
10615,1131,917,34.401,34.407,-0.0575,-0.0327,9.8267,0.0961,0.4494,-0.4539
10620,1137,913,34.495,34.471,0.061,-0.0479,9.796,-0.6596,-0.1881,-0.8277
10625,1134,917,34.416,34.414,-0.0159,0.0811,9.7776,1.1229,-0.2323,-0.5646
10630,1136,919,34.354,34.512,0.0146,0.0136,9.7271,0.5562,-0.1576,-0.2476
10635,1122,927,34.413,34.403,-0.0454,-0.0463,9.7682,-0.4861,-0.0941,-0.5727
10640,1129,926,34.469,34.478,-0.0151,0.0257,9.8928,-0.02,0.4551,-0.695
10645,1122,923,34.443,34.476,0.0275,-0.0364,9.7927,0.0588,0.881,-0.4258
10650,1125,919,34.482,34.461,-0.0533,-0.0235,9.9839,0.514,0.5,0.0472
10655,1117,928,34.478,34.454,-0.0039,0.0472,9.7782,0.6819,-0.2616,0.0586
10660,1113,921,34.416,34.378,-0.0181,-0.0254,9.7694,-0.2334,0.1662,0.6837
10665,1116,924,34.447,34.485,-0.093,-0.0829,9.8683,-0.8682,0.4785,0.7405
10670,1110,923,34.445,34.487,-0.0102,-0.0855,9.7595,-0.2791,0.4411,0.6423
10675,1111,920,34.397,34.467,-0.0646,-0.0032,9.8337,0.1412,0.2339,-0.4978
10680,1106,920,34.451,34.475,-0.031,0.0363,9.811,0.4107,0.0999,-0.3301
10685,1098,922,34.352,34.485,-0.0822,0.0196,9.7848,0.4876,0.3881,0.5515
10690,1096,916,34.327,34.483,0.0401,-0.0159,9.7914,-0.1048,0.5901,-0.8906
10695,1092,916,34.358,34.492,-0.0749,0.0054,9.7749,0.4119,0.4616,0.0505
10700,1099,914,34.428,34.388,0.0223,-0.0515,9.854,-0.2427,-0.642,-0.632
10705,1090,910,34.448,34.46,-0.0073,-0.0391,9.7788,-0.0783,-0.4563,0.3721
10710,1088,910,34.344,34.512,-0.0116,-0.0003,9.8036,-0.3784,-0.2317,0.152
10715,1091,909,34.381,34.453,0.023,0.0343,9.8293,-0.9451,0.5926,-0.1231
10720,1085,908,34.39,34.435,0.0048,-0.0155,9.7095,0.5742,0.0665,-0.0154
10725,1077,910,34.419,34.431,-0.0611,0.0114,9.7117,0.3072,-0.4442,-0.8435
10730,1090,904,34.439,34.486,0.0503,-0.0135,9.8003,0.4047,0.1287,0.1063
10735,1081,900,34.398,34.545,-0.0371,-0.1191,9.896,1.3275,-0.5986,-0.3261
10740,1074,896,34.401,34.501,-0.0537,0.0897,9.8167,0.5884,-0.5029,0.4362
10745,1073,892,34.496,34.506,-0.081,-0.0936,9.8823,0.8597,-0.0313,-0.6826
10750,1078,901,34.375,34.484,0.005,-0.0809,9.7657,-0.2939,-0.6067,0.3506
10755,1069,891,34.397,34.464,0.0172,-0.0086,9.8526,-0.3617,0.042,0.2972
10760,1071,889,34.34,34.462,0.0234,0.0023,9.7862,0.8569,0.7232,-0.0759
10765,1062,885,34.458,34.463,-0.0345,0.1116,9.7844,0.0673,0.7183,0.0465
10770,1053,883,34.404,34.46,-0.0548,-0.0575,9.7435,0.4626,-0.6911,0.0417
10775,1053,886,34.446,34.441,0.0653,-0.0656,9.807,0.1684,0.0432,-0.019
10780,1051,887,34.414,34.533,-0.0317,-0.0111,9.9202,-0.1121,0.0502,0.9777
10785,1040,879,34.371,34.505,0.069,0.0217,9.797,0.1255,0.0226,0.9003
10790,1040,878,34.351,34.513,0.026,-0.0703,9.937,0.594,0.0115,0.2581
10795,1039,876,34.381,34.483,0.0308,0.0025,9.8818,-0.435,0.2121,0.3815
10800,1037,872,34.517,34.535,0.0112,-0.0151,9.7238,-0.6312,0.4602,0.7803
10805,1033,873,34.499,34.431,0.0403,-0.0003,9.8776,0.5593,0.2911,0.0104
10810,1031,872,34.469,34.384,-0.0143,0.0389,9.8424,-0.2356,-0.2386,0.008
10815,1007,869,34.387,34.496,-0.0354,-0.0837,9.7936,-0.8389,-0.6427,-0.5272
10820,1003,870,34.337,34.583,0.0206,-0.1076,9.7777,-0.0903,0.2497,-0.3622
10825,1010,864,34.425,34.489,-0.0101,-0.0595,9.9318,0.2474,-0.4253,0.3182
10830,987,865,34.37,34.427,-0.082,0.062,9.7506,-0.576,-0.5693,0.1958
10835,995,865,34.398,34.475,0.0537,0.026,9.7967,-0.2272,0.4482,-0.7064
10840,987,863,34.453,34.481,0.0347,-0.0667,9.876,0.5461,-0.1646,0.1375
10845,976,857,34.437,34.581,-0.0264,0.0041,9.831,-0.2716,0.522,-0.4515
10850,971,854,34.418,34.459,0.1306,-0.0415,9.7821,0.4218,0.2694,-0.8342
10855,959,857,34.471,34.378,-0.0812,-0.0247,9.8149,0.6777,-1.1956,-0.2524
10860,950,860,34.533,34.506,0.0075,-0.0565,9.8313,-0.1456,-0.0009,0.8792
10865,944,854,34.355,34.478,-0.0261,-0.0547,9.8275,0.9897,-0.213,0.2694
10870,935,854,34.47,34.498,0.0154,-0.0895,9.7752,-0.4335,-0.3064,-0.008
10875,931,854,34.39,34.472,-0.0551,0.0269,9.7402,1.0157,-0.3536,0.4294
10880,925,851,34.366,34.439,0.0368,0.0189,9.8692,0.534,-0.1487,-0.056
10885,910,851,34.451,34.434,0.032,0.0553,9.8008,-0.6368,-0.9224,0.227
10890,902,850,34.353,34.459,0.0195,-0.0464,9.8266,0.4333,-0.5939,-0.338
10895,899,846,34.408,34.447,0.0225,0.0352,9.7388,-0.7532,-0.3475,0.2195
10900,885,836,34.524,34.502,0.0036,0.0343,9.841,-0.724,0.2793,-0.4157
10905,873,837,34.397,34.44,0.0517,-0.0456,9.7549,-0.2534,-0.081,0.4609
10910,870,840,34.396,34.532,0.0376,0.0262,9.8501,-0.1211,0.444,-0.1692
10915,858,834,34.386,34.511,-0.0011,-0.0166,9.8218,-0.3083,-0.5628,0.3008
10920,842,835,34.395,34.522,0.0352,0.0626,9.8384,-0.1991,0.3929,0.312
10925,844,830,34.482,34.462,-0.0204,-0.0286,9.8916,0.2231,-0.0957,-0.3716
10930,828,825,34.466,34.386,-0.0409,-0.1083,9.813,-0.8381,-0.2713,0.246
10935,830,825,34.386,34.627,0.0236,0.0164,9.7882,0.6406,0.0546,-0.5846
10940,817,823,34.399,34.497,0.059,-0.0026,9.7908,-0.9462,-0.0706,-0.589
10945,807,821,34.44,34.501,-0.0162,0.1375,9.8875,0.4131,0.3966,-0.3906
10950,800,817,34.339,34.479,-0.0662,-0.0181,9.7935,-0.3366,0.3315,0.7549
10955,783,811,34.386,34.495,-0.097,0.079,9.7776,0.321,0.8009,0.3412
10960,784,804,34.394,34.446,0.0285,-0.029,9.8308,0.0176,-0.2406,-0.3758
10965,783,803,34.393,34.424,0.0044,-0.0068,9.8211,-0.11,-0.1765,-0.3388
10970,770,793,34.457,34.397,-0.0523,-0.0524,9.8822,0.2034,-0.3462,-0.5551
10975,764,787,34.385,34.398,0.0785,0.052,9.84,-0.0008,0.2924,-0.4851
10980,770,792,34.392,34.534,-0.0404,0.1058,9.8395,-0.8428,0.5047,-0.1678
10985,760,780,34.359,34.537,0.096,0.0208,9.7522,-0.2561,0.272,-0.0806
10990,755,781,34.456,34.489,0.0905,0.031,9.851,1.0317,0.0306,0.2133
10995,744,775,34.43,34.371,0.0722,0.0086,9.8457,-0.2713,-0.444,-0.9936
11000,756,766,34.386,34.57,0.0617,-0.0764,9.7643,0.0767,0.0532,0.1522
11005,745,761,34.485,34.471,-0.0599,-0.0737,9.8373,-0.5674,0.3141,0.3436
11010,742,764,34.496,34.454,-0.0111,0.0912,9.7965,-0.3495,0.2537,-0.2579
11015,753,750,34.469,34.501,0.0533,-0.0277,9.8331,0.333,-0.2002,0.8944
11020,749,745,34.448,34.506,0.0093,0.0351,9.7947,0.0337,-0.2893,0.0387
11025,743,739,34.376,34.464,-0.0841,0.0099,9.6988,-0.261,-1.0901,-0.3813
11030,736,734,34.421,34.472,0.0107,-0.0702,9.7811,-0.2342,-0.5169,-0.1287
11035,750,722,34.36,34.448,-0.0194,-0.0636,9.7911,0.5837,1.4518,-0.5878
11040,749,728,34.434,34.497,0.0428,0.0337,9.7594,-0.0845,0.7424,-0.4915
11045,752,711,34.456,34.44,-0.0276,0.0487,9.896,0.8492,0.5633,0.4299
11050,764,712,34.417,34.45,-0.0274,0.0537,9.8675,0.3862,0.485,0.2259
11055,775,703,34.305,34.408,0.0687,0.0495,9.7603,0.5975,0.6312,0.6912
11060,773,697,34.447,34.507,0.0183,-0.0461,9.826,-0.6715,-0.2121,0.7059
11065,773,693,34.462,34.533,-0.0351,-0.0086,9.7967,-0.4392,0.1613,-0.8978
11070,786,693,34.442,34.407,0.0414,0.0548,9.8277,-0.3751,-0.0017,-0.1985
11075,791,685,34.37,34.486,0.0661,0.0095,9.7111,-0.3436,0.0163,0.3348
11080,802,680,34.508,34.495,-0.0779,0.0527,9.7754,-0.2926,-0.639,0.2614
11085,813,673,34.444,34.526,0.0087,0.0742,9.8032,0.4348,-0.2701,-0.646
11090,817,672,34.468,34.467,-0.0437,0.0484,9.7423,0.6018,0.5177,0.0812
11095,816,667,34.435,34.519,-0.0255,0.0493,9.7871,-0.2014,-0.1809,0.5821
11100,835,659,34.507,34.453,-0.0549,0.0703,9.8166,-0.2351,0.16,0.6597
11105,841,654,34.431,34.429,-0.0031,0.1012,9.8023,0.4972,-1.5724,0.0982
11110,851,653,34.463,34.459,0.0647,0.007,9.8035,-0.7045,0.8849,-0.7031
11115,868,648,34.424,34.506,0.0107,-0.0238,9.8023,0.1875,-0.3509,0.347
11120,886,647,34.435,34.449,-0.007,0.0554,9.8459,0.2635,-1.224,-0.229
11125,884,646,34.438,34.512,-0.0599,0.0955,9.8097,-0.1685,-0.0497,1.1223
11130,903,639,34.358,34.473,0.0717,0.0025,9.7821,1.3258,0.1259,-0.6779
11135,916,639,34.379,34.439,0.0273,-0.0437,9.8464,0.0271,-0.4635,0.4849
11140,917,635,34.436,34.487,0.079,0.104,9.858,0.3326,-0.8183,0.5856
11145,928,632,34.378,34.411,-0.009,0.0737,9.8021,0.3832,-0.4238,0.8627
11150,943,633,34.466,34.398,0.0358,-0.0713,9.8098,0.0146,-0.678,-0.6433
11155,957,640,34.396,34.54,0.0988,-0.0105,9.8134,-0.2347,-0.1449,-0.1656
11160,966,635,34.415,34.524,-0.0779,0.0296,9.8209,0.1113,0.0198,-0.4395
11165,973,632,34.487,34.53,0.0793,0.0463,9.8081,0.258,0.0314,0.3025
11170,987,636,34.515,34.533,0.0008,-0.019,9.8309,-0.1324,-0.1632,0.1121
11175,1004,639,34.345,34.492,0.0114,-0.0271,9.799,0.1967,-0.4137,-0.1122
11180,1016,644,34.462,34.446,-0.0642,-0.0812,9.8557,-0.5334,0.3741,0.5551
11185,1032,640,34.458,34.498,-0.0403,0.0307,9.8595,0.1797,-0.4501,0.0515
11190,1047,645,34.463,34.492,0.0129,-0.0481,9.8465,0.5022,0.1642,0.0687
11195,1058,648,34.404,34.485,-0.0034,-0.0199,9.7707,1.1926,0.5555,-0.1098
11200,1065,654,34.464,34.424,0.0402,-0.0335,9.7898,-0.054,-0.4878,0.3283
11205,1067,651,34.387,34.402,-0.0705,0.0061,9.7856,0.841,-0.1081,0.0733
11210,1087,658,34.406,34.498,-0.0701,0.0538,9.728,-0.757,-0.2292,-0.2892
11215,1096,661,34.452,34.453,0.0562,-0.0386,9.7417,0.0883,0.3155,0.0925
11220,1103,669,34.438,34.398,0.0359,0.0108,9.7245,0.3476,-0.8547,0.6657
11225,1105,680,34.454,34.54,-0.0351,-0.0362,9.8756,-0.0839,0.0171,-0.5277
11230,1124,678,34.389,34.453,-0.0143,-0.0059,9.7778,0.1351,1.0554,-0.3024
11235,1128,690,34.472,34.459,-0.0075,-0.08,9.8714,-0.2166,-0.2872,-0.5677
11240,1124,690,34.411,34.517,0.0793,-0.0206,9.7646,0.0531,0.0509,-0.1965
11245,1148,700,34.398,34.477,-0.0093,0.0426,9.7921,-0.5338,0.5325,0.0739
11250,1146,705,34.375,34.469,-0.0003,0.0899,9.8566,0.5346,-0.0701,0.0974
11255,1151,719,34.419,34.41,-0.0739,0.0766,9.7906,-0.1187,-0.4849,-0.2461
11260,1168,714,34.419,34.416,-0.0541,-0.0365,9.7933,-0.0485,0.5797,-0.1218
11265,1173,728,34.441,34.425,-0.0531,0.0051,9.9296,0.0185,-0.2954,0.0917
11270,1167,731,34.356,34.494,0.0239,0.0866,9.7599,0.4716,-0.4387,-0.6015
11275,1174,739,34.39,34.484,0.0184,0.0279,9.8057,0.1246,-0.7499,-0.1755
11280,1180,749,34.423,34.463,0.1213,-0.072,9.8637,-0.7379,0.7884,-0.4777
11285,1181,755,34.43,34.497,-0.0172,-0.0136,9.8255,0.6832,-1.0859,0.9451
11290,1182,764,34.45,34.503,0.004,0.0813,9.8054,0.3022,0.2677,0.5709
11295,1179,770,34.424,34.505,-0.0154,0.0688,9.7359,0.2608,0.6096,-0.6946
11300,1172,780,34.409,34.458,-0.0456,0.0803,9.8509,-0.1388,0.2757,-1.2122
11305,1191,790,34.484,34.38,-0.121,0.0241,9.757,-0.0462,0.1473,0.1763
11310,1184,797,34.337,34.423,0.0782,0.0363,9.9241,0.5105,-0.387,0.5864
11315,1189,805,34.495,34.448,-0.0209,0.0023,9.7275,0.1849,0.2651,0.3269
11320,1182,812,34.375,34.407,-0.0562,-0.0842,9.8836,0.2151,-0.3316,0.2424
11325,1188,823,34.351,34.585,-0.0117,-0.0102,9.8234,0.1071,-0.5053,0.54
11330,1183,827,34.369,34.456,-0.0068,-0.0772,9.7717,0.0659,0.3718,-0.0362
11335,1183,837,34.443,34.44,-0.0277,0.0224,9.885,-0.0214,-0.0171,0.1705
11340,1185,840,34.363,34.498,-0.0145,0.0432,9.7829,-0.2209,1.2617,-0.0519
11345,1185,845,34.426,34.393,-0.0384,-0.054,9.821,-0.0319,-0.206,-0.044
11350,1173,853,34.482,34.485,0.0465,0.0024,9.8121,-0.0338,0.1859,1.1364
11355,1176,859,34.308,34.426,0.0096,-0.1278,9.7733,-0.4967,0.045,-0.6912
11360,1173,867,34.304,34.485,0.069,0.0766,9.8001,-0.4015,-0.2805,0.2431
11365,1168,878,34.348,34.477,0.0703,-0.0056,9.8066,-0.626,-0.1481,-0.1601
11370,1180,879,34.462,34.499,0.0161,0.0096,9.7655,0.3773,0.9577,-0.5337
11375,1166,885,34.437,34.504,0.0287,0.0378,9.7657,-0.1636,0.2772,0.367
11380,1161,892,34.429,34.477,0.065,0.0461,9.8369,-0.1203,-0.357,0.4904
11385,1157,897,34.414,34.412,-0.0103,-0.1061,9.7806,-0.0254,-0.2098,-0.3698
11390,1163,902,34.428,34.463,-0.0264,-0.1158,9.8497,-0.2931,-0.2631,-0.6788
11395,1152,902,34.42,34.485,0.111,-0.0309,9.7572,-0.0978,-0.2507,0.0516
11400,1145,902,34.422,34.389,0.0129,-0.0241,9.8027,-0.9491,0.2985,0.7487
11405,1142,909,34.542,34.519,-0.0491,0.0004,9.8243,0.1546,0.3282,-0.1939
11410,1149,912,34.374,34.535,-0.003,-0.0404,9.7877,-0.5749,0.3172,-0.0397
11415,1138,915,34.358,34.479,0.0143,0.0462,9.8574,-0.6345,-0.3205,0.6191
11420,1133,921,34.391,34.504,-0.0561,0.052,9.795,0.5043,-0.4812,0.8165
11425,1139,921,34.491,34.513,-0.0814,0.0548,9.7908,-0.3748,0.2292,-1.3052
11430,1123,921,34.359,34.44,-0.0258,-0.0045,9.7743,-0.2065,-0.1354,-0.92
11435,1131,914,34.393,34.47,-0.0158,-0.0212,9.8109,-0.8618,-0.2063,0.0924
11440,1125,919,34.363,34.422,0.0246,-0.015,9.7656,-0.2826,0.8738,-0.6572
11445,1118,924,34.404,34.416,-0.0552,-0.0316,9.7875,-0.6054,0.035,-0.1601
11450,1115,925,34.469,34.404,0.0148,0.0242,9.7118,1.085,0.7555,-0.3576
11455,1123,922,34.435,34.519,-0.0119,-0.0045,9.8505,0.2109,1.069,-0.3687
11460,1109,930,34.416,34.485,-0.0381,0.018,9.7589,-0.0604,0.1422,0.0144
11465,1115,927,34.37,34.482,0.0334,-0.0612,9.8341,0.5025,-1.0237,-0.0943
11470,1109,927,34.478,34.425,-0.0053,0.078,9.7913,-0.6185,0.0143,0.7147
11475,1109,923,34.418,34.423,0.128,-0.0448,9.8202,0.1895,-0.054,0.7676
11480,1101,922,34.436,34.456,0.0646,-0.09,9.7559,0.1777,-0.0808,0.522
11485,1110,914,34.417,34.373,-0.0651,-0.0161,9.8878,-0.2043,0.119,0.9865
11490,1093,913,34.316,34.536,0.0228,-0.0528,9.7809,-0.4414,-0.5833,0.5115
11495,1102,909,34.48,34.404,0.0071,0.0212,9.8115,-0.8911,0.3401,0.1081
11500,1093,910,34.403,34.526,-0.0743,0.0149,9.775,0.1286,0.1219,-0.1368
11505,1094,909,34.464,34.469,0.0551,-0.0384,9.8301,-0.2191,-0.2065,-0.4698
11510,1089,913,34.395,34.556,0.0672,-0.0406,9.7864,0.481,-0.1057,0.6062
11515,1096,907,34.443,34.521,-0.0736,-0.0351,9.8126,-0.092,-0.4072,-0.8333
11520,1091,906,34.487,34.442,0.0713,-0.0534,9.8153,-0.0443,0.2977,0.7871
11525,1085,907,34.406,34.469,-0.0174,-0.0024,9.9244,-0.2562,-0.165,0.1406
11530,1070,899,34.444,34.435,0.0643,-0.0804,9.8003,-0.378,0.2658,0.4854
11535,1079,904,34.556,34.51,-0.0482,-0.0022,9.8197,0.122,0.0642,-0.9314
11540,1077,894,34.459,34.555,0.0357,0.0863,9.7822,-0.6133,0.1277,-0.1647
11545,1072,896,34.431,34.482,0.0053,-0.0269,9.7408,0.228,0.0948,0.5606
11550,1072,891,34.486,34.359,0.034,0.0975,9.9071,-0.72,0.6942,0.3155
11555,1066,891,34.469,34.553,-0.0756,-0.0364,9.7478,1.1008,-0.1979,0.0112
11560,1063,889,34.403,34.457,0.0706,0.0287,9.7458,0.5359,0.2672,-0.061
11565,1074,883,34.394,34.544,0.0994,-0.0022,9.8298,-0.4614,-0.0734,0.5014
11570,1048,882,34.427,34.509,0.0889,-0.0102,9.8192,-0.4392,-0.1889,-0.1905
11575,1064,885,34.427,34.505,0.0001,0.0335,9.6922,-0.0773,-0.3282,0.1893
11580,1043,877,34.453,34.438,-0.016,-0.0053,9.7705,-0.1715,0.8047,-0.3817
11585,1047,879,34.334,34.451,-0.0284,-0.1054,9.7001,-0.1192,0.3366,-0.1649
11590,1045,871,34.491,34.492,-0.0115,-0.009,9.8696,-0.7217,0.0572,0.2245
11595,1037,876,34.403,34.502,-0.0687,0.0007,9.8338,-0.7612,0.3884,0.2374
11600,1029,876,34.415,34.516,0.0426,-0.0076,9.815,-1.228,-0.2303,0.0154
11605,1032,871,34.451,34.564,0.0235,0.0313,9.7697,0.4979,0.6306,-0.9174
11610,1026,877,34.366,34.453,-0.0189,0.0164,9.8109,0.0909,-0.3174,0.0664
11615,1012,872,34.424,34.483,0.0687,0.0435,9.7549,-0.0167,0.8083,-0.5625
11620,1004,865,34.407,34.475,0.0607,0.0272,9.7232,-0.8895,0.1778,0.4909
11625,1008,864,34.312,34.503,-0.0172,-0.0875,9.808,1.3346,0.235,-0.2528
11630,993,866,34.347,34.577,0.0903,-0.0673,9.7351,0.3105,0.3896,-0.1943
11635,986,860,34.42,34.474,0.0069,-0.0189,9.8481,-0.0595,0.6936,0.5322
11640,984,866,34.454,34.438,0.0282,-0.0612,9.9244,-0.1979,-0.1047,0.2493
11645,976,856,34.363,34.414,0.033,0.0557,9.8694,-0.4919,-0.3316,0.7507
11650,971,858,34.399,34.477,0.0294,0.0151,9.7865,0.234,-0.8436,0.3694
11655,970,859,34.358,34.441,-0.0378,0.0359,9.7504,-0.6206,0.7937,-0.5272
11660,951,858,34.522,34.58,0.017,-0.0191,9.7404,-0.0729,-0.543,-0.4934
11665,949,854,34.469,34.511,0.0521,0.043,9.8728,-0.2202,-0.0513,-0.4715
11670,930,855,34.442,34.488,0.0496,-0.0239,9.7885,0.6955,0.2295,0.6192
11675,932,852,34.383,34.522,-0.0495,0.0146,9.865,-0.4647,0.6405,-1.1193
11680,925,850,34.376,34.529,0.0631,0.0726,9.7668,-0.6895,0.5517,-0.0654
11685,904,851,34.473,34.477,-0.0131,-0.0147,9.7412,-0.4329,0.0622,0.4076
11690,902,843,34.471,34.54,0.0026,0.0403,9.7071,-0.1574,-0.4487,-0.4236
11695,884,843,34.343,34.387,0.0097,-0.0478,9.7764,-0.0593,-0.6611,0.2131
11700,871,846,34.415,34.451,-0.0334,0.0099,9.738,1.0766,-0.5002,0.1216
11705,873,845,34.407,34.44,0.0265,0.0069,9.833,0.4136,0.4499,-0.5953
11710,864,841,34.344,34.443,0.0172,0.0185,9.8282,0.2744,0.0254,0.1289
11715,858,840,34.484,34.439,0.0621,0.0089,9.7077,1.5361,0.0416,0.5693
11720,851,835,34.383,34.461,0.0131,0.0658,9.7733,-0.4599,-0.1596,0.8809
11725,833,832,34.432,34.386,-0.0647,-0.063,9.7954,0.2012,0.8574,-0.1985
11730,829,826,34.422,34.383,0.0402,0.0248,9.8031,0.4631,0.0742,0.4959
11735,817,822,34.328,34.449,0.0173,-0.028,9.8255,-0.1498,-0.4511,-0.1929
11740,812,822,34.398,34.515,0.0609,0.1442,9.7837,0.4225,0.1882,-0.1757
11745,811,820,34.448,34.435,-0.0927,0.023,9.7792,-0.7208,0.2957,0.2369
11750,801,817,34.4,34.426,-0.0427,-0.0266,9.7888,0.3381,-0.2045,0.8823
11755,794,812,34.368,34.425,-0.0883,-0.0896,9.7859,0.0935,0.4197,0.0845
11760,785,810,34.401,34.497,-0.028,0.0188,9.935,-0.1907,-0.2699,0.5031
11765,774,802,34.482,34.515,0.0053,-0.0618,9.8588,-0.5049,0.1541,1.3084
11770,774,796,34.475,34.469,-0.1062,0.0062,9.7736,0.2947,0.6201,-0.0691
11775,767,787,34.393,34.638,-0.1336,-0.0022,9.7473,-0.7194,0.4593,0.3996
11780,758,791,34.45,34.485,-0.0251,-0.1316,9.835,-0.7409,-0.0527,-0.3659
11785,756,784,34.343,34.456,0.0004,0.033,9.8347,0.1584,-0.412,0.07
11790,755,776,34.469,34.473,-0.0832,-0.0423,9.8415,-0.2708,0.3087,-0.1291
11795,748,773,34.41,34.387,0.003,0.0329,9.8157,0.5596,0.4192,-0.5881
11800,757,766,34.435,34.448,-0.0842,0.001,9.8764,0.9597,0.7305,0.5889
11805,749,762,34.395,34.464,0.0749,0.0284,9.7854,-0.4268,-0.3929,0.4635
11810,742,757,34.454,34.47,0.0778,-0.0318,9.8054,0.1005,0.0353,0.7931
11815,749,754,34.465,34.399,-0.0297,-0.0453,9.7827,0.9978,-0.1086,-0.1875
11820,746,745,34.481,34.477,0.0296,0.0237,9.8372,0.2185,-0.2292,0.7335
11825,748,746,34.372,34.49,-0.0146,0.0718,9.8101,0.0539,-0.0329,0.5305
11830,750,732,34.511,34.46,-0.0087,-0.0134,9.8323,0.0312,0.2444,0.1277
11835,759,727,34.438,34.553,0.0278,0.0191,9.8185,-0.3386,-0.7358,-0.4481
11840,748,723,34.407,34.373,0.0493,-0.0394,9.9013,0.0565,-0.5392,0.1837
11845,752,720,34.393,34.502,0.007,0.0031,9.8851,-0.3102,0.3821,0.189
11850,767,710,34.412,34.515,-0.0336,-0.0185,9.9187,-0.2583,0.2757,-0.271
11855,763,707,34.416,34.459,-0.0016,0.0377,9.7281,-0.1121,-0.6427,-0.0913
11860,769,704,34.531,34.5,0.0475,-0.0083,9.7906,-0.4309,0.4519,0.618
11865,779,693,34.395,34.509,-0.0154,-0.0012,9.8336,0.043,0.3691,0.7453
11870,784,694,34.418,34.5,-0.058,0.0098,9.8425,0.4368,0.1019,-0.165
11875,794,684,34.351,34.408,0.017,-0.0757,9.8542,-0.5601,-0.1668,0.5999
11880,797,679,34.382,34.484,0.0687,-0.0273,9.821,0.1727,-0.0856,-0.3886
11885,810,670,34.435,34.491,-0.0267,-0.0403,9.797,0.0556,1.041,0.33
11890,820,668,34.476,34.397,0.0144,0.021,9.7274,-0.2991,0.0426,-0.1682
11895,832,658,34.428,34.532,-0.1476,0.0105,9.8643,0.0055,0.9056,1.0603
11900,843,654,34.426,34.481,-0.1251,0.0378,9.7646,-0.4894,0.6135,0.4036
11905,847,652,34.374,34.395,-0.0202,0.0018,9.7709,-0.3287,-0.2949,-0.3113
11910,856,646,34.439,34.431,-0.0419,0.0031,9.7728,0.234,0.8156,0.415
11915,868,650,34.333,34.44,-0.0595,0.0195,9.8328,0.4606,-0.3465,-0.8122
11920,882,646,34.422,34.514,-0.0218,0.0238,9.8526,0.5748,-0.1784,-0.1498
11925,894,648,34.393,34.423,-0.0819,0.0152,9.8443,-0.6974,-0.0948,-1.1153
11930,896,643,34.452,34.345,-0.0125,0.1508,9.8899,-0.2154,-0.5902,-0.2364
11935,910,636,34.32,34.393,0.0003,0.0637,9.8379,0.015,-0.2008,-0.312
11940,931,631,34.439,34.449,-0.0516,-0.0317,9.7437,-0.3127,-0.1011,-0.8973
11945,941,635,34.434,34.426,0.0202,0.0721,9.8778,-0.2421,-0.4102,0.9002
11950,948,636,34.365,34.464,0.0996,0.0552,9.8341,0.5373,0.5297,0.442
11955,967,638,34.406,34.41,-0.0204,0.0017,9.83,0.3238,-0.0664,-0.4381
11960,973,632,34.445,34.349,0.0097,-0.0402,9.8685,0.0249,0.3293,0.022
11965,981,634,34.556,34.377,0.0311,0.0641,9.7692,-0.5407,0.2803,-0.4708
11970,996,636,34.5,34.51,-0.0217,0.0563,9.7082,-0.0764,0.1014,-0.5568
11975,1007,635,34.467,34.436,0.0077,0.0241,9.8862,-0.4962,0.3208,1.2218
11980,1019,640,34.405,34.51,-0.0036,-0.013,9.7619,0.495,-0.1519,-0.4945
11985,1034,644,34.319,34.52,-0.0146,0.0786,9.7449,-0.5916,0.2443,0.5752
11990,1043,643,34.451,34.398,0.0405,0.0485,9.7387,0.4676,-0.017,-0.4076
11995,1055,650,34.55,34.538,-0.0137,-0.0727,9.8511,0.1883,0.6574,-0.6803
12000,1062,652,34.437,34.493,0.1027,0.1183,9.8362,-0.4864,-0.1637,0.206
12005,1077,660,34.405,34.443,-0.093,0.1034,9.868,-0.0855,0.2936,-0.2534
12010,1080,659,34.393,34.489,-0.0635,-0.0379,9.773,-0.1937,0.7873,-0.52
12015,1100,668,34.403,34.521,-0.0267,-0.0448,9.8324,-0.4216,0.1492,-0.2678
12020,1101,673,34.394,34.434,-0.0805,0.0372,9.8588,0.1506,-0.2623,0.0472
12025,1119,678,34.455,34.516,0.0093,0.0062,9.7799,0.8072,0.6559,0.2723
12030,1128,676,34.447,34.422,-0.0914,-0.0223,9.8216,-0.5604,0.688,-0.1312
12035,1129,687,34.476,34.478,0.0155,0.0208,9.7318,-0.266,0.5213,0.2294
12040,1144,694,34.465,34.582,-0.03,-0.0228,9.8088,-0.4558,0.3181,-0.1446
12045,1143,699,34.489,34.405,0.0042,-0.0069,9.904,-0.3837,0.2361,0.8969
12050,1155,706,34.486,34.48,0.0079,0.0646,9.7619,-0.6904,-0.1158,0.6763
12055,1158,715,34.383,34.465,0.0434,0.0399,9.7795,-0.0386,0.7216,-0.1196
12060,1163,725,34.38,34.415,-0.0049,-0.0943,9.7827,0.0027,0.1015,0.4692
12065,1162,724,34.475,34.469,-0.0692,0.0056,9.8035,-0.4538,0.6327,-0.8235
12070,1178,737,34.416,34.481,0.0099,0.0768,9.816,1.2795,1.0048,-0.9887
12075,1175,744,34.435,34.543,-0.0948,0.0279,9.7697,0.2198,0.2044,0.2012
12080,1181,748,34.505,34.548,0.0395,-0.0585,9.76,-0.0243,-0.2605,0.5687
12085,1181,755,34.47,34.458,-0.109,0.0933,9.7929,0.1466,-0.2191,0.619
12090,1190,766,34.441,34.487,-0.0226,-0.0248,9.7531,-0.5663,-0.1969,0.7796
12095,1191,779,34.537,34.411,-0.0444,0.0589,9.8188,-0.0034,0.2606,0.51
12100,1185,784,34.363,34.458,0.1025,-0.03,9.8234,-0.5283,1.0701,0.6091
12105,1183,792,34.428,34.51,0.0952,0.012,9.8697,0.2368,0.2112,0.0122
12110,1185,795,34.444,34.48,-0.0562,0.0556,9.8271,0.9001,0.0371,-0.3834
12115,1189,807,34.434,34.514,-0.0186,-0.0111,9.8496,0.1203,-0.0596,-0.0941
12120,1189,818,34.359,34.429,-0.0195,0.1194,9.7536,0.5627,-0.0905,0.3626
12125,1181,824,34.488,34.546,0.0875,-0.016,9.7716,-0.8326,0.0918,0.0322
12130,1179,826,34.417,34.533,0.0474,-0.0665,9.8082,-0.4385,0.7037,-0.7519
12135,1180,837,34.355,34.521,0.0152,-0.0088,9.8313,0.1325,-0.5595,-0.3181
12140,1172,841,34.377,34.443,0.0723,0.0706,9.759,0.1984,0.209,0.0154
12145,1186,849,34.476,34.452,-0.0779,-0.0905,9.7917,1.0031,0.4516,0.1141
12150,1177,854,34.433,34.468,0.0207,-0.0152,9.7638,0.6345,0.5868,-0.4901
12155,1182,863,34.378,34.4,0.0741,0.0087,9.7947,-0.2838,-0.8054,-0.499
12160,1175,874,34.451,34.526,0.0509,-0.0158,9.8689,0.8766,-0.0535,0.384
12165,1170,880,34.496,34.395,-0.0599,0.051,9.8375,0.4035,-0.1433,-0.1198
12170,1164,876,34.408,34.552,-0.064,-0.021,9.8454,0.1585,-0.3786,0.36
12175,1175,887,34.378,34.563,-0.0454,0.0157,9.8552,0.6128,-0.4057,0.0699
12180,1155,891,34.371,34.532,0.0408,-0.0442,9.7294,-0.845,-0.0273,-0.4849
12185,1159,896,34.422,34.432,0.033,-0.0342,9.8295,-0.2376,-0.5918,-0.0833
12190,1152,894,34.426,34.503,0.0665,-0.0836,9.9195,-0.5529,0.1568,-0.4404
12195,1158,902,34.48,34.415,0.0161,0.0014,9.8948,-0.5436,-0.2008,0.9138
12200,1146,907,34.439,34.508,0.0721,-0.0015,9.8198,0.5693,-0.1296,-0.3478
12205,1144,908,34.407,34.471,0.0216,0.0159,9.7261,0.4561,-0.2417,-0.2047
12210,1148,909,34.396,34.471,0.0182,0.0705,9.8757,0.087,0.0755,0.1085
12215,1141,912,34.505,34.494,-0.0221,0.0355,9.9096,-0.4553,-0.0136,-0.3314
12220,1134,917,34.414,34.42,-0.0555,0.0737,9.7494,-0.6363,0.6951,-0.0255
12225,1134,911,34.451,34.55,-0.019,-0.0115,9.8491,-0.4552,0.5244,-0.3941
12230,1136,924,34.475,34.535,-0.0367,-0.1011,9.7881,-0.6434,0.1504,-0.0214
12235,1128,920,34.467,34.531,0.0677,0.0031,9.7552,0.0253,0.3323,0.2835
12240,1119,920,34.485,34.498,0.0357,-0.001,9.8092,-1.061,-0.6875,-0.3652
12245,1122,922,34.454,34.393,-0.1216,-0.049,9.877,0.4176,-0.1456,0.4593
12250,1116,921,34.452,34.384,0.049,-0.0819,9.7933,-0.147,0.4457,0.0084
12255,1119,920,34.455,34.449,-0.0139,-0.0051,9.8577,-0.9246,-0.2705,-0.0634
12260,1119,921,34.407,34.531,-0.0726,0.0116,9.7634,-0.6162,-0.1486,0.1714
12265,1107,925,34.434,34.566,-0.0288,-0.0129,9.7549,0.3284,-0.12,0.623
12270,1108,923,34.437,34.469,-0.0286,0.0402,9.8708,0.2249,0.6406,-0.2055
12275,1105,922,34.512,34.552,-0.0917,0.0021,9.8414,-0.323,0.4539,0.0047
12280,1094,923,34.444,34.494,0.0117,0.0033,9.8763,0.0433,0.1213,-0.735
12285,1105,919,34.491,34.486,0.0311,-0.0923,9.7314,-0.6749,-0.6712,0.6519
12290,1103,914,34.405,34.478,0.0433,0.0141,9.7901,0.649,-0.1571,0.4758
12295,1099,914,34.473,34.484,-0.0357,0.0099,9.8256,-0.633,0.1215,0.3228
12300,1098,914,34.466,34.463,0.0309,-0.0918,9.8755,0.744,0.006,-0.1019
12305,1087,911,34.389,34.508,-0.0953,0.0046,9.8093,0.3812,-0.2048,0.4973
12310,1096,909,34.37,34.462,-0.0734,0.004,9.8834,0.2224,0.5543,-0.82
12315,1088,910,34.394,34.427,-0.0448,-0.1183,9.7586,0.2693,0.1944,0.1909
12320,1080,905,34.424,34.408,-0.0028,0.0237,9.8605,0.0115,0.3744,-1.129
12325,1084,908,34.337,34.448,0.0257,-0.0846,9.8622,0.56,0.2038,-0.4442
12330,1080,905,34.323,34.484,0.006,-0.0879,9.7335,-0.7617,-0.273,-0.3716
12335,1081,900,34.398,34.416,0.0224,-0.036,9.792,-0.7308,0.1726,-0.4818
12340,1077,898,34.425,34.425,-0.0424,0.0857,9.7463,0.9008,0.4771,0.1316
12345,1063,893,34.516,34.478,0.0462,0.0833,9.7727,-0.5247,0.198,0.5754
12350,1061,888,34.408,34.472,-0.0446,-0.0314,9.8537,-0.0156,-0.0043,-0.3847
12355,1070,896,34.423,34.455,-0.0054,0.0437,9.8493,0.8942,-0.3756,-0.6055
12360,1063,886,34.434,34.463,-0.0146,0.0429,9.7704,0.6063,-0.4525,0.1959
12365,1060,883,34.39,34.482,-0.0409,-0.0206,9.6779,-0.5737,0.4483,-0.167
12370,1059,887,34.354,34.402,0.0624,0.0422,9.8571,-0.4923,0.0953,0.313
12375,1056,882,34.314,34.445,-0.0056,0.1628,9.8832,0.444,0.6705,0.7612
12380,1052,881,34.364,34.488,0.0832,0.0212,9.7642,-0.5369,0.4225,1.2891
12385,1044,881,34.504,34.602,-0.052,0.0503,9.8528,0.0516,-0.2694,-0.3467
12390,1048,875,34.454,34.511,0.0414,0.025,9.921,-0.3846,-0.1146,-0.7118
12395,1034,876,34.472,34.545,0.0187,-0.016,9.8121,0.0773,0.0754,0.434
12400,1034,873,34.365,34.49,0.0016,-0.0606,9.7844,-0.129,0.3912,-0.141
12405,1020,876,34.386,34.419,0.0326,-0.1454,9.79,-0.34,0.1438,0.1568
12410,1014,870,34.439,34.507,-0.0331,-0.0101,9.7695,0.6319,-0.4892,-0.8805
12415,1014,861,34.402,34.587,0.0258,0.1784,9.7347,-0.3227,-0.5716,0.5359
12420,998,868,34.387,34.508,0.0096,-0.0556,9.7977,-0.0199,0.0282,-0.164
12425,1003,868,34.429,34.515,0.0535,-0.0651,9.8412,0.3548,0.2849,0.6652
12430,992,868,34.371,34.469,-0.0151,0.046,9.7856,0.4391,1.1791,0.3247
12435,995,862,34.354,34.486,0.0196,0.0011,9.8912,0.3658,-0.1612,-0.3077
12440,987,858,34.506,34.486,-0.0546,-0.0135,9.7473,0.0781,0.3194,1.2322
12445,974,862,34.377,34.498,-0.0231,0.0475,9.797,0.1724,0.1552,-0.2673
12450,965,860,34.398,34.409,0.0795,0.0267,9.7932,0.545,0.2107,-0.4099
12455,961,855,34.324,34.555,-0.0431,0.0091,9.7714,-0.2751,-0.2635,-0.0368
12460,954,860,34.4,34.502,-0.0247,0.0107,9.702,0.49,0.8281,-1.0303
12465,936,850,34.445,34.403,-0.0193,0.066,9.8013,-0.5529,-0.234,-0.2847
12470,930,855,34.488,34.567,0.0135,-0.0263,9.8191,-0.328,0.037,0.343
12475,923,850,34.341,34.475,-0.0622,0.0706,9.8638,0.5453,0.4816,0.1998
12480,918,848,34.446,34.542,-0.0183,-0.0034,9.8252,0.6142,-0.0917,-0.3356
12485,902,856,34.478,34.496,-0.045,-0.1514,9.8276,-0.7388,0.3148,-0.314
12490,899,849,34.46,34.49,0.0287,0.0131,9.8334,-0.4494,-0.1339,-0.4478
12495,878,851,34.469,34.457,-0.0065,-0.0557,9.7754,0.1028,0.5437,0.285
12500,882,843,34.494,34.42,-0.0483,0.0328,9.9098,0.3036,0.075,0.2009
12505,865,840,34.43,34.557,0.0559,0.0282,9.7947,-0.4836,0.3261,-0.4409
12510,865,842,34.476,34.424,0.1339,-0.0289,9.8174,-0.0008,-0.1207,-0.4377
12515,846,834,34.319,34.476,-0.1027,0.004,9.835,0.5682,-0.1814,0.6034
12520,845,833,34.544,34.44,0.003,-0.0321,9.6853,-0.0621,0.5869,-1.136
12525,835,825,34.373,34.496,-0.0023,-0.041,9.8237,-0.5638,-0.7561,-1.0556
12530,832,829,34.415,34.433,-0.0919,0.0686,9.7879,0.0581,-0.5163,0.4991
12535,817,824,34.426,34.476,0.0223,-0.016,9.7928,-0.279,0.884,-0.0172
12540,809,815,34.372,34.494,-0.0664,-0.0642,9.7405,0.0873,1.274,0.8934
12545,805,824,34.461,34.487,0.0548,0.0688,9.7457,-0.1807,-0.3895,0.2747
12550,804,822,34.52,34.481,-0.0514,-0.081,9.8308,-0.5908,-0.0207,0.5752
12555,792,811,34.423,34.5,-0.1251,0.0286,9.796,-0.1139,0.0024,0.2979
12560,794,808,34.387,34.402,0.0569,0.007,9.7833,0.5217,-0.3024,-0.7641
12565,771,802,34.376,34.519,0.0249,-0.106,9.7831,-0.0041,0.4593,-0.4077
12570,767,795,34.383,34.439,-0.066,0.0073,9.7907,-0.049,-0.703,0.1705
12575,764,795,34.391,34.501,0.0108,0.0503,9.8204,0.7228,0.1933,-0.3969
12580,768,786,34.377,34.44,-0.0232,-0.0262,9.741,0.168,1.148,0.4005
12585,754,783,34.301,34.5,-0.0553,-0.0697,9.742,-0.3908,-0.0924,-0.4143
12590,755,778,34.415,34.398,0.0028,-0.0797,9.7011,0.0212,0.4413,0.2851
12595,752,769,34.464,34.478,-0.0663,0.0223,9.8948,-0.9511,-0.0899,-1.2683
12600,755,766,34.481,34.464,0.0913,0.1217,9.7811,0.5303,0.0961,0.297
12605,745,763,34.42,34.473,0.0083,-0.0363,9.8937,0.2921,0.3066,0.8528
12610,756,755,34.382,34.492,0.0391,0.0075,9.8448,-0.4134,0.2159,0.1947
12615,749,756,34.418,34.568,0.0211,-0.0608,9.7779,-0.7283,0.1848,0.618
12620,756,745,34.401,34.509,0.0566,0.04,9.8763,-0.9426,-0.1863,0.0595
12625,739,736,34.431,34.476,-0.0358,-0.0199,9.8121,-0.2191,0.1108,0.1405
12630,753,732,34.451,34.473,-0.0083,-0.0696,9.8828,0.2366,-0.3404,-0.1308
12635,748,724,34.392,34.498,-0.0155,0.0947,9.6801,0.1504,0.6791,0.555
12640,751,725,34.411,34.427,0.0301,-0.014,9.8303,-0.7347,0.4567,0.0259
12645,754,716,34.558,34.442,0.0764,0.0197,9.7371,0.3584,0.641,-0.1437
12650,758,710,34.498,34.535,0.0045,0.0458,9.7955,0.9352,0.0798,0.6666
12655,771,701,34.374,34.556,-0.0227,0.0583,9.8399,-0.6631,0.3645,0.5658
12660,780,698,34.409,34.435,0.0469,0.0227,9.7626,-0.1247,0.1342,0.0707
12665,794,694,34.516,34.448,0.0446,-0.0247,9.8979,-0.1893,0.0821,-0.9587
12670,781,690,34.483,34.472,0.0038,-0.0517,9.8572,0.1178,-0.1368,0.0934
12675,784,680,34.351,34.423,0.0504,-0.0088,9.8062,0.2312,-0.1105,-0.6525
12680,796,675,34.548,34.485,-0.0235,-0.0464,9.7452,0.5155,0.0149,-0.7874
12685,808,677,34.394,34.464,-0.0272,-0.0313,9.816,0.2092,0.1001,0.0511
12690,821,674,34.444,34.538,0.0727,-0.099,9.8255,0.3018,-0.79,-0.0888
12695,829,665,34.416,34.533,0.049,0.0397,9.8104,0.8641,0.083,0.1698
12700,839,660,34.382,34.47,-0.0796,-0.0315,9.8849,-0.0316,0.7067,-0.8393
12705,851,653,34.463,34.468,0.0569,0.091,9.8259,-0.0503,-0.5176,0.1049
12710,855,653,34.465,34.466,-0.0882,-0.0062,9.8263,-0.2298,0.4225,0.5883
12715,865,642,34.374,34.435,0.0554,0.0759,9.8259,0.4982,-0.5126,0.0085
12720,886,645,34.401,34.461,0.0355,0.0141,9.8533,0.8359,-0.41,-0.4116
12725,882,644,34.426,34.544,0.0179,0.0996,9.8196,-0.5228,0.0134,0.3278
12730,904,639,34.427,34.466,-0.0052,-0.0518,9.7911,-0.4424,1.3908,-0.3505
12735,915,636,34.409,34.362,0.0732,-0.0254,9.7433,0.2674,-0.1837,0.0073
12740,928,637,34.319,34.525,0.026,0.0595,9.9172,0.6156,0.274,0.7205
12745,941,638,34.49,34.555,0.0296,0.0663,9.7144,0.5627,0.1946,-1.1035
12750,942,633,34.444,34.51,-0.0968,0.0094,9.8062,0.5419,0.5035,-0.3563
12755,960,633,34.387,34.531,-0.0901,-0.0501,9.7325,0.2824,-0.3465,-0.6276
12760,967,635,34.49,34.463,-0.0574,-0.0065,9.7869,-0.6912,-0.926,0.2209
12765,988,637,34.457,34.481,-0.002,0.001,9.8134,0.0428,0.3673,-0.395
12770,990,636,34.443,34.546,0.004,0.0242,9.8585,0.2094,0.4125,-0.69
12775,1013,639,34.477,34.497,0.0301,-0.0909,9.7895,-0.1977,1.0968,0.6158
12780,1021,636,34.452,34.447,0.0026,-0.0075,9.7983,-0.1725,-0.3542,0.1379
12785,1030,644,34.452,34.472,0.0073,-0.0017,9.7601,0.1549,-0.1327,0.1852
12790,1044,645,34.374,34.427,-0.0225,-0.0283,9.8104,-0.1071,-0.2316,-0.4621
12795,1054,648,34.365,34.49,-0.0071,-0.0291,9.7611,0.1241,0.4446,-0.0303
12800,1057,650,34.476,34.45,0.0362,0.1505,9.7991,0.5904,0.3544,-0.0305
12805,1076,655,34.466,34.487,-0.0182,-0.0393,9.7736,-0.1424,0.7859,-1.0727
12810,1083,661,34.443,34.481,-0.0749,-0.0313,9.836,0.1633,0.1363,-0.0688
12815,1100,665,34.486,34.431,-0.0197,0.0737,9.859,-0.2043,0.2819,0.3
12820,1106,670,34.42,34.536,-0.0443,-0.0019,9.7476,0.2844,-0.3583,-0.6154
12825,1115,681,34.423,34.395,-0.0162,0.0628,9.8751,-0.167,0.3273,0.5556
12830,1119,681,34.417,34.492,0.057,-0.0437,9.7715,-0.7323,-0.4728,0.0498
12835,1129,686,34.419,34.477,-0.0373,-0.0653,9.8387,-0.5473,-0.0865,-0.398
12840,1139,699,34.497,34.464,-0.0555,-0.0164,9.7856,0.2242,0.3137,-0.4225
12845,1141,699,34.434,34.469,0.05,0.004,9.7953,-0.3613,0.8269,-1.028
12850,1156,702,34.466,34.547,-0.0178,0.0418,9.6845,-0.2601,0.1794,-0.7855
12855,1161,714,34.419,34.425,0.0238,-0.1467,9.8375,-0.8789,-0.0735,-0.8319
12860,1158,718,34.404,34.415,-0.022,-0.0147,9.7677,-0.7006,0.1044,-0.1513
12865,1169,732,34.453,34.415,-0.0464,0.0132,9.8078,-0.0475,0.4615,0.4445
12870,1164,742,34.414,34.475,-0.0336,0.0708,9.7842,-0.1983,0.2375,0.3369
12875,1184,742,34.498,34.58,0.073,0.0888,9.7967,-0.2898,-0.2083,-0.9106
12880,1175,752,34.543,34.38,-0.0553,0.0478,9.8838,-0.167,0.329,0.3275
12885,1180,764,34.503,34.408,0.0255,-0.0259,9.7622,-0.6946,-0.4024,-0.0035
12890,1185,770,34.43,34.513,0.1318,-0.0094,9.7703,-0.8936,-1.0793,0.1537
12895,1189,782,34.521,34.449,0.0035,-0.0458,9.7351,0.045,0.2147,0.8409
12900,1180,785,34.289,34.468,-0.0062,0.0863,9.7943,-0.1378,-0.3795,0.8377
12905,1187,792,34.494,34.496,-0.009,-0.0739,9.7703,-0.2547,0.2618,-0.2323
12910,1187,796,34.408,34.432,-0.0092,0.0498,9.8319,0.3418,-0.2258,0.2571
12915,1188,805,34.427,34.552,0.0634,-0.0105,9.8846,0.2361,-0.1876,0.2079
12920,1184,810,34.381,34.52,0.0435,0.0815,9.8997,-0.0323,1.1045,0.8271
12925,1183,822,34.447,34.441,0.0553,0.0488,9.7801,0.0804,-0.421,-0.1037
12930,1196,830,34.425,34.504,0.0019,0.0362,9.8979,0.2313,1.0628,-0.2842
12935,1175,836,34.383,34.474,-0.0335,-0.0323,9.8399,-0.1086,0.838,0.5101
12940,1185,841,34.517,34.46,0.0098,0.0892,9.8852,-0.1987,0.2171,-0.123
12945,1194,851,34.349,34.506,0.0078,-0.0089,9.7721,-0.1524,-0.6385,0.5713
12950,1165,856,34.38,34.467,0.0163,0.0427,9.7604,0.4516,0.5836,1.2225
12955,1167,862,34.437,34.465,-0.0483,-0.0505,9.8475,-0.0574,-0.6295,-0.07
12960,1166,870,34.426,34.479,0.1032,-0.015,9.8675,0.2048,0.2286,0.2757
12965,1170,878,34.449,34.453,-0.0405,-0.0046,9.7947,0.4292,-1.284,0.2056
12970,1168,880,34.454,34.512,0.0225,0.0218,9.775,-0.6973,0.0452,0.2772
12975,1158,878,34.491,34.527,0.0042,0.0615,9.8071,0.0802,-0.3849,-0.2233
12980,1160,890,34.472,34.42,0.0779,-0.1528,9.7565,0.4001,-0.1869,0.0727
12985,1156,891,34.417,34.432,0.048,-0.0652,9.8469,-0.0387,0.2696,-1.1769
12990,1154,897,34.421,34.428,0.0224,-0.0917,9.8798,-0.0457,-0.2912,-0.9251
12995,1148,903,34.279,34.487,0.0268,-0.0775,9.6951,0.2574,-0.5924,-0.1397
13000,1153,901,34.438,34.516,-0.0554,-0.0696,9.8582,-0.3701,-0.4622,0.2657
13005,1140,910,34.461,34.476,0.0692,-0.0281,9.7685,-0.303,0.1682,0.0303
13010,1141,913,34.454,34.565,0.0423,-0.0052,9.7696,0.8562,0.2189,-0.3925
13015,1142,916,34.387,34.514,-0.0264,0.0124,9.8111,0.4097,-0.5941,-0.9207
13020,1137,918,34.431,34.486,0.0074,-0.0476,9.7887,-0.4144,0.3167,-0.3479
13025,1129,923,34.496,34.445,-0.0014,-0.0121,9.7883,0.4341,-0.5118,0.1544
13030,1125,921,34.546,34.403,0.036,-0.0443,9.7432,0.3525,0.2996,-0.1427
13035,1134,921,34.379,34.527,0.0028,0.0053,9.8159,0.1891,-0.3374,-1.0665
13040,1125,921,34.522,34.562,0.0095,-0.0778,9.6854,0.4717,0.257,-0.0362
13045,1121,920,34.426,34.44,0.0556,0.027,9.8641,0.3781,-0.2842,-0.4445
13050,1117,918,34.42,34.495,0.0821,0.0678,9.8683,-0.0542,-0.1603,-0.2862
13055,1117,924,34.52,34.379,0.0046,0.0367,9.8972,0.0967,-0.1854,-0.2439
13060,1113,928,34.591,34.431,0.0153,0.0213,9.7958,-0.2098,-0.0584,0.2101
13065,1121,924,34.481,34.528,-0.0139,-0.0566,9.8073,-1.0362,-0.8224,0.3399
13070,1107,922,34.43,34.493,0.0137,0.0246,9.8629,0.1679,-0.6484,0.5728
13075,1115,922,34.503,34.44,-0.013,0.0566,9.7744,0.2327,-0.4999,-0.7402
13080,1097,920,34.398,34.403,0.0693,0.0002,9.8011,-0.1651,0.1058,-0.1768
13085,1091,917,34.441,34.532,0.0078,-0.0983,9.8106,-0.1211,-0.5066,0.1165
13090,1100,915,34.529,34.432,0.0011,-0.004,9.7609,-0.4247,1.0681,-0.1714
13095,1092,916,34.445,34.425,-0.0132,-0.0084,9.7373,0.2531,-0.7195,0.267
13100,1095,910,34.322,34.483,0.034,0.0045,9.8619,0.2843,-0.378,0.1451
13105,1087,912,34.526,34.508,-0.0311,-0.0026,9.8575,0.4312,0.7869,-0.0685
13110,1098,904,34.395,34.518,0.0449,-0.0184,9.8726,0.9392,0.1351,-0.0274
13115,1086,906,34.364,34.49,0.0257,-0.1218,9.8992,0.1108,0.1206,-0.2931
13120,1083,904,34.541,34.418,0.0284,-0.0079,9.8419,0.2067,0.5947,0.6357
13125,1084,904,34.419,34.402,-0.0155,-0.0108,9.7724,0.5051,0.2705,0.2575
13130,1077,900,34.434,34.528,-0.1124,0.0996,9.7992,0.1966,0.7639,-0.3782
13135,1078,898,34.499,34.559,-0.1361,0.0286,9.7485,-0.5057,-0.5034,-0.068
13140,1080,896,34.385,34.345,0.0617,-0.002,9.8212,0.6649,0.0251,-0.4153
13145,1074,894,34.415,34.401,0.0003,0.0152,9.8003,0.2847,-0.1311,0.6171
13150,1067,888,34.405,34.389,0.0602,0.019,9.849,1.1444,-0.3903,-0.6118
13155,1062,894,34.419,34.392,-0.02,0.0333,9.7875,0.7806,0.0989,-0.136
13160,1067,887,34.411,34.499,-0.0839,0.0915,9.8432,-0.0205,0.4609,0.7623
13165,1060,889,34.364,34.528,0.0394,-0.0446,9.8168,-0.199,0.5645,0.9658
13170,1055,883,34.434,34.456,0.0176,0.0298,9.8037,0.1313,0.5177,0.4539
13175,1050,883,34.425,34.524,0.002,0.0338,9.7548,-0.4301,0.0932,-0.1392
13180,1047,882,34.455,34.44,0.0247,0.054,9.854,0.3484,0.6908,1.2113
13185,1043,877,34.365,34.477,0.0665,0.031,9.8011,-0.4757,-0.6176,-0.3141
13190,1039,876,34.433,34.436,-0.0172,0.0377,9.8217,0.4959,0.2497,0.489
13195,1043,876,34.374,34.513,-0.0903,-0.0015,9.7476,-0.8067,-0.2842,0.69
13200,1033,877,34.466,34.557,-0.0222,-0.0059,9.8358,0.3529,-0.6958,-0.1918
13205,1023,869,34.339,34.489,0.0823,0.0178,9.8436,0.2546,0.4778,0.4357
13210,1019,872,34.431,34.486,0.0045,-0.0142,9.9185,0.537,-0.6514,0.0215
13215,1017,871,34.383,34.533,0.0066,-0.0986,9.8131,0.6667,-0.155,-0.4088
13220,1009,864,34.434,34.399,-0.0623,0.1659,9.786,-0.1794,0.4458,-0.143
13225,1008,864,34.472,34.482,-0.0599,-0.0044,9.8556,-0.0616,-0.3806,-0.3134
13230,1004,860,34.432,34.378,-0.002,0.0353,9.8924,0.8786,-0.7736,0.0828
13235,990,864,34.509,34.525,-0.008,0.0604,9.8625,0.2767,-0.752,0.3945
13240,979,865,34.372,34.433,0.0078,0.0302,9.8656,-0.2141,0.2964,-0.6208
13245,969,862,34.294,34.45,0.013,-0.0408,9.8215,0.3039,-0.2902,0.2048
13250,962,859,34.476,34.571,0.0331,-0.0364,9.865,0.1627,0.037,0.1709
13255,954,859,34.441,34.52,-0.0028,0.0178,9.808,0.696,-0.4839,0.2686
13260,954,849,34.435,34.433,0.0639,-0.1481,9.7618,-0.2174,-0.3509,0.2443
13265,941,853,34.426,34.462,0.0161,0.0827,9.8123,0.7705,0.0889,-0.3088
13270,926,852,34.398,34.412,0.0311,0.0555,9.8018,-0.4006,1.4667,-0.1798
13275,933,851,34.403,34.47,-0.1124,-0.0395,9.8354,-0.0674,-0.8023,-0.264
13280,922,848,34.457,34.406,0.0009,0.1073,9.6903,-0.3323,0.1059,0.5877
13285,911,848,34.315,34.417,0.0926,-0.004,9.839,-0.2002,0.9664,0.1579
13290,899,842,34.433,34.528,0.0325,-0.1029,9.8166,0.5301,0.6138,-0.6157
13295,889,842,34.528,34.442,-0.0911,0.0556,9.7783,-0.7834,0.5763,-0.2056
13300,885,848,34.522,34.458,-0.0729,0.1206,9.8644,-0.0579,-0.5028,0.4412
13305,871,841,34.48,34.569,0.0298,0.0714,9.8181,0.2253,0.9363,-0.0034
13310,850,834,34.45,34.484,-0.048,0.0501,9.8113,1.0016,-0.8576,-0.5839
13315,860,839,34.418,34.535,0.0805,0.0577,9.8316,-0.2184,0.0362,0.0002
13320,842,836,34.428,34.611,-0.0388,0.0835,9.7476,0.084,0.4622,-0.3205
13325,841,829,34.459,34.419,0.0526,-0.0294,9.8243,0.1022,-0.0705,-0.3426
13330,828,825,34.437,34.421,0.0274,0.0758,9.8773,0.2434,0.5168,-0.5578
13335,819,819,34.397,34.506,0.0363,0.0717,9.8872,0.0029,1.2531,-0.5276
13340,810,820,34.375,34.429,0.043,-0.0251,9.8624,0.2596,0.1503,0.1171
13345,806,818,34.491,34.496,-0.0897,-0.0378,9.7929,0.1849,0.8309,-0.0372
13350,799,814,34.354,34.498,0.0215,-0.0218,9.8519,0.3902,1.2772,-0.5388
13355,788,809,34.411,34.531,0.0215,0.0631,9.7868,-1.0105,-0.2941,0.1985
13360,783,803,34.419,34.448,0.0211,0.0739,9.847,-0.3113,-0.42,-0.0015
13365,777,806,34.419,34.441,-0.0496,-0.051,9.8104,0.1531,0.197,0.2568
13370,766,799,34.343,34.426,-0.0504,-0.0602,9.8378,0.206,0.1993,-0.5153
13375,769,793,34.469,34.444,0.0508,-0.007,9.7427,-0.153,0.4175,-0.4321
13380,764,785,34.418,34.518,0.0281,-0.0115,9.8216,-1.0364,0.2119,1.0866
13385,758,777,34.465,34.458,0.0047,0.0524,9.8184,-1.3188,0.0746,-0.3778
13390,762,780,34.359,34.48,-0.0023,-0.0189,9.8547,-0.0653,-0.3736,-0.7551
13395,763,774,34.5,34.428,0.0041,-0.0473,9.8351,0.2986,-0.2362,0.1156
13400,748,765,34.43,34.498,0.0422,-0.0255,9.7647,1.5597,0.9753,0.3053
13405,754,762,34.401,34.454,-0.0224,-0.0237,9.8463,-0.0774,-0.4352,0.599
13410,743,758,34.445,34.518,0.0026,0.0452,9.825,-0.2726,-0.0131,1.8268
13415,753,751,34.414,34.473,0.0477,0.1034,9.7302,0.0791,0.2213,-1.072
13420,747,745,34.481,34.456,-0.005,0.0369,9.8767,0.4358,-0.434,0.7593
13425,740,733,34.375,34.391,-0.0077,0.0088,9.8045,-0.9507,0.3609,-0.1025
13430,749,729,34.503,34.469,-0.0697,0.0391,9.7903,0.0793,-0.6425,-0.6808
13435,754,731,34.453,34.456,-0.0122,0.0717,9.7587,0.2063,-0.338,0.082
13440,764,722,34.42,34.495,-0.044,-0.0083,9.7831,-0.6316,-0.1388,0.8619
13445,770,714,34.362,34.473,-0.0585,0.0417,9.8791,1.0197,0.1584,-0.6728
13450,761,704,34.47,34.457,-0.0029,0.0297,9.7737,0.5744,0.0211,0.0161
13455,755,703,34.361,34.498,0.0724,0.028,9.7281,-0.129,0.5891,-0.6319
13460,781,698,34.392,34.441,0.0262,-0.0657,9.7615,-0.2979,0.7394,0.0366
13465,776,688,34.501,34.454,0.0203,0.0322,9.7972,-0.4167,-0.7373,-0.0451
13470,780,687,34.409,34.451,-0.0285,-0.0106,9.7862,0.3734,0.3932,0.8807
13475,791,678,34.415,34.57,-0.0328,-0.0715,9.833,-0.5421,-0.7427,-0.5957
13480,809,674,34.468,34.435,0.0643,-0.0242,9.8884,0.5423,0.3373,0.7154
13485,802,673,34.496,34.435,-0.0326,-0.0271,9.7517,-0.0909,0.6101,0.2932
13490,823,668,34.424,34.406,-0.0173,-0.008,9.7461,-0.3884,0.1223,0.4675
13495,839,660,34.449,34.435,0.0281,0.0436,9.9499,-0.021,-0.6356,-0.9261
13500,848,661,34.453,34.566,0.0225,-0.069,9.8054,-0.3946,-0.258,-0.1448
13505,844,653,34.432,34.495,-0.0296,-0.0436,9.8636,-0.0051,-0.2502,-0.0071
13510,851,650,34.483,34.447,-0.0904,-0.0459,9.776,-0.3817,0.6615,-0.147
13515,872,651,34.458,34.544,0.009,-0.0235,9.8675,-0.5069,-0.8197,0.4339
13520,879,644,34.416,34.568,-0.0692,-0.1054,9.8018,0.2038,0.6537,0.8864
13525,892,640,34.514,34.449,-0.0244,-0.0751,9.8847,-0.0513,-0.1996,0.0736
13530,901,635,34.406,34.501,-0.0856,-0.0099,9.7421,0.716,0.0094,1.1269
13535,918,639,34.457,34.443,0.0549,0.0529,9.6503,0.334,0.02,0.2741
13540,935,639,34.428,34.512,0.0309,0.0947,9.7648,-1.184,0.0356,0.1046
13545,943,641,34.524,34.494,-0.0233,0.0758,9.818,-0.458,0.0548,-0.3221
13550,959,637,34.391,34.471,0.041,-0.0893,9.8931,-0.3975,0.3426,-0.9663
13555,962,635,34.443,34.445,-0.0065,-0.0117,9.8105,-1.0203,-0.1202,0.8088
13560,972,639,34.499,34.462,0.0158,0.1148,9.8467,-0.8985,-0.3278,-0.6141
13565,991,636,34.456,34.445,0.0165,0.0672,9.8373,-0.2527,-0.1958,0.6844
13570,1005,639,34.411,34.481,0.0689,0.0307,9.857,-0.5904,-0.3365,0.3675
13575,1006,639,34.449,34.502,0.0147,-0.027,9.8475,0.0335,-0.4785,0.3417
13580,1029,642,34.45,34.526,0.0961,0.0491,9.8294,0.3581,-0.0026,0.3054
13585,1033,640,34.404,34.446,0.0909,-0.0129,9.8196,0.0174,0.6281,0.6106
13590,1048,647,34.461,34.638,-0.0337,0.0662,9.8773,-0.1698,0.1881,-0.4855
13595,1057,644,34.449,34.447,-0.0531,-0.0423,9.786,-0.1342,-0.6256,0.3746
13600,1073,653,34.364,34.473,-0.0444,0.0313,9.8113,0.4042,0.7953,-0.5001
13605,1083,651,34.45,34.471,0.1087,-0.0043,9.8263,-0.2573,0.431,-0.3803
13610,1093,660,34.484,34.474,-0.0295,0.0085,9.8326,-0.0898,-0.7805,-0.3549
13615,1097,661,34.467,34.486,-0.0146,0.0059,9.8268,0.6345,-0.0826,0.1976
13620,1118,672,34.4,34.476,-0.0747,-0.0563,9.8045,-0.6377,-0.0385,0.6806
13625,1116,675,34.349,34.497,0.0109,0.0773,9.8983,0.1297,-0.1612,-0.2176
13630,1126,684,34.501,34.538,-0.0196,-0.1015,9.8088,0.7822,-0.262,0.4945
13635,1144,683,34.354,34.53,-0.0047,-0.0242,9.7996,0.3419,0.5821,0.2235
13640,1136,695,34.359,34.47,-0.0323,0.0283,9.9439,-0.7555,0.157,-0.3625
13645,1135,703,34.516,34.471,-0.03,-0.0056,9.8096,-0.2476,0.1656,-0.0107
13650,1155,710,34.403,34.427,0.0593,0.0003,9.7028,-0.5772,0.6035,0.4544
13655,1152,713,34.413,34.377,0.0005,-0.0184,9.8212,0.2662,-0.6789,0.0596
13660,1155,725,34.415,34.565,0.0534,-0.0903,9.8817,-0.6095,0.077,-0.2206
13665,1173,730,34.387,34.622,-0.0101,-0.0261,9.7225,-0.2742,-0.5872,-0.1046
13670,1167,739,34.41,34.529,-0.0582,0.0449,9.8523,-0.2438,-0.3123,0.2946
13675,1174,744,34.404,34.475,-0.0192,0.0486,9.7926,-0.6189,0.0292,-0.4927
13680,1179,751,34.413,34.483,-0.0803,0.1028,9.8262,0.0482,0.1998,0.0521
13685,1182,757,34.361,34.46,0.0339,0.0944,9.7986,-0.5632,0.0093,0.4952
13690,1185,765,34.369,34.458,-0.0187,-0.1339,9.903,-0.1315,-0.1091,0.6347
13695,1185,774,34.422,34.376,-0.033,-0.0315,9.8153,-0.1208,0.1373,-0.7522
13700,1185,787,34.432,34.474,-0.066,-0.0656,9.8485,-0.2863,0.4458,0.0094
13705,1186,794,34.434,34.436,0.0661,-0.0373,9.8173,-0.0007,-0.3189,0.5917
13710,1193,802,34.497,34.494,0.052,0.0147,9.7635,-0.7512,-0.2871,-0.0822
13715,1183,810,34.379,34.509,-0.0166,-0.0286,9.7151,-0.5987,-0.3144,1.1142
13720,1183,815,34.491,34.486,0.0568,0.109,9.8057,-0.1502,-0.1673,0.1546
13725,1192,826,34.456,34.536,-0.0146,0.0135,9.7976,-0.2841,0.4992,0.423
13730,1189,830,34.367,34.449,0.0146,-0.0059,9.7967,0.6084,-0.2593,-0.5631
13735,1189,835,34.486,34.443,-0.0978,0.0287,9.9084,0.2559,0.7854,0.0179
13740,1181,850,34.402,34.54,0.1001,0.0739,9.7325,0.014,0.0312,-0.5505
13745,1170,848,34.566,34.488,0.0699,-0.0142,9.8188,-0.229,0.6991,-0.2511
13750,1184,860,34.452,34.43,-0.0048,0.0821,9.8088,-0.584,0.5386,-0.1263
13755,1169,861,34.317,34.485,-0.0949,-0.052,9.7478,0.1199,-0.1192,-0.5816
13760,1177,870,34.378,34.417,-0.017,0.028,9.812,0.3197,0.5417,0.233
13765,1169,873,34.474,34.496,-0.0859,0.0279,9.8099,0.3943,0.6347,-1.1034
13770,1160,885,34.407,34.516,-0.0978,-0.0515,9.8294,0.5469,0.5251,-0.4088
13775,1175,887,34.424,34.435,0.0219,-0.034,9.7961,0.1881,0.2642,0.1193
13780,1160,888,34.429,34.534,0.0148,-0.0057,9.8439,0.3544,0.0989,-1.2418
13785,1156,900,34.437,34.481,0.0049,0.0227,9.8225,0.6045,0.678,0.1406
13790,1159,896,34.443,34.446,-0.0013,0.0086,9.9029,-1.2166,0.6447,-0.0059
13795,1157,898,34.463,34.53,0.0145,0.068,9.7069,0.3566,0.1453,0.2752
13800,1146,909,34.446,34.475,0.014,0.023,9.7873,-0.6455,-0.6238,-0.4959
13805,1149,913,34.334,34.455,0.046,0.0493,9.7832,0.0295,0.0509,0.4151
13810,1147,913,34.515,34.378,0.0133,-0.0479,9.8177,0.1035,0.1363,-0.1987
13815,1137,909,34.425,34.447,-0.0448,0.016,9.8134,0.1812,-0.1167,-0.5952
13820,1138,917,34.404,34.462,-0.1614,0.0461,9.7984,-0.1639,-0.6639,-0.4803
13825,1132,920,34.434,34.377,-0.0206,-0.0879,9.704,-0.5221,-0.0793,-0.8689
13830,1129,920,34.386,34.515,0.0661,0.0112,9.8138,-0.4779,-0.2297,0.5059
13835,1122,919,34.37,34.559,0.013,-0.0447,9.7696,0.0958,-0.2501,-0.8617
13840,1127,929,34.403,34.409,-0.1001,-0.0495,9.8743,0.1493,-1.0243,-0.2486
13845,1120,922,34.367,34.497,0.0021,0.0627,9.8445,0.2241,-0.5532,0.7669
13850,1118,921,34.36,34.574,-0.0049,0.0323,9.8096,-0.2469,0.1372,-0.3422
13855,1112,916,34.472,34.503,0.0264,0.0798,9.8677,0.1435,-0.3174,0.5274
13860,1112,918,34.441,34.375,0.0597,0.0712,9.7944,0.1278,-0.1228,0.0956
13865,1107,920,34.401,34.52,-0.0173,-0.0496,9.835,-1.0182,-0.0267,0.5573
13870,1111,920,34.434,34.481,-0.0054,0.0443,9.7709,-0.1393,0.2995,0.727
13875,1110,922,34.341,34.472,0.0042,-0.0199,9.9031,-0.3775,-0.153,0.3177
13880,1110,919,34.463,34.435,-0.0001,0.0288,9.7769,-0.421,0.0192,-0.5069
13885,1107,914,34.479,34.394,-0.0081,-0.0144,9.8311,-0.3289,-0.3913,0.058
13890,1099,918,34.382,34.471,0.052,-0.0494,9.8523,0.4068,0.4107,0.0334
13895,1089,914,34.399,34.397,0.069,-0.0322,9.8528,-1.3617,0.6256,-0.0263
13900,1097,912,34.379,34.391,-0.0384,-0.011,9.8129,0.2631,0.0425,0.2632
13905,1097,911,34.424,34.405,-0.0503,0.0198,9.8038,0.4063,-0.1043,0.3052
13910,1083,913,34.37,34.478,-0.0978,0.0647,9.6992,0.3399,-0.2014,0.3488
13915,1098,904,34.461,34.444,-0.0206,0.0623,9.8312,-0.6042,0.0357,0.0241
13920,1082,913,34.442,34.587,0.0876,-0.0447,9.8316,-0.7497,0.1776,1.1773
13925,1086,905,34.428,34.508,0.0367,0.0262,9.8807,0.2051,-1.1958,-0.6157
13930,1082,904,34.288,34.418,-0.0009,0.0298,9.8287,0.1494,0.4682,0.4512
13935,1078,897,34.386,34.572,-0.0387,-0.0096,9.8418,-0.6278,-0.1023,0.629
13940,1075,899,34.399,34.386,-0.008,-0.0843,9.8059,-0.2179,0.1356,-0.3326
13945,1068,901,34.396,34.455,0.0361,-0.0097,9.7925,0.4931,0.2059,-0.877
13950,1078,894,34.36,34.493,-0.0212,-0.0147,9.8757,0.5401,1.6291,-0.2357
13955,1053,893,34.326,34.47,0.0156,-0.0224,9.7159,0.3323,0.2179,-0.9741
13960,1063,889,34.38,34.594,-0.0234,-0.0496,9.7837,-0.2653,1.4593,-0.9477
13965,1062,889,34.443,34.473,-0.0338,0.0141,9.8246,0.2414,-0.0473,-0.112
13970,1060,885,34.412,34.45,-0.0677,-0.1639,9.8667,0.0845,-0.3827,-0.2123
13975,1048,883,34.478,34.47,0.0165,0.0249,9.8854,0.0777,0.2841,-0.2626
13980,1048,880,34.435,34.439,-0.0596,-0.0245,9.8264,-0.5742,-0.3973,-1.0681
13985,1041,872,34.395,34.522,0.0551,0.0835,9.7835,-0.563,-0.1649,1.096
13990,1044,875,34.488,34.49,0.0573,0.0405,9.8382,0.7764,0.1526,0.0034
13995,1036,872,34.351,34.543,-0.0072,0.0114,9.7878,-0.0831,0.1049,0.3972
14000,1029,876,34.432,34.439,0.0037,-0.0136,9.779,-0.0059,-0.6048,0.648
14005,1019,872,34.374,34.42,0.0237,-0.0779,9.8006,-0.1687,0.1472,-0.1222
14010,1024,870,34.445,34.528,-0.0524,-0.1,9.8395,-0.4985,0.1489,-0.6337
14015,1013,868,34.449,34.462,-0.0219,0.0143,9.799,0.4031,0.0448,0.8984
14020,1003,867,34.51,34.551,0.0538,-0.0378,9.7543,0.4973,-0.2309,0.3175
14025,997,866,34.388,34.511,-0.0209,0.042,9.8543,-0.2073,-0.2712,0.5414
14030,998,867,34.515,34.522,0.0941,0.0224,9.8878,-0.4553,-0.4762,-0.2769
14035,982,863,34.491,34.512,-0.0378,-0.0649,9.8233,-0.2261,-0.0581,-0.0646
14040,977,861,34.487,34.5,-0.1101,-0.038,9.8464,-0.8095,0.4607,0.2609
14045,970,864,34.447,34.418,-0.013,-0.0908,9.8176,-0.6318,0.0737,0.1722
14050,962,862,34.376,34.502,0.0082,-0.0186,9.8666,-0.1892,0.5107,-0.1077
14055,955,857,34.471,34.564,0.0168,-0.0065,9.8995,0.7794,0.3567,0.3157
14060,953,853,34.324,34.386,0.0801,0.0434,9.841,-0.1317,-0.3608,-0.2846
14065,947,851,34.39,34.5,0.0372,0.0042,9.839,0.3028,-0.281,0.1013
14070,933,852,34.451,34.568,0.0673,0.0247,9.8056,-0.2949,-0.276,-0.789
14075,917,853,34.372,34.393,0.0884,0.0574,9.809,-0.3217,0.1582,0.1167
14080,912,842,34.413,34.445,0.0301,-0.0663,9.8166,0.4428,-0.1908,-0.0435
14085,903,845,34.479,34.422,0.0646,0.0092,9.7871,0.1896,-0.1492,-0.4104
14090,891,843,34.374,34.429,-0.0187,0.0335,9.7491,-0.2233,0.9043,-0.4003
14095,890,845,34.434,34.449,0.059,0.0441,9.8106,0.5631,0.9712,0.7392
14100,885,844,34.422,34.446,0.0286,0.0074,9.8175,0.7667,0.5087,-0.0466
14105,871,842,34.462,34.43,0.0044,0.0498,9.815,0.2004,-0.3061,0.1568
14110,858,837,34.516,34.541,-0.1066,-0.0123,9.7603,-0.2782,0.3635,-0.2016
14115,847,834,34.373,34.52,0.0086,0.0125,9.7654,-0.7675,-0.4997,-0.1596
14120,845,827,34.428,34.452,0.022,0.0072,9.7992,-0.6152,-0.4475,0.0153
14125,835,824,34.459,34.453,-0.0535,0.033,9.7632,0.7366,-0.0455,0.0812
14130,824,830,34.37,34.49,0.019,0.0317,9.7503,-0.7669,1.2102,-0.1264
14135,818,820,34.431,34.537,-0.0293,0.0157,9.7497,0.2849,0.4027,0.3281
14140,816,815,34.509,34.442,-0.0449,-0.1018,9.8336,0.0987,-0.2538,-0.9295
14145,810,820,34.417,34.443,0.0278,0.0425,9.8265,0.0227,-0.624,-0.1367
14150,800,818,34.357,34.529,-0.0685,-0.0389,9.8766,0.045,-0.2881,0.6876
14155,796,807,34.487,34.555,-0.002,0.0182,9.7938,0.7647,0.9235,0.6089
14160,785,802,34.577,34.398,0.0364,0.0625,9.7627,0.7053,0.9758,-0.8562
14165,779,799,34.374,34.53,0.0187,-0.0578,9.888,0.7135,-0.0782,0.3407
14170,771,798,34.433,34.474,-0.0301,0.0225,9.8336,0.6067,0.0754,-0.4366
14175,763,788,34.501,34.541,0.0895,-0.0362,9.6979,-0.076,0.8486,-0.085
14180,776,787,34.34,34.42,0.0296,0.0188,9.7928,-0.8432,-0.4897,-0.8506
14185,756,777,34.376,34.451,0.0506,0.0355,9.7135,0.4113,0.5712,0.5174
14190,762,781,34.432,34.471,-0.0244,-0.0392,9.8669,-0.1178,0.3902,0.0773
14195,752,771,34.332,34.451,-0.0368,-0.0917,9.8198,0.5844,-0.0971,-0.2367
14200,744,765,34.422,34.47,0.0398,-0.0176,9.8405,0.5174,0.6592,-0.5065
14205,747,764,34.36,34.53,-0.1303,-0.0426,9.7633,0.6615,0.0223,0.1083
14210,753,753,34.367,34.521,-0.0112,0.0674,9.755,-0.3957,0.2081,-1.1889
14215,752,753,34.375,34.48,-0.0043,0.0677,9.8044,-0.2135,-0.0479,0.617
14220,746,741,34.486,34.395,0.0006,0.0814,9.8494,0.9248,-0.2903,-0.4226
14225,753,739,34.411,34.525,-0.0841,0.0209,9.7721,-0.1338,-0.2995,-0.3582
14230,754,734,34.407,34.436,-0.0006,-0.045,9.9089,-0.3564,-0.5504,1.0327
14235,760,727,34.546,34.408,0.0439,-0.0497,9.8299,-0.6533,-0.5252,-0.0552
14240,753,718,34.398,34.538,-0.0148,-0.027,9.8281,-0.6187,0.1251,0.1996
14245,769,706,34.35,34.453,0.0796,-0.0056,9.8355,-0.3892,0.2821,-0.0663
14250,765,706,34.416,34.555,-0.0134,-0.0975,9.8163,-0.0441,0.1064,-0.3434
14255,770,702,34.464,34.584,0.0242,-0.0195,9.8215,-0.6063,0.3245,-0.2364
14260,783,695,34.359,34.547,-0.083,0.0621,9.8611,-0.2504,0.9195,-0.1451
14265,786,690,34.432,34.438,-0.0551,0.0015,9.9091,0.1647,-0.2178,-0.5628
14270,793,690,34.401,34.457,0.0368,0.0825,9.8297,-0.1459,-0.5399,0.5152
14275,801,679,34.331,34.424,0.0233,-0.0473,9.897,-0.5685,-0.204,0.2674
14280,791,675,34.407,34.408,0.0837,-0.0664,9.7516,0.5096,0.315,0.0666
14285,818,674,34.434,34.495,-0.0477,-0.014,9.8047,0.017,-0.0546,-0.7633
14290,820,667,34.359,34.594,-0.0619,-0.005,9.8253,0.2131,0.0992,-0.0988
14295,823,665,34.379,34.466,0.0167,-0.0087,9.773,-0.2372,0.5199,-0.3267
14300,835,660,34.438,34.51,-0.013,0.0813,9.8864,0.5631,0.4387,0.2548
14305,857,657,34.381,34.426,0.0567,-0.0224,9.8282,-0.2877,-0.0077,0.8546
14310,855,652,34.332,34.453,0.003,0.0779,9.7742,0.0435,0.0912,-0.4985
14315,877,649,34.427,34.49,0.0611,0.0558,9.7517,-1.0981,-0.5805,0.6986
14320,881,644,34.499,34.442,-0.1019,-0.006,9.7655,0.1874,-0.3904,-0.273
14325,907,640,34.326,34.576,-0.008,0.0843,9.8144,-0.041,0.0142,-0.211
14330,901,645,34.44,34.497,-0.0612,0.0684,9.757,-0.1247,-0.3275,0.0118
14335,918,637,34.394,34.41,-0.0752,0.0329,9.8416,0.6154,-0.3623,-0.1396
14340,937,641,34.466,34.437,0.0132,0.0362,9.8679,-0.652,0.1495,-0.6278
14345,942,637,34.337,34.401,-0.049,-0.0319,9.8441,0.0589,0.0468,0.0355
14350,950,638,34.416,34.453,0.0408,-0.0382,9.8307,-0.0641,-0.3103,-0.2962
14355,975,633,34.387,34.432,0.0541,0.0019,9.9506,0.3202,-0.5875,-0.3283
14360,981,633,34.328,34.412,0.0743,0.0129,9.8486,0.0191,-0.599,-0.5062
14365,1000,641,34.489,34.413,0.0595,-0.0358,9.7965,0.5149,0.5704,-0.088
14370,1005,639,34.338,34.411,-0.0197,0.0533,9.7887,0.4998,0.8948,0.1405
14375,1023,641,34.453,34.437,-0.0539,0.0365,9.7462,0.4522,-0.4831,0.0238
14380,1026,641,34.427,34.487,-0.0121,-0.0147,9.8592,-0.3156,0.3333,0.927
14385,1046,645,34.47,34.492,-0.0668,0.1134,9.7993,-0.2751,0.0876,-0.0999
14390,1047,646,34.418,34.541,0.0303,0.0533,9.7464,1.0075,0.144,-0.8774
14395,1058,645,34.469,34.558,-0.0853,0.0928,9.8163,0.7309,0.2783,0.725
14400,1073,655,34.471,34.558,0.0258,-0.0235,9.8219,0.3885,0.443,-0.4663
14405,1075,659,34.432,34.515,-0.0021,0.0126,9.7765,-0.3807,-0.3382,-1.204
14410,1086,657,34.491,34.49,-0.0578,-0.0083,9.7208,-0.0547,0.9421,0.3748
14415,1097,669,34.504,34.443,-0.0017,0.0567,9.9027,-0.3638,-0.3485,-0.7758
14420,1114,666,34.38,34.462,-0.0059,-0.0435,9.8329,0.0221,0.197,0.1615
14425,1120,681,34.39,34.55,0.0495,0.0095,9.8407,-0.2341,-1.2387,0.9129
14430,1120,684,34.428,34.497,-0.0188,0.0075,9.7192,0.3945,-0.2326,0.4736
14435,1140,686,34.482,34.492,0.0319,0.0783,9.8342,0.0607,0.1679,0.5207
14440,1139,701,34.568,34.529,-0.0327,-0.0473,9.8017,-0.4241,0.7448,0.1207
14445,1138,702,34.418,34.469,-0.0476,-0.0034,9.873,0.622,-0.3033,0.2375
14450,1151,707,34.378,34.465,0.0009,0.0142,9.8334,0.2521,-0.4574,0.2529
14455,1150,714,34.366,34.452,0.0822,-0.0081,9.8147,0.3701,-0.8411,-1.0383
14460,1166,727,34.355,34.538,0.0866,0.0678,9.7967,0.5928,-0.4308,-0.2635
14465,1173,735,34.446,34.425,-0.0716,-0.071,9.8205,0.1275,-0.0269,0.473
14470,1165,741,34.498,34.511,0.0228,-0.0409,9.8814,0.3698,-0.3519,-0.2731
14475,1168,743,34.406,34.535,0.0923,0.0408,9.8247,-0.1897,0.3343,0.5101
14480,1178,750,34.353,34.455,-0.077,-0.0105,9.7741,0.2399,-0.0206,-0.0352
14485,1180,762,34.437,34.493,-0.0056,0.0523,9.9546,0.4243,-0.466,0.182
14490,1177,764,34.455,34.41,-0.0231,-0.0011,9.8579,-0.3297,-0.216,0.8568
14495,1185,774,34.419,34.413,0.0501,0.0465,9.8977,1.0435,-0.5639,-0.7995
14500,1181,785,34.463,34.452,0.0284,0.0386,9.915,0.9229,0.0057,-0.981
14505,1183,793,34.468,34.469,0.0169,0.1009,9.863,0.1563,-0.3147,-0.452
14510,1189,801,34.342,34.532,0.0866,-0.0113,9.817,-0.0561,0.4784,0.303
14515,1181,807,34.381,34.492,-0.0538,0.0024,9.7997,-0.1824,1.0629,-0.9775
14520,1196,819,34.426,34.555,-0.0618,0.0402,9.8147,-0.0155,0.6883,-0.3461
14525,1181,823,34.384,34.533,0.0205,-0.0166,9.8152,-0.6555,-0.1941,-0.3276
14530,1189,831,34.42,34.558,0.0615,-0.0692,9.8094,-0.5519,-1.3646,-0.6041
14535,1195,846,34.423,34.473,0.1364,-0.0339,9.8001,-0.1244,-0.1251,-0.4174
14540,1185,846,34.489,34.414,0.0442,0.0241,9.7519,-0.2506,-0.2876,-0.2804
14545,1175,851,34.511,34.444,0.0914,0.0503,9.8371,-0.2853,-0.666,-0.1097
14550,1177,858,34.452,34.574,0.111,-0.0647,9.8914,0.3504,-0.7188,-0.4704
14555,1178,862,34.362,34.497,-0.0104,-0.0683,9.8277,0.8897,-0.4342,0.2235
14560,1182,871,34.256,34.471,-0.1024,-0.0536,9.7639,-0.3131,-0.4183,0.5373
14565,1173,872,34.373,34.452,0.0773,-0.0362,9.7982,-0.1684,-0.886,0.1884
14570,1169,879,34.309,34.528,0.0203,-0.0004,9.8192,-0.5273,-0.4328,0.1038
14575,1165,883,34.37,34.44,-0.0055,-0.0406,9.7949,-0.55,0.4473,-0.0103
14580,1147,891,34.425,34.488,0.0519,0.0214,9.911,-0.742,0.4338,-0.2401
14585,1154,899,34.477,34.518,-0.0557,0.0306,9.801,-0.4654,-0.5973,0.6186
14590,1154,903,34.513,34.558,0.0502,0.0339,9.824,0.4196,-0.5458,0.0077
14595,1154,901,34.412,34.501,0.0381,0.0742,9.8028,0.0829,0.5993,-1.2224
14600,1151,908,34.42,34.49,-0.0229,0.0325,9.8093,-0.0605,0.042,0.31
14605,1135,909,34.409,34.493,0.0244,0.0228,9.7018,-0.0097,0.2559,-0.7176
14610,1144,914,34.35,34.5,0.0782,-0.0747,9.8257,0.3334,-0.3418,0.4242
14615,1131,915,34.464,34.543,-0.126,-0.0658,9.8043,0.1433,0.5962,0.4119
14620,1136,915,34.495,34.528,0.0337,-0.055,9.7555,-0.4067,-0.3897,0.1136
14625,1137,922,34.472,34.532,-0.0499,-0.0263,9.7342,0.5929,0.7282,-0.3903
14630,1134,916,34.426,34.493,-0.051,0.0558,9.836,-0.2918,0.119,0.3289
14635,1123,921,34.388,34.474,0.023,0.0667,9.7851,0.1119,0.0155,0.5616
14640,1118,925,34.37,34.586,-0.0958,-0.028,9.7323,0.0779,0.0832,0.2145
14645,1122,920,34.428,34.495,-0.012,0.0313,9.8089,-0.0196,-0.1354,-0.2058
14650,1113,925,34.478,34.56,-0.0673,0.0048,9.8142,1.1227,-0.0823,-0.1739
14655,1114,923,34.43,34.512,0.0613,-0.0324,9.8036,0.289,-0.0977,-0.2477
14660,1122,922,34.556,34.513,0.0034,0.0022,9.8288,-1.0201,0.287,0.3669
14665,1098,924,34.429,34.534,-0.0455,0.0094,9.8313,-0.2669,-0.2257,-0.1284
14670,1105,922,34.51,34.434,-0.069,0.0221,9.8026,0.8378,-0.2534,-0.0748
14675,1110,915,34.368,34.533,-0.0212,0.0675,9.8031,-0.8861,-0.3461,0.5761
14680,1093,920,34.393,34.468,0.0385,-0.0179,9.7717,-0.8249,-0.228,0.6751
14685,1103,923,34.332,34.447,-0.0069,0.0333,9.753,0.4068,0.2777,0.2563
14690,1093,917,34.455,34.479,-0.0444,0.0775,9.7873,-0.3818,-0.3464,-1.1894
14695,1092,912,34.406,34.525,0.0292,0.0044,9.8163,0.0755,0.6094,0.8349
14700,1091,911,34.446,34.525,-0.0016,-0.0235,9.7789,-0.9047,0.2316,0.3448
14705,1082,907,34.379,34.508,-0.0845,-0.0582,9.8213,0.4983,-0.1308,-0.3348
14710,1095,913,34.372,34.591,-0.0724,0.035,9.8541,-0.0892,0.1231,0.2707
14715,1087,906,34.416,34.485,0.0383,0.0197,9.8603,0.8994,-0.6266,0.2855
14720,1087,902,34.452,34.5,-0.0009,-0.0244,9.7709,-0.0489,-0.0156,0.1547
14725,1083,898,34.398,34.458,0.0111,0.0176,9.8738,0.0488,-0.1687,0.4114
14730,1072,902,34.416,34.438,-0.0179,0.012,9.7387,-0.3862,-0.1307,-0.4168
14735,1081,899,34.371,34.523,-0.0098,0.1087,9.7885,-0.7039,-0.6183,-0.0993
14740,1082,893,34.5,34.493,-0.0499,-0.0303,9.8373,-0.3038,0.36,0.1201
14745,1074,891,34.509,34.448,-0.0049,0.0195,9.8673,0.0251,-0.3088,-0.2789
14750,1058,892,34.419,34.468,0.0046,-0.0859,9.7649,0.5006,0.2844,0.1153
14755,1065,886,34.431,34.525,0.0435,-0.0333,9.8379,-0.2327,0.7189,0.5007
14760,1067,884,34.459,34.53,-0.0474,0.0299,9.8015,-0.0379,-0.6614,-0.6144
14765,1059,886,34.429,34.459,0.0279,-0.0251,9.8277,0.7214,-0.6749,-0.1036
14770,1058,883,34.381,34.395,0.0374,-0.0051,9.9009,-0.1721,0.1321,-0.3211
14775,1055,879,34.337,34.412,0.0207,0.0288,9.7778,0.2204,-0.0446,-0.0748
14780,1047,880,34.452,34.464,0.0084,0.0666,9.8499,0.4781,1.0389,0.5307
14785,1044,874,34.384,34.462,0.0534,-0.0237,9.8295,0.5611,1.0174,-0.2019
14790,1042,878,34.43,34.512,-0.0246,0.0371,9.829,-0.3409,0.5087,0.7574
14795,1034,874,34.41,34.578,0.0706,-0.0161,9.7719,0.3241,-0.0919,0.3212
14800,1034,876,34.395,34.452,-0.0332,-0.0698,9.8451,0.5568,0.1301,0.2472
14805,1021,873,34.429,34.517,0.0088,0.095,9.791,-1.2392,-0.5385,-0.0743
14810,1020,869,34.446,34.514,-0.0108,-0.0337,9.8693,-1.0066,0.3056,-0.4078
14815,1012,866,34.406,34.509,0.0737,-0.0435,9.7423,-0.3987,0.3147,0.3443
14820,1011,864,34.388,34.448,-0.0411,0.0086,9.8588,0.2225,1.1118,1.0658
14825,998,864,34.379,34.49,-0.0226,-0.0666,9.8724,0.2854,-0.1547,0.2151
14830,1000,862,34.39,34.489,0.0115,0.0303,9.7149,-0.0822,0.31,0.3003
14835,992,861,34.322,34.446,0.0412,-0.0694,9.8409,0.3507,0.1909,1.0098
14840,975,857,34.497,34.433,-0.0668,-0.0245,9.7571,0.1277,-0.3848,0.5898
14845,971,862,34.512,34.485,0.0902,0.0102,9.826,-0.2759,0.2165,0.9005
14850,962,859,34.456,34.529,0.0089,-0.0585,9.7357,-0.5112,0.0875,-0.7557
14855,959,856,34.371,34.368,-0.0564,0.0344,9.8473,-1.2637,0.0953,0.3483
14860,942,855,34.426,34.515,0.0617,0.0145,9.7457,-0.2725,0.0318,-0.8611
14865,946,854,34.424,34.429,0.0361,0.064,9.8381,-0.2971,-0.1669,0.1756
14870,933,849,34.422,34.571,0.0536,0.0257,9.8761,0.5459,-0.5049,0.7986
14875,915,849,34.31,34.471,-0.0129,-0.0038,9.8392,0.1937,-0.1731,-0.0382
14880,910,843,34.42,34.422,0.094,-0.0264,9.7966,-0.3568,-0.4354,0.1742
14885,899,848,34.479,34.464,-0.0221,-0.0197,9.8256,-0.2749,-0.8667,-0.5781
14890,893,842,34.429,34.523,-0.0541,-0.053,9.7856,0.3568,0.2928,1.4938
14895,887,849,34.426,34.534,-0.0627,0.0351,9.7516,0.4131,-0.4673,-0.6159
14900,887,840,34.419,34.475,0.0586,-0.0046,9.858,-0.5469,-0.2565,-0.0964
14905,860,841,34.368,34.536,0.0028,-0.0059,9.8711,0.5342,-0.1456,0.6775
14910,857,838,34.394,34.513,0.0037,0.0601,9.7765,-0.416,0.0536,0.1407
14915,850,833,34.421,34.522,0.057,-0.042,9.8453,0.1991,-0.3886,0.4215
14920,833,836,34.376,34.407,0.0499,-0.0373,9.8433,0.2028,0.6224,-0.4782
14925,833,831,34.48,34.438,-0.0059,-0.1045,9.8664,0.9117,-0.9979,-0.7453
14930,832,824,34.495,34.485,-0.0565,0.1021,9.7882,-0.3513,-0.6103,0.3668
14935,809,824,34.391,34.438,-0.0397,0.0419,9.7996,-0.1596,-0.5927,-0.0849
14940,812,818,34.437,34.53,-0.0527,-0.0106,9.7688,0.338,-0.2593,-1.0614
14945,805,813,34.334,34.522,0.0013,-0.0669,9.791,-0.097,0.3122,-0.828
14950,791,813,34.466,34.449,-0.0552,-0.0534,9.7483,-0.0139,0.7191,-0.3759
14955,783,811,34.428,34.504,-0.0209,-0.0983,9.8405,-0.3038,0.4925,0.0163
14960,787,806,34.466,34.506,-0.0138,0.0265,9.8078,0.0692,0.3488,0.2813
14965,778,797,34.319,34.534,0.0776,0.048,9.7709,-0.2618,-0.0994,-0.2758
14970,781,793,34.495,34.505,0.0026,-0.0584,9.7495,-0.7245,0.2957,0.7879
14975,767,785,34.37,34.48,0.0365,-0.0138,9.8108,-0.0422,-0.3901,-0.2505
14980,762,786,34.525,34.375,-0.0288,0.0282,9.8354,0.6564,0.3052,0.1042
14985,756,780,34.395,34.504,-0.0367,0.0162,9.9075,1.0454,-0.6704,-0.1718
14990,746,773,34.42,34.431,-0.0997,-0.0932,9.7366,-0.2004,-0.4728,0.0379
14995,748,770,34.416,34.47,0.0174,-0.0233,9.8026,-0.3457,-0.2702,-0.5612
15000,759,763,34.336,34.485,0.0309,0.0428,9.992,0.9427,0.0424,0.6207
15005,746,754,34.354,34.454,-0.0025,-0.0088,9.7969,-0.1563,0.8248,-0.3389
15010,750,755,34.41,34.556,-0.0101,0.0293,9.739,-0.5216,-0.4792,-0.5311
15015,748,749,34.416,34.409,-0.0424,0.0378,9.8207,-1.0023,0.9396,0.3916
15020,748,743,34.471,34.569,-0.0267,0.0067,9.8104,0.3155,-0.4065,0.2346
15025,749,729,34.358,34.577,-0.0111,0.0404,9.7899,-0.4304,0.4735,-0.1578
15030,761,732,34.324,34.408,-0.0257,-0.0221,9.8523,0.0359,1.1267,0.1355
15035,749,723,34.418,34.513,0.0199,0.0728,9.7833,0.0908,-0.1639,-0.8781
15040,759,715,34.375,34.423,-0.0033,0.0446,9.8098,-0.3623,0.3603,0.8545
15045,750,716,34.434,34.489,-0.0098,-0.0078,9.8849,-0.1618,0.6378,0.6622
15050,764,709,34.495,34.452,0.0127,-0.121,9.8038,0.0382,-0.2651,-0.0862
15055,765,705,34.442,34.555,-0.0747,-0.0055,9.8297,0.0363,-0.9726,-0.3181
15060,775,694,34.455,34.536,0.0135,0.0291,9.8121,-0.0628,0.0531,0.5498
15065,781,690,34.412,34.505,-0.0185,-0.0044,9.7358,-0.9147,-0.4635,0.8679
15070,794,684,34.445,34.521,-0.0366,0.0165,9.7436,-0.5172,0.085,-0.1117
15075,793,674,34.393,34.495,-0.0429,0.0491,9.7486,0.3133,-0.6917,0.4614
15080,813,673,34.488,34.479,0.0143,-0.0449,9.7977,0.6991,0.1439,-0.0685
15085,821,670,34.484,34.514,-0.0051,-0.0709,9.8028,0.0088,0.0441,0.0425
15090,823,664,34.492,34.356,0.0591,0.019,9.7725,-0.5412,0.6242,0.367
15095,831,663,34.429,34.492,0.0797,0.0639,9.7487,0.5071,-0.9346,0.1583
15100,851,653,34.528,34.451,-0.0253,-0.0427,9.8452,-0.4855,-0.6639,-0.1948
15105,855,646,34.41,34.408,0.0225,0.0474,9.7923,0.7226,-0.2047,0.335
15110,862,650,34.312,34.528,-0.0301,-0.012,9.7912,-0.7165,-0.1241,-0.3688
15115,872,644,34.449,34.394,-0.0322,-0.0653,9.7463,0.0812,-1.2992,0.1697
15120,884,646,34.311,34.573,-0.0016,-0.0618,9.7494,0.0788,0.5053,-0.5837
15125,891,639,34.47,34.437,-0.0287,-0.0145,9.7811,1.0777,0.0956,-0.1634
15130,898,637,34.322,34.451,-0.0089,0.0329,9.8637,0.7311,0.3429,0.8229
15135,913,638,34.417,34.417,-0.0408,0.0354,9.8501,0.2444,-0.1475,0.4818
15140,932,631,34.43,34.492,-0.0207,0.0634,9.8247,0.2894,-0.0982,-0.0962
15145,940,637,34.517,34.539,0.0713,-0.014,9.8512,-0.3704,0.2577,0.6736
15150,953,633,34.45,34.531,0.0711,0.0239,9.7647,-0.2619,-0.6317,-0.1107
15155,960,637,34.436,34.489,-0.0485,-0.0357,9.8475,-0.3527,-0.5959,0.1187
15160,988,634,34.446,34.483,-0.0257,-0.0152,9.8377,0.0721,-0.5497,0.705
15165,984,632,34.432,34.477,0.042,-0.0148,9.8441,0.1664,0.0036,-0.2916
15170,1008,634,34.478,34.485,-0.0707,0.0819,9.8237,-0.2237,0.2621,0.0259
15175,1016,629,34.422,34.525,0.0283,0.0262,9.8116,-0.4883,0.7982,-0.3528
15180,1024,640,34.384,34.5,-0.0341,0.0655,9.848,-0.1439,0.4358,-0.1445
15185,1035,638,34.507,34.472,0.0354,0.0981,9.8306,0.2646,0.0662,-0.0801
15190,1051,644,34.466,34.509,0.0487,-0.0177,9.8463,0.9464,-0.3551,-1.1103
15195,1053,648,34.517,34.372,0.1718,0.0813,9.8299,0.3949,-0.0141,-0.5996
15200,1073,651,34.466,34.472,0.011,0.0495,9.7363,-0.3631,0.5171,-0.9223
15205,1095,652,34.475,34.49,-0.0051,0.0817,9.7057,0.8377,0.4457,-0.5016
15210,1096,663,34.435,34.501,0.0732,-0.0612,9.8243,0.0395,-0.0543,1.2753
15215,1109,666,34.403,34.493,0.02,0.049,9.785,-0.4917,0.3189,0.137
15220,1112,672,34.452,34.546,-0.0705,-0.0444,9.8228,0.5224,-0.0462,-0.0473
15225,1119,677,34.541,34.488,-0.0244,-0.0076,9.7735,0.6703,-1.0916,-0.2912
15230,1135,684,34.461,34.524,0.0175,-0.0602,9.7796,-1.303,0.8072,-0.116
15235,1140,687,34.464,34.52,0.105,-0.011,9.7776,-0.3894,0.4176,0.3483
15240,1147,700,34.322,34.46,0.022,-0.0339,9.8204,-0.5137,0.5009,0.401
15245,1154,702,34.487,34.434,-0.0264,0.001,9.8614,0.5525,0.0526,0.4757
15250,1144,711,34.533,34.536,0.0375,0.0456,9.8368,-0.1596,0.7676,-0.973
15255,1170,714,34.522,34.467,0.0115,0.0804,9.8055,0.6539,-1.0003,-0.7254
15260,1163,726,34.394,34.519,-0.0089,-0.0739,9.8314,0.161,0.1045,0.0105
15265,1172,731,34.32,34.489,0.147,0.0551,9.8031,0.1284,-1.0588,-0.3671
15270,1178,737,34.328,34.448,0.019,0.0573,9.6486,0.1218,0.5767,0.1582
15275,1183,745,34.468,34.46,-0.0337,0.0206,9.8371,0.6714,0.1527,0.3031
15280,1181,753,34.437,34.476,-0.012,0.0203,9.8545,0.474,0.693,0.2728
15285,1185,761,34.429,34.492,-0.0707,0.019,9.8439,-0.0348,0.226,-0.2126
15290,1184,775,34.444,34.538,-0.0367,0.0602,9.7967,-0.0884,0.102,-0.1815
15295,1180,778,34.397,34.428,0.0024,-0.0311,9.8796,-0.4626,-0.0145,0.5017
15300,1192,790,34.502,34.461,-0.006,0.044,9.7327,0.8176,-0.4942,0.4619
15305,1176,795,34.35,34.534,-0.0246,-0.0727,9.8465,0.2437,-0.3281,0.3127
15310,1193,799,34.499,34.515,-0.0436,0.0147,9.8171,0.0007,-0.1609,-0.7988
15315,1191,809,34.443,34.494,0.0273,-0.0262,9.8568,-0.7283,0.0485,-0.2872
15320,1192,819,34.374,34.508,-0.0116,-0.0253,9.912,0.7219,0.2489,0.1061
15325,1190,825,34.459,34.355,0.0068,-0.034,9.8722,0.2505,0.4074,0.1306
15330,1191,833,34.482,34.515,-0.0757,0.0094,9.7831,0.092,0.215,0.3731
15335,1183,836,34.36,34.564,0.01,0.0167,9.8408,0.4279,0.1127,-0.5494
15340,1180,846,34.33,34.383,-0.0342,-0.0044,9.812,0.0325,-0.4447,-0.2255
15345,1182,857,34.483,34.521,0.113,-0.0311,9.7849,0.7871,0.6947,0.7463
15350,1177,852,34.409,34.589,0.0069,-0.0337,9.9158,-0.8976,0.0026,0.518
15355,1175,864,34.464,34.565,0.0439,-0.0091,9.7819,-0.0435,-0.0945,-0.2813
15360,1175,874,34.437,34.483,-0.0255,0.0689,9.8307,0.4571,0.0556,-0.4158
15365,1168,875,34.377,34.528,-0.0646,-0.0002,9.8438,0.3043,0.1443,0.8395
15370,1160,881,34.353,34.482,-0.0929,0.0043,9.8527,-0.1523,0.2105,0.4135
15375,1175,893,34.415,34.447,-0.0326,-0.0739,9.8421,-0.8441,0.6528,-0.2359
15380,1154,889,34.39,34.433,-0.0566,-0.0726,9.8011,0.1769,-0.594,-0.2818
15385,1158,890,34.48,34.512,0.0198,-0.0057,9.837,0.3254,0.2253,0.5955
15390,1163,896,34.514,34.463,0.038,0.0917,9.8339,-0.3905,-0.6512,0.2732
15395,1141,901,34.408,34.496,-0.0146,0.107,9.8425,0.917,-0.4666,0.0779
15400,1153,908,34.406,34.457,0.043,0.0791,9.8239,0.7676,0.581,-0.4952
15405,1145,908,34.452,34.501,-0.0496,0.1259,9.7846,0.1173,0.4102,-0.3381
15410,1143,908,34.365,34.48,0.0579,0.0401,9.949,0.1907,-0.1384,0.0481
15415,1134,915,34.463,34.465,-0.0125,0.0235,9.843,1.2344,0.3493,0.0625
15420,1139,919,34.477,34.535,0.0438,-0.0067,9.7443,-0.4176,0.1703,0.4361
15425,1141,916,34.403,34.548,-0.0573,-0.0399,9.8079,-0.441,0.2451,-0.7077
15430,1126,926,34.37,34.496,0.0639,0.0198,9.7809,0.1527,0.4664,0.0703
15435,1128,919,34.45,34.472,-0.0424,0.0106,9.7967,-0.0508,-0.1776,0.1956
15440,1127,923,34.399,34.57,-0.1025,0.04,9.8372,0.1577,-0.5549,-0.946
15445,1122,922,34.361,34.448,0.0171,-0.0474,9.8001,0.3858,-0.2606,0.2292
15450,1113,919,34.422,34.494,0.0127,-0.071,9.7362,0.4175,0.1991,-0.6484
15455,1115,922,34.439,34.513,0.0691,-0.0433,9.8098,0.0126,-0.077,-0.0866
15460,1098,924,34.495,34.566,-0.0518,0.0329,9.7571,-0.1753,0.2349,-0.2836
15465,1110,918,34.522,34.59,0.0139,0.0067,9.7873,0.1791,0.8173,0.428
15470,1114,921,34.362,34.403,0.0218,0.0079,9.8817,0.1089,-0.6722,-0.2625
15475,1117,920,34.461,34.467,-0.0208,-0.0439,9.767,-0.1487,0.1397,-0.8633
15480,1099,922,34.36,34.501,0.0083,0.0437,9.7886,-0.319,0.5461,0.6872
15485,1104,914,34.484,34.421,0.0891,0.06,9.8223,-0.6471,-0.0042,-0.8108
15490,1099,916,34.5,34.577,-0.1508,0.0215,9.7737,-0.662,0.3056,0.3681
15495,1100,914,34.494,34.496,-0.0144,-0.0198,9.9097,-0.0857,0.2487,0.1928
15500,1088,916,34.499,34.506,0.0647,-0.0282,9.8326,-0.5009,0.4419,-0.0081
15505,1088,915,34.513,34.464,-0.0834,0.0228,9.8481,0.3992,0.0443,0.0418
15510,1081,912,34.442,34.54,0.0262,-0.0318,9.7624,0.065,0.2155,-0.3333
15515,1093,910,34.465,34.481,0.0557,0.0117,9.8419,-0.3076,-0.5386,0.7185
15520,1083,903,34.374,34.427,-0.0155,0.0569,9.8175,0.5442,0.0088,0.1286
15525,1087,904,34.367,34.424,0.0811,0.0224,9.8551,-0.1059,-0.6,-0.4577
15530,1080,903,34.308,34.475,-0.0773,0.0482,9.8441,0.5687,0.5143,-0.4901
15535,1077,898,34.39,34.53,0.0246,0.0723,9.7394,-0.1779,-0.6131,0.9209
15540,1081,894,34.497,34.51,-0.0209,0.0704,9.8575,-0.8605,0.141,0.2241
15545,1071,895,34.417,34.583,0.0121,0.0054,9.8557,-0.5828,-0.16,-0.6453
15550,1073,891,34.407,34.466,-0.0048,0.0024,9.9067,0.1556,-0.3156,-0.6544
15555,1078,891,34.346,34.535,-0.0521,0.0403,9.8171,-0.1817,-0.8352,0.114
15560,1071,887,34.379,34.447,0.0091,0.0755,9.9232,-0.9903,-1.0291,0.207
15565,1059,893,34.42,34.418,-0.0207,0.0838,9.8084,0.6608,0.3196,-0.35
15570,1056,882,34.538,34.446,0.0369,-0.0103,9.7872,-1.6898,-0.193,0.4025
15575,1058,881,34.424,34.421,0.0377,-0.0523,9.7364,0.0128,0.1782,-0.9208
15580,1043,876,34.496,34.36,0.0428,-0.0253,9.8177,-0.3209,-0.5165,0.6885
15585,1040,876,34.362,34.45,0.0752,0.026,9.8961,0.4944,0.1876,0.1526
15590,1035,873,34.526,34.423,0.0102,0.0275,9.8399,0.4899,0.3515,-0.0276
15595,1041,875,34.434,34.547,-0.077,-0.0322,9.7479,-1.4338,0.0649,-0.7765
15600,1037,870,34.424,34.467,-0.0149,0.0873,9.7758,0.2272,0.3864,0.8909
15605,1024,868,34.382,34.552,0.001,-0.0251,9.8644,0.0278,0.9025,-0.1162
15610,1021,866,34.368,34.412,-0.03,0.0367,9.7832,-0.7172,0.0845,0.5539
15615,1018,863,34.419,34.497,-0.0697,0.0403,9.7317,-0.6117,-0.5237,-0.1429
15620,1002,866,34.395,34.532,-0.0463,0.0137,9.7949,0.061,0.2511,-1.0475
15625,1007,863,34.426,34.493,0.014,0.0379,9.7975,0.258,-0.4847,0.7353
15630,1001,859,34.496,34.407,-0.0747,0.096,9.8862,-0.3173,-0.2352,0.3882
15635,989,862,34.45,34.368,0.0376,0.068,9.7202,-0.5526,1.0889,0.4429
15640,978,856,34.371,34.511,-0.0192,0.0531,9.847,-0.1243,0.4985,0.5552
15645,962,856,34.537,34.47,0.0512,0.0711,9.8266,0.2216,-0.8536,-0.263
15650,969,853,34.49,34.463,-0.084,0.0119,9.8055,0.684,0.1653,0.3685
15655,949,851,34.397,34.477,-0.0399,0.0384,9.7538,0.584,0.1256,0.168
15660,952,854,34.436,34.404,0.0132,-0.0541,9.7703,-0.5595,-0.0809,-0.1164
15665,939,851,34.492,34.566,0.0404,0.0235,9.7557,0.3552,-0.7319,0.4989
15670,936,851,34.471,34.452,-0.1056,-0.0243,9.8201,0.0937,-0.1499,-0.0396
15675,916,852,34.403,34.475,-0.0461,-0.0864,9.8562,-0.8399,0.4943,-0.6563
15680,912,848,34.353,34.502,0.0428,-0.0058,9.8639,0.4762,-0.0519,0.2663
15685,891,843,34.422,34.441,-0.0218,0.0379,9.8924,-0.2645,0.2605,0.2519
15690,891,849,34.42,34.577,-0.0313,0.0336,9.7943,0.0948,0.0056,-1.1638
15695,890,846,34.458,34.48,0.0505,0.0634,9.7749,0.3353,1.0814,-0.6568
15700,877,844,34.437,34.389,0.0769,-0.0638,9.8232,1.2584,0.5863,-0.8251
15705,872,841,34.489,34.405,-0.012,-0.0279,9.7974,0.0381,1.0109,0.475
15710,858,837,34.389,34.402,-0.0134,-0.0094,9.792,-0.3945,0.3553,-0.4626
15715,852,839,34.46,34.363,0.0504,0.1169,9.8686,-0.8165,-0.1235,-0.4146
15720,837,834,34.435,34.481,-0.0981,-0.0513,9.8097,-0.105,0.4626,-0.9742
15725,822,830,34.402,34.493,-0.0252,-0.0106,9.7324,-0.0119,-0.5062,0.6078
15730,822,827,34.455,34.461,0.007,0.0144,9.8471,-0.5207,0.0181,-0.7725
15735,814,820,34.412,34.465,0.1154,0.017,9.7364,0.4689,0.2734,-0.2708
15740,802,817,34.391,34.542,-0.0633,0.0054,9.7829,-0.0291,0.1091,0.0329
15745,801,816,34.44,34.531,0.0094,-0.0028,9.7148,-0.5068,0.3285,0.5338
15750,798,811,34.404,34.503,-0.0384,-0.0472,9.8972,0.2129,-0.505,0.2537
15755,787,807,34.439,34.529,-0.0571,0.1015,9.8092,0.165,0.4111,-1.0061
15760,785,802,34.428,34.538,-0.0022,0.0026,9.8242,-0.119,0.4114,-0.2018
15765,770,798,34.523,34.449,0.0016,-0.0166,9.8783,-0.3574,-0.633,0.7884
15770,775,795,34.473,34.443,0.1135,-0.0172,9.805,-0.607,1.1155,-0.2155
15775,765,794,34.427,34.468,0.0668,0.029,9.8221,-1.3153,-0.8038,0.4833
15780,756,784,34.452,34.474,0.0561,0.0427,9.8135,-1.1754,0.5631,0.0798
15785,754,779,34.416,34.498,0.0768,-0.0188,9.7738,-0.2123,0.0138,-0.3514
15790,756,779,34.417,34.542,0.0301,-0.0681,9.8152,0.4839,-0.9983,0.9745
15795,756,771,34.508,34.471,0.0059,0.0008,9.7617,1.3217,0.77,0.5242
15800,742,764,34.364,34.545,0.015,0.025,9.8726,0.0587,0.1384,-0.1057
15805,742,761,34.51,34.406,-0.0849,-0.0088,9.8389,-0.5518,0.2633,0.1763
15810,747,751,34.55,34.451,-0.0193,-0.0471,9.8686,0.542,-0.0262,-0.3141
15815,746,751,34.418,34.382,0.0344,0.0236,9.7684,0.9578,0.4737,1.1196
15820,749,744,34.399,34.5,-0.0432,-0.0497,9.8148,0.2877,0.1858,-0.1766
15825,751,734,34.4,34.387,-0.0588,0.0721,9.8777,-0.276,-0.4582,-0.0862
15830,755,731,34.4,34.476,-0.0045,0.0256,9.7888,0.008,-0.0242,0.3485
15835,741,721,34.375,34.454,-0.0388,0.0142,9.8072,-0.138,-0.4376,0.1824
15840,765,715,34.426,34.59,0.0534,-0.0285,9.8631,0.516,-0.4282,-0.1065
15845,764,714,34.443,34.5,-0.009,-0.01,9.8745,-0.472,0.4003,0.5247
15850,765,705,34.31,34.504,-0.0947,-0.0622,9.8124,1.2425,-0.1659,0.0841
15855,768,703,34.462,34.555,0.0074,-0.0433,9.7284,0.5687,-0.3277,-0.8632
15860,779,698,34.385,34.466,0.0209,0.0021,9.7922,-0.0649,0.2986,0.2302
15865,779,689,34.467,34.471,-0.0528,0.0537,9.7619,0.067,-0.0325,-0.4955
15870,796,684,34.426,34.569,0.0589,-0.0359,9.8352,0.9973,0.1547,-0.2856
15875,797,679,34.45,34.426,-0.0413,-0.0352,9.7946,0.6055,0.1672,0.5372
15880,808,673,34.418,34.452,0.0449,0.1323,9.8653,0.4651,-0.1002,-0.3002
15885,806,669,34.436,34.5,0.0516,0.0957,9.8164,0.0362,-0.0861,0.0034
15890,821,659,34.39,34.436,-0.0237,-0.0028,9.7978,-0.2754,0.6223,-0.3211
15895,829,663,34.48,34.467,-0.0165,0.0372,9.846,-0.084,0.2459,0.5538
15900,847,654,34.372,34.609,0.0205,0.0034,9.875,-0.6121,-0.5885,-0.9344
15905,854,650,34.405,34.508,0.0074,0.0945,9.7943,0.5761,0.1355,0.7172
15910,870,643,34.399,34.478,0.0471,-0.0701,9.8696,0.5442,-0.6855,-0.6172
15915,877,647,34.455,34.358,0.0681,0.0426,9.8902,0.6471,-0.2614,-0.431
15920,891,648,34.515,34.547,0.0025,0.0397,9.7904,0.126,-0.356,-0.2479
15925,896,640,34.392,34.449,-0.0369,-0.041,9.8112,0.9251,1.0207,-0.314
15930,909,644,34.45,34.539,0.03,0.0518,9.7701,-0.4096,0.5845,0.4041
15935,917,638,34.388,34.402,-0.1125,0.0472,9.8815,-0.1883,0.162,-0.256
15940,926,641,34.548,34.474,0.015,-0.0696,9.7488,0.7672,1.0328,0.265
15945,942,631,34.338,34.432,0.1083,-0.0077,9.8157,-0.2349,-0.0532,-0.0171
15950,962,635,34.44,34.483,-0.0128,0.024,9.7219,0.1154,0.305,-0.1017
15955,967,638,34.427,34.513,0.1157,0.01,9.8073,-0.4516,-0.2768,0.199
15960,981,634,34.407,34.442,0.0778,-0.081,9.786,1.2398,-0.1316,-0.8115
15965,998,634,34.435,34.477,0.0436,0.0105,9.8423,0.5024,0.091,0.4576
15970,1006,638,34.473,34.563,0.0206,0.0423,9.8868,0.5344,-0.8324,0.2897
15975,1027,637,34.382,34.506,0.0894,-0.0168,9.8616,0.1582,-0.8089,0.4214
15980,1030,643,34.389,34.453,-0.0517,0.053,9.8797,-0.1647,-0.096,-0.7012
15985,1040,646,34.444,34.414,0.0369,0.0581,9.8953,-0.7087,-0.7294,-0.1764
15990,1056,649,34.431,34.537,0.0955,-0.0015,9.7268,-0.14,0.2466,0.1762
15995,1069,645,34.461,34.549,-0.0108,-0.0355,9.8314,0.0439,-1.2182,0.1242
16000,1077,649,34.374,34.523,-0.078,0.0888,9.8277,0.3724,0.1754,-0.9847
16004,1083,658,34.556,34.427,-0.016,-0.0075,9.8274,-0.4607,-0.2273,-0.4079
16010,1090,663,34.481,34.437,0.0902,-0.032,9.8531,0.7888,-0.558,-0.5758
16015,1104,669,34.442,34.51,0.0846,-0.0939,9.7615,-0.3407,0.2099,-0.0908
16020,1110,671,34.349,34.55,-0.0555,0.0103,9.7843,-0.5869,1.1016,-0.6977
16024,1114,678,34.346,34.463,-0.0138,0.0444,9.8231,0.2199,0.3856,-0.4138
16030,1137,681,34.482,34.411,0.0152,-0.0249,9.8186,0.0927,0.8815,-0.3364
16035,1133,689,34.401,34.494,0.0187,-0.009,9.8191,-0.6529,0.3371,-0.2151
16040,1136,698,34.298,34.39,-0.0149,0.0053,9.9155,-0.3934,0.9977,-0.693
16045,1144,703,34.431,34.426,0.0663,0.0397,9.7554,0.1518,-0.2579,0.4103
16050,1155,714,34.425,34.455,-0.0373,0.0974,9.8298,-0.0198,-0.4094,-0.6259
16055,1153,719,34.432,34.543,-0.0076,0.133,9.7916,0.8137,-0.5545,-0.0318
16059,1157,723,34.41,34.464,0.0163,0.0938,9.8966,-0.8583,0.9689,0.2296
16065,1167,735,34.404,34.507,-0.0863,-0.0111,9.8067,-0.3582,-0.0015,0.4886
16070,1176,737,34.515,34.502,0.0279,-0.0595,9.8015,0.808,-0.0776,1.2627
16075,1182,748,34.417,34.464,-0.0259,0.0112,9.683,-0.1144,0.1192,0.1986
16079,1182,757,34.377,34.546,0.0211,0.0116,9.7715,-1.1039,-0.3562,-0.6225
16085,1185,765,34.437,34.48,-0.0293,0.0701,9.7447,-1.0013,-0.8167,-0.1428
16090,1185,772,34.444,34.471,-0.0085,-0.1139,9.7626,0.2253,0.4477,0.2041
16094,1182,777,34.416,34.588,-0.0265,-0.0092,9.7774,-0.125,0.8091,-0.7972
16100,1189,791,34.447,34.519,0.0365,0.0057,9.8208,0.1776,0.0575,-0.2296
16105,1186,800,34.422,34.547,-0.083,-0.0578,9.7779,0.287,0.2558,-0.5281
16110,1182,806,34.458,34.511,-0.0167,-0.0855,9.8477,-0.4461,0.0254,0.5193
16114,1183,813,34.494,34.459,0.0375,0.0312,9.8079,-0.1596,-0.4826,-0.1692
16120,1188,817,34.431,34.448,0.0807,0.0146,9.7289,0.9762,0.1149,-0.6196
16125,1185,828,34.441,34.464,-0.0135,-0.0513,9.8146,-0.5547,0.2838,-0.6926
16129,1185,831,34.518,34.48,-0.0698,-0.0052,9.8584,-0.3336,0.1707,1.558
16135,1188,844,34.385,34.534,0.0188,0.0202,9.824,-0.2813,-0.0285,-0.7729
16140,1185,848,34.528,34.575,-0.0086,-0.063,9.9308,-0.178,-0.5189,-0.1655
16145,1181,856,34.353,34.429,0.0117,-0.069,9.8439,0.1284,-0.6718,0.62
16149,1174,861,34.361,34.522,-0.0267,0.0019,9.7788,0.2328,0.8588,0.4045
16155,1178,864,34.409,34.463,-0.0108,-0.1297,9.8433,0.116,-0.4587,0.1041
16160,1171,869,34.416,34.546,-0.1036,-0.0555,9.8511,0.0965,-0.287,-0.1687
16165,1161,877,34.399,34.448,0.0312,0.0043,9.8747,0.6035,0.0147,-0.1193
16170,1172,885,34.425,34.472,-0.0437,-0.0921,9.8915,0.0673,-1.1143,0.5102
16175,1162,886,34.459,34.415,0.0495,0.0023,9.8468,0.1351,-0.0462,0.6562
16180,1163,894,34.404,34.504,0.0551,0.0401,9.73,-0.1046,0.4498,-0.0637
16184,1158,900,34.435,34.431,0.0334,-0.0418,9.8324,0.3436,-0.3019,0.1231
16190,1153,900,34.406,34.49,-0.0191,-0.0676,9.798,-0.9804,0.6037,0.097
16195,1157,905,34.466,34.377,-0.0498,0.0106,9.8303,-0.0718,-0.4867,-0.7047
16200,1141,910,34.52,34.457,-0.0772,-0.0586,9.8221,-0.0071,0.7293,0.0196
16204,1147,911,34.396,34.457,-0.0579,0.0042,9.841,-0.9037,0.1451,-0.3411
16210,1146,916,34.392,34.399,0.0205,0.0278,9.8582,-0.077,-0.4773,0.418
16215,1139,915,34.525,34.502,0.044,-0.0327,9.774,-0.4179,0.1603,0.5698
16219,1128,920,34.473,34.505,0.05,0.0231,9.7748,-0.6497,-0.4408,-0.4359
16225,1133,921,34.416,34.595,-0.0047,0.008,9.8432,0.0246,0.7448,-0.4206
16230,1126,925,34.367,34.454,-0.028,0.0102,9.7743,-0.313,0.1554,1.1102
16235,1125,918,34.401,34.539,0.0826,-0.1106,9.8098,0.2056,-0.0252,0.6289
16239,1117,921,34.4,34.432,0.0073,-0.0122,9.8175,0.2582,0.3872,-0.2601
16245,1123,922,34.394,34.424,0.0709,0.011,9.7641,-0.7316,-0.1727,0.5106
16250,1115,922,34.359,34.473,-0.0056,0.0187,9.8328,-0.4656,0.4118,0.0578
16254,1115,927,34.381,34.465,0.0191,-0.0225,9.9318,-0.0398,-0.1946,0.3115
16260,1114,926,34.429,34.374,-0.0112,-0.029,9.819,-0.0102,-0.1309,-0.2782
16265,1102,924,34.498,34.418,-0.001,0.0301,9.8416,0.3536,0.4085,-0.0085
16270,1108,919,34.451,34.377,-0.021,0.0489,9.809,-0.1675,0.2464,0.2068
16274,1102,926,34.413,34.422,-0.0536,-0.0648,9.7835,0.0364,0.5547,0.4578
16280,1099,917,34.327,34.505,0.0442,-0.0563,9.8053,-0.2822,0.2161,0.3485
16285,1090,924,34.335,34.428,-0.1057,-0.0162,9.8108,0.4004,0.558,0.1893
16290,1096,915,34.347,34.519,0.0001,0.026,9.8619,-0.1611,0.225,-0.7288
16295,1095,915,34.51,34.527,0.0039,0.0582,9.7044,-0.3341,-0.248,0.3627
16300,1097,917,34.386,34.36,0.0267,0.0591,9.936,0.1569,0.1051,0.4385
16305,1089,915,34.397,34.472,-0.0755,0.061,9.8512,-0.3658,0.261,-1.2083
16309,1092,911,34.369,34.528,-0.0138,-0.0245,9.885,0.5431,-0.1649,-0.5554
16315,1070,904,34.339,34.55,-0.0063,0.0023,9.7586,0.2276,0.2884,-0.0915
16320,1091,904,34.52,34.382,-0.0785,0.0552,9.8427,-0.3761,1.1866,-0.3847
16325,1075,900,34.447,34.456,-0.0137,0.0415,9.779,-0.1114,-0.119,-0.9724
16329,1081,902,34.427,34.515,0.0136,0.037,9.8032,0.4184,0.5073,-0.1025
16335,1086,902,34.412,34.547,0.0196,-0.0376,9.7902,-0.1911,0.5883,0.1235
16340,1081,900,34.501,34.449,-0.0816,-0.0504,9.7727,0.6762,-0.3029,0.0836
16344,1070,890,34.44,34.424,0.0776,0.0717,9.832,-0.4257,-0.6792,0.6112
16350,1074,891,34.42,34.468,-0.0049,0.0293,9.7082,1.1213,0.1179,0.2547
16355,1066,890,34.439,34.511,-0.005,-0.0219,9.84,-0.3301,0.1591,0.4717
16360,1067,886,34.397,34.457,-0.0525,0.055,9.8147,0.7127,0.1531,0.3292
16364,1066,883,34.306,34.384,0.0035,-0.0226,9.7203,-0.476,-0.0592,0.092
16370,1054,890,34.352,34.472,-0.0117,0.0734,9.7888,0.5424,0.0902,0.1996
16375,1067,881,34.496,34.551,0.0048,-0.0094,9.8286,-1.227,-0.3545,-0.4734
16379,1046,872,34.492,34.451,0.0237,0.098,9.7785,0.2846,0.23,0.1057
16385,1043,877,34.466,34.469,0.0106,-0.0441,9.7548,0.4551,0.2624,-0.092
16390,1032,869,34.503,34.546,0.1384,-0.016,9.8141,0.4035,0.2742,0.0739
16395,1036,876,34.378,34.487,0.0397,0.0703,9.784,0.4339,-0.6716,0.3284
16400,1038,871,34.459,34.45,0.0292,0.0103,9.8715,-0.3073,0.1319,0.7752
16405,1020,873,34.492,34.537,-0.0513,0.0202,9.808,0.4161,-0.3036,-0.3231
16410,1010,864,34.403,34.431,0.0305,0.0006,9.7713,0.1936,-0.6169,-0.2114
16415,1010,868,34.424,34.526,-0.0358,0.025,9.7729,0.0584,-0.2769,0.393
16420,999,865,34.305,34.402,-0.0314,-0.025,9.8771,0.281,0.6471,-0.9829
16425,1003,868,34.436,34.44,0.0385,-0.0389,9.7896,-0.7153,-0.1337,-0.0542
16430,998,860,34.325,34.478,-0.0152,0.0026,9.8194,0.3116,-0.0942,0.1661
16435,984,864,34.417,34.433,-0.0347,0.0436,9.774,0.5822,0.2979,0.1126
16440,981,862,34.534,34.371,0.0565,0.0534,9.8696,0.2436,-0.168,0.6276
16445,968,863,34.425,34.542,-0.0407,0.1789,9.8411,-0.0337,0.0904,-0.2346
16450,958,862,34.463,34.498,0.0283,0.0727,9.811,0.0877,0.1652,0.6701
16455,961,863,34.454,34.394,-0.0304,0.0207,9.7881,-0.0962,-0.6059,-0.3211
16460,941,854,34.401,34.505,-0.0141,0.0157,9.8017,0.1186,0.2576,-1.1657
16465,932,854,34.422,34.515,-0.0494,0.0771,9.7976,0.4739,0.298,0.6407
16470,927,853,34.506,34.435,-0.0532,0.058,9.7643,-0.5929,0.2412,0.0821
16475,914,855,34.5,34.433,0.0136,0.0071,9.8741,-0.5757,0.7109,-0.6823
16480,910,846,34.413,34.468,-0.0529,-0.0175,9.7766,-0.1704,1.4494,0.0227
16485,904,848,34.389,34.487,-0.0519,-0.0056,9.873,-1.1139,-0.2657,0.2664
16490,897,839,34.417,34.499,0.0095,0.0154,9.8109,1.0168,-0.29,0.0781
16495,874,843,34.383,34.447,-0.0551,0.0567,9.8358,-0.028,0.1434,-0.0985
16500,872,838,34.453,34.502,-0.0275,-0.0138,9.703,0.3903,0.5964,0.1951
16505,866,835,34.414,34.431,-0.0266,0.0113,9.7971,0.15,0.0685,-0.0155
16510,853,839,34.479,34.481,0.0094,-0.0903,9.8195,0.5126,0.6233,-0.1735
16515,849,835,34.405,34.514,-0.0074,0.0215,9.8929,0.5648,-0.5557,0.3836
16520,844,830,34.467,34.452,0.0191,0.0637,9.8021,0.4382,-0.1835,-0.5717
16525,817,832,34.445,34.511,-0.0208,-0.0542,9.7924,0.6962,-0.1716,-0.1087
16530,824,826,34.436,34.434,0.1072,0.0341,9.8001,0.2847,-0.0316,-0.006
16535,818,812,34.44,34.401,0.0507,-0.1024,9.8091,-0.4178,0.2002,-0.3566
16540,809,815,34.373,34.475,0.0263,-0.0773,9.7971,1.5197,0.6296,-0.5323
16545,803,813,34.418,34.416,-0.0098,-0.0154,9.7388,-0.6312,0.6817,-0.3211
16550,801,812,34.355,34.53,-0.0022,-0.0179,9.8318,-0.4305,0.0211,0.5496
16555,787,807,34.437,34.438,0.026,-0.0419,9.801,0.4829,-0.3141,0.0229
16560,772,804,34.379,34.483,-0.0388,-0.0303,9.8131,-0.6552,0.4387,-0.0614
16565,778,796,34.422,34.458,-0.0503,0.041,9.7656,0.9914,-0.0513,-0.2929
16570,775,796,34.433,34.449,0.0041,-0.0396,9.7572,-0.4111,-0.0472,-0.298
16575,756,795,34.336,34.513,-0.041,-0.0554,9.7421,0.6937,0.4651,-0.013
16580,759,785,34.493,34.481,0.0581,-0.0044,9.8273,0.0238,-0.0114,-0.2063
16585,763,775,34.418,34.545,-0.0451,-0.0239,9.9209,-0.2865,0.248,0.3244
16590,757,775,34.463,34.464,0.022,-0.0021,9.8785,-0.216,0.7016,-0.1145
16595,752,766,34.456,34.501,-0.0785,-0.0518,9.8627,-0.6668,0.2649,0.07
16600,749,758,34.377,34.373,-0.0164,-0.0502,9.7747,0.5193,-0.1811,0.532
16605,745,754,34.415,34.448,-0.0153,0.0889,9.789,0.35,0.0941,1.1556
16610,751,753,34.426,34.473,-0.033,-0.094,9.7813,-0.099,-0.0634,-0.9825
16615,752,746,34.403,34.486,-0.0879,0.0701,9.7763,-0.0519,1.0753,0.05
16620,745,740,34.444,34.413,-0.0794,0.0413,9.8194,-0.9733,0.0568,-0.9513
16625,748,732,34.489,34.496,0.0185,0.0195,9.7904,-0.1417,-0.9435,-0.0971
16630,752,728,34.488,34.518,-0.015,-0.0328,9.7872,0.032,0.703,1.1555
16635,753,721,34.468,34.432,0.0192,-0.078,9.7827,-0.0833,-0.2934,0.2897
16640,758,722,34.404,34.438,-0.0853,-0.0047,9.8447,-0.2001,-0.0175,0.0482
16645,761,710,34.405,34.472,-0.0405,-0.0067,9.8606,-0.438,0.7997,-0.1212
16650,772,704,34.415,34.416,0.021,-0.1138,9.7814,-1.0011,-0.5778,0.5834
16655,776,701,34.429,34.394,-0.0165,0.0066,9.8412,-0.2335,0.2009,-0.5408
16660,786,699,34.468,34.512,-0.0519,0.0128,9.8686,0.8788,0.3127,0.0557
16665,789,692,34.362,34.493,-0.0193,0.0504,9.8519,0.4489,0.5637,-0.443
16670,794,682,34.373,34.506,-0.0139,-0.0188,9.8413,-0.723,-0.0215,0.7184
16675,809,672,34.45,34.411,0.104,-0.0111,9.8112,1.0096,-0.8276,0.2968
16680,806,671,34.442,34.515,-0.0789,-0.0394,9.8326,0.9835,0.3578,-0.23
16685,820,667,34.424,34.465,0.082,-0.0104,9.9164,-0.0246,-0.3087,0.5426
16690,830,668,34.35,34.527,-0.056,0.0324,9.8376,0.4654,-0.0054,0.9088
16695,841,658,34.311,34.507,0.0367,-0.0875,9.8133,0.7238,-0.322,-0.8952
16700,846,655,34.472,34.502,0.0923,-0.0142,9.778,0.657,0.2589,0.3764
16705,864,647,34.383,34.474,-0.0529,0.0264,9.7615,0.2254,0.026,0.4608
16710,871,651,34.329,34.577,0.0405,0.015,9.7775,-0.3853,-0.0444,0.1725
16715,874,642,34.406,34.578,0.0097,-0.0352,9.7595,0.1759,-0.3001,1.0401
16720,882,640,34.349,34.543,-0.0704,-0.0149,9.7836,0.3543,-0.6941,0.5117
16725,896,642,34.418,34.482,0.0088,-0.0813,9.7765,0.4897,0.0689,0.021
16730,919,638,34.508,34.466,-0.0109,0.0075,9.7561,-0.4165,-0.7935,0.3911
16735,921,644,34.396,34.47,-0.0161,0.0017,9.843,0.1945,-0.3145,-0.2974
16740,932,636,34.463,34.505,-0.018,0.0191,9.7352,-0.1348,-0.2846,-0.4832
16745,949,636,34.341,34.438,-0.0008,-0.0115,9.8214,0.4622,0.3622,-1.0098
16750,955,636,34.374,34.366,-0.0058,0.017,9.857,0.1225,1.1188,-0.6572
16755,973,633,34.373,34.487,-0.019,-0.0144,9.7662,-0.3816,0.5123,-0.2158
16760,990,633,34.494,34.552,-0.025,0.0391,9.8964,0.1591,-0.2488,0.9806
16765,1004,637,34.577,34.474,-0.0547,0.0227,9.8655,0.5215,-0.1496,-0.5408
16770,1011,639,34.386,34.548,-0.0197,0.0554,9.7634,0.0402,0.3373,0.9815
16775,1019,639,34.442,34.385,-0.0359,-0.0861,9.8536,-0.2025,-0.1213,0.3693
16780,1032,644,34.404,34.427,-0.0284,-0.0521,9.766,0.4271,0.3352,0.152
16785,1035,646,34.34,34.473,0.0192,0.0247,9.7822,-0.6207,0.4583,-0.3693
16790,1056,648,34.367,34.542,0.0045,0.0505,9.8313,0.2828,0.1444,0.2959
16795,1063,648,34.388,34.574,0.0183,0.0147,9.7864,0.1844,0.0188,0.2413
16800,1066,653,34.393,34.543,0.0258,-0.036,9.881,-0.053,0.0202,-0.672
16805,1081,657,34.479,34.461,0.0251,0.0001,9.8299,-0.4894,0.4558,1.0456
16810,1098,663,34.473,34.525,0.0532,-0.032,9.8176,-0.0954,-0.4358,0.5588
16815,1101,668,34.432,34.538,-0.0665,0.0421,9.8564,0.1067,-0.5175,-0.0644
16820,1107,674,34.504,34.466,0.0434,0.0152,9.848,-0.5109,-0.587,0.5794
16825,1122,681,34.382,34.546,-0.0489,-0.0154,9.8254,0.6257,0.1702,0.1536
16830,1131,689,34.381,34.45,0.0543,-0.0901,9.822,0.2099,0.2432,0.3579
16835,1131,696,34.408,34.463,0.0277,-0.0645,9.7961,-0.2462,-0.3124,0.0355
16840,1136,694,34.375,34.557,0.0061,-0.0266,9.8261,-0.228,1.2479,-0.6019
16845,1146,706,34.485,34.499,0.0397,-0.0408,9.8084,1.1239,-0.1875,-0.3522
16850,1154,710,34.383,34.437,0.0316,0.0279,9.8948,0.0344,-0.2841,-0.0709
16855,1154,721,34.443,34.496,-0.0082,0.0244,9.8355,0.173,-0.036,0.8277
16860,1166,733,34.439,34.454,-0.0021,0.0835,9.7133,0.2041,-0.3866,-0.1607
16865,1168,738,34.46,34.479,-0.0099,0.0293,9.8028,-0.1901,-0.6491,-0.1263
16870,1174,743,34.446,34.433,0.0478,0.0259,9.8494,0.1615,-0.4751,0.9154
16875,1181,748,34.436,34.467,-0.0755,-0.0326,9.8952,0.5739,0.7459,-0.4937
16880,1183,760,34.485,34.572,0.0227,0.0562,9.7928,-0.3847,-0.7104,0.1332
16885,1181,765,34.483,34.436,-0.0567,0.0463,9.9021,-0.4609,-0.1778,-0.2456
16890,1179,769,34.415,34.508,-0.1183,-0.0348,9.8294,0.5186,0.7022,-1.0077
16895,1185,781,34.37,34.493,0.0041,0.1172,9.7723,0.4938,-0.4261,0.173
16900,1193,792,34.464,34.499,-0.0168,-0.0208,9.8056,0.3842,0.6541,0.5622
16905,1190,798,34.383,34.461,-0.0466,-0.006,9.8264,-0.2219,1.1566,0.0668
16910,1187,807,34.393,34.53,-0.006,0.0477,9.8635,0.1738,0.4031,0.3733
16915,1187,812,34.418,34.492,-0.1259,-0.0177,9.8092,-0.7197,0.116,-0.2727
16920,1187,821,34.46,34.464,-0.0582,-0.0231,9.7856,0.0723,0.5749,-0.2704
16925,1191,824,34.396,34.459,0.0564,0.0719,9.8079,0.4137,0.0649,0.2081
16930,1183,832,34.361,34.498,-0.0014,0.0093,9.7768,-0.7808,-0.2309,-0.9351
16935,1188,836,34.439,34.469,0.1066,-0.0247,9.8062,-0.1134,0.0814,-1.1185
16940,1181,852,34.411,34.518,0.0952,-0.0205,9.7539,-0.0075,-0.5397,0.3536
16945,1186,855,34.424,34.542,0.0223,-0.024,9.748,0.2894,1.2274,0.2442
16950,1179,860,34.357,34.579,0.0051,-0.0519,9.8489,0.052,-0.4477,-0.4232
16955,1174,865,34.381,34.516,-0.0683,-0.0864,9.8408,-0.3606,-0.4804,-0.2563
16960,1174,875,34.394,34.51,0.0775,0.0026,9.8109,-0.2634,-0.2884,0.4613
16965,1162,880,34.468,34.429,0.0411,-0.0557,9.7109,-0.342,0.0276,0.042
16970,1163,885,34.475,34.494,0.0465,0.0502,9.8983,-0.4084,0.2635,-0.193
16975,1169,892,34.524,34.412,0.0394,-0.0256,9.8144,0.0096,1.1843,-0.0532
16980,1164,895,34.499,34.443,-0.0042,0.0638,9.8653,0.3364,-0.1887,-0.4729
16985,1154,894,34.406,34.492,0.0159,-0.0258,9.8622,0.4437,-0.2328,1.0488
16990,1157,902,34.391,34.5,-0.0656,0.0516,9.7859,0.1411,-0.4508,-0.1574
16995,1149,903,34.459,34.434,0.028,0.032,9.7488,1.2206,0.4218,-0.112
17000,1145,911,34.498,34.492,-0.0006,0.0618,9.7726,-0.3045,0.1412,-0.4846
17005,1136,906,34.471,34.42,0.0806,-0.0482,9.7394,0.5492,0.3246,0.8854
17010,1140,918,34.396,34.443,-0.1042,0.0115,9.773,-0.3785,-0.6883,0.3653
17015,1133,912,34.361,34.4,-0.0031,0.0476,9.8049,0.256,-0.1414,-0.6
17020,1138,917,34.433,34.544,-0.0073,-0.0344,9.8441,-0.1986,0.4305,-0.0648
17025,1134,922,34.44,34.43,0.0506,0.0421,9.8039,-0.3391,-0.5672,-0.0093
17030,1134,921,34.462,34.542,-0.0301,0.0035,9.7811,0.1491,0.1003,-0.4749
17035,1121,925,34.357,34.447,0.0195,-0.0764,9.8625,0.2806,-0.227,-0.7564
17040,1121,921,34.418,34.51,-0.0104,-0.0331,9.8129,-0.0626,0.335,-0.5364
17045,1118,922,34.373,34.534,0.0681,0.0965,9.8119,0.3785,0.2104,-0.3691
17050,1114,919,34.379,34.496,-0.0144,-0.0336,9.7981,0.4457,-0.1158,-0.3589
17055,1118,918,34.473,34.386,0.002,0.0482,9.8342,0.0939,0.4319,-0.1338
17060,1114,924,34.505,34.47,-0.0825,-0.0007,9.6565,0.4576,0.3901,-0.291
17065,1113,919,34.466,34.485,0.0206,-0.0871,9.8268,-0.1633,0.7792,0.3378
17070,1105,916,34.43,34.545,-0.027,0.0088,9.7643,-0.3054,-0.4333,0.1624
17075,1110,916,34.455,34.455,0.0129,0.0269,9.7545,-0.2215,0.0319,-0.1845
17080,1101,921,34.466,34.479,0.0478,-0.1346,9.7184,0.1155,-0.8053,-0.3859
17085,1105,917,34.481,34.493,-0.0009,-0.0136,9.8242,0.0512,0.3782,0.8102
17090,1095,912,34.361,34.404,-0.0419,-0.012,9.838,-0.6216,-0.6075,1.08
17095,1087,917,34.441,34.538,0.0848,-0.0099,9.8117,-1.3491,-0.3286,-0.6618
17100,1090,905,34.295,34.498,-0.0179,0.0228,9.7303,-0.6792,-0.2463,-0.4113
17105,1090,909,34.407,34.47,-0.0411,0.0319,9.9217,-0.2727,-0.1678,-0.6005
17110,1088,907,34.362,34.557,0.013,-0.0086,9.7906,-0.0105,0.5332,0.1217
17115,1088,909,34.436,34.415,0.0062,0.0252,9.7853,-0.2942,0.2318,0.431
17120,1083,905,34.386,34.35,-0.0296,0.0767,9.8147,0.1557,0.8093,0.0324
17125,1084,903,34.441,34.441,-0.0023,-0.0735,9.8493,-0.8501,0.2334,0.3241
17130,1078,896,34.367,34.468,0.1142,-0.1126,9.836,-0.3471,-0.4287,-0.5318
17135,1077,897,34.443,34.413,0.0283,0.0164,9.8251,-0.0972,0.274,-0.2361
17140,1067,897,34.388,34.459,-0.0946,0.0125,9.9599,-0.4228,0.0076,0.1376
17145,1065,891,34.529,34.407,0.0177,-0.0041,9.8486,0.3078,0.1198,-0.2923
17150,1070,897,34.417,34.468,-0.057,-0.0068,9.8171,0.116,0.2083,0.6096
17155,1062,886,34.435,34.544,-0.0103,-0.0487,9.8042,0.0741,-0.5211,0.3473
17160,1057,890,34.4,34.439,0.1192,-0.004,9.7681,-0.5414,0.0387,0.138
17165,1067,881,34.339,34.472,0.022,-0.0473,9.8212,0.0905,-0.2544,0.0275
17170,1064,887,34.395,34.437,-0.0616,0.067,9.711,-0.2956,0.7012,-0.4462
17175,1055,885,34.404,34.439,-0.0163,0.0076,9.8917,0.3456,0.0391,-0.1918
17180,1046,875,34.444,34.518,0.0579,-0.0328,9.8171,-1.0314,0.8262,-0.6255
17185,1038,877,34.391,34.524,-0.0052,-0.0143,9.7473,-0.6549,0.284,-0.4451
17190,1043,881,34.45,34.439,-0.0772,-0.0143,9.8291,0.4668,-0.1893,0.1034
17195,1035,868,34.316,34.513,0.0297,0.0456,9.8657,0.5614,-0.3099,-0.4786
17200,1029,872,34.39,34.379,-0.0245,-0.006,9.8107,-0.262,0.4335,-0.147
17205,1015,872,34.399,34.426,-0.0747,-0.0841,9.7306,0.3148,-0.6116,0.2071
17210,1017,870,34.536,34.409,0.0038,-0.0559,9.7915,0.3286,0.3977,-0.4337
17215,1015,872,34.408,34.405,-0.1205,-0.0383,9.7838,-0.2075,-0.3611,-0.382
17220,1009,871,34.477,34.535,0.0335,0.0487,9.8702,0.1188,-0.1675,-0.1166
17225,1001,868,34.455,34.502,0.0162,-0.008,9.8322,0.1647,0.9735,0.3545
17230,989,863,34.494,34.413,0.0183,0.0403,9.7657,0.3179,-0.1153,0.1857
17235,989,865,34.36,34.451,-0.1144,0.0083,9.7592,-0.0645,-0.3008,0.6943
17240,986,859,34.413,34.424,0.0301,0.0331,9.7538,-0.3374,0.1508,-0.1525
17245,961,857,34.421,34.38,0.033,0.0683,9.7924,1.3635,-0.4721,-0.5998
17250,963,857,34.401,34.458,0.0502,-0.0143,9.8087,0.0034,0.5435,0.1362
17255,948,857,34.419,34.476,-0.0494,-0.0139,9.8705,0.6295,1.1147,0.3578
17260,951,852,34.435,34.45,-0.0894,0.0045,9.8677,-0.5688,0.4666,-0.4604
17265,927,858,34.424,34.507,0.0293,0.0856,9.7738,0.06,-0.047,-0.5522
17270,932,856,34.399,34.477,0.0187,0.0145,9.7857,-0.839,-0.1751,0.4276
17275,917,844,34.349,34.511,0.0212,-0.0159,9.8054,-0.3808,0.0476,-0.0102
17280,907,852,34.41,34.418,-0.0084,0.0178,9.9368,-1.0779,0.8308,0.1331
17285,891,851,34.421,34.503,0.0029,-0.0367,9.7969,-0.274,-0.0254,0.1312
17290,899,840,34.458,34.491,-0.0386,-0.0089,9.8136,-0.31,0.4445,0.565
17295,884,845,34.427,34.411,0.1061,-0.0218,9.7501,-0.2066,-0.1906,-0.4703
17300,873,839,34.319,34.537,0.0194,-0.0742,9.8413,-0.6157,0.2809,-0.9439
17305,860,837,34.463,34.483,-0.0476,0.0576,9.7767,0.6172,-0.2796,0.1328
17310,860,837,34.431,34.385,0.0552,-0.0881,9.8053,0.0395,-1.1196,0.0441
17315,842,838,34.423,34.407,-0.007,-0.1035,9.7765,0.1718,0.0523,-0.1005
17320,836,831,34.512,34.405,-0.0101,0.0561,9.7052,-0.0865,-0.4762,0.2444
17325,827,825,34.43,34.607,0.0226,-0.1114,9.8144,0.4831,-0.0195,0.5995
17330,829,824,34.476,34.53,-0.0441,-0.0857,9.831,0.0672,0.5354,1.0925
17335,816,825,34.46,34.421,-0.0145,0.0248,9.8311,0.2455,0.5667,-0.1172
17340,801,816,34.447,34.472,-0.0079,-0.0381,9.8814,-0.5071,0.8851,-0.2656
17345,798,811,34.48,34.427,0.0107,0.0163,9.8722,-0.3924,-0.1125,0.2093
17350,789,817,34.47,34.411,0.027,0.1611,9.7824,0.5866,-0.1285,0.1728
17355,779,808,34.388,34.394,0.1151,-0.0297,9.7834,-0.3652,0.1404,0.459
17360,774,803,34.409,34.478,-0.0591,0.0975,9.8693,-0.3508,0.1797,-0.0545
17365,775,794,34.402,34.482,0.0317,-0.0022,9.7864,-0.3405,0.7585,0.6178
17370,766,786,34.403,34.512,0.0738,-0.0164,9.8086,0.7654,-0.6388,0.587
17375,768,790,34.467,34.447,0.1011,0.0723,9.678,-1.3827,-0.2073,-0.2395
17380,754,787,34.409,34.392,0.0373,0.0392,9.7578,-0.1477,0.0729,0.5221
17385,758,778,34.384,34.465,0.0303,-0.0171,9.8626,0.7574,0.1771,-0.3534
17390,758,775,34.389,34.484,-0.0132,0.0333,9.6608,0.4457,-0.1011,0.4815
17395,753,764,34.422,34.466,-0.0395,-0.0293,9.8107,-0.0237,-0.7312,-0.1212
17400,741,759,34.452,34.383,-0.0615,0.0147,9.742,-1.0979,0.5924,0.2757
17405,748,761,34.436,34.52,0.0078,-0.0087,9.7353,1.0733,-1.2183,0.0285
17410,750,753,34.481,34.537,0.0944,0.058,9.7862,0.0541,0.5365,-0.9849
17415,755,748,34.397,34.389,0.0124,-0.0212,9.7766,-0.0744,-0.7667,-1.0351
17420,757,737,34.294,34.44,0.02,0.045,9.87,-0.3691,-0.3713,-0.1827
17425,746,731,34.536,34.451,0.0155,-0.0168,9.809,-0.7552,0.2257,-0.7756
17430,759,726,34.357,34.5,0.015,-0.0727,9.8701,0.0677,0.0324,-0.6867
17435,755,726,34.485,34.446,-0.1118,0.0346,9.7577,0.0077,-0.0094,0.6939
17440,752,713,34.42,34.503,-0.0282,0.0115,9.7732,-0.7582,0.1864,0.1679
17445,766,713,34.436,34.455,0.0699,-0.0273,9.7549,0.3273,-0.3464,0.1267
17450,767,704,34.441,34.549,-0.0628,-0.0439,9.8136,0.6581,-0.9254,0.3916
17455,773,702,34.46,34.467,-0.0724,0.0067,9.8693,0.1256,-0.1237,0.1079
17460,783,691,34.467,34.5,-0.0057,0.0382,9.7867,-0.3862,0.0803,0.3715
17465,786,685,34.366,34.507,0.0142,-0.01,9.7578,-0.5942,0.2249,0.5146
17470,791,682,34.444,34.556,-0.0217,0.0132,9.7964,-0.357,-0.8705,0.4783
17475,807,681,34.486,34.475,0.0571,-0.0615,9.8998,-0.0171,0.4988,-0.036
17480,808,677,34.303,34.414,-0.0267,0.0896,9.7779,0.6198,-0.5185,0.4002
17485,825,671,34.38,34.54,-0.0642,-0.0609,9.7045,0.3094,-0.4295,0.5654
17490,829,665,34.47,34.497,0.0203,-0.0174,9.8711,0.3178,-0.3471,-0.0912
17495,842,652,34.367,34.521,0.0795,-0.0527,9.829,-0.8125,0.2137,0.1325
17500,852,652,34.432,34.414,0.0565,0.0315,9.836,0.1511,0.3249,0.8411
17505,852,649,34.283,34.493,0.0205,-0.0476,9.8129,-0.6164,-0.3779,0.238
17510,872,649,34.48,34.443,0.0207,-0.0267,9.7236,-0.7292,-0.9435,-0.1076
17515,894,642,34.479,34.513,-0.0204,-0.0872,9.7526,-0.0801,-0.0494,-0.0768
17520,883,648,34.447,34.465,-0.0342,0.0082,9.8033,-0.2802,0.1345,-0.6678
17525,907,636,34.472,34.381,-0.022,0.0105,9.7044,-0.1185,0.6389,-0.2018
17530,915,636,34.426,34.432,-0.0571,0.0348,9.7811,-0.2793,-0.0317,0.6065
17535,930,637,34.437,34.446,0.0421,0.0011,9.8018,-0.3202,0.0336,0.256
17540,942,634,34.439,34.498,-0.0269,-0.0104,9.8803,0.0523,0.5089,0.1508
17545,954,636,34.411,34.431,-0.0384,-0.068,9.8171,-0.0928,-0.0446,-0.4123
17550,955,633,34.419,34.481,-0.0024,0.0723,9.9454,0.2617,-0.4488,0.6598
17555,974,628,34.486,34.459,-0.0479,0.098,9.7534,0.3456,0.3515,0.2535
17560,986,637,34.439,34.481,-0.0172,0.007,9.8116,0.0128,0.6741,-0.3122
17565,998,637,34.459,34.48,-0.0546,0.0138,9.8112,-0.1908,0.5921,0.126
17570,1012,632,34.4,34.508,-0.1,-0.0399,9.7943,0.4002,0.4175,-0.7423
17575,1029,639,34.394,34.558,-0.0484,0.0448,9.8808,-0.9693,0.19,-0.0057
17580,1032,640,34.457,34.495,0.0353,0.111,9.8652,0.3133,0.7034,0.6559
17585,1038,643,34.478,34.465,0.0496,0.0408,9.8359,0.3836,0.1943,-0.3247
17590,1051,647,34.442,34.64,-0.0153,-0.0364,9.7767,0.056,-0.1631,-0.4506
17595,1067,652,34.438,34.482,0.0317,0.0526,9.802,0.1546,0.312,-0.4792
17600,1069,651,34.425,34.47,0.0416,0.05,9.7424,-0.7118,0.5385,-0.4451
17605,1086,657,34.421,34.487,-0.0397,0.0982,9.8468,-0.2329,0.0365,0.7981
17610,1091,666,34.466,34.459,0.0186,0.0598,9.9035,0.3314,-0.2357,0.0747
17615,1099,669,34.357,34.453,-0.0091,-0.0411,9.8088,-0.4413,-0.016,0.4838
17620,1119,675,34.364,34.509,-0.049,-0.0748,9.6927,-0.4121,-0.0888,0.69
17625,1124,676,34.47,34.474,0.0281,0.0044,9.8045,-0.4906,-0.1103,0.5191
17630,1123,681,34.455,34.444,-0.1158,-0.0085,9.9779,-0.821,0.8777,0.4502
17635,1135,687,34.47,34.517,0.018,-0.0233,9.7471,-0.4803,0.3636,-0.5361
17640,1140,698,34.512,34.509,-0.015,0.0679,9.7872,-0.0066,-0.4039,0.019
17645,1143,709,34.449,34.531,-0.0363,-0.0235,9.7691,0.4986,-0.35,0.6319
17650,1159,711,34.395,34.465,-0.0819,-0.0512,9.7509,-0.1135,-0.5412,-0.1097
17655,1163,715,34.46,34.524,-0.0231,-0.0144,9.77,-0.3767,0.0243,0.4427
17660,1161,722,34.498,34.368,0.0128,0.0543,9.8117,-0.325,0.388,-1.0944
17665,1173,738,34.465,34.434,-0.0215,0.0487,9.7856,0.3076,-0.209,-0.0706
17670,1175,737,34.423,34.529,-0.0292,0.0744,9.7609,-0.7,-0.3645,-0.0958
17675,1174,749,34.48,34.448,-0.0599,-0.0159,9.8458,-0.7852,-0.629,-0.7674
17680,1191,762,34.353,34.482,-0.0059,-0.0944,9.9052,-0.4429,0.1938,0.7163
17685,1185,761,34.432,34.547,-0.0069,0.0647,9.7979,-0.846,0.2915,-0.6333
17690,1187,775,34.359,34.511,0.0319,0.0429,9.7628,-0.5218,-0.5631,-0.6176
17695,1182,785,34.463,34.54,0.0019,-0.0213,9.8168,-0.9811,-0.3983,-0.6834
17700,1188,789,34.393,34.43,0.0398,-0.0173,9.8374,-0.8085,-0.3969,0.3129
17705,1185,797,34.423,34.503,-0.0158,-0.037,9.7914,-0.5682,-0.44,-0.2678
17710,1194,810,34.396,34.454,0.0023,-0.0394,9.774,0.5169,0.3973,-0.5879
17715,1181,817,34.42,34.455,0.015,0.0031,9.8023,0.1726,-0.7825,-0.1375
17720,1185,820,34.547,34.448,-0.0754,0.0551,9.7834,0.3724,0.093,-0.6926
17725,1195,827,34.386,34.376,0.0966,0.0475,9.853,-0.4675,-0.6252,-0.3764
17730,1187,837,34.357,34.465,0.0187,0.0682,9.8954,0.8004,-0.0472,0.068
17735,1184,842,34.41,34.526,0.0536,0.0079,9.8114,0.2486,-0.6583,0.5219
17740,1178,846,34.459,34.462,-0.0212,0.0049,9.8922,0.9125,0.2915,-0.475
17745,1175,859,34.428,34.507,0.0426,-0.0758,9.7132,0.244,0.6287,-0.3493
17750,1187,854,34.447,34.422,0.0582,-0.0407,9.8337,-0.0785,0.0727,0.2195
17755,1178,869,34.31,34.444,0.0029,0.0695,9.7649,0.1244,-0.639,0.0739
17760,1177,875,34.427,34.457,0.0595,0.0318,9.8436,-0.1505,-0.2849,-0.4388
17765,1169,880,34.454,34.501,-0.075,-0.0117,9.8289,-0.0551,1.2981,0.0921
17770,1175,881,34.429,34.378,0.1183,-0.022,9.8203,0.6426,-0.509,0.0613
17775,1174,887,34.383,34.521,-0.0434,0.0497,9.8445,-0.0896,0.212,0.0853
17780,1162,897,34.424,34.493,-0.1006,-0.0147,9.7174,0.378,0.7629,-0.2796
17785,1155,896,34.446,34.417,0.028,0.1046,9.7894,-0.6779,0.5757,-0.8553
17790,1152,900,34.425,34.483,-0.0151,0.0368,9.8033,0.2901,-0.2367,-0.2686
17795,1157,903,34.587,34.452,-0.0042,0.0895,9.8525,0.0976,-0.4391,0.0435
17800,1147,908,34.434,34.397,0.049,0.0168,9.8981,0.1214,0.151,0.21
17805,1143,915,34.35,34.408,0.0798,-0.0562,9.8526,0.2652,0.9151,-0.7521
17810,1142,907,34.44,34.489,0.0743,0.0317,9.7677,0.294,-0.6511,0.2998
17815,1134,914,34.352,34.451,0.0016,-0.0248,9.8138,-0.0848,-0.3099,-0.1944
17820,1122,919,34.444,34.465,0.0387,0.041,9.7867,-0.2772,-0.3328,0.0356
17825,1135,913,34.485,34.388,-0.0437,0.0852,9.7445,0.4879,0.2317,0.0695
17830,1121,921,34.383,34.41,0.0477,0.0981,9.7357,0.4406,-0.6287,0.4017
17835,1126,920,34.411,34.547,0.089,0.0302,9.8364,-0.3673,-0.3655,-0.4368
17840,1119,915,34.451,34.425,-0.0475,0.024,9.8582,-0.5086,0.1405,0.2804
17845,1121,926,34.387,34.529,-0.0142,0.1179,9.8905,-0.1326,-0.6818,-0.2825
17850,1121,924,34.386,34.477,0.0354,-0.0631,9.7936,0.394,0.6923,-0.3264
17855,1108,924,34.441,34.512,0.0785,0.0257,9.8369,0.2289,-1.0994,0.2918
17860,1106,918,34.449,34.504,0.0071,0.0202,9.8497,0.0949,0.2963,0.6984
17865,1104,922,34.437,34.482,0.0219,-0.0382,9.7795,0.084,-0.3412,-0.3537
17870,1101,924,34.529,34.425,0.0181,0.0468,9.8283,-0.1046,-0.0842,1.0585
17875,1101,921,34.378,34.524,0.0312,0.0318,9.8071,1.0432,-1.5367,-0.7046
17880,1103,920,34.492,34.529,-0.0029,0.0565,9.8009,-0.93,-0.4531,0.4862
17885,1102,919,34.433,34.489,-0.0113,0.0178,9.8192,-0.6612,0.204,1.0323
17890,1093,912,34.435,34.501,0.0163,-0.0708,9.8389,-0.0018,0.6462,-0.9144
17895,1098,911,34.376,34.451,-0.0566,0.0202,9.8236,-0.0999,-0.4627,0.3218
17900,1083,910,34.379,34.426,-0.0668,-0.0235,9.789,-0.6899,0.1967,0.6353
17905,1090,908,34.44,34.508,0.047,0.0071,9.7526,0.173,-0.6432,0.1306
17910,1086,909,34.461,34.491,-0.047,-0.0103,9.7872,0.5052,-0.8454,-0.0889
17915,1093,911,34.41,34.542,0.0254,-0.042,9.7716,0.0509,0.0332,0.5695
17920,1088,902,34.428,34.549,-0.0178,-0.0496,9.817,0.0359,-0.1588,0.3793
17925,1084,896,34.44,34.514,0.0276,0.0536,9.8416,-0.3668,-0.1225,0.9391
17930,1082,898,34.376,34.361,-0.0066,0.0076,9.746,0.1277,-1.5177,-0.0419
17935,1085,901,34.45,34.63,-0.0623,0.0125,9.7937,-0.2035,0.7935,-0.0537
17940,1071,895,34.396,34.467,0.0233,-0.1112,9.8044,0.0136,-0.8038,0.0819
17945,1070,890,34.311,34.502,0.0017,-0.0135,9.8549,-0.2801,0.0743,0.6076
17950,1071,891,34.419,34.545,-0.0576,0.0966,9.8384,-0.2728,-0.8476,0.2755
17955,1065,887,34.484,34.448,0.0337,0.0441,9.821,0.3264,0.2056,-0.8788
17960,1057,891,34.468,34.443,-0.0423,-0.0325,9.8075,0.1622,0.3146,-0.1205
17965,1060,881,34.427,34.481,-0.0748,0.0437,9.8125,-0.1162,0.3612,-1.1071
17970,1054,880,34.484,34.464,0.034,0.0289,9.7873,-0.3872,-0.8525,0.2169
17975,1058,884,34.503,34.516,-0.0935,0.0842,9.7825,-0.2411,0.1584,-0.2887
17980,1041,877,34.418,34.537,0.0682,-0.0193,9.8635,0.6067,-0.3277,0.6485
17985,1036,879,34.402,34.461,0.0461,0.0586,9.7743,0.3915,-0.4507,0.4691
17990,1045,879,34.402,34.481,-0.0068,-0.0199,9.7779,0.2786,0.0631,0.0566
17995,1028,874,34.472,34.5,-0.0017,-0.0433,9.8082,0.5384,0.1107,0.0758
18000,1028,867,34.529,34.461,0.022,-0.0167,9.7468,0.4938,0.2668,0.638
18005,1010,870,34.421,34.643,-0.0835,-0.0142,9.7567,-0.3365,0.1497,0.3233
18010,1020,870,34.365,34.503,-0.0001,-0.0071,9.8668,-0.3943,0.0626,0.9798
18015,1014,866,34.388,34.452,0.0297,0.0605,9.8441,0.3853,-0.6095,-0.8068
18020,1007,868,34.397,34.561,0.0607,-0.0227,9.8279,-0.4064,-0.6496,1.0207
18025,1007,867,34.345,34.465,-0.0031,-0.0467,9.7862,0.1834,0.19,-0.0115
18030,989,856,34.36,34.475,0.0968,-0.0343,9.8573,0.4251,0.5473,-0.201
18035,984,861,34.433,34.419,0.1377,-0.0488,9.7699,-0.222,-1.0486,-0.2398
18040,971,863,34.391,34.473,-0.0191,0.0291,9.7573,0.1588,0.3765,0.5308
18045,966,856,34.465,34.484,-0.0459,0.0283,9.8389,-0.4807,-0.6357,-0.4204
18050,949,860,34.462,34.389,-0.0529,0.1172,9.8783,0.1957,-0.0773,0.2443
18055,951,857,34.458,34.408,-0.0315,0.0382,9.7901,0.7458,-0.5922,1.1871
18060,946,853,34.454,34.491,-0.0311,-0.0936,9.8096,0.7614,0.0598,-0.5789
18065,938,851,34.406,34.534,-0.0898,0.0497,9.8229,-0.1126,-0.1792,0.5271
18070,931,852,34.385,34.447,-0.0384,-0.0505,9.878,0.4852,0.8123,-0.7994
18075,906,851,34.465,34.6,0.0827,0.0356,9.7615,-0.0621,-0.9162,-0.2829
18080,914,845,34.41,34.534,-0.06,-0.0047,9.8312,-0.1722,0.4657,0.7704
18085,897,848,34.455,34.421,-0.0196,-0.0552,9.8239,0.259,0.155,0.5093
18090,890,843,34.449,34.501,-0.0068,0.0559,9.7952,-0.1859,0.0105,1.2138
18095,880,843,34.353,34.535,-0.0798,0.0562,9.8284,0.1207,-0.5095,0.1588
18100,873,835,34.402,34.545,-0.1142,0.1007,9.9237,1.0253,-0.6696,-0.4438
18105,870,842,34.489,34.557,-0.0296,-0.002,9.7722,0.4222,-0.5926,0.1597
18110,860,833,34.479,34.403,-0.0235,-0.0027,9.8232,0.5862,-0.1478,0.4491
18115,843,832,34.495,34.446,-0.0167,0.0615,9.9067,-0.2301,-0.8441,-0.2437
18120,833,823,34.443,34.516,-0.0056,-0.035,9.8207,0.1274,0.1014,0.6852
18125,827,829,34.467,34.461,-0.008,-0.0094,9.733,0.2994,0.6089,-0.6831
18130,821,829,34.367,34.488,0.0006,-0.0527,9.827,-0.2684,0.4525,0.148
18135,814,820,34.441,34.417,0.0628,0.1024,9.804,0.0511,0.3572,0.187
18140,811,819,34.444,34.536,0.008,-0.029,9.8293,0.123,0.0854,0.1368
18145,789,811,34.424,34.438,0.0435,0.0126,9.84,0.7028,-0.3583,-0.1611
18150,787,812,34.337,34.482,-0.0489,0.1195,9.8104,0.1174,-0.5787,-0.2077
18155,784,799,34.402,34.454,-0.0303,-0.0382,9.7427,0.4614,-0.4038,-0.3953
18160,783,801,34.507,34.475,-0.0069,-0.0237,9.7483,0.4464,-0.2773,-0.1285
18165,771,796,34.463,34.578,0.0238,0.0705,9.827,1.1256,0.3116,-0.3295
18170,778,788,34.366,34.397,-0.0117,-0.0567,9.8473,0.2338,-0.1035,-0.1575
18175,760,784,34.421,34.552,0.1173,0.009,9.7943,-0.3233,0.763,-0.1654
18180,760,785,34.492,34.404,-0.0005,0.1129,9.8004,-0.5043,-0.626,-0.5708
18185,749,775,34.357,34.442,-0.0006,0.0394,9.7694,0.0985,-0.199,-0.0248
18190,758,774,34.317,34.506,0.0089,0.0462,9.8747,0.1254,0.8411,0.2684
18195,753,767,34.351,34.529,-0.062,0.0236,9.8276,0.616,-0.1372,0.9845
18200,753,765,34.396,34.564,-0.0056,-0.0071,9.7915,0.0234,0.061,0.4946
18205,748,755,34.452,34.436,-0.049,-0.0037,9.8416,-0.1065,0.2315,0.1101
18210,752,752,34.449,34.483,0.0189,0.052,9.7686,0.0236,-0.5079,-0.9542
18215,747,747,34.402,34.476,-0.0288,0.0005,9.8176,-0.2267,-0.221,0.0597
18220,754,735,34.328,34.444,0.0319,-0.0952,9.8095,-0.4632,0.308,0.6013
18225,749,730,34.378,34.54,0.0756,0.0236,9.8357,0.0483,0.6112,-0.6511
18230,756,726,34.469,34.594,0.0324,0.0521,9.7745,0.2926,0.2322,-0.171
18235,751,717,34.408,34.489,-0.0371,-0.0583,9.8433,0.9409,0.1451,0.4965
18240,749,710,34.426,34.51,-0.025,0.0328,9.851,-1.4246,0.8964,-0.0645
18245,761,710,34.415,34.478,-0.0588,0.0492,9.8311,-0.5259,-0.5829,0.2824
18250,759,704,34.391,34.43,0.0097,0.0386,9.7887,0.233,0.1892,0.0815
18255,777,698,34.535,34.442,-0.0279,-0.024,9.7886,1.3097,-0.8061,-0.212
18260,770,692,34.393,34.53,-0.0627,-0.0095,9.8164,-0.3321,-0.8416,0.022
18265,787,689,34.487,34.547,-0.064,-0.0576,9.804,0.523,-0.3892,-0.066
18270,795,683,34.469,34.488,0.0087,0.0083,9.8758,-0.2715,0.1692,0.4845
18275,806,678,34.479,34.468,-0.07,0.033,9.8767,-0.4099,0.0096,-0.2514
18280,803,671,34.397,34.416,-0.0169,-0.0526,9.8089,-0.7796,0.3119,0.1772
18285,816,668,34.443,34.463,-0.0095,0.0099,9.9307,0.1965,1.0026,-0.9399
18290,827,660,34.353,34.472,0.0971,0.0765,9.8373,0.6945,-0.1888,-0.1659
18295,835,660,34.471,34.49,-0.054,0.0417,9.8338,0.3332,0.4019,0.8969
18300,845,655,34.388,34.468,-0.0763,0.0084,9.7635,0.5074,-0.5121,0.1414
18305,859,652,34.437,34.451,-0.0179,-0.063,9.8476,1.0691,-0.4892,-0.4479
18310,868,650,34.46,34.55,0.0097,0.0369,9.7997,0.0711,-0.1786,0.681
18315,882,645,34.386,34.44,-0.1036,0.038,9.7629,0.1065,0.296,-0.1725
18320,893,642,34.429,34.576,-0.0006,-0.0182,9.7526,0.6011,-0.4314,0.0292
18325,904,644,34.413,34.44,-0.0487,-0.0202,9.7515,0.1864,-0.2005,0.5717
18330,913,638,34.445,34.534,-0.0438,-0.0428,9.8453,-0.5628,-0.3876,0.7424
18335,929,631,34.404,34.481,-0.0515,0.019,9.7717,0.9924,-0.0804,-0.397
18340,940,634,34.407,34.467,-0.0431,-0.0096,9.8958,-0.105,0.1955,-0.6725
18345,954,633,34.346,34.427,0.0158,-0.0249,9.8024,0.0629,0.9536,-0.1043
18350,959,633,34.387,34.529,-0.0436,-0.0175,9.7806,0.1321,0.4795,-0.7862
18355,976,636,34.393,34.484,0.0096,0.0042,9.8357,0.3972,-0.0966,0.2745
18360,986,637,34.435,34.564,0.0014,0.0699,9.6665,-0.3057,-0.2574,-0.1317
18365,1008,639,34.402,34.485,0.0108,-0.0278,9.8096,0.7616,-0.1535,-0.6709
18370,1011,638,34.394,34.424,0.0071,0.0583,9.8343,-0.2109,-0.9668,1.036
18375,1022,635,34.377,34.434,0.0081,0.0182,9.84,0.5945,-0.2299,0.2917
18380,1028,645,34.472,34.555,-0.0674,-0.0612,9.7085,0.3473,0.3714,0.246
18385,1054,645,34.354,34.422,-0.0305,-0.0301,9.8393,-0.3501,0.0187,0.7634
18390,1055,650,34.442,34.565,0.0326,-0.0516,9.739,0.6575,0.2683,-0.0277
18395,1067,653,34.418,34.454,-0.0384,0.0423,9.8228,-0.1251,0.2112,-0.7208
18400,1073,654,34.438,34.403,-0.0426,-0.0125,9.8252,0.039,-0.6111,-0.0485
18405,1085,656,34.392,34.417,-0.0189,-0.047,9.8502,0.2393,-0.2526,0.9415
18410,1099,665,34.427,34.455,-0.0142,-0.0457,9.7609,0.3342,0.1553,-0.5753
18415,1098,670,34.424,34.365,0.0181,-0.0693,9.7663,-0.1834,-0.471,0.9998
18420,1118,678,34.365,34.489,-0.0308,0.0134,9.794,0.825,-0.0782,1.0592
18425,1113,677,34.454,34.509,-0.0093,0.0722,9.863,-0.5405,0.2816,0.3341
18430,1137,684,34.428,34.468,-0.0058,0.043,9.7271,0.5184,1.4299,-0.9656
18435,1138,695,34.46,34.381,0.0026,-0.0004,9.8076,0.0237,-0.4314,1.2226
18440,1140,696,34.381,34.449,-0.0395,0.0314,9.8441,-0.296,0.1854,0.1844
18445,1149,707,34.501,34.421,-0.0389,-0.0228,9.885,-0.8493,0.229,-0.9284
18450,1158,715,34.377,34.41,-0.0405,-0.053,9.8043,-0.5719,0.0034,0.0008
18455,1161,723,34.388,34.435,0.0642,-0.0226,9.8078,-0.1828,0.0938,0.1463
18460,1160,727,34.451,34.363,-0.0091,-0.068,9.7316,-0.8066,0.2694,-0.3054
18465,1166,729,34.411,34.469,0.0149,0.0211,9.8301,0.3239,0.575,-0.6362
18470,1179,744,34.354,34.488,0.0426,0.0188,9.9176,-0.033,-0.7225,0.2864
18475,1176,757,34.45,34.421,0.0108,0.0268,9.8301,0.8576,-0.4195,0.499
18480,1190,758,34.393,34.503,0.0496,0.0597,9.8074,0.102,-0.098,1.1756
18485,1187,767,34.387,34.542,0.0142,-0.0661,9.7808,-0.0515,-0.0256,-0.2709
18490,1185,774,34.41,34.42,0.0431,0.0786,9.8399,-0.2994,-0.5663,-0.6718
18495,1189,789,34.455,34.513,0.0083,-0.0516,9.8144,0.1,0.4942,0.0792
18500,1187,790,34.49,34.429,0.009,-0.066,9.8237,-0.3588,0.1211,0.5592
18505,1188,801,34.446,34.503,0.0448,0.0006,9.7866,0.5872,0.2385,-0.2921
18510,1193,805,34.359,34.497,-0.049,-0.0578,9.7332,0.6354,0.3497,-1.1607
18515,1186,820,34.363,34.449,0.024,0.018,9.7981,-0.8188,-0.2067,0.7301
18520,1189,822,34.496,34.4,0.0363,0.0146,9.7722,0.4377,-0.3048,-0.0569
18525,1184,829,34.448,34.603,-0.055,0.0044,9.8655,-0.5953,-0.4196,-0.3047
18530,1189,838,34.418,34.488,-0.011,-0.0281,9.8175,-0.1731,0.4696,-0.4891
18535,1181,842,34.377,34.507,-0.0522,0.0802,9.7663,0.154,0.903,0.6123
18540,1190,854,34.414,34.55,0.0382,-0.073,9.869,-0.704,0.0091,0.3823
18545,1179,858,34.484,34.39,0.0104,-0.0257,9.8252,-0.8381,-0.6041,0.4662
18550,1178,862,34.507,34.473,-0.0608,-0.0102,9.7933,0.9802,0.7408,-0.2507
18555,1165,865,34.515,34.445,0.0005,0.0123,9.8204,-0.1579,0.1987,0.6075
18560,1170,875,34.461,34.476,-0.0625,0.0665,9.8606,-0.8415,0.7685,0.6051
18565,1168,883,34.402,34.466,0.0362,-0.0652,9.797,-0.533,0.5427,0.5518
18570,1172,885,34.416,34.507,0.0119,0.0011,9.7433,-0.0031,-0.3754,0.5337
18575,1156,887,34.399,34.452,0.0211,0.0472,9.8001,-0.0304,-0.1824,-0.054
18580,1165,895,34.462,34.503,-0.0493,0.0004,9.8265,-1.0049,0.321,-0.6523
18585,1147,898,34.452,34.496,0.0026,-0.0482,9.7683,-0.6588,-0.5382,0.4148
18590,1150,904,34.458,34.489,0.0016,-0.0497,9.7437,0.7671,0.3312,0.919
18595,1141,909,34.446,34.34,0.0838,0.08,9.8115,0.2973,0.5583,-0.2953
18600,1147,909,34.387,34.499,-0.0755,0.0086,9.8209,0.1472,-0.8844,-0.2367
18605,1147,912,34.355,34.48,-0.0639,-0.0198,9.8223,-0.0408,-0.2832,-0.3848
18610,1144,912,34.434,34.397,0.0003,0.1373,9.7579,-0.2836,-0.7369,0.2451
18615,1139,919,34.362,34.447,0.0134,0.0403,9.7137,0.0179,0.0775,0.5002
18620,1130,919,34.421,34.418,0.0417,0.0063,9.7977,-0.2898,0.0905,0.7195
18625,1136,918,34.381,34.43,-0.0667,0.0419,9.8772,-0.2927,-0.2955,-0.0882
18630,1126,920,34.339,34.453,-0.0558,0.0676,9.7435,-0.1203,0.3668,-0.0579
18635,1122,925,34.443,34.544,0.0136,0.0122,9.8185,-0.2185,0.1639,-0.0546
18640,1123,925,34.424,34.489,-0.0075,0.0842,9.7842,0.5413,0.0007,-0.0209
18645,1123,924,34.387,34.441,0.0253,0.1051,9.794,0.4261,-0.8663,0.7643
18650,1121,924,34.412,34.437,-0.0021,0.028,9.8558,0.0413,0.9197,0.0793
18655,1115,920,34.377,34.387,-0.105,0.0503,9.8342,0.3131,-0.4182,0.5757
18660,1113,920,34.404,34.408,0.0052,0.0787,9.8269,-0.8521,-0.1183,0.5974
18665,1106,918,34.428,34.475,0.0511,-0.0719,9.7739,-0.0519,-1.0687,-0.2525
18670,1099,928,34.413,34.457,0.0347,0.0213,9.8669,0.1099,0.0304,0.0901
18675,1107,921,34.361,34.444,-0.0457,0.0707,9.7592,0.3911,-0.1353,0.1984
18680,1105,920,34.26,34.434,-0.0125,-0.0079,9.7681,0.4041,-0.1105,-0.1858
18685,1097,915,34.401,34.458,0.0528,0.0375,9.8219,0.3256,0.2405,0.4801
18690,1111,916,34.448,34.41,0.0292,-0.0129,9.8379,1.4504,0.1325,0.2847
18695,1097,909,34.451,34.524,-0.0762,-0.0825,9.7922,-0.5412,0.7376,-0.1935
18700,1093,909,34.444,34.452,0.0625,0.0089,9.8976,1.1533,0.3872,-0.5447
18705,1089,905,34.468,34.418,0.0171,0.0723,9.841,0.0361,0.069,0.8965
18710,1092,909,34.389,34.38,-0.0425,0.0473,9.8049,-0.9969,0.2223,0.1707
18715,1085,908,34.454,34.426,-0.0513,-0.1393,9.8188,-0.6971,-0.6902,0.5772
18720,1085,903,34.467,34.553,-0.0357,-0.0115,9.7925,-0.4952,-0.3844,-0.6998
18725,1078,905,34.441,34.516,-0.0365,-0.0183,9.6698,-0.4305,-0.1189,0.4662
18730,1074,896,34.466,34.514,0.1004,0.071,9.8142,0.5899,-0.3824,0.2389
18735,1076,896,34.378,34.548,0.0383,-0.0407,9.7561,-0.4839,0.5937,-0.167
18740,1081,896,34.392,34.496,0.0126,-0.0374,9.7849,-0.2983,0.1597,-0.7354
18745,1068,888,34.414,34.542,-0.0391,0.0029,9.8039,-0.0576,-0.446,-0.1146
18750,1065,896,34.429,34.436,-0.0117,-0.08,9.8478,0.3776,0.0258,-0.7717
18755,1062,885,34.441,34.449,0.0078,-0.0913,9.7957,0.5921,0.4919,-0.5403
18760,1067,894,34.448,34.503,0.049,0.0705,9.8177,0.4228,0.6572,-0.5753
18765,1057,882,34.436,34.446,0.0214,0.0325,9.8439,-0.4461,0.1019,-0.962
18770,1057,885,34.495,34.438,0.0305,0.0184,9.8839,0.2619,-0.6903,0.648
18775,1050,878,34.478,34.567,-0.0355,0.0384,9.8082,-0.2153,0.0033,-0.6995
18780,1041,877,34.43,34.479,-0.1123,-0.0641,9.8436,-0.833,0.6425,-0.6673
18785,1045,877,34.387,34.518,-0.0172,0.0126,9.8135,0.122,0.6829,-0.1913
18790,1041,876,34.451,34.434,-0.0653,0.0228,9.7568,-0.1745,-0.0111,-0.1218
18795,1031,870,34.424,34.432,-0.0282,0.0637,9.7861,0.3713,-0.8273,0.0257
18800,1035,874,34.438,34.55,0.0806,0.0639,9.8624,0.0693,0.0032,-0.6531
18805,1022,871,34.514,34.49,-0.0125,0.0406,9.9347,-1.1645,-0.17,-0.0347
18810,1011,871,34.441,34.515,-0.0631,0.0422,9.8604,-0.0974,-0.3517,0.2424
18815,1012,872,34.369,34.416,0.1311,0.0237,9.7805,-0.3104,-0.3048,-0.2657
18820,1008,864,34.422,34.444,0.0794,0.0129,9.8311,0.1792,0.8036,0.6671
18825,996,859,34.423,34.493,0.0834,0.0256,9.8121,0.2558,0.605,-0.1108
18830,992,858,34.383,34.509,0.0094,0.0298,9.8232,-0.5725,-0.3214,0.3486
18835,978,857,34.478,34.449,-0.0223,-0.0259,9.8531,-0.2935,-0.0586,-0.2867
18840,977,860,34.427,34.482,0.0485,0.0032,9.7795,-0.7804,0.0779,-1.2871
18845,961,857,34.421,34.482,-0.0249,0.0135,9.7352,0.9155,0.877,0.2527
18850,961,856,34.426,34.51,0.0493,0.0155,9.8127,0.8891,-0.6797,-0.7589
18855,958,860,34.465,34.398,-0.0048,-0.1004,9.8069,0.0812,0.2758,-0.4082
18860,941,857,34.483,34.506,0.0442,0.0309,9.7698,0.7041,-1.1284,-0.2517
18865,935,850,34.44,34.459,0.0093,-0.0083,9.7339,0.6627,0.2642,-0.3493
18870,921,852,34.384,34.429,0.0319,-0.0058,9.7652,-0.0948,-0.1875,0.7375
18875,927,850,34.442,34.48,-0.0095,-0.0258,9.8293,-0.227,-0.6597,-0.1893
18880,909,844,34.401,34.441,-0.0257,-0.0081,9.77,-0.077,0.2085,-0.1845
18885,908,847,34.403,34.536,-0.0753,-0.0239,9.891,-0.226,0.5248,0.3406
18890,893,845,34.444,34.412,-0.0211,0.0589,9.7851,0.2004,-0.2478,0.0025
18895,883,846,34.567,34.483,-0.0277,-0.1012,9.7634,-0.2111,0.0378,-0.0371
18900,881,839,34.403,34.496,0.1197,0.0401,9.7787,0.199,0.2374,0.736
18905,861,834,34.342,34.424,0.0209,0.0039,9.7621,-0.6357,0.7145,-0.8532
18910,854,833,34.368,34.436,-0.0582,-0.0106,9.8226,0.4715,-0.1356,-0.3826
18915,846,831,34.522,34.419,0.076,0.0458,9.747,0.4376,0.2997,0.0317
18920,844,827,34.334,34.451,-0.0087,0.0076,9.7293,0.1789,-0.5932,-0.3457
18925,832,827,34.363,34.455,-0.0274,0.0341,9.7715,0.4843,0.0045,0.735
18930,822,828,34.43,34.542,0.0048,-0.0515,9.8326,-0.7645,0.5545,-0.7075
18935,813,821,34.44,34.445,-0.0382,0.0574,9.8111,-0.2031,0.2995,0.3208
18940,800,817,34.39,34.5,0.0459,-0.0345,9.7432,-0.3032,-0.3032,0.3427
18945,796,811,34.337,34.511,0.0315,-0.029,9.8481,0.2088,-0.2434,-0.6811
18950,799,801,34.485,34.499,-0.0498,-0.0041,9.8158,-0.3851,-0.1768,0.7502
18955,782,811,34.388,34.513,0.0495,-0.1008,9.74,0.3557,1.0434,-0.0044
18960,773,800,34.381,34.438,-0.0122,0.0177,9.7538,-0.2143,-0.2077,-0.532
18965,775,797,34.475,34.523,0.0451,0.0543,9.7813,1.3335,0.0679,-0.6328
18970,764,795,34.378,34.394,-0.0265,0.0009,9.7946,-0.25,-0.2761,0.1691
18975,766,788,34.48,34.513,-0.0462,0.0259,9.7207,0.3018,0.5917,0.3354
18980,760,787,34.436,34.455,0.0476,0.0275,9.7806,-0.0111,0.3079,-0.1257
18985,753,780,34.426,34.544,-0.0142,0.0176,9.7472,0.4354,0.1716,-0.4064
18990,748,772,34.435,34.402,0.0006,0.0203,9.8962,-0.2513,0.0295,-0.3787
18995,748,761,34.445,34.474,-0.0206,0.0635,9.7398,-0.0621,0.12,-0.1838
19000,756,763,34.396,34.526,0.0273,-0.0111,9.7471,-0.0102,-0.7092,-0.515
19005,743,750,34.37,34.476,-0.0719,-0.0308,9.7789,-1.2653,0.1926,-0.7769
19010,744,757,34.434,34.424,-0.0232,-0.0626,9.7699,-0.0926,0.0596,-0.5286
19015,760,741,34.347,34.521,0.0481,0.0,9.7853,-0.309,0.6685,-0.0369
19020,752,737,34.437,34.411,0.0308,0.0048,9.8793,0.1263,0.546,-0.5251
19025,745,730,34.49,34.436,0.0216,-0.0482,9.8418,-0.1801,-0.9629,0.3742
19030,748,723,34.414,34.48,0.0555,0.0128,9.8376,1.0772,0.2425,0.0381
19035,758,716,34.459,34.604,0.046,0.0572,9.8943,0.2723,0.1133,0.1065
19040,758,713,34.469,34.48,0.0599,0.0137,9.8141,-0.241,0.4078,-0.8011
19045,770,706,34.528,34.497,-0.0753,-0.0103,9.8956,0.6469,0.0896,-0.3185
19050,767,703,34.318,34.421,-0.0333,-0.0499,9.8285,0.2894,-0.768,0.6478
19055,772,699,34.388,34.383,-0.0113,-0.0375,9.824,-0.4976,0.2552,-1.0008
19060,778,691,34.471,34.559,-0.0622,-0.0342,9.8333,0.2307,-0.4222,0.1721
19065,787,685,34.447,34.525,-0.0076,0.0097,9.7332,0.5127,0.5831,-0.8154
19070,801,677,34.382,34.524,-0.0041,0.0105,9.8332,-0.3947,-0.3598,0.3784
19075,799,675,34.402,34.463,0.0913,-0.0612,9.8001,-0.1521,0.4971,-0.1998
19080,817,666,34.315,34.48,-0.0853,-0.086,9.8875,0.0859,-0.1111,0.1467
19085,819,668,34.451,34.446,-0.0232,0.0178,9.7493,0.6974,-0.129,0.3345
19090,823,663,34.464,34.491,0.0091,-0.0193,9.7637,0.2089,0.1345,-0.2403
19095,844,659,34.511,34.449,0.0059,0.0234,9.859,-0.3238,0.6766,-0.5553
19100,853,652,34.453,34.475,-0.0457,-0.0264,9.7784,-0.1827,0.1499,-0.9662
19105,854,652,34.36,34.493,-0.0338,-0.0628,9.7685,0.2241,0.0135,1.1517
19110,868,650,34.435,34.53,-0.0145,0.0489,9.9226,0.5553,-0.2518,-0.0509
19115,889,641,34.465,34.473,0.0089,0.0092,9.7856,0.782,0.6983,-0.159
19120,894,644,34.407,34.48,-0.0145,-0.0464,9.9063,0.0383,0.16,0.2905
19125,894,646,34.35,34.448,-0.0131,-0.0306,9.7653,0.203,-0.7246,0.0601
19130,918,634,34.321,34.454,0.0011,-0.0416,9.7845,-0.2946,0.1034,-0.4877
19135,928,640,34.347,34.454,-0.0588,0.0077,9.807,0.3382,0.326,-0.6725
19140,936,635,34.437,34.566,0.0438,0.0201,9.7698,-1.242,0.3897,-0.5017
19145,954,634,34.437,34.527,-0.0702,-0.0603,9.7847,-0.6541,0.6365,0.1003
19150,965,637,34.447,34.449,0.112,0.1036,9.7876,-0.4263,-0.5793,0.2616
19155,979,635,34.48,34.466,-0.0801,-0.0383,9.7652,-0.2542,-0.5916,0.479
19160,987,636,34.402,34.46,-0.0086,-0.0167,9.8719,0.7345,-0.4017,0.0639
19165,998,632,34.416,34.469,0.0383,-0.0235,9.8951,0.8424,0.8178,0.0067
19170,1005,642,34.452,34.455,0.0798,0.0664,9.849,-0.0215,0.2291,-0.7406
19175,1020,643,34.394,34.431,0.0088,0.0001,9.7474,0.6686,0.5372,-0.0289
19180,1028,649,34.596,34.447,0.0219,-0.0857,9.7821,0.078,0.0624,-0.1937
19185,1048,645,34.326,34.407,0.0116,-0.0817,9.7365,-0.0248,-0.3791,0.1005
19190,1061,648,34.305,34.487,0.0282,-0.1056,9.8363,-0.5659,-0.2329,-0.1192
19195,1082,653,34.401,34.412,0.0031,0.0136,9.7627,-0.1268,-0.8108,-0.3703
19200,1077,659,34.467,34.506,0.0385,-0.0111,9.8155,-0.1749,0.4667,0.6445
19205,1085,661,34.45,34.406,0.0762,-0.0225,9.7658,-0.206,0.6376,0.5294
19210,1098,668,34.458,34.532,0.0269,0.0213,9.8705,0.4224,-0.1119,-0.1503
19215,1107,671,34.468,34.465,0.0335,0.0776,9.827,0.2038,-0.5742,-0.1551
19220,1117,682,34.566,34.526,-0.0824,-0.0221,9.7428,0.1947,-0.1395,0.4723
19225,1113,683,34.37,34.421,-0.0553,0.0096,9.7626,0.6245,-0.2845,-0.1429
19230,1138,691,34.412,34.414,0.0601,0.0413,9.81,0.3394,0.19,-0.1311
19235,1137,696,34.405,34.5,0.0734,-0.0327,9.8569,-0.33,-0.5761,-0.1999
19240,1156,703,34.453,34.475,0.0109,-0.0023,9.6868,-0.1047,0.1314,-0.4409
19245,1149,705,34.44,34.554,-0.0643,0.0271,9.8266,-0.4825,0.6557,0.253
19250,1153,714,34.341,34.465,0.0504,0.051,9.8267,-0.5929,-1.0355,-0.0738
19255,1161,722,34.334,34.535,0.0076,-0.0168,9.8968,-0.1995,-0.1722,-0.4618
19260,1174,734,34.433,34.505,0.0074,0.0643,9.8585,-0.1514,0.4851,-1.0141
19265,1168,738,34.386,34.581,-0.0171,0.0276,9.7865,0.8044,0.4951,0.0495
19270,1178,745,34.372,34.553,-0.0654,0.0236,9.8537,-0.1298,-0.571,-0.3189
19275,1181,754,34.398,34.491,-0.0292,-0.0821,9.7345,0.5381,-0.8637,0.2857
19280,1177,757,34.413,34.348,-0.111,0.0882,9.8195,0.4932,1.1603,0.0637
19285,1181,771,34.506,34.413,0.0214,-0.0058,9.7971,-0.1142,0.3683,0.8673
19290,1175,775,34.498,34.475,0.0792,-0.0379,9.7955,-0.629,-0.0736,-0.5876
19295,1180,780,34.381,34.562,0.0971,0.0189,9.7697,-0.456,-0.0325,0.0859
19300,1184,795,34.437,34.514,0.0019,-0.0312,9.8964,-0.5158,-1.0022,-0.8118
19305,1188,802,34.497,34.463,-0.0214,0.0034,9.8127,0.8731,-1.0144,0.3818
19310,1197,803,34.441,34.52,-0.009,0.0027,9.8747,-0.0642,-0.16,0.2993
19315,1187,815,34.415,34.404,0.0486,-0.0232,9.7753,-0.4207,-0.347,0.6806
19320,1183,824,34.465,34.514,-0.0255,0.0011,9.8355,-0.6803,0.7583,0.7485
19325,1186,831,34.405,34.494,0.024,-0.0703,9.8073,0.671,0.6238,-0.0782
19330,1195,834,34.388,34.454,0.0485,0.0057,9.7992,1.0021,-0.8557,0.6614
19335,1186,844,34.401,34.512,-0.1279,-0.0242,9.8215,0.2582,0.0389,-0.506
19340,1178,852,34.475,34.493,-0.028,-0.1037,9.7364,0.3708,-0.1984,0.0931
19345,1174,860,34.504,34.527,0.0172,-0.0035,9.8289,-0.1291,-0.0295,-0.0443
19350,1184,867,34.37,34.457,-0.0033,0.1118,9.7869,0.7738,-0.1532,0.0577
19355,1172,870,34.426,34.478,-0.0132,0.0826,9.9587,-0.2686,-0.3654,-0.3248
19360,1173,872,34.491,34.531,0.0326,-0.1236,9.7665,-0.0337,-0.9063,0.3048
19365,1162,888,34.468,34.42,0.0517,-0.0072,9.7703,0.4971,-0.8308,-0.2674
19370,1164,884,34.381,34.409,0.0656,0.0682,9.7884,0.6833,-0.4974,-0.3914
19375,1154,888,34.393,34.385,0.0211,0.0012,9.7876,-0.5064,-0.0523,0.5087
19380,1162,899,34.423,34.446,-0.0933,-0.005,9.8051,0.0446,-0.0713,0.0281
19385,1149,900,34.484,34.424,0.0904,-0.0838,9.8598,0.4801,0.0245,-0.8767
19390,1161,903,34.37,34.468,-0.0292,0.0426,9.814,-0.1816,0.4044,0.3633
19395,1153,904,34.396,34.598,-0.0851,-0.0606,9.8967,0.0931,-0.6249,0.2454
19400,1150,908,34.436,34.525,0.0575,0.0128,9.7348,0.4036,-0.2747,0.0598
19405,1137,917,34.473,34.506,0.0317,0.0137,9.7685,-0.1101,0.3523,0.6064
19410,1150,912,34.348,34.455,-0.1254,0.0554,9.8287,0.3015,-0.3522,0.4284
19415,1137,917,34.362,34.486,0.0584,0.0065,9.8031,0.5074,-1.2814,0.0342
19420,1127,920,34.436,34.502,-0.0249,0.0125,9.8126,0.9254,-0.0174,0.7779
19425,1122,917,34.354,34.406,0.0224,-0.0024,9.8194,-0.4258,0.4512,-0.1381
19430,1122,923,34.391,34.555,-0.0303,-0.0463,9.7862,0.711,-0.6232,-0.1113
19435,1134,925,34.421,34.529,0.0023,0.0136,9.7642,0.7436,0.8438,0.0824
19440,1127,922,34.443,34.429,0.0765,-0.0772,9.8272,0.5908,-0.5567,-1.0436
19445,1123,929,34.514,34.566,0.0328,0.067,9.8071,0.3368,0.6239,-0.2223
19450,1120,924,34.469,34.453,-0.0234,-0.0212,9.7272,0.4772,0.1423,-0.0426
19455,1120,923,34.458,34.459,0.0109,0.0701,9.7864,-1.1734,0.1721,-0.4368
19460,1105,919,34.449,34.483,-0.0156,0.0522,9.7414,0.1684,0.365,0.0559
19465,1107,920,34.451,34.491,0.0466,0.0093,9.8657,-0.0278,-0.5893,0.1283
19470,1093,920,34.393,34.437,-0.0034,0.0264,9.7995,0.8394,0.1837,-0.1976
19475,1107,922,34.428,34.481,-0.0035,-0.0032,9.7718,0.1226,0.113,-0.1302
19480,1102,919,34.393,34.543,-0.0508,-0.1307,9.7805,-0.5823,1.0288,0.5963
19485,1094,921,34.415,34.55,0.0404,-0.0308,9.8213,-0.2694,0.9606,0.3781
19490,1101,917,34.459,34.581,0.1078,0.002,9.7775,0.5104,-0.4117,0.8265
19495,1091,910,34.375,34.537,0.0952,0.0417,9.8679,0.1322,0.6424,0.1275
19500,1088,914,34.41,34.44,-0.0331,0.0163,9.7463,1.0212,0.8231,-0.3963
19505,1095,910,34.282,34.483,-0.0081,-0.0252,9.9156,-0.4036,0.0658,0.018
19510,1091,904,34.351,34.432,0.0135,0.0069,9.8395,0.8706,-0.2635,-0.6346
19515,1086,906,34.483,34.472,-0.0879,0.0019,9.7587,-0.4529,-0.689,0.5688
19520,1079,905,34.438,34.434,0.0185,-0.0609,9.7888,0.1981,-0.2727,-0.0367
19525,1081,904,34.47,34.419,0.0058,0.0904,9.7925,-0.0286,-0.6706,0.0876
19530,1080,896,34.406,34.488,0.0777,0.0392,9.7796,-0.5043,-0.9546,0.1929
19535,1082,899,34.407,34.418,0.0293,0.055,9.8371,-0.2145,-0.8553,0.1772
19540,1064,895,34.352,34.456,0.0026,-0.0206,9.8075,-0.3318,0.7404,-0.2751
19545,1070,890,34.395,34.489,-0.0408,-0.0339,9.8312,-0.715,-0.0608,-0.6747
19550,1072,892,34.41,34.482,-0.0033,0.067,9.7525,0.4159,0.1337,0.1935
19555,1061,887,34.395,34.524,0.0607,-0.0646,9.8685,-0.582,-0.1908,-0.6847
19560,1061,886,34.424,34.523,-0.0278,-0.1192,9.7997,-0.1793,0.7467,0.2567
19565,1054,883,34.426,34.508,-0.0312,0.0679,9.8488,0.7628,-0.4224,0.1719
19570,1053,880,34.415,34.4,-0.0104,-0.041,9.7986,0.3242,-0.8848,0.1049
19575,1048,879,34.45,34.446,-0.0134,-0.0212,9.8745,0.0146,-0.9018,-0.2195
19580,1046,872,34.389,34.496,-0.0816,-0.0895,9.8232,-0.0798,-0.5219,-0.2892
19585,1027,876,34.457,34.394,-0.0205,0.1303,9.8464,0.0204,-1.2381,-0.0161
19590,1040,876,34.335,34.369,0.0431,0.0338,9.8647,0.4589,-0.8875,-0.0126
19595,1041,875,34.419,34.453,-0.0035,-0.0155,9.8199,-0.505,0.077,-0.3658
19600,1020,872,34.397,34.515,0.0025,0.0268,9.7792,-1.1291,-0.4923,0.3542
19605,1017,868,34.424,34.421,0.0296,0.0151,9.8249,0.8965,-0.3406,-0.0098
19610,1014,869,34.348,34.343,0.0171,0.0674,9.8365,-0.5929,0.4773,-0.1741
19615,1004,875,34.39,34.497,0.0393,-0.1112,9.8063,0.1902,0.5411,-0.4368
19620,988,861,34.435,34.42,-0.0877,0.0071,9.8173,-0.3692,-0.3717,-0.1206
19625,997,867,34.406,34.464,0.0041,0.0231,9.747,0.1137,0.3811,-0.0474
19630,988,863,34.456,34.586,-0.0304,-0.0633,9.8293,-0.255,0.6838,-0.3504
19635,980,864,34.387,34.5,-0.004,-0.0052,9.8047,0.0273,0.0213,-0.3432
19640,973,861,34.461,34.562,0.0509,-0.0248,9.8481,0.0489,-0.4919,0.4922
19645,962,859,34.408,34.48,0.0191,-0.0428,9.7203,-0.5456,0.498,0.0793
19650,958,858,34.371,34.444,0.0638,-0.0302,9.7623,-0.3646,-0.224,-1.1102
19655,952,859,34.418,34.593,-0.0224,0.0333,9.7886,0.2143,-0.1931,0.4311
19660,940,857,34.42,34.543,0.0109,-0.0166,9.8528,-0.0953,-0.0954,0.9442
19665,927,857,34.469,34.406,-0.0194,0.0722,9.8104,-0.1042,-0.057,1.062
19670,927,851,34.343,34.539,-0.0215,-0.057,9.7797,-0.0897,0.3859,-0.1032
19675,904,850,34.415,34.413,-0.0089,-0.039,9.9186,0.152,1.0577,-0.1727
19680,905,846,34.509,34.495,0.0359,-0.0219,9.8529,0.0363,0.5829,0.1653
19685,894,841,34.473,34.469,0.0498,-0.021,9.7656,-0.5545,-0.186,-0.0563
19690,893,847,34.501,34.525,0.0389,0.0771,9.8286,-0.4703,0.3669,0.3656
19695,882,848,34.489,34.424,-0.0096,-0.0214,9.739,-0.3353,0.4471,0.8976
19700,870,841,34.303,34.416,-0.0484,-0.0065,9.8511,0.1617,0.2336,0.1261
19705,862,836,34.467,34.452,0.0597,0.0745,9.8286,0.0944,-0.0617,-1.4472
19710,846,835,34.397,34.441,-0.0009,0.0018,9.8781,0.2917,0.7496,-0.0568
19715,843,833,34.383,34.435,-0.0698,0.0899,9.7237,-0.6576,-0.6772,0.2498
19720,841,829,34.419,34.475,-0.0857,0.0287,9.8489,0.1657,0.0826,0.1567
19725,820,826,34.308,34.39,-0.0386,-0.0609,9.8294,-0.4013,0.2974,0.0905
19730,809,824,34.417,34.444,-0.0806,0.0268,9.7814,-0.9159,0.314,0.5861
19735,815,817,34.427,34.464,-0.0754,0.0443,9.8316,-0.2277,-0.2123,0.5741
19740,803,819,34.472,34.447,0.0717,-0.0379,9.8508,-0.6999,-0.8821,0.0428
19745,786,815,34.414,34.528,-0.066,0.0054,9.8042,-0.7778,0.7238,0.1595
19750,789,809,34.35,34.409,-0.0024,-0.0604,9.7928,0.5487,-0.2659,-0.2532
19755,782,801,34.438,34.441,0.0061,-0.0882,9.8128,0.6568,0.3485,0.8587
19760,779,800,34.464,34.423,0.0638,-0.0639,9.9424,0.7455,-0.0589,0.2084
19765,778,793,34.455,34.406,0.0431,0.0575,9.8019,0.0143,-0.6746,-0.6763
19770,769,785,34.443,34.431,0.0119,0.0343,9.7589,0.5484,-0.296,-1.2717
19775,766,787,34.42,34.557,-0.0323,-0.0266,9.8659,0.0929,-1.5227,0.0667
19780,765,778,34.44,34.445,0.1333,0.0831,9.7761,-0.009,0.0806,-0.4458
19785,754,777,34.437,34.461,-0.0126,0.0203,9.7618,0.356,-0.6484,0.3896
19790,745,767,34.447,34.485,-0.0162,-0.0453,9.6922,0.4863,-0.4639,-0.6924
19795,750,765,34.385,34.446,0.0225,-0.0148,9.8207,-0.1523,0.3505,-0.0419
19800,748,760,34.433,34.49,-0.0436,0.0057,9.7477,0.3,0.3607,0.5112
19805,751,754,34.4,34.372,-0.0078,0.0044,9.7307,-0.0911,-0.1996,-0.0197
19810,748,742,34.387,34.552,0.0407,0.0542,9.8081,-0.2529,0.4355,0.2335
19815,740,744,34.315,34.502,0.057,0.0944,9.7844,0.1225,0.433,0.2585
19820,752,743,34.328,34.44,0.032,-0.0456,9.7697,-0.556,0.4199,0.0584
19825,752,732,34.409,34.561,-0.0285,-0.0311,9.8068,0.0096,-0.2882,0.2647
19830,754,727,34.393,34.601,-0.0108,0.144,9.7923,0.4248,-0.3839,0.0385
19835,761,718,34.541,34.52,-0.0573,-0.0297,9.872,0.5542,0.3377,0.026
19840,753,713,34.401,34.439,0.0365,0.0191,9.8669,-0.2648,-0.0521,0.2683
19845,770,705,34.378,34.471,-0.0669,0.055,9.8199,0.3515,0.6799,-0.4734
19850,764,707,34.326,34.461,0.0103,0.0822,9.7838,-1.1675,0.0175,0.2098
19855,769,703,34.354,34.484,0.0282,0.0194,9.8819,-0.7297,0.3836,0.4713
19860,794,696,34.488,34.456,0.0008,-0.0408,9.8258,-0.0059,0.1112,-0.3993
19865,788,686,34.472,34.452,0.0362,0.0257,9.822,-0.2452,-0.1122,0.1382
19870,794,679,34.429,34.453,-0.007,0.024,9.7738,0.6923,-0.5538,-0.1297
19875,809,676,34.444,34.477,-0.0003,0.0342,9.7676,0.4704,-0.8049,-0.2001
19880,816,666,34.383,34.514,0.0529,-0.0169,9.7494,0.6442,-0.1958,0.9333
19885,825,667,34.454,34.478,0.0315,0.0746,9.7269,0.4575,-0.3023,1.1938
19890,822,664,34.448,34.492,-0.0758,-0.026,9.7464,-0.0075,-0.5564,-0.4008
19895,839,655,34.358,34.537,0.0211,0.0215,9.8109,0.1795,1.4219,-0.5384
19900,857,653,34.473,34.494,0.004,0.0149,9.8032,0.6079,-0.9277,-0.7354
19905,864,647,34.427,34.504,0.0565,-0.0418,9.8241,0.221,0.7237,-0.1927
19910,872,645,34.372,34.43,0.0422,-0.0282,9.807,0.3545,-0.3121,-0.3106
19915,886,647,34.428,34.529,-0.0066,0.0703,9.728,-0.9099,0.3845,-0.0844
19920,900,639,34.422,34.437,0.0087,-0.0902,9.8978,-0.2114,-0.7677,-0.1872
19925,910,641,34.461,34.353,-0.0284,-0.0268,9.7452,-0.021,-0.344,-0.1874
19930,911,641,34.398,34.434,0.0254,0.1048,9.8522,0.4699,1.0587,0.5988
19935,931,640,34.399,34.507,-0.0925,-0.0146,9.7738,-0.2939,0.3095,0.9512
19940,947,639,34.474,34.499,0.1063,0.0552,9.8118,-0.2537,-0.3118,0.0432
19945,957,638,34.408,34.426,-0.1014,-0.0625,9.7421,0.8121,0.2475,1.0992
19950,963,633,34.43,34.492,0.0117,-0.0156,9.7727,-1.4007,-0.2769,-0.1961
19955,979,631,34.35,34.525,0.0426,0.0293,9.8283,-0.1719,0.2078,0.6963
19960,989,637,34.49,34.384,-0.0613,0.0821,9.9059,0.0626,0.0824,0.0778
19965,995,635,34.348,34.446,0.0601,-0.0078,9.856,0.3009,-0.0684,-0.6527
19970,1010,639,34.486,34.502,-0.006,-0.0359,9.8348,-0.1913,0.0224,0.0358
19975,1037,642,34.413,34.522,-0.0669,-0.0579,9.7031,0.1678,0.797,0.4369
19980,1037,644,34.428,34.458,-0.0956,-0.0412,9.9143,0.3501,-0.7609,0.0171
19985,1051,646,34.462,34.444,-0.0607,0.0952,9.8532,-0.1356,0.3837,0.2985
19990,1064,646,34.429,34.509,-0.0432,-0.0397,9.8104,-0.4575,0.2406,-0.168
19995,1063,653,34.442,34.42,-0.0194,-0.0573,9.7731,0.3504,0.4396,0.0834
20000,1076,655,34.311,34.47,-0.056,-0.0248,9.7999,1.0767,0.2071,0.8036
20005,1086,661,34.475,34.446,0.0257,0.0679,9.7939,-0.3499,0.5595,0.3585
20010,1108,670,34.38,34.497,0.0042,-0.0482,9.8484,-0.2909,0.2109,-0.7091
20015,1118,672,34.427,34.541,-0.0183,-0.1522,9.8143,-0.7002,0.2508,0.4107
20020,1113,674,34.419,34.469,-0.0075,-0.0404,9.7611,-0.1875,0.3432,-0.0476
20025,1123,688,34.308,34.441,-0.0018,-0.0668,9.8695,-0.0453,-0.0309,-0.6669
20030,1124,685,34.446,34.494,-0.0974,-0.0038,9.7282,0.032,-0.5654,-0.5933
20035,1133,696,34.353,34.523,0.0415,0.0269,9.8238,0.5334,-0.1278,0.7478
20040,1144,699,34.376,34.476,-0.1092,-0.0215,9.8432,-1.0183,-0.9121,0.411
20045,1149,708,34.372,34.417,-0.0091,-0.0311,9.7061,-0.3184,-0.2986,-0.3095
20050,1161,715,34.41,34.487,0.0173,0.019,9.8154,0.1786,-0.1748,-0.6983
20055,1167,724,34.373,34.483,0.0066,-0.0023,9.7508,-1.076,0.6272,0.2988
20060,1161,732,34.35,34.487,-0.0036,-0.0672,9.9676,0.4195,-0.2405,-0.1175
20065,1173,740,34.452,34.441,0.009,0.0109,9.8142,0.1256,-0.3943,0.5478
20070,1176,747,34.399,34.463,-0.0126,0.0554,9.8867,0.0508,0.3591,-0.0543
20075,1181,755,34.483,34.423,0.1148,-0.0029,9.818,0.3728,1.0839,0.0548
20080,1185,757,34.426,34.427,-0.0172,-0.0006,9.8142,0.153,0.5699,0.5526
20085,1193,767,34.366,34.433,0.0276,0.0157,9.7809,0.3429,0.2231,0.1837
20090,1190,777,34.349,34.425,0.0536,-0.0669,9.876,1.0963,-0.1644,0.2961
20095,1190,784,34.429,34.44,0.0807,0.0284,9.903,-0.4342,0.2185,0.3796
20100,1187,796,34.465,34.452,0.0352,0.0325,9.8506,-0.652,0.2586,-0.3743
20105,1186,806,34.402,34.444,-0.071,0.0382,9.8463,-0.5631,-0.9184,0.7543
20110,1187,804,34.438,34.371,-0.0713,-0.0358,9.8018,-0.7366,-0.3309,-0.3418
20115,1185,815,34.355,34.495,0.0317,-0.0187,9.8426,-0.2381,-0.1566,-0.0309
20120,1188,821,34.513,34.462,0.0166,-0.0276,9.7935,0.3191,-0.8808,-0.0979
20125,1187,830,34.363,34.383,0.0094,-0.0044,9.7791,1.8593,0.6622,-0.0511
20130,1184,844,34.491,34.457,-0.0461,-0.0143,9.8478,0.2659,-0.3251,0.357
20135,1180,849,34.449,34.447,0.0157,0.0471,9.7347,-0.0107,-0.614,-0.3916
20140,1173,855,34.434,34.422,-0.0447,0.0125,9.8612,-0.3806,0.6024,-0.1923
20145,1178,858,34.362,34.472,0.0734,0.055,9.7814,-0.1872,-0.436,-0.1
20150,1181,863,34.475,34.465,-0.0547,0.0435,9.8046,-0.211,-0.1147,-0.3832
20155,1165,870,34.425,34.503,0.0867,0.0144,9.8184,-0.3402,-0.0252,0.1187
20160,1179,875,34.352,34.427,0.0148,-0.1021,9.7843,0.5193,0.9097,0.3689
20165,1166,880,34.42,34.334,0.0476,-0.092,9.8335,0.0652,-0.3754,0.0281
20170,1172,891,34.484,34.507,-0.0677,-0.0121,9.7965,0.6016,-0.5107,-0.7092
20175,1168,888,34.445,34.473,-0.0086,-0.0564,9.8766,0.7078,-0.8519,0.7044
20180,1158,898,34.351,34.42,0.0468,0.0332,9.778,-0.0432,0.0598,0.0236
20185,1150,898,34.432,34.459,0.1203,-0.0591,9.876,-0.3775,-0.8077,-0.1157
20190,1154,907,34.399,34.403,0.0485,-0.0858,9.8106,-0.7375,-0.3253,0.3598
20195,1143,906,34.453,34.41,0.1141,0.0245,9.8205,0.5419,-0.4148,0.4751
20200,1146,908,34.367,34.355,0.0537,-0.0004,9.8197,0.9826,-0.2291,0.1711
20205,1140,912,34.358,34.484,-0.0727,0.0246,9.7588,0.973,0.5595,-0.2125
20210,1133,914,34.423,34.498,-0.0117,-0.0188,9.7826,0.0679,0.4328,0.6484
20215,1139,918,34.294,34.512,-0.0171,0.0604,9.7859,-0.315,0.0134,-1.0025
20220,1134,918,34.471,34.452,0.0078,-0.0365,9.8432,0.0736,-0.5273,-0.3214
20225,1134,921,34.431,34.508,-0.0377,-0.0406,9.7384,0.0672,-0.3627,-0.1927
20230,1116,926,34.469,34.407,-0.0566,0.0449,9.8186,-1.3003,0.3932,-0.5287
20235,1117,920,34.411,34.519,-0.0765,0.0361,9.7866,0.7382,-0.4981,-0.629
20240,1121,928,34.39,34.451,-0.04,-0.0565,9.818,0.0859,0.4374,-0.2665
20245,1117,919,34.348,34.519,0.0016,-0.0474,9.8115,0.045,-0.6059,-0.075
20250,1113,926,34.398,34.469,-0.0442,-0.0026,9.8327,-0.4553,0.261,-0.6706
20255,1115,919,34.381,34.499,-0.0294,-0.0423,9.862,-0.2162,-0.6561,-0.2127
20260,1119,920,34.415,34.49,0.0198,0.014,9.8679,0.4859,0.2171,-0.8759
20265,1101,919,34.473,34.304,0.0042,-0.0826,9.8609,-0.42,-0.0534,0.0663
20270,1104,917,34.385,34.518,0.1199,0.0468,9.8498,0.024,0.1678,-0.0834
20275,1097,921,34.394,34.4,0.0487,-0.0255,9.8092,0.265,0.4185,0.658
20280,1108,919,34.435,34.506,0.074,0.033,9.848,-1.3815,0.3947,0.3083
20285,1104,912,34.371,34.438,0.0363,0.0045,9.8145,-0.4955,0.3178,-0.1227
20290,1093,916,34.432,34.395,0.0803,-0.0128,9.8214,-0.1139,0.4932,0.647
20295,1096,910,34.403,34.437,-0.0486,0.0737,9.7494,-0.2066,-0.4851,-1.0529
20300,1094,913,34.4,34.433,-0.0044,0.0257,9.8131,1.0362,0.0211,-0.7222
20305,1090,909,34.332,34.394,-0.0479,0.0756,9.7001,0.1044,0.1437,0.7666
20310,1086,909,34.487,34.455,0.0155,0.0325,9.8253,0.2923,0.2072,0.0755
20315,1084,908,34.483,34.398,0.0553,0.0962,9.907,-0.379,-0.0784,0.1837
20320,1078,903,34.422,34.484,-0.0459,-0.0099,9.753,0.8031,0.2441,0.0834
20325,1076,898,34.39,34.409,0.055,0.0077,9.825,0.3747,0.2882,-0.0362
20330,1076,901,34.377,34.412,0.0412,-0.0022,9.8304,0.6934,0.1578,-0.3788
20335,1070,899,34.416,34.403,-0.0102,0.0423,9.7784,-0.5091,0.1054,-0.1194
20340,1072,899,34.493,34.446,0.0296,0.0553,9.8049,-0.3864,-0.6136,0.025
20345,1065,893,34.436,34.439,-0.022,-0.0027,9.8595,-0.2419,0.0385,0.4014
20350,1067,890,34.337,34.449,-0.0667,0.0099,9.7913,0.1641,-0.1688,-0.9199
20355,1066,888,34.44,34.464,0.0019,0.0079,9.7855,0.1397,0.5758,-0.595
20360,1062,890,34.414,34.455,0.0354,0.0282,9.7734,0.8927,-0.592,-0.3643
20365,1052,886,34.452,34.384,0.1097,-0.056,9.8862,-0.544,0.1268,-0.2228
20370,1053,888,34.458,34.407,-0.0075,0.0292,9.8612,-0.9466,0.4385,-0.4986
20375,1047,878,34.377,34.384,0.1161,0.0016,9.7934,-0.6554,0.2359,-0.0583
20380,1041,879,34.432,34.504,0.0496,-0.0125,9.8558,0.025,-0.2503,0.399
20385,1043,877,34.412,34.516,-0.0172,0.0663,9.7625,-1.0833,0.2156,0.8368
20390,1034,875,34.485,34.51,-0.0062,-0.0327,9.8427,-0.2176,-0.4147,0.2436
20395,1035,874,34.391,34.469,0.0115,0.1075,9.8111,0.7291,-0.3113,0.1011
20400,1021,875,34.444,34.459,-0.067,0.0062,9.7246,-0.4771,-0.0373,0.7336
20405,1014,870,34.484,34.412,0.0153,-0.0082,9.8206,1.0293,-0.1338,-0.9334
20410,1013,866,34.454,34.393,0.0219,-0.097,9.7029,-0.2975,0.631,0.1889
20415,1006,872,34.413,34.445,-0.0472,-0.0534,9.8419,-0.1394,0.6874,0.1855
20420,1000,865,34.499,34.466,0.0382,0.0237,9.8803,-0.5194,-0.0043,-1.2832
20425,999,860,34.493,34.352,-0.0493,0.092,9.7856,0.1394,0.0697,-0.2675
20430,983,866,34.382,34.417,-0.027,0.0146,9.8277,0.5114,0.1005,0.3911
20435,975,857,34.352,34.44,-0.0188,0.108,9.8802,-0.1987,-0.8736,0.2746
20440,968,865,34.394,34.425,-0.0303,-0.0761,9.7649,0.7651,0.5249,0.5982
20445,962,858,34.41,34.48,-0.0534,-0.0261,9.7841,-0.386,-1.004,-0.4124
20450,956,856,34.455,34.476,0.0213,-0.0263,9.7915,-0.56,0.2004,0.6524
20455,945,859,34.368,34.471,0.0185,-0.0674,9.7641,0.1796,-0.3297,0.157
20460,936,855,34.318,34.455,-0.0441,0.0007,9.853,-0.3136,-0.0277,-0.9497
20465,936,850,34.351,34.425,0.0034,0.0358,9.8287,1.0273,-0.0465,0.2742
20470,918,851,34.333,34.475,-0.067,-0.0294,9.8023,0.3319,-1.0459,0.6367
20475,911,843,34.349,34.36,0.0764,0.019,9.8523,-0.597,-0.0342,-0.7247
20480,892,846,34.399,34.459,0.1197,0.0414,9.8521,0.2236,-0.0741,0.3543
20485,892,843,34.413,34.455,-0.0513,-0.0471,9.8001,0.5703,0.3074,-0.0545
20490,886,845,34.434,34.385,-0.0299,0.0537,9.841,-0.3094,0.09,0.3431
20495,876,842,34.37,34.497,-0.0366,0.0276,9.7811,0.1405,-0.4333,0.0208
20500,869,838,34.363,34.383,-0.1209,-0.0387,9.8072,0.1072,0.6441,0.329
20505,853,840,34.45,34.502,0.0899,0.0187,9.8076,0.7155,0.3333,-0.2173
20510,855,829,34.416,34.474,0.0707,0.0879,9.8216,-0.5064,-0.022,0.4504
20515,839,828,34.401,34.347,-0.1413,0.0048,9.7067,-0.8516,0.2116,-0.1372
20520,833,829,34.465,34.447,-0.0148,0.0871,9.8984,0.363,0.4812,0.2184
20525,822,817,34.445,34.46,0.0026,0.0986,9.7318,-0.0506,0.2627,-0.4796
20530,820,823,34.423,34.547,0.0103,0.0567,9.7906,1.0287,-0.8575,-0.7877
20535,804,818,34.482,34.466,-0.0165,0.0219,9.8334,-0.7635,-0.6108,0.5626
20540,802,821,34.451,34.5,0.0248,0.0083,9.8618,-0.0105,-0.1523,-0.5742
20545,807,816,34.333,34.358,0.0061,-0.0393,9.8388,-0.2242,0.7175,-0.027
20550,793,811,34.421,34.538,0.0401,0.0238,9.8234,0.3002,-0.4602,0.6221
20555,788,805,34.491,34.524,0.113,0.0284,9.7847,-0.4346,-0.1055,-0.2179
20560,785,801,34.432,34.447,0.0369,-0.0847,9.7911,-0.5739,0.4181,0.4454
20565,768,800,34.432,34.491,-0.0369,-0.0083,9.82,-0.0466,0.4149,0.5545
20570,770,789,34.465,34.437,-0.1233,-0.0284,9.7559,0.6452,-0.531,-0.3524
20575,765,790,34.396,34.5,-0.0061,-0.0328,9.7615,0.4718,0.3483,0.1616
20580,757,781,34.477,34.437,0.0486,-0.0772,9.8311,-0.3838,0.0589,0.9537
20585,752,774,34.399,34.422,-0.1109,0.0442,9.7088,0.4793,0.1036,0.3464
20590,754,775,34.431,34.433,0.0731,0.0315,9.7977,-0.243,0.7706,0.2941
20595,750,764,34.413,34.429,0.0022,-0.0465,9.819,-0.5236,0.907,1.0477
20600,737,761,34.359,34.48,0.034,-0.0077,9.7706,-0.3558,0.0393,0.3174
20605,755,755,34.359,34.419,-0.0702,-0.0292,9.7766,-0.4415,-0.2537,-0.3075
20610,748,752,34.402,34.472,-0.0276,-0.004,9.8703,0.3193,0.0924,-0.1986
20615,750,739,34.465,34.437,-0.0494,0.0275,9.9179,-0.6869,0.5628,-0.0647
20620,753,736,34.414,34.507,0.0619,0.0471,9.84,0.3359,0.6656,-0.4956
20625,746,733,34.366,34.533,-0.0295,-0.0136,9.8011,-0.1652,-0.0002,0.0443
20630,760,723,34.401,34.442,0.0115,0.0617,9.7992,0.5429,-0.52,0.1859
20635,753,715,34.446,34.467,0.0312,-0.0841,9.8144,0.5007,0.2691,0.6551
20640,764,711,34.413,34.476,-0.0416,-0.0767,9.9084,0.7782,1.2198,-0.6852
20645,767,712,34.388,34.451,0.0138,0.0255,9.7848,0.2817,0.7755,-0.2161
20650,766,697,34.353,34.439,-0.0391,-0.0896,9.8677,-0.953,0.1448,-0.5282
20655,772,697,34.374,34.412,0.0557,0.0194,9.7772,-0.0661,0.2663,-0.1841
20660,779,688,34.452,34.528,0.0393,-0.0724,9.8259,0.1235,-0.1553,-0.4264
20665,787,681,34.415,34.41,0.0416,0.002,9.8352,0.4141,0.9876,1.3024
20670,801,681,34.318,34.42,0.046,0.0281,9.8907,-0.158,0.3858,1.5244
20675,807,669,34.369,34.453,-0.0076,0.0352,9.85,0.2358,-0.4736,0.5149
20680,815,669,34.444,34.483,0.0131,0.0965,9.7717,-0.3027,-0.2307,0.5989
20685,820,664,34.356,34.474,-0.0847,-0.0198,9.7798,0.4411,0.9494,-0.4704
20690,833,660,34.4,34.535,-0.0298,-0.011,9.8164,0.3982,0.4207,0.3974
20695,843,662,34.503,34.491,0.0555,0.0166,9.8384,-0.0999,0.1629,-0.1661
20700,853,648,34.388,34.437,0.1158,-0.0008,9.7858,-0.0202,0.1275,-0.4211
20705,865,647,34.38,34.522,-0.0462,-0.0377,9.913,-0.4217,-0.6952,-0.5411
20710,869,647,34.463,34.466,0.0747,-0.0165,9.7621,0.8862,0.1248,-0.13
20715,879,645,34.442,34.461,-0.0108,-0.0524,9.8712,0.109,0.5526,-1.3105
20720,893,635,34.338,34.423,0.0214,-0.0067,9.8646,-0.0257,0.6584,0.6051
20725,917,641,34.413,34.449,0.0544,-0.0382,9.8042,-0.3539,-0.8306,-0.4383
20730,914,636,34.375,34.463,-0.0697,-0.0024,9.8329,0.2256,-0.5489,-0.1815
20735,935,638,34.352,34.59,0.0938,-0.0589,9.788,-0.55,0.566,0.5824
20740,947,638,34.359,34.485,0.0314,0.0043,9.8708,0.1451,-0.2423,0.1418
20745,958,634,34.366,34.534,-0.0958,0.0299,9.8944,0.4017,-0.042,0.2874
20750,967,640,34.503,34.472,-0.0343,-0.0143,9.816,0.5068,0.0702,-0.0989
20755,980,639,34.398,34.58,-0.0442,0.0297,9.7856,-0.0366,0.1461,-0.1939
20760,1002,638,34.45,34.467,-0.0629,-0.021,9.8132,-0.8966,0.8874,-0.4252
20765,1001,635,34.366,34.457,0.068,-0.0536,9.8013,-0.7448,0.4172,0.4466
20770,1017,640,34.439,34.492,-0.0141,-0.0874,9.7728,-0.0837,0.3132,-0.8748
20775,1026,639,34.445,34.517,0.0631,-0.0632,9.8183,0.4741,0.0638,0.0454
20780,1042,644,34.352,34.474,-0.0898,-0.0392,9.7302,-0.4409,-0.634,0.1
20785,1059,651,34.369,34.413,0.0317,-0.0644,9.9046,0.0058,0.0263,-0.4114
20790,1060,653,34.449,34.431,0.0149,-0.0384,9.8003,1.1287,-0.4122,-0.445
20795,1065,651,34.418,34.496,-0.0085,0.1212,9.794,-0.1365,1.1913,-0.2999
20800,1084,652,34.386,34.437,-0.0026,0.0506,9.7589,-0.1877,0.4836,0.3758
20805,1083,659,34.412,34.528,0.0641,0.0536,9.7684,0.2327,-0.5628,0.9026
20810,1104,664,34.444,34.481,-0.0397,-0.0781,9.7765,-0.5502,-1.0274,0.4418
20815,1112,673,34.35,34.433,0.0401,0.0416,9.8141,0.5125,-0.4595,-0.5581
20820,1109,675,34.426,34.482,-0.0147,-0.0249,9.793,0.4142,0.3288,-0.9589
20825,1128,689,34.373,34.313,0.0335,0.026,9.7681,0.7773,-0.3346,-0.643
20830,1128,692,34.488,34.485,0.0385,0.0273,9.8423,-0.5492,-0.0249,0.7506
20835,1144,702,34.479,34.527,-0.0059,0.0285,9.7656,0.1371,0.2763,-0.629
20840,1150,696,34.399,34.449,-0.0035,0.0642,9.8253,-0.6136,0.022,-1.6122
20845,1155,707,34.404,34.456,-0.0012,0.064,9.7851,-0.0691,-0.263,0.3987
20850,1152,714,34.456,34.475,-0.1158,0.0219,9.8144,0.6253,-0.5813,-0.0511
20855,1164,728,34.404,34.517,0.026,-0.0469,9.8667,0.1499,-0.7604,0.5298
20860,1167,733,34.451,34.476,-0.0187,-0.0239,9.7995,-0.4514,0.136,0.1727
20865,1180,743,34.521,34.513,-0.0289,0.0205,9.8484,-0.4946,0.5402,0.3847
20870,1179,749,34.436,34.402,-0.039,0.0161,9.6903,0.1054,0.3129,0.4251
20875,1172,758,34.454,34.529,-0.0301,-0.0211,9.8088,0.4474,-0.5245,-0.4869
20880,1186,759,34.339,34.383,0.0112,-0.0435,9.8207,-0.0149,-0.5587,-0.0935
20885,1198,768,34.351,34.445,-0.0861,0.049,9.8398,0.0171,-0.3276,1.0861
20890,1180,787,34.431,34.36,-0.0604,0.0247,9.81,-0.3052,0.2518,0.9362
20895,1185,782,34.404,34.411,-0.0459,0.0392,9.8494,0.5373,0.5997,-0.0675
20900,1185,795,34.377,34.422,0.029,-0.0364,9.8488,0.5168,-0.5044,-0.139
20905,1185,801,34.378,34.443,-0.0604,-0.0534,9.8308,0.0375,-0.3599,0.8113
20910,1184,811,34.387,34.511,-0.0453,-0.1059,9.8494,0.9847,-0.2173,-0.4018
20915,1196,812,34.467,34.364,-0.041,0.0633,9.7959,-0.2851,-0.1041,0.1145
20920,1190,825,34.321,34.455,0.0368,-0.0014,9.8675,-0.1332,0.2903,0.602
20925,1186,834,34.392,34.453,0.0435,0.0577,9.7727,-0.056,-0.265,-0.2442
20930,1179,844,34.452,34.347,-0.0773,-0.0071,9.8137,0.2709,-0.3113,-0.0765
20935,1186,845,34.396,34.54,0.0165,0.0629,9.8339,-0.1279,0.1778,1.0206
20940,1174,850,34.343,34.408,-0.0353,0.0007,9.8469,-0.4508,0.406,-0.2882
20945,1180,864,34.364,34.383,-0.0595,0.0122,9.8291,-0.2968,0.1167,0.5643
20950,1178,866,34.497,34.494,-0.0097,-0.0148,9.8735,0.7147,0.79,-0.1232
20955,1171,868,34.378,34.515,-0.0081,0.09,9.8592,-0.356,-0.6182,-0.3289
20960,1171,881,34.365,34.51,0.0508,-0.0343,9.8548,-0.567,-0.2196,0.4552
20965,1166,883,34.397,34.522,0.0888,0.0499,9.9105,0.1271,-0.4464,0.7837
20970,1163,887,34.324,34.45,-0.028,-0.0018,9.8214,0.2875,1.0598,-0.4897
20975,1156,898,34.395,34.359,-0.044,-0.0389,9.7927,0.1632,0.8759,0.4194
20980,1151,895,34.464,34.506,-0.0482,-0.0338,9.8499,1.5042,-0.209,0.1599
20985,1152,898,34.326,34.522,0.0083,-0.0299,9.8149,0.1288,0.7559,0.4315
20990,1155,905,34.384,34.399,0.0377,0.0268,9.7646,-0.2919,0.1227,0.7339
20995,1150,906,34.333,34.527,0.0223,0.0334,9.8122,-0.2865,0.0318,-0.2624
21000,1137,907,34.358,34.483,-0.0258,-0.035,9.805,-0.3298,-0.2193,-0.426
21005,1144,909,34.418,34.399,-0.0488,-0.0582,9.7933,0.7951,0.9039,-0.4447
21010,1132,919,34.342,34.392,0.0758,-0.0656,9.8567,0.4054,0.4345,0.5901
21015,1146,917,34.363,34.401,0.0023,0.0322,9.8636,0.7727,0.3511,0.3981
21020,1130,922,34.444,34.417,0.0248,0.0799,9.8073,0.605,-0.2346,-0.0025
21025,1130,922,34.389,34.445,-0.0144,-0.0374,9.8323,0.3609,-0.1865,-0.827
21030,1123,918,34.467,34.471,-0.0387,-0.0244,9.7663,-0.6322,0.2011,0.3821
21035,1129,917,34.429,34.508,-0.1634,0.036,9.8034,-0.4123,0.454,0.4372
21040,1120,921,34.487,34.465,0.0528,0.0111,9.7213,-0.471,0.0902,0.0023
21045,1118,923,34.466,34.423,0.0064,-0.0735,9.7028,0.1138,-0.2756,-0.5667
21050,1110,928,34.315,34.402,0.0486,0.0113,9.8906,1.1243,-0.3846,-0.4711
21055,1102,924,34.333,34.584,-0.0139,-0.0146,9.7714,-0.1875,0.0129,-0.2337
21060,1115,919,34.422,34.423,0.0128,0.0608,9.8279,0.2895,-0.2597,0.0685
21065,1099,923,34.379,34.427,0.0493,0.1291,9.8877,-0.092,-0.6708,-0.6343
21070,1106,923,34.347,34.373,0.0136,-0.0693,9.8895,0.0168,0.7518,0.2967
21075,1107,918,34.403,34.431,-0.0835,0.0387,9.8085,0.5262,0.205,0.4405
21080,1103,917,34.411,34.425,0.0508,0.053,9.8034,0.4411,-0.0577,0.7535
21085,1095,916,34.329,34.389,-0.0096,-0.1227,9.7793,0.8317,-0.2545,-0.1227
21090,1091,915,34.438,34.469,0.0178,0.0339,9.7715,-0.0196,-1.5595,0.8033
21095,1089,913,34.318,34.522,-0.0585,0.0972,9.8303,0.1321,-0.0445,-0.4796
21100,1091,910,34.489,34.439,-0.151,-0.0228,9.7664,-0.3467,-0.6993,-0.339
21105,1085,907,34.332,34.493,-0.0166,-0.1015,9.7543,-0.802,0.0889,0.9573
21110,1080,908,34.389,34.439,-0.0209,0.0671,9.8354,-0.1951,-0.2589,0.524
21115,1085,905,34.318,34.504,-0.0273,0.0249,9.8485,-0.1693,0.3904,-0.2392
21120,1086,909,34.541,34.469,-0.0579,0.0789,9.7977,-0.2271,-0.0753,0.634
21125,1088,899,34.439,34.532,0.029,-0.0289,9.8219,0.3262,-0.3234,-0.7725
21130,1088,897,34.451,34.427,0.0454,-0.0111,9.8395,-0.7831,-0.5691,0.3251
21135,1067,894,34.323,34.492,-0.0127,-0.0456,9.8221,-0.2782,-0.1258,-0.9714
21140,1076,894,34.37,34.457,-0.0736,0.0443,9.7749,0.2854,0.0233,-0.2608
21145,1075,887,34.438,34.503,0.1247,0.0489,9.7834,1.0113,0.3781,0.1487
21150,1074,893,34.339,34.412,-0.1005,-0.0979,9.7355,-0.0108,0.9453,-0.0956
21155,1065,880,34.393,34.374,0.0469,-0.0588,9.8213,-0.3694,0.1312,0.3139
21160,1055,888,34.489,34.44,-0.0371,0.0493,9.8179,-0.1378,-0.1047,0.2125
21165,1058,886,34.361,34.433,0.0687,-0.0212,9.7464,0.0117,0.2131,0.4995
21170,1053,884,34.408,34.431,0.0873,-0.0821,9.8591,0.422,0.3497,0.2671
21175,1041,881,34.486,34.507,0.0241,-0.0569,9.7723,-0.4403,0.2995,0.0354
21180,1043,873,34.347,34.492,-0.0323,0.0325,9.8597,-0.8447,-0.3106,-0.1122
21185,1044,872,34.389,34.342,-0.1054,-0.0576,9.8524,0.1395,0.4768,0.399
21190,1038,873,34.358,34.452,-0.0249,0.0365,9.8174,-0.3162,0.714,0.0845
21195,1039,874,34.396,34.481,-0.0102,-0.0455,9.8111,-0.0125,0.2258,0.1296
21200,1026,869,34.363,34.493,-0.0026,-0.0029,9.7561,-0.1452,0.0447,1.0089
21205,1014,869,34.416,34.453,-0.021,-0.0402,9.8028,-0.6711,-0.5163,-0.099
21210,1022,869,34.411,34.554,-0.0105,-0.02,9.8131,0.0703,-0.2824,0.2509
21215,1005,863,34.414,34.436,0.0518,-0.1024,9.8018,0.4374,-0.2632,-0.2872
21220,1003,866,34.475,34.382,0.0514,-0.001,9.7033,0.3663,-0.0915,-0.8205
21225,989,861,34.406,34.521,-0.0065,-0.0116,9.8022,0.0993,0.171,-0.2088
21230,985,866,34.417,34.475,-0.0326,-0.0157,9.8214,-0.0028,-0.262,-0.2191
21235,975,860,34.439,34.51,-0.0475,0.0165,9.8027,-0.118,-0.1269,0.2371
21240,964,859,34.419,34.344,0.0217,0.048,9.7551,0.4977,-0.221,-0.2235
21245,962,862,34.372,34.586,-0.0038,-0.0262,9.7735,0.5435,-0.1144,-0.217
21250,959,861,34.396,34.428,0.0806,-0.0124,9.856,1.0008,-0.897,-0.1359
21255,949,851,34.345,34.42,-0.0011,-0.0806,9.8481,0.0943,0.9125,-0.5811
21260,932,851,34.393,34.508,0.0497,0.0366,9.7065,-0.232,-0.7771,-0.2321
21265,935,848,34.473,34.446,0.0414,0.0406,9.7588,0.264,0.002,0.5979
21270,921,845,34.392,34.403,-0.0181,-0.0558,9.7349,-0.4517,-0.2857,-0.0787
21275,917,855,34.347,34.462,-0.0225,0.001,9.7819,-0.9022,0.6233,0.3606
21280,915,850,34.42,34.52,-0.0044,0.0304,9.789,-0.6694,0.2616,-0.2217
21285,891,846,34.386,34.4,-0.0133,0.137,9.7792,0.2681,-0.4303,0.0013
21290,880,841,34.462,34.519,0.0413,0.0487,9.8219,-0.0775,0.3048,-0.0706
21295,874,837,34.437,34.45,-0.0666,0.0033,9.853,0.1821,-0.2307,-0.3763
21300,862,839,34.425,34.407,-0.107,0.0678,9.7899,0.0146,-0.1677,0.0128
21305,863,838,34.448,34.36,-0.0124,-0.0224,9.7612,-0.0849,0.0482,-0.0394
21310,846,836,34.45,34.51,0.0486,0.034,9.8099,0.6439,1.6525,-0.5595
21315,841,833,34.41,34.463,-0.0366,0.0644,9.7854,-0.525,-0.2041,0.0776
21320,837,828,34.431,34.429,0.0032,-0.0106,9.8387,-0.7849,-0.4244,-0.3839
21325,832,827,34.459,34.465,-0.0502,0.0448,9.857,-0.4324,0.3624,0.6424
21330,812,827,34.418,34.484,-0.0205,0.0141,9.8198,0.2126,0.5499,0.0608
21335,805,822,34.428,34.476,0.003,0.0025,9.9071,0.3988,-0.474,0.3262
21340,793,815,34.372,34.481,-0.0603,0.0122,9.8205,0.2849,-0.0118,-0.6622
21345,794,817,34.459,34.533,-0.0056,0.0235,9.777,-0.0186,0.1654,-0.1759
21350,789,805,34.425,34.359,-0.1076,-0.0298,9.7178,-0.9446,0.6194,0.0549
21355,779,806,34.463,34.444,0.0712,0.034,9.8215,-0.8385,1.0135,-0.4907
21360,773,801,34.452,34.453,-0.0396,-0.0022,9.823,0.0502,1.0298,-0.0719
21365,769,796,34.471,34.417,0.012,-0.0265,9.8442,0.1962,0.5223,0.1836
21370,764,790,34.352,34.427,-0.0309,-0.0155,9.8439,-0.5038,0.0279,-0.3078
21375,760,785,34.455,34.391,0.0377,-0.032,9.79,0.1842,0.0651,0.7004
21380,751,781,34.471,34.463,0.0576,-0.0196,9.7711,0.4304,0.6217,0.4876
21385,754,778,34.365,34.378,0.0454,0.0498,9.7835,0.1541,0.1715,-0.1847
21390,753,766,34.435,34.458,-0.0233,-0.0055,9.712,0.2382,0.443,-1.553
21395,758,764,34.425,34.46,0.0343,0.0364,9.8176,0.329,-0.328,0.1592
21400,752,765,34.392,34.454,-0.0416,-0.0412,9.7878,0.295,-0.6579,-0.1773
21405,756,755,34.364,34.401,-0.0172,-0.0757,9.7968,-0.2789,-0.1186,0.6298
21410,740,751,34.387,34.49,0.0464,0.0479,9.9455,0.4356,-0.149,0.4035
21415,749,738,34.459,34.424,-0.0206,-0.049,9.7948,-0.8211,0.799,0.405
21420,751,737,34.379,34.472,0.001,-0.0905,9.7447,-0.0176,-0.438,0.1206
21425,752,728,34.385,34.441,-0.0543,-0.0365,9.8959,-0.0267,1.1462,0.9192
21430,747,726,34.484,34.403,0.0346,-0.026,9.8371,0.4492,-0.5248,0.6176
21435,760,712,34.439,34.462,-0.0681,0.0783,9.7753,0.2052,0.1192,0.0969
21440,752,711,34.393,34.463,-0.0753,0.0978,9.866,0.6573,-0.3005,0.8028
21445,769,703,34.368,34.488,0.0414,-0.0128,9.8284,-0.6223,-0.4889,-1.275
21450,763,703,34.406,34.446,-0.0488,0.0401,9.8779,0.1967,-0.3081,0.0618
21455,775,697,34.427,34.481,0.0317,-0.0582,9.8491,-0.5805,-0.1097,-0.3116
21460,787,687,34.353,34.488,-0.0525,-0.0161,9.8049,-0.0379,0.6264,0.166
21465,791,688,34.443,34.393,-0.0558,0.0257,9.8328,0.3165,0.8174,-0.3828
21470,795,675,34.441,34.523,-0.0431,0.0374,9.8033,-0.0681,0.9272,-0.4237
21475,806,673,34.391,34.545,0.0014,0.0102,9.7557,0.1997,-0.0183,-0.261
21480,827,669,34.418,34.545,0.0339,-0.0018,9.8461,-0.9237,-1.3096,-0.461
21485,819,668,34.322,34.527,0.0797,0.0812,9.7216,0.3296,0.9509,0.1119
21490,836,658,34.51,34.434,0.0087,0.0505,9.799,0.1218,0.1334,-0.4558
21495,845,656,34.397,34.475,-0.0529,0.0184,9.8936,-0.0364,-0.1095,-0.2735
21500,850,657,34.412,34.408,-0.1155,0.0538,9.7983,1.0269,-1.0184,-0.698
21505,870,649,34.36,34.466,0.1351,-0.0182,9.7833,-0.261,0.1476,-0.3582
21510,874,646,34.37,34.475,-0.0063,0.007,9.8189,-0.3572,-0.1226,0.4113
21515,876,644,34.334,34.443,0.026,-0.0058,9.8223,-0.6882,0.399,-0.0784
21520,906,640,34.389,34.529,-0.0676,0.0167,9.7555,-0.7426,0.3701,0.7217
21525,914,638,34.511,34.423,0.0073,0.063,9.9032,-0.2557,-0.4494,-0.0314
21530,913,642,34.363,34.433,-0.0226,-0.069,9.778,0.2759,-0.0119,0.7237
21535,933,636,34.342,34.439,-0.0154,0.0477,9.8769,-0.6764,0.5216,0.1189
21540,940,638,34.364,34.503,0.1061,-0.0344,9.7937,-0.8057,0.0742,0.2743
21545,946,633,34.379,34.524,-0.0276,0.0331,9.8626,-0.1634,0.0489,0.4868
21550,975,636,34.405,34.434,-0.0157,-0.0294,9.7938,-0.1307,0.2772,-0.1626
21555,981,636,34.438,34.5,-0.0665,0.0469,9.8096,-0.3545,-0.1935,0.6387
21560,999,637,34.454,34.391,-0.0237,0.0271,9.7943,-0.2474,-0.1501,-0.788
21565,1006,634,34.383,34.486,-0.0438,-0.0311,9.8645,0.3801,0.41,0.2874
21570,1018,639,34.384,34.451,0.013,-0.0324,9.8105,-0.1464,1.058,-0.2306
21575,1023,640,34.36,34.407,0.0457,0.0846,9.7401,-0.2688,0.611,0.1919
21580,1031,645,34.357,34.405,0.001,-0.0454,9.828,-1.0689,0.1489,0.5979
21585,1060,650,34.415,34.423,-0.0496,0.0656,9.8067,-0.1679,-0.1153,0.808
21590,1063,652,34.494,34.553,0.0234,-0.0475,9.8575,0.7724,0.4623,1.2324
21595,1074,660,34.517,34.497,-0.0475,0.0481,9.7993,-0.3386,0.6446,-0.5211
21600,1068,659,34.321,34.401,0.0821,0.0327,9.7764,-0.3435,-1.0312,0.0886
21605,1092,660,34.468,34.533,-0.0005,0.0782,9.755,0.4196,0.0403,-0.3568
21610,1094,670,34.407,34.503,-0.0284,-0.1049,9.7467,0.5722,-0.4472,0.2597
21615,1109,675,34.429,34.404,0.098,0.0201,9.8053,0.3653,-0.7551,0.2548
21620,1120,680,34.41,34.403,-0.0855,0.0012,9.7933,-0.3641,0.7313,-0.7703
21625,1129,680,34.424,34.451,0.1262,0.0945,9.7541,-0.1292,0.6998,-0.0743
21630,1131,690,34.383,34.509,0.0035,0.0011,9.9073,1.1469,-0.4172,-0.4589
21635,1138,696,34.388,34.436,0.0507,0.1106,9.8331,-0.3899,-0.0366,-0.2354
21640,1158,702,34.374,34.397,0.0627,-0.0933,9.7302,-0.1065,0.1028,1.0793
21645,1155,708,34.395,34.435,0.0445,-0.0057,9.767,-1.0755,0.2659,0.4116
21650,1161,720,34.419,34.491,0.0072,-0.0225,9.8089,1.0086,-0.3955,-0.4735
21655,1166,726,34.332,34.419,0.0108,0.0763,9.7261,-0.1127,0.1182,-0.452
21660,1166,734,34.35,34.427,-0.0164,-0.0218,9.8707,0.1883,0.1901,-0.4525
21665,1179,739,34.433,34.387,-0.0631,-0.0502,9.7357,-0.0842,-0.3195,0.0529
21670,1184,754,34.434,34.444,-0.0209,0.0435,9.7859,0.7025,-0.3684,0.1733
21675,1179,755,34.408,34.46,0.0359,0.0617,9.777,-0.2221,-0.1199,-0.1077
21680,1182,764,34.353,34.472,-0.1107,-0.1241,9.8028,0.2153,-0.155,-0.2436
21685,1188,773,34.369,34.461,-0.0248,0.0441,9.8063,-0.4584,0.0419,-0.4537
21690,1187,774,34.471,34.441,-0.0299,0.0248,9.7498,0.3828,-0.3761,-0.4595
21695,1176,791,34.373,34.414,-0.0329,0.1094,9.8916,-1.0831,0.3017,-0.6058
21700,1192,795,34.458,34.477,0.0159,-0.003,9.8692,0.0579,0.7845,0.8324
21705,1193,803,34.453,34.506,0.0686,0.01,9.8067,-0.2426,0.544,-0.8351
21710,1179,815,34.354,34.499,0.0083,0.0999,9.795,-0.297,-0.6985,-0.4741
21715,1185,822,34.441,34.44,-0.0167,-0.0081,9.7771,0.617,-0.3318,0.1513
21720,1192,821,34.455,34.469,0.0124,-0.0274,9.8861,-0.2823,-0.1039,0.0893
21725,1182,835,34.431,34.403,-0.0005,-0.0661,9.856,0.5268,0.3527,0.7873
21730,1186,842,34.349,34.377,0.0556,0.1161,9.8968,0.4051,-0.8495,-0.8035
21735,1180,848,34.389,34.501,-0.0143,0.0307,9.8429,-0.4814,0.8217,-0.7921
21740,1177,852,34.385,34.405,0.056,0.0003,9.8087,-1.1959,-0.5857,-0.0256
21745,1180,855,34.436,34.438,0.0175,0.0717,9.8193,0.5425,-0.588,0.2133
21750,1174,869,34.306,34.44,-0.008,-0.0339,9.8482,0.1354,-0.4162,-0.2163
21755,1171,876,34.453,34.413,0.0289,-0.0075,9.7767,0.1696,-0.4939,-0.325
21760,1162,876,34.405,34.433,-0.0811,-0.1363,9.8113,0.1509,1.1937,-0.1448
21765,1172,880,34.428,34.467,-0.0217,-0.0389,9.7616,0.5671,-0.8372,0.9778
21770,1160,885,34.346,34.513,0.0362,0.0907,9.8466,0.0336,0.2186,-0.6336
21775,1152,895,34.449,34.448,0.0119,0.0147,9.7895,0.1187,-0.0558,-0.6554
21780,1157,896,34.381,34.433,0.0636,-0.0416,9.8035,-0.7721,-0.3651,-0.1365
21785,1144,902,34.424,34.412,-0.0103,0.0584,9.905,0.1902,-0.5401,-0.5602
21790,1156,902,34.399,34.454,0.1301,0.0142,9.8625,-0.1342,-0.649,-0.5838
21795,1145,908,34.474,34.447,-0.0145,0.0265,9.8386,0.1506,-0.3237,0.1327
21800,1148,909,34.432,34.482,-0.0472,-0.0368,9.7807,0.3234,0.5153,0.1682
21805,1146,908,34.354,34.476,0.0738,-0.0281,9.8246,-0.112,0.2764,-0.8794
21810,1127,915,34.489,34.458,-0.0075,-0.0634,9.8151,0.3793,-0.4179,0.2605
21815,1130,917,34.43,34.435,-0.0694,0.0876,9.7715,-0.685,-0.9247,0.227
21820,1133,919,34.392,34.414,-0.0052,0.0358,9.767,0.862,-0.0722,0.5652
21825,1123,918,34.466,34.46,0.0809,-0.0343,9.8435,0.5435,0.2391,-1.2194
21830,1128,916,34.434,34.424,0.0269,0.0645,9.7898,-0.12,0.0026,-0.7142
21835,1128,923,34.425,34.48,0.0322,-0.0289,9.8232,0.8902,0.4661,0.1526
21840,1120,926,34.384,34.438,-0.059,-0.0204,9.7571,0.1476,-0.4823,-0.5275
21845,1117,923,34.407,34.47,-0.0021,0.0363,9.726,0.3397,0.1967,-0.0426
21850,1107,922,34.426,34.497,0.0167,0.001,9.7912,-0.0786,0.5314,-0.627
21855,1116,923,34.448,34.413,-0.0029,0.0047,9.7983,0.1117,0.5402,0.1664
21860,1110,921,34.389,34.401,0.0134,-0.0518,9.79,0.6561,-0.09,0.8673
21865,1109,923,34.405,34.494,-0.0137,-0.0348,9.7616,-0.6674,0.1877,-0.1411
21870,1094,917,34.343,34.539,-0.1063,-0.0048,9.8369,-0.4119,0.2252,0.364
21875,1104,914,34.437,34.365,0.0667,0.0051,9.7592,0.5734,1.2977,-1.2201
21880,1103,916,34.386,34.519,0.1216,-0.0176,9.8035,0.0493,-0.3992,0.3505
21885,1093,915,34.436,34.463,-0.0276,-0.0142,9.7717,0.5366,0.4288,0.2423
21890,1091,911,34.437,34.393,0.0524,-0.0157,9.7911,-0.1983,0.3003,0.7631
21895,1085,913,34.438,34.435,0.0333,0.0493,9.8212,-0.2452,0.1327,-0.0082
21900,1092,913,34.426,34.528,-0.063,0.1262,9.8777,0.7627,0.5568,0.1047
21905,1093,910,34.347,34.446,0.0816,-0.0688,9.7345,0.804,0.2782,0.2241
21910,1087,908,34.374,34.497,0.0286,0.0482,9.7092,-1.3772,-0.3014,0.1672
21915,1080,904,34.357,34.401,0.0778,0.0662,9.7591,-0.574,0.0524,0.1061
21920,1075,902,34.425,34.46,-0.0315,0.0559,9.7976,-0.3695,-0.5535,-0.6983
21925,1074,898,34.485,34.564,0.0036,-0.0518,9.7604,-0.2423,0.6414,-0.1602
21930,1072,900,34.403,34.366,0.0094,-0.0589,9.7724,-0.8856,0.4738,-0.6795
21935,1076,894,34.354,34.496,0.0572,0.0065,9.7659,-0.3637,0.4698,0.3323
21940,1068,896,34.379,34.463,0.0009,0.03,9.7926,-0.0973,0.4912,-0.2128
21945,1065,894,34.37,34.475,-0.0005,-0.0383,9.8277,0.0459,0.1463,-0.4755
21950,1062,888,34.448,34.473,-0.0543,-0.0379,9.7897,-0.3362,-0.3117,0.1917
21955,1067,890,34.424,34.543,0.0362,0.0492,9.8086,0.5248,-0.8589,-0.4829
21960,1061,883,34.406,34.373,0.0067,-0.0478,9.8314,-0.6114,-0.4569,0.7287
21965,1055,880,34.471,34.389,0.0183,-0.0299,9.8405,-0.5855,-0.7011,0.6697
21970,1059,876,34.426,34.461,-0.0145,0.0074,9.8007,-0.5381,0.3897,-0.8849
21975,1042,882,34.399,34.458,0.0169,-0.0,9.9091,-0.3089,-0.0388,0.2571
21980,1044,876,34.396,34.388,0.0199,0.0093,9.8278,0.4949,-0.0965,-0.4225
21985,1041,874,34.403,34.419,-0.0074,-0.0268,9.8061,0.2803,0.6026,-0.547
21990,1028,874,34.327,34.531,0.0051,0.0659,9.8683,-0.0386,0.1978,-1.1685
21995,1028,870,34.465,34.491,0.0686,0.0005,9.7535,-0.1186,0.6324,0.1886
22000,1021,864,34.427,34.41,0.0218,0.0108,9.8121,0.6067,0.3369,0.1595
22005,1011,872,34.42,34.479,-0.0618,-0.0742,9.8257,0.3026,0.4039,0.8932
22010,1011,867,34.47,34.465,-0.1385,0.0203,9.7568,-0.5418,0.2248,0.1659
22015,1011,863,34.449,34.457,-0.035,-0.0317,9.8986,0.1921,-0.3659,-0.2812
22020,992,859,34.449,34.53,-0.0483,0.008,9.7233,-0.1563,0.5723,-0.2003
22025,995,867,34.453,34.467,0.0466,0.1441,9.8216,0.1242,-0.2875,0.5888
22030,987,860,34.416,34.509,0.0418,0.0908,9.7869,0.0359,-0.4744,-0.4426
22035,977,863,34.398,34.481,0.0008,-0.05,9.8129,-1.0093,0.482,0.1906
22040,963,857,34.309,34.439,0.0439,-0.0395,9.8445,-0.4408,-0.6585,-0.3772
22045,968,853,34.368,34.444,0.0117,-0.0563,9.8114,0.2495,-0.1882,0.721
22050,945,848,34.378,34.551,-0.0522,-0.0198,9.7404,-0.0253,0.3615,0.5244
22055,941,852,34.428,34.411,0.0355,-0.028,9.856,-0.5471,0.6337,0.2312
22060,934,857,34.398,34.491,0.0248,0.041,9.7882,0.6955,0.0059,-0.1445
22065,923,853,34.336,34.524,-0.0985,0.0176,9.7538,0.0258,-0.1781,-0.7019
22070,912,847,34.302,34.527,0.0604,-0.0127,9.8356,0.6361,-0.1599,0.4289
22075,905,850,34.299,34.455,0.0138,-0.0056,9.8028,-0.0966,-0.0172,-0.035
22080,901,847,34.394,34.507,-0.0273,-0.0189,9.7902,-0.2236,-0.1784,-0.2475
22085,901,851,34.399,34.487,-0.0275,-0.0168,9.8335,-0.2204,-0.1681,-0.4633
22090,877,844,34.434,34.583,0.0113,0.0849,9.8046,-0.1786,-1.1905,-0.0348
22095,873,846,34.271,34.501,0.0337,-0.0144,9.7826,0.2028,-0.0585,-0.0782
22100,864,843,34.353,34.494,0.0107,0.0481,9.8343,-0.8908,0.4006,0.7053
22105,850,835,34.422,34.501,0.0194,0.041,9.7451,-0.2166,0.447,-0.5083
22110,841,836,34.416,34.524,-0.0446,-0.0109,9.8261,0.6609,-1.0538,-0.2063
22115,846,836,34.4,34.53,-0.0889,0.0666,9.9172,-1.0106,-0.5776,0.1328
22120,840,829,34.46,34.503,0.0902,0.0333,9.7693,0.4588,-0.0569,-0.3487
22125,823,827,34.438,34.368,0.0174,0.0537,9.7492,-0.1796,0.0835,-0.1555
22130,815,823,34.406,34.459,0.0249,-0.0099,9.8477,-0.4743,-0.8883,-0.0078
22135,810,821,34.429,34.359,-0.001,-0.0224,9.7572,-0.4094,-0.3471,0.2543
22140,802,817,34.346,34.467,-0.0578,-0.042,9.7673,0.1812,-0.5321,0.897
22145,796,810,34.414,34.364,-0.0177,0.0341,9.8728,-0.4876,0.1968,0.0797
22150,793,802,34.389,34.501,0.0991,-0.0004,9.86,-0.4676,-0.6231,0.0312
22155,776,795,34.441,34.494,-0.0776,0.0266,9.8141,-0.0978,-0.2118,0.0324
22160,777,797,34.373,34.449,0.0337,0.0023,9.7705,0.7185,0.2462,-0.4782
22165,775,797,34.388,34.444,-0.0058,0.0295,9.7787,-0.9567,-0.3228,-0.0253
22170,765,796,34.416,34.368,0.0238,0.0911,9.8625,0.5923,0.5379,-0.1726
22175,752,785,34.498,34.532,0.0014,0.0614,9.8011,-0.0753,-0.3368,-0.2962
22180,750,776,34.45,34.562,0.0375,0.1062,9.8448,0.1477,-0.0427,-0.7007
22185,755,770,34.392,34.529,0.0562,-0.0625,9.8025,0.0108,0.146,0.4966
22190,758,772,34.381,34.501,-0.0154,-0.0668,9.7813,-0.4568,-0.4787,0.4813
22195,757,766,34.361,34.422,0.0765,0.0062,9.7845,0.3649,0.3895,0.4534
22200,754,759,34.429,34.415,-0.0279,-0.1027,9.8169,0.3861,-0.27,-0.0722
22205,750,755,34.447,34.441,-0.0189,0.0227,9.7394,0.8087,-0.0998,0.3027
22210,747,746,34.393,34.52,-0.0328,0.0212,9.7779,0.1108,0.5677,0.4159
22215,742,745,34.373,34.439,-0.0542,-0.0242,9.8492,-0.2064,-0.4412,-0.0305
22220,752,735,34.334,34.427,0.0011,-0.1561,9.8231,0.0771,-0.5626,-0.0916
22225,753,728,34.391,34.473,-0.1074,-0.0511,9.7597,-0.1433,-0.4891,-0.0972
22230,755,723,34.364,34.444,0.0079,-0.0479,9.8174,-0.2271,-0.6165,0.2621
22235,761,714,34.35,34.43,-0.0753,-0.0804,9.8346,-0.0563,-0.1859,-0.652
22240,760,716,34.339,34.398,-0.0236,-0.0032,9.7938,-0.3665,-0.5541,0.0901
22245,766,707,34.436,34.379,-0.0313,-0.0923,9.858,0.0993,0.3297,-0.5044
22250,773,698,34.322,34.44,0.0716,0.0091,9.7714,-0.4756,-0.8616,-0.9535
22255,771,695,34.431,34.529,0.0551,0.0046,9.7947,0.2089,0.3094,0.4589
22260,783,690,34.383,34.475,-0.0249,0.0204,9.7831,0.0978,0.1172,-0.2838
22265,788,685,34.46,34.403,-0.0465,0.0471,9.7019,-0.0491,0.3568,0.469
22270,799,674,34.498,34.455,0.0091,-0.0131,9.7674,-0.4742,0.6472,-0.4378
22275,804,670,34.399,34.5,-0.0127,-0.0435,9.7881,0.2818,-0.3052,0.916
22280,826,666,34.44,34.435,0.0544,-0.0802,9.8805,-0.6303,-0.153,0.0752
22285,826,668,34.409,34.51,0.0083,-0.0552,9.7934,0.3889,-0.3944,0.401
22290,826,658,34.418,34.393,-0.0156,0.0765,9.8409,0.0719,-0.2854,-0.6203
22295,845,660,34.427,34.533,0.0575,0.009,9.8428,0.1236,0.1236,0.1268
22300,854,655,34.431,34.381,0.0372,-0.0141,9.741,0.3054,0.2219,-0.8642
22305,864,650,34.45,34.527,0.0087,0.173,9.7519,0.9288,0.9857,0.2788
22310,877,651,34.376,34.448,-0.0093,-0.0107,9.9154,0.6086,-0.478,0.5494
22315,885,644,34.443,34.366,0.0301,-0.0134,9.7117,0.4296,-0.1549,0.5489
22320,897,638,34.383,34.363,-0.027,-0.0552,9.7753,-0.194,0.4261,-0.7151
22325,925,635,34.43,34.424,0.0428,0.0165,9.7654,0.2305,0.4782,-0.2919
22330,918,639,34.433,34.448,0.0905,-0.0204,9.8526,-0.4918,0.0158,-1.1297
22335,935,632,34.541,34.406,-0.0442,0.0206,9.8072,0.6163,0.1012,0.9893
22340,935,637,34.35,34.463,-0.052,-0.0247,9.8319,0.5154,0.8049,-1.23
22345,956,636,34.297,34.427,0.0049,0.0423,9.7938,-0.0177,0.4045,1.3154
22350,978,641,34.457,34.37,-0.0242,0.0205,9.8261,0.3637,-0.1443,-0.7434
22355,987,638,34.483,34.406,0.0233,-0.001,9.852,0.0619,-0.2855,-0.5128
22360,1001,637,34.434,34.471,0.0258,0.0347,9.7734,-0.216,-0.6994,-0.4203
22365,1006,639,34.477,34.404,0.0093,0.0856,9.8074,-0.0495,-1.5629,-0.0523
22370,1020,646,34.412,34.399,-0.0932,0.0136,9.8206,0.4429,-0.3091,0.1298
22375,1035,642,34.324,34.378,0.0232,0.0427,9.8346,-0.7995,0.0085,0.2937
22380,1045,641,34.338,34.402,-0.0359,-0.0229,9.8242,-0.0991,0.4566,0.3991
22385,1051,646,34.432,34.436,-0.0219,0.0202,9.7607,-0.2837,0.1602,1.0145
22390,1070,652,34.351,34.446,-0.017,-0.0072,9.8199,-0.2185,0.078,0.7981
22395,1076,651,34.428,34.353,0.0214,0.06,9.8534,0.3712,-0.4695,-0.0975
22400,1084,662,34.473,34.483,-0.0096,-0.0297,9.8647,0.5257,0.0371,-0.3191
22405,1090,662,34.358,34.447,-0.0005,-0.0529,9.8542,0.0647,-0.8105,0.2347
22410,1110,663,34.339,34.42,0.0324,0.018,9.8565,0.2024,0.1703,1.0248
22415,1107,668,34.318,34.448,0.0376,0.0405,9.7911,-0.0381,0.0681,-0.5479
22420,1112,680,34.468,34.503,-0.0423,0.0174,9.7882,-1.1869,0.4617,-0.4388
22425,1126,691,34.253,34.49,0.0827,0.0718,9.7692,-0.4839,-0.68,0.6025
22430,1133,691,34.387,34.433,-0.0584,-0.0624,9.8772,-0.2405,0.1859,0.1455
22435,1145,696,34.393,34.457,0.001,-0.0479,9.8415,-0.7211,0.2809,0.5532
22440,1146,706,34.416,34.386,0.0057,-0.025,9.878,0.3958,0.5563,0.1435
22445,1156,708,34.396,34.392,-0.0537,0.0062,9.7873,0.8241,0.2477,0.6943
22450,1146,717,34.457,34.367,0.0315,-0.0458,9.8652,-0.5471,0.3264,0.2363
22455,1168,724,34.361,34.429,0.0396,0.0746,9.8418,-0.0696,-0.97,-0.6855
22460,1176,734,34.363,34.516,0.0059,-0.0251,9.8198,-0.1204,-0.5384,-0.639
22465,1178,745,34.389,34.435,0.0731,-0.0484,9.7804,-0.426,-0.2506,0.348
22470,1171,753,34.393,34.464,-0.0322,-0.0605,9.7837,0.7675,0.3039,0.4788
22475,1172,760,34.433,34.376,-0.0289,0.0198,9.8227,0.155,-0.025,-0.0144
22480,1172,762,34.355,34.419,-0.0236,0.0675,9.795,-0.1258,-0.2395,-0.8186
22485,1189,775,34.461,34.4,-0.0234,-0.003,9.8401,-0.3172,-0.5704,0.1849
22490,1178,782,34.362,34.455,-0.0367,-0.06,9.8295,-0.2715,-0.2607,-0.1212
22495,1185,788,34.402,34.431,-0.0566,0.035,9.8207,-0.3341,-0.4196,-0.6224
22500,1194,800,34.333,34.51,-0.0149,-0.0163,9.9444,0.3032,0.0939,0.2744
22505,1187,807,34.51,34.53,-0.0655,-0.0068,9.7679,0.6593,-0.2278,0.1429
22510,1189,814,34.431,34.415,0.0407,-0.0039,9.7461,0.1731,0.5099,0.4733
22515,1189,815,34.353,34.445,-0.036,0.0976,9.8091,-0.1733,-1.1283,-0.7784
22520,1183,826,34.407,34.486,0.0059,0.013,9.8099,0.0292,-0.133,0.069
22525,1192,841,34.4,34.48,0.0542,-0.0024,9.804,-0.0197,0.4688,0.3753
22530,1194,845,34.376,34.477,-0.0741,-0.0463,9.7626,-0.1871,0.4487,-0.072
22535,1188,851,34.391,34.44,0.0471,0.0663,9.7872,0.5391,0.1983,-0.5449
22540,1172,859,34.437,34.294,0.0293,-0.0247,9.8338,0.1393,0.2117,-0.8089
22545,1163,863,34.363,34.424,-0.1274,0.0365,9.7905,-0.5661,-0.0553,0.3508
22550,1174,868,34.484,34.5,0.0054,0.0053,9.797,-0.1797,-0.7957,0.1964
22555,1167,875,34.378,34.446,-0.0501,0.051,9.7569,1.2176,0.8326,0.0975
22560,1172,883,34.387,34.483,0.002,-0.0878,9.6796,-0.9711,-0.0996,0.069
22565,1169,881,34.37,34.422,0.0211,-0.1322,9.8547,-0.5109,0.1474,0.3227
22570,1169,887,34.333,34.584,-0.1132,-0.0538,9.7816,-0.335,0.5721,0.2475
22575,1156,896,34.396,34.423,-0.0088,-0.0001,9.7757,0.3417,-0.0053,-0.0217
22580,1145,897,34.37,34.476,0.0746,-0.1267,9.8703,0.5447,-0.1464,-0.6952
22585,1149,903,34.428,34.447,-0.0143,0.0665,9.7538,0.5387,0.668,-0.3396
22590,1150,906,34.314,34.512,0.0575,0.0682,9.8401,-0.4243,-0.4519,0.6833
22595,1146,903,34.425,34.493,-0.0199,-0.0516,9.8092,-0.5625,0.98,0.4401
22600,1147,909,34.422,34.502,0.0317,0.0894,9.7666,-0.4605,0.6997,0.6547
22605,1139,913,34.468,34.406,0.0326,-0.1249,9.7731,-0.1907,-0.7157,-0.2294
22610,1131,919,34.451,34.408,-0.045,-0.0025,9.836,-0.5148,0.4746,-0.1124
22615,1132,921,34.405,34.459,0.0659,0.0051,9.8616,0.0042,0.833,0.9645
22620,1134,922,34.394,34.423,-0.0565,-0.0321,9.8075,-0.601,0.1531,-0.538
22625,1131,923,34.356,34.449,-0.0363,-0.0241,9.7209,-0.1876,0.0637,-0.2449
22630,1117,924,34.428,34.393,0.0757,-0.0583,9.817,-0.4776,-0.9017,-0.8758
22635,1127,918,34.451,34.472,-0.0523,0.0702,9.8156,0.2959,-0.3519,-0.1242
22640,1114,923,34.409,34.383,0.0317,-0.0618,9.8498,-0.1874,0.221,0.4292
22645,1118,926,34.375,34.396,0.0303,0.0062,9.758,0.8016,0.2001,0.0857
22650,1106,915,34.386,34.533,0.0462,-0.0684,9.7973,0.1492,-0.0314,0.4212
22655,1111,926,34.436,34.39,-0.0405,-0.0225,9.6404,-0.2951,0.5098,0.5434
22660,1109,919,34.371,34.467,-0.0154,-0.0648,9.7844,0.6873,0.002,0.4919
22665,1106,927,34.362,34.396,0.0361,-0.0179,9.6834,-0.5361,0.0464,0.139
22670,1108,918,34.374,34.417,-0.0708,-0.0868,9.7724,0.2823,-0.299,0.6463
22675,1094,915,34.389,34.494,0.0166,-0.0267,9.7986,-1.0232,0.186,-0.5822
22680,1086,920,34.42,34.435,-0.0072,-0.0554,9.8261,0.3666,-0.9093,-0.4307
22685,1093,909,34.387,34.485,0.0945,0.0264,9.7554,-0.5515,0.659,0.3435
22690,1090,914,34.426,34.478,-0.0204,0.0168,9.905,0.6694,0.1998,0.0768
22695,1090,913,34.313,34.43,0.0417,0.0231,9.8673,0.0815,0.1123,-0.0161
22700,1088,907,34.405,34.448,0.0011,-0.0446,9.8124,0.2993,-0.0035,-0.5925
22705,1092,912,34.382,34.359,-0.0588,0.0192,9.8473,0.8502,0.4841,-0.3314
22710,1090,904,34.45,34.428,-0.021,0.0367,9.7879,-0.3672,0.9155,0.1067
22715,1081,905,34.362,34.422,0.0404,0.0822,9.751,-0.1406,-0.3367,0.7506
22720,1078,907,34.396,34.454,-0.0603,-0.1057,9.847,-0.0074,-0.2187,-0.2072
22725,1082,903,34.419,34.431,-0.0861,0.0555,9.895,0.9651,-0.0251,0.1411
22730,1076,896,34.386,34.474,0.0327,0.0097,9.7893,-0.2674,-0.0545,0.8289
22735,1072,900,34.339,34.397,-0.0813,0.0068,9.8024,0.0102,-0.0185,0.6037
22740,1078,892,34.345,34.513,0.0561,-0.0665,9.7198,-0.0113,-0.2051,-0.3294
22745,1076,895,34.434,34.373,0.0377,-0.0174,9.7804,0.991,0.8251,0.4685
22750,1067,881,34.462,34.393,0.0258,0.0466,9.8162,-0.5867,0.0628,0.7277
22755,1060,884,34.32,34.427,-0.0049,0.0699,9.8349,0.2578,1.2077,-0.6207
22760,1054,887,34.391,34.389,-0.0142,-0.0236,9.8136,0.2083,-0.5716,-0.1598
22765,1047,884,34.368,34.43,-0.0561,-0.0298,9.8757,0.0823,-0.2252,-0.1739
22770,1052,877,34.341,34.422,0.0036,-0.0446,9.79,0.5112,-0.1687,0.0758
22775,1058,877,34.301,34.444,0.0376,0.0405,9.7938,0.6571,-1.0848,0.0341
22780,1042,876,34.418,34.513,0.0928,-0.0053,9.9102,0.0352,-0.7119,0.4662
22785,1041,877,34.408,34.443,-0.0226,-0.0208,9.7905,-0.338,0.7499,-0.3869
22790,1030,868,34.344,34.489,-0.0904,0.0321,9.8643,-0.03,-0.6732,-0.6729
22795,1032,875,34.362,34.4,0.0694,-0.0441,9.7548,-0.6743,0.215,-0.2215
22800,1025,870,34.424,34.46,-0.054,0.0553,9.7167,0.2409,0.143,0.3225
22805,1025,871,34.38,34.56,-0.0298,-0.0746,9.872,-0.1237,-0.0236,0.151
22810,1010,865,34.406,34.423,0.0024,-0.0841,9.8701,-0.3942,0.0925,-0.2399
22815,1005,867,34.41,34.486,0.0019,-0.0288,9.8152,-0.1839,-0.7715,-0.4998
22820,995,866,34.39,34.474,0.0811,0.0811,9.7694,0.5215,-0.8288,0.0217
22825,991,862,34.493,34.491,0.0286,0.066,9.8143,-0.2407,-0.1263,0.3823
22830,989,859,34.332,34.442,-0.0158,-0.0196,9.7697,1.2621,0.2046,0.9611
22835,971,868,34.447,34.455,0.0034,-0.0421,9.8539,-0.328,0.2769,-0.2133
22840,960,865,34.362,34.441,0.0172,0.0314,9.7831,-0.3169,-0.6803,-0.5235
22845,959,859,34.305,34.415,-0.0375,-0.0081,9.7656,-0.2944,0.2736,0.8504
22850,945,856,34.37,34.407,-0.0026,0.0235,9.827,-0.3083,0.9767,-0.4421
22855,941,850,34.366,34.427,-0.0354,-0.0058,9.8729,0.0258,0.2062,-0.2585
22860,926,854,34.369,34.485,-0.0348,-0.016,9.8254,0.379,-0.0407,-0.7246
22865,921,848,34.419,34.441,-0.0279,0.0317,9.7179,-0.0337,-0.378,-0.1779
22870,923,846,34.372,34.539,0.0153,-0.0613,9.8712,0.2858,0.7765,-0.0444
22875,914,848,34.382,34.398,-0.0073,-0.0196,9.8831,0.3179,0.0032,0.2745
22880,890,851,34.426,34.398,0.0374,-0.0886,9.7561,-0.1555,0.2363,0.3057
22885,895,848,34.384,34.493,0.0289,0.1164,9.826,0.2001,0.2119,-0.0355
22890,892,838,34.466,34.384,0.0075,-0.0165,9.8004,-0.206,0.0213,0.5589
22895,875,845,34.399,34.396,-0.0582,-0.0611,9.8614,0.2189,-0.3304,1.129
22900,863,838,34.421,34.417,-0.0313,-0.0127,9.8113,0.3724,-0.3615,0.4256
22905,855,835,34.394,34.333,0.0416,-0.0223,9.8897,0.0996,-0.6511,-0.3065
22910,847,832,34.3,34.392,0.0728,-0.0559,9.7911,-0.0393,-0.2551,0.1739
22915,837,831,34.423,34.446,0.0645,-0.0568,9.7836,-0.8149,0.1421,0.9573
22920,827,825,34.412,34.393,-0.0551,-0.0009,9.8046,0.2728,-0.5166,-0.2807
22925,820,828,34.355,34.438,0.001,0.1139,9.7515,0.1243,0.9274,-0.5281
22930,814,824,34.4,34.465,-0.0176,0.0544,9.7791,0.3073,-0.488,0.132
22935,815,821,34.419,34.461,-0.0263,0.0387,9.8831,-0.5293,-0.3665,1.2457
22940,791,815,34.387,34.391,0.0176,0.0283,9.8169,0.0957,0.4498,0.54
22945,794,814,34.398,34.471,-0.0109,0.0736,9.8418,0.2033,0.8959,-0.2684
22950,787,805,34.397,34.449,-0.0204,0.0515,9.841,0.0333,0.506,0.3281
22955,789,797,34.315,34.428,0.0161,0.0413,9.8573,0.4843,-0.0692,0.2191
22960,782,792,34.395,34.407,-0.0426,-0.0199,9.8162,-0.0289,0.1413,1.2227
22965,775,789,34.398,34.471,-0.0523,0.0577,9.793,-0.9107,-0.0798,0.7401
22970,750,786,34.445,34.456,0.0491,-0.101,9.8258,-0.0774,0.4802,1.0587
22975,762,782,34.403,34.462,-0.0399,-0.0152,9.8627,-0.4405,-0.5099,-0.4546
22980,757,775,34.411,34.441,0.0362,-0.0458,9.8009,0.6721,-0.4461,-0.0018
22985,759,777,34.429,34.408,0.1033,0.0618,9.9171,-0.2371,0.0481,0.8032
22990,751,768,34.322,34.394,-0.0144,0.0084,9.8451,-0.2514,0.251,-0.3168
22995,747,761,34.362,34.395,0.0027,-0.0668,9.8734,-0.0948,-0.6774,-0.3077
23000,749,758,34.418,34.388,0.0343,-0.0646,9.806,-0.0265,0.7659,0.2244
23005,751,748,34.46,34.475,0.061,0.016,9.8076,0.5341,0.7632,0.5203
23010,740,745,34.362,34.452,-0.0527,0.1109,9.8719,-0.5749,1.1056,-0.0947
23015,755,741,34.377,34.457,0.0101,-0.0684,9.8536,-0.5305,0.3048,-0.0114
23020,746,736,34.394,34.398,-0.0266,-0.0696,9.8139,0.3107,-0.5301,0.0262
23025,757,729,34.408,34.436,0.0365,0.1227,9.7887,0.6076,0.0237,-0.4878
23030,749,723,34.392,34.489,-0.022,-0.0142,9.8182,-0.5102,0.2145,-0.6057
23035,756,715,34.342,34.476,0.0127,-0.0169,9.9089,-0.19,-0.3341,-0.317
23040,756,712,34.369,34.423,0.0319,0.0178,9.7747,-0.6511,0.0759,-0.3809
23045,772,706,34.388,34.371,-0.0436,-0.0072,9.7904,-0.1844,0.3775,0.1315
23050,767,699,34.472,34.503,-0.0838,-0.0109,9.8517,0.3371,-1.0955,-0.0714
23055,781,688,34.319,34.39,-0.0607,0.0689,9.806,-0.6788,-0.6432,0.2879
23060,786,691,34.326,34.47,-0.0365,-0.0804,9.7495,-0.1421,-0.0754,-0.4313
23065,785,682,34.465,34.414,-0.0411,0.0767,9.8026,0.0378,0.0971,0.0562
23070,808,680,34.34,34.463,0.0487,0.0337,9.7219,0.249,0.4253,0.409
23075,811,673,34.358,34.482,0.0466,-0.0596,9.7696,0.3241,0.4484,0.4554
23080,822,665,34.439,34.487,0.008,0.0995,9.815,0.5937,-0.5047,-0.2036
23085,826,665,34.332,34.47,0.014,0.0283,9.7938,0.9935,0.4348,-0.0148
23090,826,664,34.353,34.48,-0.0107,-0.0116,9.7494,-0.1699,0.1394,0.425
23095,847,649,34.476,34.356,-0.0354,-0.1046,9.8279,0.4085,-0.6552,0.8497
23100,861,655,34.421,34.45,0.0116,0.046,9.7199,0.1735,0.1617,-0.0235
23105,854,646,34.457,34.487,-0.049,0.0506,9.8928,-0.8161,0.0053,0.7423
23110,873,644,34.462,34.463,-0.0466,-0.0547,9.7443,-1.079,0.9247,0.2617
23115,890,645,34.438,34.48,0.0048,-0.0115,9.7795,-0.3963,-0.3667,-0.1841
23120,895,638,34.409,34.366,0.005,-0.0208,9.8284,-0.2345,0.2574,0.8399
23125,899,639,34.446,34.523,-0.0107,-0.0618,9.7338,0.3662,0.0988,0.0136
23130,927,628,34.346,34.46,-0.0009,0.0427,9.7733,0.0976,0.3931,-0.2209
23135,944,634,34.343,34.414,-0.0481,-0.045,9.7911,-0.7147,-0.4388,0.649
23140,943,636,34.378,34.448,0.0429,0.0304,9.7644,-0.3915,0.188,0.7572
23145,966,629,34.405,34.368,-0.0225,0.0542,9.7878,-0.1882,0.3045,0.2656
23150,968,633,34.387,34.407,-0.0507,-0.0921,9.784,-0.1434,-0.2839,-0.2779
23155,987,634,34.412,34.501,-0.0132,0.0111,9.9164,0.2143,0.0034,-0.2335
23160,986,634,34.433,34.433,-0.0567,0.0027,9.7279,-0.5404,-0.6585,-0.5595
23165,1004,634,34.407,34.454,0.0385,0.0117,9.8366,1.5018,-1.1478,-0.007
23170,1027,639,34.395,34.396,0.0647,-0.0316,9.7562,-0.0928,-0.1676,-0.3238
23175,1043,642,34.383,34.406,0.0803,0.0424,9.8716,0.6233,0.2386,-0.0555
23180,1037,652,34.443,34.49,-0.0121,0.0033,9.7671,-0.1379,-0.0189,-0.5984
23185,1050,647,34.362,34.348,0.02,0.0617,9.8044,0.0262,-0.2177,-0.4517
23190,1072,652,34.375,34.492,0.1382,-0.0322,9.6838,0.1832,0.8206,-0.4553
23195,1065,656,34.379,34.449,-0.0088,0.0295,9.8012,0.2359,0.0988,-0.3087
23200,1084,656,34.283,34.38,0.0144,-0.0078,9.8335,0.2103,0.6989,0.2942
23205,1087,663,34.458,34.433,-0.0448,0.0015,9.7733,0.7574,-0.7436,0.3411
23210,1099,672,34.423,34.477,-0.0213,-0.0455,9.7697,-0.4786,-0.0928,-0.0881
23215,1109,676,34.384,34.427,0.0099,0.004,9.8393,-0.5183,-0.3067,0.5374
23220,1134,681,34.29,34.439,0.0272,-0.0432,9.7708,0.3863,0.0502,0.554
23225,1123,682,34.505,34.486,0.0485,0.0218,9.811,-0.2079,0.4862,0.3968
23230,1138,687,34.365,34.551,-0.0062,0.0636,9.7362,-0.2724,-1.161,0.3468
23235,1146,694,34.36,34.29,0.0601,-0.0571,9.8455,-0.1333,0.5106,-0.5724
23240,1145,701,34.421,34.434,-0.0252,0.0076,9.8267,-0.0705,-0.326,-0.1408
23245,1155,714,34.341,34.434,0.0114,-0.0142,9.875,-0.3376,0.9583,0.132
23250,1162,722,34.443,34.339,0.0031,-0.0221,9.7672,-0.4591,0.4964,0.0351
23255,1165,727,34.408,34.379,0.0273,-0.0793,9.7922,0.4638,-0.0721,0.5899
23260,1175,738,34.412,34.553,-0.023,-0.05,9.7787,0.0685,0.7909,-0.8129
23265,1173,739,34.402,34.371,0.0992,-0.0385,9.8509,-0.2667,-0.2674,-0.2196
23270,1175,749,34.394,34.41,0.0029,-0.0575,9.7899,0.4678,-0.5214,-0.0086
23275,1182,759,34.417,34.443,0.0422,0.0308,9.814,-0.5234,-0.0697,-0.0933
23280,1180,772,34.43,34.502,0.0452,-0.0142,9.8552,-0.1862,0.2162,-0.4164
23285,1177,775,34.445,34.383,-0.0601,0.0368,9.7877,0.3523,0.3246,-0.1699
23290,1189,785,34.355,34.414,-0.0358,-0.0571,9.7531,0.275,0.1675,0.6961
23295,1181,792,34.384,34.389,0.0267,0.0392,9.8153,-0.6197,1.0227,-0.9133
23300,1189,799,34.348,34.395,-0.0195,-0.0165,9.8305,0.3327,0.2269,-1.053
23305,1191,804,34.387,34.418,-0.0089,0.0361,9.8582,-0.0625,-0.2328,0.8562
23310,1194,815,34.377,34.424,0.0575,0.0303,9.9132,-0.2291,-0.5867,0.458
23315,1188,824,34.423,34.515,0.0593,-0.0224,9.8003,0.0775,-0.2555,1.2955
23320,1182,826,34.402,34.431,-0.1496,0.0039,9.8334,-0.0344,0.2068,0.157
23325,1179,835,34.39,34.416,0.0321,0.0264,9.8307,0.0673,-0.9333,-0.0816
23330,1177,842,34.328,34.393,0.0086,-0.0691,9.7751,0.2644,0.1132,0.148
23335,1182,850,34.428,34.391,-0.0627,-0.0127,9.8312,-0.4363,0.9673,0.0147
23340,1184,861,34.411,34.434,-0.0455,-0.0529,9.7798,0.2532,-0.7731,0.462
23345,1167,860,34.324,34.506,0.0513,-0.0372,9.8814,0.1952,0.0468,-0.0513
23350,1173,868,34.467,34.494,0.0135,-0.046,9.7435,0.5335,0.1679,-1.2277
23355,1176,880,34.414,34.419,0.0375,0.0262,9.7741,0.0808,0.0875,-0.4039
23360,1169,880,34.422,34.435,0.0508,-0.0733,9.8936,-0.2064,-0.1293,-0.0913
23365,1175,887,34.419,34.441,0.0088,0.0597,9.7726,0.1652,-0.313,0.5592
23370,1161,879,34.388,34.445,-0.0175,-0.0151,9.9106,-1.1524,0.0294,0.0446
23375,1167,896,34.408,34.509,0.0722,-0.079,9.8507,0.4102,0.39,-0.0346
23380,1152,898,34.318,34.461,0.0554,-0.048,9.7643,0.344,1.4241,-0.5266
23385,1143,898,34.431,34.471,-0.014,0.0084,9.8083,-0.1478,1.0942,-0.2051
23390,1155,903,34.411,34.445,0.0145,-0.0449,9.8873,-0.5703,0.2402,-0.097
23395,1142,909,34.445,34.404,-0.1071,-0.0149,9.8705,-0.5516,0.3678,-0.845
23400,1143,914,34.44,34.532,0.0248,-0.0088,9.7758,0.3773,0.2213,-0.2139
23405,1142,913,34.357,34.363,0.1147,0.0541,9.7869,0.629,0.5705,-0.0489
23410,1133,918,34.273,34.574,-0.0398,-0.0287,9.825,-0.1896,0.4417,0.6671
23415,1131,925,34.404,34.323,-0.0574,-0.0149,9.8846,-0.2756,-0.666,-0.2995
23420,1135,923,34.454,34.264,-0.0249,-0.0747,9.7509,1.2503,0.1248,0.3958
23425,1135,923,34.452,34.481,0.0895,0.0735,9.7259,0.247,-0.248,-1.1059
23430,1124,920,34.372,34.451,-0.0731,0.0241,9.7608,0.3064,0.3117,0.0918
23435,1127,922,34.405,34.375,-0.0986,-0.0382,9.7698,1.0573,-0.4231,-0.1877
23440,1120,915,34.36,34.368,-0.0234,0.0018,9.8051,-0.2837,-0.5161,0.4084
23445,1118,924,34.455,34.438,0.0383,0.0535,9.7866,-0.5022,0.387,-0.6776
23450,1114,921,34.358,34.394,0.0175,0.0295,9.8122,0.1001,0.3417,0.5256
23455,1106,918,34.401,34.461,-0.0225,-0.0421,9.8707,-0.5713,0.0972,-0.6386
23460,1109,925,34.322,34.484,0.0304,0.008,9.8,-0.4317,-1.4908,0.0748
23465,1108,912,34.35,34.524,-0.037,-0.0512,9.8026,0.5347,0.7175,-0.357
23470,1110,916,34.485,34.38,0.084,0.0056,9.8623,-1.0304,0.0585,0.1962
23475,1100,921,34.333,34.432,0.0174,0.0577,9.7322,-0.5943,0.569,-1.181
23480,1099,914,34.403,34.464,-0.0946,-0.0337,9.7525,-0.3008,0.2982,0.2023
23485,1102,907,34.403,34.47,0.0175,0.0192,9.7794,-0.8776,0.9946,-0.2671
23490,1100,910,34.326,34.36,-0.0781,0.0232,9.8461,-0.6363,0.4853,-0.0611
23495,1091,918,34.338,34.433,0.0597,0.0502,9.8461,0.0834,-0.5208,0.0375
23500,1091,909,34.461,34.37,-0.0255,0.0078,9.8432,0.1021,0.1324,-0.4844
23505,1091,913,34.358,34.448,-0.0236,-0.052,9.825,0.382,-0.275,-1.0428
23510,1082,905,34.394,34.496,0.0471,-0.1088,9.7296,0.4208,-0.3866,0.0837
23515,1092,901,34.38,34.371,-0.0156,-0.0308,9.7085,0.8653,0.0306,-0.2023
23520,1080,906,34.412,34.449,0.0331,0.0795,9.7805,-1.1446,-0.0183,0.6165
23525,1082,899,34.361,34.431,0.0249,-0.0021,9.7959,0.3509,-0.2125,1.0586
23530,1081,893,34.412,34.314,-0.041,0.0149,9.7949,-0.322,-0.6767,-0.2111
23535,1074,898,34.358,34.429,-0.0832,0.0659,9.7391,0.2228,-0.2124,-0.7002
23540,1069,897,34.481,34.409,-0.0304,0.0577,9.8384,0.0548,-0.2074,0.8586
23545,1066,892,34.384,34.499,-0.0433,-0.1081,9.8619,0.6788,-0.0061,0.165
23550,1066,892,34.354,34.43,0.0222,-0.0028,9.7747,0.2341,-0.596,0.0158
23555,1058,890,34.345,34.382,0.0103,-0.0641,9.9428,-0.6481,-0.1569,-0.2802
23560,1067,884,34.372,34.518,-0.0255,0.0249,9.7883,-0.1358,0.4777,-0.5892
23565,1051,883,34.449,34.476,0.0775,-0.0494,9.9025,-0.6298,-0.8076,0.3958
23570,1051,883,34.428,34.47,0.0032,0.0303,9.824,-0.2594,-0.0248,0.6445
23575,1052,874,34.35,34.35,0.027,0.0213,9.822,0.3001,-0.4735,0.438
23580,1036,879,34.382,34.431,-0.0176,-0.0048,9.7808,0.5163,-0.3667,-0.564
23585,1033,879,34.388,34.361,-0.0501,0.0223,9.8861,-0.1553,0.2386,0.4426
23590,1035,875,34.379,34.455,0.1263,-0.0156,9.7998,0.1865,0.2252,0.4655
23595,1034,870,34.421,34.438,-0.0759,-0.004,9.8221,0.4056,-0.7164,-0.606
23600,1017,873,34.425,34.465,-0.0116,-0.0621,9.8565,-0.4149,-0.9735,-0.4229
23605,1020,869,34.466,34.426,-0.0142,0.0095,9.8641,0.9356,0.4368,0.5046
23610,1010,870,34.436,34.428,0.0284,0.0109,9.7535,0.9008,0.2585,-0.0036
23615,998,867,34.391,34.509,0.0254,-0.02,9.7457,-0.6641,-0.3304,-0.486
23620,1003,864,34.397,34.344,-0.0418,-0.0084,9.8129,0.164,-0.1349,-0.1149
23625,982,867,34.321,34.463,-0.0701,-0.0121,9.8577,0.1837,-0.775,0.0899
23630,981,867,34.401,34.408,-0.0191,0.024,9.7681,-0.4063,-0.7389,0.5043
23635,977,865,34.375,34.444,0.0215,0.0216,9.7329,0.1891,-0.1739,0.0332
23640,972,859,34.42,34.375,-0.1562,-0.0245,9.8194,-0.2626,-0.2054,0.0351
23645,951,856,34.394,34.489,-0.0136,0.0699,9.8305,0.6431,-0.5699,-0.2968
23650,947,851,34.423,34.459,-0.0141,0.05,9.7506,1.3244,-0.7204,1.0777
23655,933,857,34.436,34.43,-0.0953,0.0552,9.7551,-0.3478,-0.3999,0.1271
23660,933,846,34.451,34.433,0.0518,-0.0732,9.8004,-0.0661,0.8776,-0.3016
23665,923,848,34.388,34.479,-0.0342,0.0101,9.8549,0.3603,-0.0636,-0.0181
23670,916,858,34.455,34.418,0.0664,-0.0222,9.8627,0.2956,-0.216,0.2587
23675,913,850,34.297,34.494,-0.0458,-0.0643,9.7879,-0.2681,-0.6782,-1.3267
23680,903,842,34.326,34.546,-0.1508,0.0807,9.7629,-0.2653,-0.0666,-0.1191
23685,894,843,34.461,34.57,0.0208,-0.0172,9.7728,0.0575,0.292,-0.2981
23690,876,845,34.522,34.377,0.0186,0.0208,9.7546,-0.1019,1.3692,-0.8301
23695,877,845,34.315,34.454,0.1487,0.0385,9.7858,-0.3187,0.8527,-0.8471
23700,864,833,34.336,34.556,-0.0357,0.0461,9.794,0.2114,0.7791,-0.601
23705,857,836,34.367,34.453,0.0789,-0.065,9.7818,-0.2717,0.0196,1.1569
23710,839,832,34.378,34.495,0.0306,-0.0178,9.8464,-0.9778,0.2803,-0.8509
23715,832,828,34.411,34.381,0.0132,0.0689,9.8418,-0.4627,-0.2917,-0.1073
23720,821,829,34.443,34.386,0.0017,-0.052,9.8546,0.1739,0.19,0.5464
23725,825,823,34.379,34.423,-0.0356,0.0465,9.7584,0.8771,-0.5078,0.385
23730,807,817,34.43,34.448,-0.0486,-0.0245,9.9006,0.0229,0.1885,0.1717
23735,795,818,34.469,34.446,0.0511,0.0387,9.854,-0.2809,-0.7557,-0.7416
23740,796,813,34.409,34.529,-0.0043,0.024,9.7842,-0.5827,-0.0156,-0.3987
23745,807,805,34.404,34.283,-0.0055,-0.0407,9.8905,-0.1696,-0.0837,0.2677
23750,778,807,34.397,34.448,0.0074,-0.0566,9.7658,1.23,0.0528,0.4275
23755,775,806,34.462,34.439,-0.053,0.074,9.844,-0.0774,0.6094,-0.4525
23760,777,799,34.368,34.493,-0.0324,-0.0068,9.8634,-1.0724,-0.0022,-0.939
23765,765,791,34.356,34.397,0.0994,0.0122,9.68,-0.3481,0.0158,-0.059
23770,770,787,34.401,34.434,0.0638,-0.0199,9.7986,0.2542,-0.0176,0.2326
23775,761,781,34.389,34.429,0.0439,-0.0362,9.8318,0.218,0.2062,0.099
23780,760,775,34.31,34.483,-0.0677,-0.0165,9.8444,0.6266,0.3615,0.1871
23785,751,774,34.34,34.464,0.0204,0.0293,9.8791,0.0939,0.1476,0.0062
23790,756,764,34.37,34.416,0.0131,-0.0191,9.8017,0.6414,-0.7801,0.0131
23795,748,763,34.32,34.516,-0.0106,0.0038,9.8471,0.5248,-0.2193,-0.6438
23800,745,756,34.381,34.41,0.003,-0.0184,9.7949,0.0962,0.8107,-0.4093
23805,748,750,34.45,34.435,-0.0695,0.0584,9.8916,0.1409,0.4476,-0.1966
23810,762,750,34.36,34.377,-0.0336,-0.0839,9.8338,-0.9695,-1.2694,-0.1193
23815,754,740,34.485,34.405,0.0224,0.0432,9.8421,-0.4571,-0.089,0.0364
23820,739,740,34.358,34.486,-0.0376,0.0144,9.7693,-0.5174,0.0554,-0.2051
23825,750,726,34.403,34.536,-0.0326,-0.0217,9.7145,-0.7705,-0.5559,-0.012
23830,754,720,34.453,34.476,0.0095,-0.0436,9.8192,0.0057,-0.3502,-0.2358
23835,759,711,34.411,34.428,-0.0825,-0.0583,9.8179,-0.0364,0.5754,0.2859
23840,759,714,34.35,34.52,-0.0178,0.0651,9.7773,0.369,-0.4031,0.4336
23845,771,705,34.364,34.466,-0.0064,0.0056,9.7936,0.4807,-0.8691,0.0041
23850,783,698,34.379,34.521,-0.052,0.0527,9.8618,0.3087,0.4835,-0.8649
23855,783,693,34.327,34.413,-0.0183,-0.0293,9.8599,0.5689,0.5658,-0.1371
23860,788,689,34.436,34.454,0.0997,-0.0147,9.7965,-0.1345,0.2454,-0.063
23865,791,687,34.381,34.325,-0.0671,-0.0146,9.8004,-0.0832,0.3087,-0.0732
23870,807,676,34.447,34.453,-0.0362,-0.0203,9.8174,-0.1944,0.0216,0.4773
23875,809,668,34.416,34.434,0.05,0.0136,9.8457,1.2045,0.0857,0.0227
23880,812,668,34.472,34.455,0.0908,0.0194,9.836,-0.4133,-0.1973,-0.3951
23885,825,664,34.405,34.446,0.0527,0.0187,9.7914,0.0509,0.6106,0.0078
23890,840,654,34.407,34.434,-0.0514,0.0147,9.8266,-0.4827,0.6502,0.3874
23895,848,654,34.349,34.433,0.0272,0.0882,9.8237,0.0012,-0.0339,0.1073
23900,862,649,34.351,34.394,-0.0326,-0.0555,9.8066,-0.6432,-0.3934,0.099
23905,857,646,34.357,34.4,0.0409,-0.0319,9.7673,1.6047,-0.6058,-0.2018
23910,884,648,34.408,34.412,0.1223,0.0688,9.8271,0.1392,0.1799,0.7386
23915,891,642,34.363,34.432,-0.0176,0.0345,9.726,0.3578,0.5738,0.284
23920,904,640,34.413,34.411,-0.0198,-0.0041,9.7825,-0.308,-0.1946,1.1192
23925,915,637,34.33,34.42,0.0913,0.0259,9.7592,0.0607,0.49,0.1327
23930,920,633,34.389,34.495,0.0416,-0.0446,9.835,-0.8574,-0.5698,-0.5552
23935,945,640,34.512,34.455,0.0758,-0.0014,9.8605,0.0131,0.5587,0.1414
23940,958,638,34.395,34.52,-0.002,-0.0467,9.7498,0.1129,-0.2781,0.413
23945,968,637,34.427,34.51,0.0102,-0.0182,9.7686,0.7872,-1.0135,-0.4659
23950,975,635,34.536,34.455,0.0167,-0.0052,9.8512,0.3201,-0.2518,-0.2652
23955,986,636,34.424,34.424,-0.0011,0.0064,9.7657,0.2788,0.1991,-0.4091
23960,997,633,34.436,34.473,0.0441,0.0246,9.7961,0.409,0.0626,-0.1729
23965,1009,635,34.461,34.392,-0.0626,0.004,9.8121,0.3286,-0.4803,-0.6061
23970,1022,639,34.372,34.464,-0.0721,0.0481,9.81,-0.7949,0.594,0.7016
23975,1035,638,34.421,34.393,0.0477,0.0318,9.8752,-0.1207,-0.0113,0.054
23980,1055,648,34.398,34.392,0.042,0.029,9.9108,-0.6233,-1.4208,0.2843
23985,1069,650,34.353,34.556,0.0207,-0.0361,9.7748,0.3297,-0.5306,-0.2959
23990,1063,650,34.358,34.452,-0.0159,-0.0276,9.7078,-0.6475,-0.0086,-0.5077
23995,1076,650,34.423,34.365,0.0431,0.0025,9.8446,-0.7346,-0.0996,-0.2097
24000,1095,661,34.375,34.406,0.0456,0.0909,9.8655,-0.2378,-0.1728,-0.3735
24005,1090,665,34.448,34.507,0.0027,-0.0175,9.8584,0.1308,-1.1534,-0.3261
24010,1109,670,34.374,34.411,0.0806,0.0369,9.7595,0.2316,-0.7875,0.1268
24015,1111,675,34.351,34.413,-0.0302,0.0327,9.8102,-0.4033,-0.7298,-0.9459
24020,1123,680,34.473,34.324,0.021,-0.0037,9.7283,-0.0119,0.9367,1.1005
24025,1137,687,34.364,34.456,0.0456,-0.0515,9.7265,-0.3835,1.0138,0.4538
24030,1137,681,34.288,34.473,-0.0298,-0.0591,9.772,-0.0119,1.0658,0.5114
24035,1148,702,34.437,34.463,-0.0495,0.036,9.9087,0.2901,-0.5771,0.2727
24040,1150,708,34.391,34.464,0.0022,0.0184,9.7408,-0.2612,-0.0726,0.7527
24045,1161,714,34.403,34.476,-0.0081,-0.0735,9.8029,0.1043,0.0455,0.6071
24050,1161,723,34.354,34.473,-0.0739,0.047,9.766,-0.4462,0.1245,-0.0253
24055,1166,730,34.35,34.434,0.0572,-0.0189,9.8263,0.3182,-0.2392,-0.1073
24060,1165,737,34.45,34.4,0.0185,-0.0322,9.9105,0.2798,-0.9389,0.7861
24065,1176,742,34.342,34.494,-0.0174,-0.0376,9.7627,-0.757,-0.4689,0.04
24070,1178,753,34.343,34.517,-0.0433,-0.0146,9.8445,-0.02,-0.0851,0.9208
24075,1175,760,34.328,34.483,0.0838,0.0778,9.7792,0.7063,-0.9166,0.1883
24080,1179,772,34.317,34.42,-0.0416,-0.0601,9.8554,0.1278,-0.8262,0.5944
24085,1181,777,34.395,34.393,-0.0047,-0.0154,9.8389,0.3316,-0.4777,-0.9419
24090,1183,786,34.379,34.466,0.0924,-0.0321,9.8283,0.6217,0.2352,-0.0139
24095,1197,788,34.308,34.356,0.0517,0.1362,9.8702,-0.8286,0.7221,-0.4781
24100,1185,802,34.386,34.396,-0.0026,0.0393,9.7231,-1.0061,-0.4889,0.0925
24105,1184,804,34.354,34.421,0.0335,-0.0398,9.7826,0.1026,-1.0875,-0.1673
24110,1188,814,34.331,34.462,-0.0419,0.0024,9.7616,-0.4434,0.4639,0.0839
24115,1191,818,34.511,34.387,-0.0246,-0.0254,9.7837,-0.6982,-0.2808,-0.6516
24120,1189,831,34.367,34.481,-0.0394,-0.0283,9.7908,-0.303,0.1195,0.9856
24125,1181,834,34.415,34.437,0.0102,0.0192,9.8611,-0.0404,0.5482,0.2668
24130,1182,844,34.337,34.492,-0.0161,0.0738,9.7635,-0.3069,0.4988,0.1175
24135,1176,857,34.458,34.418,0.01,0.0282,9.8259,0.9482,-0.7231,-0.1325
24140,1176,858,34.43,34.482,-0.014,-0.0646,9.7735,0.8587,0.1355,-0.5985
24145,1178,861,34.438,34.496,-0.024,0.0698,9.6926,-0.5846,0.0356,-0.2455
24150,1182,873,34.442,34.43,0.0865,-0.0504,9.7699,-0.0879,-0.2336,0.0868
24155,1166,881,34.466,34.384,0.0162,0.0674,9.9067,0.3184,1.0293,0.0801
24160,1169,879,34.421,34.44,0.0904,0.0112,9.6841,0.3614,0.2527,-0.4025
24165,1170,887,34.397,34.411,0.0282,-0.0595,9.8882,0.5928,0.2184,-0.0635
24170,1156,893,34.461,34.454,0.0518,-0.0193,9.8018,0.1357,-0.255,-0.0366
24175,1164,889,34.307,34.306,-0.0214,0.0042,9.7606,0.1121,-0.167,0.3805
24180,1161,898,34.365,34.367,-0.002,-0.1307,9.7883,-0.2431,0.9056,0.5719
24185,1149,904,34.447,34.425,0.0229,-0.0136,9.905,0.2325,-0.3414,0.6193
24190,1142,902,34.405,34.53,-0.0077,0.0204,9.779,-0.507,0.5938,-0.458
24195,1152,912,34.35,34.42,-0.0746,-0.0223,9.6664,0.2575,0.0847,0.082
24200,1137,912,34.353,34.441,0.0218,-0.089,9.8332,-1.0212,-0.0367,-0.2901
24205,1140,914,34.395,34.439,0.0573,-0.0611,9.8206,-0.846,-0.0424,-0.3765
24210,1132,916,34.304,34.454,0.0352,-0.0289,9.804,-1.1181,0.2501,-1.1228
24215,1123,921,34.427,34.539,-0.1185,-0.0619,9.8728,-1.0752,-1.0068,0.5445
24220,1121,920,34.441,34.429,-0.0575,0.0018,9.8656,-0.0739,0.6694,0.3625
24225,1123,923,34.337,34.428,0.0363,0.0218,9.8451,-0.0843,0.0364,-0.5607
24230,1124,922,34.296,34.37,-0.0025,-0.0437,9.7673,0.3688,0.2811,-0.3112
24235,1119,919,34.48,34.418,-0.032,0.0391,9.804,0.0028,-1.1558,-0.5007
24240,1121,927,34.415,34.338,0.0413,-0.0849,9.7946,0.1756,-0.0289,-0.5319
24245,1120,924,34.375,34.504,-0.0137,0.0168,9.8364,-1.1941,-0.1103,-0.3105
24250,1117,915,34.383,34.441,-0.025,0.0674,9.8919,0.1818,-0.7766,0.3702
24255,1119,920,34.413,34.368,-0.0033,-0.0287,9.7996,-0.3454,-0.4582,-0.1367
24260,1104,924,34.382,34.378,0.0206,-0.0741,9.8549,0.3489,0.6495,-0.1848
24265,1084,925,34.329,34.408,0.0178,-0.132,9.7627,0.0058,0.5147,0.2611
24270,1101,921,34.505,34.492,0.0145,-0.1274,9.7995,0.2577,-0.7853,1.5484
24275,1100,920,34.419,34.531,-0.0302,0.0556,9.8519,0.7875,0.5168,-1.2012
24280,1106,912,34.441,34.49,-0.0435,-0.0113,9.7605,0.0917,-0.2044,0.7325
24285,1088,915,34.345,34.409,-0.0019,-0.1383,9.7975,-0.1386,0.2988,-0.7484
24290,1092,911,34.354,34.46,0.0047,-0.008,9.8358,0.2712,0.1536,-0.3924
24295,1087,913,34.419,34.492,-0.0123,-0.0335,9.7905,-0.2296,-1.2351,-0.0439
24300,1085,914,34.411,34.449,0.1046,0.0128,9.7915,0.5143,0.1468,-0.7119
24305,1096,913,34.375,34.37,-0.0424,0.0414,9.8078,0.0414,0.1206,0.1348
24310,1091,905,34.367,34.398,0.0269,-0.0048,9.7907,-0.8338,-0.0383,-0.0664
24315,1078,903,34.42,34.443,0.0206,0.0338,9.7757,-0.3813,0.3727,-0.2895
24320,1085,900,34.371,34.365,0.0401,0.0319,9.7936,-0.2254,-0.1632,-0.4346
24325,1078,898,34.378,34.449,-0.0469,0.0252,9.7195,0.4085,-0.6672,0.0828
24330,1071,899,34.332,34.379,-0.0185,-0.0695,9.8026,0.8087,0.3705,0.2137
24335,1074,899,34.37,34.475,-0.0508,-0.0452,9.8596,-0.2611,0.476,-0.309
24340,1063,894,34.418,34.4,0.0355,-0.0218,9.8617,0.3005,-0.7907,0.4851
24345,1068,894,34.391,34.424,-0.0209,-0.0198,9.7773,0.264,-0.2964,0.229
24350,1061,890,34.371,34.447,-0.0264,-0.0067,9.7691,-0.2985,-0.2903,-0.215
24355,1061,887,34.399,34.453,-0.0205,-0.0221,9.7666,-0.3402,0.4423,-0.0265
24360,1062,889,34.38,34.434,-0.0361,-0.0414,9.8337,-0.2602,-0.5073,0.121
24365,1050,878,34.411,34.395,-0.0751,-0.1037,9.7955,0.4083,-0.4095,-0.8252
24370,1049,880,34.4,34.37,0.0315,0.0253,9.8046,0.6529,0.5759,-0.2122
24375,1049,877,34.307,34.448,-0.0279,-0.0045,9.7557,-0.7635,-0.8881,0.0873
24380,1039,876,34.389,34.409,-0.0448,-0.0087,9.7563,-0.8982,-0.1637,-0.4639
24385,1042,875,34.447,34.413,-0.0146,-0.0264,9.8697,-0.3001,0.5286,1.0362
24390,1038,870,34.43,34.382,0.0159,0.0546,9.8723,-0.0662,0.1436,-0.3908
24395,1024,869,34.397,34.482,0.0324,0.01,9.7788,-0.1642,-0.2093,-0.6656
24400,1018,873,34.364,34.449,0.0909,0.0147,9.8138,0.4004,-0.2944,0.1135
24405,1010,868,34.393,34.505,0.0046,-0.0127,9.8282,0.0753,-0.6203,-1.035
24410,1009,867,34.316,34.455,0.0394,-0.0311,9.8148,0.3925,-0.6756,0.6162
24415,1010,868,34.42,34.343,-0.0517,-0.0335,9.8122,0.0648,-0.128,0.4828
24420,995,866,34.367,34.41,-0.0423,0.0331,9.7968,-0.3029,0.7029,-0.4161
24425,993,861,34.379,34.439,0.0459,-0.0482,9.7718,-0.4374,0.4326,0.2174
24430,977,864,34.451,34.395,-0.0554,0.021,9.7434,-0.12,-0.9561,-0.59
24435,976,856,34.408,34.345,-0.0543,0.0205,9.7113,-0.1825,0.2531,0.539
24440,965,853,34.398,34.412,-0.0172,-0.0628,9.7037,0.5571,-0.4837,0.3784
24445,955,859,34.316,34.4,0.0969,0.014,9.8598,1.7788,0.2675,-0.2984
24450,946,853,34.46,34.467,0.0082,-0.0182,9.8212,-0.5562,0.0872,-0.9003
24455,938,852,34.315,34.351,-0.0318,-0.0342,9.7766,-0.5508,0.7142,-0.287
24460,937,856,34.477,34.458,0.0222,0.0174,9.8441,-0.2432,0.1742,0.8599
24465,924,849,34.374,34.44,-0.0037,0.1205,9.7789,0.2474,-0.399,0.1601
24470,904,852,34.431,34.511,0.051,0.0203,9.7866,-0.6125,1.2464,-1.0826
24475,905,846,34.432,34.396,-0.0196,-0.0072,9.8034,-0.82,-0.3228,0.5618
24480,901,846,34.434,34.455,0.0337,0.0986,9.7715,-0.8654,0.1021,0.6272
24485,888,845,34.453,34.457,0.0239,-0.013,9.9096,0.7189,0.7706,0.4572
24490,875,841,34.422,34.344,-0.0598,-0.0303,9.8254,-0.0961,-0.119,0.4023
24495,869,840,34.271,34.37,0.0172,-0.1071,9.7788,0.9062,-0.3836,0.4119
24500,858,841,34.33,34.405,0.0273,0.024,9.7526,0.3387,-0.2538,-0.3398
24505,857,833,34.366,34.472,0.0697,-0.0092,9.828,0.8066,0.5825,0.25
24510,846,829,34.368,34.486,-0.0266,0.0006,9.8558,0.1734,-0.0916,0.2439
24515,839,834,34.289,34.478,0.0499,-0.0596,9.7565,-0.6168,0.2319,-0.4282
24520,833,831,34.364,34.348,-0.07,0.0,9.7476,0.3594,-0.0455,-0.0151
24525,824,817,34.39,34.425,-0.0176,0.0461,9.7696,0.4005,-0.1984,-0.0824
24530,812,817,34.32,34.455,0.0052,0.0032,9.9108,0.3411,0.4461,-0.6301
24535,804,815,34.338,34.371,0.0596,-0.0444,9.8766,0.0051,-0.6183,0.0897
24540,795,817,34.424,34.454,0.0206,0.0549,9.7934,-0.4824,0.2249,0.5408
24545,791,802,34.405,34.426,-0.0585,-0.0559,9.8122,1.1792,0.1898,0.0611
24550,787,805,34.428,34.359,-0.0371,-0.0142,9.7821,1.2937,-0.2819,0.7617
24555,772,797,34.448,34.372,0.0693,0.0129,9.8781,0.5039,-0.2093,0.0701
24560,775,796,34.428,34.501,-0.0714,-0.0399,9.8075,0.132,-0.3872,-0.3165
24565,774,791,34.438,34.424,0.0586,0.073,9.7449,-0.1581,0.6733,-0.1608
24570,767,787,34.435,34.43,0.0552,0.0241,9.9318,0.017,-0.1871,-0.5162
24575,757,786,34.401,34.483,0.0514,0.0144,9.8581,0.0363,0.6406,0.2064
24580,766,775,34.454,34.443,-0.0047,0.0506,9.8407,-0.3584,-0.2075,-0.4919
24585,762,770,34.364,34.388,-0.0141,0.0008,9.8394,-0.1527,0.0575,-0.8894
24590,753,769,34.33,34.449,-0.0095,-0.0455,9.7537,0.1931,-1.275,0.4383
24595,753,761,34.361,34.467,-0.1585,-0.1149,9.8882,0.322,-0.6303,-1.4198
24600,748,754,34.373,34.47,0.0478,0.0932,9.6822,-0.4715,0.7577,0.696
24605,750,752,34.507,34.473,0.0544,0.086,9.836,-0.3838,0.3077,0.4758
24610,747,750,34.396,34.378,-0.0816,-0.0322,9.8241,0.3128,-0.6262,-0.5977
24615,749,739,34.342,34.379,-0.0415,0.1026,9.8668,-0.5218,0.0201,0.3872
24620,750,733,34.428,34.373,0.0266,0.0332,9.7608,0.1209,-0.2202,-0.3036
24625,754,723,34.385,34.411,0.0659,-0.0285,9.8295,0.5957,0.1713,0.6139
24630,757,722,34.399,34.49,-0.089,0.0168,9.7905,-0.562,-0.4509,-0.3073
24635,771,717,34.344,34.4,-0.0255,0.0048,9.8103,0.1123,-0.551,-0.2465
24640,757,711,34.394,34.437,0.0012,0.0322,9.8026,-0.8238,-1.0356,-0.7167
24645,768,703,34.473,34.363,-0.0687,0.0148,9.7462,-0.1876,-0.8183,0.5373
24650,770,700,34.457,34.479,-0.1189,-0.0177,9.8764,-0.1957,0.3909,-0.0471
24655,779,695,34.447,34.533,0.0174,-0.0104,9.7648,0.9256,0.3642,-0.3858
24660,785,686,34.401,34.383,-0.0361,-0.1203,9.7853,-0.2362,0.6084,-0.2212
24665,802,677,34.448,34.401,0.0269,0.0075,9.7716,-0.0438,0.1521,0.7467
24670,800,681,34.368,34.477,0.0703,0.0768,9.8039,0.7925,-0.5158,0.8548
24675,812,672,34.373,34.436,-0.0705,-0.0544,9.7508,-1.0375,-0.2702,-0.1991
24680,812,672,34.454,34.418,-0.0535,0.0396,9.7983,0.385,-0.0292,-0.237
24685,826,660,34.446,34.475,0.1164,-0.0712,9.8559,0.2297,-0.4196,-0.1559
24690,840,660,34.408,34.423,-0.0327,0.0409,9.9,0.0601,0.7799,-0.1228
24695,854,656,34.414,34.386,0.0762,0.0045,9.8831,-0.627,0.3889,0.7217
24700,854,652,34.307,34.358,-0.1046,0.0989,9.7933,-1.299,0.7763,-0.0822
24705,868,648,34.403,34.409,-0.0172,0.0495,9.7662,0.4077,0.809,-0.2346
24710,870,646,34.36,34.489,-0.0161,-0.0201,9.83,1.149,0.0052,0.4699
24715,892,646,34.406,34.478,0.0051,-0.0593,9.91,0.8603,0.6919,0.2264
24720,906,642,34.397,34.409,0.0266,0.0185,9.7821,-0.3105,0.1135,-0.089
24725,917,643,34.355,34.444,-0.0466,-0.0257,9.8104,-0.1574,1.1041,-0.0048
24730,923,637,34.415,34.517,-0.04,0.0235,9.7823,-0.0189,-0.1802,0.4793
24735,935,640,34.37,34.368,0.0164,0.0013,9.8312,0.1508,-1.1307,-0.2413
24740,964,635,34.421,34.516,0.0147,0.039,9.8092,-0.471,-0.1718,0.699
24745,963,633,34.371,34.397,-0.0089,0.002,9.8079,-0.0363,0.1958,-0.2873
24750,971,636,34.381,34.427,0.0259,0.0004,9.7622,-0.3374,-0.0382,0.0821
24755,988,631,34.339,34.467,-0.0166,-0.07,9.7965,-0.7353,0.6173,-0.2424
24760,1000,643,34.399,34.384,0.0162,0.0119,9.8916,0.4209,1.0319,-1.4358
24765,1018,636,34.333,34.498,0.0604,-0.0464,9.9092,-0.6843,-0.4316,-0.9159
24770,1015,644,34.318,34.401,0.0086,0.0293,9.8603,-0.0623,0.4725,-0.1355
24775,1034,639,34.342,34.47,0.014,0.021,9.8093,-0.4057,-0.0349,-0.0274
24780,1051,648,34.377,34.436,-0.0441,0.0759,9.8667,-0.0499,-0.1866,-0.8094
24785,1068,654,34.317,34.415,0.0023,-0.027,9.912,-0.0961,-0.6308,-0.3108
24790,1072,650,34.312,34.529,0.1099,-0.0053,9.7933,-0.4456,1.3745,-0.5703
24795,1083,656,34.317,34.387,0.0224,0.0414,9.8335,0.027,-0.486,-0.6505
24800,1097,660,34.501,34.457,-0.046,0.0323,9.8688,-0.2764,0.0311,-0.3542
24805,1093,667,34.514,34.443,0.0467,-0.004,9.8092,-0.3257,-0.0667,0.0129
24810,1105,670,34.419,34.483,0.0003,-0.0433,9.8187,-0.2121,0.338,-0.6146
24815,1111,670,34.424,34.536,0.0024,0.025,9.7782,0.2597,0.5759,-0.3248
24820,1124,682,34.397,34.467,0.1374,0.0425,9.8208,-0.0474,-0.5397,0.2512
24825,1127,689,34.364,34.375,0.0159,-0.0837,9.7858,0.2114,0.146,0.5373
24830,1136,695,34.432,34.446,-0.0053,0.0265,9.7636,-0.4911,-0.588,-0.2241
24835,1150,703,34.45,34.287,-0.0385,0.0111,9.8149,0.5206,-0.3541,0.516
24840,1149,712,34.417,34.43,0.0293,0.0388,9.7712,-0.6238,-0.4767,-0.1443
24845,1170,716,34.388,34.501,-0.0031,0.032,9.7266,0.0304,0.5196,-0.6223
24850,1169,715,34.356,34.448,0.0363,-0.0864,9.728,-0.073,-0.0163,-0.6423
24855,1174,725,34.426,34.497,-0.0188,0.0553,9.7372,-0.4657,0.067,-0.0207
24860,1167,739,34.386,34.407,-0.106,0.0524,9.8302,-0.7362,-0.3509,0.3691
24865,1168,750,34.319,34.379,0.001,-0.0824,9.7953,0.4984,-0.8128,0.0706
24870,1183,756,34.373,34.398,0.0457,0.0362,9.7991,-0.3697,-0.0756,-0.0221
24875,1189,759,34.443,34.427,-0.015,-0.0934,9.8915,0.0518,-0.5593,-0.0676
24880,1193,770,34.422,34.387,0.0145,0.0226,9.7113,-0.2488,0.8521,0.4413
24885,1191,779,34.361,34.405,0.0848,0.0801,9.8152,-0.1538,0.4265,-0.8617
24890,1194,785,34.379,34.441,0.0234,-0.0812,9.8393,0.2282,-1.2642,0.1359
24895,1194,786,34.338,34.424,0.0386,0.0924,9.791,0.053,0.0485,-0.7346
24900,1193,803,34.436,34.447,0.0222,0.0902,9.8199,-0.3259,0.3008,0.4184
24905,1190,809,34.337,34.423,0.0215,0.0556,9.8959,-0.3471,0.2947,-0.397
24910,1190,812,34.292,34.392,0.0322,0.0516,9.8276,0.2179,0.053,0.1285
24915,1190,825,34.411,34.379,0.0249,-0.0645,9.8037,-0.7892,0.0215,-0.781
24920,1186,832,34.392,34.432,0.0107,-0.0148,9.8254,-0.6158,0.6235,0.8547
24925,1189,836,34.37,34.44,-0.0686,0.0568,9.9394,-0.9935,-0.5709,0.237
24930,1177,844,34.412,34.367,0.0442,0.0186,9.8634,0.134,0.3019,0.4821
24935,1174,852,34.369,34.351,-0.0913,0.1111,9.8687,-0.5274,-0.0659,0.3415
24940,1184,857,34.382,34.4,-0.0113,-0.0423,9.7444,-0.5567,-0.0987,0.536
24945,1172,868,34.386,34.469,-0.0596,-0.0318,9.7684,-1.3019,-0.263,0.3047
24950,1170,867,34.391,34.381,0.0784,-0.05,9.7798,0.0218,-0.0925,-0.9431
24955,1166,873,34.373,34.387,0.0152,0.0167,9.8463,0.2249,-0.2085,-1.0965
24960,1177,884,34.431,34.378,-0.026,-0.0627,9.8398,1.0233,0.003,0.3796
24965,1169,887,34.399,34.467,-0.0375,-0.0077,9.8786,-0.0436,-0.2765,-0.5676
24970,1157,888,34.413,34.381,0.0228,0.0148,9.7032,0.0178,0.8484,-0.6643
24975,1153,895,34.388,34.462,0.0419,-0.0508,9.9067,0.6339,0.2253,0.504
24980,1157,893,34.312,34.442,0.0021,-0.0189,9.9149,0.5854,0.1274,0.5039
24985,1142,899,34.419,34.481,0.0006,-0.0505,9.883,0.4117,-0.0875,-0.3511
24990,1153,905,34.402,34.414,0.0223,-0.0026,9.8377,0.2324,0.0439,-0.0234
24995,1147,909,34.356,34.46,0.0165,-0.0182,9.8248,0.3705,0.0645,0.357
25000,1140,910,34.352,34.433,0.0549,-0.0276,9.9079,0.4415,-0.3613,0.611
25005,1144,918,34.425,34.486,-0.0377,-0.0678,9.8175,0.0264,-0.2367,0.0988
25010,1135,918,34.375,34.489,0.0035,-0.0442,9.7953,0.2049,-0.0818,0.3308
25015,1140,923,34.428,34.482,0.0682,-0.0009,9.8517,0.7378,0.8923,-0.0457
25020,1126,919,34.343,34.402,-0.105,0.0752,9.7641,0.2195,-0.8336,1.3156
25025,1134,921,34.335,34.491,0.0139,-0.0481,9.8463,-0.2492,-0.4439,-0.2964
25030,1116,919,34.372,34.419,-0.0418,-0.0793,9.8538,-0.1572,0.1671,0.3249
25035,1110,920,34.469,34.438,0.0493,-0.0393,9.8688,0.1787,-0.5251,-0.586
25040,1116,919,34.399,34.462,-0.0091,-0.0317,9.8392,0.5963,0.2734,-0.051
25045,1116,925,34.384,34.422,0.0185,0.0326,9.7706,0.2344,-0.6774,0.6916
25050,1114,923,34.385,34.462,0.0027,0.0581,9.8138,-0.8954,0.4994,0.5564
25055,1108,920,34.269,34.441,0.0897,-0.0375,9.8604,-0.2363,-0.5261,-0.3823
25060,1109,924,34.36,34.568,0.0225,0.0478,9.9118,0.5575,-0.0059,0.2204
25065,1100,921,34.288,34.429,-0.0109,-0.0511,9.749,-0.1864,0.0202,0.0062
25070,1098,919,34.379,34.46,0.0096,-0.099,9.8307,0.0725,-0.1297,0.1192
25075,1111,920,34.371,34.434,-0.085,-0.0441,9.7372,0.7003,-0.6707,0.1798
25080,1093,917,34.348,34.353,0.0649,0.067,9.8099,-0.4088,0.1667,-0.3988
25085,1095,921,34.299,34.398,-0.0005,-0.0066,9.8159,0.6359,0.8372,-0.7365
25090,1096,919,34.4,34.395,0.0314,0.0106,9.7598,0.2381,-0.3475,0.5422
25095,1089,912,34.444,34.453,-0.0979,-0.0148,9.7973,-0.3591,-0.3314,-0.4873
25100,1087,915,34.372,34.458,0.0225,-0.1053,9.8226,-0.452,0.8153,0.085
25105,1094,908,34.329,34.448,0.0889,0.0151,9.8899,0.1953,-0.0364,0.4135
25110,1090,900,34.401,34.476,0.0738,0.0022,9.867,0.0152,0.3058,-0.418
25115,1087,906,34.386,34.379,0.0472,0.0241,9.8338,0.1598,-0.1946,-1.1217
25120,1082,901,34.341,34.472,-0.0252,-0.0292,9.6968,0.3274,0.653,0.1456
25125,1076,900,34.341,34.365,0.0877,0.0719,9.8354,-0.2303,-0.1635,0.4303
25130,1074,895,34.358,34.417,-0.031,-0.0027,9.8297,-0.8122,0.7793,-0.6345
25135,1066,892,34.385,34.368,-0.0009,0.0222,9.7401,-0.0239,0.6455,0.0753
25140,1068,891,34.401,34.417,0.0403,0.0612,9.8318,1.2361,0.4753,0.3329
25145,1069,893,34.329,34.486,0.0576,0.0659,9.8596,-0.2972,-0.2812,0.0301
25150,1063,894,34.456,34.461,-0.0188,-0.0634,9.8065,-0.262,0.2387,-0.9023
25155,1059,881,34.376,34.343,0.0002,-0.0531,9.7951,-0.4989,1.1694,-1.4314
25160,1063,884,34.387,34.403,-0.0529,0.0112,9.8042,-0.0047,-0.0094,0.1091
25165,1061,885,34.432,34.393,0.0338,-0.0226,9.7504,0.1506,-0.4475,-0.676
25170,1058,876,34.305,34.377,-0.0627,0.0549,9.7751,0.0938,0.5095,-0.5635
25175,1044,875,34.306,34.467,-0.0314,0.0837,9.7941,-0.0023,0.0723,-1.3868
25180,1043,873,34.397,34.35,0.0303,-0.0126,9.8037,0.2436,-0.7076,-0.9921
25185,1040,875,34.419,34.381,-0.0074,-0.0185,9.8093,-0.1481,0.4652,-0.008
25190,1027,871,34.436,34.388,0.049,0.006,9.8027,1.1433,-1.1378,-0.2161
25195,1026,866,34.4,34.437,0.0039,0.068,9.8831,-0.8324,-0.0513,-0.0199
25200,1023,871,34.498,34.413,0.0125,0.0554,9.8629,-1.2645,0.2329,-0.1268
25205,1014,866,34.388,34.469,-0.008,0.072,9.8311,-0.4917,-0.1831,-0.0942
25210,1005,867,34.373,34.388,-0.0383,0.0368,9.8297,-0.1656,-0.5284,0.2938
25215,997,871,34.415,34.435,-0.0189,-0.0087,9.779,0.1862,-0.1003,0.3226
25220,988,862,34.366,34.454,0.06,0.0236,9.8551,0.5328,0.3684,-1.0826
25225,988,861,34.294,34.436,0.0538,-0.039,9.8726,0.2324,-0.4874,-0.4701
25230,977,854,34.412,34.461,0.1051,0.0286,9.8272,-0.4176,0.4469,-0.1636
25235,977,857,34.423,34.511,0.0118,0.0252,9.7879,-1.0807,-0.8763,-0.8581
25240,970,859,34.401,34.425,0.0037,-0.0183,9.7487,0.6814,-0.0987,-0.5109
25245,961,856,34.374,34.361,-0.0789,-0.0023,9.7265,-0.7933,0.3086,-0.3167
25250,944,852,34.384,34.444,0.161,-0.0161,9.8671,0.4503,-0.766,-0.4967
25255,936,861,34.344,34.371,0.0494,0.0429,9.8337,1.0378,0.4061,0.2378
25260,940,850,34.331,34.435,0.0604,0.0227,9.7797,-0.732,-0.2419,-0.5503
25265,933,850,34.286,34.491,-0.0408,-0.0719,9.8804,0.629,0.3649,-0.0645
25270,909,849,34.377,34.424,-0.009,-0.1044,9.8969,0.669,-0.9955,0.2635
25275,906,852,34.458,34.496,-0.1196,-0.1027,9.7823,-0.8328,-0.633,-0.1988
25280,893,847,34.376,34.397,0.0668,-0.0644,9.8152,0.1619,-0.0423,-0.7438
25285,881,844,34.411,34.418,0.0304,-0.1099,9.7432,0.0707,-0.0758,0.1118
25290,885,840,34.349,34.432,-0.0242,-0.0096,9.8156,0.4221,0.7667,-0.2273
25295,869,845,34.418,34.439,0.0111,0.0139,9.8772,0.322,0.2248,-1.1277
25300,861,839,34.392,34.341,0.0057,0.0743,9.7682,0.1897,-0.3736,0.0953
25305,857,835,34.391,34.475,0.0106,-0.0292,9.8168,0.3583,0.9288,-1.0544
25310,845,836,34.403,34.539,-0.0591,0.0743,9.8397,-0.3763,0.2731,0.0375
25315,834,836,34.327,34.428,0.1433,-0.0408,9.7911,0.0639,0.408,0.4457
25320,826,825,34.409,34.359,0.0005,-0.0476,9.7808,1.0129,-0.4637,0.7261
25325,819,823,34.376,34.438,0.0028,0.0395,9.9111,-0.254,-0.5625,-0.5132
25330,818,815,34.341,34.521,0.0173,-0.0009,9.6888,0.637,-0.0971,0.4236
25335,796,814,34.372,34.492,-0.0037,-0.0705,9.7764,0.3202,-0.2524,-0.4187
25340,801,809,34.383,34.468,-0.0195,-0.1206,9.724,-0.1357,0.3258,0.579
25345,782,809,34.31,34.377,0.0441,-0.0599,9.8513,0.5434,0.2648,-1.3145
25350,776,808,34.39,34.346,0.058,-0.002,9.7616,0.0993,0.5227,0.1049
25355,778,797,34.325,34.311,0.0559,0.0078,9.8408,0.2251,0.2209,-0.0843
25360,768,796,34.441,34.472,-0.0157,0.0605,9.8779,0.2949,-0.9416,-0.4775
25365,768,786,34.314,34.393,0.0184,0.0216,9.8312,0.2155,-0.6667,-0.1999
25370,767,784,34.359,34.421,-0.0671,0.0363,9.8027,-0.4784,-0.5129,0.1004
25375,767,777,34.401,34.332,0.0333,-0.0206,9.8022,0.9103,-0.5479,0.3487
25380,758,773,34.441,34.363,-0.0537,-0.0248,9.8705,0.1712,0.1417,-0.3361
25385,761,775,34.426,34.467,-0.0791,-0.0023,9.7757,0.4475,0.0083,0.9207
25390,752,760,34.423,34.487,0.0119,-0.0025,9.8589,0.0187,0.764,-0.5217
25395,760,763,34.361,34.416,0.0721,0.0371,9.8665,-0.6808,-0.5923,-0.0445
25400,747,753,34.391,34.456,-0.0491,-0.0091,9.8067,-0.0129,-0.1775,0.3028
25405,752,746,34.48,34.374,0.0487,0.0478,9.7583,0.086,-0.5254,0.0211
25410,747,745,34.436,34.447,-0.008,-0.0606,9.7723,0.3556,-0.4323,0.1885
25415,747,739,34.41,34.526,0.0096,-0.0497,9.8299,-0.1427,0.0385,-0.7142
25420,749,732,34.38,34.452,0.0022,0.1276,9.8541,0.0418,-0.3026,-0.0519
25425,754,725,34.34,34.474,0.0297,-0.0256,9.7646,-0.2305,0.3034,0.1309
25430,757,726,34.449,34.52,0.0141,-0.0743,9.8281,0.4649,0.2685,-0.3544
25435,764,712,34.36,34.346,0.0402,0.0739,9.765,0.1218,-0.2154,-0.0528
25440,769,709,34.357,34.389,-0.0234,0.0468,9.8294,0.2715,-0.3397,0.4328
25445,762,701,34.288,34.409,-0.0146,0.066,9.8064,1.1151,-0.4429,-0.2736
25450,773,695,34.422,34.366,0.0251,0.0466,9.9822,0.8718,-0.0925,-0.1333
25455,782,692,34.331,34.467,0.0453,0.0516,9.8201,-0.0056,-0.7775,0.2535
25460,782,685,34.366,34.467,-0.0621,-0.0458,9.8308,0.0606,-0.7324,0.5429
25465,790,677,34.351,34.394,-0.0563,0.019,9.7294,-0.8288,-0.3206,-0.7372
25470,806,671,34.324,34.451,0.1244,-0.0141,9.883,-0.0508,-0.1681,0.8026
25475,805,668,34.4,34.397,0.0903,-0.059,9.8385,-0.2431,-1.0813,0.6195
25480,817,671,34.356,34.408,0.0791,0.0003,9.8329,-0.4598,0.3056,1.4782
25485,822,661,34.264,34.468,0.0809,-0.0816,9.7486,-0.126,0.3736,-0.8825
25490,830,658,34.38,34.453,-0.068,-0.0143,9.7949,-0.4116,0.0073,0.0503
25495,849,659,34.415,34.533,0.0106,0.0181,9.8433,-0.7522,-0.6151,-0.1502
25500,866,649,34.338,34.315,-0.135,-0.0202,9.8932,-0.3119,0.4487,0.0096
25505,878,647,34.427,34.502,0.0951,-0.0424,9.8296,0.3844,0.1236,-0.1482
25510,884,644,34.37,34.454,-0.0057,0.0029,9.7729,-0.5827,0.0628,-0.4686
25515,892,641,34.481,34.378,0.0356,0.0302,9.8124,0.1308,0.6189,-0.7813
25520,911,640,34.36,34.394,0.0137,-0.0108,9.811,0.0345,0.7375,-0.6888
25525,922,631,34.404,34.447,-0.0882,-0.0588,9.7862,-0.2854,-0.3742,0.1777
25530,928,632,34.484,34.403,-0.0084,-0.0302,9.8377,0.1264,0.4355,0.2393
25535,941,635,34.325,34.59,0.0538,-0.118,9.8844,0.3982,-0.4081,-0.0718
25540,955,635,34.344,34.46,0.0606,0.0909,9.7291,-0.4739,0.411,-0.8061
25545,965,634,34.374,34.391,-0.01,-0.0215,9.8419,0.2686,-0.6774,-0.1027
25550,970,634,34.476,34.44,0.0063,-0.0335,9.8147,0.0967,-0.1917,-0.2509
25555,993,632,34.358,34.392,0.0908,0.0478,9.79,0.0434,-0.1129,-0.4819
25560,1000,639,34.35,34.444,-0.0272,-0.03,9.7797,0.5013,0.4355,0.3483
25565,1009,639,34.313,34.43,-0.0089,-0.0545,9.7368,0.8651,-0.4305,0.2447
25570,1024,637,34.398,34.41,-0.003,0.0061,9.8062,-0.2206,-0.408,-0.6307
25575,1031,644,34.311,34.39,0.0228,0.0129,9.7756,1.372,-0.9983,-0.3292
25580,1052,642,34.429,34.497,-0.0541,-0.099,9.7972,0.3645,0.2782,-0.0345
25585,1058,658,34.384,34.381,0.0995,-0.0107,9.8409,-0.4288,-0.4533,-0.2748
25590,1069,652,34.418,34.379,-0.0481,-0.0758,9.8238,0.148,-1.1037,0.0241
25595,1082,655,34.337,34.299,0.0107,-0.0045,9.8515,-0.583,0.866,0.1921
25600,1082,658,34.384,34.445,0.0404,-0.0101,9.811,-0.0663,0.0761,-0.5738
25605,1094,663,34.36,34.539,0.0246,0.0268,9.7035,0.8925,-0.7766,-0.8577
25610,1100,671,34.285,34.42,0.0551,0.0217,9.8,-0.3667,-0.2584,-0.3869
25615,1116,676,34.399,34.39,0.0257,0.0732,9.8023,0.0143,0.0264,0.1788
25620,1127,680,34.371,34.485,-0.0563,0.0087,9.7776,0.1295,-1.1359,0.2808
25625,1139,687,34.422,34.472,-0.0459,-0.0864,9.8064,-0.3437,-0.9261,-0.1215
25630,1142,692,34.251,34.475,0.0265,-0.0162,9.7943,-0.3944,-0.2316,-1.2667
25635,1149,697,34.45,34.368,-0.0428,0.0026,9.7689,0.415,-0.076,-1.4034
25640,1154,711,34.378,34.39,0.0607,-0.0267,9.8234,-0.7298,0.3839,0.4143
25645,1165,719,34.362,34.513,0.0644,-0.0362,9.8028,-0.4618,0.3914,-0.0464
25650,1168,722,34.356,34.567,-0.0075,0.0382,9.8067,-0.0802,0.118,-0.8573
25655,1175,733,34.353,34.379,-0.038,-0.0134,9.7553,-1.1402,0.5209,0.2043
25660,1170,739,34.333,34.433,-0.0468,0.074,9.8816,0.2067,-0.6379,0.3778
25665,1179,745,34.411,34.423,-0.0601,-0.0045,9.7596,-0.1369,0.4381,-0.0477
25670,1188,751,34.42,34.368,0.0428,-0.0225,9.6952,-0.7251,-0.2232,-0.1629
25675,1181,760,34.435,34.409,0.0198,0.026,9.7204,0.8003,-0.6425,0.1302
25680,1189,773,34.357,34.424,0.0679,0.0572,9.8492,-0.7967,0.1046,0.6942
25685,1180,777,34.439,34.474,-0.0154,0.038,9.7816,0.1599,-0.2375,-0.6276
25690,1190,786,34.244,34.477,0.0691,0.0047,9.7956,-0.3479,-0.414,-0.2916
25695,1197,794,34.363,34.378,-0.021,0.0721,9.7508,-0.022,0.1245,0.0038
25700,1188,795,34.363,34.448,-0.053,-0.0694,9.8095,-0.3154,-0.1793,-0.119
25705,1183,805,34.351,34.353,-0.0955,-0.0282,9.7829,-0.0603,-0.5152,0.1012
25710,1186,819,34.383,34.484,-0.0008,0.09,9.8333,0.7155,0.6229,-0.8846
25715,1183,823,34.335,34.45,0.0986,0.0259,9.7785,-0.5524,-1.2899,0.5918
25720,1183,828,34.378,34.424,0.0111,0.0512,9.7517,-0.5307,-0.5435,0.4611
25725,1193,842,34.426,34.426,0.0346,0.0763,9.8748,0.1667,-0.0517,0.6691
25730,1186,843,34.358,34.495,0.0034,-0.0241,9.7949,0.1615,0.4015,0.853
25735,1176,856,34.428,34.405,0.0202,0.12,9.8046,-0.7705,0.0514,-0.2436
25740,1173,860,34.52,34.394,0.0285,-0.0286,9.7811,-0.7923,0.6486,0.3154
25745,1181,865,34.318,34.398,-0.05,0.0073,9.823,-0.2558,0.11,-0.0507
25750,1175,873,34.335,34.496,-0.0344,-0.007,9.792,0.077,-0.2488,0.1484
25755,1167,874,34.423,34.509,-0.0132,-0.0094,9.8687,0.3994,-0.3197,-0.1796
25760,1168,887,34.309,34.353,-0.0118,-0.0006,9.8079,-0.4884,1.0974,0.0995
25765,1160,887,34.35,34.513,-0.0417,0.0227,9.7839,-0.6417,-0.3743,0.2696
25770,1157,893,34.464,34.36,-0.0534,-0.0528,9.8319,0.1155,-0.3278,0.2387
25775,1157,896,34.401,34.41,-0.0396,-0.0017,9.8006,0.1634,-0.0014,-0.7957
25780,1157,902,34.3,34.387,0.0022,-0.0408,9.8281,0.3951,-0.6625,-0.1391
25785,1153,900,34.444,34.44,-0.0695,-0.0055,9.8171,-0.4776,-0.4435,-0.0565
25790,1139,909,34.375,34.461,0.0188,0.0393,9.8223,0.2659,0.9019,-0.1186
25795,1147,909,34.416,34.361,-0.0624,0.0454,9.8376,0.062,-0.4432,0.2509
25800,1145,911,34.41,34.469,0.0373,-0.0349,9.8274,-0.553,0.337,0.4416
25805,1140,917,34.418,34.495,-0.0499,0.0114,9.8577,0.6775,-0.1333,-0.1293
25810,1143,913,34.371,34.44,0.004,0.0041,9.7838,-0.9851,-0.1908,0.388
25815,1135,915,34.45,34.481,-0.016,-0.0794,9.7634,-0.3889,0.2296,0.3871
25820,1133,918,34.411,34.426,-0.0542,0.0168,9.7188,0.1009,0.8537,0.6402
25825,1131,915,34.389,34.463,-0.0054,-0.0233,9.8346,0.7751,0.3551,-0.4052
25830,1130,920,34.345,34.517,-0.0331,-0.0377,9.8214,-0.2953,0.5272,-0.2653
25835,1119,925,34.365,34.478,-0.039,-0.0119,9.8193,0.8377,0.4512,0.314
25840,1124,924,34.504,34.327,0.029,0.0472,9.8425,0.1734,-0.5312,-0.3712
25845,1114,924,34.385,34.458,-0.0085,-0.0365,9.7597,-0.2476,-0.0855,-0.3475
25850,1114,928,34.341,34.448,0.0131,-0.0092,9.7761,0.5743,-0.1262,-0.5516
25855,1113,921,34.402,34.459,-0.0883,0.0128,9.7257,0.0689,0.2645,0.2472
25860,1112,923,34.334,34.468,0.0176,0.0298,9.753,-0.0826,0.3804,0.0773
25865,1102,922,34.379,34.444,-0.0622,-0.0231,9.8537,0.062,-0.1053,0.1357
25870,1107,919,34.399,34.379,0.038,0.046,9.7925,-0.5325,0.7983,0.1475
25875,1098,918,34.307,34.405,0.0739,-0.0451,9.8166,0.8837,0.1306,0.6278
25880,1098,916,34.299,34.395,-0.0169,0.0681,9.8209,0.3883,-0.542,0.2879
25885,1102,915,34.323,34.531,-0.0148,0.0306,9.852,-0.0002,0.0696,-0.5126
25890,1089,915,34.354,34.475,0.0714,-0.0397,9.7936,0.1377,-0.4064,0.1306
25895,1093,912,34.306,34.401,0.0483,-0.0021,9.7457,-0.4441,-0.032,-0.2401
25900,1094,910,34.349,34.544,-0.023,0.039,9.7779,-0.1596,0.2908,0.056
25905,1084,906,34.302,34.317,-0.027,-0.0181,9.7573,-0.0008,0.2898,0.2649
25910,1086,909,34.367,34.368,0.0098,-0.0506,9.8315,0.4262,-0.0136,0.1413
25915,1082,907,34.382,34.444,-0.0164,-0.0149,9.794,0.3306,0.1949,0.2944
25920,1081,899,34.4,34.485,-0.0463,-0.0369,9.7937,0.2036,0.2392,0.2009
25925,1081,901,34.267,34.452,-0.0461,-0.0304,9.7686,0.6825,0.9884,-0.0897
25930,1075,902,34.314,34.406,-0.0411,0.0633,9.8328,0.2758,0.091,0.0582
25935,1068,892,34.429,34.454,-0.056,-0.0349,9.8724,0.191,-0.0672,0.9367
25940,1072,888,34.414,34.368,-0.0027,0.015,9.7966,-0.3563,-0.496,0.4451
25945,1066,892,34.365,34.44,-0.058,-0.0979,9.8704,-0.404,-0.7011,0.5322
25950,1063,888,34.365,34.411,0.0135,0.016,9.8462,0.4077,0.3466,0.3167
25955,1067,886,34.325,34.436,-0.0066,0.0417,9.8415,0.309,-0.1337,0.6122
25960,1056,881,34.311,34.329,-0.0491,-0.0322,9.8021,0.3494,0.6256,0.4771
25965,1054,880,34.265,34.472,0.0396,-0.1206,9.7153,-0.3842,-0.5706,0.0922
25970,1049,878,34.439,34.482,0.0115,0.0096,9.7749,-0.1066,0.3901,0.0864
25975,1039,872,34.346,34.425,0.0532,0.0013,9.7632,0.3624,0.7555,-0.4445
25980,1039,874,34.429,34.372,0.0629,-0.029,9.8313,-0.4966,-0.0083,0.2618
25985,1042,872,34.343,34.337,0.0167,-0.047,9.7765,0.5866,-0.6058,0.0162
25990,1027,879,34.358,34.412,0.0667,-0.0505,9.856,-0.0094,-0.0978,-0.4654
25995,1023,871,34.32,34.493,0.0137,0.1107,9.8441,0.3856,-0.3749,0.2319
26000,1013,867,34.319,34.471,-0.013,-0.0236,9.8116,-0.4418,0.319,-0.0087
26005,1005,873,34.423,34.431,-0.0602,-0.0139,9.787,-1.2043,0.1765,0.5534
26010,1009,872,34.403,34.489,-0.1315,-0.0903,9.7898,-0.849,1.1566,0.5943
26015,1000,869,34.349,34.353,0.022,0.0213,9.8246,-0.1872,-0.1128,0.0718
26020,992,862,34.276,34.271,0.0318,0.0671,9.8365,0.7243,0.6736,0.1989
26025,991,865,34.382,34.415,0.0558,0.076,9.8109,0.3115,-0.1814,-0.0359
26030,990,863,34.408,34.413,-0.0241,-0.0103,9.7777,-0.4717,0.6176,1.0077
26035,966,861,34.379,34.332,-0.0585,-0.0032,9.7918,-0.2385,-0.4685,0.2299
26040,967,854,34.421,34.372,-0.0593,-0.0181,9.7492,0.5171,-0.619,-0.5565
26045,949,856,34.32,34.346,-0.0102,0.055,9.7928,-0.0194,0.4853,-0.7827
26050,944,853,34.432,34.459,0.0322,-0.0241,9.8075,-0.1808,-0.5986,0.3607
26055,934,856,34.326,34.423,-0.0149,0.0558,9.8211,0.2198,-0.9682,0.1678
26060,931,854,34.428,34.376,0.051,-0.0555,9.8133,0.203,-0.6058,0.0436
26065,928,858,34.363,34.412,-0.0073,-0.0656,9.7659,-0.4511,0.4103,0.6087
26070,903,848,34.392,34.344,-0.0256,-0.0137,9.7824,-0.5608,0.2528,-1.014
26075,904,850,34.329,34.551,0.0312,0.0878,9.7369,0.6469,0.5056,-0.3416
26080,894,848,34.416,34.432,0.0646,-0.0049,9.823,-0.2234,-1.0486,0.457
26085,885,839,34.363,34.456,0.0275,0.0194,9.7899,-0.2246,0.1719,0.5664
26090,882,837,34.364,34.417,-0.0225,0.0022,9.8102,-0.3395,0.2867,0.0713
26095,876,841,34.355,34.348,-0.0098,-0.0264,9.7504,-0.7185,-0.0459,-0.4433
26100,864,834,34.337,34.338,0.0211,-0.0614,9.8343,-0.3528,-0.2494,-0.5765
26105,842,838,34.405,34.499,-0.1182,-0.062,9.7961,-0.2219,-0.0564,-0.3748
26110,837,834,34.394,34.445,-0.0589,0.0137,9.765,0.1944,-0.3649,-0.3267
26115,833,831,34.339,34.51,0.0589,-0.0502,9.7571,0.3715,-0.1011,0.1872
26120,832,827,34.375,34.38,0.0428,-0.0082,9.7995,-0.918,-0.0931,-0.1095
26125,808,827,34.303,34.433,0.0694,0.074,9.7868,0.063,-0.1519,0.3167
26130,806,817,34.352,34.386,-0.0114,0.0238,9.8085,0.7256,0.5047,0.0615
26135,800,819,34.403,34.403,-0.0142,-0.0445,9.7189,-0.1414,-0.1723,-0.4256
26140,793,812,34.335,34.416,0.022,0.0295,9.7211,0.0874,0.0036,0.6294
26145,795,812,34.376,34.326,0.0362,-0.0357,9.868,0.0716,0.1966,-0.2718
26150,796,798,34.402,34.4,-0.0826,0.0524,9.784,-0.7437,0.7746,0.3913
26155,774,799,34.379,34.413,-0.0101,-0.0817,9.8122,-1.0005,-0.8908,0.2812
26160,773,795,34.334,34.399,0.0061,0.0372,9.8056,0.6339,-0.4747,-0.2339
26165,761,789,34.228,34.498,0.0918,0.0322,9.8019,0.0765,0.2036,-0.674
26170,764,792,34.458,34.432,-0.0989,-0.0734,9.8379,-0.8617,0.8257,0.026
26175,756,779,34.356,34.459,-0.0296,-0.0727,9.8259,-0.5336,0.4459,-0.2906
26180,753,778,34.392,34.417,-0.0259,0.0689,9.908,0.2334,-1.2082,-0.1893
26185,752,772,34.393,34.32,-0.0136,-0.0037,9.7104,-0.0602,-0.1879,-0.1977
26190,761,765,34.376,34.468,-0.0408,0.0605,9.777,-0.3457,-0.0536,0.1814
26195,742,754,34.345,34.385,-0.0036,-0.042,9.8314,0.1379,0.1906,0.2706
26200,746,757,34.332,34.386,0.0657,0.0487,9.7765,-0.1304,-0.4957,0.2202
26205,745,749,34.33,34.437,-0.0546,0.0337,9.7547,0.0542,-0.5821,0.1861
26210,752,740,34.411,34.412,-0.0229,0.0692,9.8069,-0.4078,-0.1177,0.142
26215,746,733,34.422,34.501,-0.0224,0.003,9.6848,0.7007,-0.3562,-0.1332
26220,754,733,34.398,34.37,-0.0172,0.0355,9.8019,-0.1943,1.0187,-0.3708
26225,737,725,34.397,34.438,0.0917,-0.0214,9.8577,0.3918,-0.2837,0.7068
26230,754,716,34.48,34.479,-0.0389,-0.0565,9.731,-0.4774,0.3658,-0.4343
26235,765,712,34.311,34.451,0.0297,-0.0073,9.8836,-0.8472,-0.1741,0.2362
26240,761,709,34.366,34.426,-0.0133,0.0609,9.7332,0.1135,0.3485,0.2709
26245,775,705,34.304,34.411,0.0164,-0.0582,9.8463,0.5369,0.0008,0.6905
26250,784,693,34.315,34.402,0.032,0.0461,9.9356,-0.3625,-0.2746,0.2003
26255,777,694,34.409,34.448,0.0979,-0.084,9.742,0.2549,-0.7694,0.0271
26260,788,685,34.447,34.552,-0.0294,-0.0297,9.7605,0.219,0.2458,0.1633
26265,801,677,34.28,34.442,-0.0439,-0.0001,9.9171,-0.1074,-1.2452,-0.3001
26270,810,675,34.314,34.496,0.1094,0.0337,9.7087,0.1859,-0.1878,-0.6581
26275,812,669,34.376,34.467,-0.0557,0.0003,9.7488,0.0439,-0.2249,0.1127
26280,829,665,34.357,34.338,0.1052,0.0845,9.7657,0.119,-0.2175,0.5882
26285,835,659,34.416,34.382,-0.0147,-0.0527,9.8008,0.237,0.3162,0.6626
26290,845,663,34.377,34.44,-0.0348,0.0671,9.815,0.2372,-0.705,0.2987
26295,852,655,34.33,34.422,-0.0226,-0.1337,9.9638,-0.5979,-0.1128,-0.3699
26300,855,651,34.373,34.507,-0.0992,-0.0959,9.8192,0.3236,-0.5212,-0.1852
26305,873,650,34.385,34.441,0.006,-0.0617,9.8041,-0.5373,-0.2154,-0.3106
26310,889,645,34.369,34.484,0.0175,-0.0311,9.8517,0.3674,-0.1241,0.2222
26315,899,641,34.389,34.383,-0.0223,0.0293,9.8881,0.0945,-0.363,0.3075
26320,904,640,34.377,34.373,0.0266,-0.0023,9.7261,-0.1148,0.1527,-0.297
26325,921,639,34.362,34.337,0.0186,0.0419,9.7755,-0.3272,0.1171,0.1746
26330,931,633,34.43,34.357,-0.0032,0.0001,9.825,-0.0078,-0.0454,-1.0341
26335,944,637,34.352,34.427,-0.0342,-0.0655,9.7904,0.2561,0.8985,0.4956
26340,958,638,34.394,34.476,0.0674,0.0554,9.7673,0.4537,-0.1683,0.5787
26345,967,630,34.366,34.352,0.017,0.0233,9.8054,-0.4511,0.7651,-0.2084
26350,975,633,34.32,34.367,0.0503,-0.0033,9.7692,-0.2614,0.2704,0.847
26355,996,635,34.323,34.382,-0.0911,-0.0692,9.6839,-0.0413,-0.2086,0.4198
26360,1004,635,34.292,34.489,-0.0054,-0.0115,9.8366,0.9,0.2843,0.4691
26365,1019,637,34.439,34.341,-0.0124,0.0561,9.823,-0.3535,0.3537,-0.6786
26370,1025,642,34.378,34.337,0.0237,0.0265,9.7544,-0.2916,0.3822,0.1785
26375,1042,640,34.355,34.441,0.015,0.0394,9.9206,-0.7463,0.6853,0.1597
26380,1043,649,34.376,34.426,-0.0089,0.0481,9.7987,1.1809,0.3016,-0.4132
26385,1061,646,34.374,34.447,-0.006,-0.0181,9.7974,-0.7118,0.6271,0.1708
26390,1078,651,34.354,34.451,-0.0262,0.0189,9.7714,0.6496,-0.9455,-0.06
26395,1084,655,34.3,34.382,0.0456,-0.0424,9.8274,-0.1139,-0.2696,-0.1647
26400,1083,660,34.371,34.384,0.0138,-0.0362,9.74,0.8748,-0.2233,-0.2893
26405,1101,664,34.413,34.345,-0.0288,-0.001,9.8285,0.3219,1.1533,-0.273
26410,1110,678,34.351,34.479,-0.0685,0.0312,9.8412,-0.3305,0.3814,0.1004
26415,1106,679,34.407,34.473,-0.0059,0.0266,9.8716,-0.4229,-0.3821,0.0481
26420,1115,684,34.369,34.401,0.0701,0.0403,9.8454,0.335,-0.1025,-0.6123
26425,1142,690,34.392,34.369,-0.0141,0.0529,9.7794,-0.1834,-0.1489,-0.4075
26430,1151,704,34.304,34.385,-0.0282,-0.0033,9.8191,0.6715,-0.1258,-0.4192
26435,1147,701,34.36,34.478,-0.0144,-0.0766,9.7992,-1.1314,0.3093,0.1395
26440,1151,715,34.405,34.422,-0.0655,-0.0962,9.813,0.0839,0.5868,-0.0306
26445,1156,720,34.471,34.453,-0.0594,-0.082,9.8247,0.4183,-0.3452,-0.7075
26450,1166,728,34.46,34.417,-0.0159,-0.0018,9.7131,0.1058,-0.0514,0.1378
26455,1173,728,34.37,34.413,-0.0816,-0.0477,9.8059,0.5469,-0.1326,-0.1739
26460,1172,741,34.385,34.437,0.0332,0.0647,9.781,-0.7221,-0.6003,-0.0169
26465,1176,749,34.376,34.461,-0.0339,-0.0165,9.7606,0.4003,-0.0665,-0.661
26470,1179,758,34.24,34.413,0.0414,0.0687,9.8342,0.2224,0.7354,-0.086
26475,1179,764,34.433,34.395,-0.0213,0.0123,9.8543,-0.2661,0.0678,-0.007
26480,1179,767,34.336,34.365,-0.053,0.0548,9.8775,-0.5074,0.2826,0.3655
26485,1192,778,34.351,34.388,-0.0166,0.038,9.853,-0.2944,-0.5504,0.2064
26490,1180,792,34.266,34.487,-0.0251,0.0554,9.8267,-0.0413,-0.5162,-0.0923
26495,1184,793,34.341,34.424,-0.0518,-0.0806,9.8099,-0.1944,0.3306,-0.1366
26500,1185,799,34.419,34.418,0.0207,-0.0277,9.8241,0.4489,0.2867,0.6391
26505,1196,813,34.352,34.423,-0.1026,0.004,9.8537,-0.4091,0.2058,-0.3263
26510,1182,818,34.306,34.388,-0.0411,-0.0313,9.828,-0.5002,1.0296,-0.3711
26515,1192,829,34.422,34.413,0.0184,0.1126,9.8992,-0.1906,1.38,-0.6773
26520,1184,829,34.356,34.424,-0.0256,-0.0279,9.8606,0.2849,0.6409,-0.5157
26525,1193,835,34.399,34.442,-0.0241,0.0335,9.8052,-0.7641,-0.0791,-0.04
26530,1181,847,34.395,34.415,0.0198,0.0416,9.8549,0.4984,-0.7409,0.0219
26535,1188,853,34.362,34.438,-0.0604,-0.0136,9.8192,0.0701,0.5922,-0.3851
26540,1192,861,34.329,34.376,0.0745,0.0507,9.8346,0.2615,0.0811,-0.0575
26545,1185,870,34.377,34.487,0.0672,-0.0402,9.8973,0.3174,0.0368,0.2763
26550,1172,871,34.349,34.4,0.016,0.015,9.8785,0.4989,-0.0199,-1.1873
26555,1175,880,34.417,34.39,-0.0308,-0.032,9.8802,-0.4099,0.2717,0.432
26560,1172,880,34.362,34.436,-0.0339,-0.0037,9.7329,0.2544,0.1486,-0.8855
26565,1166,889,34.369,34.414,-0.0058,0.0586,9.886,0.1417,-0.6978,-0.4502
26570,1159,895,34.405,34.434,0.046,0.0362,9.7565,0.5144,0.2896,-0.053
26575,1163,893,34.318,34.508,-0.0508,-0.0013,9.7237,-0.4292,0.0329,0.2613
26580,1151,897,34.452,34.374,-0.0344,-0.0033,9.8211,0.2594,0.4943,0.6042
26585,1149,908,34.388,34.413,-0.0831,0.0403,9.8303,-0.159,0.5693,0.5551
26590,1142,911,34.397,34.446,0.0991,-0.0449,9.779,-0.063,-0.4322,0.7932
26595,1137,907,34.422,34.476,0.0382,0.0853,9.8788,-0.1352,0.7361,0.5075
26600,1143,910,34.406,34.346,-0.0306,-0.0647,9.8316,-0.4067,0.5583,0.8461
26605,1136,917,34.416,34.407,-0.1182,0.0322,9.8391,-0.9989,-0.8167,-0.2386
26610,1128,921,34.246,34.348,0.0103,-0.0603,9.7865,-0.0693,-0.1639,0.9691
26615,1125,924,34.43,34.469,-0.0401,0.062,9.7108,0.3913,-0.3357,0.0685
26620,1139,922,34.326,34.34,0.0303,0.0377,9.8485,-0.6779,0.3075,0.3516
26625,1121,916,34.323,34.436,-0.0891,0.0742,9.8543,-0.1827,0.1044,-0.1365
26630,1127,926,34.344,34.366,-0.031,-0.0363,9.7216,-0.2032,-0.5106,0.0009
26635,1122,922,34.312,34.396,-0.0498,-0.0464,9.818,0.5047,0.4866,-0.3696
26640,1120,922,34.418,34.533,0.0238,-0.0117,9.7839,-0.221,0.3937,0.5136
26645,1120,919,34.407,34.371,-0.0306,0.0421,9.8533,-0.2186,0.1491,-0.0799
26650,1116,923,34.359,34.402,-0.0197,-0.0271,9.7977,-1.3556,-0.4686,0.5931
26655,1108,920,34.304,34.413,0.0192,0.0572,9.7957,0.698,0.0912,-0.3669
26660,1101,928,34.268,34.411,-0.02,0.0362,9.7695,-0.281,-0.728,-0.0638
26665,1104,921,34.423,34.376,0.0164,0.0053,9.8015,-0.5161,0.1606,0.3115
26670,1102,918,34.276,34.436,-0.021,-0.0733,9.8342,-0.5493,-0.0302,-0.0573
26675,1099,914,34.323,34.436,-0.0215,0.0577,9.8469,-0.1472,-0.3014,0.358
26680,1094,911,34.357,34.429,-0.0105,-0.0443,9.8409,0.0993,0.1052,0.6251
26685,1092,914,34.346,34.464,0.073,0.0114,9.8943,0.2854,-0.4138,0.5306
26690,1090,910,34.304,34.424,0.0204,-0.0098,9.7702,0.1656,0.2764,0.5209
26695,1102,909,34.38,34.327,0.1102,-0.0168,9.812,-0.227,-0.1124,0.2193
26700,1085,909,34.353,34.475,0.0045,0.0612,9.8068,-0.4806,-1.2117,0.1155
26705,1083,906,34.421,34.418,0.0061,0.0265,9.878,0.654,-0.0881,-0.4228
26710,1090,907,34.327,34.469,-0.0372,-0.0236,9.7626,0.8814,-0.2041,-0.8554
26715,1079,899,34.303,34.35,-0.0746,0.0246,9.769,-0.5339,-0.544,0.1792
26720,1089,904,34.347,34.455,0.11,0.0348,9.8481,0.3232,-0.5539,-0.6236
26725,1064,897,34.367,34.453,-0.0478,-0.0262,9.8842,-0.131,0.203,-1.0526
26730,1081,897,34.283,34.4,-0.0768,-0.0094,9.874,0.1529,-0.4402,0.001
26735,1074,894,34.357,34.353,0.1083,-0.0384,9.8194,-0.1306,-0.88,-0.0851
26740,1070,889,34.428,34.407,-0.0116,-0.0454,9.8367,0.2458,-0.0351,0.5048
26745,1064,889,34.324,34.335,-0.0464,0.0259,9.8425,0.2824,-0.4195,0.6602
26750,1061,886,34.404,34.384,-0.0353,-0.0265,9.8258,0.782,-0.5298,-0.6237
26755,1061,888,34.345,34.385,-0.0099,-0.023,9.8379,0.4056,0.8022,-0.5679
26760,1054,885,34.443,34.423,-0.0312,0.0606,9.7528,-0.005,-0.3226,1.2808
26765,1048,881,34.36,34.481,-0.039,0.0893,9.8503,0.088,-0.1796,0.6986
26770,1053,880,34.332,34.37,-0.0132,-0.0093,9.8559,-0.7022,-1.0947,-0.099
26775,1050,877,34.369,34.4,-0.004,-0.0981,9.9578,-0.1412,-0.0982,0.027
26780,1043,874,34.343,34.412,0.0514,0.0975,9.7962,0.1418,0.6355,0.1487
26785,1031,876,34.51,34.409,0.0154,-0.0024,9.7678,0.6776,-0.3113,0.0246
26790,1026,875,34.382,34.504,-0.0039,-0.001,9.7311,-0.1992,-0.619,-0.1432
26795,1031,874,34.318,34.475,-0.0454,0.0106,9.7347,0.3328,0.7223,-0.4936
26800,1013,870,34.314,34.462,-0.0623,0.0551,9.8254,1.0919,-0.9582,-0.0056
26805,1005,867,34.392,34.386,-0.0308,-0.0681,9.7308,0.8763,-0.0098,0.0981
26810,1006,864,34.373,34.393,0.0491,-0.0159,9.788,-0.6996,1.1156,0.0337
26815,998,859,34.403,34.443,0.0341,0.0204,9.8262,0.2335,-0.1657,-0.365
26820,1003,860,34.355,34.44,-0.0294,-0.0286,9.8584,0.2505,-0.276,-0.0467
26825,991,862,34.332,34.386,-0.0156,0.0672,9.7701,-0.2516,-0.0523,0.6877
26830,983,863,34.405,34.393,0.0215,-0.0126,9.8685,0.9563,0.3815,-0.6989
26835,962,866,34.435,34.449,0.0219,-0.0451,9.8583,0.3801,0.0921,-0.8908
26840,967,862,34.363,34.396,-0.0673,0.0287,9.7118,0.2043,0.6725,-0.0658
26845,946,857,34.327,34.414,0.0145,-0.0767,9.8525,0.2712,-0.1645,-0.2765
26850,951,858,34.306,34.392,0.0499,-0.0133,9.8043,1.183,0.8302,0.203
26855,939,852,34.417,34.346,0.0385,0.0116,9.8673,-0.0997,0.102,0.7816
26860,936,854,34.326,34.428,-0.0264,-0.0327,9.8548,-0.6871,-0.0871,-0.3198
26865,916,850,34.37,34.358,0.0032,0.039,9.7591,-0.4549,-0.1295,-0.1264
26870,919,851,34.385,34.396,0.003,0.0676,9.827,0.6116,-0.5356,-0.4476
26875,903,848,34.429,34.367,-0.0202,0.0506,9.7739,-0.627,-0.1821,-0.0192
26880,895,841,34.343,34.39,0.0041,-0.0063,9.769,-0.8803,0.2219,0.5444
26885,891,847,34.407,34.458,-0.009,-0.0265,9.8055,0.288,0.2091,-0.2241
26890,870,842,34.337,34.456,-0.0359,-0.0451,9.8274,-0.3751,-0.3284,-0.4294
26895,879,843,34.412,34.383,0.0829,-0.0148,9.8051,-0.1131,0.0077,0.2335
26900,858,835,34.288,34.403,-0.0469,0.0226,9.792,0.0076,-0.3144,0.2352
26905,853,837,34.421,34.392,-0.0644,-0.103,9.7736,0.108,-0.5467,0.5597
26910,835,828,34.319,34.373,-0.0303,0.0492,9.7982,-0.1247,-0.0655,-0.1144
26915,831,827,34.458,34.448,0.0643,0.0662,9.7991,-0.0274,-0.6954,-0.4697
26920,829,825,34.481,34.506,0.0179,-0.0349,9.824,-0.4907,-0.6947,-0.1996
26925,819,821,34.318,34.406,-0.039,-0.0201,9.7973,0.5032,-0.6824,-1.1148
26930,808,813,34.378,34.397,0.0456,0.0668,9.775,-0.5449,0.226,0.68
26935,801,813,34.38,34.299,-0.0204,0.0682,9.844,0.7857,0.3504,-0.4931
26940,798,812,34.335,34.299,-0.1291,0.0258,9.7435,0.1215,0.1277,0.2327
26945,792,807,34.356,34.411,0.0002,-0.0501,9.7963,0.3164,0.3513,-0.8115
26950,797,806,34.367,34.395,-0.024,0.0033,9.8164,0.2255,-0.187,0.2744
26955,781,801,34.404,34.421,-0.0125,-0.0095,9.8004,-0.733,1.0044,-0.0828
26960,772,791,34.377,34.453,0.0106,0.0013,9.7803,-0.8447,-1.1549,-0.3756
26965,769,791,34.334,34.4,-0.0641,-0.0343,9.889,-0.317,1.361,-0.4341
26970,757,783,34.342,34.44,-0.0288,0.0941,9.9215,-0.2103,-0.5936,-0.3154
26975,749,779,34.31,34.446,-0.032,0.0416,9.7372,0.7728,-0.0715,-0.4316
26980,753,777,34.355,34.418,0.0558,-0.0327,9.7898,-0.1151,1.6834,0.9834
26985,749,769,34.393,34.385,0.0239,-0.0298,9.7393,0.0865,0.8003,1.0523
26990,750,764,34.373,34.417,-0.0226,-0.0001,9.8582,-0.2215,0.2212,0.5884
26995,749,756,34.448,34.396,0.0107,0.021,9.7593,-0.2378,-0.4935,-0.8192
27000,746,755,34.368,34.303,0.0833,-0.0042,9.783,-0.171,0.6113,0.6343
27005,745,749,34.304,34.51,0.0102,-0.0272,9.8718,-0.3794,0.6606,0.2068
27010,749,749,34.323,34.378,0.0478,-0.013,9.7754,-0.3198,0.4597,-0.8798
27015,757,739,34.379,34.375,0.0689,0.0465,9.767,-0.1736,-0.938,0.1188
27020,750,730,34.345,34.353,-0.0179,-0.0168,9.8227,0.3498,0.55,-0.6703
27025,752,719,34.414,34.504,-0.089,0.0095,9.8587,0.5649,-0.0741,-0.5971
27030,758,722,34.352,34.411,-0.0067,0.0144,9.8445,-0.0826,0.9641,-0.0558
27035,760,711,34.317,34.45,-0.0375,0.0655,9.8923,0.1988,0.234,-0.3611
27040,772,704,34.42,34.353,0.0051,0.063,9.8339,0.566,-0.3425,-0.8962
27045,772,698,34.376,34.441,0.0081,0.0523,9.8428,0.5749,-0.2742,0.0115
27050,783,697,34.349,34.471,0.0845,-0.0178,9.8675,-0.2416,-0.0462,0.104
27055,777,688,34.326,34.414,0.039,-0.0202,9.7452,-0.3155,0.0217,-0.3701
27060,794,681,34.399,34.506,-0.0323,0.1387,9.8052,-0.1685,0.5411,0.1279
27065,791,676,34.312,34.439,0.1002,0.0073,9.7981,0.6238,0.1706,0.7238
27070,806,673,34.356,34.464,0.0546,-0.0542,9.8493,0.1403,-0.6171,0.2598
27075,806,666,34.407,34.397,-0.0655,-0.0415,9.8556,-0.4225,0.1458,-0.186
27080,833,664,34.305,34.405,0.0275,-0.0556,9.7807,-0.2421,-0.1769,-0.1576
27085,840,661,34.356,34.375,0.0743,-0.0365,9.8254,0.3676,-0.0148,-1.4126
27090,838,659,34.326,34.426,-0.0228,0.0019,9.7855,-0.368,0.2576,-0.2896
27095,852,652,34.327,34.366,0.0514,-0.0548,9.8534,-0.0706,0.532,-1.0303
27100,865,644,34.328,34.541,-0.0963,-0.1094,9.8115,-0.2053,0.0748,-0.3275
27105,874,648,34.384,34.462,-0.0697,-0.0837,9.7287,0.7314,0.0619,0.4116
27110,885,644,34.283,34.493,-0.0047,-0.0153,9.7858,0.541,0.0083,0.2719
27115,895,642,34.298,34.341,-0.0126,-0.0029,9.8798,0.8342,-0.1491,0.2228
27120,922,640,34.422,34.376,0.0128,-0.0065,9.8562,-0.3704,-0.1176,0.4248
27125,924,636,34.274,34.367,-0.002,0.0694,9.8475,-0.56,0.0616,-0.2961
27130,935,641,34.36,34.353,-0.0532,-0.0853,9.8357,0.2773,-0.6024,1.4349
27135,938,638,34.295,34.424,0.0101,0.0534,9.7661,0.0421,0.8555,-0.1428
27140,956,637,34.407,34.376,-0.0574,-0.0527,9.7045,0.1656,-0.1001,0.7217
27145,975,633,34.386,34.371,0.0111,-0.0703,9.7588,-0.9581,0.0038,0.0576
27150,986,635,34.364,34.455,0.0357,0.0769,9.775,-0.2289,-0.6879,0.6063
27155,992,638,34.416,34.472,0.124,0.0249,9.7604,-0.3481,0.4693,-0.6665
27160,1001,638,34.333,34.412,0.0167,-0.0044,9.8038,0.4139,1.3598,0.8307
27165,1019,638,34.406,34.493,0.0356,0.0145,9.9102,0.5633,0.7665,0.5183
27170,1035,644,34.22,34.399,-0.0283,-0.0186,9.8221,0.2797,1.2049,-1.3047
27175,1037,649,34.439,34.438,0.0516,-0.0103,9.878,0.3704,0.1042,-0.6832
27180,1060,653,34.308,34.396,-0.0029,-0.0683,9.8523,0.5911,0.532,0.863
27185,1062,648,34.288,34.375,-0.0692,0.0523,9.7891,-0.0206,-0.0321,-0.7719
27190,1061,647,34.343,34.434,0.0675,-0.0487,9.7723,-0.0683,-0.6446,-0.2409
27195,1086,656,34.311,34.422,-0.0948,-0.0416,9.7894,-0.051,-0.1023,-0.9161
27200,1097,660,34.324,34.414,-0.024,-0.0278,9.7859,-0.2808,-0.3498,-0.3654
27205,1096,668,34.303,34.384,0.0186,-0.0517,9.9261,0.213,1.1119,0.2929
27210,1108,674,34.431,34.461,0.0188,0.0739,9.79,0.1147,-0.3167,0.4298
27215,1118,687,34.39,34.334,0.075,-0.0352,9.8336,0.5358,0.2134,-0.0662
27220,1123,686,34.271,34.383,-0.0277,-0.015,9.8307,0.5811,0.5999,0.5868
27225,1145,696,34.396,34.428,0.0363,-0.0564,9.7534,0.4467,-0.4562,-0.3544
27230,1150,699,34.286,34.43,0.0109,0.0199,9.8492,-0.3579,-0.5976,0.6472
27235,1149,704,34.341,34.397,0.0084,0.0489,9.721,0.5299,1.2056,0.4011
27240,1154,710,34.343,34.432,-0.0677,0.0037,9.8225,0.3636,-0.808,-0.1175
27245,1164,721,34.374,34.392,0.0161,-0.0276,9.869,-0.7482,-0.4167,0.6382
27250,1157,726,34.35,34.41,0.0434,-0.0084,9.7982,0.4511,0.61,0.2904
27255,1166,726,34.376,34.434,-0.017,0.0895,9.8765,0.1645,0.5681,0.4132
27260,1172,742,34.277,34.377,0.0522,-0.0142,9.852,-0.5645,-0.184,0.5145
27265,1177,748,34.396,34.434,0.0345,0.0043,9.8626,0.2728,0.2491,-0.0443
27270,1183,758,34.387,34.332,0.1024,0.0479,9.8353,1.1304,0.5413,-0.3635
27275,1181,763,34.347,34.422,0.0545,0.0354,9.8218,-0.3606,0.3762,0.4248
27280,1174,773,34.336,34.392,-0.0559,-0.0295,9.8277,-0.4873,0.3965,-0.2456
27285,1185,784,34.331,34.433,-0.0169,0.0641,9.7651,-0.8062,0.4552,0.0731
27290,1182,792,34.36,34.405,0.0134,-0.0365,9.7683,0.1674,0.3806,-0.0895
27295,1195,793,34.323,34.387,0.0018,-0.0245,9.8363,0.5844,-0.5567,-0.9374
27300,1193,803,34.367,34.365,-0.0403,-0.0195,9.7976,0.3877,-0.5132,-0.2143
27305,1195,806,34.308,34.388,0.0285,-0.0578,9.8349,0.4009,0.2,0.3005
27310,1189,812,34.327,34.432,0.0336,-0.041,9.8017,0.1214,-0.1599,-0.5376
27315,1189,823,34.41,34.365,0.0145,0.0032,9.8171,-0.268,0.1424,-0.1025
27320,1185,834,34.304,34.428,0.058,0.0183,9.8662,0.0311,-0.4299,0.5007
27325,1178,837,34.328,34.343,-0.0504,0.0777,9.8097,0.4126,-0.3615,-0.0719
27330,1187,850,34.31,34.453,-0.0323,-0.0454,9.7775,-0.1694,-0.2666,0.5392
27335,1177,858,34.313,34.351,-0.0647,0.051,9.9001,-0.5032,-0.9639,-0.0257
27340,1168,859,34.448,34.372,0.0206,-0.0233,9.6711,-0.0599,-0.0779,0.0244
27345,1174,868,34.296,34.405,0.0624,-0.1121,9.8442,-0.2155,0.1155,0.3458
27350,1167,876,34.31,34.422,-0.0697,-0.0053,9.8972,-0.861,0.647,-0.2995
27355,1174,880,34.383,34.365,0.0459,0.0172,9.8651,0.3849,0.3097,0.8074
27360,1176,883,34.377,34.423,0.0312,0.0342,9.7623,0.4577,-0.3714,-0.0749
27365,1163,886,34.315,34.511,-0.0065,-0.0257,9.8179,-0.4358,0.133,0.4726
27370,1159,897,34.312,34.419,0.1031,-0.0012,9.7144,0.3774,0.3217,-0.344
27375,1147,893,34.375,34.345,-0.0282,0.08,9.799,-0.6045,-0.8322,-0.2161
27380,1148,897,34.361,34.456,-0.0427,0.0799,9.7844,-0.7818,-0.8232,-0.7265
27385,1154,900,34.421,34.505,0.0388,0.0137,9.8529,0.8691,0.2665,0.105
27390,1141,902,34.467,34.367,-0.0465,0.073,9.812,0.3854,0.695,-0.3927
27395,1144,913,34.314,34.329,0.0353,0.0762,9.7877,0.4133,-1.0113,1.0073
27400,1141,915,34.386,34.411,0.0254,0.0343,9.8213,-0.3106,1.1942,-0.7863
27405,1132,909,34.408,34.393,0.1426,-0.1045,9.9127,-0.1454,1.4286,-0.8694
27410,1139,915,34.261,34.427,-0.0153,-0.0606,9.7451,-0.244,1.0057,-0.8549
27415,1145,921,34.443,34.501,-0.027,0.0428,9.7208,-0.5282,0.0692,-0.2687
27420,1134,915,34.388,34.346,0.0702,0.0662,9.7316,-0.9286,-0.0432,0.7618
27425,1125,925,34.357,34.347,-0.0399,-0.001,9.848,0.0456,0.0799,0.4413
27430,1122,928,34.386,34.352,0.0468,-0.0064,9.8116,-0.2378,0.8264,1.1528
27435,1129,919,34.35,34.387,-0.0972,-0.0165,9.7622,0.1329,1.0539,-0.1238
27440,1116,920,34.333,34.41,-0.1057,0.0071,9.8776,-0.0053,0.1198,-0.7313
27445,1112,921,34.348,34.379,-0.0799,-0.0158,9.8529,-0.4978,0.3105,0.0797
27450,1111,930,34.347,34.386,-0.0239,-0.0876,9.75,-0.4344,-0.2757,-0.1076
27455,1109,920,34.321,34.5,0.017,0.0122,9.7915,-0.1374,0.3398,-0.7026
27460,1116,918,34.359,34.466,0.0447,0.0385,9.8161,0.2501,-0.1888,-0.0235
27465,1103,926,34.399,34.359,-0.0203,0.0148,9.8189,-0.2801,-0.4347,-0.299
27470,1104,917,34.403,34.487,0.064,-0.0084,9.8328,0.8291,0.5545,0.6107
27475,1106,918,34.357,34.34,-0.0004,-0.0427,9.8018,-0.1126,-0.6072,-0.7855
27480,1093,916,34.347,34.45,-0.0523,-0.038,9.892,0.4694,0.8195,0.0754
27485,1098,914,34.392,34.386,0.0125,-0.0671,9.8027,-0.0542,0.0797,-0.4966
27490,1088,914,34.337,34.337,-0.0217,-0.0111,9.8053,0.4832,0.5521,-0.1314
27495,1100,908,34.325,34.328,0.0645,-0.0592,9.7343,-0.0731,-0.3461,0.3455
27500,1091,906,34.542,34.376,-0.0262,0.0546,9.8604,0.474,0.7063,0.8104
27505,1079,904,34.308,34.327,-0.0951,0.0082,9.8306,-0.5299,0.0233,0.0685
27510,1091,905,34.408,34.356,0.0289,-0.0066,9.7666,0.0613,-0.4755,-0.1368
27515,1081,903,34.333,34.395,-0.0024,0.0895,9.8109,-0.0591,1.3591,0.6043
27520,1075,903,34.332,34.348,0.0403,-0.0594,9.8394,-0.0799,0.0403,0.0358
27525,1079,899,34.372,34.41,0.0944,0.0108,9.772,-0.3525,-0.1709,-0.0589
27530,1080,897,34.356,34.44,-0.1034,0.0482,9.7602,0.4096,0.1116,-1.4643
27535,1076,895,34.393,34.358,-0.0175,-0.0451,9.7608,-0.0963,-0.3928,0.2466
27540,1057,889,34.312,34.376,0.0391,0.0564,9.8161,0.549,0.7753,0.1381
27545,1067,889,34.373,34.44,0.0743,-0.0645,9.7517,0.5008,1.0172,-0.2548
27550,1067,883,34.41,34.429,0.0477,-0.0268,9.7715,0.2138,-0.4647,0.4267
27555,1056,886,34.349,34.452,0.0029,0.0731,9.7122,1.4056,-0.0953,-0.3441
27560,1053,884,34.355,34.41,0.0292,-0.0368,9.7994,0.0129,0.9925,-0.7234
27565,1053,881,34.397,34.485,0.0007,0.0206,9.882,0.6737,0.2947,0.217
27570,1049,879,34.457,34.389,0.0428,-0.0798,9.7829,-0.0874,-0.0538,0.5705
27575,1043,877,34.364,34.334,-0.0565,0.0127,9.8168,-0.3696,1.1315,0.5644
27580,1037,875,34.386,34.41,-0.0721,-0.1464,9.8279,-0.6674,-0.7662,0.519
27585,1038,869,34.236,34.317,0.0349,-0.0188,9.848,-0.5869,-0.621,0.2098
27590,1032,866,34.379,34.435,0.0732,-0.0128,9.9032,-0.3423,0.0746,-0.7497
27595,1015,870,34.309,34.358,-0.0403,-0.0076,9.8812,-0.5693,0.8281,0.9138
27600,1016,865,34.395,34.34,-0.0585,0.0695,9.7864,-0.2318,0.8092,0.6935
27605,1009,866,34.398,34.364,-0.0919,0.0604,9.8213,0.2443,0.3835,-0.1587
27610,1005,863,34.333,34.392,-0.0104,-0.0161,9.8674,-0.1024,0.8701,-0.1602
27615,1004,862,34.341,34.455,-0.0456,0.0018,9.7557,-0.6277,0.255,0.2987
27620,992,870,34.368,34.411,-0.0196,0.0789,9.8861,0.3985,-0.0411,-0.4107
27625,993,866,34.314,34.36,0.0638,-0.0071,9.7672,-0.8802,0.634,-0.1473
27630,979,863,34.373,34.384,0.0558,-0.0325,9.8061,0.7257,0.7753,-0.1196
27635,976,864,34.257,34.4,0.0018,0.1009,9.7872,0.6992,0.2934,0.6941
27640,960,855,34.331,34.4,-0.0825,0.0977,9.8332,-0.1873,-0.5456,0.4373
27645,953,855,34.309,34.415,0.0112,-0.0535,9.8219,-0.7352,0.0583,-0.6702
27650,955,859,34.352,34.407,-0.0188,0.0894,9.7807,-0.6794,0.2387,0.6854
27655,939,854,34.344,34.386,-0.0385,-0.0104,9.7498,0.6128,0.2213,0.2498
27660,932,854,34.411,34.344,-0.0232,0.0371,9.8227,-0.3651,0.3338,0.7693
27665,914,853,34.414,34.428,-0.0465,0.0299,9.814,-0.3558,-0.0938,-0.6084
27670,911,846,34.373,34.416,-0.0213,0.0025,9.8128,0.096,-0.4369,0.0137
27675,903,846,34.442,34.37,0.038,0.0792,9.8869,0.1456,0.1645,-1.1493
27680,894,840,34.275,34.351,0.0554,-0.0274,9.7542,-0.1397,-0.5766,0.0419
27685,876,846,34.289,34.41,0.0697,0.013,9.8817,0.1286,0.1369,-0.257
27690,875,840,34.29,34.365,-0.0152,-0.0056,9.8152,0.2541,0.8727,0.2706
27695,871,839,34.291,34.438,-0.0336,-0.0007,9.8183,-0.0611,-0.5534,-0.5799
27700,856,832,34.334,34.392,0.0163,0.0586,9.862,-0.1273,0.2503,0.1962
27705,847,836,34.272,34.374,0.0568,-0.0034,9.8433,0.7661,0.1581,0.2829
27710,843,833,34.335,34.395,-0.0485,0.0426,9.8487,0.1973,-1.173,0.2816
27715,827,832,34.431,34.324,0.0857,0.0229,9.6999,0.0367,0.2979,0.0145
27720,825,832,34.323,34.466,-0.0324,0.0126,9.8367,-0.3143,0.2003,0.477
27725,818,819,34.451,34.522,-0.0389,-0.0549,9.8257,0.0524,-0.926,-0.4755
27730,817,817,34.311,34.357,0.0324,-0.0376,9.8041,0.0101,-0.0556,-0.2264
27735,790,817,34.379,34.494,-0.0709,-0.0262,9.8743,1.0649,-0.3658,0.1919
27740,788,811,34.407,34.33,-0.0189,-0.0007,9.8324,0.8474,-0.0322,-0.5801
27745,782,806,34.399,34.362,-0.0482,0.0183,9.6978,-0.6254,0.4346,-0.0261
27750,786,802,34.399,34.45,-0.0302,-0.0889,9.8763,-0.5116,0.4976,-0.1027
27755,766,795,34.357,34.401,0.0183,-0.0632,9.8474,-0.3585,0.0525,0.6683
27760,774,792,34.398,34.421,0.0302,-0.0323,9.808,-0.0662,0.328,0.0452
27765,769,790,34.384,34.479,-0.0742,-0.0229,9.7658,0.2145,0.0429,0.0625
27770,757,782,34.383,34.337,-0.0007,0.0793,9.7837,-0.0421,-0.9018,0.5206
27775,758,779,34.3,34.276,0.0364,-0.059,9.7495,0.0396,-0.0203,0.5535
27780,763,775,34.397,34.301,-0.0148,-0.0383,9.7662,0.4896,0.6158,-0.1011
27785,750,769,34.345,34.324,0.0242,0.0804,9.8179,-0.1875,-0.4617,-1.0515
27790,757,766,34.343,34.377,-0.0808,-0.025,9.758,0.3326,0.1031,-0.043
27795,759,761,34.34,34.367,-0.0345,-0.0804,9.7671,-0.2959,0.3026,0.0959
27800,749,750,34.378,34.498,0.0027,0.0398,9.7834,-0.4451,0.3012,-0.186
27805,745,743,34.353,34.363,0.0015,0.0092,9.795,-0.2975,-1.3112,-0.0794
27810,757,744,34.386,34.382,0.0941,0.0161,9.7563,-0.6164,0.7411,-0.2686
27815,752,736,34.359,34.386,0.0225,-0.0023,9.7587,-0.087,-0.1374,-0.727
27820,756,728,34.325,34.436,0.0299,0.0268,9.7612,-0.3321,0.2563,-0.6364
27825,756,723,34.359,34.39,-0.0664,0.0081,9.8677,0.355,0.3345,-0.1454
27830,761,720,34.302,34.356,-0.0872,0.039,9.8107,0.0851,0.3059,-0.7497
27835,769,716,34.313,34.346,-0.0319,0.0117,9.7946,-1.4227,-0.6565,0.2118
27840,760,708,34.322,34.382,-0.0809,-0.0262,9.8072,-0.9804,0.6975,-0.1222
27845,776,705,34.369,34.469,0.0188,-0.0666,9.8265,0.4121,0.7256,-0.9487
27850,778,697,34.419,34.46,-0.0071,0.0005,9.8028,0.4709,-0.0923,0.2376
27855,783,689,34.306,34.255,0.0099,0.0354,9.7567,-0.5581,-0.6512,-0.2026
27860,790,682,34.437,34.417,-0.004,0.0381,9.8665,-0.1577,1.0236,0.2912
27865,796,676,34.382,34.241,0.017,-0.0327,9.892,1.0448,0.3789,0.1256
27870,809,675,34.357,34.408,0.0358,-0.0063,9.8477,-0.2142,0.263,-0.1815
27875,816,669,34.311,34.416,-0.0192,-0.0274,9.7649,0.6002,0.4485,-0.5989
27880,826,666,34.394,34.401,-0.0068,-0.0331,9.8286,-0.6189,0.682,0.8088
27885,847,661,34.426,34.468,-0.0199,0.062,9.809,0.0551,0.4726,0.8666
27890,848,654,34.376,34.373,-0.0644,-0.0188,9.8151,-0.4905,-0.4877,0.1007
27895,858,654,34.26,34.447,-0.0409,-0.0557,9.8767,0.1418,0.9399,0.6698
27900,862,648,34.329,34.511,-0.0993,0.0281,9.8358,1.0509,-0.026,-0.3244
27905,874,648,34.34,34.451,-0.0158,-0.0553,9.7833,-0.1299,0.8184,-0.2142
27910,882,642,34.376,34.384,0.0416,0.0252,9.7498,-0.591,-0.4557,-0.1866
27915,893,640,34.385,34.417,0.0567,0.0147,9.7474,0.1409,0.0133,-0.9383
27920,917,641,34.349,34.411,0.0158,0.0795,9.797,0.1387,-0.3738,-0.1817
27925,921,638,34.368,34.416,-0.0709,0.0191,9.7854,0.1035,-0.4974,-0.2091
27930,930,632,34.43,34.428,0.0222,0.0581,9.878,-0.6471,0.6921,-0.059
27935,952,636,34.429,34.426,-0.0412,0.0671,9.8282,0.029,-0.7454,0.1382
27940,961,632,34.351,34.388,-0.0163,-0.0094,9.8314,0.6347,-0.2788,-0.098
27945,978,635,34.31,34.489,0.0465,0.0724,9.8193,0.7615,-0.0602,-0.1181
27950,980,637,34.337,34.405,-0.0201,0.0148,9.7987,-0.7274,0.0899,-0.2704
27955,994,634,34.359,34.413,0.0105,-0.0222,9.8319,-0.6029,-0.6291,-0.3323
27960,999,635,34.302,34.436,0.0415,0.0122,9.763,-0.1005,0.9897,-0.6597
27965,1020,640,34.383,34.36,-0.0114,-0.0073,9.8159,0.0367,-0.1,0.3046
27970,1028,641,34.29,34.361,0.0392,-0.0353,9.7583,0.9687,-0.5014,0.4081
27975,1048,651,34.441,34.424,-0.0268,-0.0063,9.7688,0.3315,-0.757,-0.5426
27980,1053,650,34.276,34.469,0.0121,0.0018,9.7876,0.4829,0.1363,-0.2993
27985,1060,648,34.433,34.367,0.0284,0.038,9.7811,-0.8681,0.008,-0.0941
27990,1076,650,34.362,34.438,0.0208,-0.0207,9.8587,1.1694,0.1208,-0.4654
27995,1087,660,34.294,34.334,-0.0063,-0.075,9.8447,0.4151,0.1907,0.7918
28000,1096,661,34.409,34.386,-0.0504,0.0493,9.8351,0.1641,-0.9399,-0.4598
28005,1098,663,34.324,34.336,0.0346,-0.0617,9.8432,0.0928,0.6751,-0.6024
28010,1121,679,34.369,34.406,0.011,-0.0202,9.8572,-0.1888,-0.8503,-0.2266
28015,1126,675,34.393,34.467,-0.0106,0.0291,9.8917,-0.3043,-0.1785,-0.7053
28020,1126,687,34.353,34.463,-0.0209,0.005,9.8346,-0.1397,-0.1072,-0.1828
28025,1133,696,34.233,34.35,-0.0416,-0.0412,9.7707,-0.1167,-0.1637,0.1676
28030,1144,699,34.396,34.34,0.0381,0.0217,9.7912,0.571,0.1783,0.1559
28035,1150,703,34.328,34.393,-0.0859,0.0798,9.8056,-0.2207,0.5419,1.0235
28040,1154,711,34.31,34.347,0.0104,-0.0404,9.8444,-0.4016,0.2778,0.7828
28045,1161,717,34.397,34.401,0.0196,0.0487,9.7541,0.4966,0.1273,-0.1566
28050,1168,726,34.387,34.404,-0.0661,0.0234,9.9008,-0.552,-0.6015,0.8632
28055,1166,732,34.39,34.342,-0.0372,0.0299,9.7386,0.4789,0.0086,-0.7045
28060,1176,737,34.31,34.429,0.0437,-0.0487,9.8069,0.449,-0.7026,-0.2049
28065,1175,755,34.338,34.378,0.0205,0.053,9.7775,0.1487,-0.1004,-0.4723
28070,1184,758,34.308,34.371,0.0012,0.0998,9.8457,-0.5421,-0.6488,0.5804
28075,1190,767,34.308,34.443,-0.0282,0.038,9.8415,-0.1761,-0.0365,-0.479
28080,1175,779,34.342,34.452,-0.0644,-0.0108,9.8611,-0.0332,-1.3485,0.3014
28085,1192,776,34.356,34.402,0.1375,-0.0149,9.7006,0.0907,-0.4227,0.0912
28090,1190,790,34.358,34.354,0.0102,-0.0039,9.6991,0.7349,0.5158,-0.2537
28095,1179,793,34.325,34.481,-0.0451,0.116,9.7754,-0.6209,-0.3639,0.2834
28100,1183,805,34.375,34.345,-0.046,0.0237,9.7644,0.4335,-0.7757,-0.6839
28105,1183,814,34.306,34.375,-0.062,0.0257,9.7459,0.238,-0.6019,-0.1009
28110,1187,821,34.3,34.345,-0.0688,-0.0015,9.8512,-0.4758,0.0848,-0.0529
28115,1181,829,34.297,34.371,0.0189,-0.027,9.7916,0.2481,0.8978,-0.3435
28120,1184,833,34.359,34.356,0.0188,-0.0489,9.8666,-0.29,0.5263,0.4777
28125,1183,842,34.439,34.509,0.0157,-0.0479,9.7914,0.1088,-0.525,0.7568
28130,1189,853,34.275,34.378,-0.043,-0.0324,9.8903,0.6448,0.6063,0.2063
28135,1172,851,34.358,34.374,0.049,0.0134,9.9249,0.1267,-0.7891,0.6025
28140,1177,855,34.42,34.378,-0.0383,0.0262,9.8194,0.1833,0.6033,0.3316
28145,1173,867,34.36,34.46,0.0581,-0.0107,9.8,0.04,-0.0852,-0.4313
28150,1175,872,34.316,34.365,0.0309,0.057,9.8134,-0.0174,0.7385,0.5235
28155,1170,876,34.37,34.395,-0.0623,-0.0545,9.8445,0.0535,-0.6663,-0.3771
28160,1158,882,34.339,34.331,0.0822,-0.001,9.8533,0.2342,0.3145,0.011
28165,1158,890,34.312,34.432,-0.003,0.0317,9.8265,0.7993,-0.1654,-0.1799
28170,1161,891,34.379,34.368,-0.0059,0.045,9.7498,0.6955,0.2104,0.4118
28175,1161,902,34.383,34.339,-0.0105,-0.0312,9.7355,0.1109,0.2816,-0.0422
28180,1148,900,34.322,34.406,0.034,0.0464,9.749,0.6035,-0.1275,-0.6684
28185,1160,908,34.398,34.395,0.0122,-0.0199,9.7209,1.2027,-0.4051,-0.3391
28190,1145,910,34.331,34.415,-0.105,-0.0494,9.8514,0.8257,0.7662,-0.2969
28195,1150,915,34.298,34.403,0.0377,0.0224,9.8135,0.1998,0.1994,-0.0266
28200,1145,909,34.368,34.48,0.0222,0.0102,9.8324,-0.4577,-0.3117,-0.4396
28205,1135,917,34.367,34.381,0.0314,-0.0297,9.7622,0.1095,0.8691,0.5627
28210,1130,919,34.293,34.432,-0.0735,-0.0101,9.8082,-0.5327,-0.091,0.2448
28215,1129,923,34.371,34.474,0.0198,-0.0173,9.7536,-0.2008,-0.0641,-0.2836
28220,1127,918,34.352,34.426,0.0262,0.0821,9.7364,-0.2449,-0.3668,0.4643
28225,1130,925,34.333,34.324,-0.0755,0.0064,9.8939,0.2059,0.3123,1.0982
28230,1117,920,34.425,34.477,0.0344,-0.0279,9.8414,0.9812,0.3733,-0.0761
28235,1123,920,34.373,34.283,0.0821,-0.023,9.8115,0.8815,0.2597,-0.1292
28240,1110,924,34.344,34.486,0.011,0.0425,9.8329,-0.7824,-0.3263,-0.6162
28245,1117,926,34.36,34.406,0.0789,0.0603,9.7925,0.1492,0.073,0.6871
28250,1114,921,34.392,34.418,-0.0264,-0.0773,9.8164,-0.7255,0.2795,0.2577
28255,1108,923,34.301,34.365,0.0447,0.0115,9.7986,0.0093,0.3972,-0.4175
28260,1109,918,34.328,34.431,-0.0387,-0.0378,9.8049,-0.3331,-0.2716,0.8425
28265,1112,918,34.327,34.396,0.0262,0.0445,9.8547,0.7084,-0.1752,0.8913
28270,1106,916,34.38,34.424,-0.0422,0.0799,9.8373,-0.1084,0.0286,-0.0821
28275,1104,916,34.299,34.378,-0.02,-0.0001,9.8728,0.1244,-0.7052,-0.4459
28280,1100,916,34.31,34.325,0.0362,-0.0265,9.8789,-0.1611,-0.1694,-0.1133
28285,1095,914,34.358,34.399,0.0092,-0.0045,9.807,-0.3943,-0.5416,-0.1737
28290,1100,911,34.349,34.392,-0.0139,0.0061,9.7984,0.4632,0.7158,-0.0579
28295,1091,908,34.292,34.385,0.0311,-0.01,9.7492,-0.7151,-0.1842,0.004
28300,1088,911,34.363,34.47,-0.0622,-0.0598,9.7471,0.3738,0.8452,0.6791
28305,1095,907,34.306,34.381,0.0179,0.0716,9.8392,-1.3188,0.5536,-0.011
28310,1076,900,34.334,34.446,-0.036,0.0084,9.849,0.1291,-0.1171,-0.3809
28315,1086,897,34.309,34.388,-0.0191,0.0138,9.8497,-0.0724,0.034,0.073
28320,1087,901,34.313,34.428,0.0279,0.0383,9.7984,0.9267,-0.4916,0.2765
28325,1077,899,34.315,34.471,0.0724,0.0116,9.7729,0.4522,0.4557,-0.8834
28330,1071,896,34.276,34.4,-0.0379,-0.0852,9.802,0.371,0.2764,0.8296
28335,1073,895,34.381,34.477,-0.0449,-0.0402,9.8734,0.2372,-0.1896,-0.2769
28340,1068,886,34.25,34.452,-0.003,0.0221,9.8793,0.4579,0.7489,0.4963
28345,1061,891,34.391,34.374,0.0445,0.0487,9.8093,-0.8717,-0.4905,0.3555
28350,1059,892,34.355,34.54,0.0352,0.0371,9.7458,-1.323,-0.3904,-0.0213
28355,1060,880,34.293,34.342,0.0024,0.0628,9.8154,-0.1973,0.0374,-0.0574
28360,1049,882,34.353,34.371,-0.0075,-0.0837,9.8072,-0.4458,-0.4824,0.1807
28365,1062,885,34.33,34.367,-0.0961,0.0351,9.8037,0.2208,0.1073,-0.1465
28370,1048,875,34.335,34.468,-0.0362,-0.0309,9.7227,0.4059,0.3557,-0.216
28375,1052,881,34.42,34.381,0.1174,-0.0521,9.8079,0.5782,0.4519,-0.3822
28380,1035,874,34.269,34.401,0.0382,-0.022,9.7726,-0.1831,-0.3976,0.6622
28385,1032,874,34.292,34.316,0.0171,0.052,9.8103,-0.4825,0.8131,-0.1945
28390,1028,872,34.353,34.336,-0.0096,0.0466,9.797,0.1268,-0.3569,-0.3247
28395,1022,871,34.311,34.389,0.048,-0.0619,9.7838,0.7344,0.484,0.1002
28400,1015,866,34.45,34.436,-0.0058,0.0575,9.7262,0.6181,0.02,-0.1603
28405,1009,870,34.444,34.376,-0.0276,-0.0345,9.7997,0.4646,-0.632,0.1345
28410,1009,867,34.289,34.441,0.0886,0.0271,9.8357,-0.0314,-0.3763,-0.8644
28415,997,864,34.285,34.392,0.0059,0.0183,9.9446,-0.18,-0.2444,-0.4582
28420,989,870,34.345,34.399,-0.0849,-0.0983,9.761,0.435,0.9301,-0.2337
28425,980,861,34.385,34.394,0.0194,-0.1231,9.846,-0.4164,-0.0442,-0.6135
28430,982,864,34.374,34.371,0.0461,0.018,9.7814,0.0038,-0.8489,-0.5558
28435,965,852,34.215,34.362,0.049,-0.0331,9.7883,-0.7061,-0.4435,-0.7652
28440,951,855,34.297,34.267,-0.0146,0.006,9.797,0.0401,0.4821,-0.2176
28445,950,857,34.32,34.427,0.0748,-0.0173,9.7892,-0.3329,-0.6943,-0.1312
28450,949,856,34.421,34.362,-0.0137,0.0044,9.8237,-0.2416,0.1328,-0.9831
28455,930,853,34.417,34.33,0.001,0.0234,9.8013,-0.2453,0.7801,-0.3273
28460,923,853,34.367,34.424,0.0045,0.0975,9.709,-0.5828,-0.3204,-0.1955
28465,914,851,34.23,34.463,-0.0142,0.02,9.7622,0.4295,0.271,-0.3703
28470,907,849,34.291,34.338,-0.0556,-0.0049,9.7672,0.2522,-0.0535,-0.2669
28475,899,849,34.402,34.463,0.0283,-0.0051,9.8033,-0.0755,-0.1687,-1.087
28480,893,849,34.286,34.389,-0.0249,0.0073,9.7998,0.2116,0.0376,0.2353
28485,881,844,34.355,34.432,-0.0272,0.0402,9.7675,0.6967,-0.0603,-0.2887
28490,877,839,34.298,34.413,-0.039,0.0555,9.8204,-0.7273,0.3159,-0.1091
28495,858,840,34.321,34.485,-0.0146,-0.1257,9.8127,1.0017,-0.0736,-0.2616
28500,855,837,34.396,34.358,-0.0352,-0.0009,9.7935,0.0815,-0.0545,-0.8321
28505,853,837,34.344,34.322,-0.0583,0.0287,9.8344,0.6005,-0.0477,0.9219
28510,836,831,34.345,34.336,-0.0292,0.0249,9.8018,0.274,-0.5861,0.321
28515,828,822,34.333,34.38,-0.0003,0.0745,9.847,-0.4592,-0.6738,0.2295
28520,822,823,34.341,34.395,-0.0257,0.0341,9.7672,-0.254,-0.9493,-1.275
28525,816,816,34.34,34.346,0.0165,-0.0597,9.7599,-0.8373,-0.6105,-0.6423
28530,803,820,34.429,34.328,-0.1145,0.0389,9.7415,0.3057,0.4003,-0.3555
28535,794,813,34.349,34.411,-0.0365,-0.0447,9.6784,-0.1951,0.8221,0.3286
28540,793,812,34.324,34.378,-0.0176,-0.0124,9.8099,0.7884,0.8454,0.6784
28545,780,808,34.228,34.359,0.006,0.0295,9.7798,0.0548,-0.4643,-1.252
28550,778,799,34.312,34.297,-0.0221,0.1334,9.7811,-0.6813,0.8562,-0.2144
28555,776,801,34.447,34.424,-0.0506,0.0009,9.736,-0.0099,-0.3342,-0.3647
28560,773,794,34.363,34.427,0.0032,-0.0454,9.8622,-0.4863,-0.3369,0.2173
28565,765,789,34.359,34.327,-0.0229,0.0279,9.8664,-0.1707,-0.695,-1.1284
28570,771,785,34.422,34.417,-0.0382,-0.0265,9.8797,-0.4649,0.7442,-0.3127
28575,761,780,34.251,34.403,0.0473,0.0575,9.8598,0.8944,-0.415,-0.7926
28580,756,777,34.317,34.348,0.0005,-0.0217,9.77,0.1954,-0.1739,1.2106
28585,753,770,34.397,34.431,-0.0201,-0.0379,9.8096,0.231,0.918,0.932
28590,750,758,34.353,34.332,-0.0783,0.081,9.8484,0.4242,0.3362,-0.4255
28595,746,763,34.411,34.426,0.0137,0.0696,9.7941,0.3172,-0.1235,-0.4611
28600,744,749,34.334,34.351,0.0453,-0.1322,9.7792,-0.1418,0.7769,0.5132
28605,747,748,34.271,34.266,0.0303,0.0976,9.841,-0.0657,0.4811,-0.6908
28610,747,738,34.287,34.359,0.0001,-0.0894,9.7819,0.1917,-0.8308,-0.1095
28615,753,737,34.266,34.357,0.0253,-0.011,9.7975,0.0608,0.2197,-0.0806
28620,750,730,34.366,34.47,-0.0786,-0.0982,9.8378,-0.2366,-0.7502,-0.6059
28625,748,719,34.363,34.415,0.043,0.0866,9.8349,-0.0122,0.3547,0.176
28630,755,714,34.358,34.403,-0.0567,0.0587,9.8135,-0.052,0.0043,-0.1829
28635,763,709,34.294,34.433,-0.0753,0.029,9.7354,0.4201,-0.6535,-0.1064
28640,771,707,34.327,34.435,-0.0432,0.0297,9.8276,0.8422,0.0045,-0.16
28645,785,695,34.288,34.379,-0.0428,-0.0218,9.7948,-0.1467,-0.7112,1.3091
28650,779,690,34.281,34.416,-0.0144,0.0044,9.7854,0.1038,0.2865,-0.3179
28655,789,690,34.391,34.35,-0.0243,-0.0766,9.8123,0.09,0.4942,0.5442
28660,795,681,34.298,34.415,0.009,-0.0764,9.8149,0.4563,0.1979,0.3712
28665,796,680,34.292,34.437,-0.0199,-0.0079,9.864,0.3166,-0.7019,-0.7853
28670,816,676,34.271,34.42,-0.0805,0.0517,9.7827,0.2767,0.3189,-0.0861
28675,817,672,34.444,34.421,-0.0011,0.0352,9.7805,-0.4382,-0.0955,-0.4066
28680,830,665,34.341,34.332,-0.0253,0.0026,9.8387,-0.83,-0.4681,-0.1958
28685,829,665,34.274,34.345,0.0355,0.037,9.7688,-0.1916,0.149,-0.026
28690,854,648,34.376,34.428,-0.0368,-0.0114,9.8025,-1.4292,0.2235,-0.0717
28695,852,649,34.437,34.429,-0.0556,0.0006,9.8203,-0.2058,0.1498,0.1497
28700,865,649,34.311,34.445,-0.0298,0.0468,9.6892,0.1998,0.0834,-0.0806
28705,872,647,34.448,34.346,-0.0245,0.0536,9.7781,0.329,-0.3624,-0.9722
28710,895,647,34.298,34.52,-0.0359,0.0223,9.8533,0.1945,-0.1313,-0.9352
28715,900,643,34.394,34.358,-0.0061,0.0913,9.8386,0.3252,0.0549,0.3652
28720,916,637,34.374,34.434,0.0059,-0.0429,9.7953,-0.1213,-0.3959,-0.659
28725,923,642,34.311,34.485,-0.0797,0.0614,9.7607,0.5046,0.13,-0.6206
28730,941,636,34.264,34.453,0.0647,0.0012,9.8186,-0.0264,-0.1855,-1.0032
28735,950,637,34.326,34.364,0.0333,-0.0188,9.7509,-0.2858,0.0594,0.5384
28740,967,637,34.34,34.361,0.1203,-0.0861,9.8532,0.3109,-0.1096,0.2166
28745,962,638,34.43,34.456,0.038,0.0102,9.8375,0.2326,-0.4786,-0.579
28750,987,631,34.357,34.352,-0.0184,0.0252,9.7653,-0.0119,0.4498,-0.3497
28755,995,636,34.298,34.306,-0.0378,0.0333,9.7787,-0.2808,-0.3179,-0.2597
28760,1015,632,34.402,34.421,0.0072,0.0396,9.8356,0.1755,-0.7968,0.1854
28765,1017,640,34.311,34.341,-0.045,-0.0963,9.8299,0.4194,0.4848,-0.9161
28770,1031,645,34.426,34.436,-0.0178,-0.0376,9.8871,0.7803,-0.4768,0.2624
28775,1046,650,34.234,34.332,0.0781,-0.0086,9.7564,0.0475,0.6968,0.3867
28780,1068,649,34.363,34.301,-0.0022,0.0508,9.81,0.1401,-0.4841,1.4903
28785,1072,653,34.359,34.443,0.0578,-0.0491,9.8267,-0.7105,-0.1189,0.4174
28790,1067,652,34.435,34.362,-0.0465,-0.0668,9.8327,-0.1227,-0.3527,0.1196
28795,1085,662,34.441,34.437,0.06,-0.0077,9.8328,-0.5486,-0.1297,0.5702
28800,1093,661,34.393,34.398,0.1104,0.0686,9.7943,0.0744,0.0794,-0.0227
28805,1112,667,34.337,34.372,-0.0232,0.0843,9.7489,0.1092,-0.0927,0.0556
28810,1109,674,34.41,34.312,0.0541,-0.0265,9.7678,0.4082,0.4079,0.0282
28815,1125,683,34.341,34.42,-0.0391,-0.0914,9.8875,-0.032,0.8377,-0.0336
28820,1127,694,34.251,34.372,-0.0317,-0.0093,9.8058,-0.2119,0.1395,0.3438
28825,1131,691,34.349,34.363,0.0367,0.0186,9.8173,0.1756,0.2939,0.1085
28830,1150,698,34.285,34.362,0.0247,-0.0009,9.8023,0.4125,-0.3576,0.4935
28835,1154,700,34.324,34.419,-0.0397,0.0847,9.7881,0.4145,-0.2889,-0.0513
28840,1151,710,34.393,34.387,0.0473,0.0598,9.7692,0.5697,0.3934,-0.0689
28845,1163,714,34.354,34.398,-0.0526,-0.0253,9.8,0.1651,-0.3313,-0.1749
28850,1171,728,34.316,34.398,0.093,-0.0572,9.8072,0.2814,0.3143,0.0569
28855,1167,735,34.3,34.423,-0.0827,0.0386,9.7761,0.5981,0.5037,-0.3799
28860,1171,745,34.318,34.494,0.0409,0.0223,9.8382,-0.1803,-0.1306,0.1244
28865,1177,752,34.413,34.365,-0.0039,-0.1025,9.8491,0.0451,0.0205,0.0687
28870,1181,756,34.345,34.323,-0.0744,-0.0604,9.809,0.439,0.2804,0.0717
28875,1193,768,34.24,34.418,-0.0216,0.0041,9.8213,0.0889,0.459,-0.2661
28880,1187,772,34.385,34.413,-0.0535,-0.0111,9.7966,0.3454,-0.2232,0.1264
28885,1179,781,34.249,34.346,-0.0185,0.016,9.8284,-0.5655,0.0797,0.2758
28890,1186,794,34.341,34.314,0.0468,-0.0722,9.8032,0.2948,-0.8574,-0.1048
28895,1188,794,34.295,34.362,-0.0092,-0.0292,9.8498,0.112,-0.2812,-0.5532
28900,1193,808,34.338,34.346,0.0932,0.0039,9.79,-0.0328,-0.2703,-0.1504
28905,1194,818,34.332,34.45,-0.0521,-0.0457,9.864,-0.2327,0.8412,-0.519
28910,1186,820,34.404,34.471,0.0317,0.0011,9.8041,-0.288,0.392,-0.2421
28915,1189,829,34.308,34.38,-0.0258,0.0266,9.8458,-0.1891,-0.4733,0.1703
28920,1181,829,34.409,34.418,-0.002,-0.0138,9.8355,-0.0911,0.8455,0.0106
28925,1184,839,34.387,34.419,0.0189,0.0496,9.8411,-0.6812,0.1601,-0.5846
28930,1184,846,34.326,34.4,0.0037,-0.0817,9.7677,0.631,-0.0991,0.5623
28935,1175,855,34.315,34.408,0.0297,0.0311,9.8386,0.0826,-0.3052,-0.5979
28940,1174,861,34.423,34.447,0.0263,-0.0507,9.8466,0.1679,-0.8544,-0.6043
28945,1174,867,34.34,34.36,0.0303,-0.0776,9.7373,0.3321,-0.2529,0.6563
28950,1177,871,34.301,34.477,0.0408,-0.0412,9.7809,-0.9127,0.0734,0.5366
28955,1163,877,34.295,34.439,-0.0292,-0.0737,9.8467,0.126,0.4758,0.0355
28960,1168,888,34.349,34.371,-0.0648,0.0771,9.7758,-0.2354,0.3124,-0.4768
28965,1161,893,34.334,34.347,0.0018,-0.0213,9.7574,0.2858,0.7268,0.4848
28970,1163,889,34.343,34.328,-0.0363,-0.0402,9.8216,0.0537,-0.7597,0.1237
28975,1162,894,34.286,34.396,0.0342,-0.0739,9.8099,0.4466,-0.4535,1.0868
28980,1154,902,34.278,34.478,-0.0387,-0.0224,9.7032,0.8569,0.1421,0.3514
28985,1151,908,34.399,34.354,-0.042,0.0248,9.7165,0.0797,-0.0498,-0.3824
28990,1133,909,34.315,34.362,0.0244,-0.0002,9.7562,-0.2995,-0.5247,-0.6149
28995,1145,905,34.367,34.419,-0.024,0.0417,9.7866,-0.1242,0.052,-0.1595
29000,1146,916,34.374,34.392,0.066,-0.0903,9.8183,-0.2425,0.4051,-0.0075
29005,1143,914,34.364,34.415,-0.0431,0.0225,9.8048,-0.4152,0.1947,-0.5981
29010,1132,915,34.459,34.43,-0.0721,-0.059,9.7565,0.1417,-0.2039,-0.9364
29015,1127,921,34.375,34.428,-0.0566,0.0103,9.8922,-0.1958,0.6026,0.3227
29020,1133,925,34.28,34.399,0.0727,-0.0067,9.7731,-0.2012,-0.5007,0.1504
29025,1123,923,34.273,34.477,-0.0357,0.0058,9.7465,-0.675,-0.0743,-0.1737
29030,1134,926,34.396,34.379,-0.0495,0.0286,9.8121,-0.3209,-0.4533,0.538
29035,1119,922,34.337,34.358,-0.0482,0.0118,9.7953,0.3385,0.4058,-0.2331
29040,1112,922,34.245,34.494,0.0079,0.0273,9.8171,0.2348,-0.5341,0.1341
29045,1120,921,34.314,34.321,0.0211,0.0121,9.7687,0.7752,-0.0423,0.021
29050,1110,921,34.352,34.356,0.0216,-0.0587,9.8469,-0.0916,0.3956,0.4032
29055,1113,919,34.406,34.441,0.046,-0.0368,9.789,-0.8221,-0.4757,0.7547
29060,1114,922,34.291,34.398,0.0182,0.0452,9.7817,0.5233,0.6973,0.2254
29065,1102,924,34.402,34.404,-0.0486,-0.0609,9.7545,1.03,-0.0645,-0.2382
29070,1102,918,34.307,34.303,-0.0118,-0.0518,9.8347,-0.3678,-0.3181,0.4076
29075,1093,917,34.351,34.436,0.0021,-0.0153,9.8022,-0.0645,0.4386,-0.518
29080,1096,909,34.34,34.434,-0.0231,-0.044,9.6753,-0.138,-0.7995,0.3291
29085,1098,909,34.448,34.438,-0.0036,-0.0013,9.8524,-0.6273,-0.7335,0.4711
29090,1088,916,34.376,34.463,0.0262,0.0499,9.7707,-0.6037,0.8513,0.12
29095,1097,909,34.387,34.435,0.0163,-0.0452,9.8266,0.2333,0.5224,0.1688
29100,1088,908,34.27,34.405,-0.1255,-0.0298,9.8782,0.2894,-0.5535,0.7576
29105,1078,910,34.325,34.401,-0.0148,0.0128,9.8544,0.1718,-0.0615,-0.9961
29110,1080,903,34.277,34.422,-0.0008,0.0079,9.791,0.0698,0.4427,0.022
29115,1081,901,34.339,34.447,0.0484,-0.0047,9.8252,0.4875,0.1644,0.4078
29120,1077,906,34.33,34.419,-0.0073,0.0166,9.8187,0.521,-0.6324,-0.066
29125,1076,896,34.363,34.385,-0.0131,0.0326,9.7923,0.2681,-0.0044,0.9875
29130,1080,894,34.299,34.4,0.0119,-0.0279,9.8034,-0.6799,-0.2715,-0.1967
29135,1070,890,34.364,34.388,-0.0448,-0.0498,9.8125,0.2469,-0.0767,0.8653
29140,1074,890,34.439,34.334,0.0792,-0.0429,9.8599,0.0905,0.866,0.5663
29145,1074,887,34.364,34.365,-0.0292,0.0493,9.8574,0.1465,0.4445,0.4193
29150,1058,889,34.35,34.419,-0.0603,0.0043,9.743,0.4043,-0.1212,-0.4916
29155,1061,885,34.29,34.371,0.0107,0.0028,9.8627,0.0555,0.6663,0.179
29160,1060,882,34.321,34.379,0.0673,0.0804,9.7614,-0.5049,-1.0043,-0.3855
29165,1043,875,34.348,34.403,0.0267,-0.0556,9.8038,-0.3637,-0.1057,-0.4483
29170,1047,879,34.335,34.373,0.0216,-0.0134,9.7928,0.8424,-1.0658,-0.2607
29175,1046,877,34.294,34.352,0.0287,-0.0954,9.8962,0.3252,-0.8214,1.1217
29180,1042,873,34.4,34.286,-0.0176,-0.0208,9.8287,-0.0081,-0.5449,0.4571
29185,1033,877,34.315,34.387,0.0119,-0.0195,9.808,-0.0582,0.097,-1.4181
29190,1024,868,34.36,34.464,-0.0629,-0.0989,9.7605,-0.8681,-0.8072,-1.3509
29195,1025,872,34.325,34.463,0.0657,-0.0264,9.8152,-0.0398,-0.9434,0.164
29200,1009,867,34.344,34.362,0.0203,-0.03,9.8217,-0.2489,-0.6416,0.6953
29205,1003,867,34.356,34.42,-0.0316,0.0112,9.7567,-0.2863,0.4971,-0.3172
29210,1010,867,34.364,34.381,0.0149,0.0373,9.7868,-0.2535,-0.4322,0.1299
29215,994,862,34.368,34.373,-0.0174,-0.0656,9.8703,0.4098,-0.2001,0.0455
29220,993,863,34.383,34.392,0.0415,0.0137,9.8803,0.0807,0.1195,-0.3063
29225,985,860,34.293,34.425,-0.0332,-0.096,9.8025,0.3218,-0.1663,-1.0358
29230,977,861,34.388,34.307,-0.0496,0.1147,9.8427,0.3465,-0.2462,-0.6679
29235,962,859,34.322,34.366,-0.0355,-0.0196,9.7626,0.2252,-0.173,0.5236
29240,965,858,34.298,34.348,0.0225,0.006,9.7976,0.3853,0.0978,-0.3675
29245,951,860,34.321,34.434,-0.0138,0.0084,9.8098,0.4423,-0.0101,0.9677
29250,949,857,34.253,34.461,-0.0866,0.0622,9.7529,-0.8297,0.0664,-0.2985
29255,936,852,34.377,34.38,-0.0837,-0.0432,9.8461,0.1227,-0.4464,-0.4362
29260,927,851,34.291,34.361,0.0591,0.0449,9.8741,-0.0011,-0.8065,0.1679
29265,920,848,34.318,34.342,0.0903,0.0438,9.8983,0.3483,0.2806,-0.0952
29270,906,842,34.359,34.373,-0.0016,-0.0424,9.8296,0.7206,0.7915,-1.0572
29275,902,849,34.282,34.396,0.0107,-0.0805,9.8329,0.1552,0.0921,-0.4862
29280,885,842,34.353,34.387,0.0923,-0.0282,9.7584,0.2012,0.2809,0.541
29285,889,842,34.374,34.412,0.0658,-0.0077,9.8018,0.4344,-0.0028,0.9542
29290,864,839,34.377,34.4,0.0478,-0.0387,9.8141,-0.5224,-0.2591,1.6234
29295,858,838,34.355,34.359,0.0221,-0.0086,9.764,-0.5162,-0.0021,-0.6699
29300,858,836,34.31,34.389,0.0659,-0.0223,9.8217,0.1139,0.4977,-0.6796
29305,839,834,34.398,34.389,0.0528,-0.0164,9.8589,-0.2112,-0.1108,0.4421
29310,833,833,34.32,34.314,-0.0546,-0.0423,9.8356,-1.0228,-0.2283,0.5999
29315,826,830,34.347,34.387,-0.0352,0.0222,9.8138,0.1299,-0.419,-0.2596
29320,818,824,34.273,34.493,0.0375,0.0255,9.8227,-0.6619,-1.0486,0.2557
29325,815,822,34.336,34.3,0.0361,-0.0138,9.8195,-0.0896,-0.0756,-0.9609
29330,816,820,34.312,34.427,-0.0142,-0.031,9.8307,0.4195,0.396,-0.1235
29335,793,812,34.372,34.316,0.0554,-0.0887,9.8455,-0.281,-0.3975,-0.3852
29340,791,813,34.286,34.298,0.0108,-0.0286,9.8398,0.4483,-0.404,-0.8515
29345,788,811,34.368,34.424,-0.0311,0.0085,9.7641,0.1935,-0.5528,-0.3205
29350,780,805,34.288,34.397,0.1204,-0.1217,9.8306,0.8124,-0.7181,0.1224
29355,765,797,34.39,34.36,0.0001,0.0294,9.8581,0.3,-0.4557,-0.5598
29360,763,792,34.286,34.366,0.0598,-0.0178,9.8081,-0.0612,-0.1052,-0.6951
29365,768,788,34.402,34.454,0.009,-0.0667,9.8884,-0.097,-0.4736,1.087
29370,754,787,34.339,34.346,-0.055,0.0213,9.8528,-0.019,-0.8125,-0.3381
29375,753,782,34.305,34.367,-0.0441,0.0614,9.8167,0.1965,0.2853,0.1412
29380,758,778,34.391,34.437,0.066,0.0126,9.7451,-0.2771,0.0583,0.2678
29385,753,766,34.257,34.386,-0.0476,-0.027,9.7969,0.0923,0.8531,-0.0022
29390,759,766,34.354,34.421,0.0239,0.0947,9.7345,0.2594,0.5778,0.1626
29395,749,758,34.342,34.342,0.0055,-0.0055,9.8151,0.3488,-0.1911,-0.6033
29400,748,748,34.343,34.423,0.064,0.0169,9.8396,0.3592,-0.2128,0.4805
29405,749,743,34.314,34.414,0.0045,0.0091,9.8101,0.0875,0.4145,-0.1076
29410,752,742,34.244,34.456,0.022,-0.0736,9.8431,-0.501,-0.5078,0.0997
29415,752,737,34.346,34.388,-0.0265,-0.1375,9.8338,0.3927,0.3755,-0.6172
29420,747,728,34.346,34.221,0.0178,-0.0043,9.839,0.0198,0.3032,1.6802
29425,746,729,34.407,34.366,0.0032,0.0265,9.8103,0.4155,0.7549,0.6473
29430,761,714,34.178,34.419,0.0271,-0.0536,9.7748,0.663,-0.7889,-0.3849
29435,751,712,34.329,34.33,0.0114,0.0758,9.8108,0.7329,-0.1515,-0.8583
29440,762,703,34.361,34.345,0.0222,0.0329,9.7907,-0.3488,0.3987,-0.7121
29445,773,698,34.404,34.336,0.009,0.0079,9.7728,-0.123,0.6273,-0.5204
29450,778,692,34.278,34.358,-0.0323,-0.004,9.7931,-0.0691,0.1025,0.6282
29455,783,686,34.337,34.392,-0.0262,-0.019,9.8038,0.1108,-0.018,-0.6368
29460,792,688,34.349,34.377,-0.0371,-0.005,9.787,-0.922,0.3162,-0.258
29465,801,681,34.328,34.337,-0.0084,0.0455,9.8422,0.4645,-1.0497,0.2082
29470,822,678,34.358,34.415,0.0352,-0.1121,9.8549,-0.4871,0.1991,-0.873
29475,823,669,34.275,34.379,0.0436,-0.0855,9.7943,0.5709,0.1018,-0.6842
29480,822,660,34.255,34.299,-0.1327,-0.0195,9.7628,0.1486,-0.167,0.8564
29485,835,658,34.406,34.489,-0.0216,0.0152,9.8391,-0.0402,0.6906,-1.3953
29490,846,657,34.279,34.414,0.0325,0.0537,9.7731,-0.2455,0.2056,-0.5647
29495,848,651,34.346,34.4,-0.0836,-0.0217,9.9076,0.1683,-1.3163,0.4138
29500,877,646,34.348,34.364,0.1024,0.015,9.7502,-1.1938,-0.1285,-0.3128
29505,877,649,34.332,34.376,-0.032,0.004,9.7841,-0.5395,-1.0966,-0.4964
29510,894,641,34.28,34.408,-0.0373,0.0608,9.8164,-0.4008,0.0165,0.2014
29515,903,640,34.329,34.333,0.0558,-0.0152,9.8162,1.0389,-0.0929,0.725
29520,913,642,34.305,34.401,-0.0773,-0.0743,9.7871,0.841,-0.5073,-0.6422
29525,921,633,34.319,34.349,-0.0248,-0.0411,9.7791,-0.8761,-0.3418,-0.5191
29530,947,638,34.312,34.348,0.127,-0.012,9.7798,1.1297,0.1489,0.5995
29535,940,630,34.267,34.417,-0.034,-0.0924,9.8182,-0.9557,0.4198,0.5816
29540,970,637,34.407,34.393,0.0024,0.0319,9.76,0.0066,0.3573,-0.8098
29545,968,639,34.32,34.348,0.0496,-0.0433,9.8094,0.6653,-0.5373,-0.5074
29550,996,636,34.309,34.383,-0.0373,-0.0484,9.8139,-0.0834,-0.4457,0.5491
29555,994,637,34.289,34.422,0.0105,0.0306,9.8459,0.5486,-0.0753,0.6318
29560,1011,643,34.304,34.411,-0.0461,0.0148,9.8482,0.6292,-0.6389,0.5478
29565,1022,648,34.359,34.38,-0.0971,0.0758,9.711,0.8338,-0.2853,0.6782
29570,1036,641,34.254,34.397,0.0538,0.0527,9.7993,-0.6306,0.9105,0.0848
29575,1052,641,34.323,34.396,-0.0111,0.0359,9.862,0.0147,0.4264,0.4757
29580,1054,645,34.334,34.332,0.0288,-0.045,9.9043,0.129,0.126,-0.1463
29585,1062,653,34.33,34.405,-0.0138,0.0317,9.7837,0.0098,-0.42,0.2225
29590,1068,654,34.243,34.346,-0.0157,0.0104,9.8522,0.3004,0.3551,-0.0738
29595,1075,655,34.339,34.393,-0.0139,-0.0673,9.8351,0.3743,-0.269,-0.5118
29600,1103,662,34.41,34.453,-0.0011,0.0237,9.9462,-0.5482,-0.895,0.529
29605,1105,668,34.33,34.34,0.013,-0.0562,9.8393,-0.2733,0.2762,0.6434
29610,1107,678,34.384,34.317,0.0142,0.0005,9.8282,0.4321,-0.0321,0.4802
29615,1123,680,34.388,34.376,0.0036,0.0011,9.7598,-0.0699,0.499,0.3205
29620,1130,690,34.449,34.379,0.0313,-0.0471,9.8076,-0.6143,0.1794,-0.0039
29625,1131,695,34.375,34.4,-0.0404,0.0554,9.7845,1.2207,-0.3633,-0.004
29630,1148,701,34.331,34.397,-0.0017,-0.0689,9.8403,-0.5195,-0.0669,0.3731
29635,1150,709,34.317,34.301,-0.0062,0.0034,9.8757,0.2021,-0.1216,-0.6311
29640,1161,712,34.32,34.378,0.0406,0.0537,9.7104,-0.001,0.2499,0.1372
29645,1157,722,34.399,34.399,0.0566,0.0175,9.8854,0.1341,-1.0366,0.1194
29650,1172,730,34.321,34.376,0.0123,0.0404,9.7305,-0.4101,-0.1312,0.1764
29655,1180,732,34.299,34.398,-0.0203,-0.026,9.8563,0.6038,0.2924,0.1836
29660,1175,743,34.38,34.336,0.0292,0.0692,9.9459,-0.118,-0.4191,0.4369
29665,1173,753,34.38,34.454,0.0107,-0.013,9.9244,-0.7044,-0.3375,-1.1815
29670,1176,759,34.376,34.423,-0.0612,0.0406,9.8073,-0.2847,0.9033,0.6581
29675,1182,764,34.37,34.389,0.0752,-0.0333,9.8955,-0.3152,-0.7656,0.2415
29680,1178,776,34.354,34.38,-0.0195,-0.0399,9.6413,-0.2861,0.0538,-1.2844
29685,1187,784,34.341,34.503,0.0227,0.0223,9.8078,0.5934,0.3713,0.4514
29690,1181,791,34.212,34.412,0.049,-0.0187,9.879,0.0699,0.336,0.0348
29695,1181,795,34.319,34.446,0.0415,-0.061,9.8198,0.0301,-0.4593,0.6114
29700,1187,801,34.309,34.257,-0.0127,0.0279,9.8902,-0.137,-0.4306,-0.262
29705,1184,815,34.325,34.382,0.0009,0.0701,9.7517,-0.1536,0.6733,0.1451
29710,1186,824,34.35,34.38,-0.0151,0.0003,9.857,-0.5765,0.6321,-0.3754
29715,1191,829,34.402,34.362,-0.0367,0.0629,9.763,-0.1082,-0.3375,-1.0037
29720,1178,838,34.293,34.356,-0.0537,0.0336,9.777,0.5057,-0.4984,-0.3517
29725,1181,841,34.347,34.364,0.0179,0.0116,9.6542,0.1907,-0.5373,0.5888
29730,1173,849,34.359,34.396,0.0277,0.067,9.8824,-0.1898,0.0129,0.3056
29735,1185,855,34.308,34.359,0.0149,0.0162,9.8155,0.3796,-0.2915,-0.2345
29740,1175,863,34.177,34.311,-0.0129,0.0028,9.931,-0.9919,-0.5914,-0.7751
29745,1167,866,34.389,34.301,-0.042,0.0595,9.788,-0.3346,0.1343,0.1258
29750,1164,870,34.329,34.326,0.0192,-0.0171,9.8554,0.0227,-0.0226,-0.3266
29755,1163,874,34.356,34.423,0.0668,0.1144,9.766,0.2829,-0.2885,-0.0836
29760,1173,887,34.28,34.421,-0.0826,0.0298,9.8475,0.4666,-0.2117,-0.9121
29765,1154,892,34.332,34.471,0.0051,0.0001,9.8218,0.6086,0.5578,-1.2387
29770,1155,899,34.361,34.429,0.0819,-0.0159,9.8048,1.1777,0.6587,-0.1576
29775,1155,896,34.359,34.287,0.0814,0.0171,9.8874,-0.0912,-0.1226,-0.1709
29780,1151,902,34.427,34.419,-0.0482,-0.0443,9.7207,-0.598,-0.7962,0.862
29785,1150,910,34.325,34.344,0.0554,0.0177,9.8604,-0.3462,-0.0471,-0.6098
29790,1144,908,34.351,34.271,0.041,-0.0409,9.8897,-0.5208,0.927,0.7299
29795,1151,913,34.282,34.314,-0.0441,-0.0676,9.7975,0.6051,-1.0333,-0.599
29800,1148,915,34.32,34.474,0.0139,0.032,9.8293,0.4816,-0.0489,0.8738
29805,1134,918,34.295,34.376,-0.0099,-0.08,9.8365,0.2952,0.3571,-0.234
29810,1127,919,34.301,34.418,0.0844,0.1085,9.7352,0.2664,0.594,-0.2937
29815,1137,922,34.301,34.316,0.0138,-0.0468,9.8616,0.1939,1.0444,-0.0342
29820,1127,922,34.374,34.336,0.0476,0.0024,9.8315,0.2302,-0.575,-0.8516
29825,1132,924,34.343,34.389,-0.042,-0.0665,9.7142,0.145,0.9406,-0.2292
29830,1125,921,34.317,34.32,0.0251,-0.0519,9.8707,0.0988,0.1301,0.194
29835,1119,918,34.363,34.344,0.0259,-0.0056,9.8202,0.0944,0.181,0.6302
29840,1121,922,34.348,34.454,-0.0453,-0.0123,9.85,-0.024,-0.204,0.1917
29845,1108,925,34.381,34.451,0.0015,0.0053,9.7761,-0.1308,0.0562,0.1013
29850,1107,926,34.41,34.45,0.0008,-0.0476,9.8978,0.0957,0.641,-0.8806
29855,1104,922,34.321,34.349,0.0642,0.0252,9.8334,0.3844,0.4159,0.073
29860,1099,923,34.47,34.406,0.077,0.0672,9.8411,-0.0039,0.4361,1.3665
29865,1090,918,34.359,34.327,-0.0711,0.1214,9.7557,0.4262,-0.7837,-0.4319
29870,1098,924,34.306,34.334,0.0274,0.0346,9.827,0.6666,1.3276,0.3387
29875,1100,915,34.347,34.379,-0.0435,-0.0472,9.7904,-0.2977,-0.205,-0.3096
29880,1099,912,34.327,34.41,0.0225,0.0361,9.8148,0.0063,-0.2148,-0.3707
29885,1094,914,34.358,34.396,0.0273,0.0015,9.8439,0.4415,0.2833,-0.2792
29890,1084,910,34.271,34.377,0.0824,-0.0208,9.775,-0.4888,-0.4681,0.1514
29895,1088,910,34.238,34.37,0.006,-0.0668,9.8402,0.9863,-0.84,-0.3342
29900,1092,908,34.289,34.308,-0.0238,0.0412,9.821,-0.623,0.54,0.1729
29905,1081,907,34.291,34.395,0.0054,-0.1085,9.8275,0.1129,0.47,-0.3669
29910,1093,899,34.362,34.42,-0.0674,-0.0392,9.7781,0.1842,-0.3401,0.2274
29915,1082,904,34.375,34.4,0.0376,-0.0607,9.8638,0.709,0.5234,-1.0125
29920,1078,903,34.274,34.455,-0.0448,-0.043,9.8673,0.5243,-0.2289,0.016
29925,1079,898,34.302,34.365,-0.0164,0.0836,9.8351,0.5486,-0.4048,-0.4413
29930,1068,897,34.431,34.425,-0.0024,0.0368,9.7618,1.0201,-0.9322,0.2453
29935,1069,889,34.339,34.385,0.0256,-0.0137,9.8065,-0.7013,0.107,-0.3987
29940,1073,896,34.354,34.387,0.1021,0.0754,9.8196,0.6997,-0.3509,1.2771
29945,1066,884,34.335,34.4,-0.0156,-0.0122,9.7714,0.5156,-0.3785,-0.1407
29950,1062,887,34.379,34.217,0.0658,0.024,9.7349,0.4159,1.0312,0.4144
29955,1057,885,34.315,34.411,0.0087,0.0568,9.7969,0.1823,0.3679,0.1796
29960,1051,882,34.371,34.386,-0.0084,0.0694,9.8945,-0.0097,0.5847,0.5953
29965,1055,880,34.351,34.41,-0.0155,-0.0416,9.8348,-0.1132,-0.3843,0.0095
29970,1050,877,34.278,34.421,0.022,-0.0319,9.8129,0.9209,-0.5298,-0.1051
29975,1039,880,34.343,34.285,-0.0766,0.0297,9.8061,0.0455,-0.1498,-0.6764
29980,1042,878,34.413,34.425,0.0021,-0.0707,9.8431,0.0463,-0.4713,0.4269
29985,1024,874,34.337,34.414,0.0727,-0.0969,9.8034,-0.6963,0.4196,0.2132
29990,1025,870,34.317,34.309,0.0092,-0.0408,9.793,0.1955,-0.7025,-0.6915
29995,1023,869,34.312,34.371,-0.0179,0.0613,9.8438,0.3875,-0.5737,0.0845
