timestamp_ms,ir_finger,ir_toe,temp_finger,temp_toe,ax,ay,az,gx,gy,gz
0,1044,731,34.031,30.414,0.0605,0.0255,9.8257,-0.0,-0.6573,0.4371
5,1064,718,34.161,30.433,0.013,0.0999,9.8739,0.4159,0.6468,0.3178
10,1066,715,34.112,30.372,0.0671,0.0742,9.8669,0.0382,0.347,0.0883
15,1079,718,34.087,30.387,-0.0006,-0.0317,9.8094,0.2499,0.2247,-0.35
20,1090,721,34.135,30.45,-0.0024,0.0534,9.8354,-0.3947,0.2988,-0.1188
25,1099,714,34.008,30.449,0.0548,0.0149,9.7953,0.1217,-0.0784,-0.1691
30,1113,719,34.117,30.35,-0.0166,-0.0753,9.7936,0.2558,0.4402,-0.1113
35,1113,710,34.111,30.401,-0.0394,0.0163,9.8508,-0.1076,0.1362,1.0009
40,1132,717,34.067,30.344,0.0338,-0.0142,9.8587,-0.1796,0.1161,-0.2575
45,1135,710,34.144,30.401,-0.0373,-0.012,9.879,0.4921,-0.526,-0.1703
50,1145,717,34.138,30.383,-0.0083,0.0263,9.7796,-0.6192,-0.4446,-0.0579
55,1158,708,34.097,30.528,-0.0443,-0.0259,9.8231,-0.0866,0.1714,-0.3906
60,1157,713,34.051,30.453,0.0014,-0.0413,9.8689,0.4458,0.6574,-0.0297
65,1156,715,34.121,30.509,-0.0119,-0.0792,9.6453,-0.1021,-0.7233,0.0213
70,1172,715,34.008,30.405,0.0057,0.0145,9.8639,0.6319,-0.9749,0.596
75,1169,718,33.989,30.406,-0.005,-0.0249,9.8409,-0.1549,0.0678,0.5123
80,1169,719,33.988,30.453,0.0604,0.0017,9.7192,0.1028,0.6899,-0.0123
85,1184,719,34.156,30.427,0.0015,-0.0632,9.8512,0.075,-0.5818,-0.7009
90,1186,718,34.002,30.433,0.0331,-0.0549,9.7972,0.1884,-0.8714,-0.388
95,1189,724,34.072,30.497,-0.0671,-0.0167,9.8326,0.0726,0.5247,0.0378
100,1184,732,34.221,30.328,0.0629,0.078,9.8179,-0.3458,-0.2022,0.573
105,1186,734,34.07,30.48,-0.0803,-0.0914,9.7646,-0.0022,-0.2584,-0.0249
110,1181,736,34.109,30.394,0.0123,0.0942,9.7283,-0.3067,0.407,0.7101
115,1183,734,34.074,30.511,-0.085,-0.0241,9.8568,-0.634,-0.0981,-0.3321
120,1195,745,34.033,30.349,-0.0465,0.0282,9.8316,0.4308,0.8457,-0.6091
125,1189,744,34.172,30.396,-0.0497,-0.0534,9.7683,0.1801,0.0735,-0.4689
130,1184,758,34.092,30.382,0.0388,-0.0272,9.8844,-0.631,-0.0046,-0.0922
135,1192,751,34.129,30.408,-0.0201,-0.0382,9.7418,0.4427,0.3015,-0.7163
140,1173,760,34.08,30.451,0.0694,-0.0421,9.7329,-0.8595,0.0413,-0.2227
145,1180,763,34.229,30.361,0.086,0.083,9.8156,0.1546,-0.0307,-0.3304
150,1162,770,34.144,30.337,-0.003,0.0893,9.8068,0.2675,0.2672,0.6688
155,1178,772,34.155,30.434,0.031,-0.0237,9.8168,-0.0835,0.4191,0.6099
160,1171,777,34.153,30.394,-0.0473,-0.0031,9.8208,-0.1023,-0.369,0.5786
165,1162,781,34.136,30.352,-0.0387,0.0083,9.7928,-0.1984,-0.2892,0.199
170,1159,787,33.976,30.456,0.0309,-0.0416,9.7987,-0.1741,-0.4963,-0.1254
175,1162,797,34.064,30.427,-0.0556,0.0652,9.8493,-0.2078,-0.1918,-0.9554
180,1157,799,34.13,30.361,-0.0897,-0.0547,9.7895,0.9657,0.5263,0.1644
185,1146,800,34.206,30.451,-0.0745,0.104,9.792,-1.3786,0.2139,-0.4062
190,1150,803,34.032,30.451,0.0214,-0.051,9.8368,-0.8441,0.2566,0.2633
195,1150,809,34.157,30.492,-0.0867,0.0545,9.8147,-0.1942,-0.1934,0.7724
200,1136,817,34.076,30.444,-0.0172,0.0407,9.8701,-0.0387,0.5827,-0.7837
205,1137,815,34.145,30.446,0.0788,-0.0195,9.8036,0.6285,-0.7682,-0.087
210,1125,822,34.158,30.379,-0.0467,0.0009,9.839,-0.5363,-0.2293,-0.0877
215,1131,828,34.091,30.393,-0.0248,-0.0895,9.7867,0.2933,-0.0673,0.5501
220,1122,834,34.054,30.438,-0.0094,-0.0696,9.7653,0.7958,-0.1631,-0.5272
225,1126,839,34.099,30.426,0.0481,0.0422,9.7848,-0.7051,0.862,-0.0049
230,1117,835,34.095,30.474,-0.0516,0.1014,9.8291,-0.1672,-0.5702,0.0965
235,1120,842,34.099,30.339,-0.1551,0.0066,9.9293,-0.1457,0.8968,-0.1666
240,1108,844,34.112,30.368,-0.0829,-0.0051,9.6743,0.5645,-0.0528,-0.0565
245,1106,848,34.078,30.371,0.0318,-0.0199,9.8019,0.6332,0.9728,0.8378
250,1109,850,34.12,30.407,0.0489,0.0475,9.8505,-0.2516,0.0111,-0.9333
255,1106,857,34.101,30.351,-0.0699,0.0751,9.8363,-0.1583,-0.0049,-0.5546
260,1097,857,34.106,30.336,0.0063,0.0298,9.7688,-0.417,0.9703,-0.3232
265,1099,858,34.064,30.472,-0.0265,-0.1392,9.9027,-0.7943,0.1554,0.0245
270,1095,851,34.171,30.434,0.0255,0.027,9.7406,-0.4467,-0.7304,0.0148
275,1097,863,34.135,30.419,-0.0227,0.0684,9.7446,0.3631,0.0914,0.4001
280,1092,865,34.124,30.404,0.0082,-0.0635,9.8115,-0.131,-0.1059,0.1823
285,1099,866,34.084,30.36,-0.0226,0.0137,9.7781,0.6144,0.5636,-0.3712
290,1082,860,34.152,30.416,0.0137,-0.0281,9.8497,0.4745,-0.4331,0.6902
295,1077,864,34.093,30.437,-0.0077,-0.033,9.8043,-0.7938,0.4325,-0.0491
300,1072,863,34.154,30.475,0.0864,-0.047,9.9022,-0.0555,-0.2107,0.3947
305,1087,867,34.085,30.428,-0.0475,0.0017,9.7624,0.7281,0.0865,-0.647
310,1069,866,34.101,30.306,-0.0063,0.0173,9.8212,0.6994,-0.7289,-0.1799
315,1081,861,34.086,30.47,-0.0786,-0.0677,9.7933,0.0232,-0.3466,0.5538
320,1074,866,34.108,30.334,0.0041,0.038,9.8874,-0.4749,-0.8081,-0.6001
325,1065,862,34.129,30.387,-0.0735,0.0584,9.7956,0.7138,0.7256,0.1375
330,1057,860,34.034,30.42,-0.0241,-0.013,9.8388,-0.1684,-0.1006,-0.0096
335,1050,863,34.13,30.419,-0.0926,-0.0001,9.8315,-0.6642,0.3155,-0.1248
340,1059,863,34.254,30.405,0.0136,0.0264,9.8848,0.9404,-0.0171,0.2306
345,1046,861,34.147,30.462,0.0294,0.0643,9.8717,0.8042,-0.1528,-0.6184
350,1045,862,34.114,30.469,-0.0264,0.0186,9.8451,-0.1601,-0.3686,-0.2284
355,1049,858,34.128,30.386,-0.0028,-0.0426,9.8229,-0.3769,0.4311,0.3123
360,1038,860,34.092,30.404,0.0522,-0.0472,9.822,-0.3413,0.3285,0.7204
365,1027,862,34.084,30.438,-0.0356,0.0452,9.7924,0.4957,-0.0671,0.0768
370,1019,856,34.106,30.422,-0.0591,-0.0321,9.747,-0.6623,0.5001,-0.5911
375,1015,857,34.149,30.434,-0.0259,0.068,9.7678,0.6973,0.2432,0.9702
380,1009,855,34.089,30.405,0.0081,0.0015,9.8851,0.8504,0.4016,0.0601
385,1002,853,34.134,30.423,0.0984,0.0638,9.7548,-0.0479,-0.3448,0.2886
390,999,850,34.117,30.285,-0.0778,-0.0623,9.7912,0.2714,-0.9603,-0.4466
395,985,847,34.057,30.518,0.07,-0.0153,9.8164,-0.0498,-0.134,0.4083
400,978,849,33.968,30.394,0.0053,0.0612,9.7964,-0.9901,0.0906,0.9996
405,967,847,34.094,30.511,0.0384,-0.0244,9.8809,0.0465,-0.1646,1.1118
410,958,842,34.107,30.383,-0.0188,0.0829,9.8557,-0.1148,-0.6569,-0.7598
415,958,840,34.206,30.399,0.0135,0.018,9.848,-0.6834,-0.0807,-0.1871
420,936,843,33.999,30.447,-0.0532,0.0268,9.856,0.1234,0.5035,0.6978
425,937,844,34.08,30.407,-0.0471,-0.139,9.8722,0.6647,-0.416,0.5589
430,925,844,34.065,30.319,-0.0832,0.0651,9.8015,-0.2783,-0.2733,-0.2523
435,904,837,34.06,30.456,-0.0811,0.0733,9.8207,0.2989,-0.0091,0.5596
440,903,841,34.058,30.346,0.1368,0.0904,9.7038,0.5956,0.6161,0.8975
445,893,837,34.09,30.401,-0.0763,-0.0058,9.7591,0.3717,0.0527,-0.7149
450,879,841,34.145,30.481,0.0184,0.02,9.7992,1.334,0.5293,-0.0814
455,876,838,34.059,30.565,-0.0342,-0.0476,9.7719,-0.2032,0.9813,-0.3658
460,865,833,34.11,30.466,0.0096,0.0262,9.8501,-0.2811,-0.1886,-0.4385
465,855,835,34.165,30.447,0.0314,-0.0458,9.8472,1.1063,0.039,0.3651
470,843,834,34.192,30.503,0.0545,-0.0214,9.9029,0.0318,0.2265,0.1935
475,834,837,34.093,30.419,-0.0579,0.0532,9.7715,-0.1214,0.4755,-0.9571
480,825,827,34.145,30.369,0.0044,-0.0285,9.7532,0.2544,-0.1377,0.2032
485,819,830,34.069,30.338,0.0279,0.0491,9.7644,-0.2507,0.5138,-0.358
490,805,827,34.094,30.438,0.0037,-0.0207,9.8232,-0.107,-0.4774,0.456
495,801,832,34.088,30.451,-0.0044,-0.0069,9.7589,-0.228,0.1385,-0.3987
500,797,822,34.162,30.411,0.0133,-0.0209,9.7486,-0.5861,0.3714,0.6371
505,780,824,34.057,30.41,0.0931,0.0168,9.8579,0.0273,-0.5293,1.0806
510,763,826,34.103,30.366,-0.0047,0.0228,9.8221,-1.135,0.615,1.2685
515,771,826,34.127,30.475,-0.0502,0.0329,9.7455,0.2775,-0.4403,0.1424
520,773,822,34.082,30.503,0.0641,-0.0553,9.8553,0.1116,-0.4,-0.6463
525,761,825,34.151,30.401,0.0129,-0.0289,9.7419,1.1004,0.2842,0.6375
530,758,820,34.134,30.388,-0.0014,0.0786,9.9244,-0.4872,0.2002,0.3305
535,757,820,34.116,30.409,-0.0292,0.0715,9.845,0.9225,0.1225,-0.8247
540,744,824,34.09,30.318,0.0629,0.0979,9.7787,-0.0911,0.2016,0.047
545,749,820,34.057,30.461,0.102,0.0525,9.793,-0.1508,0.4805,1.0138
550,746,817,34.034,30.457,0.0203,0.0536,9.8665,0.5034,-1.1437,-0.7458
555,745,814,34.049,30.341,0.0001,0.0392,9.7371,-0.7854,-0.3533,-0.4669
560,749,810,34.093,30.382,0.0998,-0.0443,9.7538,-0.8372,0.7298,-0.093
565,754,806,34.048,30.389,0.0526,-0.0497,9.7934,0.8246,-0.6881,0.2482
570,752,809,34.111,30.455,-0.0893,-0.0097,9.8869,0.2564,-0.4035,-0.2704
575,758,807,34.207,30.457,0.0206,-0.0566,9.8242,0.548,0.3007,-0.3421
580,758,803,34.077,30.451,0.0099,-0.0862,9.7696,-0.3599,0.1928,0.3936
585,761,796,34.167,30.525,-0.0981,-0.0436,9.8666,0.6978,-0.5774,0.6194
590,777,799,34.098,30.444,-0.0015,-0.0791,9.856,-0.1841,-0.342,-0.1459
595,771,795,34.081,30.497,0.0408,0.0033,9.8527,0.0394,0.382,-0.0023
600,780,791,34.134,30.373,0.0702,0.0136,9.8317,-0.0058,-0.8622,-0.5371
605,792,789,34.144,30.508,0.0079,0.0799,9.7918,0.5077,-0.0287,-0.7113
610,797,785,34.057,30.468,0.0039,0.0868,9.8275,-0.1999,0.1877,-0.6196
615,811,784,34.068,30.493,-0.0532,-0.0527,9.8492,0.6834,-0.1049,-0.1424
620,816,779,34.067,30.461,-0.0495,0.0136,9.8402,0.2384,-0.1981,0.247
625,830,776,34.102,30.407,0.0381,-0.0638,9.8259,0.5435,-0.1063,-0.5541
630,837,775,34.119,30.457,-0.0252,-0.0447,9.7814,1.0226,-0.2074,0.4606
635,851,774,34.101,30.396,0.0568,0.0186,9.7617,-0.1113,0.0021,0.4164
640,864,766,34.203,30.46,0.0892,-0.0586,9.8392,1.0484,-0.1778,-0.8581
645,881,762,34.108,30.368,-0.0143,0.0115,9.7361,0.2061,0.9373,-0.5032
650,885,759,34.167,30.427,-0.1222,0.0386,9.822,-0.1126,-0.2644,0.1385
655,910,757,34.063,30.34,-0.0732,0.0139,9.7354,0.0586,0.5185,0.861
660,914,749,34.145,30.455,0.0325,0.0585,9.7231,-0.7555,0.4336,-0.0565
665,928,746,34.047,30.455,-0.0389,0.0321,9.7951,-0.0599,0.7969,0.1804
670,950,748,34.08,30.46,0.073,0.076,9.8001,-0.3473,-0.2523,0.5277
675,953,742,34.18,30.389,-0.0577,-0.0069,9.7743,1.1304,-0.6527,-0.2327
680,973,737,34.131,30.353,-0.0806,0.0087,9.8477,0.4639,0.8123,0.4084
685,974,734,34.172,30.393,0.1238,0.0164,9.766,-0.1464,0.1154,0.2556
690,1001,737,34.128,30.428,0.0306,-0.0873,9.8393,0.6536,-0.4034,0.203
695,1017,734,34.151,30.421,0.0454,-0.0337,9.9343,0.1663,-0.9759,-0.3182
700,1032,729,34.159,30.53,0.0495,0.0591,9.8624,-0.0616,0.0945,-0.4896
705,1033,722,34.078,30.433,0.0699,-0.0549,9.7866,0.5626,-0.1776,-0.6109
710,1048,722,34.08,30.428,0.0277,-0.0163,9.8451,-1.0292,-0.7269,-0.026
715,1058,719,34.067,30.468,-0.0147,0.0463,9.8274,-0.4822,-0.5384,0.9188
720,1076,723,34.047,30.361,-0.0575,-0.005,9.8652,0.6962,-0.0015,0.133
725,1083,719,34.165,30.44,-0.0359,-0.0101,9.7797,-0.7534,-0.0535,0.4424
730,1093,713,34.076,30.462,-0.0516,-0.0518,9.7937,0.4477,0.6669,-0.8188
735,1112,715,34.081,30.416,-0.003,0.0228,9.8457,0.0927,0.2899,0.4936
740,1113,717,34.115,30.446,0.026,0.0005,9.7951,0.1518,-0.318,0.325
745,1116,715,34.101,30.487,-0.1062,0.0134,9.7352,-0.4042,-0.2814,0.5064
750,1134,710,34.126,30.421,-0.0043,0.0735,9.8683,0.385,0.5338,-0.0714
755,1143,709,34.07,30.392,0.0207,0.0068,9.7794,-0.01,0.2685,0.1015
760,1147,711,34.176,30.423,-0.1439,-0.0249,9.8271,0.1801,-0.664,0.0591
765,1155,711,34.187,30.378,-0.0948,-0.0265,9.7907,-0.393,-0.0887,0.0935
770,1155,711,34.112,30.351,0.0879,-0.0917,9.7792,1.2321,-0.3417,-0.2937
775,1163,712,34.083,30.442,0.0068,-0.0108,9.8376,0.5472,0.0891,-0.0788
780,1177,719,34.201,30.468,0.0282,-0.0462,9.7484,-0.4851,-0.9239,-0.8441
785,1180,712,34.069,30.501,0.0439,0.0184,9.8341,-0.29,0.0318,0.3124
790,1167,720,34.156,30.356,0.0072,0.0036,9.72,0.1917,0.2972,-0.0845
795,1187,721,34.112,30.424,-0.071,0.0501,9.8814,-0.2704,0.5621,-0.3271
800,1180,729,34.069,30.439,0.0133,0.0243,9.8684,-0.4797,0.576,-1.0102
805,1189,726,34.112,30.374,-0.0078,0.0504,9.8636,0.1381,0.4963,0.1508
810,1182,729,34.056,30.442,0.0289,0.0492,9.9214,-0.3002,0.1951,-0.9817
815,1193,734,34.214,30.428,0.0601,-0.0091,9.7619,0.4265,0.0943,-0.7031
820,1192,740,34.081,30.366,-0.0124,-0.0276,9.8199,0.0165,0.7963,0.0742
825,1190,739,34.133,30.426,0.0525,0.0467,9.9054,-0.2653,-0.3189,-0.0316
830,1188,745,34.171,30.463,-0.0477,-0.0217,9.7257,-0.004,0.2455,0.1524
835,1185,748,34.092,30.522,-0.0202,0.0258,9.7101,0.6544,0.974,0.6181
840,1181,749,34.077,30.398,0.0689,0.0195,9.8209,0.5369,0.8798,-0.5972
845,1179,761,34.156,30.493,-0.0606,0.1272,9.8098,0.7705,-0.1704,0.9643
850,1173,759,34.082,30.417,0.0379,0.0384,9.8264,-0.7919,-0.2877,0.2059
855,1176,765,34.086,30.529,0.0296,-0.0202,9.791,0.1486,1.2047,0.2151
860,1169,772,34.148,30.4,0.0053,0.0364,9.7814,-0.6649,-0.025,0.0853
865,1170,776,34.083,30.412,-0.0405,-0.0888,9.7811,-0.8633,-0.2232,-0.6786
870,1164,783,34.15,30.47,0.0301,-0.0174,9.8572,0.1968,-0.1625,0.7991
875,1162,790,34.018,30.38,-0.0146,-0.0155,9.8026,0.203,1.4371,-0.3536
880,1160,790,34.149,30.497,0.0065,0.1036,9.8028,-0.2508,0.1008,-0.279
885,1153,790,34.161,30.377,0.0735,-0.0276,9.8394,-0.054,0.5392,1.3747
890,1150,796,34.048,30.395,-0.0168,-0.0528,9.759,0.3662,-0.6921,-0.6445
895,1147,807,34.041,30.482,-0.0776,-0.034,9.7666,-0.1258,-0.1722,0.5563
900,1132,807,34.097,30.397,0.0035,-0.0478,9.8162,0.5578,-0.7212,-0.0851
905,1146,814,34.154,30.505,-0.0787,-0.0162,9.8432,0.1003,0.0775,0.1286
910,1136,817,34.064,30.385,-0.0276,0.0493,9.7896,0.1182,1.1389,-0.0569
915,1126,821,34.066,30.373,0.0192,-0.0706,9.837,-0.166,0.4686,-0.572
920,1128,827,34.112,30.417,-0.0756,0.0072,9.8079,0.0355,-0.4682,0.5717
925,1125,824,34.038,30.577,0.1089,-0.0679,9.7388,-0.1947,-0.0473,0.0811
930,1122,832,34.237,30.401,0.0141,-0.0044,9.8038,0.2126,0.0811,0.221
935,1126,835,34.145,30.493,-0.0483,-0.0472,9.8699,0.1309,-0.1064,0.3845
940,1112,840,34.05,30.428,-0.0022,-0.0708,9.8363,0.0372,-0.1724,1.1408
945,1124,844,34.119,30.43,0.0009,0.0032,9.8086,0.8795,-0.3288,0.3476
950,1106,848,34.106,30.435,0.176,-0.0331,9.8519,-0.6341,-0.5017,0.2422
955,1102,849,34.097,30.491,0.0166,-0.0346,9.8275,-0.143,-0.496,-0.364
960,1102,855,34.096,30.455,0.0266,-0.0378,9.9214,-0.1992,0.3122,-0.1813
965,1101,852,34.149,30.469,0.0542,-0.07,9.846,0.1656,0.0255,0.0296
970,1112,854,34.13,30.405,-0.0225,0.0328,9.7824,0.9164,0.08,-0.5609
975,1093,862,34.097,30.403,-0.0221,-0.0024,9.7417,-0.6337,-0.3847,-0.4705
980,1098,856,34.083,30.441,0.0154,-0.0289,9.7788,0.1701,0.1819,-1.0275
985,1088,865,34.059,30.408,0.0172,0.0646,9.7848,0.2255,-0.1392,-0.3047
990,1094,860,34.03,30.403,-0.0055,-0.0048,9.807,-0.5271,0.0112,0.0309
995,1089,865,34.093,30.373,-0.0133,0.0496,9.7452,-0.7221,-0.6145,-0.3602
1000,1094,862,34.043,30.371,-0.0735,-0.039,9.9037,-0.8212,-0.4357,0.0743
1004,1081,864,34.124,30.473,-0.0139,-0.0155,9.8074,-1.0911,-1.3882,0.1904
1010,1084,868,34.094,30.402,0.0665,-0.0289,9.7724,1.0843,-0.4854,0.2825
1014,1077,868,34.195,30.442,-0.0583,0.0058,9.8451,1.1003,-0.2756,0.3182
1020,1080,866,34.049,30.428,0.0524,-0.0615,9.8615,-0.0366,-1.003,-0.0974
1025,1065,859,34.144,30.469,-0.0082,-0.0157,9.7805,-0.7061,0.5049,0.3037
1030,1067,861,34.188,30.561,-0.002,0.1056,9.8549,0.1527,0.9631,0.4208
1035,1062,863,34.035,30.441,-0.0163,-0.0017,9.8281,-0.5101,0.1192,-0.6433
1040,1053,865,34.007,30.444,0.0723,-0.0281,9.7742,-0.8488,0.2074,-0.2264
1045,1058,869,34.124,30.52,0.0516,-0.0073,9.8348,0.3,0.0051,-0.1532
1050,1057,870,34.111,30.481,0.045,-0.0071,9.7934,-0.0493,0.1523,-0.5072
1055,1047,864,34.169,30.471,0.0099,-0.104,9.793,-0.13,-0.0941,-0.0203
1060,1044,855,34.149,30.474,-0.0121,-0.0178,9.8268,-0.4222,-0.3097,-0.5741
1065,1036,860,34.068,30.468,0.0908,0.0504,9.7942,-0.1566,-0.101,0.5437
1070,1039,855,34.072,30.411,0.0351,-0.081,9.7733,-0.3009,-1.2249,-0.682
1075,1027,859,34.026,30.39,-0.039,0.0311,9.8381,0.1737,0.5943,-0.5018
1080,1024,856,34.123,30.352,0.0041,0.0611,9.8677,-0.0413,0.1831,-0.2417
1085,1011,850,34.061,30.391,0.0588,-0.0641,9.8332,-0.3618,-0.1333,-0.4404
1090,1001,850,34.114,30.382,-0.018,0.0202,9.7617,-0.0992,-0.6848,0.1289
1095,992,851,34.126,30.472,0.0811,-0.0338,9.8775,0.6968,-0.6645,0.9147
1100,985,852,34.055,30.4,-0.0538,0.0846,9.7417,-0.4144,0.2243,1.1077
1105,989,842,34.129,30.383,-0.0241,0.0183,9.7001,-0.3806,0.2347,0.1383
1110,979,848,34.076,30.378,-0.0065,-0.0007,9.819,-0.4296,-0.4459,-0.4979
1115,959,849,34.167,30.527,-0.002,0.0251,9.8166,-0.0651,-0.0565,-0.7663
1120,953,844,34.037,30.354,-0.0244,0.057,9.7976,-0.1379,0.1404,-0.0313
1125,945,845,34.09,30.474,-0.0022,-0.0178,9.8918,0.5894,-0.5597,-0.6238
1130,938,839,34.092,30.424,0.0183,0.0397,9.8234,0.5103,0.2221,-0.3889
1135,929,839,34.123,30.449,0.0763,-0.0128,9.8482,-0.2305,0.0923,0.4518
1140,919,844,34.157,30.449,0.0009,0.0263,9.8459,0.2914,-0.4234,-0.132
1145,903,839,34.16,30.405,0.0209,0.0082,9.8461,-0.3136,-0.4294,1.3011
1150,900,840,34.08,30.357,-0.0343,-0.0444,9.809,-0.2904,-0.438,-0.3792
1155,895,832,34.032,30.392,-0.0176,-0.0092,9.7791,-0.2307,0.3595,0.534
1160,883,838,34.102,30.432,-0.094,-0.018,9.7531,-0.5909,-0.3351,-0.5753
1165,862,834,34.063,30.428,-0.0014,-0.0465,9.9005,-0.3451,0.0477,0.1697
1170,851,831,34.168,30.369,-0.0078,0.0021,9.8324,-0.3226,0.4026,-0.0496
1175,854,835,34.029,30.374,-0.0257,0.0144,9.8907,-0.3561,0.0345,-0.4794
1180,839,833,34.057,30.477,-0.0398,0.0217,9.8598,-0.3993,-0.0809,-0.059
1185,825,829,34.146,30.475,-0.0356,0.0595,9.7971,-0.231,0.6881,-0.7214
1190,827,831,34.04,30.383,0.0117,-0.0072,9.8437,-0.6112,0.4695,0.3721
1195,812,837,34.172,30.423,-0.0254,-0.0599,9.8492,-0.0015,-0.8322,-0.681
1200,796,827,34.136,30.421,0.0772,0.1141,9.8435,0.1281,-0.4031,0.0654
1205,795,827,34.023,30.373,-0.0325,-0.0436,9.7923,-0.8438,-0.3395,-0.26
1210,784,833,34.096,30.479,-0.0177,-0.0117,9.805,0.5346,-0.1076,0.4685
1215,788,829,34.139,30.438,-0.0234,-0.0274,9.8065,0.582,-0.8474,-0.4191
1220,773,829,34.033,30.474,0.0299,-0.0677,9.8037,0.6765,-0.4312,0.0737
1225,769,825,34.062,30.403,0.0893,-0.0566,9.8311,0.366,-0.0197,0.2969
1230,760,820,34.105,30.329,-0.0461,0.0408,9.7745,0.5464,0.7861,1.294
1235,753,813,34.141,30.471,-0.0497,-0.0388,9.8026,-0.2948,-0.6972,-0.5155
1240,762,822,34.034,30.454,0.003,0.0248,9.7684,-0.6124,-0.9857,0.8277
1245,756,816,34.055,30.345,0.0227,0.1862,9.8373,-0.5469,-0.826,-0.7388
1250,749,815,34.072,30.416,0.0092,-0.0031,9.7751,0.0994,0.5146,-0.3552
1255,736,812,34.099,30.419,0.0008,0.0392,9.7983,0.0831,0.2784,0.5409
1260,747,816,34.152,30.419,-0.0011,0.051,9.8705,0.4191,-0.2269,0.3946
1265,758,811,34.117,30.44,-0.0014,-0.0123,9.8891,0.0853,0.7644,0.4344
1270,748,810,34.045,30.512,-0.0442,-0.0147,9.7487,-0.1525,0.7115,0.0339
1275,745,809,34.077,30.446,0.0003,0.0398,9.7648,0.3317,0.219,0.0888
1280,757,809,34.102,30.323,0.0797,-0.0495,9.7802,0.0183,1.22,0.2823
1285,750,806,34.073,30.505,-0.0682,0.0075,9.7602,0.148,-0.2527,0.7032
1290,766,800,34.123,30.437,-0.0017,-0.0527,9.9086,-0.3902,0.1474,-0.6865
1295,769,802,34.133,30.433,-0.0061,0.007,9.8676,-0.4463,-0.537,0.3716
1300,783,796,34.159,30.411,0.0697,0.015,9.846,0.2066,-0.0451,0.6117
1305,776,794,34.13,30.478,-0.0646,0.056,9.8594,-0.3349,-0.1946,0.8083
1310,796,789,34.178,30.367,0.0523,-0.0269,9.8336,-0.1828,-0.1381,0.0336
1315,797,787,34.102,30.486,0.0519,0.0215,9.8641,-0.5352,0.0774,-0.2266
1320,798,785,34.183,30.396,-0.1055,-0.0163,9.8413,0.0384,0.3535,0.2328
1325,809,784,34.032,30.497,-0.0171,-0.0761,9.8113,-0.3704,-0.6883,0.2911
1330,827,774,34.162,30.435,-0.0239,-0.0197,9.8504,-1.2697,-0.5605,-0.1319
1335,849,777,34.06,30.462,-0.0055,-0.0003,9.818,0.6856,-0.0082,0.1619
1340,840,770,34.119,30.434,-0.0422,0.0051,9.7782,-0.6917,0.2569,0.2069
1345,860,767,34.152,30.415,-0.0152,0.0556,9.8167,-0.0843,0.1808,-0.7233
1350,865,759,34.1,30.498,0.0172,0.0919,9.853,0.1752,0.1329,0.0394
1355,893,764,34.149,30.49,0.0297,0.0104,9.8032,-0.5088,-0.2183,-0.0812
1360,886,754,34.123,30.351,-0.0197,0.0896,9.7786,0.5644,-0.1711,0.061
1365,908,753,34.15,30.375,-0.0446,-0.0335,9.7188,0.4838,-0.0644,0.5368
1370,920,754,34.05,30.428,0.043,0.0207,9.8615,0.0119,0.0661,0.2543
1375,935,748,34.002,30.477,0.0676,0.0247,9.9036,-0.1781,0.4789,-0.1121
1380,948,742,34.063,30.397,0.0046,0.002,9.8056,-0.5337,-0.1454,0.1812
1385,968,742,34.074,30.369,0.0094,0.0228,9.751,0.824,0.2401,-1.157
1390,975,733,34.222,30.431,0.0723,0.0052,9.8009,0.6413,0.133,0.3528
1395,993,738,34.07,30.433,0.0455,0.041,9.8296,0.2384,-0.4325,-0.3247
1400,1004,728,34.188,30.383,0.0181,-0.0344,9.8308,-0.0766,-0.5766,0.0472
1405,1019,725,34.142,30.497,0.0103,0.0136,9.7815,0.163,-0.9229,0.0716
1410,1030,720,34.092,30.451,0.0073,0.1367,9.8877,0.6738,0.0754,-0.1577
1415,1053,722,34.113,30.323,0.1316,-0.0404,9.8231,-0.1169,0.0713,1.4552
1420,1060,720,34.143,30.419,-0.044,-0.1447,9.7581,0.4774,0.9956,-0.1657
1425,1063,715,34.071,30.351,-0.0297,-0.0235,9.7502,0.4854,-0.4377,0.1157
1430,1079,723,34.073,30.458,0.0577,-0.0421,9.835,0.2265,-0.7122,0.2941
1435,1098,711,34.179,30.519,0.0439,0.0527,9.8429,-0.1823,0.8912,0.266
1440,1103,714,34.14,30.41,0.0002,0.0421,9.746,0.2992,-0.1669,0.1649
1445,1108,714,34.033,30.398,0.0177,-0.0565,9.7902,0.2327,-0.5689,0.2196
1450,1119,710,34.12,30.435,0.1229,0.0414,9.7392,-0.0749,0.53,-0.4046
1455,1132,709,34.138,30.372,-0.0745,0.0872,9.8549,-0.4002,0.4488,0.1273
1460,1139,712,34.14,30.355,-0.0004,0.0571,9.722,0.7886,0.1351,0.2684
1465,1142,705,34.085,30.352,-0.0074,-0.0847,9.7525,0.2164,0.4364,0.7546
1470,1148,713,34.1,30.467,-0.0202,0.0409,9.8141,0.2207,-0.9167,-0.3136
1475,1159,715,34.084,30.477,0.0104,-0.0072,9.8553,-0.3839,-0.2831,-0.0334
1480,1166,714,34.198,30.442,-0.0633,0.0608,9.7958,1.7835,0.0112,-0.5282
1485,1172,713,34.106,30.45,-0.0186,-0.0227,9.8895,-0.93,-0.2477,0.3416
1490,1174,719,34.132,30.378,0.0229,-0.0484,9.8535,0.1723,0.0306,-0.7775
1495,1174,719,34.148,30.374,-0.0752,-0.0304,9.859,-1.1087,-0.2303,0.5257
1500,1192,720,34.171,30.52,0.0387,-0.0123,9.7637,-0.5082,-0.5998,0.1586
1505,1180,728,34.039,30.37,-0.0753,0.0474,9.8032,0.5358,-0.2511,0.4224
1510,1188,726,34.148,30.481,0.0607,0.0001,9.7563,0.2117,0.1819,-0.3703
1515,1183,726,34.209,30.462,-0.001,-0.0336,9.8323,-0.389,-0.343,-0.4014
1520,1183,734,34.118,30.508,0.0165,-0.0484,9.7438,-0.3582,-1.1413,0.7578
1525,1186,739,34.019,30.455,0.0466,0.1044,9.7584,-0.8416,0.7276,-0.3514
1530,1189,740,34.175,30.39,-0.016,0.0243,9.791,0.6195,0.0953,0.7028
1535,1179,741,34.16,30.478,-0.0108,-0.1034,9.8057,-0.926,0.485,0.1319
1540,1186,740,34.163,30.482,-0.0354,0.0258,9.7807,-0.3085,0.7969,0.067
1545,1181,752,34.097,30.458,0.0357,0.0783,9.8716,-0.4741,-0.1685,0.4265
1550,1169,753,34.111,30.472,-0.1191,0.0029,9.7597,0.9023,-0.1966,0.2533
1555,1180,762,34.023,30.46,0.0215,-0.0318,9.7805,0.7039,0.1402,0.0148
1560,1178,763,34.131,30.362,-0.1428,-0.0907,9.7755,-0.1124,-0.3772,0.0442
1565,1168,767,34.104,30.472,-0.0661,0.0191,9.8825,0.3795,1.3631,0.479
1570,1180,776,34.181,30.345,0.023,0.0217,9.8355,0.1395,0.201,0.0293
1575,1173,779,34.061,30.475,-0.0125,-0.043,9.806,0.1851,-0.3505,0.1778
1580,1159,784,34.117,30.445,-0.059,-0.0086,9.7393,-0.316,-0.3354,-0.1632
1585,1166,789,34.193,30.476,-0.0254,0.0734,9.7675,0.6542,-1.2252,-0.7322
1590,1153,791,34.057,30.44,-0.05,-0.0294,9.873,-0.0505,0.7664,-0.5065
1595,1150,793,34.096,30.432,0.0097,-0.0366,9.7851,0.9243,-0.357,-0.4083
1600,1153,804,34.086,30.378,-0.0243,0.0104,9.8399,-0.5246,0.5425,-0.4942
1605,1147,806,34.139,30.437,0.033,0.0444,9.7303,-0.4669,-0.2197,0.4191
1610,1144,809,34.037,30.376,0.0235,0.0241,9.8126,0.2017,0.3432,-0.0523
1615,1143,815,34.154,30.438,0.0605,0.0869,9.8239,-0.0652,0.1819,-0.3023
1620,1136,818,34.228,30.485,0.0832,0.0582,9.8861,-0.6148,-0.6047,0.0403
1625,1128,825,34.164,30.466,-0.0237,-0.008,9.8017,-0.2765,-0.056,1.6117
1630,1129,831,34.181,30.417,0.0462,-0.0001,9.8046,-0.2575,0.6534,0.0068
1635,1130,830,34.115,30.467,-0.0428,0.0322,9.8318,0.0728,0.5585,0.0036
1640,1123,837,34.095,30.432,-0.0405,0.1157,9.8357,-0.0998,-0.8166,-0.3149
1645,1120,837,34.17,30.434,-0.0294,-0.0441,9.7847,0.1519,-1.03,0.7723
1650,1111,839,34.097,30.29,0.012,-0.0288,9.8348,-0.5782,-0.9622,-0.4444
1655,1119,846,34.083,30.488,0.0101,-0.0379,9.788,-0.5343,-0.6433,0.9846
1660,1115,847,34.08,30.38,-0.001,-0.037,9.733,-1.1071,-0.2029,-0.2136
1665,1107,852,34.057,30.443,-0.1213,0.0128,9.8084,0.1697,-0.3223,0.7023
1670,1110,854,34.141,30.514,0.0155,0.0139,9.8186,-0.4723,0.4624,0.1962
1675,1099,850,34.16,30.486,0.0146,0.0255,9.7656,-0.0452,0.6671,-0.5585
1680,1099,859,34.139,30.5,0.0609,0.0116,9.7779,0.0767,-0.4055,0.2233
1685,1091,857,34.032,30.435,0.0431,0.0015,9.6885,-0.3736,0.1131,-0.7242
1690,1091,860,34.132,30.327,-0.0495,0.0703,9.8043,-0.1695,-0.631,0.2578
1695,1090,866,34.07,30.471,0.1282,0.0606,9.7408,-0.4166,0.1598,-0.4686
1700,1084,861,34.101,30.412,-0.0245,0.0517,9.7393,-0.0829,-0.0638,-0.1352
1705,1087,858,34.11,30.41,0.0435,-0.1045,9.8369,-0.3853,0.078,0.0453
1710,1084,867,34.07,30.439,0.1001,0.0223,9.8039,0.1372,0.4919,0.336
1715,1081,863,34.105,30.453,0.0673,0.0094,9.7951,1.0225,0.3923,0.5258
1720,1077,864,34.204,30.454,-0.1119,0.046,9.8295,0.5689,-0.4357,1.1561
1725,1071,866,34.12,30.437,0.033,-0.0276,9.7993,0.579,0.3965,0.0843
1730,1075,868,34.118,30.44,0.0739,-0.0267,9.8621,-0.0723,-0.8901,0.1687
1735,1065,863,34.173,30.397,0.016,-0.0313,9.8321,0.6891,0.0254,-0.6883
1740,1063,866,34.185,30.408,-0.0514,-0.0663,9.8016,-0.7005,-0.4604,0.086
1745,1069,867,34.078,30.349,-0.0103,0.0403,9.8295,-0.2305,0.1822,-0.7122
1750,1048,870,34.118,30.504,0.0282,-0.0626,9.7975,-0.2697,-0.0855,-1.0956
1755,1056,863,34.211,30.366,0.0078,-0.0601,9.8115,-0.0667,0.1852,0.0993
1760,1052,864,34.167,30.472,-0.0428,0.0268,9.7832,-0.7993,-0.1971,0.5819
1765,1047,856,34.189,30.382,0.0482,0.0618,9.8362,1.1205,0.5543,-0.5634
1770,1037,863,34.143,30.44,0.0037,0.08,9.8416,-0.4358,1.3189,-0.3756
1775,1030,854,34.079,30.515,0.0098,0.0385,9.7757,-0.1128,0.8649,0.0481
1780,1021,856,34.166,30.369,-0.0544,0.051,9.8441,-0.0038,0.0991,0.5482
1785,1024,856,34.171,30.408,0.0421,-0.0866,9.7738,-0.0146,-0.4113,0.234
1790,1021,858,34.108,30.371,-0.0282,-0.0505,9.6951,0.0459,1.2757,-0.4899
1795,1005,855,34.162,30.401,-0.0303,0.0359,9.7578,-0.7853,0.0121,0.1407
1800,1009,854,34.191,30.402,0.0104,0.0422,9.82,0.1899,-0.1334,-0.3413
1805,995,848,34.112,30.445,0.031,0.0953,9.7962,-0.1229,-0.1023,0.2943
1810,988,853,34.178,30.404,0.0198,0.0258,9.8033,-0.6776,0.2785,0.0217
1815,981,846,34.111,30.462,0.0495,0.0318,9.8339,-0.4066,0.0525,1.0554
1820,974,846,34.219,30.441,0.0097,0.0127,9.8045,-0.1117,1.2702,0.4532
1825,969,847,34.115,30.424,-0.0354,-0.0257,9.9335,0.2568,0.1418,1.3118
1830,957,842,34.123,30.523,0.0172,-0.0154,9.8322,0.2632,0.1512,0.331
1835,939,839,34.191,30.433,0.0754,-0.0035,9.7691,0.3992,0.4071,-0.1615
1840,938,845,34.095,30.452,-0.0085,0.0115,9.8357,-0.2943,-0.0669,1.0605
1845,918,839,34.118,30.45,0.0147,-0.0832,9.7649,-1.0751,1.045,0.7944
1850,915,838,34.092,30.454,0.0457,-0.0131,9.7923,-0.1817,-0.4145,-0.2419
1855,905,839,34.093,30.461,-0.0166,-0.0333,9.8568,0.2839,0.2136,-0.1398
1860,905,835,34.063,30.466,0.0738,-0.0899,9.8336,0.4003,-0.8668,0.5614
1865,876,838,34.12,30.448,-0.034,-0.0512,9.9123,0.0571,-0.0638,-0.1346
1870,875,836,34.169,30.425,0.0094,-0.0552,9.8216,-0.0725,-0.6938,-0.9778
1875,863,837,34.116,30.45,0.0493,0.0384,9.7538,0.5966,-0.2057,0.2787
1880,854,834,34.16,30.407,0.0689,0.086,9.8371,0.7343,-0.0479,0.1441
1885,840,831,34.065,30.415,0.0498,0.0113,9.8448,0.0773,-0.6253,-0.5065
1890,824,831,34.106,30.5,-0.0245,-0.0549,9.7923,0.1506,0.3161,-0.1927
1895,823,828,34.058,30.39,-0.0183,0.0199,9.7882,0.363,0.3268,-0.1616
1900,823,831,34.15,30.472,-0.0038,-0.0232,9.7203,-0.609,-0.1963,1.7269
1905,809,827,34.15,30.433,0.0538,0.0324,9.8589,0.1649,0.0631,-0.6853
1910,797,830,34.104,30.485,-0.0096,0.0518,9.8033,-0.2087,-0.9708,0.6104
1915,789,831,34.183,30.418,-0.0815,-0.0448,9.7729,-0.304,0.0688,-0.3075
1920,780,823,34.102,30.462,-0.0042,0.0371,9.7349,1.0642,-0.7339,-0.6549
1925,769,827,34.072,30.465,-0.0441,0.0312,9.7912,0.2608,0.407,-0.1698
1930,776,826,34.065,30.456,0.0128,-0.0088,9.8095,0.1153,-0.1067,-0.7848
1935,756,826,34.076,30.427,-0.1074,-0.0369,9.8212,-0.4483,0.6938,0.9297
1940,766,827,34.106,30.373,-0.0072,-0.0152,9.7815,0.5945,0.2532,-1.0722
1945,754,821,34.091,30.372,-0.0581,-0.1236,9.8083,-0.3028,-0.5175,-0.4166
1950,758,817,34.058,30.444,0.0578,-0.0466,9.9076,-0.0288,0.5025,0.9183
1955,747,816,34.124,30.459,-0.0898,-0.0391,9.8827,0.1164,-0.8897,-0.2351
1960,749,815,34.136,30.405,0.0124,-0.0658,9.8472,0.3456,0.2607,0.8736
1965,740,813,34.158,30.479,-0.0361,0.0781,9.8532,1.4232,-0.5648,0.4542
1970,750,814,34.104,30.423,0.0059,-0.0293,9.8043,-0.2646,0.5306,-0.256
1975,753,808,34.117,30.467,-0.0815,-0.033,9.8169,-0.5778,-0.2482,0.7889
1980,751,811,34.149,30.362,-0.0635,-0.0359,9.8263,-0.2971,0.5189,-0.4872
1985,756,807,34.078,30.363,-0.0044,0.0361,9.8086,0.2647,0.3766,-0.2029
1990,749,808,34.073,30.475,0.0633,0.0407,9.8313,0.1354,0.1883,-0.5595
1995,760,806,34.151,30.437,-0.0344,0.0688,9.8316,-0.7574,0.1694,0.4306
2000,756,805,34.117,30.393,0.0636,-0.0079,9.7272,-0.1574,-0.3618,0.0037
2005,768,796,34.155,30.465,-0.0553,-0.0184,9.867,0.0373,-0.2784,-0.0868
2009,782,798,34.074,30.486,-0.0068,0.0282,9.7614,0.574,-0.3308,-0.2159
2015,775,790,34.143,30.433,-0.043,0.0319,9.7792,0.6812,0.0487,0.3252
2020,799,790,34.085,30.48,-0.0582,-0.0146,9.8522,-0.0612,0.61,-0.1512
2025,807,780,34.054,30.486,0.0334,0.0365,9.7864,-0.8924,0.0864,-0.5507
2029,809,780,34.13,30.415,-0.0071,-0.0587,9.837,0.0438,0.1741,-0.2516
2035,818,784,34.062,30.424,-0.0016,-0.0126,9.8506,0.4758,-0.0855,0.1775
2040,829,781,34.123,30.459,-0.0482,0.0085,9.8742,-0.3052,0.0935,-0.6646
2045,841,769,34.098,30.505,0.0238,-0.0074,9.7949,-0.3442,-0.1305,0.567
2050,843,771,34.035,30.379,-0.0494,0.026,9.698,0.1662,0.5283,-0.0065
2055,871,766,34.108,30.354,0.0264,-0.0411,9.7883,-0.4431,0.7326,-0.1991
2060,870,762,34.043,30.401,-0.0559,-0.0213,9.8449,-0.1001,-0.1702,1.2092
2065,883,760,34.052,30.447,-0.0014,-0.0261,9.8138,-0.0828,0.0207,-0.4332
2070,905,752,34.053,30.447,-0.0002,-0.0252,9.8126,0.9862,-0.2649,-0.3151
2075,914,746,34.24,30.388,0.0051,0.0752,9.8325,-1.129,-0.1838,1.2088
2080,928,748,34.084,30.384,-0.0022,0.052,9.8659,-0.5197,-0.8638,0.4422
2085,939,746,34.06,30.465,-0.0205,0.0239,9.8143,0.0409,-0.1318,0.1897
2090,950,742,34.135,30.47,0.0478,-0.0357,9.8365,0.5468,0.0006,-0.7553
2095,971,738,34.132,30.432,-0.1031,-0.038,9.8225,-0.2664,0.3427,-0.6086
2100,990,740,34.205,30.497,0.1008,-0.0446,9.845,0.6433,-0.4095,-0.8344
2105,996,735,34.039,30.414,-0.0657,0.0144,9.8227,-0.0069,-0.5789,-0.0852
2110,1010,731,34.206,30.508,-0.0376,-0.0147,9.806,0.0464,0.0386,0.4454
2115,1021,725,34.161,30.417,-0.0458,-0.0236,9.8502,0.1305,-0.1584,-0.0169
2120,1030,724,34.201,30.419,-0.045,0.0084,9.7924,-0.0047,0.2752,-1.1738
2125,1051,723,34.059,30.506,0.0401,0.1006,9.8598,0.3958,-0.0353,0.78
2130,1069,721,34.198,30.48,0.0482,-0.0528,9.7454,-0.197,-0.4692,0.8493
2135,1079,714,34.101,30.45,0.009,-0.0281,9.823,-0.0758,0.4367,-0.1376
2140,1076,717,34.089,30.426,0.0412,-0.0162,9.7891,-0.204,-0.2066,0.9537
2145,1094,716,34.172,30.451,0.0924,0.0184,9.7659,0.5531,-0.1429,-0.0591
2150,1109,714,34.182,30.414,-0.0052,-0.0511,9.8667,-0.2409,0.234,-0.9548
2155,1107,716,34.107,30.425,-0.0091,0.064,9.8388,-1.1191,-0.6336,0.2542
2160,1134,708,34.195,30.391,0.068,-0.0121,9.81,0.3603,0.2297,0.117
2165,1134,713,34.065,30.495,-0.0238,0.0097,9.7503,0.5641,0.3254,-0.8038
2170,1145,708,34.201,30.507,-0.0038,0.0688,9.8959,-0.184,-0.1711,-0.0134
2175,1150,711,34.08,30.462,0.0344,0.075,9.8,-0.0558,-0.102,-0.1837
2180,1148,711,34.194,30.464,-0.091,0.0095,9.7758,0.1458,-0.4128,-0.5961
2185,1166,711,34.191,30.388,0.0253,-0.0018,9.7875,1.0071,-0.1163,-0.0985
2190,1170,712,34.053,30.526,0.0426,-0.0099,9.7474,-0.2875,0.6663,-0.8085
2195,1176,719,34.185,30.475,0.0323,-0.0005,9.7747,0.5737,0.278,0.0807
2200,1184,719,34.035,30.419,-0.0026,0.0518,9.7773,0.1407,0.2812,0.083
2205,1181,717,34.042,30.398,0.0251,0.0263,9.8989,0.06,0.6402,0.3575
2210,1172,717,34.093,30.487,-0.0684,0.0051,9.9066,0.4609,0.6318,0.0252
2215,1179,722,34.052,30.377,0.0464,-0.0085,9.8222,0.302,-0.764,-0.8574
2220,1183,728,34.151,30.464,-0.0155,-0.0139,9.7278,0.1082,-0.0326,0.2311
2225,1196,735,34.149,30.424,-0.0324,-0.1059,9.8724,0.6808,-0.7324,-0.2861
2230,1184,734,34.077,30.467,-0.0404,0.0515,9.8053,-0.3723,0.444,-0.4763
2235,1185,735,34.037,30.476,0.0594,-0.0255,9.9241,0.5848,-0.2893,0.8014
2240,1194,735,34.143,30.446,-0.0818,-0.004,9.7638,-0.0557,-0.8261,-0.0003
2245,1184,744,34.188,30.428,0.0577,0.109,9.8467,-0.1391,0.2253,0.3965
2250,1188,749,34.131,30.464,0.0796,-0.0115,9.8143,-0.3717,-0.0347,1.0246
2255,1183,751,34.147,30.348,-0.0338,-0.0237,9.9199,0.0854,-0.0158,0.7272
2260,1171,754,34.042,30.401,-0.0612,0.0104,9.9073,-0.0927,0.5797,-0.1315
2265,1182,757,34.173,30.419,0.0164,-0.0163,9.8102,0.2113,0.2682,-0.3728
2270,1173,769,34.141,30.425,-0.049,-0.0944,9.8686,-0.6948,-0.7392,0.7739
2275,1169,771,34.13,30.42,-0.0843,0.047,9.741,0.607,-0.92,0.3967
2280,1172,778,34.205,30.441,0.0354,-0.1069,9.7836,-0.0598,-0.2962,-0.0403
2285,1169,780,34.153,30.484,0.1136,-0.0214,9.7024,-0.7578,-0.1987,0.2636
2290,1157,781,33.989,30.433,-0.0239,-0.0396,9.8702,-0.2367,-0.6379,0.5162
2295,1157,791,34.128,30.422,-0.0357,0.037,9.8495,-0.1713,1.0165,0.1321
2300,1151,798,34.043,30.409,0.0114,-0.0162,9.792,0.0152,-0.5721,0.4473
2305,1145,800,34.084,30.456,-0.1044,-0.026,9.7575,0.1951,0.2876,0.0929
2310,1151,802,34.124,30.442,-0.0334,0.0444,9.8472,0.5664,0.6084,0.517
2315,1148,805,34.076,30.439,-0.1073,-0.0417,9.8489,-0.0831,-0.741,-0.5761
2320,1131,813,34.141,30.447,-0.0111,0.0781,9.8102,-0.3884,-0.5541,0.7911
2325,1140,819,34.136,30.293,0.027,-0.0615,9.9191,0.3623,0.3406,0.4008
2330,1134,825,34.237,30.488,-0.0659,0.0901,9.7831,-0.5689,0.0353,-0.0756
2335,1132,829,34.154,30.445,-0.0392,-0.0523,9.7504,0.8433,0.1342,0.1884
2340,1123,831,34.149,30.495,0.0624,-0.0613,9.7942,-0.2896,-0.6118,-0.1585
2345,1120,836,34.213,30.47,0.0247,0.0105,9.8496,0.6825,-0.0925,-0.1385
2350,1113,838,34.053,30.438,0.0135,0.0194,9.8012,0.5744,-0.4366,-0.8739
2355,1118,842,34.094,30.356,-0.0151,-0.0603,9.8495,0.6297,0.0521,0.5987
2360,1116,844,34.169,30.415,-0.0458,-0.0048,9.9114,-0.6122,0.3069,-0.0642
2365,1110,843,34.224,30.425,0.1213,0.0096,9.8616,-0.6387,0.5999,0.8168
2370,1104,855,34.114,30.481,0.0618,0.0183,9.829,-0.6547,0.3158,0.3296
2375,1098,850,34.196,30.443,-0.0466,-0.0415,9.8427,-0.4679,-0.688,-0.0925
2380,1105,857,34.201,30.393,-0.0243,0.0849,9.7549,0.1645,-0.0936,-0.1364
2385,1092,853,34.054,30.53,-0.0468,0.0355,9.9016,0.4881,-0.5166,0.1529
2390,1098,860,34.152,30.436,-0.0515,-0.0134,9.8137,-0.9616,-0.0558,0.6536
2395,1101,857,34.2,30.438,0.0607,0.0403,9.7647,0.9715,0.2547,-0.0387
2400,1085,859,34.12,30.416,0.0425,0.0405,9.8189,0.6797,-0.5865,0.2212
2405,1096,858,34.125,30.478,-0.0489,-0.0175,9.8485,-0.753,0.2355,0.3081
2410,1084,858,34.2,30.412,-0.012,0.0482,9.7856,1.0833,-0.0903,0.8342
2415,1083,867,34.1,30.322,0.0539,-0.0895,9.7524,0.3311,-0.647,-0.7136
2420,1087,867,34.074,30.424,0.0197,0.0222,9.8355,0.1739,0.0191,-0.6645
2425,1084,868,33.999,30.484,0.0005,0.1027,9.8742,0.4018,0.054,0.6329
2430,1081,863,34.141,30.454,-0.053,0.0683,9.7457,-0.0596,-0.0369,-1.5435
2435,1085,867,34.136,30.481,0.0089,-0.1266,9.7775,0.1881,0.2511,-0.4044
2440,1070,865,34.146,30.409,-0.0597,0.0422,9.9075,-0.0013,0.3861,0.6158
2445,1070,859,34.166,30.373,0.0592,-0.061,9.7542,0.1477,-0.9292,-0.6276
2450,1067,863,34.088,30.369,0.043,-0.1327,9.7541,-0.1101,-0.8918,-0.5992
2455,1063,859,34.184,30.486,0.0368,-0.0694,9.7642,-0.3583,0.0454,0.403
2460,1058,859,34.077,30.432,-0.0658,0.0181,9.8331,-0.3966,0.0501,-0.2187
2465,1047,863,34.096,30.384,-0.0524,-0.0234,9.8006,-0.0245,-0.8982,0.1471
2470,1051,859,34.094,30.468,0.0189,0.1023,9.6831,-0.0352,-0.4853,-0.4008
2475,1039,862,34.137,30.457,0.0435,0.0529,9.7683,0.4632,-0.1379,-0.8641
2480,1029,856,34.099,30.415,-0.0225,0.0338,9.8951,0.0407,-0.0483,0.4223
2485,1025,854,34.029,30.412,0.0469,0.0005,9.7899,0.3518,-0.4993,0.6203
2490,1034,858,34.094,30.456,0.0229,0.008,9.8525,-0.0872,0.202,-0.4287
2495,1021,848,34.125,30.428,-0.0109,-0.0119,9.8555,-0.2862,0.2742,-0.7529
2500,1012,850,34.124,30.45,-0.1078,-0.0309,9.9348,-0.0363,-0.5448,-0.4408
2505,1011,855,34.173,30.399,-0.101,-0.0116,9.8991,0.4806,-1.0071,0.0687
2510,990,855,34.149,30.473,-0.0425,0.1058,9.8447,0.8341,-0.7046,0.1408
2515,991,848,34.092,30.451,-0.0721,-0.0334,9.7875,0.9922,0.1607,0.0374
2520,980,852,34.197,30.548,0.0114,0.0107,9.7594,0.4894,-0.3675,-0.4987
2525,971,853,34.108,30.398,-0.0557,0.0746,9.8309,1.3411,-0.09,0.3359
2530,972,842,34.059,30.473,-0.0092,0.0138,9.826,0.3708,0.3584,0.1749
2535,944,848,34.074,30.394,-0.0397,0.022,9.9046,-0.489,0.0168,0.0716
2540,938,840,34.162,30.414,0.0138,0.009,9.6883,-0.0322,0.4248,-0.6769
2545,943,842,34.104,30.45,-0.0372,-0.0263,9.6941,0.2673,0.6278,-0.0032
2550,929,840,34.156,30.463,-0.0678,-0.0555,9.6995,-0.5442,0.5605,-0.3732
2555,924,839,34.056,30.418,0.0554,0.1026,9.7929,0.3992,0.0421,-0.5107
2560,910,839,34.079,30.477,-0.0056,-0.0279,9.7895,-0.0759,1.0561,0.4276
2565,893,840,34.194,30.405,-0.0292,-0.0426,9.8042,-0.1864,0.0214,0.2092
2570,887,843,34.087,30.514,-0.0313,-0.0244,9.8083,-0.3567,1.335,-0.678
2575,878,839,34.108,30.453,-0.0472,-0.0219,9.7902,0.1063,-0.5725,-0.0598
2580,867,833,34.169,30.501,-0.0401,-0.0455,9.7043,-0.1584,-0.4977,-0.4199
2585,851,835,34.178,30.46,-0.0384,0.0422,9.8871,0.7757,-0.2278,-0.0461
2590,839,829,34.055,30.346,0.0128,-0.0303,9.777,-0.5526,-0.0312,0.6617
2595,840,836,34.051,30.426,-0.0129,0.0135,9.7533,0.0655,0.0204,-0.1915
2600,828,831,34.171,30.519,-0.0616,-0.0224,9.8575,-0.4326,-0.1512,-0.7454
2605,817,824,34.176,30.497,0.0438,0.0007,9.7697,-0.6304,-0.9686,-0.3027
2610,807,832,34.02,30.377,0.014,-0.0335,9.9471,0.456,-0.5108,0.1782
2615,799,829,34.102,30.472,-0.1194,-0.0139,9.745,-0.0346,0.423,-0.049
2620,802,829,34.112,30.512,0.0479,-0.0629,9.7703,-0.6373,0.1664,-0.1508
2625,789,827,34.056,30.465,0.0558,-0.046,9.7905,0.326,0.8958,-0.3918
2630,776,832,34.129,30.418,-0.0582,0.0933,9.7867,-0.7659,-0.0029,-0.8914
2635,766,830,34.125,30.453,0.0576,0.0098,9.6587,0.5144,0.1624,-0.521
2640,770,826,34.13,30.478,0.0197,-0.0939,9.8032,0.8274,-0.3232,1.1086
2645,767,826,34.221,30.512,0.0366,-0.0311,9.8187,0.4647,-0.4252,-0.3714
2650,750,819,34.192,30.443,-0.0196,-0.0019,9.8443,0.2029,-0.0887,-0.0449
2655,743,819,34.037,30.47,-0.0661,0.0693,9.8195,0.2732,-0.0693,0.1513
2660,751,822,34.077,30.415,-0.12,0.0099,9.9163,-0.2946,-0.1642,-0.547
2665,751,816,34.124,30.416,-0.0424,-0.0866,9.8648,-0.5967,-0.2647,1.3705
2670,750,816,34.044,30.491,-0.0721,0.0292,9.8245,-0.3243,0.9489,0.9562
2675,743,815,34.07,30.458,0.0828,0.0617,9.7655,0.6842,0.7154,-1.0261
2680,755,817,34.171,30.477,-0.0458,0.0352,9.7094,-1.3351,-0.6366,0.5319
2685,759,807,34.156,30.537,0.0276,0.059,9.7969,-0.1926,-0.1864,0.2042
2690,751,808,34.125,30.446,0.0339,-0.0507,9.8128,-0.8723,1.0791,-0.7384
2695,748,807,34.174,30.409,0.1011,0.0121,9.7839,0.7206,-0.4297,-0.2679
2700,757,804,34.164,30.329,0.0584,0.0988,9.8831,0.3116,-0.7529,-0.4416
2705,764,804,34.029,30.443,0.0709,0.0156,9.7768,0.1049,-0.8303,-0.5004
2710,769,797,34.155,30.434,-0.0511,0.0247,9.8482,0.3405,0.2506,0.8556
2715,772,791,34.091,30.408,-0.0091,-0.0253,9.8593,-0.4774,0.2568,0.1152
2720,786,789,34.208,30.457,-0.1443,0.083,9.7485,0.6415,-0.0285,0.2321
2725,783,794,34.054,30.436,0.0489,-0.0476,9.8212,0.0936,1.3608,-0.2098
2730,794,783,34.128,30.315,0.0745,0.0664,9.7561,-0.563,0.0008,0.1104
2735,801,789,34.136,30.576,0.0393,0.059,9.7453,0.2218,0.3891,-0.4895
2740,817,788,34.103,30.418,0.0592,-0.0028,9.7969,-0.2074,-0.0278,-0.3059
2745,822,776,34.089,30.46,0.0313,0.0524,9.8309,-0.0491,-0.3053,0.4401
2750,834,779,34.239,30.447,0.0056,-0.0668,9.806,-0.2326,0.3045,0.7297
2755,844,775,34.099,30.456,0.0335,-0.0784,9.7961,0.0515,-0.158,-0.0503
2760,860,769,34.202,30.394,0.0082,-0.1018,9.7566,-0.7411,0.1,-1.1496
2765,875,765,34.03,30.4,0.0154,-0.1111,9.8081,-0.138,-0.2277,-0.4697
2770,899,761,34.084,30.447,-0.0122,-0.0438,9.7509,-0.6389,-0.8756,-0.3979
2775,897,759,34.008,30.473,-0.0101,0.035,9.8956,0.8594,1.1102,-1.2559
2780,927,747,34.121,30.328,0.023,0.0248,9.7655,-0.111,0.0159,-0.113
2785,929,746,34.115,30.448,-0.0043,0.0122,9.8179,0.1982,-0.0434,-0.2381
2790,933,749,34.14,30.495,0.0817,0.0532,9.861,-0.0111,0.1162,0.0834
2795,951,742,34.161,30.481,0.0318,0.0076,9.8111,0.3668,-0.0347,-0.3038
2800,957,742,34.23,30.432,0.0473,-0.1126,9.8591,-0.9608,-0.3835,0.4188
2805,976,739,34.191,30.337,-0.0377,-0.0105,9.7993,0.1467,0.0675,0.1424
2810,989,733,34.088,30.507,0.0681,-0.0716,9.7605,0.1818,-0.1868,-0.0645
2815,1006,731,34.166,30.506,0.0141,0.0066,9.786,0.1005,-0.2063,0.8433
2820,1010,733,34.061,30.492,0.0229,0.062,9.9235,0.7227,0.7125,-0.1661
2825,1030,727,34.062,30.422,-0.0709,0.0213,9.8308,0.1511,-0.4116,0.2363
2830,1040,720,34.112,30.415,0.0884,0.0693,9.7596,-0.3236,-0.6285,-0.3036
2835,1063,717,34.087,30.495,-0.0167,0.0521,9.7147,-0.3066,-0.1957,0.0576
2840,1068,717,34.12,30.461,-0.0102,0.0043,9.7287,0.0664,-0.2312,-1.246
2845,1083,714,34.132,30.387,-0.0133,-0.0458,9.8474,-0.3345,-0.2042,0.1655
2850,1095,716,34.126,30.504,-0.036,0.0068,9.7931,-0.2324,-1.1156,0.1836
2855,1105,715,34.083,30.416,-0.0211,-0.0614,9.8024,-0.203,-0.1487,-1.1862
2860,1106,711,34.135,30.445,0.0173,0.0389,9.7815,1.1741,0.1803,-1.1626
2865,1122,711,34.221,30.5,0.0306,-0.0516,9.8636,-0.3565,0.264,0.0186
2870,1138,710,34.092,30.485,-0.0051,-0.0052,9.8157,-0.2202,0.1243,0.8726
2875,1146,713,34.1,30.46,0.0412,0.0364,9.7998,-0.0595,-1.052,0.0261
2880,1145,711,34.144,30.397,0.0122,-0.0165,9.7585,-0.0602,0.087,-0.2024
2885,1155,716,34.168,30.535,0.0466,0.0588,9.7523,-0.2222,0.9759,-0.7535
2890,1165,714,34.131,30.436,-0.0252,0.073,9.7602,0.7605,-0.94,-0.2327
2895,1159,709,34.121,30.493,-0.0347,0.0099,9.789,0.096,0.0078,0.4634
2900,1170,718,34.1,30.493,0.0034,0.0436,9.7756,-0.1132,0.5205,-0.1081
2905,1168,719,34.079,30.46,0.0658,0.0195,9.8228,-0.301,0.4281,-0.7452
2910,1172,712,34.073,30.396,-0.0141,0.0747,9.7512,0.1422,-0.2059,-1.3768
2915,1192,713,34.151,30.52,0.0609,-0.0921,9.7488,-0.0101,-0.2755,1.1252
2920,1192,719,34.112,30.477,0.0265,0.009,9.7759,-0.376,-0.3221,1.0086
2925,1176,730,34.121,30.499,0.0228,-0.0218,9.8239,-0.886,0.4762,-0.4238
2930,1195,727,34.199,30.375,-0.0003,0.0064,9.8153,0.1111,-0.618,1.0856
2935,1194,727,34.206,30.497,-0.0098,-0.0311,9.7855,-0.957,0.6301,0.1933
2940,1186,737,34.061,30.401,0.0039,0.0261,9.8311,0.1785,0.0654,0.0529
2945,1181,741,34.101,30.5,0.0385,0.0266,9.75,-0.0502,0.02,0.2971
2950,1189,743,34.197,30.464,-0.0307,0.0192,9.7511,0.7261,0.8218,-0.5015
2955,1179,744,34.151,30.431,0.1014,0.0109,9.7858,0.4873,0.804,-0.0187
2960,1180,751,34.077,30.46,-0.0237,0.0344,9.8225,-1.1305,0.1989,0.4116
2965,1178,752,34.088,30.451,0.025,0.1159,9.7695,0.4362,0.6146,0.6226
2970,1178,759,34.033,30.341,0.0256,0.0335,9.7303,-0.1798,-0.5318,0.5838
2975,1185,765,34.12,30.442,-0.0053,-0.005,9.8566,-0.1418,-0.6935,-0.7839
2980,1167,769,34.111,30.424,0.0417,0.0586,9.8282,-0.9048,-0.6967,0.0399
2985,1170,768,34.128,30.369,0.0701,-0.0675,9.7996,-0.1018,0.4685,0.4666
2990,1166,781,34.016,30.439,-0.0047,-0.0516,9.742,0.7844,-0.2686,0.1861
2995,1161,782,34.119,30.44,0.0523,-0.0223,9.8347,0.0129,-0.0063,0.3381
3000,1163,789,34.109,30.503,-0.0509,0.007,9.7744,-0.0631,0.0476,0.016
3005,1164,793,34.117,30.405,-0.0441,-0.0132,9.7963,-0.1182,0.5411,-1.0445
3010,1139,795,34.111,30.525,0.0393,0.0454,9.752,0.7534,0.2234,-0.2209
3015,1147,799,34.085,30.501,-0.0806,-0.0052,9.8222,0.3967,0.0747,-0.2004
3020,1142,809,34.204,30.518,0.0141,0.0185,9.8771,-0.0629,-0.8985,-0.2197
3025,1142,808,34.169,30.531,-0.0411,-0.0892,9.9312,0.4428,-0.1198,-0.0571
3030,1136,816,34.157,30.434,-0.04,0.0135,9.8338,0.3779,0.1049,-0.5109
3035,1127,820,34.082,30.494,0.001,-0.0008,9.886,-0.1534,0.8084,0.0644
3040,1130,826,34.102,30.345,0.1042,0.0453,9.7764,0.3805,0.3047,-0.7861
3045,1123,824,34.108,30.521,0.0759,-0.0635,9.8364,0.5482,-0.2413,0.833
3050,1126,829,34.146,30.42,-0.0147,0.0463,9.784,-0.0555,0.418,0.1689
3055,1118,834,34.123,30.461,-0.0297,0.0277,9.835,0.1651,-1.0814,-1.142
3060,1118,839,34.19,30.409,0.0056,-0.0582,9.8224,0.345,0.6174,-0.2154
3065,1113,839,34.101,30.486,0.0507,-0.0212,9.793,-0.1251,0.5503,0.0161
3070,1114,843,34.117,30.479,-0.046,0.0749,9.8226,0.0324,0.8736,0.1816
3075,1109,843,34.149,30.435,0.0018,-0.0533,9.7069,0.8791,0.4063,-0.6264
3080,1108,853,34.182,30.337,0.086,-0.0077,9.7714,0.1328,-0.4979,-1.0956
3085,1099,848,34.138,30.483,-0.038,-0.0283,9.7608,0.9385,-0.0581,-0.7528
3090,1099,852,34.12,30.572,0.0578,0.0294,9.8062,-0.5029,0.5118,0.672
3095,1094,860,34.158,30.418,0.0024,-0.0524,9.7958,-0.0214,0.6273,-1.0217
3100,1099,854,34.066,30.42,-0.0134,-0.0002,9.7633,-0.2302,-0.8707,-0.0394
3105,1098,855,33.995,30.425,0.0143,-0.0432,9.7593,-0.2216,0.2541,0.2246
3110,1093,866,34.108,30.416,-0.0117,-0.0777,9.7574,-0.3528,-0.0793,0.2941
3115,1092,862,34.006,30.428,0.0893,-0.0808,9.7759,0.3094,0.9282,0.5671
3120,1079,863,34.154,30.433,-0.1355,0.076,9.8079,-0.7022,-0.852,0.0138
3125,1086,864,34.223,30.385,0.0489,-0.0522,9.8032,0.1129,-0.3551,0.3337
3130,1083,865,34.031,30.426,-0.0088,0.0128,9.8368,0.8514,0.7602,-0.7253
3135,1079,867,34.188,30.407,0.0131,0.0228,9.7665,-0.4395,0.5459,0.5076
3140,1079,870,34.117,30.51,0.0237,-0.0301,9.7294,0.5685,0.0315,0.2869
3145,1065,868,34.076,30.473,0.0206,-0.0118,9.781,0.377,0.4948,0.6804
3150,1069,866,34.162,30.51,0.0047,0.0819,9.8171,-0.1119,0.9416,-0.3583
3155,1069,867,34.208,30.415,0.0549,-0.0683,9.7549,-0.0855,-0.1723,0.0104
3160,1061,861,34.127,30.452,0.0782,-0.0492,9.8663,-0.7256,-0.2705,-0.1395
3165,1059,863,34.102,30.359,-0.0485,-0.0014,9.8682,0.3564,0.31,-0.0835
3170,1050,862,34.163,30.428,0.0539,0.107,9.8116,-0.3234,0.7503,1.413
3175,1044,862,34.102,30.364,0.0644,0.046,9.8422,0.4776,0.7039,-0.8656
3180,1047,857,34.167,30.471,-0.0408,-0.0366,9.7923,0.3669,0.0216,0.775
3185,1043,858,34.107,30.452,0.0824,-0.0162,9.8425,0.3938,-0.1171,0.1088
3190,1040,854,34.208,30.49,-0.0235,-0.0544,9.8365,-0.6269,-0.1139,-0.3299
3195,1028,859,34.148,30.395,0.0397,-0.0464,9.873,1.0921,0.2284,-0.0137
3200,1025,858,34.123,30.429,-0.0039,-0.0118,9.7769,-0.0754,0.5576,-0.4457
3205,1019,860,34.078,30.515,0.0546,0.0491,9.7463,0.2009,0.1892,-0.082
3210,1007,851,34.135,30.498,-0.0259,-0.0156,9.824,0.1468,-0.0924,0.5983
3215,1003,852,34.201,30.469,-0.0025,-0.0359,9.7416,-0.7147,-0.3714,-0.0918
3220,989,854,34.098,30.457,0.0054,0.078,9.7629,-0.1299,-0.4923,-0.7062
3225,979,852,34.1,30.465,-0.044,-0.0263,9.7522,0.3104,0.9935,-0.4863
3230,977,847,34.074,30.43,-0.0108,0.0626,9.776,0.342,0.2128,0.1254
3235,965,844,34.205,30.489,-0.0426,0.011,9.7997,-0.4597,0.0283,0.7433
3240,959,845,34.169,30.436,0.0132,0.1264,9.7438,-0.4401,-0.1112,-0.7862
3245,954,848,34.139,30.49,0.0403,-0.0437,9.7811,0.3206,0.2866,-0.3849
3250,946,839,34.124,30.378,-0.0613,0.0386,9.8053,0.5291,0.4161,-0.0233
3255,930,836,34.055,30.5,-0.0808,0.0079,9.7676,-0.5859,0.5453,0.0287
3260,918,840,34.142,30.42,0.0006,0.0131,9.8677,-0.5558,-0.3405,0.3379
3265,908,839,34.13,30.558,-0.0377,0.0563,9.7076,-0.1894,0.0385,0.0146
3270,899,839,34.082,30.506,0.0795,0.0019,9.8965,0.4988,0.6693,-0.3928
3275,897,837,34.127,30.416,-0.0049,-0.0279,9.8629,-0.0635,0.7054,0.13
3280,887,836,34.169,30.513,0.0138,-0.0765,9.7736,-0.5002,-0.0241,-0.6124
3285,873,838,34.196,30.461,0.0311,0.0425,9.8917,0.0376,-1.2563,0.0602
3290,860,832,34.184,30.492,-0.0678,0.0908,9.8232,0.4797,0.3291,0.0636
3295,848,837,34.209,30.565,-0.0227,0.0344,9.7389,-0.0764,0.1019,-0.5548
3300,840,834,34.081,30.431,-0.002,0.0431,9.7346,-0.5953,0.4771,0.2484
3305,837,832,34.151,30.465,-0.0566,0.0459,9.8065,-0.4288,-0.5173,-0.7848
3310,821,836,34.122,30.465,0.0377,-0.054,9.8078,-0.4434,0.649,0.1721
3315,814,833,34.242,30.46,0.0758,0.0001,9.7709,-0.2872,0.1901,0.0345
3320,810,830,34.146,30.463,0.056,0.002,9.7909,-0.5617,-0.4043,-0.3244
3325,795,834,34.113,30.414,0.0438,-0.0295,9.7951,0.8152,-0.5663,-0.1548
3330,798,827,34.115,30.478,0.0235,-0.0422,9.7299,0.1298,-0.3892,-0.336
3335,790,829,34.175,30.451,-0.0561,-0.0047,9.8062,-0.5831,0.7166,0.4967
3340,771,830,34.126,30.478,0.0075,0.0933,9.8874,0.9747,-0.4203,-0.4261
3345,767,824,34.117,30.436,0.0561,-0.023,9.7923,0.1734,-0.1669,0.3674
3350,774,828,34.096,30.38,-0.0286,0.0223,9.7237,0.7558,0.0988,0.3609
3355,755,822,34.109,30.509,0.0147,0.0393,9.7742,-0.2652,0.4124,-0.1799
3360,759,820,34.149,30.439,-0.0868,0.0547,9.7084,0.2172,0.2567,0.4817
3365,755,824,34.189,30.483,0.0456,0.0913,9.8158,-0.0799,0.7441,0.2002
3370,752,817,34.133,30.471,-0.019,0.0354,9.758,-0.0777,0.7832,-0.4763
3375,740,818,34.106,30.477,-0.0297,-0.014,9.8241,-0.3376,0.3383,-0.3387
3380,743,815,34.087,30.5,-0.0575,0.0702,9.8112,0.1201,-0.5814,0.0428
3385,748,813,34.13,30.454,-0.0372,-0.0397,9.77,-0.321,0.1803,-0.2554
3390,748,810,34.143,30.363,0.0115,-0.001,9.8118,0.2806,-0.0108,0.9085
3395,753,806,34.267,30.467,0.0177,-0.102,9.8495,-0.3444,-0.1742,0.7803
3400,753,815,34.231,30.415,0.0458,-0.0718,9.8348,-0.4,0.1628,-0.4032
3405,761,804,34.124,30.458,-0.0162,0.0205,9.7887,0.2825,-1.0553,-0.5622
3410,758,802,34.201,30.516,-0.0147,-0.0295,9.803,0.6841,0.162,-0.0052
3415,765,799,34.11,30.52,-0.0333,-0.0757,9.8125,0.9762,-0.4134,0.513
3420,778,796,34.067,30.495,0.0485,-0.0017,9.8541,-0.245,-0.5624,-0.0854
3425,785,803,34.125,30.475,-0.0468,-0.0091,9.7856,0.0901,0.132,0.3197
3430,786,793,34.189,30.456,-0.0252,0.0257,9.8069,0.4181,-0.3385,0.6522
3435,794,788,34.232,30.392,0.0062,-0.1477,9.742,-0.1881,-0.3457,0.6041
3440,809,790,34.178,30.382,0.024,-0.0361,9.7357,-0.1635,-0.0216,0.6655
3445,801,783,34.19,30.394,-0.0162,0.088,9.7771,0.3004,0.5512,0.1641
3450,819,781,34.148,30.467,-0.0386,0.129,9.8605,0.5954,0.6371,-0.8696
3455,832,778,34.13,30.433,0.0238,0.0301,9.8217,0.004,0.0108,0.7855
3460,834,775,34.222,30.479,-0.0104,-0.0272,9.851,-0.1306,0.6872,0.1393
3465,853,769,34.244,30.448,-0.0596,-0.0059,9.8139,0.2642,-0.0302,-0.3867
3470,872,763,34.129,30.464,0.0026,-0.1683,9.7439,0.143,0.4765,0.2771
3475,878,766,34.157,30.408,-0.0442,-0.0474,9.7815,-0.1293,-0.2317,0.6332
3480,896,757,34.114,30.422,-0.0447,0.0543,9.7567,-0.3855,0.2255,0.0561
3485,898,755,34.223,30.51,-0.0132,0.0187,9.7789,0.3872,-0.1606,-0.9535
3490,918,754,34.127,30.538,0.0013,0.0813,9.7716,0.3922,-0.2326,0.0632
3495,929,741,34.158,30.538,0.0191,-0.0589,9.8899,0.3075,-0.2818,0.7061
3500,942,747,34.134,30.462,-0.0105,-0.0158,9.7512,0.113,-0.3293,0.1082
3505,961,740,34.061,30.377,-0.0167,-0.017,9.7918,-0.2531,-0.0733,-0.8314
3510,969,739,34.194,30.442,0.0579,0.0048,9.7484,0.4903,-0.068,-0.4297
3515,980,737,34.141,30.402,0.0061,-0.0454,9.7178,0.5631,0.1947,-0.0838
3520,1004,732,34.138,30.373,-0.0033,-0.0565,9.7758,-0.3002,0.2684,-0.1217
3525,1019,726,34.252,30.459,-0.0342,-0.0093,9.7159,0.2832,0.5932,0.0582
3530,1022,723,34.135,30.427,-0.0528,0.0769,9.8912,-0.4949,0.1867,0.5127
3535,1030,724,34.115,30.514,0.0591,-0.0017,9.8237,0.0338,0.7931,-0.5838
3540,1051,724,34.168,30.459,0.0209,0.0404,9.7038,-0.2118,-1.5516,0.102
3545,1062,714,34.136,30.435,0.0996,-0.123,9.9164,-0.2998,-0.4793,0.0563
3550,1085,719,34.12,30.447,0.0032,0.0028,9.8565,-0.7026,0.2829,-0.6834
3555,1089,714,34.153,30.428,0.0203,-0.0502,9.8574,-0.0649,0.0903,0.2071
3560,1096,713,34.124,30.454,-0.0556,-0.0073,9.8653,-0.7617,-0.2562,-0.8461
3565,1109,714,34.121,30.499,0.0604,-0.1143,9.8494,-0.3577,0.9124,0.4777
3570,1114,711,34.224,30.472,-0.0339,-0.0287,9.8391,-0.3924,-1.3738,-1.0788
3575,1135,707,34.112,30.45,0.0463,0.0058,9.839,-0.1291,-0.8671,0.4077
3580,1139,709,34.124,30.448,-0.0477,-0.0068,9.8187,-0.0179,0.0966,0.1729
3585,1145,710,34.058,30.46,0.0283,-0.0778,9.9139,0.5566,-0.1514,-0.2562
3590,1154,710,34.061,30.43,-0.0747,-0.0082,9.7556,0.3192,0.0406,0.121
3595,1161,711,34.041,30.549,0.1088,-0.056,9.8836,-0.2981,-0.4993,0.4966
3600,1167,717,34.115,30.499,-0.0522,0.0318,9.9079,0.3813,1.0933,-0.3604
3605,1180,720,34.183,30.524,0.0039,-0.0978,9.7484,0.4568,-0.6942,0.2681
3610,1165,717,34.07,30.425,-0.0549,0.0108,9.7249,0.6644,0.7406,0.6301
3615,1176,719,34.044,30.422,0.0281,0.0118,9.9449,0.4986,-0.4371,-0.4096
3620,1169,727,34.124,30.401,-0.0526,-0.0196,9.8104,-0.1668,0.666,-0.1766
3625,1191,722,34.18,30.464,0.0888,0.0204,9.8857,-0.5474,0.4742,0.034
3630,1180,726,34.037,30.526,-0.0098,0.0137,9.7642,0.1604,-0.3489,0.4485
3635,1195,727,34.062,30.472,-0.0255,0.1066,9.8267,-0.1041,-0.6069,0.0855
3640,1183,729,34.105,30.5,0.0349,0.0341,9.8245,-0.4656,-0.3998,-0.0991
3645,1185,731,34.177,30.459,-0.0174,0.0155,9.8202,-0.4577,0.3486,-0.8047
3650,1180,739,34.173,30.482,-0.0649,0.0802,9.7777,0.0491,-0.4221,-0.0964
3655,1186,740,34.128,30.533,-0.0365,0.0286,9.7589,0.9013,0.0534,-0.5834
3660,1187,740,34.107,30.446,0.0214,0.0881,9.7713,-0.491,-0.5519,0.2865
3665,1186,745,34.068,30.478,-0.0514,0.0764,9.8238,-1.2683,-0.3581,0.1103
3670,1182,757,34.043,30.513,-0.0703,-0.0431,9.8487,-0.564,-0.378,0.2788
3675,1177,753,34.154,30.509,-0.0179,0.0249,9.8437,0.1291,-0.139,0.284
3680,1172,761,34.212,30.397,-0.0048,-0.07,9.7715,-0.0224,0.3379,-0.0132
3685,1171,765,34.106,30.526,0.0124,-0.0177,9.9458,0.0288,-0.4038,0.6928
3690,1173,768,34.089,30.467,-0.129,0.0358,9.8029,-0.5107,-0.47,0.3252
3695,1179,777,34.175,30.431,-0.0037,-0.024,9.7342,-0.5604,-0.2227,0.261
3700,1163,780,34.124,30.384,0.053,0.0125,9.8567,-0.1479,1.0035,0.5948
3705,1152,788,34.208,30.541,0.042,-0.0218,9.7062,-0.2848,0.6377,0.2047
3710,1155,787,34.132,30.413,0.0738,-0.0005,9.8879,0.1643,-0.1028,-1.1445
3715,1153,796,34.093,30.463,-0.0615,0.0147,9.8393,0.1108,0.5087,-0.1955
3720,1153,795,34.133,30.303,-0.0558,0.0227,9.804,0.2817,0.3321,0.3287
3725,1143,812,34.155,30.526,-0.0225,0.0534,9.7034,0.4124,0.1166,0.2018
3730,1140,811,34.217,30.438,0.0186,0.045,9.7914,-0.9547,-0.4704,0.1105
3735,1142,817,34.214,30.402,-0.0009,-0.0285,9.8199,-0.4162,-0.417,-0.5131
3740,1126,816,34.139,30.386,-0.0383,0.0692,9.8629,-0.1335,-0.0648,-0.2099
3745,1131,827,34.183,30.498,-0.0036,-0.0116,9.7696,0.286,0.1135,0.944
3750,1130,825,34.143,30.378,-0.0327,-0.0206,9.8465,-0.431,0.6427,0.2091
3755,1125,826,34.173,30.404,-0.0083,0.0263,9.7792,-0.1734,-0.3659,-1.1571
3760,1125,834,34.148,30.535,-0.0259,0.0187,9.7817,-0.5108,-0.568,0.6042
3765,1116,835,34.074,30.387,0.015,-0.0232,9.8026,0.5519,-0.4822,-0.6943
3770,1116,842,34.127,30.464,-0.0167,-0.0956,9.8514,0.7679,-0.7605,0.0332
3775,1106,840,34.09,30.473,-0.0611,-0.0425,9.7151,-0.7624,-0.1031,-0.1809
3780,1109,850,34.129,30.487,-0.0135,0.048,9.8285,0.96,-1.1117,0.4419
3785,1100,856,34.126,30.475,0.0492,-0.0627,9.8851,-0.5569,-0.6711,-0.6074
3790,1100,858,34.136,30.495,0.0076,0.0008,9.8238,0.1401,0.6477,0.2878
3795,1097,853,34.228,30.481,0.0311,0.0485,9.8382,-0.0307,0.2493,0.4719
3800,1100,860,34.02,30.469,0.0313,0.0184,9.7787,0.4026,-0.6248,0.6325
3805,1090,863,34.144,30.468,-0.0074,0.0423,9.8414,0.5783,-0.4545,0.0165
3810,1093,858,34.058,30.508,-0.0594,0.0214,9.7626,-0.3244,1.4413,0.104
3815,1084,862,34.166,30.543,-0.0382,0.0664,9.8092,0.1269,-0.7416,0.557
3820,1084,863,34.189,30.503,0.0251,-0.0704,9.8316,0.0653,-0.1375,-0.0934
3825,1088,860,34.073,30.456,0.0045,0.016,9.8249,-0.5559,0.1377,0.3506
3830,1088,864,34.082,30.448,0.0827,0.0127,9.7958,0.2777,0.499,0.3679
3835,1085,863,34.033,30.497,0.0458,-0.0127,9.7415,-1.1478,-0.0427,-0.0604
3840,1087,868,34.091,30.613,0.0694,-0.0098,9.727,-0.605,-0.2095,0.4164
3845,1075,860,34.172,30.44,-0.019,0.0123,9.8339,-0.1096,0.6127,-1.2822
3850,1076,862,34.23,30.397,-0.0564,0.0025,9.8909,0.2842,0.1461,-0.112
3855,1070,868,34.136,30.451,0.068,-0.0296,9.7688,-0.1235,-1.0521,-0.4999
3860,1062,870,34.168,30.48,-0.0736,0.0039,9.7478,0.1979,-0.0503,0.4096
3865,1060,864,34.129,30.407,0.035,0.0026,9.7074,-0.0886,-0.1119,-0.1217
3870,1067,862,34.157,30.447,-0.0277,0.0167,9.8009,0.7974,-0.7768,-0.4734
3875,1045,863,34.212,30.363,-0.027,-0.0291,9.7307,0.0331,-0.262,-0.2226
3880,1051,864,34.15,30.482,-0.0203,0.0086,9.8375,-0.0341,-0.4283,-0.4183
3885,1052,866,34.16,30.369,-0.0392,0.0762,9.7904,-0.1456,-0.0285,-0.2222
3890,1039,862,34.161,30.433,-0.0297,0.0064,9.7938,-0.908,0.3852,-0.627
3895,1030,863,34.104,30.508,-0.0182,-0.0361,9.7978,-0.4585,1.6249,-0.1236
3900,1024,858,34.13,30.499,-0.0258,0.0571,9.7365,-1.0132,-0.3511,0.0275
3905,1022,853,34.226,30.506,-0.064,-0.0706,9.7627,0.6335,0.1283,-0.1508
3910,1007,853,34.169,30.458,-0.0004,-0.0269,9.9169,-0.2583,-0.1662,-0.0255
3915,1018,856,34.103,30.48,0.0193,-0.0631,9.8074,0.5175,-0.1107,0.1853
3920,1013,847,34.088,30.474,-0.0443,-0.0516,9.8371,0.344,0.3418,0.4035
3925,990,849,34.202,30.533,-0.0559,0.0755,9.8129,0.084,0.2168,0.3582
3930,986,851,34.085,30.463,-0.0843,-0.0812,9.7568,-0.6946,-0.8072,0.2693
3935,975,848,34.085,30.46,0.0713,-0.0214,9.8293,-0.1556,-0.6091,0.0711
3940,974,846,34.108,30.428,0.0047,0.0342,9.8186,0.3386,-0.1128,0.4639
3945,956,840,34.08,30.498,0.0674,0.0125,9.8377,-0.406,0.9419,0.3309
3950,959,849,34.108,30.482,0.033,-0.0401,9.7633,0.4229,0.0075,-0.1447
3955,940,846,34.094,30.534,0.0807,0.0198,9.893,0.3797,-0.6374,-0.2171
3960,939,848,34.211,30.373,0.057,-0.0372,9.8396,0.2702,-0.8085,-0.5682
3965,920,839,34.138,30.435,0.0041,-0.0549,9.7929,0.0471,-0.269,-0.3338
3970,923,837,34.098,30.483,0.0691,-0.0217,9.7606,-0.8944,0.6295,0.4455
3975,902,837,34.129,30.487,-0.0439,-0.0551,9.8074,-0.6256,-0.2714,0.2358
3980,894,840,34.288,30.382,0.0662,-0.0807,9.8251,0.2936,-0.0775,-0.6911
3985,889,835,34.06,30.389,0.0271,-0.0626,9.8654,1.0765,0.5767,-0.0089
3990,878,840,34.09,30.539,-0.025,-0.0214,9.926,-0.0503,0.0035,0.5853
3995,871,835,34.147,30.481,0.0131,0.0029,9.8357,0.1437,-0.879,0.5257
4000,854,834,34.135,30.485,0.0045,0.1007,9.808,-0.6135,-0.2247,0.8488
4005,847,837,34.115,30.441,0.062,0.0019,9.8986,-0.5509,0.6067,0.4691
4010,837,831,34.182,30.442,0.0535,-0.0665,9.7902,-0.0302,-1.094,-0.5311
4014,835,828,34.19,30.396,0.0338,0.0452,9.8358,0.3957,-0.1802,-0.1277
4019,806,831,34.18,30.517,0.0209,0.0273,9.7945,-0.1966,-0.6856,0.5161
4025,816,834,34.193,30.527,0.0035,0.0097,9.7185,-0.7948,1.1254,-0.7638
4030,802,829,34.156,30.425,0.0035,-0.0504,9.7947,0.2332,-0.4068,-1.0137
4035,791,826,34.1,30.362,0.05,0.0098,9.8042,0.7393,0.0572,0.5935
4040,792,829,34.139,30.483,-0.0426,0.0153,9.8922,-0.8356,-0.3615,0.7109
4045,782,818,34.136,30.392,-0.0776,0.0548,9.7358,0.8164,-0.2195,1.5479
4050,773,833,34.018,30.458,-0.0071,-0.0103,9.7803,0.0828,1.06,0.0923
4054,763,826,34.099,30.483,-0.0797,-0.0859,9.9118,0.1767,0.7018,-0.134
4059,757,823,34.199,30.346,0.0978,0.0498,9.8166,0.7281,-0.315,-0.956
4065,750,821,34.094,30.49,-0.0156,0.0302,9.7799,-0.4995,-0.3841,-0.9966
4070,747,818,34.135,30.478,-0.0104,0.0343,9.7983,-0.3273,-0.697,0.3303
4075,752,818,34.05,30.471,-0.064,-0.0292,9.8742,-0.1788,0.4882,-0.4962
4080,751,816,34.113,30.423,0.0083,-0.0096,9.8411,-1.1791,-0.0472,0.1158
4085,750,809,34.121,30.371,-0.0175,0.0715,9.7923,-0.1939,0.2293,-0.1856
4090,751,812,34.206,30.39,0.109,0.0277,9.7881,0.3699,-0.359,0.229
4094,750,810,34.14,30.447,0.0606,0.0156,9.7995,0.781,0.2032,0.4947
4100,748,812,34.172,30.516,-0.041,-0.0648,9.8263,-0.2512,0.4571,-0.3373
4105,753,810,34.098,30.45,0.0846,0.0784,9.8711,-0.3828,-0.2264,0.7432
4110,755,807,34.034,30.379,-0.0534,-0.0352,9.8324,-0.1978,-0.7271,-0.1088
4115,760,799,34.171,30.401,-0.0271,-0.0592,9.875,0.3081,-0.8471,0.301
4120,765,801,34.155,30.396,0.0622,0.0211,9.8483,0.6015,-0.0874,-0.2081
4125,761,797,34.138,30.464,-0.0077,0.036,9.8591,0.0784,0.7642,0.062
4130,777,796,34.251,30.439,0.0074,-0.0419,9.7809,0.3927,-0.4381,0.0986
4135,777,795,34.112,30.435,0.0258,0.0845,9.7678,0.0161,0.0565,0.4054
4140,784,788,34.12,30.474,0.1131,-0.0278,9.7197,0.2784,0.0268,0.5185
4145,801,786,34.211,30.49,-0.078,0.0567,9.7689,-0.4669,-0.1195,-0.5657
4150,806,777,34.136,30.456,0.006,-0.0858,9.8032,0.1884,0.8452,-0.4881
4155,813,781,34.109,30.461,0.0268,0.1422,9.8757,-0.2781,0.3731,0.2787
4160,823,781,34.106,30.504,0.0283,0.0096,9.8636,-0.0083,-1.3405,0.3274
4165,834,775,34.123,30.442,0.1051,0.0875,9.816,0.0737,-0.8829,0.4264
4170,848,769,34.127,30.411,-0.0709,0.0291,9.8621,-0.5066,-0.1005,0.0759
4175,860,770,34.124,30.463,-0.048,-0.0139,9.7637,0.0718,-0.211,0.4991
4180,876,767,34.065,30.4,-0.1026,0.0883,9.8525,-0.4767,-0.044,-0.2822
4185,890,760,34.198,30.421,0.0565,-0.0308,9.8024,-0.6735,0.4926,-0.3709
4190,903,752,34.168,30.57,0.0822,0.0483,9.6782,-0.538,0.4425,-0.4132
4195,903,752,34.226,30.48,-0.0053,-0.0184,9.7708,-0.2114,-0.4414,0.1704
4200,931,746,34.242,30.457,0.0116,0.0189,9.8011,0.6259,-0.5368,-0.2623
4205,936,744,34.11,30.408,-0.0428,0.1235,9.8219,-0.5566,0.9646,-0.4435
4210,954,746,34.17,30.512,0.0441,-0.0073,9.8144,-0.1281,0.731,-0.109
4215,972,734,34.121,30.511,0.0044,0.0241,9.805,-0.331,0.1563,-0.0316
4220,982,737,34.11,30.389,0.1103,0.0213,9.7861,-0.5061,-0.2722,0.3536
4225,984,729,34.144,30.481,-0.0242,0.0155,9.7266,0.1077,0.9746,-0.0137
4230,1010,731,34.149,30.496,-0.0714,0.0065,9.8306,-0.4355,-0.1883,-0.5324
4235,1023,726,34.151,30.396,-0.0258,-0.0154,9.8737,-0.2401,-1.0628,0.1115
4240,1035,728,34.138,30.451,-0.028,-0.0141,9.8151,0.1393,-0.706,0.8534
4245,1035,719,34.125,30.504,-0.0026,0.0185,9.8532,-0.1728,0.4131,0.3013
4250,1058,724,34.171,30.431,0.0326,-0.0394,9.7281,0.6802,0.6819,-0.4835
4255,1063,719,34.213,30.434,0.0534,-0.0468,9.7422,-0.0375,0.1763,-0.5143
4260,1081,715,34.075,30.482,-0.0227,-0.0241,9.7305,0.9707,-0.0023,-0.085
4265,1099,718,34.124,30.521,-0.0549,-0.0847,9.6765,-0.3541,-0.1448,-1.0513
4270,1105,716,34.186,30.434,-0.051,0.1049,9.7614,-0.1171,0.4437,0.3915
4275,1121,714,34.098,30.412,0.0252,0.0062,9.8555,-0.5553,0.719,-0.2916
4280,1118,716,34.164,30.508,-0.1061,0.0207,9.9641,-0.5558,-0.1711,-0.3158
4285,1129,713,34.113,30.476,-0.0753,-0.0437,9.6826,-0.5571,-0.0299,-0.2762
4290,1146,712,34.137,30.46,-0.0017,0.0525,9.8392,0.515,0.0052,0.3476
4295,1149,711,34.096,30.458,0.021,-0.0145,9.8,-0.177,0.5972,-0.2691
4300,1153,709,34.195,30.464,-0.0142,0.1028,9.7721,0.1329,0.5256,-0.3645
4305,1163,714,34.165,30.431,0.0157,-0.0082,9.8494,0.8313,-0.1923,0.4677
4310,1162,711,34.079,30.353,0.0208,-0.0082,9.7639,0.2081,-0.3787,-0.0685
4315,1172,715,34.186,30.539,-0.114,0.0645,9.9023,0.7827,1.1041,-0.071
4320,1167,723,34.143,30.537,-0.0075,0.0378,9.8195,-0.9914,0.4442,-0.3174
4325,1184,713,34.241,30.45,0.0185,-0.0436,9.8545,-0.1977,-0.853,0.2163
4330,1186,715,34.174,30.476,0.0237,-0.0175,9.7196,0.2391,-0.2642,0.025
4335,1189,723,34.108,30.495,-0.0841,-0.0336,9.8116,0.4652,-0.4927,-0.1888
4340,1187,725,34.279,30.467,-0.0538,-0.0107,9.7426,-0.129,-0.3841,-0.3304
4345,1193,734,34.122,30.502,0.0106,-0.0143,9.8201,-0.6182,-0.3521,0.1038
4350,1186,731,34.167,30.455,0.0298,-0.0191,9.7272,-0.3594,-0.4341,-0.421
4355,1191,738,34.142,30.41,-0.0698,0.0966,9.7585,-0.5323,0.1726,-0.1815
4360,1177,737,34.104,30.459,0.0651,-0.0103,9.7093,-0.1354,0.6561,-0.0521
4365,1195,740,34.258,30.439,0.0267,0.0781,9.7973,0.2731,-0.1759,-0.1674
4370,1183,740,34.157,30.525,-0.0545,-0.0854,9.8277,0.4834,0.0119,-0.3355
4375,1178,754,34.138,30.483,0.0305,-0.0121,9.8508,-0.0262,0.0162,-0.3357
4380,1172,755,34.177,30.422,0.0508,-0.0568,9.7471,1.1064,0.7194,0.2444
4385,1184,761,34.144,30.466,0.0131,0.0444,9.7909,0.1091,-0.501,0.3236
4390,1168,768,34.18,30.44,-0.0233,0.0356,9.7779,0.6005,-0.3536,0.2244
4395,1174,766,34.152,30.451,0.0644,0.0339,9.7723,-0.1882,-0.422,0.3808
4400,1168,777,34.065,30.53,-0.0378,-0.0438,9.7734,-0.4613,-0.249,-0.243
4405,1166,772,34.087,30.423,-0.0033,0.006,9.8399,0.9378,0.317,-0.1385
4410,1161,786,34.202,30.443,0.0014,-0.0734,9.7278,0.2731,0.2192,-0.1965
4415,1164,784,34.152,30.403,0.0372,-0.0311,9.8593,0.3191,0.5438,0.0289
4420,1160,794,34.147,30.483,0.034,-0.0129,9.8278,-0.3611,-0.0487,0.8108
4425,1150,798,34.119,30.591,-0.0796,0.0608,9.8822,-0.305,-0.1741,-0.1599
4430,1159,797,34.111,30.428,0.0034,-0.0033,9.8011,0.3562,0.0482,-0.6285
4435,1145,811,34.157,30.585,-0.0056,-0.0357,9.901,-0.6796,-0.2718,-0.3634
4440,1145,808,33.999,30.426,0.018,-0.0185,9.8562,-0.7703,-0.3303,0.0586
4445,1140,816,34.16,30.455,-0.0183,-0.0043,9.7866,-0.5099,-0.0024,0.576
4450,1142,819,34.212,30.492,-0.0516,0.0239,9.7833,0.1008,0.4768,-0.8366
4455,1138,821,34.153,30.56,-0.003,-0.0015,9.836,-0.3456,-0.0121,0.5368
4460,1123,831,34.105,30.508,-0.024,0.0017,9.8114,0.7783,0.265,-0.169
4465,1130,836,34.133,30.442,0.0825,0.0019,9.8268,1.1189,0.2681,-0.3006
4470,1120,835,34.164,30.487,-0.067,-0.023,9.8224,-0.4184,-0.8497,-0.5887
4475,1115,840,34.035,30.502,-0.0464,-0.0358,9.8065,0.1059,0.4283,0.2828
4480,1106,839,34.245,30.48,-0.1064,0.0839,9.8084,0.3188,-0.2121,0.6424
4485,1115,843,34.123,30.486,0.0695,0.111,9.7611,1.0905,0.4976,-0.685
4490,1100,848,34.188,30.517,-0.0537,0.052,9.7875,-0.259,0.9152,1.2139
4495,1105,850,34.203,30.457,0.033,0.0628,9.8184,-1.14,0.0509,0.3805
4500,1109,855,34.222,30.553,0.1164,-0.03,9.8586,-0.2285,0.5249,-0.1983
4505,1110,858,34.087,30.338,0.0105,-0.0644,9.8347,0.0715,-0.2615,0.9252
4510,1094,855,34.072,30.523,0.0242,-0.0071,9.8638,-0.2431,-0.1486,0.4309
4515,1103,859,34.151,30.448,-0.1023,0.0167,9.7468,-0.1149,0.3297,-0.1093
4520,1096,861,34.097,30.449,0.0325,-0.0793,9.806,-0.6008,0.2805,-0.3067
4525,1087,863,34.164,30.547,-0.0519,-0.0536,9.8422,-0.311,0.0495,0.0545
4530,1092,861,34.134,30.506,0.0506,-0.0071,9.7357,0.0506,-1.0275,-0.1488
4535,1080,867,34.178,30.455,0.0625,0.0064,9.7874,0.0618,0.8474,-0.4038
4540,1082,871,34.217,30.513,0.0092,0.0652,9.8147,-0.5109,0.5062,-0.3798
4545,1081,869,34.135,30.496,-0.0029,-0.0244,9.7997,-0.5445,-0.8687,0.4851
4550,1069,862,34.133,30.536,0.0482,0.025,9.8445,0.6202,0.4229,-0.2379
4555,1072,870,34.09,30.496,0.0516,0.0283,9.8571,0.3655,-0.2638,-0.5366
4560,1072,866,34.157,30.43,-0.0427,-0.0238,9.7398,0.1584,0.5468,-0.4897
4565,1060,862,34.175,30.457,-0.0324,0.0143,9.8046,0.4475,-0.2124,0.6288
4570,1057,862,34.137,30.47,0.0205,-0.0319,9.7954,0.7164,0.3027,-0.3425
4575,1060,864,34.091,30.466,0.0541,-0.0715,9.847,0.2254,0.1811,0.2459
4580,1058,865,34.169,30.437,0.0486,0.0908,9.8257,0.3729,0.3972,-0.1684
4585,1055,864,34.137,30.409,0.073,-0.012,9.8123,-0.8215,0.3766,1.0742
4590,1054,861,34.182,30.564,0.103,-0.1182,9.765,0.9729,-0.582,-0.5868
4595,1044,863,34.162,30.451,-0.0401,0.0267,9.8405,0.7462,-0.0902,0.0488
4600,1034,868,34.187,30.549,0.0459,-0.0004,9.85,-0.1489,-0.2522,-1.1493
4605,1034,857,34.162,30.453,0.0488,0.0151,9.8646,-0.642,-0.2996,0.0725
4610,1028,862,34.165,30.469,-0.0517,-0.0664,9.7877,0.4772,-0.4417,-0.9404
4615,1024,858,34.101,30.41,0.056,0.0665,9.9241,-0.4377,-0.5742,-0.5173
4620,1010,851,34.124,30.425,-0.0394,0.0254,9.7994,-0.1305,0.4403,-0.0735
4625,1007,856,34.063,30.497,0.0041,0.0493,9.8083,1.1332,-0.1868,0.4239
4630,1003,848,34.083,30.492,0.049,-0.0291,9.7135,0.7317,-0.395,-0.0832
4635,996,846,34.103,30.451,0.0443,0.0261,9.8473,1.3726,-0.0604,0.6519
4640,983,851,34.177,30.558,-0.0017,0.0332,9.8477,0.1884,0.3401,-1.0146
4645,973,847,34.022,30.401,-0.0265,0.0971,9.7464,0.4674,0.3033,-0.3818
4650,974,854,34.099,30.429,0.0008,0.0641,9.7944,0.4086,-0.1794,-0.1055
4655,961,845,34.123,30.437,0.0524,0.0017,9.8903,-0.3837,-0.5037,0.4197
4660,940,846,34.185,30.434,0.0574,-0.0462,9.8624,0.1934,0.0814,-0.8423
4665,937,844,34.115,30.469,-0.0191,0.0377,9.8208,-0.4971,0.5268,-0.2519
4670,930,849,34.147,30.373,0.0096,-0.0324,9.8315,0.759,0.1674,0.6601
4675,926,841,34.19,30.406,-0.0078,-0.0174,9.7768,0.2335,0.2898,0.2248
4680,912,839,34.096,30.413,0.0063,0.0029,9.8772,0.3363,-0.434,-0.4023
4685,899,841,34.141,30.52,0.0167,0.07,9.8049,-0.7244,0.0186,-0.3919
4690,896,836,34.093,30.522,0.0904,-0.0475,9.7312,-0.5184,0.0777,-0.8736
4695,896,839,34.197,30.603,-0.0016,0.0364,9.7889,0.5398,0.7165,0.7128
4700,872,832,34.179,30.554,0.0066,-0.0519,9.7878,0.0047,-0.5336,0.0276
4705,868,836,34.182,30.497,0.0476,0.0278,9.8781,0.2932,-0.012,-0.7341
4710,859,835,34.15,30.344,0.0413,0.0525,9.8941,-0.0956,0.17,-0.2238
4715,841,837,34.132,30.373,0.0486,-0.1004,9.8091,0.5305,0.0215,0.7605
4720,826,834,34.194,30.471,-0.0311,-0.0833,9.8721,-0.4084,0.2061,-0.2309
4725,818,834,34.178,30.51,0.0403,0.0435,9.8841,0.0595,-0.486,-0.1241
4730,821,831,34.149,30.542,0.0489,-0.0068,9.8316,0.0097,0.5314,0.146
4735,802,830,34.13,30.42,0.0496,0.013,9.8486,-0.6066,0.3694,0.1267
4740,790,827,34.161,30.5,-0.0148,-0.0003,9.8217,0.393,-0.3579,-0.7315
4745,801,825,34.154,30.46,-0.0299,-0.0308,9.7924,-0.243,0.3067,0.6878
4750,782,825,34.169,30.432,-0.0073,-0.1225,9.7451,0.046,-1.1345,0.8549
4755,779,821,34.092,30.501,-0.026,0.0952,9.8602,0.1977,-0.2038,-0.3347
4760,766,826,34.135,30.516,0.0211,0.0383,9.7766,0.2948,0.0664,-0.4764
4765,754,819,34.133,30.446,-0.0315,0.1192,9.8549,-0.2041,-0.1982,0.1455
4770,771,823,34.133,30.531,-0.0439,0.0907,9.8447,-0.2355,0.4898,-0.2005
4775,754,825,34.113,30.538,0.0368,0.0483,9.8458,-0.0358,-0.2841,0.9772
4780,752,827,34.109,30.537,-0.0256,0.0061,9.7547,0.1051,-1.2361,0.6866
4785,747,816,34.026,30.447,0.0235,-0.047,9.8558,0.3333,0.0676,-0.1514
4790,745,816,34.173,30.578,-0.1072,-0.0691,9.8135,0.1013,0.3333,-0.1891
4795,738,814,34.16,30.495,0.0008,0.001,9.7476,-0.4688,-0.7117,0.5895
4800,747,816,34.17,30.479,0.0357,-0.0327,9.8125,0.4961,-0.1386,-0.3598
4805,739,808,34.158,30.621,0.0221,0.0895,9.8319,0.1389,-0.7511,0.6421
4810,741,807,34.136,30.365,0.0262,0.0029,9.7564,-1.1022,0.7887,0.1245
4815,757,803,34.201,30.475,-0.0235,0.0509,9.861,0.0163,0.0017,-0.0777
4820,766,807,34.122,30.462,-0.0222,-0.0334,9.7488,0.4809,0.2877,0.0198
4825,760,802,34.248,30.385,0.0417,0.0022,9.7891,-0.3792,0.3037,0.7481
4830,764,798,34.125,30.473,0.0426,-0.0615,9.7268,0.2421,0.2267,0.7034
4835,772,796,34.186,30.475,0.0829,0.0032,9.8239,-0.0256,-0.1191,-0.3536
4840,770,793,34.169,30.468,0.0132,-0.0017,9.8492,-0.0958,0.2009,-0.0294
4845,785,787,34.137,30.346,0.0334,-0.0499,9.8394,0.4754,0.1705,0.4341
4850,793,790,34.115,30.534,0.0247,0.0789,9.8787,-0.9251,-0.0157,-0.2755
4855,801,787,34.2,30.54,0.03,-0.059,9.8036,-0.2599,-0.0999,0.4683
4860,812,781,34.141,30.463,-0.027,0.0436,9.7847,-1.1044,0.8074,-0.3896
4865,823,775,34.108,30.415,-0.0621,0.0047,9.787,0.4978,-0.644,0.4304
4870,833,779,34.099,30.513,-0.0566,0.0271,9.7338,0.3671,0.1529,0.1744
4875,847,772,34.118,30.468,0.0051,-0.0513,9.7648,-0.6476,0.1726,0.5599
4880,855,767,34.057,30.444,-0.0321,0.044,9.7899,-0.2644,-0.4066,0.2047
4885,867,772,34.23,30.476,0.0493,-0.1038,9.7893,-0.2635,-0.3876,-0.076
4890,874,758,34.075,30.535,0.0059,-0.0483,9.8095,0.545,-0.3278,0.1814
4895,892,758,34.21,30.422,-0.0339,0.0399,9.7725,0.1922,-0.0238,-0.173
4900,908,756,34.206,30.491,0.0187,0.0475,9.8355,-0.1932,-0.3786,-0.7628
4905,919,753,34.08,30.557,0.0821,0.0268,9.8717,-0.0536,-0.1101,0.3296
4910,933,750,34.125,30.483,-0.0056,0.0722,9.8207,-0.8302,0.1734,-0.3189
4915,940,747,34.139,30.526,0.0818,-0.0011,9.8184,-0.038,0.1594,-0.4637
4920,958,742,34.06,30.502,0.0886,0.0093,9.794,-1.0335,0.6861,-0.0137
4925,969,736,34.044,30.5,-0.0113,0.0048,9.8751,0.0017,0.5435,0.148
4930,994,733,34.096,30.486,-0.0624,-0.0609,9.8002,-1.2057,0.1667,-0.0625
4935,1002,728,34.071,30.527,0.0383,-0.0194,9.7974,0.051,-0.6459,1.2811
4940,1018,726,34.249,30.429,0.044,-0.0067,9.8744,0.1736,0.685,0.1457
4945,1037,728,34.15,30.57,-0.1441,-0.0637,9.8293,-0.4927,0.4733,0.6079
4950,1041,725,34.127,30.488,-0.0005,0.0328,9.8199,-0.6808,-0.6801,-0.3573
4955,1057,721,34.09,30.43,0.0458,0.0176,9.7665,0.197,-0.1528,0.5706
4960,1067,721,34.138,30.467,0.0178,-0.0056,9.804,-0.4776,0.2691,0.762
4965,1074,716,34.125,30.456,0.0444,0.0867,9.8395,-0.0836,-0.6658,-0.3662
4970,1088,718,34.15,30.529,0.0891,-0.0084,9.8369,-0.2166,-0.0348,0.1118
4975,1100,712,34.121,30.468,0.0039,-0.0134,9.8327,-0.1544,-0.1332,-0.4586
4980,1108,714,34.233,30.482,-0.0052,-0.1089,9.9222,0.4095,-0.6775,-1.4183
4985,1114,712,34.143,30.464,0.0074,0.0025,9.8441,-0.2266,1.3412,0.1216
4990,1127,712,34.076,30.412,0.0598,-0.04,9.7461,0.2962,-0.103,-0.608
4995,1143,710,34.138,30.462,0.0151,0.0516,9.8217,-0.5325,0.0672,-0.2766
5000,1139,711,34.221,30.462,-0.0622,0.0623,9.8328,-0.2657,0.6258,-0.4744
5005,1154,713,34.192,30.531,0.0347,0.0394,9.8845,0.031,0.5393,-0.4212
5010,1163,716,34.169,30.478,-0.0178,0.0816,9.7817,0.5881,0.1658,0.2052
5015,1163,714,34.113,30.464,0.0223,0.0213,9.7432,0.0152,0.3337,0.0254
5020,1180,715,34.188,30.418,-0.0146,-0.0844,9.8532,0.1419,-0.4337,-0.6064
5025,1180,718,34.145,30.476,-0.0233,-0.112,9.8322,0.4675,1.0733,-0.4195
5030,1174,717,34.134,30.486,0.0463,-0.0277,9.891,-0.603,-0.5973,-0.4091
5035,1191,715,34.098,30.436,0.0212,0.0181,9.8108,0.419,0.2392,0.6083
5040,1178,722,34.116,30.596,-0.037,-0.0306,9.8756,0.8591,0.7249,0.5754
5045,1186,722,34.124,30.473,-0.0925,0.0498,9.8092,-0.1393,0.0143,-0.3351
5050,1186,730,34.061,30.517,-0.031,0.0048,9.8544,-0.05,-0.0045,0.1559
5055,1181,730,34.083,30.535,0.0297,-0.1062,9.8754,0.6271,-0.928,-0.452
5060,1182,735,34.169,30.422,0.0306,0.0872,9.8565,0.0513,-0.3055,0.6495
5065,1183,737,34.07,30.562,-0.0607,-0.0209,9.6958,-0.2229,-0.4542,-0.7275
5070,1187,744,34.16,30.497,-0.061,0.0006,9.8427,-0.6999,-0.8276,-1.0396
5075,1184,746,34.08,30.473,0.0846,-0.0796,9.7939,-0.0893,0.0687,-0.6711
5080,1182,749,34.084,30.496,0.009,0.0593,9.8245,-0.0017,0.6146,-0.6925
5085,1189,751,34.158,30.465,0.0525,-0.042,9.8161,-0.1973,-0.5732,0.9208
5090,1177,757,34.144,30.476,0.0413,-0.0283,9.733,0.1084,0.5957,-0.2557
5095,1181,762,34.193,30.503,-0.0422,0.0245,9.8907,0.1397,0.1496,0.1296
5100,1176,764,34.079,30.445,0.0812,0.0338,9.8705,0.2444,0.2096,-1.3699
5105,1166,771,34.207,30.49,0.0357,-0.0002,9.8242,0.3451,-0.2272,0.1243
5110,1165,782,34.143,30.522,-0.0152,0.0042,9.801,0.1276,-0.0368,1.4325
5115,1164,786,34.155,30.474,-0.0008,0.0297,9.8596,0.1427,-0.6558,1.2577
5120,1169,790,34.06,30.433,-0.0207,0.0164,9.7759,0.5836,-0.9466,0.2038
5125,1154,799,34.131,30.4,-0.0952,0.005,9.8777,-0.4809,0.287,0.2782
5130,1151,797,34.181,30.396,-0.0659,0.0801,9.6958,-0.5584,0.1026,-0.4411
5135,1143,800,34.135,30.529,-0.0294,-0.0435,9.7845,-0.4511,-0.1801,0.1464
5140,1146,806,34.153,30.495,0.0327,0.0045,9.826,0.1549,-0.7217,0.0173
5145,1145,811,34.14,30.503,0.0003,-0.0182,9.7621,-0.0692,-0.5841,0.2913
5150,1140,815,34.016,30.472,0.0186,0.0931,9.7882,0.0403,-0.6177,1.127
5155,1142,822,34.102,30.404,0.0195,-0.0396,9.7776,-0.0838,-0.5728,-0.6134
5160,1122,823,34.184,30.479,-0.0484,0.0598,9.7928,-0.5345,-0.3176,0.2716
5165,1117,824,34.205,30.49,0.0456,0.0077,9.7776,0.002,-0.0352,0.0614
5170,1128,831,34.21,30.579,0.0065,-0.0147,9.7664,1.008,0.5455,-0.4416
5175,1125,838,34.082,30.464,-0.0281,-0.0801,9.7442,0.4517,-0.606,-0.1668
5180,1123,833,34.144,30.337,-0.0058,-0.044,9.7502,0.0149,-0.0569,-0.2573
5185,1110,832,34.135,30.483,-0.098,0.0041,9.8716,-0.9119,0.6188,0.3721
5190,1117,846,34.13,30.48,-0.0401,0.0163,9.8771,0.1224,0.9136,0.3984
5195,1113,845,34.218,30.56,0.0476,0.0857,9.8091,0.6741,0.8159,-0.2975
5200,1101,852,34.192,30.565,-0.0064,0.0518,9.8428,-0.461,-0.2754,-0.9115
5205,1119,852,34.268,30.396,0.0841,0.0336,9.8693,-0.6039,-0.4083,-0.5292
5210,1106,858,34.175,30.377,-0.1199,-0.0332,9.7696,0.2186,0.5835,0.2415
5215,1104,858,34.157,30.382,0.0012,0.0488,9.7875,-0.0716,-0.0605,0.1728
5220,1107,860,34.094,30.482,0.035,0.0417,9.8498,0.2335,0.7216,0.3155
5225,1097,853,34.186,30.489,0.057,-0.0289,9.8406,0.0418,1.0797,0.0406
5230,1086,863,34.095,30.43,0.0277,-0.0465,9.9262,0.2972,-1.0466,-0.4071
5235,1083,861,34.057,30.466,-0.0712,-0.013,9.8296,0.255,-0.3603,-0.6932
5240,1078,860,34.086,30.333,-0.0627,0.0085,9.8445,0.0988,-0.1626,0.1847
5245,1080,864,34.105,30.474,0.0197,0.0141,9.8095,0.4487,1.138,-0.2916
5250,1083,862,34.165,30.471,-0.0816,-0.0687,9.8169,0.6287,0.0567,-0.4337
5255,1077,868,34.203,30.51,0.0698,-0.0009,9.7836,0.4901,0.3199,-0.0986
5260,1074,868,34.069,30.441,0.0918,-0.0668,9.7802,-0.2469,0.2623,0.5341
5265,1078,867,34.177,30.35,0.013,0.0444,9.7295,-0.7939,0.737,0.7472
5270,1076,863,34.195,30.454,-0.0235,-0.0356,9.8764,-0.8532,0.0349,-0.4933
5275,1076,866,34.192,30.44,-0.0074,0.0006,9.8465,0.7203,0.0169,0.2268
5280,1068,870,34.075,30.415,-0.0607,-0.0088,9.7457,-0.1382,-0.8522,0.1257
5285,1060,866,34.256,30.448,0.0028,0.0032,9.8945,0.5583,-0.2039,-0.6896
5290,1048,868,34.188,30.512,-0.0378,0.0251,9.8643,-0.4373,-0.6747,0.3153
5295,1053,862,34.177,30.536,-0.0548,-0.1026,9.8174,0.3141,-0.1788,0.86
5300,1053,866,34.249,30.451,-0.0835,0.0406,9.7968,0.0454,-0.0993,0.3609
5305,1040,863,34.047,30.485,0.1019,-0.0173,9.76,0.5841,0.6252,-0.3767
5310,1032,863,34.091,30.48,0.0225,-0.066,9.7522,0.513,0.4257,0.0594
5315,1025,858,34.135,30.479,0.072,-0.0213,9.7364,0.4573,0.062,0.2792
5320,1024,860,34.179,30.54,0.0155,-0.0592,9.7997,0.5595,0.3775,0.1656
5325,1021,855,34.148,30.518,0.0172,-0.035,9.8282,0.6074,-0.2078,0.0001
5330,1013,852,34.177,30.461,-0.0403,-0.006,9.8311,0.1524,-0.3071,0.7063
5335,1005,856,34.263,30.381,-0.0672,-0.0074,9.7828,0.3335,-0.2578,-0.2119
5340,992,856,34.22,30.561,-0.0481,-0.0495,9.7167,-1.0885,0.3346,-0.0144
5345,994,855,34.225,30.346,-0.0518,-0.0129,9.7771,0.1987,1.4998,0.5742
5350,983,853,34.118,30.598,0.0089,0.0113,9.8446,0.3109,0.3113,0.1936
5355,975,848,34.144,30.439,-0.0456,0.0026,9.8092,-0.1944,0.8826,0.41
5360,969,852,34.158,30.506,-0.0758,-0.0134,9.8411,-0.5205,0.2837,-0.5772
5365,951,845,34.225,30.345,-0.0589,0.0166,9.8113,0.3612,-0.7055,0.4146
5370,943,845,34.148,30.483,0.0933,0.0268,9.8275,0.5424,-0.6012,-0.848
5375,943,842,34.255,30.474,-0.0137,0.0319,9.7455,-0.6187,-0.0374,-0.0941
5380,923,841,34.118,30.465,-0.0166,-0.0462,9.8016,-1.0742,0.354,0.0646
5385,918,844,34.118,30.374,0.0517,-0.0362,9.787,0.3244,0.2435,-0.0396
5390,902,838,34.165,30.511,-0.086,0.0288,9.7977,-0.7988,0.0218,0.372
5395,898,838,34.252,30.468,0.002,-0.0176,9.792,0.8735,0.3827,0.6759
5400,889,835,34.179,30.432,-0.081,0.0474,9.7973,0.283,0.2116,-0.6768
5405,873,833,34.197,30.465,-0.0129,-0.0463,9.7836,0.1229,0.1291,0.4677
5410,864,838,34.115,30.414,0.1179,0.1558,9.8369,-0.5543,-0.3243,-0.3483
5415,862,833,34.059,30.563,0.0577,-0.0436,9.7284,0.5985,-0.054,0.3581
5420,839,834,34.075,30.514,-0.0366,-0.0055,9.8019,-1.3085,-0.9385,0.6949
5425,833,834,34.11,30.453,-0.0293,-0.0709,9.7728,0.416,0.2599,-0.0752
5430,823,829,34.144,30.434,-0.0218,0.0271,9.8123,-0.0173,-0.1053,0.5322
5435,827,832,34.15,30.435,0.0787,-0.0084,9.812,0.1241,0.4452,-0.7448
5440,806,830,34.11,30.45,0.0124,0.0762,9.8183,0.1495,-0.1879,-0.3323
5445,794,829,34.198,30.459,-0.0001,0.0255,9.8062,0.288,-0.749,-0.2069
5450,791,821,34.115,30.349,0.0206,0.0274,9.7971,0.0691,0.3054,-0.4272
5455,786,829,34.122,30.519,-0.008,0.0764,9.7485,0.1214,0.4194,0.3047
5460,776,833,34.089,30.479,0.018,-0.013,9.8566,-0.5085,-0.9869,0.589
5465,772,826,34.193,30.443,-0.0659,0.0057,9.6536,-0.0634,-0.3348,0.1892
5470,774,828,34.189,30.498,0.0561,0.0107,9.7536,-0.2459,-0.3428,0.7265
5475,769,828,34.039,30.459,-0.0122,0.002,9.8056,-0.3991,0.6067,-0.2788
5480,756,824,34.191,30.449,0.0212,-0.0133,9.8159,0.7994,-0.8498,-0.8621
5485,742,821,34.123,30.4,0.0634,-0.0306,9.7709,0.3405,-0.1878,0.3018
5490,746,821,34.206,30.484,0.0591,-0.0521,9.8563,-0.2822,-0.4339,-0.8862
5495,750,818,34.136,30.444,-0.0338,-0.0821,9.7811,0.4564,-0.6543,-0.3416
5500,758,819,34.184,30.467,0.0407,-0.0003,9.8132,0.6795,0.6773,-0.5328
5505,750,813,34.181,30.479,0.0127,0.0055,9.8277,0.4533,0.3028,0.2984
5510,752,808,34.134,30.436,-0.1011,-0.0099,9.8557,-0.773,0.5504,-0.5659
5515,745,811,34.174,30.447,-0.02,-0.1094,9.8148,0.1216,0.0185,-0.4275
5520,744,809,34.16,30.533,-0.0055,0.0073,9.8456,-0.3824,0.1861,-0.6131
5525,758,809,34.069,30.437,0.0112,-0.0107,9.8749,0.8814,0.0305,0.142
5530,759,805,34.154,30.466,0.0152,0.022,9.7183,0.9241,-0.2929,-0.0982
5535,762,802,34.144,30.517,-0.0278,-0.0308,9.8734,-0.2546,0.0769,0.1399
5540,776,798,34.18,30.488,-0.0518,-0.0273,9.7332,-0.5488,-0.0356,0.4223
5545,774,796,34.116,30.546,-0.0154,0.0296,9.8259,0.2438,-0.4447,0.3327
5550,776,794,34.101,30.409,-0.0248,0.0163,9.7239,0.4324,0.0809,-0.451
5555,789,789,34.054,30.465,0.0156,-0.0648,9.8369,0.0675,-0.079,0.8207
5560,798,787,34.087,30.514,-0.0288,-0.0075,9.8678,0.2897,0.7362,0.0087
5565,808,785,34.159,30.444,-0.0069,-0.0684,9.8203,-0.6716,0.2922,-0.8715
5570,814,778,34.199,30.557,-0.0099,0.0046,9.7415,0.6216,-0.2053,0.1782
5575,826,775,34.109,30.497,-0.0202,0.0344,9.8794,0.1547,1.0503,0.4233
5580,844,775,34.166,30.497,0.0789,-0.0305,9.9177,0.5793,-0.3801,0.0205
5585,851,770,34.164,30.512,-0.0373,-0.0048,9.822,0.5788,0.3118,0.1653
5590,864,768,34.175,30.544,0.033,-0.1552,9.8398,0.2599,0.4613,0.1135
5595,883,765,34.143,30.515,0.0666,-0.0607,9.822,0.2344,-0.6962,-0.9028
5600,894,757,34.129,30.528,0.0284,0.0116,9.8985,-0.3186,0.5436,0.0336
5605,896,752,34.157,30.505,0.0269,0.0177,9.7739,-0.8597,-0.3906,-0.0405
5610,918,753,34.149,30.542,0.0497,-0.0275,9.8727,0.8863,0.6698,-0.0798
5615,925,747,34.146,30.536,-0.0426,0.0994,9.7997,0.2932,-0.0938,-1.048
5620,941,744,34.179,30.429,0.0953,-0.038,9.8753,-0.1362,-0.0397,0.0903
5625,958,740,34.151,30.476,-0.1011,-0.007,9.7421,0.21,0.3951,-0.248
5630,969,737,34.18,30.47,-0.0101,0.0527,9.8551,-0.855,-0.264,0.5276
5635,988,733,34.098,30.52,0.0399,-0.0456,9.8006,-0.7286,0.1868,0.1209
5640,998,733,34.111,30.517,0.0733,0.0278,9.8351,-0.0286,0.5204,-0.8002
5645,1009,732,34.186,30.433,0.0305,-0.0673,9.8625,-0.7557,-0.4669,0.0983
5650,1020,731,34.185,30.465,0.0569,-0.0453,9.7961,0.3406,-0.7817,-0.27
5655,1035,727,34.176,30.531,0.0078,-0.0163,9.8451,-0.3614,-0.321,0.1925
5660,1043,723,34.183,30.44,0.1241,-0.0633,9.7809,0.3995,-0.1363,0.7634
5665,1063,720,34.104,30.543,0.037,0.0774,9.8223,-0.0182,-0.1755,0.3621
5670,1068,715,34.158,30.52,0.0471,-0.1048,9.8404,-0.2397,-0.0062,0.2294
5675,1073,720,34.206,30.495,-0.0491,-0.048,9.7933,-0.4072,0.4649,0.0388
5680,1086,711,34.205,30.392,-0.0003,0.0844,9.7689,0.5606,0.1782,-0.3124
5685,1106,714,34.046,30.478,0.0621,0.0316,9.8568,-0.2491,-1.4196,-0.1968
5690,1112,716,34.181,30.467,-0.0536,0.0786,9.7782,-0.2119,0.5738,0.3984
5695,1113,714,34.175,30.517,-0.0076,0.0713,9.8397,-0.3685,0.5773,-0.0589
5700,1132,709,34.176,30.383,-0.0989,0.0549,9.8137,0.5828,0.2558,-0.2552
5705,1138,715,34.094,30.469,0.0242,0.01,9.7634,0.1091,-0.0707,-0.0676
5710,1140,714,34.109,30.491,-0.0376,-0.0188,9.7906,-0.6665,-0.6959,0.0701
5715,1159,710,33.995,30.439,0.0145,-0.0315,9.8824,0.6087,-0.2329,0.1476
5720,1171,709,34.07,30.503,0.1014,-0.0031,9.8408,0.0342,0.1534,-0.6342
5725,1172,712,34.198,30.495,-0.0453,0.0752,9.8598,-0.7525,-0.0261,-0.2281
5730,1177,710,34.131,30.491,-0.0168,-0.0696,9.8418,0.9903,-0.3946,0.5005
5735,1174,717,34.192,30.519,0.0123,0.0348,9.905,-0.0743,0.2258,-0.176
5740,1178,716,34.175,30.493,0.0719,0.0144,9.8438,-0.8225,-0.227,0.2695
5745,1174,721,34.251,30.44,0.0097,-0.0232,9.866,0.5071,-0.0068,0.4993
5750,1183,727,34.153,30.476,-0.0167,0.0584,9.9014,-0.2503,0.7187,-0.1656
5755,1185,720,34.082,30.405,0.0312,0.0292,9.844,0.5688,-0.3734,0.2831
5760,1180,733,34.24,30.529,-0.0635,0.0786,9.8524,-0.3671,-0.5364,-0.3845
5765,1188,733,34.133,30.478,-0.0054,0.0502,9.7392,0.9017,0.0388,0.6777
5770,1186,737,34.202,30.495,-0.0177,0.033,9.7993,0.1302,-0.8656,-0.0847
5775,1192,737,34.144,30.395,-0.0605,-0.0003,9.8337,-0.4636,-0.1661,-0.3216
5780,1190,745,34.145,30.412,0.0039,-0.0527,9.8297,0.3894,-0.1118,-0.6894
5785,1184,745,34.148,30.468,0.0484,0.0216,9.7705,-0.5264,-0.084,0.5194
5790,1183,752,34.152,30.471,0.034,0.0485,9.8818,0.6606,0.1905,0.9141
5795,1183,758,34.156,30.473,-0.0428,0.0213,9.8555,-0.0165,0.0356,-0.498
5800,1177,763,34.127,30.46,-0.0606,-0.0407,9.8156,0.3007,-0.1215,0.317
5805,1174,767,34.095,30.419,0.0353,0.0637,9.762,0.1203,0.0381,-0.9089
5810,1173,773,34.127,30.623,0.1105,-0.052,9.8429,-0.1334,-0.463,0.1428
5815,1170,776,34.118,30.463,0.0128,-0.0473,9.7672,0.3468,-0.8571,0.5319
5820,1162,782,34.192,30.419,-0.027,0.0937,9.814,0.0296,-0.0856,0.2947
5825,1164,778,34.148,30.561,0.009,0.0791,9.7721,-0.5864,-0.3921,-0.238
5830,1169,784,34.128,30.446,-0.0381,0.0058,9.7898,-0.4759,-0.0931,0.1834
5835,1159,798,34.154,30.407,-0.0269,-0.0476,9.7642,-0.683,-0.4429,-0.4536
5840,1152,798,34.19,30.394,-0.0182,-0.0213,9.7428,-0.1163,-0.2738,0.2496
5845,1154,804,34.237,30.461,-0.075,-0.0297,9.7921,0.1126,-1.1822,-0.0626
5850,1140,806,34.207,30.491,0.0492,-0.0152,9.8074,-0.0009,0.4109,0.2478
5855,1139,806,34.191,30.393,-0.0866,-0.0341,9.77,-0.2602,-0.4083,-0.07
5860,1132,814,34.098,30.437,0.0694,-0.01,9.8655,-0.5025,0.818,0.6077
5865,1133,821,34.164,30.483,0.0176,0.0575,9.8358,0.1919,0.4733,0.777
5870,1135,824,34.155,30.462,0.0006,-0.0375,9.8032,0.0337,-0.575,-0.4116
5875,1126,828,34.129,30.511,0.0205,0.0075,9.8625,0.4135,-0.0552,-0.4783
5880,1127,834,34.166,30.537,-0.0008,0.0035,9.8129,1.1624,-0.1212,0.0502
5885,1118,831,34.22,30.495,0.0839,-0.0681,9.7616,-0.0776,0.3086,0.4997
5890,1117,837,34.122,30.551,-0.0771,-0.0395,9.8121,-0.5223,0.7184,0.2782
5895,1108,836,34.19,30.482,0.0109,0.039,9.7688,0.5325,-1.0533,0.253
5900,1107,846,34.118,30.533,-0.0033,0.1032,9.8323,-0.2056,-0.3746,0.8932
5905,1115,853,34.167,30.475,0.0603,0.0474,9.8094,0.5489,0.2756,-0.3739
5910,1099,856,34.106,30.426,-0.0018,-0.0502,9.7577,0.5455,-0.0318,0.6956
5915,1107,854,34.062,30.474,-0.0264,-0.0415,9.8727,-0.3451,0.4209,-0.039
5920,1096,853,34.078,30.514,-0.0506,-0.0726,9.7973,0.3709,0.3953,-0.2984
5925,1100,862,34.128,30.49,-0.0727,0.0394,9.922,-0.0401,-0.0145,-0.2906
5930,1093,858,34.069,30.472,-0.0251,0.0146,9.7811,-0.3677,-0.1426,0.1251
5935,1104,864,34.058,30.492,-0.0288,0.007,9.7908,-1.8432,-0.0344,-0.0255
5940,1097,863,34.13,30.502,-0.0983,-0.0388,9.8068,-0.0598,0.4534,0.6125
5945,1088,866,34.145,30.536,-0.1135,0.0546,9.8918,-0.0559,0.2537,-0.3057
5950,1083,859,34.167,30.502,-0.1185,0.0514,9.866,0.051,-0.5832,-0.2848
5955,1078,864,34.193,30.456,0.0891,0.0356,9.7806,-0.4146,-0.3346,0.3564
5960,1077,869,34.13,30.474,0.0157,-0.0408,9.8078,-0.3305,0.6081,0.3402
5965,1069,861,34.152,30.502,0.0066,-0.0338,9.7801,-0.612,-0.8498,-0.135
5970,1075,868,34.205,30.501,0.0335,-0.0211,9.7821,-0.0423,0.6461,0.5355
5975,1069,868,34.134,30.516,-0.1117,-0.0171,9.8663,-0.0009,-1.0491,0.4507
5980,1075,864,34.257,30.513,0.0056,-0.036,9.7606,0.2655,-0.6962,-0.6812
5985,1071,867,34.176,30.342,-0.0031,0.1077,9.8152,-0.4263,-0.3583,-0.0343
5990,1055,864,34.128,30.554,-0.0082,0.0415,9.7778,-0.8366,-0.8352,0.9341
5995,1062,861,34.209,30.552,-0.0457,-0.1,9.7946,0.0662,-0.9741,0.0618
6000,1047,862,34.169,30.424,-0.0799,0.0238,9.7913,0.2367,0.4892,0.1791
6005,1046,858,34.114,30.451,-0.0008,-0.0885,9.9015,-0.3028,0.144,0.5569
6010,1041,860,34.137,30.49,0.0062,0.0548,9.746,-1.3465,-0.1658,0.4149
6015,1042,863,34.159,30.427,-0.0228,-0.0407,9.8665,-0.7138,-0.7427,0.4095
6020,1038,863,34.166,30.53,0.0068,0.0145,9.866,-0.0316,-0.0477,-1.0095
6025,1034,855,34.175,30.503,-0.0396,0.0488,9.754,0.1392,0.2727,-0.4744
6030,1019,852,34.149,30.385,0.0519,0.0963,9.8122,-0.1268,-0.3113,0.3837
6035,1012,856,34.114,30.425,-0.0468,-0.1263,9.7862,0.0382,0.1241,-0.05
6040,1013,853,34.248,30.442,0.0585,0.0549,9.7917,-0.3286,-0.382,0.1996
6045,1003,844,34.135,30.597,-0.0238,0.028,9.8554,-0.8518,-0.1341,-0.5798
6050,996,851,34.205,30.457,0.0855,0.0021,9.8342,-0.022,0.2822,-0.4415
6055,985,851,34.2,30.495,0.1134,0.0448,9.7859,0.9694,0.7269,0.045
6060,976,846,34.134,30.446,0.0254,-0.0131,9.784,-0.0104,-1.0192,-0.0624
6065,969,844,34.146,30.497,0.0109,0.0123,9.7461,-0.2328,-0.4121,0.5998
6070,955,845,34.139,30.432,0.0051,0.1183,9.7784,-0.1552,-0.9148,0.2239
6075,955,842,34.208,30.432,-0.0256,0.0594,9.728,-0.0476,-0.2894,0.245
6080,945,842,34.166,30.569,0.0466,0.0092,9.8107,0.2387,-0.9851,0.0026
6085,926,838,34.104,30.522,-0.0553,-0.063,9.7536,0.1869,-0.4168,0.0033
6090,924,840,34.174,30.451,0.005,-0.0076,9.8267,0.1052,-1.0257,-0.9135
6095,913,845,34.182,30.475,0.061,0.0209,9.7243,0.2547,-0.0377,-0.5502
6100,898,841,34.223,30.431,-0.0512,0.0286,9.8329,0.2545,-0.3864,0.5855
6105,881,838,34.161,30.45,-0.0004,-0.0094,9.8023,-0.6562,-0.1698,1.0793
6110,886,836,34.126,30.476,0.0391,0.1263,9.7669,0.1102,-0.5818,-0.0444
6115,871,837,34.176,30.455,0.0216,-0.0371,9.8705,0.146,0.4069,-0.2406
6120,856,838,34.124,30.451,-0.0001,-0.1332,9.8196,0.4911,-0.3039,-0.9803
6125,853,838,34.174,30.54,-0.0565,-0.0131,9.8591,-0.795,-0.3558,0.1907
6130,839,838,34.147,30.429,0.0141,-0.0198,9.8109,0.4079,-0.1853,-0.346
6135,830,839,34.081,30.509,-0.0002,0.0763,9.8368,0.0833,0.3048,-0.2472
6140,821,835,34.17,30.54,-0.0133,0.0753,9.874,0.1963,0.2769,0.4822
6145,812,825,34.12,30.412,0.0335,-0.0025,9.8035,-0.0304,-0.1663,0.6817
6150,804,829,34.222,30.444,-0.0331,-0.0418,9.7589,-0.5984,-1.2301,0.9339
6155,795,827,34.262,30.543,0.0573,0.0674,9.8994,0.4068,-0.8231,-0.2106
6160,793,826,34.183,30.429,0.0031,0.0214,9.7699,-0.0592,0.5343,0.7859
6165,784,828,34.1,30.595,-0.0762,-0.0003,9.8225,-0.0612,0.5981,0.1723
6170,774,819,34.102,30.465,-0.0421,-0.0616,9.7989,0.9582,0.077,0.5604
6175,776,822,34.137,30.462,0.0572,0.0077,9.8125,0.4767,0.5056,-0.8374
6180,765,825,34.163,30.485,0.0478,-0.0334,9.8073,-0.5005,0.2884,-0.5023
6185,760,819,34.11,30.412,0.044,-0.0037,9.8185,0.5513,-0.4596,-0.3509
6190,754,819,34.157,30.423,0.0095,-0.0095,9.788,-0.275,0.1535,-0.3685
6195,763,818,34.134,30.392,-0.1033,-0.0674,9.8183,-0.1353,-0.3411,-1.0096
6200,748,823,34.115,30.533,0.0003,0.0553,9.9023,-0.8586,-0.393,0.1876
6205,741,815,34.07,30.499,-0.0491,-0.0108,9.7897,0.4335,-0.5738,-0.0734
6210,754,815,34.169,30.524,0.1264,0.0529,9.8585,-0.8091,0.3878,0.4298
6215,747,814,34.074,30.466,-0.0619,0.0476,9.7778,0.3042,0.6501,0.2713
6220,746,814,34.115,30.424,-0.0177,-0.0842,9.696,-0.6791,0.2416,0.0596
6225,747,813,34.079,30.446,-0.0476,-0.1114,9.8354,-0.5242,0.1221,-0.1161
6230,756,804,34.15,30.537,0.0519,0.0221,9.8186,0.1516,-0.2871,0.2305
6235,759,802,34.17,30.411,-0.0503,-0.0817,9.8382,-0.1662,-0.537,0.1591
6240,758,799,34.119,30.529,-0.0449,-0.0326,9.8658,-0.2389,-0.1264,-0.9411
6245,770,799,34.152,30.483,-0.0482,0.0099,9.8295,-0.9312,-0.7198,0.2136
6250,780,795,34.187,30.457,-0.0095,-0.069,9.7961,-0.2308,0.7717,-0.4451
6255,781,790,34.146,30.462,-0.0448,-0.0539,9.7595,-0.2822,-0.5391,-0.4631
6260,787,789,34.11,30.487,0.0314,-0.0269,9.7773,-0.1944,-0.213,-1.2402
6265,798,788,34.094,30.476,0.037,-0.0142,9.9243,0.0149,-0.855,-0.6936
6270,803,781,34.146,30.459,-0.0609,-0.0291,9.8146,-0.128,-0.5463,0.3161
6275,811,777,34.07,30.524,0.0507,0.0242,9.9436,-0.544,-0.5887,0.1859
6280,827,782,34.194,30.481,-0.0258,0.009,9.7753,-0.0941,0.0358,0.0634
6285,829,776,34.197,30.398,-0.0836,0.0244,9.7933,-0.8653,0.9106,0.1701
6290,842,772,34.127,30.532,-0.0154,0.0039,9.8769,0.4897,0.0529,-0.6031
6295,853,765,34.13,30.494,-0.0001,0.0137,9.8409,0.0915,-0.6241,-0.7619
6300,864,764,34.12,30.432,0.0606,-0.0302,9.7412,0.841,-0.3802,-1.0189
6305,885,765,34.146,30.463,-0.0036,0.0329,9.78,0.6499,0.8949,-1.2027
6310,898,758,34.211,30.557,0.0292,-0.0856,9.9103,-0.6999,0.119,-0.1077
6315,911,751,34.13,30.43,-0.0625,0.023,9.8056,0.3508,-0.1741,-0.2057
6320,914,747,34.137,30.48,-0.0595,0.0375,9.8403,-0.004,-0.2893,0.676
6325,942,750,34.12,30.525,0.0686,-0.1181,9.812,0.3757,-0.8172,-0.1317
6330,952,747,34.122,30.454,-0.0533,0.0278,9.7587,0.4526,0.7113,-0.3043
6335,962,739,34.079,30.48,-0.054,0.0204,9.8993,-0.2679,-0.0306,0.2921
6340,970,732,34.13,30.565,0.0058,-0.0677,9.7931,-0.3999,0.1837,-1.151
6345,986,731,34.152,30.377,0.0117,0.0241,9.7376,0.5565,-0.2977,-0.9498
6350,1004,733,34.168,30.518,-0.0134,0.0538,9.8358,-0.0846,-0.1848,1.2857
6355,1012,722,34.245,30.461,-0.1345,-0.0191,9.8063,0.3233,0.3545,0.5743
6360,1040,718,34.183,30.371,0.0497,-0.0412,9.8683,0.0524,0.2035,-0.1091
6365,1040,723,34.193,30.466,0.0347,-0.0178,9.76,0.5948,-0.1145,1.0794
6370,1060,720,34.145,30.424,-0.0578,-0.0254,9.7363,1.1961,-1.1913,0.2443
6375,1060,725,34.168,30.522,0.0907,0.0135,9.7869,0.6045,0.0241,-0.6601
6380,1078,713,34.149,30.623,-0.0873,-0.052,9.7867,0.4315,-0.7627,-0.5206
6385,1082,715,34.198,30.467,0.0141,-0.0262,9.8743,0.6462,-0.7338,-0.082
6390,1107,715,34.073,30.502,-0.0021,0.0211,9.8163,-0.374,0.1638,0.5162
6395,1114,716,34.236,30.483,0.0135,0.0367,9.8867,0.0204,0.011,0.84
6400,1117,713,34.172,30.589,0.0147,0.0202,9.8552,-0.4772,-0.5,0.3611
6405,1132,711,34.239,30.532,-0.1033,-0.0114,9.7813,0.581,0.864,0.0694
6410,1130,712,34.149,30.495,-0.0009,-0.0242,9.8634,0.3826,-0.2209,-0.2194
6415,1151,709,34.169,30.416,-0.0437,-0.001,9.8914,-0.9447,0.286,0.371
6420,1150,708,34.209,30.517,-0.0219,0.0057,9.8056,-0.1427,-0.0857,-0.1427
6425,1157,718,34.171,30.463,0.0589,0.0355,9.8502,0.1639,-0.2588,-0.2209
6430,1163,716,34.157,30.468,-0.0331,0.0187,9.735,-0.2357,1.4925,0.2271
6435,1160,714,34.123,30.52,-0.0528,-0.0036,9.8011,-0.0049,0.6752,-0.3378
6440,1176,720,34.133,30.432,-0.0354,0.0293,9.8572,0.2213,-0.6994,-0.2242
6445,1174,714,34.146,30.464,0.0075,-0.0003,9.7431,0.67,-0.255,0.3188
6450,1189,720,34.247,30.389,-0.0078,-0.1021,9.7876,-0.4766,0.0474,0.4015
6455,1181,720,34.14,30.499,0.0142,0.0274,9.7901,0.2594,0.9472,-0.143
6460,1177,720,34.162,30.431,-0.0142,-0.0125,9.767,-0.5834,0.4398,-0.1872
6465,1193,734,34.032,30.508,0.0464,0.0177,9.854,-0.3004,-0.5449,0.3751
6470,1202,731,34.127,30.505,-0.0666,0.0439,9.7535,-0.2372,0.5112,-0.7512
6475,1188,732,34.153,30.539,0.0649,-0.0055,9.8314,0.0181,-0.4811,0.0276
6480,1191,738,34.179,30.576,0.0162,-0.0114,9.8571,-0.6922,-0.0509,-0.4772
6485,1172,738,34.15,30.546,-0.095,0.0025,9.9232,0.4317,0.5096,-0.2836
6490,1192,748,34.191,30.464,-0.058,-0.071,9.9371,0.9348,-0.0238,0.693
6495,1188,753,34.105,30.428,0.054,-0.0213,9.8632,0.7111,1.0568,-0.3012
6500,1190,758,34.202,30.541,0.0507,0.0245,9.8158,-0.3805,0.054,-0.2212
6505,1171,761,34.159,30.468,-0.047,0.0037,9.8915,0.2688,0.0921,-0.1126
6510,1181,766,34.177,30.416,0.0012,-0.0884,9.8457,-0.3481,0.2473,-0.0733
6515,1176,765,34.162,30.472,-0.0299,-0.0389,9.7123,0.0171,0.4947,-0.1893
6520,1174,770,34.085,30.415,0.0581,-0.0024,9.8639,-0.6358,-0.5167,-0.5299
6525,1162,780,34.19,30.544,0.0088,-0.0018,9.8198,-0.2272,0.0568,-0.3744
6530,1161,780,34.114,30.456,-0.031,-0.0348,9.784,0.3609,0.567,0.269
6535,1160,787,34.054,30.623,0.0249,0.0102,9.8528,0.506,-0.3371,-0.1398
6540,1153,793,34.086,30.407,-0.0595,-0.0097,9.7374,0.2196,-0.6176,0.2122
6545,1160,795,34.219,30.432,-0.0199,0.0311,9.7708,0.1151,-0.2355,0.4896
6550,1147,796,34.198,30.557,-0.0338,0.0437,9.845,-0.1072,-0.1769,-0.2673
6555,1137,807,34.159,30.482,-0.061,-0.0029,9.796,-0.5457,0.236,0.8473
6560,1147,809,34.291,30.407,-0.0501,0.0722,9.8449,0.2007,-0.3402,-0.0789
6565,1139,816,34.161,30.489,-0.0212,0.0131,9.7942,-0.0132,0.2214,0.4494
6570,1129,819,34.159,30.463,0.1163,-0.0153,9.847,0.5507,0.0149,0.917
6575,1130,826,34.224,30.484,0.0612,0.0443,9.7846,0.1061,-0.187,0.5324
6580,1129,825,34.144,30.445,-0.0448,-0.0241,9.7853,0.8157,0.0493,-0.4306
6585,1124,827,34.143,30.478,-0.1143,0.119,9.8782,0.3624,0.3114,0.0457
6590,1112,833,34.124,30.516,0.0166,0.0814,9.8323,-0.1053,-0.8039,0.1703
6595,1112,841,34.199,30.539,0.0066,0.0099,9.85,1.4856,-0.448,-0.2224
6600,1114,841,34.237,30.486,0.0214,0.0228,9.8256,0.5194,0.2736,0.0533
6605,1104,846,34.239,30.481,-0.0623,-0.034,9.7282,0.2568,0.0331,0.3954
6610,1111,846,34.184,30.379,0.0079,-0.0417,9.7429,-0.2576,-0.114,-0.4157
6615,1107,846,34.165,30.479,0.0575,-0.005,9.7878,-0.012,-0.0198,0.5719
6620,1098,854,34.182,30.442,-0.098,0.0128,9.7737,0.1603,0.2611,0.2427
6625,1096,856,34.118,30.444,0.0442,0.0144,9.8434,-0.0333,0.438,-0.5725
6630,1094,861,34.241,30.433,0.0031,0.0167,9.8469,-0.2227,0.6386,-0.4782
6635,1099,861,34.165,30.431,0.0433,0.0413,9.7989,-0.3759,-0.5479,0.2654
6640,1089,859,34.186,30.478,-0.0064,-0.004,9.8303,0.0013,-0.5589,0.5008
6645,1090,861,34.153,30.486,-0.0535,0.0492,9.8747,-0.0901,0.8235,0.0831
6650,1091,858,34.154,30.404,-0.0096,0.0112,9.785,0.0901,-0.4837,0.2188
6655,1087,866,34.127,30.471,0.0265,-0.0829,9.8598,-0.8408,0.8005,-0.0155
6660,1081,864,34.131,30.445,0.0063,-0.0445,9.9461,0.6018,-0.51,0.1899
6665,1084,861,34.14,30.434,0.0108,-0.0525,9.8022,-0.3009,0.5364,-0.1772
6670,1077,861,34.156,30.481,0.0497,0.0027,9.8089,0.1348,-0.7284,0.7702
6675,1071,864,34.092,30.521,0.0844,0.0644,9.8593,-0.0505,0.9284,-0.5317
6680,1068,863,34.151,30.432,0.0743,0.0691,9.8206,-0.2853,0.2779,0.903
6685,1065,863,34.195,30.462,-0.0445,0.0007,9.7865,-0.1024,0.6122,-0.2923
6690,1068,868,34.156,30.461,-0.0282,-0.0413,9.8309,0.186,0.1609,-0.1021
6695,1059,868,34.122,30.468,-0.0552,-0.0163,9.7483,-0.4441,0.5444,-1.0653
6700,1056,855,34.156,30.563,0.0062,0.0739,9.7205,-0.2717,-0.3966,-0.0638
6705,1057,864,34.195,30.612,-0.0142,-0.0249,9.7452,0.1058,-0.823,0.8513
6710,1049,862,34.173,30.497,0.0509,0.0507,9.7729,-0.9864,0.14,0.2603
6715,1052,862,34.175,30.448,-0.1149,-0.0047,9.7469,-1.3571,-0.3389,-0.1484
6720,1041,858,34.099,30.5,-0.022,-0.081,9.8131,-0.3032,-0.8899,0.2888
6725,1037,856,34.122,30.511,-0.018,0.02,9.8689,0.5171,-0.2935,0.517
6730,1027,858,34.142,30.519,-0.0567,0.0567,9.7827,-0.2823,-0.2379,-0.4777
6735,1025,856,34.204,30.551,0.0633,0.0107,9.8225,-0.3018,-1.0441,0.116
6740,1016,855,34.211,30.499,0.0491,-0.0669,9.8581,0.0927,0.0758,1.2553
6745,1012,853,34.131,30.543,0.0158,-0.0857,9.8691,0.3843,0.005,0.9263
6750,997,849,34.17,30.531,0.0309,0.0848,9.7332,0.3959,0.4257,-0.0917
6755,995,855,34.049,30.413,-0.044,-0.0027,9.7877,0.1797,0.0873,0.3826
6760,989,847,34.259,30.45,-0.0113,0.0593,9.6663,-0.1797,0.2822,0.1678
6765,984,848,34.153,30.416,0.0429,0.0218,9.8563,-0.5626,-0.4471,0.4752
6770,966,847,34.17,30.49,0.1072,0.0551,9.8305,0.861,0.4904,-0.4494
6775,959,847,34.182,30.547,0.0176,-0.0348,9.7618,-0.0753,-0.4131,0.0116
6780,955,841,34.163,30.544,0.0712,0.0138,9.6978,-0.1716,-0.014,0.1018
6785,943,846,34.091,30.486,0.0454,-0.0902,9.7699,-0.4773,0.4152,-0.2297
6790,926,839,34.142,30.467,-0.0219,-0.1099,9.8009,0.4123,-0.3426,-0.0368
6795,929,844,34.115,30.489,-0.0504,0.1402,9.8151,0.0847,-0.3721,-0.3042
6800,905,840,34.228,30.546,0.0309,0.0919,9.745,0.403,0.5361,-0.5416
6805,908,838,34.153,30.467,-0.1128,-0.0125,9.9242,-0.5422,-0.4716,0.894
6810,888,840,34.13,30.553,-0.0244,0.0033,9.8491,-0.395,0.1849,0.3121
6815,883,837,34.123,30.435,0.0735,0.056,9.8009,0.1997,0.3892,0.3035
6820,883,830,34.201,30.521,-0.0196,-0.0182,9.8432,0.095,-0.4428,0.8955
6825,866,833,34.227,30.381,0.0716,-0.0156,9.8225,-0.2313,-0.5853,0.0529
6830,847,832,34.143,30.49,0.0601,-0.0056,9.8617,-0.6608,0.1881,0.1601
6835,847,835,34.184,30.498,-0.0338,0.04,9.8499,-0.2797,-0.0001,-0.2567
6840,841,830,34.264,30.511,-0.0203,-0.0525,9.8662,0.3665,-0.3791,0.3184
6845,823,834,34.051,30.457,0.0578,-0.0324,9.7796,-0.4094,-0.0161,-0.2223
6850,817,826,34.193,30.588,0.0311,-0.0302,9.7119,0.2799,0.012,0.3858
6855,809,832,34.196,30.436,0.0398,0.0181,9.8536,-0.1708,0.5622,0.3722
6860,799,831,34.161,30.569,0.0065,-0.0084,9.8065,0.1427,0.0174,-0.2422
6865,785,833,34.163,30.463,0.0408,0.0514,9.785,0.2947,-0.18,-0.1222
6870,788,826,34.208,30.414,-0.0278,-0.003,9.846,-0.7862,0.243,-0.4211
6875,772,823,34.197,30.565,-0.0628,0.0155,9.7924,-0.1202,1.3336,0.1928
6880,771,824,34.171,30.506,-0.0459,0.0451,9.7488,-0.2102,-0.5341,0.9672
6885,758,825,34.15,30.482,-0.0034,-0.0437,9.798,-0.4374,0.0289,1.0216
6890,763,826,34.099,30.5,-0.0995,-0.0556,9.8822,0.0135,-0.4551,-0.3504
6895,756,823,34.181,30.499,0.0336,-0.0051,9.793,0.0437,-0.1965,0.4837
6900,752,817,34.212,30.426,0.1113,0.1071,9.8671,-0.2838,0.7734,0.0985
6905,747,816,34.143,30.46,0.0815,0.0082,9.8656,-0.0679,-0.4083,-0.711
6910,754,816,34.051,30.528,0.0723,0.1269,9.8421,-0.3218,0.2614,0.1504
6915,748,816,34.165,30.461,0.0484,0.0948,9.9076,-0.1554,0.4368,-0.6869
6920,752,816,34.205,30.468,0.0223,-0.0305,9.8436,-0.9136,-0.3764,-0.4043
6925,747,812,34.156,30.408,0.0301,0.0162,9.8212,0.3003,0.4019,-0.3108
6930,744,814,34.174,30.491,0.013,0.0042,9.81,-0.623,-0.7186,-0.6182
6935,750,807,34.172,30.508,-0.0491,-0.0155,9.7689,0.2778,0.2672,-0.0722
6940,761,811,34.19,30.465,-0.0533,-0.06,9.8407,0.3497,-0.0509,0.3733
6945,766,805,34.213,30.534,-0.0151,-0.0043,9.8768,-0.0464,-0.0909,-0.4887
6950,761,800,34.179,30.477,-0.0001,-0.0071,9.8509,0.7591,1.1038,0.5723
6955,771,799,34.157,30.651,0.0811,-0.0512,9.7692,-0.6914,-0.8483,0.4563
6960,785,796,34.173,30.455,0.0454,0.1044,9.8972,-0.1967,0.1582,-0.5706
6965,778,796,34.241,30.459,-0.0524,-0.0642,9.7723,-0.0398,-0.8785,-0.5425
6970,796,795,34.171,30.472,0.0325,-0.0212,9.8381,0.0453,-0.346,0.439
6975,802,787,34.121,30.538,0.1483,0.0003,9.8649,0.1151,0.6097,-0.4923
6980,812,783,34.166,30.46,0.0322,0.0708,9.831,0.1972,-0.0071,-0.0123
6985,808,780,34.18,30.503,-0.0512,-0.0109,9.8137,-0.4319,-0.0297,0.4988
6990,834,774,34.195,30.425,0.0155,0.0152,9.8632,-0.221,0.3756,0.1602
6995,840,775,34.043,30.523,-0.0502,0.0491,9.8533,0.2339,0.0461,0.0844
7000,855,775,34.12,30.48,-0.0665,0.0963,9.8499,0.0701,0.1277,0.4391
7005,863,765,34.093,30.433,-0.0177,-0.0387,9.7874,-0.8451,0.6416,-0.4109
7010,871,759,34.153,30.489,-0.0358,0.0473,9.8109,-0.496,-0.3923,0.2826
7015,891,759,34.085,30.513,-0.0278,0.0795,9.8195,-0.6604,-0.1035,-0.7295
7020,900,750,34.211,30.457,-0.0374,-0.1004,9.8116,-1.046,0.575,0.292
7025,915,750,34.178,30.541,-0.076,0.1045,9.9069,0.358,-0.579,0.3235
7030,926,742,34.078,30.429,-0.0151,-0.0237,9.8152,-0.5476,0.145,-0.8038
7035,942,740,34.231,30.417,-0.0726,-0.0161,9.7872,0.773,-0.3263,0.0812
7040,951,737,34.109,30.45,0.0271,-0.1587,9.7887,-0.2469,0.4436,-0.9332
7045,970,731,34.193,30.441,-0.0236,-0.0252,9.8053,0.8791,0.8328,1.3056
7050,988,733,34.166,30.48,-0.0635,0.0695,9.7578,0.1556,0.1753,-0.1863
7055,995,729,34.207,30.402,0.0095,-0.0446,9.7703,0.1029,-0.6157,0.3549
7060,1010,726,34.094,30.358,0.0683,-0.0907,9.8406,0.3103,-0.54,0.0432
7065,1017,724,34.086,30.414,0.0214,-0.0099,9.7957,0.1163,-0.0702,-0.0642
7070,1026,728,34.173,30.502,0.0781,-0.0611,9.7544,-0.3246,0.3089,0.1327
7075,1048,718,34.141,30.43,-0.0004,-0.0295,9.7976,0.8166,-0.3552,-0.7851
7080,1061,717,34.201,30.464,0.0453,-0.0478,9.7648,-0.576,-0.9314,0.5447
7085,1068,717,34.232,30.584,0.019,-0.0402,9.794,-0.5161,0.6169,-0.9814
7090,1077,717,34.266,30.411,0.0349,0.0493,9.7451,0.8343,0.4945,0.4317
7095,1092,718,34.141,30.499,-0.0277,0.0262,9.8289,0.8031,1.2872,-0.3325
7100,1106,709,34.195,30.471,0.0344,0.1147,9.8005,0.211,-0.5875,-0.9294
7105,1112,715,34.136,30.527,-0.0534,-0.0108,9.8343,-0.1603,0.0384,-0.3923
7110,1127,713,34.169,30.4,0.0233,0.0353,9.7144,-0.2886,-0.1328,-0.7311
7115,1138,716,34.22,30.472,-0.0235,-0.0009,9.7823,-0.0632,-0.2169,0.6039
7120,1144,710,34.189,30.427,0.0563,-0.019,9.8335,0.1208,-0.5082,0.1092
7125,1154,712,34.114,30.308,0.028,0.0219,9.8759,-0.4763,0.4874,0.8402
7130,1152,704,34.2,30.537,-0.0662,0.1144,9.8292,0.0546,0.85,-0.4634
7135,1169,708,34.23,30.526,-0.0288,-0.0307,9.7244,-0.1729,0.2781,-0.6585
7140,1171,707,34.187,30.391,0.055,0.0335,9.9096,0.4217,-0.2137,-0.3579
7145,1168,715,34.165,30.549,0.042,0.0318,9.8424,-0.8992,-0.1332,0.6244
7150,1176,717,34.125,30.456,0.0717,0.0753,9.7882,0.5041,0.0336,-0.4211
7155,1181,722,34.233,30.557,-0.0155,-0.0151,9.8346,0.0004,0.4206,0.2427
7160,1181,718,34.218,30.454,-0.0317,0.0247,9.7252,0.2974,0.1213,-0.6066
7165,1183,716,34.196,30.564,0.0738,-0.0776,9.7589,0.8175,0.1806,0.2108
7170,1181,723,34.151,30.485,0.0243,0.0896,9.8093,0.0363,0.1543,0.5591
7175,1190,731,34.221,30.497,-0.0036,0.0885,9.812,-0.4972,0.8592,0.1113
7180,1188,728,34.252,30.463,-0.0355,0.0424,9.833,-1.0595,-0.2537,-0.1945
7185,1190,739,34.09,30.417,0.0607,-0.0201,9.8334,-0.3247,0.7595,0.56
7190,1179,741,34.095,30.547,-0.1207,-0.0357,9.8083,-1.1484,-0.0738,-0.2446
7195,1184,745,34.163,30.469,0.0575,-0.0907,9.8321,-0.0843,0.8565,0.5466
7200,1184,745,34.183,30.532,-0.0361,-0.0441,9.8312,0.1656,1.7579,0.3135
7205,1182,754,34.119,30.453,0.0557,-0.0505,9.8465,0.5317,-0.3694,0.0071
7210,1178,755,34.16,30.475,0.038,-0.0211,9.8137,-0.2468,0.7212,-0.0894
7215,1191,760,34.158,30.488,0.0664,0.0484,9.7964,-0.3779,0.3201,1.0599
7220,1182,770,34.111,30.583,0.0093,0.017,9.7966,0.2157,-0.4193,-0.4599
7225,1171,770,34.082,30.469,0.0207,-0.0657,9.8315,0.0509,-0.5495,0.6972
7230,1171,772,34.118,30.435,-0.0111,0.0581,9.8394,0.7543,-0.0355,0.4116
7235,1173,781,34.152,30.453,-0.0265,0.0364,9.887,-1.0256,-0.249,-0.3279
7240,1168,788,34.099,30.439,0.0058,0.0186,9.7972,0.1337,0.6883,0.2697
7245,1161,789,34.153,30.504,-0.0246,0.0093,9.8257,-0.4204,-0.143,-0.8723
7250,1160,793,34.045,30.592,-0.0138,-0.0221,9.8146,-0.3385,-1.0747,-0.6457
7255,1149,798,34.196,30.526,0.0148,-0.0362,9.8266,0.0249,-0.4491,-0.2641
7260,1156,805,34.161,30.506,0.0661,-0.0417,9.8178,-0.3971,-0.2025,-0.2563
7265,1138,810,34.094,30.553,0.0755,-0.0042,9.8395,0.0676,0.6018,-0.202
7270,1146,813,34.162,30.451,-0.0285,-0.0045,9.7851,0.1927,-0.1795,-0.4949
7275,1135,815,34.168,30.539,-0.0552,0.1212,9.9459,-0.6956,0.415,-0.2344
7280,1127,821,34.245,30.485,0.0598,0.0627,9.8191,-0.4571,0.0988,-0.3409
7285,1124,827,34.117,30.382,0.037,0.009,9.7364,-0.0221,-1.6577,0.4044
7290,1126,833,34.115,30.455,-0.0243,0.042,9.7706,-0.439,0.2568,-0.0182
7295,1129,833,34.131,30.507,-0.044,0.0199,9.7221,0.5462,0.3693,-0.775
7300,1124,838,34.132,30.521,-0.0106,0.015,9.8077,0.3558,-0.1494,-0.682
7305,1112,840,34.153,30.39,0.0546,-0.0863,9.8505,-0.0319,-0.2396,-0.6116
7310,1114,850,34.091,30.422,0.0145,0.0037,9.7884,0.1627,0.3872,-0.5736
7315,1115,850,34.108,30.559,0.0531,-0.03,9.9319,-0.2459,-0.4012,0.1417
7320,1105,850,34.167,30.493,-0.0029,-0.0429,9.808,0.1076,0.2731,-0.1585
7325,1106,851,34.264,30.504,-0.0117,-0.0185,9.8417,0.4328,0.4434,0.4325
7330,1104,852,34.19,30.49,0.0184,0.0138,9.7994,0.3897,-0.1913,0.0756
7335,1108,856,34.189,30.505,0.1093,-0.0036,9.7845,0.2531,-0.2024,0.2771
7340,1087,856,34.203,30.449,0.0002,-0.0096,9.8136,-0.0339,0.6744,0.4061
7345,1094,866,34.161,30.483,-0.056,0.0543,9.8317,0.5722,0.3846,-0.1321
7350,1093,865,34.137,30.492,0.0104,-0.0367,9.8673,0.1483,0.1159,0.2187
7355,1089,861,34.144,30.555,0.0678,-0.0186,9.756,0.8625,0.4985,0.0809
7360,1083,864,34.181,30.453,0.1515,-0.0508,9.7424,-0.296,0.7171,0.0061
7365,1094,862,34.119,30.498,0.0313,-0.0866,9.8708,-0.2432,1.2145,0.5361
7370,1086,858,34.139,30.409,-0.0028,-0.0131,9.7613,1.0765,0.7955,0.1167
7375,1092,864,34.144,30.456,0.0862,0.0582,9.8413,-0.7451,-0.0668,-0.1948
7380,1065,862,34.127,30.543,0.0061,0.046,9.7151,-0.4588,-0.0442,-0.3957
7385,1081,865,34.151,30.493,-0.0035,-0.0215,9.7009,-0.165,0.2297,0.6302
7390,1073,871,34.145,30.461,0.0334,-0.0266,9.8953,-0.2733,0.4428,-0.7729
7395,1066,864,34.182,30.432,-0.0208,0.0073,9.7746,-0.6291,0.1223,0.1081
7400,1064,867,34.18,30.442,0.0012,-0.0213,9.8391,-0.9028,-0.3143,-0.2289
7405,1066,860,34.236,30.409,0.0108,0.0431,9.7191,-0.4687,0.2356,0.3949
7410,1064,866,34.153,30.506,-0.0477,-0.0338,9.8467,-0.4298,-0.6051,-0.1649
7415,1054,868,34.173,30.49,0.0654,-0.0452,9.8016,-1.1823,0.5481,-0.4239
7420,1048,859,34.227,30.595,-0.0311,0.017,9.834,-0.7511,-0.2185,0.0951
7425,1040,858,34.191,30.476,-0.0495,-0.1125,9.8625,0.6611,-0.3893,0.2158
7430,1041,853,34.144,30.542,0.0534,0.0058,9.8108,-0.432,0.1619,0.0191
7435,1038,860,34.138,30.472,-0.019,0.0411,9.7405,-0.0194,-0.0837,0.7154
7440,1024,857,34.092,30.442,-0.0229,0.05,9.8286,0.3617,-0.6239,0.3448
7445,1020,860,34.182,30.571,0.0875,-0.0366,9.8589,-0.1463,-0.0173,-0.3228
7450,1016,853,34.222,30.511,-0.0353,-0.0012,9.8017,0.3813,-0.2292,0.4483
7455,1010,847,34.096,30.542,0.0721,-0.0213,9.6829,0.7284,-0.3206,-0.9016
7460,1003,852,34.259,30.474,0.0028,0.0381,9.7751,-0.8997,-1.2833,0.42
7465,994,855,34.161,30.625,0.0654,0.0169,9.8304,-0.5199,0.0726,0.0482
7470,980,851,34.201,30.492,0.0154,0.0213,9.8385,-0.4638,-0.5713,-0.5077
7475,978,850,34.154,30.495,0.0476,0.0043,9.7818,0.1655,0.2167,0.2729
7480,964,843,34.181,30.49,0.1284,-0.0287,9.7578,-0.1721,-0.7411,-0.2922
7485,955,841,34.167,30.413,0.0382,-0.0741,9.7405,0.1129,0.1903,-0.4708
7490,953,845,34.143,30.475,-0.0029,-0.0187,9.7334,0.1081,-0.2969,-0.088
7495,940,843,34.254,30.517,0.037,-0.049,9.8352,-0.7551,0.0635,-0.3652
7500,927,841,34.102,30.535,-0.0093,0.0013,9.7713,-0.4095,0.4858,-0.1279
7505,920,841,34.166,30.484,0.0069,-0.0439,9.7189,-0.2604,-0.1809,0.598
7510,907,842,34.071,30.484,0.0604,-0.0254,9.8644,0.0957,-0.8864,-0.2862
7515,896,841,34.217,30.456,-0.0191,-0.0125,9.8533,0.3053,0.1751,0.1015
7520,889,838,34.209,30.499,-0.0065,-0.0049,9.8179,0.2071,-0.7666,0.0852
7525,873,837,34.187,30.479,-0.0204,-0.021,9.8754,0.6935,0.2485,-0.4495
7530,874,835,34.167,30.513,0.0328,-0.026,9.7584,-0.2083,0.479,1.4948
7535,854,834,34.19,30.51,0.0272,0.1402,9.7794,-0.5635,-0.7383,0.9129
7540,846,831,34.144,30.471,-0.0351,-0.0474,9.8555,-0.9658,-0.7706,0.9471
7545,842,832,34.232,30.485,-0.0629,-0.0104,9.8045,-0.3982,1.2525,-0.3248
7550,829,829,34.18,30.559,0.0384,-0.0573,9.7912,-1.0429,1.0799,-0.3719
7555,828,832,34.153,30.538,0.0678,0.0596,9.7379,0.798,-0.0521,0.6141
7560,803,837,34.124,30.527,0.049,0.0465,9.7723,0.1914,-0.382,-0.006
7565,797,828,34.195,30.455,0.0302,0.0926,9.8515,-0.3839,-0.2608,-0.3201
7570,806,827,34.188,30.437,0.1086,0.0073,9.7879,-0.2912,0.3941,-0.0106
7575,783,831,34.154,30.462,0.0353,-0.0835,9.8275,-1.0017,0.3948,0.1959
7580,785,827,34.141,30.463,-0.0398,-0.0276,9.8556,0.5984,0.086,0.1825
7585,784,825,34.149,30.464,-0.018,0.0037,9.7954,1.0089,-0.7821,0.2118
7590,770,827,34.243,30.514,-0.0036,-0.0224,9.8741,-0.2621,-0.0477,-0.5435
7595,765,826,34.151,30.511,-0.0526,0.0043,9.7207,-0.179,0.0019,-0.9032
7600,767,819,34.2,30.502,-0.0332,-0.0414,9.8157,0.6717,0.7751,-0.4812
7605,757,818,34.126,30.507,-0.0435,0.0161,9.8025,0.1889,0.3826,-0.7924
7610,753,821,34.106,30.528,-0.0605,0.0323,9.817,0.6222,-0.4546,-0.7252
7615,751,818,34.173,30.468,0.027,0.0787,9.9002,-0.4803,0.0154,0.5346
7620,740,819,34.17,30.547,0.0366,0.0224,9.8435,-0.2746,-0.3955,0.7201
7625,746,815,34.186,30.452,-0.0118,0.0301,9.7322,1.0122,-0.058,0.1505
7630,750,813,34.243,30.526,0.0238,0.0453,9.7256,-0.2765,-0.0698,-1.3853
7635,751,813,34.257,30.455,-0.1209,0.041,9.904,-0.8113,0.4803,-1.0918
7640,755,808,34.078,30.485,-0.0632,0.0365,9.9037,-0.0439,-0.3767,0.6234
7645,754,808,34.325,30.505,0.0276,0.0235,9.823,-0.4249,-0.0565,-0.0747
7650,748,805,34.254,30.56,-0.0407,0.0646,9.7807,1.5246,0.4467,-0.3617
7655,767,805,34.115,30.45,0.0082,-0.0185,9.9022,-0.2238,-0.3652,-0.2194
7660,766,798,34.154,30.474,-0.013,0.0629,9.8042,-0.5994,0.5596,-0.5545
7665,767,798,34.11,30.404,-0.0122,0.0031,9.8251,0.5163,0.7008,-0.4376
7670,783,798,34.162,30.573,-0.0272,0.0083,9.7966,-1.0503,-0.3618,0.1428
7675,789,789,34.165,30.439,0.0577,0.0208,9.8638,0.4496,0.4695,0.5186
7680,796,787,34.102,30.524,0.009,0.0732,9.752,-0.2816,0.2368,0.314
7685,809,776,34.13,30.566,-0.0028,0.0141,9.7999,0.3205,0.5479,0.0141
7690,816,782,34.126,30.459,0.0036,0.0324,9.7969,-0.1798,-1.258,-0.6595
7695,823,775,34.219,30.507,0.0217,-0.0439,9.7694,0.0029,0.3249,0.1507
7700,831,782,34.101,30.488,0.0384,0.0178,9.7011,0.0827,0.9713,-0.0516
7705,847,771,34.251,30.476,-0.0086,0.0332,9.737,-0.6018,-0.7566,0.1351
7710,856,770,34.192,30.494,0.018,0.0021,9.8231,0.5962,-0.442,-0.3819
7715,872,761,34.215,30.496,0.0269,0.0348,9.795,0.0026,0.0625,0.2843
7720,885,765,34.163,30.458,0.0435,0.0482,9.9191,-0.2678,-0.4237,0.4498
7725,899,758,34.061,30.512,0.0615,-0.0026,9.7907,-0.3743,-0.6647,0.0457
7730,911,758,34.13,30.494,0.0159,-0.0038,9.8015,0.3974,-0.4167,-0.6462
7735,922,748,34.169,30.519,-0.0068,-0.0128,9.7385,0.2535,-0.8511,-0.1966
7740,935,747,34.183,30.511,0.0433,-0.0051,9.8074,0.0691,0.6005,-0.0904
7745,945,742,34.236,30.487,-0.0462,0.055,9.8776,0.4675,0.2133,0.1152
7750,972,741,34.263,30.418,-0.044,-0.0735,9.8384,-0.4244,-0.2463,-0.088
7755,977,739,34.177,30.442,0.0274,0.0147,9.7894,-0.3064,-0.3845,-0.7002
7760,996,734,34.216,30.397,0.0695,-0.0115,9.7174,0.3979,0.1058,0.4891
7765,1003,733,34.114,30.42,-0.0722,0.0041,9.7311,-0.5458,-0.7039,0.1828
7770,1020,729,34.173,30.526,-0.0437,-0.0086,9.7182,0.9791,-0.1989,1.1507
7775,1032,726,34.234,30.471,0.005,0.0373,9.7668,-0.35,-0.4372,-1.1806
7780,1041,724,34.151,30.409,0.0994,0.0373,9.7695,0.6554,0.2902,-0.1036
7785,1061,723,34.191,30.451,-0.0162,-0.0253,9.7888,0.4087,0.8308,0.1491
7790,1065,719,34.156,30.492,0.0341,0.0422,9.9374,-0.4382,0.6897,0.2715
7795,1083,716,34.21,30.509,0.0609,-0.004,9.8043,-1.3324,0.1411,0.3373
7800,1093,716,34.163,30.5,0.0457,-0.0432,9.8167,0.1154,0.467,-1.024
7805,1092,719,34.101,30.543,-0.0234,-0.0106,9.8144,-0.0409,-0.0777,-0.4462
7810,1100,716,34.206,30.531,-0.0106,-0.0722,9.8649,0.4552,-0.8254,0.4795
7815,1123,707,34.143,30.454,-0.0112,-0.028,9.8127,0.6016,-0.8669,-0.102
7820,1128,718,34.147,30.484,0.0297,0.0184,9.7993,-0.387,-0.0664,-0.0362
7825,1141,711,34.195,30.397,-0.0419,-0.0723,9.8288,-0.0777,-0.0816,0.3518
7830,1148,710,34.183,30.473,-0.006,-0.0771,9.8534,-0.1956,0.4574,0.4453
7835,1153,712,34.089,30.581,-0.039,0.0552,9.8068,-0.4261,0.7682,0.2686
7840,1154,709,34.14,30.492,-0.0111,-0.0054,9.8227,0.013,0.1306,-0.7577
7845,1164,711,34.185,30.421,-0.0141,-0.0316,9.7548,0.396,0.8373,-0.2718
7850,1168,713,34.162,30.487,0.0629,-0.0162,9.7637,-0.0779,-0.1324,-0.0462
7855,1183,717,34.27,30.431,-0.0206,-0.0174,9.8679,0.4384,-0.2593,0.0771
7860,1182,713,34.122,30.453,0.0556,-0.093,9.8086,0.0664,0.3123,-0.0733
7865,1176,713,34.196,30.508,0.0174,-0.0018,9.79,-0.106,0.0852,0.1323
7870,1184,719,34.161,30.483,-0.0256,0.0032,9.7925,-0.4007,-0.2513,-0.7009
7875,1192,725,34.155,30.441,-0.0457,0.093,9.7729,-0.2676,-0.518,-0.3497
7880,1194,733,34.224,30.438,0.0668,0.0565,9.7949,-0.7279,-0.2492,-0.1734
7885,1186,728,34.198,30.486,-0.0176,0.0513,9.8612,0.3784,-0.2405,-0.1759
7890,1184,735,34.165,30.531,0.0089,0.0796,9.866,0.5781,0.2045,1.6466
7895,1198,732,34.21,30.458,0.0733,-0.0457,9.773,0.3835,0.7732,1.1589
7900,1183,740,34.257,30.455,0.0186,-0.0014,9.7681,0.3814,0.7595,-0.1944
7905,1188,749,34.071,30.565,-0.0515,0.0045,9.8611,-0.1275,-1.1857,0.5637
7910,1185,752,34.178,30.451,0.0353,-0.0309,9.796,0.5893,1.4041,-0.2287
7915,1185,752,34.152,30.475,-0.0245,0.0337,9.8116,-0.2704,0.7601,1.1603
7920,1182,761,34.177,30.502,-0.1386,0.0045,9.7723,0.8019,0.5285,-0.9613
7925,1178,762,34.166,30.486,0.0189,0.026,9.8825,0.0895,0.998,0.1139
7930,1178,768,34.264,30.472,0.0418,0.0459,9.8848,0.4596,0.1166,1.0243
7935,1167,768,34.113,30.578,-0.0801,-0.0302,9.8264,-0.0947,-0.4027,-0.5856
7940,1173,779,34.202,30.495,0.0295,0.0013,9.69,-0.7199,-0.6272,0.2561
7945,1175,783,34.195,30.518,-0.0162,0.0213,9.864,0.3273,-0.0678,-0.0101
7950,1165,787,34.175,30.431,0.0736,-0.011,9.7944,0.4017,-0.3001,0.3501
7955,1157,797,34.155,30.48,-0.0293,0.0103,9.8104,-0.0257,-0.7917,1.2224
7960,1152,794,34.173,30.467,-0.0415,0.0424,9.7629,-0.1104,0.3611,0.7846
7965,1154,799,34.088,30.472,0.0131,0.0638,9.8287,0.5285,0.1736,-0.1641
7970,1147,800,34.232,30.452,-0.1161,-0.0176,9.7244,-0.1666,-0.6159,-0.1563
7975,1140,807,34.134,30.437,0.039,-0.093,9.9435,-0.0314,0.1347,0.1691
7980,1136,813,34.029,30.46,-0.0172,-0.0319,9.7764,-0.1755,0.0755,-0.2957
7985,1142,816,34.137,30.502,-0.0439,0.1058,9.8765,0.1772,-0.1234,-0.1522
7990,1125,825,34.218,30.456,0.0285,0.0108,9.8649,0.4456,1.0335,0.5015
7995,1129,828,34.245,30.499,-0.039,0.0079,9.7379,-0.1015,-0.4413,0.1515
8000,1129,827,34.135,30.533,0.0244,0.1031,9.8401,-0.0604,-0.2319,-0.7348
8005,1125,835,34.151,30.511,0.0015,0.0821,9.7846,-1.1545,0.0401,-0.7643
8010,1119,838,34.139,30.511,-0.0217,0.0356,9.8775,0.1011,0.3998,0.2821
8015,1107,849,34.172,30.574,0.027,-0.0104,9.8197,-0.4428,-0.0136,-0.0596
8020,1118,846,34.247,30.467,0.0456,-0.0901,9.8966,-0.238,-0.5646,0.371
8025,1110,846,34.242,30.431,0.0371,0.0018,9.8622,0.3267,-0.1543,0.6202
8029,1116,847,34.177,30.488,-0.0108,-0.0082,9.8169,0.4296,0.5743,-0.4737
8035,1113,850,34.129,30.484,-0.0132,-0.0051,9.8639,0.6228,-0.2139,0.0428
8039,1097,853,34.138,30.471,-0.0164,-0.0355,9.7955,0.5811,0.1606,0.1541
8045,1103,859,34.134,30.586,-0.0024,-0.0328,9.7437,0.5731,-0.8183,0.1128
8050,1098,861,34.15,30.53,0.0156,0.0565,9.8742,0.3632,-0.0767,-0.6553
8055,1105,858,34.199,30.58,-0.0263,0.0704,9.8687,-0.0883,-0.0764,0.7968
8060,1093,867,34.256,30.496,-0.0302,0.0255,9.7969,-0.5169,-0.1606,-0.3221
8064,1087,859,34.26,30.448,-0.0089,0.0685,9.7679,-0.1178,-0.8315,0.0342
8070,1079,867,34.137,30.522,-0.0719,-0.0456,9.8292,-0.1067,0.1662,0.204
8074,1079,867,34.192,30.475,-0.0361,0.0753,9.7694,0.1515,0.1196,-0.0949
8080,1090,868,34.061,30.498,0.014,-0.0448,9.8513,0.7562,0.1327,-0.3409
8085,1073,864,34.248,30.48,0.0134,0.0183,9.8884,-0.3657,-0.1322,0.143
8090,1073,869,34.175,30.474,0.0368,0.0179,9.8577,0.0943,0.2472,-0.4562
8095,1067,866,34.182,30.469,0.0387,0.0669,9.7885,-0.2118,0.8263,-1.4346
8100,1065,864,34.209,30.529,-0.0198,-0.0536,9.8517,0.0348,0.5273,0.5135
8105,1068,870,34.186,30.566,-0.0094,-0.0059,9.8346,0.037,0.7182,-0.1329
8109,1058,865,34.261,30.479,-0.043,0.0693,9.8167,0.7342,0.0543,0.1929
8115,1055,864,34.141,30.507,-0.0257,0.0035,9.7525,-0.5471,0.2395,-0.0143
8119,1049,862,34.147,30.502,-0.0094,-0.0371,9.8733,0.2556,0.4617,-0.3144
8125,1048,859,34.151,30.515,-0.0229,0.0044,9.7386,0.0828,-0.7938,-0.2094
8130,1052,855,34.208,30.59,0.0467,0.0226,9.817,0.5336,-0.0794,-0.1812
8135,1042,863,34.178,30.545,0.0507,-0.0128,9.8593,0.2405,-0.0936,-0.1684
8140,1029,861,34.131,30.446,-0.0943,0.0199,9.7167,-1.3586,0.9206,1.139
8145,1028,855,34.129,30.617,-0.0584,0.026,9.8673,0.1326,0.0006,-0.1785
8150,1028,854,34.139,30.498,-0.0388,-0.0315,9.8351,-0.3217,0.6213,-1.7985
8154,1017,856,34.128,30.431,-0.0075,-0.0436,9.849,-0.4254,-0.4169,-0.5679
8160,1011,857,34.103,30.51,0.0556,0.0044,9.8373,0.02,-0.0005,-1.1918
8164,999,850,34.227,30.519,0.0033,0.0181,9.8378,0.4901,0.1644,-0.1642
8170,986,845,34.157,30.502,0.0305,0.0262,9.7306,-0.386,-0.2295,-0.3719
8175,978,849,34.14,30.431,0.0545,0.0291,9.9211,-0.8546,0.5053,0.2749
8180,980,844,34.217,30.501,-0.0226,0.0302,9.8257,1.0685,0.7905,0.359
8185,968,852,34.151,30.467,-0.0161,-0.026,9.7345,-0.6815,0.3811,-0.9867
8189,963,844,34.108,30.494,0.1128,0.0789,9.851,-0.4189,0.2642,-0.0067
8195,955,841,34.221,30.521,0.0002,0.0708,9.7656,0.2645,-0.1707,-0.39
8200,944,842,34.103,30.577,0.033,-0.0624,9.8232,-0.3378,-0.9408,-0.1075
8205,930,841,34.167,30.491,-0.0235,0.0303,9.8475,-0.6142,0.6091,0.6019
8210,929,840,34.086,30.493,-0.0594,0.038,9.8628,0.1279,0.1439,-0.696
8215,919,839,34.175,30.46,0.0393,0.0547,9.7239,0.5496,-0.1808,-0.3666
8220,897,839,34.255,30.443,0.0794,-0.0037,9.8362,0.2171,0.6274,-0.7882
8225,901,839,34.206,30.484,0.0016,0.0465,9.8359,0.0525,0.2289,-0.0686
8230,893,841,34.194,30.504,0.1068,0.1026,9.7119,0.2682,0.2782,-0.0181
8235,872,833,34.168,30.51,0.0255,-0.0665,9.7614,0.2835,0.25,-0.3618
8240,856,833,34.211,30.462,0.0034,0.079,9.8087,0.7701,-0.3004,0.5687
8245,843,839,34.156,30.444,-0.0738,-0.0408,9.8559,0.4839,0.6718,-0.0273
8250,841,832,34.21,30.417,0.1177,-0.0292,9.8434,-0.8102,-0.2951,-0.6374
8255,829,829,34.199,30.473,-0.096,0.084,9.791,-0.446,0.4815,0.6826
8260,827,829,34.049,30.386,-0.0795,-0.0108,9.8168,-0.0346,-0.3365,0.3682
8265,813,827,34.163,30.456,0.0097,0.0425,9.7721,-0.2267,0.0602,0.5217
8270,804,829,34.123,30.374,-0.0452,0.0235,9.8003,0.3574,-1.2023,-0.1423
8275,807,834,34.126,30.474,-0.0434,-0.0537,9.8007,0.9963,1.1421,-0.0634
8280,786,833,34.18,30.496,0.0125,-0.0032,9.8426,0.4,-0.4307,-0.6425
8285,791,831,34.152,30.498,-0.0014,-0.0481,9.7512,-0.199,-0.355,0.1023
8290,779,828,34.177,30.491,-0.0196,0.0179,9.8005,-0.1229,0.2402,-0.9941
8295,766,824,34.281,30.427,-0.0022,0.0098,9.8174,0.1721,0.1272,0.3781
8300,764,823,34.242,30.42,-0.0058,0.0678,9.8116,0.0171,-0.2949,1.2922
8305,757,820,34.154,30.464,0.0366,0.0711,9.7319,-0.1897,-0.5567,0.0168
8310,750,824,34.094,30.488,0.0275,0.0543,9.8487,-0.0175,-0.3633,-0.5064
8315,753,822,34.16,30.478,-0.0662,0.0494,9.8602,0.0888,-0.5299,0.3981
8320,749,818,34.242,30.536,-0.0299,-0.0354,9.7952,-0.671,-0.0944,0.4302
8325,743,816,34.148,30.536,-0.0082,-0.0758,9.785,0.16,-0.2204,-0.2914
8330,745,816,34.171,30.472,-0.0875,0.0272,9.7898,0.1051,-0.9898,1.2495
8335,750,814,34.243,30.429,-0.0578,0.0142,9.7391,0.5251,0.4802,0.0668
8340,750,811,34.147,30.489,0.0122,0.0167,9.8077,0.3637,0.5053,0.0717
8345,752,810,34.158,30.596,0.0486,0.1141,9.8079,-0.7888,0.6039,-0.1863
8350,749,811,34.191,30.431,-0.1368,-0.0214,9.7508,0.4184,-0.6387,-0.1458
8355,755,805,34.16,30.496,-0.0001,-0.009,9.8042,-0.151,0.3173,0.9115
8360,756,801,34.18,30.467,-0.009,0.0086,9.8738,0.7098,0.0532,-0.205
8365,768,804,34.245,30.536,-0.0537,0.0469,9.8465,0.3978,0.1187,1.581
8370,773,802,34.179,30.515,-0.0301,0.009,9.7851,-0.4246,-0.2206,-0.7368
8375,770,795,34.225,30.569,-0.1058,-0.1034,9.8324,-0.2747,-0.2702,0.5602
8380,786,790,34.244,30.537,0.1001,-0.0049,9.8652,-0.0665,-0.6739,-0.5418
8385,794,788,34.222,30.492,-0.0505,-0.012,9.8747,-0.0629,0.2068,0.2906
8390,798,789,34.165,30.562,-0.0169,0.0349,9.7584,-0.2132,0.1702,0.4099
8395,817,785,34.081,30.485,0.0238,-0.0526,9.7765,-0.1192,0.0323,0.098
8400,824,777,34.185,30.394,-0.0304,0.0173,9.8412,-0.4163,0.8822,0.4032
8405,823,773,34.189,30.545,0.0324,-0.0394,9.8873,-0.4953,-0.8303,-0.4777
8410,837,769,34.151,30.425,0.0033,0.0096,9.7834,-0.1593,1.0388,-0.4259
8415,843,768,34.177,30.509,0.029,0.0338,9.8098,-0.4023,0.1171,0.7906
8420,869,763,34.202,30.536,-0.0176,-0.0678,9.76,-0.3397,0.049,0.1838
8425,879,759,34.136,30.467,0.0139,0.0102,9.7491,-0.244,-0.2299,-0.931
8430,891,760,34.202,30.502,-0.0044,-0.0937,9.7714,0.2546,0.0107,-0.4662
8435,906,760,34.158,30.452,0.0218,-0.0328,9.8758,-0.4068,-1.0619,-0.2394
8440,923,759,34.171,30.467,0.023,0.0135,9.8135,-1.0733,-0.9588,-0.3487
8445,928,751,34.168,30.523,-0.0412,0.0395,9.8281,0.4955,-0.9073,0.4973
8450,938,743,34.088,30.488,0.0029,0.024,9.9112,-0.2703,0.2174,0.9457
8455,951,746,34.193,30.561,-0.0111,-0.0484,9.7419,0.0169,0.1247,-0.2912
8460,966,734,34.209,30.609,0.0274,0.084,9.8219,-0.1576,-0.6183,-0.5638
8465,981,737,34.152,30.439,-0.0031,-0.0871,9.8938,0.1543,0.822,0.2223
8470,1001,731,34.165,30.543,0.0584,-0.037,9.7629,0.1201,-0.1622,0.4942
8475,1009,722,34.117,30.505,0.0283,0.0115,9.8135,0.0418,-0.0568,-0.2487
8480,1028,728,34.164,30.467,0.0252,0.0128,9.816,-0.2712,-0.1617,-0.2636
8485,1029,723,34.273,30.471,-0.0282,-0.0349,9.8116,-0.5325,-0.0311,-0.7586
8490,1049,711,34.152,30.477,0.073,0.0102,9.8256,0.5591,-0.6107,-0.0629
8495,1064,722,34.234,30.488,0.0055,0.0559,9.793,-1.083,0.3744,0.4071
8500,1072,721,34.144,30.533,0.0503,-0.0424,9.811,0.3851,-0.2699,0.0976
8505,1081,716,34.231,30.357,-0.0177,-0.0247,9.8741,0.1725,0.5702,-0.5132
8510,1100,710,34.237,30.539,-0.018,-0.0374,9.7548,-1.1237,0.486,-0.0745
8515,1107,715,34.177,30.43,0.0208,0.0038,9.7898,-1.497,-0.5331,-0.7237
8520,1117,713,34.204,30.479,0.043,-0.002,9.754,0.0836,-0.9995,-0.0103
8525,1127,713,34.177,30.568,0.0265,0.126,9.9518,0.4092,-0.228,0.0582
8530,1126,710,34.141,30.523,-0.0017,0.0048,9.7858,0.0283,0.2508,-0.3715
8535,1145,711,34.172,30.5,0.127,-0.0435,9.8376,0.5806,-0.118,-0.1424
8540,1144,709,34.155,30.482,-0.0466,0.0292,9.8158,0.6194,-0.0062,0.0299
8545,1154,710,34.172,30.595,-0.0875,0.0467,9.7756,-0.3111,0.9035,0.4411
8550,1161,712,34.222,30.555,-0.0555,0.0117,9.8156,-0.3485,0.7419,0.6025
8555,1170,711,34.226,30.416,0.0012,0.0214,9.7834,-0.7282,-0.3773,-0.3235
8560,1175,717,34.182,30.463,0.0625,-0.0137,9.8047,-0.3117,-0.854,-0.0737
8565,1172,716,34.232,30.476,0.0662,-0.0419,9.801,0.5386,0.0062,0.8062
8570,1185,720,34.157,30.44,0.0325,0.0067,9.8896,0.8029,1.2379,-1.0399
8575,1185,723,34.154,30.478,0.0264,-0.0025,9.8181,0.6945,0.0215,0.324
8580,1188,725,34.224,30.446,-0.0076,-0.0161,9.7814,0.1853,0.0754,0.4735
8585,1186,723,34.154,30.554,-0.062,0.0378,9.8428,-0.38,0.4693,-0.171
8590,1193,731,34.192,30.467,-0.0739,-0.0808,9.7394,0.1149,0.4101,0.1391
8595,1185,734,34.133,30.482,0.0774,-0.0112,9.8798,-0.1528,0.5134,-0.0564
8600,1191,736,34.177,30.473,-0.0528,-0.0501,9.8675,1.2378,0.2052,0.7865
8605,1193,742,34.199,30.454,0.0073,0.0405,9.8378,0.2249,-0.1002,-0.4167
8610,1183,746,34.182,30.575,0.0296,0.0186,9.8094,-0.8077,0.398,0.5079
8615,1178,745,34.078,30.45,-0.0057,0.0353,9.7776,-0.7995,0.5031,0.2706
8620,1182,754,34.235,30.4,0.0846,0.0062,9.9205,0.1118,-0.2185,0.1537
8625,1178,757,34.168,30.516,0.0384,0.1245,9.8127,0.2874,-0.0344,0.0932
8630,1190,757,34.224,30.562,-0.0594,0.0456,9.9203,-0.0046,0.5282,0.8564
8635,1179,767,34.162,30.504,0.0547,-0.0452,9.93,-0.4244,-0.3262,-0.2332
8640,1174,767,34.212,30.508,-0.0449,0.0337,9.8039,-0.6089,0.4131,-0.3147
8645,1169,782,34.274,30.539,-0.0211,0.0069,9.7626,-0.0193,-0.8758,0.0021
8650,1158,777,34.221,30.468,0.007,-0.0309,9.7402,0.276,-0.3879,0.2353
8655,1163,785,34.183,30.503,0.0493,0.0068,9.8194,-0.3022,-0.1135,1.0746
8660,1152,789,34.295,30.433,0.0271,0.0049,9.7784,1.2019,0.2303,0.4669
8665,1160,793,34.129,30.51,0.085,0.0472,9.8299,-0.4645,0.6525,-0.0149
8670,1154,798,34.103,30.508,0.1252,-0.0841,9.7568,-0.6416,-0.0945,-0.5112
8675,1142,805,34.182,30.443,-0.0193,0.011,9.7861,-0.1956,0.5537,0.3312
8680,1147,809,34.246,30.559,0.003,0.0084,9.7604,-0.4023,-0.5357,-0.659
8685,1139,814,34.139,30.499,-0.0382,0.0919,9.7868,-0.3946,0.8603,-0.4816
8690,1139,816,34.143,30.429,0.0038,0.1073,9.7427,0.5492,-0.5952,0.1911
8695,1136,823,34.116,30.574,-0.0855,0.0431,9.8688,0.3209,0.2446,0.6812
8700,1135,826,34.238,30.446,-0.0047,-0.0571,9.807,0.1853,-0.5328,0.6324
8705,1120,827,34.202,30.449,-0.0231,0.0931,9.8075,0.3713,0.5599,0.4815
8710,1119,835,34.093,30.494,0.0,0.0639,9.8956,-0.576,0.5993,0.2151
8715,1121,839,34.168,30.485,-0.0006,0.0345,9.7214,0.7905,-1.2976,-0.2967
8720,1116,842,34.171,30.551,-0.0505,-0.0401,9.833,-0.0179,-0.5092,0.3206
8725,1101,842,34.161,30.574,0.0151,-0.0056,9.8417,0.1674,-0.0292,-0.5198
8730,1112,850,34.111,30.535,-0.0338,-0.0405,9.8422,0.393,0.1974,0.364
8735,1112,851,34.251,30.571,-0.053,-0.0424,9.7589,0.4526,0.0126,0.4908
8740,1102,853,34.219,30.498,0.0135,-0.0517,9.7685,0.1348,0.5361,0.0934
8745,1107,855,34.193,30.437,-0.0156,0.0352,9.7625,-0.3156,-0.2408,-0.4406
8750,1098,855,34.177,30.473,-0.0456,0.0093,9.804,-0.4898,0.8218,0.0241
8755,1096,860,34.175,30.484,-0.0309,-0.0658,9.8363,0.3694,0.703,0.4421
8760,1094,856,34.158,30.536,-0.0736,-0.0058,9.7694,-0.1062,-0.4763,0.0556
8765,1090,862,34.157,30.424,-0.0046,-0.029,9.7583,-0.5692,0.3114,0.2734
8770,1094,861,34.171,30.5,-0.0223,-0.0069,9.8385,-0.3895,-0.5488,0.6416
8775,1086,859,34.234,30.483,0.0954,-0.0434,9.7621,-0.3433,-0.7836,0.0146
8780,1085,863,34.21,30.451,0.0435,0.1364,9.7657,-0.6307,0.0251,-0.515
8785,1082,863,34.262,30.588,-0.0233,0.0639,9.847,-0.5808,0.565,-0.0281
8790,1087,867,34.143,30.514,-0.0623,0.0651,9.868,0.0553,0.3187,-0.3852
8795,1078,863,34.088,30.5,-0.0382,0.0155,9.855,-0.6474,-0.5877,0.2472
8800,1080,864,34.11,30.544,-0.0076,-0.0534,9.7499,0.3204,0.6056,0.1144
8805,1081,860,34.137,30.583,0.0276,-0.0454,9.7266,0.5712,0.3401,-0.6893
8810,1073,864,34.19,30.48,0.0956,-0.0834,9.8475,0.4744,-0.3207,-0.7831
8815,1069,871,34.208,30.48,0.0874,0.0372,9.8145,1.0967,0.4265,-0.5733
8820,1059,861,34.135,30.447,0.0139,0.0516,9.8249,-0.4508,0.5228,-0.2591
8825,1060,862,34.307,30.576,-0.0141,0.022,9.8836,-0.0403,0.1294,0.2842
8830,1053,860,34.246,30.54,-0.0188,0.0643,9.7526,0.2805,-0.3584,-0.1763
8835,1047,865,34.169,30.531,-0.0399,-0.0195,9.7755,-0.1879,0.5209,0.315
8840,1045,858,34.218,30.5,0.0197,-0.0256,9.8127,-0.2929,0.1011,-0.3766
8845,1040,861,34.237,30.425,-0.0437,-0.0465,9.7459,0.2774,0.0939,-0.3865
8850,1038,855,34.15,30.534,-0.0533,-0.0585,9.7786,0.1318,-0.4472,0.2219
8855,1036,855,34.307,30.46,-0.0006,-0.0062,9.8408,-0.5057,-0.7789,0.3298
8860,1022,855,34.116,30.559,-0.0718,-0.0192,9.7634,-0.9263,0.0902,-0.2719
8865,1019,851,34.19,30.503,-0.0749,0.039,9.7586,0.3502,0.2033,0.5248
8870,1012,857,34.184,30.574,-0.0186,-0.0377,9.7919,-0.2708,-0.3966,0.0807
8875,997,850,34.162,30.529,-0.1141,-0.0091,9.8318,-0.2116,-0.5703,0.4647
8880,990,850,34.157,30.542,0.0325,-0.0511,9.7892,-0.5801,-0.4958,-0.7217
8885,986,854,34.255,30.405,0.0079,0.0098,9.868,-0.5463,-0.8255,0.9786
8890,970,852,34.243,30.423,0.0149,-0.0605,9.7532,-0.1385,0.1757,-0.323
8895,965,846,34.244,30.473,-0.0431,-0.0878,9.7819,0.836,-0.0663,-0.0341
8900,949,847,34.142,30.504,-0.0112,-0.093,9.795,-0.2402,-0.2232,-0.5469
8905,949,843,34.123,30.535,-0.0162,-0.0287,9.863,-0.84,-0.6308,0.1182
8910,934,844,34.101,30.569,-0.0633,-0.0682,9.8809,-0.0893,0.2816,0.6114
8915,929,840,34.177,30.505,-0.0123,-0.0123,9.7488,-0.2534,0.1516,0.5755
8920,916,837,34.165,30.486,0.0079,-0.0274,9.8148,0.2546,-0.4334,-0.045
8925,905,835,34.154,30.525,-0.0157,-0.0336,9.8075,-0.0122,-0.2458,0.7509
8930,891,842,34.165,30.471,0.0497,0.0055,9.865,-0.2405,0.4759,0.2962
8935,890,834,34.126,30.451,0.0316,-0.0005,9.7316,0.2339,-0.0723,0.3919
8940,878,831,34.13,30.532,0.0565,0.0405,9.7917,-0.6385,-0.407,-0.5803
8945,875,836,34.205,30.516,-0.03,-0.0004,9.8187,0.0537,-0.6609,0.3304
8950,859,833,34.193,30.504,0.0287,-0.0556,9.8339,-0.4367,0.1485,-0.0064
8955,847,833,34.157,30.455,0.062,-0.0316,9.8877,0.7952,0.3671,-0.6657
8960,848,836,34.193,30.411,-0.0311,-0.0531,9.9158,-0.2812,-0.0696,-0.9489
8965,826,832,34.122,30.588,-0.03,0.0654,9.8054,0.3748,0.21,-0.1545
8970,826,833,34.183,30.463,0.0287,-0.0844,9.7427,-0.9587,0.3369,-0.2028
8975,809,830,34.208,30.477,0.0596,-0.0127,9.8359,-0.1797,-0.3875,-0.1404
8980,809,833,34.137,30.442,-0.0457,0.01,9.8728,-0.3462,-0.1088,-0.3074
8985,804,832,34.217,30.485,-0.0234,-0.052,9.7953,0.3961,0.0635,-0.5162
8990,793,831,34.178,30.47,0.0481,0.1008,9.7926,-0.2015,0.5323,-0.1395
8995,783,830,34.199,30.399,0.0065,-0.0077,9.8259,0.0705,-0.5925,-0.2586
9000,774,825,34.231,30.478,-0.0974,-0.0639,9.8834,0.1645,0.0631,-0.5085
9005,763,822,34.249,30.488,0.0604,-0.0326,9.8856,0.1811,-0.8755,0.3661
9010,761,826,34.174,30.557,0.096,-0.0274,9.8157,0.353,-0.5601,-0.1296
9015,758,824,34.193,30.491,-0.0282,-0.024,9.8201,0.717,0.285,0.3926
9020,753,818,34.201,30.483,-0.0359,0.0828,9.8177,-0.3747,-0.0683,-0.1856
9025,744,819,34.136,30.435,-0.0838,-0.0699,9.7555,0.0111,-0.0346,-0.1225
9030,750,816,34.143,30.379,-0.0767,0.0086,9.877,-0.1489,-0.2207,0.3076
9035,751,819,34.185,30.446,-0.0501,0.0741,9.7165,1.3193,0.1593,0.7312
9040,736,814,34.117,30.585,0.0498,-0.0147,9.714,0.1024,-0.8831,0.1857
9045,752,809,34.219,30.559,0.0797,0.0489,9.8273,-0.077,-0.1402,0.1369
9050,747,811,34.134,30.444,0.0193,-0.0456,9.9604,-1.258,-0.7849,0.8213
9055,751,810,34.226,30.494,-0.1637,0.0114,9.7926,-1.1854,-0.1299,-0.6159
9060,754,810,34.217,30.444,-0.0416,0.0755,9.9021,0.3504,0.425,-0.0464
9065,760,803,34.187,30.494,-0.0183,-0.0966,9.8013,0.3859,0.5245,-0.3237
9070,773,802,34.173,30.499,-0.08,-0.034,9.811,0.8399,0.1716,-0.0027
9075,769,801,34.138,30.539,0.0512,0.0187,9.8088,0.1982,-0.3226,0.7353
9080,774,800,34.102,30.463,-0.0059,0.0382,9.8201,-0.133,0.7671,-0.8083
9085,781,788,34.206,30.508,0.0924,-0.064,9.6555,-0.8767,0.1262,0.5079
9090,775,792,34.25,30.49,-0.0204,-0.0518,9.8523,1.172,0.1014,0.6542
9095,795,784,34.079,30.526,0.1085,0.0365,9.8896,-0.1139,0.2967,-0.316
9100,808,787,34.171,30.516,-0.0779,0.0016,9.8132,0.554,-0.5734,0.0197
9105,803,785,34.15,30.45,0.0094,0.0041,9.7529,-1.0397,0.7944,0.6541
9110,821,779,34.211,30.499,-0.0658,-0.035,9.8122,0.0787,-0.5541,0.4868
9115,834,776,34.187,30.54,-0.0041,0.0261,9.8624,0.3748,-0.1833,-0.2508
9120,845,773,34.151,30.5,-0.0737,-0.0309,9.7578,0.9439,0.0712,0.3821
9125,860,770,34.229,30.587,-0.0378,-0.0056,9.7363,-0.0491,-0.1449,0.2015
9130,861,766,34.241,30.394,0.1136,-0.0193,9.8123,-0.3267,0.6043,1.3639
9135,886,764,34.192,30.434,-0.0546,0.0666,9.8762,0.0898,-0.08,-0.4196
9140,902,758,34.082,30.428,0.0754,-0.0303,9.7751,-0.8895,-0.6427,-0.0017
9145,914,751,34.184,30.482,0.0262,-0.0441,9.8123,0.5759,0.0174,0.3124
9150,928,749,34.173,30.48,-0.0383,0.0292,9.8032,-0.5872,-0.7817,-0.3063
9155,950,746,34.17,30.547,0.0039,-0.0189,9.7383,-0.4225,-0.1863,0.1424
9160,951,740,34.171,30.593,0.0126,-0.0355,9.8213,-0.5335,0.9756,-0.1462
9165,971,742,34.151,30.506,0.0181,-0.0339,9.7298,-0.4441,-0.0092,-0.3552
9170,970,738,34.016,30.524,-0.0489,0.0517,9.8533,0.2642,-0.1222,0.3362
9175,993,731,34.196,30.46,0.0404,0.0044,9.7213,0.7196,0.2837,0.4161
9180,1004,732,34.138,30.552,-0.0751,-0.0592,9.8697,0.8161,-0.2521,-0.3213
9185,1022,729,34.247,30.501,-0.0463,-0.0227,9.7724,0.1654,0.0999,-0.5152
9190,1029,723,34.246,30.565,-0.0571,-0.036,9.7356,-0.5725,0.0749,-0.026
9195,1051,725,34.128,30.543,0.0647,0.0066,9.8462,-0.24,-0.3643,-1.5603
9200,1058,718,34.159,30.498,0.0416,-0.0691,9.7712,0.251,-0.3643,-0.3726
9205,1060,720,34.216,30.495,-0.0366,-0.0273,9.8086,-0.1588,0.7153,0.3418
9210,1075,716,34.121,30.498,0.0066,-0.0707,9.8161,0.251,-0.6028,0.3215
9215,1091,712,34.105,30.548,0.0066,-0.041,9.7889,0.0658,0.264,-0.1113
9220,1092,715,34.203,30.493,-0.0268,-0.0141,9.7487,0.701,-0.173,-1.2099
9225,1106,710,34.197,30.504,-0.0109,0.0206,9.8059,-0.1884,-0.3249,0.877
9230,1116,709,34.123,30.507,0.012,0.0263,9.8049,-0.169,0.7144,0.0899
9235,1134,711,34.213,30.434,0.0912,0.0192,9.913,0.518,0.1,0.0929
9240,1130,710,34.274,30.474,-0.0116,0.0471,9.7169,-0.2133,-0.7357,0.1325
9245,1149,709,34.22,30.522,-0.0173,-0.0251,9.8092,0.9163,-0.257,-0.9054
9250,1156,714,34.257,30.582,0.0525,0.0178,9.9099,0.2684,0.2768,-0.1192
9255,1167,713,34.242,30.558,-0.0322,-0.0385,9.8667,0.0724,0.4476,0.3986
9260,1157,711,34.085,30.6,0.0641,-0.0593,9.805,0.0936,-0.1419,0.3375
9265,1177,712,34.153,30.508,0.0238,-0.0585,9.8504,0.2006,0.1544,0.5291
9270,1179,714,34.167,30.593,-0.0022,0.0346,9.8154,-0.0871,0.204,-0.0483
9275,1187,719,34.254,30.536,0.0029,0.0114,9.77,0.0991,-0.1947,0.4631
9280,1182,721,34.185,30.578,0.0069,0.0007,9.73,0.0337,-0.1528,0.2049
9285,1179,725,34.152,30.496,-0.0668,0.0022,9.8371,0.4746,-0.4201,-0.6754
9290,1195,728,34.236,30.505,0.0297,0.0198,9.8342,0.0574,0.0772,0.0138
9295,1185,730,34.17,30.442,0.0758,0.0607,9.8036,-0.0862,-0.5142,0.3632
9300,1195,730,34.139,30.482,0.0548,0.0022,9.7931,0.041,-0.5316,0.1938
9305,1185,733,34.132,30.474,-0.0448,0.0764,9.8525,0.4197,-0.5144,0.3773
9310,1190,737,34.077,30.568,-0.002,0.0455,9.8673,0.181,0.0154,-0.6586
9315,1193,743,34.201,30.547,-0.0124,-0.0283,9.789,-0.0201,0.2712,-0.0983
9320,1186,750,34.117,30.519,-0.0529,-0.037,9.7242,0.7044,0.7933,-0.2451
9325,1182,750,34.174,30.458,-0.002,0.0945,9.8504,0.9886,-0.4948,-0.046
9330,1181,755,34.125,30.49,0.0031,-0.011,9.7047,-1.2113,-0.1608,-0.7798
9335,1170,758,34.258,30.42,-0.0689,0.0979,9.7669,-0.0798,0.2232,-0.1768
9340,1183,765,34.164,30.498,0.0413,0.011,9.864,-0.272,-1.0215,0.0266
9345,1174,771,34.103,30.459,0.0628,-0.0404,9.7731,0.396,-0.2997,-0.2512
9350,1166,773,34.188,30.44,-0.0148,-0.04,9.8,0.3037,0.1673,-0.0078
9355,1163,779,34.146,30.524,0.0248,-0.1068,9.7757,0.0702,-0.1173,-0.3737
9360,1153,783,34.172,30.523,0.0484,0.0294,9.759,0.5078,-0.5249,0.0089
9365,1168,793,34.22,30.443,-0.0358,-0.0055,9.8615,0.2041,-0.2043,-0.0167
9370,1150,791,34.228,30.432,-0.0004,-0.0069,9.7849,0.1067,-0.2286,0.5313
9375,1160,793,34.221,30.478,0.0334,-0.0908,9.7643,-0.2274,-0.1582,-0.9957
9380,1145,800,34.224,30.502,0.0205,0.0931,9.7795,-0.0364,-0.1577,-0.3255
9385,1146,804,34.117,30.486,0.0208,0.054,9.768,0.0598,0.0602,0.5847
9390,1143,810,34.182,30.53,-0.0241,0.0459,9.9196,-0.3706,0.1886,0.3677
9395,1144,814,34.197,30.508,0.0569,0.0001,9.8507,0.435,0.1878,0.2892
9400,1138,820,34.121,30.491,0.0692,-0.0587,9.8359,-0.2445,0.2332,0.1518
9405,1135,826,34.24,30.475,0.0651,0.0375,9.8557,0.2195,-0.0971,-0.8143
9410,1131,828,34.153,30.502,-0.0031,0.0099,9.7392,0.1299,-0.4372,0.3456
9415,1125,829,34.177,30.47,-0.0502,-0.0323,9.7676,-0.1873,0.5,-0.3618
9420,1125,838,34.331,30.551,-0.0305,0.0192,9.8245,1.0769,-0.0596,0.5383
9425,1119,835,34.17,30.5,0.0236,0.0083,9.7491,0.3518,0.1303,0.063
9430,1122,844,34.183,30.481,0.0716,0.0008,9.8028,0.23,-0.2461,0.5519
9435,1108,847,34.293,30.474,-0.0756,-0.0771,9.766,-0.2132,-0.5883,0.4549
9440,1105,848,34.121,30.508,0.0517,-0.0073,9.8612,0.7641,0.3403,0.9951
9445,1100,848,34.261,30.539,0.0149,0.0037,9.8079,-0.413,-0.8391,0.5772
9450,1101,853,34.174,30.479,-0.0284,-0.0289,9.9252,-0.444,1.1164,-0.0944
9455,1103,852,34.161,30.462,0.0587,-0.0161,9.8695,-0.8019,0.5975,-0.9489
9460,1097,861,34.125,30.507,-0.0508,-0.014,9.7901,-1.1889,0.1951,0.0266
9465,1089,857,34.213,30.392,0.0404,0.0363,9.8094,-0.1489,0.4735,-0.882
9470,1097,863,34.165,30.506,0.0951,0.005,9.7698,-0.7268,-0.2456,0.5821
9475,1089,865,34.076,30.554,0.0039,-0.0842,9.8403,0.3952,0.2658,0.1472
9480,1096,865,34.224,30.445,0.02,-0.0365,9.9267,-0.3047,0.2056,-0.0235
9485,1084,867,34.207,30.453,0.002,0.0374,9.8102,-0.6195,0.2284,-0.5633
9490,1077,865,34.232,30.476,0.0021,-0.0004,9.8035,-0.056,0.9679,-0.5572
9495,1084,874,34.188,30.588,-0.0342,0.0402,9.789,-1.1028,-0.4132,-0.8085
9500,1082,863,34.108,30.503,-0.0802,0.017,9.7642,-0.2226,-0.7376,0.1909
9505,1077,869,34.122,30.569,-0.0356,0.0278,9.7843,0.6695,0.9453,-0.0511
9510,1073,865,34.229,30.579,0.0281,0.0019,9.7755,0.2132,-0.7305,-0.1724
9515,1074,866,34.208,30.429,-0.1008,-0.0785,9.8717,0.1064,-0.3509,-0.15
9520,1069,864,34.118,30.546,-0.0091,-0.042,9.8145,0.198,-0.0132,-0.3462
9525,1074,864,34.222,30.518,0.0602,0.0144,9.7903,0.1765,-0.3471,-0.0471
9530,1056,866,34.177,30.519,0.0449,-0.0552,9.7658,-0.3274,-0.8164,-1.08
9535,1057,863,34.175,30.489,0.0915,-0.0408,9.7907,-0.886,0.2275,0.2661
9540,1056,862,34.124,30.529,-0.1174,-0.0974,9.7887,-0.2369,-0.286,-0.0178
9545,1045,865,34.166,30.464,0.0471,-0.0112,9.8712,-0.1372,-0.5567,0.4375
9550,1051,857,34.25,30.445,-0.0103,-0.0008,9.8289,0.4522,0.4656,-0.3231
9555,1039,859,34.158,30.52,0.047,-0.0886,9.8244,-0.4982,0.8414,0.0333
9560,1030,856,34.238,30.561,0.0301,-0.088,9.7195,0.0832,-0.1549,0.3534
9565,1017,855,34.188,30.541,0.028,0.0131,9.7664,0.5215,0.2988,0.485
9570,1011,852,34.166,30.406,0.0006,0.0125,9.8424,0.1181,0.4957,-0.4952
9575,1013,858,34.213,30.461,-0.0772,-0.1198,9.7406,-0.4619,-0.7019,-0.4381
9580,1005,849,34.23,30.486,0.0063,-0.0626,9.8652,-0.0576,0.2569,1.1359
9585,1000,853,34.132,30.467,0.0019,0.0146,9.7363,0.1026,-1.6664,0.4056
9590,975,845,34.195,30.54,0.0306,-0.0457,9.7809,-0.1325,-0.4781,0.412
9595,975,848,34.175,30.539,-0.07,0.0346,9.8332,0.2226,0.6102,0.5457
9600,974,845,34.154,30.545,-0.0721,0.0158,9.8534,0.1133,0.371,0.926
9605,956,842,34.234,30.504,-0.0622,-0.0195,9.8479,-0.114,-0.0107,-0.7749
9610,952,845,34.179,30.504,-0.0278,-0.0156,9.8585,-0.0932,-0.9224,-0.3322
9615,943,847,34.152,30.464,0.0144,-0.0192,9.8963,-0.4806,-0.5171,0.3598
9620,934,845,34.213,30.475,-0.0075,-0.0085,9.8506,0.3295,-0.75,0.2406
9625,934,841,34.183,30.484,0.0213,0.0921,9.8191,0.6816,-0.4365,1.0257
9630,902,837,34.193,30.521,0.1256,0.0134,9.8763,0.5272,-0.2826,0.4961
9635,907,840,34.235,30.491,-0.0052,0.0512,9.8143,0.4173,-0.0133,-0.5995
9640,898,838,34.133,30.486,-0.0727,0.0843,9.8683,0.184,-0.1222,0.4912
9645,881,839,34.095,30.471,-0.0117,-0.0031,9.8305,0.1517,0.8824,0.2342
9650,872,839,34.23,30.454,0.0523,-0.0151,9.7972,0.1443,-0.1607,0.0757
9655,866,839,34.16,30.505,0.0121,0.0066,9.7952,0.2758,0.6763,-0.0049
9660,856,836,34.19,30.491,-0.0363,-0.0111,9.8068,-0.6488,-0.4194,0.5459
9665,838,834,34.17,30.434,-0.028,-0.0815,9.805,-0.0907,0.0304,-0.3753
9670,835,828,34.19,30.525,0.0464,-0.0606,9.8062,0.046,-0.1949,0.1803
9675,832,828,34.201,30.393,0.0201,-0.03,9.8758,-0.333,-0.554,0.8771
9680,822,832,34.114,30.531,-0.079,0.0584,9.7425,0.973,0.3265,-1.0578
9685,814,830,34.201,30.566,-0.0509,0.0117,9.7958,0.5256,-0.0568,0.5054
9690,805,829,34.176,30.57,0.1305,-0.0602,9.7721,-0.5592,-0.2302,0.4123
9695,793,827,34.26,30.647,0.0436,-0.01,9.763,0.4497,-0.0514,0.3854
9700,784,827,34.215,30.468,-0.0551,-0.0993,9.8345,0.0441,-0.0038,0.3627
9705,774,820,34.227,30.569,0.0398,-0.0137,9.8638,0.4917,0.0933,0.2367
9710,765,824,34.21,30.458,-0.0089,-0.0225,9.7696,0.0379,0.1492,-0.7295
9715,764,826,34.126,30.62,0.014,-0.0609,9.9155,-0.0656,1.0275,0.1936
9720,766,821,34.141,30.46,-0.0062,0.0728,9.8774,-0.6875,-1.2352,0.3211
9725,745,824,34.119,30.538,0.0472,-0.0667,9.7522,0.2779,-0.2321,-0.4951
9730,752,821,34.142,30.492,0.0518,0.0033,9.8006,0.1256,-0.3188,0.7039
9735,752,816,34.249,30.541,0.0189,-0.0579,9.8245,-0.276,0.2731,0.2675
9740,761,818,34.106,30.532,0.0122,0.0158,9.8274,0.0859,-0.0598,-0.4509
9745,746,820,34.17,30.543,0.0496,0.0127,9.8835,-0.5887,0.1539,-0.7333
9750,740,814,34.148,30.542,0.0248,0.1127,9.7232,-0.0151,-0.2777,-0.0932
9755,755,810,34.129,30.506,0.0459,-0.0028,9.7745,-0.1051,-0.2084,-0.1087
9760,750,810,34.171,30.451,0.0242,-0.0035,9.8893,-0.0467,0.4287,-0.3894
9765,753,808,34.217,30.581,0.0441,-0.0084,9.7799,0.1154,0.4325,-0.2181
9770,755,808,34.262,30.534,-0.0659,0.0592,9.7551,0.6183,-0.9893,0.5048
9775,766,807,34.164,30.417,-0.0146,-0.0326,9.7624,-0.0465,0.1875,0.5997
9780,768,802,34.164,30.492,-0.0819,-0.0063,9.7364,-0.4539,1.4315,-0.5887
9785,774,801,34.142,30.509,-0.0148,0.0925,9.8561,0.1291,-0.0738,-0.1363
9790,780,796,34.213,30.497,-0.1347,-0.0074,9.7984,0.3278,0.2568,-0.1519
9795,780,795,34.213,30.481,0.0428,-0.0351,9.8328,-0.3231,0.594,-0.2276
9800,802,791,34.215,30.499,0.0576,0.0428,9.8749,0.0925,-0.1991,-0.1638
9805,798,789,34.213,30.499,-0.0902,-0.0365,9.9234,-1.2469,-0.983,-0.3649
9810,806,782,34.218,30.533,0.0258,0.0848,9.7492,-0.6205,-0.8471,-0.1653
9815,820,782,34.19,30.567,-0.0071,0.0017,9.78,-0.0051,-0.605,-0.4565
9820,836,776,34.324,30.499,0.0319,0.0259,9.8237,0.3511,-0.332,0.628
9825,844,772,34.212,30.555,0.0566,0.0661,9.8709,-1.0681,0.0426,-0.1872
9830,850,764,34.174,30.521,0.0503,0.0698,9.8099,0.5368,0.1651,-0.1805
9835,865,766,34.207,30.562,-0.09,-0.1287,9.7847,0.5603,-0.313,-0.7345
9840,882,762,34.272,30.571,-0.1071,0.0026,9.8291,0.532,0.5886,-0.5805
9845,894,754,34.301,30.504,0.0134,-0.016,9.8427,-0.0787,-0.0003,-0.8972
9850,899,753,34.204,30.457,0.0578,0.0278,9.8482,-0.8347,-0.1235,0.9347
9855,916,755,34.147,30.455,0.0072,-0.0086,9.7977,0.2435,0.4366,-0.8047
9860,933,741,34.204,30.539,-0.0556,-0.0755,9.8364,0.0734,-0.4912,0.3763
9865,953,744,34.163,30.434,-0.054,0.0804,9.8004,0.6741,-0.2573,-0.408
9870,957,743,34.133,30.56,-0.0105,0.0093,9.7649,-0.1099,0.3444,0.4851
9875,972,739,34.231,30.494,-0.0165,0.0654,9.7544,-0.3153,0.9147,0.0092
9880,989,735,34.225,30.498,0.0311,0.0129,9.807,-0.666,0.9833,0.3731
9885,998,726,34.149,30.482,0.0779,0.0075,9.7439,0.3902,0.2267,0.3889
9890,1020,734,34.197,30.541,0.0577,0.0916,9.9251,0.672,0.1984,-0.249
9895,1029,725,34.131,30.554,0.0765,0.0568,9.7399,0.1117,-0.6723,-0.1768
9900,1051,727,34.213,30.484,-0.0219,-0.0275,9.7968,1.241,0.0884,0.0652
9905,1053,726,34.173,30.568,0.0586,-0.0759,9.876,-0.7265,0.6856,-0.3491
9910,1066,721,34.337,30.524,0.0137,-0.0617,9.8064,-0.4793,-0.1897,-0.293
9915,1069,716,34.102,30.486,0.0337,-0.0447,9.7593,0.0525,0.3067,0.705
9920,1087,714,34.155,30.372,0.021,0.0042,9.8208,-0.1576,-0.1464,0.2439
9925,1102,721,34.181,30.56,0.0309,-0.0724,9.7379,0.4711,-0.1966,0.8353
9930,1104,715,34.262,30.528,-0.0547,-0.0181,9.7358,-0.2064,0.0729,0.7777
9935,1117,708,34.204,30.607,0.0962,0.0252,9.8068,0.655,-0.3134,-0.1808
9940,1125,713,34.127,30.536,0.0028,0.0048,9.8847,-1.0326,-0.5084,0.0924
9945,1132,712,34.293,30.545,-0.0524,-0.064,9.8799,-0.4967,-0.5696,0.2508
9950,1149,716,34.259,30.519,0.0163,0.0051,9.7396,0.1132,-0.3271,0.0891
9955,1154,715,34.148,30.49,-0.0095,0.023,9.8502,0.2323,0.0471,-0.2781
9960,1159,716,34.172,30.472,0.0463,-0.0797,9.8355,0.3156,-0.5013,0.0039
9965,1170,720,34.185,30.512,0.0456,-0.0653,9.7788,-0.2447,-0.0672,0.6839
9970,1164,711,34.153,30.523,-0.0227,-0.0103,9.7797,0.397,-0.019,0.3941
9975,1171,716,34.171,30.548,-0.0674,0.1407,9.8648,0.7301,-0.5751,-0.0984
9980,1181,714,34.219,30.522,-0.0469,-0.0745,9.8575,-0.4537,-0.8786,0.2383
9985,1184,722,34.198,30.467,0.0124,0.0056,9.7913,-0.4574,-0.7901,0.4302
9990,1184,722,34.221,30.506,-0.0067,0.1202,9.8847,0.2461,-0.3864,0.4209
9995,1181,724,34.174,30.458,0.0461,0.0079,9.7722,-0.3737,0.36,-0.0685
10000,1187,731,34.184,30.523,-0.0808,0.0118,9.8113,0.062,-0.2118,1.0417
10005,1189,729,34.207,30.551,0.0048,0.0711,9.8015,0.258,-0.0664,-0.247
10010,1186,732,34.26,30.401,0.0832,0.0292,9.7903,-0.2562,-0.2799,0.0964
10015,1181,739,34.17,30.583,-0.0511,-0.0787,9.8655,-0.5221,0.1971,0.1077
10020,1185,740,34.193,30.553,0.1033,0.0148,9.7444,0.1302,-0.538,-0.6912
10025,1181,737,34.122,30.43,0.0554,-0.0116,9.7952,0.7656,-0.3651,0.3959
10030,1183,748,34.109,30.515,0.0667,-0.0087,9.7874,0.7532,0.3252,-0.3116
10035,1185,754,34.197,30.56,-0.014,-0.0097,9.8338,0.6824,-0.2919,0.4452
10040,1181,755,34.239,30.457,-0.0487,-0.0044,9.8478,-0.1465,-0.0664,-0.5269
10045,1183,764,34.136,30.513,-0.0316,0.0413,9.7992,-0.1537,0.4848,0.2918
10050,1171,765,34.155,30.436,0.0262,0.0925,9.8056,0.1098,-0.5285,1.0228
10055,1165,767,34.14,30.532,-0.0368,-0.0059,9.7626,0.463,-0.4803,-0.095
10060,1172,774,34.103,30.499,-0.0358,-0.0327,9.8337,0.3149,0.1776,0.4612
10065,1155,780,34.141,30.554,-0.0954,-0.0167,9.8657,0.1993,-0.1051,0.2007
10070,1173,784,34.2,30.513,-0.0277,0.0149,9.7633,0.0947,-0.1917,0.3258
10075,1158,781,34.152,30.461,-0.1064,0.069,9.7672,-0.0459,0.155,0.6031
10080,1148,792,34.166,30.512,-0.0352,-0.0318,9.8474,-0.4074,0.404,1.0659
10085,1155,802,34.205,30.542,-0.0278,-0.0091,9.8102,-1.7317,-0.2256,0.182
10090,1151,805,34.089,30.517,-0.0808,0.0174,9.7853,0.2254,0.2362,0.442
10095,1150,806,34.196,30.657,0.0442,0.0911,9.8796,-0.1029,0.4247,0.5541
10100,1137,812,34.245,30.497,0.0109,0.0099,9.7488,0.3951,-0.1113,0.0585
10105,1138,818,34.125,30.479,0.0079,0.0784,9.8373,-0.5119,0.1764,-0.2599
10110,1129,826,34.272,30.498,-0.0313,-0.0611,9.751,-0.059,-0.4118,-0.7499
10115,1133,824,34.117,30.467,0.0101,0.0574,9.8558,0.1678,0.3012,-1.0265
10120,1122,834,34.156,30.522,-0.0246,0.008,9.7284,-0.091,-0.4129,0.2259
10125,1121,831,34.22,30.474,0.0269,-0.0375,9.7827,0.0203,0.4714,0.4508
10130,1123,831,34.246,30.483,-0.0952,-0.0369,9.8159,0.5545,0.6148,0.062
10135,1123,839,34.19,30.474,-0.0612,-0.0109,9.7698,0.4843,-0.736,0.4728
10140,1127,848,34.238,30.543,0.0337,0.0147,9.7746,0.5106,0.3295,-0.3924
10145,1117,849,34.296,30.53,-0.025,-0.0861,9.8073,0.4845,-0.6565,0.6248
10150,1111,847,34.159,30.561,0.0614,0.1181,9.8438,0.1845,0.1872,0.5527
10155,1098,855,34.244,30.502,-0.0754,-0.01,9.8762,0.0615,-0.1182,-0.5351
10160,1105,852,34.254,30.599,-0.0528,0.0482,9.7319,0.112,0.0519,0.41
10165,1105,861,34.165,30.551,-0.0046,-0.0559,9.8376,0.048,0.3144,0.5094
10170,1103,855,34.128,30.598,-0.0739,0.043,9.7692,-0.2901,0.5311,0.5907
10175,1092,854,34.257,30.559,0.0966,0.1049,9.8529,0.2334,-0.0343,-0.4458
10180,1088,863,34.226,30.498,-0.0428,0.0422,9.7906,0.2292,-0.3097,-0.3379
10185,1095,862,34.218,30.531,-0.0012,-0.0207,9.8256,-0.7916,0.3819,0.6074
10190,1085,861,34.166,30.379,0.0887,-0.0022,9.8436,0.8832,0.0072,-0.7036
10195,1086,861,34.159,30.535,0.0473,-0.0816,9.9081,0.5024,-0.151,0.2388
10200,1083,864,34.22,30.458,-0.0031,-0.0047,9.7656,0.6632,-1.2282,-0.784
10205,1072,863,34.211,30.619,0.0805,0.0172,9.7887,0.2401,-0.322,-0.66
10210,1074,868,34.108,30.43,-0.1103,-0.0741,9.8359,-0.4834,-0.1829,0.7815
10215,1079,863,34.22,30.499,-0.0124,-0.0424,9.7947,-0.517,0.9979,-0.5168
10220,1067,865,34.165,30.521,-0.0103,-0.0493,9.7498,0.2266,-0.3497,-0.1378
10225,1059,868,34.134,30.423,0.0624,-0.0243,9.803,-0.0442,0.403,0.0409
10230,1061,866,34.227,30.52,0.0057,0.0117,9.7759,0.6206,-0.6162,0.9198
10235,1066,864,34.211,30.497,-0.0195,-0.0837,9.8219,0.4024,-0.6684,0.2339
10240,1056,862,34.18,30.519,-0.0284,0.0315,9.7856,-0.1177,-0.0115,0.9062
10245,1054,862,34.145,30.5,0.077,0.0093,9.7606,0.3234,0.7965,-0.7185
10250,1048,858,34.223,30.463,0.0165,0.0702,9.9103,0.5212,0.1892,-0.151
10255,1048,859,34.231,30.489,-0.0604,0.0347,9.828,-0.1995,-0.487,-0.0367
10260,1039,859,34.2,30.426,0.0151,0.0149,9.7637,0.001,-0.3822,0.398
10265,1031,857,34.29,30.536,0.0522,-0.0198,9.9127,0.3685,0.1954,-0.7985
10270,1035,854,34.156,30.478,0.0462,0.0303,9.8692,-0.2918,-0.5051,0.2599
10275,1022,853,34.084,30.492,0.0829,-0.0553,9.7886,0.7606,-1.0033,-0.7295
10280,1008,853,34.177,30.531,0.0361,-0.015,9.8125,-0.0972,-0.7345,0.1984
10285,997,855,34.195,30.537,0.0629,-0.0667,9.8092,0.7601,0.3278,-0.8306
10290,999,844,34.232,30.48,-0.0469,-0.0526,9.7181,0.1841,1.1836,-0.7472
10295,994,849,34.169,30.56,0.0286,0.0122,9.7815,0.5601,0.4032,0.7042
10300,980,848,34.124,30.494,-0.1194,-0.0407,9.7913,-0.0351,-0.4582,-0.6746
10305,971,849,34.146,30.565,-0.0443,0.0443,9.8672,0.2836,-0.3623,-0.3108
10310,962,842,34.172,30.54,-0.0028,-0.0414,9.8572,-0.9073,0.705,0.5619
10315,967,848,34.198,30.501,0.0526,-0.0427,9.8533,-0.4812,0.119,0.1036
10320,945,844,34.201,30.509,-0.0373,-0.0765,9.8336,-0.6263,0.9894,0.1108
10325,935,841,34.213,30.457,0.0087,-0.0821,9.7761,-0.1325,-0.6045,-0.2274
10330,924,838,34.184,30.532,0.0283,0.0559,9.8065,-0.2569,0.248,0.5648
10335,916,841,34.17,30.491,-0.0212,0.087,9.736,0.5012,-0.3854,-0.1245
10340,898,834,34.208,30.565,0.0088,0.0801,9.863,-0.0677,1.1492,0.3084
10345,896,840,34.148,30.452,0.0039,-0.0085,9.9027,-0.2413,0.2371,0.1892
10350,880,838,34.251,30.435,-0.04,-0.0711,9.794,-0.1439,-0.4312,0.4409
10355,878,839,34.266,30.514,-0.0021,0.0144,9.8473,-0.0041,1.3791,-0.0772
10360,871,832,34.125,30.547,-0.0132,-0.0409,9.7962,-0.0011,-0.9038,-0.1526
10365,853,839,34.178,30.565,0.0021,0.0159,9.8416,0.0758,0.4263,0.5647
10370,840,836,34.248,30.473,-0.0205,-0.001,9.8561,0.5675,0.0047,-0.3255
10375,837,829,34.219,30.451,0.0256,0.0646,9.8643,0.9022,0.0926,-0.2116
10380,837,835,34.195,30.447,-0.017,-0.0235,9.7956,0.9492,0.4967,0.2481
10385,810,828,34.08,30.568,-0.0238,-0.0644,9.792,-0.2716,-0.5217,-0.1885
10390,806,831,34.217,30.549,0.0665,-0.0478,9.7934,-0.4962,-0.6072,0.6878
10395,808,827,34.125,30.454,0.0457,0.0107,9.7909,0.7417,-0.4507,-0.0085
10400,788,827,34.14,30.529,-0.0325,0.0653,9.8955,-0.5441,0.2567,0.4365
10405,778,826,34.162,30.49,-0.0025,0.0009,9.8022,0.8105,0.0891,-0.0191
10410,792,832,34.169,30.419,0.0197,-0.1146,9.8874,0.2058,-0.5612,0.201
10415,774,825,34.182,30.569,0.0515,-0.1168,9.7192,-0.2166,-0.3871,-0.3826
10420,773,826,34.145,30.486,0.0536,-0.0219,9.7414,-0.2822,0.087,-0.1989
10425,758,828,34.273,30.513,-0.045,-0.0254,9.8643,0.6697,0.046,-0.3315
10430,751,827,34.194,30.589,0.0936,0.107,9.8565,0.4636,-0.1833,0.6664
10435,751,817,34.222,30.493,-0.0293,-0.0244,9.7507,-0.6475,0.3012,-0.8197
10440,750,818,34.204,30.515,-0.013,-0.0006,9.8668,-1.5257,-0.0733,-0.6684
10445,740,821,34.222,30.491,-0.0438,0.0276,9.8335,-0.0518,0.1595,0.7275
10450,740,818,34.244,30.528,0.0124,-0.0264,9.802,-0.768,-0.1882,0.1906
10455,747,811,34.099,30.499,-0.0618,0.0048,9.8486,-0.1203,-0.2469,-0.5467
10460,753,813,34.156,30.486,0.0476,-0.044,9.719,-1.049,-0.2786,0.3634
10465,751,808,34.265,30.549,0.033,0.0038,9.8021,0.3415,0.2883,-0.2225
10470,754,806,34.146,30.393,-0.0392,-0.0361,9.8833,0.1706,0.9821,-0.4788
10475,755,805,34.175,30.449,-0.029,-0.0205,9.7715,-0.0988,0.712,0.5504
10480,756,804,34.268,30.514,-0.0613,-0.0042,9.8008,0.823,-0.3853,-0.0405
10485,761,803,34.245,30.511,0.081,-0.0052,9.7712,0.0289,0.2051,-0.3328
10490,756,801,34.203,30.55,0.0764,-0.0542,9.8699,0.0807,0.6713,-0.0768
10495,769,796,34.099,30.417,-0.0235,-0.0086,9.8206,0.134,0.3736,0.1206
10500,778,792,34.141,30.467,-0.015,0.0065,9.7434,-0.0513,0.2972,0.3219
10505,789,790,34.133,30.517,-0.0164,0.0767,9.8264,-0.7216,-0.2693,0.7346
10510,796,791,34.186,30.504,0.0048,0.0457,9.8695,-0.5306,0.083,0.4825
10515,810,786,34.222,30.462,0.037,0.0065,9.8973,0.4055,-0.3245,0.9504
10520,816,779,34.186,30.498,-0.0137,-0.0198,9.8056,-0.2887,-0.4814,0.5004
10525,827,781,34.18,30.437,0.0307,-0.0833,9.8263,0.2672,-0.5869,-0.393
10530,838,778,34.272,30.483,-0.008,-0.0069,9.8931,-0.3399,0.0165,-0.5938
10535,845,769,34.1,30.425,-0.0261,0.1187,9.8647,-0.9809,-0.3206,-0.7626
10540,865,770,34.208,30.64,0.0529,-0.0545,9.8784,-0.1771,0.2442,0.1893
10545,870,760,34.191,30.568,-0.0488,-0.0125,9.8015,0.2151,-0.292,-0.9265
10550,875,758,34.159,30.51,0.1562,0.0545,9.8345,0.5438,-0.5695,0.4017
10555,898,761,34.181,30.446,-0.0721,-0.0163,9.8088,0.2611,-0.036,0.07
10560,915,748,34.169,30.559,0.0081,-0.0872,9.8058,-0.2353,0.2557,0.6975
10565,916,754,34.215,30.44,0.0065,-0.0062,9.8539,0.0289,-0.3807,0.5857
10570,941,752,34.178,30.509,-0.0128,0.0499,9.8461,-1.0237,0.281,0.1035
10575,953,746,34.177,30.429,-0.0437,-0.0912,9.6523,-0.0584,-0.0491,-0.6143
10580,970,742,34.1,30.525,-0.0222,0.055,9.8162,0.0701,0.3457,-0.026
10585,977,738,34.291,30.502,0.0067,0.0804,9.8605,-0.317,-0.4608,0.0103
10590,993,731,34.15,30.569,-0.0802,0.0478,9.8035,-0.7871,0.1194,0.1482
10595,1005,734,34.135,30.494,-0.0912,-0.0213,9.8529,0.1487,-0.7714,0.216
10600,1026,725,34.339,30.529,0.0746,-0.0421,9.8013,0.028,0.69,0.3497
10605,1030,723,34.156,30.557,-0.0783,0.0927,9.8861,0.2404,-0.7193,-0.215
10610,1049,721,34.375,30.462,-0.0067,0.026,9.7916,-0.6939,0.6576,0.729
10615,1052,726,34.176,30.467,0.0039,-0.0409,9.8763,0.0521,0.7408,0.2054
10620,1075,717,34.191,30.523,-0.05,-0.1428,9.7452,0.9822,0.1279,0.4993
10625,1085,717,34.155,30.531,-0.0534,0.0562,9.7241,-0.4962,0.1523,-0.0436
10630,1090,715,34.09,30.452,-0.016,-0.0454,9.7843,0.5437,0.3953,0.0392
10635,1101,714,34.23,30.603,-0.0206,0.0855,9.8953,1.0,-1.581,-0.2074
10640,1112,716,34.227,30.467,-0.0023,-0.0594,9.7588,0.0654,0.1515,0.2114
10645,1123,713,34.19,30.482,0.0527,0.006,9.8296,0.1551,-0.3128,0.5886
10650,1131,713,34.163,30.463,-0.0687,-0.0155,9.7912,-0.4585,0.0124,-0.2216
10655,1140,713,34.164,30.538,-0.0586,-0.0002,9.8228,-0.1216,0.4129,-0.2465
10660,1149,719,34.137,30.482,0.1422,-0.0185,9.8721,-0.406,0.4039,0.1302
10665,1157,705,34.206,30.444,-0.0087,-0.0573,9.8362,-0.1241,-0.1746,0.3295
10670,1160,719,34.184,30.488,0.04,-0.0174,9.6667,-0.073,0.7253,-0.4102
10675,1175,714,34.221,30.503,0.018,-0.0163,9.7596,0.7044,0.0526,0.1857
10680,1175,714,34.151,30.401,0.0075,0.0872,9.8718,0.094,0.7053,-0.0653
10685,1170,714,34.142,30.582,-0.0041,0.0353,9.8294,0.5967,0.2081,0.7223
10690,1178,716,34.124,30.46,0.0315,-0.0302,9.8347,-0.3965,0.6387,-0.0248
10695,1187,720,34.118,30.537,-0.087,0.0773,9.8781,0.6563,-0.1627,-0.0812
10700,1193,721,34.203,30.523,-0.0239,0.0184,9.7155,-0.0693,0.4837,0.0346
10705,1184,723,34.183,30.511,0.0664,-0.0052,9.8128,-0.4733,-0.2272,0.0125
10710,1196,732,34.245,30.526,0.051,0.0393,9.7892,-0.6067,0.4334,-0.1563
10715,1190,730,34.217,30.442,-0.0554,0.0143,9.7455,0.8011,0.9264,-0.2559
10720,1186,737,34.218,30.537,-0.0829,-0.0447,9.7764,-0.0455,-0.4161,-0.4473
10725,1183,743,34.243,30.484,0.081,0.0449,9.7607,-0.9644,-0.0699,-0.6306
10730,1189,744,34.239,30.531,0.0111,-0.0065,9.8328,-0.0567,0.4818,-0.5265
10735,1185,743,34.119,30.589,-0.02,0.0013,9.8522,-0.4532,-1.0112,0.4549
10740,1185,751,34.252,30.515,-0.0576,-0.0148,9.9044,-0.9801,-0.9808,0.1554
10745,1185,754,34.119,30.496,0.0347,0.0478,9.8566,-0.0541,-0.4786,0.58
10750,1185,756,34.166,30.42,-0.0253,0.0499,9.8481,0.0922,0.1769,-0.0788
10755,1173,772,34.209,30.474,-0.0472,-0.1044,9.8302,0.9236,-0.3547,-0.1414
10760,1177,769,34.211,30.559,0.0131,0.0565,9.7401,0.0301,0.6341,-0.4707
10765,1167,772,34.204,30.411,-0.0034,0.0276,9.7686,-0.823,0.1853,0.2276
10770,1163,778,34.211,30.556,0.0206,-0.0918,9.8691,-0.2956,-1.0836,0.1847
10775,1165,788,34.182,30.557,0.0479,0.0535,9.8169,-1.0795,-0.4897,-0.9561
10780,1153,791,34.266,30.417,0.0291,0.0235,9.7586,0.6997,-0.7516,0.1194
10785,1157,795,34.12,30.561,-0.0474,-0.0052,9.8427,-0.6333,-0.1399,1.0985
10790,1146,798,34.188,30.456,0.0108,0.0329,9.8299,-0.5342,-0.4304,-0.1921
10795,1152,798,34.116,30.426,-0.0186,0.0354,9.8372,-0.2315,0.2828,-0.5883
10800,1149,814,34.188,30.502,-0.0309,0.0371,9.8352,0.3791,0.9839,-0.863
10805,1143,810,34.151,30.53,-0.0022,-0.0512,9.7667,-0.5241,0.0719,0.2884
10810,1135,816,34.182,30.525,-0.0035,0.0103,9.7146,-0.8117,0.1176,-0.4534
10815,1127,817,34.158,30.616,-0.0261,-0.03,9.8623,0.8137,0.7123,0.3486
10820,1129,823,34.165,30.519,0.0182,0.0259,9.8093,-0.4117,0.1255,-0.3243
10825,1127,827,34.128,30.433,-0.0366,0.0724,9.8414,-0.5923,0.2833,-1.022
10830,1120,833,34.076,30.522,-0.043,-0.0982,9.8895,0.5636,0.2394,0.0046
10835,1120,836,34.212,30.422,-0.0223,0.0437,9.7623,0.0695,0.6785,-0.5614
10840,1118,838,34.219,30.528,-0.0934,0.0664,9.8126,0.0976,0.4829,0.5746
10845,1114,846,34.176,30.567,-0.0178,0.0111,9.7881,0.1626,0.4315,-0.438
10850,1109,839,34.202,30.515,0.0622,0.0625,9.7923,0.6915,-0.2544,-0.4563
10855,1110,848,34.232,30.489,0.0004,-0.0115,9.8457,0.6669,0.1387,-0.1256
10860,1106,854,34.156,30.468,-0.0063,-0.0473,9.7685,0.3247,0.5376,0.1759
10865,1112,850,34.161,30.532,-0.0555,-0.0009,9.763,-0.5241,-0.7988,-0.5132
10870,1100,857,34.19,30.424,-0.036,0.0745,9.8406,0.0955,-0.0278,0.041
10875,1103,862,34.166,30.613,-0.024,-0.0276,9.7559,0.1058,0.0817,-0.4852
10880,1095,858,34.203,30.529,0.0268,0.0995,9.7963,-0.2936,-0.3762,0.3154
10885,1091,859,34.173,30.661,0.0034,-0.0069,9.8695,-0.3088,0.3618,0.4368
10890,1100,862,34.166,30.475,-0.0083,-0.0415,9.8409,0.0767,-0.1557,0.2905
10895,1091,863,34.224,30.539,0.0091,0.057,9.7238,-0.394,0.7508,-0.5799
10900,1096,861,34.097,30.464,-0.0252,0.0038,9.8233,0.7207,-0.0352,0.679
10905,1084,866,34.186,30.521,0.0748,0.0134,9.7775,0.3708,-0.103,-0.9723
10910,1077,868,34.15,30.485,-0.05,-0.0114,9.7878,-0.2853,-0.1974,-1.0227
10915,1081,867,34.254,30.537,-0.0641,-0.0365,9.7863,0.2449,-0.1086,-0.5557
10920,1075,865,34.16,30.56,0.0043,-0.0361,9.815,0.2664,-0.1673,-0.1173
10925,1074,860,34.124,30.594,0.05,0.0412,9.7442,0.0483,0.3121,-0.1712
10930,1066,862,34.179,30.514,0.0534,-0.0129,9.7783,0.3345,0.0885,0.189
10935,1063,863,34.182,30.505,-0.1175,0.0085,9.7755,0.1723,-0.1589,0.0716
10940,1064,864,34.232,30.414,0.0553,-0.0332,9.849,0.2324,-0.1937,0.1232
10945,1064,866,34.138,30.508,0.0839,-0.0074,9.7668,-0.1144,0.112,0.5757
10950,1065,865,34.16,30.489,0.0548,-0.0126,9.8446,0.4008,0.2805,0.2848
10955,1047,862,34.194,30.55,-0.0513,-0.0383,9.8134,1.4317,0.2891,-0.4824
10960,1051,858,34.192,30.444,-0.0526,0.0677,9.9219,-0.7279,0.29,-0.1798
10965,1036,860,34.257,30.439,-0.0707,0.0168,9.7787,0.301,-0.2307,-0.2141
10970,1033,854,34.152,30.537,0.0225,0.0431,9.848,0.3236,0.0233,-0.3253
10975,1022,858,34.249,30.46,0.0089,-0.0123,9.759,0.2813,-0.0173,-0.4454
10980,1025,850,34.147,30.512,-0.0491,0.0515,9.7886,0.2389,0.1676,0.0427
10985,1012,848,34.221,30.514,-0.0132,-0.0184,9.8845,-0.1709,-0.3442,0.344
10990,1006,851,34.156,30.552,0.0099,0.0119,9.906,-0.0004,-0.2247,-0.8648
10995,1004,849,34.121,30.458,0.057,-0.039,9.7693,-0.3706,-0.3506,0.4617
11000,993,852,34.268,30.521,0.0873,0.0179,9.7959,0.0266,-0.3994,0.6383
11005,987,851,34.061,30.435,0.0352,-0.0219,9.8183,-0.3824,0.0926,0.0474
11010,982,845,34.249,30.483,0.0696,-0.1224,9.8728,0.2482,0.3812,0.1332
11015,970,844,34.185,30.502,0.0091,-0.0275,9.8322,0.0628,-0.2384,-0.8967
11020,967,847,34.254,30.517,0.0377,0.0112,9.8169,-0.5458,1.2572,0.1854
11025,949,844,34.137,30.509,-0.0007,-0.0488,9.7425,-0.3398,0.1798,-0.6485
11030,945,841,34.143,30.511,0.03,0.1306,9.6988,0.2291,0.7799,0.4119
11035,937,839,34.156,30.579,0.0233,-0.0154,9.8796,0.0635,0.0213,-0.0895
11040,917,843,34.175,30.503,0.0053,0.0115,9.7625,-0.764,-0.0663,0.6966
11045,918,843,34.207,30.527,0.0456,-0.0204,9.8054,-0.1638,0.2223,-0.7088
11050,899,838,34.169,30.487,-0.0016,0.0127,9.8597,-0.9092,-0.021,0.4396
11055,896,837,34.117,30.421,0.0033,-0.0191,9.7383,-0.0319,-0.643,0.0822
11060,872,832,34.166,30.458,0.0446,0.0596,9.8425,-0.798,0.1775,-1.0292
11065,870,838,34.169,30.542,0.0128,-0.022,9.7809,-0.3072,-0.0763,0.6229
11070,861,833,34.18,30.442,0.0502,0.0425,9.766,-0.4361,-0.3118,-0.2342
11075,852,831,34.185,30.488,-0.1044,-0.0374,9.7838,0.2813,-0.5156,0.3158
11080,846,831,34.199,30.448,0.0493,0.0433,9.8612,-0.2458,-0.5154,-0.9297
11085,829,834,34.204,30.486,0.056,0.0537,9.8992,0.1305,-0.8707,-0.0936
11090,818,830,34.169,30.513,-0.0017,0.0526,9.7895,-0.3433,0.3238,0.064
11095,827,835,34.254,30.549,-0.0271,0.0403,9.7844,-0.3357,0.6514,0.4823
11100,813,832,34.086,30.522,0.0119,0.051,9.8136,0.1456,-0.55,-0.0583
11105,804,827,34.136,30.426,-0.1123,0.0406,9.7747,0.3425,0.4555,-0.3518
11110,792,826,34.21,30.478,0.0104,0.0698,9.8471,0.512,0.2263,-0.902
11115,785,826,34.196,30.499,0.0416,-0.0041,9.7502,-0.3138,0.2285,-0.5411
11120,766,830,34.226,30.437,0.0215,0.058,9.8417,-0.4685,-0.8507,-0.0803
11125,779,821,34.193,30.502,0.1139,0.0005,9.7535,-0.2951,0.174,-0.7471
11130,765,824,34.185,30.49,0.036,0.0121,9.7447,-0.0104,-0.2629,-0.056
11135,759,820,34.186,30.457,0.0201,0.0108,9.8685,-0.0284,0.2934,-0.0776
11140,757,820,34.263,30.417,0.0328,-0.1006,9.881,1.2802,-0.6499,0.1114
11145,754,819,34.166,30.537,-0.0408,0.0519,9.8397,0.38,-0.362,-0.0544
11150,753,818,34.095,30.517,-0.0487,0.0029,9.8201,-0.5012,-0.0828,-0.3103
11155,757,817,34.168,30.454,-0.0142,-0.0017,9.7029,1.1259,-1.0076,0.3652
11160,748,813,34.165,30.564,-0.0197,-0.0338,9.7953,-0.5197,-0.1735,-0.3749
11165,749,810,34.104,30.478,0.0127,-0.0039,9.8106,0.46,0.5672,0.0165
11170,749,810,34.176,30.471,0.0006,-0.0232,9.8925,1.4615,-0.1636,-0.0584
11175,745,805,34.27,30.524,-0.1029,0.0075,9.8313,-0.0502,-0.377,-0.2156
11180,753,808,34.25,30.46,0.0175,-0.0067,9.8834,0.0895,0.8255,0.0539
11185,757,806,34.238,30.551,-0.0391,-0.0043,9.8948,-0.0951,-0.0063,-0.342
11190,753,805,34.214,30.543,-0.0064,-0.0244,9.7492,-0.0101,-0.4611,-0.6522
11195,755,801,34.107,30.493,-0.0167,-0.0806,9.7166,-0.4022,0.204,-0.6755
11200,777,798,34.283,30.502,0.0051,0.0608,9.8537,0.3929,-0.3453,0.9822
11205,776,793,34.161,30.462,-0.0542,-0.0904,9.9366,0.682,0.2201,-0.6565
11210,781,793,34.254,30.496,-0.0275,-0.0043,9.8647,0.0591,0.1939,-0.9077
11215,793,789,34.242,30.479,-0.0172,0.035,9.741,0.3085,0.0835,0.4005
11220,809,787,34.211,30.483,0.0543,-0.0402,9.8226,0.1373,-0.1294,0.3652
11225,813,785,34.124,30.514,-0.0735,0.0306,9.8092,0.5097,0.1683,-0.204
11230,815,776,34.193,30.556,0.0243,0.0831,9.8328,0.0309,-0.0838,0.1474
11235,832,777,34.198,30.492,-0.0188,0.048,9.7727,-0.3892,0.126,-0.8473
11240,837,768,34.164,30.476,0.0146,-0.0564,9.8235,-0.7705,0.1094,0.1436
11245,855,764,34.183,30.509,-0.0471,0.0223,9.8492,0.8396,-0.4363,-0.1194
11250,865,768,34.209,30.492,-0.0129,-0.0153,9.8625,-0.2026,-0.8303,0.1139
11255,874,760,34.197,30.394,0.0073,-0.0385,9.8657,0.3783,-0.0043,-0.0047
11260,894,759,34.299,30.381,-0.1013,0.0543,9.819,0.5816,0.2025,0.5289
11265,903,757,34.2,30.555,0.0385,-0.0446,9.9097,0.1088,0.4136,-0.3237
11270,917,749,34.263,30.539,0.0211,-0.0726,9.8477,0.9058,0.0047,0.2817
11275,932,742,34.283,30.52,-0.0433,-0.0322,9.7708,-0.5781,0.6566,0.1197
11280,957,744,34.305,30.479,0.0074,0.0205,9.7033,0.8146,-0.3214,0.283
11285,960,735,34.229,30.484,0.002,-0.0386,9.8062,-0.1812,0.1255,-0.5498
11290,972,740,34.179,30.498,0.0812,-0.0022,9.8493,0.4185,-0.0114,0.1882
11295,984,735,34.255,30.464,0.0773,0.0978,9.8304,-0.6414,-0.9292,0.4456
11300,994,728,34.161,30.543,-0.0208,-0.0706,9.7802,0.4661,-0.2661,0.521
11305,1010,729,34.165,30.548,0.0298,0.0856,9.7474,0.3003,-0.3277,-0.2556
11310,1021,728,34.214,30.547,0.0543,-0.0213,9.7891,0.599,-0.1364,0.0233
11315,1037,726,34.219,30.491,-0.0176,-0.0048,9.8303,-0.1951,-1.5616,-0.6001
11320,1053,721,34.163,30.492,-0.0054,-0.0126,9.852,0.047,0.3808,-0.249
11325,1056,716,34.186,30.546,-0.0026,0.0045,9.7962,0.296,-0.6366,-0.2122
11330,1078,720,34.273,30.465,-0.0395,0.1149,9.9075,-0.4605,0.0971,1.142
11335,1085,719,34.136,30.538,0.0653,0.0485,9.7524,0.5865,-0.307,-0.4242
11340,1099,710,34.156,30.537,0.0065,0.0102,9.7842,-1.1456,0.7627,-0.455
11345,1107,718,34.241,30.544,0.0245,-0.0242,9.8577,-0.0787,0.8638,0.1538
11350,1131,714,34.213,30.396,0.0376,-0.0167,9.7902,0.2876,-0.0333,-0.0839
11355,1122,710,34.133,30.53,-0.0228,0.0137,9.8664,0.5909,0.419,0.4976
11360,1134,709,34.24,30.49,0.0157,-0.0267,9.7179,-0.901,-0.2701,0.2725
11365,1144,708,34.215,30.417,-0.0461,-0.0208,9.8117,-0.0125,0.0029,0.5288
11370,1154,715,34.164,30.485,0.0246,-0.0039,9.849,0.1701,-0.4511,-0.3059
11375,1166,710,34.171,30.51,0.0666,0.0392,9.8589,0.421,0.0057,-0.8881
11380,1172,714,34.221,30.57,0.0871,-0.0431,9.9321,0.1943,0.0057,0.1556
11385,1173,710,34.229,30.566,0.0156,-0.0742,9.8348,0.1973,1.3861,1.1607
11390,1177,717,34.163,30.435,0.0488,0.0232,9.8002,-0.5138,-0.1834,-0.6612
11395,1175,716,34.236,30.52,0.0768,0.0556,9.8034,-0.2225,-0.8953,0.167
11400,1180,720,34.268,30.547,0.0803,0.0537,9.7924,-0.0149,-0.5552,-0.2985
11405,1176,718,34.203,30.524,-0.0651,-0.0028,9.8613,-0.2658,-0.2598,0.1496
11410,1174,727,34.158,30.493,0.0332,0.0716,9.9054,-0.2631,0.9461,-0.3433
11415,1186,730,34.218,30.573,-0.0312,-0.0069,9.8187,0.2296,-0.7316,0.2975
11420,1192,733,34.204,30.423,0.0355,0.0015,9.7672,0.2987,0.2307,-0.3985
11425,1189,734,34.218,30.558,-0.0422,0.0121,9.8681,-0.355,-0.0884,0.6719
11430,1189,737,34.216,30.493,-0.0718,-0.0866,9.8344,0.0363,-0.4825,-1.1027
11435,1193,743,34.139,30.478,-0.0846,0.0376,9.7896,0.1237,0.4432,-0.2048
11440,1189,747,34.255,30.576,0.0208,0.0769,9.8098,0.0604,0.0844,0.6421
11445,1180,753,34.277,30.432,0.0561,-0.0072,9.8451,0.1199,0.5888,-0.5908
11450,1174,754,34.139,30.521,-0.0696,-0.0278,9.8416,-0.3601,0.7745,-0.0568
11455,1183,762,34.137,30.516,-0.0174,-0.0517,9.8391,-0.2967,0.2536,0.3609
11460,1175,763,34.224,30.442,0.0295,-0.0204,9.7114,1.0555,0.6257,0.301
11465,1173,768,34.207,30.536,0.0359,0.0059,9.8364,0.0927,0.5906,-0.277
11470,1174,775,34.213,30.51,0.0404,-0.0579,9.8623,-0.4879,0.2809,0.3197
11475,1180,771,34.148,30.544,0.04,0.013,9.7437,-0.3029,-0.5352,0.2544
11480,1160,778,34.257,30.581,0.027,0.1674,9.799,0.8703,-0.3527,0.6227
11485,1156,789,34.196,30.521,-0.0199,-0.1059,9.8027,-1.1791,0.0983,0.3824
11490,1158,790,34.195,30.509,-0.0412,-0.0148,9.814,0.6657,-1.0463,0.1096
11495,1155,794,34.181,30.507,0.1013,0.034,9.78,-0.1913,-0.0798,0.5813
11500,1151,806,34.211,30.569,-0.0084,-0.0571,9.8457,-0.5088,0.9147,0.5939
11505,1147,806,34.191,30.559,0.0117,0.0023,9.8426,0.191,0.4025,0.2673
11510,1146,806,34.131,30.398,-0.0083,-0.0072,9.8741,-0.3728,-0.068,0.4612
11515,1135,815,34.193,30.509,0.0092,-0.0002,9.8469,0.7947,0.1212,0.0183
11520,1136,822,34.301,30.549,0.05,0.1011,9.8229,-0.5041,-0.1211,1.0916
11525,1133,822,34.172,30.439,-0.0834,-0.0254,9.8691,-0.1511,0.0706,-0.6454
11530,1133,825,34.144,30.431,-0.0251,-0.0301,9.8799,-0.1105,-0.529,0.0102
11535,1128,831,34.145,30.422,-0.0379,-0.0048,9.8194,-0.3113,-0.4526,0.3287
11540,1118,830,34.21,30.603,-0.058,0.0136,9.8821,0.2191,0.2559,-0.4396
11545,1121,833,34.168,30.463,-0.0071,-0.0787,9.7539,0.9428,0.2554,0.1809
11550,1119,837,34.204,30.565,-0.0484,-0.0116,9.8699,0.7413,-0.8497,-0.0086
11555,1103,841,34.174,30.549,0.0046,-0.0622,9.8666,0.4073,0.7931,0.6134
11560,1120,847,34.104,30.505,-0.0468,0.0137,9.7489,-0.3029,-0.7957,0.0075
11565,1112,852,34.259,30.452,-0.0304,0.0322,9.8616,-0.4892,1.2385,-0.3681
11570,1116,849,34.183,30.495,-0.0131,-0.0344,9.8758,-0.3204,-0.5269,0.0142
11575,1106,857,34.128,30.539,0.0107,0.0929,9.8157,-0.4138,-0.3296,0.7846
11580,1097,860,34.154,30.475,-0.0344,-0.0956,9.7614,0.4282,-0.3616,-0.8497
11585,1093,856,34.207,30.485,-0.0707,-0.0426,9.7792,0.0338,0.0254,-0.8624
11590,1103,863,34.24,30.505,0.0073,0.0897,9.7346,0.5125,0.2815,0.404
11595,1088,862,34.237,30.544,0.0533,-0.011,9.7522,-0.226,-0.1649,-0.2559
11600,1095,866,34.227,30.475,0.0025,0.0666,9.7943,0.0105,-0.1179,-0.1757
11605,1088,864,34.178,30.511,0.0394,-0.0071,9.8497,0.0163,-0.2324,0.5404
11610,1085,867,34.205,30.565,0.0074,-0.0109,9.7513,0.1755,-1.0299,0.3682
11615,1083,862,34.214,30.415,-0.0131,-0.0169,9.8485,-0.2339,0.2602,-0.0887
11620,1076,864,34.061,30.552,0.0222,0.0124,9.8162,0.5508,-0.6762,0.1867
11625,1079,864,34.193,30.528,0.0005,-0.0218,9.8048,0.4139,-0.304,0.2955
11630,1069,865,34.162,30.504,-0.0636,-0.0151,9.8272,1.323,1.1634,0.9267
11635,1074,860,34.214,30.519,-0.0966,-0.1206,9.8816,0.0817,0.7637,0.1189
11640,1064,865,34.243,30.519,0.0559,-0.0365,9.8094,-0.3378,0.1897,-0.4195
11645,1072,866,34.183,30.48,0.0066,0.0483,9.8235,-0.5031,-0.3605,0.0347
11650,1061,865,34.172,30.493,-0.082,-0.0837,9.7169,0.4604,0.0791,-0.5198
11655,1063,864,34.223,30.438,0.0183,0.0243,9.7539,-0.8194,0.153,0.7998
11660,1055,858,34.203,30.527,0.0318,0.0381,9.7607,-0.6099,0.3743,0.3006
11665,1037,863,34.124,30.477,-0.002,-0.133,9.7339,-0.2729,0.3024,0.5838
11670,1037,862,34.162,30.527,-0.0439,-0.0852,9.7991,-0.8153,-0.1826,0.5804
11675,1040,857,34.186,30.585,-0.0017,0.0587,9.7889,-0.3608,-0.3259,0.5141
11680,1035,855,34.167,30.555,0.012,0.0489,9.8244,0.2369,0.3702,-0.0901
11685,1032,855,34.158,30.494,0.0644,0.0537,9.7679,0.8532,-0.9934,-0.2905
11690,1022,858,34.173,30.566,0.0548,0.0133,9.7933,0.0288,-0.309,-0.1572
11695,1020,855,34.197,30.498,-0.0497,0.0021,9.882,-0.0247,-0.1639,0.8052
11700,1011,850,34.167,30.551,-0.0756,0.0192,9.8184,-0.1428,-0.1646,0.2397
11705,995,852,34.24,30.594,-0.0111,-0.0572,9.8405,0.4683,0.229,0.0843
11710,988,845,34.213,30.522,0.0787,-0.0458,9.8458,-0.3782,0.383,0.83
11715,978,848,34.173,30.519,0.0696,-0.019,9.8357,0.6501,0.1837,-0.5431
11720,980,850,34.203,30.533,0.1373,-0.029,9.7976,-1.1685,0.2636,-0.204
11725,961,849,34.23,30.451,0.0088,-0.0811,9.8825,0.8515,-0.2421,-0.308
11730,949,847,34.207,30.463,0.0243,0.0704,9.7534,0.056,0.8551,-0.8661
11735,940,837,34.267,30.527,-0.0291,0.0587,9.8012,-0.4221,0.3568,-1.34
11740,937,840,34.272,30.48,-0.0343,0.0324,9.7861,0.576,1.1821,0.108
11745,930,843,34.222,30.483,-0.0115,0.1108,9.7369,0.0806,0.0246,0.1143
11750,920,838,34.195,30.509,0.0046,0.0207,9.7877,-0.3051,-0.5878,-0.2461
11755,905,841,34.179,30.49,0.0877,0.0084,9.8035,-1.1363,1.1803,-0.0853
11760,893,840,34.156,30.539,0.0473,-0.0122,9.7591,-0.3704,-0.4358,-0.0485
11765,881,836,34.173,30.437,0.0517,-0.0202,9.8166,0.6778,-0.1805,-0.1439
11770,871,833,34.15,30.544,0.0148,-0.0286,9.8684,-0.471,0.1818,0.3729
11775,864,834,34.124,30.485,0.0254,0.0599,9.8244,0.358,-0.3218,-0.6984
11780,852,841,34.197,30.581,-0.0279,-0.0001,9.8461,0.7531,0.2326,0.1175
11785,849,829,34.154,30.52,0.0334,-0.0705,9.8134,-0.1748,-0.9055,-0.3999
11790,845,830,34.161,30.469,-0.0892,0.0019,9.738,-1.0232,0.0415,0.7725
11795,835,836,34.204,30.508,0.0251,-0.0075,9.8061,-0.1696,0.8152,0.0772
11800,823,833,34.225,30.517,0.0584,0.0524,9.7903,1.0969,-0.1689,0.3815
11805,820,831,34.192,30.536,0.0027,-0.0174,9.7995,0.3436,0.3364,0.7823
11810,810,827,34.086,30.487,-0.0151,-0.0103,9.7835,0.4318,0.773,0.0094
11815,791,826,34.184,30.478,-0.0417,-0.0486,9.7942,-0.3645,-0.7768,0.6763
11820,785,830,34.22,30.549,0.0965,-0.0428,9.9312,0.279,-0.529,0.4861
11825,779,830,34.233,30.633,0.0021,-0.0091,9.7916,0.1781,0.1601,-0.8873
11830,765,826,34.184,30.446,0.0636,-0.0199,9.7876,-0.335,0.3574,0.3577
11835,761,826,34.222,30.525,-0.0328,-0.0515,9.9531,0.2286,0.5793,-0.9214
11840,764,824,34.184,30.409,0.0444,0.0115,9.7544,-0.519,-0.8679,-0.5316
11845,764,822,34.144,30.48,-0.036,-0.0478,9.7987,-0.2104,-0.4851,-1.7143
11850,747,820,34.236,30.501,-0.0066,0.0543,9.8488,0.1417,0.7048,0.4134
11855,753,816,34.295,30.599,-0.0249,0.0335,9.7151,0.176,0.7161,-0.3185
11860,756,817,34.159,30.49,-0.0356,-0.0911,9.8359,-0.5337,0.1913,0.0947
11865,750,814,34.28,30.537,0.0483,-0.0225,9.8062,0.8829,-0.5782,-0.0156
11870,751,817,34.2,30.566,-0.0189,-0.0313,9.715,0.4102,-0.6041,-0.5208
11875,754,815,34.194,30.448,-0.0282,-0.0626,9.7782,0.0315,-0.2171,-0.3299
11880,748,811,34.232,30.526,0.0359,0.0246,9.7563,0.0576,0.552,-0.6509
11885,749,811,34.181,30.496,0.0336,0.0579,9.8325,0.1479,0.0661,-0.1021
11890,756,810,34.199,30.456,-0.0193,0.032,9.8136,-0.5203,0.5258,-0.1722
11895,762,805,34.217,30.512,0.0553,-0.031,9.7446,0.4016,-0.1704,0.142
11900,754,800,34.209,30.488,0.0165,-0.0196,9.8978,-0.0735,0.0201,-0.565
11905,768,793,34.144,30.575,0.0247,0.0042,9.8151,0.6069,0.8014,0.0334
11910,779,794,34.298,30.456,0.0958,0.0222,9.9101,-0.0538,0.6972,-0.5407
11915,779,795,34.221,30.497,0.0283,0.0225,9.7788,0.5339,0.4896,0.7809
11920,791,788,34.163,30.428,0.0413,-0.0408,9.8625,0.2038,-0.449,0.7683
11925,804,789,34.128,30.522,0.0138,0.006,9.797,-0.1389,-0.8816,1.1882
11930,803,783,34.166,30.445,0.0375,0.0617,9.9,-0.5466,-0.3642,0.1539
11935,813,778,34.168,30.499,0.035,-0.0012,9.8194,1.0406,0.1503,-0.4167
11940,815,779,34.266,30.515,0.0347,0.0275,9.9079,-0.6299,0.1142,0.3444
11945,837,772,34.292,30.601,-0.0072,-0.0341,9.8176,-1.5573,0.2834,0.35
11950,854,773,34.127,30.565,0.0374,-0.0066,9.8325,-0.4866,0.9645,-0.1905
11955,857,768,34.205,30.498,0.0125,-0.0279,9.8261,-0.4467,-0.8181,-0.1815
11960,877,762,34.099,30.487,-0.0118,-0.0363,9.8859,0.2374,-0.562,0.5697
11965,874,757,34.228,30.537,0.0373,-0.0587,9.8267,0.4077,0.2647,0.9361
11970,901,758,34.266,30.428,-0.0016,0.0032,9.8729,0.5643,0.3452,0.3601
11975,926,759,34.188,30.54,0.0739,0.0319,9.7322,0.1482,0.9757,0.3835
11980,921,750,34.196,30.475,0.0386,0.0101,9.7454,0.2226,-0.8123,0.5567
11985,946,749,34.176,30.499,-0.1379,-0.0275,9.7725,-0.8388,0.074,-0.0395
11990,949,745,34.198,30.489,-0.0545,0.0379,9.8429,-0.7932,-0.9569,0.6714
11995,971,739,34.163,30.502,0.0171,-0.011,9.8279,0.1244,-0.424,-0.7335
12000,983,739,34.276,30.475,0.073,0.0212,9.8366,-0.4032,0.0059,0.1167
12005,989,735,34.254,30.476,-0.0315,-0.047,9.7299,0.7169,0.1987,-0.1541
12010,1012,729,34.243,30.573,-0.0195,0.0834,9.8815,-0.275,-0.7331,-0.0072
12015,1017,727,34.184,30.564,-0.0712,-0.0228,9.8492,0.1031,-0.0469,-0.0633
12020,1041,723,34.182,30.5,-0.0078,-0.0232,9.8498,-0.0012,-0.0337,-0.0433
12025,1051,720,34.181,30.553,0.02,0.0077,9.7865,0.3356,-0.1359,-0.4708
12030,1058,723,34.219,30.547,-0.0062,-0.0089,9.8469,0.2571,-0.3116,0.444
12035,1065,717,34.137,30.456,-0.0013,0.0255,9.8275,0.0967,0.1323,-1.1297
12040,1076,716,34.129,30.529,0.049,-0.0485,9.7117,0.0245,1.0538,-0.2179
12045,1094,712,34.179,30.541,-0.066,0.0251,9.7969,0.299,-0.4864,0.7682
12050,1107,712,34.181,30.455,-0.0123,-0.0591,9.7713,0.1744,0.194,-0.7941
12055,1120,714,34.131,30.558,0.0025,0.0723,9.7807,-0.1038,0.2207,-0.3037
12060,1118,708,34.144,30.46,0.0102,0.0089,9.8207,-0.3513,-0.9566,-0.0409
12065,1128,709,34.229,30.571,-0.0843,0.1181,9.8014,0.9012,-0.2221,0.7872
12070,1140,713,34.153,30.529,-0.0645,-0.0395,9.7085,0.6171,-1.0007,0.214
12075,1151,717,34.179,30.457,-0.0965,0.0346,9.8158,-1.2291,-0.2231,-0.2274
12080,1161,707,34.277,30.561,-0.0158,0.0409,9.7781,0.2393,0.1903,0.5181
12085,1166,719,34.144,30.541,0.0428,0.0755,9.7715,-0.0151,1.3992,-0.8953
12090,1159,713,34.193,30.49,-0.0572,0.0169,9.807,-0.863,-0.3677,-0.4092
12095,1170,714,34.157,30.515,0.0536,0.0577,9.7464,0.1186,-0.2435,-0.2142
12100,1186,717,34.219,30.488,-0.0497,-0.0812,9.7244,-1.055,-0.5258,-0.9262
12105,1176,716,34.176,30.488,0.0013,0.0216,9.7552,-0.368,0.0181,0.2429
12110,1181,720,34.238,30.505,0.0246,-0.0785,9.6983,-0.4531,0.6807,-0.9613
12115,1188,722,34.129,30.423,0.0323,0.0501,9.7275,-0.2367,0.3943,-0.224
12120,1181,731,34.257,30.525,-0.0382,0.0462,9.8097,0.4351,-0.3799,-0.014
12125,1179,726,34.18,30.592,-0.0015,0.0184,9.8581,-0.3841,-0.1658,0.6215
12130,1185,740,34.202,30.547,-0.0461,-0.0433,9.8901,0.3431,-0.313,-0.4612
12135,1182,735,34.263,30.498,0.0283,0.0349,9.8156,0.6582,-0.1493,0.089
12140,1188,735,34.24,30.529,0.0848,0.03,9.7871,-0.5291,-0.026,-0.0087
12145,1181,750,34.207,30.506,-0.019,0.0635,9.7568,-0.6858,-0.7742,-0.7068
12150,1185,745,34.205,30.562,-0.0026,-0.1079,9.887,-0.1853,0.5068,0.8235
12155,1181,745,34.279,30.525,0.0483,-0.0404,9.8031,0.7116,-0.0939,-0.6011
12160,1186,755,34.222,30.551,-0.048,0.0897,9.7916,-0.3542,-0.1106,-0.446
12165,1190,755,34.185,30.428,0.0465,-0.0484,9.815,-0.6094,-0.3782,-0.3806
12170,1179,771,34.131,30.565,0.015,0.0148,9.8228,0.1899,-0.2848,0.8385
12175,1175,777,34.252,30.483,-0.0367,0.1502,9.8803,0.4809,-0.3209,-0.4121
12180,1168,777,34.2,30.491,0.0235,0.0167,9.7342,-0.0417,0.5144,0.6008
12185,1162,780,34.205,30.57,0.012,-0.0192,9.7397,-0.0332,0.0498,0.8646
12190,1160,787,34.171,30.495,-0.0642,-0.0718,9.7986,0.0317,-0.3973,-0.637
12195,1158,790,34.193,30.544,0.0255,0.1097,9.8149,0.7946,0.1067,-0.8814
12200,1161,793,34.241,30.481,-0.0047,-0.0997,9.8348,0.4955,0.68,-0.5146
12205,1154,803,34.214,30.516,0.0108,0.0569,9.8882,-0.0147,0.5881,-0.5159
12210,1151,804,34.193,30.481,0.0032,0.1061,9.806,-0.5041,-0.7417,-0.2224
12215,1147,809,34.252,30.562,0.0311,0.0837,9.7798,-0.2238,0.4293,0.2286
12220,1132,808,34.218,30.597,0.0315,0.0061,9.8364,-0.1823,-0.2625,0.7744
12225,1138,811,34.2,30.624,0.0157,0.1399,9.796,-0.2324,-0.4689,-0.5307
12230,1133,819,34.265,30.573,0.006,0.1067,9.812,-0.684,-0.3117,-0.9638
12235,1126,826,34.294,30.386,-0.0069,0.0761,9.8681,0.164,-0.2758,-0.3203
12240,1117,831,34.216,30.525,-0.014,-0.0051,9.8478,-0.6313,0.4376,0.0206
12245,1119,833,34.229,30.53,-0.0132,0.0653,9.7023,0.0635,-0.4319,-0.0419
12250,1130,833,34.085,30.452,-0.0861,0.0276,9.8386,0.4444,-0.8867,-0.3173
12255,1118,842,34.275,30.537,0.0412,0.0845,9.7679,0.3068,-0.1613,0.0731
12260,1118,842,34.188,30.552,-0.0323,-0.0257,9.8239,0.3516,-0.3841,-0.0285
12265,1115,851,34.06,30.485,0.0936,0.036,9.844,-0.5519,0.4415,0.3837
12270,1111,851,34.167,30.475,0.0152,-0.0222,9.8057,-0.1251,-0.0983,0.1485
12275,1099,852,34.191,30.526,0.0298,-0.0117,9.8036,-0.1187,-1.1934,0.69
12280,1104,848,34.127,30.514,0.0174,0.0287,9.8028,0.5901,-0.3207,0.1066
12285,1097,854,34.249,30.556,-0.0198,0.0154,9.8708,0.3793,0.6181,0.0281
12290,1097,858,34.149,30.54,-0.0056,0.0233,9.7986,0.0751,-0.1566,0.6935
12295,1095,862,34.219,30.537,-0.0295,-0.011,9.7693,0.0948,-0.6357,-0.2406
12300,1099,864,34.167,30.586,-0.0065,0.0087,9.8415,0.0464,-0.583,-0.4302
12305,1093,859,34.192,30.547,-0.0175,-0.0497,9.8571,0.2135,0.6503,0.6859
12310,1095,866,34.28,30.528,-0.0617,0.0046,9.8614,0.249,-0.1478,0.3797
12315,1096,861,34.213,30.567,-0.0121,-0.0563,9.788,0.5427,-0.0878,-0.3816
12320,1094,860,34.231,30.465,-0.0099,0.0763,9.7588,-0.4922,-0.2823,-0.337
12325,1078,865,34.222,30.494,0.0574,-0.0995,9.8066,-0.4929,0.1346,-0.3227
12330,1074,861,34.197,30.47,-0.0166,-0.0709,9.8521,0.7178,0.6322,-0.6433
12335,1071,867,34.206,30.445,-0.0592,-0.0583,9.738,0.8743,-0.5825,-0.0245
12340,1076,868,34.209,30.469,-0.02,0.0549,9.791,0.919,-0.5626,0.6876
12345,1079,863,34.285,30.541,0.0461,-0.0819,9.721,-0.5568,-1.3937,0.0518
12350,1067,869,34.175,30.579,-0.0192,-0.0105,9.819,-0.3842,0.3133,0.3196
12355,1060,861,34.276,30.519,0.0452,0.0741,9.7341,0.8036,-0.695,0.2998
12360,1063,861,34.104,30.529,-0.0706,-0.0422,9.8004,0.7466,-0.1873,0.3101
12365,1054,858,34.101,30.48,-0.0441,0.0835,9.8537,-0.2149,-0.0064,-1.0974
12370,1052,859,34.221,30.548,0.0073,0.0435,9.8718,0.5334,-0.2539,0.5849
12375,1046,858,34.253,30.587,-0.0243,0.0778,9.7765,0.9649,-0.3271,0.6296
12380,1040,859,34.15,30.512,-0.0735,-0.0548,9.7247,-1.1474,0.9613,0.1646
12385,1031,859,34.166,30.499,0.0443,-0.0121,9.7403,0.2149,-0.3566,0.0456
12390,1033,856,34.216,30.519,0.0157,-0.0021,9.8489,-1.0329,0.2155,0.0581
12395,1023,856,34.196,30.554,0.0193,-0.0645,9.7909,0.4925,0.0894,-0.3317
12400,1028,855,34.179,30.506,0.0058,0.1233,9.7831,-0.4896,0.7879,0.2458
12405,1011,852,34.275,30.504,0.0428,0.0505,9.8007,-0.5903,-0.1327,0.4966
12410,1006,852,34.242,30.573,0.0505,0.0011,9.8282,0.6691,-0.29,-0.0255
12415,991,848,34.244,30.552,0.0171,0.0702,9.8097,0.6144,0.5434,0.238
12420,982,854,34.16,30.612,-0.0525,0.008,9.868,0.3172,0.397,-0.061
12425,973,849,34.174,30.568,0.0325,-0.0114,9.8161,0.6098,-0.0311,0.1589
12430,974,853,34.181,30.531,0.0086,0.0038,9.7874,0.5604,0.5576,0.0202
12435,956,845,34.17,30.51,0.096,-0.0192,9.9159,-0.3233,0.2291,0.2264
12440,945,842,34.247,30.521,-0.0506,0.0719,9.7972,-0.4138,-0.0546,-0.0668
12445,939,840,34.192,30.403,-0.0656,-0.1533,9.7786,-0.143,-0.5394,0.7508
12450,933,840,34.169,30.549,-0.046,0.022,9.786,0.1764,0.1522,0.0081
12455,929,836,34.16,30.465,-0.0054,0.0139,9.6962,0.9082,0.688,-0.4271
12460,904,837,34.184,30.484,-0.0192,0.0153,9.8949,0.2696,0.1613,0.6155
12465,900,841,34.135,30.515,0.0213,0.0337,9.7886,0.342,-0.2357,0.1436
12470,895,840,34.163,30.636,0.0095,0.0262,9.8296,-0.157,0.2332,-0.4614
12475,875,841,34.22,30.496,-0.0376,0.0113,9.7437,0.101,-0.4005,0.8717
12480,865,839,34.214,30.546,-0.0941,-0.0224,9.8847,0.1693,0.1523,-1.1708
12485,861,838,34.335,30.48,-0.0663,-0.0872,9.7675,-0.3104,0.2122,0.6663
12490,859,835,34.194,30.554,0.0416,-0.0287,9.7089,-0.9108,-0.767,0.1446
12495,840,832,34.134,30.485,0.0311,-0.0224,9.7455,-0.0783,-1.2354,0.9867
12500,831,828,34.226,30.502,-0.0039,0.037,9.7731,0.4924,0.4507,0.255
12505,826,834,34.188,30.579,0.0105,-0.0623,9.8312,-1.1095,-0.2522,-0.1331
12510,812,828,34.164,30.525,0.0505,-0.1001,9.7293,0.8524,0.1925,0.7129
12515,811,835,34.131,30.476,-0.0374,0.0437,9.8837,-0.8957,-0.1857,0.6483
12520,792,830,34.201,30.584,0.006,-0.0198,9.8095,0.032,0.2047,0.2153
12525,786,830,34.135,30.482,0.0501,0.1137,9.7876,0.1419,0.3905,0.4098
12530,785,826,34.179,30.524,0.0565,-0.0178,9.7794,-0.0333,0.2286,1.1799
12535,770,832,34.133,30.52,-0.003,0.0789,9.7551,0.1067,0.7498,-0.1979
12540,764,830,34.265,30.639,0.0329,0.0499,9.7118,0.1607,0.4937,-0.1348
12545,767,822,34.235,30.591,-0.0907,-0.1103,9.8262,0.2228,-0.132,-0.4166
12550,760,825,34.31,30.557,-0.0223,0.0728,9.8222,-0.4636,-0.025,0.453
12555,757,819,34.209,30.595,0.0797,-0.0382,9.7705,0.3895,0.1178,0.0855
12560,757,823,34.159,30.527,-0.0119,-0.0366,9.7293,0.2129,-0.3026,0.6351
12565,756,822,34.085,30.632,0.0658,-0.0535,9.8184,0.666,0.2416,0.6101
12570,748,819,34.19,30.461,0.0208,-0.0047,9.7968,-0.7347,-0.1878,-0.1268
12575,743,817,34.156,30.533,0.0808,-0.0775,9.8198,0.2083,-0.9529,-0.0957
12580,746,810,34.207,30.492,-0.0385,0.0208,9.8405,-1.1125,-0.3932,0.0557
12585,756,810,34.209,30.484,0.0827,0.0066,9.8394,-0.4419,-0.2485,0.6857
12590,760,807,34.241,30.527,-0.0189,-0.0223,9.8061,0.1395,0.5818,0.98
12595,757,808,34.124,30.513,0.0854,-0.0473,9.8036,0.4875,-0.2428,-0.2747
12600,754,808,34.246,30.493,-0.0537,0.0178,9.7923,0.3758,0.4639,0.5664
12605,760,795,34.194,30.504,-0.0187,-0.0717,9.9367,-0.07,-0.2055,-0.1296
12610,764,798,34.226,30.57,0.0331,0.1086,9.8882,-0.3384,-0.1403,0.5562
12615,772,799,34.185,30.503,-0.0157,-0.0357,9.8529,-0.5731,0.3311,0.1226
12620,781,794,34.12,30.561,-0.0302,-0.0205,9.8377,0.5006,-0.2433,0.2757
12625,787,789,34.097,30.588,0.0244,-0.0011,9.8132,0.2859,-0.4628,0.3149
12630,787,790,34.119,30.467,-0.0006,-0.0472,9.8178,-0.9048,-0.474,0.3357
12635,803,785,34.139,30.554,-0.0131,0.044,9.8242,-0.2349,0.2303,-0.4746
12640,803,785,34.21,30.507,0.0565,-0.0053,9.7956,-0.4067,-0.3809,-0.1956
12645,823,780,34.243,30.508,-0.036,-0.027,9.8021,0.5452,0.1642,0.114
12650,836,774,34.156,30.475,-0.0105,0.1427,9.7543,-0.3118,-0.0877,0.1953
12655,854,774,34.239,30.297,-0.0521,0.0035,9.6968,0.4708,-0.2486,-0.3479
12660,860,765,34.274,30.523,-0.035,-0.0001,9.8072,-0.8493,-0.4014,-0.0486
12665,876,762,34.197,30.572,0.0103,0.0072,9.8446,-0.4493,0.6837,-0.1744
12670,882,767,34.228,30.529,0.0452,-0.0328,9.8203,0.1196,-0.7367,-0.356
12675,896,757,34.167,30.48,-0.0033,-0.0963,9.851,0.9838,-0.1461,-0.3419
12680,906,759,34.169,30.444,0.0702,0.0254,9.8302,0.8885,-0.3875,0.26
12685,924,750,34.137,30.432,-0.0216,0.0524,9.7403,-0.0229,-0.1923,-0.734
12690,933,755,34.168,30.453,-0.0125,-0.0143,9.8354,-0.4586,-0.0908,-0.1333
12695,947,742,34.226,30.548,-0.0005,-0.0025,9.8312,-0.7265,1.2983,0.869
12700,960,738,34.19,30.498,0.066,-0.0055,9.7996,-0.4497,-0.202,0.9031
12705,976,732,34.127,30.531,0.0018,-0.0479,9.867,-0.0581,-0.8669,0.0248
12710,985,737,34.119,30.421,0.0277,-0.0794,9.7388,0.5587,-0.1148,0.1877
12715,998,734,34.22,30.527,-0.0512,-0.004,9.7828,-0.3283,0.379,-0.3548
12720,1021,730,34.276,30.487,-0.0283,0.1127,9.8292,0.1987,1.0845,0.6126
12725,1025,726,34.218,30.571,0.0752,-0.0854,9.8045,-0.0857,-0.2098,0.9051
12730,1042,721,34.11,30.46,0.0235,0.0503,9.8192,0.1897,-0.0783,-0.0752
12735,1041,722,34.184,30.428,-0.0102,-0.0368,9.8849,0.7274,-0.2657,0.0348
12740,1073,720,34.252,30.526,0.0313,-0.0197,9.7908,-0.1908,0.0935,-0.0307
12745,1071,717,34.178,30.504,0.0689,-0.0224,9.8502,0.1731,0.205,0.5484
12750,1082,713,34.259,30.583,-0.0835,0.0185,9.8405,-0.476,-0.0455,-1.2258
12755,1101,715,34.201,30.52,0.0126,0.0253,9.7815,0.2909,0.0075,0.0944
12760,1106,714,34.343,30.455,-0.0241,-0.0194,9.798,0.2735,0.2208,-0.709
12765,1117,716,34.157,30.447,0.0025,-0.0567,9.8392,0.1978,0.7886,-0.1715
12770,1127,712,34.209,30.518,0.0114,0.0364,9.8914,-0.1529,0.5732,0.1281
12775,1140,712,34.235,30.546,-0.0227,0.0094,9.8015,-0.118,-0.4651,-0.0862
12780,1139,710,34.162,30.521,-0.0402,-0.0508,9.7864,-0.0043,-0.1037,0.0891
12785,1157,710,34.196,30.443,-0.0542,-0.0056,9.7998,-0.1982,0.1643,-0.0211
12790,1158,713,34.22,30.435,-0.0094,-0.0297,9.8931,-0.3566,-0.5683,0.9274
12795,1168,713,34.174,30.517,0.0283,-0.0843,9.782,0.8996,-0.3677,-0.8199
12800,1166,709,34.169,30.428,-0.0718,-0.0187,9.8309,-0.4352,-0.6117,0.2223
12805,1184,715,34.129,30.547,0.0788,0.0286,9.8429,-0.4274,-0.1899,0.8081
12810,1172,719,34.211,30.469,-0.0652,-0.0335,9.785,0.1679,-0.5488,-0.1972
12815,1174,720,34.13,30.435,0.0419,0.0533,9.8438,-0.2527,0.0403,0.2765
12820,1186,721,34.187,30.511,0.0353,-0.0273,9.8269,0.0011,0.2737,0.5889
12825,1190,731,34.248,30.54,0.0341,0.0415,9.9305,-0.8742,0.7646,0.449
12830,1195,726,34.158,30.488,0.0224,0.0042,9.8306,-0.7053,0.7502,0.1751
12835,1182,734,34.254,30.607,0.0202,-0.0139,9.7978,-0.1193,-0.5096,0.3021
12840,1183,734,34.098,30.434,-0.0209,0.0396,9.8512,0.4113,-0.3489,-0.0545
12845,1177,735,34.2,30.59,-0.0072,-0.0262,9.8301,0.2498,-0.2241,0.3845
12850,1185,738,34.158,30.532,-0.0562,-0.2002,9.7881,0.6817,-0.0449,-0.8863
12855,1182,745,34.219,30.496,0.0134,0.0046,9.7951,1.2452,-1.1568,-0.2188
12860,1188,744,34.242,30.5,0.0696,-0.0556,9.7567,0.5449,0.0304,-0.6809
12865,1181,754,34.146,30.532,0.0491,0.0187,9.8206,-0.2599,0.1051,-0.3333
12870,1183,760,34.126,30.557,0.0216,-0.0749,9.7427,0.775,-0.3887,-0.2119
12875,1190,768,34.146,30.498,-0.0392,0.0391,9.8078,0.5505,0.312,0.8931
12880,1173,767,34.203,30.486,-0.0271,0.0133,9.7779,-0.0536,-0.8011,0.5434
12885,1179,771,34.191,30.518,-0.0088,0.0291,9.8234,0.4707,0.2212,0.2771
12890,1169,775,34.234,30.507,0.1504,0.0658,9.821,0.2532,0.3319,-0.5039
12895,1167,784,34.251,30.543,0.0394,-0.0287,9.8156,0.3266,0.4659,0.5899
12900,1164,789,34.26,30.49,-0.0395,0.0253,9.717,-0.3762,-0.4273,-0.1914
12905,1148,792,34.16,30.579,0.0461,-0.0231,9.8387,0.9467,-0.3264,0.1243
12910,1156,794,34.209,30.394,-0.0027,0.0102,9.7676,-0.0508,-0.2632,-0.7702
12915,1156,804,34.207,30.479,-0.0561,-0.0291,9.8482,0.2069,-0.4168,-0.2112
12920,1155,810,34.254,30.544,-0.0239,0.0506,9.652,-0.0416,-0.0319,-0.0719
12925,1143,806,34.151,30.5,-0.0106,0.0729,9.7855,0.7801,-0.0387,-0.6656
12930,1140,815,34.2,30.539,-0.0899,-0.0066,9.7894,-0.4821,0.7936,0.1037
12935,1135,815,34.212,30.478,-0.0204,0.0269,9.8643,0.0372,-0.8702,0.7035
12940,1126,829,34.216,30.508,-0.0243,-0.0381,9.791,0.2502,0.3258,-0.9902
12945,1127,826,34.168,30.48,0.0281,-0.0327,9.6884,-0.0147,0.3522,0.3173
12950,1123,831,34.207,30.521,0.0344,-0.0104,9.8045,0.6212,-0.4736,0.1054
12955,1118,837,34.172,30.604,-0.0885,0.0779,9.7332,0.5728,0.2718,-0.0694
12960,1129,838,34.162,30.545,-0.0312,-0.1041,9.8518,-0.2848,-0.2315,-0.2319
12965,1113,842,34.264,30.528,0.0623,-0.0838,9.8325,-0.1316,0.4139,0.2345
12970,1107,842,34.238,30.536,0.0236,-0.075,9.8616,0.0611,-1.2102,0.8271
12975,1097,851,34.267,30.631,-0.0433,-0.0204,9.8599,-0.0008,0.0593,-0.7428
12980,1106,850,34.137,30.564,-0.0285,-0.0101,9.9279,0.0012,-0.0611,-0.493
12985,1104,850,34.198,30.459,0.0314,-0.0451,9.7599,0.9241,0.1739,-0.148
12990,1105,857,34.247,30.498,-0.0889,-0.0446,9.8973,0.4037,-0.8292,0.4381
12995,1106,855,34.193,30.537,0.0059,-0.1387,9.8413,0.5768,1.163,0.1993
13000,1094,857,34.307,30.469,0.0189,0.0703,9.8228,0.258,0.5298,1.5167
13005,1098,860,34.193,30.527,-0.013,0.0878,9.9119,0.5803,-0.1319,-0.0563
13010,1090,866,34.165,30.523,-0.0457,-0.0563,9.8736,0.4298,-0.1451,-0.0554
13015,1099,864,34.268,30.486,0.0552,0.0304,9.8414,-0.2842,0.0769,-0.3429
13020,1090,860,34.202,30.508,0.0007,0.0064,9.7546,0.425,-0.584,1.0777
13025,1085,867,34.158,30.5,-0.0048,-0.0632,9.7569,-0.1567,-0.2269,-0.7047
13030,1082,867,34.163,30.54,-0.0155,-0.0591,9.8842,0.1717,0.2388,-0.6624
13035,1083,864,34.153,30.58,0.1116,-0.0894,9.7806,0.4027,-0.2191,1.1011
13040,1075,865,34.263,30.502,-0.058,-0.0071,9.7842,0.2749,-0.7159,0.8289
13045,1072,868,34.13,30.481,-0.0094,-0.0296,9.8063,0.071,0.3006,0.3558
13050,1070,867,34.196,30.486,0.0536,-0.0258,9.78,0.0952,0.2365,-0.3736
13055,1073,866,34.186,30.433,0.0395,0.0817,9.926,0.4955,0.4987,-1.3937
13060,1071,863,34.206,30.46,-0.029,-0.0293,9.7846,0.0285,0.6048,-0.075
13065,1053,859,34.179,30.43,0.0122,-0.0178,9.7975,0.5913,0.2457,-0.1431
13070,1058,861,34.195,30.566,-0.0264,0.0325,9.8766,-0.6087,-0.0074,-0.749
13075,1056,868,34.174,30.403,-0.0809,-0.0637,9.804,0.6013,-0.74,-0.2337
13080,1060,863,34.21,30.511,-0.0686,-0.0362,9.7737,0.6954,0.2226,0.3334
13085,1041,854,34.22,30.612,-0.003,-0.0402,9.7973,-0.1991,0.2598,-0.1979
13090,1034,858,34.212,30.476,-0.0304,-0.0333,9.8545,-0.1762,0.5026,0.0359
13095,1027,857,34.193,30.508,-0.1048,-0.082,9.8408,-0.387,-0.2841,-0.3217
13100,1023,855,34.152,30.526,-0.0012,0.015,9.8689,0.4142,-0.1004,-0.3332
13105,1013,857,34.202,30.491,-0.0677,0.0547,9.749,-0.1305,-0.0879,0.0449
13110,1016,854,34.337,30.518,-0.0442,0.1629,9.8157,-0.0982,0.3391,-0.4706
13115,1004,855,34.17,30.478,-0.0008,-0.0338,9.8211,-0.8248,0.1155,-0.113
13120,1002,851,34.231,30.483,0.0427,0.0178,9.8446,0.3662,-0.3346,0.4873
13125,986,847,34.234,30.538,-0.0299,0.0036,9.7604,0.033,-0.2031,0.6553
13130,974,845,34.207,30.587,-0.0192,-0.0625,9.8133,0.8381,-0.443,0.9924
13135,976,847,34.143,30.516,-0.081,0.0317,9.7728,0.7365,-0.7314,-0.5549
13140,958,845,34.302,30.638,-0.057,0.0228,9.8925,0.1031,-0.2886,-0.4661
13145,955,847,34.179,30.483,-0.0127,0.0404,9.8225,0.3062,0.629,0.1467
13150,945,843,34.068,30.602,0.0629,-0.0393,9.8041,-0.5574,0.4929,-0.2912
13155,931,842,34.118,30.436,-0.0094,0.0268,9.972,0.0411,-1.1392,-0.7148
13160,919,840,34.277,30.519,-0.0174,-0.0703,9.8666,-0.1847,-0.3592,-0.9572
13165,911,839,34.17,30.5,0.0409,0.0476,9.782,0.4614,-0.6232,-0.5275
13170,902,838,34.124,30.462,0.0619,0.0867,9.8116,-0.0693,0.5817,0.086
13175,890,837,34.177,30.457,0.0264,0.0952,9.8016,-0.8804,-0.9844,0.5277
13180,889,835,34.127,30.553,0.0407,-0.041,9.7779,-1.2021,0.1132,0.7149
13185,879,833,34.23,30.49,0.0604,0.0538,9.7382,0.2082,-0.0165,0.6508
13190,869,835,34.192,30.472,-0.0549,0.0407,9.8696,-0.171,0.0965,1.2641
13195,851,835,34.22,30.512,0.0103,-0.0961,9.7515,-0.2155,-0.8306,0.5284
13200,846,833,34.158,30.548,0.0792,-0.0621,9.8519,0.2631,-0.5043,0.2637
13205,834,834,34.206,30.529,0.0449,-0.0521,9.7901,-0.7436,0.0903,-0.3366
13210,823,833,34.201,30.507,0.0173,-0.0275,9.8392,-0.6965,-0.308,-0.8734
13215,827,829,34.161,30.476,-0.0924,0.0403,9.7918,0.1916,-0.0879,-0.1859
13220,805,825,34.139,30.583,0.0102,-0.0717,9.7738,-0.2435,-0.604,0.2665
13225,802,827,34.075,30.429,-0.0251,-0.0193,9.7948,0.0273,0.3119,-0.0185
13230,795,827,34.175,30.475,0.0395,0.0475,9.8045,-0.4044,0.0662,0.1662
13235,783,830,34.246,30.529,0.0546,0.0832,9.7857,0.0278,-0.5517,0.1526
13240,782,828,34.224,30.462,0.0505,0.0234,9.8162,-0.2446,0.7427,-0.474
13245,762,824,34.112,30.575,0.0644,0.0685,9.8039,0.197,-0.2844,0.1305
13250,767,821,34.165,30.533,-0.004,0.0417,9.8467,-0.5212,-0.1374,-0.128
13255,765,825,34.138,30.518,0.0405,0.0621,9.7869,0.5561,0.0929,0.2155
13260,753,821,34.191,30.506,-0.0283,-0.0575,9.8011,-0.4971,-0.2539,-0.0758
13265,752,822,34.247,30.485,0.0771,0.0112,9.8324,-0.0634,-0.1729,0.6826
13270,745,817,34.231,30.567,0.0587,-0.1067,9.8643,0.5518,0.6283,0.6995
13275,749,815,34.21,30.565,0.0478,0.0012,9.7559,0.3813,-0.0915,-0.1485
13280,749,816,34.206,30.55,-0.0312,-0.0789,9.7909,-0.6537,-0.2838,-0.8152
13285,744,813,34.233,30.505,-0.0137,0.0239,9.9052,-0.2793,0.1385,-0.5977
13290,743,810,34.263,30.356,-0.0334,-0.0533,9.8265,0.7536,0.3727,0.0376
13295,750,810,34.236,30.485,-0.0407,0.0481,9.8039,1.0037,-0.0812,0.4814
13300,746,809,34.218,30.548,-0.0833,-0.1102,9.865,0.3869,0.2816,-0.6019
13305,758,805,34.235,30.535,-0.0014,-0.049,9.8093,-0.2471,-0.1669,-0.2983
13310,758,806,34.207,30.529,0.0201,0.0465,9.7677,0.2563,-0.2672,0.0259
13315,766,806,34.171,30.533,0.0566,0.0147,9.8114,-0.6311,0.3672,-0.2958
13320,773,800,34.215,30.463,-0.0501,0.0564,9.7842,-0.7898,0.1397,0.4594
13325,771,787,34.189,30.532,0.0053,-0.0217,9.8667,1.4179,-0.4698,-0.4731
13330,784,790,34.14,30.496,-0.0128,-0.031,9.848,-0.5038,0.083,-0.2958
13335,791,784,34.234,30.589,0.0334,0.0624,9.7671,0.8585,-0.3885,0.448
13340,794,784,34.208,30.56,0.0797,-0.0132,9.82,-1.0632,0.1004,-0.7733
13345,807,785,34.268,30.569,0.0438,-0.1586,9.9113,0.0118,-0.0428,-0.0771
13350,814,778,34.127,30.493,0.0432,0.1404,9.7968,0.0139,0.7445,-0.128
13355,817,775,34.216,30.527,-0.0184,0.0343,9.8113,0.7612,0.3672,0.1739
13360,839,775,34.195,30.483,-0.0517,0.0393,9.83,-0.7584,0.0448,0.2684
13365,850,769,34.259,30.436,-0.0795,0.052,9.7888,-0.6678,-0.8722,-0.4145
13370,861,764,34.156,30.58,0.009,0.103,9.8047,0.2678,-0.6082,-0.3162
13375,877,761,34.127,30.462,-0.0162,0.02,9.8038,0.2564,0.9869,1.3592
13380,887,760,34.214,30.558,0.0203,-0.0234,9.7784,0.0639,0.5851,-0.9
13385,904,755,34.143,30.521,0.0422,0.0957,9.8114,-0.2294,-0.6415,0.0877
13390,914,748,34.165,30.462,0.0924,-0.1139,9.8021,0.7952,0.5811,-0.1988
13395,934,752,34.172,30.512,0.1111,-0.0426,9.7866,0.4405,-0.3257,0.1616
13400,941,747,34.3,30.547,0.0742,-0.085,9.7777,-0.1301,-0.5492,-0.3224
13405,949,744,34.204,30.512,-0.0219,-0.046,9.9119,0.2206,-0.1399,0.8583
13410,972,742,34.223,30.549,-0.0291,-0.0208,9.7769,0.3816,0.5183,0.1544
13415,976,732,34.181,30.509,0.0483,0.0838,9.8171,-0.0329,-0.1224,-0.7856
13420,1001,732,34.177,30.483,0.0844,-0.0183,9.8578,-0.289,-0.355,0.5502
13425,1008,735,34.348,30.403,-0.0243,0.0529,9.8299,-0.5611,-0.5028,0.3356
13430,1020,730,34.116,30.516,0.0542,-0.0238,9.844,-0.0633,-0.4713,-0.25
13435,1033,729,34.169,30.489,-0.0594,-0.0032,9.7441,-0.1395,0.5664,-0.3606
13440,1047,725,34.165,30.544,-0.0317,-0.0038,9.8294,-0.202,-0.194,-0.9485
13445,1051,724,34.214,30.498,0.0003,0.0966,9.8192,0.2689,0.392,0.3005
13450,1074,717,34.197,30.487,-0.0687,-0.0155,9.8236,0.1119,-0.8074,0.1363
13455,1084,722,34.193,30.603,-0.0069,-0.0282,9.8231,-0.5315,0.1389,-0.1782
13460,1095,716,34.169,30.5,-0.0386,0.0194,9.7613,0.9946,-0.2426,0.1251
13465,1107,712,34.105,30.463,0.009,0.0797,9.8412,-0.8225,-0.973,0.385
13470,1126,707,34.2,30.552,-0.0069,-0.1409,9.8116,0.6695,0.2246,0.1913
13475,1132,715,34.234,30.506,-0.0695,-0.0119,9.8137,-0.0759,0.1346,0.5231
13480,1134,706,34.198,30.543,0.0149,0.0028,9.7568,-0.5541,0.2739,0.5651
13485,1143,711,34.279,30.521,0.1065,-0.0036,9.8437,0.0123,-0.0939,0.7573
13490,1142,712,34.23,30.391,0.02,-0.1006,9.7514,0.0494,-0.3599,0.437
13495,1153,713,34.255,30.548,-0.0521,0.0717,9.8453,0.8884,0.9728,0.4367
13500,1161,713,34.177,30.51,0.019,0.07,9.8508,0.4444,-0.2871,-0.5668
13505,1171,718,34.237,30.502,-0.0015,-0.0069,9.766,0.1128,-0.08,1.0341
13510,1169,714,34.194,30.508,-0.0677,0.0364,9.7923,0.1092,0.8437,-0.1553
13515,1177,715,34.16,30.476,0.0381,-0.0625,9.9174,0.0306,-0.0614,-0.1776
13520,1184,725,34.242,30.505,0.0,-0.0084,9.8557,0.4869,0.0047,0.6196
13525,1187,717,34.247,30.527,-0.038,0.061,9.851,0.1395,0.6746,-0.6512
13530,1178,727,34.158,30.48,-0.0156,0.0498,9.8633,-0.4609,0.2516,-0.2329
13535,1188,728,34.174,30.504,0.0336,0.0661,9.8259,-0.1769,0.7824,-0.1065
13540,1182,735,34.157,30.658,0.0033,0.0591,9.9164,0.0186,-0.0479,-0.3634
13545,1192,729,34.273,30.513,-0.0101,0.0135,9.7955,0.8999,0.0255,0.0222
13550,1187,733,34.17,30.568,-0.0508,0.0403,9.8933,-0.4297,0.0229,-0.4738
13555,1188,738,34.285,30.453,-0.0474,0.0737,9.7965,-0.3709,0.2598,-0.3309
13560,1183,742,34.23,30.491,-0.0542,0.0821,9.7992,-0.0197,-0.6309,-0.2324
13565,1188,752,34.266,30.506,-0.0114,0.0323,9.8455,0.9895,0.1779,0.0561
13570,1183,748,34.234,30.453,-0.0782,-0.0046,9.7969,-0.3882,-0.5746,-0.3337
13575,1176,758,34.18,30.502,-0.0946,-0.0597,9.8939,0.2293,-0.7988,0.7561
13580,1184,759,34.145,30.613,0.0514,0.0276,9.8419,0.1652,0.1884,-0.2953
13585,1173,768,34.218,30.505,0.0702,-0.0596,9.8521,-0.0241,-0.6759,-0.5526
13590,1181,772,34.271,30.421,-0.0403,-0.0794,9.7895,0.5376,0.3111,0.142
13595,1175,773,34.148,30.455,0.0856,-0.0688,9.8084,-0.6278,0.5405,0.2
13600,1173,781,34.237,30.52,-0.0149,-0.0456,9.8581,-0.0938,-0.7722,-0.6312
13605,1169,788,34.283,30.531,0.0948,0.0435,9.8489,-0.4597,-0.5638,-0.4944
13610,1155,790,34.145,30.513,0.0236,-0.0469,9.8051,0.1095,1.2824,0.1863
13615,1159,795,34.139,30.599,-0.0166,0.0284,9.8919,0.3615,-0.1531,-0.0017
13620,1154,797,34.181,30.599,-0.0227,0.1557,9.809,-0.1689,-0.1222,-0.6866
13625,1145,800,34.249,30.505,0.0557,-0.0533,9.8329,0.5574,0.2282,0.414
13630,1144,806,34.203,30.504,0.013,0.0436,9.8501,-0.7455,0.3881,0.6771
13635,1144,813,34.225,30.474,-0.0064,-0.0151,9.9054,-0.0869,0.3889,0.0486
13640,1138,813,34.203,30.519,0.08,0.0845,9.8005,-0.0369,0.751,0.0791
13645,1132,822,34.13,30.58,0.0441,0.0163,9.7756,0.2283,-0.0399,-0.1455
13650,1127,828,34.203,30.446,0.0145,0.0443,9.8055,0.5978,0.2392,0.1348
13655,1122,824,34.161,30.547,-0.0214,-0.0063,9.7642,-0.3333,0.9201,0.7297
13660,1118,838,34.23,30.527,-0.001,-0.0892,9.8485,-0.7071,0.5572,0.0779
13665,1118,837,34.205,30.508,-0.0085,-0.038,9.8316,0.6972,0.1589,-0.3001
13670,1116,838,34.257,30.519,0.0208,-0.019,9.8044,-0.0395,-0.0202,-0.7115
13675,1114,842,34.153,30.448,-0.0109,0.0375,9.7804,0.0687,-0.9539,0.3826
13680,1113,850,34.175,30.508,-0.034,-0.0758,9.7319,-0.5519,-0.2997,0.5652
13685,1110,851,34.211,30.576,0.0625,0.0749,9.8632,-0.1271,-0.059,-0.1053
13690,1108,847,34.244,30.53,-0.0081,-0.0017,9.8123,-0.4497,0.5988,0.3011
13695,1103,860,34.197,30.487,-0.0361,-0.0236,9.647,0.025,0.1606,-0.2559
13700,1092,854,34.215,30.519,-0.039,0.0189,9.8157,-0.1401,-0.0283,-0.3874
13705,1104,860,34.168,30.562,-0.0267,0.0554,9.8337,-0.2591,0.6345,0.2443
13710,1100,867,34.172,30.576,-0.0005,-0.008,9.8622,0.2673,-1.1365,-0.624
13715,1103,863,34.2,30.584,-0.014,0.0128,9.8553,1.2172,0.332,0.0093
13720,1092,862,34.171,30.432,-0.132,0.024,9.8144,0.1266,0.0222,-0.2607
13725,1087,863,34.22,30.524,-0.0412,-0.0205,9.811,-0.5211,0.3538,0.0918
13730,1091,863,34.205,30.468,-0.0669,-0.1361,9.8624,-0.6703,0.4642,-0.0134
13735,1093,867,34.161,30.513,-0.0192,0.0148,9.7982,0.1632,0.318,0.766
13740,1088,866,34.189,30.516,0.0081,-0.1353,9.8356,0.6096,0.6483,-0.1143
13745,1079,857,34.155,30.509,-0.0665,-0.0796,9.8058,-0.2777,-1.0866,0.3908
13750,1066,866,34.189,30.422,-0.0001,-0.0717,9.8299,0.3419,-0.1214,-0.2193
13755,1075,866,34.132,30.533,-0.0384,-0.002,9.884,-0.5981,1.0028,0.624
13760,1064,866,34.316,30.461,0.0409,0.0544,9.8666,0.3556,-0.0473,0.4511
13765,1063,863,34.184,30.556,-0.0205,-0.0308,9.8239,0.2403,-0.0046,-0.0478
13770,1060,861,34.215,30.529,0.0287,-0.0595,9.7577,0.0778,0.329,-0.9894
13775,1059,866,34.152,30.562,0.0534,0.0216,9.7644,-0.406,-0.227,-0.0461
13780,1060,868,34.128,30.427,0.0264,0.0332,9.8221,0.1319,-1.4494,0.3863
13785,1043,860,34.209,30.506,0.0217,-0.0279,9.7825,0.0857,0.5983,0.2465
13790,1037,862,34.133,30.53,0.0602,0.0136,9.8538,-0.4452,0.4589,-0.6603
13795,1032,858,34.158,30.49,-0.0545,-0.076,9.8355,0.6408,0.3037,-0.3377
13800,1039,860,34.214,30.535,0.088,-0.0556,9.8432,-0.011,-0.0828,-0.3946
13805,1033,856,34.22,30.567,-0.0098,-0.0257,9.8624,0.1147,0.4275,0.1165
13810,1019,856,34.202,30.535,0.0093,0.0403,9.7511,0.2656,-0.8476,0.1881
13815,1010,846,34.266,30.555,0.0561,-0.0456,9.8148,-0.3745,0.9551,-0.2719
13820,998,852,34.135,30.487,-0.0533,0.0525,9.7522,-0.3861,-0.8709,0.1585
13825,995,852,34.203,30.58,0.0702,0.0001,9.7921,0.0924,-0.3635,0.5726
13830,997,849,34.169,30.544,-0.0045,0.0972,9.8617,0.16,0.86,0.0883
13835,986,852,34.266,30.496,0.0161,0.0597,9.7675,1.1357,0.2721,-0.0684
13840,968,854,34.27,30.582,-0.0492,-0.0045,9.8394,-1.0634,0.2206,0.9191
13845,966,847,34.292,30.506,-0.0021,0.0226,9.7981,-0.0075,1.136,-0.3148
13850,960,842,34.089,30.366,0.011,0.025,9.8013,0.4437,-0.0602,0.0159
13855,950,845,34.168,30.546,-0.0118,-0.1037,9.841,0.5757,-0.879,0.6458
13860,927,843,34.17,30.533,-0.0218,-0.01,9.7547,-1.3446,0.1273,0.1564
13865,931,836,34.179,30.574,0.0576,0.0643,9.8901,-0.6645,-1.0603,-0.2979
13870,926,836,34.216,30.452,0.0088,0.0569,9.7734,0.436,0.159,0.5149
13875,907,835,34.122,30.532,-0.0702,-0.0381,9.7947,0.1046,-0.1503,-0.722
13880,893,836,34.173,30.527,-0.0474,-0.0404,9.7627,0.2174,0.3067,-0.0482
13885,886,835,34.133,30.482,0.0224,-0.0456,9.7973,-0.2176,-0.3739,-0.1944
13890,879,835,34.251,30.5,0.014,-0.0082,9.8476,-0.0681,-0.523,-0.307
13895,867,834,34.238,30.455,-0.0062,0.0251,9.7876,-0.9101,-0.2173,0.1372
13900,861,838,34.163,30.369,-0.0093,-0.1474,9.7129,0.1263,-0.3777,-0.9496
13905,848,837,34.191,30.506,-0.0007,-0.0019,9.8609,-0.1631,-0.4996,-0.1896
13910,840,834,34.211,30.455,0.0272,-0.0137,9.7723,-0.4252,-0.0301,-0.5015
13915,829,827,34.218,30.608,-0.0215,0.0481,9.7459,-0.2625,0.4945,0.7249
13920,821,834,34.235,30.613,0.0145,-0.0453,9.7975,-0.0652,0.5738,0.8053
13925,824,830,34.188,30.431,0.022,0.058,9.7902,0.7008,0.2049,0.0693
13930,805,826,34.229,30.566,-0.0702,-0.0636,9.8794,0.0552,-0.7753,-0.1905
13935,805,835,34.169,30.539,0.0023,-0.001,9.8401,-0.3955,-0.4309,-0.4808
13940,791,830,34.189,30.544,-0.0159,0.0239,9.8289,-0.9203,-0.45,0.1732
13945,784,826,34.141,30.628,0.0145,0.0267,9.7485,-0.4529,-0.3111,0.1991
13950,778,822,34.249,30.585,0.011,0.0713,9.7707,0.2476,0.6844,-0.0529
13955,770,825,34.177,30.517,0.0561,-0.0278,9.7878,-0.284,0.3492,0.103
13960,760,824,34.202,30.478,-0.0299,-0.0373,9.771,-0.4134,0.2445,-0.0302
13965,758,826,34.203,30.622,0.018,-0.043,9.7857,0.3371,0.4557,0.4209
13970,755,817,34.126,30.48,-0.0763,0.0557,9.7411,0.07,0.8452,0.0881
13975,758,817,34.195,30.514,-0.0476,0.0143,9.7909,0.5677,0.1218,-0.1004
13980,761,825,34.2,30.434,0.0528,0.0041,9.8973,0.0759,0.4424,-0.0957
13985,741,819,34.136,30.505,0.059,-0.0572,9.8007,-0.3551,-0.2089,-0.0122
13990,749,816,34.193,30.627,-0.1046,0.0513,9.8398,-0.5416,-0.453,0.6152
13995,755,812,34.218,30.47,-0.0079,0.0894,9.8177,-1.0393,0.8588,-0.3354
14000,742,810,34.268,30.502,-0.0328,-0.0382,9.7753,-0.066,-0.5093,-0.0332
14005,750,814,34.195,30.547,-0.0693,0.0189,9.8547,0.1165,0.2338,-0.2648
14010,754,808,34.205,30.56,0.1028,-0.0335,9.7506,-0.2368,-0.5256,-0.4747
14015,761,807,34.165,30.487,-0.0119,0.012,9.7615,-0.1324,0.2957,0.4191
14020,756,800,34.157,30.522,-0.1038,-0.0386,9.8148,-0.43,0.6708,0.3132
14025,770,799,34.179,30.542,-0.021,0.0312,9.8188,0.2797,-0.7395,-0.1908
14030,769,795,34.218,30.52,-0.0478,-0.009,9.7882,-0.2315,0.3175,-0.3736
14035,778,791,34.261,30.528,-0.0306,-0.0412,9.7721,-0.6719,-0.128,0.896
14040,793,792,34.148,30.521,-0.0063,0.0168,9.7655,0.466,-0.4515,-0.6522
14045,804,784,34.197,30.489,-0.0277,-0.0492,9.7856,-0.1156,-0.5054,0.4504
14050,806,791,34.24,30.498,-0.0208,-0.0378,9.7986,0.0903,1.1865,-0.6192
14055,813,780,34.272,30.531,-0.0087,0.1119,9.7993,0.7826,0.1636,-0.2998
14060,832,781,34.271,30.462,0.0264,0.0015,9.7302,0.0822,0.4501,-0.0129
14065,837,774,34.221,30.468,0.0827,0.0803,9.7931,0.4236,-0.4917,1.1563
14070,849,770,34.213,30.497,0.0345,0.0222,9.7477,-0.053,0.3585,0.8862
14075,853,766,34.176,30.549,-0.0058,-0.0066,9.8265,-0.0386,-0.1342,0.1626
14080,881,763,34.084,30.528,-0.0572,-0.0442,9.8343,0.2038,-0.4643,0.5009
14085,880,756,34.199,30.509,0.0062,-0.0239,9.748,0.8829,-0.4699,-0.8044
14090,896,757,34.191,30.43,-0.0418,-0.0583,9.8627,-0.3365,-0.9641,0.6993
14095,909,755,34.17,30.498,-0.0009,0.0135,9.8348,-0.1296,0.2441,-0.309
14100,927,753,34.186,30.554,-0.0212,0.0761,9.7924,0.2525,-0.003,-0.0796
14105,941,743,34.176,30.582,-0.0657,-0.1075,9.8371,-0.0286,0.4627,-1.4746
14110,950,745,34.119,30.519,0.0215,0.0084,9.8293,-0.5192,-0.2719,0.4964
14115,965,741,34.236,30.488,0.0677,0.0811,9.7778,-0.0406,0.0841,-0.6701
14120,970,737,34.196,30.522,0.0133,0.0008,9.8554,-0.0514,0.0235,0.9109
14125,992,731,34.241,30.562,-0.0428,0.0165,9.7219,-0.0186,-0.3062,-0.432
14130,1010,734,34.189,30.551,-0.0103,0.048,9.8187,-0.2731,0.3223,-0.0816
14135,1022,731,34.175,30.375,0.0953,0.039,9.8317,-0.2308,-0.7682,-0.3419
14140,1029,725,34.213,30.47,-0.0007,-0.0073,9.8894,-0.4527,-0.3685,-0.241
14145,1052,723,34.207,30.504,-0.0071,0.0051,9.7565,-0.2119,0.2702,-0.1476
14150,1052,722,34.222,30.56,-0.0411,-0.0302,9.8046,0.4107,-0.9228,-0.3884
14155,1073,721,34.238,30.615,-0.0643,-0.0142,9.8032,0.3591,0.1482,0.6927
14160,1079,715,34.098,30.491,-0.0698,0.0262,9.8048,0.6481,-0.0352,-0.5991
14165,1079,715,34.207,30.528,-0.0134,-0.0319,9.7832,-0.3428,0.1963,0.2529
14170,1095,711,34.126,30.549,-0.0002,0.0448,9.818,0.3065,-0.123,-0.9411
14175,1116,716,34.22,30.556,-0.0512,-0.0509,9.7813,0.0096,-0.1483,-0.811
14180,1122,711,34.14,30.491,-0.0405,0.0331,9.7661,-0.0696,0.4157,-0.6803
14185,1126,713,34.171,30.565,-0.0212,-0.0405,9.7976,-0.3897,0.2387,-0.0491
14190,1142,713,34.171,30.618,-0.0672,0.0095,9.8803,-0.2091,-0.126,0.0524
14195,1142,713,34.195,30.491,-0.004,-0.0683,9.7992,0.1292,-0.4028,0.0898
14200,1152,706,34.129,30.591,-0.0122,0.0302,9.8456,-0.9419,-0.115,0.4245
14205,1154,711,34.201,30.514,-0.0314,-0.0506,9.8789,-0.0994,-0.5253,-0.9673
14210,1164,717,34.24,30.467,0.0087,-0.0093,9.8097,-0.7788,-0.4052,0.0602
14215,1171,715,34.252,30.6,-0.0196,0.0666,9.7639,-0.1227,-0.1244,1.0969
14220,1179,711,34.153,30.52,-0.0635,-0.024,9.7687,-0.213,-0.3567,-0.5696
14225,1183,714,34.155,30.563,-0.0384,0.0896,9.7429,-1.0129,-0.3511,-0.3267
14230,1184,722,34.214,30.555,-0.0693,0.0808,9.8526,-0.2609,0.6283,-0.1392
14235,1187,723,34.088,30.545,-0.0058,0.0274,9.8623,-0.601,0.2419,1.7256
14240,1186,721,34.214,30.484,-0.0168,-0.0267,9.922,1.2373,0.3634,0.7096
14245,1187,731,34.146,30.559,-0.0471,0.0126,9.7677,0.8544,0.1073,-0.975
14250,1191,731,34.088,30.518,0.0139,0.015,9.8023,0.3391,-0.4462,1.1924
14255,1185,733,34.202,30.565,0.0344,-0.0667,9.8361,-0.0976,0.2203,0.0821
14260,1189,732,34.167,30.479,-0.0027,-0.0151,9.767,0.4699,0.0026,-0.4943
14265,1195,745,34.209,30.477,0.0398,-0.0252,9.8131,-0.8542,0.1646,-0.859
14270,1185,744,34.244,30.49,0.0134,0.0209,9.8424,-0.0671,-0.0713,-0.1303
14275,1189,744,34.228,30.483,-0.0861,-0.0343,9.8161,-1.5357,-0.3348,0.1066
14280,1189,754,34.229,30.491,0.001,0.0333,9.781,0.3849,-0.2739,-0.1464
14285,1179,760,34.201,30.566,-0.0272,0.0381,9.8402,-0.3911,-0.3986,-0.0294
14290,1169,756,34.191,30.478,-0.0166,-0.0105,9.9019,0.1129,0.1569,0.4056
14295,1173,768,34.195,30.458,-0.0672,-0.0432,9.7652,-0.5462,0.1349,0.2735
14300,1174,773,34.223,30.539,-0.0448,-0.0062,9.7625,0.4216,-0.3866,0.045
14305,1175,776,34.21,30.552,-0.0129,0.0706,9.8273,-0.0775,0.2326,0.1539
14310,1177,783,34.192,30.483,0.0288,0.0058,9.8488,-0.234,0.5089,-1.2821
14315,1164,787,34.21,30.547,-0.055,-0.1237,9.7235,0.1091,-0.3236,0.3435
14320,1154,793,34.22,30.568,0.0217,0.086,9.755,-0.7391,0.2625,-0.31
14325,1155,797,34.231,30.502,0.001,-0.0378,9.8203,-0.1977,0.6185,-0.6978
14330,1151,802,34.173,30.505,0.0394,-0.022,9.8436,-0.3651,-0.0061,-0.4109
14335,1150,803,34.166,30.599,0.0779,-0.085,9.8356,-0.1798,0.7073,-0.0947
14340,1138,814,34.193,30.546,0.0067,-0.058,9.7541,0.3424,-0.0073,0.0729
14345,1142,815,34.276,30.528,0.0128,0.0489,9.7634,0.8207,-0.8534,0.5907
14350,1138,817,34.135,30.431,-0.0006,-0.0532,9.8547,-0.727,0.1635,0.3471
14355,1129,826,34.148,30.513,0.0087,0.0273,9.8823,0.7228,0.061,0.5538
14360,1128,826,34.166,30.466,-0.0361,-0.0593,9.8051,-0.0708,-0.5228,0.235
14365,1116,836,34.201,30.564,-0.0819,0.1309,9.7718,-0.8934,0.3152,-0.4046
14370,1120,832,34.137,30.623,-0.0022,0.0896,9.8654,-0.0356,-0.1325,-0.1728
14375,1126,835,34.192,30.555,-0.0128,0.064,9.7553,0.2377,0.6089,-0.8663
14380,1113,840,34.095,30.578,-0.132,-0.0025,9.9171,0.1104,-0.5135,1.4887
14385,1113,848,34.239,30.476,-0.0089,-0.0417,9.8429,-0.4361,0.3575,0.3364
14390,1113,846,34.293,30.537,0.0765,-0.0184,9.7937,0.589,-0.8822,0.259
14395,1112,846,34.292,30.455,0.0106,-0.0413,9.7597,-0.1737,-0.2399,-0.5399
14400,1104,852,34.144,30.462,-0.0244,0.0452,9.768,-0.596,0.0482,0.0877
14405,1105,855,34.167,30.505,0.005,0.0652,9.8189,0.2123,0.0651,0.1327
14410,1100,852,34.22,30.551,-0.0667,0.0103,9.8066,-0.185,-0.6314,-0.5375
14415,1103,854,34.17,30.516,-0.0854,0.0143,9.7874,0.4367,0.0703,0.0201
14420,1098,866,34.293,30.525,0.0254,0.0264,9.852,0.2265,-0.115,0.5585
14425,1092,860,34.3,30.591,-0.0828,-0.014,9.7812,0.6135,-0.1554,-0.4863
14430,1081,866,34.134,30.449,0.0491,-0.017,9.7578,-0.29,0.2119,-0.0563
14435,1095,867,34.246,30.589,-0.0376,0.0192,9.7885,-0.2018,0.4082,0.4222
14440,1091,861,34.227,30.54,0.021,-0.039,9.8231,0.2608,0.1885,0.4017
14445,1089,864,34.115,30.501,0.0007,0.0168,9.7912,-0.6968,-0.0618,0.0533
14450,1068,858,34.186,30.489,0.0812,0.0567,9.872,0.4474,-0.4176,-0.2734
14455,1075,867,34.184,30.531,-0.0937,0.0067,9.7751,0.9906,-0.7628,0.7291
14460,1074,869,34.178,30.486,-0.0489,0.0289,9.7974,-0.5403,-0.7018,0.2804
14465,1070,864,34.352,30.496,0.0894,0.0052,9.7617,0.2579,0.4984,0.1663
14470,1059,868,34.222,30.53,0.0219,-0.0684,9.8762,0.2357,-0.6144,-0.3578
14475,1064,865,34.138,30.538,0.0521,-0.0097,9.7661,0.5831,0.4139,-0.4985
14480,1065,867,34.197,30.52,0.0531,-0.0342,9.8441,0.052,0.3116,0.419
14485,1054,861,34.168,30.567,0.0278,0.064,9.8203,-0.385,-0.0593,0.6406
14490,1054,863,34.121,30.456,-0.0462,-0.0383,9.8034,-0.2971,-0.4397,0.08
14495,1056,860,34.204,30.599,-0.0676,0.004,9.7177,-1.3017,0.1343,0.286
14500,1050,866,34.213,30.51,0.0838,0.0208,9.8515,0.0078,0.0158,1.1863
14505,1035,857,34.246,30.601,-0.0183,0.0053,9.7994,0.4155,0.5791,0.0853
14510,1032,862,34.153,30.51,-0.0134,-0.0384,9.839,0.5879,-0.3603,0.3706
14515,1026,854,34.196,30.519,0.0295,0.0396,9.8128,-0.5679,0.4934,-0.0505
14520,1021,854,34.074,30.491,0.0433,0.0201,9.7441,-0.7576,-0.5372,-0.6369
14525,1013,853,34.216,30.542,0.0667,0.0709,9.8403,0.1672,-0.2504,0.192
14530,997,852,34.135,30.517,-0.0312,0.0161,9.7547,0.4146,0.2926,0.8262
14535,1002,855,34.185,30.562,-0.0623,0.0251,9.8113,-0.7337,0.079,0.2664
14540,988,847,34.232,30.495,-0.0331,0.0482,9.8523,0.7086,-1.0259,-0.4951
14545,975,849,34.174,30.47,0.0529,-0.0032,9.796,0.1226,0.9672,-0.0149
14550,970,847,34.148,30.5,-0.0522,-0.06,9.7667,0.1725,-0.167,0.388
14555,955,847,34.259,30.58,-0.1018,-0.0885,9.8397,0.3826,-0.7786,-0.5699
14560,949,841,34.202,30.556,-0.0037,-0.0545,9.8834,-0.2405,0.116,-0.2013
14565,944,841,34.118,30.456,-0.065,0.021,9.8965,0.2675,0.5275,0.0348
14570,931,841,34.172,30.596,0.0358,-0.0308,9.8433,0.2074,0.3954,-0.5604
14575,924,841,34.232,30.544,-0.022,-0.0835,9.8266,0.12,0.728,0.5664
14580,914,841,34.301,30.621,-0.0969,0.0155,9.7972,0.6543,-0.1413,-0.5761
14585,899,839,34.193,30.595,-0.0041,0.0141,9.8309,0.0543,-0.8201,-0.207
14590,886,840,34.225,30.551,0.0396,0.1187,9.7397,-0.0799,-0.2049,-0.397
14595,883,839,34.226,30.56,-0.0458,0.0848,9.8589,-0.4402,-0.1109,-0.985
14600,871,839,34.148,30.533,0.0319,-0.0048,9.8039,0.8123,0.8238,-0.4864
14605,858,837,34.155,30.504,0.0018,-0.0742,9.7387,-0.1123,-0.3511,-0.3051
14610,867,834,34.259,30.508,-0.0057,-0.0767,9.8456,0.5828,-0.3589,0.2262
14615,843,834,34.127,30.533,0.076,-0.0224,9.8381,-0.0495,0.4758,-0.0855
14620,838,838,34.203,30.523,-0.004,-0.0467,9.813,-0.6701,0.0361,0.1843
14625,831,837,34.25,30.49,0.0247,0.0092,9.7746,-0.3251,0.4665,0.1758
14630,816,829,34.163,30.451,-0.0472,0.0349,9.8035,-0.4302,-0.8589,0.0795
14635,805,832,34.17,30.567,0.0196,0.0539,9.8933,0.4003,-0.7677,0.5325
14640,798,833,34.256,30.528,-0.0224,0.0252,9.7655,-0.0018,0.4775,1.151
14645,786,831,34.317,30.529,0.0363,0.0123,9.6906,-0.2182,0.5719,-0.102
14650,775,830,34.262,30.553,-0.0077,0.0127,9.8045,0.5451,0.3392,0.3198
14655,780,823,34.181,30.497,0.0214,-0.0149,9.7975,-0.3502,-0.1711,0.0101
14660,770,826,34.127,30.425,-0.013,-0.0102,9.8287,0.3371,-1.3321,0.4117
14665,770,829,34.197,30.541,0.0351,-0.0449,9.8305,0.3063,0.7099,0.6896
14670,762,822,34.23,30.578,-0.0567,-0.0047,9.7356,0.1774,0.5685,0.0028
14675,758,822,34.151,30.453,-0.0227,0.0019,9.7546,1.4015,-0.3503,-0.7148
14680,751,823,34.144,30.473,0.044,0.0129,9.8016,-1.0547,-0.5105,0.9178
14685,749,823,34.222,30.529,-0.0296,-0.0248,9.767,0.1702,-0.3843,-1.2542
14690,745,820,34.233,30.618,-0.1198,0.0384,9.8187,-0.3949,0.1281,0.2406
14695,746,818,34.17,30.443,0.016,-0.0489,9.8474,0.7278,-1.0066,0.59
14700,745,816,34.331,30.541,0.0282,-0.0183,9.7701,-0.078,0.0481,-1.0909
14705,749,816,34.166,30.51,-0.0669,-0.0066,9.821,-0.7029,0.3846,0.0779
14710,747,812,34.263,30.49,-0.0332,-0.0039,9.781,0.2959,-0.6194,0.4262
14715,754,810,34.285,30.476,0.0054,-0.0727,9.7486,0.3354,0.2941,0.1866
14720,747,803,34.099,30.477,0.1205,0.0228,9.7768,-0.3285,0.2549,-1.7359
14725,754,800,34.132,30.536,-0.0013,-0.0028,9.8403,-0.1179,0.7708,-0.7028
14730,766,804,34.23,30.533,-0.1004,-0.0032,9.781,1.3191,-0.1453,0.0308
14735,776,796,34.138,30.531,-0.0012,0.0117,9.8265,0.226,0.8693,-0.0297
14740,771,794,34.202,30.615,-0.0354,-0.0107,9.7819,-0.2025,0.7171,-0.6672
14745,782,796,34.233,30.473,0.0447,-0.0529,9.8543,-0.1188,-0.4976,0.4047
14750,795,783,34.139,30.558,0.0153,-0.0543,9.8352,-0.694,0.2786,-0.2358
14755,807,784,34.222,30.505,0.0715,-0.1107,9.9375,-0.0337,0.6035,0.1763
14760,811,782,34.23,30.508,0.0721,0.0439,9.8402,-0.1906,-0.2702,-0.1248
14765,833,774,34.235,30.49,0.0436,0.0531,9.8572,-0.4275,-0.7234,0.4852
14770,837,776,34.232,30.511,-0.0165,-0.0422,9.8118,0.4722,-0.3782,-0.4062
14775,842,778,34.18,30.512,0.0367,0.0057,9.7554,0.0814,-0.2611,0.1684
14780,857,767,34.202,30.482,-0.0882,-0.0559,9.8402,-0.2464,-0.6165,-0.1077
14785,861,767,34.132,30.514,-0.0226,-0.0166,9.8092,-1.1582,0.166,-0.4424
14790,869,765,34.22,30.569,-0.0324,-0.0504,9.8032,-0.0418,-0.1798,-0.033
14795,887,755,34.214,30.432,-0.0484,0.0498,9.7713,-0.1964,-0.3795,-0.3629
14800,909,757,34.173,30.507,-0.0205,-0.0926,9.8304,-0.363,-0.4215,-0.0835
14805,914,750,34.253,30.478,0.0131,-0.0348,9.7702,-0.592,-0.4269,0.4914
14810,927,743,34.19,30.482,0.0627,-0.0694,9.7792,0.0933,-0.2568,-0.1933
14815,946,745,34.181,30.542,0.0521,0.0231,9.7553,-0.4088,-0.7217,0.5871
14820,962,741,34.223,30.48,0.0301,0.0279,9.8436,-0.0935,0.2074,0.0022
14825,974,738,34.183,30.527,0.0095,-0.0494,9.699,0.9311,0.3985,-0.6633
14830,994,734,34.29,30.429,-0.0466,-0.0088,9.8525,-0.1715,0.6646,-0.9336
14835,1005,734,34.177,30.463,0.0235,-0.01,9.7935,0.1428,0.1315,0.0787
14840,1015,731,34.213,30.512,0.1528,-0.0112,9.8963,0.2377,-0.6014,0.5466
14845,1025,726,34.241,30.412,-0.0069,0.013,9.8174,1.1706,0.359,-0.4986
14850,1034,727,34.153,30.517,0.0573,0.0359,9.8388,-0.3439,0.1057,0.5138
14855,1044,723,34.212,30.686,-0.0144,0.0872,9.8153,-0.4234,-0.0065,-0.4139
14860,1062,719,34.16,30.446,-0.048,-0.0358,9.8674,0.138,0.497,0.8339
14865,1074,715,34.19,30.519,-0.0013,-0.0087,9.8458,-0.1318,-0.1624,-0.4698
14870,1074,716,34.21,30.475,0.1103,0.0572,9.8228,-0.1145,-0.1266,0.7023
14875,1097,721,34.27,30.527,0.0513,-0.0605,9.8836,-0.0176,-0.1758,-0.1153
14880,1115,711,34.214,30.618,0.0241,0.0647,9.8069,0.1178,-0.0174,-0.2832
14885,1116,715,34.274,30.474,-0.1021,-0.0519,9.8011,0.2646,-0.6046,0.2199
14890,1124,714,34.218,30.56,0.0036,0.0128,9.7831,0.4149,0.0261,0.5102
14895,1133,718,34.26,30.431,0.0043,-0.0349,9.7797,-0.0464,0.4211,-0.3516
14900,1142,709,34.243,30.513,0.0258,-0.0103,9.7652,0.0393,-0.3226,0.3154
14905,1149,714,34.263,30.452,-0.0081,0.0103,9.8029,0.1654,0.4943,0.5782
14910,1154,713,34.174,30.455,0.0191,0.0273,9.7424,0.036,-0.8262,-0.225
14915,1159,713,34.241,30.442,-0.006,-0.1044,9.8661,0.0505,0.5424,-0.1249
14920,1166,713,34.202,30.582,0.0044,0.0267,9.7937,0.3874,-0.2634,-0.2899
14925,1178,716,34.216,30.546,0.0213,-0.0562,9.7827,-0.5783,-0.3802,-0.5073
14930,1171,711,34.201,30.601,0.0194,-0.0405,9.7686,-0.5808,0.0618,-1.1789
14935,1170,721,34.218,30.521,-0.0877,0.0938,9.7481,1.2028,-0.1887,-0.3793
14940,1184,719,34.12,30.571,-0.08,-0.0666,9.8497,0.1152,-0.3561,-0.2765
14945,1185,722,34.266,30.434,0.0139,0.0852,9.8668,0.1621,-0.5929,-0.2778
14950,1184,731,34.204,30.492,0.0215,0.0819,9.792,-0.9234,-0.3317,0.2907
14955,1189,724,34.276,30.542,0.1151,0.0654,9.8632,-0.3483,0.3087,0.2022
14960,1181,735,34.26,30.46,0.0569,0.0009,9.7348,-0.7729,-0.389,-0.9361
14965,1190,737,34.15,30.421,0.0157,0.0682,9.83,0.5392,0.089,-0.499
14970,1193,742,34.169,30.497,-0.0413,0.1092,9.8023,0.1043,-0.48,0.4215
14975,1178,744,34.177,30.576,-0.0757,-0.0518,9.8376,-0.6506,0.3043,0.0739
14980,1192,745,34.121,30.512,0.0249,-0.0735,9.8012,-0.8059,-0.2601,-0.6509
14985,1180,755,34.22,30.509,0.0174,-0.0286,9.838,-0.0181,-0.2551,-0.8832
14990,1181,753,34.172,30.571,0.0841,-0.0237,9.7985,-0.103,0.7023,0.4133
14995,1170,761,34.167,30.494,0.0068,-0.027,9.8688,0.7844,0.096,0.5079
15000,1174,766,34.21,30.573,-0.0696,-0.0078,9.9215,0.4366,1.3026,-0.1743
15005,1175,770,34.145,30.491,-0.0023,-0.0061,9.836,0.2825,0.1833,-0.3005
15010,1168,775,34.194,30.469,-0.0391,-0.0273,9.7985,0.3847,0.493,1.11
15015,1161,780,34.158,30.52,-0.0363,0.0404,9.7834,0.0144,0.7633,-0.0556
15020,1164,787,34.223,30.533,0.0073,0.0117,9.8362,-0.4405,0.7549,0.889
15025,1156,791,34.151,30.457,0.0682,0.0997,9.8502,0.2322,0.168,-0.3873
15030,1153,794,34.22,30.52,0.0078,0.0397,9.8411,-0.4389,0.3784,0.2869
15035,1146,797,34.185,30.494,-0.0336,-0.0167,9.7886,-0.2182,-0.5772,-0.1271
15040,1149,803,34.195,30.431,-0.0812,-0.0176,9.7954,0.2412,0.7771,-0.1946
15045,1152,813,34.143,30.547,-0.017,0.0718,9.8011,0.9612,-0.1716,-0.6939
15050,1140,811,34.242,30.561,-0.0346,-0.0017,9.8436,0.5984,0.5788,0.4616
15055,1140,810,34.234,30.547,-0.0177,0.0212,9.8046,0.047,-0.5991,-0.314
15060,1137,822,34.161,30.475,-0.0761,-0.0444,9.731,-1.2906,0.2649,-0.3243
15065,1128,820,34.186,30.548,-0.0267,0.0699,9.8279,-0.0618,0.2435,0.754
15070,1129,826,34.192,30.588,0.037,0.0333,9.7841,0.1178,0.539,0.1736
15075,1128,832,34.145,30.436,0.0438,0.02,9.7627,-0.284,1.0682,-0.5303
15080,1120,830,34.194,30.51,-0.0034,-0.0638,9.8267,0.2149,0.7104,0.7332
15085,1120,838,34.201,30.506,-0.0169,0.0518,9.7481,0.6072,0.8247,0.6142
15090,1112,842,34.197,30.474,0.0334,0.0531,9.7938,0.8464,0.0783,0.0479
15095,1112,846,34.226,30.436,0.0693,-0.0374,9.7075,-0.4233,-0.478,-0.4083
15100,1109,852,34.171,30.539,0.0054,0.0511,9.8266,-0.6159,-0.0682,-0.1469
15105,1106,857,34.14,30.502,0.0265,-0.0619,9.7205,0.6501,0.3014,-0.8883
15110,1112,853,34.237,30.59,-0.038,-0.0644,9.8922,-0.3286,-0.3596,-0.4397
15115,1103,856,34.158,30.506,-0.0897,-0.0879,9.8023,0.3377,0.1497,0.6881
15120,1088,858,34.168,30.407,-0.016,-0.1034,9.866,0.461,-0.3387,-0.5478
15125,1104,858,34.278,30.534,0.035,-0.0554,9.8143,-0.1573,0.4107,0.0023
15130,1092,863,34.238,30.489,0.0138,0.0385,9.8553,0.5456,0.1546,0.0791
15135,1090,862,34.257,30.562,-0.052,0.0305,9.7278,-0.1521,-0.5723,0.0953
15140,1088,860,34.159,30.501,0.0213,0.1087,9.8353,-0.03,-0.2934,-0.1475
15145,1083,867,34.147,30.477,0.0131,-0.0203,9.8644,-0.4394,-0.3289,0.4208
15150,1086,861,34.143,30.581,-0.0235,0.0474,9.7303,0.592,0.6648,-0.7293
15155,1083,864,34.24,30.485,0.0102,-0.0155,9.8141,0.8178,-0.6661,0.282
15160,1075,862,34.235,30.509,0.0192,-0.0561,9.9141,0.6692,0.4221,0.4888
15165,1081,870,34.203,30.547,-0.0258,-0.0459,9.8292,-0.5641,-0.5879,0.3056
15170,1063,865,34.236,30.464,0.0062,-0.0157,9.8424,-0.4061,0.919,0.8699
15175,1063,860,34.246,30.483,0.0481,0.0219,9.921,-0.6345,-0.4387,-0.2475
15180,1060,863,34.223,30.539,-0.0772,-0.0467,9.8863,0.3788,-0.0075,-0.3592
15185,1058,867,34.205,30.526,-0.0554,-0.014,9.7918,0.7169,0.3759,0.8255
15190,1052,862,34.306,30.539,0.0043,-0.0992,9.7454,0.2341,-0.0553,0.171
15195,1052,860,34.242,30.462,0.0712,-0.0211,9.8242,0.6327,0.1793,-0.7464
15200,1052,854,34.178,30.544,0.0023,-0.0127,9.8364,-0.285,-0.6611,0.7051
15205,1040,861,34.087,30.484,-0.0144,0.0136,9.8199,0.1592,0.2318,-0.606
15210,1029,860,34.155,30.51,0.0378,0.0429,9.8533,0.3107,-0.1171,0.7608
15215,1026,853,34.223,30.492,-0.0371,0.0006,9.7158,0.2818,0.0646,-0.6377
15220,1024,860,34.212,30.571,-0.0206,0.0412,9.8025,0.0063,0.0938,0.8718
15225,1022,849,34.116,30.589,-0.0034,0.0199,9.7425,-0.2581,0.3647,0.4431
15230,1021,854,34.197,30.499,-0.1619,-0.0677,9.7236,0.3828,0.7072,0.7466
15235,1008,849,34.214,30.561,-0.0023,0.0262,9.7682,0.1204,0.3405,0.2787
15240,1004,849,34.192,30.451,0.0192,0.045,9.926,0.2257,-0.2025,0.1975
15245,994,850,34.276,30.544,-0.0324,0.0446,9.6924,0.6584,-0.3425,0.4525
15250,986,848,34.207,30.576,0.0737,0.0356,9.7283,0.3632,0.6616,0.4701
15255,977,855,34.168,30.556,0.0116,-0.0031,9.8375,-0.265,0.7174,0.2404
15260,956,851,34.206,30.504,-0.0331,-0.0246,9.806,-0.829,-0.1095,0.09
15265,961,849,34.209,30.53,-0.0047,-0.0352,9.8525,-0.1504,1.7639,-0.618
15270,947,839,34.23,30.55,-0.0314,0.002,9.8589,-0.455,0.5813,0.4279
15275,934,844,34.277,30.543,0.0207,-0.0762,9.843,0.2479,0.0678,-0.1069
15280,914,844,34.26,30.472,-0.0455,-0.0579,9.8186,0.5282,-0.2381,0.1927
15285,923,839,34.232,30.587,-0.0106,0.0363,9.7721,0.8151,-0.4123,-0.0007
15290,903,838,34.215,30.563,-0.0345,0.0151,9.7374,0.1995,0.5594,0.12
15295,904,835,34.264,30.478,0.0877,-0.0098,9.7864,-0.1819,0.5378,-0.4529
15300,886,837,34.114,30.536,0.0548,-0.0114,9.735,0.0555,-0.0446,-0.0642
15305,883,839,34.144,30.488,0.0257,0.0182,9.7872,-0.2836,-0.2419,0.1597
15310,871,841,34.111,30.625,0.0676,0.0242,9.7898,-0.2507,-0.3963,0.1975
15315,852,834,34.202,30.49,0.0472,0.0167,9.7932,0.4507,0.6704,1.1293
15320,849,833,34.169,30.453,-0.0034,0.0086,9.7532,0.2041,-0.0359,-0.3571
15325,836,835,34.285,30.474,0.0574,-0.0279,9.7828,0.4721,0.1887,0.0908
15330,832,834,34.156,30.488,-0.0292,0.0055,9.7445,-0.2418,0.1605,-0.5925
15335,817,831,34.193,30.518,0.0059,0.1335,9.9076,0.2142,-1.3546,0.1543
15340,821,838,34.255,30.538,-0.008,0.0115,9.8181,-0.1409,0.3148,-0.6471
15345,807,828,34.213,30.469,0.0245,0.0606,9.8298,0.004,-0.537,0.5062
15350,789,832,34.172,30.572,0.0188,0.0897,9.8489,-0.2798,-0.7238,0.3788
15355,795,835,34.224,30.508,0.0321,-0.0362,9.7741,0.7381,0.1451,-0.3151
15360,784,825,34.22,30.53,0.0455,0.1125,9.7952,-0.5663,0.4643,0.5405
15365,779,828,34.161,30.503,-0.0125,0.0511,9.7567,0.65,1.0311,0.0428
15370,767,822,34.176,30.588,-0.0297,-0.0451,9.7596,0.4227,0.1691,-0.1941
15375,764,822,34.124,30.519,-0.0341,-0.0326,9.7195,0.3598,-0.4275,-0.3834
15380,755,823,34.237,30.532,-0.058,0.065,9.8262,-0.2909,-1.1548,-1.0702
15385,756,823,34.215,30.459,-0.0825,0.0094,9.8669,0.1296,-0.369,-0.03
15390,746,821,34.245,30.526,0.0703,-0.1133,9.9158,-0.8961,-0.3306,0.0157
15395,748,814,34.213,30.568,-0.0023,0.0008,9.7504,0.1244,-0.4639,0.9414
15400,753,818,34.282,30.564,-0.0706,-0.07,9.8506,0.22,-0.1407,-0.0133
15405,750,813,34.168,30.517,-0.027,-0.0069,9.8387,-0.4531,-0.5173,-0.16
15410,756,813,34.092,30.529,0.0037,-0.02,9.8113,0.1516,-0.4694,0.0833
15415,752,813,34.248,30.539,-0.0032,0.0663,9.7754,0.0642,-0.2571,-0.1629
15420,750,810,34.201,30.464,-0.0921,-0.0777,9.774,-0.4441,0.0669,0.5052
15425,753,810,34.244,30.472,-0.0782,-0.0015,9.8075,0.208,0.1821,-0.2305
15430,759,807,34.224,30.511,0.0411,-0.0375,9.7894,0.3634,0.4042,-0.462
15435,766,800,34.254,30.543,0.0001,0.0238,9.7915,0.139,0.2072,-0.6808
15440,762,798,34.198,30.458,-0.0188,-0.0692,9.8173,0.1016,-0.2893,0.1088
15445,782,795,34.18,30.505,-0.0873,0.0617,9.7318,0.789,0.5734,1.2165
15450,783,794,34.23,30.497,0.0208,-0.059,9.8551,-0.2337,-0.0479,-0.818
15455,775,789,34.071,30.585,-0.0099,-0.0175,9.8285,0.6968,-0.4932,-0.6613
15460,793,788,34.165,30.477,0.0087,-0.0371,9.7271,-0.2813,-0.545,0.4877
15465,806,787,34.227,30.497,-0.0091,0.03,9.7632,-1.2317,-0.4572,-0.2748
15470,815,782,34.231,30.589,-0.0317,-0.0348,9.6934,0.0893,0.1842,-0.0516
15475,824,783,34.128,30.61,-0.0203,-0.0266,9.7489,-0.1206,-0.6979,0.5879
15480,825,778,34.172,30.563,-0.0223,0.0053,9.7732,-0.6832,-0.2028,0.4679
15485,840,768,34.192,30.572,0.0195,0.023,9.8164,-0.475,-0.376,-0.0374
15490,855,767,34.231,30.539,-0.0115,0.0469,9.7731,0.1539,-0.1668,1.0516
15495,868,766,34.268,30.514,0.0178,-0.0654,9.7856,-0.7215,-0.5283,-0.8124
15500,877,758,34.162,30.497,0.0555,0.0124,9.9387,0.1078,0.478,0.0811
15505,897,757,34.237,30.611,0.0026,-0.0746,9.849,0.2185,-0.4157,-0.0165
15510,906,754,34.155,30.502,0.0007,-0.0843,9.6985,-0.2833,-0.1293,0.0857
15515,924,746,34.238,30.51,-0.0035,-0.0457,9.8081,-0.6636,0.0287,0.0369
15520,938,742,34.224,30.505,0.0182,-0.0385,9.8521,-0.4644,-0.3514,-0.158
15525,954,740,34.277,30.541,0.0095,0.0903,9.7735,0.9776,0.398,0.4533
15530,962,740,34.24,30.528,0.0704,-0.0029,9.8882,-1.1975,-0.3525,0.2258
15535,979,736,34.234,30.561,0.054,-0.0899,9.8225,-0.0367,1.0599,0.373
15540,992,731,34.18,30.54,-0.0507,0.0268,9.8112,-0.0537,0.0538,-0.541
15545,1002,728,34.178,30.56,0.0517,0.0729,9.8609,1.5023,-0.2811,0.0532
15550,1014,727,34.215,30.52,0.0222,0.0305,9.8784,0.6166,0.2196,0.1984
15555,1043,734,34.117,30.519,-0.1171,-0.0746,9.8034,0.2557,0.1597,0.0664
15560,1041,726,34.255,30.52,-0.006,-0.0303,9.8963,0.8203,0.2832,0.4405
15565,1056,716,34.196,30.54,0.0032,-0.0063,9.8584,-1.3665,-0.046,-0.8821
15570,1068,716,34.268,30.456,-0.0122,0.0124,9.7064,0.065,-0.8129,-0.6051
15575,1081,716,34.14,30.446,0.124,0.0893,9.7551,0.7072,-0.8047,0.5731
15580,1091,716,34.161,30.489,-0.0322,0.0496,9.9003,-0.0968,-0.6013,0.1895
15585,1103,713,34.149,30.552,0.0268,-0.0117,9.7994,-0.0878,-0.3736,0.5492
15590,1117,713,34.236,30.516,-0.0375,0.0037,9.8412,-0.3922,-0.3778,0.2477
15595,1126,714,34.194,30.567,0.0154,-0.0366,9.9253,0.138,0.0457,-0.0607
15600,1133,709,34.151,30.507,0.0911,0.0054,9.7047,0.3683,-0.5996,-0.3957
15605,1137,712,34.181,30.471,0.0843,-0.056,9.8297,-0.6366,-0.0713,0.7943
15610,1143,715,34.217,30.414,-0.0535,0.0426,9.84,0.1386,-0.2428,-0.4512
15615,1157,712,34.157,30.573,0.0946,-0.0157,9.784,-0.1757,-0.7952,-0.1318
15620,1162,712,34.23,30.528,-0.0244,-0.0502,9.8239,0.3509,-0.0271,-0.1449
15625,1169,707,34.181,30.541,0.0494,0.0568,9.7464,-1.1437,0.3942,-0.2302
15630,1165,717,34.167,30.45,0.0734,-0.0539,9.7427,0.0392,0.0775,-0.2634
15635,1174,722,34.22,30.538,-0.0445,-0.0242,9.7619,0.3334,-0.1393,0.0994
15640,1170,717,34.231,30.52,-0.0503,0.0942,9.8223,0.6647,0.3286,-1.0317
15645,1180,723,34.156,30.518,-0.0342,0.0572,9.798,0.9315,0.3702,-0.7313
15650,1183,721,34.237,30.479,0.0255,-0.0681,9.8126,0.3121,-0.1113,-0.2981
15655,1183,724,34.148,30.527,0.0301,0.0319,9.7733,-0.7929,-0.1047,0.4949
15660,1184,733,34.179,30.471,-0.0358,0.0082,9.7737,-0.5169,0.4562,0.4216
15665,1185,734,34.176,30.489,0.1385,-0.0059,9.7015,-0.1103,-0.6897,-0.4672
15670,1188,734,34.224,30.596,-0.0667,0.0458,9.7477,1.3511,-0.4562,-0.5701
15675,1192,732,34.214,30.505,0.0182,0.0558,9.841,0.2718,-0.5643,0.0539
15680,1192,742,34.225,30.553,0.1105,-0.0161,9.8287,-0.4828,0.3941,-1.3341
15685,1189,745,34.186,30.467,-0.0201,0.1578,9.8903,0.154,-0.9735,0.2507
15690,1185,751,34.255,30.531,0.0028,-0.0101,9.793,-0.1942,0.6358,-0.3385
15695,1188,755,34.247,30.546,0.014,0.0557,9.8341,-0.0746,0.1124,-1.2273
15700,1182,766,34.265,30.537,-0.0122,0.0126,9.7834,0.527,-0.3423,-0.3311
15705,1174,765,34.167,30.522,-0.0511,-0.0322,9.8253,0.2521,0.0701,-0.1177
15710,1170,769,34.226,30.57,-0.1184,0.1051,9.7969,-0.6187,0.7975,0.147
15715,1169,769,34.262,30.518,0.0272,-0.0304,9.7909,0.1765,0.027,0.3913
15720,1156,782,34.168,30.47,0.0356,0.0206,9.8538,0.4601,0.1165,-0.1682
15725,1171,784,34.31,30.544,-0.0283,0.0627,9.8216,-0.4434,0.627,-0.6914
15730,1170,788,34.194,30.51,0.0216,0.0862,9.6561,0.0794,-0.6701,-0.3054
15735,1159,791,34.149,30.474,0.0978,-0.0012,9.864,-0.6313,-0.6578,0.3216
15740,1162,798,34.229,30.483,-0.0213,0.0226,9.8762,-0.1491,-1.2985,-0.2844
15745,1147,796,34.25,30.497,0.0527,0.0654,9.892,0.3354,-0.5786,-0.963
15750,1155,804,34.133,30.519,0.0839,0.0895,9.7907,-0.2068,0.1688,-0.4307
15755,1149,811,34.204,30.506,-0.0246,0.0664,9.8123,-0.8151,0.1624,-0.5882
15760,1131,819,34.182,30.471,-0.0704,0.0215,9.6989,-0.9109,0.3709,-0.1066
15765,1132,819,34.199,30.583,-0.0127,-0.0217,9.8675,-0.259,-0.5927,0.5274
15770,1126,822,34.192,30.536,0.0111,-0.0111,9.7287,0.3064,-0.7593,-0.2495
15775,1123,827,34.266,30.534,-0.0158,0.0243,9.8983,-0.3138,0.4935,-0.3169
15780,1125,831,34.278,30.462,0.0004,-0.0811,9.7802,-0.0909,-0.1379,-0.7196
15785,1111,833,34.235,30.522,0.1297,-0.0254,9.7571,-0.105,0.29,-0.15
15790,1118,845,34.241,30.515,0.0262,-0.01,9.8308,-0.2487,0.7077,0.072
15795,1118,839,34.091,30.546,0.0074,0.0384,9.8102,0.537,-0.2613,-1.1295
15800,1111,851,34.148,30.506,-0.086,-0.0416,9.7486,-1.1056,0.5676,0.1509
15805,1107,847,34.251,30.648,-0.0798,-0.0347,9.844,-0.4097,-0.3444,0.2735
15810,1115,850,34.121,30.49,0.065,0.0124,9.7858,0.0782,-0.4513,0.0274
15815,1111,854,34.201,30.613,-0.0337,-0.0912,9.8477,0.1781,0.5506,-0.6568
15820,1099,856,34.129,30.478,-0.025,-0.0428,9.8613,0.3519,0.0365,0.0514
15825,1095,854,34.185,30.507,-0.0065,-0.0395,9.856,-0.6856,-0.9582,0.0137
15830,1099,855,34.173,30.483,0.0112,-0.0776,9.724,0.4567,0.0309,0.5401
15835,1094,861,34.256,30.526,0.0205,0.0148,9.7513,0.739,0.2626,-0.0805
15840,1087,861,34.301,30.46,0.0635,-0.0729,9.8337,-0.2492,-0.7635,0.4713
15845,1087,866,34.178,30.521,0.0278,-0.0357,9.8662,0.3573,-0.3007,-0.2965
15850,1086,864,34.143,30.529,0.0424,-0.0129,9.6731,-0.2695,-0.3437,0.7452
15855,1089,862,34.168,30.48,0.0622,-0.1206,9.8204,-0.7411,0.0748,-0.5837
15860,1079,868,34.163,30.355,0.0178,0.0037,9.7563,0.6937,0.456,-0.4991
15865,1070,870,34.234,30.521,-0.0323,0.0392,9.796,-0.8838,0.0225,0.1157
15870,1076,860,34.172,30.411,0.0161,0.0188,9.8232,-0.6645,-0.5098,-0.022
15875,1079,861,34.19,30.417,-0.0031,0.0458,9.8002,-0.4038,-0.4691,-0.5135
15880,1067,864,34.285,30.555,-0.07,0.049,9.7156,0.2578,1.4439,-0.194
15885,1067,867,34.248,30.566,0.0254,0.0231,9.8516,-0.2073,-0.5211,-0.336
15890,1058,862,34.246,30.484,0.0096,-0.0267,9.8354,0.1136,-0.549,-0.295
15895,1053,865,34.304,30.455,0.0461,0.0089,9.8885,-0.8707,0.7218,0.1502
15900,1051,864,34.236,30.557,0.0759,0.0353,9.7296,-0.0225,-0.4779,0.4705
15905,1052,865,34.187,30.587,0.0869,0.0936,9.7053,0.0606,0.7655,0.0111
15910,1038,858,34.075,30.537,0.0956,0.0082,9.874,0.2029,-0.1074,0.6729
15915,1044,857,34.151,30.509,-0.0306,-0.0429,9.8301,0.4857,0.8268,-0.3011
15920,1029,857,34.21,30.544,-0.0139,-0.0912,9.8659,0.1157,-0.2501,-0.0416
15925,1023,857,34.266,30.54,-0.0577,-0.0912,9.8169,0.6838,-0.2669,0.3316
15930,1021,854,34.115,30.5,0.0242,0.028,9.8687,-0.1316,-0.505,-0.4016
15935,1023,854,34.174,30.568,0.054,-0.0857,9.8213,-0.8726,-0.0338,-0.5205
15940,1012,853,34.144,30.458,-0.0375,-0.0796,9.9337,-0.3247,0.635,-0.4639
15945,1003,847,34.137,30.521,0.0449,0.0415,9.8329,-0.2983,-0.3347,-0.385
15950,1001,849,34.237,30.428,-0.0095,-0.1061,9.7949,0.1693,0.0654,-0.1637
15955,984,853,34.305,30.502,0.0099,0.0061,9.8154,0.1904,0.5649,1.2693
15960,983,849,34.143,30.436,-0.0261,-0.0472,9.7778,0.5797,-0.102,0.4804
15965,977,852,34.219,30.562,-0.035,0.0265,9.8268,-0.0763,-0.9086,0.2396
15970,956,847,34.271,30.502,0.0101,-0.0127,9.787,-0.145,-0.3132,-0.092
15975,949,848,34.09,30.542,-0.0156,-0.012,9.7445,-0.2841,-0.1063,0.5946
15980,937,844,34.142,30.501,0.0218,-0.0637,9.8173,-0.225,-0.1679,0.1858
15985,937,839,34.188,30.475,0.0069,-0.0865,9.8147,0.089,-0.6505,0.0603
15990,925,838,34.224,30.541,-0.0516,-0.0048,9.8664,-0.0977,0.062,0.5981
15995,916,832,34.144,30.563,-0.0082,-0.013,9.7501,-0.3689,-0.7928,-0.6575
16000,902,840,34.16,30.493,-0.0286,0.0563,9.7502,0.0895,0.4359,1.1112
16004,894,834,34.17,30.47,0.042,-0.0219,9.7836,-0.2077,-0.5473,0.3403
16010,883,839,34.233,30.507,0.0136,-0.1746,9.7818,0.4636,-0.4269,0.505
16015,877,842,34.197,30.567,0.0858,-0.072,9.8087,0.1944,0.4251,-0.2088
16020,867,835,34.204,30.483,-0.0527,-0.0341,9.7728,0.6683,0.1259,-0.1116
16024,857,836,34.218,30.506,0.0575,0.0675,9.6939,-0.6331,0.0729,-0.0137
16030,842,832,34.222,30.582,0.023,-0.0287,9.7246,0.3709,0.2232,-0.2617
16035,830,835,34.147,30.589,-0.0527,-0.0148,9.7471,-0.242,-0.4484,0.4318
16040,816,832,34.192,30.484,-0.0669,-0.0249,9.7115,-0.4289,-0.1431,0.4666
16045,816,834,34.242,30.509,-0.007,-0.0254,9.8545,-0.098,-0.1056,-0.4765
16050,809,833,34.09,30.535,0.0507,-0.0202,9.7339,-0.0404,-0.2394,0.5702
16055,798,831,34.107,30.432,0.0229,-0.0073,9.788,0.1885,-0.4644,-0.1674
16059,795,822,34.111,30.549,-0.0609,-0.0384,9.8158,-0.5866,-0.0651,0.4906
16065,784,829,34.147,30.563,0.0185,0.0283,9.8317,0.5478,0.0865,-0.103
16070,782,833,34.191,30.586,0.0424,-0.0215,9.7889,0.0736,0.295,0.3349
16075,767,826,34.203,30.581,-0.0354,-0.0062,9.8491,0.6348,0.344,-0.1464
16079,763,828,34.215,30.546,0.0093,-0.0453,9.8074,-0.3095,-0.3537,-0.418
16085,752,823,34.23,30.512,0.0854,-0.0001,9.8652,-0.152,0.4962,0.4802
16090,752,823,34.099,30.488,0.0342,-0.012,9.8044,0.3922,-0.042,0.3009
16094,759,823,34.181,30.481,-0.0301,-0.099,9.8142,0.4042,-0.0518,-0.55
16100,747,816,34.23,30.438,-0.0251,0.0279,9.8143,0.6093,-0.3003,0.7646
16105,754,820,34.175,30.553,0.0325,0.0605,9.7784,-0.8051,0.0409,0.4102
16110,747,819,34.122,30.491,-0.0409,-0.0034,9.8144,-1.0713,-0.5886,0.2446
16114,752,812,34.218,30.463,-0.039,0.0697,9.9231,0.6508,-0.6944,-0.2715
16120,754,809,34.132,30.559,0.0338,0.0689,9.8489,-0.6815,1.1236,-0.663
16125,750,806,34.213,30.594,0.0027,-0.0408,9.8825,0.3313,-1.2365,-0.0111
16129,751,807,34.165,30.608,-0.0077,-0.0561,9.7283,-0.0524,0.1228,-0.3168
16135,755,805,34.279,30.535,-0.0183,0.037,9.8451,0.16,0.144,-0.4907
16140,763,801,34.167,30.531,0.0718,-0.0394,9.8104,-0.3856,-0.0455,0.6312
16145,765,796,34.222,30.602,-0.0407,-0.0002,9.8755,-0.4023,-0.5853,-0.285
16149,772,795,34.239,30.572,-0.1404,-0.0338,9.8075,0.7301,0.7781,-0.6461
16155,778,797,34.322,30.465,0.0347,0.081,9.8401,0.4308,0.0916,0.5657
16160,774,795,34.212,30.569,-0.0387,0.0207,9.6994,-1.2407,-1.3714,-0.0615
16165,799,787,34.229,30.531,0.0226,0.0001,9.8693,-0.2539,-0.9488,0.0104
16170,800,787,34.226,30.436,0.0209,-0.0567,9.711,0.0126,0.5475,-0.1306
16175,812,785,34.138,30.379,-0.0441,-0.0331,9.8608,0.3173,-0.1756,0.0208
16180,819,779,34.258,30.488,0.0169,-0.0624,9.8279,-0.0758,-0.7019,-0.4146
16184,833,773,34.182,30.542,-0.0061,0.0849,9.6842,-0.1401,0.7948,-0.4913
16190,830,773,34.163,30.441,-0.1664,0.0153,9.8711,0.9253,-0.3191,0.1541
16195,851,773,34.14,30.602,0.0097,-0.0835,9.7831,-0.015,-0.6842,-0.2432
16200,875,765,34.169,30.447,-0.0036,-0.0018,9.8028,-0.2426,0.7351,0.562
16204,877,761,34.289,30.527,0.018,-0.039,9.7392,0.0196,0.5962,-0.8011
16210,885,762,34.232,30.475,0.0714,0.0294,9.8578,-0.2985,0.0244,-0.7453
16215,899,755,34.233,30.547,-0.0587,-0.0237,9.81,0.0955,-0.4301,-0.4656
16219,923,750,34.152,30.492,-0.027,-0.025,9.8485,0.9084,0.0437,-0.3305
16225,934,753,34.258,30.497,0.0018,0.0206,9.7798,-0.6635,0.351,0.0666
16230,948,746,34.186,30.584,-0.0229,-0.0569,9.8361,0.1255,-0.1963,0.3128
16235,960,737,34.191,30.557,-0.0364,-0.0295,9.7913,-0.2749,-0.6526,0.7224
16239,975,736,34.157,30.557,-0.0348,0.0348,9.7227,-0.2081,0.0581,0.507
16245,977,732,34.185,30.494,-0.0344,-0.0195,9.7462,-0.6413,0.2838,-0.6139
16250,1004,727,34.163,30.503,0.0102,0.0062,9.8132,0.478,0.2819,0.1199
16254,1019,731,34.202,30.548,0.0442,-0.0139,9.855,0.0674,0.2437,0.114
16260,1029,720,34.174,30.57,0.0043,0.0237,9.9005,-0.1438,0.3812,-0.5052
16265,1042,725,34.206,30.504,0.0208,-0.0683,9.8062,0.9372,0.443,-0.4904
16270,1051,720,34.15,30.487,-0.0766,-0.0176,9.9457,0.5334,-0.0304,0.0646
16274,1056,720,34.195,30.543,0.0046,0.0439,9.8061,0.1612,-0.2455,-0.2303
16280,1072,720,34.184,30.502,0.0089,-0.0454,9.822,0.032,0.1003,0.0759
16285,1090,712,34.097,30.536,-0.0596,0.0222,9.8653,0.2928,0.3215,-0.5093
16290,1103,715,34.165,30.538,-0.0517,0.0013,9.7498,-0.4677,1.3794,0.2836
16295,1099,713,34.178,30.546,-0.0252,-0.0181,9.7804,-0.2926,-0.3902,-0.8211
16300,1118,715,34.223,30.467,0.089,-0.1129,9.7622,0.1931,-0.8104,-0.756
16305,1124,710,34.212,30.498,0.0007,0.0088,9.7749,-0.1977,-0.3282,-0.0542
16309,1136,715,34.298,30.463,0.06,0.036,9.7834,-0.1736,-0.8617,0.4839
16315,1142,712,34.192,30.536,-0.0677,0.0369,9.7707,0.1014,-0.234,-0.1555
16320,1146,714,34.314,30.482,-0.0669,-0.0289,9.9186,0.4549,-0.6641,-0.1953
16325,1161,714,34.235,30.512,0.0618,-0.0202,9.8009,0.1967,0.1045,0.407
16329,1163,714,34.2,30.564,-0.1254,-0.0095,9.8626,0.1583,-0.1488,-0.2341
16335,1172,715,34.249,30.533,-0.0083,0.012,9.8466,-0.1693,-0.3159,0.0962
16340,1177,718,34.054,30.545,0.0405,0.0019,9.802,-0.4983,0.0781,-0.322
16344,1168,718,34.186,30.47,0.0208,0.0299,9.8166,-0.9313,-0.7018,0.8176
16350,1181,715,34.203,30.551,-0.0979,0.0243,9.8167,0.1913,0.2304,0.4141
16355,1181,724,34.16,30.456,0.0523,0.0826,9.7949,-0.2053,1.0512,0.3989
16360,1189,723,34.074,30.509,-0.0565,-0.0565,9.8321,-0.3764,0.1343,0.0826
16364,1177,728,34.218,30.478,-0.0182,0.0378,9.8228,0.5218,-0.0046,-0.7626
16370,1181,730,34.26,30.496,-0.045,0.0037,9.7679,0.1864,0.0002,-0.6207
16375,1192,734,34.099,30.537,0.0295,-0.0485,9.7388,0.7309,0.0897,0.0729
16379,1196,740,34.195,30.5,0.0033,-0.0562,9.8755,0.4571,0.4156,-0.6252
16385,1185,745,34.194,30.44,-0.006,0.0702,9.7831,-0.1375,0.1165,-0.7066
16390,1191,744,34.114,30.505,-0.0188,-0.0678,9.7193,0.2658,1.0548,0.6253
16395,1188,744,34.218,30.611,-0.004,0.0039,9.8563,-0.5606,0.3867,0.0506
16400,1189,751,34.193,30.549,0.0412,0.0111,9.8469,-0.3269,0.2857,1.0076
16405,1184,758,34.11,30.47,0.0065,-0.023,9.8243,-0.616,0.1573,-0.3942
16410,1185,760,34.145,30.536,0.04,0.0229,9.8185,0.1389,-0.1655,-0.1824
16415,1177,765,34.225,30.479,0.0078,0.0245,9.8328,0.5124,0.0651,0.2466
16420,1173,774,34.243,30.585,0.0205,0.0513,9.7685,0.3136,0.2468,0.4544
16425,1176,776,34.191,30.51,0.0034,0.0462,9.7733,-0.3468,-0.0503,0.558
16430,1172,775,34.169,30.537,-0.034,-0.0189,9.7595,0.1406,-0.8175,0.7329
16435,1166,791,34.25,30.559,0.061,0.0394,9.8256,-0.4543,-0.0292,0.4846
16440,1158,792,34.226,30.527,0.0243,-0.0085,9.7627,0.5131,1.141,0.2214
16445,1157,801,34.242,30.473,-0.0082,-0.0262,9.766,0.9335,-0.8912,0.8717
16450,1157,803,34.284,30.595,-0.0361,-0.0166,9.7528,-0.3592,-1.2649,-1.0985
16455,1148,801,34.258,30.5,0.0376,0.0162,9.8037,-0.4743,-0.0061,-0.1813
16460,1142,812,34.209,30.592,-0.0254,-0.0503,9.7897,-0.988,-0.2534,-0.5094
16465,1141,819,34.217,30.536,-0.0449,-0.0645,9.7684,-0.003,-0.2273,-0.7057
16470,1135,818,34.169,30.507,-0.0078,-0.0011,9.8547,0.8856,0.3503,0.6512
16475,1139,824,34.233,30.501,-0.0375,-0.0035,9.836,-0.1442,-0.167,0.6578
16480,1132,827,34.229,30.493,0.0094,0.0225,9.9171,0.6217,0.1784,-0.3197
16485,1119,827,34.185,30.546,-0.0579,0.0226,9.8281,-0.3494,-0.3747,-0.4371
16490,1121,831,34.231,30.47,0.0391,-0.0481,9.899,0.4382,0.0001,-0.1328
16495,1121,840,34.197,30.475,-0.0352,-0.0034,9.8407,0.1438,0.3351,0.2503
16500,1118,843,34.167,30.462,-0.0588,-0.0251,9.7718,0.5096,0.5999,-0.6098
16505,1108,847,34.176,30.549,-0.0612,0.0214,9.813,-0.4006,-0.2924,0.4612
16510,1110,855,34.201,30.456,-0.054,0.013,9.7792,-0.0847,-0.1119,0.4613
16515,1102,850,34.203,30.568,-0.0727,0.0245,9.8252,-0.5516,0.3843,-0.2041
16520,1101,852,34.181,30.545,-0.0138,-0.0293,9.8075,0.4584,-0.1651,-0.22
16525,1107,855,34.27,30.533,0.0729,-0.0479,9.8561,0.5766,0.3816,-0.512
16530,1097,860,34.27,30.449,0.0069,0.0311,9.8972,0.3728,0.1713,-0.0445
16535,1096,858,34.178,30.463,0.0063,-0.0441,9.7959,0.362,0.1557,-0.7552
16540,1106,856,34.135,30.45,-0.0107,-0.0144,9.8398,-0.5238,0.1853,0.3587
16545,1091,859,34.146,30.471,0.0789,-0.0433,9.9025,0.404,-0.7949,-0.398
16550,1100,855,34.175,30.559,0.0415,-0.005,9.6779,0.2488,-0.1554,0.3662
16555,1089,863,34.107,30.525,-0.0287,0.0686,9.8589,0.348,-0.0238,-0.0095
16560,1087,863,34.244,30.458,-0.0655,0.0155,9.8116,0.408,-0.1401,0.2402
16565,1089,857,34.216,30.469,0.0817,0.0129,9.7598,0.6285,-1.287,0.3777
16570,1071,871,34.216,30.561,0.0491,-0.0257,9.8838,0.0778,0.2728,-0.1274
16575,1077,861,34.228,30.5,0.0299,-0.0232,9.7965,-0.8182,-0.2266,-0.2277
16580,1078,871,34.186,30.469,0.0282,0.0496,9.7779,-0.2106,-0.2258,-0.5159
16585,1068,865,34.245,30.564,0.0067,-0.009,9.8715,0.1213,-0.2977,0.6691
16590,1072,866,34.158,30.476,0.0068,0.0187,9.8243,-0.1675,-0.0846,-0.2948
16595,1074,871,34.108,30.598,-0.0523,-0.0305,9.7557,0.556,0.175,-0.5791
16600,1057,870,34.194,30.479,0.0304,0.0346,9.8147,-0.1514,-0.7172,0.6196
16605,1055,867,34.174,30.547,-0.0341,0.0089,9.8034,0.1277,0.6305,0.1235
16610,1058,867,34.18,30.573,0.1044,-0.0038,9.8053,0.5052,0.3676,-0.2328
16615,1046,864,34.173,30.493,-0.0195,0.0178,9.9066,-0.2527,-0.3674,-0.9712
16620,1043,863,34.202,30.464,0.0427,-0.0396,9.8003,-0.1936,0.7491,0.3534
16625,1033,855,34.205,30.542,0.0042,0.0035,9.8127,-0.2146,-0.0333,0.4268
16630,1026,857,34.114,30.538,0.0071,-0.0006,9.8252,0.2861,-0.5226,-0.3536
16635,1016,854,34.218,30.487,0.0901,-0.0601,9.7653,-0.0159,-0.0619,-0.0339
16640,1017,855,34.164,30.474,-0.018,-0.0294,9.8497,-0.4146,0.496,0.3549
16645,1008,846,34.176,30.538,0.024,-0.0745,9.7692,-0.5047,-0.3648,-0.0896
16650,1008,855,34.309,30.532,-0.0055,-0.0248,9.8505,-0.2893,0.9722,-0.2003
16655,1004,851,34.206,30.557,-0.0303,-0.1028,9.815,0.3138,-0.1494,0.0172
16660,990,854,34.162,30.449,-0.0236,0.0164,9.8094,-0.3044,-0.513,-0.5249
16665,984,851,34.176,30.431,-0.0278,0.1024,9.7478,-0.5091,1.0276,0.442
16670,975,843,34.163,30.506,-0.003,-0.0267,9.8815,0.2614,0.1596,0.6665
16675,965,845,34.108,30.569,0.0734,0.0423,9.7388,0.2353,-0.4356,-0.0867
16680,959,847,34.15,30.51,0.0515,-0.003,9.7546,-0.1605,-1.4055,-0.2316
16685,946,849,34.139,30.479,-0.0086,-0.007,9.8289,-0.5499,0.028,-0.7127
16690,951,844,34.215,30.569,0.0785,-0.0108,9.7734,-0.3342,-0.6378,0.6782
16695,938,843,34.237,30.439,-0.0049,-0.0241,9.7433,0.243,0.0947,-0.2797
16700,905,840,34.347,30.562,-0.0044,-0.1063,9.757,0.0546,0.0125,1.054
16705,910,838,34.212,30.455,0.0243,0.0178,9.8577,-0.2927,-0.5759,0.4676
16710,899,837,34.202,30.569,-0.003,0.0305,9.8152,-0.0798,0.0627,-0.3449
16715,878,835,34.161,30.529,0.0477,0.019,9.8334,0.2601,-0.4777,0.5525
16720,871,837,34.171,30.543,0.0188,-0.0303,9.7886,-0.0728,-0.3461,1.2279
16725,860,836,34.21,30.431,0.0487,0.0254,9.8658,-0.1395,-0.0977,0.1357
16730,855,838,34.249,30.53,-0.0518,-0.0378,9.7943,-0.2461,-0.1724,0.6629
16735,849,830,34.261,30.553,0.0127,-0.0845,9.8003,-0.3871,0.0099,-0.3099
16740,833,830,34.224,30.539,0.0136,0.0751,9.8003,-0.2485,-0.5188,-0.4306
16745,832,833,34.332,30.549,-0.0795,0.0823,9.8305,0.3738,0.131,-0.1395
16750,815,835,34.211,30.589,0.029,0.0096,9.8201,-0.0806,-0.2255,-0.0247
16755,809,832,34.201,30.644,0.0263,-0.0257,9.8691,-0.615,-0.0616,-0.5329
16760,806,830,34.247,30.52,-0.0174,-0.0105,9.844,0.6793,0.3596,-0.1148
16765,798,828,34.221,30.548,-0.0211,0.0255,9.7442,-0.5662,-0.4555,-0.2241
16770,789,830,34.2,30.516,-0.0091,-0.0094,9.8738,0.0048,1.167,0.1971
16775,779,826,34.145,30.549,0.079,0.0108,9.8579,-0.1995,-0.058,0.1455
16780,765,826,34.091,30.544,0.0116,-0.0432,9.7727,1.1397,0.1157,-0.7296
16785,768,824,34.228,30.468,0.0164,-0.047,9.8263,0.3672,0.0283,0.2476
16790,762,822,34.224,30.509,-0.0099,0.022,9.8208,0.0734,0.3222,0.0088
16795,764,821,34.135,30.475,-0.0224,0.0133,9.8168,0.0389,0.4613,-0.2134
16800,745,817,34.15,30.473,0.0079,0.0578,9.7557,-0.139,0.0024,0.284
16805,751,816,34.126,30.523,0.0164,0.056,9.8045,-0.0868,0.1389,0.0436
16810,752,817,34.147,30.473,-0.123,-0.0623,9.7589,0.5521,0.335,0.5967
16815,750,820,34.214,30.519,0.0166,0.0742,9.7479,-0.4411,0.2393,0.4632
16820,741,818,34.182,30.529,0.0637,-0.0384,9.7791,-0.0015,0.6252,-0.2332
16825,748,813,34.196,30.472,0.0057,0.001,9.9463,-0.0664,0.2199,-0.1262
16830,750,807,34.183,30.556,0.0245,0.0313,9.8291,0.0801,-0.849,0.2206
16835,754,807,34.216,30.57,0.0916,0.0152,10.0026,0.1368,-0.4547,0.0209
16840,759,806,34.154,30.519,-0.0015,-0.0142,9.7905,-0.5945,0.3637,-0.0363
16845,762,803,34.147,30.528,-0.0785,0.0338,9.9401,1.1017,-0.8505,0.2054
16850,765,801,34.168,30.513,-0.0835,0.0135,9.7525,-0.763,0.7493,0.0779
16855,770,800,34.078,30.562,0.0554,0.0403,9.7654,-0.4592,0.7367,0.4549
16860,768,794,34.191,30.52,0.0303,0.0615,9.8224,-1.0857,-0.1379,0.4485
16865,771,796,34.187,30.503,0.0336,0.0066,9.7726,0.6532,-0.2687,-0.1865
16870,787,795,34.103,30.464,-0.0045,-0.0021,9.8045,1.226,-0.6471,0.9151
16875,802,786,34.106,30.585,0.0236,-0.1225,9.7735,0.0189,0.301,0.8583
16880,808,784,34.222,30.446,-0.0255,0.0219,9.7624,-0.2999,-0.9671,0.4144
16885,811,781,34.149,30.513,-0.0205,-0.0459,9.7772,0.202,0.1799,-0.5167
16890,833,777,34.188,30.532,0.0484,-0.0228,9.8499,-0.4567,-0.4693,0.3483
16895,832,771,34.207,30.577,0.0001,-0.0053,9.783,-0.6587,-0.0248,0.0924
16900,844,775,34.116,30.425,-0.0011,0.013,9.7454,-0.0336,0.172,-0.3796
16905,856,770,34.223,30.451,0.0426,0.0576,9.7813,-1.1974,-0.0981,0.3824
16910,871,763,34.197,30.564,-0.0398,0.0626,9.8406,0.0104,0.1893,0.3509
16915,875,760,34.225,30.441,0.076,-0.0255,9.878,-0.2975,-0.5859,0.1412
16920,908,763,34.193,30.518,0.0177,-0.0615,9.7847,-0.7965,-0.1312,0.4471
16925,910,753,34.306,30.543,0.008,-0.0364,9.7833,-0.1665,-0.5352,1.0405
16930,926,750,34.2,30.632,0.0161,-0.0225,9.9053,-0.2457,-0.4999,0.8338
16935,933,746,34.221,30.505,0.0192,0.01,9.7712,0.1528,0.4603,0.3815
16940,945,747,34.184,30.548,0.0685,0.0373,9.8454,0.6673,0.0223,0.6057
16945,960,736,34.208,30.485,-0.0369,0.0184,9.8454,-0.6098,-0.1566,0.0259
16950,987,738,34.237,30.506,0.0615,0.0373,9.833,-0.4347,0.7502,0.3375
16955,999,733,34.221,30.51,-0.0094,0.0176,9.866,-0.7775,-0.0305,-0.2542
16960,1001,727,34.178,30.507,0.0714,0.0248,9.8165,0.0345,0.9449,0.2736
16965,1011,729,34.248,30.444,-0.0116,0.1188,9.8397,-0.1512,-0.6657,-0.4973
16970,1038,723,34.203,30.521,0.0671,0.048,9.7827,0.1963,-0.0855,0.3217
16975,1047,722,34.142,30.564,0.0378,-0.0133,9.7614,-0.5398,-0.0257,0.8984
16980,1051,719,34.257,30.509,0.0082,-0.0725,9.7125,-0.2829,-0.6771,0.3753
16985,1065,717,34.21,30.55,0.0422,-0.0036,9.7138,-0.5105,-0.4456,0.6358
16990,1083,716,34.167,30.518,-0.0752,0.0452,9.7106,-0.2575,0.0657,-0.0422
16995,1083,715,34.073,30.569,-0.0033,0.0026,9.8046,0.0268,-0.3179,0.2967
17000,1093,710,34.188,30.585,-0.0187,-0.0052,9.7921,0.9574,0.7075,-0.0477
17005,1107,713,34.19,30.544,-0.0258,0.0061,9.8015,-0.3712,-0.0728,-0.3681
17010,1118,714,34.273,30.538,0.0622,0.0238,9.8643,0.4895,0.6115,0.7721
17015,1123,714,34.213,30.505,0.0048,0.0263,9.8618,0.3802,0.2448,-0.1532
17020,1135,713,34.262,30.522,-0.0201,-0.0872,9.7662,0.156,0.4573,0.1725
17025,1145,707,34.155,30.496,-0.0108,0.0018,9.7261,1.1126,-0.4342,-0.5522
17030,1155,715,34.164,30.47,0.0027,0.0579,9.8424,-0.3219,0.0339,-0.368
17035,1165,710,34.22,30.531,-0.0244,0.0787,9.8339,0.1584,0.0825,-0.0706
17040,1173,712,34.213,30.577,-0.0376,-0.0016,9.8536,0.0266,0.047,-0.4619
17045,1164,722,34.135,30.602,-0.0178,0.0267,9.843,0.4796,0.2037,0.1852
17050,1172,717,34.193,30.581,0.0394,-0.0094,9.8013,0.5189,0.3065,-0.0333
17055,1182,722,34.226,30.584,-0.1164,-0.0755,9.8389,-0.3766,-0.2189,-0.0018
17060,1179,720,34.117,30.512,-0.0314,-0.0472,9.7763,-0.4663,0.4735,-0.5881
17065,1183,726,34.172,30.437,0.0482,0.1227,9.6897,-0.5311,0.6201,-0.0789
17070,1181,730,34.18,30.537,0.029,0.0235,9.7795,0.6656,-1.0581,0.9707
17075,1191,730,34.159,30.621,-0.0237,0.0189,9.8072,-0.6281,0.1454,0.0373
17080,1186,730,34.231,30.543,-0.0619,0.0124,9.8585,-0.2847,-0.6772,-1.0055
17085,1191,733,34.191,30.499,0.0518,0.002,9.7701,-0.7814,0.3007,0.5964
17090,1190,742,34.217,30.541,-0.0007,-0.0443,9.8648,0.2144,0.8594,-0.1326
17095,1185,743,34.213,30.451,-0.0226,-0.029,9.8901,-0.3331,0.1245,-0.4133
17100,1189,746,34.119,30.594,-0.0195,-0.0906,9.8899,-0.9072,0.456,-0.2976
17105,1187,753,34.134,30.497,-0.0566,0.0418,9.7066,0.1605,-0.7863,0.3216
17110,1182,756,34.219,30.509,0.009,-0.0248,9.7881,0.0675,0.8093,0.1314
17115,1183,760,34.205,30.564,0.0125,-0.107,9.8039,0.3793,0.4352,0.5157
17120,1174,766,34.178,30.605,0.0289,0.1126,9.7915,0.333,-0.3615,0.1885
17125,1177,771,34.25,30.539,-0.0611,-0.0158,9.725,-0.4573,-0.0631,-0.1495
17130,1156,771,34.214,30.493,0.0179,0.0679,9.8568,0.1726,0.5485,0.6706
17135,1169,767,34.21,30.491,-0.0151,-0.0248,9.8846,-0.8994,0.5297,-0.332
17140,1168,783,34.119,30.528,-0.0246,0.0701,9.7587,-0.0937,0.2102,-0.1703
17145,1157,786,34.236,30.476,0.0742,0.0099,9.8032,-0.57,0.6324,0.2596
17150,1163,794,34.291,30.502,0.0008,-0.0401,9.852,0.5449,-0.084,0.0674
17155,1155,795,34.162,30.624,-0.0046,0.0601,9.892,0.1173,-0.4611,0.148
17160,1145,801,34.175,30.509,0.0002,-0.0562,9.7742,0.6685,0.0731,-0.9058
17165,1145,802,34.235,30.439,-0.0103,0.0953,9.8267,-0.338,0.0511,1.0886
17170,1139,812,34.222,30.582,-0.0285,-0.072,9.7803,-0.2873,0.8493,-0.7382
17175,1144,822,34.18,30.461,-0.0021,0.0008,9.728,-0.3301,0.6933,-0.8239
17180,1132,819,34.253,30.509,-0.0132,-0.0242,9.7501,-0.2261,0.2069,-0.605
17185,1143,824,34.239,30.561,-0.0012,-0.0599,9.8127,0.3627,0.4958,-0.2316
17190,1132,827,34.206,30.497,-0.0786,0.002,9.7622,0.7663,0.0714,0.6009
17195,1131,834,34.206,30.646,-0.01,-0.0514,9.7891,-0.4546,0.4352,0.3266
17200,1125,834,34.158,30.521,0.0259,-0.0232,9.8358,0.607,0.0631,0.4398
17205,1121,843,34.251,30.49,-0.0224,-0.0099,9.8534,0.4523,0.5116,-0.1444
17210,1114,837,34.259,30.596,0.0515,0.0518,9.8178,-0.4165,-0.6573,0.3456
17215,1110,850,34.198,30.569,-0.041,-0.0344,9.7715,0.0775,-0.2029,0.3275
17220,1111,850,34.166,30.539,0.0087,-0.005,9.7801,-0.1413,-0.3487,-0.2198
17225,1105,849,34.154,30.542,0.0462,-0.018,9.839,-0.7362,-0.5712,-0.3265
17230,1105,850,34.174,30.57,0.0462,-0.1195,9.7605,-0.1781,-0.5762,0.4904
17235,1107,851,34.137,30.476,-0.1042,0.0793,9.7766,-0.3166,-0.1924,-0.6852
17240,1100,861,34.235,30.545,0.0054,0.0642,9.8109,0.2826,-0.7648,-0.2233
17245,1091,858,34.141,30.538,0.011,0.0044,9.8869,0.507,0.948,0.6066
17250,1095,860,34.2,30.437,0.0822,-0.0606,9.7834,0.133,0.2818,0.2593
17255,1097,860,34.181,30.591,-0.0914,0.0083,9.8567,-0.245,0.0334,0.5336
17260,1090,869,34.289,30.442,-0.0526,-0.0128,9.7789,0.7327,0.9395,-0.0003
17265,1089,865,34.273,30.594,0.0511,-0.0368,9.8435,0.2092,-0.2727,-0.3875
17270,1095,861,34.233,30.519,-0.0745,0.0431,9.7579,0.9096,0.6994,-0.6834
17275,1081,868,34.248,30.518,0.0093,0.0341,9.7682,-0.708,0.1696,0.2207
17280,1083,862,34.215,30.532,0.0503,0.0198,9.7607,-0.1996,-0.213,0.2654
17285,1077,866,34.171,30.668,0.04,-0.0009,9.8431,0.4581,0.81,0.275
17290,1075,866,34.117,30.53,-0.0052,0.0305,9.7947,-0.4598,-0.5627,-0.1117
17295,1069,867,34.162,30.557,0.0396,0.0594,9.8333,-0.2776,-0.6967,-0.4713
17300,1067,865,34.184,30.589,0.0813,0.0534,9.783,-0.3788,0.3117,0.6559
17305,1057,862,34.174,30.339,-0.0048,0.0106,9.7279,-0.3065,0.3041,0.8061
17310,1064,866,34.112,30.466,-0.038,0.0313,9.8134,0.235,0.3883,0.3883
17315,1061,860,34.139,30.516,-0.0375,-0.0073,9.7449,0.5817,-0.3355,-0.5536
17320,1042,865,34.166,30.452,0.0338,0.0567,9.8077,0.1712,-0.7863,0.546
17325,1041,862,34.157,30.616,0.0945,0.0537,9.8141,-0.2413,0.3819,0.5524
17330,1038,863,34.126,30.574,0.0083,0.1056,9.692,0.145,-0.1817,0.7344
17335,1031,860,34.138,30.569,-0.0513,-0.0509,9.8685,0.3171,-0.0433,-0.1418
17340,1030,857,34.203,30.551,0.0294,-0.0131,9.7737,0.4148,-0.6902,-0.2635
17345,1019,857,34.157,30.514,-0.0016,-0.0302,9.8773,-0.3204,0.4778,-0.1281
17350,1014,854,34.207,30.569,-0.0142,-0.0047,9.8483,-0.3514,0.2742,0.3052
17355,999,855,34.154,30.486,-0.0774,-0.0097,9.8392,-0.6073,1.8102,-0.9969
17360,991,846,34.209,30.49,0.0621,0.0183,9.8612,0.8572,0.422,0.2751
17365,990,847,34.166,30.459,-0.0174,0.0057,9.7581,-0.1967,-0.1892,-0.4497
17370,995,854,34.261,30.549,-0.03,0.0739,9.8265,-0.2425,0.0307,-0.7601
17375,971,849,34.293,30.502,0.0271,-0.0158,9.7785,0.1247,-0.41,0.0074
17380,959,849,34.157,30.536,0.0911,-0.0434,9.7947,0.8313,0.7095,0.4349
17385,955,844,34.096,30.491,-0.0682,0.0497,9.6917,-0.2763,-0.5282,-0.0906
17390,936,844,34.211,30.461,-0.0304,-0.0173,9.7386,-0.4054,0.3834,-0.0698
17395,935,842,34.232,30.473,-0.0645,0.0104,9.7218,0.3164,-0.8694,-0.1043
17400,936,838,34.17,30.444,0.097,-0.0062,9.8056,0.4786,-0.0795,-0.0171
17405,922,838,34.262,30.574,-0.0455,0.0209,9.8156,-0.0825,-0.0407,0.4059
17410,909,837,34.171,30.538,-0.0238,-0.0418,9.8311,-0.3955,0.1691,-0.0446
17415,909,836,34.273,30.484,-0.0103,0.051,9.7805,-0.0137,0.0745,0.2239
17420,900,841,34.21,30.504,0.0025,-0.0144,9.7544,-0.2177,-0.1014,-0.2333
17425,881,840,34.192,30.451,0.0035,-0.0895,9.9119,-0.0308,0.6098,0.2213
17430,876,839,34.267,30.492,-0.0126,-0.087,9.8316,0.1187,-0.1876,-0.1722
17435,864,832,34.162,30.44,-0.0426,0.0199,9.8255,0.1882,-0.0892,0.8928
17440,855,837,34.268,30.635,-0.0409,0.048,9.8397,0.5168,0.0676,0.4677
17445,850,836,34.234,30.606,0.0523,0.0415,9.7635,-0.3611,0.074,0.0025
17450,830,834,34.116,30.513,-0.0803,-0.0502,9.8429,-0.0112,-0.2496,-0.436
17455,825,831,34.273,30.461,-0.0623,0.0135,9.858,-0.1397,-0.8582,-0.2353
17460,817,835,34.162,30.471,-0.1563,0.1242,9.8432,-0.5833,0.0704,0.025
17465,806,830,34.154,30.558,0.0272,-0.0671,9.7798,-0.4181,-0.3342,-0.3818
17470,793,826,34.193,30.392,-0.0059,0.0321,9.9132,-0.9202,0.0598,0.2946
17475,793,830,34.23,30.623,0.0403,0.012,9.7937,-0.5379,0.3339,-0.0465
17480,790,829,34.134,30.543,-0.0559,0.0107,9.7225,0.0969,0.233,0.4093
17485,776,824,34.264,30.488,-0.0785,0.0066,9.8443,0.3962,0.1199,0.2631
17490,770,826,34.158,30.533,0.0376,0.0609,9.928,0.0396,0.3064,0.2071
17495,765,821,34.232,30.44,0.0643,-0.0215,9.8373,-0.1015,-0.5174,-0.4301
17500,763,815,34.223,30.48,0.0143,-0.0124,9.8141,-0.1306,-0.4051,0.2705
17505,754,819,34.288,30.464,-0.044,-0.0271,9.7026,-1.0922,0.3013,0.0687
17510,749,823,34.194,30.486,-0.0333,-0.0285,9.8021,-0.4491,0.364,-0.7696
17515,744,822,34.247,30.534,-0.0165,-0.0454,9.813,-1.1068,-0.2429,-0.3488
17520,755,816,34.236,30.584,0.1253,0.0212,9.7528,0.3884,0.0504,0.3365
17525,745,816,34.248,30.485,0.0085,0.0013,9.8168,-0.5874,-0.0309,0.0299
17530,747,814,34.098,30.571,0.1515,0.0799,9.8383,0.0129,-0.147,-0.5412
17535,748,809,34.238,30.535,0.0265,-0.0018,9.9207,-0.2262,-0.1884,0.4329
17540,759,813,34.256,30.512,-0.0166,-0.0434,9.8107,0.3388,0.0025,-0.192
17545,750,808,34.215,30.509,0.0288,-0.0651,9.7658,0.5372,-0.0264,-0.6238
17550,754,804,34.158,30.502,0.0043,-0.0366,9.7646,-0.3007,0.038,0.1306
17555,756,800,34.177,30.382,-0.0599,0.0662,9.8693,-0.2627,-0.5762,-0.8239
17560,764,800,34.156,30.537,0.0171,-0.1229,9.8715,0.255,-0.7162,-0.3994
17565,770,797,34.259,30.481,-0.0202,-0.0784,9.7209,-0.2491,-0.5953,-0.4846
17570,773,792,34.161,30.551,0.0169,0.015,9.7627,-0.5941,-0.3459,0.3083
17575,790,796,34.148,30.495,-0.0545,0.0254,9.7733,-0.2431,0.011,0.4118
17580,796,789,34.176,30.485,0.0342,-0.0153,9.766,0.2913,-0.5443,0.2022
17585,799,787,34.156,30.607,-0.0029,-0.0419,9.7625,0.4546,-0.1074,0.0204
17590,813,784,34.183,30.462,-0.0407,0.0243,9.8922,-0.5095,-0.2985,-0.4878
17595,819,784,34.185,30.527,-0.0995,0.0015,9.8816,0.0296,0.2299,0.0255
17600,831,774,34.237,30.514,0.0026,-0.0501,9.7671,1.072,0.8666,-0.5242
17605,839,774,34.266,30.507,-0.0238,-0.082,9.8536,0.5483,0.4248,0.6454
17610,854,769,34.156,30.562,-0.0593,0.0236,9.7986,0.0507,-0.1783,-0.2518
17615,866,764,34.241,30.457,-0.0628,-0.0239,9.7786,0.313,-0.1715,-0.3603
17620,883,757,34.133,30.465,0.0783,-0.0722,9.7602,-0.2331,-0.6051,-0.2045
17625,893,759,34.163,30.517,-0.015,-0.0305,9.8135,-0.2273,0.1276,0.3714
17630,912,758,34.223,30.514,0.0072,-0.0182,9.789,-0.2816,0.5824,-0.4038
17635,914,754,34.166,30.495,-0.0269,-0.033,9.7851,-0.244,0.0823,-0.599
17640,931,751,34.222,30.561,-0.0548,-0.0505,9.7596,0.1457,0.3558,-0.1495
17645,944,747,34.166,30.565,-0.0387,-0.0148,9.7901,-0.0438,-0.0384,0.1076
17650,966,739,34.257,30.569,0.0383,0.0541,9.8137,0.1422,0.85,-0.6802
17655,967,738,34.066,30.584,-0.0898,-0.0359,9.8394,-0.4429,0.4255,0.2266
17660,981,730,34.189,30.485,-0.0989,-0.013,9.8387,-0.0122,0.7366,-0.0312
17665,1000,731,34.203,30.503,0.0303,-0.015,9.8095,0.6457,-0.0217,0.5963
17670,1014,730,34.18,30.44,-0.023,0.0225,9.8224,-0.3263,-0.4055,0.3658
17675,1024,720,34.174,30.544,-0.0226,-0.024,9.8028,0.1077,0.205,0.3074
17680,1036,722,34.155,30.552,-0.0026,0.019,9.7634,-0.0665,-0.6147,-0.7445
17685,1050,723,34.121,30.567,-0.0676,-0.0022,9.7761,-0.362,-0.8218,-1.524
17690,1071,720,34.151,30.513,-0.0653,-0.0107,9.7356,0.0901,0.0148,0.5041
17695,1070,720,34.165,30.566,-0.0541,-0.0469,9.7701,0.0867,-0.2357,0.0031
17700,1085,715,34.237,30.505,-0.0142,-0.0576,9.8723,-0.4362,-0.8668,0.6046
17705,1096,711,34.199,30.476,-0.0069,-0.0121,9.7828,-0.5887,0.3865,-1.3403
17710,1105,710,34.218,30.499,-0.0057,-0.0705,9.7337,-0.4448,-0.3503,-0.2028
17715,1120,716,34.139,30.58,0.1142,-0.0704,9.754,0.1068,-0.6036,0.7305
17720,1126,708,34.118,30.594,0.0706,0.028,9.7144,-0.071,0.3053,0.0225
17725,1134,711,34.214,30.598,0.0516,-0.0527,9.8347,0.3385,0.2311,-0.8158
17730,1137,710,34.205,30.564,-0.041,-0.0138,9.7607,0.0139,0.3925,-0.4887
17735,1155,712,34.233,30.526,0.012,0.1405,9.7966,-0.126,-0.2789,0.4768
17740,1158,708,34.162,30.544,0.0901,0.0697,9.8055,-0.8187,0.5245,0.4008
17745,1159,719,34.191,30.539,-0.0085,0.0332,9.7589,-0.1749,-0.0981,-0.0103
17750,1165,717,34.224,30.487,0.0581,0.0399,9.8301,0.2019,0.8979,-0.1725
17755,1165,715,34.113,30.416,-0.0289,-0.0284,9.8101,0.8102,-0.8372,0.4869
17760,1185,724,34.171,30.47,-0.0508,0.0204,9.8101,-0.5586,0.0005,-0.5385
17765,1172,721,34.164,30.488,0.0398,0.0031,9.7378,-0.3606,0.1207,-0.0847
17770,1176,726,34.224,30.522,0.0341,0.0356,9.8294,0.0836,-0.3364,-0.6102
17775,1198,730,34.129,30.603,0.0022,-0.0636,9.8339,0.2357,0.5282,0.0604
17780,1189,724,34.161,30.582,0.0177,-0.057,9.7532,0.4054,0.3673,0.1693
17785,1184,732,34.205,30.527,-0.002,-0.0322,9.8169,-0.0893,-0.0545,-0.2344
17790,1169,728,34.309,30.467,0.0332,-0.0079,9.8256,-0.7047,0.736,1.1391
17795,1187,734,34.181,30.48,0.0123,-0.0633,9.7601,-0.0276,0.2238,0.0145
17800,1182,740,34.256,30.579,-0.0149,0.0019,9.7283,0.8335,0.0261,-0.5037
17805,1193,745,34.216,30.535,-0.0797,-0.0137,9.7884,0.449,0.368,-0.168
17810,1181,749,34.164,30.551,-0.0451,0.0371,9.8502,0.0051,-0.3189,0.3618
17815,1181,747,34.175,30.635,-0.0446,-0.0457,9.724,0.9245,0.1596,-1.0506
17820,1189,756,34.121,30.435,0.0535,-0.0614,9.8251,-0.1308,-0.309,-0.1478
17825,1179,754,34.161,30.474,-0.0313,-0.043,9.8117,-0.0273,0.7914,-0.1509
17830,1171,768,34.167,30.584,0.0107,-0.0407,9.8212,-1.2831,-0.4907,-0.2076
17835,1180,776,34.145,30.626,0.0108,-0.0279,9.7974,-0.1099,0.9495,0.8115
17840,1175,779,34.225,30.514,-0.0026,0.0943,9.8584,-0.2439,0.0653,-0.4119
17845,1160,782,34.163,30.478,0.0428,0.1128,9.8237,-0.3598,-0.6228,-0.1478
17850,1164,785,34.101,30.556,0.0554,0.0262,9.7273,-0.7186,0.9314,0.1327
17855,1161,795,34.257,30.503,-0.0655,-0.0347,9.8269,-0.0482,-0.975,-0.4292
17860,1151,792,34.182,30.477,0.0538,0.0172,9.8825,0.7868,-0.2932,-0.5727
17865,1154,801,34.221,30.547,0.0524,-0.0263,9.7784,-0.2321,0.1607,-0.0495
17870,1135,801,34.167,30.589,0.0585,0.0885,9.7273,0.2349,-0.1215,0.4285
17875,1145,810,34.206,30.539,0.0075,-0.0682,9.8319,0.1456,0.2871,-0.0289
17880,1139,809,34.281,30.544,-0.0296,0.0088,9.7311,0.5449,-0.3075,-0.0555
17885,1140,819,34.278,30.493,0.0465,-0.0647,9.7965,0.363,-0.6494,-0.4804
17890,1134,821,34.257,30.438,-0.0179,0.0825,9.7367,0.4027,-0.7011,0.302
17895,1139,828,34.223,30.518,0.0127,0.0059,9.8031,0.0958,-0.913,-0.0759
17900,1127,829,34.167,30.509,-0.0349,0.0054,9.7236,-0.1192,0.0879,-0.3438
17905,1117,827,34.214,30.501,-0.0254,-0.0696,9.8147,-0.5039,-0.0206,0.5443
17910,1118,833,34.155,30.549,0.0296,-0.0421,9.8701,0.6359,0.5137,-0.2164
17915,1106,846,34.219,30.495,0.0319,-0.0552,9.8403,-0.3181,-0.8718,0.0467
17920,1124,848,34.203,30.51,-0.0365,0.1085,9.7622,-0.22,0.301,0.0717
17925,1103,846,34.182,30.5,0.0013,0.1263,9.7849,0.1826,0.4884,0.4186
17930,1104,848,34.189,30.493,-0.0317,0.0419,9.8044,-0.1727,-0.7793,-0.5097
17935,1108,853,34.18,30.512,0.0257,-0.0043,9.9099,0.3854,-0.31,0.1617
17940,1107,849,34.14,30.458,0.0061,-0.0019,9.7725,0.7028,1.1249,-0.3071
17945,1105,855,34.121,30.507,-0.0924,-0.0224,9.7757,-0.3558,0.0119,1.0857
17950,1089,858,34.164,30.432,-0.0424,-0.0274,9.8112,-0.1278,0.7886,-0.4606
17955,1096,861,34.236,30.553,-0.0561,0.0214,9.7169,0.0123,-0.6996,-0.3141
17960,1090,867,34.229,30.522,-0.0642,0.0156,9.788,0.4233,-0.9139,0.0038
17965,1094,861,34.219,30.515,0.0687,0.0205,9.7786,-0.2053,0.7329,0.4871
17970,1083,864,34.156,30.533,0.0455,-0.0877,9.7727,-0.2547,0.448,-0.7702
17975,1081,862,34.197,30.489,0.0471,0.07,9.8195,-0.1984,0.4152,-0.6552
17980,1068,864,34.2,30.582,-0.063,-0.0991,9.7669,1.1607,0.253,0.4031
17985,1085,861,34.224,30.518,0.0002,-0.0385,9.8283,-0.1681,-0.3671,1.1267
17990,1085,866,34.211,30.485,0.0354,-0.0411,9.8748,0.2298,-0.5721,-0.0361
17995,1074,866,34.227,30.38,-0.024,0.1012,9.8874,0.8508,-0.123,-0.3773
18000,1072,873,34.205,30.422,-0.0834,-0.0457,9.76,-0.2739,0.1062,-0.7982
18005,1080,868,34.219,30.546,-0.0279,0.0255,9.7517,0.0974,-0.425,0.8004
18010,1068,865,34.18,30.476,0.0031,-0.0541,9.7647,-0.5571,1.2865,-1.0362
18015,1064,861,34.19,30.478,-0.0361,-0.0408,9.8839,0.0214,-0.2374,-0.6524
18020,1053,859,34.07,30.494,0.0229,0.0041,9.8318,0.1028,-0.5957,-1.0063
18025,1050,858,34.225,30.506,0.0452,0.0423,9.7069,0.1336,-0.0726,-0.4466
18030,1039,863,34.153,30.544,0.0089,-0.0243,9.8375,-0.4717,-0.7239,-0.5317
18035,1037,860,34.225,30.495,-0.0115,-0.028,9.7405,-0.0397,0.6663,0.0971
18040,1034,858,34.228,30.527,0.0398,0.0381,9.7674,-1.0206,-0.7874,0.2659
18045,1035,855,34.104,30.392,0.0565,-0.0795,9.8954,-0.2098,-0.5095,-0.5714
18050,1019,852,34.222,30.448,0.0453,-0.0337,9.8118,0.1497,-0.0238,0.6248
18055,1031,856,34.193,30.494,0.0486,0.0117,9.8448,-0.4123,0.0105,0.1728
18060,1017,852,34.158,30.456,-0.0055,-0.0734,9.7781,-0.8288,-0.5546,-0.2574
18065,994,853,34.168,30.524,0.0595,0.0564,9.7978,1.1942,-0.0838,0.0553
18070,1001,848,34.186,30.502,-0.0918,-0.0521,9.8758,-0.1091,-0.1173,-0.4024
18075,991,850,34.175,30.495,-0.0815,-0.0063,9.8092,0.1566,-0.3656,-0.087
18080,974,849,34.224,30.516,0.0156,0.0037,9.8358,0.5129,-0.1642,0.3906
18085,973,845,34.164,30.512,0.1402,0.0053,9.6894,-0.377,0.3815,0.202
18090,966,847,34.179,30.522,-0.0136,0.0145,9.7351,0.4085,-0.4165,-0.7154
18095,946,848,34.192,30.48,-0.0261,0.0095,9.8245,-0.178,-0.1289,1.2242
18100,948,844,34.175,30.425,-0.0121,0.0025,9.7978,0.2631,-0.6397,-0.4676
18105,951,839,34.106,30.507,-0.0094,0.1004,9.8179,0.5629,-0.3754,0.2368
18110,916,838,34.224,30.534,0.0214,-0.011,9.8536,-0.4819,-0.1358,-0.2868
18115,919,842,34.229,30.477,-0.0739,-0.0076,9.7381,-0.139,0.2144,0.6972
18120,902,843,34.249,30.544,-0.0332,-0.1368,9.8155,0.6302,-0.6055,0.8329
18125,894,841,34.198,30.596,0.0268,-0.0606,9.7505,-0.6261,-0.0631,0.4181
18130,890,840,34.222,30.507,0.0788,0.058,9.8663,0.9922,-0.6935,-0.6343
18135,873,837,34.193,30.545,-0.0407,0.0501,9.8984,-0.7069,-0.9439,0.0945
18140,866,837,34.188,30.578,-0.065,-0.0521,9.7602,0.1326,-0.2216,0.3699
18145,855,834,34.184,30.535,0.0666,-0.0337,9.8201,0.3367,0.2914,-0.4622
18150,841,830,34.311,30.532,0.092,-0.0995,9.7827,0.4119,-1.4647,0.504
18155,837,828,34.184,30.49,0.0303,-0.05,9.7529,0.8273,0.3168,0.6534
18160,819,833,34.204,30.476,-0.0566,0.0254,9.7679,-0.1393,0.3282,-0.8671
18165,816,829,34.172,30.443,-0.0644,-0.0468,9.8188,0.2442,-0.1058,0.5979
18170,808,832,34.168,30.569,-0.0339,-0.0002,9.8387,1.139,0.0264,-0.2149
18175,802,830,34.239,30.621,-0.0389,0.0539,9.7968,0.2412,-0.4184,0.5848
18180,790,832,34.185,30.537,0.1077,-0.0406,9.8469,-0.0421,0.1301,-0.1203
18185,780,824,34.08,30.532,0.0389,0.0834,9.8185,-1.0994,0.3227,-0.79
18190,779,832,34.146,30.485,0.06,-0.0457,9.8265,0.3749,-0.6871,0.0834
18195,776,825,34.073,30.606,-0.0221,0.0345,9.8153,0.4518,0.7371,0.4953
18200,768,819,34.262,30.546,0.0216,-0.0277,9.7919,0.1888,-0.3542,0.0178
18205,757,823,34.278,30.486,-0.0111,0.1067,9.8035,-0.3447,0.2414,-0.1433
18210,756,821,34.103,30.445,0.0198,0.0222,9.7761,-0.3313,0.0631,-1.5741
18215,755,823,34.2,30.54,0.0686,0.0128,9.8555,-0.2237,-0.492,-1.0421
18220,751,822,34.138,30.522,0.0299,0.0278,9.7661,0.3464,-0.7653,-0.4604
18225,755,818,34.285,30.516,0.0354,-0.0378,9.7582,0.0313,0.3395,0.3015
18230,749,814,34.142,30.516,0.0665,0.0065,9.8421,-0.0641,-0.1681,-0.5214
18235,751,807,34.118,30.518,0.0902,0.0033,9.8154,0.2756,0.1114,-0.041
18240,745,812,34.193,30.619,0.0436,-0.1476,9.9376,0.2021,-0.9788,-0.5002
18245,753,810,34.204,30.475,-0.0256,0.0099,9.8344,-0.0516,0.6575,0.209
18250,749,808,34.196,30.549,0.0394,-0.1174,9.8119,0.6317,-0.0442,0.2285
18255,751,809,34.238,30.382,-0.0225,-0.1263,9.8897,-0.0543,-0.4755,0.0314
18260,749,801,34.154,30.629,0.0416,0.0377,9.7203,-0.3981,-0.1928,0.6026
18265,769,804,34.134,30.508,-0.0754,-0.0129,9.7682,-0.6228,-0.0243,-0.7101
18270,761,801,34.167,30.549,-0.0711,0.0382,9.9102,0.7748,-0.1277,-0.2287
18275,777,799,34.294,30.443,0.0573,-0.0459,9.7098,-0.8745,0.2852,-0.3911
18280,780,797,34.238,30.547,-0.0433,0.0112,9.7751,0.469,0.3301,0.6445
18285,788,795,34.157,30.509,-0.0608,-0.0064,9.8224,-0.3887,0.2873,-0.5993
18290,800,784,34.218,30.528,-0.1188,-0.0702,9.8101,-0.4744,-0.6752,1.5008
18295,803,791,34.117,30.558,0.0005,0.0095,9.841,-0.3279,0.2166,-0.23
18300,810,784,34.202,30.506,0.0421,0.0021,9.7704,0.0711,-0.1069,0.6144
18305,824,777,34.121,30.463,-0.0063,-0.0548,9.7698,-0.2822,-1.0285,-0.6492
18310,840,777,34.18,30.48,-0.0084,0.005,9.8173,0.2494,-0.5429,-0.2295
18315,845,768,34.162,30.441,0.0036,-0.0541,9.9093,0.6306,0.2323,0.782
18320,865,768,34.176,30.551,0.0821,-0.0278,9.7813,-0.2353,-0.0448,0.6846
18325,874,763,34.244,30.593,0.0447,0.0141,9.7682,-0.4463,0.0654,0.13
18330,885,758,34.195,30.538,-0.0929,0.0393,9.7277,-0.4194,-0.5068,0.6635
18335,898,749,34.243,30.615,-0.0524,-0.0384,9.838,0.4202,0.1582,-0.2938
18340,915,757,34.141,30.49,0.046,0.0192,9.7408,-0.0252,-0.5708,-0.2562
18345,927,745,34.204,30.432,0.0115,0.1163,9.8734,-0.1489,0.3859,0.4932
18350,947,747,34.191,30.509,-0.046,-0.0098,9.8239,0.2144,-0.3912,1.2394
18355,948,736,34.184,30.437,-0.0035,-0.1221,9.8292,-0.0266,-0.3242,0.0243
18360,967,742,34.276,30.492,0.0071,0.0134,9.8548,-0.1472,0.1163,-0.1684
18365,983,735,34.182,30.526,0.0156,-0.04,9.7808,-0.0051,-0.1082,0.381
18370,993,730,34.182,30.483,0.0774,0.0376,9.9034,0.3054,0.0237,-0.5855
18375,1008,735,34.213,30.447,0.0637,-0.0339,9.7607,0.353,-0.4758,0.2757
18380,1022,727,34.178,30.463,0.0393,0.0367,9.8432,-0.0856,0.5866,1.123
18385,1038,728,34.179,30.53,-0.0007,-0.0461,9.7261,1.2638,-0.0272,-0.1176
18390,1049,719,34.219,30.481,0.1117,0.0121,9.6743,1.0937,0.3171,-0.2318
18395,1051,716,34.167,30.601,0.0305,-0.0062,9.7819,0.194,0.1201,-1.1334
18400,1067,723,34.094,30.563,-0.0065,0.0401,9.8146,-0.141,-0.6467,-0.5775
18405,1075,715,34.191,30.471,0.0154,-0.0485,9.8201,-0.2445,-0.3877,0.1998
18410,1087,715,34.206,30.473,0.039,-0.0392,9.7601,1.1703,0.3627,0.7779
18415,1104,717,34.126,30.501,0.0718,0.0386,9.7881,0.6045,-0.003,-0.04
18420,1112,713,34.216,30.369,0.0714,0.0297,9.7643,-0.0111,-0.0481,-0.5225
18425,1118,715,34.244,30.487,-0.0405,-0.0165,9.7582,0.1974,-0.4083,-0.3235
18430,1137,708,34.174,30.551,0.0296,-0.048,9.8293,0.4145,-0.0683,-0.3991
18435,1139,714,34.218,30.504,0.02,-0.0467,9.8023,-0.1666,-0.8472,-0.474
18440,1143,712,34.092,30.593,-0.004,-0.0214,9.8045,-0.1284,-0.9869,-0.3661
18445,1147,712,34.228,30.562,0.0136,-0.0773,9.7694,0.1366,0.4958,0.6183
18450,1155,715,34.19,30.484,-0.0644,-0.0535,9.7898,-0.7554,-0.8224,0.3023
18455,1168,713,34.109,30.412,0.0015,0.11,9.7508,-0.7199,-0.1991,-0.6198
18460,1175,717,34.185,30.486,0.0676,0.0493,9.8637,0.7744,-0.4361,-0.2715
18465,1175,716,34.134,30.527,0.0867,-0.0015,9.767,-0.179,0.3223,0.143
18470,1174,719,34.273,30.546,0.0429,0.0044,9.778,-0.0931,-0.7599,0.2693
18475,1184,724,34.174,30.603,-0.0347,-0.0474,9.7977,-0.5884,0.9438,0.7676
18480,1175,721,34.186,30.573,-0.0474,0.0246,9.8372,0.3227,0.2123,-0.0233
18485,1185,728,34.201,30.496,0.0434,-0.0781,9.7293,0.3534,-0.134,-1.1814
18490,1193,732,34.164,30.44,0.0258,0.0019,9.8666,0.4265,-0.7534,0.1151
18495,1194,737,34.225,30.467,-0.0537,0.0692,9.8857,0.5779,-0.3387,0.1
18500,1190,733,34.194,30.513,-0.0185,0.0236,9.9008,-0.7933,-0.0284,-0.352
18505,1181,744,34.116,30.523,-0.0541,-0.0053,9.8164,0.1395,0.068,0.3762
18510,1187,744,34.122,30.597,0.0292,-0.0021,9.8034,0.4134,0.7024,1.2087
18515,1184,752,34.289,30.537,0.0248,-0.0475,9.8385,-0.0448,0.221,0.6158
18520,1184,745,34.242,30.58,0.0323,0.0366,9.8549,-0.3943,0.2491,0.4385
18525,1184,754,34.177,30.534,-0.0443,0.0105,9.7969,-0.5211,-0.3064,-0.2456
18530,1188,761,34.209,30.526,0.0387,-0.0301,9.7498,-0.0376,0.0944,0.4993
18535,1176,758,34.051,30.486,-0.0258,-0.074,9.9312,0.6311,0.6357,0.3503
18540,1170,766,34.182,30.543,0.0641,0.0371,9.8025,-0.9206,-0.1066,0.2411
18545,1175,774,34.177,30.513,-0.0175,-0.0387,9.8501,-0.6543,0.006,-0.374
18550,1165,781,34.215,30.595,-0.0492,-0.0702,9.8438,0.3965,0.889,-0.3773
18555,1168,781,34.154,30.577,-0.0032,-0.0266,9.8553,-0.229,-0.7683,-0.179
18560,1149,787,34.232,30.586,-0.0321,-0.0215,9.7999,0.3049,-0.4024,-0.4284
18565,1157,792,34.196,30.544,-0.0475,-0.0126,9.894,0.1412,0.3687,0.2156
18570,1156,801,34.203,30.489,-0.0339,0.0547,9.8859,-0.1362,-0.6348,0.1494
18575,1157,804,34.199,30.542,0.0267,0.0431,9.7504,0.7432,0.4852,-0.0177
18580,1150,804,34.171,30.472,0.0105,-0.0446,9.7615,-0.0538,-0.9187,-0.6198
18585,1142,814,34.096,30.478,0.0624,0.0225,9.8558,0.3398,0.2412,-0.3496
18590,1144,816,34.177,30.468,0.084,0.0643,9.7287,0.2751,0.2288,-0.4974
18595,1130,818,34.158,30.488,0.0,-0.0231,9.7871,0.2383,0.6952,-0.4431
18600,1123,822,34.185,30.529,-0.054,-0.0202,9.8035,-0.0766,-0.4709,-0.3944
18605,1129,827,34.227,30.52,-0.0147,0.0246,9.7313,0.1633,-0.3495,-0.402
18610,1123,830,34.19,30.528,0.044,-0.0707,9.8452,0.1356,-0.6298,0.1787
18615,1115,838,34.295,30.443,0.0056,0.0152,9.822,0.9333,-0.5706,0.0773
18620,1118,844,34.125,30.486,0.05,0.0818,9.8565,0.021,-0.1147,-1.035
18625,1117,839,34.283,30.516,-0.0396,0.1001,9.8345,0.188,0.4772,0.7279
18630,1105,846,34.215,30.576,-0.01,0.092,9.8129,-0.6513,0.0163,-0.4638
18635,1116,849,34.163,30.497,-0.0125,0.0103,9.8259,0.9331,-0.3628,-0.0335
18640,1102,848,34.181,30.528,-0.0115,-0.016,9.7932,-0.6166,-0.1546,0.7922
18645,1094,848,34.191,30.524,-0.0667,-0.0405,9.7608,0.3841,0.1362,-0.3503
18650,1098,856,34.195,30.561,0.0663,-0.0651,9.821,0.5059,0.3856,-0.1754
18655,1098,855,34.18,30.54,-0.0246,-0.1739,9.884,0.0345,-0.3135,0.1324
18660,1089,860,34.234,30.49,0.0754,-0.0164,9.7777,0.4591,-0.3927,-0.0194
18665,1085,864,34.207,30.549,-0.0069,0.0765,9.761,0.0856,-0.5372,-0.6001
18670,1085,860,34.174,30.503,-0.0295,-0.077,9.7656,0.1408,-0.2919,0.4588
18675,1089,860,34.179,30.621,0.0573,0.0297,9.812,-0.1606,0.4029,-0.0476
18680,1083,861,34.139,30.514,0.0241,0.0376,9.8544,0.2636,0.3002,-0.2503
18685,1088,870,34.127,30.545,-0.0287,0.1248,9.839,0.1167,0.1562,0.2351
18690,1084,868,34.21,30.589,-0.0164,0.1122,9.8463,0.5715,-0.0724,-0.2637
18695,1073,868,34.097,30.452,-0.0702,0.0684,9.7838,0.5392,-0.75,-0.5923
18700,1075,868,34.281,30.526,-0.0747,0.0602,9.8487,-0.7482,0.0831,-0.415
18705,1067,867,34.134,30.517,-0.0225,-0.004,9.8083,0.3412,0.221,-0.3194
18710,1074,868,34.18,30.437,0.0417,0.0039,9.7757,-0.8925,-0.3348,0.1663
18715,1072,869,34.226,30.454,0.0313,-0.1226,9.7942,0.2487,0.8156,0.4383
18720,1064,862,34.134,30.475,-0.0657,-0.0439,9.7996,0.2559,0.2875,0.4222
18725,1054,860,34.156,30.416,-0.0736,0.0086,9.7096,0.2397,-0.2975,-0.4412
18730,1054,857,34.241,30.461,-0.0411,0.0118,9.8728,-0.66,0.4279,-0.4723
18735,1059,859,34.194,30.607,-0.062,-0.0106,9.8127,0.0358,-0.5751,0.2584
18740,1047,861,34.141,30.484,-0.0122,0.0026,9.8801,0.2923,-0.2181,0.7757
18745,1035,865,34.207,30.492,-0.0219,0.0355,9.8088,-1.1347,0.3167,0.543
18750,1038,857,34.22,30.526,0.0124,0.0375,9.8458,0.1222,0.6672,-0.1451
18755,1029,860,34.217,30.389,0.0766,0.0265,9.7836,0.3372,-0.0808,-0.0258
18760,1017,851,34.238,30.436,-0.017,-0.0356,9.8844,-0.1637,-0.0472,-0.6372
18765,1018,859,34.155,30.538,-0.0901,0.087,9.8367,-0.938,0.6617,0.1204
18770,1006,852,34.246,30.538,-0.0007,-0.0189,9.8477,-0.6941,-0.2324,-0.2489
18775,1004,846,34.215,30.547,0.0745,-0.0381,9.8298,-0.3692,0.0966,-0.6547
18780,993,856,34.203,30.493,-0.0674,0.0171,9.7521,1.138,0.3378,-0.0951
18785,984,850,34.247,30.556,0.0301,0.0273,9.7741,0.869,0.0582,-0.0358
18790,978,845,34.184,30.573,-0.0212,-0.1024,9.8257,0.4015,-0.5946,-0.7852
18795,961,845,34.198,30.538,0.0636,-0.0876,9.7405,0.8637,0.362,0.5276
18800,960,845,34.191,30.508,0.034,0.079,9.8351,0.502,0.6052,0.036
18805,945,852,34.189,30.559,0.041,0.0307,9.8166,-0.4414,-0.0684,-0.1668
18810,938,843,34.187,30.502,-0.0288,0.0741,9.7739,0.3328,0.2707,0.0034
18815,929,837,34.179,30.465,-0.0071,-0.0781,9.8171,-0.8289,0.4416,0.6794
18820,916,841,34.261,30.579,-0.0448,-0.0112,9.8004,0.5459,0.1717,-0.1272
18825,909,841,34.223,30.587,0.0003,0.0608,9.8182,-0.8855,0.0942,-0.3172
18830,900,835,34.17,30.591,0.0723,-0.064,9.7996,-0.3053,0.505,-0.5009
18835,888,839,34.199,30.635,-0.0045,0.0063,9.7541,-0.5333,0.8862,-0.0858
18840,875,835,34.263,30.486,-0.009,0.0124,9.7762,-0.0763,-0.0375,-1.018
18845,880,837,34.239,30.439,0.0162,-0.0597,9.8344,-0.6494,-1.2421,-0.1551
18850,860,840,34.168,30.487,0.027,-0.0194,9.8606,-0.0149,0.8632,-0.4237
18855,850,832,34.175,30.553,-0.0245,0.0217,9.7945,0.2263,-0.1694,0.3265
18860,831,828,34.151,30.501,-0.0429,0.0065,9.9213,-0.544,-0.3175,-0.4375
18865,827,832,34.171,30.502,-0.0237,-0.035,9.7679,-0.5353,0.3608,-0.5329
18870,821,827,34.218,30.498,0.0138,0.0252,9.8113,-0.7992,0.1252,-0.4584
18875,806,835,34.168,30.566,-0.0139,0.0902,9.8187,0.5089,0.2498,-0.5986
18880,817,836,34.138,30.468,0.0631,-0.0265,9.8074,0.0254,0.2038,0.5807
18885,789,828,34.186,30.515,0.063,-0.106,9.8142,-0.1968,0.0231,0.2223
18890,787,829,34.12,30.48,-0.0446,-0.0469,9.8158,-0.263,-0.5218,1.4294
18895,790,827,34.187,30.535,-0.071,0.0355,9.7456,-0.0851,0.0527,-0.8561
18900,771,827,34.168,30.536,-0.0533,0.0003,9.8706,0.7617,0.2111,0.8829
18905,764,829,34.135,30.472,-0.0294,0.0023,9.8084,-0.4685,-0.7311,0.0079
18910,769,820,34.139,30.5,0.0127,0.0167,9.773,0.0747,-0.0753,-0.4084
18915,764,824,34.15,30.468,0.0075,-0.0169,9.75,0.0415,-0.7387,-0.8986
18920,755,821,34.198,30.444,-0.0646,0.0628,9.7675,-0.6258,0.2866,0.3472
18925,755,817,34.155,30.522,-0.0321,0.0157,9.8362,-0.132,0.1581,0.2747
18930,747,818,34.122,30.581,-0.0159,0.057,9.8081,0.2416,0.4129,-0.3276
18935,749,822,34.24,30.555,-0.0015,-0.002,9.793,-0.0193,0.4338,-0.7764
18940,748,818,34.278,30.491,0.0007,-0.0839,9.8326,0.633,-0.6869,-0.2928
18945,744,814,34.29,30.527,-0.0024,0.0749,9.8164,-0.1988,-0.8257,-0.0067
18950,749,813,34.232,30.519,-0.0477,-0.0069,9.7489,0.028,0.7012,0.2641
18955,755,814,34.215,30.504,-0.0324,-0.0553,9.8533,0.4978,-0.7905,-0.1906
18960,765,804,34.215,30.522,0.0409,0.033,9.8442,-0.159,0.4638,0.0257
18965,757,814,34.147,30.478,-0.0309,0.0288,9.7936,0.0985,-0.1395,-0.1911
18970,761,801,34.172,30.586,0.0478,-0.0613,9.732,-0.2222,0.9496,-0.3982
18975,769,799,34.199,30.566,-0.047,0.0372,9.8122,-0.1546,0.1391,0.6855
18980,773,795,34.152,30.535,-0.0087,0.0114,9.8362,-0.0499,-0.8951,0.0112
18985,773,793,34.237,30.511,-0.0206,0.0717,9.7772,-0.5962,-0.1238,-0.016
18990,786,788,34.145,30.511,0.0599,-0.0196,9.9265,-0.2008,0.4185,0.1157
18995,803,788,34.142,30.507,0.063,0.0142,9.7785,0.168,-0.2378,0.0522
19000,805,785,34.149,30.433,-0.0282,-0.026,9.8594,0.1791,-0.4115,-0.5653
19005,799,778,34.18,30.495,-0.0577,0.0399,9.7638,0.5763,-0.0149,0.2567
19010,830,781,34.19,30.511,0.0313,0.0519,9.8101,-0.6912,0.7352,-0.7478
19015,839,779,34.196,30.575,0.0358,-0.003,9.7178,-0.0831,0.5504,0.1492
19020,846,771,34.222,30.542,-0.0325,-0.0736,9.8228,-0.537,0.0037,-0.1885
19025,858,773,34.219,30.559,-0.0758,-0.0456,9.8003,-0.5149,-0.3602,-0.6662
19030,861,762,34.197,30.558,0.02,-0.08,9.9125,0.3045,-0.6708,0.9126
19035,887,762,34.234,30.485,0.0156,-0.0627,9.75,-0.076,-0.7739,-0.2256
19040,894,761,34.15,30.537,-0.0591,0.0764,9.8467,0.6371,-0.1373,0.2567
19045,911,756,34.169,30.506,0.021,0.0097,9.7685,0.3664,0.1813,0.1859
19050,921,753,34.152,30.555,0.0639,0.0026,9.8499,0.8337,-0.075,0.5068
19055,924,753,34.157,30.46,-0.0991,-0.0126,9.8235,0.0732,-0.4572,0.6483
19060,948,745,34.187,30.528,0.1276,0.0355,9.7992,0.6065,0.135,0.1675
19065,957,738,34.217,30.496,-0.0557,0.0626,9.7955,0.1387,0.0598,-0.1412
19070,965,733,34.303,30.55,-0.065,0.0456,9.7483,-0.4196,-0.2006,-0.7374
19075,984,734,34.165,30.432,-0.0613,0.0064,9.7613,-0.5144,0.4487,0.2115
19080,1003,729,34.12,30.543,-0.0056,-0.0535,9.7022,-0.4129,0.5898,1.1499
19085,1020,728,34.25,30.497,-0.0226,0.0289,9.7506,0.6911,1.0316,-0.2835
19090,1025,724,34.198,30.614,-0.1478,0.0297,9.9199,-0.1321,-0.7135,-0.8028
19095,1026,726,34.241,30.539,-0.0438,0.0213,9.8635,-0.3608,-0.3275,-0.1879
19100,1054,726,34.136,30.498,-0.0526,-0.0457,9.8467,-0.2935,0.7825,-0.5508
19105,1062,725,34.202,30.377,0.0155,0.0737,9.843,0.4453,-0.9489,-0.285
19110,1077,720,34.131,30.557,0.008,-0.0067,9.8154,-0.5265,0.841,-1.785
19115,1095,717,34.136,30.537,-0.0123,0.0515,9.7507,-0.3618,-0.2082,0.221
19120,1102,716,34.124,30.55,0.0284,0.0405,9.8096,-0.1363,-0.3693,0.1162
19125,1109,715,34.177,30.552,-0.0479,0.0459,9.9279,0.0909,-0.0975,0.2273
19130,1116,715,34.19,30.502,-0.0494,-0.0303,9.8214,1.0888,-0.0317,-0.1739
19135,1129,713,34.216,30.519,0.0454,0.0014,9.8409,0.4449,-0.6569,0.2466
19140,1129,709,34.11,30.499,0.0331,-0.0133,9.8002,0.316,-0.3549,0.145
19145,1149,712,34.222,30.412,-0.025,0.0433,9.81,-0.773,0.3996,0.1238
19150,1144,716,34.195,30.566,-0.0058,0.0606,9.8406,-0.1864,0.02,-0.4238
19155,1151,711,34.18,30.602,-0.0314,-0.1017,9.7628,-1.1369,0.1334,-0.0677
19160,1160,713,34.219,30.439,0.0359,0.022,9.8914,0.0665,0.4189,0.5462
19165,1179,711,34.229,30.563,0.0326,-0.0096,9.7773,-0.1789,0.2752,0.9469
19170,1175,717,34.186,30.488,-0.0095,-0.0288,9.7772,0.1489,-0.7394,0.5612
19175,1177,717,34.254,30.489,-0.0416,0.0782,9.806,0.3788,-0.7348,-0.1674
19180,1181,719,34.131,30.543,0.0291,0.0144,9.6921,-0.4033,0.0826,0.4038
19185,1187,727,34.142,30.479,0.0275,0.0342,9.7986,0.3032,0.0568,-0.0643
19190,1175,725,34.194,30.432,-0.0615,0.0775,9.7719,0.489,1.1082,-0.6724
19195,1189,728,34.152,30.534,0.0166,-0.0202,9.8564,-0.2256,-1.296,-0.4017
19200,1191,735,34.303,30.57,0.0411,-0.0153,9.8262,0.5893,-0.8435,0.4502
19205,1194,725,34.312,30.538,0.0446,0.047,9.7214,0.6935,0.2401,-0.3165
19210,1184,737,34.191,30.539,0.0454,-0.0134,9.8755,0.2462,0.8241,-0.1147
19215,1186,737,34.197,30.48,-0.0784,0.0748,9.8204,0.6537,0.7113,0.3624
19220,1191,745,34.214,30.444,0.0415,0.0374,9.7501,0.3064,1.1995,0.1267
19225,1184,747,34.174,30.41,-0.0199,-0.0141,9.7355,-0.3286,0.405,-0.3095
19230,1187,759,34.142,30.531,-0.0212,-0.0635,9.705,0.6959,0.3291,-0.2234
19235,1178,753,34.199,30.577,0.0309,-0.0327,9.6902,-0.1739,0.5634,-0.3914
19240,1187,760,34.175,30.382,-0.0258,0.0467,9.8043,-0.0955,0.1964,0.7622
19245,1175,769,34.218,30.52,0.0763,-0.0732,9.857,0.2117,0.8167,0.1726
19250,1171,767,34.111,30.629,-0.051,0.0179,9.8014,0.8884,-0.8449,0.0925
19255,1168,773,34.251,30.578,-0.0446,0.0295,9.7798,0.367,-0.4139,0.7299
19260,1170,779,34.242,30.515,-0.0462,-0.0042,9.8235,0.2417,-0.1708,0.2118
19265,1167,787,34.219,30.516,-0.0629,0.0061,9.7777,-0.0633,0.5864,-0.1681
19270,1167,794,34.175,30.477,-0.0586,-0.0665,9.8485,-0.1636,0.0347,0.5538
19275,1151,795,34.152,30.426,0.0198,0.0306,9.8757,-0.7006,0.4022,0.7672
19280,1145,806,34.155,30.458,-0.0531,0.0016,9.7549,0.0501,0.2984,0.4647
19285,1143,806,34.184,30.401,-0.0214,-0.0063,9.893,-0.3983,0.529,-0.3009
19290,1151,809,34.167,30.562,-0.0945,0.0002,9.8238,0.4635,0.5034,-0.4052
19295,1142,817,34.182,30.449,-0.0633,0.0083,9.884,-0.5352,-0.864,0.4365
19300,1136,815,34.261,30.534,-0.0327,0.0827,9.8414,-0.3255,0.1788,0.3551
19305,1127,817,34.23,30.632,0.0254,-0.047,9.8778,0.0913,0.2094,-0.0713
19310,1126,827,34.184,30.458,-0.0075,0.0116,9.7781,0.1105,-0.207,-0.7129
19315,1122,828,34.142,30.499,-0.0552,0.0557,9.8032,0.5186,-0.2216,0.5109
19320,1108,839,34.196,30.558,-0.0561,-0.0113,9.797,-0.1778,-0.2684,0.2998
19325,1113,836,34.185,30.461,0.04,0.0193,9.9309,0.0282,0.2926,-0.9961
19330,1113,844,34.19,30.544,-0.0631,-0.0523,9.7748,-0.1433,0.6366,0.0376
19335,1116,841,34.234,30.446,-0.0156,-0.0721,9.7822,0.1798,-0.0232,0.0296
19340,1109,846,34.192,30.503,-0.0208,-0.0039,9.8599,-0.5401,0.0438,0.2514
19345,1112,847,34.242,30.562,-0.042,-0.1326,9.8882,-0.4803,0.7802,-0.8861
19350,1112,854,34.225,30.398,0.0738,-0.0544,9.883,0.0102,0.1383,-0.2512
19355,1094,856,34.221,30.444,-0.0256,-0.107,9.8143,0.4226,-0.3996,0.8861
19360,1104,855,34.227,30.527,-0.0426,0.0978,9.8002,-0.0147,-0.0141,-0.3065
19365,1099,858,34.182,30.479,0.0664,0.0541,9.8541,-0.0288,-0.643,0.0358
19370,1088,864,34.231,30.486,0.0525,0.0204,9.8462,-0.3342,0.5517,0.3518
19375,1088,869,34.25,30.529,0.0831,0.0012,9.8783,0.3401,-0.0276,-0.6215
19380,1097,856,34.152,30.527,-0.0001,0.0254,9.85,0.321,-0.0033,0.7787
19385,1089,861,34.167,30.554,0.0161,0.0089,9.9156,0.447,-0.2171,-0.3081
19390,1084,861,34.122,30.466,0.0036,0.0176,9.7785,0.4594,-0.0834,-0.0664
19395,1083,866,34.224,30.494,-0.0001,0.0144,9.8487,0.119,0.5932,-0.2755
19400,1088,861,34.186,30.466,-0.0045,0.0529,9.9019,0.3378,-0.6067,0.5308
19405,1079,862,34.185,30.543,-0.0068,0.0117,9.8986,-0.1546,-0.4637,0.2817
19410,1067,869,34.216,30.532,-0.0167,0.0069,9.8667,-0.8917,0.8784,0.7648
19415,1071,859,34.188,30.425,0.0609,-0.0211,9.8451,1.1252,0.278,0.2635
19420,1073,862,34.153,30.556,0.0254,-0.0427,9.8161,0.4467,0.1575,-0.0196
19425,1066,864,34.101,30.51,-0.0076,-0.0734,9.7442,-0.3346,-0.2274,0.1544
19430,1063,866,34.15,30.564,0.0257,0.0109,9.8176,-0.7202,0.5622,-0.1336
19435,1053,858,34.136,30.425,-0.0367,-0.0604,9.8548,-0.479,-1.0274,-0.4453
19440,1054,859,34.233,30.564,0.0007,0.0281,9.7968,0.4385,-0.2859,0.3667
19445,1044,861,34.178,30.459,-0.0091,-0.0466,9.8599,-0.0211,0.1072,-0.7274
19450,1049,859,34.193,30.513,0.0198,0.0745,9.8267,-1.1058,-0.2437,0.2455
19455,1042,851,34.229,30.495,-0.024,0.0038,9.7639,-0.3613,0.193,-0.0683
19460,1034,859,34.192,30.521,-0.0427,-0.023,9.9111,0.6668,-0.2563,-0.6651
19465,1030,854,34.191,30.526,0.0177,0.0094,9.9161,-0.6112,-0.9145,0.2639
19470,1019,854,34.243,30.458,-0.0303,0.0203,9.7532,0.0467,0.3244,0.7129
19475,1007,851,34.178,30.501,-0.0292,-0.0574,9.8331,-0.0968,-0.1326,0.2084
19480,1007,854,34.12,30.554,0.0103,-0.1235,9.7987,0.3669,0.0128,-0.2145
19485,996,854,34.169,30.526,0.0613,0.0117,9.8136,-0.6181,0.3031,0.0218
19490,988,847,34.176,30.416,0.0005,0.1017,9.7717,0.1793,0.0557,-0.2171
19495,988,845,34.237,30.534,-0.005,-0.0362,9.785,0.1001,-0.0203,0.6645
19500,969,844,34.184,30.476,0.0345,-0.04,9.7932,-0.9193,-0.1704,-0.1198
19505,964,844,34.091,30.48,0.0349,-0.0012,9.8635,-0.1391,-0.419,-0.5238
19510,957,845,34.124,30.59,0.0889,-0.06,9.8343,0.5546,0.301,-0.8195
19515,952,841,34.233,30.517,-0.0729,-0.0221,9.8255,0.5534,0.0488,0.0337
19520,933,844,34.151,30.599,0.0685,-0.1397,9.8083,0.4047,-0.3865,0.3514
19525,929,841,34.16,30.501,0.0124,-0.0657,9.78,0.7466,-0.1595,0.4317
19530,913,840,34.212,30.609,0.0526,0.0046,9.7996,0.3962,-0.5991,-0.0132
19535,906,834,34.153,30.574,-0.0097,0.0199,9.7745,-0.3057,-0.0384,-0.3688
19540,898,837,34.147,30.429,0.0579,0.0763,9.7332,-0.3111,0.3129,-0.2803
19545,887,834,34.153,30.515,-0.0472,-0.0329,9.8532,0.1857,-0.3635,0.9837
19550,867,839,34.244,30.511,-0.022,-0.0081,9.8644,0.574,-0.9548,-0.1327
19555,870,837,34.241,30.568,0.0103,-0.015,9.8035,0.3869,0.005,-0.1555
19560,854,832,34.151,30.481,-0.0865,0.0502,9.8274,-0.8013,-0.1871,0.2678
19565,840,828,34.127,30.459,0.0387,0.0386,9.8548,-0.6272,-0.5564,-0.3988
19570,838,828,34.222,30.482,-0.0798,-0.0023,9.8355,-0.54,1.0959,-0.3293
19575,823,838,34.221,30.524,-0.0874,0.0315,9.8313,-0.7779,0.309,-0.4887
19580,814,831,34.205,30.497,-0.0889,-0.0231,9.8405,0.2368,-0.3217,0.7533
19585,807,832,34.183,30.529,0.0009,-0.0191,9.7793,0.2654,-0.028,0.7832
19590,810,835,34.221,30.482,-0.0329,-0.0183,9.8504,0.0862,0.3485,-0.304
19595,795,829,34.177,30.571,0.1121,0.0304,9.7715,-0.2841,-0.2584,-0.0521
19600,788,826,34.286,30.501,0.0012,-0.0181,9.9123,-0.7132,-0.1222,-0.6178
19605,780,828,34.214,30.546,0.0185,0.0376,9.8209,-0.8283,-0.0783,0.1643
19610,774,828,34.244,30.574,0.0532,0.0028,9.7573,0.4751,0.6899,-0.7029
19615,774,826,34.209,30.513,0.0204,0.08,9.8766,-0.0506,-0.1762,-0.9053
19620,751,822,34.181,30.486,-0.0657,0.0694,9.7841,-0.8412,-0.1681,0.1513
19625,750,821,34.2,30.437,0.0624,-0.0202,9.8254,-0.286,-0.3503,0.4114
19630,760,817,34.228,30.6,0.03,0.0575,9.8024,0.0241,0.0249,-0.0315
19635,750,824,34.315,30.562,-0.046,-0.0066,9.7042,-0.2054,-0.1497,0.2228
19640,747,822,34.212,30.554,-0.004,0.0099,9.7926,-0.0401,1.1275,0.247
19645,742,814,34.21,30.541,0.0886,-0.0216,9.7922,0.3599,0.157,0.6846
19650,747,813,34.175,30.522,0.0309,0.0389,9.7906,-0.3828,0.4695,0.2789
19655,758,814,34.247,30.506,-0.0761,-0.0413,9.7438,0.5983,-0.3052,-0.3496
19660,746,814,34.236,30.485,-0.0193,0.021,9.8354,-0.62,-0.7745,-0.6968
19665,755,811,34.15,30.449,0.0353,-0.085,9.8566,0.2876,-0.9149,0.5657
19670,746,807,34.116,30.434,0.0348,-0.0507,9.7869,0.2374,-0.4585,-0.0286
19675,761,798,34.212,30.583,0.0877,0.0523,9.7341,-0.2564,0.1635,0.1405
19680,772,797,34.102,30.517,0.0421,-0.0423,9.8097,-0.7662,0.2938,0.3487
19685,760,795,34.212,30.514,0.0033,-0.0529,9.8888,0.9083,-0.6199,-0.3092
19690,781,793,34.188,30.513,-0.0209,0.0281,9.7779,0.2094,0.1159,0.1233
19695,783,792,34.153,30.529,-0.0373,0.053,9.8648,0.1438,0.6269,-0.6117
19700,784,795,34.156,30.588,0.0555,0.0351,9.9276,-0.2103,-0.5344,-0.7372
19705,805,795,34.197,30.504,0.0094,-0.0022,9.8673,0.2598,0.826,0.0177
19710,812,780,34.207,30.508,-0.0516,0.0125,9.8461,-0.2457,-0.0257,0.1217
19715,819,782,34.188,30.538,0.0253,0.0039,9.81,-0.1036,0.5892,0.388
19720,826,781,34.277,30.513,-0.0156,0.0535,9.7884,-0.5372,0.081,-0.5225
19725,843,771,34.195,30.491,-0.0639,-0.0469,9.7566,0.1449,0.3684,-0.2896
19730,858,765,34.209,30.562,0.0839,0.0584,9.8143,0.7778,0.3574,0.0904
19735,857,769,34.168,30.53,-0.0143,-0.0053,9.7207,-0.6525,0.6565,0.2179
19740,878,765,34.263,30.552,-0.0196,0.1059,9.8766,-0.2825,0.1284,0.6462
19745,891,760,34.249,30.485,-0.058,0.0113,9.8226,-1.3604,0.2622,0.2076
19750,907,761,34.151,30.559,0.0617,-0.0376,9.696,0.6021,0.677,-0.0994
19755,921,752,34.174,30.475,0.0344,-0.0592,9.8413,-0.2489,-0.2903,0.0444
19760,927,745,34.196,30.521,-0.0289,-0.0055,9.8854,0.1587,-0.2031,-0.5929
19765,946,744,34.206,30.515,-0.0825,-0.0641,9.7437,0.1177,-0.5551,0.0996
19770,959,740,34.31,30.464,0.0621,0.0676,9.8632,-0.0431,0.0144,-0.2826
19775,976,743,34.137,30.57,0.0639,-0.0544,9.705,0.0114,0.2166,0.3452
19780,980,736,34.234,30.486,-0.0217,0.0025,9.755,-0.1296,-0.336,-0.0185
19785,994,735,34.186,30.429,-0.0068,-0.0052,9.7891,-0.0081,0.1967,-0.0417
19790,1013,726,34.243,30.544,-0.0199,0.0151,9.7954,-0.0629,0.2427,0.3623
19795,1020,731,34.162,30.47,0.024,-0.0521,9.7596,-0.4961,-0.2911,-0.1107
19800,1031,720,34.237,30.425,-0.0074,0.0308,9.7941,0.2202,0.614,0.2603
19805,1052,719,34.187,30.526,-0.0289,-0.0753,9.8365,-0.6392,0.3391,-0.1736
19810,1054,717,34.143,30.53,-0.0675,-0.0809,9.8552,-1.152,-0.5934,0.0233
19815,1071,717,34.129,30.508,-0.0073,0.0512,9.6966,-0.6834,-0.1441,-0.2107
19820,1078,715,34.183,30.481,-0.003,0.0198,9.8013,0.2367,-0.8271,0.194
19825,1095,718,34.176,30.553,0.0467,0.0018,9.7638,0.6265,0.2256,0.0071
19830,1103,714,34.201,30.53,0.065,-0.0531,9.7819,-0.0225,-0.0391,-0.4063
19835,1117,715,34.26,30.488,0.0248,0.0188,9.7331,0.1029,-0.3768,0.7394
19840,1122,712,34.21,30.444,0.005,0.0052,9.7843,-0.1268,0.218,0.7329
19845,1128,710,34.186,30.421,-0.0661,0.0287,9.8271,0.0757,-0.8239,1.2972
19850,1145,711,34.206,30.546,-0.0313,-0.04,9.869,0.0982,0.4973,0.2145
19855,1153,710,34.131,30.438,0.0934,0.0341,9.8226,0.1946,-0.5904,0.8367
19860,1160,714,34.23,30.564,0.0257,-0.0327,9.7458,-0.3418,-0.2905,0.291
19865,1164,710,34.117,30.421,-0.0182,0.0315,9.8066,-0.1784,-0.1867,-0.3739
19870,1178,717,34.235,30.517,0.0534,0.0008,9.8811,-0.311,0.9113,0.2711
19875,1172,711,34.169,30.522,0.0415,0.027,9.7808,0.2745,-0.6143,-0.1202
19880,1186,719,34.1,30.485,0.0204,-0.01,9.8679,0.4195,0.1204,-1.2526
19885,1182,722,34.212,30.495,-0.0287,0.0537,9.8644,0.2792,0.2417,-0.017
19890,1175,719,34.229,30.488,0.0276,0.0029,9.8916,-0.0977,0.3904,-0.2793
19895,1182,726,34.196,30.529,0.0518,0.0196,9.7892,-0.3711,-0.6759,-0.7477
19900,1181,724,34.109,30.483,-0.0176,0.0173,9.7542,-0.0137,0.7292,-0.0795
19905,1191,731,34.134,30.394,-0.0217,0.0247,9.8678,0.3409,-0.0587,0.8581
19910,1200,731,34.168,30.485,0.0272,0.001,9.7636,-0.072,-0.3958,-0.3059
19915,1190,732,34.209,30.413,-0.0368,-0.0007,9.8424,-0.2572,-0.5251,0.5592
19920,1183,737,34.089,30.519,-0.0717,-0.0108,9.8272,0.3132,0.1449,-0.2981
19925,1192,742,34.118,30.498,0.04,-0.1156,9.7754,-0.0606,0.1891,-0.5846
19930,1188,748,34.158,30.435,-0.0163,0.0583,9.8766,0.1277,0.1015,-0.0739
19935,1180,751,34.189,30.536,0.0502,0.0304,9.8759,-0.377,-0.2035,-0.0744
19940,1193,754,34.14,30.503,-0.0048,0.0493,9.8575,0.2141,0.2624,0.0697
19945,1171,758,34.149,30.476,0.0638,-0.1106,9.7689,-0.1353,0.0869,0.3679
19950,1169,761,34.086,30.614,-0.0002,-0.0074,9.7747,-0.4697,0.1583,1.0844
19955,1165,768,34.177,30.53,0.0047,-0.0665,9.8442,0.7569,-0.4478,-0.1879
19960,1175,778,34.192,30.549,0.1191,0.0257,9.8747,0.4778,-0.9602,0.1274
19965,1169,777,34.182,30.563,0.033,0.0,9.9096,0.0161,-0.0317,-0.7265
19970,1157,789,34.128,30.559,0.0438,-0.0481,9.8191,0.5114,-0.6886,-0.4111
19975,1168,792,34.253,30.46,0.0173,0.0062,9.8226,-0.1615,0.5109,0.0355
19980,1160,798,34.228,30.476,-0.0183,0.048,9.8271,0.6549,-0.4452,-0.2123
19985,1145,800,34.19,30.47,0.0236,0.02,9.8294,0.7549,-1.2555,0.2627
19990,1148,809,34.159,30.496,0.0201,-0.0899,9.8227,-0.5859,0.3388,-0.2219
19995,1157,805,34.162,30.468,0.0116,-0.0801,9.8007,0.2952,0.0238,0.5039
20000,1139,809,34.209,30.569,-0.0642,0.0149,9.8013,-0.2889,0.2481,-0.8992
20005,1143,817,34.209,30.479,0.104,0.0502,9.7089,-0.6618,-0.0527,-0.6946
20010,1126,818,34.134,30.413,0.0371,0.0334,9.8932,-0.3042,-0.4059,-0.5453
20015,1125,826,34.139,30.424,0.0247,-0.0439,9.8483,0.6943,0.1301,0.6126
20020,1120,831,34.174,30.54,-0.0691,-0.0256,9.8375,-0.2146,-0.7655,0.314
20025,1124,829,34.229,30.511,0.0092,-0.0498,9.8759,1.0768,-0.0226,0.7133
20030,1120,834,34.151,30.471,-0.0563,0.0105,9.8776,0.1732,-0.1865,0.1889
20035,1117,841,34.155,30.476,0.0597,-0.0301,9.7754,-0.0078,0.6522,0.4444
20040,1121,839,34.144,30.522,-0.0074,0.0963,9.7563,0.7682,0.6184,0.0829
20045,1098,845,34.254,30.484,-0.0397,0.1337,9.8931,-0.4274,-0.6174,-0.2348
20050,1115,851,34.201,30.525,-0.0247,-0.0076,9.6965,-0.3031,0.4063,-0.6983
20055,1107,856,34.123,30.498,0.0752,-0.0749,9.9059,-0.8175,0.7289,-0.4591
20060,1103,856,34.214,30.522,0.0154,0.0076,9.8513,-0.1399,0.4329,0.8835
20065,1097,855,34.176,30.556,0.0591,-0.0817,9.8521,0.3431,0.1847,-0.0651
20070,1088,857,34.282,30.512,0.0565,0.0365,9.8344,-0.276,0.6575,-0.5807
20075,1095,861,34.153,30.506,-0.0694,0.0206,9.9191,-0.0505,-0.0845,-0.2304
20080,1089,863,34.23,30.402,0.0147,-0.0129,9.8052,0.1944,0.4329,-0.513
20085,1083,858,34.309,30.499,0.0447,-0.0113,9.9461,0.0749,0.8937,0.2035
20090,1084,859,34.184,30.42,-0.0014,-0.0929,9.83,0.1308,0.3859,-0.5629
20095,1080,862,34.225,30.545,0.0025,0.0246,9.7871,1.2829,-0.7246,0.2429
20100,1083,864,34.15,30.568,0.0289,-0.0702,9.7883,0.3321,-0.546,-0.2044
20105,1083,869,34.187,30.515,0.0579,-0.037,9.896,-0.361,-0.3521,0.0679
20110,1075,869,34.231,30.614,-0.0561,0.0352,9.776,0.4317,-0.0628,0.3332
20115,1078,865,34.162,30.542,-0.0408,0.0028,9.7172,0.053,0.6167,-0.0439
20120,1070,869,34.18,30.499,0.0267,0.021,9.7764,0.0214,-0.1721,-0.0267
20125,1063,865,34.187,30.397,-0.0042,0.0253,9.7909,0.5236,-0.6397,-0.5504
20130,1066,866,34.179,30.52,-0.0049,-0.0132,9.9122,0.2078,-0.4036,-0.2191
20135,1067,863,34.137,30.461,0.0187,-0.0666,9.7726,-0.3784,0.2292,-0.2138
20140,1052,865,34.157,30.584,0.0265,0.1395,9.9187,-0.0454,0.5416,0.0331
20145,1059,860,34.16,30.531,-0.0103,-0.0647,9.841,0.1773,0.697,-0.685
20150,1055,864,34.194,30.43,0.0145,-0.0564,9.6715,0.3187,0.4322,0.7271
20155,1046,863,34.215,30.447,0.0969,-0.082,9.7927,-0.1124,-0.345,1.051
20160,1039,858,34.193,30.536,-0.0263,-0.0453,9.821,0.6786,0.3234,0.4961
20165,1026,861,34.224,30.531,0.1189,0.0621,9.8233,-0.2728,-0.174,-0.3914
20170,1032,853,34.237,30.471,0.036,-0.0017,9.8418,-0.0343,-0.2522,-0.6838
20175,1013,856,34.197,30.56,0.0773,0.0606,9.7335,0.477,0.5889,-1.1536
20180,1020,853,34.14,30.567,0.0122,-0.0453,9.7769,0.2565,0.574,-0.6233
20185,1004,850,34.152,30.565,-0.088,-0.0143,9.7876,0.5703,0.3948,0.1175
20190,994,851,34.23,30.477,-0.013,-0.0716,9.8195,0.3127,-0.372,0.2973
20195,987,845,34.122,30.522,0.0089,-0.0197,9.8533,0.2578,0.1534,0.8098
20200,981,850,34.246,30.488,-0.0328,-0.0241,9.8291,-0.6697,0.5004,0.0732
20205,977,851,34.153,30.529,-0.0534,0.0661,9.8669,0.8657,0.359,0.5737
20210,971,846,34.157,30.432,-0.0058,-0.0683,9.7922,-0.1614,0.18,0.1057
20215,953,848,34.192,30.595,0.0121,0.0173,9.8104,0.4166,-0.8477,-0.5159
20220,960,839,34.234,30.616,0.0256,0.0044,9.8371,-0.0642,-0.193,-1.2376
20225,940,837,34.213,30.537,-0.0151,-0.0282,9.7964,-0.9167,0.5531,0.2889
20230,933,842,34.185,30.463,0.0083,-0.0062,9.8149,-0.3996,0.0707,0.5844
20235,923,837,34.18,30.571,-0.0421,0.0141,9.8406,0.1328,-0.3511,-0.0146
20240,915,840,34.171,30.51,0.0414,0.0584,9.7748,0.391,-0.519,0.1199
20245,899,838,34.202,30.579,0.0577,-0.0208,9.8141,0.2957,0.0061,-0.9792
20250,893,841,34.215,30.425,-0.1001,0.0713,9.8465,-0.2817,0.8925,0.9448
20255,883,841,34.168,30.572,0.0313,-0.0574,9.8453,-0.228,-0.7403,-0.06
20260,868,838,34.305,30.53,0.075,0.0832,9.7387,-0.5735,0.1161,-0.3316
20265,860,836,34.129,30.524,0.0138,0.0377,9.8127,0.3186,0.3026,-0.0894
20270,847,835,34.223,30.484,-0.0218,0.0349,9.7842,-0.2245,0.3399,0.8526
20275,833,837,34.186,30.496,0.0039,0.0252,9.6989,0.6906,0.7304,0.6195
20280,839,829,34.152,30.558,0.0108,0.0132,9.8058,0.3168,0.0076,0.513
20285,823,831,34.242,30.467,-0.0823,-0.0928,9.6265,0.3322,0.7886,0.8644
20290,805,828,34.185,30.514,0.0138,-0.0048,9.8128,-0.4149,0.1373,0.4979
20295,805,828,34.207,30.532,0.0068,0.0884,9.7561,0.2827,-0.7845,-0.2671
20300,792,830,34.209,30.427,0.0318,-0.0215,9.8657,-0.1239,-0.6313,0.1863
20305,790,829,34.043,30.513,0.0216,-0.0566,9.7745,0.1737,0.5979,-0.4884
20310,790,826,34.229,30.526,-0.0535,0.0133,9.798,-0.3278,0.0209,0.3885
20315,771,832,34.219,30.515,0.0455,-0.0369,9.8611,0.2541,-0.3938,-1.1931
20320,765,827,34.223,30.538,0.008,-0.0337,9.8448,0.1732,0.0228,0.031
20325,764,820,34.241,30.466,-0.0265,0.0606,9.7948,-0.4851,-0.6223,0.2775
20330,768,827,34.15,30.557,-0.0017,0.0054,9.7389,-0.8407,-0.3435,-0.0919
20335,756,820,34.128,30.601,0.0296,-0.0066,9.7892,-0.3987,0.2353,0.1048
20340,753,823,34.278,30.497,0.0318,-0.0164,9.7571,1.2017,-0.4973,0.202
20345,753,815,34.234,30.503,-0.0377,-0.0035,9.834,0.914,0.4541,-0.1815
20350,752,814,34.152,30.503,-0.0462,-0.0297,9.7674,-0.7328,0.8696,-2.1238
20355,753,814,34.175,30.468,-0.0364,0.0041,9.8861,0.3959,0.5309,0.5629
20360,750,814,34.151,30.582,-0.0251,-0.0966,9.8781,0.3665,-0.2936,0.0153
20365,753,812,34.19,30.443,-0.0044,-0.023,9.7823,-0.4299,0.0896,-0.1734
20370,754,810,34.184,30.517,-0.0263,0.0251,9.8164,0.3825,-0.4732,-0.4414
20375,752,807,34.166,30.52,-0.1368,0.0072,9.7939,-0.6382,-0.403,0.0396
20380,765,803,34.255,30.566,0.0347,-0.0501,9.78,-0.1851,0.1154,0.536
20385,755,808,34.198,30.5,-0.0015,0.0594,9.7426,0.3876,-0.3385,0.7435
20390,758,805,34.152,30.464,-0.0603,0.0169,9.8034,-0.3155,0.1572,-0.1912
20395,763,795,34.189,30.438,0.0187,0.0247,9.7447,0.0439,-0.55,-0.0122
20400,782,790,34.17,30.555,-0.0609,0.0064,9.8148,0.0193,0.6628,-0.3974
20405,777,789,34.143,30.483,0.014,-0.061,9.8443,0.077,0.6381,-0.0936
20410,795,790,34.176,30.635,-0.0254,0.0476,9.8115,-0.0476,0.0316,-0.636
20415,798,782,34.196,30.498,-0.0076,0.0375,9.7273,0.1681,-0.6457,-0.4342
20420,816,781,34.11,30.551,-0.0358,0.0423,9.8078,-0.1938,-0.5692,-0.2045
20425,821,770,34.199,30.479,-0.0205,0.0411,9.7878,-0.0242,0.3128,0.0241
20430,836,775,34.188,30.488,-0.0568,0.0047,9.8056,0.4334,-0.1906,-0.3004
20435,863,771,34.189,30.503,0.0179,-0.0828,9.8043,0.4558,0.2555,-0.6441
20440,861,769,34.228,30.557,0.0233,0.0061,9.8383,0.3397,-0.046,0.373
20445,867,763,34.132,30.501,0.0544,-0.0445,9.8113,0.3445,0.4102,0.2513
20450,878,754,34.18,30.512,-0.0418,0.0769,9.7557,-0.5981,0.0615,0.5824
20455,904,757,34.163,30.441,0.0807,-0.0401,9.8124,-0.7196,0.3239,0.2831
20460,908,754,34.197,30.517,0.0046,0.0407,9.8193,-0.4326,0.6436,-0.265
20465,928,746,34.323,30.493,-0.0371,0.0172,9.8018,0.8378,-1.0978,-0.208
20470,926,748,34.217,30.557,-0.0927,-0.0412,9.782,0.461,0.1771,-0.4691
20475,941,740,34.142,30.521,0.0358,-0.0407,9.7324,-0.197,-0.2216,0.1606
20480,965,739,34.2,30.473,0.02,0.0726,9.8282,-0.6711,-0.4193,-0.778
20485,971,739,34.256,30.507,0.0247,-0.0538,9.8253,-0.2693,-0.6171,-0.2377
20490,986,736,34.188,30.414,-0.0158,-0.0798,9.7772,-0.1804,-0.8099,1.0728
20495,1010,730,34.155,30.48,0.0058,0.014,9.8082,0.1573,-0.8709,0.4887
20500,1009,723,34.214,30.467,0.018,-0.0605,9.8087,0.2615,0.6164,-0.2669
20505,1029,725,34.144,30.543,-0.0627,-0.0405,9.7559,0.5638,0.8007,0.1692
20510,1048,721,34.157,30.444,0.0551,0.097,9.8539,-0.1142,-0.5982,0.2555
20515,1065,721,34.152,30.482,0.0359,-0.0474,9.7895,-0.4605,0.5262,0.1193
20520,1062,716,34.108,30.556,0.0294,-0.0191,9.8005,0.1499,-0.0704,0.4821
20525,1081,718,34.166,30.496,0.0412,-0.0512,9.8517,-0.3744,-0.258,-0.1289
20530,1079,714,34.193,30.432,0.0509,0.0226,9.7149,-0.0843,0.246,0.3437
20535,1093,720,34.145,30.514,-0.0559,0.0023,9.8175,0.4221,0.5759,0.8165
20540,1111,713,34.26,30.521,-0.0233,-0.0318,9.8323,-0.7323,-0.6616,-0.2835
20545,1113,707,34.219,30.436,-0.0167,-0.1055,9.8734,-0.1845,-1.327,-0.1475
20550,1128,707,34.095,30.458,0.1061,0.0636,9.8215,0.0305,0.4014,-0.2951
20555,1142,710,34.121,30.471,0.0754,-0.0474,9.8098,-0.3363,0.1023,0.0273
20560,1147,712,34.123,30.535,0.0107,-0.0428,9.8047,0.0483,0.4838,-0.6542
20565,1153,708,34.115,30.44,-0.0489,0.0364,9.8241,-0.1143,0.238,-0.8867
20570,1160,715,34.199,30.538,0.0122,0.0131,9.8702,-0.021,0.0918,0.594
20575,1162,721,34.253,30.552,0.0151,0.0195,9.7759,-0.5445,0.115,-0.7268
20580,1171,708,34.157,30.507,-0.0423,-0.051,9.8254,0.0319,-0.4381,0.2976
20585,1169,715,34.097,30.539,0.0428,0.0656,9.8575,-0.1146,-0.303,-0.2304
20590,1177,722,34.265,30.411,0.0124,0.0364,9.8069,-0.7431,0.4603,-0.0547
20595,1177,721,34.279,30.627,0.0468,0.074,9.7453,0.9914,-0.32,-0.1075
20600,1193,717,34.229,30.458,0.008,-0.0219,9.7379,-0.4993,0.4831,0.1808
20605,1189,726,34.157,30.365,0.0847,-0.047,9.8281,-0.0985,0.4751,0.0196
20610,1180,729,34.194,30.443,0.0245,0.0204,9.8507,-0.0621,0.5273,0.3508
20615,1191,731,34.186,30.535,-0.0266,-0.0445,9.8069,0.2407,-0.2554,0.4244
20620,1186,735,34.146,30.46,0.0231,0.1124,9.7027,0.6742,0.0288,-0.4815
20625,1188,737,34.174,30.53,-0.1075,-0.0596,9.8483,0.3766,-0.0443,-1.5466
20630,1194,740,34.22,30.462,0.026,0.0175,9.8097,-0.1947,0.5673,-0.3963
20635,1192,745,34.238,30.449,0.0708,-0.0314,9.8726,1.0397,0.1023,0.3118
20640,1186,749,34.099,30.581,0.0403,0.0116,9.7931,0.5402,0.3241,-0.0139
20645,1188,755,34.209,30.499,-0.0155,-0.0412,9.7875,0.041,-0.1082,0.113
20650,1189,758,34.211,30.424,-0.0565,0.0302,9.8549,-0.1573,-0.0163,0.5423
20655,1178,758,34.132,30.534,-0.0414,-0.0163,9.8255,0.0408,0.2747,-0.4685
20660,1175,766,34.155,30.533,0.0397,-0.0124,9.8669,-0.21,0.6015,-0.516
20665,1177,772,34.249,30.53,0.0436,0.0098,9.7965,0.4433,-0.6748,0.5249
20670,1166,780,34.318,30.527,-0.0632,0.0219,9.8392,-0.8992,-0.1668,-0.1123
20675,1167,783,34.276,30.537,0.0229,0.0483,9.8613,-0.0264,0.146,0.0211
20680,1161,789,34.29,30.418,0.0545,0.0836,9.8803,0.0066,0.1482,-0.3879
20685,1168,785,34.172,30.48,0.1127,0.029,9.7784,0.6603,0.1214,-0.1452
20690,1147,802,34.203,30.567,0.0671,0.1533,9.8177,0.317,0.0441,0.1805
20695,1146,799,34.23,30.457,0.0593,-0.006,9.7641,0.2735,0.1873,-0.086
20700,1156,809,34.147,30.39,-0.0662,0.0276,9.7985,-0.2768,-0.2232,0.3684
20705,1142,810,34.18,30.517,0.0056,-0.001,9.7039,-0.2371,-0.5144,1.0769
20710,1138,813,34.122,30.533,-0.0297,0.1088,9.7867,0.1168,-0.3926,-0.5701
20715,1140,817,34.317,30.503,0.0027,0.0561,9.8801,0.1138,0.8209,0.8672
20720,1129,822,34.158,30.531,0.1459,-0.1959,9.8146,-0.3117,-0.3003,-0.4219
20725,1128,823,34.186,30.427,-0.0331,-0.0196,9.8974,-0.6995,0.0067,-0.7637
20730,1133,834,34.219,30.498,-0.0377,0.0702,9.7633,-0.1893,0.1603,0.8718
20735,1121,835,34.23,30.587,0.1379,0.018,9.7004,-0.092,0.1094,-0.2496
20740,1116,838,34.098,30.375,0.0332,-0.0222,9.8473,-0.7491,0.7003,0.1969
20745,1121,840,34.14,30.456,0.0331,-0.0433,9.734,-0.0359,0.1665,-0.1367
20750,1116,849,34.17,30.524,-0.0098,0.0026,9.77,-0.7076,-0.6393,-0.1853
20755,1104,842,34.17,30.49,-0.0419,0.0391,9.8085,0.0912,-0.1082,-0.4592
20760,1110,851,34.165,30.471,-0.1147,0.0207,9.7694,0.5061,-0.0133,0.4676
20765,1109,851,34.125,30.428,-0.0592,0.0559,9.8031,-0.9316,-0.2396,-0.1899
20770,1100,852,34.123,30.444,0.0481,-0.0298,9.6603,-0.0427,0.0021,0.1827
20775,1090,857,34.183,30.414,-0.0711,-0.0127,9.8609,0.5273,0.3347,-0.6968
20780,1094,856,34.196,30.429,-0.0606,0.0159,9.8359,0.0282,0.5289,0.0806
20785,1095,859,34.228,30.464,-0.0075,0.0527,9.827,0.9861,-0.5476,-0.1284
20790,1085,857,34.262,30.462,0.0114,0.0338,9.8709,0.2605,-0.1195,0.0719
20795,1088,864,34.185,30.545,-0.0149,0.0197,9.8044,0.0556,0.494,0.7255
20800,1081,866,34.14,30.578,-0.0023,-0.0157,9.8342,-0.6666,0.572,-0.3923
20805,1085,860,34.172,30.507,0.1173,-0.0113,9.8649,-0.2678,-0.8372,-0.2755
20810,1076,865,34.228,30.398,0.0026,-0.002,9.7771,-0.2269,-0.5764,-0.6441
20815,1081,860,34.146,30.548,-0.0247,-0.0311,9.7941,0.2529,0.2261,0.5271
20820,1088,867,34.156,30.416,0.0511,0.016,9.7474,-0.5195,-0.2858,0.5545
20825,1070,865,34.187,30.599,0.0547,0.0635,9.7547,-0.4677,-0.0065,-0.1695
20830,1078,863,34.199,30.539,0.0697,-0.0588,9.8592,0.7349,0.0523,0.9127
20835,1071,863,34.079,30.498,-0.0323,0.0763,9.7724,-0.6127,0.0466,-0.5496
20840,1066,863,34.228,30.527,0.0367,0.0162,9.8174,-0.8084,0.5999,-0.5135
20845,1070,863,34.158,30.495,0.0254,-0.082,9.8177,-0.2283,1.2342,-0.2042
20850,1053,861,34.288,30.415,-0.0328,-0.0049,9.8761,-0.1268,-0.0341,-0.8061
20855,1047,862,34.205,30.482,0.0072,0.061,9.7874,-0.3217,0.1097,-1.0967
20860,1040,859,34.161,30.483,0.0408,-0.006,9.771,0.0999,-0.2067,0.4966
20865,1044,863,34.135,30.602,0.0841,-0.049,9.7584,-0.5746,0.2232,1.0321
20870,1037,859,34.217,30.553,-0.0414,0.0515,9.7923,-0.1841,0.0266,0.4472
20875,1035,856,34.25,30.516,0.0345,-0.025,9.8466,-0.7573,-0.1276,-0.2956
20880,1024,855,34.139,30.551,0.0057,-0.0393,9.7738,0.5175,0.34,0.6856
20885,1019,857,34.203,30.562,-0.0687,0.005,9.7806,0.8048,-0.3736,0.2566
20890,1016,859,34.152,30.53,0.0239,-0.0269,9.7538,-0.0176,-0.3218,0.6138
20895,1003,851,34.156,30.465,0.0676,0.0268,9.8301,-0.4725,0.1389,0.9403
20900,997,847,34.181,30.554,0.0135,0.0313,9.7779,0.4024,1.0064,-0.1758
20905,998,848,34.134,30.504,-0.0601,-0.0056,9.8644,0.5471,0.3258,0.2941
20910,988,851,34.194,30.42,-0.0107,0.0168,9.8039,0.0227,0.343,0.8511
20915,967,858,34.218,30.458,0.0418,0.1883,9.7833,0.0895,0.8645,-0.4122
20920,959,845,34.225,30.499,-0.0378,0.0302,9.8722,0.3753,-0.2147,0.4155
20925,943,846,34.183,30.509,-0.0189,0.0083,9.8458,-1.2884,0.3988,-0.2389
20930,946,838,34.193,30.366,-0.0716,-0.0184,9.8268,-0.3634,0.0574,0.3785
20935,936,844,34.271,30.4,-0.0006,0.0154,9.7504,-0.9042,0.095,-0.6801
20940,929,836,34.207,30.447,0.0029,-0.0476,9.7708,0.1627,-0.3689,-0.7319
20945,916,839,34.119,30.484,0.0245,-0.0549,9.8193,-0.3213,0.0482,1.0381
20950,896,839,34.237,30.541,-0.0435,-0.0159,9.7382,-0.23,-0.5448,0.2611
20955,892,834,34.147,30.468,0.0474,0.0099,9.7343,0.4908,0.6012,0.4984
20960,886,836,34.134,30.338,-0.0117,-0.0002,9.8031,-0.353,-0.1114,0.6155
20965,873,837,34.134,30.55,0.0288,-0.0273,9.775,0.394,-0.3248,-0.1447
20970,864,834,34.237,30.379,0.063,-0.0156,9.8023,1.0619,-0.0251,0.3773
20975,845,833,34.205,30.514,0.0371,0.0009,9.7824,1.3454,-0.6117,0.148
20980,846,831,34.175,30.502,-0.0502,-0.1071,9.7565,-0.179,0.1513,-0.3304
20985,838,836,34.105,30.536,0.0658,0.0178,9.8187,-1.2912,0.851,0.3175
20990,822,830,34.153,30.531,-0.002,0.0379,9.7434,0.6809,-0.3161,0.5314
20995,816,828,34.151,30.623,-0.0556,0.0361,9.798,0.7389,0.0979,0.6675
21000,809,831,34.192,30.533,-0.0004,0.0065,9.9376,0.7191,-0.318,-0.1084
21005,804,832,34.203,30.505,0.0596,-0.0349,9.8633,0.9013,0.325,0.418
21010,799,827,34.248,30.497,-0.1369,0.0827,9.8511,0.7103,0.7315,0.7401
21015,783,830,34.231,30.522,0.0283,-0.0564,9.7255,0.0375,0.0598,0.1632
21020,771,821,34.261,30.494,-0.0228,0.1165,9.7975,0.0608,-0.5813,-0.2184
21025,771,827,34.167,30.528,-0.0396,-0.0832,9.7772,0.5491,0.0325,-0.5301
21030,759,822,34.109,30.457,-0.0427,0.0141,9.732,-0.4084,0.0864,0.4456
21035,759,827,34.135,30.461,-0.0136,-0.0671,9.8918,0.055,0.3859,0.0425
21040,752,825,34.211,30.516,-0.0596,-0.0516,9.8086,-0.0342,-0.0936,-0.0703
21045,761,823,34.209,30.609,0.0183,-0.0635,9.7948,-0.2219,1.2076,-0.3275
21050,739,822,34.162,30.468,-0.0166,0.0289,9.762,-0.777,0.0594,-0.8047
21055,754,822,34.118,30.467,0.0013,0.0581,9.8189,-0.4328,0.1559,0.4002
21060,748,816,34.18,30.422,-0.0818,-0.0017,9.8395,-0.5331,-0.4385,-0.5823
21065,749,814,34.215,30.498,-0.0571,-0.0874,9.834,-0.3678,-0.7776,-0.214
21070,745,817,34.112,30.518,-0.0022,-0.0274,9.8034,0.4043,-0.723,-0.8979
21075,744,818,34.217,30.514,0.0341,0.0771,9.8065,-0.5556,0.1029,0.1321
21080,760,806,34.099,30.568,-0.0112,0.0247,9.8066,0.0777,0.419,0.3284
21085,761,809,34.167,30.491,0.0431,-0.0235,9.7225,-0.6152,0.4949,-0.6776
21090,765,801,34.223,30.477,0.0667,-0.014,9.6775,-0.5536,-0.8665,-0.6257
21095,763,797,34.076,30.51,-0.0236,-0.0718,9.8303,0.3592,0.6771,0.0442
21100,780,803,34.139,30.522,-0.0185,0.0811,9.7966,-0.1602,-0.2216,-0.5335
21105,776,795,34.157,30.577,-0.058,0.0777,9.8483,0.2366,0.6176,-0.6036
21110,785,796,34.144,30.487,-0.0124,-0.088,9.7382,-0.3297,-0.4944,0.4228
21115,804,787,34.185,30.435,-0.0208,0.0104,9.7669,-0.3399,0.2547,0.1789
21120,794,788,34.181,30.441,-0.0585,-0.0482,9.8219,-0.6786,0.1747,0.5723
21125,802,777,34.192,30.563,-0.0671,0.0084,9.7173,0.2478,-0.2338,-0.1125
21130,827,789,34.26,30.535,-0.0311,-0.069,9.874,0.036,-0.4213,-0.1154
21135,825,775,34.155,30.453,-0.077,-0.0439,9.8463,-1.3182,-0.1019,-0.046
21140,835,771,34.091,30.477,0.0395,-0.0192,9.828,-0.5505,0.8712,-0.2367
21145,852,767,34.246,30.539,0.0925,0.0144,9.8548,0.5627,0.0231,0.1966
21150,866,766,34.204,30.485,-0.007,-0.0045,9.8446,0.17,0.3422,-0.2172
21155,876,759,34.143,30.55,-0.0691,0.0033,9.7895,1.1606,-0.1085,0.833
21160,893,760,34.087,30.5,-0.033,0.0256,9.8535,0.5562,0.3611,-0.4861
21165,909,759,34.179,30.512,0.0159,0.0679,9.8347,0.0764,0.4401,-0.1374
21170,920,756,34.213,30.493,0.0053,-0.0456,9.9068,-1.814,-0.1014,-0.1223
21175,936,749,34.238,30.478,0.1424,0.0191,9.8356,-0.4451,-0.2394,-0.7313
21180,942,741,34.139,30.417,-0.0148,-0.0013,9.8265,-0.1602,0.2977,-0.9887
21185,962,740,34.25,30.533,-0.0124,0.0642,9.7502,-0.1571,-0.4345,0.0028
21190,975,743,34.127,30.628,-0.0171,0.0906,9.7777,-0.5926,0.0878,0.4353
21195,984,734,34.287,30.551,-0.0511,0.0173,9.8297,0.0542,0.3463,0.3767
21200,995,737,34.21,30.424,0.0285,0.028,9.895,-0.6344,-0.2735,-0.645
21205,1006,731,34.185,30.512,0.025,-0.0177,9.7454,0.5905,0.5541,0.2445
21210,1019,727,34.215,30.472,-0.0158,-0.0399,9.8211,-0.565,0.4525,0.5442
21215,1037,723,34.15,30.523,-0.0154,0.1255,9.7717,-0.3173,-1.3619,0.1302
21220,1042,722,34.144,30.503,-0.0594,-0.0449,9.7883,-0.1815,0.4935,-0.1432
21225,1060,716,34.155,30.513,0.0081,-0.0514,9.8688,-0.0522,0.527,-0.6038
21230,1072,716,34.127,30.476,0.0553,0.0221,9.8177,0.6625,0.0629,0.2164
21235,1089,718,34.158,30.432,0.0889,0.0384,9.8347,0.7122,-0.0287,0.1118
21240,1099,712,34.124,30.424,0.0595,0.0205,9.8669,-0.0132,-0.2302,-0.3862
21245,1110,712,34.203,30.573,0.0027,0.0694,9.8222,0.2675,0.0697,-0.4216
21250,1118,717,34.163,30.555,0.0313,0.1098,9.8085,0.2223,-0.1459,-0.1117
21255,1120,713,34.124,30.412,-0.0594,0.0069,9.7508,-0.2896,0.3683,-0.1742
21260,1131,709,34.189,30.493,-0.0002,-0.0488,9.8346,0.635,-0.0424,0.8333
21265,1140,713,34.188,30.572,-0.001,0.0535,9.8403,0.0557,0.4008,1.0637
21270,1143,715,34.136,30.442,-0.0247,-0.0981,9.8394,0.456,-0.6274,-0.3807
21275,1146,717,34.084,30.521,-0.0784,0.0215,9.8855,-0.8519,0.5365,-0.4302
21280,1159,714,34.166,30.492,-0.0588,0.0023,9.8606,-0.3867,-1.543,-0.6081
21285,1166,715,34.222,30.585,0.0678,-0.0392,9.9261,-0.5818,-0.4959,-0.1739
21290,1168,714,34.143,30.479,0.0439,-0.0129,9.7442,-0.3093,-0.4343,-0.6927
21295,1175,717,34.178,30.579,0.0885,-0.0553,9.8176,0.1777,-0.2404,-0.8334
21300,1177,723,34.133,30.52,-0.0867,-0.0227,9.8354,0.8298,0.3495,-0.2282
21305,1193,721,34.103,30.566,-0.0292,-0.0985,9.7987,-0.4678,0.4726,0.0172
21310,1177,728,34.185,30.438,-0.0356,0.0886,9.7871,0.0665,0.6372,-0.2458
21315,1182,729,34.225,30.49,-0.0109,-0.0027,9.746,0.6947,-0.2853,0.4353
21320,1183,725,34.236,30.557,-0.0225,0.0275,9.7976,-0.4462,-0.0912,0.0066
21325,1194,728,34.158,30.589,-0.0217,0.0165,9.7749,0.092,1.1113,0.7977
21330,1192,734,34.107,30.507,0.0989,0.0283,9.8051,-0.2688,0.2258,0.202
21335,1185,742,34.241,30.548,-0.0016,0.0551,9.8779,-0.3345,0.4358,-0.7137
21340,1188,746,34.218,30.586,-0.0442,0.0401,9.8705,0.0328,-0.0079,0.9635
21345,1179,745,34.125,30.53,-0.0184,0.0652,9.7923,-0.2524,-0.6171,0.301
21350,1187,753,34.194,30.49,-0.0763,0.0811,9.8581,0.3471,0.0186,0.083
21355,1184,758,34.078,30.403,-0.0022,0.0424,9.8166,0.19,-0.6964,-0.6023
21360,1192,760,34.192,30.469,-0.0066,0.1431,9.7983,-0.4546,0.3775,0.097
21365,1175,766,34.063,30.477,-0.001,0.0399,9.8502,0.4544,-0.28,-0.0944
21370,1172,769,34.248,30.468,-0.019,0.0345,9.7452,-0.2124,0.1382,0.0677
21375,1177,776,34.207,30.468,-0.0462,-0.043,9.7784,-0.7267,-0.9761,-0.8485
21380,1168,777,34.132,30.51,-0.0254,-0.0238,9.8135,-0.688,0.6192,-0.2393
21385,1173,785,34.123,30.483,-0.0022,-0.0231,9.9047,-1.0729,-1.43,0.0059
21390,1163,790,34.182,30.485,0.0294,-0.1425,9.7906,-0.404,0.4954,-0.1077
21395,1155,795,34.209,30.523,-0.0409,-0.0542,9.7675,0.3225,0.0716,0.1693
21400,1154,798,34.107,30.521,0.0117,0.0174,9.8508,-0.1093,0.6977,-0.5113
21405,1149,802,34.167,30.601,-0.0268,-0.0504,9.8492,-0.3606,0.1565,-0.9248
21410,1138,810,34.149,30.568,0.0193,0.0413,9.7923,0.1115,0.6711,0.1827
21415,1147,803,34.147,30.48,-0.1147,0.1017,9.8218,-0.0679,-0.4833,-0.3855
21420,1135,815,34.214,30.431,0.0449,0.0167,9.8013,0.2995,0.1234,0.6051
21425,1135,817,34.158,30.525,0.0435,0.0259,9.8274,0.3163,0.5345,-0.4078
21430,1135,828,34.137,30.45,0.0933,0.0945,9.7423,-0.8236,0.8182,0.4745
21435,1132,831,34.22,30.44,-0.0257,-0.0292,9.8313,0.4782,-0.0765,-0.0862
21440,1123,839,34.153,30.499,0.0049,0.0791,9.8426,0.3256,-0.3015,-0.779
21445,1120,835,34.174,30.448,-0.0388,0.1027,9.8362,-0.3368,0.3834,0.3645
21450,1119,838,34.223,30.498,0.0485,0.0335,9.9677,-0.2544,-0.1258,0.9874
21455,1107,846,34.193,30.46,-0.0926,0.0508,9.7961,-0.3453,-1.0418,0.0897
21460,1105,848,34.242,30.602,-0.034,-0.0576,9.7612,0.2292,0.5514,0.137
21465,1105,848,34.195,30.574,-0.0056,0.0418,9.811,-0.8622,0.7872,-0.1143
21470,1110,853,34.183,30.561,0.059,-0.0761,9.7523,-0.1275,0.0902,0.1972
21475,1101,852,34.095,30.552,0.1054,0.0638,9.7994,-0.0192,-0.0947,0.1941
21480,1102,859,34.069,30.497,-0.0146,-0.0144,9.8752,-0.5957,-0.7698,0.0576
21485,1100,855,34.25,30.493,0.0204,0.0461,9.7577,-0.1426,0.0697,0.6454
21490,1094,863,34.142,30.416,0.0116,0.0096,9.7986,-0.2135,0.354,-0.5669
21495,1102,861,34.166,30.591,-0.0996,0.0318,9.7973,-0.1146,0.605,0.2919
21500,1082,863,34.08,30.533,-0.0298,0.0364,9.8744,-0.2102,-1.0314,0.0544
21505,1090,867,34.234,30.481,-0.0445,0.0586,9.7498,-0.7688,-0.2249,-0.6806
21510,1085,864,34.126,30.527,-0.0185,-0.0026,9.8793,-0.622,-0.3345,-0.696
21515,1084,861,34.22,30.583,-0.0381,0.0942,9.7951,0.3233,-0.6021,-0.4005
21520,1074,861,34.18,30.501,-0.0395,0.0238,9.8577,0.0325,1.1472,0.3706
21525,1073,864,34.187,30.489,0.0149,0.0068,9.8519,1.2351,-0.1262,0.0292
21530,1074,864,34.051,30.581,-0.0509,-0.0307,9.8528,-0.2232,-0.3734,-0.8019
21535,1066,870,34.107,30.423,-0.0296,-0.0129,9.7348,-0.1182,0.0448,0.2408
21540,1074,866,34.171,30.452,0.0172,0.0154,9.7771,-0.0463,-0.9416,-0.3175
21545,1067,864,34.214,30.488,0.036,0.0068,9.7628,-0.139,0.2715,-0.706
21550,1059,863,34.12,30.5,0.0651,-0.0691,9.8688,0.6488,-0.0237,-0.0559
21555,1058,860,34.184,30.493,0.0311,-0.0694,9.8279,-0.1075,-0.1433,-0.6934
21560,1058,860,34.183,30.475,0.009,0.0111,9.8189,0.6299,-0.5209,0.3464
21565,1053,859,34.171,30.474,0.0955,0.0635,9.8037,0.2384,0.3294,-0.537
21570,1046,857,34.173,30.489,-0.0472,-0.0272,9.7422,-0.4043,0.306,0.0735
21575,1034,858,34.14,30.47,0.0122,0.0523,9.7298,-0.6283,-0.0666,0.1162
21580,1030,860,34.159,30.467,-0.0654,0.0358,9.7775,0.5495,0.2118,-0.2498
21585,1027,861,34.27,30.555,0.0143,-0.0027,9.8213,-0.2846,0.0807,0.304
21590,1029,858,34.23,30.585,0.0849,0.0585,9.8796,-0.7774,-0.4207,-0.2716
21595,1008,851,34.108,30.532,0.0521,-0.0875,9.7741,-0.6557,-0.2411,-0.9446
21600,1001,852,34.223,30.472,0.0051,-0.0474,9.94,-0.4763,0.0986,-0.6819
21605,1006,848,34.229,30.497,-0.0489,0.0659,9.7686,-0.7329,0.5982,-0.5322
21610,986,850,34.143,30.605,0.0652,-0.0319,9.8264,-0.092,-0.0537,0.1125
21615,978,853,34.259,30.496,-0.0483,-0.1433,9.83,-0.5383,-0.0875,-0.6165
21620,978,851,34.147,30.457,-0.0736,-0.0843,9.8119,-0.1367,0.3276,-0.0667
21625,967,843,34.166,30.469,-0.0448,0.0209,9.7368,0.3322,-0.3896,-0.1649
21630,955,842,34.198,30.445,-0.0482,-0.007,9.7848,0.1256,0.0433,-0.7123
21635,952,844,34.172,30.471,0.0167,-0.0121,9.7019,0.2567,-0.0819,-0.3144
21640,942,848,34.263,30.539,0.0449,-0.0392,9.886,-0.0834,0.3175,0.7154
21645,925,839,34.146,30.493,-0.0192,-0.0472,9.8909,-0.4308,0.9559,-1.5139
21650,915,836,34.207,30.477,0.0817,0.0179,9.8409,0.0283,0.1728,-0.3638
21655,899,839,34.211,30.533,0.0227,-0.0652,9.8597,-1.2192,-0.4274,0.6087
21660,897,838,34.151,30.471,0.0399,-0.0899,9.8339,-1.097,0.5766,0.1744
21665,887,836,34.197,30.473,0.0353,0.07,9.7636,-0.1304,0.1388,0.6996
21670,882,834,34.123,30.442,-0.0545,-0.0709,9.7939,-0.3862,0.5417,0.2177
21675,865,835,34.061,30.491,-0.0504,0.0174,9.8027,0.6961,0.1799,0.3404
21680,860,835,34.189,30.489,-0.0302,-0.0796,9.871,-0.2799,-0.8822,0.7732
21685,844,831,34.146,30.406,0.0414,-0.0457,9.8071,-0.3541,-0.666,-0.5407
21690,837,832,34.146,30.359,-0.0528,-0.0387,9.8727,-0.4081,0.9516,0.2919
21695,829,832,34.169,30.634,-0.127,-0.1102,9.8308,0.8871,0.1319,0.0103
21700,816,832,34.196,30.5,0.002,0.0173,9.8515,-0.7266,0.9849,0.4064
21705,802,831,34.234,30.57,0.0077,-0.0676,9.9343,-0.5941,0.6531,0.1122
21710,805,827,34.145,30.593,0.0012,0.0111,9.8857,-0.2439,-0.2133,0.2272
21715,794,830,34.139,30.509,0.02,-0.0394,9.777,0.0068,0.7662,0.103
21720,790,824,34.211,30.483,-0.0254,-0.0029,9.8666,-0.4492,0.2578,0.1741
21725,781,827,34.198,30.503,-0.0936,-0.0264,9.7725,-0.1602,-0.3577,-0.3667
21730,781,829,34.169,30.545,0.0329,-0.053,9.7775,-0.4649,0.1292,-0.6967
21735,768,826,34.157,30.408,-0.038,-0.0477,9.8555,0.523,-0.6107,0.8007
21740,763,827,34.151,30.41,-0.0098,-0.0749,9.7665,-0.1753,-0.6015,-0.205
21745,764,822,34.145,30.581,0.0374,-0.0435,9.7941,-0.8982,-0.1647,-0.5918
21750,749,819,34.135,30.522,-0.0197,-0.0429,9.7496,-0.4077,0.4023,0.4621
21755,757,818,34.163,30.5,-0.0786,-0.0235,9.9018,0.1096,0.7165,0.1219
21760,750,822,34.198,30.512,-0.015,-0.0812,9.8648,0.5558,0.0659,0.4355
21765,741,819,34.134,30.557,-0.0073,-0.0812,9.8309,-0.7424,0.0332,-0.1331
21770,755,816,34.212,30.469,-0.0534,-0.0462,9.8222,-0.4742,0.3055,-0.3505
21775,752,812,34.167,30.513,0.1172,-0.0812,9.8594,0.6072,-0.1161,-0.7083
21780,745,812,34.112,30.524,-0.0313,-0.0297,9.7306,0.1387,0.1158,1.1505
21785,750,804,34.213,30.46,0.0339,-0.0628,9.7747,-0.8642,-0.7478,0.6316
21790,753,806,34.143,30.477,0.0315,0.0385,9.8179,-0.1082,0.6546,-0.4909
21795,758,805,34.225,30.442,0.0864,0.0871,9.7966,0.5295,-0.0806,0.1387
21800,756,802,34.18,30.486,-0.0344,-0.0234,9.694,-0.6769,0.277,0.0753
21805,766,799,34.224,30.477,0.0079,-0.043,9.8586,-0.7309,0.1854,0.1182
21810,769,795,34.129,30.489,0.0013,-0.0046,9.8284,1.0295,0.8083,-0.0434
21815,775,794,34.156,30.565,-0.0799,0.0247,9.8071,-0.0849,-0.1648,-0.3426
21820,789,795,34.147,30.494,0.0212,0.0092,9.8525,-0.2626,-0.0045,0.7386
21825,799,785,34.056,30.477,0.066,0.1283,9.8989,-0.415,-0.7884,0.342
21830,794,786,34.134,30.394,0.1072,-0.057,9.7391,0.7206,-0.3648,-0.1092
21835,809,782,34.112,30.501,0.0282,0.1516,9.8977,-0.2778,-0.4643,-0.2101
21840,830,774,34.168,30.454,0.0432,0.051,9.7963,0.0085,-0.1648,0.7066
21845,842,773,34.104,30.553,0.0212,-0.0537,9.7539,0.391,-0.0822,0.2699
21850,838,771,34.198,30.427,0.0232,0.0677,9.8604,-0.0293,-0.2377,0.5085
21855,867,768,34.189,30.555,0.0393,0.0538,9.829,0.0861,0.4079,-0.1852
21860,867,765,34.174,30.437,0.0468,-0.0223,9.8271,-0.2147,0.8109,0.1517
21865,879,763,34.114,30.423,-0.0468,-0.028,9.8511,-0.2191,0.2015,-0.8592
21870,890,751,34.147,30.497,0.0046,0.1095,9.7737,-0.1487,0.6736,-0.0825
21875,905,755,34.197,30.505,0.1374,-0.0366,9.8291,0.4602,0.4232,0.6474
21880,929,746,34.187,30.437,-0.0457,-0.0205,9.7271,-0.1411,0.3014,0.5446
21885,948,750,34.21,30.329,-0.0353,0.0548,9.8601,-0.4925,0.2096,0.0812
21890,954,741,34.125,30.525,0.0892,0.079,9.7859,-0.1456,0.509,0.39
21895,962,737,34.153,30.464,0.013,0.0393,9.7982,-0.0855,-0.292,0.0991
21900,972,739,34.186,30.476,-0.046,0.0707,9.8243,0.8545,-0.3155,0.0413
21905,987,734,34.307,30.542,0.0257,0.0464,9.8001,-0.6911,-0.7416,0.2804
21910,1000,734,34.144,30.511,0.0397,-0.1024,9.847,0.3319,-0.7614,0.4616
21915,1017,731,34.183,30.5,0.0687,-0.0402,9.8433,0.6384,-0.787,0.4236
21920,1034,730,34.18,30.527,0.0315,-0.0434,9.752,0.6802,-0.8224,-0.5684
21925,1045,720,34.167,30.549,0.0253,0.0901,9.7875,-0.5857,-0.4298,0.1886
21930,1050,720,34.196,30.452,-0.0537,-0.0354,9.8818,-0.1565,0.5968,0.6653
21935,1070,716,34.222,30.485,0.0826,0.0118,9.7852,0.3321,-0.079,0.1056
21940,1085,723,34.124,30.534,0.0264,-0.0066,9.8881,-0.6492,0.4671,0.87
21945,1082,716,34.133,30.45,0.0053,0.0194,9.8928,-0.194,-0.4865,0.3717
21950,1103,711,34.167,30.583,0.0153,0.0062,9.7551,0.2213,-0.6238,-0.1472
21955,1110,711,34.133,30.53,-0.0167,0.0682,9.884,0.1339,-0.808,-0.1445
21960,1116,707,34.192,30.474,0.0251,-0.0385,9.803,0.0375,0.8622,-0.8438
21965,1129,710,34.122,30.466,-0.0235,0.012,9.821,0.4023,0.6234,-0.0086
21970,1136,711,34.162,30.427,0.0725,-0.0031,9.777,1.1182,0.2249,-0.3024
21975,1144,712,34.178,30.408,-0.017,0.0259,9.7767,0.3162,0.4666,0.0128
21980,1159,713,34.229,30.503,-0.0151,0.0193,9.7978,-0.3298,-0.9801,0.947
21985,1150,707,34.171,30.473,-0.0265,0.0768,9.8389,0.9304,-0.3572,-0.4382
21990,1166,716,34.111,30.431,-0.0408,-0.0448,9.7556,-0.4032,-0.284,-0.4245
21995,1163,715,34.079,30.568,-0.0174,0.0375,9.8007,-0.2539,0.4208,-0.3172
22000,1182,717,34.155,30.478,0.0175,-0.0412,9.8404,-1.4083,-0.2111,0.1731
22005,1170,721,34.224,30.526,-0.0363,0.0179,9.7908,-0.3718,0.4938,-0.0324
22010,1190,718,34.169,30.438,0.071,0.0964,9.92,0.262,1.0068,-0.1851
22015,1180,726,34.21,30.514,-0.0738,-0.0708,9.8708,0.7709,-0.818,-0.8507
22020,1182,723,34.151,30.426,-0.0275,0.0391,9.7242,0.0204,0.4567,0.1861
22025,1185,722,34.144,30.56,0.0151,-0.0272,9.8314,0.9928,-0.3784,-0.1273
22030,1198,729,34.116,30.481,-0.0445,0.0088,9.8555,-0.0551,-0.5224,0.8742
22035,1190,731,34.199,30.548,-0.0201,0.0024,9.8504,0.7742,0.0163,-0.0529
22040,1197,741,34.01,30.417,0.0102,0.002,9.8142,0.0852,-0.5491,-0.2858
22045,1192,741,34.132,30.565,-0.0423,0.0673,9.7804,-0.5244,0.5676,0.2057
22050,1192,740,34.147,30.439,0.047,-0.1392,9.8154,-0.191,-0.4903,0.2506
22055,1186,752,34.104,30.593,-0.0426,-0.0061,9.8552,-0.2058,-0.2774,-0.5257
22060,1179,750,34.214,30.409,-0.0747,0.0056,9.7322,0.6728,1.5444,-0.4705
22065,1177,759,34.136,30.501,0.0111,-0.0077,9.7229,-0.4196,0.1524,-0.0113
22070,1180,773,34.148,30.477,0.0063,-0.0201,9.7902,0.3745,0.1901,-0.7175
22075,1175,769,34.174,30.545,-0.0186,0.058,9.8868,0.425,0.6832,1.0879
22080,1159,775,34.19,30.488,0.042,-0.0489,9.9448,0.6186,0.591,-0.5018
22085,1158,778,34.157,30.449,-0.072,-0.004,9.816,-0.3537,0.4552,0.0204
22090,1159,783,34.182,30.527,-0.0276,-0.0014,9.8527,0.0249,-0.4843,0.2534
22095,1158,785,34.194,30.541,0.0586,0.0151,9.7767,0.3551,-0.3141,0.6164
22100,1163,790,34.187,30.487,-0.0886,-0.0185,9.7342,0.1625,0.7212,-0.4589
22105,1144,797,34.085,30.452,-0.0094,-0.0662,9.7211,0.5199,-0.335,0.1512
22110,1153,801,34.297,30.447,0.0693,-0.0349,9.8107,0.1978,-0.1591,-0.3173
22115,1146,801,34.177,30.505,0.0833,-0.0183,9.7347,-1.1001,-0.5139,-0.4129
22120,1148,811,34.109,30.449,0.1077,0.0594,9.776,0.2286,0.3403,-0.1088
22125,1144,813,34.167,30.428,0.0084,-0.0268,9.765,0.4435,-0.7156,0.3299
22130,1130,819,34.236,30.511,-0.0381,0.0697,9.8792,0.0727,0.2777,-1.0606
22135,1143,823,34.181,30.378,0.0274,-0.0597,9.7656,-0.3215,0.4141,-0.2309
22140,1128,827,34.131,30.524,-0.0269,0.0262,9.8764,0.4769,-0.415,-0.6542
22145,1131,830,34.207,30.439,-0.0412,-0.0473,9.8282,-0.3114,0.1143,-0.5536
22150,1117,836,34.045,30.541,0.0174,0.0255,9.8389,-0.5512,-0.1821,0.1604
22155,1115,842,34.135,30.557,0.0352,0.0112,9.7322,0.2787,-0.4251,0.4213
22160,1113,838,34.149,30.511,0.1,0.0214,9.8239,-0.0004,-0.1596,0.2529
22165,1110,841,34.274,30.477,-0.0027,0.0296,9.7919,-0.6424,0.0982,0.5337
22170,1108,845,34.149,30.5,-0.019,0.0251,9.8686,0.2604,0.4776,-0.7482
22175,1117,846,34.148,30.501,0.0552,0.0166,9.8324,-0.2183,-0.2046,-0.1124
22180,1114,856,34.171,30.484,0.0473,0.0337,9.7498,-0.5703,0.3235,-0.954
22185,1102,853,34.248,30.419,0.0628,-0.0428,9.8214,-0.3785,0.6894,-0.5482
22190,1098,856,34.217,30.535,0.0379,-0.0312,9.7787,-0.0677,-0.4994,-0.2012
22195,1090,860,34.053,30.474,-0.0244,0.0293,9.8124,0.1411,0.6544,-0.7289
22200,1093,861,34.103,30.512,0.0078,-0.0407,9.7949,-0.2649,0.6859,-0.2035
22205,1097,865,34.126,30.49,-0.0259,0.0166,9.8062,0.6675,-0.9383,0.2713
22210,1074,855,34.144,30.523,0.0448,0.1017,9.6455,-0.401,-0.8317,0.0547
22215,1085,864,34.115,30.524,0.0135,-0.0398,9.8809,-0.2884,-0.3205,-0.4659
22220,1086,860,34.16,30.525,-0.041,0.0513,9.7624,-0.3063,-0.4313,-0.2488
22225,1078,860,34.209,30.495,-0.0513,0.0324,9.8292,-1.2241,0.3763,-0.0313
22230,1077,868,34.162,30.551,-0.0253,-0.0096,9.7858,0.1799,0.5142,-0.8608
22235,1071,865,34.2,30.487,-0.0095,-0.0586,9.8066,0.4046,-0.3716,-0.0014
22240,1068,864,34.128,30.395,-0.0211,-0.0361,9.7668,0.1122,0.7259,0.5063
22245,1067,861,34.057,30.506,0.0162,0.0557,9.7775,-0.1319,-0.5047,0.6068
22250,1062,865,34.186,30.548,-0.0232,-0.0153,9.6878,0.304,-0.3531,0.0962
22255,1063,866,34.216,30.478,-0.0561,-0.0009,9.8162,0.3425,1.3848,-0.0135
22260,1060,870,34.112,30.485,0.0244,0.0807,9.8433,-0.752,0.2763,-0.3415
22265,1069,861,34.162,30.455,-0.0092,-0.0014,9.7948,0.8058,-0.5933,-0.4926
22270,1048,868,34.205,30.535,0.0345,-0.0125,9.8221,-0.1459,0.4848,0.2863
22275,1046,865,34.186,30.513,0.0313,0.0247,9.8312,-0.28,0.2544,-0.5495
22280,1038,863,34.255,30.502,0.0674,0.0294,9.7572,0.044,-0.1711,-0.7335
22285,1037,861,34.172,30.489,-0.0474,0.0136,9.8,-0.5468,0.1736,-0.2722
22290,1025,858,34.164,30.453,-0.0589,0.0451,9.7853,-0.4666,0.6007,0.026
22295,1026,857,34.255,30.532,0.0449,-0.0024,9.826,0.0705,-0.0268,-0.2321
22300,1015,860,34.089,30.51,-0.0131,-0.0231,9.6922,0.0307,0.1984,0.3623
22305,1013,860,34.122,30.512,0.0009,0.0111,9.9076,0.2416,-0.1779,-0.1162
22310,998,849,34.135,30.537,0.0073,-0.0467,9.7905,0.5634,0.6193,-1.1181
22315,994,854,34.179,30.582,0.128,-0.0468,9.7923,-0.337,-0.5361,0.246
22320,990,851,34.179,30.43,0.0168,0.0583,9.7585,0.5328,0.3689,-0.2006
22325,980,843,34.225,30.37,0.0557,-0.0018,9.7441,0.6475,-1.0146,-0.3122
22330,963,848,34.135,30.479,-0.0413,-0.0189,9.7982,1.2838,0.7305,0.0327
22335,964,850,34.104,30.426,0.0698,-0.0218,9.7966,-0.2776,-0.2556,-0.1252
22340,950,841,34.15,30.632,-0.0402,0.1054,9.802,0.025,0.6063,1.1186
22345,943,845,34.203,30.482,0.0043,-0.0208,9.8636,-0.1415,-0.0975,-0.3134
22350,936,839,34.198,30.438,-0.0613,-0.0751,9.8215,0.5587,0.2646,1.1181
22355,921,842,34.178,30.478,-0.0365,0.0206,9.7917,-0.4299,-0.0147,0.6625
22360,918,840,34.191,30.466,0.0115,-0.0877,9.8186,0.2061,-0.1849,-0.8329
22365,902,840,34.247,30.478,0.0356,-0.0177,9.7225,0.3203,-0.0836,-0.4175
22370,888,836,34.214,30.521,0.0892,0.0307,9.8392,0.3245,-0.6017,-0.8824
22375,889,837,34.145,30.505,0.0581,-0.0437,9.7514,-0.1971,-0.0808,0.7673
22380,869,835,34.149,30.476,-0.0318,0.0134,9.7749,0.2388,-0.424,-0.3974
22385,861,842,34.176,30.449,0.0411,-0.0312,9.9043,0.405,1.0857,0.4329
22390,858,832,34.171,30.436,-0.0386,-0.062,9.8164,-0.7674,-0.1114,0.5424
22395,837,835,34.093,30.515,-0.0648,-0.0752,9.7152,-0.9175,0.1677,0.7797
22400,828,832,34.223,30.618,-0.046,-0.0156,9.7852,0.4296,0.3884,0.0515
22405,819,833,34.208,30.546,-0.0251,-0.0327,9.9081,0.476,0.175,0.4445
22410,809,835,34.167,30.408,-0.0011,0.0704,9.7662,-0.3466,-0.0115,-0.1405
22415,811,826,34.107,30.529,-0.063,-0.0631,9.7792,0.2919,0.11,0.6486
22420,804,828,34.191,30.405,-0.0466,0.0512,9.8224,-0.3721,0.6018,0.1644
22425,797,828,34.199,30.471,0.0022,0.0373,9.9095,0.1639,-0.2676,-0.368
22430,785,828,34.164,30.466,0.0308,-0.0019,9.8222,-0.0521,0.7453,-0.0091
22435,778,825,34.008,30.532,0.0451,0.0196,9.8453,0.6313,-1.4608,0.0345
22440,766,821,34.139,30.508,-0.1317,0.0083,9.8449,-0.2269,0.1328,-0.2426
22445,767,823,34.169,30.54,-0.0399,0.0254,9.7861,-0.142,0.0004,-0.127
22450,759,824,34.204,30.397,0.0554,-0.0082,9.8825,-0.4405,0.7466,-0.5342
22455,754,820,34.231,30.524,0.012,0.0248,9.8327,-0.2431,-0.0986,-0.6556
22460,761,826,34.189,30.566,0.0293,0.0217,9.8662,-0.1035,-0.7584,-0.4468
22465,751,817,34.188,30.475,-0.0371,-0.0176,9.7599,-0.1919,-0.1163,-0.4277
22470,750,816,34.114,30.464,0.0229,-0.0476,9.7408,0.5329,0.9447,0.3238
22475,744,819,34.251,30.524,-0.0454,0.0375,9.7848,0.0387,-0.7198,0.5884
22480,756,816,34.153,30.411,0.0084,0.0017,9.914,-1.0244,-1.2066,-0.1459
22485,752,812,34.048,30.47,-0.017,-0.0526,9.8336,0.4395,-0.2342,0.5547
22490,749,808,34.172,30.501,-0.0625,-0.0247,9.7925,0.3507,0.5618,-1.1415
22495,752,810,34.22,30.515,0.0684,0.0231,9.819,0.1203,0.5303,0.2455
22500,751,808,34.181,30.6,0.021,0.0078,9.8181,-0.3305,-0.102,0.472
22505,767,804,34.13,30.577,-0.0355,0.0168,9.8405,-0.5706,0.1081,-1.0262
22510,762,801,34.211,30.428,-0.0122,0.0328,9.8569,-0.542,0.4295,-0.0566
22515,772,798,34.248,30.497,-0.0338,-0.0549,9.7816,-0.4181,-0.0642,-0.1718
22520,780,801,34.144,30.5,0.005,0.0074,9.7654,-0.2657,0.2229,0.1948
22525,786,787,34.086,30.491,-0.017,-0.0286,9.7546,-0.1869,-0.4428,-0.0596
22530,788,786,34.09,30.544,0.0886,-0.0033,9.7459,-0.175,0.6955,-0.1087
22535,806,784,34.131,30.427,-0.0214,-0.0128,9.7301,-0.6122,0.4295,0.2083
22540,810,779,34.177,30.474,-0.0059,-0.0125,9.7606,-0.9053,0.2921,0.0351
22545,818,780,34.174,30.559,-0.0101,-0.0165,9.8312,-0.3235,0.3638,0.5513
22550,832,777,34.209,30.513,-0.0036,0.0617,9.8254,1.0871,0.3893,0.4983
22555,838,776,34.124,30.458,0.0164,0.0033,9.7413,0.2677,0.1088,1.3224
22560,848,773,34.266,30.466,-0.0955,0.0364,9.8818,-0.437,-0.2165,0.1757
22565,863,768,34.213,30.558,0.0022,0.0089,9.838,1.1511,0.5589,0.5594
22570,880,760,34.222,30.44,-0.0103,-0.0071,9.7932,-0.4047,0.0704,0.0113
22575,895,757,34.115,30.423,-0.0046,0.0092,9.7539,0.0032,-0.6931,-0.4702
22580,904,752,34.142,30.485,-0.0898,-0.0775,9.9035,-0.0698,0.2179,-0.6929
22585,906,753,34.202,30.438,0.0778,0.0327,9.8611,-0.2145,-0.6159,-0.6096
22590,924,747,34.189,30.473,0.0582,-0.0494,9.8192,-0.0156,-0.1441,0.3269
22595,945,746,34.15,30.45,0.016,0.0742,9.7715,-0.0964,0.6607,0.2553
22600,953,739,34.176,30.56,0.0284,0.0405,9.9079,-0.1895,0.51,-0.1904
22605,965,740,34.186,30.507,-0.0211,-0.0892,9.7649,0.9521,0.2449,0.1165
22610,982,738,34.048,30.465,0.1341,-0.0365,9.8218,0.8417,0.1027,0.3492
22615,1004,737,34.16,30.414,-0.0064,-0.0477,9.7507,-0.0807,0.3136,-0.0502
22620,1017,732,34.13,30.478,-0.0133,-0.0515,9.7816,-0.4588,0.6044,0.3862
22625,1016,729,34.139,30.517,0.015,-0.0818,9.8169,-0.3482,0.3823,-0.4099
22630,1034,723,34.235,30.502,-0.0688,-0.007,9.8585,0.3316,0.7922,-0.5197
22635,1046,719,34.251,30.55,-0.0249,0.1037,9.8543,0.6359,1.4467,0.0288
22640,1063,718,34.189,30.5,0.0628,0.0047,9.731,-0.1536,0.2623,0.2331
22645,1077,721,34.171,30.503,0.0746,-0.0675,9.7897,-0.3971,0.0351,0.7487
22650,1083,715,34.101,30.533,0.0094,0.0389,9.7647,-0.2064,-0.62,0.6482
22655,1092,718,34.244,30.521,-0.1073,0.0485,9.735,-0.4492,0.6244,0.2639
22660,1111,713,34.145,30.452,-0.0026,0.0534,9.7519,0.8509,0.3952,-0.2475
22665,1117,717,34.231,30.47,0.0572,0.0805,9.8724,1.223,0.705,-0.2275
22670,1125,706,34.24,30.528,0.0352,-0.0307,9.8136,0.5551,0.6214,0.9772
22675,1120,712,34.14,30.519,-0.0327,0.0279,9.7516,0.2013,-0.4565,-0.0282
22680,1146,712,34.199,30.52,-0.0144,0.0908,9.8223,-0.5974,-0.6322,0.6675
22685,1149,717,34.132,30.413,-0.027,-0.0898,9.7476,-0.5263,-0.0939,-1.0842
22690,1155,718,34.186,30.461,0.0297,-0.0324,9.7705,-0.9883,0.312,-0.2219
22695,1165,713,34.194,30.47,-0.0036,0.0075,9.8414,-0.0509,-0.2575,0.4464
22700,1170,719,34.062,30.379,-0.0526,-0.0018,9.7363,-0.0849,0.3203,-0.1823
22705,1170,718,34.204,30.546,-0.0754,-0.0078,9.8697,0.4192,0.7124,-0.6662
22710,1176,723,34.227,30.399,0.0134,-0.0068,9.8366,-0.4113,0.3584,-0.0904
22715,1186,721,34.15,30.42,-0.0161,-0.0575,9.8403,-0.8107,-0.0804,-0.0934
22720,1167,722,34.143,30.536,-0.0802,0.0592,9.8533,-0.4262,0.2081,-0.0736
22725,1183,726,34.13,30.456,-0.0676,-0.0699,9.8031,-0.1832,-0.8119,-0.7749
22730,1183,726,34.154,30.53,-0.0268,-0.0487,9.8706,-0.5225,-0.0023,-0.4841
22735,1181,728,34.224,30.513,-0.0003,0.0531,9.8001,0.1884,-0.0425,-0.3139
22740,1189,735,34.152,30.417,0.0511,0.0304,9.7229,0.0222,-0.0031,0.4757
22745,1180,733,34.128,30.518,-0.0106,-0.044,9.713,-0.1624,0.0437,-0.008
22750,1193,735,34.227,30.455,0.0416,-0.0988,9.8322,-0.1016,-0.0405,0.2681
22755,1177,747,34.193,30.474,0.0275,-0.017,9.7981,0.3867,0.428,-0.1874
22760,1185,750,34.231,30.474,-0.0,0.009,9.7565,0.7014,0.0064,-0.2529
22765,1183,747,34.159,30.455,-0.0133,-0.0519,9.8036,-0.1979,0.1288,-0.0957
22770,1184,752,34.12,30.46,-0.0742,0.0058,9.7153,-0.7587,0.8646,-0.0994
22775,1182,758,34.039,30.456,0.0037,0.0121,9.8701,-0.4861,-0.9781,-0.0419
22780,1170,767,34.075,30.446,-0.018,-0.056,9.8481,0.0712,-0.3841,0.2346
22785,1178,770,34.104,30.448,0.0122,0.0421,9.826,-0.1336,0.4628,0.1882
22790,1169,775,34.15,30.512,0.0316,-0.0176,9.8635,-0.6165,0.5894,0.0367
22795,1178,780,34.195,30.489,-0.0687,0.0118,9.8507,-0.0453,-0.4259,0.2279
22800,1161,786,34.116,30.424,0.0094,-0.0764,9.7567,0.5973,0.6304,-0.0746
22805,1154,789,34.154,30.489,0.07,0.0148,9.8321,-0.8069,0.1056,-0.65
22810,1155,791,34.181,30.469,0.0273,-0.0248,9.8118,-0.3484,0.4502,0.8868
22815,1147,801,34.168,30.542,-0.0404,0.0137,9.8092,-0.0054,-0.0868,-0.2207
22820,1144,810,34.217,30.552,-0.0055,0.0247,9.8171,1.0446,-0.4179,-0.8514
22825,1139,806,34.215,30.49,0.1583,-0.0296,9.9648,-0.0538,-0.2069,0.664
22830,1146,814,34.173,30.437,0.0634,0.049,9.8222,-0.2613,0.0607,0.1844
22835,1131,814,34.221,30.493,-0.0199,-0.0479,9.7933,0.0045,-0.0809,0.3453
22840,1135,824,34.22,30.557,0.0052,-0.1058,9.7407,-1.2452,0.0985,0.459
22845,1127,826,34.177,30.444,0.0574,-0.0778,9.7413,-0.2959,0.3677,0.8763
22850,1120,823,34.194,30.502,-0.0089,0.0095,9.7949,0.4711,-0.5894,0.2227
22855,1130,833,34.164,30.553,0.0115,-0.0178,9.8337,-1.2033,-0.5381,0.0868
22860,1108,835,34.164,30.515,0.1012,-0.0352,9.7258,-0.7195,0.3007,0.0727
22865,1117,843,34.242,30.465,0.0255,-0.0784,9.8719,-0.6342,-0.2645,-0.0521
22870,1115,845,34.255,30.41,0.0047,0.0192,9.8292,-0.1969,0.3106,0.2879
22875,1108,846,34.095,30.444,0.0322,-0.0039,9.8076,0.0005,0.4927,0.587
22880,1103,844,34.169,30.417,-0.0713,-0.0276,9.8077,-0.2722,-0.3153,0.4088
22885,1106,854,34.097,30.517,-0.0311,0.0846,9.8161,-0.6943,0.6643,-0.3976
22890,1106,857,34.071,30.521,-0.0494,0.0152,9.8879,-1.2366,0.6231,-0.4505
22895,1102,858,34.248,30.583,0.0422,-0.0107,9.7035,-0.1661,0.171,0.5966
22900,1096,858,34.174,30.415,-0.023,-0.0358,9.8366,-0.0408,-0.2907,-0.6951
22905,1094,862,34.239,30.451,0.0252,-0.0052,9.8762,-0.6295,-0.4604,0.3753
22910,1082,864,34.182,30.53,0.0335,0.0871,9.7203,0.1673,-1.1944,0.4067
22915,1091,865,34.135,30.444,0.0505,-0.0854,9.8299,0.6571,-0.0033,-0.3757
22920,1087,861,34.102,30.506,-0.0411,0.0443,9.8226,-0.847,1.1384,0.3324
22925,1094,866,34.119,30.412,-0.0092,-0.1318,9.8157,0.0337,-0.1842,0.0579
22930,1085,864,34.153,30.641,-0.1268,-0.0158,9.7666,0.6405,-0.2283,-0.075
22935,1081,870,34.143,30.451,0.0076,-0.0021,9.743,0.7737,0.3833,0.1726
22940,1073,870,34.199,30.556,-0.0028,0.0454,9.8159,0.0142,0.5748,0.2593
22945,1075,868,34.171,30.518,-0.0459,0.0801,9.7632,0.2585,0.1333,-0.5493
22950,1069,867,34.157,30.484,-0.0759,-0.0615,9.7372,-0.6499,-0.0341,0.9872
22955,1075,866,34.174,30.565,-0.0355,-0.0152,9.7334,-0.5786,0.7739,-0.6268
22960,1065,866,34.156,30.504,0.0384,-0.0066,9.7925,-0.556,-0.0657,0.9315
22965,1052,861,34.203,30.477,0.0276,0.0308,9.8493,-0.192,-0.6292,-0.863
22970,1055,859,34.116,30.467,0.0722,-0.059,9.8504,0.2145,0.0114,0.3498
22975,1041,862,34.161,30.458,0.0718,0.0355,9.843,0.6479,-0.1425,0.0236
22980,1047,866,34.181,30.467,-0.0261,0.0472,9.9059,0.0802,0.1107,-0.6103
22985,1042,869,34.125,30.455,-0.0432,0.0288,9.7071,0.1727,0.7986,0.0535
22990,1041,862,34.176,30.597,-0.0408,-0.0082,9.8869,1.1113,0.6549,0.2548
22995,1028,860,34.147,30.433,0.0618,-0.101,9.9706,0.5321,-1.1803,0.061
23000,1034,859,34.161,30.452,0.0599,-0.0188,9.8307,-0.4753,-0.2131,0.5645
23005,1015,851,34.19,30.473,0.0286,0.0592,9.7893,-0.89,-0.3384,0.3568
23010,1021,855,34.206,30.482,-0.0523,-0.0002,9.7716,0.6944,0.0337,0.5601
23015,1011,856,34.054,30.459,-0.055,0.0919,9.8352,0.3675,0.1902,-0.2734
23020,997,851,34.159,30.455,-0.0652,-0.0736,9.8714,0.5737,0.3229,0.4205
23025,990,850,34.126,30.435,-0.0813,0.0368,9.7629,0.2117,-0.2366,-0.8892
23030,981,846,34.121,30.426,0.0759,0.0312,9.8266,0.5349,-0.7673,-0.0206
23035,971,838,34.152,30.447,-0.0041,-0.0224,9.7506,0.2407,-0.7937,-0.0991
23040,962,847,34.121,30.58,-0.0339,0.0311,9.7334,-0.1725,-0.1674,-0.3416
23045,956,837,34.192,30.51,0.1299,0.0599,9.8113,-0.2798,0.9171,0.9423
23050,949,842,34.15,30.478,-0.0633,-0.1257,9.8301,-0.2806,0.6144,0.3847
23055,939,844,34.209,30.532,-0.0444,0.0161,9.7773,1.013,-0.8015,0.3371
23060,928,846,34.163,30.473,-0.017,0.0043,9.85,0.1364,-0.0661,0.3429
23065,916,841,34.246,30.421,-0.009,0.0444,9.7833,-0.8247,0.091,-0.2141
23070,911,839,34.155,30.494,-0.0563,0.0679,9.8014,0.3984,-0.8517,-0.379
23075,901,837,34.197,30.499,0.0369,0.0695,9.7993,-0.8219,-0.9488,0.0571
23080,898,838,34.158,30.523,0.0468,-0.0258,9.848,-0.3126,-0.9694,-0.0429
23085,876,839,34.056,30.471,0.0151,0.033,9.8404,-0.8491,-0.5908,0.0031
23090,870,836,34.178,30.443,0.0561,-0.0633,9.8359,-0.3913,-0.2518,0.2199
23095,855,836,34.161,30.472,0.0416,0.0686,9.8657,0.2753,0.129,-0.0812
23100,839,835,34.255,30.445,0.0896,-0.0515,9.8247,0.1715,0.5977,-0.1728
23105,849,836,34.228,30.491,-0.0248,0.0619,9.7746,0.2246,0.4364,0.1089
23110,834,835,34.125,30.481,0.0034,0.0081,9.7393,-0.0769,0.1003,-0.3358
23115,818,829,34.276,30.493,0.0375,-0.0105,9.8472,-0.2625,0.0624,0.7005
23120,817,833,34.163,30.463,-0.0955,0.1111,9.7955,-0.2896,-0.4821,0.0172
23125,805,836,34.178,30.523,-0.0587,0.0114,9.7188,-0.9884,0.1537,0.2475
23130,787,829,34.101,30.508,-0.0143,0.0204,9.8091,0.7834,-0.2725,0.2438
23135,781,825,34.182,30.545,-0.0359,0.0205,9.8342,-0.6912,0.025,0.4096
23140,777,821,34.236,30.466,-0.0011,0.0961,9.7913,0.2137,0.322,-0.3934
23145,770,824,34.206,30.444,-0.0034,0.0478,9.7909,0.4454,-0.2521,0.1547
23150,774,824,34.194,30.488,-0.0457,0.0682,9.7228,0.3505,-0.7031,-0.3742
23155,768,826,34.202,30.454,0.0143,0.0269,9.7678,0.697,-0.0189,-0.1496
23160,761,823,34.171,30.406,0.0079,0.0166,9.8289,-0.4031,-0.2382,0.1752
23165,755,826,34.138,30.479,0.0155,0.0273,9.8415,-0.2332,-0.2149,0.1168
23170,746,821,34.181,30.444,0.0165,0.0782,9.8108,-0.3089,-0.5595,-0.0336
23175,758,822,34.155,30.449,0.0402,0.0146,9.7208,-1.0313,0.6784,0.3718
23180,748,817,34.188,30.467,-0.0286,-0.0304,9.8485,0.84,0.2859,0.152
23185,746,817,34.181,30.443,0.1282,-0.0359,9.7895,-0.2714,1.4392,-0.2989
23190,752,811,34.157,30.573,0.0993,0.0218,9.8181,-0.2065,0.4331,0.1185
23195,744,811,34.086,30.488,-0.0527,-0.0128,9.8138,-0.0838,0.5007,-0.0734
23200,753,814,34.222,30.473,-0.0421,0.0408,9.8115,0.733,0.1505,0.0808
23205,750,810,34.176,30.497,0.0558,-0.1079,9.8161,-0.2951,-0.5169,-0.1778
23210,756,798,34.147,30.452,-0.0278,-0.008,9.7501,0.3155,0.4716,0.3194
23215,762,805,34.221,30.56,-0.0211,0.0012,9.826,-0.591,-0.2471,0.4073
23220,774,801,34.137,30.481,-0.0402,-0.0297,9.82,-0.7076,-1.251,-0.0502
23225,775,792,34.172,30.463,0.0092,-0.0027,9.811,0.2522,0.5368,-0.0317
23230,791,796,34.217,30.38,0.0495,0.1042,9.7697,-0.6612,0.1647,0.1519
23235,787,789,34.156,30.548,0.0359,-0.1386,9.8028,-0.5057,0.0571,0.4327
23240,797,791,34.159,30.508,0.0036,0.0547,9.8053,0.2962,0.2288,0.4721
23245,804,786,34.164,30.474,-0.0442,0.0129,9.8257,-0.3581,-0.6917,-0.2159
23250,818,783,34.238,30.483,-0.0499,-0.0246,9.7193,-0.131,0.9289,0.1834
23255,830,780,34.192,30.47,0.1035,0.0445,9.7663,-0.3345,-0.2045,-0.105
23260,839,770,34.182,30.498,0.0032,-0.0023,9.7708,-0.7478,0.0091,0.6258
23265,850,767,34.146,30.559,-0.0098,0.0382,9.7737,-0.0855,-0.9197,-0.3303
23270,864,770,34.183,30.454,0.0247,0.069,9.7605,-0.1824,0.0401,-0.4305
23275,873,765,34.113,30.452,-0.0487,-0.0411,9.8106,0.1204,0.654,-0.7648
23280,891,762,34.122,30.559,-0.1009,0.0762,9.8181,0.7955,-0.0285,-0.3603
23285,901,755,34.172,30.47,-0.012,-0.0728,9.7713,0.9317,-0.1595,-0.3104
23290,911,756,34.182,30.502,-0.0962,0.0434,9.8563,-0.2872,-0.1346,-0.8212
23295,924,748,34.155,30.454,0.0056,0.0775,9.7931,0.0708,0.7723,1.2184
23300,939,745,34.204,30.589,-0.1138,0.085,9.8035,-0.4544,-0.0654,-0.0591
23305,956,744,34.174,30.465,0.0539,-0.0821,9.7587,0.0805,0.5613,0.6098
23310,955,738,34.083,30.398,-0.0045,0.0833,9.8119,1.0897,0.3062,-0.4255
23315,976,740,34.092,30.504,-0.1158,0.0119,9.8578,0.2533,-0.9749,0.554
23320,989,730,34.083,30.449,-0.0141,0.0734,9.7851,0.0827,0.443,-0.238
23325,998,733,34.153,30.354,0.0968,0.1039,9.7542,0.3446,-0.3074,0.2747
23330,1019,726,34.161,30.509,0.0694,-0.0138,9.7797,0.1226,0.5618,-0.9405
23335,1037,724,34.14,30.518,-0.0752,0.1011,9.8775,-0.5515,0.0474,1.2463
23340,1043,728,34.053,30.476,-0.0105,-0.0459,9.6916,1.0716,-0.1341,-0.7737
23345,1056,725,34.076,30.456,-0.0529,-0.069,9.899,0.3195,-0.0175,-0.251
23350,1073,718,34.161,30.471,-0.0907,0.0139,9.8403,-0.2897,-0.5389,-0.1357
23355,1079,716,34.154,30.52,0.0704,-0.075,9.7573,0.6106,-0.6361,-0.0921
23360,1081,720,34.168,30.473,-0.0668,0.0262,9.7846,0.3483,-0.0834,0.7557
23365,1110,716,34.236,30.579,-0.0744,-0.0055,9.7801,0.2506,-0.0155,0.4851
23370,1108,710,34.034,30.37,-0.095,-0.0874,9.8026,0.8109,-0.0229,0.4872
23375,1115,707,34.261,30.504,0.0386,-0.0135,9.7938,-0.1222,0.7484,0.3485
23380,1134,711,34.107,30.594,-0.0105,-0.012,9.8679,1.0928,0.3386,-0.2138
23385,1138,712,34.037,30.425,0.0041,0.0601,9.7977,0.7261,-0.17,0.4643
23390,1143,710,34.175,30.566,-0.1025,-0.0071,9.8305,-0.2034,0.2893,-0.3016
23395,1151,714,34.237,30.455,-0.0698,-0.0558,9.7948,-0.0341,0.302,-0.2881
23400,1152,711,34.188,30.501,0.0337,-0.0121,9.8112,-0.2753,-0.1072,1.0613
23405,1169,716,34.096,30.513,-0.064,-0.0206,9.8085,0.3651,0.6084,-0.383
23410,1164,715,34.171,30.551,0.0441,0.1011,9.7057,0.789,-0.3486,-0.1137
23415,1179,713,34.17,30.476,-0.0049,-0.0604,9.8419,-0.2976,0.5997,-0.2628
23420,1174,722,34.178,30.555,0.0535,0.0202,9.8271,0.0938,0.1378,-0.348
23425,1184,717,34.091,30.397,0.0111,-0.0144,9.8581,-0.2277,0.1516,0.2158
23430,1183,722,34.11,30.504,-0.0434,0.054,9.8288,-0.1764,0.8112,-0.8269
23435,1180,726,34.091,30.395,0.0239,-0.0316,9.7834,0.3513,0.6133,-0.2099
23440,1179,729,34.124,30.4,-0.0013,0.0347,9.8046,-0.3477,-0.7739,-0.2874
23445,1180,730,34.196,30.506,0.0345,0.1043,9.8954,-0.477,-1.4007,-0.4558
23450,1196,734,34.108,30.421,-0.0493,0.0163,9.7624,0.62,0.6411,-0.5006
23455,1189,734,34.26,30.518,0.0736,-0.0465,9.8582,-0.36,0.5096,-0.4232
23460,1190,744,34.172,30.43,-0.0165,-0.0852,9.801,0.132,-0.0886,0.2097
23465,1185,751,34.105,30.459,-0.0613,0.0116,9.7493,0.0451,0.029,0.253
23470,1188,747,34.132,30.354,0.0406,0.0498,9.7324,-0.1303,0.0952,-0.3576
23475,1184,749,34.172,30.6,-0.0199,0.0389,9.7606,0.1825,-0.6557,0.4098
23480,1175,755,34.196,30.451,-0.0129,-0.0297,9.8802,0.8932,-0.3357,-0.2526
23485,1179,764,34.092,30.415,0.1199,-0.0121,9.8847,0.3831,0.1806,0.2435
23490,1179,763,34.245,30.51,0.0347,0.0357,9.8141,-0.2388,0.7417,-0.2917
23495,1168,769,34.134,30.432,0.0374,0.0014,9.749,0.038,-0.2803,-0.1093
23500,1158,775,34.178,30.506,-0.06,-0.0603,9.8368,0.1051,-0.3599,-0.5178
23505,1161,787,34.119,30.501,-0.0702,-0.0135,9.8378,-0.5271,0.3217,0.359
23510,1155,790,34.21,30.481,-0.0103,0.0452,9.8387,-0.6763,0.4232,-0.1243
23515,1157,798,34.131,30.442,0.0072,-0.0921,9.845,0.65,0.4799,-0.0942
23520,1144,796,34.204,30.454,0.1254,-0.0012,9.8145,0.7332,-0.0954,-0.0302
23525,1153,801,34.143,30.521,-0.009,-0.0623,9.7981,0.2068,-0.4228,-0.3501
23530,1147,808,34.182,30.479,-0.0073,0.005,9.7855,0.2753,-0.3742,-0.3659
23535,1146,812,34.018,30.469,0.0155,-0.0458,9.8635,0.5494,0.0934,0.9728
23540,1139,816,34.133,30.525,-0.0088,-0.0352,9.8252,-0.6498,-1.1164,0.695
23545,1131,817,34.172,30.519,-0.0816,-0.05,9.7809,-0.515,-0.6495,0.0171
23550,1133,829,34.137,30.517,-0.0817,-0.0304,9.7457,0.2804,-0.1939,0.1344
23555,1120,829,34.142,30.575,0.0216,-0.0077,9.7259,-0.0923,-0.5473,0.345
23560,1125,830,34.218,30.48,0.0292,-0.0117,9.8261,-0.3802,-0.1137,0.1594
23565,1124,834,34.104,30.481,-0.0045,-0.0405,9.7605,0.4136,-0.1879,0.0552
23570,1126,841,34.108,30.451,0.0488,-0.1551,9.8089,0.0189,0.0681,0.1885
23575,1109,841,34.132,30.421,0.0462,-0.0634,9.9305,-0.4444,-0.1371,0.5513
23580,1107,844,34.079,30.556,-0.1185,-0.0859,9.8476,0.7878,0.1669,0.0573
23585,1111,844,34.232,30.497,0.0117,-0.0281,9.7491,-0.0364,0.5443,0.1047
23590,1115,852,34.115,30.491,-0.0437,-0.0337,9.8133,-0.0654,0.0926,-0.7105
23595,1098,858,34.185,30.514,0.0154,0.0715,9.7824,-0.2208,-0.3634,-0.3759
23600,1093,854,34.104,30.457,0.0168,-0.066,9.7099,0.5113,-0.5174,0.5319
23605,1095,856,34.18,30.512,0.0189,-0.0012,9.7841,0.3958,0.1696,-0.7357
23610,1102,857,34.145,30.532,0.043,0.0033,9.8136,-0.767,-0.7885,1.0356
23615,1097,859,34.145,30.457,-0.0096,0.0589,9.8088,-0.2362,-0.0745,-0.3518
23620,1093,859,34.18,30.495,0.0163,0.0322,9.7494,-0.2317,-0.0313,-0.0675
23625,1092,861,34.19,30.405,-0.0918,0.0461,9.8481,0.8071,0.3257,0.0994
23630,1082,867,34.105,30.546,0.022,0.0434,9.8951,0.2211,-0.1043,0.189
23635,1076,863,34.086,30.49,0.0397,0.0152,9.8826,-0.1129,0.1588,-0.5126
23640,1084,865,34.091,30.426,0.0098,-0.0096,9.8528,-0.1984,0.3002,0.7973
23645,1079,869,34.163,30.543,-0.0822,0.0851,9.8309,0.2034,0.3723,0.4408
23650,1074,865,34.168,30.492,-0.0583,-0.0499,9.858,0.0545,0.8329,0.3415
23655,1075,866,34.206,30.525,0.2018,-0.0453,9.845,0.412,0.1613,-0.4836
23660,1069,869,34.276,30.457,-0.007,-0.0611,9.792,-0.3658,-0.0111,-0.423
23665,1060,867,34.224,30.457,-0.0025,-0.0144,9.8023,0.0589,0.5493,-0.0439
23670,1062,865,34.151,30.395,-0.0958,0.1449,9.7888,0.1099,-1.0509,0.2619
23675,1062,866,34.187,30.511,0.0008,-0.0103,9.8436,-0.0496,-0.8818,-0.3095
23680,1059,871,34.18,30.539,-0.0286,0.0785,9.7493,-0.5319,1.0291,0.2452
23685,1057,862,34.15,30.569,0.0134,0.0178,9.8875,-0.0137,-0.248,0.4595
23690,1048,863,34.172,30.442,0.0111,0.0055,9.8462,0.4217,-0.2698,-0.1338
23695,1049,857,34.203,30.438,0.0209,0.0639,9.7606,-0.1232,-0.5938,-0.1149
23700,1037,854,34.183,30.463,-0.0374,0.0464,9.7806,-0.4212,1.1741,-1.1388
23705,1021,857,34.156,30.475,-0.0207,-0.0936,9.8701,0.5389,0.1335,0.4362
23710,1027,853,34.176,30.494,-0.0379,-0.0251,9.8317,0.6092,0.2669,0.4076
23715,1010,856,34.216,30.513,0.0272,-0.007,9.7867,-0.3273,-0.4701,0.0688
23720,1008,859,34.088,30.526,-0.0539,-0.0128,9.7414,0.4946,-0.1959,-0.4928
23725,1001,845,34.159,30.456,0.0685,0.0374,9.8029,-0.9014,-0.0114,-0.0077
23730,999,855,34.233,30.557,-0.0479,0.041,9.8704,0.6893,-0.5695,0.4653
23735,988,850,34.22,30.486,-0.0119,-0.0246,9.7488,-0.3246,0.1076,0.4046
23740,983,849,34.167,30.512,-0.0137,-0.0261,9.7649,-0.0866,-0.2332,0.5063
23745,967,841,34.183,30.481,-0.074,-0.0184,9.7873,0.0482,-0.084,-0.7955
23750,958,840,34.268,30.459,-0.0303,0.0462,9.768,0.5429,0.0025,1.1076
23755,952,842,34.099,30.494,0.0128,0.0661,9.7819,0.6922,-0.094,0.8044
23760,933,841,34.188,30.498,0.0472,-0.0093,9.7789,0.0325,0.4155,-0.4588
23765,936,842,34.238,30.535,-0.0035,-0.0017,9.8675,0.0578,0.3494,-0.094
23770,926,841,34.167,30.457,-0.0031,0.0082,9.8496,-0.2224,-0.1926,0.1707
23775,916,845,34.13,30.538,0.0353,-0.0526,9.7755,0.4106,-0.4945,-0.2366
23780,904,838,34.053,30.443,-0.0084,0.0498,9.794,0.072,-0.1164,-0.2684
23785,900,837,34.169,30.447,-0.0162,0.018,9.8351,0.0327,0.0957,0.4381
23790,884,841,34.155,30.476,0.0458,0.0149,9.8396,0.0013,-0.6247,-0.6175
23795,867,836,34.043,30.489,0.0155,-0.1013,9.7473,0.1098,-0.192,-0.5785
23800,859,840,34.255,30.44,-0.0164,0.037,9.8283,-0.6886,-0.5295,-0.1082
23805,850,837,34.218,30.544,0.0088,0.0439,9.7284,0.303,-0.6568,-0.0204
23810,850,829,34.158,30.445,-0.0379,-0.0154,9.8072,0.5004,-0.3438,0.3019
23815,838,829,34.212,30.51,-0.0337,0.074,9.9097,-0.8283,0.0015,-0.6818
23820,824,836,34.215,30.501,0.0289,-0.0024,9.7944,0.2557,-0.1304,-0.3887
23825,815,833,34.114,30.456,0.0019,-0.011,9.787,-0.5561,-0.5402,0.3535
23830,813,828,34.197,30.403,0.0399,0.0702,9.7412,-0.1591,-0.9782,-0.7145
23835,801,826,34.143,30.505,0.0024,0.0213,9.7805,-0.778,0.4887,-0.1289
23840,780,828,34.138,30.453,0.0564,-0.0206,9.8307,-0.3276,0.5565,-0.3631
23845,786,827,34.139,30.493,-0.0389,-0.0113,9.8286,-0.2238,-0.0256,-0.5633
23850,764,824,34.094,30.413,-0.048,-0.0196,9.7148,0.4173,0.1137,-0.089
23855,780,825,34.194,30.466,-0.0534,0.0021,9.816,-0.5957,-0.3177,0.1222
23860,765,823,34.166,30.458,0.061,0.0536,9.7708,0.5502,-0.0691,0.1388
23865,759,821,34.211,30.488,0.0065,0.0466,9.8255,-0.3911,-0.2393,0.4011
23870,757,821,34.126,30.456,0.0129,0.0027,9.8702,0.4951,0.0934,-0.983
23875,759,824,34.142,30.514,0.0397,-0.0232,9.7058,0.3739,0.3982,-0.3842
23880,750,816,34.088,30.508,-0.084,-0.0183,9.772,-0.123,1.2503,-0.5848
23885,746,813,34.134,30.477,-0.0352,-0.0087,9.8654,-0.3555,-0.4484,0.6757
23890,753,817,34.185,30.388,0.024,0.016,9.7992,-0.4952,0.0311,0.6168
23895,744,813,34.128,30.466,0.0806,-0.0008,9.798,0.5392,1.0716,-0.4476
23900,737,816,34.164,30.435,-0.0111,0.0162,9.8344,0.5212,-0.3196,-0.3498
23905,750,809,34.25,30.495,-0.0714,-0.0184,9.8634,-0.256,0.168,-0.0385
23910,751,805,34.14,30.494,0.0696,0.09,9.8668,0.8897,-0.7562,-0.2061
23915,755,808,34.238,30.451,0.0213,-0.0446,9.8488,-0.0093,-0.4545,0.0842
23920,755,800,34.207,30.476,-0.1035,0.1081,9.8417,0.1995,0.5978,0.4602
23925,771,804,34.202,30.545,0.0332,-0.0601,9.8197,0.8449,0.3155,0.961
23930,769,798,34.204,30.42,-0.0352,-0.0023,9.8383,-0.3053,-0.3506,-0.3093
23935,774,794,34.05,30.538,-0.0046,-0.0505,9.7445,0.1023,-0.5848,-0.1907
23940,786,790,34.15,30.459,-0.0167,0.0091,9.8453,0.333,0.2787,-0.2517
23945,800,792,34.138,30.565,-0.0772,0.0466,9.9109,-0.8953,-0.6891,-0.2185
23950,801,784,34.101,30.452,-0.0538,0.0359,9.7684,-0.294,0.0982,0.2736
23955,814,783,34.162,30.497,0.0129,0.0623,9.8352,-0.1305,-0.2443,0.1789
23960,826,781,34.136,30.545,-0.0306,0.0124,9.7654,-0.2796,0.8122,-0.4406
23965,831,777,34.134,30.519,-0.0565,0.0407,9.86,0.6714,0.2276,1.0078
23970,850,775,34.093,30.402,-0.0441,0.0145,9.8157,0.2325,0.2882,-0.1926
23975,849,773,34.099,30.465,-0.0354,0.0037,9.7981,0.7432,0.6604,0.1572
23980,858,771,34.083,30.481,-0.034,0.0435,9.781,0.1448,-0.3601,-0.6516
23985,875,763,34.21,30.454,-0.0348,-0.0163,9.8437,-0.0934,1.5305,-0.145
23990,892,767,34.102,30.483,0.101,0.0412,9.8399,-0.1244,0.4475,-0.2065
23995,903,753,34.118,30.456,0.004,-0.0434,9.6975,-0.3549,-0.1056,-0.5488
24000,926,753,34.221,30.423,0.0403,0.0994,9.8006,-0.6288,-0.5343,-0.04
24005,925,751,34.193,30.505,0.0161,-0.0164,9.8404,-0.3648,-0.3258,-0.0572
24010,941,747,34.226,30.485,-0.0571,0.0287,9.8712,0.0159,-0.0413,-0.1147
24015,954,739,34.166,30.49,0.005,-0.0559,9.8414,-0.7608,0.6399,-0.8178
24020,976,736,34.135,30.508,-0.0294,0.124,9.7947,-0.3705,0.2377,-1.0861
24025,986,737,34.141,30.421,-0.0324,0.0134,9.8211,0.4406,-0.17,0.3654
24030,1000,736,34.171,30.508,0.0596,-0.0454,9.7939,0.3702,0.0651,-0.7444
24035,1022,727,34.188,30.53,0.0249,0.0155,9.8201,0.7948,-0.0156,1.3777
24040,1014,721,34.154,30.432,-0.0362,0.057,9.8599,-0.7732,-0.8454,0.4688
24045,1046,721,34.152,30.487,0.0769,0.0728,9.8485,-0.3038,-0.2598,-0.0781
24050,1046,721,34.086,30.554,-0.0267,-0.0181,9.8818,-0.022,0.0796,0.6342
24055,1067,721,34.196,30.467,0.0222,0.0159,9.8257,-0.4125,-0.0338,0.1801
24060,1076,720,34.141,30.575,-0.0923,0.0339,9.89,0.2042,-0.1671,-0.2929
24065,1094,722,34.162,30.562,-0.0505,0.119,9.7507,-0.6487,0.0423,0.2993
24070,1102,706,34.207,30.564,-0.0067,-0.0106,9.7853,-0.3176,0.3034,0.902
24075,1101,710,34.11,30.525,-0.0473,0.1238,9.845,-0.0228,0.0902,0.3568
24080,1119,718,34.065,30.484,-0.0581,0.0156,9.7525,0.1368,-1.047,0.2774
24085,1128,708,34.094,30.477,0.0709,-0.0756,9.8603,0.1959,0.5366,0.1978
24090,1130,708,34.09,30.502,0.0589,-0.1163,9.7373,-0.6852,-0.6425,0.2696
24095,1139,712,34.194,30.427,0.0708,-0.0027,9.8962,0.3224,0.5496,1.0944
24100,1149,707,34.118,30.494,-0.0549,-0.0407,9.8338,-0.3675,-0.4992,-0.5905
24105,1157,713,34.194,30.554,0.0125,-0.0646,9.7339,0.113,-0.1241,-0.0144
24110,1157,710,34.178,30.435,0.0702,-0.0123,9.8556,0.4997,1.6062,0.4486
24115,1164,713,34.119,30.431,-0.0354,0.0158,9.7803,-0.2615,-0.197,0.2074
24120,1177,717,34.155,30.543,0.0261,0.0659,9.7807,-0.7566,-1.1013,1.1791
24125,1175,715,34.157,30.567,-0.0132,-0.0057,9.8195,0.2844,-0.1157,-0.3206
24130,1189,720,34.106,30.464,-0.0351,-0.0293,9.9212,0.4231,-0.0552,-0.0339
24135,1185,721,34.109,30.433,-0.0101,0.0475,9.7983,0.3157,-0.0786,-0.433
24140,1181,725,34.148,30.512,0.0084,-0.0436,9.8163,-0.6534,0.001,0.2185
24145,1188,729,34.172,30.501,0.0284,-0.0992,9.8665,0.1349,0.308,0.064
24150,1197,730,34.156,30.429,0.0039,-0.0271,9.761,-0.3379,0.0108,-0.1605
24155,1181,730,34.078,30.511,-0.0499,-0.0368,9.7916,0.0961,-0.2734,0.2367
24160,1199,736,34.11,30.51,0.0718,0.0061,9.8232,-0.3231,-0.1161,-0.5777
24165,1179,740,34.133,30.494,-0.0753,-0.0456,9.898,-0.5671,0.9603,-0.3466
24170,1181,748,34.136,30.536,0.0562,0.0372,9.871,-0.4305,-0.3652,0.4535
24175,1178,747,34.125,30.519,-0.0038,-0.0078,9.797,0.115,0.287,0.4591
24180,1188,753,34.175,30.508,0.0015,0.1015,9.7846,0.826,-0.2798,-0.3524
24185,1193,758,34.117,30.562,-0.1026,-0.0231,9.8136,-0.3115,-0.6801,0.5781
24190,1177,764,34.158,30.416,-0.044,0.0348,9.8397,0.8629,0.2921,0.619
24195,1177,769,34.145,30.378,0.0052,0.0798,9.8936,0.1254,-0.3177,0.201
24200,1174,774,34.143,30.572,-0.0251,-0.0228,9.8772,-0.6423,0.1138,-0.4912
24205,1164,773,34.147,30.484,0.0725,-0.0063,9.8934,-0.2248,-0.3455,0.2573
24210,1167,784,34.074,30.439,0.047,-0.0125,9.7633,-0.1705,0.3609,-0.1564
24215,1154,780,34.193,30.469,0.0226,-0.0138,9.839,0.1662,0.8894,0.7115
24220,1165,790,34.133,30.501,0.0123,-0.0066,9.8419,0.9504,-0.533,1.0409
24225,1159,799,34.142,30.461,0.0384,-0.0748,9.7721,-0.5565,-0.2012,-0.721
24230,1154,801,34.107,30.499,-0.0539,0.0096,9.8348,-0.056,-0.2015,-0.4958
24235,1153,801,34.158,30.549,0.1378,0.0564,9.7142,0.4435,0.0396,-0.1419
24240,1148,808,34.081,30.525,0.0202,-0.0196,9.8454,0.4994,0.428,0.0231
24245,1136,816,34.224,30.426,0.0287,-0.0385,9.7951,0.1505,-0.2836,0.7044
24250,1137,820,34.248,30.456,0.006,-0.0376,9.8284,0.5113,-0.2009,0.6022
24255,1131,826,34.219,30.469,0.0677,-0.0007,9.8043,-0.0975,1.1513,-0.108
24260,1136,825,34.196,30.404,-0.0139,-0.0336,9.8536,-0.3702,-0.1104,-0.2038
24265,1123,822,34.146,30.46,-0.0377,-0.0535,9.8196,-0.3883,-0.1846,-0.6922
24270,1124,836,34.148,30.509,-0.0864,-0.0365,9.7745,-0.9333,-0.7204,-0.1699
24275,1121,837,34.198,30.527,0.0179,-0.0183,9.8812,-0.0321,0.1214,-0.1972
24280,1108,842,34.189,30.47,0.0103,0.0364,9.7104,-0.9862,-0.4351,0.6408
24285,1116,844,34.162,30.512,-0.0145,0.0285,9.7175,-0.7147,-0.4265,0.383
24290,1109,849,34.21,30.531,0.0094,-0.0359,9.8581,0.2756,0.0785,0.4854
24295,1108,850,34.205,30.557,0.012,0.0283,9.7413,-0.4059,-0.3482,0.3747
24300,1095,850,34.164,30.51,0.0115,0.0075,9.7952,0.2196,-0.8965,-0.1056
24305,1099,848,34.174,30.406,0.0049,-0.0264,9.8255,-0.1748,0.237,-0.5562
24310,1105,855,34.163,30.491,-0.0093,-0.0091,9.7763,0.9268,-0.2557,0.345
24315,1100,859,34.082,30.414,-0.0549,-0.0334,9.7944,0.6303,-0.6413,0.4247
24320,1094,861,34.109,30.48,0.0397,-0.0065,9.8277,-0.0975,-0.4441,0.1359
24325,1092,859,34.156,30.557,-0.0294,0.0004,9.7804,0.1533,-0.5747,0.0275
24330,1088,867,34.076,30.467,-0.0727,-0.0154,9.8735,-0.2903,-0.2561,0.4151
24335,1082,865,34.123,30.453,0.0225,0.0215,9.866,1.1626,0.2976,0.0667
24340,1092,862,34.116,30.55,0.0572,0.0367,9.7771,0.1933,-0.8789,-0.1937
24345,1078,867,34.181,30.496,0.0049,-0.0078,9.7483,-0.9942,-0.378,0.3847
24350,1082,866,34.148,30.432,-0.0307,-0.0007,9.7931,0.5969,-0.4107,0.3975
24355,1080,864,34.154,30.549,-0.0865,0.0199,9.7852,-0.0653,0.2451,-0.3281
24360,1068,865,34.134,30.524,0.0531,0.0305,9.7323,0.0782,0.4668,0.4077
24365,1076,868,34.294,30.543,-0.002,-0.1193,9.7491,-0.6861,-0.256,-0.2732
24370,1064,863,34.179,30.481,-0.0949,0.0654,9.8234,0.7425,-0.3663,0.0927
24375,1066,865,34.173,30.448,-0.0542,-0.0368,9.8307,0.0759,0.3281,0.6988
24380,1061,866,34.179,30.456,-0.0343,-0.0365,9.8346,0.1012,-0.2852,0.3944
24385,1049,864,34.125,30.5,-0.0603,-0.017,9.8009,-0.6298,-0.0846,0.5573
24390,1061,859,34.211,30.353,0.0733,-0.0271,9.8195,-0.5783,0.2145,-0.4908
24395,1053,863,34.084,30.484,0.0346,-0.0565,9.7783,-0.2727,0.2709,-0.3946
24400,1029,863,34.138,30.516,-0.0885,-0.0227,9.8485,-1.4754,0.2757,0.5326
24405,1031,857,34.187,30.57,0.0346,-0.0257,9.7588,0.2911,-0.5308,-0.4138
24410,1030,853,34.192,30.447,0.0262,0.0406,9.7618,0.4677,0.1585,0.0206
24415,1026,855,34.199,30.445,0.0287,0.0043,9.79,0.4252,0.2426,0.9971
24420,1024,855,34.22,30.357,0.0352,0.0843,9.7062,-0.0546,0.0451,-0.3831
24425,1008,858,34.121,30.536,0.0086,-0.1132,9.8384,0.8324,0.665,-0.0298
24430,999,854,34.156,30.546,-0.0092,-0.0842,9.8443,0.1156,-0.0789,0.2275
24435,998,851,34.118,30.42,0.0219,0.0688,9.7843,0.0755,0.724,-0.702
24440,989,848,34.13,30.465,-0.0333,0.0274,9.7687,-0.4267,0.1003,0.4382
24445,980,847,34.092,30.454,-0.0044,0.0015,9.8027,1.1762,-0.463,-0.3658
24450,973,843,34.056,30.473,0.0073,0.0344,9.8908,-1.0266,-0.9398,0.2969
24455,962,846,34.168,30.453,-0.0024,0.0096,9.9623,-0.2764,-0.3284,0.6217
24460,954,845,34.078,30.415,-0.031,-0.0522,9.7715,-0.1516,0.1418,-0.2111
24465,947,844,34.182,30.411,0.0276,-0.0168,9.8405,-0.0893,0.4133,-0.1033
24470,933,843,34.159,30.513,-0.0407,0.0496,9.801,0.8325,-0.2753,0.7875
24475,920,837,34.055,30.611,-0.119,0.1037,9.8875,0.3224,0.131,0.0074
24480,914,837,34.157,30.476,0.028,0.0217,9.787,0.361,-0.0565,-0.0181
24485,910,840,34.176,30.503,0.0502,0.0025,9.8332,0.6052,0.0723,0.4694
24490,898,837,34.109,30.511,-0.0265,-0.013,9.7578,0.0335,0.0734,-0.7933
24495,884,840,34.119,30.421,0.0452,-0.0042,9.8357,0.2653,-0.6619,-0.3302
24500,874,832,34.149,30.406,0.0441,-0.0632,9.7815,-0.5523,-0.9451,0.1332
24505,865,834,34.161,30.495,0.0603,0.0704,9.7521,-0.6045,0.1525,0.0561
24510,860,838,34.151,30.499,0.0149,0.0006,9.8511,-0.2948,-0.6253,-0.2606
24515,852,836,34.113,30.536,-0.0402,0.0837,9.8116,0.2309,1.0862,-0.8448
24520,844,837,34.21,30.436,0.0539,-0.1113,9.8576,-0.006,-0.5006,0.0122
24525,815,832,34.193,30.467,-0.0165,-0.0074,9.7867,-0.0349,0.0135,0.503
24530,824,832,34.089,30.431,-0.0339,-0.0131,9.9119,-0.413,-0.4488,-0.428
24535,808,826,34.217,30.457,0.0302,-0.0373,9.8006,-0.3421,0.3543,0.0243
24540,805,828,34.143,30.484,0.013,0.0151,9.8283,0.0803,0.3454,-0.6439
24545,792,829,34.181,30.414,0.002,-0.0115,9.8349,0.0762,-0.309,0.1257
24550,781,822,34.162,30.518,-0.0179,-0.0145,9.75,-0.6336,-0.5008,0.5178
24555,783,828,34.211,30.512,0.0206,0.0236,9.7025,0.6324,-0.1215,-0.5646
24560,773,823,34.187,30.536,-0.0014,0.0404,9.7947,-0.6562,-0.5829,0.0478
24565,769,824,34.079,30.458,-0.0233,0.0044,9.782,0.1664,0.4865,0.566
24570,759,820,34.16,30.455,-0.0779,-0.0727,9.8361,0.4461,0.3537,-0.1222
24575,760,824,34.118,30.472,-0.026,-0.0619,9.9078,0.3239,0.0361,0.5024
24580,760,817,34.178,30.502,-0.1047,-0.0493,9.9231,0.3527,-0.3455,0.21
24585,756,822,34.181,30.403,-0.0275,0.028,9.8205,0.4988,-0.0666,-0.1947
24590,748,815,34.169,30.454,-0.0609,-0.045,9.7857,-0.9469,-0.0331,0.0278
24595,745,814,34.115,30.493,0.0867,-0.0301,9.8234,-0.2502,-0.3311,0.152
24600,751,812,34.14,30.494,0.0113,0.0047,9.8037,0.7562,0.2844,0.4398
24605,748,813,34.112,30.417,-0.0646,-0.0968,9.8221,0.1966,-0.6191,0.6265
24610,745,812,34.179,30.5,-0.0668,-0.0162,9.8233,0.0827,0.1848,-0.907
24615,749,814,34.218,30.326,-0.0709,0.0155,9.775,0.571,-0.5412,0.5391
24620,760,808,34.051,30.464,-0.054,0.1088,9.7105,-0.044,0.3074,-0.0555
24625,760,805,34.234,30.433,-0.1623,0.029,9.8592,-0.1701,-0.3595,-0.7221
24630,767,798,34.149,30.631,0.1099,0.0042,9.7517,0.1588,-0.4541,0.7016
24635,772,801,34.121,30.538,0.0666,-0.0088,9.9157,0.3838,-1.0389,0.2766
24640,775,788,34.183,30.513,0.053,-0.0642,9.7481,0.2207,-0.7864,0.57
24645,782,792,34.098,30.44,-0.0152,0.0079,9.8633,0.4809,-0.161,0.3616
24650,780,783,34.222,30.578,-0.0194,-0.0768,9.803,-0.7465,-0.194,-0.1728
24655,798,789,34.09,30.497,-0.0559,-0.0516,9.822,-0.1774,0.0535,-0.6171
24660,806,783,34.227,30.511,0.0722,0.0641,9.7984,-0.024,0.5013,-0.5635
24665,819,781,34.228,30.455,-0.0235,-0.0621,9.7647,-0.4683,0.4624,-0.5865
24670,827,778,34.225,30.466,0.008,-0.023,9.8126,0.0453,-0.8178,-0.3238
24675,840,779,34.151,30.466,-0.1301,0.0418,9.7741,-0.466,0.7789,-0.7725
24680,845,770,34.19,30.471,0.0154,0.0243,9.8576,0.7503,0.0499,-0.3947
24685,866,769,34.176,30.383,0.0627,-0.0848,9.8753,0.1623,-0.4325,0.5004
24690,865,759,34.131,30.409,-0.0282,-0.043,9.7796,0.4214,0.0613,-0.698
24695,886,761,34.103,30.412,0.0493,0.0786,9.8756,0.5004,-0.1092,0.0479
24700,896,756,34.166,30.47,0.0284,0.0526,9.7395,-0.0838,0.3113,-0.0336
24705,908,748,34.156,30.508,-0.0953,0.0509,9.8037,-0.2675,-0.7778,0.0608
24710,928,749,34.165,30.472,0.0142,-0.014,9.8661,-0.3329,-0.5522,0.6949
24715,938,748,34.145,30.378,-0.0104,0.0054,9.8362,0.0914,-0.7863,0.2188
24720,952,743,34.111,30.502,-0.0085,0.0034,9.8185,-0.2202,0.1659,-0.0702
24725,958,741,34.188,30.417,-0.0354,0.0254,9.8095,-0.491,-0.2846,-0.4298
24730,983,736,34.184,30.493,-0.0286,0.0722,9.7865,0.2384,0.8814,0.3717
24735,997,730,34.113,30.42,0.0809,-0.0038,9.8405,0.0299,-0.0137,-0.5345
24740,1003,726,34.207,30.441,0.0666,-0.0104,9.7475,-0.8312,-0.2252,-0.3653
24745,1021,723,34.159,30.415,-0.0132,0.0106,9.7836,-0.5919,-1.0248,0.1855
24750,1030,728,34.065,30.489,-0.0233,0.0164,9.7534,-0.4074,0.2419,0.0597
24755,1046,722,34.142,30.419,0.1639,0.0431,9.8062,0.5055,-0.2174,-0.6903
24760,1052,723,34.192,30.519,-0.0627,0.0462,9.8457,-0.0117,-0.1844,0.6103
24765,1079,719,34.201,30.467,-0.0011,0.0414,9.7646,-0.7562,0.374,0.0247
24770,1079,716,34.141,30.414,0.0252,0.0138,9.8733,-0.1204,0.9342,-0.5691
24775,1092,715,34.121,30.401,-0.02,-0.0768,9.8147,-0.3138,1.1204,-0.4842
24780,1105,714,34.264,30.578,-0.0114,-0.088,9.801,0.405,0.26,0.1033
24785,1111,713,34.124,30.452,-0.0457,-0.0116,9.8335,-0.1816,0.896,-1.2042
24790,1127,715,34.186,30.536,0.0563,0.0221,9.8083,-0.4755,0.0279,0.4685
24795,1134,710,34.14,30.497,-0.0151,-0.0461,9.788,-0.5337,-0.5607,0.7113
24800,1139,719,34.106,30.434,-0.0166,0.0733,9.8429,-0.1814,0.3944,-0.3912
24805,1141,714,34.199,30.448,-0.0066,0.021,9.8431,-0.4233,-0.2811,0.263
24810,1142,712,34.132,30.358,0.0138,-0.0103,9.8496,-0.8223,0.0403,-0.1477
24815,1159,708,34.1,30.384,-0.0115,0.0054,9.9084,1.0999,0.0293,0.7764
24820,1166,712,34.182,30.47,-0.0054,0.0178,9.8471,0.7578,-0.5483,-0.4714
24825,1161,710,34.21,30.335,-0.046,0.0373,9.785,-0.6325,-0.1249,-0.4412
24830,1170,718,34.183,30.442,-0.0425,0.0135,9.8264,0.4926,0.1549,0.5467
24835,1171,716,34.165,30.494,0.0394,0.0101,9.7519,-0.1438,0.2304,-0.3142
24840,1181,718,34.172,30.42,0.0687,-0.1072,9.7536,0.0532,0.1319,0.7736
24845,1180,723,34.161,30.516,0.0165,-0.0903,9.7923,0.4281,0.0658,-0.3161
24850,1185,725,34.089,30.458,-0.1016,0.017,9.886,-0.7517,0.424,-0.0071
24855,1186,725,34.175,30.535,-0.0527,0.0161,9.8933,-0.1932,-0.5081,-0.3498
24860,1184,737,34.1,30.52,0.0284,0.0171,9.8046,0.3362,-0.1413,-0.5451
24865,1184,736,34.132,30.435,-0.01,-0.022,9.8553,-0.4434,-0.5112,0.5751
24870,1194,740,34.16,30.488,0.0343,-0.0039,9.7427,-0.125,-0.0313,-0.7434
24875,1185,745,34.183,30.438,0.0189,-0.0051,9.8099,-0.1636,-0.0048,-0.1807
24880,1183,746,34.12,30.525,-0.045,-0.0049,9.8512,0.1219,0.1602,0.0344
24885,1188,754,34.164,30.448,0.0191,-0.0356,9.9122,0.186,-0.2488,0.4452
24890,1178,753,34.138,30.494,-0.0013,0.0284,9.7197,-0.2719,-0.1594,-0.0692
24895,1175,760,34.077,30.467,-0.0091,-0.0512,9.7343,-0.2099,0.1729,0.594
24900,1184,763,34.134,30.484,-0.0305,-0.0578,9.809,0.2239,-0.6404,-0.3415
24905,1177,769,34.218,30.459,-0.0202,-0.0394,9.7512,-0.7096,-0.1255,-0.925
24910,1170,769,34.223,30.456,0.0273,0.0088,9.726,-0.4634,0.9177,0.6962
24915,1171,779,34.147,30.461,-0.0397,0.0164,9.7473,-0.7713,0.251,-1.0143
24920,1165,782,34.148,30.529,0.027,-0.0355,9.7272,-0.6905,0.0211,-0.0531
24925,1151,787,34.107,30.438,0.0546,0.0363,9.7553,0.5715,1.2404,-0.7892
24930,1155,793,34.248,30.442,0.0071,-0.0824,9.7143,0.0132,0.3546,-1.0125
24935,1154,799,34.227,30.552,-0.0246,-0.0607,9.7435,0.2837,0.625,0.9501
24940,1144,803,34.142,30.492,-0.0477,0.1266,9.741,0.1063,-0.054,0.028
24945,1146,809,34.221,30.461,0.0323,-0.093,9.809,0.15,0.1767,0.2045
24950,1135,804,34.151,30.504,0.0038,-0.0702,9.8142,-0.088,-0.4945,-0.3657
24955,1134,817,34.21,30.457,-0.0039,0.0229,9.7196,0.1964,-0.3472,-0.1681
24960,1140,819,34.129,30.48,-0.024,0.0337,9.817,0.15,0.3471,-0.523
24965,1120,825,34.197,30.491,0.0171,0.0103,9.8696,-0.166,-0.6869,-1.0587
24970,1134,829,34.1,30.413,-0.038,-0.0376,9.8006,-1.0612,0.4957,-0.1098
24975,1118,827,34.122,30.425,-0.0451,-0.0546,9.7553,-0.3585,0.195,-0.1591
24980,1118,836,34.146,30.41,0.0627,-0.0431,9.8442,-0.1915,0.3666,0.258
24985,1119,838,34.168,30.516,0.0364,0.0018,9.7664,-0.3628,-1.22,-0.177
24990,1123,843,34.184,30.4,-0.0075,-0.0089,9.8803,-0.7966,0.4479,0.476
24995,1108,847,34.102,30.49,0.0752,-0.0138,9.817,0.2545,-1.3465,0.2557
25000,1106,847,34.215,30.424,0.0069,-0.0688,9.8194,0.03,0.5953,0.192
25005,1107,852,34.134,30.444,0.0429,-0.0871,9.8457,-0.5685,0.9315,-0.1156
25010,1107,849,34.112,30.497,-0.0165,-0.0354,9.8084,-0.0572,0.3914,-0.9348
25015,1101,855,34.201,30.428,-0.0064,-0.0104,9.892,0.4612,0.1213,0.8289
25020,1096,855,34.1,30.398,-0.02,-0.0345,9.8151,-1.0519,-0.303,0.3597
25025,1103,860,34.173,30.449,-0.0011,-0.0244,9.7752,0.6919,0.1125,-0.1113
25030,1094,861,34.127,30.456,0.004,-0.0185,9.8266,0.2355,0.1318,-0.485
25035,1093,862,34.108,30.422,0.0049,-0.0303,9.7754,-0.3055,0.0035,0.1836
25040,1086,860,34.133,30.457,0.0307,-0.0057,9.8481,-0.0901,0.1048,-0.202
25045,1093,864,34.214,30.462,-0.0165,0.0491,9.8979,-0.3779,1.2312,-0.447
25050,1081,864,34.234,30.451,0.0209,0.0438,9.8076,-0.0495,0.8676,-0.0928
25055,1087,871,34.108,30.453,-0.072,-0.0081,9.7237,0.3763,1.042,-0.2522
25060,1083,868,34.24,30.482,0.0223,0.0696,9.8444,0.0241,-0.8111,0.5782
25065,1068,864,34.162,30.509,-0.0694,0.0115,9.8073,-0.5615,0.8075,0.2619
25070,1068,860,34.158,30.494,-0.007,-0.0337,9.7949,-0.3761,0.3992,0.4024
25075,1067,862,34.055,30.423,-0.0096,0.0608,9.924,-0.4174,0.8484,-0.5343
25080,1067,865,34.175,30.456,-0.0522,0.0334,9.8133,0.4991,-1.0827,0.0518
25085,1055,864,34.063,30.469,0.0722,0.0225,9.8347,0.6476,0.3528,-0.0515
25090,1057,861,34.188,30.343,0.0486,0.0457,9.7768,0.4494,-0.3001,0.333
25095,1048,862,34.199,30.602,-0.0128,0.0145,9.7405,0.6844,-0.8821,0.5302
25100,1058,866,34.212,30.391,-0.0858,-0.0336,9.9288,-0.7669,0.0075,0.0981
25105,1059,858,34.144,30.472,0.0347,-0.0338,9.7937,-0.0095,0.585,0.0936
25110,1039,862,34.14,30.467,0.0315,-0.0393,9.8206,-0.3501,0.3146,0.4359
25115,1034,861,34.089,30.478,0.0196,0.0048,9.7235,-0.1851,-0.4149,0.0257
25120,1027,853,34.111,30.493,-0.1292,0.022,9.7006,-0.7352,-0.2018,-0.0273
25125,1023,858,34.187,30.415,0.0353,-0.0164,9.7926,0.6927,-0.1178,-0.1492
25130,1010,855,34.174,30.467,0.0452,-0.0325,9.7555,-0.1141,-0.0026,-0.7154
25135,1000,856,34.248,30.427,0.0789,-0.0074,9.8452,0.004,-0.1594,0.7403
25140,1005,857,34.18,30.462,0.0611,-0.0183,9.7779,0.1822,-0.1613,-0.1427
25145,990,852,34.173,30.51,-0.0024,-0.0434,9.9118,-0.436,-0.3252,-0.0385
25150,991,849,34.148,30.493,0.0066,0.0797,9.7973,0.6234,-0.826,0.844
25155,973,848,34.154,30.415,0.0758,0.0495,9.8392,-0.1403,0.4304,0.0665
25160,972,847,34.246,30.427,0.0282,-0.0274,9.8484,-0.197,-0.0375,-0.2507
25165,959,845,34.195,30.469,0.03,0.0222,9.7989,-1.0081,-0.6449,-0.1135
25170,954,843,34.178,30.388,-0.0712,0.0277,9.8092,0.6015,-1.3701,-0.2823
25175,938,841,34.177,30.418,-0.0799,0.028,9.8791,1.22,0.1278,-0.0382
25180,931,840,34.199,30.43,0.0402,0.045,9.7903,0.1951,0.4609,-0.4597
25185,925,841,34.15,30.471,0.026,0.0433,9.7996,-0.1398,-0.4054,0.0297
25190,905,840,34.101,30.507,-0.0355,-0.0025,9.8892,0.2704,0.8317,-0.4495
25195,897,842,34.132,30.497,0.0406,-0.0332,9.8225,-0.4506,-0.964,-0.2968
25200,897,842,34.144,30.479,-0.0124,0.0125,9.7341,-0.7526,0.8636,-0.9917
25205,873,836,34.074,30.528,0.0058,-0.0362,9.7997,0.2819,0.0534,-0.0331
25210,874,832,34.145,30.452,-0.0557,-0.0257,9.6995,0.1289,-0.0157,-0.0669
25215,862,837,34.111,30.464,-0.0491,-0.0081,9.7455,0.3119,-0.4014,-0.0882
25220,855,838,34.129,30.5,-0.0344,0.0045,9.8592,0.1188,0.3302,0.9596
25225,851,837,34.213,30.393,0.0258,-0.0189,9.8524,-0.3529,0.6361,-0.267
25230,831,834,34.188,30.478,0.043,0.0006,9.823,-0.0549,-0.2618,-0.3868
25235,823,830,34.165,30.422,0.0398,-0.0234,9.8123,0.2718,-0.5942,-0.7616
25240,804,831,34.09,30.431,0.0121,-0.0513,9.8018,0.1864,-0.3465,-0.2415
25245,805,830,34.116,30.443,-0.0027,-0.0657,9.8254,0.0553,-0.2843,0.5284
25250,800,825,34.169,30.465,-0.0332,0.0365,9.8011,-0.6092,0.2719,-0.1157
25255,785,822,34.046,30.433,0.0522,-0.0311,9.7931,0.1598,-0.1927,0.2245
25260,789,834,34.16,30.453,-0.0697,-0.0504,9.8742,-0.1845,-0.046,0.2018
25265,764,829,34.162,30.476,0.0899,-0.0362,9.7849,-0.1342,-0.0051,-0.6331
25270,770,821,34.112,30.36,0.0023,0.0306,9.8419,0.688,0.2344,-0.336
25275,761,822,34.185,30.502,-0.0048,-0.0207,9.8257,0.183,0.5942,0.3998
25280,755,822,34.113,30.47,0.0201,0.0287,9.8342,0.8232,-0.2776,-0.309
25285,757,825,34.201,30.492,0.0397,0.0142,9.8,-0.0524,0.054,0.2414
25290,747,818,34.209,30.355,-0.0799,0.0628,9.7927,-0.264,0.185,0.3754
25295,750,818,34.176,30.43,-0.0175,-0.0532,9.8125,0.1172,-0.5206,0.2764
25300,751,815,34.078,30.46,-0.0062,0.0235,9.8075,0.7374,-1.1904,0.0826
25305,743,815,34.121,30.481,0.0473,0.0155,9.8183,0.2939,0.3217,-0.9448
25310,739,810,34.094,30.447,-0.0118,0.0706,9.8327,0.3558,0.4077,-0.0398
25315,750,814,34.204,30.428,0.0482,0.0076,9.7657,-0.466,0.7457,-0.5377
25320,742,811,34.174,30.46,-0.0448,0.0264,9.8065,0.5594,0.3607,0.1323
25325,758,809,34.174,30.459,0.0594,0.0215,9.8631,-0.071,-0.9351,-0.4579
25330,754,802,34.194,30.484,-0.0359,-0.0723,9.7867,0.5625,0.0388,-0.2865
25335,758,803,34.09,30.425,0.0605,-0.0105,9.8657,0.8023,-0.3885,-0.4496
25340,772,804,34.269,30.422,0.0688,-0.014,9.8077,-0.2501,-0.7146,0.5989
25345,774,799,34.075,30.405,-0.0166,-0.0946,9.7652,0.8999,-0.2242,0.2814
25350,780,798,34.078,30.503,-0.043,0.0265,9.8096,0.7405,-0.4194,0.0213
25355,792,791,34.186,30.404,-0.0426,-0.0836,9.7857,0.2331,-0.8336,-0.6657
25360,794,788,34.179,30.472,-0.1284,-0.1091,9.8417,0.4321,-0.7262,-0.2483
25365,800,782,34.152,30.49,-0.0882,0.0271,9.78,0.2516,0.2433,-0.1615
25370,806,787,34.234,30.468,0.0106,0.0404,9.8321,-0.1136,0.0364,0.2502
25375,812,781,34.205,30.44,-0.007,0.0121,9.7678,-0.2814,0.1662,0.6649
25380,835,776,34.166,30.499,-0.0457,-0.0089,9.7805,0.091,0.4482,-0.2228
25385,841,769,33.997,30.544,0.0005,0.0321,9.8108,0.5634,-0.0328,-0.0852
25390,851,768,34.167,30.493,-0.1292,0.0,9.8337,0.3004,-0.3589,0.3188
25395,863,766,34.129,30.504,0.0204,-0.0083,9.8661,-0.18,-0.0133,0.2846
25400,874,761,34.193,30.533,0.0534,-0.0633,9.7779,-0.1856,0.2577,0.1072
25405,895,758,34.179,30.384,0.0361,0.0875,9.8022,0.2324,0.3303,-0.5711
25410,904,759,34.164,30.571,0.0483,-0.0077,9.7924,-0.6235,0.7478,-0.0524
25415,917,757,34.043,30.508,-0.0149,0.0539,9.7621,-0.7862,-0.8678,0.7395
25420,938,747,34.191,30.449,0.0304,0.1146,9.8569,0.7261,-0.4757,0.4355
25425,945,739,34.2,30.485,0.0514,-0.0135,9.8209,-0.4449,-0.2425,-0.0363
25430,973,739,34.156,30.469,0.0211,-0.0817,9.8804,0.2788,-0.1545,0.1917
25435,964,749,34.135,30.44,0.044,0.1001,9.7992,0.2007,-0.9856,0.2629
25440,978,727,34.146,30.39,-0.0482,-0.1046,9.8608,0.0507,-0.3601,-0.1299
25445,997,735,34.045,30.548,0.0067,-0.0837,9.8684,-0.601,0.0203,-0.8404
25450,1004,725,34.107,30.425,0.0434,0.0103,9.8167,1.1675,0.8752,-0.1822
25455,1021,729,34.199,30.481,0.0233,0.0509,9.7499,-0.1713,0.5699,0.0441
25460,1040,724,34.243,30.463,0.0242,0.008,9.8499,0.0211,-0.0351,0.2997
25465,1054,715,34.189,30.55,-0.0339,0.0403,9.8131,-0.0123,0.0615,-0.4228
25470,1063,725,34.087,30.477,0.0505,-0.0716,9.8222,0.9479,0.7284,0.0111
25475,1073,718,34.155,30.429,0.0068,0.0097,9.8317,-0.1523,1.2547,-0.4523
25480,1080,725,34.15,30.483,-0.0832,0.0153,9.7682,0.2889,-0.9097,0.9676
25485,1103,714,34.209,30.386,0.03,-0.0546,9.786,-0.1887,-0.3955,-0.2381
25490,1114,713,34.113,30.552,-0.0613,0.0323,9.8208,-0.1726,-0.3477,0.1296
25495,1114,711,34.153,30.436,-0.0377,0.0097,9.8431,-0.0132,-0.2739,0.0559
25500,1125,705,34.273,30.366,-0.0365,-0.0238,9.8048,-0.0087,0.4715,0.1657
25505,1133,711,34.212,30.503,0.0396,-0.0732,9.7977,0.12,-0.3947,-1.0688
25510,1142,712,34.241,30.405,0.0201,0.0064,9.7644,0.4573,-0.0943,-0.7418
25515,1150,712,34.008,30.502,0.0136,-0.0412,9.7643,0.4849,-0.3357,0.115
25520,1149,710,34.196,30.35,0.0107,-0.0596,9.7981,0.6588,0.2382,-0.3228
25525,1161,714,34.141,30.47,0.0332,-0.0007,9.8335,-0.6607,-0.6863,-0.4392
25530,1172,714,34.173,30.502,-0.0031,0.0219,9.9149,0.7585,0.5553,-0.4508
25535,1169,716,34.139,30.506,0.0998,0.0311,9.8295,0.3741,-0.2852,-0.2492
25540,1171,718,34.135,30.464,-0.0409,-0.0355,9.7355,-0.3502,-0.2158,-0.1322
25545,1181,722,34.093,30.514,0.0875,-0.0878,9.8365,0.5946,0.0014,0.5093
25550,1183,724,34.184,30.476,-0.0318,-0.0692,9.7526,0.1584,0.9515,-0.0024
25555,1188,726,34.075,30.365,0.0582,-0.039,9.8187,0.578,0.0912,0.3009
25560,1181,730,34.058,30.514,-0.0935,0.0483,9.8113,0.8185,0.0161,-0.0428
25565,1200,732,34.126,30.505,0.0765,0.022,9.8136,-0.7231,-0.2323,-0.1317
25570,1187,732,34.1,30.476,0.0299,-0.017,9.8027,0.2502,-0.5716,-0.1826
25575,1191,738,34.122,30.43,-0.0091,-0.0133,9.8526,-0.1373,0.2051,0.3692
25580,1185,739,34.22,30.454,-0.035,-0.0528,9.7934,0.1568,-0.2726,-0.0024
25585,1181,749,34.116,30.46,-0.0492,0.0365,9.8229,-0.2884,0.7238,0.3806
25590,1189,751,34.161,30.386,-0.0403,0.0279,9.8259,0.6695,-0.8628,0.5492
25595,1180,756,34.073,30.398,-0.054,-0.0008,9.7227,1.3022,-1.3465,-0.2374
25600,1177,750,34.136,30.469,0.0394,0.0359,9.8244,-0.2451,-0.0327,-0.4303
25605,1180,763,34.105,30.403,0.0776,0.0068,9.7514,0.1162,0.1794,0.1847
25610,1174,765,34.162,30.503,-0.0233,0.032,9.6941,0.2682,-0.5505,-0.2621
25615,1176,769,34.11,30.453,-0.107,0.0505,9.8723,0.6479,0.3769,-0.3798
25620,1162,779,34.235,30.506,0.0088,0.0114,9.8551,0.1301,0.2603,-0.4187
25625,1171,777,34.139,30.418,-0.0606,-0.0813,9.8152,0.1985,0.1555,-0.0232
25630,1161,786,34.132,30.476,0.089,-0.0122,9.8929,0.2925,0.0593,0.4151
25635,1158,787,34.16,30.491,-0.0236,0.0099,9.8,-0.4297,-0.551,-1.1096
25640,1153,798,34.189,30.376,0.0424,-0.0637,9.8676,0.0415,0.4694,0.0716
25645,1156,802,34.123,30.486,0.0501,-0.0105,9.7573,0.7206,0.3816,0.0819
25650,1142,804,34.108,30.507,0.0047,0.0418,9.6735,-0.4025,0.556,0.2147
25655,1149,805,34.15,30.434,0.0226,0.0081,9.8173,0.7959,-0.0838,-0.3584
25660,1131,813,34.092,30.519,0.0173,-0.0933,9.8102,0.7532,0.5532,-0.5088
25665,1140,820,34.191,30.569,0.0611,0.0703,9.8232,0.266,0.5304,-1.2028
25670,1137,825,34.106,30.51,-0.0153,-0.0001,9.7852,-0.6865,0.3684,0.2648
25675,1123,824,34.243,30.486,-0.0657,0.0542,9.7719,0.6499,0.8298,-0.2016
25680,1126,831,34.115,30.49,0.0664,-0.0254,9.8909,-0.36,0.2442,0.894
25685,1129,830,34.123,30.399,-0.0467,-0.0783,9.8617,0.2918,-0.7793,-0.0541
25690,1121,836,34.06,30.479,0.0061,0.0397,9.7805,-0.4367,-0.5162,-0.0302
25695,1111,842,34.104,30.477,-0.041,-0.0804,9.7661,0.5457,0.1627,-0.065
25700,1117,845,34.264,30.444,0.0248,-0.0195,9.8083,0.3375,-0.3022,-0.4434
25705,1107,850,34.082,30.427,0.0831,-0.0067,9.8458,0.4157,0.6511,0.0513
25710,1106,854,34.142,30.373,0.0364,-0.0956,9.7215,0.9111,0.2221,-0.3863
25715,1104,852,34.126,30.441,-0.0095,-0.0457,9.8748,-1.0117,-0.1114,-0.85
25720,1106,856,34.211,30.444,-0.0417,0.0249,9.8292,-0.9546,0.2946,-1.2666
25725,1100,854,34.101,30.504,-0.0146,-0.0711,9.8339,-1.043,0.2883,-1.0104
25730,1091,854,34.136,30.437,0.0788,0.0228,9.8203,0.7518,-0.023,0.0005
25735,1092,859,34.166,30.348,-0.0531,0.0246,9.8101,0.0627,-0.4511,0.0816
25740,1091,865,34.13,30.396,0.0575,-0.0736,9.8496,-0.2441,-0.6515,-0.8383
25745,1094,863,34.183,30.49,0.0311,0.0283,9.8441,-0.4698,0.0089,-0.639
25750,1084,869,34.13,30.509,-0.0158,0.0698,9.8323,-0.3031,0.0397,-0.7735
25755,1093,861,34.109,30.452,0.0028,-0.0059,9.8357,-0.5552,-0.7864,-0.5977
25760,1087,858,34.158,30.487,0.0255,0.0074,9.8112,0.3127,-0.1769,0.454
25765,1075,859,34.122,30.405,-0.047,-0.0825,9.8342,-0.1472,0.4872,-1.0183
25770,1072,863,34.097,30.491,-0.0494,0.0474,9.8126,0.2696,0.072,-0.2329
25775,1077,867,34.252,30.471,0.0571,0.0026,9.7706,-0.0229,0.3902,0.6162
25780,1078,864,34.208,30.441,-0.0053,0.0186,9.8012,-1.0554,0.3403,0.7386
25785,1069,861,34.126,30.441,0.0861,0.0362,9.8734,0.6362,-0.498,-0.0889
25790,1061,859,34.18,30.473,-0.0017,0.0209,9.8022,0.776,-0.4125,0.8301
25795,1061,862,34.139,30.428,-0.0085,0.0497,9.7905,-0.1092,-0.5969,-0.1333
25800,1054,864,34.194,30.407,-0.0009,0.0221,9.754,-0.4728,0.446,-0.773
25805,1049,858,34.176,30.382,-0.0409,-0.0251,9.7746,0.0499,-0.411,1.0687
25810,1049,858,34.141,30.586,-0.0048,-0.0043,9.7994,-0.5545,-0.1311,-0.4849
25815,1046,859,34.152,30.367,0.006,0.0891,9.8312,-0.6426,0.4714,-0.479
25820,1037,862,34.118,30.446,-0.0823,-0.0349,9.8012,0.9839,-0.0467,0.4951
25825,1039,861,34.197,30.468,0.0637,0.0136,9.8673,0.6001,-0.0179,-0.2269
25830,1033,853,34.152,30.375,-0.0311,-0.073,9.7625,0.9414,-0.5476,-0.7
25835,1012,855,34.112,30.467,0.0259,-0.0557,9.853,-0.2845,0.8186,0.1229
25840,1022,856,34.194,30.492,0.0095,0.0977,9.794,0.4967,-0.2047,-0.3625
25845,1006,852,34.125,30.456,-0.0144,0.0896,9.8492,0.2987,0.4121,-0.0254
25850,1000,851,34.069,30.437,0.0147,-0.0624,9.8088,0.3089,-0.2752,-0.2576
25855,984,853,34.114,30.435,0.0056,0.0227,9.7364,0.0625,-0.4814,-0.3019
25860,978,850,34.194,30.392,-0.066,-0.1047,9.885,-0.3654,-0.6419,0.3215
25865,974,850,34.151,30.399,0.0014,-0.0245,9.8195,-0.1907,-0.0596,0.1953
25870,982,848,34.13,30.454,0.0787,-0.0506,9.7702,0.2571,0.4275,0.1866
25875,953,840,34.135,30.508,0.1109,-0.0074,9.859,-0.8387,0.5094,0.4004
25880,940,838,34.194,30.506,-0.0235,-0.0118,9.7854,0.5812,-0.3629,0.3985
25885,931,843,34.161,30.401,0.0139,0.0758,9.786,0.3716,0.9901,-0.5458
25890,924,840,34.238,30.4,0.0789,0.0608,9.7029,-0.5011,-0.061,-0.274
25895,927,839,34.148,30.481,0.1232,-0.0232,9.7354,0.5548,0.4764,-0.1994
25900,905,838,34.098,30.508,-0.0115,-0.0492,9.829,0.7657,-0.1902,-0.8685
25905,897,843,34.078,30.443,0.0362,0.0749,9.8508,0.5643,0.1311,-0.0664
25910,891,833,34.023,30.495,0.0022,-0.0506,9.7306,-0.3208,-0.8704,0.0827
25915,875,836,34.12,30.446,-0.018,0.0031,9.8387,-0.6645,0.0494,0.1477
25920,867,837,34.069,30.562,0.0425,-0.0198,9.8438,-0.3868,-0.1607,0.2648
25925,856,831,34.111,30.419,0.0357,0.0396,9.7328,-0.2478,-0.4382,-0.0887
25930,850,832,34.08,30.457,0.001,-0.0668,9.7558,0.1692,-0.652,0.774
25935,834,831,34.155,30.529,-0.0418,0.0332,9.8684,-0.1953,0.4803,0.003
25940,848,836,34.178,30.468,0.0339,0.0007,9.7609,0.2776,0.4088,-0.1524
25945,819,831,34.143,30.457,0.057,0.0046,9.8465,-0.3925,-0.1424,0.2482
25950,807,831,34.211,30.498,-0.0208,-0.0249,9.8317,-0.5368,0.2232,0.1988
25955,802,824,34.095,30.458,-0.0478,-0.0405,9.8313,-0.4177,0.047,-0.178
25960,796,830,34.077,30.418,0.0984,0.0237,9.7879,-0.3065,0.7965,0.092
25965,790,828,34.1,30.4,0.0214,-0.015,9.7898,0.3723,0.2349,0.5283
25970,775,826,34.138,30.482,0.0109,-0.0394,9.782,-0.3713,0.0461,0.7046
25975,774,824,34.11,30.441,-0.0343,-0.0283,9.8919,1.0072,0.3286,-0.2662
25980,764,827,34.216,30.528,-0.0033,-0.0748,9.7047,-0.274,-0.0476,-0.662
25985,764,822,34.191,30.433,-0.0617,0.032,9.8142,0.9487,-0.6957,-0.1847
25990,757,822,34.035,30.529,0.0433,0.0819,9.81,0.4055,0.6029,-0.3631
25995,751,825,34.164,30.454,0.0064,-0.0062,9.8077,0.3837,0.2513,0.5944
26000,760,818,34.215,30.478,0.0139,-0.0347,9.7471,0.1134,-0.4138,-0.9104
26005,747,818,34.157,30.378,0.0238,0.0299,9.8745,-0.157,-0.0029,0.6786
26010,754,817,34.166,30.454,-0.0068,0.0695,9.7761,0.3244,-0.1574,-0.3859
26015,750,814,34.136,30.49,-0.0662,0.0565,9.8588,-0.0351,0.1842,-0.1656
26020,747,810,34.219,30.488,0.0148,-0.0258,9.8178,-0.4245,0.1367,-0.0724
26025,746,811,34.109,30.506,-0.0073,-0.0708,9.7657,-0.8685,0.5728,-0.1113
26030,749,808,34.07,30.441,-0.0614,0.0718,9.8552,-0.6497,-0.1652,0.0373
26035,753,804,34.222,30.535,-0.0469,0.0176,9.8177,-0.0444,0.3023,-0.6019
26040,756,801,34.057,30.446,-0.0305,-0.0494,9.7608,0.5642,-0.4612,-0.7526
26045,767,800,34.115,30.357,0.0008,0.0403,9.8365,-0.2485,-0.2609,0.6019
26050,761,794,34.148,30.507,-0.0217,0.0106,9.8279,-0.0579,-0.5248,-0.129
26055,784,798,34.108,30.474,-0.0321,0.0536,9.8736,0.0905,0.2679,-0.3013
26060,782,795,34.091,30.498,0.0293,-0.0582,9.8045,-0.2004,0.5372,-0.177
26065,790,786,34.198,30.439,-0.0021,-0.0096,9.8337,-0.0902,0.0798,-0.7708
26070,802,789,34.187,30.449,0.0383,0.0413,9.776,0.1426,0.2868,-0.2813
26075,805,786,34.082,30.438,-0.0978,0.0018,9.8285,0.0504,-0.6305,-0.0424
26080,824,783,34.177,30.456,-0.0305,-0.0858,9.8522,-0.4864,0.596,-0.1023
26085,828,779,34.267,30.49,-0.1242,-0.0066,9.8653,0.2645,0.4114,-0.4943
26090,834,776,34.209,30.485,0.0066,0.0235,9.8655,0.8211,0.6948,0.3875
26095,847,767,34.163,30.519,-0.0154,-0.0514,9.9515,0.0622,0.0181,-0.2855
26100,854,774,34.134,30.459,0.0443,0.0257,9.8306,-0.3087,-0.3626,-0.0036
26105,880,761,34.206,30.541,0.0052,0.1047,9.859,0.0776,-0.235,0.3405
26110,880,760,34.088,30.508,-0.0732,-0.1113,9.9089,-0.6236,-0.8698,-0.3245
26115,902,755,34.139,30.486,0.0263,0.0195,9.863,0.8035,0.1841,-0.6841
26120,923,755,34.172,30.452,-0.019,0.0288,9.7733,-0.0719,-0.1003,-0.246
26125,920,753,34.13,30.448,-0.039,-0.1082,9.8076,-0.1447,0.5013,-0.0306
26130,943,753,34.284,30.492,0.0178,0.0861,9.8176,0.4667,-0.2094,-0.7299
26135,964,743,34.172,30.42,0.0242,0.0054,9.7863,0.6371,-0.4205,-0.1115
26140,963,736,34.221,30.463,0.0323,0.0816,9.8356,1.0764,-0.1689,-0.2001
26145,973,732,34.061,30.437,0.1125,-0.0643,9.7643,-0.7579,0.1443,-0.727
26150,994,727,34.121,30.456,0.0417,0.0278,9.8577,0.358,-0.5424,-0.6418
26155,1012,731,34.23,30.463,-0.0353,0.0264,9.7726,-0.2462,0.8961,-0.0438
26160,1025,729,34.014,30.391,-0.0082,0.0216,9.8277,0.6759,-0.0941,-0.8179
26165,1036,722,34.149,30.463,-0.0651,0.0175,9.828,-0.7678,-0.0763,0.4628
26170,1049,722,34.167,30.477,0.0345,0.009,9.7857,0.4318,0.3153,0.1672
26175,1067,725,34.175,30.517,-0.0405,0.0175,9.7486,-0.3509,-0.4395,0.0718
26180,1069,721,34.186,30.508,-0.0051,-0.0604,9.8307,-0.0745,-0.1544,-0.0922
26185,1081,716,34.169,30.441,0.0248,-0.051,9.8389,-0.3361,-0.1465,0.1749
26190,1087,719,34.139,30.563,0.0022,-0.0073,9.8481,-0.3392,-0.3252,0.1534
26195,1104,708,34.06,30.428,0.0938,-0.0675,9.7607,0.1668,0.1862,0.0038
26200,1109,709,34.137,30.44,-0.0217,-0.0535,9.8154,-0.3242,0.1537,0.2248
26205,1129,712,34.138,30.429,-0.0061,0.0464,9.8204,-0.3089,0.312,-0.1913
26210,1128,710,34.065,30.536,-0.0068,-0.106,9.8128,0.8167,0.4243,0.1212
26215,1142,714,34.056,30.413,0.0665,-0.0291,9.7663,-0.113,0.7561,0.2091
26220,1150,714,34.121,30.42,0.0029,-0.007,9.8706,-0.1868,0.5859,-0.646
26225,1161,716,34.149,30.455,-0.097,-0.0162,9.8525,0.108,0.0699,0.0321
26230,1164,714,34.144,30.515,0.0758,0.0403,9.8192,0.8855,-1.1591,0.752
26235,1171,715,34.194,30.369,-0.0497,-0.0304,9.7221,0.0329,-0.1271,-0.4016
26240,1174,710,34.205,30.458,-0.0228,0.1225,9.91,0.2586,0.1318,0.362
26245,1165,718,34.205,30.413,0.0077,-0.0073,9.7703,0.5927,0.1243,0.083
26250,1181,718,34.143,30.424,0.052,-0.0101,9.8373,0.1388,-0.3791,0.523
26255,1183,715,34.13,30.433,-0.0218,-0.0222,9.801,-0.2086,0.3378,-0.3721
26260,1185,718,34.134,30.425,0.0105,-0.04,9.8023,-0.6691,0.5884,-0.509
26265,1194,728,34.099,30.486,-0.0515,0.0107,9.7873,0.1928,0.5665,0.5454
26270,1189,731,34.188,30.453,0.0035,-0.0229,9.8578,0.418,-0.4416,-0.388
26275,1177,731,34.115,30.417,0.0466,0.011,9.8022,0.7418,0.6663,0.275
26280,1194,741,34.089,30.503,0.0982,0.0395,9.8054,0.1808,0.1726,-0.1538
26285,1183,739,34.212,30.404,-0.077,0.0903,9.7757,-0.2343,0.2067,0.5912
26290,1185,745,34.144,30.469,-0.0935,0.0054,9.7804,-1.2472,0.0959,-1.5762
26295,1193,749,34.172,30.506,0.0143,0.105,9.8174,-0.0635,-0.1057,0.0447
26300,1187,750,34.183,30.52,0.0794,0.0194,9.814,-0.5356,-0.9245,0.0502
26305,1186,753,34.157,30.466,0.107,0.0414,9.7479,-1.4685,0.5347,-1.7427
26310,1186,764,34.179,30.458,0.0671,0.0372,9.7712,0.2232,-0.4285,-0.2749
26315,1174,763,34.201,30.423,-0.1023,-0.0134,9.8672,0.5057,0.1763,0.3261
26320,1167,769,34.119,30.442,0.0209,0.0132,9.7978,-0.7185,0.4626,0.4525
26325,1171,772,34.096,30.449,-0.0687,0.0106,9.8738,0.1124,-0.3209,0.7306
26330,1161,775,34.037,30.448,0.0564,0.0147,9.7907,-0.0702,0.8267,-0.1727
26335,1153,788,34.057,30.524,0.0438,0.0265,9.7486,-0.0327,0.3756,-0.8158
26340,1168,784,34.152,30.406,-0.0488,0.0451,9.7768,-0.3379,-0.0258,0.2347
26345,1157,794,34.105,30.532,0.017,0.0857,9.8873,0.3748,-0.4846,-0.7624
26350,1164,794,34.13,30.373,0.0726,0.0128,9.8264,1.0558,0.1895,-0.1813
26355,1151,804,34.187,30.393,-0.0043,0.054,9.8572,0.439,-0.3417,0.0238
26360,1144,805,34.147,30.416,0.0164,-0.0117,9.8031,-0.1061,0.0092,0.1859
26365,1142,813,34.208,30.473,0.0034,0.0786,9.8447,0.6873,-0.3796,0.2022
26370,1134,813,34.129,30.394,0.0747,0.1034,9.8252,0.7202,-0.6258,0.0977
26375,1129,822,34.165,30.381,-0.0168,-0.0206,9.7968,0.1196,0.8175,-0.3092
26380,1129,820,34.101,30.499,0.0512,-0.0192,9.8157,-0.1598,-0.4091,0.8002
26385,1134,832,34.259,30.46,0.1068,0.0428,9.7942,0.2566,-0.1055,0.5905
26390,1129,833,34.131,30.516,0.0165,0.0362,9.8246,-0.6611,-0.0905,-0.1054
26395,1124,829,34.133,30.463,0.0047,0.0031,9.762,0.1291,-0.9928,0.499
26400,1121,839,34.093,30.457,0.0236,-0.0321,9.8155,0.2641,-0.1516,-0.3407
26405,1122,837,34.222,30.448,0.0055,0.0322,9.7557,-0.1656,0.4187,0.6996
26410,1114,849,34.1,30.444,-0.0822,0.0296,9.8573,0.1106,-0.2365,0.658
26415,1107,851,34.172,30.489,-0.0356,-0.0423,9.8281,0.0234,-0.4966,0.7748
26420,1103,857,34.196,30.496,-0.0047,-0.0299,9.8408,-0.9365,0.7231,-0.3623
26425,1106,854,34.143,30.406,-0.0389,-0.036,9.8755,0.85,-0.2325,-0.3863
26430,1101,856,34.114,30.338,-0.0092,0.0022,9.7112,-0.1032,-1.3387,-0.7669
26435,1099,860,34.198,30.464,-0.012,0.0013,9.813,-0.6527,-0.1293,-0.2169
26440,1102,863,34.07,30.456,0.025,0.0061,9.8718,-0.271,-0.7162,0.4803
26445,1097,858,34.049,30.549,0.0238,-0.004,9.7823,-0.0946,-0.5581,0.2709
26450,1081,863,34.186,30.499,0.0538,0.0174,9.8332,0.3505,-0.6798,0.0692
26455,1088,863,34.125,30.458,0.0691,0.0006,9.7891,0.1106,-0.4897,-0.0309
26460,1081,871,34.148,30.473,-0.0684,0.0312,9.7816,0.306,-0.7485,-0.2571
26465,1082,865,34.089,30.463,0.0459,-0.04,9.9082,-0.4644,-0.2659,0.2276
26470,1079,866,34.145,30.556,-0.0308,-0.091,9.8893,0.7045,-0.2018,-0.2716
26475,1085,861,34.123,30.459,0.0151,-0.0442,9.8125,-0.2694,-1.1081,0.737
26480,1082,866,34.182,30.438,0.0615,0.0169,9.7611,0.4551,-0.6134,-0.5175
26485,1074,864,34.119,30.46,0.0412,0.0004,9.7924,0.6527,-0.1778,-0.3986
26490,1067,866,34.141,30.442,0.0117,-0.0593,9.7542,-0.0177,0.0588,0.12
26495,1068,863,34.102,30.547,-0.0666,0.0624,9.8646,-0.1927,-0.2587,-0.3083
26500,1069,865,34.138,30.486,-0.0461,-0.0073,9.7997,0.0333,-0.4326,-0.2121
26505,1058,864,34.064,30.493,0.0024,0.0018,9.8197,0.2515,0.6483,0.0211
26510,1060,856,34.057,30.598,-0.0199,0.0331,9.8096,-0.4172,-0.6529,-0.8831
26515,1050,861,34.131,30.404,0.0526,-0.0674,9.7316,-1.1575,0.6529,-0.6042
26520,1043,859,34.144,30.495,-0.0794,-0.0343,9.808,0.9947,-0.2957,-0.7146
26525,1036,860,34.115,30.412,0.0595,-0.0416,9.7422,-0.6308,0.9535,0.5525
26530,1030,860,34.077,30.328,0.0318,-0.0276,9.8953,-0.8341,-0.3376,1.0632
26535,1029,857,34.09,30.456,-0.0607,-0.0101,9.839,0.13,-0.1876,-0.5745
26540,1020,849,34.104,30.499,-0.0871,-0.0628,9.7769,0.2561,0.1161,-0.4772
26545,1014,850,34.031,30.402,0.0666,-0.0422,9.8063,0.1701,-0.132,-0.5128
26550,1012,856,34.142,30.419,-0.0095,-0.0696,9.7873,-0.2013,0.7575,0.088
26555,998,851,34.171,30.482,-0.0041,0.0123,9.7527,0.0489,-0.6784,0.079
26560,989,853,34.184,30.415,-0.0447,-0.0226,9.8514,0.7474,-0.386,-0.0428
26565,987,852,34.158,30.453,0.0485,0.0184,9.761,-0.5108,-0.4308,0.9099
26570,980,851,34.119,30.487,0.092,-0.0205,9.8814,0.6147,0.0873,0.0064
26575,969,845,34.154,30.425,-0.0035,-0.0154,9.7966,0.0188,0.6231,0.2952
26580,960,848,34.203,30.517,0.0181,-0.0966,9.8664,-0.1335,-0.1139,-0.7739
26585,945,848,34.077,30.448,0.0251,0.0101,9.6875,-0.5038,0.3252,-0.1453
26590,941,840,34.129,30.422,-0.0502,0.0229,9.8145,-0.4499,-0.8582,-0.9916
26595,927,845,34.122,30.404,0.0312,0.0258,9.8475,-0.2216,0.4819,1.1816
26600,930,846,34.151,30.485,-0.0143,-0.0745,9.8034,-0.7623,-0.0139,-0.3955
26605,905,836,34.045,30.449,-0.0189,0.0119,9.7667,0.9433,-0.1427,-0.3931
26610,899,840,34.073,30.541,0.0716,0.089,9.7875,0.2333,0.0656,-0.0965
26615,893,839,34.133,30.469,0.0565,0.0418,9.8141,0.4716,0.0666,-0.6096
26620,878,834,34.133,30.434,-0.0109,-0.0479,9.7273,0.0725,0.2587,0.1127
26625,869,835,34.171,30.484,0.0419,0.0382,9.8486,-0.3833,-0.095,-0.2964
26630,861,830,34.054,30.375,-0.0764,0.0107,9.8253,0.4723,0.2295,-0.4145
26635,840,839,34.099,30.486,-0.0869,-0.0248,9.9305,0.1384,0.6463,-0.1828
26640,842,828,34.132,30.486,-0.0073,-0.0529,9.8412,0.1318,0.0351,0.5958
26645,839,834,34.075,30.478,0.0244,0.0012,9.7644,0.6421,0.3986,0.0616
26650,821,834,34.116,30.422,0.0284,0.0018,9.7956,0.4935,-0.3201,0.3232
26655,810,835,34.022,30.428,0.0149,0.0827,9.7763,-0.9574,-0.5249,0.7641
26660,808,834,34.031,30.495,-0.0155,0.0349,9.839,0.5712,0.0659,0.5981
26665,794,823,34.061,30.432,0.0901,0.0453,9.7374,1.1142,0.0429,0.3786
26670,793,831,34.142,30.487,-0.0253,0.0392,9.7887,0.1463,0.7638,0.8612
26675,783,827,34.085,30.439,0.0663,-0.0457,9.7775,0.2286,-0.497,-0.0384
26680,786,827,34.116,30.403,-0.0158,-0.0488,9.7479,0.2184,0.0048,-0.0956
26685,769,822,34.121,30.44,0.0037,0.0049,9.7804,-0.1012,-0.8733,1.3838
26690,764,825,34.146,30.424,0.0216,0.0208,9.8326,-0.3624,-0.6109,-0.8697
26695,771,826,34.189,30.522,-0.0909,0.0547,9.7644,1.1589,-0.1447,0.0955
26700,757,818,34.178,30.498,0.0548,-0.0081,9.8795,0.0487,0.9448,-0.1359
26705,749,822,34.084,30.466,0.0091,0.0062,9.8527,-0.471,-0.1514,0.3908
26710,750,815,34.122,30.538,0.0268,0.0244,9.8536,-0.4847,0.5634,-0.2074
26715,753,817,34.145,30.423,-0.047,0.0154,9.8616,-0.8452,0.4799,-0.0401
26720,746,816,34.021,30.447,-0.0544,0.0468,9.8281,-0.1195,-0.1267,-0.1379
26725,738,812,34.183,30.513,0.1069,-0.0176,9.8241,-0.3356,0.3976,0.3077
26730,751,813,34.109,30.485,0.0062,0.0263,9.8396,0.7342,0.2573,0.4344
26735,749,808,34.116,30.394,-0.0263,0.038,9.7836,-0.2123,0.098,-0.0764
26740,757,803,34.088,30.455,0.0584,0.0276,9.8432,-0.0052,0.6594,0.5704
26745,760,809,34.103,30.347,-0.078,0.0477,9.8236,-0.1682,0.9783,0.0783
26750,766,804,34.187,30.54,0.0068,0.066,9.7253,0.0654,-0.5363,-0.7909
26755,765,806,34.226,30.457,0.0436,-0.1075,9.7838,1.2094,0.69,0.2131
26760,772,794,34.051,30.479,0.0187,0.02,9.7566,0.1463,-0.1841,0.5757
26765,785,797,34.143,30.422,0.06,0.0352,9.8615,-0.2339,0.4138,-0.0911
26770,786,795,34.157,30.505,0.0092,0.0494,9.9104,-0.4513,-0.5158,-0.2876
26775,796,788,34.06,30.507,-0.0679,-0.0104,9.7409,-1.1189,0.3799,0.0094
26780,801,789,34.056,30.418,0.0667,0.0489,9.7657,0.2246,0.1979,0.1708
26785,801,782,34.177,30.445,-0.0124,0.0213,9.8254,-0.2058,0.5638,1.2162
26790,830,775,34.16,30.444,-0.0142,0.0504,9.7209,-0.9542,-0.8326,0.7882
26795,832,775,34.087,30.441,0.0411,-0.0606,9.8219,-0.1108,0.1014,-1.099
26800,830,769,34.101,30.396,0.0677,0.0494,9.7738,-0.3361,0.6014,0.258
26805,855,771,34.22,30.504,0.0196,-0.0274,9.8154,0.5965,-0.4743,-0.2641
26810,867,765,34.078,30.455,0.0254,-0.0196,9.8096,0.0201,0.4685,-1.4249
26815,881,761,34.113,30.465,-0.0145,-0.0476,9.7693,0.0632,1.3208,-0.8809
26820,885,762,34.107,30.446,-0.1003,0.0345,9.8168,-0.9634,0.5331,0.0698
26825,904,757,34.193,30.53,0.0463,-0.026,9.7235,-0.1819,0.1174,0.2313
26830,919,751,34.066,30.475,0.0716,0.0182,9.8274,-0.5778,-0.6113,0.0042
26835,936,745,34.114,30.499,0.0024,-0.0333,9.8313,0.5556,-0.3804,0.167
26840,941,739,34.185,30.338,0.0574,-0.0563,9.8164,-0.5323,0.7171,0.9682
26845,960,742,34.215,30.519,-0.028,0.0177,9.7409,-0.0828,0.6508,-0.2453
26850,974,735,34.098,30.477,-0.0593,0.0234,9.8008,0.4952,-0.2056,-0.1121
26855,985,737,34.149,30.423,-0.0266,0.0419,9.8739,0.1843,0.2753,0.1737
26860,998,735,34.176,30.525,-0.0995,0.0068,9.7434,0.6194,-0.3096,0.9418
26865,1016,730,34.106,30.456,0.0243,0.0176,9.7511,-0.1266,0.9395,0.6121
26870,1026,726,34.22,30.401,-0.0316,-0.0268,9.8904,-0.2585,0.3339,-0.0143
26875,1047,720,34.128,30.459,0.0282,-0.0069,9.7994,0.7615,-0.033,0.9941
26880,1054,720,34.152,30.476,0.034,0.0263,9.8104,-0.1305,-1.0941,-0.4036
26885,1059,722,34.138,30.396,-0.0685,0.0038,9.8109,0.0873,0.6398,0.4801
26890,1074,715,34.084,30.418,-0.0444,0.0046,9.8253,0.3363,-0.4871,0.2495
26895,1088,716,34.176,30.447,0.0096,0.0561,9.8046,-0.1447,0.2079,-0.5673
26900,1101,720,34.138,30.406,0.0282,0.0332,9.8736,-0.3346,-0.2995,0.2016
26905,1107,714,34.12,30.387,0.0701,-0.0455,9.8112,-0.4089,0.0688,-0.4231
26910,1128,714,34.067,30.458,0.0199,-0.0092,9.8173,0.4668,0.2327,0.4407
26915,1130,718,34.288,30.514,0.0564,0.0666,9.8145,-0.2953,0.8625,-0.8185
26920,1141,710,34.113,30.515,0.0494,0.0257,9.8702,-0.188,0.7343,0.2129
26925,1139,711,34.048,30.526,0.0148,-0.0472,9.8461,0.3692,-0.6158,0.0744
26930,1152,709,34.105,30.305,0.0178,-0.0009,9.8002,-0.3936,-0.1922,0.1663
26935,1155,717,34.065,30.499,-0.0259,-0.0228,9.8615,-0.499,0.1772,0.5229
26940,1161,720,34.118,30.451,0.0208,-0.0149,9.7865,-0.1896,0.0986,-0.2207
26945,1169,714,34.12,30.389,-0.0629,0.1153,9.7652,0.5306,-0.0098,-0.2552
26950,1174,709,34.128,30.436,-0.0012,-0.0797,9.8069,-0.5042,0.3879,-0.9754
26955,1178,715,34.14,30.494,-0.0117,-0.0471,9.9274,-0.8721,0.5666,-0.308
26960,1179,727,34.188,30.523,-0.0889,-0.076,9.8726,-0.3579,-0.1166,0.6409
26965,1186,723,34.088,30.426,0.035,0.0583,9.8112,0.4433,0.0473,0.067
26970,1180,719,34.18,30.527,-0.0102,-0.0248,9.7002,-0.2531,-0.0089,-0.0907
26975,1191,729,34.09,30.357,0.0475,0.0265,9.8196,0.3292,-0.9844,0.1483
26980,1185,727,34.08,30.442,-0.0035,-0.0649,9.8307,-0.5815,-0.5417,-0.0189
26985,1179,733,34.154,30.457,0.0453,-0.0076,9.7224,0.1781,-0.1392,0.6813
26990,1187,737,34.135,30.513,-0.0247,0.0754,9.8361,-0.1581,-0.9109,-0.7258
26995,1193,741,34.039,30.525,0.0549,-0.0662,9.7942,0.0177,0.2755,0.1504
27000,1177,745,34.072,30.506,0.0827,0.0035,9.8559,-0.2534,0.5221,-0.7268
27005,1179,748,34.087,30.408,-0.0448,-0.0315,9.7577,0.3748,0.594,-0.0954
27010,1189,749,34.077,30.477,0.0482,-0.0207,9.8272,0.2565,-0.0861,-0.9122
27015,1183,757,34.064,30.488,0.0281,-0.0692,9.7483,-0.2248,0.3093,-0.3562
27020,1180,764,34.166,30.491,0.0554,-0.0786,9.8244,0.0135,-0.462,-1.1116
27025,1177,769,34.139,30.404,0.0686,0.062,9.8797,0.1282,-0.3337,0.6701
27030,1169,771,34.085,30.376,0.0812,0.0532,9.7948,-0.422,0.1565,-0.237
27035,1168,777,34.109,30.49,-0.0614,0.0205,9.8086,0.1749,-0.2619,-0.2896
27040,1162,778,34.05,30.3,0.031,-0.0548,9.8091,0.2358,-0.7222,0.3286
27045,1158,792,34.169,30.504,-0.0767,0.0202,9.8498,0.2405,0.5182,-0.2469
27050,1161,791,34.073,30.443,-0.021,0.0751,9.7868,-0.3235,0.1806,-0.225
27055,1146,793,34.136,30.399,-0.0077,0.1087,9.7866,-0.6764,-0.1626,-0.1881
27060,1149,799,33.956,30.53,-0.0215,0.0792,9.8065,-0.7376,0.5846,0.2879
27065,1154,805,34.18,30.442,0.0536,0.0031,9.8445,-0.6164,0.0274,-0.5165
27070,1138,810,34.162,30.391,0.0181,-0.0513,9.8442,0.0876,-0.196,-0.7091
27075,1144,812,34.109,30.513,0.0389,-0.0364,9.8371,0.53,-0.2148,-0.3368
27080,1134,814,34.185,30.415,0.0027,-0.0595,9.8171,0.28,0.312,0.3818
27085,1130,823,34.06,30.448,0.0495,0.0236,9.8195,-0.6399,-0.5824,1.2376
27090,1131,828,34.19,30.419,-0.0034,-0.0721,9.7888,0.1866,-0.3998,-0.1017
27095,1125,831,34.113,30.43,0.0221,-0.0804,9.8147,-0.6886,-0.6119,0.939
27100,1124,830,34.131,30.436,-0.0073,0.0071,9.8307,1.1799,-0.3697,-0.1296
27105,1112,837,34.118,30.471,0.0135,-0.0867,9.7862,0.9777,-0.4105,0.0248
27110,1105,843,34.086,30.423,0.0511,0.051,9.8395,-0.2821,-0.3529,-0.2261
27115,1115,843,34.108,30.408,0.0496,-0.0574,9.8788,-1.0173,0.819,0.3721
27120,1110,849,34.121,30.497,-0.0402,-0.0162,9.7837,0.3071,-0.0669,0.2284
27125,1110,849,34.122,30.461,0.0067,-0.0254,9.8436,-0.1304,0.311,1.0715
27130,1105,859,34.142,30.376,-0.0492,0.0083,9.8478,0.0864,0.773,0.5309
27135,1102,856,34.177,30.492,-0.0621,-0.0564,9.7619,0.8586,-0.1641,-0.6979
27140,1092,858,34.049,30.407,-0.001,0.0225,9.899,-0.1461,-0.1062,-0.0815
27145,1094,854,34.177,30.451,-0.0305,0.0228,9.8057,0.4982,0.2794,-0.1266
27150,1088,858,34.136,30.537,-0.0167,-0.0015,9.8482,0.2671,0.1836,-0.2767
27155,1093,862,34.063,30.32,-0.0565,-0.1168,9.8236,0.1719,0.5946,0.1227
27160,1090,856,34.042,30.423,0.0334,-0.0239,9.8874,0.3349,-0.029,-0.0315
27165,1084,869,34.118,30.407,-0.0065,-0.0317,9.7877,0.4878,-0.0228,-0.1478
27170,1084,864,34.129,30.484,0.0255,0.0022,9.8273,1.3086,0.6632,0.2559
27175,1084,862,34.098,30.49,-0.0931,-0.0484,9.782,0.3014,-0.5585,-0.3882
27180,1081,862,34.08,30.442,-0.0145,-0.0289,9.7732,0.6618,-0.2192,-0.2397
27185,1078,868,34.125,30.422,0.0188,0.0461,9.8335,-0.3287,-0.4938,0.9373
27190,1083,870,34.146,30.449,-0.0225,-0.0024,9.7558,-0.0281,-0.162,-0.4783
27195,1069,870,34.082,30.423,-0.0712,-0.0069,9.7919,0.7928,0.068,0.6595
27200,1070,868,34.191,30.419,-0.0528,0.023,9.7433,-0.3506,0.9196,0.3646
27205,1065,865,34.105,30.439,-0.0619,-0.0082,9.8727,-0.5272,0.6397,0.4475
27210,1061,859,34.139,30.424,-0.0124,0.0771,9.8062,-0.8719,0.2879,0.1799
27215,1057,871,34.137,30.493,0.0331,0.1459,9.7829,-0.0955,-0.9711,-0.226
27220,1054,861,34.102,30.454,-0.0522,0.0598,9.8642,-0.3911,-0.4816,-0.0855
27225,1042,860,34.124,30.47,-0.0308,0.0052,9.7649,0.1682,0.6311,0.1678
27230,1041,863,34.101,30.351,-0.0106,0.0042,9.8461,-0.2939,-0.4414,0.9503
27235,1032,862,34.108,30.459,0.0057,0.0364,9.8245,-0.2699,-0.9597,-1.3741
27240,1030,861,34.087,30.505,0.0993,-0.1046,9.7556,0.6698,-0.5385,0.3038
27245,1029,854,34.146,30.472,0.0136,-0.0327,9.8458,-1.1663,0.4415,0.1824
27250,1014,858,34.08,30.497,0.0077,0.0413,9.7996,-0.5948,0.203,0.1829
27255,1003,858,34.111,30.457,-0.0464,-0.051,9.7816,-0.0007,-0.1106,-0.1923
27260,1008,853,34.127,30.48,0.0054,-0.038,9.8639,-0.1801,-0.4383,-0.1304
27265,1003,847,34.147,30.378,-0.0523,0.01,9.8782,0.7337,0.4053,0.2961
27270,985,854,34.063,30.454,-0.0209,0.0155,9.7624,-0.6173,-0.2161,-0.1772
27275,985,850,34.159,30.327,-0.0078,0.0388,9.8021,0.5002,0.0059,-0.5479
27280,983,850,34.104,30.535,0.0186,0.0721,9.7292,-0.3976,0.1119,0.0331
27285,974,847,34.056,30.569,-0.0241,0.0077,9.7952,0.0468,0.0306,-0.1923
27290,957,847,34.098,30.552,-0.0225,0.0041,9.7815,0.5001,0.2452,0.0297
27295,945,839,34.103,30.489,0.0537,-0.0579,9.7766,0.1299,-1.4428,-0.4894
27300,944,839,34.066,30.421,0.0214,-0.0046,9.8166,-0.089,0.2751,-0.9366
27305,930,841,34.127,30.508,-0.0194,-0.0173,9.7505,0.4198,-0.4922,-0.1741
27310,914,833,34.152,30.461,-0.0122,0.0179,9.8887,-0.4965,-0.4544,0.3193
27315,907,836,34.148,30.404,0.0956,0.0277,9.7865,0.5662,0.8341,0.0685
27320,899,839,34.042,30.427,-0.0098,-0.0484,9.7871,0.1529,0.1546,-1.0373
27325,885,837,34.074,30.38,0.0443,0.0059,9.8176,0.2378,-0.3243,-0.2617
27330,872,840,34.125,30.488,-0.0005,-0.028,9.8278,-0.1319,-0.0021,0.3365
27335,874,839,34.16,30.415,-0.0178,0.0197,9.7891,-0.4046,-0.0396,-0.3768
27340,851,837,34.09,30.509,0.0159,0.0576,9.7633,-1.0392,-0.3421,-0.6706
27345,852,835,34.103,30.442,0.0705,-0.0152,9.8413,-0.6045,-0.4264,0.861
27350,838,841,34.09,30.43,-0.0572,-0.0587,9.8273,-0.4793,0.4153,-0.2841
27355,825,832,34.12,30.439,-0.0479,0.0119,9.8251,-0.1667,-0.0593,0.2387
27360,815,830,34.17,30.428,-0.0411,0.0347,9.8723,0.2068,-0.0881,-1.0524
27365,803,829,34.061,30.483,0.0456,0.0376,9.6828,0.1058,-0.0808,-0.2751
27370,807,830,34.104,30.468,-0.0186,0.0974,9.8672,-0.2248,-0.1024,0.6245
27375,792,829,34.189,30.349,-0.014,-0.0261,9.8153,-0.2162,-0.1955,0.2162
27380,793,829,34.114,30.358,0.0305,0.0301,9.7562,-0.0274,-0.6806,-0.4831
27385,778,827,34.034,30.463,-0.0745,-0.0063,9.7633,-0.3636,0.4261,0.3328
27390,769,826,34.088,30.423,-0.0432,0.07,9.8384,-0.6122,0.3263,0.0664
27395,763,824,34.168,30.496,0.0574,0.0728,9.7405,0.1998,0.2662,-0.1606
27400,767,822,34.206,30.426,0.0796,0.0294,9.7692,0.4912,0.6515,-0.9036
27405,756,819,34.102,30.483,0.0425,-0.0164,9.8545,-0.7626,-0.8548,0.0804
27410,740,827,34.203,30.339,-0.0877,-0.0036,9.8025,-0.1039,-1.0588,0.231
27415,751,821,34.169,30.501,-0.0462,-0.0563,9.7733,1.3051,0.0931,0.2039
27420,740,817,34.066,30.447,0.0516,0.0687,9.6797,-1.6628,0.1018,-0.3573
27425,746,813,33.961,30.467,0.0248,-0.0064,9.8287,0.1425,-0.3796,0.3729
27430,744,813,34.166,30.364,0.0046,0.055,9.8969,0.373,0.353,0.4724
27435,759,806,34.09,30.464,-0.0309,-0.0764,9.9153,-0.0827,0.738,-0.6092
27440,753,809,34.179,30.438,0.0292,-0.0182,9.8751,0.4266,0.5343,0.4936
27445,752,807,34.08,30.499,0.0351,-0.0121,9.7461,0.1887,-0.0073,0.2216
27450,755,806,34.182,30.471,0.0849,0.0221,9.9001,0.8919,0.0083,-0.4721
27455,761,802,34.102,30.424,-0.0601,0.0185,9.7781,0.188,1.0189,-0.0173
27460,758,794,34.174,30.441,0.0054,-0.027,9.8319,0.2117,0.0581,1.1244
27465,770,796,34.07,30.452,-0.0793,-0.0354,9.8129,0.1268,-0.325,0.0667
27470,768,790,34.08,30.467,-0.0069,0.0123,9.7606,-0.2773,-0.0496,0.485
27475,778,791,34.187,30.548,-0.0472,-0.106,9.6948,0.9352,0.119,-0.1014
27480,789,792,34.103,30.402,0.0792,-0.0435,9.8078,0.4812,-0.418,0.4113
27485,798,790,34.233,30.421,-0.0092,0.0336,9.8331,1.7488,0.4534,0.1331
27490,802,780,34.139,30.449,-0.0612,0.001,9.8003,-0.0498,0.8663,-0.0962
27495,819,779,34.079,30.502,0.0249,0.0901,9.7956,0.2197,0.3549,0.0442
27500,835,784,34.12,30.404,0.0551,-0.0661,9.7308,-0.1242,-0.6697,-0.1315
27505,847,773,34.016,30.448,0.0225,0.0545,9.7988,-0.479,-0.0712,0.3059
27510,856,770,34.168,30.51,-0.0318,0.029,9.8306,0.0722,0.2,-0.2178
27515,859,764,34.072,30.351,0.0009,-0.0667,9.8906,-0.4029,-0.9496,0.0797
27520,869,759,34.076,30.467,-0.0605,0.0641,9.8684,0.47,0.608,-0.3432
27525,893,764,34.08,30.415,0.0524,-0.0004,9.8264,-0.5835,0.8058,-0.3489
27530,897,752,34.107,30.479,-0.099,0.0369,9.9025,0.4252,0.1798,0.5544
27535,915,756,34.158,30.486,-0.05,-0.0681,9.86,0.6344,-0.5444,-0.0681
27540,925,745,34.217,30.493,-0.004,0.0212,9.778,-0.592,0.8691,-0.0701
27545,942,742,34.119,30.353,-0.002,0.0215,9.806,0.6109,0.6804,0.0621
27550,964,738,34.174,30.486,-0.0143,-0.0605,9.7732,-0.1751,1.1626,0.1177
27555,962,741,34.109,30.449,-0.0808,0.0008,9.7469,-0.3284,0.1593,0.6688
27560,980,733,34.174,30.444,-0.0027,-0.0181,9.8481,-0.3122,-0.4777,0.6618
27565,990,735,34.14,30.442,0.0048,0.0382,9.8073,-0.2238,-0.6897,-0.2562
27570,1014,726,34.064,30.412,-0.0535,-0.0239,9.7445,-0.8548,0.8024,-0.0208
27575,1018,725,34.077,30.377,-0.0083,-0.0162,9.8189,-0.278,-0.5511,0.8152
27580,1037,721,34.114,30.502,-0.0654,0.0112,9.7598,-0.9127,-0.6779,0.3571
27585,1043,717,34.128,30.4,0.0498,-0.024,9.8083,0.5652,0.6529,-0.6783
27590,1072,723,34.133,30.404,-0.0702,0.0239,9.8448,-0.1221,-0.815,0.4835
27595,1071,716,33.997,30.45,-0.0629,-0.0064,9.8042,0.5907,-0.0676,-0.1862
27600,1093,717,34.176,30.429,0.0142,-0.0297,9.8021,0.4015,-0.2308,0.4727
27605,1094,714,34.141,30.397,0.0348,0.0017,9.8087,0.0691,-0.6345,0.1268
27610,1115,714,34.169,30.465,0.0422,0.0335,9.7312,-0.3899,0.2074,0.5363
27615,1110,710,34.108,30.418,0.0732,-0.0069,9.9063,0.3564,-0.3616,-0.0263
27620,1123,713,34.03,30.441,-0.0235,0.0098,9.8238,0.2135,-0.6301,-0.2365
27625,1131,714,34.082,30.455,0.0581,-0.036,9.8528,0.419,-0.7622,-0.2415
27630,1137,706,34.109,30.404,-0.0388,-0.0284,9.8759,0.4251,-1.0348,-0.2759
27635,1147,715,34.089,30.42,-0.0121,0.0355,9.7475,-0.0101,-0.0746,-0.0082
27640,1157,718,34.093,30.488,0.0395,-0.0463,9.81,0.3845,-0.0514,-0.4798
27645,1169,712,34.145,30.495,0.0312,0.1126,9.913,0.3927,0.3294,0.0481
27650,1177,714,34.197,30.406,0.0338,-0.0315,9.7149,-0.0936,0.0678,0.5525
27655,1173,716,34.122,30.489,-0.0625,0.0179,9.733,0.2998,-0.6147,-0.0043
27660,1172,717,34.05,30.33,0.0542,0.0663,9.8518,-0.028,0.4525,1.2385
27665,1176,717,34.079,30.458,0.0212,-0.0448,9.7659,0.9479,-0.3968,0.3224
27670,1187,724,34.077,30.46,-0.017,0.0087,9.8196,-0.1304,0.4689,0.1482
27675,1185,725,34.126,30.419,-0.0291,-0.0098,9.7865,-0.1284,0.2195,-0.395
27680,1181,729,34.027,30.441,0.0539,-0.0445,9.8658,0.276,-0.2637,0.8571
27685,1181,726,34.121,30.438,0.019,0.0096,9.8379,-0.0875,0.6249,0.2063
27690,1185,736,34.008,30.48,0.0301,0.0545,9.7287,-1.0529,-0.043,0.5227
27695,1185,731,34.075,30.522,0.038,0.0557,9.8507,0.1653,0.0805,0.611
27700,1180,739,34.186,30.472,0.0463,0.0134,9.7963,0.3181,-1.2028,0.1033
27705,1180,747,34.129,30.469,0.0482,0.0386,9.9063,0.6533,0.3649,-0.1993
27710,1182,748,34.164,30.53,-0.0255,0.0007,9.7965,-0.2214,-0.0231,0.7821
27715,1180,752,34.162,30.413,-0.0961,-0.0263,9.8108,-0.5573,0.0709,-0.4281
27720,1179,759,34.202,30.375,0.0074,-0.0353,9.7936,-0.5061,-0.4923,0.4086
27725,1185,764,34.044,30.503,0.0323,-0.0444,9.8277,0.3982,-0.6565,0.231
27730,1180,761,34.101,30.413,-0.0243,0.0063,9.8404,-0.4226,-0.3247,-0.1595
27735,1176,767,34.126,30.39,0.0272,-0.0423,9.8593,-0.2809,0.0625,-0.1551
27740,1173,774,34.125,30.484,-0.0006,0.0025,9.801,0.6388,0.3098,0.5115
27745,1159,775,34.013,30.434,0.029,-0.0367,9.8791,0.0337,-0.6036,-0.4426
27750,1158,783,34.103,30.406,0.009,0.0647,9.8161,-0.7037,0.2431,0.1409
27755,1157,787,34.07,30.444,0.0025,0.0172,9.7542,1.251,1.1909,-0.3166
27760,1150,787,34.149,30.346,0.0276,-0.0587,9.7291,-0.1509,-0.2433,-0.5574
27765,1150,803,34.132,30.434,0.0026,0.1039,9.8086,0.2728,0.3761,-0.9112
27770,1141,806,34.201,30.45,-0.0229,-0.0147,9.7997,-0.472,0.2884,0.1997
27775,1149,806,34.137,30.485,-0.0759,-0.0956,9.7621,-0.1876,0.2672,0.1057
27780,1138,805,34.087,30.413,-0.0436,0.0492,9.8283,0.9333,-0.054,0.3499
27785,1134,812,34.084,30.488,-0.0447,-0.0082,9.8989,0.2582,0.0806,-0.0191
27790,1133,827,34.081,30.409,0.0613,0.0591,9.8225,-0.2937,-0.057,0.3489
27795,1129,827,34.156,30.406,-0.0595,-0.0001,9.8017,-0.0106,-0.0042,-0.2368
27800,1128,830,34.022,30.43,-0.0367,-0.0891,9.8467,-0.6054,-0.5587,-0.0355
27805,1125,836,34.1,30.387,0.0071,-0.0227,9.7474,-0.1856,-1.2362,-0.7928
27810,1115,834,34.105,30.449,-0.0006,-0.0779,9.7228,-0.952,0.1542,0.6195
27815,1112,836,34.147,30.439,-0.0414,0.0619,9.8884,-0.6541,-0.6719,-0.1994
27820,1111,844,34.126,30.408,0.0395,-0.0351,9.7855,-0.2668,-0.4046,-0.1124
27825,1113,850,34.045,30.434,-0.0784,0.0218,9.7884,-0.0737,-0.0319,0.3933
27830,1116,848,34.182,30.419,0.0043,-0.0501,9.7796,0.3234,0.4747,-0.061
27835,1109,854,34.122,30.379,-0.0529,0.041,9.7989,0.2383,0.3106,0.2925
27840,1100,855,34.148,30.493,0.0085,-0.0187,9.7906,0.1114,-0.9659,0.3774
27845,1095,852,34.213,30.441,0.0018,0.033,9.7366,-0.4298,-0.1716,-0.9885
27850,1096,859,34.146,30.398,-0.0381,0.0479,9.8295,-1.3437,0.3678,-0.0508
27855,1100,861,34.124,30.415,0.0675,0.0215,9.8741,-0.8811,-0.0377,-0.0909
27860,1089,864,34.159,30.386,-0.02,-0.0174,9.7743,-0.1857,-0.125,0.7807
27865,1091,861,34.112,30.509,-0.021,-0.095,9.7805,-0.4649,-0.1253,-0.6167
27870,1087,861,34.114,30.428,0.0106,0.0632,9.8238,0.0083,0.3591,-0.0848
27875,1085,869,34.055,30.447,-0.0221,-0.0234,9.825,-0.7981,0.4793,-0.7341
27880,1086,866,34.133,30.476,0.0628,-0.0133,9.8344,-0.6441,0.6252,-0.3576
27885,1079,863,34.02,30.474,-0.0517,-0.0259,9.7825,0.0951,0.0677,-0.0933
27890,1084,863,34.112,30.499,0.024,0.0677,9.8631,0.5704,-0.4886,0.2359
27895,1076,867,34.083,30.419,0.0575,-0.0333,9.8236,-0.3617,-0.2997,-0.0444
27900,1078,864,34.198,30.414,-0.0647,-0.0559,9.7949,0.3974,1.1033,-0.0672
27905,1069,861,34.119,30.408,-0.09,-0.0057,9.7505,0.3077,-0.1336,0.1678
27910,1069,867,34.122,30.414,-0.0532,-0.1791,9.8108,-0.877,-0.0033,-0.8722
27915,1054,863,34.036,30.455,0.015,0.0568,9.8748,-0.1489,-1.2321,-0.3347
27920,1062,861,34.132,30.447,0.1022,-0.0486,9.8582,0.4987,0.965,-0.5721
27925,1064,866,34.121,30.47,-0.0084,-0.0022,9.7303,-0.2753,0.0131,0.315
27930,1046,858,34.167,30.363,0.0532,0.0421,9.8407,-0.506,0.7267,-1.0355
27935,1039,863,34.058,30.349,0.0382,-0.0261,9.8825,-0.4384,1.1539,-0.1717
27940,1037,860,34.054,30.53,-0.0642,0.027,9.7182,-0.5221,0.3212,-1.4957
27945,1027,856,34.168,30.532,-0.0735,0.0936,9.7606,0.161,-0.2189,0.4003
27950,1025,859,34.129,30.476,-0.0178,0.0617,9.813,0.4115,-0.3506,-0.0212
27955,1017,860,34.119,30.3,0.0569,-0.0459,9.7847,0.2827,-0.1882,-0.7821
27960,1014,853,34.158,30.474,-0.0601,0.0418,9.7981,0.1348,0.3149,-0.0247
27965,1004,853,34.142,30.39,0.0648,-0.0462,9.7444,0.3152,0.6799,-0.1175
27970,1001,849,34.091,30.383,0.0789,-0.0621,9.8577,0.5132,-0.6875,0.9581
27975,992,850,34.09,30.386,0.0406,0.0429,9.8725,0.1894,0.1078,0.4405
27980,985,849,34.116,30.506,-0.0668,0.0947,9.7823,1.0174,0.3652,0.1506
27985,979,847,34.104,30.348,-0.0338,-0.0101,9.8601,-0.7358,-0.1234,0.5632
27990,968,850,34.162,30.409,0.0073,-0.1095,9.8349,1.4457,-0.1514,-0.0361
27995,952,843,34.052,30.464,0.0398,-0.0074,9.8206,-0.2744,0.0006,1.2265
28000,950,845,34.145,30.501,-0.0118,-0.0627,9.83,-0.062,0.5542,0.6088
28005,941,844,34.108,30.454,-0.1134,-0.0041,9.908,0.1312,-0.4773,-0.5313
28010,928,848,34.17,30.418,0.0415,-0.0278,9.8249,0.8966,0.0026,0.5114
28015,916,845,34.142,30.456,0.0804,0.0239,9.8036,0.6629,-0.0674,0.0697
28020,912,839,34.152,30.428,-0.0485,-0.0277,9.804,-0.5653,0.5122,-0.2482
28025,895,839,34.11,30.469,-0.0561,-0.0296,9.6638,0.4393,0.0464,-0.5312
28030,895,840,34.069,30.408,0.0205,-0.0546,9.8561,0.2746,0.4681,0.0291
28035,868,833,34.125,30.469,0.0173,-0.0246,9.8204,1.241,0.2513,-0.0652
28040,867,835,34.131,30.424,-0.0516,0.0539,9.7454,0.9258,0.2111,-0.4457
28045,857,833,34.105,30.477,0.06,0.0813,9.7428,0.3403,-1.0757,0.7264
28050,848,827,34.104,30.463,0.0043,0.0698,9.8769,-0.0935,-0.557,0.1848
28055,842,837,34.097,30.431,-0.0463,-0.1124,9.8212,0.1206,0.2751,-0.6399
28060,825,826,34.147,30.398,-0.0334,-0.0325,9.7915,-0.1897,0.6797,-0.2991
28065,822,830,34.137,30.487,-0.095,-0.0026,9.855,0.0767,0.0564,-0.1286
28070,805,837,34.165,30.488,0.0561,0.0484,9.7895,-0.0038,-0.5128,0.0207
28075,799,829,34.114,30.377,-0.0069,0.0083,9.7906,-0.371,-0.4073,0.185
28080,801,829,34.109,30.402,0.0745,-0.0163,9.731,0.0677,-0.934,-0.2852
28085,794,828,34.195,30.447,-0.0005,0.0135,9.7776,0.9895,-0.0823,-0.2979
28090,776,827,34.066,30.473,0.0326,-0.04,9.8223,-0.278,0.1241,0.347
28095,775,826,34.118,30.418,0.0353,0.0615,9.7686,-0.3308,-0.4163,0.6137
28100,770,827,34.112,30.53,0.0171,-0.083,9.8196,0.0766,-0.4644,-0.2127
28105,761,825,34.074,30.453,-0.023,0.0114,9.7827,0.7779,-0.4303,-0.2288
28110,770,819,34.172,30.462,0.0246,0.0724,9.8571,0.2613,-0.3392,-0.5017
28115,763,824,34.188,30.415,0.0494,-0.005,9.7697,-0.1684,-0.5104,0.3321
28120,743,825,34.154,30.452,-0.06,-0.012,9.7504,0.4788,0.0183,0.1077
28125,747,818,34.172,30.409,-0.0491,-0.0102,9.7864,0.0055,0.1528,0.7475
28130,742,814,34.196,30.475,0.0264,-0.004,9.8026,-1.1539,-0.2706,0.0995
28135,742,815,34.038,30.45,0.0103,-0.0042,9.8276,-0.4269,0.5351,0.2242
28140,739,815,34.201,30.504,0.0304,-0.0297,9.7583,-0.8147,0.2223,-0.4741
28145,755,815,34.114,30.43,-0.0223,0.0191,9.8351,0.3183,-0.0321,-0.0113
28150,746,811,34.09,30.468,-0.0542,0.0692,9.8892,-0.0867,0.4664,-0.046
28155,749,806,34.187,30.415,-0.002,-0.0277,9.8314,-0.6337,0.0475,0.3744
28160,757,805,33.966,30.432,-0.0026,-0.0391,9.7277,0.0307,-0.1622,-0.5884
28165,760,802,34.126,30.524,-0.0127,0.0564,9.8332,-0.5604,-0.4549,0.7026
28170,766,800,34.142,30.451,-0.0124,0.0778,9.8745,-0.958,0.9472,0.175
28175,770,797,34.149,30.428,0.0306,0.0276,9.7042,0.8509,0.5214,0.4729
28180,776,793,34.122,30.413,-0.0584,0.0207,9.8142,-0.4013,-0.1778,0.5585
28185,791,791,34.079,30.349,-0.0213,0.0051,9.7893,-0.3058,0.07,0.0008
28190,798,788,34.147,30.399,-0.0575,-0.0438,9.7883,-0.1144,0.7578,0.662
28195,812,783,34.152,30.391,0.0958,-0.0107,9.8415,0.5993,-0.5899,-0.262
28200,816,783,34.163,30.486,0.0389,-0.0412,9.775,0.2028,0.0776,0.731
28205,827,781,34.067,30.413,-0.0503,0.0211,9.8686,-0.3974,0.0569,0.5049
28210,841,773,34.149,30.431,0.1376,-0.0449,9.8158,-1.1223,-0.5086,0.0593
28215,831,773,34.1,30.386,0.0261,0.0033,9.8358,0.8163,0.5176,-1.0327
28220,855,770,34.055,30.486,0.0769,0.0817,9.7826,-0.7673,-0.7458,-0.3876
28225,871,762,34.135,30.364,0.0289,0.0689,9.7698,-1.1899,0.0876,-0.6365
28230,884,760,34.137,30.487,0.0528,-0.002,9.7868,-0.0625,-0.7419,-0.4176
28235,893,757,34.09,30.381,-0.0098,0.1306,9.8357,0.1453,0.1506,0.0877
28240,917,754,34.023,30.439,0.0568,-0.0242,9.8139,-0.3981,-0.1106,-0.2287
28245,922,752,34.124,30.481,0.0266,-0.0176,9.7726,-0.2324,-0.0012,-0.4033
28250,937,753,34.175,30.403,0.0202,0.023,9.8126,-0.0842,0.3447,0.4326
28255,951,742,34.105,30.368,0.0089,0.0451,9.7767,-0.6014,0.0897,0.0891
28260,965,741,34.072,30.483,-0.0056,0.0105,9.9219,0.3148,0.0375,0.1059
28265,981,732,34.138,30.429,-0.1181,-0.1224,9.78,-0.0831,-0.085,-0.3071
28270,984,737,34.066,30.427,0.1027,0.0314,9.7833,1.238,-0.0124,-0.8357
28275,1006,735,34.011,30.375,-0.0528,0.015,9.7308,0.382,-0.0506,-0.0577
28280,1009,732,34.123,30.404,-0.0102,0.0134,9.841,0.7284,-0.6175,-0.4225
28285,1030,726,34.061,30.445,-0.0423,-0.0372,9.9145,-0.7412,-0.5848,0.4538
28290,1042,726,34.184,30.46,0.0105,0.1019,9.7758,-0.4636,-0.6632,-0.31
28295,1064,725,34.137,30.423,0.0162,-0.0728,9.8345,-0.4647,-0.9191,-0.4676
28300,1072,716,34.02,30.408,0.0252,0.0234,9.8104,-0.4184,0.218,-0.6765
28305,1077,719,34.143,30.432,-0.0097,-0.0679,9.8579,-0.0927,0.0005,0.6087
28310,1099,716,34.129,30.386,-0.0394,0.0209,9.8004,0.1929,0.1199,-0.861
28315,1098,712,34.067,30.367,-0.017,0.0259,9.8031,-0.1991,-0.0319,0.0875
28320,1106,717,34.096,30.409,-0.0087,-0.0108,9.7258,-0.2795,0.3616,0.1731
28325,1121,714,34.13,30.464,-0.0222,-0.0644,9.7797,0.8035,0.1269,0.2068
28330,1119,710,34.059,30.421,0.0041,0.0376,9.7785,-0.6315,-0.7647,-0.1234
28335,1147,713,34.205,30.383,0.0381,-0.0002,9.7933,-0.8342,0.4128,-0.0503
28340,1144,712,34.078,30.318,-0.0209,-0.0748,9.8501,-0.0531,-0.2409,-0.6811
28345,1154,711,34.137,30.419,-0.0011,0.0519,9.8079,-0.4009,0.1243,-0.0518
28350,1160,714,34.193,30.475,0.0332,0.0165,9.7625,-0.4964,0.0344,0.558
28355,1165,712,34.177,30.478,-0.0458,0.0521,9.7437,0.8254,-0.3374,0.1479
28360,1173,719,34.088,30.501,-0.0927,-0.0534,9.7495,-0.6204,0.9656,-0.18
28365,1175,719,34.129,30.46,0.0469,0.0084,9.7816,0.5291,-0.2582,-0.248
28370,1176,722,34.043,30.43,0.0081,0.0361,9.8129,-0.7475,-0.2884,-0.0399
28375,1187,717,34.158,30.471,-0.0028,0.0185,9.7687,0.9986,0.1328,-0.3866
28380,1181,723,34.078,30.398,0.0201,0.0166,9.7374,0.6513,1.6425,-0.126
28385,1185,725,34.123,30.371,0.0691,0.0492,9.7115,0.3912,0.3133,0.3166
28390,1186,732,34.091,30.46,-0.0304,-0.0019,9.8066,0.5179,1.4648,0.2676
28395,1185,730,34.16,30.445,-0.0037,0.0589,9.7235,-0.2876,-0.1199,0.6527
28400,1187,732,34.094,30.42,0.0343,-0.0061,9.7691,-0.5211,-0.45,-0.5729
28405,1188,736,34.083,30.411,0.0231,-0.0002,9.8248,0.2107,-0.9253,0.0674
28410,1186,741,34.145,30.416,-0.0623,-0.0108,9.7978,-0.1763,0.3086,-0.4259
28415,1190,745,34.199,30.419,0.0192,0.0973,9.8121,0.2384,-0.0123,-0.0599
28420,1182,750,34.079,30.391,0.0544,-0.046,9.8632,0.0645,1.1685,0.5337
28425,1183,755,34.174,30.411,-0.0218,0.0171,9.7803,-0.6435,1.3469,1.0807
28430,1176,763,34.098,30.374,-0.0042,-0.0421,9.7831,-0.1352,-0.525,-0.2053
28435,1179,764,34.077,30.461,-0.0788,-0.0659,9.7941,-0.3143,0.5844,0.6488
28440,1171,770,34.169,30.464,0.064,-0.0228,9.8107,0.8315,-0.8544,-0.3872
28445,1183,772,34.059,30.401,-0.0197,-0.0458,9.7837,0.29,-0.8563,0.5812
28450,1169,777,34.072,30.444,0.0267,-0.0271,9.781,-0.1397,0.0157,-0.4975
28455,1171,786,34.078,30.406,-0.0084,0.0596,9.7989,0.0661,-0.9274,0.2397
28460,1163,787,34.07,30.382,0.0478,0.0068,9.7777,0.302,0.113,-0.1886
28465,1160,791,34.146,30.497,-0.0192,-0.0774,9.7695,-0.1732,-0.1754,-0.9489
28470,1151,793,34.11,30.382,-0.0691,0.0149,9.7623,-0.2801,0.081,0.3819
28475,1152,799,34.126,30.31,-0.0739,0.1343,9.8161,-0.289,0.7392,-0.7367
28480,1148,802,34.097,30.445,0.0144,-0.0694,9.9153,-0.6148,0.0264,-0.0119
28485,1137,810,34.124,30.369,0.0223,-0.0215,9.8498,-0.3207,-0.4959,0.2965
28490,1136,816,34.122,30.409,0.0083,0.0141,9.8346,0.4025,-0.7122,0.1658
28495,1137,824,34.131,30.554,-0.0023,0.0611,9.7515,-0.4231,1.0518,-0.5011
28500,1135,825,34.184,30.371,0.0133,0.0133,9.8431,-0.5275,-0.2809,-0.0967
28505,1125,825,34.067,30.498,-0.0606,-0.0438,9.7535,-0.0962,-0.6173,-0.6914
28510,1122,829,34.121,30.398,-0.011,-0.0205,9.7399,0.2588,-0.4654,-0.0775
28515,1118,833,34.005,30.442,-0.0594,0.0672,9.8641,0.0847,-0.8543,0.1313
28520,1122,841,34.056,30.431,0.0387,0.0311,9.807,-0.4807,-0.4012,0.3976
28525,1107,841,34.164,30.476,-0.0026,0.0161,9.7497,0.4567,0.4655,-0.575
28530,1112,844,34.161,30.428,0.0274,-0.0495,9.773,-0.3976,1.206,0.0995
28535,1105,851,34.156,30.482,-0.0136,0.0955,9.87,1.1524,0.3765,-0.0393
28540,1100,846,34.065,30.377,0.0317,-0.0339,9.8454,-0.6201,-0.627,1.0244
28545,1094,849,34.118,30.404,-0.0094,-0.0458,9.7743,-0.2105,-0.7455,-0.0634
28550,1104,857,34.092,30.437,-0.0275,0.093,9.7299,0.0313,0.442,-0.5594
28555,1097,857,34.103,30.288,-0.0199,0.0216,9.9224,-0.5306,-1.2273,-0.5464
28560,1107,857,34.157,30.404,-0.0428,0.0575,9.8473,-0.0176,-0.0074,-0.6568
28565,1102,853,34.122,30.484,-0.0974,-0.043,9.8447,-0.4143,0.7565,0.4122
28570,1087,859,34.12,30.451,-0.0015,-0.029,9.7392,0.8177,-0.4651,-0.473
28575,1096,869,34.124,30.402,0.0484,0.0317,9.7447,-0.2712,-0.404,-0.2133
28580,1085,863,34.119,30.422,0.038,-0.0088,9.7778,-0.5704,-1.2735,-0.1641
28585,1089,860,34.101,30.345,-0.0318,0.0004,9.911,-0.0177,0.1981,-1.1848
28590,1083,864,34.106,30.508,-0.0105,0.006,9.8132,-0.1132,0.1118,0.18
28595,1082,869,34.045,30.429,0.0306,0.0356,9.713,-0.3845,-0.9489,-0.0825
28600,1074,866,34.115,30.402,-0.0764,0.0206,9.8714,0.018,0.0135,-0.1985
28605,1073,868,34.208,30.403,-0.0204,0.0661,9.8172,0.3224,0.2412,0.0457
28610,1063,864,34.145,30.433,-0.0373,-0.0534,9.7493,-0.3805,-0.4292,-0.2441
28615,1066,862,34.058,30.36,-0.1039,0.0456,9.8238,0.0026,0.5466,0.0003
28620,1070,864,34.155,30.452,0.0416,-0.0692,9.877,0.3966,0.6702,-0.4239
28625,1062,866,34.129,30.441,-0.0254,0.05,9.8055,0.3069,0.1522,0.0686
28630,1052,863,34.043,30.491,0.0134,0.0695,9.7306,-0.3697,0.7583,0.2782
28635,1049,864,34.194,30.505,0.0475,0.016,9.7362,-0.2566,-0.4044,0.2371
28640,1045,861,34.109,30.388,0.0657,-0.0463,9.8963,-0.0386,-0.2721,0.6814
28645,1036,858,34.117,30.44,-0.0354,0.0674,9.853,-0.0932,0.3105,0.1128
28650,1031,864,34.163,30.401,-0.0511,0.0068,9.8587,0.8313,0.0572,-0.636
28655,1021,858,34.046,30.438,-0.003,-0.0643,9.7624,-0.3232,-0.4676,0.2447
28660,1022,861,34.249,30.365,0.0194,0.0502,9.8491,-0.0092,0.0708,0.4647
28665,1012,852,34.076,30.394,0.0397,-0.0527,9.8304,0.5937,0.024,-0.7031
28670,1007,852,34.18,30.434,0.001,-0.0065,9.7173,-0.3791,-0.1423,-0.379
28675,999,851,34.192,30.47,-0.093,0.0094,9.7905,0.2957,-0.5071,0.2904
28680,1002,849,34.115,30.447,-0.013,0.0214,9.8305,-0.0175,0.3604,-0.5943
28685,995,850,34.158,30.413,-0.0262,0.0583,9.7902,0.6241,0.101,0.3139
28690,981,846,34.114,30.515,0.0027,0.0409,9.7781,-0.2775,-0.4894,-0.3549
28695,963,847,34.074,30.485,0.0038,0.1025,9.8271,-0.2645,-0.0048,-0.3893
28700,961,847,34.111,30.412,0.0457,0.0455,9.7932,-0.4269,-0.3259,0.0259
28705,958,844,34.044,30.426,-0.0629,-0.0005,9.8048,0.8806,0.5593,0.3184
28710,948,846,34.121,30.48,-0.0015,0.0978,9.8575,0.3679,-0.4642,-0.368
28715,928,841,34.168,30.467,-0.0151,-0.0092,9.7669,0.3443,0.0757,0.1382
28720,927,845,34.01,30.462,-0.0147,0.0374,9.7295,-0.1086,-0.26,-0.4928
28725,918,842,34.153,30.511,-0.0326,0.0131,9.8288,-0.4741,0.4177,0.6198
28730,909,838,34.184,30.361,0.0578,0.0514,9.7478,0.0392,-0.4577,0.0011
28735,889,841,34.089,30.422,0.1159,-0.0281,9.8482,-0.2804,-0.6768,-0.3077
28740,874,839,34.072,30.401,-0.0092,0.0376,9.8024,0.4835,0.9594,-0.359
28745,879,839,34.108,30.464,-0.0656,-0.0135,9.7536,-0.8046,-0.5372,0.0314
28750,868,835,34.107,30.45,-0.0436,0.0575,9.9421,-0.618,-0.3773,0.2149
28755,857,833,34.146,30.41,0.0002,0.0288,9.7868,0.7444,-0.1703,0.1169
28760,850,836,34.043,30.496,-0.0138,0.0298,9.7977,0.1588,-0.8376,-0.2474
28765,832,834,34.117,30.46,-0.027,-0.0426,9.7586,0.871,0.7193,0.6258
28770,825,832,34.148,30.345,-0.0157,0.0544,9.7708,-0.1142,0.4211,0.207
28775,818,832,34.139,30.438,0.0771,0.0082,9.807,-0.6037,-0.6181,-0.8991
28780,818,826,34.117,30.458,-0.0599,-0.0337,9.7731,-0.284,0.4478,0.2122
28785,799,830,34.192,30.496,0.0422,0.0624,9.8226,-0.5025,0.3429,-0.45
28790,790,828,34.169,30.428,0.0363,-0.0062,9.7258,-0.3017,0.0722,0.8849
28795,782,825,34.115,30.485,0.064,0.0036,9.8388,0.7051,-0.1141,0.0036
28800,774,826,34.07,30.445,0.0504,-0.0242,9.7245,-0.7253,-0.1368,1.0005
28805,788,825,34.184,30.469,0.0255,-0.0194,9.7925,0.395,-0.0816,-0.4043
28810,765,828,34.02,30.424,-0.0293,-0.0019,9.7405,-0.195,0.4702,-0.1173
28815,759,821,34.164,30.339,-0.0105,-0.0205,9.8156,-0.401,-0.2242,0.0047
28820,759,817,34.094,30.486,0.0164,0.0159,9.7747,-0.6437,-0.4276,0.065
28825,750,828,34.138,30.419,-0.0489,-0.0374,9.8121,-0.7965,0.3653,-0.8534
28830,749,820,34.124,30.472,-0.0393,0.0319,9.7507,-0.7935,0.6636,0.6728
28835,754,813,34.201,30.477,0.0233,-0.0765,9.8824,0.0405,0.3897,-0.3431
28840,744,816,34.155,30.381,-0.0619,-0.0486,9.7909,-0.4943,0.0299,-0.8068
28845,748,820,34.16,30.349,-0.0455,-0.0524,9.8209,-0.1474,0.0203,-0.7392
28850,754,814,34.209,30.337,-0.01,0.1145,9.8067,0.5735,0.1037,-0.1834
28855,746,811,34.049,30.465,0.0286,0.0025,9.8324,-0.1931,-0.2814,-0.4728
28860,752,806,34.059,30.421,-0.0117,0.0528,9.7483,0.6875,0.2271,-0.0764
28865,757,809,34.103,30.456,0.0841,-0.016,9.7969,0.0667,-0.1654,-0.7864
28870,754,800,34.088,30.407,-0.0188,0.0819,9.7325,-0.1753,-0.7108,0.8486
28875,756,803,34.102,30.455,-0.027,-0.0365,9.7862,-0.5251,0.4965,0.1727
28880,767,798,34.131,30.412,-0.095,0.039,9.8215,-0.2142,0.0524,-0.0721
28885,772,796,34.118,30.462,0.0935,-0.0017,9.838,0.282,0.4062,0.2163
28890,779,789,34.071,30.47,0.0177,0.0426,9.79,-0.0682,0.7342,-0.5782
28895,787,785,34.141,30.443,0.0229,0.018,9.9261,-0.2508,0.7476,-0.5835
28900,794,788,34.069,30.387,-0.0509,-0.0585,9.8756,0.2361,-0.4683,-0.4054
28905,810,788,34.094,30.516,-0.0229,-0.0662,9.9535,-0.0443,-0.0954,-0.5831
28910,816,783,34.142,30.41,0.0012,0.0431,9.8316,0.468,0.4993,0.6445
28915,823,774,34.123,30.371,0.0202,0.0133,9.7693,0.3816,0.0312,-0.1756
28920,844,770,34.105,30.439,-0.098,0.0481,9.7964,-0.8166,-0.1671,-0.6004
28925,862,766,34.063,30.454,0.0366,-0.0208,9.8386,-0.5844,0.8072,0.3078
28930,865,766,34.137,30.4,-0.0515,-0.0631,9.836,-1.2584,0.4734,0.6126
28935,873,763,34.145,30.393,0.0287,-0.0236,9.7204,-0.593,-0.3292,-0.3125
28940,893,763,34.053,30.367,-0.0582,-0.0207,9.792,0.722,0.112,0.1655
28945,905,754,34.063,30.419,-0.0502,0.0073,9.8324,0.7224,0.4279,-0.5481
28950,912,748,34.044,30.423,-0.053,0.0116,9.8345,0.5003,-0.3683,-0.2299
28955,930,754,34.08,30.459,0.043,-0.0097,9.8884,-0.614,-1.0107,-0.1608
28960,954,742,34.091,30.451,-0.0403,0.0221,9.8341,0.3021,0.1785,-0.1528
28965,955,740,34.121,30.422,0.0739,-0.0654,9.8421,-0.6609,0.4,0.5248
28970,978,740,34.145,30.491,-0.0353,-0.0366,9.8274,0.2564,0.0881,0.2406
28975,982,733,33.925,30.444,0.0708,0.0463,9.7873,-0.071,-0.4483,-0.2588
28980,999,735,34.059,30.396,0.1167,-0.0247,9.8186,-0.6377,-0.4912,0.3166
28985,1016,731,34.161,30.379,0.0544,-0.0929,9.8078,-0.6452,0.1761,0.2625
28990,1018,729,34.087,30.381,-0.0002,-0.0323,9.8033,-0.3908,-0.0276,0.8424
28995,1041,725,33.989,30.462,-0.0451,-0.0757,9.8448,-0.0833,-1.2107,0.5588
29000,1053,722,34.026,30.402,0.0211,0.0498,9.8586,-1.2379,0.1393,0.2642
29005,1061,721,34.192,30.502,-0.073,-0.0277,9.8925,-0.4819,-0.2558,0.2997
29010,1073,722,34.139,30.481,-0.0227,0.0783,9.8013,0.5349,0.0286,-0.3277
29015,1091,720,34.103,30.437,-0.0055,0.0347,9.823,-0.3287,0.6216,0.7152
29020,1098,716,34.102,30.424,0.0877,0.0024,9.7594,0.3816,0.036,0.8351
29025,1106,713,34.079,30.432,0.0339,0.1078,9.825,-0.1608,0.2607,0.7341
29030,1109,721,34.163,30.445,-0.0351,-0.0274,9.7731,-0.4573,-1.0586,-0.1146
29035,1124,714,34.169,30.421,0.021,0.0011,9.7737,-0.1578,0.3304,0.5423
29040,1132,717,34.065,30.45,0.0168,0.0018,9.7662,-0.441,0.2114,-0.5106
29045,1142,712,34.072,30.523,-0.0571,-0.043,9.833,-0.1412,0.5546,0.1906
29050,1150,711,34.065,30.437,-0.0435,-0.0372,9.8009,-0.3725,0.459,-0.0792
29055,1165,712,34.171,30.392,-0.0591,0.0213,9.8499,0.1025,0.3124,-0.7277
29060,1167,715,34.159,30.346,-0.0135,-0.0608,9.738,0.0695,-0.4274,0.3211
29065,1162,717,34.161,30.427,0.0167,0.0732,9.8119,0.6435,-0.0065,0.0421
29070,1165,720,34.116,30.403,0.0297,-0.0457,9.8092,-1.088,0.4596,-0.2397
29075,1177,722,34.178,30.459,-0.0226,-0.0744,9.8052,-0.814,-0.0758,-0.6414
29080,1182,717,34.138,30.456,0.0103,-0.0029,9.8282,0.0909,0.202,-0.2853
29085,1187,727,34.088,30.421,-0.0174,0.0705,9.7068,0.3951,0.5259,1.0251
29090,1186,723,34.071,30.386,-0.0416,0.0171,9.6922,-0.4932,0.6374,-0.8973
29095,1182,722,34.145,30.411,-0.0925,-0.0524,9.7998,0.4989,-0.2048,0.5882
29100,1185,729,34.147,30.482,-0.0249,-0.0344,9.8166,0.7008,0.6313,0.4815
29105,1191,730,34.135,30.453,-0.0715,0.0265,9.7654,0.6589,-0.5274,0.4372
29110,1183,738,34.138,30.416,0.0128,-0.1251,9.7665,0.0182,-0.8759,-0.2903
29115,1186,740,34.143,30.35,0.1136,0.0026,9.8292,0.4032,-0.0175,0.1132
29120,1181,741,34.048,30.464,-0.0377,-0.0668,9.8455,0.1261,0.5224,0.0057
29125,1188,748,34.128,30.467,0.0321,0.0658,9.7993,0.1161,0.014,-0.8237
29130,1196,756,34.065,30.519,0.0144,0.0568,9.7484,-0.4999,0.2721,-0.5898
29135,1185,753,34.066,30.432,-0.007,0.0079,9.8134,0.6495,0.612,-0.3977
29140,1181,764,34.095,30.478,0.0323,-0.0828,9.7067,0.3103,-0.0234,-0.4238
29145,1181,762,34.143,30.363,0.0551,-0.0013,9.8013,0.2586,0.0233,0.0153
29150,1178,776,34.092,30.488,-0.029,-0.0761,9.7485,-0.3021,-0.618,0.0954
29155,1172,774,34.074,30.355,0.033,0.0302,9.7655,0.7621,-0.6183,-0.2277
29160,1165,779,34.111,30.367,-0.0351,0.0595,9.7996,-0.418,-0.2654,0.3472
29165,1158,787,34.083,30.543,-0.0762,-0.0182,9.7364,-0.144,-0.7159,-0.0646
29170,1164,786,34.141,30.432,-0.043,0.0792,9.8415,-0.1379,-0.2494,0.3118
29175,1153,797,34.12,30.383,0.0266,0.0483,9.8776,1.0097,0.3486,0.2867
29180,1148,800,34.141,30.464,-0.0449,0.0231,9.8542,-0.3163,0.6726,0.8608
29185,1148,802,34.065,30.429,-0.0234,0.021,9.794,0.0079,-0.5963,-0.1989
29190,1143,811,34.042,30.456,-0.0554,-0.018,9.7763,-0.3659,0.4283,-0.4279
29195,1142,820,34.151,30.333,-0.0407,-0.0668,9.7571,-0.6038,-0.0999,0.0803
29200,1144,819,34.097,30.518,-0.0075,0.0021,9.8351,0.0739,-0.7566,0.2324
29205,1126,821,34.109,30.396,-0.0172,-0.0154,9.7652,-0.4941,0.1232,0.4784
29210,1128,823,34.074,30.314,-0.0181,-0.0008,9.8765,0.4469,0.1684,-0.2424
29215,1135,828,34.13,30.335,0.057,0.0202,9.8447,-0.2149,-0.5851,0.0655
29220,1125,835,34.146,30.437,-0.0129,0.0016,9.8303,-0.4468,0.0003,-0.2664
29225,1123,836,34.133,30.519,-0.012,0.0196,9.7934,0.7575,-0.114,0.5871
29230,1113,837,34.118,30.478,0.0103,0.005,9.707,0.1286,0.5292,0.4067
29235,1119,845,34.074,30.393,-0.0441,0.0632,9.7538,-0.5702,0.4223,0.8887
29240,1114,846,33.975,30.395,0.0522,-0.1287,9.8206,0.0515,-0.0911,0.1832
29245,1110,849,34.112,30.407,0.0235,-0.0614,9.8083,0.3147,-0.3236,-0.5053
29250,1106,851,34.124,30.439,0.0842,-0.0307,9.8302,-0.3171,0.4675,0.3228
29255,1103,855,34.095,30.481,-0.0719,-0.041,9.7884,0.1427,-0.0509,-0.1135
29260,1101,853,34.114,30.39,-0.0888,0.0012,9.8262,-0.2745,-0.6317,-0.2391
29265,1100,854,34.169,30.436,-0.0552,-0.0071,9.7587,0.4457,-0.0805,0.1801
29270,1101,862,34.104,30.471,-0.0564,-0.0347,9.8579,0.5279,0.3911,0.0697
29275,1093,868,34.048,30.5,0.0187,-0.0299,9.8296,-0.2808,0.7745,0.1613
29280,1089,869,34.094,30.407,-0.0164,-0.0199,9.7506,0.1847,-0.1643,0.1148
29285,1085,866,33.963,30.388,0.0523,0.019,9.7886,-0.5196,-0.2487,0.24
29290,1084,865,34.081,30.412,0.0176,-0.0676,9.755,-0.1884,0.5699,0.2579
29295,1086,860,34.069,30.414,-0.0391,0.0668,9.8054,-0.1354,-0.0141,0.1552
29300,1078,863,34.125,30.37,-0.0164,-0.0288,9.7793,0.8012,-0.1373,0.4548
29305,1080,863,34.081,30.442,0.0854,-0.0028,9.9045,0.2486,-0.4653,0.2971
29310,1077,869,34.145,30.402,-0.0276,-0.0986,9.8338,0.0369,-0.4266,0.4077
29315,1073,864,34.147,30.368,-0.0075,0.0823,9.9152,0.5351,-0.4371,-0.8155
29320,1070,861,34.048,30.446,0.0305,-0.0732,9.8012,-0.1815,0.4147,0.1855
29325,1059,866,34.127,30.406,0.0644,-0.003,9.6559,0.5069,-0.1977,0.6236
29330,1063,861,34.149,30.463,0.0201,-0.0076,9.799,-0.4691,0.5741,0.8699
29335,1050,859,34.098,30.448,0.0233,0.0153,9.8003,-0.5047,-0.61,0.0793
29340,1051,864,34.119,30.438,-0.0168,-0.0245,9.9057,-0.2964,0.0065,-0.5438
29345,1048,864,34.014,30.397,0.0509,0.0036,9.8639,0.0065,0.5341,0.1497
29350,1034,862,34.135,30.441,-0.0178,0.0074,9.7999,-0.2899,-0.7862,0.2779
29355,1036,858,34.045,30.473,0.0138,0.0103,9.8312,-0.2273,-0.6426,0.1217
29360,1030,860,34.09,30.397,-0.0944,-0.0557,9.8269,0.1824,-0.0238,-0.3323
29365,1025,853,34.054,30.442,-0.0411,0.0164,9.8056,0.1132,0.4475,-0.4864
29370,1009,862,34.15,30.496,0.111,-0.0335,9.8156,0.588,0.1189,-0.416
29375,1003,854,34.078,30.35,-0.0344,0.1109,9.8172,-0.2197,-0.5585,-0.0121
29380,1004,855,34.045,30.433,0.0401,-0.0036,9.7854,0.5215,0.4229,-0.3149
29385,1010,855,34.064,30.445,-0.0476,0.0392,9.8746,-0.6776,0.0165,-0.1414
29390,993,848,34.001,30.409,-0.0353,-0.0386,9.741,0.4387,0.5702,0.2788
29395,975,854,34.079,30.495,0.0434,0.0871,9.7706,0.0588,0.425,-0.7422
29400,980,852,34.113,30.414,0.0682,-0.0145,9.7406,0.4742,0.2331,-0.1741
29405,975,842,34.018,30.488,-0.035,-0.0077,9.8415,-0.1769,0.2095,0.1331
29410,960,843,34.115,30.407,0.0593,0.1067,9.725,-0.2792,-0.8922,0.1148
29415,939,845,34.059,30.395,-0.0161,-0.0763,9.8527,-0.2307,0.8448,-0.3529
29420,939,840,33.986,30.518,0.0317,0.0791,9.8098,0.3717,0.3155,-0.3384
29425,928,843,34.094,30.387,0.0326,0.03,9.7715,0.1509,0.7628,0.0175
29430,916,840,34.063,30.444,0.0473,-0.0698,9.895,0.2328,0.1384,-0.2788
29435,912,839,34.172,30.466,0.0402,0.0553,9.7333,0.141,-0.8911,1.0053
29440,893,836,34.018,30.409,-0.0743,0.0058,9.8229,-0.2195,-0.1076,0.4467
29445,881,834,34.211,30.492,-0.0245,-0.0825,9.7846,0.2531,0.1922,-0.6982
29450,880,839,34.103,30.453,-0.0985,0.0464,9.8506,-0.3808,0.8461,-0.1449
29455,871,836,34.145,30.46,0.0233,-0.0367,9.8771,0.7299,1.1506,0.4351
29460,853,834,34.11,30.381,-0.0456,-0.0619,9.8258,-0.335,-0.593,-0.1355
29465,847,831,34.15,30.422,-0.0163,-0.0358,9.8569,0.1709,-0.0288,0.7241
29470,838,836,34.177,30.392,-0.0241,0.0281,9.7952,0.5437,0.6046,-0.2417
29475,834,834,34.07,30.493,-0.0146,0.0927,9.8343,0.2858,0.7578,-0.0642
29480,823,830,34.147,30.439,-0.0406,0.0621,9.8076,-0.3375,0.3202,-0.3333
29485,814,827,34.11,30.461,-0.0102,0.0216,9.8563,-0.1391,0.0626,0.5677
29490,795,832,34.093,30.38,0.012,0.0416,9.7895,-1.4498,-0.3156,0.0404
29495,797,830,34.115,30.431,-0.0919,0.0244,9.7985,-0.1492,-0.7653,-0.656
29500,786,825,34.152,30.375,-0.0632,-0.0118,9.7369,-0.4247,-0.4547,0.7739
29505,777,825,34.069,30.425,0.0128,-0.0056,9.7948,-0.2769,0.369,0.8955
29510,778,824,34.003,30.453,-0.066,0.0146,9.7725,0.4655,0.5207,0.0751
29515,768,824,34.022,30.481,-0.0355,-0.0009,9.816,0.1441,-0.8785,0.4989
29520,761,822,34.052,30.53,0.0487,-0.0062,9.9132,0.5207,-0.436,-0.1644
29525,762,816,34.143,30.507,0.1152,0.0759,9.7489,0.0187,0.67,0.8737
29530,757,825,34.17,30.38,0.1057,-0.0425,9.7693,-0.7245,0.3856,-1.0416
29535,757,818,34.095,30.327,-0.0931,-0.0137,9.7939,-0.1642,-0.1346,0.4089
29540,752,818,34.142,30.482,-0.0577,-0.0885,9.7946,-0.1441,-0.4844,1.1832
29545,746,816,34.145,30.423,0.0178,-0.019,9.8032,-0.2121,0.5674,0.3315
29550,751,817,34.04,30.503,0.0839,0.0682,9.7666,-0.118,0.198,-0.4846
29555,749,812,34.112,30.481,0.0901,-0.0661,9.9009,-0.2033,0.6645,0.3311
29560,747,814,34.164,30.48,0.0007,-0.0091,9.884,-0.1409,-1.0819,0.0962
29565,755,808,34.096,30.497,-0.0558,-0.1099,9.7341,-0.243,1.3627,0.2502
29570,755,807,34.066,30.481,0.0238,-0.0013,9.7888,0.3825,-0.4765,-0.3325
29575,759,804,34.085,30.457,-0.0875,-0.0246,9.8467,-0.574,-0.245,0.3009
29580,760,800,34.115,30.44,-0.0396,0.0392,9.7994,0.4055,-0.1538,0.3166
29585,765,796,34.133,30.453,0.0625,0.0861,9.8087,-1.0145,0.5723,0.0034
29590,777,793,34.115,30.47,0.0514,-0.0053,9.796,-0.114,-0.0126,0.477
29595,775,797,34.204,30.393,0.0081,0.0022,9.798,0.3379,-0.2704,-0.8452
29600,779,791,33.976,30.438,-0.1587,0.0081,9.858,0.1404,-0.2805,0.2794
29605,791,783,34.075,30.435,-0.0911,-0.062,9.7366,-0.2694,-0.1846,0.153
29610,802,788,34.116,30.507,-0.1471,0.0392,9.8192,-0.3731,0.0327,0.1744
29615,812,783,34.229,30.403,-0.0443,-0.0234,9.8078,-0.7188,-0.4168,0.073
29620,819,774,34.138,30.396,0.0514,-0.1273,9.9229,-0.1903,0.3173,0.5815
29625,829,774,34.161,30.429,-0.0855,0.066,9.8737,-0.6489,-0.3482,-0.3578
29630,856,772,34.117,30.532,0.0423,0.0088,9.858,0.4343,0.1707,0.4283
29635,855,768,34.035,30.45,0.044,0.0075,9.763,-0.2051,1.3389,-0.0552
29640,870,759,34.026,30.39,-0.0143,0.0136,9.8081,0.852,-0.0797,0.5756
29645,878,759,34.201,30.377,0.0186,0.0161,9.8689,-0.1213,0.1903,-0.4142
29650,892,759,34.056,30.475,0.0068,0.0702,9.8064,0.1481,0.0112,-0.1478
29655,909,752,34.089,30.354,0.0866,-0.0181,9.8122,0.8624,-0.0729,0.3418
29660,923,758,34.143,30.4,0.0007,-0.0438,9.8016,-0.0837,-0.1746,0.2572
29665,938,748,34.046,30.441,0.029,0.0431,9.8179,-0.6108,-0.8583,-0.4083
29670,962,746,34.149,30.488,-0.0519,0.0528,9.8029,0.1725,-0.3859,0.6568
29675,957,738,34.07,30.419,0.0135,0.0664,9.8115,0.014,0.675,-0.0217
29680,978,733,34.124,30.364,0.0759,0.024,9.7542,-0.4767,-0.1941,-0.579
29685,990,731,34.05,30.486,0.033,-0.0581,9.8483,0.4752,0.2251,0.325
29690,1010,734,34.183,30.398,0.1493,-0.022,9.7573,-0.1522,-0.4064,0.4061
29695,1012,726,34.107,30.318,-0.056,0.0326,9.844,-0.1609,0.6332,-0.4951
29700,1035,722,33.996,30.423,-0.0591,0.0302,9.7464,0.3422,0.0388,-0.6876
29705,1050,719,34.04,30.439,0.0123,-0.0581,9.8326,0.3916,0.5765,-0.1902
29710,1066,715,34.122,30.412,-0.0184,0.0048,9.7928,0.3494,-0.1631,-0.7117
29715,1070,715,34.09,30.435,-0.0372,-0.0223,9.7522,0.2185,-0.28,-0.4051
29720,1077,723,34.13,30.453,0.0535,0.0359,9.8327,-0.159,-0.5853,-0.4044
29725,1086,717,34.171,30.493,-0.0019,0.0801,9.8542,0.2844,0.8303,-0.104
29730,1100,713,34.141,30.501,-0.0445,-0.0623,9.8863,-0.7758,-0.9232,-0.0022
29735,1120,715,34.057,30.431,0.0216,0.0534,9.8149,0.2033,0.3878,0.4914
29740,1111,717,34.088,30.423,0.0955,0.0411,9.8274,-0.2697,0.14,0.086
29745,1122,712,34.059,30.399,-0.0286,0.0235,9.7114,0.5998,0.2704,-0.0981
29750,1132,710,34.083,30.454,0.0313,0.0871,9.7585,-1.3857,-0.5872,0.9253
29755,1143,707,34.064,30.429,0.1451,0.0198,9.7716,-0.5812,0.2074,0.7712
29760,1156,712,34.116,30.407,-0.012,0.0233,9.7245,0.0975,-0.0546,-0.2145
29765,1157,712,34.099,30.494,-0.0452,-0.0861,9.7667,-0.1168,0.6281,0.4974
29770,1172,714,34.186,30.467,-0.0206,0.036,9.759,-0.8167,0.1214,-0.3675
29775,1164,712,34.031,30.425,0.0573,-0.0367,9.7845,0.5312,-0.3507,0.07
29780,1173,714,34.116,30.488,-0.0993,0.0115,9.8006,-1.3654,-0.2902,0.1908
29785,1172,715,34.072,30.473,-0.0415,-0.043,9.7977,0.2623,0.1454,-0.0046
29790,1179,724,34.126,30.444,0.0346,-0.0575,9.8907,-0.0692,-0.6502,0.0548
29795,1187,721,34.141,30.462,0.0502,0.0328,9.8099,-0.2022,-0.668,0.5857
29800,1191,730,34.063,30.333,-0.0611,-0.026,9.8485,0.647,0.6124,0.1093
29805,1180,731,34.125,30.3,0.0214,-0.0781,9.7337,-0.0067,0.7519,-0.4794
29810,1197,731,34.175,30.417,0.0696,-0.0718,9.8863,-0.3168,-0.3343,0.1124
29815,1184,733,34.072,30.483,0.0057,0.0243,9.7297,0.6855,-0.6365,0.4564
29820,1194,740,34.152,30.347,0.0295,-0.0276,9.7937,0.6439,0.9761,0.504
29825,1186,743,34.12,30.375,0.0833,0.0232,9.8171,-0.3908,-0.0323,0.2526
29830,1188,746,34.161,30.398,-0.035,0.0493,9.8548,0.2685,0.1126,-0.3463
29835,1188,747,34.176,30.423,0.0103,-0.1032,9.8139,0.1877,-0.4685,-0.9139
29840,1183,756,34.093,30.365,0.0804,-0.0376,9.8349,-0.0963,0.4121,-0.1451
29845,1187,758,34.134,30.368,0.1054,0.0392,9.7444,0.403,-0.1526,0.2537
29850,1179,764,34.046,30.421,0.0729,-0.0178,9.8018,-0.2644,0.184,-0.8143
29855,1174,766,34.124,30.372,0.0335,0.0885,9.8372,-0.489,0.0818,-0.1429
29860,1167,777,34.158,30.442,0.0815,0.0572,9.8421,0.0341,0.1284,-0.3673
29865,1169,775,34.107,30.455,-0.0191,-0.0642,9.8216,-0.2291,0.3057,-0.0373
29870,1174,778,34.065,30.402,0.0504,-0.0096,9.8563,-0.1059,0.4768,0.8238
29875,1161,787,34.102,30.383,-0.0777,0.0098,9.8714,-0.4288,-0.6081,0.5924
29880,1167,791,34.128,30.396,-0.0077,-0.0046,9.7774,0.0708,0.3691,-0.5894
29885,1156,797,34.154,30.403,0.0356,-0.0136,9.8809,-0.5816,0.4079,0.2606
29890,1148,799,34.051,30.372,-0.0386,-0.0548,9.9077,1.1012,-0.5592,-0.1646
29895,1143,805,34.157,30.463,-0.0058,0.0792,9.7999,0.5899,0.0431,0.7639
29900,1141,813,34.073,30.556,0.0429,-0.0249,9.7863,-0.4469,-0.3792,0.1119
29905,1134,818,34.077,30.398,0.0808,0.0677,9.8365,0.8124,-1.1312,-0.6608
29910,1131,818,34.097,30.391,-0.0685,0.0083,9.824,0.3945,0.419,-0.4775
29915,1128,824,34.134,30.459,-0.0187,0.0502,9.7559,-0.062,0.0484,-0.2486
29920,1134,828,34.085,30.396,-0.0148,0.0678,9.8603,0.2397,0.0893,-0.1574
29925,1118,833,34.145,30.361,-0.0441,-0.0358,9.8611,-0.484,0.2424,0.1671
29930,1121,834,34.023,30.374,0.0098,0.036,9.7974,0.2433,0.7393,-0.7341
29935,1123,838,34.142,30.381,0.0157,0.0301,9.8179,0.2178,-0.143,-0.3602
29940,1117,841,34.139,30.399,0.0322,0.1029,9.8149,-0.5897,0.0716,0.1293
29945,1108,847,34.158,30.393,0.0431,-0.018,9.7566,0.0461,0.1267,-0.3389
29950,1104,845,34.085,30.503,0.0385,-0.0129,9.7269,0.7423,0.6671,-0.5304
29955,1105,851,34.1,30.481,-0.0538,-0.0269,9.7943,-0.0561,1.2781,0.9739
29960,1102,850,34.13,30.364,-0.05,0.0636,9.804,0.4618,0.8863,-0.1968
29965,1110,856,34.174,30.428,0.0382,0.0659,9.7591,-0.0295,-1.07,-0.8371
29970,1103,851,34.045,30.424,0.0179,0.0408,9.8176,0.0191,-0.3771,-0.2647
29975,1099,856,34.096,30.463,0.0187,0.0798,9.8,-1.4868,-0.7159,0.1736
29980,1090,865,34.22,30.514,0.0606,-0.002,9.8349,0.5138,0.2303,0.4683
29985,1096,861,34.065,30.349,-0.0018,-0.0335,9.7994,0.3255,-0.3678,0.8606
29990,1089,866,34.067,30.367,0.0304,0.0319,9.8158,-0.9308,-0.2961,-0.1141
29995,1084,862,34.109,30.493,-0.0358,-0.0077,9.8781,0.2372,0.8471,1.1118
30000,1090,867,34.077,30.388,-0.0141,0.0598,9.8364,-0.0097,0.5162,0.1888
30005,1082,865,34.142,30.447,-0.0401,-0.0026,9.7615,-1.4331,0.6787,-0.5884
30010,1083,868,34.157,30.403,-0.0487,-0.0155,9.8467,0.3725,-0.2809,0.7415
30015,1080,875,34.037,30.401,0.0225,-0.0408,9.7897,0.418,1.0179,0.2895
30020,1069,867,34.042,30.456,0.0167,0.0052,9.8122,-0.0932,-0.4374,-0.2751
30025,1072,864,34.055,30.461,-0.0249,-0.0696,9.856,-0.1994,-0.8495,0.9976
30030,1067,867,34.046,30.33,0.0125,-0.0449,9.7939,-0.014,-0.3415,-0.193
30035,1058,866,34.178,30.403,0.0597,0.0271,9.8132,0.249,-0.4887,-0.2599
30040,1064,866,34.164,30.4,0.0367,-0.0467,9.7339,-0.341,0.1023,0.9883
30045,1051,861,34.031,30.487,-0.0657,0.0336,9.9424,0.3814,0.4877,-0.1381
30050,1058,867,34.088,30.464,0.0187,-0.0886,9.7803,0.362,0.0911,-0.3321
30055,1042,859,34.135,30.496,0.0608,0.0531,9.8367,0.1304,0.367,-0.6886
30060,1040,861,34.157,30.341,-0.0616,0.0278,9.7825,0.8203,-0.8378,0.9539
30065,1034,865,34.193,30.503,0.0948,-0.0079,9.7763,-0.0156,0.18,-0.2077
30070,1036,857,34.112,30.439,-0.1224,0.0483,9.6915,0.8785,-0.1663,0.0811
30075,1030,855,34.037,30.381,-0.0434,-0.0427,9.8209,-0.0438,0.9257,0.0791
30080,1015,858,34.106,30.441,-0.0257,0.0553,9.8502,0.0586,-0.1959,-0.4865
30085,1008,857,34.061,30.41,0.0102,-0.0252,9.8262,-0.417,0.013,-0.6724
30090,1000,848,34.093,30.37,-0.0397,-0.0244,9.867,0.5948,0.2631,0.1013
30095,999,849,34.119,30.365,0.0945,-0.0512,9.7516,0.7959,-0.3991,0.278
30100,986,848,34.116,30.376,-0.0176,0.0287,9.8334,-0.3802,-0.0164,-0.3263
30105,974,847,34.103,30.401,-0.1189,0.0552,9.7415,0.1747,-0.204,-0.6691
30110,965,843,34.146,30.394,-0.0204,-0.0796,9.866,-0.7659,0.189,-0.8974
30115,954,844,34.108,30.458,-0.038,0.0405,9.7775,-0.0366,-0.4875,-0.1127
30120,949,843,34.28,30.352,0.048,0.08,9.872,-0.7719,0.5153,-0.2008
30125,935,846,34.115,30.493,0.0151,0.007,9.7862,-0.4368,0.0728,0.5144
30130,937,837,34.089,30.44,-0.0069,0.0381,9.7505,0.5107,0.4759,0.6169
30135,920,839,34.086,30.381,-0.0218,0.0101,9.8181,-0.3881,-0.4379,-0.1888
30140,909,842,34.048,30.439,0.0263,0.0009,9.7825,-0.621,-0.8112,-0.0151
30145,906,839,34.053,30.408,-0.0202,-0.0196,9.7976,0.6748,1.2352,-0.1414
30150,889,841,34.137,30.378,-0.0337,-0.0162,9.7648,-1.0227,0.6412,-0.3226
30155,881,842,34.121,30.383,-0.017,0.0681,9.8128,0.0728,0.0134,-0.2113
30160,872,834,34.055,30.478,0.0133,0.0519,9.8126,-0.0833,0.015,-0.0772
30165,861,835,34.079,30.428,0.0678,0.0327,9.7868,0.379,0.1661,0.342
30170,851,833,34.105,30.427,-0.0572,0.0445,9.8421,-0.2603,-0.0003,0.707
30175,836,836,34.105,30.432,0.0214,0.0391,9.7734,-0.2641,-0.2035,0.6769
30180,830,838,34.093,30.407,-0.01,-0.011,9.7925,0.8899,1.0179,0.7452
30185,832,836,34.128,30.422,0.081,0.0477,9.8447,-0.239,0.7082,0.3502
30190,824,839,34.119,30.314,-0.0533,-0.0314,9.8779,-0.2147,-0.1418,0.4097
30195,808,830,34.125,30.517,-0.0526,-0.0711,9.8091,-0.0122,-0.5007,0.0175
30200,797,831,34.041,30.365,-0.0324,-0.0155,9.7716,-0.2017,0.6741,0.2258
30205,786,829,34.111,30.44,-0.0128,0.0657,9.7883,-0.1356,0.3479,-0.3253
30210,786,826,34.116,30.365,-0.012,-0.0653,9.8331,0.3384,-0.4986,-0.3109
30215,786,830,34.107,30.397,-0.0445,-0.0402,9.8114,-0.2354,0.1919,-0.7705
30220,772,829,34.081,30.464,0.0668,-0.0528,9.818,0.1951,0.1603,-0.7967
30225,765,825,34.1,30.405,-0.0602,-0.008,9.8906,0.0135,0.7006,0.35
30230,764,822,34.0,30.362,0.099,0.0686,9.9189,0.8377,-0.2535,-0.0678
30235,762,819,34.171,30.366,-0.0416,-0.0654,9.8311,0.1164,0.2442,1.0125
30240,762,820,34.099,30.464,-0.0568,0.0744,9.7774,-0.0534,0.7978,0.6209
30245,751,819,34.128,30.423,-0.0247,-0.0091,9.8301,0.75,0.5822,-0.0031
30250,752,819,34.031,30.484,-0.0592,0.0432,9.8472,-0.0645,0.166,-0.2158
30255,745,815,34.023,30.376,0.027,0.06,9.7183,-0.5913,0.9861,-1.1892
30260,751,817,34.094,30.401,-0.0363,-0.0721,9.7085,0.0606,-0.0171,1.0003
30265,753,805,34.102,30.516,-0.0035,0.0479,9.8358,-0.3739,-0.0767,0.5847
30270,749,812,34.125,30.365,-0.0237,0.0967,9.7418,0.1351,-0.0415,-1.2078
30275,757,809,34.149,30.363,-0.0244,-0.0305,9.8345,-0.1066,0.2962,-0.3862
30280,760,810,34.074,30.388,-0.0015,-0.0283,9.7181,0.0319,0.581,0.4344
30285,762,802,34.088,30.413,0.0392,0.0301,9.7955,-0.2426,0.142,0.7075
30290,763,798,34.012,30.355,-0.0167,-0.0301,9.8517,-0.8116,0.7885,0.1694
30295,765,798,34.025,30.499,0.0375,0.0352,9.7462,0.2069,-0.2094,0.7793
30300,778,799,34.073,30.469,0.0044,-0.0367,9.8102,0.5017,-0.1192,-0.6492
30305,780,790,34.172,30.37,0.0229,-0.0109,9.9214,0.0521,0.1077,-0.1862
30310,795,794,34.062,30.375,0.0481,-0.1223,9.7452,0.6437,0.1157,0.0189
30315,795,788,34.068,30.415,0.0666,-0.0445,9.8673,0.433,1.3348,0.842
30320,820,784,34.08,30.424,-0.0065,-0.0098,9.7498,-0.6695,0.3719,-0.4336
30325,817,777,34.052,30.481,-0.0756,0.0174,9.6817,0.0668,0.132,-0.2532
30330,839,775,34.162,30.417,-0.0445,0.0539,9.8462,-0.186,-0.3203,-0.276
30335,840,771,34.086,30.426,-0.0242,-0.0635,9.8141,0.4064,-0.0115,-0.5396
30340,852,770,34.097,30.468,-0.1139,-0.0397,9.686,0.5293,0.4661,0.1014
30345,862,762,34.06,30.324,-0.04,0.0462,9.7459,0.1709,-0.5193,0.3033
30350,878,756,34.068,30.462,-0.0615,0.0801,9.8382,-0.2357,0.0643,-0.0507
30355,893,756,34.062,30.395,-0.1034,0.0379,9.8494,-0.081,-1.1974,-0.2193
30360,898,757,34.08,30.379,0.0086,0.0293,9.8174,-0.3998,-0.359,-0.5785
30365,916,751,34.028,30.32,-0.0881,0.0452,9.8468,-0.1162,-0.0627,-0.1423
30370,927,745,34.027,30.392,0.0336,-0.0792,9.8353,-0.6463,-0.8825,0.0848
30375,945,745,34.079,30.388,-0.1567,-0.0181,9.8414,0.3506,0.103,-0.3329
30380,964,745,34.127,30.511,0.0304,0.044,9.8698,1.0988,-0.2387,0.3504
30385,980,734,34.065,30.376,-0.0296,-0.0793,9.6897,-0.3059,-0.0883,-0.8111
30390,985,734,34.117,30.525,-0.0588,-0.0208,9.7884,-0.632,-0.3277,0.2567
30395,986,726,34.062,30.398,-0.0014,0.0347,9.745,0.4013,0.3664,-1.1429
30400,1007,735,34.013,30.324,0.0138,0.0582,9.8815,-0.9193,0.515,0.1157
30405,1025,729,34.132,30.391,-0.0369,0.116,9.8066,0.2638,-0.0269,1.1005
30410,1041,726,34.185,30.366,-0.0248,0.047,9.8154,-0.1231,-0.4309,0.2243
30415,1046,723,34.08,30.392,-0.0436,-0.0012,9.8689,0.0443,0.1748,-0.1794
30420,1056,720,34.069,30.334,0.0182,0.0106,9.8896,0.1006,-0.4467,0.2777
30425,1072,720,34.066,30.456,-0.0094,-0.0186,9.8623,0.5975,0.3017,-0.4131
30430,1094,717,34.154,30.432,-0.0144,0.0552,9.7915,0.2829,0.016,0.1038
30435,1103,713,34.088,30.465,-0.0066,-0.0058,9.8469,0.0256,0.4933,0.6997
30440,1103,711,34.082,30.437,-0.0214,-0.0012,9.7652,0.0047,0.0295,1.1472
30445,1117,713,34.156,30.423,0.0005,0.0089,9.8073,-0.1361,-0.0888,-0.0701
30450,1132,704,34.045,30.467,0.0086,0.0544,9.846,0.3793,-0.0893,0.4213
30455,1131,713,34.064,30.366,0.1049,-0.0227,9.8068,-0.7055,-0.8487,0.2277
30460,1147,715,34.013,30.371,-0.0007,-0.0417,9.7893,-0.5011,-0.8575,0.5589
30465,1147,714,34.134,30.375,-0.022,-0.0311,9.7803,0.1244,-0.3519,-0.2828
30470,1160,715,34.046,30.396,0.0828,0.0376,9.8343,-0.1839,0.9284,0.7224
30475,1158,708,34.167,30.404,-0.0573,-0.013,9.7465,-1.5626,-0.104,-0.1136
30480,1181,715,34.133,30.373,0.079,-0.068,9.8579,0.6217,-0.2615,-0.0774
30485,1173,716,34.055,30.454,0.0372,-0.0139,9.8342,-0.1769,0.8869,-0.0161
30490,1180,713,34.122,30.505,-0.0513,0.0591,9.7563,0.4022,-0.383,0.1588
30495,1180,719,34.11,30.441,0.0056,-0.0346,9.8911,-0.454,0.2265,-0.1859
30500,1186,721,34.094,30.435,-0.0592,0.0001,9.7778,-0.3569,0.3473,-0.8256
30505,1179,728,34.129,30.475,-0.0545,-0.0601,9.7342,0.0699,0.0581,-0.0986
30510,1187,725,34.09,30.447,-0.022,-0.0351,9.778,-0.6226,0.2799,-0.1991
30515,1192,737,34.166,30.336,0.0249,0.0248,9.7786,-1.4691,0.1987,0.181
30520,1195,735,34.116,30.456,0.0206,0.0719,9.7688,-0.8295,-0.592,0.5258
30525,1186,734,34.049,30.422,-0.0449,0.043,9.8875,0.86,-1.1871,-0.082
30530,1184,742,34.151,30.433,-0.0195,0.0235,9.8026,-0.2378,0.4731,-0.1734
30535,1184,752,34.105,30.401,-0.0314,-0.0205,9.8069,0.7735,-0.2843,0.3228
30540,1188,750,34.102,30.404,0.0234,0.0118,9.8414,-0.19,0.0861,-0.4161
30545,1183,753,34.091,30.454,-0.0365,0.0451,9.8712,-0.2051,0.5223,0.6305
30550,1176,756,34.122,30.375,-0.0361,-0.0126,9.7662,-0.0629,0.5168,-0.1886
30555,1179,765,34.067,30.434,0.0647,0.0454,9.7826,-0.4024,0.3041,-0.111
30560,1176,773,34.15,30.451,0.106,-0.0521,9.7987,0.3308,0.1384,0.9264
30565,1175,768,34.11,30.341,0.035,0.0215,9.8364,-0.9571,-0.4463,1.0141
30570,1164,773,34.03,30.369,0.0809,0.0701,9.9012,-0.0075,-0.3711,1.1632
30575,1176,782,34.057,30.377,0.0709,-0.021,9.8905,0.3335,-0.2413,-0.7448
30580,1170,785,34.072,30.335,0.0292,-0.0473,9.7991,-0.0525,-0.4556,-0.624
30585,1160,791,34.186,30.481,-0.049,-0.0102,9.8329,-0.8704,0.0655,-0.5074
30590,1155,791,34.163,30.335,-0.0019,-0.0859,9.741,0.6035,0.3179,-0.1106
30595,1148,798,33.985,30.48,0.058,-0.0388,9.8377,-1.0769,0.3445,-0.3791
30600,1151,801,34.08,30.44,0.0113,0.0224,9.7884,-0.0813,-0.698,-0.2932
30605,1153,811,34.105,30.422,0.037,0.0754,9.8281,0.0546,0.1372,0.1535
30610,1130,813,34.135,30.445,-0.0266,-0.03,9.7765,-0.7392,0.2354,0.0547
30615,1128,821,34.137,30.387,0.0486,-0.0665,9.8461,0.6689,-0.1219,0.0741
30620,1132,826,34.062,30.407,0.0506,-0.0574,9.7943,0.0983,-0.39,-1.0553
30625,1129,822,34.155,30.477,0.0387,0.0141,9.7829,0.3008,0.5208,0.5471
30630,1126,826,34.14,30.393,0.0598,0.0211,9.9174,-0.309,-0.6315,-0.023
30635,1118,830,34.154,30.401,-0.1092,0.0003,9.8165,-0.235,0.3772,0.7133
30640,1117,842,34.057,30.446,-0.094,-0.0008,9.7923,-1.4133,0.3758,-0.197
30645,1115,842,34.075,30.399,0.0539,0.0063,9.7731,0.2381,0.129,0.764
30650,1109,844,34.062,30.414,-0.0427,-0.032,9.8535,0.4397,1.2179,0.8242
30655,1107,847,34.039,30.329,-0.1271,0.012,9.7927,0.4553,-0.2758,-0.7795
30660,1106,849,34.13,30.479,-0.0429,-0.0254,9.8506,0.4044,-0.0651,1.3421
30665,1113,856,34.162,30.459,-0.0746,-0.0414,9.753,0.7977,-1.25,0.1795
30670,1099,857,34.047,30.421,-0.0373,0.1182,9.8164,0.3749,0.2303,-0.7157
30675,1093,857,34.075,30.327,-0.0148,-0.0044,9.8443,0.0779,0.3539,0.4819
30680,1095,862,34.111,30.287,-0.1027,-0.1069,9.8492,0.8518,0.5149,0.7068
30685,1086,862,34.044,30.436,0.0832,0.0518,9.8359,0.644,-0.8008,-0.1476
30690,1094,866,33.982,30.392,-0.0063,0.033,9.7066,0.5304,0.0899,-0.3294
30695,1095,863,34.093,30.432,-0.0401,0.0711,9.7766,0.4222,0.3664,0.1712
30700,1082,860,34.058,30.393,0.0759,-0.0718,9.8034,0.1111,-0.0873,0.0419
30705,1086,864,34.204,30.413,0.0473,0.0047,9.7737,0.9156,0.9316,-0.2868
30710,1081,868,34.051,30.376,-0.0628,-0.0398,9.8529,-0.1668,0.3391,0.2169
30715,1080,865,34.115,30.415,0.0687,0.076,9.8313,-0.0909,-0.252,-0.481
30720,1076,866,34.035,30.385,-0.0387,0.0281,9.8722,-0.6536,-0.0281,-0.4188
30725,1069,861,34.082,30.475,-0.0716,-0.0065,9.8019,0.0557,0.8235,0.5447
30730,1068,867,34.115,30.409,0.0109,-0.0488,9.7178,-0.0006,-0.0802,-0.541
30735,1060,864,34.045,30.421,0.0407,0.0021,9.721,-0.6356,0.3113,0.628
30740,1064,861,34.082,30.423,0.0362,-0.0267,9.8683,0.4384,0.4696,0.8198
30745,1063,862,34.1,30.409,-0.0294,-0.0141,9.8003,-0.797,0.729,0.0725
30750,1065,861,34.146,30.42,-0.0565,0.011,9.7363,-0.3447,-0.2732,0.3016
30755,1046,864,34.14,30.32,-0.0003,0.0484,9.8364,-0.6669,0.0935,-0.7341
30760,1038,853,34.033,30.404,0.0749,0.0378,9.9084,0.1421,0.311,-0.5889
30765,1044,859,33.981,30.355,0.0993,0.0321,9.7754,-0.5802,-1.088,0.707
30770,1042,855,34.023,30.367,0.0352,0.0028,9.8596,-0.489,-0.0813,-0.187
30775,1023,862,34.098,30.378,-0.002,-0.0634,9.8211,0.7852,0.5224,0.0369
30780,1021,859,34.071,30.33,0.0208,-0.1001,9.7872,0.6766,0.7651,-0.3288
30785,1031,855,34.137,30.495,0.0457,-0.0138,9.9169,0.1282,-0.5211,-0.4556
30790,1014,850,34.132,30.427,0.0092,-0.0153,9.8124,0.2656,-0.3039,0.154
30795,1001,853,34.135,30.362,-0.0405,-0.0748,9.8262,-0.418,0.3475,0.3667
30800,1001,855,34.077,30.419,-0.018,-0.0002,9.7866,0.5666,-0.0808,-1.0627
30805,985,845,34.134,30.377,-0.0158,0.0246,9.801,-0.5068,0.2246,-0.036
30810,977,847,34.036,30.412,0.0169,0.0998,9.7586,0.2864,-0.253,-0.5144
30815,972,851,34.068,30.351,0.0149,-0.0723,9.8088,-0.0197,-0.0557,-0.0919
30820,963,840,34.137,30.375,-0.0437,-0.0257,9.7715,0.2858,-0.7297,0.4517
30825,949,846,34.074,30.411,-0.0158,-0.027,9.815,0.2045,-0.6447,0.9822
30830,942,839,33.966,30.433,0.0843,0.0385,9.7751,1.0484,0.1865,-0.2144
30835,937,845,34.024,30.351,-0.0435,-0.0287,9.864,0.5411,-0.1645,-0.3881
30840,928,838,34.113,30.35,0.0006,0.0448,9.8205,0.3487,-0.4371,1.0952
30845,920,835,34.083,30.477,0.0052,0.0424,9.7737,0.2541,-0.6369,-0.9707
30850,911,836,34.113,30.425,-0.0115,-0.0131,9.9002,0.707,-0.5654,0.0967
30855,896,837,34.039,30.452,-0.0662,-0.0542,9.8871,-0.1149,-0.1278,0.2837
30860,888,831,34.004,30.383,0.0114,0.0561,9.7787,-0.7411,0.6098,-0.1943
30865,875,838,34.099,30.475,-0.0208,0.0028,9.7983,-0.9152,-0.0337,-1.0393
30870,873,837,34.097,30.348,-0.0236,-0.0021,9.7715,0.8792,-0.0059,-0.1408
30875,867,833,34.077,30.438,-0.0253,-0.0053,9.8018,0.0988,0.4845,0.1144
30880,849,833,34.13,30.419,0.127,-0.0253,9.7918,0.0989,-0.1744,-0.1067
30885,837,833,34.121,30.446,0.0356,0.0397,9.8512,0.0571,-0.5447,-0.3212
30890,834,833,34.065,30.42,0.014,0.0369,9.8082,-0.3493,-0.2703,-0.4227
30895,821,825,34.063,30.473,0.0595,0.0363,9.8052,0.1522,-0.6438,-0.1781
30900,812,834,34.107,30.406,0.0204,0.0618,9.7402,-0.0235,0.2812,-0.2465
30905,800,833,34.115,30.392,0.0709,-0.067,9.7679,-0.2484,-0.6191,-0.2204
30910,795,828,33.999,30.392,0.0054,0.0332,9.8253,0.2004,-0.874,-0.6206
30915,781,827,34.119,30.419,-0.086,-0.0013,9.7838,0.3545,-0.3077,0.1547
30920,785,831,34.056,30.499,-0.0625,0.005,9.8195,0.3557,0.3311,0.7301
30925,780,823,34.07,30.401,0.0145,0.0029,9.8065,-0.9669,-0.3727,0.2365
30930,768,819,34.112,30.344,-0.0762,-0.0733,9.728,0.4815,-0.7452,0.1827
30935,752,827,34.131,30.458,-0.0482,-0.0334,9.8748,1.3581,0.2854,-0.2378
30940,748,818,34.053,30.344,0.0122,-0.0305,9.7513,0.6571,0.0877,-0.1495
30945,751,824,34.088,30.424,0.0167,-0.0859,9.7631,0.4393,-0.3567,-0.3247
30950,758,823,34.049,30.445,0.0227,0.0693,9.8022,-0.2038,-0.5492,0.2885
30955,744,821,34.114,30.392,0.0251,0.031,9.8249,0.5376,0.9627,-0.0532
30960,742,818,34.142,30.349,0.0087,0.0485,9.7678,-0.8755,0.2369,0.0914
30965,747,812,34.112,30.396,-0.0742,0.0272,9.8234,-0.006,-0.0104,-0.021
30970,748,812,34.114,30.473,-0.0513,0.0079,9.7338,-0.0723,0.0649,-1.0399
30975,753,813,34.077,30.47,-0.0515,-0.0672,9.805,0.7078,0.7682,-0.5634
30980,753,812,34.151,30.317,0.014,0.0195,9.8397,-0.4279,0.1514,-0.3102
30985,755,805,34.075,30.5,-0.059,0.0149,9.7954,0.7763,0.2936,-0.5902
30990,760,802,34.094,30.416,0.0634,-0.0662,9.8136,0.167,0.548,1.0056
30995,758,809,34.143,30.479,0.0883,0.0321,9.7506,-0.1239,-1.2863,-0.1301
31000,770,799,34.081,30.423,0.0166,-0.0192,9.8675,0.5001,-0.5427,-0.1425
31005,782,794,34.112,30.472,0.002,0.0381,9.8748,-0.717,0.6574,1.0473
31010,779,793,34.054,30.481,0.0658,0.0424,9.9162,0.6729,-0.3749,0.2613
31015,775,790,34.027,30.331,0.0542,-0.035,9.864,0.0503,-0.1043,0.4544
31020,796,790,34.095,30.348,0.0572,0.0042,9.723,-0.4845,0.3509,0.2142
31025,810,790,34.168,30.44,0.0884,-0.0431,9.8858,0.5093,-0.8266,-0.5283
31030,819,777,34.106,30.446,0.0168,-0.0837,9.8284,-0.5572,0.0283,-0.2333
31035,825,777,34.131,30.36,-0.0123,-0.0005,9.8165,0.186,0.2176,-0.1696
31040,837,773,34.0,30.386,-0.0036,0.0433,9.8056,-0.3174,-0.6608,-0.6187
31045,845,774,34.12,30.361,0.0633,-0.0281,9.8712,0.1258,-0.3389,0.1671
31050,857,768,34.112,30.368,0.0137,-0.0246,9.8861,0.246,-0.319,-0.3816
31055,874,765,34.141,30.341,0.0649,0.0782,9.7732,0.3004,0.1189,0.9898
31060,883,757,34.02,30.365,-0.0178,-0.0223,9.7964,-0.2581,-0.1283,0.1576
31065,902,763,33.985,30.396,-0.0193,-0.0851,9.8091,0.2737,0.363,0.1858
31070,909,756,34.06,30.314,0.0862,0.0413,9.7781,0.4013,0.7018,-0.68
31075,928,750,34.147,30.345,0.0319,0.0187,9.8433,0.0187,-0.0798,0.539
31080,932,746,34.108,30.511,0.0549,-0.0459,9.7766,-0.4923,-0.1933,-0.0731
31085,957,741,34.097,30.485,0.0907,0.0434,9.835,0.6659,-0.3617,0.4866
31090,970,744,34.09,30.36,-0.0118,0.0137,9.7725,0.0132,-0.2071,-0.0184
31095,985,737,34.13,30.378,0.0202,-0.1253,9.7141,-1.1008,0.0164,0.9081
31100,989,731,34.153,30.406,-0.0363,-0.051,9.8072,-0.1517,0.518,0.1549
31105,1009,727,33.968,30.377,0.0247,-0.0204,9.7405,-0.1352,-0.8739,0.7598
31110,1011,732,34.085,30.552,0.045,-0.0701,9.7096,0.8708,-0.4193,0.4422
31115,1024,720,34.162,30.483,0.0861,-0.0048,9.752,-0.5439,0.8848,0.2337
31120,1058,718,34.058,30.413,-0.0088,-0.045,9.7588,1.2617,0.8871,0.7003
31125,1061,720,34.072,30.523,0.0267,-0.0224,9.86,-0.1604,-0.1736,-0.0355
31130,1078,718,34.013,30.377,0.0028,-0.1162,9.8253,-0.1981,-0.1407,-0.0872
31135,1082,718,34.131,30.329,0.0035,0.0201,9.7698,0.4024,0.2755,0.2296
31140,1094,718,34.148,30.426,-0.0551,0.0858,9.7171,0.2352,-0.7512,-0.4047
31145,1102,712,34.169,30.418,0.0143,-0.0273,9.7083,0.3398,0.2419,-0.625
31150,1118,713,34.104,30.423,-0.0177,-0.0206,9.808,-0.0043,0.1184,-0.7423
31155,1115,710,34.021,30.399,0.0593,-0.0085,9.8299,0.0513,0.3668,0.0145
31160,1129,714,34.137,30.372,-0.0748,0.0097,9.8168,0.1127,0.4464,0.6129
31165,1138,711,34.02,30.437,-0.0488,-0.0396,9.9032,-0.2663,-0.4436,0.2353
31170,1148,713,34.156,30.377,-0.0132,0.013,9.7729,-0.791,0.3777,0.849
31175,1146,716,34.044,30.394,0.0767,-0.0438,9.8804,-0.1993,0.537,0.2308
31180,1156,718,34.095,30.357,0.0092,0.0013,9.8219,-0.0845,-0.3751,-0.0771
31185,1163,715,34.152,30.522,-0.0066,-0.0021,9.6868,-0.5985,0.8612,0.1626
31190,1170,717,34.086,30.432,-0.0084,0.0506,9.818,0.2982,0.3672,0.569
31195,1174,717,34.072,30.37,-0.0556,-0.0722,9.8008,-0.425,-1.0076,-0.939
31200,1181,718,34.087,30.463,0.0964,-0.0094,9.8571,0.4495,0.177,0.0403
31205,1181,723,34.151,30.43,-0.054,0.0002,9.8565,0.0551,0.2889,-0.8994
31210,1184,723,34.114,30.333,0.0397,-0.0905,9.8868,1.173,0.1006,-0.2374
31215,1191,730,34.072,30.448,0.0163,-0.0775,9.8262,0.4042,-0.0129,0.4844
31220,1193,725,34.078,30.484,0.1145,-0.0349,9.7827,-0.0036,0.7434,-0.6479
31225,1184,729,34.046,30.405,0.0314,0.0804,9.7501,0.1918,0.3752,0.1202
31230,1188,735,34.058,30.393,0.0456,-0.0536,9.829,0.4807,1.1899,0.1544
31235,1194,739,34.068,30.409,0.0052,0.0186,9.8227,-0.57,-1.1622,-0.0789
31240,1197,738,34.151,30.349,0.0297,-0.0323,9.789,0.1385,0.4681,-0.3338
31245,1180,746,34.116,30.401,0.0263,-0.042,9.8195,0.3417,0.6481,-0.6786
31250,1183,750,33.967,30.309,0.0205,0.036,9.8242,0.7798,0.4023,0.2803
31255,1183,757,34.091,30.405,-0.0744,0.1096,9.7607,-1.2286,0.1225,-0.0231
31260,1182,759,34.079,30.46,-0.014,-0.0138,9.6776,-0.1589,0.2243,0.2702
31265,1172,764,34.058,30.338,-0.0197,-0.0533,9.8287,0.6432,0.2204,-0.5616
31270,1176,770,34.106,30.369,-0.0317,0.0398,9.7279,-0.3933,0.0457,-0.3396
31275,1169,768,34.128,30.377,-0.0351,-0.019,9.8161,0.3158,0.099,-0.3674
31280,1171,778,34.128,30.314,-0.0279,-0.0874,9.8824,-0.1071,-0.6101,0.2683
31285,1164,777,34.026,30.438,-0.0721,0.068,9.7957,-0.8476,0.1152,-0.2279
31290,1155,784,34.172,30.451,-0.071,0.0263,9.8919,-0.6191,0.8337,0.4235
31295,1162,791,34.043,30.355,-0.0269,0.0503,9.6905,-0.4736,-0.0661,0.3657
31300,1155,795,34.192,30.371,0.0039,-0.0327,9.7443,0.03,0.2679,-0.895
31305,1152,803,34.064,30.418,0.047,-0.0449,9.8029,-0.4981,-0.9661,-0.0928
31310,1140,811,34.132,30.428,0.0173,0.029,9.8148,-0.1022,0.223,0.1033
31315,1148,814,34.038,30.356,0.0248,0.0631,9.8587,-1.0171,0.4145,-0.6238
31320,1133,819,34.06,30.447,0.0018,0.0172,9.8305,0.1901,0.1997,-0.0944
31325,1138,816,34.077,30.293,0.0178,-0.0145,9.877,0.3397,0.4428,1.1496
31330,1127,823,34.031,30.465,-0.0414,0.0549,9.8225,-0.6186,0.1244,-0.2425
31335,1129,826,34.169,30.424,-0.0085,0.0106,9.8391,-0.3971,-0.6411,0.4676
31340,1122,832,34.034,30.338,0.0288,0.049,9.7517,0.0962,1.1389,0.2047
31345,1123,831,34.058,30.448,-0.1121,-0.0264,9.743,0.0262,0.1493,-0.192
31350,1116,841,34.067,30.41,0.079,0.0657,9.851,-0.1255,0.4824,-0.3169
31355,1111,841,34.016,30.325,0.0472,0.0973,9.7711,-0.3328,-0.0003,-1.509
31360,1112,844,34.059,30.381,-0.0009,-0.0518,9.9111,0.4568,0.0755,0.2929
31365,1096,853,34.095,30.472,-0.0688,0.0048,9.7778,-0.5582,-0.4177,-0.573
31370,1107,853,34.081,30.433,-0.0118,-0.0538,9.8189,0.1625,0.2906,0.5878
31375,1109,846,34.039,30.452,-0.0454,-0.0033,9.7201,-0.1618,-0.341,0.6068
31380,1108,857,34.002,30.402,-0.004,0.0956,9.7925,-0.1715,-0.9362,-0.3324
31385,1095,860,34.06,30.477,-0.0906,-0.0712,9.6752,0.0687,-0.873,0.9257
31390,1097,855,34.121,30.396,0.0049,0.0251,9.7771,0.5957,-0.7051,-0.3544
31395,1092,856,34.127,30.434,0.0041,-0.0509,9.7919,0.0315,-0.6411,-0.1589
31400,1092,862,34.121,30.381,-0.0557,0.0077,9.8688,-0.3669,0.2004,0.2873
31405,1093,860,34.023,30.392,-0.0708,0.0182,9.9002,-0.155,0.6338,0.1171
31410,1084,861,34.081,30.469,0.0445,-0.035,9.7577,0.0779,0.0531,0.7282
31415,1080,863,34.055,30.471,-0.007,-0.0213,9.7391,-0.1071,-1.3192,0.0125
31420,1087,866,34.036,30.501,-0.0325,-0.0435,9.7288,-0.2098,-0.0561,-0.7273
31425,1083,867,34.065,30.389,-0.013,-0.0915,9.8498,0.2324,0.2987,-0.1217
31430,1087,866,34.038,30.394,0.0406,-0.1006,9.8853,0.4476,0.3362,-0.1902
31435,1072,871,34.069,30.434,0.0434,-0.0575,9.7957,0.2013,0.8323,0.4606
31440,1060,856,34.099,30.365,-0.0439,0.0855,9.8425,-0.4785,0.3016,0.1558
31445,1064,857,34.092,30.348,-0.0679,-0.0163,9.7601,0.1755,-0.399,-0.7551
31450,1066,857,34.126,30.362,0.0707,-0.0796,9.6557,-0.536,0.5421,-0.2013
31455,1063,866,34.112,30.364,-0.0299,-0.052,9.8293,0.688,-0.208,-0.1163
31460,1057,863,34.036,30.435,0.0504,-0.0787,9.7764,0.1761,-0.4571,-0.73
31465,1047,863,34.089,30.454,0.0155,-0.032,9.8224,-0.6634,-0.2849,-0.521
31470,1041,861,33.995,30.42,0.049,-0.009,9.7918,-0.097,-0.0568,-0.2513
31475,1040,858,34.144,30.456,-0.0179,-0.0055,9.8015,0.2361,-0.7144,-0.3094
31480,1033,855,34.159,30.418,0.0412,0.0716,9.8666,-0.3486,0.2669,0.0547
31485,1027,852,34.055,30.443,0.0376,0.0483,9.8558,0.2527,0.555,0.5496
31490,1012,853,34.033,30.468,0.1751,-0.0396,9.778,-0.2873,0.421,-0.2702
31495,1016,851,34.143,30.442,-0.006,0.1046,9.8728,0.3294,0.4837,0.4521
31500,1002,857,34.163,30.348,0.0625,-0.0377,9.7654,0.4123,-0.7742,-0.0201
31505,1004,857,34.091,30.317,0.0501,-0.0528,9.7744,0.4564,0.1241,-0.3649
31510,981,853,34.112,30.439,0.0226,0.0071,9.855,-0.1409,-0.2187,-0.2598
31515,984,854,34.081,30.4,0.0228,0.0567,9.8587,0.7333,-0.6239,0.0779
31520,973,850,34.096,30.43,0.0288,-0.0531,9.7658,0.2742,0.4131,0.267
31525,963,848,34.069,30.361,-0.0091,-0.0597,9.8422,-0.5562,0.693,0.8263
31530,962,845,34.101,30.339,0.0154,-0.0447,9.7929,-0.7638,-1.1122,-0.0058
31535,948,844,34.093,30.401,0.0012,0.0699,9.7418,-0.8111,0.4713,-0.5258
31540,949,844,34.039,30.443,0.0771,-0.0491,9.7831,-0.1103,-0.3133,-1.0801
31545,921,848,34.095,30.434,0.016,0.0302,9.7906,0.0563,0.0677,0.6099
31550,923,840,34.063,30.416,-0.0308,0.0219,9.7797,-0.043,0.1395,-0.0207
31555,917,840,34.102,30.471,0.036,-0.0099,9.8009,0.0025,-0.6802,-0.4126
31560,895,836,34.087,30.312,0.0207,0.0205,9.8132,0.3097,0.0539,-0.6194
31565,890,838,34.228,30.418,0.0342,0.0244,9.7994,-0.1032,-0.3109,1.0615
31570,890,841,34.112,30.445,0.0364,0.0021,9.8388,0.3916,0.0064,-0.1806
31575,870,832,34.107,30.466,-0.0472,-0.0371,9.7948,0.1415,-0.1778,-0.4687
31580,856,837,34.144,30.398,-0.0858,0.0112,9.8784,-1.1317,0.0671,0.3519
31585,854,841,34.031,30.425,0.0104,-0.0207,9.7788,-0.5441,-0.161,-0.2423
31590,841,834,34.056,30.425,0.063,-0.0293,9.7713,0.3039,0.1135,1.0886
31595,836,834,34.057,30.488,-0.0374,0.0225,9.8419,-0.525,-0.6381,0.0444
31600,826,833,34.03,30.511,-0.015,-0.0004,9.8279,-0.5748,0.3936,0.4367
31605,811,836,34.086,30.452,-0.0662,-0.0145,9.8288,0.3369,-0.3794,-0.176
31610,811,827,34.107,30.38,-0.0152,0.0679,9.7381,-0.8142,-0.5752,0.0379
31615,802,827,34.0,30.456,-0.0069,-0.0258,9.946,-0.8715,-1.0585,0.3179
31620,793,830,34.095,30.435,-0.0792,0.0206,9.7114,0.1749,-0.2194,-0.2895
31625,778,832,34.0,30.489,-0.1298,-0.0004,9.7929,0.1347,0.8882,-0.0361
31630,770,828,34.144,30.48,-0.0676,-0.0192,9.7804,-0.8891,-0.398,0.047
31635,775,825,34.05,30.385,0.0137,-0.0353,9.783,-1.0459,0.123,0.0153
31640,760,820,34.098,30.324,0.0345,0.0926,9.8558,-0.0385,-1.0305,-0.637
31645,756,823,34.06,30.355,0.0343,0.012,9.7809,0.5305,0.0081,0.5738
31650,765,818,34.03,30.329,-0.0408,0.0024,9.7926,0.48,-0.5607,-0.2727
31655,752,821,34.071,30.449,-0.0273,0.0328,9.723,0.8146,0.1401,-0.4403
31660,745,820,34.074,30.396,-0.0418,-0.106,9.8865,-0.5708,0.1004,0.4436
31665,753,816,34.08,30.32,0.0205,-0.0196,9.8078,-0.7065,-0.4002,0.2813
31670,752,813,34.034,30.484,0.0081,-0.0055,9.6454,-0.0295,0.2462,-0.572
31675,755,811,34.031,30.362,-0.1022,0.0264,9.8256,-0.44,0.8139,-0.115
31680,758,810,34.082,30.399,-0.0483,0.0208,9.7486,-0.1264,-0.3491,-0.1015
31685,752,811,34.144,30.349,-0.0164,0.0057,9.8053,-0.1831,-0.2303,-0.146
31690,758,808,34.101,30.448,-0.0001,-0.0859,9.8573,-0.5798,-0.2773,-0.3246
31695,758,803,34.022,30.407,-0.0107,0.0556,9.7362,-0.0021,-0.4196,-0.8291
31700,757,804,34.096,30.492,-0.0789,-0.0452,9.9276,-0.1766,-0.7681,0.3704
31705,767,801,34.104,30.469,0.0698,0.0721,9.7818,0.5617,-0.2565,-0.4213
31710,766,792,34.074,30.389,-0.017,0.0109,9.8337,-0.0875,0.824,-0.0374
31715,773,793,34.04,30.455,0.0745,-0.0493,9.789,0.532,0.1085,-0.4862
31720,780,797,34.095,30.39,0.089,-0.0157,9.7541,-0.0814,-0.0564,-0.1386
31725,784,792,34.06,30.344,-0.0059,0.0095,9.7544,-0.9965,0.1644,0.7673
31730,803,786,34.072,30.355,-0.0564,-0.0229,9.8268,-0.4529,1.1851,0.4916
31735,810,781,34.086,30.431,-0.0207,-0.0236,9.8588,-0.6297,0.9194,-0.4625
31740,815,778,34.061,30.389,-0.0409,-0.0344,9.7846,-0.1627,-0.1624,-0.3118
31745,828,778,34.106,30.447,-0.0302,0.0393,9.8196,0.8546,-0.5636,-0.742
31750,839,774,34.083,30.485,-0.0588,0.0444,9.8366,-0.161,-1.2843,0.4268
31755,854,766,34.034,30.389,0.071,0.036,9.8107,0.1937,0.2914,-0.4807
31760,868,763,34.104,30.434,0.0517,-0.0089,9.8137,-0.8135,-0.1688,0.3285
31765,879,769,34.069,30.399,0.0189,-0.0233,9.8293,0.1512,-0.763,0.3527
31770,890,756,34.105,30.442,0.0157,0.0216,9.8358,-0.6671,-0.2429,0.047
31775,912,755,33.964,30.376,0.113,0.0302,9.7336,-0.1127,0.0501,0.0053
31780,918,758,34.054,30.361,0.022,0.0505,9.7344,-0.0227,0.007,0.5556
31785,925,749,34.11,30.385,-0.1005,0.0387,9.7322,0.0613,-0.6097,-0.4261
31790,947,744,34.107,30.43,0.1489,-0.0285,9.862,1.0388,0.1723,-0.6166
31795,956,743,34.016,30.442,-0.0009,-0.0481,9.7786,0.9147,-0.8565,0.1564
31800,975,741,34.073,30.319,-0.0173,0.0003,9.825,-0.4784,0.3081,0.0721
31805,988,734,34.034,30.387,-0.0209,0.0636,9.8618,0.5502,-0.3063,-0.3958
31810,1018,734,34.13,30.429,-0.0982,0.036,9.8201,-0.4927,0.2932,0.4312
31815,1014,726,34.171,30.436,0.0057,-0.0209,9.8601,0.0039,0.4235,0.2067
31820,1025,732,34.06,30.443,0.0246,-0.0094,9.737,0.1148,-0.3511,0.0877
31825,1041,723,34.064,30.445,-0.0211,-0.0177,9.7279,0.0086,-0.147,0.3605
31830,1052,722,34.14,30.271,0.1196,-0.0291,9.8921,-0.1285,0.2203,-0.0938
31835,1063,715,34.045,30.371,0.0352,0.0287,9.7437,0.136,-0.0697,0.103
31840,1074,717,34.166,30.436,0.1463,-0.0442,9.7988,-0.016,0.6831,0.4619
31845,1083,717,34.061,30.448,-0.0006,-0.0063,9.8829,-0.3328,-0.8593,-0.1992
31850,1099,708,34.067,30.492,-0.0287,0.0304,9.8685,0.2829,0.4299,0.7348
31855,1108,715,34.132,30.422,-0.0379,0.0265,9.7778,0.8999,-0.5154,-0.3696
31860,1116,713,34.095,30.363,-0.0024,0.1285,9.774,-0.3955,-0.0865,-0.0892
31865,1128,707,34.123,30.315,0.1172,0.0386,9.8611,0.3957,-0.3217,-0.1264
31870,1144,711,34.079,30.452,0.0007,-0.0281,9.8246,-0.7156,-0.3404,-0.929
31875,1140,710,34.059,30.353,0.0535,0.0357,9.8007,-0.9562,-0.2596,-0.2764
31880,1151,713,34.092,30.397,-0.1822,-0.0297,9.8684,0.1094,0.0631,-0.3035
31885,1148,714,34.069,30.409,-0.04,0.0944,9.8325,-0.4576,0.6179,0.1922
31890,1151,711,34.112,30.326,0.007,0.076,9.8789,0.742,-0.0272,-0.5255
31895,1171,715,34.062,30.448,0.0624,0.0509,9.7731,-0.636,1.1761,-0.2611
31900,1165,715,33.984,30.396,-0.1163,-0.0197,9.7915,-1.0079,-0.0862,0.4213
31905,1172,715,34.069,30.294,0.0332,0.0916,9.8733,-0.3202,-0.3354,-0.1779
31910,1173,717,34.081,30.345,-0.0051,-0.0004,9.7876,-0.2899,0.4129,-0.8911
31915,1175,719,34.059,30.344,-0.0378,0.0525,9.7748,0.282,0.3197,-0.9159
31920,1185,724,34.06,30.408,-0.0555,-0.0129,9.8304,0.1392,1.1621,1.1535
31925,1194,724,34.082,30.373,-0.0064,-0.0309,9.9001,-0.2747,0.3895,-0.5446
31930,1182,734,34.04,30.449,0.0374,0.0047,9.8488,0.4424,0.0235,0.6614
31935,1183,731,34.09,30.344,-0.0034,0.0032,9.7501,0.4727,-0.0155,0.1643
31940,1185,736,34.091,30.336,0.1153,0.063,9.7513,-0.2672,0.8293,-0.3597
31945,1180,743,34.079,30.282,-0.0636,0.0254,9.7373,-0.5306,-0.5231,0.0515
31950,1171,744,34.093,30.409,-0.0591,0.064,9.7166,-0.3122,-0.0571,-0.3213
31955,1180,750,34.047,30.394,-0.0761,-0.0417,9.8167,0.4524,-0.5757,0.1011
31960,1187,754,34.009,30.392,0.0496,-0.035,9.7476,0.1306,0.5074,0.1122
31965,1176,757,34.046,30.477,-0.0721,-0.1132,9.7927,-0.5732,0.0608,-0.1788
31970,1173,763,33.985,30.437,0.0325,-0.0183,9.8629,-0.3999,1.0231,-0.1301
31975,1166,769,34.065,30.409,0.0241,-0.0024,9.7558,-0.4588,-0.5414,-0.3097
31980,1169,774,34.072,30.401,0.0498,-0.0381,9.7903,-0.101,0.8733,0.9704
31985,1176,778,34.096,30.409,0.0108,0.0594,9.7861,-0.5353,0.0669,0.1228
31990,1175,783,33.963,30.392,-0.0162,0.1784,9.8381,0.4416,-0.1441,0.1441
31995,1160,783,34.0,30.428,0.0292,-0.0069,9.7668,-0.2973,-0.9096,0.4795
32000,1157,792,34.091,30.453,-0.0708,0.0152,9.7439,0.7164,0.4955,0.1392
32005,1160,795,34.087,30.428,-0.0356,-0.0038,9.7879,-0.4041,0.251,0.7805
32009,1145,806,34.1,30.402,0.0147,-0.0197,9.785,-0.0375,0.0502,-0.3555
32015,1158,810,34.069,30.427,0.0472,0.0404,9.7717,-0.0364,0.3873,0.8638
32020,1148,809,34.1,30.471,-0.0371,0.0548,9.7775,0.4487,-0.2897,0.6071
32025,1144,812,34.091,30.43,-0.0259,-0.0503,9.8957,0.1218,0.2891,-1.0001
32030,1138,818,34.06,30.447,-0.0142,-0.0295,9.7648,0.2604,-0.0422,-0.662
32034,1127,830,34.123,30.423,-0.0225,0.0064,9.7626,0.5071,1.0947,0.599
32040,1138,829,33.941,30.41,-0.0159,0.0367,9.8646,0.9203,-0.2886,0.444
32045,1132,829,34.046,30.409,0.0135,-0.0616,9.8142,0.1055,-0.8353,-0.5063
32049,1124,837,34.112,30.478,0.0337,0.0442,9.8438,0.03,0.2662,0.5207
32055,1123,834,34.011,30.282,0.0359,-0.0319,9.7554,0.6522,-0.2301,0.3998
32060,1118,843,34.008,30.387,0.076,0.001,9.7875,0.5565,0.014,-0.0361
32064,1116,846,34.076,30.297,0.0565,-0.0491,9.7409,-0.1451,0.9341,-0.2598
32070,1110,845,34.088,30.491,-0.0664,-0.0413,9.7792,-0.0418,0.3627,0.8333
32075,1106,846,34.0,30.511,0.0459,-0.0025,9.8148,0.0683,-0.2127,0.2275
32080,1110,854,34.103,30.381,-0.0957,-0.05,9.8156,-0.4451,-0.1576,-0.4247
32085,1104,856,34.031,30.386,0.0665,0.0096,9.8586,-0.2576,0.0136,0.5926
32090,1099,858,34.041,30.447,0.085,-0.0559,9.818,-0.1764,0.7484,-0.2639
32095,1101,860,34.098,30.417,-0.0246,-0.0372,9.775,0.4113,-0.1276,-0.0237
32100,1092,862,34.089,30.419,0.0405,-0.0332,9.77,-0.1562,-0.4862,-0.0587
32104,1092,858,34.045,30.443,-0.1005,0.0862,9.7428,-0.0396,0.1821,0.0229
32110,1090,866,34.098,30.489,-0.0071,0.074,9.9144,0.6745,0.586,0.1804
32115,1087,861,34.077,30.441,0.028,-0.0113,9.9056,-0.2951,-0.9227,-0.0958
32119,1079,864,34.069,30.41,-0.0193,-0.0708,9.7614,-0.0291,0.9576,-0.4652
32125,1084,863,34.103,30.402,0.1123,0.0462,9.7268,-0.783,-0.4069,-0.2158
32130,1074,865,34.055,30.452,-0.0105,0.0643,9.8533,0.3497,-0.1544,-0.2313
32134,1075,865,34.026,30.404,0.0306,0.0832,9.8105,0.4034,-0.0143,-0.0783
32140,1081,864,34.164,30.388,0.0286,0.0808,9.8717,0.7645,-0.8509,0.3604
32145,1064,863,34.026,30.399,-0.0627,-0.0093,9.7822,0.6359,-0.461,0.2086
32150,1059,863,34.08,30.369,0.0291,-0.0071,9.8374,-0.022,-0.4936,0.2586
32155,1062,864,34.118,30.439,-0.0241,0.0088,9.7655,-0.3781,-0.0192,-0.8254
32159,1053,862,34.097,30.424,0.0016,0.067,9.8039,0.7997,-0.3683,0.8111
32165,1046,866,33.938,30.359,0.0512,0.0202,9.8882,0.4701,-0.2467,0.2546
32170,1048,863,34.135,30.348,-0.0643,-0.0018,9.7475,-0.3337,0.3531,-0.5227
32174,1050,863,34.063,30.35,0.013,-0.0681,9.7238,-0.1401,-0.4178,-0.0963
32180,1043,860,34.06,30.48,0.0399,0.0185,9.8394,0.3044,-1.019,-0.2418
32185,1029,859,34.113,30.402,-0.0382,-0.0665,9.8264,0.2215,-0.0096,-0.7659
32189,1030,861,34.03,30.447,0.0269,-0.0427,9.8027,-0.5071,0.3043,-0.6309
32195,1029,859,34.044,30.48,0.055,0.0225,9.7957,-1.0529,-0.2547,-0.2196
32200,1018,856,34.103,30.407,0.0242,0.0531,9.8542,0.7024,-0.5088,-0.0057
32205,1004,854,34.106,30.328,-0.0278,-0.0559,9.7773,-0.8679,-0.6826,0.044
32210,1013,851,34.016,30.391,-0.0789,-0.0182,9.7949,0.073,-0.4426,-0.8957
32215,1000,852,34.027,30.378,-0.0257,-0.0179,9.8466,-0.4366,1.1414,0.5795
32220,994,851,34.037,30.379,0.0087,-0.0199,9.7544,-0.3945,-0.3621,0.0192
32225,976,850,34.144,30.453,-0.0224,-0.0209,9.7025,-1.3107,0.2847,0.262
32229,975,842,34.088,30.386,0.0005,-0.0868,9.8203,-0.581,-0.117,0.7597
32235,957,845,34.067,30.454,0.084,-0.0813,9.7321,-0.3143,0.3748,0.1025
32240,959,846,34.093,30.324,-0.1122,0.0864,9.702,-0.3139,-0.1783,-0.8946
32244,940,844,34.2,30.387,-0.0514,0.0734,9.7575,0.5569,0.0513,-0.4111
32250,941,840,34.184,30.401,0.1429,-0.1546,9.851,0.5191,0.8039,0.2076
32255,931,845,34.076,30.337,-0.0471,-0.0537,9.8057,0.2765,0.8274,-0.9277
32259,915,841,34.093,30.393,0.0408,-0.0494,9.8073,0.6044,0.2649,-0.0544
32265,905,845,34.061,30.365,0.0009,-0.0149,9.8446,-0.475,0.2624,0.1007
32270,891,837,34.059,30.423,-0.0533,-0.0699,9.8934,-0.8174,0.3911,-0.4935
32275,879,840,34.083,30.41,0.0156,-0.0569,9.8961,-0.1023,-0.0329,0.7635
32280,882,840,34.15,30.469,-0.0403,0.025,9.7476,-0.3078,0.047,0.0317
32284,865,836,34.087,30.442,-0.0383,0.0735,9.7677,0.1282,0.6388,-0.2725
32290,863,835,34.066,30.396,0.0255,-0.097,9.8082,-0.1432,-0.0305,0.456
32295,846,843,34.063,30.405,0.0467,-0.1028,9.7983,-0.2441,-0.1014,-0.0909
32299,836,828,34.176,30.374,0.0084,0.0322,9.8289,-0.6225,0.5309,0.0668
32305,828,831,34.116,30.406,0.0714,-0.0585,9.7506,0.3392,0.2361,0.5917
32310,820,830,34.073,30.394,0.0032,-0.0087,9.8636,0.2702,0.3035,0.4918
32314,811,830,34.098,30.403,0.018,-0.0305,9.8102,-0.382,0.0999,-0.4396
32320,800,827,34.077,30.484,-0.0187,0.0348,9.7745,0.8354,-0.7436,0.075
32325,800,827,34.091,30.433,0.0491,-0.0266,9.8361,-0.9643,-0.7409,0.2035
32330,785,827,34.13,30.345,0.0672,-0.0329,9.7212,0.7028,-0.0683,0.5276
32335,774,831,34.078,30.529,-0.0934,0.0184,9.8798,-0.9011,0.1428,-0.3674
32340,774,828,34.098,30.378,0.0273,-0.0033,9.7874,-0.6436,-0.592,-0.5711
32345,758,828,34.086,30.388,-0.0892,0.0407,9.8217,-0.0563,0.5153,0.1221
32350,758,823,33.982,30.46,0.0226,-0.0727,9.7977,-0.125,-0.5636,0.1216
32354,761,823,34.117,30.407,0.0106,-0.0056,9.8232,-0.1621,0.6907,-0.3492
32360,752,821,34.109,30.381,0.0569,0.0088,9.855,0.0536,0.4093,0.2466
32365,750,817,34.099,30.4,0.0027,0.0614,9.8881,-0.6867,0.5107,-0.375
32369,749,822,33.966,30.431,0.0195,0.0525,9.7487,0.5622,0.4574,-0.3975
32375,750,816,34.154,30.457,-0.0463,0.061,9.7235,-0.1042,0.0614,0.1984
32380,740,818,34.091,30.369,0.066,0.0039,9.8692,0.0737,-1.5931,-0.3239
32384,744,813,34.15,30.356,-0.031,0.0125,9.7567,0.1747,-0.0868,-0.7893
32390,749,812,34.029,30.429,0.0378,-0.05,9.8305,0.0242,0.1049,0.5421
32395,757,801,34.078,30.387,-0.0122,-0.0631,9.8439,0.3178,0.2689,0.4935
32400,751,806,34.082,30.413,0.0203,-0.0447,9.7674,-0.3274,-0.6039,0.0698
32405,759,801,34.008,30.394,-0.0416,-0.0204,9.8101,0.6988,-0.4777,0.3939
32409,750,801,33.956,30.36,0.0543,0.0276,9.8944,0.1972,0.2162,-0.37
32415,769,802,34.085,30.385,0.0362,0.0113,9.8347,-0.7198,0.0561,0.3385
32420,777,796,34.131,30.358,-0.0393,0.0242,9.838,0.8922,-0.7317,-0.6704
32424,779,792,34.0,30.437,0.0395,-0.0484,9.8445,-1.3098,0.5096,-0.5638
32430,791,790,34.021,30.46,0.0356,-0.1016,9.788,0.5528,-0.2498,0.4075
32435,804,791,34.145,30.403,0.0169,-0.035,9.8587,0.7316,-0.4781,0.0955
32439,807,780,34.079,30.434,0.0629,-0.0287,9.8239,-0.2219,-0.1464,-1.0547
32445,813,781,34.073,30.412,0.0304,0.0191,9.8264,1.2534,0.4772,-0.1268
32450,830,776,34.148,30.339,-0.0025,0.0517,9.8424,0.2706,0.2453,-0.6477
32455,846,773,34.06,30.369,0.0492,0.0273,9.8979,0.4442,0.0084,0.3422
32460,853,771,34.061,30.465,-0.0951,-0.0051,9.8197,-0.565,-0.1318,-0.2483
32465,861,767,34.107,30.356,-0.0169,-0.0458,9.8144,-0.5763,0.3959,0.3581
32470,881,768,34.076,30.317,-0.0422,-0.0398,9.8712,0.5121,-0.0107,-0.0885
32475,889,762,34.017,30.306,-0.0258,0.0271,9.8511,-0.6541,-0.4304,0.1708
32479,895,759,34.087,30.426,0.0709,-0.0201,9.7458,-0.2035,0.3309,-0.0296
32485,917,752,34.025,30.37,-0.0732,-0.0931,9.7986,-0.0775,-0.0741,-0.1909
32490,925,754,34.121,30.411,-0.0044,0.0202,9.8774,0.1918,-0.2822,-0.2743
32494,948,746,34.033,30.341,-0.0946,-0.0259,9.8019,0.2057,-0.2937,0.0933
32500,956,742,33.976,30.371,0.0449,-0.0607,9.8622,1.0696,0.1478,-0.3538
32505,968,740,34.07,30.371,0.0354,-0.0668,9.827,-0.1882,-0.2169,-0.1474
32509,982,737,34.094,30.397,0.0538,-0.0487,9.7821,-0.1869,-0.1743,-0.1217
32515,997,728,34.084,30.421,-0.0033,0.0481,9.7911,0.8929,0.5811,0.1231
32520,1007,732,34.082,30.373,-0.0557,0.0485,9.8424,1.0739,-0.5481,-0.1241
32525,1026,728,34.076,30.326,0.009,0.0504,9.7943,-0.2663,0.1644,0.0641
32530,1025,721,34.1,30.26,-0.057,0.0406,9.8147,-0.4712,-0.2349,0.0489
32534,1042,724,34.139,30.315,-0.041,-0.0174,9.7894,0.2428,0.2232,0.2177
32540,1066,718,34.051,30.295,0.0033,0.0301,9.7628,-0.4051,0.3005,-0.3654
32545,1069,721,34.115,30.376,0.0157,0.0939,9.8691,-0.8423,0.0522,0.9226
32549,1082,714,34.015,30.364,-0.0287,0.0687,9.7691,0.4218,0.869,-0.5278
32555,1098,718,34.035,30.4,-0.0162,0.0808,9.8516,-0.2652,-0.7198,1.1209
32560,1101,714,34.075,30.415,0.0232,-0.072,9.837,-0.2147,0.2723,0.601
32564,1108,725,34.144,30.323,-0.0171,0.0199,9.7552,0.1206,0.0266,0.5064
32570,1118,717,34.05,30.334,-0.0501,-0.0903,9.8035,0.3948,-0.8739,0.209
32575,1133,709,34.031,30.444,0.1061,-0.0316,9.8141,-0.0018,-0.0968,-0.3508
32580,1143,713,34.123,30.356,-0.0463,-0.0194,9.8228,-0.4984,0.5451,-0.3893
32585,1151,713,34.049,30.334,-0.003,-0.0279,9.8348,0.3725,-0.1106,0.2324
32590,1143,710,34.0,30.328,0.0786,0.0498,9.7836,-0.3149,1.1055,-0.0354
32595,1160,713,34.102,30.377,0.0299,-0.0127,9.7802,0.1472,-0.4767,0.257
32600,1166,714,34.076,30.32,0.126,0.0497,9.7774,1.0216,0.042,0.2078
32604,1180,712,34.119,30.31,-0.0275,-0.0346,9.8506,-0.0759,0.4077,0.0933
32610,1174,717,33.945,30.359,-0.0593,0.0252,9.7545,0.0445,0.6119,0.3468
32615,1187,717,34.045,30.361,0.1135,-0.0974,9.8043,1.0284,-0.0525,-0.7509
32619,1184,719,34.047,30.453,-0.0543,0.0475,9.8776,-0.1153,0.6551,-0.3812
32625,1183,725,34.021,30.398,0.0043,0.0282,9.9084,1.3557,-0.152,-0.4656
32630,1186,724,34.014,30.415,-0.0537,0.0118,9.8117,-0.244,0.6803,-0.1464
32634,1197,730,34.111,30.356,0.0217,0.0021,9.7188,0.1852,0.3316,-0.2274
32640,1185,732,34.068,30.466,-0.0643,-0.0524,9.7242,0.5555,-0.9378,1.3147
32645,1193,734,34.142,30.385,-0.0408,0.006,9.8004,0.2322,0.0238,1.0747
32650,1196,740,34.096,30.444,-0.0234,0.0531,9.708,-0.4024,-0.1642,0.0488
32655,1187,741,34.118,30.436,0.0193,-0.0389,9.8064,0.0412,-0.517,0.2647
32659,1176,744,33.986,30.355,-0.0468,0.0194,9.741,-0.6158,-0.696,-0.378
32665,1178,751,34.14,30.351,-0.0291,0.0496,9.8507,-0.1546,0.2044,-0.1021
32670,1183,756,34.081,30.428,-0.0076,0.0181,9.7526,0.5802,0.1259,0.1361
32674,1178,763,34.051,30.382,0.0255,-0.0242,9.818,0.3165,0.8887,0.5105
32680,1182,763,34.077,30.401,0.0131,-0.022,9.8089,-0.4465,-0.0914,-1.4513
32685,1173,765,34.111,30.389,0.0142,0.0202,9.7548,-0.5269,-0.1388,0.5812
32689,1160,772,33.986,30.421,-0.1335,-0.0258,9.8316,0.4558,0.0575,-0.3844
32695,1173,779,34.037,30.392,0.0267,-0.0002,9.816,0.2328,0.5143,0.0828
32700,1162,780,34.065,30.354,0.0032,-0.0326,9.8342,-1.1347,-0.9894,-0.1921
32705,1162,785,34.095,30.433,-0.0194,-0.0007,9.8115,0.1922,0.2674,-0.9194
32710,1151,788,34.008,30.405,0.0216,-0.08,9.7828,-0.6596,-0.1978,0.0109
32715,1159,792,33.97,30.393,-0.0047,-0.0541,9.8015,1.0219,0.4521,-0.1848
32720,1155,803,34.114,30.426,0.0137,-0.0512,9.768,0.1207,-0.5878,-0.0988
32725,1141,810,34.054,30.368,-0.0244,0.0,9.8056,-0.2349,1.1235,-0.284
32729,1138,811,34.061,30.394,0.0716,-0.0119,9.8741,0.268,-0.4131,0.2659
32735,1135,818,34.106,30.425,-0.0403,-0.028,9.7476,-0.085,-0.9977,1.2561
32740,1129,813,34.111,30.48,-0.0143,0.0024,9.8486,-0.3665,0.1347,0.1845
32744,1132,828,34.056,30.414,-0.1124,0.0134,9.7848,0.7499,-0.3043,0.4181
32750,1124,824,34.093,30.424,-0.0349,-0.0265,9.8405,0.3399,-0.0293,-0.3466
32755,1127,825,34.157,30.36,0.0251,-0.0957,9.8344,-0.1337,0.2103,-0.2579
32759,1118,838,34.109,30.448,0.0707,-0.0434,9.8008,-0.1398,-0.1259,-0.3132
32765,1123,842,34.084,30.358,-0.0039,-0.0181,9.7978,-0.5686,0.154,-1.0007
32770,1113,847,34.009,30.394,0.104,-0.0474,9.853,0.2059,0.3477,0.8019
32775,1115,849,34.127,30.355,-0.041,0.0478,9.8306,-0.9694,-0.6267,0.2407
32780,1101,852,34.12,30.472,-0.0502,0.1045,9.8849,0.3346,1.0658,0.2083
32785,1101,853,34.002,30.398,-0.0174,-0.0215,9.7548,-0.3264,-0.4677,-0.4221
32790,1103,853,34.105,30.356,0.0347,0.0792,9.782,-0.1522,-0.7218,0.3445
32795,1099,859,34.076,30.348,0.063,0.0555,9.8527,0.1601,-1.1433,-0.5654
32800,1099,861,34.094,30.269,0.0525,0.0088,9.8191,0.2111,0.223,-0.2271
32805,1098,855,34.085,30.338,0.0317,-0.0338,9.7431,1.2097,0.841,0.1236
32810,1101,860,34.05,30.349,0.0559,-0.0113,9.7756,0.2062,0.0123,-0.0061
32815,1097,862,34.117,30.46,-0.0212,-0.0151,9.9119,-0.5414,0.069,0.2205
32820,1084,861,34.078,30.407,-0.0145,0.0191,9.8017,0.2281,-0.1143,0.2805
32825,1084,868,34.081,30.346,-0.0127,0.0258,9.8432,0.4137,-0.2353,-0.8044
32830,1087,866,34.018,30.488,-0.0208,0.0099,9.7795,0.4616,1.0119,0.8257
32835,1080,860,34.122,30.328,-0.002,0.0309,9.8701,-0.1799,0.0356,-0.6233
32840,1083,864,34.091,30.372,-0.0287,-0.0507,9.8353,-0.53,0.8132,0.246
32845,1072,863,34.067,30.417,0.0239,-0.0181,9.7825,-0.0681,-0.2014,-0.6286
32850,1066,866,34.112,30.336,-0.0764,0.0494,9.8177,-0.4285,0.0113,0.3169
32855,1072,868,34.03,30.403,-0.1036,0.0082,9.8262,0.1103,-0.7614,-0.0028
32860,1072,868,34.081,30.333,0.033,-0.0164,9.7786,-0.8879,0.9415,0.5931
32865,1068,863,34.065,30.41,0.0059,0.028,9.8308,-0.755,0.2442,0.0664
32870,1053,859,34.056,30.483,-0.0555,0.0532,9.7745,0.2954,0.1859,-0.0338
32875,1052,865,34.124,30.367,-0.0769,0.0139,9.8058,0.3214,-0.3085,-0.6855
32880,1040,861,34.101,30.369,-0.0558,0.0295,9.813,-0.0378,0.0773,-0.1615
32885,1047,859,34.103,30.403,0.0462,-0.007,9.8492,0.4037,-0.2869,0.0044
32890,1051,858,34.059,30.402,0.0074,-0.0384,9.7831,-0.6166,0.0586,0.272
32895,1041,861,34.126,30.404,0.0125,-0.0029,9.8562,-0.1196,-0.4945,-0.0712
32900,1031,853,34.041,30.451,-0.0046,-0.0605,9.8155,-0.1655,-0.1717,-0.5427
32905,1014,857,34.085,30.381,0.0504,0.0035,9.8531,0.3855,0.5736,-0.4115
32910,1014,853,34.011,30.376,0.0423,0.0366,9.735,-0.0706,-0.3338,-0.8608
32915,997,852,34.054,30.361,-0.0398,-0.0109,9.8186,-0.4232,-0.7883,0.2616
32920,1006,853,34.169,30.365,0.0427,0.027,9.7273,0.5554,0.0413,-0.5232
32925,996,852,34.077,30.464,0.0259,-0.0723,9.7856,0.0486,-0.1529,-0.2043
32930,992,851,34.107,30.44,-0.0835,0.0712,9.8569,-0.1644,0.0754,0.0649
32935,986,845,34.011,30.468,0.0299,-0.1014,9.8894,0.9491,-0.1785,0.7882
32940,966,843,34.01,30.321,0.0245,0.0841,9.7201,-0.314,-0.7858,-0.25
32945,957,848,34.023,30.461,-0.0245,0.0695,9.8292,0.6694,-0.1013,-0.4429
32950,951,844,33.996,30.35,-0.082,0.0437,9.8668,0.0633,0.4121,-0.6428
32955,941,846,34.043,30.308,-0.0397,-0.0514,9.7696,-0.7234,-0.3964,-0.0513
32960,936,837,34.12,30.414,-0.0137,0.0451,9.7905,0.8464,0.3256,0.1573
32965,926,839,34.136,30.366,-0.0246,-0.0866,9.7915,1.0036,-0.6444,0.5109
32970,911,838,34.021,30.378,-0.0333,0.0394,9.8284,0.0767,-0.1752,-0.133
32975,900,838,34.058,30.464,-0.0735,-0.0067,9.8905,0.149,0.0113,-0.6645
32980,885,840,34.071,30.335,0.0091,-0.0364,9.8342,-0.6432,-0.1504,-0.6343
32985,880,831,34.067,30.385,-0.0605,-0.0218,9.7745,-0.0624,0.6837,0.8628
32990,871,841,34.058,30.384,0.1123,0.0021,9.7581,-0.3028,0.446,0.0692
32995,853,838,34.034,30.392,-0.0357,0.004,9.8484,-0.09,0.764,0.2471
33000,850,831,34.039,30.383,-0.0795,-0.0638,9.9046,0.2771,0.053,-0.3222
33005,846,833,34.023,30.436,-0.0449,-0.0046,9.7511,0.4482,-0.4206,-0.1585
33010,838,835,34.019,30.375,-0.0286,0.0127,9.788,-0.1015,0.6603,0.631
33015,829,831,34.045,30.399,-0.033,0.0477,9.8075,0.8211,-0.1741,0.378
33020,819,830,33.977,30.339,0.037,0.015,9.8002,1.0341,0.1869,-1.4268
33025,811,831,34.129,30.282,-0.0595,-0.0579,9.866,0.7304,-0.0725,0.3016
33030,795,829,34.068,30.517,0.0559,-0.0112,9.8632,-0.2482,0.2325,0.7579
33035,790,832,34.0,30.364,0.0237,0.0226,9.7906,-0.1696,-0.3366,-0.1641
33040,782,831,34.12,30.422,-0.0468,-0.0951,9.7115,-1.4921,0.2009,-0.0385
33045,774,826,34.157,30.387,-0.0365,0.0226,9.7998,-0.2557,0.1685,-0.6798
33050,767,828,34.063,30.504,0.0066,-0.0058,9.7694,-0.7064,0.5509,0.3244
33055,762,825,34.002,30.404,-0.0593,-0.0356,9.804,0.9495,-0.2021,0.6984
33060,759,824,34.063,30.431,0.0554,-0.0056,9.841,0.4703,0.0494,-0.9408
33065,751,823,34.091,30.4,-0.0535,-0.0514,9.8284,-0.8825,-0.4097,1.1342
33070,753,820,34.027,30.426,0.0288,-0.0061,9.8395,-0.5796,0.4047,-0.5654
33075,757,816,34.001,30.365,-0.0099,0.0101,9.8664,0.5512,0.1382,0.4387
33080,745,815,34.098,30.38,0.038,0.0378,9.7448,-0.7018,0.2734,-0.0019
33085,744,820,34.06,30.42,-0.0926,-0.0224,9.7989,-0.5145,-0.1344,0.7238
33090,748,812,34.07,30.41,-0.0878,0.0765,9.8708,-0.122,0.0048,0.8744
33095,752,816,34.06,30.374,0.0287,0.0325,9.7342,0.1267,-0.1734,-0.0815
33100,749,804,34.027,30.45,-0.0313,0.1299,9.8098,0.0987,0.2306,-0.3949
33105,765,808,34.061,30.285,-0.0873,-0.0055,9.8437,0.1044,0.0603,-0.6801
33110,756,808,34.035,30.434,0.0294,-0.0112,9.8654,-0.4442,0.536,-0.1308
33115,760,800,34.044,30.334,0.0276,-0.0882,9.882,-0.317,-0.4445,-0.4392
33120,771,797,33.993,30.359,-0.0386,0.0063,9.8052,0.069,1.0955,-0.0161
33125,769,795,34.03,30.351,-0.0319,0.0656,9.8714,0.5197,-0.4488,-0.0548
33130,770,800,34.079,30.394,0.0837,-0.0582,9.836,0.4824,-0.4387,0.1226
33135,786,794,34.061,30.419,0.0072,0.0806,9.78,-0.124,-0.4125,-0.5678
33140,791,787,34.021,30.387,0.0665,0.0416,9.8107,-0.4402,-0.4352,0.0784
33145,802,790,33.957,30.378,0.0335,0.001,9.7996,0.6491,-0.6101,-0.3688
33150,805,784,34.087,30.325,-0.0299,-0.0336,9.8222,0.5406,-0.6546,-0.3526
33155,816,777,34.032,30.362,-0.0211,-0.0428,9.8051,0.2423,-0.1162,-0.3119
33160,834,772,34.048,30.316,0.0409,0.0401,9.8663,-0.7801,0.12,-0.1341
33165,836,776,34.096,30.411,0.0408,-0.0028,9.849,0.1657,-0.2851,0.6761
33170,855,771,34.142,30.402,-0.038,-0.029,9.7673,-0.4747,0.2154,-0.2495
33175,871,768,34.046,30.379,-0.0206,0.0022,9.8563,-0.4159,-0.2342,-0.208
33180,879,761,34.027,30.412,0.1173,-0.1009,9.7579,-0.0554,-0.7072,1.0169
33185,901,755,34.101,30.44,-0.0806,0.0508,9.6941,0.464,0.556,-0.4497
33190,898,752,34.055,30.444,-0.0329,0.0283,9.8134,0.018,-0.1319,-0.8189
33195,921,749,34.044,30.421,-0.0653,0.0014,9.7098,-0.9733,-0.2373,-0.258
33200,936,748,34.091,30.445,0.0189,-0.0169,9.7273,-0.9875,1.9401,1.0715
33205,950,742,34.042,30.257,0.0381,-0.0447,9.7379,-0.4009,-0.2601,-0.5125
33210,956,734,34.084,30.364,-0.0614,0.0449,9.8026,0.3267,0.3643,0.5111
33215,981,741,34.062,30.425,-0.0132,-0.0449,9.7414,-0.1214,0.4039,-0.9559
33220,993,732,34.102,30.394,-0.0724,0.0063,9.8482,-0.2728,0.0419,-0.3571
33225,1004,732,33.975,30.368,-0.0157,-0.0304,9.7764,-0.1184,-0.9128,0.2557
33230,1010,726,33.949,30.41,-0.003,0.0255,9.7457,0.6215,0.3675,0.0096
33235,1029,729,34.102,30.346,0.1261,0.0384,9.8738,0.5733,0.1515,-0.2403
33240,1041,718,34.127,30.365,-0.0134,-0.0916,9.8174,0.4314,0.3127,-0.4467
33245,1057,721,34.069,30.357,0.054,0.0312,9.7975,0.2019,-0.1629,0.0622
33250,1069,721,34.091,30.419,0.039,0.0446,9.847,-0.2716,0.1054,0.034
33255,1072,722,34.038,30.394,-0.1114,-0.0335,9.7571,0.0553,0.3677,-0.6495
33260,1079,718,34.059,30.296,-0.0359,-0.0758,9.7969,0.0291,-0.6852,-0.5389
33265,1101,710,34.084,30.383,0.0744,0.0448,9.8459,-1.2525,-0.5057,0.3267
33270,1112,717,34.068,30.485,-0.0361,-0.0616,9.8174,0.1274,-0.3667,0.1634
33275,1124,717,34.057,30.398,0.0325,0.0056,9.8484,-0.2812,-0.2378,0.1134
33280,1121,716,34.093,30.422,-0.0182,0.0036,9.7952,-0.2312,-0.4363,-0.0558
33285,1130,711,34.122,30.283,0.011,-0.0044,9.7749,-0.3999,0.248,-0.6535
33290,1142,710,34.106,30.409,0.0225,0.1092,9.8017,-0.2227,-0.2156,0.7047
33295,1152,715,34.122,30.39,0.0402,-0.0569,9.7518,0.4755,0.3808,0.008
33300,1161,706,34.006,30.491,0.0176,0.0056,9.7513,-0.0185,-0.219,0.4134
33305,1173,710,33.965,30.39,0.0343,0.0994,9.76,-0.1815,0.452,1.0183
33310,1188,708,34.079,30.394,-0.0109,0.0741,9.8658,-0.2366,-0.1679,0.5521
33315,1170,717,34.056,30.404,0.0285,0.0263,9.8574,0.6952,-0.062,-0.3136
33320,1175,709,34.028,30.399,0.006,-0.0804,9.8439,-0.4138,-0.1837,-0.6073
33325,1183,716,34.087,30.399,-0.0099,0.0543,9.851,0.5038,0.2827,-0.5946
33330,1188,723,34.063,30.41,-0.0088,-0.016,9.8429,0.5317,-0.6851,-0.4144
33335,1182,724,34.065,30.439,-0.0248,0.0452,9.7814,0.5659,0.4311,-0.1857
33340,1182,725,34.147,30.412,0.0128,-0.0175,9.758,-0.4227,-0.6972,0.2403
33345,1190,730,34.022,30.337,0.0228,-0.0316,9.7521,0.1197,0.6041,-0.5025
33350,1184,728,34.075,30.358,-0.0598,-0.0379,9.8314,-0.087,-0.4707,-0.1941
33355,1189,734,34.023,30.422,-0.1266,-0.0313,9.7999,0.5667,-1.2798,-1.0183
33360,1189,746,34.048,30.377,0.0021,-0.0336,9.7544,-0.6279,-0.3084,0.2321
33365,1195,743,34.022,30.323,0.0299,-0.0889,9.8376,-0.7124,0.9181,0.1123
33370,1183,750,34.076,30.411,-0.1187,0.062,9.7613,1.036,0.1003,-0.0834
33375,1179,752,34.02,30.374,-0.0089,-0.006,9.8273,0.346,0.0794,0.0811
33380,1177,757,34.088,30.36,0.0916,0.0882,9.6943,0.6035,-0.1161,1.1335
33385,1172,760,34.035,30.409,-0.016,0.0635,9.8429,-0.2666,0.449,0.2482
33390,1177,767,34.075,30.358,0.0668,0.0297,9.8117,0.0676,0.709,-0.0208
33395,1170,767,34.059,30.34,0.0296,0.0236,9.7602,-0.5189,-1.0116,0.0745
33400,1164,779,33.954,30.358,0.0012,0.0173,9.8605,0.0177,0.6617,0.0774
33405,1170,782,34.07,30.452,0.0634,0.0268,9.8938,-0.3177,0.7327,1.1183
33410,1159,784,34.015,30.343,0.0472,-0.0219,9.7792,0.1603,-0.3654,-0.236
33415,1155,789,34.049,30.425,0.0831,-0.0668,9.8046,0.2607,-0.0936,0.306
33420,1150,799,34.049,30.455,-0.0109,0.0057,9.946,0.1655,0.2409,0.1658
33425,1149,800,34.052,30.359,-0.0911,0.0308,9.9101,0.2621,0.6026,0.0918
33430,1149,804,33.977,30.322,0.064,0.0012,9.8443,0.6368,0.3231,0.1121
33435,1141,807,34.099,30.459,-0.0778,-0.0261,9.8276,0.1986,0.2117,-0.0539
33440,1134,813,34.005,30.436,0.0067,-0.1256,9.8091,0.5325,-0.2241,0.5677
33445,1134,818,34.066,30.297,0.0728,-0.0014,9.8149,0.4844,0.3059,-0.433
33450,1127,817,34.093,30.366,-0.0517,-0.0064,9.8099,-0.6478,0.2037,-0.0079
33455,1131,830,33.998,30.403,-0.1066,-0.0473,9.7696,-0.23,0.3679,-0.4379
33460,1126,833,33.967,30.357,0.0641,-0.0502,9.8279,-1.2075,-0.2882,-0.0212
33465,1128,837,33.995,30.433,0.0377,0.0218,9.741,0.4367,-0.4196,0.5949
33470,1119,839,33.991,30.449,-0.0248,0.0442,9.8471,0.2656,0.6107,-0.3316
33475,1119,840,34.076,30.46,-0.0745,0.0658,9.8079,0.3216,-0.2961,0.8361
33480,1110,840,34.015,30.394,-0.0544,0.0165,9.8308,-0.3529,1.2203,-0.4703
33485,1105,845,34.014,30.39,0.0429,-0.0286,9.7198,-0.5181,-0.1573,-0.6763
33490,1101,851,34.1,30.328,0.0098,0.0087,9.8223,0.3686,-0.489,0.0947
33495,1101,851,34.075,30.408,-0.0276,0.003,9.8186,0.5325,-0.209,-0.0914
33500,1090,851,34.052,30.32,0.0136,0.0686,9.7993,-0.1064,-0.9719,-0.173
33505,1103,852,33.98,30.365,0.0365,0.0712,9.8954,-0.7759,-0.205,-0.8555
33510,1097,863,34.086,30.39,-0.0659,0.0178,9.8469,0.3062,0.0422,0.24
33515,1084,862,34.08,30.341,0.0017,-0.0353,9.7629,0.029,-0.3217,0.3473
33520,1095,858,34.025,30.4,0.0288,-0.0441,9.7763,0.4339,-0.2206,1.5207
33525,1087,865,33.98,30.404,-0.0168,0.0229,9.821,-0.8455,0.111,-0.3403
33530,1082,863,34.053,30.402,0.0713,0.0301,9.8315,-0.1006,0.2499,0.6316
33535,1075,863,34.032,30.372,-0.0629,-0.0446,9.7627,0.5829,-0.0783,0.8422
33540,1080,871,34.084,30.347,-0.0311,-0.0172,9.7828,-0.1289,0.1579,0.112
33545,1077,869,34.115,30.345,-0.0575,0.035,9.7719,-0.354,1.0698,-0.1641
33550,1090,865,34.103,30.366,-0.0251,-0.0159,9.8781,-0.0711,0.0682,-0.0352
33555,1066,865,34.008,30.351,0.0018,-0.0354,9.8214,0.0486,-0.6492,0.1745
33560,1071,860,34.106,30.387,0.0231,-0.0013,9.83,-0.2454,-0.7488,-0.7933
33565,1069,867,34.169,30.43,-0.0323,0.0046,9.7819,0.5814,0.3763,-0.6611
33570,1068,862,34.031,30.339,-0.0487,0.0538,9.8286,-0.6954,0.3434,0.1099
33575,1058,862,34.018,30.334,0.0442,0.0001,9.8649,0.0671,-0.1911,0.7271
33580,1055,862,34.093,30.328,0.0251,-0.1181,9.8102,-0.3136,0.2765,0.0078
33585,1056,862,34.027,30.382,0.1212,0.0401,9.8327,-0.6711,0.087,-0.6628
33590,1049,855,34.045,30.314,0.0055,-0.0574,9.7944,-0.0744,-0.2839,0.5106
33595,1051,857,34.033,30.471,0.0454,-0.0955,9.8258,0.0564,0.3993,-0.524
33600,1027,856,34.049,30.387,0.1158,-0.0144,9.88,-0.6029,-0.4574,0.8115
33605,1028,859,34.183,30.442,-0.0318,-0.052,9.8452,0.5021,0.8567,-0.2924
33610,1019,854,34.04,30.383,-0.0559,-0.0546,9.9001,-0.8052,0.4655,0.149
33615,1025,850,34.016,30.388,0.0447,-0.1324,9.7349,-0.4624,-0.668,-0.2223
33620,1010,855,33.996,30.363,0.0308,-0.013,9.7479,-0.5286,0.0967,0.5789
33625,1008,854,34.02,30.441,0.009,-0.0072,9.7721,0.1352,-0.5707,0.0942
33630,997,850,34.072,30.385,0.0075,-0.0472,9.8042,0.3131,-0.5852,-0.4891
33635,977,849,34.148,30.378,0.0036,0.0235,9.7194,0.2438,0.9918,-1.2004
33640,984,852,34.099,30.352,-0.0165,-0.0435,9.8144,0.6665,0.2354,0.0125
33645,970,843,34.121,30.286,0.0098,-0.0604,9.7778,-0.6772,0.0125,0.0033
33650,968,846,34.116,30.481,0.0218,-0.024,9.8015,-0.8039,0.2087,-0.3283
33655,959,844,34.018,30.408,-0.0211,-0.0136,9.8308,-0.0279,-0.8232,0.6514
33660,940,845,34.155,30.358,0.019,-0.001,9.8151,0.6335,0.2228,-0.4004
33665,939,840,34.05,30.395,0.0273,0.014,9.8155,0.4573,-0.4689,-0.8799
33670,929,841,34.014,30.309,0.0136,0.0685,9.8291,0.5304,0.3673,0.0107
33675,909,838,34.04,30.41,-0.0762,0.0007,9.7926,-0.1389,0.0376,0.218
33680,907,834,34.043,30.381,0.0567,0.0066,9.8274,0.3741,0.7898,-0.4088
33685,889,838,34.067,30.364,0.0033,-0.0419,9.7257,-0.1979,-0.2667,-0.3716
33690,890,831,34.03,30.349,0.0974,0.0046,9.8222,-0.4758,0.3518,-0.1455
33695,868,833,34.052,30.274,-0.0026,0.0155,9.9072,-0.3669,0.2328,-0.6133
33700,871,835,34.08,30.401,-0.0324,0.0064,9.7977,-0.8129,-0.0887,0.5453
33705,849,834,34.047,30.39,-0.0283,-0.0368,9.8355,0.3334,-0.6685,-1.6457
33710,841,833,34.05,30.34,0.0515,-0.0379,9.7132,-0.148,0.5364,0.4489
33715,838,837,34.041,30.368,0.0389,0.0338,9.8006,-0.2203,0.0651,0.234
33720,827,831,34.004,30.457,0.0675,0.0104,9.815,-0.9948,-0.1693,-0.3666
33725,815,821,34.097,30.357,-0.0192,0.029,9.8251,0.708,-0.1842,0.5624
33730,801,830,34.017,30.387,-0.071,-0.0634,9.8399,-1.4919,0.5224,0.7537
33735,802,830,34.044,30.362,-0.0662,-0.037,9.7721,0.7706,0.1158,0.2429
33740,786,827,34.09,30.337,0.0743,-0.0387,9.7811,0.7277,0.3605,0.1605
33745,780,824,33.998,30.473,0.0068,0.0203,9.8629,0.7378,0.1558,-0.459
33750,777,825,34.045,30.451,-0.0202,0.0125,9.7873,-1.1275,0.2532,0.4357
33755,773,826,34.191,30.393,0.0622,-0.1,9.7323,-0.3672,1.0268,-0.3557
33760,773,822,34.159,30.354,-0.0501,0.0754,9.7969,-0.0366,-0.4086,-0.0179
33765,752,829,34.084,30.402,0.0059,0.0742,9.7916,-0.5019,-0.1224,0.1998
33770,760,821,34.013,30.469,-0.0751,0.0516,9.783,-0.2553,-0.1795,-0.0222
33775,746,821,34.131,30.365,0.0007,-0.0318,9.8291,0.3253,-0.2345,0.1823
33780,745,824,33.983,30.389,0.024,-0.0095,9.8042,0.5305,0.1927,-0.046
33785,748,819,34.05,30.309,-0.0305,-0.0273,9.722,0.4575,0.2335,0.1038
33790,751,818,34.024,30.3,-0.0376,-0.0186,9.7776,0.1446,0.2189,0.7126
33795,754,814,34.031,30.361,-0.0178,0.0603,9.8019,-0.4634,-0.8474,-0.2262
33800,745,812,34.148,30.335,-0.0496,-0.0423,9.7825,-0.135,-0.1112,0.39
33805,746,811,34.102,30.451,-0.0067,-0.008,9.7182,0.8132,1.0281,0.3544
33810,747,809,33.962,30.325,0.0197,0.0117,9.7614,0.3262,-0.5439,-0.0987
33815,741,806,34.081,30.348,0.0393,-0.0465,9.7325,-0.6756,-0.1359,0.2036
33820,761,805,33.975,30.45,-0.0306,0.092,9.8135,0.3698,0.6355,-0.0523
33825,764,804,34.087,30.389,-0.1108,-0.0074,9.8176,-0.6164,-0.2843,-0.0711
33830,761,797,34.024,30.433,0.0229,-0.0257,9.8004,0.289,-0.0964,0.2171
33835,779,795,34.088,30.319,0.0198,-0.0082,9.844,0.1326,0.3104,1.012
33840,780,791,33.962,30.439,0.058,0.0066,9.8441,-0.7757,-0.3029,0.3083
33845,787,794,34.053,30.324,-0.0629,0.1101,9.8592,0.2613,-0.0074,-0.3583
33850,797,791,33.971,30.403,-0.0568,-0.0073,9.8128,-0.4143,0.5993,0.3199
33855,810,780,34.16,30.403,-0.0374,-0.051,9.8557,0.0519,-0.2212,-0.5134
33860,823,777,34.075,30.329,0.0349,-0.0287,9.7122,0.2698,-0.4676,0.096
33865,821,780,34.05,30.382,-0.0402,0.0708,9.8203,-0.0703,0.1509,0.6101
33870,841,780,34.1,30.433,-0.0449,0.0147,9.7222,-0.0796,-0.6301,0.0037
33875,850,775,34.074,30.397,-0.0092,0.0093,9.7707,-0.7626,-0.4163,-0.8082
33880,869,763,33.93,30.439,-0.0024,0.0591,9.7957,1.003,-0.0184,-0.8227
33885,867,769,33.986,30.329,-0.009,-0.0471,9.8831,0.199,-0.4034,0.0375
33890,880,755,34.063,30.401,-0.0979,0.0085,9.8018,0.1179,0.0779,0.399
33895,906,764,34.082,30.325,-0.1228,0.0413,9.8406,0.1364,1.1687,-0.196
33900,912,755,33.943,30.384,0.0811,0.05,9.767,-0.3424,-0.6673,0.1196
33905,935,746,34.055,30.363,0.1252,0.0218,9.7542,0.6302,-0.0047,0.5237
33910,938,742,34.041,30.378,0.0319,0.016,9.812,-0.2508,1.2929,0.3139
33915,952,744,33.996,30.452,-0.002,0.0135,9.8071,-0.2127,-0.6691,-0.3253
33920,964,738,34.11,30.327,0.0127,-0.0491,9.8709,0.3473,0.2726,0.0419
33925,981,734,34.103,30.337,0.0056,0.0554,9.8646,-1.0982,0.5644,0.451
33930,996,734,34.03,30.359,0.0568,-0.0214,9.8101,0.5598,-0.0456,-0.1145
33935,1004,729,34.082,30.298,-0.0164,0.0701,9.7766,0.1323,0.8447,-0.8088
33940,1024,725,34.076,30.395,0.0916,0.0466,9.8007,0.101,-0.8964,-0.3306
33945,1036,726,34.053,30.315,0.0443,-0.0795,9.7671,-0.5272,0.3179,-0.9315
33950,1040,718,34.063,30.341,0.0046,0.027,9.8053,0.5125,0.7117,-0.5435
33955,1053,717,34.111,30.316,0.0355,-0.0352,9.7244,-1.0112,-0.4354,-0.2448
33960,1075,719,34.112,30.368,0.0702,0.0209,9.8207,1.1045,-0.4572,-0.0951
33965,1078,722,34.057,30.415,-0.0165,0.0089,9.8146,-0.489,0.3589,0.1766
33970,1095,714,34.042,30.282,0.0065,0.0395,9.8046,2.3144,-1.0504,-0.2498
33975,1099,715,34.064,30.324,-0.0062,0.0155,9.7952,0.0475,-0.1769,-0.6704
33980,1113,715,34.109,30.424,-0.0322,-0.014,9.7415,-0.2618,0.292,-0.7187
33985,1132,707,34.042,30.365,-0.0511,0.0814,9.8249,-0.3096,-0.0547,-0.6441
33990,1132,715,34.019,30.333,0.0096,0.0236,9.771,0.2958,0.5313,-0.0439
33995,1138,717,34.03,30.352,0.0282,-0.1366,9.8,-0.4361,1.0289,0.0904
34000,1144,708,34.037,30.407,-0.0686,0.1024,9.851,0.0364,0.0879,0.6142
34005,1148,713,33.962,30.352,-0.0389,-0.0966,9.8026,0.2322,-0.1127,-0.3429
34010,1164,711,33.972,30.38,-0.065,0.0552,9.8179,0.5067,-0.4511,-0.7648
34015,1167,715,34.111,30.353,0.0142,-0.0212,9.7935,-0.1709,0.5472,0.5849
34020,1171,719,34.075,30.333,0.0094,0.0689,9.8073,-1.0314,-0.6527,1.2728
34025,1170,716,34.023,30.405,-0.0218,-0.0894,9.7796,-0.1208,0.5747,-0.1699
34030,1177,719,34.122,30.325,0.0595,-0.0325,9.774,-0.3941,-0.3009,-0.4659
34035,1184,721,34.009,30.356,0.1235,0.1077,9.8367,-0.5898,-0.4891,-0.0608
34040,1189,725,34.078,30.387,-0.021,0.0648,9.8796,-0.367,-0.9901,0.0007
34045,1188,731,34.136,30.394,0.0427,-0.0648,9.7973,0.5825,0.3748,0.1655
34050,1183,725,34.124,30.43,0.1017,-0.0151,9.8278,-0.9458,-1.6716,0.4479
34055,1197,728,34.063,30.396,0.0603,-0.0235,9.8623,0.4252,0.3597,1.4155
34060,1186,736,33.992,30.405,-0.0806,0.0462,9.8784,0.4437,0.7183,-0.535
34065,1192,738,34.117,30.458,0.0482,-0.0528,9.8055,0.0209,0.0859,0.3963
34070,1190,745,34.069,30.382,-0.0127,-0.0355,9.8099,-0.6182,0.0572,1.6074
34075,1188,751,34.041,30.371,0.066,-0.0369,9.8256,0.5944,-0.4709,-0.2063
34080,1186,754,34.16,30.352,0.0059,-0.028,9.7159,0.3361,0.2293,0.1711
34085,1185,752,34.024,30.341,0.0275,-0.0491,9.8721,0.4638,-0.6334,-0.073
34090,1170,757,34.092,30.382,0.1004,0.0987,9.8586,-0.2092,-0.0751,0.2504
34095,1184,765,33.998,30.398,-0.025,-0.0293,9.8605,-0.075,0.0261,0.179
34100,1185,770,34.097,30.476,-0.0275,-0.0076,9.8231,-0.3539,0.4023,0.3036
34105,1168,773,33.985,30.323,-0.1357,0.0317,9.833,-0.2015,-0.1855,0.1927
34110,1165,780,34.118,30.365,-0.0014,0.0184,9.8549,-0.8675,-0.4322,0.4449
34115,1169,785,34.009,30.404,-0.0105,0.0924,9.8836,0.1465,-1.0287,-0.1661
34120,1159,791,33.992,30.361,-0.0065,-0.0134,9.7382,-0.2827,0.6321,0.8818
34125,1145,794,34.143,30.436,0.0801,0.0291,9.8296,0.1836,0.259,-0.3904
34130,1153,792,34.068,30.399,-0.014,-0.1069,9.8695,0.963,0.2845,-0.3994
34135,1144,800,33.936,30.314,-0.0186,-0.0258,9.7747,-0.295,-0.0865,-0.4565
34140,1145,810,34.104,30.412,0.0596,-0.0132,9.7997,0.7353,0.1703,-0.2125
34145,1143,811,34.115,30.438,0.0524,0.0016,9.8134,-0.1963,0.1693,0.4675
34150,1136,813,34.1,30.437,0.1183,-0.0398,9.8654,0.039,-0.5076,-0.2245
34155,1138,823,34.04,30.433,0.0423,0.0447,9.7281,-0.2788,-0.6553,0.0224
34160,1128,821,34.11,30.351,0.0344,-0.0078,9.9051,0.3954,0.4896,-0.7573
34165,1121,829,34.036,30.323,-0.0163,0.1129,9.8554,-0.2908,0.6168,0.6603
34170,1126,833,34.028,30.446,0.0572,0.0747,9.8272,0.0235,-0.1234,0.235
34175,1119,839,34.113,30.317,0.0375,0.0283,9.8006,0.3891,-0.057,-0.0713
34180,1122,845,33.992,30.421,0.0643,0.0404,9.772,-0.6659,-0.9308,-0.8518
34185,1105,839,34.098,30.434,-0.0582,-0.1026,9.7782,0.205,0.076,0.1309
34190,1113,843,34.047,30.309,-0.0319,0.006,9.8342,0.2429,-0.3092,0.5064
34195,1102,849,34.082,30.479,-0.006,0.0963,9.7604,-0.7227,0.5473,0.6368
34200,1112,850,33.982,30.304,-0.1555,0.0492,9.7865,-0.3704,0.4164,-0.8346
34205,1113,852,34.116,30.353,0.0146,0.0117,9.88,-0.1652,0.7557,1.138
34210,1095,858,34.092,30.36,-0.1037,-0.043,9.8434,0.202,-1.4762,0.2911
34215,1102,856,34.044,30.317,0.0108,-0.0292,9.8392,0.0488,1.7726,0.3972
34220,1099,864,34.05,30.364,-0.0438,0.1118,9.8241,0.078,0.3057,0.0417
34225,1100,860,34.06,30.388,0.095,0.0317,9.7521,0.5233,-0.931,0.1621
34230,1101,863,34.145,30.372,0.03,-0.0449,9.679,0.3461,-0.0809,-0.4845
34235,1093,869,34.067,30.368,0.0507,-0.1015,9.7528,-0.0575,-0.0213,0.1237
34240,1087,865,34.068,30.408,0.0231,0.0209,9.8372,0.3279,0.3213,0.7441
34245,1088,863,34.122,30.367,0.0004,-0.037,9.8353,-0.4969,-0.3065,-0.5672
34250,1076,861,34.103,30.327,0.0306,-0.0332,9.8537,0.2074,-0.0242,-0.09
34255,1081,866,34.004,30.413,-0.0506,-0.0775,9.8729,0.732,0.0317,0.1369
34260,1078,863,34.057,30.343,-0.0827,0.0435,9.7595,-0.0767,0.2961,0.9142
34265,1069,869,34.06,30.445,0.04,-0.0056,9.7712,0.2051,0.2537,0.5858
34270,1071,859,34.052,30.362,0.0546,-0.0069,9.8332,-0.5423,0.1128,1.0634
34275,1070,862,34.057,30.445,-0.0147,-0.0203,9.8728,-0.5823,-0.4758,0.8563
34280,1061,865,34.045,30.413,0.0164,-0.014,9.7513,-0.7182,0.1262,-0.4227
34285,1050,859,34.059,30.323,-0.0508,0.0111,9.7872,0.737,0.6464,-0.1161
34290,1061,867,34.069,30.32,-0.019,0.0507,9.8505,1.1245,-0.2135,0.0476
34295,1048,865,34.021,30.28,0.0159,-0.1346,9.9006,0.1557,-0.5377,-0.7301
34300,1049,858,34.039,30.289,0.1628,0.0277,9.7908,-0.3328,0.118,-0.443
34305,1037,857,34.035,30.528,-0.0267,0.1301,9.796,-0.13,0.3519,0.0089
34310,1024,857,34.079,30.401,-0.0652,-0.0718,9.7976,0.078,0.6709,0.5675
34315,1023,851,34.104,30.428,-0.0198,-0.0242,9.7017,0.0846,-0.2826,-0.5531
34320,1013,856,33.983,30.297,-0.0976,0.0648,9.805,-0.6018,-0.1457,0.1919
34325,1024,858,34.093,30.353,-0.0976,0.0049,9.8436,-0.2526,-0.1067,0.1761
34330,1014,852,34.063,30.441,0.0186,-0.0137,9.7309,0.0878,-0.5494,0.2256
34335,1001,848,33.979,30.45,-0.0259,-0.0294,9.8424,-0.5248,0.8251,-0.4137
34340,997,847,34.159,30.362,0.1185,0.0357,9.8315,-0.1672,0.3311,-0.3158
34345,981,847,34.038,30.404,-0.0288,-0.0461,9.8667,-0.5662,-0.1824,0.0706
34350,970,842,33.948,30.369,0.0558,0.0727,9.8129,-0.239,0.1323,-0.688
34355,960,852,34.077,30.389,0.0539,-0.0127,9.8052,-0.2385,0.5367,0.6273
34360,955,845,34.1,30.308,0.0344,-0.0398,9.7996,0.1954,1.1328,-0.3737
34365,945,845,34.094,30.38,0.0244,-0.0596,9.8467,-0.0349,0.1228,0.6694
34370,941,844,34.026,30.359,-0.015,0.0633,9.7527,-0.058,0.0624,0.0253
34375,925,842,34.049,30.329,0.0506,-0.0115,9.8308,-0.4003,0.0405,-0.7933
34380,917,842,34.049,30.336,-0.0177,-0.0265,9.8143,0.0817,-0.3771,0.1151
34385,909,837,34.022,30.351,0.1037,-0.0701,9.8653,-0.6906,0.8409,-0.8586
34390,899,843,33.966,30.383,0.0559,-0.0114,9.8528,0.1333,0.1237,0.38
34395,893,836,34.01,30.392,-0.0469,0.0115,9.8067,0.6507,0.4416,0.4638
34400,881,834,34.081,30.269,-0.0974,0.0816,9.8144,-0.249,-0.3745,-0.3449
34405,875,836,34.083,30.377,-0.0379,0.0273,9.7825,-0.5571,-0.1018,0.1674
34410,854,835,34.082,30.43,0.0015,-0.0168,9.8913,-0.1804,-0.3787,-0.4514
34415,851,834,33.99,30.379,0.0221,0.0327,9.8466,-0.2961,-0.7889,0.0672
34420,839,827,34.049,30.502,-0.0699,-0.0075,9.8389,0.3554,0.8596,-0.0042
34425,832,834,34.097,30.428,-0.0238,0.0132,9.7281,-0.1798,0.4138,-0.2255
34430,818,828,34.065,30.368,0.0687,0.036,9.8107,1.0981,-0.075,0.5187
34435,819,830,34.158,30.345,-0.0635,0.0104,9.767,0.8817,-0.1082,0.0486
34440,807,831,33.963,30.379,0.0164,0.0539,9.8032,-0.6842,-0.2048,0.146
34445,800,831,33.978,30.449,0.0474,0.0107,9.8227,-0.8082,0.1552,0.2234
34450,779,831,34.091,30.181,-0.0184,-0.0258,9.7479,0.5215,0.509,0.3719
34455,784,825,34.092,30.378,0.0256,0.0175,9.8337,-0.0194,0.3377,-0.7611
34460,770,831,34.013,30.358,0.0841,0.0718,9.7876,0.8262,0.2109,-0.3389
34465,766,828,34.043,30.378,-0.1038,-0.0038,9.7603,-0.1689,0.6704,0.8969
34470,762,822,33.935,30.42,0.0499,-0.0463,9.7873,-0.1018,-0.1329,-0.2637
34475,759,826,34.022,30.371,0.0345,-0.002,9.8678,-0.0326,0.1217,-0.3657
34480,755,823,34.149,30.366,0.0384,0.0038,9.7967,0.5188,-0.0452,-0.4014
34485,751,819,34.043,30.367,0.0989,0.0502,9.6836,0.0702,0.4563,0.2834
34490,753,820,34.038,30.344,0.0362,0.033,9.8477,-0.4598,0.2907,-0.3282
34495,751,821,34.056,30.364,0.0432,0.0755,9.7976,0.0494,-0.2459,-0.2348
34500,745,819,33.969,30.341,0.0215,-0.0791,9.8138,0.7368,0.6329,-0.3044
34505,749,811,34.137,30.293,0.0491,0.0553,9.7993,-0.398,0.2427,-0.07
34510,745,810,33.986,30.36,-0.0258,-0.0104,9.7874,0.0874,-0.1616,-0.3861
34515,760,804,34.044,30.459,-0.0177,0.0342,9.7408,0.3245,0.7158,-0.1447
34520,743,804,34.066,30.363,0.0182,0.045,9.7742,0.6495,0.0256,0.3559
34525,757,805,34.068,30.325,-0.1027,-0.1172,9.7661,-0.1677,-0.3611,-0.0966
34530,757,803,34.093,30.359,0.0137,-0.048,9.8278,-0.3635,-0.3295,-0.6316
34535,775,801,34.083,30.351,-0.016,-0.0008,9.8342,0.2321,0.0458,0.9815
34540,770,799,34.112,30.363,-0.0301,0.0318,9.8505,0.4812,-0.5062,-0.3481
34545,769,790,33.948,30.34,-0.0093,-0.0524,9.7074,-0.3268,-0.4977,0.0458
34550,783,788,34.029,30.367,-0.0391,0.0026,9.7587,-0.4735,-0.0408,0.6615
34555,802,791,34.124,30.308,-0.0523,-0.0243,9.7766,-0.2018,-0.138,-0.4634
34560,800,783,33.965,30.374,-0.0184,-0.0301,9.7627,-0.3512,-0.8957,-0.2734
34565,816,783,34.113,30.305,0.077,0.0009,9.7761,-0.9159,0.41,-0.3155
34570,828,780,34.037,30.301,-0.0185,-0.0952,9.9654,0.1809,0.3343,-0.1151
34575,835,776,34.07,30.32,-0.0207,-0.0058,9.7452,-0.7068,-0.1086,-0.0123
34580,836,771,34.086,30.461,-0.0162,-0.0967,9.7805,-0.1385,0.3253,-0.1111
34585,851,767,34.078,30.353,0.0884,0.0563,9.8525,-1.0567,0.2368,0.0319
34590,871,765,34.047,30.321,0.0042,0.0025,9.7771,-0.1092,-0.2496,-0.2298
34595,881,761,33.917,30.399,-0.0211,0.1048,9.7436,0.5328,0.4748,0.1304
34600,897,759,34.121,30.374,0.0953,-0.0457,9.8383,-0.3587,0.3933,0.4908
34605,916,756,34.042,30.314,0.0237,0.0334,9.9024,-0.313,-0.6257,-0.4737
34610,927,754,34.1,30.355,-0.0409,0.0413,9.8548,-1.072,-0.1796,-0.5325
34615,933,747,34.037,30.327,0.0276,-0.0093,9.8054,0.238,0.7332,-0.0464
34620,949,741,33.988,30.376,-0.0605,0.0217,9.6942,0.1399,-0.2132,1.2291
34625,955,742,34.085,30.35,0.0284,-0.032,9.8629,0.0562,-0.0003,-0.79
34630,980,739,34.016,30.394,-0.0825,-0.0017,9.8085,0.3837,-0.1947,0.0036
34635,984,738,34.003,30.288,0.0349,0.0888,9.8737,0.5127,-0.0133,0.0069
34640,999,738,34.088,30.42,0.0465,0.0559,9.7633,0.9986,-0.0805,0.5429
34645,1017,729,34.063,30.383,0.0357,-0.0047,9.9007,0.3865,0.4624,-0.3032
34650,1031,729,34.048,30.377,-0.0667,0.0284,9.8419,0.039,-0.5516,0.2549
34655,1045,726,34.099,30.36,0.0117,0.0924,9.8325,-0.3225,1.0405,0.5276
34660,1057,722,34.003,30.294,0.0374,0.0011,9.8553,-0.1164,-0.2235,-0.721
34665,1068,716,34.122,30.41,0.0693,-0.0591,9.8395,-1.8138,-0.6073,0.1113
34670,1088,718,34.107,30.364,-0.0415,0.0139,9.7875,-0.0002,-0.3723,0.7779
34675,1090,711,34.056,30.325,0.0658,0.0654,9.8114,0.5227,0.0951,-0.1671
34680,1098,716,34.1,30.425,0.0265,-0.0378,9.7701,0.727,-0.5759,0.4254
34685,1108,711,34.047,30.33,-0.0107,0.0112,9.9293,-0.1215,-0.0219,0.0678
34690,1116,720,34.135,30.373,0.023,0.0703,9.835,0.0569,-0.4013,0.6905
34695,1121,711,34.081,30.365,-0.0069,-0.0811,9.7864,0.3566,-0.7381,-0.3844
34700,1142,714,34.077,30.44,0.0378,-0.0464,9.8908,0.2872,1.8124,-0.4217
34705,1140,713,34.067,30.474,-0.0976,0.0369,9.815,0.5,0.4147,-0.2784
34710,1149,711,34.019,30.428,0.0279,0.0934,9.8325,0.0307,-0.4979,0.903
34715,1158,712,34.048,30.365,0.0603,0.0241,9.8413,-0.6579,0.2516,0.0367
34720,1166,711,34.08,30.409,-0.0215,0.1184,9.8197,-0.2527,0.2038,0.2634
34725,1162,715,34.014,30.388,-0.013,-0.0043,9.747,0.6177,-0.1734,0.1683
34730,1176,712,34.085,30.418,0.0178,0.0708,9.7773,-0.0901,-0.648,-0.3124
34735,1184,718,34.054,30.347,0.0705,-0.0521,9.7853,0.9043,-0.0298,-0.1014
34740,1188,718,34.123,30.423,0.0513,-0.0111,9.8098,0.0745,-0.4279,0.2527
34745,1190,724,34.135,30.443,0.0571,0.0292,9.8392,0.2806,-0.0838,0.2531
34750,1185,724,34.084,30.412,-0.0403,0.0021,9.9364,-0.5734,1.1654,-0.0425
34755,1182,727,34.085,30.301,0.0684,-0.0346,9.7588,0.0642,-0.9089,-0.0209
34760,1184,734,34.031,30.353,-0.0165,0.0725,9.7028,0.4279,-0.1628,0.8724
34765,1178,731,34.008,30.414,-0.0608,0.0346,9.8475,-0.718,-0.4635,0.9249
34770,1191,731,34.066,30.388,0.0189,-0.0107,9.8529,-1.2131,0.1916,-0.2925
34775,1183,740,34.057,30.334,0.0316,-0.0154,9.765,0.272,0.118,0.21
34780,1188,745,34.03,30.318,0.0022,-0.0027,9.7742,0.0731,0.2602,0.2239
34785,1182,745,34.1,30.41,0.049,0.043,9.768,-0.0857,0.0019,-0.4802
34790,1191,756,34.103,30.439,0.0322,-0.0008,9.8247,0.2976,-0.4791,-0.3702
34795,1183,760,33.903,30.363,0.001,0.0446,9.7302,-0.5003,0.8064,0.241
34800,1173,765,34.017,30.355,-0.013,0.0065,9.6629,0.3607,0.1965,-0.1005
34805,1172,765,33.986,30.426,-0.0002,0.0176,9.8723,0.652,0.6153,-0.0077
34810,1174,773,34.063,30.421,-0.0788,-0.0555,9.8577,0.3815,-0.6181,-0.2879
34815,1172,776,33.954,30.33,0.0433,-0.0399,9.8089,-0.7671,1.0449,-0.6703
34820,1170,783,34.075,30.364,0.037,0.0424,9.7845,-0.0048,-0.0929,0.0092
34825,1157,782,33.954,30.303,-0.0782,-0.0404,9.7402,-0.6732,0.3406,-0.0078
34830,1164,794,34.085,30.382,-0.0312,0.0213,9.8533,0.2607,-0.2825,-0.4945
34835,1157,797,34.125,30.453,0.0419,0.0372,9.7699,0.9219,-0.0065,-0.3693
34840,1155,797,34.129,30.373,0.012,-0.0139,9.789,-1.4876,0.7897,-1.0169
34845,1139,808,34.05,30.356,-0.0721,-0.0118,9.7587,-0.86,-1.1963,0.0261
34850,1140,810,34.043,30.342,-0.0601,-0.0032,9.8314,0.3406,-0.5558,0.572
34855,1134,811,34.079,30.374,-0.0364,-0.0887,9.8188,-0.9401,0.4828,-0.3526
34860,1141,817,34.1,30.429,-0.0371,-0.0323,9.7437,0.3429,-0.6299,-0.7154
34865,1126,823,33.978,30.356,-0.0437,-0.005,9.8082,0.1407,-0.2121,0.1139
34870,1116,825,34.021,30.421,0.0069,-0.0959,9.7737,-0.1516,-0.535,0.6637
34875,1126,833,34.03,30.375,0.0023,0.0179,9.7469,0.6178,-0.2681,-0.0148
34880,1124,834,34.017,30.346,-0.0673,-0.0169,9.8679,-0.8708,0.4528,-0.431
34885,1125,842,34.055,30.34,-0.0462,0.1155,9.7648,0.2002,0.3864,0.2374
34890,1111,849,33.878,30.326,-0.0069,0.088,9.853,-0.6178,0.0926,0.059
34895,1114,847,34.046,30.379,-0.0778,-0.0231,9.7824,-0.8177,-0.4436,0.2464
34900,1102,847,33.936,30.448,0.0492,0.0012,9.8222,0.3723,-0.6358,-0.6319
34905,1103,847,34.136,30.319,0.0392,-0.0316,9.8127,-0.1165,-0.5844,-1.0391
34910,1098,858,34.004,30.41,0.0061,0.1017,9.7226,0.4024,0.0064,0.8306
34915,1102,855,34.035,30.335,0.1077,-0.0069,9.8046,0.3015,-0.6338,0.0539
34920,1100,855,34.133,30.313,0.0737,0.0167,9.8384,-0.363,-0.155,0.9241
34925,1090,863,34.055,30.372,0.045,-0.0357,9.7845,0.2098,-0.1804,-0.0645
34930,1098,864,34.034,30.371,0.0013,0.0397,9.7443,0.1715,-0.0071,-0.1507
34935,1091,866,34.082,30.425,0.0204,0.023,9.8301,0.1076,-0.2856,-0.2826
34940,1090,863,34.055,30.367,-0.081,0.0655,9.8092,0.0399,-0.2513,-0.3455
34945,1082,868,34.066,30.392,0.0264,-0.1047,9.8572,0.6744,0.4042,-1.3064
34950,1086,863,34.034,30.407,0.0637,0.0401,9.8007,-0.4245,-0.675,-0.5007
34955,1086,861,34.08,30.33,0.0022,-0.0139,9.8737,0.4501,0.0704,0.1359
34960,1082,867,33.956,30.286,0.0166,-0.0165,9.7405,-1.248,0.6293,0.057
34965,1078,868,34.122,30.367,0.0386,-0.0673,9.72,0.025,-0.054,-0.2098
34970,1070,864,34.066,30.442,0.0835,-0.0695,9.7619,-0.5078,0.7104,1.6334
34975,1074,865,33.982,30.285,-0.076,0.077,9.7343,-0.302,-0.9383,-0.8716
34980,1072,863,34.103,30.331,0.0392,-0.02,9.7808,0.1847,-0.3791,-0.1577
34985,1061,865,34.084,30.413,0.0322,-0.0198,9.8221,0.7584,0.675,-1.363
34990,1062,863,33.943,30.363,0.0381,0.0862,9.8611,-0.1435,-0.535,-0.2485
34995,1062,859,34.043,30.397,0.0038,0.035,9.8328,0.2613,-1.2044,-0.5432
35000,1054,859,34.026,30.369,0.0505,-0.0587,9.8033,-0.6185,-0.0156,-0.5081
35005,1047,857,34.006,30.371,-0.064,0.0902,9.8357,0.4748,0.476,0.226
35010,1037,860,33.978,30.359,-0.0189,0.0071,9.8106,-0.4969,0.418,-0.4334
35015,1046,861,34.118,30.425,-0.019,0.021,9.8308,0.2901,-0.5268,-0.0211
35020,1035,859,33.946,30.326,-0.0057,-0.0254,9.7782,0.0275,-0.0856,-0.218
35025,1023,859,34.083,30.34,0.021,0.0417,9.7762,0.0252,-0.347,0.8074
35030,1015,857,34.016,30.311,-0.0155,0.0333,9.8289,-0.7119,-0.2889,0.3619
35035,1013,852,34.068,30.385,-0.029,0.0279,9.7835,-0.3025,0.4473,0.4533
35040,996,849,34.069,30.43,-0.0819,-0.0366,9.7638,-0.7806,-1.221,-0.0037
35045,983,848,34.058,30.343,-0.065,-0.1016,9.7587,0.0591,-0.4901,-0.4862
35050,987,852,34.009,30.33,0.0451,0.0411,9.8476,0.1923,-0.5138,-0.166
35055,978,845,34.083,30.397,-0.0144,-0.104,9.911,0.3545,0.528,-0.4219
35060,975,844,34.092,30.432,0.0282,0.0384,9.8412,0.0398,-0.2527,-0.3266
35065,959,847,34.034,30.335,-0.0227,0.0448,9.7917,-0.4392,0.2555,-0.1664
35070,951,847,34.191,30.395,0.0422,-0.0166,9.8316,0.4605,-0.2818,-0.6426
35075,939,845,33.984,30.35,0.0443,0.0233,9.8594,0.7314,-0.5232,0.0182
35080,938,845,34.134,30.383,0.0122,0.0485,9.7356,0.1543,-0.8166,0.2913
35085,927,844,34.016,30.342,-0.006,0.0752,9.8001,-0.0648,-0.7841,-0.0716
35090,911,838,34.013,30.325,-0.0261,-0.0331,9.8123,-0.7863,0.3578,-0.6289
35095,912,842,34.09,30.399,-0.1032,-0.0256,9.7723,0.1892,-0.8763,0.1645
35100,885,834,34.01,30.419,0.1046,-0.0327,9.874,0.7423,0.7877,-0.0139
35105,880,837,34.088,30.385,0.0217,0.0154,9.8541,-0.4033,0.5207,0.2749
35110,869,838,33.983,30.308,0.0539,-0.0023,9.7359,0.5061,0.2155,-0.5045
35115,863,833,34.036,30.377,0.0676,0.0124,9.7797,-0.151,0.4813,-0.1106
35120,857,833,34.095,30.374,0.0833,-0.0468,9.8493,0.8703,0.0465,0.3751
35125,835,835,34.036,30.347,-0.015,-0.0869,9.8105,0.4242,-0.5192,0.2908
35130,835,829,34.048,30.379,0.1016,-0.0211,9.8258,-0.2619,-0.2056,-0.3622
35135,827,825,33.96,30.37,-0.0504,0.0426,9.8969,0.3962,-0.3889,-0.5287
35140,824,826,34.054,30.405,-0.0385,0.013,9.7904,-1.2004,0.0138,-0.7449
35145,812,833,34.065,30.387,-0.0157,0.0337,9.8,0.4804,-0.1499,1.1638
35150,805,828,34.032,30.414,0.0103,-0.0225,9.8208,-0.5823,-0.5056,-0.3991
35155,792,830,33.994,30.429,0.0036,0.0207,9.6959,0.2607,-0.3769,-0.1839
35160,777,825,34.027,30.281,0.0049,0.0851,9.794,0.4666,0.1211,0.4793
35165,779,829,34.01,30.46,0.0317,0.0031,9.7156,0.0876,-0.5882,-0.7675
35170,779,827,34.02,30.303,0.0272,0.0006,9.7898,0.2449,-0.0686,0.0012
35175,770,823,34.041,30.335,-0.0238,-0.0393,9.804,0.3649,0.3258,-0.2739
35180,761,828,34.018,30.383,-0.0518,-0.0398,9.8959,-0.0225,-0.1619,0.6001
35185,761,822,33.979,30.415,0.0229,-0.068,9.745,-0.1082,-0.6496,0.5263
35190,749,815,34.033,30.388,-0.008,0.0166,9.8172,-0.0402,-0.0043,-0.1211
35195,748,821,34.013,30.347,-0.0374,0.0211,9.7717,-0.1681,-0.1348,0.0177
35200,761,813,34.067,30.291,-0.0589,0.0927,9.7871,0.0676,-0.367,0.3806
35205,751,817,33.969,30.351,-0.0507,-0.0213,9.7258,-0.211,0.0983,-0.0224
35210,750,819,34.013,30.206,-0.0365,0.0757,9.821,0.0031,0.3097,0.3145
35215,753,813,34.044,30.419,0.0254,0.0144,9.8387,-0.6536,0.0707,0.5083
35220,739,811,34.094,30.381,-0.0278,0.0146,9.8686,-0.2515,-0.7192,0.0002
35225,743,812,34.069,30.399,-0.0227,-0.0124,9.7996,0.0156,0.9438,-0.3241
35230,752,808,34.099,30.329,0.003,-0.0006,9.8368,-1.1078,-0.813,-0.2244
35235,746,806,34.086,30.328,0.0622,-0.0692,9.8788,-0.1307,-0.9644,0.4033
35240,774,798,34.057,30.355,-0.0084,0.0614,9.8529,0.4492,0.1139,0.8139
35245,759,804,34.109,30.266,0.0005,0.0152,9.8637,-0.4703,-0.6457,-0.7538
35250,769,789,34.022,30.319,-0.0667,-0.002,9.8082,0.2512,-0.061,-0.2021
35255,782,795,34.006,30.331,-0.0323,-0.0392,9.8245,0.226,-0.7329,0.3142
35260,785,787,34.021,30.46,0.0301,-0.1321,9.8188,0.438,-0.0027,-0.7857
35265,797,784,33.959,30.432,0.0501,-0.0359,9.7654,0.3475,-0.4271,0.2961
35270,809,784,34.077,30.345,-0.0882,0.0143,9.7289,0.454,-0.0366,-0.182
35275,816,779,34.028,30.326,0.061,0.0247,9.8281,0.4454,0.3641,0.2421
35280,825,777,34.007,30.27,-0.0449,0.0458,9.7869,0.6971,-0.0019,0.1039
35285,835,773,33.996,30.425,0.0878,-0.0025,9.8451,0.5727,0.5887,-0.4946
35290,858,772,34.1,30.318,-0.0063,0.0491,9.6859,-0.1362,0.4313,0.2603
35295,863,765,34.049,30.275,-0.0214,0.0133,9.856,-0.4956,0.136,-0.0107
35300,872,763,34.071,30.324,0.0005,-0.0212,9.849,0.0707,-0.3186,-0.4731
35305,883,757,34.001,30.319,-0.0492,0.0374,9.7115,-0.2947,0.0633,0.1347
35310,901,761,34.098,30.391,-0.0764,0.0149,9.8129,0.2176,-0.1149,-0.3265
35315,918,757,34.103,30.414,0.0352,-0.001,9.8004,0.3674,-0.1551,-0.3143
35320,931,750,34.129,30.364,-0.0104,0.0206,9.7571,-0.2145,0.9736,0.2233
35325,944,746,34.141,30.359,0.0723,0.0333,9.8426,-0.0299,-0.2165,-0.0395
35330,950,736,34.054,30.443,0.0217,0.0058,9.7492,-0.0638,0.381,-0.7608
35335,980,736,34.096,30.428,0.0241,0.0269,9.8243,0.0596,-0.1329,-0.1942
35340,983,729,34.029,30.26,-0.0906,0.0047,9.7362,-0.9373,0.0447,-0.7605
35345,998,730,34.052,30.389,-0.0023,-0.0229,9.8511,-0.4385,-0.0267,-0.0253
35350,1015,728,33.986,30.357,-0.0259,0.052,9.8078,0.0447,-0.3931,-0.4348
35355,1020,724,34.086,30.385,0.0179,0.0614,9.8711,-0.0935,-0.4735,0.5435
35360,1033,724,34.084,30.446,0.0497,0.0898,9.8308,0.0794,0.1655,-0.2119
35365,1048,720,34.04,30.374,-0.0204,-0.0854,9.8369,-0.5885,0.2502,0.3155
35370,1055,721,34.042,30.39,0.0462,-0.0308,9.7986,0.1653,-0.0302,-0.0205
35375,1070,717,34.054,30.336,0.0432,0.0082,9.8685,0.2311,-0.0119,0.0824
35380,1086,720,34.056,30.384,0.0398,-0.0138,9.8619,-0.6925,-0.0342,-1.0585
35385,1091,721,33.944,30.427,-0.017,-0.0405,9.8459,-0.638,-1.0186,-0.0565
35390,1101,718,34.027,30.359,-0.0526,0.0246,9.7671,-0.7962,-0.5314,-0.9496
35395,1113,708,34.126,30.395,-0.0741,-0.1098,9.8127,-0.9308,-0.5862,0.3979
35400,1123,711,34.07,30.305,-0.0004,0.0335,9.775,0.059,-0.3777,-0.2034
35405,1141,709,34.108,30.366,-0.0605,0.0069,9.7754,-0.594,-0.6136,-0.4309
35410,1138,708,34.027,30.416,-0.0482,-0.0296,9.8528,-0.3345,0.2552,0.1796
35415,1144,719,34.053,30.281,-0.0051,0.0393,9.7065,-0.0409,0.2399,-1.0654
35420,1156,711,34.005,30.369,0.0217,-0.0662,9.7737,0.3126,0.9381,-0.2381
35425,1160,711,33.949,30.368,-0.004,-0.0061,9.7916,-0.573,0.4634,-0.2853
35430,1160,715,33.983,30.356,-0.0261,-0.042,9.8303,0.1844,0.0643,0.6551
35435,1176,717,34.08,30.442,-0.0258,0.0254,9.8397,-0.2663,0.7066,-0.2309
35440,1166,713,33.959,30.412,0.0279,-0.0196,9.7105,-0.2087,0.211,0.1854
35445,1186,719,34.119,30.395,0.024,0.0431,9.8637,0.1641,0.3949,-0.1829
35450,1182,722,34.067,30.42,-0.1047,-0.0005,9.7784,-0.5682,-0.077,0.1286
35455,1185,719,34.032,30.37,-0.1142,0.0578,9.8302,0.2125,-0.1668,-0.3153
35460,1187,724,33.947,30.389,0.0389,-0.1451,9.8004,1.1191,-0.345,0.4674
35465,1186,731,33.995,30.397,0.0372,-0.1187,9.7933,0.0964,-0.3245,-0.3962
35470,1190,729,34.056,30.365,-0.0492,-0.0199,9.7674,0.3989,-0.215,-0.1394
35475,1185,737,34.088,30.289,0.0806,-0.023,9.833,-0.23,-0.2425,0.521
35480,1191,740,34.06,30.393,0.0195,-0.018,9.8058,-0.2274,0.6613,-0.0908
35485,1182,739,34.087,30.391,0.0441,0.0242,9.8337,-0.7543,0.4789,0.2137
35490,1189,747,34.006,30.38,0.0987,-0.1486,9.8292,0.8645,-0.1781,-0.3438
35495,1179,750,34.056,30.317,0.0657,0.0178,9.7425,-0.604,0.1356,-0.1166
35500,1188,754,34.012,30.387,-0.0756,-0.1392,9.8856,-0.4564,-1.298,-0.7224
35505,1190,760,34.038,30.316,0.0412,-0.0241,9.8799,-0.3503,0.3869,-0.4313
35510,1173,766,34.052,30.291,0.0521,0.0029,9.7674,-0.0395,-0.0649,0.1353
35515,1173,767,34.033,30.31,-0.0375,-0.0979,9.8342,-0.9821,-0.0603,0.4145
35520,1168,777,34.061,30.291,-0.0519,-0.0509,9.82,-0.2454,-1.0513,0.078
35525,1169,785,34.003,30.373,-0.0193,-0.0775,9.8179,-0.2806,-0.7612,-0.4565
35530,1161,785,34.083,30.337,-0.0571,-0.0175,9.8908,-0.6052,-0.3222,-0.511
35535,1161,786,34.056,30.353,-0.0846,-0.0313,9.8174,0.3622,0.0631,0.441
35540,1149,796,33.972,30.448,-0.1025,-0.0619,9.7195,-0.0559,0.2192,-0.3032
35545,1155,799,34.092,30.387,-0.0416,0.0174,9.8221,0.7605,-0.9727,0.4354
35550,1151,806,33.994,30.326,-0.1563,-0.0304,9.7283,0.6835,0.408,-0.5008
35555,1139,806,34.131,30.382,-0.0186,0.0203,9.8127,0.0169,0.0542,0.6308
35560,1145,814,34.053,30.352,0.0086,-0.0047,9.8245,0.0164,0.2058,-0.0704
35565,1137,819,34.119,30.356,-0.0222,0.098,9.8054,0.6433,-0.5377,0.6614
35570,1130,821,34.127,30.304,0.0068,0.0786,9.7918,-0.899,-0.2838,0.4307
35575,1131,828,34.028,30.404,0.0462,0.0167,9.7532,-0.0549,0.1196,-0.065
35580,1124,826,34.044,30.353,0.0202,0.0033,9.8849,0.38,0.2729,0.3359
35585,1123,832,33.998,30.392,0.0188,-0.0384,9.7718,-0.4558,-0.5352,-0.2923
35590,1114,838,33.959,30.406,0.0097,-0.0174,9.811,0.3593,0.5581,0.1803
35595,1116,835,33.979,30.35,-0.0549,-0.0403,9.7411,0.2273,-0.0446,-0.2552
35600,1126,848,34.091,30.372,-0.0506,-0.024,9.773,0.2166,-0.046,0.2612
35605,1109,847,34.104,30.428,0.0041,0.0652,9.8021,1.0969,0.2139,0.3894
35610,1106,853,33.943,30.302,-0.0323,-0.0081,9.8085,-0.067,0.9249,-0.1043
35615,1106,853,34.047,30.399,-0.0226,0.0347,9.8028,-0.3096,-0.0377,0.578
35620,1097,856,34.009,30.348,0.0472,0.1028,9.8871,-0.0677,-0.036,0.2848
35625,1106,857,34.062,30.3,0.0299,-0.0033,9.8024,0.3708,-0.1146,-0.151
35630,1100,855,34.007,30.374,-0.0056,-0.0436,9.8388,-0.5173,-0.2701,0.0587
35635,1103,860,34.092,30.302,-0.0676,0.0227,9.8127,-0.7697,0.2727,0.1944
35640,1092,859,34.017,30.48,-0.1581,-0.0623,9.8302,0.8068,0.0362,0.0162
35645,1087,859,34.002,30.358,0.0421,0.0404,9.7829,0.4667,-0.7334,-0.225
35650,1086,863,34.049,30.389,-0.0417,-0.0017,9.903,0.053,1.2322,0.1222
35655,1087,860,33.926,30.32,-0.0162,-0.0686,9.7587,0.3097,-0.5264,0.352
35660,1080,865,34.082,30.333,0.0116,0.0383,9.7988,0.1118,-0.2424,1.1996
35665,1084,869,34.054,30.324,0.0715,0.0121,9.7924,-0.5001,0.5631,-0.1295
35670,1084,863,34.004,30.293,0.0893,0.0205,9.827,-0.1434,-0.047,-0.3931
35675,1078,866,33.971,30.336,-0.0462,0.0143,9.8574,-0.7299,0.8375,-0.4122
35680,1075,863,34.058,30.384,-0.0362,0.0238,9.7557,0.197,-0.0124,0.1103
35685,1061,865,34.009,30.307,-0.0018,-0.0631,9.7312,-1.3477,-0.2083,-0.5907
35690,1059,865,34.085,30.364,-0.0142,0.0087,9.812,1.0712,0.0305,-0.5145
35695,1060,864,33.99,30.304,0.088,0.004,9.8178,-0.6166,-0.1295,0.0576
35700,1062,865,34.069,30.326,-0.1195,-0.0178,9.8431,0.4499,-0.2254,0.405
35705,1057,858,34.069,30.373,0.0666,-0.0478,9.8724,0.7828,0.1641,0.9151
35710,1043,864,34.077,30.359,-0.0551,-0.0482,9.7411,0.3794,-0.4855,0.1679
35715,1041,856,34.039,30.292,-0.0441,0.0321,9.8479,0.24,0.1509,-0.5059
35720,1041,857,34.087,30.291,-0.1182,0.0688,9.8213,0.0954,0.0117,-0.5375
35725,1035,860,34.047,30.414,-0.0027,0.0197,9.7931,0.2806,0.7104,0.0017
35730,1028,857,33.955,30.279,0.0622,0.0382,9.8059,-0.2098,0.8333,0.5038
35735,1016,860,34.004,30.401,0.0555,-0.0422,9.7326,-0.2359,0.3158,-0.4282
35740,1020,855,33.995,30.477,0.0697,-0.0101,9.8583,0.1878,0.8264,0.0268
35745,1012,853,34.026,30.308,-0.0431,0.009,9.7896,0.6002,0.0206,0.5708
35750,994,848,33.998,30.32,-0.0288,-0.0908,9.7118,-0.3324,-0.5759,0.041
35755,998,849,34.049,30.253,0.0126,0.0963,9.8192,-0.2112,0.5477,-0.2316
35760,993,847,34.031,30.411,0.0703,0.0086,9.7882,0.542,-0.398,0.4995
35765,969,848,34.018,30.393,0.0126,0.0276,9.8413,0.4941,0.9429,-0.0113
35770,968,846,34.064,30.354,0.0011,0.0566,9.7903,-0.1149,0.58,-0.5011
35775,956,843,34.042,30.364,-0.0262,0.0023,9.8819,-0.3788,0.4708,-0.1524
35780,941,848,33.976,30.322,0.0546,0.0626,9.8013,0.0025,0.1278,0.3156
35785,935,847,33.955,30.41,0.0073,-0.0257,9.8018,-0.4578,0.7657,-0.1913
35790,926,846,34.03,30.34,0.0109,-0.0508,9.9078,0.2651,0.7505,0.7411
35795,919,845,34.107,30.326,0.0329,0.0471,9.8191,-0.1016,0.6274,0.5526
35800,908,835,34.056,30.367,0.0285,0.0457,9.8192,0.1646,-0.1398,0.0221
35805,904,837,33.972,30.401,0.0207,-0.07,9.7556,-0.6973,-0.2823,-0.0009
35810,892,834,34.095,30.319,0.1045,0.0574,9.7747,0.4282,1.3266,-0.4172
35815,882,831,34.066,30.284,-0.0671,0.0338,9.7166,-0.5494,0.244,-0.6912
35820,867,831,34.037,30.446,-0.0554,0.1149,9.8544,0.348,0.0538,-0.4227
35825,865,837,33.972,30.378,-0.0828,-0.0339,9.8433,-1.0176,0.8899,0.1924
35830,850,832,34.02,30.353,0.0255,0.0296,9.943,0.0658,0.586,0.0162
35835,842,832,34.115,30.342,0.0177,-0.0824,9.8656,0.56,-0.0523,0.4147
35840,825,831,34.12,30.387,0.0414,-0.0286,9.7313,-0.2434,0.2551,0.735
35845,813,829,34.024,30.387,0.0209,0.0006,9.8313,-0.6145,-0.178,-1.6966
35850,811,827,34.056,30.208,-0.0523,0.0308,9.7724,0.113,0.7345,0.0008
35855,803,826,34.008,30.468,-0.0538,0.0818,9.7341,-0.4876,0.0816,0.0975
35860,790,826,33.979,30.355,-0.0347,-0.042,9.7857,-0.4439,-0.3043,0.2054
35865,790,831,34.023,30.494,-0.0237,0.0009,9.7498,-0.6855,0.4778,-0.9124
35870,780,828,34.04,30.39,-0.0199,-0.0522,9.929,0.2721,0.1335,-0.1604
35875,782,826,34.063,30.357,0.0003,0.0325,9.7527,-0.8272,0.0404,-0.0544
35880,774,823,34.115,30.42,-0.0954,-0.0226,9.8497,0.3546,1.0741,-0.0235
35885,757,825,33.892,30.343,-0.0856,0.0753,9.7838,-0.0415,-0.1012,-0.7494
35890,766,815,34.026,30.273,0.0929,0.0071,9.792,0.4761,-0.7903,-0.6574
35895,752,823,34.134,30.376,-0.0389,0.0137,9.7944,0.7427,-0.2713,-0.2815
35900,746,818,34.025,30.391,0.0464,-0.0735,9.8356,-0.1241,0.0447,0.5549
35905,747,820,33.996,30.357,0.0036,-0.0701,9.794,-0.184,-0.0062,0.1293
35910,739,820,34.004,30.36,0.0307,0.0034,9.8349,0.2211,0.2746,-0.1045
35915,746,812,34.062,30.374,-0.0292,-0.0942,9.7774,0.1624,0.0075,-0.5913
35920,759,814,34.049,30.322,-0.0132,0.0087,9.801,0.7008,0.3324,0.8542
35925,743,810,33.997,30.354,0.0147,0.0836,9.8849,-0.297,-0.0424,-0.2816
35930,746,813,34.053,30.387,0.0212,-0.0466,9.7408,1.0301,-0.5012,-0.7053
35935,763,809,34.087,30.443,0.0435,-0.004,9.7762,-0.4608,0.1334,-0.1887
35940,759,803,33.993,30.289,0.0387,0.0511,9.7538,-0.3919,0.9268,-0.9589
35945,757,802,34.071,30.389,0.0354,-0.0213,9.8034,-0.013,0.1749,0.3317
35950,766,799,34.112,30.329,-0.0532,-0.0514,9.8188,-0.699,0.73,0.1192
35955,768,798,33.993,30.317,0.0774,0.0837,9.898,-0.2146,-0.2771,-0.0746
35960,779,796,34.148,30.333,-0.0211,0.0594,9.83,0.4335,0.2724,0.3179
35965,792,796,34.057,30.289,0.0834,0.0205,9.8396,0.0835,0.0853,-0.4238
35970,794,786,33.999,30.356,-0.0778,-0.0298,9.7682,1.007,-0.7494,0.6392
35975,800,781,34.049,30.373,0.0476,0.0166,9.7819,-0.2126,0.5832,-0.4031
35980,813,784,34.053,30.463,0.0543,-0.0516,9.8773,0.5687,-0.7121,-0.594
35985,827,776,33.992,30.322,0.0282,0.0075,9.7695,-0.286,0.4647,0.3258
35990,835,772,33.983,30.369,-0.1267,-0.0243,9.8997,-0.5748,-0.1438,0.4957
35995,840,772,34.03,30.287,0.0152,-0.0169,9.8221,-0.1721,-0.9748,-0.6993
36000,854,765,33.999,30.29,0.0771,-0.0338,9.8129,-0.7309,-0.5875,-0.4609
36005,865,765,33.992,30.338,0.0317,0.0312,9.837,-0.2525,0.9416,-1.3226
36010,890,766,34.002,30.289,-0.0535,0.0803,9.7853,0.2215,0.1846,-0.1338
36015,890,756,34.047,30.387,0.1479,0.0618,9.6662,-0.1416,0.1427,-0.3313
36020,908,753,34.008,30.269,-0.0587,-0.0645,9.7882,0.1059,0.2415,0.2957
36025,922,753,34.0,30.393,0.0004,0.0043,9.7676,-0.2384,0.1765,-0.8307
36030,947,741,34.04,30.391,-0.0104,-0.0572,9.9235,0.2999,0.7578,0.245
36035,949,747,34.063,30.36,0.0481,-0.0123,9.8185,0.126,-0.0055,0.8517
36040,969,740,33.98,30.273,-0.0435,0.0519,9.7883,0.8261,0.0565,-0.345
36045,983,736,33.975,30.313,0.0296,-0.018,9.8723,0.223,0.0107,0.6965
36050,989,735,34.075,30.412,0.0043,0.0534,9.7522,-0.3601,-0.0919,0.6515
36055,1004,730,33.996,30.41,-0.0355,0.0386,9.759,1.0187,0.0526,0.2603
36060,1009,726,34.004,30.325,-0.0083,0.0199,9.7576,-0.2699,-0.3917,-0.2214
36065,1032,726,34.094,30.316,-0.0132,0.0645,9.7682,-0.9726,0.6099,-0.2107
36070,1047,727,34.154,30.399,0.0349,-0.0289,9.7551,0.2101,1.5219,-0.3198
36075,1051,720,34.019,30.294,0.0348,-0.0696,9.7212,0.0853,-0.4491,-0.6895
36080,1063,721,34.015,30.363,0.0037,0.0182,9.8036,-0.2,-0.0904,0.6648
36085,1079,719,34.062,30.354,-0.0237,0.0118,9.7837,0.163,-1.0246,0.0947
36090,1093,721,34.069,30.351,0.0714,0.0369,9.8554,0.2785,0.0757,0.0426
36095,1091,717,33.973,30.301,0.0382,0.0276,9.7172,0.455,-0.4712,0.4403
36100,1108,709,34.045,30.342,0.0332,-0.0512,9.8284,0.1516,-0.8199,0.0325
36105,1115,713,34.054,30.26,0.0067,0.0079,9.8494,-0.257,0.6761,0.3833
36110,1132,712,33.986,30.351,0.0243,-0.0133,9.9184,0.3917,-0.5742,-0.2935
36115,1139,712,34.02,30.387,0.0925,-0.0461,9.8065,0.8086,-0.1118,0.393
36120,1157,714,33.984,30.367,0.0267,-0.0077,9.7445,0.5794,0.0496,-0.8262
36125,1150,708,34.099,30.364,-0.0077,0.0535,9.8477,-0.8032,-0.4056,0.3273
36130,1160,713,34.182,30.198,0.0117,-0.0705,9.7986,-1.2171,-0.83,-0.7545
36135,1164,707,34.057,30.312,-0.0483,0.0414,9.7509,0.0213,-1.3453,0.2236
36140,1162,715,34.029,30.369,-0.1169,-0.0175,9.7581,0.0582,-0.463,0.5015
36145,1170,718,34.067,30.26,-0.0211,-0.023,9.8135,0.8106,0.0484,-0.686
36150,1177,717,34.026,30.374,-0.043,-0.0407,9.8091,-0.2915,0.9455,0.222
36155,1178,719,34.031,30.352,0.0311,0.0502,9.809,-0.2714,0.501,0.1251
36160,1194,725,34.16,30.348,0.0427,0.0438,9.803,0.1399,0.2662,0.63
36165,1191,724,34.066,30.448,-0.1288,-0.0018,9.8731,-0.1067,-0.0814,-0.0039
36170,1188,726,34.075,30.313,0.0243,0.0196,9.7665,0.0486,-0.4007,0.204
36175,1193,727,34.06,30.371,0.0331,-0.0016,9.8454,0.1865,-0.481,-0.3828
36180,1187,732,34.029,30.401,-0.0553,0.0124,9.8843,-0.271,-0.0588,-0.5257
36185,1184,740,34.098,30.301,-0.0353,-0.003,9.7464,0.1694,0.5974,0.7218
36190,1194,745,34.1,30.359,-0.0183,0.0068,9.8411,0.206,-0.5684,-0.4373
36195,1182,740,34.118,30.343,0.0323,0.0123,9.8447,-1.0663,-0.6719,-0.213
36200,1189,748,34.028,30.442,0.1362,-0.0315,9.7467,-0.0485,-0.6032,0.544
36205,1182,748,34.023,30.386,0.0191,-0.0016,9.7872,-0.6867,0.096,0.1574
36210,1183,760,34.021,30.359,0.0147,-0.0349,9.8499,-0.1202,-0.0122,-0.216
36215,1175,767,34.022,30.359,0.0785,-0.0245,9.7615,0.466,-0.3352,-0.3357
36220,1179,767,34.034,30.274,-0.0071,0.0598,9.7964,0.3902,0.6311,-0.5906
36225,1175,778,34.134,30.297,0.0227,0.0443,9.7357,-0.9255,-0.3529,0.3139
36230,1164,780,34.045,30.351,0.0617,0.0399,9.7975,-0.1038,-0.5151,-0.23
36235,1168,783,33.97,30.393,0.0396,-0.0379,9.8024,-0.3288,-0.5791,0.2982
36240,1160,787,34.078,30.415,0.045,0.0659,9.7766,0.0922,-0.8917,0.2171
36245,1150,797,34.072,30.361,-0.0129,0.0304,9.8477,0.2057,0.048,0.0258
36250,1159,797,34.009,30.277,0.0157,-0.0012,9.7707,0.261,-0.3328,0.1609
36255,1142,804,34.026,30.411,-0.0003,-0.002,9.7903,-0.6903,0.3028,-0.6453
36260,1140,806,34.121,30.38,0.0227,-0.0226,9.8797,-0.0458,0.3686,-0.5066
36265,1142,817,34.04,30.268,0.0224,0.0143,9.7876,0.6293,0.2827,-0.8715
36270,1140,812,34.094,30.325,-0.0737,0.0494,9.7741,-0.8641,0.5522,-0.2313
36275,1130,814,34.159,30.405,-0.0181,-0.0948,9.8721,-0.6135,0.8599,0.342
36280,1132,825,33.962,30.382,-0.0987,0.0154,9.736,0.0903,0.2127,-0.0316
36285,1130,827,34.016,30.408,0.0291,0.0117,9.8613,1.0741,-1.1148,0.419
36290,1124,831,33.954,30.372,0.0034,-0.0081,9.8801,-0.2944,-0.1867,0.0662
36295,1122,836,34.094,30.341,0.0022,0.0289,9.916,-0.639,0.2326,0.4118
36300,1124,836,33.996,30.355,-0.0254,0.034,9.8599,0.6474,-0.3388,-0.064
36305,1119,846,33.999,30.316,-0.0333,-0.0521,9.8394,-0.5183,-0.2993,-0.0391
36310,1114,848,34.07,30.416,-0.0208,-0.07,9.8126,0.9212,-0.1795,0.2229
36315,1106,848,33.957,30.351,-0.0599,0.0778,9.8412,0.3316,-0.3558,-0.3496
36320,1107,846,34.144,30.393,0.0427,0.0159,9.8109,-0.5051,-0.3324,-0.0167
36325,1110,849,34.051,30.394,-0.0963,0.0551,9.8078,0.0145,0.1875,0.8801
36330,1097,851,34.07,30.336,0.0823,-0.0882,9.812,0.5825,0.0782,-0.0334
36335,1102,864,33.967,30.38,-0.0312,-0.0791,9.8663,0.101,0.5144,-0.8023
36340,1087,860,34.038,30.352,0.044,0.04,9.8616,-0.6276,0.1362,-0.5262
36345,1085,861,33.994,30.35,-0.0332,-0.0047,9.8798,0.5159,-0.3544,0.5463
36350,1093,862,34.077,30.409,-0.0335,0.0038,9.7788,0.52,-0.1231,-0.296
36355,1087,860,33.995,30.411,-0.0691,0.0103,9.8447,-0.081,-0.6237,-0.9351
36360,1088,862,33.998,30.339,0.0177,0.0691,9.821,-0.3254,-0.1248,-0.078
36365,1094,864,34.0,30.369,-0.01,0.0696,9.8672,-0.634,-0.0614,0.0156
36370,1078,868,34.036,30.288,-0.0225,0.0668,9.7832,-0.6502,-0.9344,-0.7056
36375,1087,869,34.089,30.265,-0.0394,0.0925,9.7955,0.0853,0.1819,-0.8315
36380,1078,862,34.055,30.371,0.0213,-0.0255,9.7885,-0.2704,0.9332,0.0492
36385,1087,862,34.044,30.382,-0.0345,0.1148,9.7962,-0.2861,0.3394,0.3035
36390,1071,866,33.974,30.372,-0.0013,0.0127,9.8358,-0.2106,0.121,-0.0139
36395,1059,868,34.08,30.392,0.0066,-0.0403,9.8018,0.1076,-0.3349,-0.4891
36400,1065,868,34.061,30.309,0.1183,-0.0642,9.7473,0.1795,-0.2486,0.0807
36405,1063,866,34.128,30.374,0.0865,-0.0151,9.854,0.7469,0.3635,-0.134
36410,1054,857,34.059,30.398,0.0389,-0.0111,9.7887,-0.5889,-0.7054,0.1232
36415,1054,865,34.04,30.288,-0.0063,0.0651,9.8077,-0.0746,0.0623,0.1539
36420,1044,862,34.14,30.454,-0.03,-0.0327,9.7457,-0.2596,-0.0917,-0.9834
36425,1049,859,34.076,30.353,-0.0131,0.0679,9.8726,-0.5117,0.1764,-0.0354
36430,1036,855,34.006,30.384,0.0776,0.008,9.923,0.6974,0.6497,0.1931
36435,1028,856,34.13,30.509,-0.0103,-0.0484,9.8146,-0.3027,-0.3186,0.3761
36440,1029,856,34.024,30.391,-0.0652,-0.0212,9.6963,0.1826,0.6427,0.0687
36445,1012,855,34.101,30.373,0.0069,-0.0452,9.837,0.574,0.8484,0.0036
36450,1009,853,34.086,30.342,0.0013,0.0366,9.7871,0.5771,0.0507,0.2325
36455,1003,854,34.065,30.37,0.0064,0.0431,9.8588,-0.576,-0.4164,0.3464
36460,992,848,34.021,30.323,0.0716,0.0552,9.7449,0.1152,-0.1805,0.0115
36465,986,855,34.033,30.402,0.0598,0.0045,9.7934,-0.1272,-0.35,0.2456
36470,981,846,33.989,30.391,-0.039,0.0051,9.8394,0.7062,-0.4604,-0.2354
36475,976,842,34.098,30.442,0.0084,-0.0299,9.9215,-1.3515,-0.1072,0.505
36480,964,848,34.033,30.377,-0.0069,0.0549,9.8326,-0.7142,0.2441,0.2436
36485,946,847,34.08,30.371,0.0234,0.0484,9.797,0.1252,0.3564,-0.577
36490,947,841,34.095,30.375,0.0427,-0.0076,9.9131,0.0467,0.0686,-0.5483
36495,934,843,34.019,30.418,-0.0337,0.1375,9.8538,0.2947,-0.0959,-0.5461
36500,936,844,34.013,30.395,0.0002,-0.0557,9.8353,-0.635,-0.0384,-0.1561
36505,909,841,34.005,30.384,-0.0865,-0.0845,9.8646,-0.7888,0.6482,0.7789
36510,903,836,34.02,30.306,0.0457,-0.0651,9.8484,0.871,0.3513,0.1473
36515,895,839,34.03,30.306,0.0123,0.0177,9.7108,-0.1658,0.1026,0.2534
36520,881,835,34.116,30.264,0.0465,0.0325,9.8498,-0.0679,-0.9019,-0.5847
36525,873,838,34.097,30.224,0.0273,-0.0494,9.7365,-0.1815,-0.4172,0.6794
36530,873,834,33.953,30.299,0.0623,-0.0393,9.8833,0.0308,-0.0857,-0.034
36535,849,832,34.045,30.391,-0.0302,-0.0652,9.8587,-0.5677,-0.1578,-0.3266
36540,843,833,34.139,30.283,0.0453,-0.034,9.8583,-0.2138,0.5097,-0.0481
36545,833,827,34.06,30.363,-0.069,0.0416,9.7529,0.5956,0.5028,0.0437
36550,831,834,34.123,30.42,0.0676,-0.0094,9.8201,0.6113,0.0937,-0.6042
36555,817,833,34.023,30.364,-0.0058,-0.0071,9.7938,-0.0679,-0.1747,0.358
36560,802,830,34.08,30.317,-0.0237,-0.0248,9.6719,-0.3107,-1.0091,0.4119
36565,806,824,34.063,30.372,0.0419,0.0097,9.7216,0.3948,-0.0833,0.0586
36570,785,830,34.066,30.398,-0.0447,0.0592,9.7913,0.1477,0.1998,-0.4232
36575,777,824,34.047,30.33,0.0583,0.0772,9.7681,-0.7532,0.6188,-0.7492
36580,787,827,34.078,30.373,0.0914,0.0474,9.8153,0.6172,-0.2238,0.0582
36585,767,827,34.083,30.303,0.0285,0.0691,9.8655,-1.1535,-1.3764,-0.2489
36590,758,823,33.99,30.35,0.0276,-0.0254,9.8069,0.2113,0.6228,0.9186
36595,759,825,34.058,30.333,0.0282,-0.0981,9.8697,-0.0279,-0.8531,0.554
36600,761,823,34.046,30.291,-0.0647,-0.0177,9.8298,1.0914,0.3208,-0.2858
36605,749,821,34.072,30.319,-0.0774,0.0612,9.7725,-0.4532,1.7499,0.0471
36610,758,822,33.996,30.442,-0.0395,0.0939,9.8449,-0.1531,0.8324,0.2238
36615,745,818,33.999,30.287,0.0012,0.0015,9.7608,0.1074,-0.1445,-0.2607
36620,756,810,34.047,30.311,-0.0193,-0.0779,9.8159,0.8132,-0.1254,1.1128
36625,746,812,34.118,30.425,-0.1165,0.0305,9.7564,0.6219,-0.5489,0.7496
36630,746,806,33.983,30.325,-0.0169,0.0349,9.7756,0.199,-0.2971,-0.2038
36635,748,809,34.096,30.456,0.0426,0.0245,9.8408,-0.4083,-0.3204,0.3935
36640,749,804,34.012,30.348,0.0611,0.0431,9.7743,-0.0893,-0.4456,-0.157
36645,749,806,34.032,30.363,-0.0117,-0.0033,9.8236,0.0633,0.1671,-1.0022
36650,761,804,33.982,30.348,-0.009,-0.0208,9.773,0.6686,0.1024,-0.4579
36655,769,802,33.987,30.372,0.0382,0.0526,9.8105,-0.0301,-0.4642,0.0594
36660,760,797,34.064,30.289,0.099,-0.0101,9.7588,0.3679,-0.0992,0.1426
36665,783,792,34.097,30.393,-0.0595,-0.056,9.8573,0.023,-0.3694,0.5717
36670,778,789,34.018,30.344,-0.0634,0.0455,9.8468,-1.082,1.2358,-0.0212
36675,794,792,34.057,30.373,-0.0249,0.0367,9.8822,-0.6826,-0.8118,0.6975
36680,795,787,34.019,30.273,0.0144,-0.0469,9.8133,0.0254,-0.8012,0.2438
36685,813,784,34.043,30.391,-0.0653,0.0356,9.8171,-0.1433,-0.6826,0.4019
36690,814,778,33.968,30.386,0.0064,-0.0798,9.7628,0.3905,0.1966,-0.2197
36695,824,775,33.965,30.441,0.0093,-0.0214,9.8574,0.338,0.1574,-0.3594
36700,843,769,34.116,30.339,0.0342,-0.0132,9.8179,0.1143,0.0435,-0.6252
36705,848,774,34.043,30.343,0.0939,0.0073,9.773,-0.079,-0.6705,-0.3066
36710,858,767,34.028,30.416,0.0224,-0.0212,9.7858,-0.2218,-0.2405,-1.1447
36715,877,762,34.079,30.361,-0.1201,-0.029,9.7715,-0.4858,-1.0703,-0.009
36720,895,753,34.035,30.286,-0.0084,-0.0173,9.8876,-0.1802,0.0746,0.1209
36725,903,756,34.097,30.322,0.0417,0.0416,9.7255,0.3254,0.5931,0.4122
36730,913,753,34.122,30.402,0.0525,0.0095,9.8019,-1.0131,-0.1381,-0.3686
36735,932,755,34.033,30.359,0.0411,-0.0888,9.85,-0.6602,0.0581,0.4225
36740,943,741,34.1,30.265,0.004,-0.092,9.7574,0.5765,-0.147,-0.299
36745,960,744,34.212,30.363,0.013,0.0606,9.6419,-0.9752,-0.7029,-0.7511
36750,962,740,33.992,30.402,-0.0592,-0.0887,9.6965,0.7431,0.6127,-0.6601
36755,976,735,33.895,30.375,0.0236,-0.0673,9.8404,-0.3626,-0.0527,0.4416
36760,989,730,33.961,30.479,-0.041,0.0785,9.7832,-0.0402,-0.1936,-0.1644
36765,1007,729,34.11,30.488,0.047,0.0577,9.7418,-0.6101,-0.5048,0.1685
36770,1025,730,34.038,30.379,-0.0432,-0.0604,9.9174,0.053,-0.1955,0.9421
36775,1038,726,34.066,30.412,-0.0206,0.002,9.8143,-0.2131,0.4964,-1.2564
36780,1042,726,34.031,30.342,-0.0793,0.032,9.7679,0.8247,-0.3046,0.2074
36785,1060,719,34.012,30.293,-0.0261,-0.0004,9.838,0.166,0.4513,-0.1185
36790,1080,719,33.969,30.312,-0.0337,0.0242,9.8459,0.0603,0.8895,-0.404
36795,1081,717,34.041,30.325,0.0068,-0.0305,9.7896,0.2082,1.1413,-0.4815
36800,1094,717,34.035,30.334,0.0008,-0.0449,9.7313,-0.1748,0.5804,-0.7347
36805,1108,714,34.006,30.3,0.0749,0.0311,9.8812,0.4707,-0.5259,0.3111
36810,1109,713,33.986,30.406,-0.0284,0.0068,9.8433,-1.4309,-0.3361,0.7494
36815,1127,713,34.091,30.349,0.0053,0.0328,9.84,0.0846,-0.3329,-0.2568
36820,1138,711,34.111,30.367,-0.0949,-0.0128,9.7355,-0.3573,-0.6198,-0.0262
36825,1143,709,34.076,30.269,0.0361,0.0689,9.8424,-0.3365,0.3252,0.4888
36830,1149,711,33.983,30.306,0.0587,0.0218,9.7512,0.0896,0.0224,-0.1479
36835,1159,717,33.987,30.383,-0.0204,-0.0571,9.7781,0.1597,1.2366,-0.1076
36840,1159,710,34.067,30.374,0.0214,-0.0177,9.8737,-0.6137,0.2346,0.3446
36845,1164,709,34.073,30.317,0.0509,0.0166,9.84,0.1289,-0.6035,-0.6728
36850,1173,714,34.088,30.404,0.0028,0.0679,9.7752,0.2831,-0.5225,-0.3227
36855,1182,717,34.075,30.273,-0.0342,0.0951,9.8671,-0.2517,-0.6232,-0.0366
36860,1176,718,34.071,30.381,0.024,-0.056,9.7932,-0.005,-0.6187,0.1069
36865,1181,722,34.095,30.345,-0.09,-0.0769,9.7763,0.505,-0.2425,-0.1301
36870,1182,727,34.085,30.345,0.0303,-0.0112,9.7556,0.4044,-0.076,-0.8568
36875,1184,727,34.038,30.349,-0.0491,0.008,9.8119,-0.0764,0.3101,0.1399
36880,1188,727,34.037,30.295,0.0619,-0.0505,9.7616,0.0762,0.3349,0.1431
36885,1193,736,33.965,30.362,0.0286,-0.0453,9.7972,-0.3224,1.2717,0.2948
36890,1187,734,33.967,30.32,-0.0182,0.001,9.7436,-0.8101,-0.461,0.9815
36895,1191,742,34.093,30.347,-0.0071,0.0015,9.8118,0.6097,0.9647,0.1765
36900,1189,743,33.971,30.329,0.0275,-0.0547,9.7313,0.1551,0.4543,0.6792
36905,1175,751,34.074,30.36,0.0145,0.0556,9.8602,-0.3798,-0.9766,0.3994
36910,1185,749,34.037,30.369,0.0046,-0.0228,9.7794,0.083,-0.2047,-0.6715
36915,1173,756,33.931,30.297,-0.0319,0.0217,9.8439,0.2257,-0.5291,0.633
36920,1185,765,34.028,30.298,-0.0559,-0.0201,9.8082,-0.1621,-0.1444,0.3753
36925,1171,769,33.948,30.317,-0.0512,-0.0006,9.7793,-0.887,-0.3432,-0.3163
36930,1180,771,34.008,30.313,0.0425,0.0005,9.7619,0.4294,-0.1064,0.4702
36935,1176,778,34.102,30.326,-0.0708,0.0008,9.7126,-0.3241,-0.0992,-0.6431
36940,1166,776,33.997,30.337,0.0013,-0.0946,9.9431,-0.1123,0.5167,-0.6004
36945,1155,783,34.084,30.404,-0.0158,-0.0274,9.8172,0.2267,-0.0174,0.2475
36950,1165,786,33.977,30.493,0.0672,0.0612,9.8392,-0.5341,-0.3462,-0.3575
36955,1157,792,33.992,30.371,-0.0795,-0.0417,9.769,0.2404,-0.5044,0.1195
36960,1150,796,33.977,30.319,0.1167,0.0,9.8178,0.7871,-0.5911,-0.2918
36965,1154,805,34.074,30.342,-0.0112,-0.0233,9.7703,0.1556,0.4566,-0.8592
36970,1143,812,34.057,30.283,-0.0393,-0.0793,9.8226,-0.1851,0.4559,-0.4225
36975,1134,811,34.067,30.292,-0.0345,0.0292,9.8693,0.1808,0.4738,-1.5061
36980,1139,816,34.107,30.369,-0.0909,-0.0756,9.8254,-0.4675,0.0775,0.8462
36985,1137,822,34.025,30.248,-0.0249,-0.0673,9.7676,0.8843,-1.0043,0.2449
36990,1132,824,34.067,30.318,0.0002,-0.0509,9.7935,-0.8346,0.1165,-0.214
36995,1121,827,34.042,30.305,-0.1061,-0.0104,9.8464,-0.4516,-0.7162,-0.9388
37000,1120,831,34.035,30.378,0.0026,0.0114,9.8569,-0.0581,-0.3479,0.3703
37005,1116,835,34.111,30.357,0.0363,-0.0242,9.8507,-0.6788,-0.0298,-1.3355
37010,1117,835,34.086,30.326,0.0553,-0.0289,9.8473,-0.7313,0.492,-0.3344
37015,1120,839,34.03,30.371,0.0676,-0.0315,9.7226,-0.5947,0.0361,-0.6662
37020,1113,849,34.009,30.374,0.094,-0.0377,9.7631,0.2902,0.4122,-0.4604
37025,1112,851,34.035,30.388,-0.029,0.0374,9.7555,0.0829,-0.1505,0.0269
37030,1109,849,34.117,30.372,0.0654,0.0932,9.7747,-0.534,-0.2401,-0.4453
37035,1099,856,33.963,30.386,-0.0485,-0.0119,9.8216,0.1119,0.0938,0.0032
37040,1104,852,33.923,30.355,-0.0485,0.0346,9.833,-0.3074,0.0812,-0.3812
37045,1099,857,34.119,30.352,0.0816,0.0659,9.7895,0.1243,0.8861,-0.3004
37050,1102,860,34.061,30.336,0.0393,0.0819,9.8257,0.3002,-0.15,-0.0762
37055,1083,863,34.036,30.248,0.0067,-0.0834,9.868,-0.0549,-0.1049,-0.7784
37060,1085,864,34.051,30.345,0.0364,-0.061,9.8577,-0.9547,0.243,0.2754
37065,1077,865,34.024,30.374,-0.0002,0.012,9.7707,-1.0363,-0.1794,0.7615
37070,1082,864,34.041,30.37,-0.0027,-0.0776,9.8903,-0.5514,-0.4183,-0.2553
37075,1076,868,34.008,30.419,-0.0294,0.0757,9.8674,-0.3148,-0.3807,0.2782
37080,1068,866,34.07,30.3,-0.0878,-0.053,9.8161,-0.2879,0.3754,0.0391
37085,1078,863,34.038,30.396,-0.0484,0.009,9.7849,-0.3893,-0.2505,0.4219
37090,1084,867,34.035,30.395,0.0617,0.0392,9.8609,-1.0887,-0.7438,-0.1369
37095,1070,864,34.058,30.357,0.0401,0.0613,9.7481,0.0137,0.3431,0.1904
37100,1069,860,33.993,30.376,0.0234,-0.0161,9.8671,0.4319,-0.6509,0.8455
37105,1055,866,34.04,30.432,0.0246,0.0565,9.7785,0.9805,0.183,-0.3889
37110,1068,867,34.097,30.36,-0.0042,0.0087,9.8075,0.2016,0.0383,-0.4234
37115,1059,866,34.069,30.273,-0.0019,0.0621,9.7725,-0.5068,-0.6394,-0.1579
37120,1051,860,33.996,30.325,0.0007,-0.0535,9.8595,0.1472,-0.7095,0.6033
37125,1049,858,33.99,30.326,-0.0556,0.0337,9.8446,-0.5247,-0.8147,-0.0632
37130,1045,861,33.961,30.434,-0.0462,-0.0181,9.8136,1.0598,-0.5996,0.4329
37135,1041,861,34.01,30.355,0.0198,-0.0895,9.803,-0.3331,-0.0186,-0.1787
37140,1029,855,34.041,30.319,-0.0881,0.0141,9.7908,-0.2617,0.7515,0.4687
37145,1026,855,33.931,30.39,0.031,-0.0105,9.7704,-0.0377,-0.1371,-0.923
37150,1023,859,34.115,30.345,0.0008,0.0499,9.8136,0.2377,0.0995,0.0157
37155,1013,853,34.049,30.36,0.0488,-0.1411,9.8109,-0.7558,-0.4557,-0.2711
37160,1011,854,34.03,30.326,-0.038,-0.0226,9.7981,-0.187,0.1202,0.6544
37165,996,849,34.086,30.306,-0.0785,-0.0068,9.8855,0.4727,0.2052,-0.7227
37170,990,846,34.085,30.345,-0.0035,0.0113,9.8593,0.1233,-0.0738,-0.1477
37175,984,849,34.021,30.339,-0.0176,-0.0055,9.8314,-0.2602,-0.1118,0.3326
37180,968,849,34.083,30.341,0.0754,-0.008,9.8281,0.1191,0.4724,0.7505
37185,963,850,33.914,30.452,0.0463,0.0266,9.8721,-0.3371,-0.2484,0.2815
37190,955,846,34.013,30.397,0.003,0.0598,9.7729,0.1097,0.6348,0.3648
37195,953,841,33.915,30.294,-0.0216,-0.059,9.8294,0.3041,-0.1875,0.124
37200,933,840,34.097,30.359,-0.0495,-0.0123,9.8435,0.4484,-1.1607,0.1514
37205,923,849,34.104,30.439,-0.0072,0.0215,9.7505,-0.5861,-0.4012,0.8419
37210,923,836,34.082,30.353,-0.0003,0.0742,9.8728,-0.2487,-0.2587,1.0783
37215,906,841,34.14,30.348,-0.0451,0.0895,9.8463,-0.1485,-0.1198,-0.1972
37220,896,836,34.008,30.342,0.04,0.0013,9.7504,-0.7071,0.3902,0.2892
37225,887,835,33.99,30.218,0.0231,0.0127,9.7717,0.5823,-0.4047,-0.087
37230,881,836,34.014,30.307,-0.0997,-0.0226,9.8072,-0.6721,0.2046,-0.1848
37235,873,838,34.033,30.423,-0.0002,-0.0036,9.8135,-0.3107,-0.5864,0.7459
37240,859,834,34.146,30.316,-0.0708,-0.0162,9.9231,-0.2162,-0.4647,-0.1879
37245,852,836,33.976,30.372,0.0182,-0.0294,9.7847,0.0515,0.1267,-0.527
37250,841,832,34.056,30.351,0.0846,-0.0554,9.7712,-0.3226,0.5282,0.044
37255,828,832,34.086,30.352,-0.0147,0.0287,9.8202,0.0245,0.6815,-0.1576
37260,821,831,34.061,30.333,0.0382,0.0406,9.8076,-0.2219,-0.1397,0.5302
37265,810,829,34.052,30.332,-0.0723,-0.0685,9.7621,-0.255,0.5204,0.5917
37270,805,836,34.033,30.294,0.0058,0.0105,9.8043,-0.349,0.8804,0.1118
37275,797,829,34.033,30.333,0.0112,0.0641,9.8347,-0.5943,-0.0642,-0.0458
37280,787,827,33.967,30.45,-0.0739,0.0574,9.8222,-0.3824,-0.2506,0.1434
37285,790,827,33.955,30.405,-0.1307,0.0128,9.8157,-0.7359,-0.6224,-0.4962
37290,770,825,34.019,30.316,-0.0296,0.0417,9.8137,-0.3702,-1.1996,0.3972
37295,771,826,34.033,30.315,-0.0336,0.0034,9.7609,0.5468,0.0878,0.2052
37300,764,817,33.964,30.412,-0.0408,0.052,9.8118,0.0332,0.823,0.5986
37305,753,821,34.042,30.283,-0.0062,0.0344,9.7994,1.0968,0.2821,0.3575
37310,755,823,34.046,30.353,-0.0234,-0.0784,9.7869,0.5549,0.17,0.2437
37315,743,821,34.144,30.428,-0.0266,-0.0514,9.917,0.4096,0.2976,-0.5057
37320,754,818,34.102,30.306,0.0559,0.0373,9.8464,0.0469,0.2784,-0.1788
37325,752,816,34.078,30.406,0.0219,0.013,9.709,-0.1238,0.5366,-0.0215
37330,745,821,33.964,30.376,0.0963,0.045,9.8217,0.0946,0.3727,-0.3142
37335,751,818,33.99,30.392,0.0178,0.0308,9.8688,0.2158,-0.3922,-0.2203
37340,746,811,33.983,30.297,-0.1185,0.0191,9.7898,-0.2166,-0.5572,0.3491
37345,750,813,34.023,30.377,0.0363,0.0169,9.7736,0.2738,0.7455,0.5654
37350,753,810,33.989,30.327,-0.0099,0.0179,9.8443,-0.884,-0.1399,-0.0564
37355,763,806,34.13,30.326,0.0734,0.0601,9.8815,-0.5451,0.3674,-0.4872
37360,758,806,34.025,30.373,0.0244,0.0198,9.7847,0.4094,-0.2427,0.3061
37365,760,800,34.048,30.424,0.0098,0.0936,9.7982,0.4647,0.6543,0.7778
37370,770,796,33.946,30.367,-0.0602,-0.0103,9.8602,0.0691,-0.074,0.6954
37375,785,795,34.085,30.379,0.032,0.0817,9.8044,-0.2854,-0.5008,0.3146
37380,787,793,34.114,30.369,0.0499,0.0945,9.7906,-0.2616,0.919,0.2974
37385,794,791,34.046,30.32,-0.0628,-0.0235,9.7881,0.4536,-0.3068,-0.7421
37390,805,785,34.11,30.39,-0.0728,0.0302,9.789,-0.8247,0.8145,0.009
37395,818,786,34.058,30.343,0.0626,-0.0649,9.8226,-0.132,-1.2318,0.1714
37400,825,777,34.11,30.39,-0.0264,0.084,9.9519,0.8062,-0.0753,0.3556
37405,837,777,33.981,30.288,-0.0531,-0.0309,9.8234,0.2967,0.1275,-0.1823
37410,847,772,34.17,30.395,0.0167,-0.0583,9.8751,0.148,0.1575,1.1029
37415,860,770,34.148,30.309,0.0055,-0.0526,9.8101,-0.1366,0.2965,-0.5529
37420,874,765,34.088,30.368,-0.0142,-0.038,9.8518,0.6189,0.0061,-0.1505
37425,883,754,34.07,30.441,-0.1241,-0.0953,9.8974,0.2278,1.0484,0.243
37430,899,756,33.959,30.324,-0.043,0.0691,9.8361,-0.3842,-0.5453,-0.4112
37435,907,752,33.932,30.402,-0.0769,-0.0904,9.8271,-0.3497,0.0067,-0.6649
37440,927,750,33.956,30.342,0.0001,-0.021,9.8306,-0.7037,0.2939,0.253
37445,939,746,33.954,30.394,0.0362,-0.016,9.8135,-0.0493,0.6263,-0.3782
37450,950,742,33.98,30.322,0.0508,0.071,9.7809,0.0541,0.6815,-0.5077
37455,963,737,34.063,30.359,-0.0197,0.0901,9.7389,0.5869,0.5073,0.7014
37460,989,734,33.968,30.335,0.0545,-0.0683,9.8535,0.2646,0.8466,-1.2651
37465,994,734,34.03,30.293,0.0055,-0.0419,9.7576,-1.5766,-0.9136,-0.7458
37470,1020,731,34.08,30.428,-0.0433,0.0409,9.7538,-0.016,0.9009,-0.1843
37475,1023,724,34.066,30.267,-0.0095,0.0554,9.7461,-0.1804,0.0754,-0.3523
37480,1037,728,33.969,30.378,0.0401,-0.05,9.8365,-0.632,-0.0332,0.6288
37485,1051,720,33.994,30.393,-0.0125,-0.0601,9.7854,1.0422,0.5,-0.4584
37490,1044,724,33.979,30.268,-0.05,-0.1058,9.7825,-0.0363,-0.0088,0.357
37495,1059,718,33.923,30.447,0.0205,-0.0194,9.7738,-0.3067,0.3426,-0.2912
37500,1085,719,34.017,30.335,-0.0133,-0.041,9.7996,-0.1912,-0.3878,-0.1378
37505,1086,716,34.064,30.335,-0.002,-0.0505,9.828,0.0196,0.1808,-0.7646
37510,1095,722,34.123,30.381,0.0317,0.1014,9.8239,1.6193,0.6974,0.3834
37515,1115,713,34.09,30.377,-0.0619,-0.011,9.818,-0.5333,0.1118,-0.0844
37520,1123,710,34.075,30.357,0.0171,-0.062,9.7564,0.2433,0.3288,-0.104
37525,1133,713,33.922,30.346,-0.0311,-0.0475,9.7834,-0.6379,0.0805,0.4055
37530,1138,708,34.109,30.365,-0.0469,-0.0593,9.8728,0.6703,-0.5184,-0.2984
37535,1154,702,34.072,30.289,0.0184,-0.0761,9.8894,0.083,0.0067,-0.4628
37540,1151,710,34.003,30.4,-0.0179,-0.0584,9.7948,-1.078,-0.5038,-0.3943
37545,1160,710,33.998,30.432,-0.0132,0.0346,9.8732,-0.6376,0.5297,0.7143
37550,1169,716,34.098,30.335,0.0129,0.0155,9.8496,0.0254,0.661,0.7027
37555,1171,716,34.01,30.421,-0.0031,0.0532,9.8354,0.4665,-0.0414,0.1686
37560,1170,720,33.99,30.355,-0.0022,-0.0713,9.7745,1.0376,-0.395,-0.4198
37565,1180,720,34.012,30.368,-0.0329,0.0573,9.7927,0.2161,0.1076,0.3495
37570,1174,716,33.989,30.328,0.008,0.0198,9.7787,0.1094,-0.4653,-0.474
37575,1183,721,33.993,30.375,-0.0128,0.0538,9.8315,0.4141,-0.2049,-1.0035
37580,1183,728,33.99,30.388,0.0377,0.1228,9.8477,0.2057,-0.3358,-0.5422
37585,1189,728,34.074,30.313,0.0657,0.0703,9.815,-0.5762,-0.3143,0.3386
37590,1193,734,34.011,30.263,-0.0345,0.0529,9.8208,1.2079,0.3973,0.4805
37595,1186,739,33.988,30.327,-0.0319,-0.0178,9.8474,-0.2978,-0.3753,0.5254
37600,1188,738,33.981,30.38,-0.0145,-0.0136,9.8358,0.2725,0.1044,-0.1146
37605,1184,745,33.999,30.332,-0.0428,-0.038,9.7934,-0.1961,0.6382,0.3008
37610,1193,743,34.084,30.413,-0.0614,-0.0962,9.8991,-0.0007,-0.7907,1.1182
37615,1184,745,34.029,30.309,0.0191,0.011,9.7487,0.5699,0.9582,0.0823
37620,1179,753,34.062,30.387,0.0706,-0.0437,9.7918,0.8711,0.0028,-0.2654
37625,1181,760,33.917,30.301,-0.0208,-0.0355,9.7457,-0.1278,-0.3647,-1.1427
37630,1176,762,34.084,30.417,-0.0409,-0.0045,9.7749,0.8657,0.88,-1.1301
37635,1172,772,33.978,30.386,-0.0339,0.0319,9.8626,-0.1281,-0.8518,-0.4542
37640,1166,776,33.98,30.358,-0.0878,0.0667,9.7863,-0.2695,-0.0061,-1.023
37645,1174,778,34.028,30.287,0.0979,-0.0135,9.8559,-0.1521,-0.3791,0.1419
37650,1163,788,34.041,30.35,-0.0258,0.0639,9.7409,-0.5111,-0.5387,-0.0516
37655,1172,788,34.072,30.365,-0.0316,-0.0584,9.7477,0.0497,-0.6453,0.4075
37660,1157,795,34.018,30.341,-0.0263,-0.0235,9.8372,0.0299,-0.6237,-0.8379
37665,1148,803,34.047,30.415,-0.02,-0.0255,9.7749,0.0787,0.1385,-0.9158
37670,1157,800,34.02,30.369,-0.0,0.0997,9.7639,-0.3693,0.124,-1.0412
37675,1154,799,33.981,30.411,-0.0001,-0.0223,9.7299,-0.2962,-0.3735,-0.3876
37680,1151,812,34.04,30.304,-0.0379,-0.0506,9.7314,0.7181,0.0631,0.3673
37685,1138,814,34.052,30.321,-0.0144,-0.072,9.8459,0.1751,-0.2482,0.2293
37690,1131,821,34.04,30.401,-0.0024,0.0449,9.832,-0.3401,-0.2373,-0.2576
37695,1132,823,34.1,30.36,-0.0125,-0.0887,9.7574,-0.4095,-0.0512,0.7338
37700,1127,825,34.046,30.423,-0.0512,0.0117,9.8401,-0.2255,0.2505,-0.4456
37705,1119,832,34.003,30.29,-0.0317,-0.0049,9.8791,0.8474,0.4048,-0.3624
37710,1118,834,34.125,30.367,-0.067,0.0418,9.7256,-0.4339,-0.1774,0.2976
37715,1120,838,33.999,30.442,0.0408,0.0122,9.854,-0.1204,-0.3983,0.5189
37720,1113,839,33.985,30.345,-0.1053,-0.0106,9.838,-0.5564,-0.0683,-0.7654
37725,1119,848,33.996,30.221,0.0212,-0.0458,9.8094,0.3582,-0.2304,0.5872
37730,1111,849,34.066,30.236,0.0241,0.1105,9.855,0.0292,-0.7907,0.2288
37735,1107,859,34.082,30.296,0.0215,0.0177,9.8287,-0.5036,0.2541,-1.1364
37740,1099,854,34.058,30.368,-0.0749,-0.0828,9.8046,0.1354,0.2891,0.4283
37745,1103,852,34.074,30.367,0.0066,-0.0822,9.837,-0.2629,-0.1979,0.3298
37750,1105,862,34.037,30.341,-0.0166,-0.0204,9.7649,1.3398,0.0217,0.2079
37755,1091,862,34.014,30.317,-0.0752,-0.0335,9.8075,0.0462,0.8965,0.2772
37760,1096,855,33.97,30.354,-0.0327,-0.0122,9.7555,-0.1688,-0.2332,-0.8978
37765,1099,863,34.004,30.317,0.0249,0.0554,9.7489,0.7476,0.2021,0.5173
37770,1082,861,34.152,30.435,-0.0023,-0.0156,9.7905,0.3356,0.7715,-0.0585
37775,1086,863,34.018,30.261,0.0078,-0.0472,9.8314,-0.0629,-0.0849,-0.021
37780,1090,867,34.014,30.31,-0.0018,-0.0133,9.7696,-0.3611,-0.6021,0.1423
37785,1082,870,33.971,30.398,-0.0155,0.0247,9.8274,-0.0654,0.1586,0.1063
37790,1076,864,34.04,30.301,0.0874,-0.0121,9.8863,1.0709,0.3396,0.1349
37795,1069,863,34.071,30.331,0.0484,-0.1274,9.8752,0.1025,0.0567,0.1081
37800,1075,860,33.992,30.248,-0.0371,-0.0676,9.6912,0.6662,0.05,-0.6751
37805,1067,867,34.025,30.368,-0.0577,0.032,9.7416,-0.0939,-0.0512,-0.7938
37810,1066,860,33.927,30.347,-0.0319,-0.014,9.7207,0.2768,0.0494,0.2051
37815,1065,865,34.039,30.29,0.0243,0.0103,9.9048,0.103,0.0915,0.2558
37820,1060,858,34.045,30.235,-0.0012,0.0297,9.7721,0.134,-0.7398,-0.0111
37825,1062,860,33.907,30.362,-0.0237,-0.0119,9.7633,-0.2778,0.6569,0.5886
37830,1048,859,34.019,30.409,0.0657,-0.0759,9.6758,-0.0772,-0.3371,1.1249
37835,1060,859,34.065,30.356,-0.0331,-0.0764,9.8264,0.2805,0.301,-0.2053
37840,1047,861,33.968,30.257,-0.061,0.0163,9.8107,0.3709,-0.3256,-0.3063
37845,1032,856,34.02,30.359,-0.0114,0.0143,9.7896,-0.2116,-0.0832,-0.146
37850,1025,853,33.932,30.377,0.022,-0.0046,9.9199,-0.5023,-1.0284,-0.6713
37855,1030,854,34.1,30.265,0.0252,0.0257,9.7421,-0.2559,0.1246,0.7279
37860,1017,851,34.021,30.425,0.0191,0.1148,9.8631,-0.1762,0.0114,0.6387
37865,1010,856,34.086,30.371,0.0758,-0.0025,9.8555,-0.3774,-0.8277,0.0877
37870,999,852,34.024,30.39,-0.0258,0.0501,9.7761,0.0397,1.7265,-1.0736
37875,994,853,34.068,30.322,0.045,0.0891,9.7836,-0.6577,-0.6517,-0.4681
37880,990,856,34.038,30.277,0.0099,0.0886,9.8438,-0.1399,-0.1435,-0.3308
37885,981,847,34.022,30.389,0.007,0.0236,9.7356,0.0368,-0.4139,-1.3465
37890,977,848,34.054,30.337,-0.0454,0.0025,9.8648,-0.1556,-0.2972,-0.7465
37895,962,843,34.068,30.412,-0.0403,-0.0165,9.7982,0.5483,0.128,-0.5302
37900,945,847,34.078,30.393,-0.0123,-0.0599,9.7367,0.7439,-0.1919,0.2182
37905,942,842,34.066,30.393,0.0305,0.0082,9.8827,-0.6687,-0.1343,0.2856
37910,931,844,34.02,30.316,0.0905,-0.0027,9.8427,-0.52,0.2912,-0.2019
37915,930,837,34.022,30.357,0.0588,0.0513,9.9425,-0.2066,-0.0113,-0.2211
37920,908,836,34.069,30.478,0.0554,-0.0343,9.8144,-0.6456,-0.0514,-0.2845
37925,897,847,34.065,30.335,-0.0474,0.0478,9.8919,0.0704,-0.5536,0.4505
37930,900,836,33.949,30.363,-0.0748,0.0167,9.8976,-0.1032,-0.1659,0.0571
37935,879,837,34.023,30.36,-0.0403,-0.0405,9.7757,-0.2103,-0.6998,0.2427
37940,867,838,34.053,30.502,-0.0606,0.0157,9.808,0.5379,-0.0242,0.0967
37945,854,834,33.919,30.318,0.0793,-0.0502,9.8032,0.579,0.445,0.0176
37950,856,836,34.043,30.469,-0.0329,0.0068,9.7928,-0.0269,0.1058,-0.0381
37955,837,836,34.027,30.332,-0.0468,0.1214,9.827,-0.4172,-0.2646,0.179
37960,821,829,34.073,30.3,-0.0218,-0.0499,9.9231,0.5239,-0.1454,0.2679
37965,820,834,33.957,30.281,0.095,0.0252,9.7753,-0.8678,-0.0562,-0.0974
37970,817,829,34.063,30.365,0.0005,-0.0186,9.7894,-0.9336,0.3522,0.3779
37975,806,827,34.091,30.388,0.057,-0.0481,9.7722,0.7115,0.3601,0.2847
37980,801,829,34.072,30.302,0.0799,-0.0421,9.8488,0.0395,-0.4601,0.1717
37985,787,832,33.929,30.438,0.0034,-0.0462,9.7413,-0.3957,-0.0352,-0.4402
37990,783,825,34.033,30.262,-0.0439,0.0076,9.8383,0.2746,-0.4068,0.9171
37995,779,830,33.989,30.318,0.0622,-0.0373,9.8278,0.5996,0.1253,0.5117
38000,781,829,33.994,30.38,-0.0415,0.0711,9.8737,-0.5454,-0.9813,0.3273
38005,764,826,34.022,30.356,-0.0882,0.0932,9.861,0.6229,0.0352,0.4563
38010,756,823,34.014,30.366,0.0535,-0.0408,9.6815,0.2093,-0.3843,0.6069
38015,758,826,34.02,30.276,-0.0189,-0.0674,9.8445,0.1207,0.8985,0.2314
38020,761,814,34.034,30.376,-0.1195,0.0211,9.8477,0.3986,0.815,-0.1814
38025,755,815,33.971,30.348,0.0729,0.0283,9.8161,-0.9294,-0.6942,0.0429
38030,751,817,34.083,30.292,0.0276,0.0494,9.8581,-0.2584,0.2954,0.3779
38035,743,816,34.086,30.348,-0.0377,-0.0434,9.781,-0.3927,0.2889,-0.5698
38040,741,814,34.073,30.37,0.0219,-0.0758,9.8728,0.5129,-0.6389,0.1113
38045,752,812,33.97,30.301,0.054,-0.0262,9.8148,0.3971,0.6784,0.4519
38050,746,809,34.111,30.279,0.0169,-0.0619,9.778,-0.5096,-0.1618,0.0365
38055,743,807,33.959,30.327,0.0421,0.1001,9.8052,0.6035,0.0524,1.004
38060,756,805,33.97,30.37,-0.0738,-0.0102,9.7805,0.2293,-0.0219,0.4313
38065,761,801,34.066,30.258,-0.0142,0.1022,9.7732,-0.0134,-0.1273,0.3641
38070,768,801,33.977,30.349,0.0588,-0.0577,9.8086,0.6743,-0.2955,0.3796
38075,773,795,33.995,30.337,-0.0911,0.0252,9.7341,-0.2771,0.2358,0.3245
38080,776,798,34.022,30.311,0.051,0.0174,9.8619,-0.1361,-0.3227,0.6663
38085,786,790,34.033,30.378,-0.0695,0.0887,9.7353,-0.1847,0.7032,0.3028
38090,792,784,34.082,30.399,0.0375,-0.052,9.7902,-0.4157,-0.3378,-0.1784
38095,793,788,34.055,30.341,-0.0581,-0.0401,9.8223,0.3536,-0.0979,0.2476
38100,808,782,33.998,30.216,-0.0376,0.0462,9.8275,-0.4287,-0.2163,0.6489
38105,823,776,34.042,30.384,0.0201,0.0165,9.8856,-0.579,0.2237,-0.1941
38110,836,782,34.019,30.39,-0.0372,0.0253,9.8267,0.2495,-0.1467,-0.6378
38115,850,775,34.007,30.355,-0.0153,-0.0044,9.897,1.0421,0.8098,-0.3681
38120,854,772,34.12,30.356,-0.0061,0.0064,9.7924,-0.2224,0.6037,-0.3056
38125,867,764,34.053,30.423,0.0004,0.0906,9.8638,-0.0504,0.4732,0.3711
38130,883,765,34.024,30.328,-0.0831,-0.0409,9.7486,-0.4169,0.1198,-0.5752
38135,892,759,33.964,30.324,-0.029,-0.0051,9.8668,0.269,-0.002,-0.514
38140,901,756,33.914,30.367,0.0292,-0.0741,9.8706,-0.1417,-0.2233,0.6136
38145,915,756,34.042,30.308,-0.0825,0.0013,9.8267,-0.5687,0.185,0.1991
38150,931,747,34.062,30.326,0.0617,0.0711,9.7815,0.2193,-0.1254,0.9548
38155,954,741,34.029,30.322,0.0831,-0.0329,9.8251,-0.3707,0.4646,-0.5354
38160,969,743,34.012,30.312,-0.0666,-0.001,9.815,-0.7343,1.0218,-0.1966
38165,966,735,33.985,30.286,-0.0114,0.0268,9.8632,0.1247,1.2337,-0.6641
38170,987,741,33.969,30.382,-0.0076,-0.0077,9.7702,-0.6012,-0.9868,-0.2329
38175,995,733,34.005,30.445,0.1127,-0.019,9.8103,0.3992,-0.2231,-0.9294
38180,1017,729,34.013,30.392,-0.0375,0.0425,9.8429,0.2909,0.2707,-0.6735
38185,1023,727,34.002,30.36,0.0949,0.025,9.8649,0.3171,0.2898,-0.4725
38190,1041,724,34.023,30.323,-0.0702,-0.0184,9.8058,-0.1836,0.6311,0.8892
38195,1051,722,34.029,30.301,-0.0225,0.0442,9.8039,-0.3403,0.1304,-0.0297
38200,1057,719,34.053,30.385,0.0846,0.0665,9.6919,0.5336,-0.3354,-1.211
38205,1072,718,34.093,30.311,0.0737,0.0682,9.7842,0.8138,0.4095,0.4603
38210,1080,717,33.979,30.444,-0.0229,-0.0919,9.8627,-0.3723,-0.059,0.3986
38215,1093,712,33.936,30.299,-0.009,0.0599,9.8411,-0.4848,1.5015,0.2543
38220,1109,709,34.052,30.433,0.0096,-0.0298,9.7407,0.0663,0.0054,-0.1195
38225,1126,715,34.006,30.352,0.0052,0.0076,9.7438,-0.0008,0.43,0.6903
38230,1125,716,34.025,30.382,0.0625,0.0225,9.8557,0.0493,-0.0986,-0.301
38235,1141,714,33.924,30.261,0.1016,0.0639,9.8671,-0.4766,0.7457,-0.3631
38240,1136,715,33.958,30.363,-0.107,-0.0111,9.8232,-0.0661,-0.1379,-0.3536
38245,1151,714,34.103,30.381,-0.0597,0.0456,9.7994,-0.926,-0.0949,-0.85
38250,1153,712,33.991,30.263,0.0111,0.0207,9.8249,-0.3006,1.0083,-0.4691
38255,1158,712,34.125,30.319,-0.0701,0.0688,9.8196,0.4616,-0.3532,-0.028
38260,1173,716,33.994,30.36,-0.025,0.0002,9.7175,0.4515,0.4355,0.4791
38265,1177,715,34.064,30.376,0.0415,0.0506,9.7832,0.4941,-0.153,-0.2476
38270,1179,719,34.007,30.33,-0.0049,0.0262,9.8425,-0.1848,0.4664,0.3422
38275,1182,721,34.095,30.317,0.0086,0.016,9.7634,0.2659,-0.1011,0.5361
38280,1186,720,34.017,30.398,0.061,-0.0113,9.7165,-0.632,-0.0545,-0.0492
38285,1188,723,34.013,30.359,-0.0316,-0.0152,9.8047,-0.7457,1.217,-0.0255
38290,1181,732,34.053,30.313,-0.0243,-0.0464,9.7675,-0.5576,0.4759,-0.0933
38295,1194,722,33.99,30.344,0.0169,-0.0411,9.8527,0.2121,-0.809,-0.0748
38300,1182,730,33.96,30.382,0.0069,0.0354,9.8235,-0.7043,0.9805,-0.8032
38305,1190,738,33.999,30.365,-0.0434,0.0793,9.8209,-0.8733,-0.737,-0.0234
38310,1177,740,34.088,30.348,0.0898,0.0067,9.8808,0.7174,0.1071,-0.217
38315,1177,745,33.996,30.383,-0.0592,-0.0483,9.8196,0.3599,-0.7328,-0.735
38320,1190,744,34.024,30.346,-0.0289,0.0029,9.7976,-0.525,1.0579,-0.3237
38325,1183,755,34.036,30.352,-0.0241,-0.0015,9.7893,-0.2407,0.3654,-0.1394
38330,1180,758,34.053,30.333,-0.0206,0.0448,9.7692,-0.8057,0.9007,0.8893
38335,1178,763,33.99,30.347,0.0675,-0.0721,9.8368,-0.6269,0.1526,-0.2845
38340,1175,770,34.0,30.361,-0.1215,-0.0409,9.8155,0.3453,-0.1157,-0.6547
38345,1167,772,34.07,30.376,-0.0313,-0.0105,9.7412,1.351,0.0501,0.3842
38350,1180,776,33.997,30.318,-0.0595,-0.0275,9.8176,-0.016,-0.4571,-0.0169
38355,1161,780,34.054,30.267,-0.0979,-0.0452,9.8,0.5418,-0.3281,-0.2049
38360,1165,789,34.048,30.319,0.0088,-0.0352,9.7301,-0.4339,-0.3254,0.3011
38365,1160,788,33.983,30.29,-0.0101,0.0704,9.8011,-0.3138,1.4267,0.179
38370,1155,794,34.042,30.353,-0.0925,-0.0191,9.7441,0.6441,0.3741,-0.2223
38375,1149,800,34.083,30.338,0.0162,-0.0298,9.8014,-0.9746,-0.4541,0.1572
38380,1152,799,34.02,30.374,0.0004,0.0149,9.8185,0.4536,0.6239,0.5851
38385,1145,808,33.989,30.35,0.0558,-0.0357,9.8104,0.3238,-0.1931,-0.0623
38390,1137,810,34.05,30.288,-0.0662,-0.0861,9.8899,0.3006,-0.467,0.2162
38395,1132,817,33.943,30.29,-0.0128,-0.0398,9.8353,0.2149,-0.6674,-0.1862
38400,1134,822,34.006,30.362,0.0036,-0.0068,9.8473,-0.5495,0.2121,0.6408
38405,1138,823,33.95,30.362,0.0209,0.0573,9.7187,-0.1192,-0.3198,0.1902
38410,1127,833,34.12,30.376,-0.0134,-0.0069,9.9138,0.506,0.8861,-0.568
38415,1118,830,34.01,30.296,0.0044,-0.0549,9.782,-0.7051,0.0566,-0.2758
38420,1118,835,33.993,30.412,0.0957,0.0521,9.7374,-0.7724,0.0158,-0.3661
38425,1112,842,34.032,30.348,0.0391,0.0477,9.9113,0.066,-0.3793,-0.1914
38430,1111,845,34.116,30.265,-0.0737,0.0243,9.7976,-0.623,-0.6957,0.2453
38435,1111,846,34.028,30.434,-0.0288,0.0506,9.6936,-1.2485,0.2842,1.0152
38440,1104,846,33.993,30.253,-0.0048,0.0112,9.8504,0.0609,-0.2389,0.0428
38445,1104,851,34.022,30.33,0.024,0.0222,9.8837,0.0891,-0.5824,0.6448
38450,1096,860,33.905,30.309,-0.0037,0.0231,9.8042,-0.6149,0.0045,0.4189
38455,1092,862,34.014,30.322,-0.0271,0.0846,9.7406,0.0692,-0.2737,0.5034
38460,1103,857,34.031,30.327,0.0616,-0.0484,9.7871,0.4393,0.0257,-0.1665
38465,1093,862,34.011,30.265,0.0295,0.0185,9.848,-0.3104,-0.0001,0.368
38470,1092,859,33.974,30.364,0.0015,0.0448,9.7952,-0.1085,0.2203,-0.5911
38475,1086,866,33.945,30.388,-0.0079,0.0537,9.8441,0.0237,-0.5292,-0.2179
38480,1082,865,33.943,30.328,0.0005,-0.0033,9.8064,-0.7246,-0.4819,-0.2254
38485,1086,863,34.022,30.382,0.0292,0.0003,9.8177,-0.6011,-0.9845,-0.6129
38490,1082,869,33.955,30.317,-0.0165,0.0206,9.8224,0.2558,0.2348,-0.3062
38495,1070,864,33.964,30.411,0.0614,-0.0439,9.8713,-0.6552,0.0984,0.0096
38500,1073,867,33.99,30.365,-0.0793,0.0111,9.7839,0.1863,-0.0061,0.0785
38505,1074,866,33.925,30.3,0.0246,-0.0652,9.7543,-0.0242,0.5999,-0.0186
38510,1074,867,34.086,30.298,0.0053,-0.0012,9.7328,0.1346,0.1718,0.7651
38515,1066,863,33.998,30.417,0.0073,0.06,9.8106,0.2839,-0.6916,0.2691
38520,1061,867,34.051,30.417,0.0013,0.0116,9.783,0.3645,0.5782,0.6497
38525,1060,863,34.064,30.331,-0.0452,0.0367,9.8221,0.1713,0.505,-0.0437
38530,1058,861,33.962,30.363,0.0151,-0.0749,9.8013,-0.1528,1.3794,-0.0194
38535,1056,865,34.084,30.353,-0.0558,-0.0009,9.9343,-0.22,-0.565,-0.1636
38540,1054,859,34.005,30.374,-0.0141,0.0154,9.8015,0.3589,-0.0938,-0.1892
38545,1038,858,33.996,30.292,-0.0234,0.0266,9.8738,-0.2651,0.2015,0.6746
38550,1036,857,34.01,30.282,-0.006,0.0967,9.7935,0.3455,0.4633,-0.4878
38555,1031,851,34.09,30.391,-0.0579,0.0299,9.8262,-0.4191,0.0399,-0.7019
38560,1024,856,34.059,30.342,-0.0218,-0.0334,9.7764,0.5671,-0.0609,-0.6065
38565,1018,857,33.885,30.33,-0.0025,-0.0012,9.8789,-0.4443,0.1913,0.7155
38570,1016,858,34.129,30.405,0.052,0.0661,9.8174,0.8304,-0.0057,0.5282
38575,1004,855,33.878,30.375,0.0027,0.0522,9.8249,-0.9858,-0.2136,0.4457
38580,996,851,34.083,30.344,0.0415,0.029,9.8852,0.0496,-0.3186,0.0761
38585,984,848,34.013,30.264,0.0567,-0.0056,9.7429,-0.1841,0.3753,0.159
38590,979,853,34.042,30.226,0.0148,0.0861,9.8479,0.4493,0.0708,-0.2209
38595,974,849,33.992,30.298,-0.1264,0.0189,9.8538,-0.0809,-0.0111,0.5621
38600,957,842,34.018,30.37,-0.0419,0.035,9.8782,0.2893,-0.1447,-0.3754
38605,962,845,33.95,30.389,0.0213,-0.0445,9.8132,-0.1966,-0.697,-0.8494
38610,946,851,34.047,30.33,-0.0681,-0.0026,9.884,0.5407,0.2662,-0.4326
38615,942,844,33.996,30.35,-0.0036,-0.0777,9.7293,0.4642,0.1707,-0.1832
38620,927,844,34.112,30.368,-0.076,-0.0301,9.8293,-0.0018,0.4705,-0.8952
38625,921,834,34.078,30.369,0.033,-0.0119,9.7697,0.095,-0.2544,0.3264
38630,901,841,34.083,30.277,0.141,0.1165,9.7862,0.5146,-0.0137,0.3737
38635,888,837,34.049,30.382,0.038,0.0168,9.793,-0.3392,-0.2663,0.33
38640,891,834,33.978,30.33,0.1268,0.1307,9.8242,0.049,-0.8042,0.4843
38645,878,839,34.022,30.315,0.0182,0.028,9.7768,0.4317,-0.8735,0.7054
38650,860,837,33.976,30.295,-0.0489,-0.0119,9.9396,0.6223,0.6565,0.3916
38655,856,836,33.984,30.316,0.0169,0.0163,9.7461,-0.4187,0.3555,0.3542
38660,850,836,34.025,30.31,-0.0558,0.0499,9.808,-0.1502,-1.3421,0.0886
38665,835,834,34.088,30.302,-0.0059,-0.0538,9.8405,0.4115,0.3741,0.2177
38670,828,836,33.996,30.361,0.0145,0.0317,9.8747,-0.3196,0.0684,-0.4314
38675,813,830,33.951,30.25,-0.0544,0.0001,9.7619,0.0317,0.1272,0.025
38680,812,828,34.03,30.35,-0.0607,-0.0315,9.8131,0.4145,0.2962,-0.1449
38685,798,830,33.979,30.328,0.0218,0.0748,9.7994,0.4314,0.1468,0.3008
38690,798,824,33.945,30.399,-0.0061,0.0969,9.8414,-0.0858,-0.1355,0.3107
38695,794,825,34.002,30.444,0.0231,-0.069,9.7165,-1.3664,-0.1787,0.3553
38700,785,824,33.996,30.285,0.0462,-0.0308,9.7414,0.2528,-0.478,-0.825
38705,771,823,34.008,30.336,0.084,0.0043,9.7892,1.0272,-0.2204,0.4141
38710,769,828,33.995,30.344,0.0053,0.0727,9.8161,-0.9904,-0.1722,0.0568
38715,765,824,34.049,30.236,0.0379,0.0119,9.8423,-0.3554,0.0571,-0.219
38720,758,828,34.122,30.336,0.0341,0.0274,9.8604,0.2294,0.0821,-0.6868
38725,750,825,34.061,30.355,0.049,-0.0279,9.8635,0.4237,1.234,-0.7455
38730,747,820,33.999,30.4,0.0133,0.02,9.8859,0.4439,-0.3181,0.0244
38735,752,814,33.993,30.331,-0.0109,-0.0531,9.8371,0.12,-0.4621,-0.5915
38740,746,815,34.029,30.337,-0.0263,-0.0934,9.7757,-0.0473,-0.5198,0.0035
38745,752,817,33.933,30.287,0.0044,-0.0284,9.8947,0.1751,-0.4328,-0.0709
38750,749,812,34.047,30.27,0.0321,0.0637,9.8159,0.6523,-0.3319,0.4068
38755,754,809,33.994,30.392,-0.0081,0.0178,9.7504,-0.2571,-0.1978,-0.1504
38760,746,815,34.083,30.318,-0.0484,0.0018,9.9182,0.2151,0.7571,-0.8518
38765,751,805,34.003,30.292,-0.0319,0.0324,9.7586,0.3629,0.8174,-0.4559
38770,755,804,33.994,30.289,0.1047,-0.0775,9.7919,-0.3559,0.3952,-0.6981
38775,767,797,33.967,30.319,0.0205,-0.037,9.881,0.4545,0.8843,0.1697
38780,768,796,34.016,30.251,0.032,-0.0953,9.8469,0.7289,0.1284,-1.1811
38785,766,799,34.041,30.288,0.0116,0.0047,9.8489,-0.229,0.3306,0.3214
38790,781,792,33.955,30.398,0.0423,-0.0244,9.7471,0.2578,-0.1132,-0.663
38795,786,791,34.017,30.318,-0.076,-0.043,9.6987,0.3548,-0.62,-0.3407
38800,805,785,33.974,30.358,0.031,-0.0843,9.8395,-0.016,-0.1891,0.4275
38805,812,782,34.068,30.392,-0.0075,0.0368,9.8414,-0.1077,0.4004,1.1134
38810,817,782,34.108,30.369,0.0476,-0.0529,9.7274,0.4454,-0.977,0.0058
38815,829,776,34.103,30.382,0.0275,-0.0738,9.7856,-0.7864,-0.1525,-0.7942
38820,842,775,34.013,30.462,-0.0446,-0.0516,9.7185,0.1203,-0.1434,0.203
38825,850,770,34.101,30.279,-0.0499,-0.0485,9.8674,-0.2315,0.3345,0.53
38830,862,765,33.972,30.352,-0.019,-0.0056,9.717,-0.0589,-0.4379,-0.1537
38835,871,769,33.888,30.348,0.0004,0.052,9.776,0.0024,0.0323,0.1944
38840,883,757,33.948,30.396,-0.0008,0.0223,9.8669,0.0644,0.7068,-0.669
38845,897,754,33.969,30.371,-0.0095,-0.0106,9.8685,0.3523,0.2028,-0.1433
38850,913,755,34.085,30.241,-0.0883,0.0466,9.7111,-0.2929,-0.1593,0.4771
38855,919,751,34.004,30.327,0.0089,-0.0115,9.7152,-0.0294,-0.2017,-0.4097
38860,940,739,34.098,30.371,0.0589,-0.013,9.8507,0.5936,0.4447,1.4178
38865,944,742,34.024,30.346,-0.0879,0.0215,9.6784,-0.5583,0.5074,0.264
38870,983,738,33.976,30.403,0.015,-0.0063,9.734,0.1272,0.71,-0.1295
38875,974,737,34.018,30.242,0.0329,-0.0458,9.7676,-1.0387,0.0118,0.6168
38880,996,739,33.946,30.317,-0.0257,0.0554,9.8349,-0.3301,-0.9441,-0.0676
38885,1009,727,33.985,30.275,-0.0028,0.0283,9.8237,0.6217,0.3477,0.0362
38890,1024,732,34.023,30.304,-0.0634,0.0679,9.785,-0.4699,-0.8489,-0.1407
38895,1032,725,33.996,30.297,-0.053,0.015,9.813,0.2944,0.3164,-0.053
38900,1049,720,34.055,30.328,0.0827,-0.0123,9.7863,-0.6642,-0.3861,-0.8459
38905,1051,718,34.002,30.312,-0.0301,0.0298,9.8036,-0.5739,0.1123,0.395
38910,1067,719,34.0,30.347,-0.027,-0.0299,9.8117,0.1586,0.6439,-0.1699
38915,1068,717,33.999,30.312,0.0528,-0.0484,9.7349,-0.6506,0.2926,0.1334
38920,1094,715,34.016,30.329,0.0203,0.0209,9.8668,-0.4652,0.7251,-0.3397
38925,1105,713,34.119,30.351,-0.008,0.0968,9.7623,0.473,0.2298,0.0061
38930,1114,718,34.039,30.361,-0.0073,-0.0519,9.8344,0.1957,-0.3393,-0.3911
38935,1122,707,33.997,30.402,-0.1293,0.0418,9.7962,-0.2483,-0.5344,0.7079
38940,1128,708,34.007,30.299,0.0952,0.0575,9.9503,0.4672,0.6074,0.0675
38945,1141,710,33.995,30.402,0.0084,-0.0261,9.6672,-0.2009,0.41,0.4194
38950,1152,718,33.93,30.319,-0.0337,0.0163,9.8195,0.3652,0.0323,-0.4192
38955,1155,709,34.027,30.316,0.0026,-0.019,9.9172,-0.9453,-1.1907,0.2445
38960,1161,711,33.999,30.391,0.0233,0.0525,9.8016,0.047,-0.4155,-0.4537
38965,1165,714,33.918,30.323,0.0107,0.0474,9.8494,-0.7981,0.5664,-0.4723
38970,1178,713,34.123,30.358,0.0144,-0.0133,9.7638,0.3582,0.1508,-1.3209
38975,1172,713,33.976,30.394,0.0463,-0.0141,9.8936,0.9564,0.04,-0.2701
38980,1177,719,34.018,30.43,-0.0136,0.0154,9.7571,0.3198,0.2528,0.1085
38985,1184,717,33.988,30.35,-0.0447,0.0221,9.7782,0.1264,0.2214,0.504
38990,1181,727,34.027,30.401,0.0859,0.0629,9.7324,-0.1829,-0.0059,0.3153
38995,1192,723,34.047,30.417,-0.0517,-0.0177,9.8259,-0.6384,-0.2375,-0.0076
