timestamp_ms,ir_finger,ir_toe
0,1037,749
5,1055,750
10,1062,749
15,1072,744
20,1086,746
25,1079,748
30,1095,740
35,1101,745
40,1113,740
45,1116,743
50,1122,744
55,1129,742
60,1138,746
65,1146,736
70,1156,744
75,1153,747
80,1155,737
85,1160,742
90,1160,742
95,1176,748
100,1176,746
105,1177,749
110,1183,748
115,1182,755
120,1185,746
125,1189,751
130,1188,755
135,1191,750
140,1188,754
145,1186,753
150,1192,756
155,1186,763
160,1190,763
165,1179,763
170,1187,770
175,1186,765
180,1187,771
185,1178,777
190,1177,774
195,1178,775
200,1170,777
205,1172,782
210,1176,785
215,1169,786
220,1168,790
225,1159,786
230,1161,796
235,1159,799
240,1150,794
245,1152,796
250,1156,797
255,1145,808
260,1140,801
265,1138,809
270,1144,813
275,1139,810
280,1135,821
285,1132,812
290,1125,822
295,1126,816
300,1116,817
305,1121,827
310,1115,831
315,1121,830
320,1123,828
325,1122,830
330,1105,829
335,1103,834
340,1111,831
345,1106,836
350,1097,839
355,1093,839
360,1101,842
365,1087,838
370,1102,836
375,1089,844
380,1096,835
385,1074,841
390,1087,842
395,1091,845
400,1085,849
405,1076,840
410,1089,842
415,1077,838
420,1072,838
425,1067,841
430,1072,846
435,1070,844
440,1069,844
445,1055,841
450,1068,845
455,1064,839
460,1043,840
465,1055,838
470,1051,839
475,1041,842
480,1034,838
485,1034,834
490,1034,835
495,1033,835
500,1031,836
505,1017,838
510,1011,829
515,1013,832
520,1008,830
525,993,835
530,992,833
535,980,829
540,977,830
545,964,832
550,967,836
555,963,832
560,947,828
565,959,827
570,944,826
575,929,830
580,922,824
585,920,817
590,900,822
595,902,822
600,897,819
605,890,825
610,884,824
615,867,825
620,873,819
625,857,824
630,852,817
635,843,821
640,843,816
645,831,820
650,826,825
655,815,818
660,810,820
665,806,819
670,789,818
675,804,822
680,788,816
685,783,815
690,773,817
695,770,813
700,768,816
705,765,811
710,757,816
715,752,813
720,749,816
725,753,810
730,750,819
735,748,807
740,752,806
745,754,808
750,747,803
755,750,809
760,749,803
765,743,805
770,755,801
775,746,803
780,753,799
785,766,801
790,760,803
795,765,804
800,767,798
805,783,793
810,781,800
815,792,794
820,799,791
825,806,790
830,809,790
835,817,790
840,827,780
845,832,785
850,844,778
855,842,777
860,856,785
865,864,779
870,876,779
875,892,767
880,896,774
885,907,764
890,913,766
895,922,762
900,939,767
905,943,760
910,967,762
915,966,758
920,976,760
925,995,755
930,987,761
935,1006,750
940,1017,754
945,1026,750
950,1027,751
955,1041,749
960,1054,752
965,1058,747
970,1079,751
975,1079,739
980,1091,748
985,1098,740
990,1107,742
995,1113,743
1000,1125,744
1004,1123,742
1010,1133,741
1014,1135,741
1020,1149,748
1025,1141,737
1030,1149,743
1035,1164,741
1040,1161,747
1045,1172,743
1050,1173,744
1055,1183,746
1060,1173,750
1065,1180,754
1070,1187,750
1075,1190,750
1080,1187,752
1085,1189,753
1090,1192,751
1095,1190,763
1100,1184,757
1105,1179,761
1110,1194,763
1115,1192,765
1120,1192,764
1125,1188,769
1130,1188,769
1135,1180,774
1140,1183,776
1145,1186,774
1150,1175,777
1155,1176,779
1160,1167,783
1165,1173,785
1170,1172,784
1175,1155,787
1180,1161,788
1185,1167,794
1190,1153,801
1195,1164,802
1200,1151,802
1205,1150,802
1210,1144,806
1215,1141,806
1220,1138,810
1225,1146,811
1230,1134,815
1235,1126,820
1240,1128,817
1245,1124,818
1250,1120,824
1255,1131,828
1260,1120,823
1265,1121,829
1270,1116,824
1275,1124,829
1280,1114,829
1285,1111,835
1290,1102,832
1295,1102,835
1300,1092,835
1305,1110,832
1310,1094,832
1315,1090,840
1320,1108,840
1325,1097,836
1330,1082,841
1335,1100,843
1340,1081,842
1345,1093,838
1350,1089,848
1355,1073,844
1360,1078,844
1365,1081,842
1370,1079,842
1375,1078,840
1380,1074,841
1385,1071,845
1390,1069,846
1395,1061,845
1400,1059,842
1405,1060,846
1410,1051,843
1415,1054,838
1420,1059,838
1425,1041,843
1430,1042,841
1435,1036,835
1440,1030,837
1445,1035,836
1450,1029,836
1455,1021,829
1460,1017,836
1465,1014,839
1470,999,835
1475,1005,830
1480,996,832
1485,989,833
1490,980,835
1495,985,831
1500,973,826
1505,954,830
1510,952,828
1515,954,829
1520,939,825
1525,941,824
1530,924,825
1535,911,826
1540,914,828
1545,906,821
1550,900,823
1555,895,817
1560,881,827
1565,882,825
1570,871,827
1575,856,824
1580,851,829
1585,836,819
1590,839,820
1595,834,820
1600,827,818
1605,825,816
1610,813,821
1615,810,820
1620,799,818
1625,792,823
1630,796,812
1635,786,814
1640,791,818
1645,780,820
1650,768,821
1655,768,814
1660,768,815
1665,748,811
1670,752,812
1675,749,813
1680,753,812
1685,753,813
1690,754,811
1695,744,822
1700,747,813
1705,743,815
1710,742,809
1715,749,805
1720,752,798
1725,747,799
1730,749,798
1735,752,803
1740,757,796
1745,769,802
1750,771,796
1755,779,800
1760,780,801
1765,791,792
1770,792,790
1775,807,788
1780,806,786
1785,811,786
1790,820,784
1795,839,778
1800,832,785
1805,845,782
1810,845,779
1815,868,778
1820,872,777
1825,882,776
1830,887,770
1835,899,767
1840,919,769
1845,924,765
1850,927,767
1855,948,761
1860,937,764
1865,961,759
1870,966,760
1875,973,758
1880,993,754
1885,1014,754
1890,1014,743
1895,1021,753
1900,1027,754
1905,1037,748
1910,1050,746
1915,1048,744
1920,1063,744
1925,1083,742
1930,1086,745
1935,1088,749
1940,1098,748
1945,1114,742
1950,1109,743
1955,1118,741
1960,1133,740
1965,1138,747
1970,1138,742
1975,1148,743
1980,1155,746
1985,1162,741
1990,1167,742
1995,1172,744
2000,1168,747
2005,1173,741
2009,1175,747
2015,1177,749
2020,1184,746
2025,1193,742
2029,1188,749
2035,1177,751
2040,1181,751
2045,1185,757
2050,1190,757
2055,1178,754
2060,1186,761
2065,1190,759
2070,1186,760
2075,1180,772
2080,1184,765
2085,1187,775
2090,1182,776
2095,1177,770
2100,1185,774
2105,1178,781
2110,1186,785
2115,1176,783
2120,1166,788
2125,1164,784
2130,1162,790
2135,1154,794
2140,1161,793
2145,1161,797
2150,1163,801
2155,1148,804
2160,1142,802
2165,1151,806
2170,1142,812
2175,1150,810
2180,1136,808
2185,1127,816
2190,1127,815
2195,1121,815
2200,1128,816
2205,1120,824
2210,1120,822
2215,1123,824
2220,1119,826
2225,1120,825
2230,1110,827
2235,1121,836
2240,1113,831
2245,1106,831
2250,1116,835
2255,1101,831
2260,1096,843
2265,1110,840
2270,1091,840
2275,1094,840
2280,1091,838
2285,1091,840
2290,1094,839
2295,1088,845
2300,1086,845
2305,1091,843
2310,1072,842
2315,1086,845
2320,1076,842
2325,1079,841
2330,1074,839
2335,1081,841
2340,1076,842
2345,1069,844
2350,1069,840
2355,1060,840
2360,1051,844
2365,1056,843
2370,1056,843
2375,1048,839
2380,1040,840
2385,1034,841
2390,1036,842
2395,1027,836
2400,1034,829
2405,1029,835
2410,1025,838
2415,1011,837
2420,1012,836
2425,999,834
2430,995,827
2435,994,831
2440,986,835
2445,982,830
2450,972,828
2455,964,827
2460,970,832
2465,947,828
2470,939,832
2475,935,825
2480,942,823
2485,930,828
2490,923,832
2495,916,828
2500,904,823
2505,896,827
2510,889,822
2515,880,827
2520,885,820
2525,867,825
2530,861,824
2535,857,819
2540,843,821
2545,837,825
2550,827,819
2555,821,816
2560,820,821
2565,825,818
2570,797,823
2575,801,818
2580,791,814
2585,787,816
2590,779,821
2595,772,816
2600,782,822
2605,769,818
2610,773,816
2615,762,810
2620,750,809
2625,757,813
2630,753,813
2635,751,813
2640,752,815
2645,749,813
2650,747,810
2655,754,808
2660,742,798
2665,751,799
2670,760,802
2675,755,802
2680,750,805
2685,764,800
2690,761,805
2695,758,798
2700,758,797
2705,770,796
2710,774,791
2715,782,799
2720,789,795
2725,799,794
2730,793,788
2735,808,783
2740,819,783
2745,823,790
2750,836,778
2755,832,784
2760,852,776
2765,849,774
2770,864,780
2775,869,778
2780,888,774
2785,886,771
2790,900,768
2795,910,772
2800,920,765
2805,941,764
2810,947,762
2815,949,764
2820,964,760
2825,974,758
2830,982,758
2835,996,757
2840,1002,752
2845,1014,757
2850,1023,750
2855,1035,743
2860,1044,748
2865,1052,756
2870,1059,746
2875,1060,744
2880,1078,746
2885,1090,744
2890,1101,744
2895,1109,746
2900,1112,740
2905,1126,743
2910,1120,743
2915,1135,740
2920,1142,742
2925,1145,744
2930,1146,746
2935,1151,740
2940,1151,743
2945,1163,741
2950,1170,747
2955,1165,743
2960,1170,741
2965,1176,744
2970,1177,748
2975,1179,746
2980,1173,753
2985,1184,751
2990,1181,756
2995,1186,753
3000,1195,753
3005,1189,762
3010,1188,764
3015,1187,761
3020,1183,762
3025,1193,767
3030,1193,771
3035,1184,769
3040,1186,777
3045,1193,770
3050,1185,775
3055,1180,776
3060,1174,782
3065,1177,781
3070,1173,785
3075,1171,781
3080,1165,790
3085,1171,791
3090,1165,798
3095,1154,793
3100,1154,798
3105,1152,798
3110,1160,806
3115,1147,804
3120,1157,805
3125,1141,810
3130,1143,809
3135,1135,817
3140,1136,818
3145,1132,819
3150,1121,817
3155,1121,815
3160,1118,821
3165,1117,821
3170,1118,823
3175,1112,823
3180,1111,831
3185,1110,829
3190,1115,839
3195,1108,833
3200,1106,832
3205,1109,839
3210,1102,841
3215,1094,835
3220,1094,831
3225,1101,836
3230,1097,837
3235,1097,840
3240,1088,845
3245,1094,836
3250,1083,841
3255,1084,842
3260,1083,842
3265,1077,846
3270,1082,838
3275,1084,844
3280,1074,840
3285,1076,837
3290,1064,838
3295,1072,843
3300,1064,841
3305,1059,839
3310,1060,842
3315,1058,840
3320,1053,842
3325,1053,840
3330,1039,838
3335,1047,842
3340,1041,839
3345,1044,842
3350,1026,835
3355,1026,839
3360,1019,836
3365,1016,839
3370,1011,833
3375,1006,835
3380,996,835
3385,1007,831
3390,986,833
3395,983,835
3400,975,828
3405,989,827
3410,962,829
3415,959,834
3420,952,828
3425,938,824
3430,935,825
3435,925,831
3440,925,825
3445,913,821
3450,910,831
3455,893,830
3460,896,827
3465,887,824
3470,873,826
3475,871,824
3480,868,823
3485,847,819
3490,843,822
3495,842,826
3500,830,815
3505,828,822
3510,820,822
3515,811,819
3520,810,813
3525,813,823
3530,797,819
3535,791,814
3540,785,815
3545,785,814
3550,772,814
3555,783,815
3560,771,817
3565,754,817
3570,761,817
3575,757,817
3580,755,815
3585,746,810
3590,754,812
3595,748,806
3600,744,812
3605,745,807
3610,745,809
3615,742,801
3620,750,807
3625,738,812
3630,753,804
3635,756,802
3640,760,800
3645,766,801
3650,764,803
3655,766,797
3660,785,798
3665,777,800
3670,777,793
3675,800,792
3680,791,787
3685,802,796
3690,817,787
3695,811,783
3700,826,790
3705,826,784
3710,842,783
3715,842,785
3720,860,777
3725,867,778
3730,876,771
3735,893,770
3740,889,768
3745,906,769
3750,906,767
3755,923,766
3760,929,760
3765,947,762
3770,953,757
3775,977,756
3780,984,756
3785,992,761
3790,997,754
3795,1004,757
3800,1012,749
3805,1016,753
3810,1038,747
3815,1042,748
3820,1064,748
3825,1066,750
3830,1075,743
3835,1078,747
3840,1092,747
3845,1087,742
3850,1103,746
3855,1107,750
3860,1125,747
3865,1133,745
3870,1126,740
3875,1137,743
3880,1149,743
3885,1147,742
3890,1155,744
3895,1150,747
3900,1168,743
3905,1169,746
3910,1160,747
3915,1167,744
3920,1160,745
3925,1182,743
3930,1179,745
3935,1189,751
3940,1186,752
3945,1184,753
3950,1189,753
3955,1192,754
3960,1187,761
3965,1192,757
3970,1189,763
3975,1188,764
3980,1178,770
3985,1183,771
3990,1182,766
3995,1169,770
4000,1176,776
4005,1175,777
4010,1177,772
4014,1177,779
4019,1176,784
4025,1171,788
4030,1167,785
4035,1157,788
4040,1163,786
4045,1160,788
4050,1163,798
4054,1150,800
4059,1142,800
4065,1158,806
4070,1145,805
4075,1148,809
4080,1140,812
4085,1144,811
4090,1129,816
4094,1130,815
4100,1123,818
4105,1128,817
4110,1123,822
4115,1115,829
4120,1118,827
4125,1103,830
4130,1118,826
4135,1106,830
4140,1119,830
4145,1118,833
4150,1106,834
4155,1098,834
4160,1107,833
4165,1099,836
4170,1094,837
4175,1106,834
4180,1094,844
4185,1094,836
4190,1095,839
4195,1096,836
4200,1087,836
4205,1079,843
4210,1085,846
4215,1079,845
4220,1080,846
4225,1076,841
4230,1075,842
4235,1073,842
4240,1070,843
4245,1076,843
4250,1070,847
4255,1064,844
4260,1066,840
4265,1063,843
4270,1059,845
4275,1057,839
4280,1051,838
4285,1051,842
4290,1050,839
4295,1039,839
4300,1031,837
4305,1026,835
4310,1020,837
4315,1028,839
4320,1011,836
4325,1003,836
4330,1005,832
4335,1007,832
4340,992,833
4345,986,828
4350,987,835
4355,982,827
4360,971,829
4365,960,828
4370,967,831
4375,957,833
4380,951,830
4385,944,825
4390,930,828
4395,923,828
4400,912,824
4405,911,825
4410,898,827
4415,884,817
4420,889,820
4425,874,823
4430,876,822
4435,855,819
4440,857,826
4445,848,820
4450,846,819
4455,833,818
4460,833,823
4465,824,821
4470,816,820
4475,807,822
4480,802,819
4485,785,819
4490,792,813
4495,785,819
4500,781,819
4505,766,820
4510,770,815
4515,767,815
4520,769,817
4525,763,816
4530,752,812
4535,751,808
4540,753,813
4545,747,808
4550,747,808
4555,758,811
4560,732,807
4565,755,811
4570,751,809
4575,749,808
4580,752,806
4585,749,802
4590,765,809
4595,763,794
4600,762,803
4605,771,799
4610,768,799
4615,773,796
4620,779,796
4625,786,795
4630,797,791
4635,806,787
4640,804,786
4645,808,781
4650,826,785
4655,829,783
4660,833,781
4665,845,784
4670,859,775
4675,857,772
4680,868,775
4685,881,774
4690,889,769
4695,903,766
4700,914,769
4705,911,769
4710,925,761
4715,936,768
4720,945,765
4725,959,760
4730,971,764
4735,989,761
4740,987,760
4745,1003,755
4750,1003,757
4755,1025,750
4760,1022,757
4765,1038,747
4770,1047,747
4775,1058,742
4780,1069,748
4785,1077,745
4790,1082,747
4795,1098,747
4800,1100,744
4805,1110,739
4810,1114,746
4815,1119,747
4820,1116,741
4825,1141,740
4830,1135,740
4835,1141,738
4840,1149,743
4845,1163,746
4850,1166,743
4855,1167,742
4860,1170,746
4865,1166,746
4870,1173,747
4875,1177,752
4880,1185,749
4885,1174,748
4890,1180,753
4895,1184,751
4900,1191,745
4905,1192,755
4910,1178,756
4915,1196,764
4920,1191,762
4925,1178,760
4930,1188,760
4935,1194,768
4940,1193,769
4945,1180,767
4950,1179,768
4955,1180,780
4960,1176,777
4965,1185,779
4970,1174,782
4975,1169,780
4980,1169,780
4985,1170,790
4990,1171,793
4995,1161,795
5000,1159,790
5005,1145,794
5010,1158,795
5015,1143,799
5020,1152,806
5025,1139,811
5030,1136,809
5035,1147,811
5040,1137,813
5045,1139,813
5050,1127,816
5055,1126,817
5060,1122,826
5065,1124,823
5070,1121,826
5075,1111,821
5080,1117,823
5085,1110,832
5090,1110,824
5095,1109,831
5100,1106,830
5105,1095,839
5110,1104,836
5115,1107,835
5120,1102,836
5125,1093,843
5130,1101,839
5135,1090,836
5140,1091,847
5145,1097,841
5150,1085,842
5155,1087,844
5160,1087,840
5165,1089,841
5170,1084,838
5175,1077,839
5180,1074,841
5185,1082,843
5190,1072,843
5195,1063,846
5200,1071,835
5205,1074,843
5210,1069,843
5215,1060,836
5220,1059,842
5225,1050,839
5230,1050,840
5235,1052,839
5240,1046,842
5245,1034,833
5250,1039,839
5255,1032,841
5260,1028,837
5265,1028,836
5270,1016,837
5275,1017,837
5280,1004,835
5285,1007,838
5290,1004,832
5295,993,838
5300,995,831
5305,977,832
5310,972,828
5315,977,830
5320,956,830
5325,951,828
5330,955,832
5335,942,829
5340,937,825
5345,929,824
5350,924,821
5355,905,824
5360,913,829
5365,899,824
5370,890,831
5375,880,822
5380,875,827
5385,873,817
5390,866,822
5395,858,825
5400,841,820
5405,837,819
5410,830,824
5415,823,820
5420,809,819
5425,813,821
5430,796,824
5435,802,815
5440,786,817
5445,786,818
5450,771,820
5455,779,818
5460,773,820
5465,764,817
5470,766,809
5475,764,818
5480,761,814
5485,746,816
5490,754,819
5495,751,813
5500,747,809
5505,751,809
5510,743,809
5515,756,805
5520,747,806
5525,740,804
5530,754,805
5535,761,809
5540,755,800
5545,770,803
5550,763,798
5555,764,804
5560,769,806
5565,781,797
5570,769,800
5575,792,797
5580,784,794
5585,785,793
5590,800,788
5595,812,784
5600,803,789
5605,812,790
5610,825,784
5615,837,782
5620,847,781
5625,850,780
5630,863,775
5635,872,772
5640,887,779
5645,885,769
5650,910,772
5655,895,768
5660,916,763
5665,933,767
5670,944,762
5675,954,759
5680,968,760
5685,971,756
5690,980,757
5695,996,759
5700,1008,760
5705,1015,747
5710,1016,749
5715,1029,752
5720,1039,755
5725,1058,746
5730,1047,745
5735,1073,746
5740,1073,748
5745,1085,743
5750,1091,750
5755,1097,745
5760,1106,740
5765,1111,744
5770,1126,740
5775,1121,741
5780,1142,744
5785,1140,740
5790,1151,746
5795,1149,743
5800,1144,739
5805,1161,742
5810,1156,743
5815,1168,745
5820,1172,747
5825,1184,745
5830,1173,748
5835,1195,748
5840,1181,752
5845,1182,751
5850,1190,753
5855,1174,757
5860,1186,761
5865,1192,761
5870,1178,757
5875,1182,764
5880,1180,764
5885,1184,760
5890,1178,769
5895,1181,762
5900,1184,772
5905,1183,773
5910,1179,783
5915,1170,781
5920,1180,773
5925,1174,782
5930,1176,782
5935,1175,784
5940,1170,782
5945,1165,791
5950,1166,790
5955,1160,798
5960,1164,793
5965,1155,798
5970,1155,799
5975,1148,806
5980,1140,804
5985,1139,805
5990,1136,804
5995,1141,818
6000,1130,816
6005,1138,823
6010,1128,821
6015,1120,818
6020,1126,823
6025,1123,822
6030,1120,827
6035,1114,829
6040,1104,821
6045,1111,833
6050,1112,831
6055,1099,829
6060,1104,835
6065,1111,832
6070,1093,838
6075,1103,834
6080,1105,840
6085,1095,835
6090,1098,841
6095,1083,844
6100,1093,835
6105,1081,845
6110,1092,839
6115,1084,847
6120,1082,843
6125,1082,841
6130,1080,840
6135,1078,844
6140,1077,840
6145,1075,841
6150,1072,843
6155,1074,840
6160,1063,842
6165,1083,844
6170,1063,844
6175,1058,841
6180,1063,836
6185,1054,842
6190,1050,835
6195,1051,838
6200,1047,842
6205,1048,837
6210,1027,838
6215,1019,834
6220,1017,837
6225,1018,838
6230,1013,834
6235,1007,831
6240,1015,838
6245,1005,830
6250,1000,832
6255,987,823
6260,979,828
6265,973,831
6270,971,834
6275,956,832
6280,943,830
6285,947,830
6290,940,824
6295,941,832
6300,927,826
6305,918,823
6310,912,828
6315,897,823
6320,898,826
6325,893,821
6330,876,824
6335,876,826
6340,865,828
6345,865,824
6350,855,816
6355,834,818
6360,842,823
6365,836,815
6370,816,819
6375,812,820
6380,810,819
6385,802,817
6390,798,814
6395,796,815
6400,784,819
6405,783,816
6410,782,811
6415,781,818
6420,758,818
6425,765,818
6430,746,814
6435,754,811
6440,763,811
6445,758,813
6450,744,807
6455,739,812
6460,752,814
6465,748,808
6470,752,809
6475,747,807
6480,740,808
6485,750,802
6490,762,804
6495,745,808
6500,759,799
6505,756,804
6510,758,800
6515,772,801
6520,768,795
6525,785,797
6530,796,796
6535,793,787
6540,792,792
6545,811,786
6550,809,788
6555,809,785
6560,827,790
6565,837,777
6570,840,784
6575,839,779
6580,853,781
6585,862,780
6590,883,778
6595,881,773
6600,891,771
6605,904,771
6610,907,768
6615,928,765
6620,924,766
6625,957,757
6630,958,764
6635,963,753
6640,980,764
6645,986,753
6650,990,756
6655,1018,755
6660,1016,752
6665,1024,748
6670,1031,751
6675,1041,750
6680,1051,746
6685,1056,745
6690,1061,751
6695,1087,748
6700,1088,748
6705,1094,748
6710,1102,741
6715,1109,745
6720,1123,745
6725,1122,739
6730,1138,744
6735,1128,746
6740,1146,741
6745,1145,745
6750,1142,740
6755,1165,739
6760,1158,735
6765,1163,747
6770,1162,752
6775,1174,750
6780,1182,749
6785,1176,745
6790,1186,747
6795,1181,748
6800,1187,752
6805,1194,751
6810,1190,753
6815,1184,756
6820,1180,759
6825,1187,757
6830,1197,761
6835,1182,761
6840,1190,763
6845,1186,766
6850,1176,767
6855,1174,770
6860,1181,780
6865,1181,775
6870,1173,780
6875,1191,781
6880,1180,784
6885,1176,785
6890,1175,784
6895,1169,784
6900,1165,794
6905,1158,797
6910,1161,793
6915,1152,801
6920,1151,806
6925,1155,801
6930,1151,809
6935,1135,803
6940,1138,810
6945,1138,807
6950,1136,814
6955,1131,814
6960,1127,811
6965,1128,822
6970,1126,818
6975,1118,820
6980,1117,826
6985,1114,821
6990,1118,828
6995,1115,831
7000,1112,830
7005,1109,830
7010,1113,833
7015,1109,832
7020,1106,838
7025,1110,839
7030,1096,836
7035,1094,839
7040,1101,835
7045,1097,839
7050,1100,841
7055,1086,846
7060,1098,839
7065,1093,844
7070,1089,842
7075,1093,842
7080,1081,845
7085,1077,839
7090,1076,843
7095,1077,843
7100,1066,841
7105,1075,839
7110,1070,843
7115,1063,840
7120,1061,842
7125,1052,838
7130,1055,845
7135,1047,843
7140,1060,840
7145,1046,834
7150,1039,841
7155,1041,832
7160,1043,839
7165,1026,834
7170,1028,835
7175,1022,839
7180,1020,837
7185,1007,835
7190,1011,835
7195,1003,840
7200,999,831
7205,986,835
7210,984,833
7215,975,830
7220,971,837
7225,971,827
7230,962,828
7235,950,825
7240,948,827
7245,936,827
7250,930,824
7255,912,833
7260,918,826
7265,911,820
7270,901,823
7275,902,825
7280,881,829
7285,878,819
7290,862,824
7295,859,825
7300,850,821
7305,844,817
7310,840,822
7315,827,825
7320,833,818
7325,820,824
7330,810,819
7335,801,816
7340,808,817
7345,797,815
7350,779,825
7355,771,818
7360,775,817
7365,765,819
7370,768,819
7375,764,814
7380,753,815
7385,767,813
7390,764,813
7395,753,804
7400,747,811
7405,749,810
7410,755,808
7415,753,807
7420,751,803
7425,748,812
7430,748,809
7435,750,808
7440,739,803
7445,753,804
7450,745,802
7455,763,803
7460,764,794
7465,765,799
7470,765,797
7475,776,798
7480,784,796
7485,787,794
7490,781,789
7495,798,794
7500,804,790
7505,811,793
7510,815,785
7515,826,778
7520,844,780
7525,836,780
7530,848,785
7535,854,782
7540,873,777
7545,876,772
7550,900,771
7555,901,772
7560,920,771
7565,907,773
7570,923,763
7575,939,765
7580,946,762
7585,963,760
7590,964,762
7595,983,756
7600,993,758
7605,995,755
7610,1005,760
7615,1014,748
7620,1026,747
7625,1032,750
7630,1044,756
7635,1058,750
7640,1065,749
7645,1066,750
7650,1080,745
7655,1091,740
7660,1093,744
7665,1109,743
7670,1115,745
7675,1117,744
7680,1133,744
7685,1137,741
7690,1137,746
7695,1144,744
7700,1143,744
7705,1156,745
7710,1168,741
7715,1164,744
7720,1168,747
7725,1171,746
7730,1172,744
7735,1187,742
7740,1182,754
7745,1182,747
7750,1179,748
7755,1174,753
7760,1192,755
7765,1181,754
7770,1181,759
7775,1185,760
7780,1191,753
7785,1182,764
7790,1184,760
7795,1186,764
7800,1185,759
7805,1187,765
7810,1182,770
7815,1180,778
7820,1172,775
7825,1175,783
7830,1172,780
7835,1177,781
7840,1169,782
7845,1168,791
7850,1158,791
7855,1161,790
7860,1156,792
7865,1157,801
7870,1155,801
7875,1151,803
7880,1143,801
7885,1138,800
7890,1149,807
7895,1138,811
7900,1133,811
7905,1140,811
7910,1143,818
7915,1122,815
7920,1122,819
7925,1128,821
7930,1128,821
7935,1111,822
7940,1121,826
7945,1116,832
7950,1111,831
7955,1111,833
7960,1102,836
7965,1099,834
7970,1110,833
7975,1103,836
7980,1102,840
7985,1098,835
7990,1098,835
7995,1092,836
8000,1098,841
8005,1092,839
8010,1098,840
8015,1084,844
8020,1093,841
8025,1085,845
8029,1081,837
8035,1081,845
8039,1072,846
8045,1079,840
8050,1072,841
8055,1078,834
8060,1068,843
8064,1071,840
8070,1063,839
8074,1052,844
8080,1058,841
8085,1054,842
8090,1057,843
8095,1040,844
8100,1044,841
8105,1052,838
8109,1039,838
8115,1033,841
8119,1035,830
8125,1018,835
8130,1020,837
8135,1010,833
8140,1006,837
8145,997,838
8150,994,834
8154,994,831
8160,986,832
8164,982,834
8170,972,836
8175,953,838
8180,956,825
8185,952,826
8189,950,828
8195,946,826
8200,934,829
8205,925,822
8210,911,835
8215,915,819
8220,905,823
8225,897,826
8230,890,828
8235,884,823
8240,874,829
8245,870,826
8250,861,821
8255,844,823
8260,845,819
8265,838,818
8270,840,826
8275,823,818
8280,825,821
8285,808,818
8290,800,817
8295,793,817
8300,796,816
8305,786,819
8310,784,816
8315,775,818
8320,775,821
8325,770,808
8330,760,817
8335,766,813
8340,755,810
8345,748,811
8350,753,814
8355,746,812
8360,744,813
8365,750,814
8370,752,809
8375,754,805
8380,752,810
8385,745,813
8390,754,803
8395,742,799
8400,754,800
8405,761,804
8410,756,800
8415,762,803
8420,764,798
8425,764,796
8430,770,794
8435,782,788
8440,789,796
8445,794,794
8450,804,790
8455,810,789
8460,816,785
8465,824,785
8470,826,776
8475,836,784
8480,854,775
8485,860,779
8490,860,776
8495,867,782
8500,885,773
8505,885,770
8510,898,771
8515,908,772
8520,919,762
8525,931,765
8530,937,764
8535,949,759
8540,958,761
8545,971,756
8550,984,760
8555,992,755
8560,992,760
8565,1004,749
8570,1011,747
8575,1030,749
8580,1041,755
8585,1047,748
8590,1054,743
8595,1072,750
8600,1072,742
8605,1087,745
8610,1097,741
8615,1096,740
8620,1116,738
8625,1120,742
8630,1119,741
8635,1130,746
8640,1137,739
8645,1134,745
8650,1145,737
8655,1158,735
8660,1152,742
8665,1163,745
8670,1159,742
8675,1174,745
8680,1169,745
8685,1176,744
8690,1173,744
8695,1177,751
8700,1180,749
8705,1181,747
8710,1186,749
8715,1188,757
8720,1192,750
8725,1183,757
8730,1182,761
8735,1187,756
8740,1188,762
8745,1188,761
8750,1187,773
8755,1186,768
8760,1189,774
8765,1185,771
8770,1182,778
8775,1172,780
8780,1177,783
8785,1188,781
8790,1174,780
8795,1173,785
8800,1162,789
8805,1165,790
8810,1160,788
8815,1168,795
8820,1161,803
8825,1149,801
8830,1152,807
8835,1146,808
8840,1141,808
8845,1131,809
8850,1133,811
8855,1137,811
8860,1130,810
8865,1124,817
8870,1122,823
8875,1122,820
8880,1130,824
8885,1120,820
8890,1117,828
8895,1113,827
8900,1116,831
8905,1120,829
8910,1113,832
8915,1113,834
8920,1111,832
8925,1102,836
8930,1103,834
8935,1105,836
8940,1094,842
8945,1099,840
8950,1100,838
8955,1084,841
8960,1089,841
8965,1087,844
8970,1091,840
8975,1088,844
8980,1082,842
8985,1080,843
8990,1079,841
8995,1079,841
9000,1078,843
9005,1076,844
9010,1069,843
9015,1073,841
9020,1058,842
9025,1061,838
9030,1065,849
9035,1061,839
9040,1054,840
9045,1048,843
9050,1053,842
9055,1049,838
9060,1037,838
9065,1039,841
9070,1026,838
9075,1029,832
9080,1026,841
9085,1017,837
9090,1013,837
9095,1009,835
9100,1004,838
9105,993,832
9110,995,839
9115,981,834
9120,975,828
9125,973,831
9130,966,824
9135,957,835
9140,959,827
9145,952,831
9150,936,828
9155,926,833
9160,928,830
9165,919,823
9170,919,822
9175,906,827
9180,887,824
9185,887,829
9190,884,822
9195,876,823
9200,867,817
9205,853,821
9210,844,828
9215,848,821
9220,832,822
9225,829,820
9230,813,817
9235,824,816
9240,802,824
9245,799,819
9250,802,820
9255,792,820
9260,777,818
9265,787,822
9270,786,819
9275,769,816
9280,771,815
9285,766,812
9290,764,820
9295,760,815
9300,758,817
9305,755,809
9310,747,811
9315,743,812
9320,747,810
9325,745,814
9330,747,815
9335,745,814
9340,754,807
9345,755,807
9350,751,802
9355,759,809
9360,757,805
9365,752,801
9370,762,800
9375,762,798
9380,775,796
9385,780,794
9390,786,796
9395,788,789
9400,789,793
9405,800,786
9410,813,792
9415,811,786
9420,824,784
9425,830,782
9430,833,780
9435,852,778
9440,855,779
9445,870,772
9450,868,773
9455,877,775
9460,895,770
9465,909,768
9470,913,769
9475,937,765
9480,940,765
9485,945,760
9490,953,758
9495,958,764
9500,968,756
9505,982,760
9510,993,751
9515,1010,759
9520,1015,758
9525,1024,750
9530,1032,749
9535,1039,751
9540,1050,751
9545,1072,747
9550,1071,747
9555,1080,743
9560,1087,743
9565,1097,747
9570,1097,745
9575,1108,742
9580,1110,745
9585,1127,737
9590,1137,738
9595,1132,739
9600,1141,735
9605,1144,743
9610,1152,740
9615,1167,743
9620,1155,747
9625,1170,743
9630,1163,746
9635,1177,745
9640,1174,744
9645,1177,743
9650,1184,750
9655,1188,745
9660,1178,750
9665,1184,758
9670,1190,753
9675,1192,754
9680,1184,758
9685,1182,759
9690,1187,763
9695,1184,759
9700,1185,765
9705,1182,767
9710,1198,771
9715,1189,766
9720,1185,774
9725,1173,777
9730,1180,783
9735,1180,779
9740,1166,776
9745,1163,783
9750,1163,788
9755,1164,788
9760,1160,787
9765,1156,789
9770,1156,796
9775,1158,802
9780,1152,795
9785,1156,806
9790,1154,808
9795,1141,806
9800,1146,809
9805,1145,808
9810,1132,810
9815,1137,816
9820,1138,816
9825,1133,825
9830,1126,820
9835,1118,820
9840,1120,823
9845,1116,830
9850,1120,828
9855,1117,830
9860,1112,832
9865,1113,832
9870,1102,836
9875,1113,828
9880,1102,831
9885,1094,835
9890,1106,837
9895,1092,836
9900,1099,840
9905,1098,839
9910,1087,840
9915,1090,848
9920,1091,843
9925,1097,848
9930,1093,842
9935,1090,843
9940,1085,838
9945,1096,842
9950,1085,839
9955,1079,840
9960,1077,845
9965,1068,842
9970,1070,844
9975,1063,846
9980,1069,852
9985,1061,838
9990,1060,839
9995,1054,847
10000,1047,838
10005,1049,838
10010,1050,839
10015,1041,840
10020,1036,837
10025,1031,841
10030,1020,833
10035,1032,837
10040,1015,833
10045,1014,834
10050,998,838
10055,1002,832
10060,994,828
10065,998,830
10070,986,831
10075,981,826
10080,988,834
10085,959,827
10090,961,836
10095,952,828
10100,948,837
10105,930,825
10110,929,830
10115,927,827
10120,911,825
10125,904,825
10130,904,825
10135,893,824
10140,897,823
10145,875,825
10150,872,825
10155,864,819
10160,861,822
10165,847,818
10170,845,825
10175,825,826
10180,827,817
10185,820,820
10190,811,821
10195,812,819
10200,796,821
10205,797,820
10210,788,815
10215,790,817
10220,785,821
10225,771,815
10230,778,820
10235,770,817
10240,767,815
10245,757,818
10250,757,816
10255,756,814
10260,749,814
10265,751,818
10270,758,811
10275,747,810
10280,732,811
10285,751,808
10290,749,802
10295,746,804
10300,741,804
10305,753,809
10310,758,806
10315,756,803
10320,752,798
10325,765,799
10330,763,795
10335,774,796
10340,774,794
10345,777,791
10350,790,792
10355,796,791
10360,796,788
10365,798,783
10370,817,789
10375,837,782
10380,835,782
10385,831,782
10390,860,777
10395,853,776
10400,862,776
10405,886,772
10410,891,773
10415,892,774
10420,908,767
10425,918,767
10430,924,767
10435,940,766
10440,950,762
10445,949,757
10450,969,763
10455,977,758
10460,983,764
10465,988,757
10470,1009,749
10475,1019,752
10480,1030,748
10485,1033,752
10490,1055,755
10495,1054,746
10500,1067,752
10505,1075,747
10510,1087,746
10515,1081,743
10520,1100,747
10525,1089,741
10530,1117,745
10535,1118,745
10540,1127,744
10545,1130,741
10550,1147,742
10555,1147,741
10560,1143,744
10565,1148,746
10570,1166,741
10575,1159,744
10580,1167,743
10585,1174,750
10590,1173,747
10595,1184,744
10600,1184,752
10605,1172,744
10610,1182,747
10615,1192,753
10620,1190,755
10625,1193,752
10630,1187,759
10635,1185,755
10640,1183,763
10645,1198,766
10650,1191,762
10655,1187,763
10660,1185,761
10665,1183,766
10670,1192,770
10675,1185,771
10680,1180,779
10685,1180,780
10690,1171,780
10695,1177,775
10700,1166,787
10705,1171,792
10710,1169,793
10715,1155,788
10720,1161,794
10725,1162,795
10730,1149,795
10735,1144,799
10740,1161,800
10745,1144,800
10750,1141,811
10755,1142,809
10760,1138,816
10765,1129,815
10770,1135,818
10775,1127,814
10780,1117,820
10785,1128,823
10790,1132,823
10795,1112,826
10800,1124,825
10805,1111,826
10810,1117,832
10815,1106,830
10820,1106,835
10825,1104,834
10830,1109,830
10835,1099,838
10840,1106,834
10845,1101,842
10850,1097,840
10855,1097,839
10860,1093,840
10865,1094,844
10870,1087,841
10875,1094,840
10880,1090,846
10885,1079,844
10890,1077,843
10895,1084,845
10900,1084,834
10905,1076,847
10910,1074,843
10915,1072,842
10920,1070,845
10925,1058,845
10930,1070,840
10935,1068,840
10940,1062,840
10945,1051,841
10950,1052,836
10955,1049,839
10960,1042,841
10965,1048,838
10970,1030,844
10975,1031,840
10980,1024,837
10985,1017,837
10990,1023,835
10995,1015,835
11000,1005,841
11005,1012,834
11010,1000,834
11015,1007,836
11020,990,832
11025,984,833
11030,982,836
11035,971,834
11040,965,828
11045,956,826
11050,949,834
11055,938,831
11060,932,826
11065,924,827
11070,915,828
11075,912,828
11080,907,820
11085,900,825
11090,891,826
11095,887,824
11100,878,823
11105,871,821
11110,864,822
11115,859,823
11120,849,821
11125,845,825
11130,830,819
11135,820,824
11140,825,823
11145,812,821
11150,807,820
11155,800,818
11160,791,818
11165,783,822
11170,783,813
11175,782,812
11180,763,812
11185,775,814
11190,766,817
11195,763,810
11200,759,818
11205,756,816
11210,759,815
11215,754,813
11220,740,815
11225,758,814
11230,752,810
11235,748,809
11240,744,808
11245,745,809
11250,749,810
11255,740,806
11260,751,807
11265,762,799
11270,756,804
11275,767,797
11280,767,801
11285,769,801
11290,762,789
11295,787,792
11300,791,797
11305,783,790
11310,790,793
11315,804,791
11320,817,790
11325,822,788
11330,821,788
11335,834,778
11340,833,780
11345,849,781
11350,855,780
11355,872,772
11360,877,773
11365,886,773
11370,899,772
11375,909,763
11380,926,771
11385,935,760
11390,937,768
11395,955,760
11400,954,755
11405,965,758
11410,980,764
11415,989,753
11420,999,757
11425,1013,756
11430,1025,747
11435,1024,756
11440,1042,754
11445,1057,747
11450,1058,748
11455,1073,750
11460,1071,747
11465,1086,745
11470,1092,744
11475,1086,743
11480,1116,745
11485,1113,745
11490,1125,741
11495,1120,737
11500,1137,735
11505,1136,738
11510,1155,740
11515,1149,748
11520,1155,743
11525,1169,745
11530,1159,748
11535,1171,744
11540,1166,744
11545,1173,742
11550,1170,749
11555,1182,749
11560,1187,748
11565,1191,755
11570,1183,751
11575,1191,748
11580,1190,760
11585,1185,762
11590,1195,755
11595,1194,763
11600,1186,766
11605,1186,763
11610,1193,764
11615,1190,768
11620,1189,765
11625,1185,779
11630,1187,770
11635,1181,774
11640,1177,776
11645,1177,784
11650,1169,779
11655,1162,780
11660,1169,786
11665,1174,788
11670,1162,789
11675,1165,792
11680,1153,799
11685,1156,802
11690,1158,801
11695,1144,805
11700,1152,810
11705,1142,805
11710,1131,810
11715,1142,817
11720,1134,815
11725,1137,816
11730,1122,824
11735,1131,827
11740,1119,819
11745,1120,823
11750,1121,821
11755,1120,833
11760,1097,826
11765,1115,827
11770,1112,830
11775,1113,833
11780,1116,835
11785,1106,834
11790,1107,834
11795,1103,835
11800,1102,836
11805,1096,840
11810,1097,841
11815,1095,839
11820,1097,838
11825,1081,840
11830,1088,846
11835,1097,837
11840,1080,845
11845,1081,843
11850,1071,844
11855,1082,841
11860,1083,845
11865,1080,844
11870,1060,843
11875,1068,841
11880,1065,836
11885,1066,840
11890,1059,841
11895,1066,842
11900,1056,846
11905,1049,842
11910,1043,833
11915,1049,836
11920,1043,838
11925,1042,837
11930,1026,842
11935,1041,836
11940,1027,840
11945,1018,837
11950,1023,836
11955,1011,837
11960,998,828
11965,1000,838
11970,991,832
11975,987,827
11980,976,832
11985,973,830
11990,959,832
11995,967,828
12000,958,831
12005,951,826
12010,942,829
12015,932,822
12020,921,827
12025,923,825
12030,917,824
12035,903,821
12040,904,827
12045,900,828
12050,889,826
12055,877,817
12060,869,823
12065,860,821
12070,855,823
12075,853,826
12080,846,826
12085,825,825
12090,832,820
12095,822,818
12100,805,825
12105,806,814
12110,796,820
12115,792,811
12120,792,820
12125,778,814
12130,773,820
12135,767,810
12140,766,817
12145,764,813
12150,765,815
12155,758,811
12160,751,812
12165,755,811
12170,755,815
12175,756,810
12180,744,810
12185,745,811
12190,751,807
12195,750,801
12200,753,801
12205,748,804
12210,751,810
12215,754,803
12220,757,803
12225,763,802
12230,763,803
12235,773,796
12240,772,797
12245,777,796
12250,780,795
12255,784,787
12260,791,789
12265,799,785
12270,810,790
12275,812,783
12280,824,783
12285,829,779
12290,838,784
12295,848,774
12300,855,777
12305,872,780
12310,871,774
12315,889,772
12320,886,775
12325,904,762
12330,911,763
12335,922,770
12340,927,762
12345,935,765
12350,945,765
12355,961,766
12360,971,756
12365,984,763
12370,995,760
12375,1004,757
12380,1006,750
12385,1015,749
12390,1032,751
12395,1039,747
12400,1045,752
12405,1061,747
12410,1066,753
12415,1073,750
12420,1079,745
12425,1096,742
12430,1103,738
12435,1112,743
12440,1114,737
12445,1116,738
12450,1134,744
12455,1137,749
12460,1144,745
12465,1154,747
12470,1155,742
12475,1152,743
12480,1158,740
12485,1166,746
12490,1169,745
12495,1171,746
12500,1172,745
12505,1174,750
12510,1178,744
12515,1191,752
12520,1186,753
12525,1189,750
12530,1183,757
12535,1183,755
12540,1182,757
12545,1185,757
12550,1190,764
12555,1197,761
12560,1191,766
12565,1194,765
12570,1188,772
12575,1186,764
12580,1176,772
12585,1188,777
12590,1176,775
12595,1177,775
12600,1173,783
12605,1175,779
12610,1166,790
12615,1160,789
12620,1161,794
12625,1155,793
12630,1172,797
12635,1169,797
12640,1146,804
12645,1154,805
12650,1142,805
12655,1153,803
12660,1145,805
12665,1142,803
12670,1132,809
12675,1150,811
12680,1133,816
12685,1129,820
12690,1124,822
12695,1132,829
12700,1126,824
12705,1118,822
12710,1120,826
12715,1119,832
12720,1107,834
12725,1107,828
12730,1104,836
12735,1109,832
12740,1112,832
12745,1099,833
12750,1105,832
12755,1098,833
12760,1100,846
12765,1102,839
12770,1094,836
12775,1096,842
12780,1093,843
12785,1091,843
12790,1079,840
12795,1088,848
12800,1080,840
12805,1078,846
12810,1075,842
12815,1085,844
12820,1075,840
12825,1078,843
12830,1070,840
12835,1066,844
12840,1069,848
12845,1063,837
12850,1059,838
12855,1056,844
12860,1056,836
12865,1050,837
12870,1048,832
12875,1037,845
12880,1036,838
12885,1024,836
12890,1027,833
12895,1016,836
12900,1019,838
12905,1019,834
12910,1013,834
12915,1001,834
12920,1002,833
12925,999,835
12930,979,831
12935,977,830
12940,968,826
12945,967,825
12950,952,826
12955,958,829
12960,942,828
12965,938,827
12970,929,827
12975,915,824
12980,912,829
12985,912,827
12990,899,824
12995,893,824
13000,890,826
13005,878,825
13010,869,824
13015,850,820
13020,864,820
13025,851,822
13030,842,821
13035,831,821
13040,823,822
13045,827,817
13050,821,815
13055,815,817
13060,804,822
13065,792,819
13070,781,819
13075,782,819
13080,784,815
13085,775,818
13090,770,813
13095,763,815
13100,762,819
13105,760,809
13110,760,815
13115,750,814
13120,753,812
13125,753,814
13130,747,811
13135,749,805
13140,739,806
13145,738,810
13150,755,813
13155,745,808
13160,749,804
13165,744,804
13170,762,800
13175,764,806
13180,763,802
13185,767,800
13190,765,797
13195,777,800
13200,777,798
13205,784,788
13210,785,790
13215,796,798
13220,800,789
13225,808,793
13230,821,787
13235,824,785
13240,838,783
13245,842,780
13250,849,782
13255,857,777
13260,867,775
13265,873,775
13270,885,773
13275,889,768
13280,903,775
13285,909,770
13290,917,767
13295,929,768
13300,946,765
13305,962,753
13310,965,759
13315,974,758
13320,988,759
13325,994,753
13330,1002,754
13335,1016,753
13340,1026,754
13345,1041,753
13350,1035,753
13355,1056,745
13360,1059,742
13365,1075,745
13370,1074,745
13375,1085,743
13380,1084,743
13385,1112,747
13390,1108,745
13395,1121,744
13400,1128,741
13405,1130,744
13410,1144,746
13415,1152,737
13420,1154,741
13425,1150,742
13430,1160,739
13435,1165,744
13440,1161,739
13445,1171,741
13450,1182,740
13455,1176,745
13460,1175,745
13465,1185,745
13470,1186,751
13475,1189,753
13480,1184,753
13485,1192,752
13490,1184,754
13495,1197,755
13500,1190,762
13505,1186,762
13510,1181,767
13515,1187,760
13520,1185,764
13525,1179,769
13530,1179,771
13535,1189,772
13540,1175,773
13545,1176,779
13550,1180,778
13555,1174,780
13560,1174,786
13565,1164,776
13570,1164,787
13575,1165,789
13580,1155,797
13585,1150,802
13590,1155,798
13595,1149,805
13600,1139,799
13605,1157,809
13610,1148,803
13615,1140,814
13620,1127,817
13625,1146,810
13630,1137,822
13635,1130,824
13640,1133,817
13645,1123,820
13650,1119,826
13655,1116,825
13660,1118,825
13665,1110,828
13670,1101,832
13675,1103,835
13680,1111,832
13685,1102,831
13690,1108,835
13695,1106,834
13700,1106,836
13705,1089,834
13710,1098,841
13715,1093,839
13720,1094,839
13725,1093,841
13730,1090,845
13735,1078,841
13740,1079,838
13745,1088,846
13750,1087,843
13755,1085,839
13760,1078,840
13765,1077,845
13770,1075,843
13775,1068,846
13780,1063,838
13785,1076,838
13790,1070,839
13795,1071,835
13800,1065,842
13805,1063,844
13810,1062,840
13815,1047,838
13820,1044,841
13825,1046,840
13830,1032,839
13835,1042,839
13840,1027,841
13845,1023,835
13850,1022,830
13855,1013,832
13860,1009,830
13865,1007,841
13870,998,830
13875,993,831
13880,985,830
13885,987,830
13890,977,826
13895,979,831
13900,954,832
13905,954,831
13910,954,829
13915,951,829
13920,945,822
13925,932,827
13930,916,823
13935,915,832
13940,921,825
13945,899,823
13950,891,823
13955,880,819
13960,874,826
13965,865,822
13970,866,820
13975,852,817
13980,853,820
13985,840,814
13990,834,822
13995,823,819
14000,815,829
14005,807,820
14010,799,821
14015,805,822
14020,794,819
14025,792,814
14030,784,815
14035,780,818
14040,771,816
14045,770,816
14050,765,815
14055,770,810
14060,757,816
14065,759,814
14070,744,815
14075,751,810
14080,748,813
14085,747,815
14090,750,809
14095,748,808
14100,749,810
14105,754,808
14110,752,807
14115,748,809
14120,757,804
14125,752,805
14130,761,804
14135,761,803
14140,778,804
14145,764,789
14150,774,799
14155,781,793
14160,788,791
14165,796,788
14170,803,789
14175,806,789
14180,818,788
14185,818,783
14190,831,784
14195,840,785
14200,843,783
14205,848,780
14210,856,777
14215,872,772
14220,876,774
14225,896,774
14230,900,765
14235,906,767
14240,918,765
14245,928,763
14250,943,768
14255,940,760
14260,961,757
14265,965,754
14270,978,753
14275,982,762
14280,1008,753
14285,1009,753
14290,1019,750
14295,1030,747
14300,1025,747
14305,1047,747
14310,1058,747
14315,1066,745
14320,1070,751
14325,1077,742
14330,1097,744
14335,1094,739
14340,1096,742
14345,1116,744
14350,1117,743
14355,1136,748
14360,1135,745
14365,1143,742
14370,1146,744
14375,1151,740
14380,1155,745
14385,1165,743
14390,1166,750
14395,1169,744
14400,1169,742
14405,1164,751
14410,1176,748
14415,1185,747
14420,1185,752
14425,1187,751
14430,1177,756
14435,1191,753
14440,1194,757
14445,1192,752
14450,1189,762
14455,1190,760
14460,1182,765
14465,1184,765
14470,1191,764
14475,1188,771
14480,1184,770
14485,1183,778
14490,1180,773
14495,1176,774
14500,1176,777
14505,1179,778
14510,1173,788
14515,1166,777
14520,1173,789
14525,1168,788
14530,1163,789
14535,1156,796
14540,1161,795
14545,1147,794
14550,1149,803
14555,1148,806
14560,1139,803
14565,1145,804
14570,1146,807
14575,1143,809
14580,1129,814
14585,1132,819
14590,1131,815
14595,1129,824
14600,1123,818
14605,1125,821
14610,1125,828
14615,1122,822
14620,1114,830
14625,1114,830
14630,1106,833
14635,1112,836
14640,1111,833
14645,1104,834
14650,1106,835
14655,1105,839
14660,1099,843
14665,1097,840
14670,1091,837
14675,1093,838
14680,1082,839
14685,1088,839
14690,1087,845
14695,1097,844
14700,1085,841
14705,1086,842
14710,1083,844
14715,1078,842
14720,1076,841
14725,1080,847
14730,1066,841
14735,1062,842
14740,1073,843
14745,1073,840
14750,1062,839
14755,1056,842
14760,1050,840
14765,1043,842
14770,1043,838
14775,1047,841
14780,1037,839
14785,1037,836
14790,1036,837
14795,1033,837
14800,1021,839
14805,1028,836
14810,1011,836
14815,1015,835
14820,995,833
14825,996,839
14830,991,835
14835,984,832
14840,972,831
14845,970,832
14850,970,828
14855,967,836
14860,953,834
14865,950,831
14870,941,824
14875,945,826
14880,930,829
14885,922,829
14890,919,826
14895,913,833
14900,890,826
14905,881,825
14910,880,823
14915,875,821
14920,863,820
14925,857,817
14930,846,824
14935,848,821
14940,838,819
14945,839,822
14950,832,820
14955,823,818
14960,814,818
14965,795,822
14970,805,815
14975,796,819
14980,792,820
14985,779,818
14990,768,816
14995,764,815
15000,763,819
15005,759,814
15010,756,818
15015,753,812
15020,750,810
15025,754,807
15030,758,810
15035,749,811
15040,755,809
15045,742,806
15050,750,804
15055,749,803
15060,751,804
15065,741,808
15070,761,803
15075,754,803
15080,750,806
15085,765,804
15090,759,798
15095,772,794
15100,768,800
15105,780,796
15110,778,793
15115,801,799
15120,788,795
15125,803,795
15130,808,786
15135,822,784
15140,826,786
15145,832,783
15150,831,782
15155,841,774
15160,857,779
15165,867,779
15170,868,771
15175,874,775
15180,892,776
15185,899,775
15190,905,768
15195,931,767
15200,930,767
15205,936,767
15210,954,763
15215,962,760
15220,974,757
15225,978,756
15230,993,758
15235,1005,754
15240,1007,751
15245,1033,751
15250,1028,751
15255,1039,751
15260,1047,746
15265,1058,745
15270,1066,744
15275,1081,747
15280,1091,743
15285,1087,747
15290,1099,750
15295,1111,744
15300,1118,745
15305,1123,738
15310,1131,742
15315,1131,746
15320,1138,747
15325,1137,742
15330,1151,741
15335,1162,740
15340,1169,747
15345,1159,742
15350,1163,745
15355,1164,748
15360,1179,748
15365,1182,747
15370,1170,747
15375,1189,747
15380,1185,755
15385,1185,749
15390,1185,758
15395,1180,755
15400,1191,756
15405,1186,759
15410,1191,760
15415,1184,755
15420,1178,766
15425,1184,760
15430,1179,774
15435,1184,768
15440,1184,773
15445,1176,783
15450,1175,778
15455,1178,777
15460,1177,783
15465,1171,784
15470,1162,785
15475,1165,795
15480,1161,791
15485,1159,792
15490,1159,796
15495,1150,798
15500,1152,795
15505,1155,801
15510,1150,798
15515,1149,805
15520,1152,814
15525,1141,809
15530,1140,814
15535,1130,815
15540,1133,817
15545,1136,820
15550,1121,822
15555,1119,825
15560,1123,823
15565,1117,825
15570,1114,827
15575,1125,828
15580,1116,826
15585,1112,833
15590,1104,835
15595,1107,834
15600,1105,836
15605,1102,837
15610,1094,837
15615,1099,836
15620,1108,838
15625,1101,841
15630,1092,843
15635,1090,844
15640,1089,842
15645,1088,843
15650,1087,841
15655,1084,846
15660,1087,846
15665,1082,839
15670,1071,842
15675,1081,841
15680,1073,841
15685,1073,839
15690,1072,841
15695,1076,846
15700,1064,842
15705,1052,839
15710,1063,842
15715,1055,840
15720,1056,842
15725,1042,838
15730,1042,835
15735,1029,836
15740,1032,840
15745,1035,837
15750,1025,831
15755,1025,835
15760,1016,834
15765,1015,835
15770,1010,831
15775,1000,829
15780,988,831
15785,992,831
15790,986,838
15795,970,832
15800,962,832
15805,960,828
15810,964,829
15815,955,826
15820,957,823
15825,945,824
15830,937,830
15835,918,823
15840,921,827
15845,903,819
15850,903,821
15855,888,826
15860,886,821
15865,892,825
15870,880,826
15875,863,823
15880,864,827
15885,843,820
15890,846,825
15895,833,822
15900,830,823
15905,822,825
15910,818,821
15915,820,820
15920,800,820
15925,798,817
15930,793,824
15935,787,816
15940,778,813
15945,786,815
15950,768,819
15955,765,814
15960,757,815
15965,759,819
15970,758,808
15975,751,813
15980,750,811
15985,764,805
15990,755,815
15995,746,807
16000,743,811
16004,739,808
16010,753,811
16015,756,809
16020,748,805
16024,749,803
16030,753,801
16035,765,808
16040,758,800
16045,769,804
16050,758,796
16055,762,801
16059,779,793
16065,779,791
16070,787,794
16075,796,787
16079,805,791
16085,803,785
16090,822,789
16094,824,786
16100,830,785
16105,839,778
16110,860,778
16114,853,771
16120,872,775
16125,874,776
16129,885,774
16135,897,771
16140,895,771
16145,912,768
16149,917,766
16155,932,763
16160,944,762
16165,954,762
16170,966,756
16175,982,761
16180,988,759
16184,987,758
16190,1005,754
16195,1005,754
16200,1028,756
16204,1036,751
16210,1037,751
16215,1060,751
16219,1052,742
16225,1069,745
16230,1078,746
16235,1089,745
16239,1089,742
16245,1102,740
16250,1114,734
16254,1123,740
16260,1119,751
16265,1131,747
16270,1137,741
16274,1151,744
16280,1153,743
16285,1149,744
16290,1164,744
16295,1159,739
16300,1172,745
16305,1171,747
16309,1171,747
16315,1177,751
16320,1180,746
16325,1177,748
16329,1175,751
16335,1184,754
16340,1189,751
16344,1185,749
16350,1192,754
16355,1197,758
16360,1187,762
16364,1192,763
16370,1184,767
16375,1178,767
16379,1193,767
16385,1184,771
16390,1178,771
16395,1169,771
16400,1181,773
16405,1177,773
16410,1175,773
16415,1176,778
16420,1169,783
16425,1171,787
16430,1174,790
16435,1158,793
16440,1160,791
16445,1149,797
16450,1163,799
16455,1152,804
16460,1144,802
16465,1156,810
16470,1150,807
16475,1145,808
16480,1133,812
16485,1137,816
16490,1125,815
16495,1135,812
16500,1116,818
16505,1123,824
16510,1123,816
16515,1121,823
16520,1122,826
16525,1112,825
16530,1124,833
16535,1102,832
16540,1108,833
16545,1111,832
16550,1106,829
16555,1107,837
16560,1096,838
16565,1101,840
16570,1097,840
16575,1093,836
16580,1087,839
16585,1106,842
16590,1087,840
16595,1093,842
16600,1084,844
16605,1084,841
16610,1086,849
16615,1089,848
16620,1072,842
16625,1073,845
16630,1070,841
16635,1071,843
16640,1069,842
16645,1072,842
16650,1067,843
16655,1057,840
16660,1060,845
16665,1047,841
16670,1052,845
16675,1051,839
16680,1052,837
16685,1047,844
16690,1046,839
16695,1026,838
16700,1034,842
16705,1027,832
16710,1018,842
16715,1011,840
16720,1006,829
16725,1007,837
16730,1001,826
16735,997,835
16740,985,830
16745,985,832
16750,970,834
16755,962,830
16760,962,835
16765,954,829
16770,951,833
16775,937,828
16780,937,822
16785,927,824
16790,915,824
16795,920,822
16800,911,820
16805,897,825
16810,898,822
16815,886,821
16820,879,826
16825,871,824
16830,857,824
16835,851,824
16840,852,822
16845,847,819
16850,841,823
16855,828,819
16860,827,820
16865,820,814
16870,808,816
16875,793,820
16880,786,818
16885,794,813
16890,790,820
16895,774,813
16900,781,815
16905,776,811
16910,766,812
16915,764,808
16920,759,815
16925,768,810
16930,761,813
16935,754,816
16940,746,807
16945,750,810
16950,748,802
16955,748,809
16960,746,807
16965,754,807
16970,750,808
16975,752,807
16980,750,804
16985,748,803
16990,763,802
16995,769,799
17000,769,794
17005,772,796
17010,776,798
17015,779,790
17020,789,791
17025,788,799
17030,799,786
17035,806,787
17040,807,786
17045,814,786
17050,823,783
17055,831,781
17060,841,780
17065,846,776
17070,864,774
17075,871,774
17080,884,775
17085,892,772
17090,897,767
17095,902,768
17100,919,771
17105,920,768
17110,944,764
17115,945,760
17120,954,761
17125,973,763
17130,978,757
17135,985,752
17140,995,752
17145,1008,754
17150,1012,755
17155,1029,756
17160,1039,756
17165,1049,750
17170,1056,747
17175,1049,748
17180,1069,744
17185,1078,743
17190,1094,743
17195,1093,747
17200,1110,736
17205,1111,741
17210,1118,745
17215,1129,737
17220,1134,741
17225,1142,741
17230,1146,743
17235,1152,741
17240,1160,743
17245,1170,749
17250,1172,745
17255,1169,744
17260,1175,746
17265,1174,748
17270,1179,747
17275,1179,745
17280,1183,747
17285,1182,747
17290,1191,754
17295,1177,750
17300,1191,753
17305,1184,754
17310,1192,758
17315,1190,753
17320,1187,754
17325,1178,767
17330,1180,763
17335,1189,770
17340,1186,767
17345,1185,771
17350,1183,777
17355,1181,783
17360,1172,780
17365,1178,783
17370,1172,783
17375,1174,783
17380,1165,787
17385,1151,790
17390,1159,790
17395,1162,793
17400,1155,793
17405,1153,799
17410,1148,802
17415,1151,798
17420,1142,806
17425,1159,806
17430,1143,810
17435,1133,815
17440,1135,816
17445,1138,816
17450,1133,819
17455,1132,815
17460,1132,819
17465,1116,823
17470,1127,822
17475,1114,826
17480,1113,825
17485,1113,831
17490,1117,835
17495,1103,834
17500,1102,834
17505,1096,836
17510,1107,831
17515,1100,827
17520,1087,830
17525,1100,844
17530,1098,841
17535,1097,838
17540,1086,845
17545,1087,845
17550,1094,840
17555,1085,841
17560,1090,848
17565,1079,846
17570,1081,839
17575,1079,837
17580,1082,837
17585,1081,845
17590,1062,845
17595,1063,846
17600,1075,842
17605,1062,841
17610,1061,838
17615,1061,842
17620,1055,840
17625,1050,840
17630,1045,844
17635,1047,842
17640,1041,843
17645,1036,837
17650,1035,838
17655,1023,842
17660,1025,837
17665,1025,837
17670,1011,833
17675,1011,834
17680,1010,835
17685,1006,834
17690,999,835
17695,991,835
17700,985,835
17705,976,833
17710,965,828
17715,959,834
17720,955,829
17725,952,824
17730,943,832
17735,938,830
17740,930,827
17745,924,828
17750,913,828
17755,907,822
17760,902,825
17765,894,826
17770,874,822
17775,885,829
17780,866,823
17785,857,819
17790,861,824
17795,840,816
17800,839,819
17805,833,818
17810,830,820
17815,814,817
17820,810,820
17825,803,811
17830,799,820
17835,787,821
17840,779,816
17845,784,817
17850,776,819
17855,767,813
17860,768,813
17865,763,816
17870,768,815
17875,759,820
17880,751,814
17885,757,812
17890,763,816
17895,744,808
17900,746,812
17905,744,811
17910,749,810
17915,744,812
17920,744,811
17925,751,801
17930,750,809
17935,759,803
17940,757,801
17945,762,803
17950,765,805
17955,766,798
17960,774,801
17965,776,802
17970,776,793
17975,785,792
17980,793,786
17985,804,790
17990,808,789
17995,815,786
18000,823,783
18005,830,787
18010,836,780
18015,841,785
18020,854,779
18025,859,781
18030,877,769
18035,874,773
18040,889,771
18045,904,764
18050,917,764
18055,927,766
18060,933,764
18065,939,758
18070,959,761
18075,970,761
18080,978,766
18085,972,760
18090,983,753
18095,995,751
18100,1014,757
18105,1025,752
18110,1029,747
18115,1036,748
18120,1056,747
18125,1059,750
18130,1077,749
18135,1066,737
18140,1089,747
18145,1084,746
18150,1101,750
18155,1107,742
18160,1115,743
18165,1122,736
18170,1129,747
18175,1143,746
18180,1136,744
18185,1142,743
18190,1154,743
18195,1153,737
18200,1158,737
18205,1166,745
18210,1175,745
18215,1171,743
18220,1181,746
18225,1177,746
18230,1176,750
18235,1172,754
18240,1187,755
18245,1181,752
18250,1187,755
18255,1188,751
18260,1190,761
18265,1183,760
18270,1193,759
18275,1197,763
18280,1194,761
18285,1183,762
18290,1179,766
18295,1175,771
18300,1183,769
18305,1181,779
18310,1182,775
18315,1171,776
18320,1173,779
18325,1176,783
18330,1167,778
18335,1162,786
18340,1158,789
18345,1163,787
18350,1163,794
18355,1163,791
18360,1151,799
18365,1151,804
18370,1151,797
18375,1140,801
18380,1141,805
18385,1131,807
18390,1139,813
18395,1134,813
18400,1134,814
18405,1129,817
18410,1112,815
18415,1114,817
18420,1124,823
18425,1111,823
18430,1111,826
18435,1114,830
18440,1110,831
18445,1117,834
18450,1105,831
18455,1112,838
18460,1103,835
18465,1102,838
18470,1099,839
18475,1090,839
18480,1095,841
18485,1094,843
18490,1099,837
18495,1099,838
18500,1090,842
18505,1084,836
18510,1088,836
18515,1086,840
18520,1090,841
18525,1079,842
18530,1079,840
18535,1077,845
18540,1067,845
18545,1067,842
18550,1081,843
18555,1076,839
18560,1063,841
18565,1066,841
18570,1059,840
18575,1049,843
18580,1056,841
18585,1049,834
18590,1032,847
18595,1030,836
18600,1035,838
18605,1028,835
18610,1028,835
18615,1031,839
18620,1017,835
18625,1019,837
18630,1007,835
18635,1001,835
18640,1003,831
18645,994,837
18650,976,832
18655,979,832
18660,968,831
18665,969,831
18670,953,825
18675,952,825
18680,954,827
18685,938,829
18690,938,829
18695,921,823
18700,914,821
18705,906,824
18710,908,822
18715,889,820
18720,886,828
18725,882,822
18730,869,825
18735,868,816
18740,855,820
18745,849,819
18750,846,819
18755,840,824
18760,837,819
18765,823,819
18770,810,818
18775,812,814
18780,812,821
18785,793,823
18790,789,821
18795,788,820
18800,784,815
18805,776,820
18810,775,817
18815,767,819
18820,758,814
18825,763,810
18830,759,811
18835,755,815
18840,740,813
18845,749,813
18850,754,813
18855,754,809
18860,740,814
18865,750,804
18870,748,810
18875,741,803
18880,743,807
18885,756,807
18890,756,806
18895,753,796
18900,763,799
18905,763,798
18910,776,804
18915,768,797
18920,776,794
18925,786,798
18930,798,795
18935,791,795
18940,798,789
18945,801,792
18950,809,792
18955,825,781
18960,827,777
18965,846,778
18970,852,776
18975,853,783
18980,866,777
18985,871,775
18990,880,777
18995,898,774
19000,906,779
19005,918,774
19010,920,766
19015,928,761
19020,938,765
19025,953,755
19030,960,761
19035,974,757
19040,979,755
19045,990,754
19050,994,759
19055,1017,754
19060,1024,752
19065,1030,749
19070,1047,751
19075,1044,751
19080,1064,739
19085,1068,744
19090,1078,742
19095,1091,749
19100,1098,741
19105,1109,743
19110,1103,743
19115,1117,743
19120,1121,748
19125,1138,737
19130,1142,743
19135,1145,744
19140,1156,740
19145,1149,737
19150,1152,742
19155,1174,746
19160,1169,744
19165,1170,744
19170,1176,748
19175,1183,749
19180,1184,746
19185,1181,748
19190,1184,750
19195,1188,751
19200,1181,746
19205,1186,754
19210,1191,758
19215,1184,757
19220,1198,759
19225,1185,760
19230,1188,767
19235,1186,767
19240,1182,768
19245,1185,771
19250,1188,772
19255,1180,764
19260,1180,768
19265,1180,783
19270,1170,777
19275,1177,783
19280,1173,782
19285,1169,780
19290,1172,788
19295,1165,788
19300,1165,795
19305,1160,794
19310,1158,798
19315,1158,802
19320,1149,799
19325,1148,806
19330,1143,810
19335,1130,810
19340,1138,810
19345,1138,812
19350,1143,815
19355,1132,814
19360,1127,816
19365,1119,823
19370,1116,822
19375,1122,822
19380,1128,823
19385,1117,827
19390,1119,831
19395,1104,834
19400,1121,830
19405,1104,830
19410,1102,835
19415,1110,834
19420,1104,836
19425,1091,838
19430,1109,836
19435,1100,839
19440,1099,841
19445,1093,842
19450,1087,839
19455,1091,841
19460,1099,845
19465,1085,845
19470,1082,841
19475,1079,840
19480,1076,842
19485,1073,839
19490,1075,840
19495,1071,845
19500,1071,841
19505,1071,843
19510,1067,844
19515,1065,838
19520,1073,840
19525,1057,841
19530,1057,837
19535,1055,840
19540,1042,839
19545,1044,836
19550,1043,838
19555,1038,836
19560,1031,833
19565,1026,835
19570,1023,833
19575,1019,836
19580,1020,841
19585,1000,836
19590,993,833
19595,998,833
19600,984,831
19605,989,837
19610,977,827
19615,973,824
19620,967,834
19625,957,827
19630,950,821
19635,952,829
19640,940,827
19645,927,832
19650,921,827
19655,911,827
19660,902,824
19665,903,823
19670,889,825
19675,887,823
19680,882,828
19685,873,825
19690,860,823
19695,857,828
19700,848,819
19705,840,821
19710,833,820
19715,825,828
19720,824,818
19725,814,820
19730,810,820
19735,801,813
19740,790,821
19745,783,816
19750,789,816
19755,771,816
19760,773,820
19765,771,816
19770,769,820
19775,765,817
19780,768,815
19785,751,817
19790,747,817
19795,745,812
19800,757,811
19805,744,812
19810,744,810
19815,753,806
19820,735,802
19825,753,816
19830,753,810
19835,752,806
19840,758,802
19845,749,805
19850,760,807
19855,766,802
19860,766,794
19865,773,803
19870,775,800
19875,785,800
19880,788,794
19885,796,788
19890,791,790
19895,807,791
19900,808,792
19905,811,784
19910,827,783
19915,832,775
19920,843,786
19925,856,780
19930,853,774
19935,868,777
19940,877,775
19945,877,778
19950,893,768
19955,907,769
19960,927,765
19965,929,763
19970,930,766
19975,951,766
19980,952,763
19985,964,758
19990,974,756
19995,982,759
20000,998,758
20005,1008,750
20010,1014,757
20015,1025,747
20020,1041,748
20025,1050,743
20030,1060,746
20035,1066,742
20040,1070,746
20045,1087,746
20050,1089,748
20055,1095,744
20060,1104,744
20065,1109,740
20070,1111,744
20075,1129,738
20080,1137,744
20085,1146,739
20090,1139,740
20095,1153,741
20100,1157,742
20105,1168,743
20110,1162,744
20115,1175,740
20120,1170,746
20125,1179,745
20130,1182,750
20135,1189,747
20140,1178,750
20145,1189,747
20150,1182,758
20155,1178,757
20160,1189,762
20165,1188,758
20170,1191,760
20175,1179,751
20180,1184,760
20185,1189,766
20190,1188,762
20195,1185,767
20200,1177,775
20205,1181,775
20210,1179,772
20215,1176,782
20220,1169,781
20225,1184,779
20230,1169,782
20235,1168,782
20240,1170,788
20245,1165,793
20250,1156,788
20255,1157,797
20260,1148,794
20265,1154,800
20270,1149,800
20275,1136,803
20280,1145,803
20285,1143,808
20290,1147,812
20295,1138,805
20300,1138,814
20305,1128,817
20310,1132,819
20315,1127,824
20320,1130,822
20325,1132,822
20330,1115,830
20335,1106,824
20340,1099,827
20345,1115,828
20350,1112,831
20355,1110,829
20360,1120,836
20365,1106,838
20370,1101,833
20375,1100,840
20380,1092,835
20385,1102,839
20390,1097,837
20395,1102,841
20400,1099,837
20405,1093,840
20410,1084,844
20415,1094,841
20420,1084,838
20425,1077,844
20430,1088,844
20435,1085,844
20440,1073,842
20445,1077,839
20450,1067,841
20455,1067,839
20460,1074,844
20465,1059,844
20470,1058,841
20475,1053,844
20480,1051,848
20485,1052,843
20490,1051,837
20495,1042,832
20500,1036,837
20505,1036,833
20510,1034,839
20515,1034,836
20520,1018,838
20525,1021,832
20530,1016,837
20535,1012,832
20540,1003,831
20545,999,837
20550,1002,829
20555,988,832
20560,992,827
20565,983,832
20570,963,832
20575,963,828
20580,958,827
20585,945,829
20590,938,827
20595,939,824
20600,926,823
20605,924,828
20610,920,822
20615,909,823
20620,900,824
20625,894,826
20630,885,825
20635,864,827
20640,879,826
20645,860,826
20650,845,821
20655,858,820
20660,835,822
20665,836,816
20670,824,816
20675,808,817
20680,820,818
20685,813,822
20690,797,818
20695,800,818
20700,788,812
20705,780,823
20710,781,825
20715,780,825
20720,768,814
20725,767,819
20730,762,820
20735,768,812
20740,754,809
20745,750,817
20750,753,810
20755,749,812
20760,746,811
20765,758,806
20770,751,807
20775,750,806
20780,751,802
20785,756,805
20790,741,811
20795,754,810
20800,760,804
20805,765,803
20810,765,799
20815,773,801
20820,771,793
20825,771,796
20830,788,793
20835,781,793
20840,794,795
20845,790,795
20850,800,784
20855,811,780
20860,818,788
20865,824,784
20870,835,772
20875,838,779
20880,853,780
20885,863,775
20890,870,771
20895,884,775
20900,881,773
20905,905,769
20910,912,766
20915,910,767
20920,926,764
20925,940,763
20930,955,764
20935,959,763
20940,970,756
20945,984,757
20950,992,752
20955,989,756
20960,1012,756
20965,1020,753
20970,1033,755
20975,1033,755
20980,1056,753
20985,1061,749
20990,1064,752
20995,1071,748
21000,1084,743
21005,1088,746
21010,1101,743
21015,1103,742
21020,1120,743
21025,1124,746
21030,1133,740
21035,1145,736
21040,1135,739
21045,1156,741
21050,1150,744
21055,1156,740
21060,1145,743
21065,1170,745
21070,1164,740
21075,1174,744
21080,1170,744
21085,1177,741
21090,1188,744
21095,1173,750
21100,1185,754
21105,1191,755
21110,1194,757
21115,1187,758
21120,1188,762
21125,1193,752
21130,1192,758
21135,1190,766
21140,1188,765
21145,1185,763
21150,1189,762
21155,1177,765
21160,1182,776
21165,1174,771
21170,1174,776
21175,1172,778
21180,1173,778
21185,1174,775
21190,1171,784
21195,1172,787
21200,1172,784
21205,1156,792
21210,1158,792
21215,1165,796
21220,1158,792
21225,1160,805
21230,1143,802
21235,1146,809
21240,1138,806
21245,1135,811
21250,1128,811
21255,1135,809
21260,1143,820
21265,1129,824
21270,1121,820
21275,1127,823
21280,1120,822
21285,1115,819
21290,1111,830
21295,1124,830
21300,1099,831
21305,1105,831
21310,1108,839
21315,1105,838
21320,1104,835
21325,1106,838
21330,1103,836
21335,1103,838
21340,1106,833
21345,1091,838
21350,1084,841
21355,1087,845
21360,1097,834
21365,1087,840
21370,1093,842
21375,1085,840
21380,1079,844
21385,1085,845
21390,1074,840
21395,1080,847
21400,1071,848
21405,1075,840
21410,1069,834
21415,1066,840
21420,1055,839
21425,1067,840
21430,1054,838
21435,1055,839
21440,1058,842
21445,1046,842
21450,1049,843
21455,1037,840
21460,1043,836
21465,1031,839
21470,1031,837
21475,1026,836
21480,1026,838
21485,1017,829
21490,1014,837
21495,1001,831
21500,1008,833
21505,999,833
21510,987,833
21515,984,834
21520,972,826
21525,969,831
21530,966,831
21535,957,828
21540,949,827
21545,945,831
21550,934,827
21555,927,827
21560,922,826
21565,912,825
21570,909,824
21575,891,819
21580,893,822
21585,885,826
21590,871,818
21595,862,823
21600,860,820
21605,848,824
21610,842,820
21615,833,820
21620,840,817
21625,825,817
21630,818,821
21635,811,816
21640,809,815
21645,792,819
21650,791,822
21655,789,814
21660,788,811
21665,778,820
21670,771,815
21675,767,809
21680,767,816
21685,762,818
21690,755,819
21695,760,812
21700,761,811
21705,754,809
21710,755,814
21715,742,808
21720,748,809
21725,747,810
21730,754,806
21735,743,803
21740,751,808
21745,753,802
21750,757,804
21755,758,799
21760,760,802
21765,771,800
21770,773,799
21775,766,799
21780,783,795
21785,787,795
21790,790,792
21795,804,790
21800,799,785
21805,813,789
21810,804,786
21815,810,788
21820,829,783
21825,835,780
21830,849,787
21835,857,778
21840,852,778
21845,863,775
21850,880,774
21855,894,770
21860,905,769
21865,910,769
21870,914,768
21875,934,767
21880,941,764
21885,956,761
21890,964,757
21895,966,756
21900,984,757
21905,986,757
21910,1010,752
21915,1013,752
21920,1027,755
21925,1029,751
21930,1035,746
21935,1062,745
21940,1054,746
21945,1067,738
21950,1075,742
21955,1088,745
21960,1100,747
21965,1107,743
21970,1109,739
21975,1112,744
21980,1124,742
21985,1140,742
21990,1136,741
21995,1142,741
22000,1156,742
22005,1154,743
22010,1150,741
22015,1159,743
22020,1164,745
22025,1169,743
22030,1183,744
22035,1170,747
22040,1169,748
22045,1180,751
22050,1182,753
22055,1182,758
22060,1178,754
22065,1183,756
22070,1196,758
22075,1189,756
22080,1185,760
22085,1196,762
22090,1190,764
22095,1184,768
22100,1187,761
22105,1180,769
22110,1188,771
22115,1176,776
22120,1187,774
22125,1187,776
22130,1175,780
22135,1174,779
22140,1175,785
22145,1176,786
22150,1168,786
22155,1161,791
22160,1154,795
22165,1160,787
22170,1159,798
22175,1149,801
22180,1151,802
22185,1140,803
22190,1139,807
22195,1147,814
22200,1145,812
22205,1135,812
22210,1128,811
22215,1118,811
22220,1127,813
22225,1122,818
22230,1120,823
22235,1120,823
22240,1120,829
22245,1116,826
22250,1117,829
22255,1114,830
22260,1110,829
22265,1104,828
22270,1099,828
22275,1114,838
22280,1101,841
22285,1103,839
22290,1095,839
22295,1091,839
22300,1100,840
22305,1085,843
22310,1091,841
22315,1093,837
22320,1091,836
22325,1088,843
22330,1078,847
22335,1085,843
22340,1080,840
22345,1081,841
22350,1078,845
22355,1077,839
22360,1073,842
22365,1068,839
22370,1067,841
22375,1063,840
22380,1070,845
22385,1048,842
22390,1050,840
22395,1043,841
22400,1047,840
22405,1045,834
22410,1041,837
22415,1036,833
22420,1032,841
22425,1022,839
22430,1022,839
22435,1015,837
22440,1010,832
22445,1013,834
22450,1009,833
22455,997,837
22460,998,827
22465,987,832
22470,974,833
22475,968,832
22480,968,831
22485,962,827
22490,951,825
22495,947,831
22500,940,830
22505,929,826
22510,922,827
22515,927,825
22520,915,831
22525,905,823
22530,900,823
22535,880,823
22540,873,823
22545,867,823
22550,866,821
22555,849,825
22560,849,822
22565,851,814
22570,833,822
22575,825,814
22580,828,814
22585,816,821
22590,807,823
22595,808,816
22600,802,818
22605,789,821
22610,783,816
22615,783,818
22620,771,818
22625,775,818
22630,758,814
22635,755,817
22640,758,810
22645,760,815
22650,755,813
22655,750,813
22660,755,807
22665,754,809
22670,750,809
22675,756,810
22680,746,805
22685,754,815
22690,750,807
22695,741,806
22700,749,800
22705,757,802
22710,756,803
22715,762,801
22720,763,806
22725,768,795
22730,779,795
22735,776,795
22740,778,798
22745,790,793
22750,794,789
22755,805,792
22760,808,790
22765,806,789
22770,825,785
22775,834,787
22780,843,778
22785,864,782
22790,862,779
22795,872,774
22800,872,777
22805,886,772
22810,893,776
22815,913,771
22820,911,764
22825,932,771
22830,933,764
22835,949,761
22840,970,758
22845,963,761
22850,979,758
22855,982,755
22860,995,748
22865,1012,749
22870,1022,749
22875,1025,751
22880,1027,747
22885,1043,749
22890,1053,753
22895,1057,744
22900,1072,747
22905,1084,745
22910,1085,741
22915,1103,735
22920,1107,743
22925,1103,747
22930,1126,744
22935,1127,746
22940,1135,746
22945,1141,741
22950,1139,741
22955,1142,741
22960,1158,742
22965,1154,741
22970,1158,744
22975,1172,745
22980,1169,746
22985,1169,749
22990,1177,741
22995,1188,743
23000,1185,750
23005,1184,749
23010,1188,754
23015,1197,747
23020,1189,753
23025,1189,755
23030,1183,754
23035,1191,761
23040,1195,761
23045,1188,759
23050,1185,761
23055,1182,770
23060,1190,766
23065,1181,776
23070,1189,774
23075,1182,774
23080,1169,776
23085,1174,775
23090,1167,785
23095,1176,783
23100,1169,786
23105,1165,789
23110,1157,792
23115,1152,789
23120,1162,796
23125,1150,801
23130,1153,803
23135,1144,797
23140,1152,802
23145,1140,803
23150,1139,808
23155,1143,808
23160,1130,820
23165,1143,822
23170,1132,818
23175,1125,819
23180,1118,821
23185,1130,817
23190,1126,822
23195,1114,823
23200,1114,829
23205,1115,828
23210,1104,832
23215,1115,833
23220,1112,830
23225,1103,834
23230,1111,832
23235,1107,836
23240,1098,841
23245,1089,832
23250,1088,838
23255,1100,837
23260,1094,839
23265,1094,840
23270,1085,837
23275,1085,838
23280,1081,846
23285,1079,842
23290,1088,839
23295,1083,839
23300,1080,840
23305,1077,841
23310,1069,843
23315,1064,845
23320,1060,844
23325,1069,841
23330,1058,842
23335,1059,846
23340,1060,839
23345,1048,841
23350,1038,843
23355,1047,838
23360,1040,843
23365,1034,847
23370,1034,833
23375,1026,837
23380,1027,838
23385,1024,834
23390,1021,837
23395,1011,836
23400,1000,834
23405,1000,837
23410,990,832
23415,976,832
23420,982,829
23425,972,828
23430,967,835
23435,974,825
23440,959,830
23445,955,829
23450,942,828
23455,938,828
23460,932,827
23465,913,830
23470,917,828
23475,907,826
23480,903,823
23485,888,819
23490,873,824
23495,875,828
23500,877,823
23505,856,823
23510,858,823
23515,846,820
23520,838,826
23525,841,824
23530,832,816
23535,823,820
23540,811,819
23545,802,818
23550,800,817
23555,796,822
23560,779,818
23565,785,825
23570,775,815
23575,770,820
23580,757,819
23585,777,815
23590,769,812
23595,761,812
23600,753,820
23605,757,812
23610,751,810
23615,745,807
23620,750,814
23625,747,816
23630,753,814
23635,745,806
23640,748,807
23645,754,806
23650,741,806
23655,748,802
23660,757,798
23665,747,799
23670,762,803
23675,768,797
23680,768,803
23685,778,799
23690,789,795
23695,788,794
23700,788,796
23705,808,785
23710,798,792
23715,813,786
23720,820,779
23725,830,780
23730,830,786
23735,847,781
23740,852,779
23745,859,773
23750,867,776
23755,870,772
23760,891,774
23765,906,769
23770,914,764
23775,926,762
23780,924,762
23785,945,762
23790,949,760
23795,959,759
23800,970,753
23805,976,755
23810,990,754
23815,999,754
23820,1018,756
23825,1015,750
23830,1035,746
23835,1037,748
23840,1047,747
23845,1056,747
23850,1056,744
23855,1078,745
23860,1086,743
23865,1086,746
23870,1100,745
23875,1101,745
23880,1126,737
23885,1113,746
23890,1133,742
23895,1127,742
23900,1146,740
23905,1150,738
23910,1149,746
23915,1152,743
23920,1154,744
23925,1166,741
23930,1170,743
23935,1184,744
23940,1168,744
23945,1177,747
23950,1182,751
23955,1181,750
23960,1178,747
23965,1183,753
23970,1190,758
23975,1183,755
23980,1183,760
23985,1181,765
23990,1177,757
23995,1185,764
24000,1186,764
24005,1179,765
24010,1192,768
24015,1189,766
24020,1188,766
24025,1180,771
24030,1182,773
24035,1180,770
24040,1170,777
24045,1169,781
24050,1174,786
24055,1173,785
24060,1166,788
24065,1156,788
24070,1165,790
24075,1163,798
24080,1157,795
24085,1148,799
24090,1147,808
24095,1145,808
24100,1146,806
24105,1142,812
24110,1143,811
24115,1134,818
24120,1131,816
24125,1120,821
24130,1134,818
24135,1118,820
24140,1130,821
24145,1121,823
24150,1119,829
24155,1117,827
24160,1112,830
24165,1115,828
24170,1112,833
24175,1102,832
24180,1101,838
24185,1102,832
24190,1096,835
24195,1099,839
24200,1094,835
24205,1097,837
24210,1098,839
24215,1097,841
24220,1099,839
24225,1093,846
24230,1086,843
24235,1077,843
24240,1080,838
24245,1077,839
24250,1069,845
24255,1085,844
24260,1072,843
24265,1076,841
24270,1063,846
24275,1066,838
24280,1078,845
24285,1067,844
24290,1064,844
24295,1060,840
24300,1049,840
24305,1035,846
24310,1055,843
24315,1039,842
24320,1034,838
24325,1039,835
24330,1027,835
24335,1034,842
24340,1017,833
24345,1007,838
24350,1016,836
24355,1001,837
24360,993,830
24365,991,835
24370,987,831
24375,984,831
24380,983,837
24385,969,830
24390,959,830
24395,951,831
24400,950,823
24405,944,824
24410,930,824
24415,929,823
24420,932,826
24425,904,828
24430,895,826
24435,901,823
24440,895,822
24445,888,822
24450,864,824
24455,854,818
24460,857,823
24465,852,826
24470,845,818
24475,837,821
24480,829,821
24485,818,826
24490,816,818
24495,821,820
24500,805,818
24505,803,822
24510,788,822
24515,793,816
24520,781,817
24525,773,813
24530,773,812
24535,761,814
24540,767,815
24545,764,815
24550,755,819
24555,757,809
24560,754,818
24565,756,809
24570,745,818
24575,746,811
24580,748,814
24585,752,806
24590,748,808
24595,747,811
24600,750,808
24605,745,806
24610,758,801
24615,760,802
24620,760,800
24625,760,803
24630,769,795
24635,773,798
24640,780,793
24645,776,792
24650,789,790
24655,791,791
24660,801,787
24665,813,781
24670,818,790
24675,826,783
24680,825,783
24685,839,784
24690,849,783
24695,855,781
24700,865,777
24705,866,776
24710,880,774
24715,893,773
24720,904,769
24725,908,775
24730,925,767
24735,928,764
24740,941,766
24745,953,760
24750,970,760
24755,975,762
24760,979,758
24765,989,749
24770,995,752
24775,1013,749
24780,1020,758
24785,1032,752
24790,1047,749
24795,1051,745
24800,1058,747
24805,1064,747
24810,1081,743
24815,1090,744
24820,1086,744
24825,1093,750
24830,1115,742
24835,1116,746
24840,1122,741
24845,1132,740
24850,1138,740
24855,1136,745
24860,1150,741
24865,1142,736
24870,1159,742
24875,1154,739
24880,1161,744
24885,1179,743
24890,1175,746
24895,1175,748
24900,1182,744
24905,1179,753
24910,1188,745
24915,1180,753
24920,1192,753
24925,1183,754
24930,1188,757
24935,1185,760
24940,1186,762
24945,1189,761
24950,1181,760
24955,1192,768
24960,1184,768
24965,1189,770
24970,1174,768
24975,1179,777
24980,1186,772
24985,1179,777
24990,1182,777
24995,1181,784
25000,1166,780
25005,1175,781
25010,1154,786
25015,1172,792
25020,1167,791
25025,1159,795
25030,1156,802
25035,1148,794
25040,1146,803
25045,1149,802
25050,1148,807
25055,1149,806
25060,1140,807
25065,1139,813
25070,1130,807
25075,1128,815
25080,1136,813
25085,1128,821
25090,1131,818
25095,1121,827
25100,1120,826
25105,1110,823
25110,1107,828
25115,1114,831
25120,1109,826
25125,1108,837
25130,1101,833
25135,1101,841
25140,1110,833
25145,1094,839
25150,1095,834
25155,1092,843
25160,1094,839
25165,1090,836
25170,1091,844
25175,1093,839
25180,1093,845
25185,1092,843
25190,1080,843
25195,1072,844
25200,1079,842
25205,1076,841
25210,1072,842
25215,1067,838
25220,1064,840
25225,1068,843
25230,1059,844
25235,1069,839
25240,1072,842
25245,1052,844
25250,1062,840
25255,1059,837
25260,1040,844
25265,1054,842
25270,1039,841
25275,1042,840
25280,1038,841
25285,1022,840
25290,1022,837
25295,1016,834
25300,1013,836
25305,1020,836
25310,1001,835
25315,998,834
25320,985,828
25325,998,833
25330,973,833
25335,974,835
25340,972,831
25345,962,830
25350,951,827
25355,943,834
25360,940,827
25365,933,828
25370,924,822
25375,917,829
25380,902,823
25385,903,825
25390,901,823
25395,881,823
25400,887,821
25405,874,824
25410,867,823
25415,858,819
25420,840,824
25425,842,821
25430,827,828
25435,831,829
25440,821,821
25445,809,813
25450,818,813
25455,802,816
25460,801,823
25465,783,818
25470,786,820
25475,782,820
25480,773,817
25485,765,819
25490,770,816
25495,761,819
25500,766,817
25505,749,816
25510,749,811
25515,753,813
25520,753,813
25525,755,810
25530,747,806
25535,745,810
25540,752,810
25545,753,804
25550,746,810
25555,742,804
25560,750,802
25565,748,804
25570,754,805
25575,754,801
25580,760,804
25585,768,797
25590,777,797
25595,775,792
25600,776,792
25605,795,786
25610,797,791
25615,808,790
25620,806,790
25625,806,790
25630,832,788
25635,832,780
25640,841,781
25645,843,781
25650,860,779
25655,866,775
25660,870,776
25665,889,775
25670,893,774
25675,899,766
25680,915,767
25685,932,768
25690,934,760
25695,943,760
25700,954,761
25705,958,757
25710,980,761
25715,976,754
25720,1003,755
25725,1011,753
25730,1009,750
25735,1024,755
25740,1028,747
25745,1045,750
25750,1051,749
25755,1063,746
25760,1060,747
25765,1075,751
25770,1083,749
25775,1100,743
25780,1096,735
25785,1112,743
25790,1108,741
25795,1136,738
25800,1140,749
25805,1136,740
25810,1139,740
25815,1153,740
25820,1152,743
25825,1149,744
25830,1163,745
25835,1170,740
25840,1168,737
25845,1173,749
25850,1176,744
25855,1174,751
25860,1186,750
25865,1194,751
25870,1188,750
25875,1180,751
25880,1185,752
25885,1190,745
25890,1191,757
25895,1193,752
25900,1188,759
25905,1180,766
25910,1187,765
25915,1188,769
25920,1178,769
25925,1182,768
25930,1185,771
25935,1179,775
25940,1180,777
25945,1176,781
25950,1185,781
25955,1177,783
25960,1172,782
25965,1155,786
25970,1153,786
25975,1156,789
25980,1163,794
25985,1155,796
25990,1158,804
25995,1152,805
26000,1149,805
26005,1151,810
26010,1142,810
26015,1149,808
26020,1142,813
26025,1137,811
26030,1129,818
26035,1130,820
26040,1124,822
26045,1126,819
26050,1126,825
26055,1115,826
26060,1118,820
26065,1110,823
26070,1108,834
26075,1106,829
26080,1107,842
26085,1110,836
26090,1101,841
26095,1106,839
26100,1092,839
26105,1096,834
26110,1092,841
26115,1088,835
26120,1093,838
26125,1092,834
26130,1087,846
26135,1094,844
26140,1077,840
26145,1092,847
26150,1084,839
26155,1079,842
26160,1081,838
26165,1066,840
26170,1068,840
26175,1070,844
26180,1070,842
26185,1062,839
26190,1075,840
26195,1062,846
26200,1056,844
26205,1056,843
26210,1054,841
26215,1054,835
26220,1050,842
26225,1041,840
26230,1029,840
26235,1029,840
26240,1023,836
26245,1014,833
26250,1020,839
26255,1010,834
26260,1012,832
26265,999,834
26270,1010,828
26275,992,832
26280,985,832
26285,980,826
26290,966,830
26295,969,831
26300,956,831
26305,950,824
26310,944,825
26315,928,828
26320,932,829
26325,922,825
26330,919,824
26335,914,828
26340,907,827
26345,901,822
26350,882,825
26355,875,827
26360,865,826
26365,876,824
26370,854,823
26375,850,824
26380,840,819
26385,838,818
26390,825,819
26395,826,819
26400,818,822
26405,808,820
26410,809,818
26415,797,815
26420,782,817
26425,782,817
26430,774,824
26435,768,815
26440,763,816
26445,766,817
26450,756,811
26455,750,818
26460,754,811
26465,749,814
26470,752,817
26475,747,810
26480,749,806
26485,742,809
26490,757,810
26495,751,808
26500,752,806
26505,738,812
26510,749,800
26515,758,805
26520,753,805
26525,758,803
26530,759,804
26535,760,797
26540,763,789
26545,774,798
26550,785,799
26555,776,796
26560,785,790
26565,784,795
26570,802,788
26575,816,781
26580,814,787
26585,832,786
26590,825,784
26595,840,781
26600,852,785
26605,846,773
26610,871,775
26615,884,777
26620,887,773
26625,903,772
26630,916,770
26635,922,763
26640,926,764
26645,936,772
26650,949,764
26655,961,759
26660,969,756
26665,984,757
26670,987,755
26675,997,755
26680,1009,756
26685,1019,753
26690,1021,750
26695,1034,750
26700,1046,741
26705,1050,751
26710,1073,741
26715,1069,746
26720,1087,750
26725,1090,742
26730,1099,745
26735,1097,741
26740,1115,742
26745,1118,742
26750,1111,742
26755,1140,744
26760,1131,743
26765,1142,748
26770,1146,740
26775,1154,743
26780,1166,743
26785,1163,748
26790,1168,745
26795,1178,744
26800,1176,746
26805,1179,746
26810,1175,752
26815,1189,746
26820,1179,752
26825,1181,757
26830,1185,753
26835,1194,752
26840,1195,760
26845,1183,752
26850,1187,759
26855,1188,761
26860,1190,766
26865,1182,764
26870,1185,771
26875,1184,772
26880,1177,770
26885,1179,767
26890,1177,773
26895,1174,776
26900,1171,780
26905,1170,784
26910,1176,790
26915,1171,791
26920,1165,785
26925,1164,792
26930,1158,797
26935,1159,794
26940,1154,799
26945,1153,799
26950,1148,808
26955,1134,801
26960,1143,810
26965,1138,812
26970,1139,810
26975,1134,818
26980,1131,818
26985,1132,816
26990,1130,823
26995,1121,819
27000,1123,824
27005,1122,821
27010,1114,824
27015,1122,827
27020,1120,835
27025,1115,829
27030,1103,831
27035,1097,836
27040,1106,835
27045,1100,836
27050,1098,836
27055,1100,841
27060,1097,840
27065,1093,845
27070,1087,840
27075,1091,842
27080,1096,843
27085,1082,843
27090,1089,847
27095,1085,839
27100,1091,843
27105,1081,848
27110,1076,842
27115,1073,842
27120,1073,838
27125,1079,844
27130,1068,850
27135,1077,842
27140,1071,845
27145,1064,842
27150,1065,843
27155,1058,838
27160,1059,845
27165,1044,838
27170,1056,838
27175,1041,837
27180,1039,846
27185,1027,835
27190,1027,834
27195,1025,839
27200,1019,835
27205,1017,834
27210,1014,836
27215,1012,831
27220,1002,832
27225,990,834
27230,984,835
27235,973,829
27240,982,834
27245,969,832
27250,960,829
27255,958,826
27260,953,826
27265,936,828
27270,933,834
27275,921,823
27280,926,828
27285,911,829
27290,901,823
27295,894,831
27300,888,823
27305,880,822
27310,878,822
27315,870,827
27320,870,820
27325,850,816
27330,843,822
27335,845,823
27340,827,822
27345,826,819
27350,828,819
27355,824,820
27360,811,819
27365,799,815
27370,805,821
27375,787,818
27380,780,819
27385,777,815
27390,782,813
27395,765,818
27400,758,818
27405,758,812
27410,752,815
27415,757,814
27420,755,813
27425,754,815
27430,746,811
27435,751,808
27440,745,805
27445,747,813
27450,743,811
27455,744,804
27460,750,808
27465,744,801
27470,757,800
27475,758,803
27480,761,804
27485,754,797
27490,765,801
27495,776,797
27500,781,794
27505,775,793
27510,792,793
27515,799,791
27520,804,794
27525,814,790
27530,813,789
27535,825,781
27540,830,784
27545,840,782
27550,845,781
27555,851,779
27560,856,782
27565,873,776
27570,878,779
27575,894,767
27580,896,767
27585,909,771
27590,918,764
27595,930,767
27600,942,762
27605,951,760
27610,957,763
27615,975,758
27620,981,762
27625,991,759
27630,999,756
27635,1011,754
27640,1020,758
27645,1029,752
27650,1048,748
27655,1046,751
27660,1068,746
27665,1070,745
27670,1073,749
27675,1086,745
27680,1090,740
27685,1102,745
27690,1106,744
27695,1121,747
27700,1124,743
27705,1135,742
27710,1138,742
27715,1145,744
27720,1137,738
27725,1151,738
27730,1161,748
27735,1163,747
27740,1172,744
27745,1174,745
27750,1179,747
27755,1184,751
27760,1181,747
27765,1184,746
27770,1191,753
27775,1188,753
27780,1186,749
27785,1188,750
27790,1192,755
27795,1185,761
27800,1191,759
27805,1182,759
27810,1186,759
27815,1180,764
27820,1178,765
27825,1181,765
27830,1186,771
27835,1188,765
27840,1187,769
27845,1174,777
27850,1172,774
27855,1175,780
27860,1177,785
27865,1175,787
27870,1169,789
27875,1165,791
27880,1169,793
27885,1159,792
27890,1152,795
27895,1157,796
27900,1148,805
27905,1145,800
27910,1151,811
27915,1147,806
27920,1137,810
27925,1134,810
27930,1131,812
27935,1123,816
27940,1125,821
27945,1124,819
27950,1114,821
27955,1119,822
27960,1111,825
27965,1107,823
27970,1115,829
27975,1103,833
27980,1109,836
27985,1119,835
27990,1116,835
27995,1104,838
28000,1100,836
28005,1100,841
28010,1100,841
28015,1098,844
28020,1096,838
28025,1090,840
28030,1086,840
28035,1082,833
28040,1088,840
28045,1089,845
28050,1097,840
28055,1086,843
28060,1081,842
28065,1074,844
28070,1087,840
28075,1083,841
28080,1069,838
28085,1069,838
28090,1066,839
28095,1057,841
28100,1064,845
28105,1056,841
28110,1054,837
28115,1051,847
28120,1051,840
28125,1042,834
28130,1041,838
28135,1044,838
28140,1032,837
28145,1022,837
28150,1030,839
28155,1024,831
28160,1009,835
28165,1005,831
28170,1000,832
28175,1000,836
28180,988,831
28185,990,834
28190,969,830
28195,977,830
28200,975,828
28205,961,830
28210,956,823
28215,948,829
28220,933,825
28225,933,828
28230,925,824
28235,913,824
28240,906,827
28245,901,828
28250,904,823
28255,884,829
28260,877,826
28265,874,824
28270,863,822
28275,859,818
28280,858,822
28285,832,819
28290,841,820
28295,824,822
28300,827,824
28305,811,820
28310,806,819
28315,805,821
28320,801,815
28325,797,818
28330,785,813
28335,784,814
28340,777,817
28345,769,824
28350,767,815
28355,759,810
28360,769,808
28365,759,814
28370,754,812
28375,753,817
28380,756,806
28385,754,811
28390,751,809
28395,745,810
28400,750,807
28405,743,811
28410,750,810
28415,744,803
28420,747,807
28425,757,802
28430,757,803
28435,760,794
28440,764,799
28445,768,806
28450,769,799
28455,766,797
28460,787,796
28465,783,791
28470,801,792
28475,794,792
28480,808,782
28485,810,785
28490,827,785
28495,826,780
28500,841,783
28505,847,783
28510,850,772
28515,867,779
28520,874,775
28525,886,773
28530,905,774
28535,906,771
28540,918,772
28545,919,763
28550,933,765
28555,944,765
28560,950,763
28565,962,764
28570,966,757
28575,985,759
28580,998,757
28585,1010,755
28590,1011,750
28595,1028,749
28600,1028,751
28605,1040,749
28610,1048,749
28615,1072,753
28620,1074,748
28625,1074,745
28630,1088,744
28635,1094,744
28640,1105,743
28645,1107,739
28650,1128,739
28655,1118,739
28660,1131,744
28665,1125,742
28670,1137,743
28675,1149,738
28680,1159,742
28685,1150,750
28690,1158,740
28695,1161,748
28700,1169,748
28705,1168,746
28710,1178,748
28715,1179,750
28720,1180,747
28725,1184,752
28730,1184,749
28735,1191,754
28740,1192,754
28745,1183,757
28750,1191,759
28755,1193,757
28760,1190,766
28765,1188,758
28770,1192,765
28775,1188,771
28780,1182,768
28785,1182,768
28790,1172,771
28795,1176,774
28800,1171,775
28805,1176,779
28810,1178,779
28815,1182,788
28820,1167,783
28825,1158,788
28830,1163,794
28835,1166,794
28840,1153,796
28845,1149,798
28850,1157,798
28855,1150,802
28860,1145,804
28865,1139,807
28870,1139,808
28875,1147,809
28880,1135,815
28885,1137,811
28890,1123,820
28895,1121,822
28900,1127,824
28905,1118,824
28910,1124,826
28915,1117,829
28920,1118,820
28925,1110,830
28930,1111,830
28935,1114,835
28940,1100,831
28945,1111,836
28950,1106,835
28955,1102,834
28960,1101,842
28965,1101,840
28970,1091,843
28975,1085,837
28980,1091,845
28985,1099,837
28990,1087,842
28995,1084,845
29000,1080,840
29005,1085,845
29010,1094,847
29015,1075,840
29020,1078,840
29025,1078,846
29030,1073,843
29035,1068,839
29040,1069,836
29045,1063,840
29050,1060,846
29055,1070,842
29060,1052,841
29065,1054,840
29070,1048,838
29075,1048,841
29080,1048,840
29085,1047,839
29090,1042,842
29095,1030,834
29100,1025,838
29105,1021,840
29110,1017,831
29115,1012,828
29120,1006,839
29125,1003,831
29130,1010,827
29135,986,829
29140,986,833
29145,985,832
29150,981,832
29155,971,830
29160,956,832
29165,947,832
29170,936,825
29175,931,830
29180,922,826
29185,919,826
29190,915,824
29195,904,830
29200,893,826
29205,891,825
29210,887,825
29215,873,824
29220,868,823
29225,851,822
29230,856,822
29235,851,818
29240,852,825
29245,838,823
29250,827,822
29255,816,821
29260,808,817
29265,810,822
29270,799,818
29275,797,815
29280,787,817
29285,779,817
29290,765,816
29295,776,814
29300,771,817
29305,765,815
29310,763,817
29315,763,814
29320,763,817
29325,762,815
29330,757,815
29335,744,810
29340,747,809
29345,746,803
29350,737,804
29355,750,811
29360,753,809
29365,751,804
29370,754,807
29375,754,801
29380,744,803
29385,760,805
29390,759,798
29395,765,802
29400,767,795
29405,766,793
29410,776,796
29415,791,794
29420,788,790
29425,806,794
29430,795,791
29435,812,789
29440,811,785
29445,829,791
29450,837,783
29455,847,779
29460,863,779
29465,859,774
29470,870,774
29475,870,770
29480,883,773
29485,901,774
29490,912,773
29495,923,767
29500,935,767
29505,943,766
29510,940,761
29515,957,764
29520,966,760
29525,979,761
29530,977,757
29535,996,758
29540,1012,754
29545,1018,749
29550,1027,750
29555,1034,752
29560,1039,745
29565,1049,745
29570,1068,751
29575,1074,742
29580,1072,743
29585,1086,748
29590,1100,737
29595,1104,743
29600,1112,743
29605,1123,736
29610,1117,743
29615,1130,746
29620,1131,741
29625,1143,744
29630,1162,742
29635,1147,743
29640,1157,739
29645,1165,735
29650,1170,743
29655,1169,746
29660,1180,747
29665,1176,743
29670,1181,751
29675,1183,746
29680,1185,749
29685,1185,747
29690,1192,758
29695,1183,756
29700,1181,756
29705,1183,759
29710,1187,755
29715,1186,764
29720,1194,766
29725,1175,762
29730,1183,762
29735,1176,765
29740,1169,770
29745,1184,774
29750,1179,774
29755,1177,777
29760,1178,776
29765,1177,785
29770,1168,784
29775,1167,786
29780,1161,788
29785,1160,789
29790,1169,795
29795,1171,793
29800,1156,798
29805,1163,803
29810,1152,801
29815,1148,802
29820,1146,804
29825,1143,810
29830,1135,807
29835,1128,811
29840,1131,814
29845,1130,815
29850,1121,821
29855,1124,826
29860,1111,819
29865,1128,827
29870,1120,832
29875,1111,827
29880,1117,832
29885,1112,830
29890,1104,831
29895,1098,834
29900,1108,839
29905,1106,834
29910,1103,841
29915,1107,839
29920,1104,834
29925,1087,841
29930,1096,837
29935,1092,838
29940,1089,843
29945,1087,841
29950,1085,842
29955,1079,842
29960,1086,838
29965,1085,839
29970,1085,851
29975,1065,841
29980,1068,844
29985,1071,843
29990,1063,840
29995,1072,846
30000,1069,844
30005,1062,839
30010,1072,836
30015,1054,837
30020,1052,840
30025,1058,838
30030,1041,837
30035,1045,836
30040,1036,842
30045,1040,835
30050,1034,838
30055,1021,836
30060,1011,837
30065,1015,836
30070,1011,836
30075,1006,835
30080,995,840
30085,1004,834
30090,990,831
30095,981,826
30100,984,829
30105,969,836
30110,969,834
30115,960,829
30120,953,833
30125,942,827
30130,931,827
30135,925,828
30140,917,826
30145,921,824
30150,904,830
30155,905,823
30160,894,821
30165,873,826
30170,876,826
30175,863,823
30180,866,829
30185,855,818
30190,840,821
30195,831,819
30200,831,818
30205,818,817
30210,818,818
30215,806,818
30220,795,816
30225,791,821
30230,796,824
30235,791,826
30240,789,820
30245,781,819
30250,776,824
30255,771,816
30260,758,817
30265,759,813
30270,752,819
30275,755,808
30280,749,809
30285,747,811
30290,750,812
30295,751,810
30300,748,810
30305,741,812
30310,748,809
30315,750,812
30320,752,806
30325,737,805
30330,756,804
30335,751,800
30340,757,797
30345,760,796
30350,771,796
30355,769,798
30360,765,796
30365,782,793
30370,786,792
30375,798,795
30380,793,787
30385,807,788
30390,808,791
30395,826,784
30400,835,784
30405,833,782
30410,851,781
30415,851,780
30420,861,777
30425,879,771
30430,878,778
30435,887,770
30440,900,769
30445,914,771
30450,924,764
30455,926,764
30460,940,766
30465,958,757
30470,963,761
30475,975,754
30480,977,756
30485,990,757
30490,999,753
30495,1005,750
30500,1024,753
30505,1033,752
30510,1033,751
30515,1053,744
30520,1066,745
30525,1074,749
30530,1065,745
30535,1082,743
30540,1089,743
30545,1095,740
30550,1108,742
30555,1103,745
30560,1119,746
30565,1136,742
30570,1132,738
30575,1152,740
30580,1137,747
30585,1150,742
30590,1165,741
30595,1153,742
30600,1167,743
30605,1167,748
30610,1176,746
30615,1173,745
30620,1184,745
30625,1193,745
30630,1187,754
30635,1182,749
30640,1182,747
30645,1195,758
30650,1188,754
30655,1184,758
30660,1188,759
30665,1195,759
30670,1194,758
30675,1189,760
30680,1192,759
30685,1176,767
30690,1191,770
30695,1185,771
30700,1170,773
30705,1176,773
30710,1181,782
30715,1176,784
30720,1166,782
30725,1164,784
30730,1164,782
30735,1174,791
30740,1161,791
30745,1155,796
30750,1159,797
30755,1143,799
30760,1157,803
30765,1146,799
30770,1144,804
30775,1139,804
30780,1136,811
30785,1135,806
30790,1133,814
30795,1128,815
30800,1125,816
30805,1123,814
30810,1131,821
30815,1123,823
30820,1116,827
30825,1118,826
30830,1118,828
30835,1116,831
30840,1112,826
30845,1119,833
30850,1107,836
30855,1100,839
30860,1099,837
30865,1099,839
30870,1094,842
30875,1095,840
30880,1096,841
30885,1104,840
30890,1084,838
30895,1082,838
30900,1095,845
30905,1089,845
30910,1086,842
30915,1088,846
30920,1080,842
30925,1074,843
30930,1080,840
30935,1070,842
30940,1076,841
30945,1082,843
30950,1055,842
30955,1067,839
30960,1064,841
30965,1049,839
30970,1064,838
30975,1047,842
30980,1046,839
30985,1042,839
30990,1042,839
30995,1040,836
31000,1034,836
31005,1027,837
31010,1039,836
31015,1011,832
31020,1014,840
31025,1011,833
31030,1004,831
31035,1002,831
31040,985,837
31045,985,829
31050,972,828
31055,978,826
31060,972,831
31065,969,826
31070,959,831
31075,944,835
31080,939,821
31085,934,826
31090,929,830
31095,913,828
31100,911,831
31105,903,826
31110,891,825
31115,899,824
31120,892,826
31125,867,829
31130,873,826
31135,853,818
31140,845,830
31145,851,819
31150,833,819
31155,822,822
31160,825,820
31165,808,822
31170,805,820
31175,803,819
31180,796,824
31185,784,816
31190,783,815
31195,777,816
31200,787,817
31205,769,814
31210,769,811
31215,764,809
31220,763,813
31225,757,813
31230,759,816
31235,749,811
31240,756,813
31245,746,813
31250,738,809
31255,747,803
31260,748,807
31265,745,805
31270,750,809
31275,753,810
31280,743,804
31285,758,800
31290,755,805
31295,760,798
31300,761,799
31305,763,796
31310,772,798
31315,770,797
31320,776,796
31325,788,796
31330,802,788
31335,802,791
31340,812,788
31345,805,791
31350,828,787
31355,829,784
31360,840,781
31365,850,778
31370,857,779
31375,859,771
31380,880,774
31385,882,769
31390,888,772
31395,893,771
31400,919,769
31405,924,765
31410,930,765
31415,942,764
31420,944,765
31425,967,762
31430,967,760
31435,984,753
31440,986,748
31445,1000,757
31450,1009,750
31455,1032,754
31460,1030,752
31465,1050,749
31470,1052,745
31475,1051,746
31480,1064,740
31485,1074,748
31490,1089,740
31495,1095,743
31500,1101,743
31505,1103,743
31510,1125,744
31515,1127,737
31520,1131,739
31525,1136,749
31530,1134,746
31535,1144,737
31540,1151,742
31545,1152,746
31550,1161,746
31555,1165,745
31560,1173,742
31565,1168,741
31570,1183,745
31575,1177,748
31580,1188,744
31585,1188,753
31590,1177,752
31595,1188,752
31600,1186,751
31605,1190,750
31610,1185,760
31615,1184,756
31620,1182,760
31625,1185,765
31630,1184,767
31635,1187,766
31640,1192,765
31645,1183,777
31650,1174,771
31655,1172,779
31660,1178,772
31665,1178,780
31670,1170,783
31675,1174,781
31680,1170,784
31685,1169,781
31690,1169,789
31695,1154,790
31700,1154,795
31705,1162,797
31710,1153,801
31715,1145,805
31720,1144,805
31725,1142,804
31730,1142,805
31735,1136,811
31740,1132,814
31745,1135,816
31750,1126,815
31755,1130,821
31760,1121,822
31765,1123,820
31770,1121,821
31775,1121,826
31780,1113,826
31785,1114,827
31790,1110,829
31795,1112,833
31800,1113,834
31805,1105,830
31810,1108,835
31815,1093,837
31820,1105,834
31825,1107,839
31830,1100,831
31835,1100,838
31840,1097,839
31845,1087,839
31850,1093,838
31855,1083,844
31860,1082,838
31865,1087,838
31870,1078,840
31875,1080,840
31880,1087,846
31885,1077,845
31890,1070,836
31895,1074,847
31900,1071,845
31905,1072,842
31910,1058,839
31915,1059,846
31920,1054,840
31925,1057,838
31930,1049,834
31935,1052,846
31940,1037,836
31945,1037,841
31950,1042,840
31955,1032,841
31960,1027,829
31965,1025,835
31970,1020,834
31975,1021,833
31980,1005,836
31985,1003,837
31990,989,831
31995,990,834
32000,991,834
32005,976,832
32009,973,833
32015,973,829
32020,956,832
32025,948,830
32030,949,830
32034,943,826
32040,932,819
32045,930,826
32049,919,822
32055,908,827
32060,910,829
32064,899,832
32070,886,819
32075,892,822
32080,874,824
32085,873,820
32090,857,825
32095,859,820
32100,841,822
32104,841,826
32110,835,821
32115,825,818
32119,813,820
32125,809,824
32130,807,815
32134,796,822
32140,785,819
32145,780,817
32150,775,823
32155,780,816
32159,775,814
32165,758,820
32170,765,816
32174,755,813
32180,750,819
32185,754,819
32189,742,811
32195,753,813
32200,749,806
32205,748,809
32210,743,808
32215,758,804
32220,743,805
32225,745,806
32229,756,809
32235,757,806
32240,755,807
32244,753,800
32250,757,795
32255,771,802
32259,764,800
32265,783,798
32270,779,789
32275,790,791
32280,796,794
32284,796,789
32290,794,789
32295,809,787
32299,816,790
32305,828,783
32310,833,787
32314,854,777
32320,846,778
32325,864,778
32330,869,775
32335,877,776
32340,883,768
32345,898,772
32350,890,773
32354,927,768
32360,928,772
32365,940,769
32369,949,762
32375,951,765
32380,964,761
32384,976,762
32390,993,756
32395,996,752
32400,1008,756
32405,1009,752
32409,1024,752
32415,1016,752
32420,1039,750
32424,1052,751
32430,1059,745
32435,1071,750
32439,1074,750
32445,1091,739
32450,1100,739
32455,1102,742
32460,1109,744
32465,1115,740
32470,1126,741
32475,1131,744
32479,1141,746
32485,1141,748
32490,1158,743
32494,1161,741
32500,1158,741
32505,1157,742
32509,1168,738
32515,1175,743
32520,1171,748
32525,1185,750
32530,1183,751
32534,1171,751
32540,1190,749
32545,1181,753
32549,1186,755
32555,1183,756
32560,1182,753
32564,1184,761
32570,1183,760
32575,1189,761
32580,1178,762
32585,1187,766
32590,1182,773
32595,1183,765
32600,1178,770
32604,1180,777
32610,1185,778
32615,1175,775
32619,1176,782
32625,1179,784
32630,1170,785
32634,1163,785
32640,1167,789
32645,1161,789
32650,1154,795
32655,1155,793
32659,1152,802
32665,1155,798
32670,1157,807
32674,1139,810
32680,1142,804
32685,1144,813
32689,1140,814
32695,1132,815
32700,1141,818
32705,1129,820
32710,1119,824
32715,1123,815
32720,1118,819
32725,1124,826
32729,1114,830
32735,1120,824
32740,1122,821
32744,1106,829
32750,1110,835
32755,1103,838
32759,1098,838
32765,1106,836
32770,1100,838
32775,1106,834
32780,1094,843
32785,1101,836
32790,1094,839
32795,1085,840
32800,1092,842
32805,1098,840
32810,1085,839
32815,1085,843
32820,1071,842
32825,1087,835
32830,1080,844
32835,1078,843
32840,1068,842
32845,1077,842
32850,1075,845
32855,1071,843
32860,1069,844
32865,1056,845
32870,1060,846
32875,1050,842
32880,1057,840
32885,1049,839
32890,1042,840
32895,1044,837
32900,1050,838
32905,1034,835
32910,1038,837
32915,1023,835
32920,1024,835
32925,1010,837
32930,1014,831
32935,1007,836
32940,997,834
32945,999,837
32950,992,831
32955,987,831
32960,979,831
32965,965,831
32970,963,831
32975,964,829
32980,953,824
32985,946,829
32990,934,827
32995,939,825
33000,919,825
33005,917,828
33010,909,824
33015,902,825
33020,896,825
33025,897,823
33030,877,824
33035,870,820
33040,879,823
33045,859,826
33050,850,818
33055,843,815
33060,831,824
33065,832,825
33070,827,819
33075,811,824
33080,811,827
33085,806,822
33090,792,814
33095,794,819
33100,786,817
33105,778,818
33110,768,823
33115,773,816
33120,757,816
33125,765,817
33130,754,813
33135,751,814
33140,747,814
33145,750,813
33150,752,814
33155,744,811
33160,746,806
33165,750,808
33170,747,805
33175,748,805
33180,753,804
33185,748,810
33190,753,801
33195,756,805
33200,762,803
33205,767,803
33210,774,800
33215,771,800
33220,772,793
33225,781,791
33230,783,794
33235,793,794
33240,798,788
33245,805,788
33250,818,789
33255,823,789
33260,813,785
33265,832,779
33270,844,784
33275,857,782
33280,863,774
33285,865,775
33290,875,775
33295,887,776
33300,895,769
33305,905,771
33310,923,769
33315,929,770
33320,932,760
33325,941,765
33330,961,763
33335,969,758
33340,976,754
33345,986,756
33350,992,755
33355,1006,753
33360,1015,752
33365,1038,748
33370,1033,752
33375,1047,750
33380,1059,745
33385,1070,745
33390,1086,751
33395,1081,742
33400,1091,746
33405,1102,743
33410,1107,742
33415,1124,739
33420,1126,746
33425,1125,744
33430,1138,742
33435,1132,741
33440,1144,744
33445,1153,736
33450,1155,743
33455,1167,741
33460,1173,743
33465,1160,745
33470,1161,747
33475,1173,741
33480,1179,749
33485,1180,747
33490,1184,748
33495,1184,749
33500,1194,754
33505,1193,753
33510,1185,758
33515,1185,751
33520,1189,759
33525,1195,762
33530,1187,769
33535,1187,764
33540,1174,768
33545,1184,771
33550,1178,769
33555,1188,770
33560,1183,769
33565,1172,778
33570,1186,774
33575,1174,780
33580,1178,782
33585,1167,786
33590,1161,784
33595,1162,784
33600,1160,787
33605,1166,796
33610,1156,798
33615,1150,798
33620,1148,804
33625,1149,802
33630,1154,807
33635,1137,803
33640,1146,809
33645,1130,811
33650,1138,816
33655,1134,815
33660,1132,817
33665,1129,820
33670,1122,817
33675,1119,821
33680,1117,826
33685,1119,827
33690,1121,829
33695,1111,828
33700,1108,838
33705,1108,829
33710,1107,833
33715,1091,838
33720,1110,832
33725,1100,839
33730,1102,831
33735,1103,838
33740,1091,844
33745,1100,839
33750,1085,844
33755,1096,840
33760,1098,840
33765,1088,843
33770,1090,835
33775,1088,844
33780,1076,842
33785,1084,850
33790,1073,846
33795,1069,838
33800,1063,844
33805,1076,842
33810,1064,838
33815,1058,840
33820,1068,837
33825,1051,839
33830,1054,836
33835,1052,840
33840,1057,846
33845,1045,839
33850,1045,844
33855,1046,840
33860,1042,841
33865,1024,836
33870,1025,834
33875,1027,833
33880,1017,836
33885,1008,825
33890,1017,831
33895,999,828
33900,989,833
33905,983,831
33910,983,832
33915,979,833
33920,976,833
33925,968,826
33930,950,830
33935,953,826
33940,938,826
33945,937,826
33950,924,832
33955,916,824
33960,912,829
33965,900,832
33970,897,829
33975,883,831
33980,882,823
33985,876,823
33990,866,822
33995,869,827
34000,866,821
34005,836,822
34010,833,822
34015,824,820
34020,829,823
34025,817,822
34030,810,823
34035,807,815
34040,799,823
34045,798,816
34050,776,815
34055,779,819
34060,777,820
34065,776,820
34070,781,819
34075,771,816
34080,762,815
34085,756,819
34090,746,818
34095,753,810
34100,747,816
34105,744,809
34110,753,809
34115,746,808
34120,748,804
34125,747,809
34130,748,807
34135,744,805
34140,759,805
34145,747,800
34150,755,805
34155,757,802
34160,752,799
34165,768,800
34170,768,798
34175,774,799
34180,787,795
34185,791,792
34190,802,794
34195,805,791
34200,802,786
34205,807,789
34210,822,788
34215,831,786
34220,833,784
34225,847,784
34230,843,777
34235,863,780
34240,872,771
34245,882,773
34250,888,768
34255,897,773
34260,914,772
34265,920,766
34270,934,767
34275,941,769
34280,955,759
34285,966,761
34290,970,755
34295,997,754
34300,996,755
34305,998,754
34310,1013,755
34315,1018,751
34320,1023,755
34325,1042,745
34330,1046,745
34335,1059,749
34340,1070,749
34345,1073,745
34350,1081,739
34355,1090,744
34360,1102,749
34365,1108,742
34370,1117,738
34375,1121,740
34380,1130,739
34385,1136,740
34390,1140,743
34395,1143,745
34400,1155,740
34405,1155,745
34410,1161,744
34415,1163,746
34420,1176,748
34425,1170,747
34430,1173,745
34435,1176,746
34440,1191,753
34445,1177,751
34450,1188,756
34455,1194,750
34460,1187,757
34465,1184,752
34470,1192,756
34475,1190,757
34480,1178,752
34485,1183,762
34490,1186,761
34495,1185,770
34500,1194,767
34505,1183,773
34510,1192,769
34515,1177,774
34520,1180,772
34525,1174,775
34530,1177,782
34535,1184,781
34540,1151,783
34545,1172,790
34550,1158,789
34555,1159,793
34560,1162,798
34565,1152,801
34570,1146,797
34575,1158,802
34580,1142,812
34585,1149,805
34590,1136,809
34595,1145,810
34600,1134,816
34605,1139,815
34610,1135,817
34615,1135,813
34620,1121,820
34625,1125,822
34630,1113,823
34635,1118,826
34640,1115,823
34645,1104,827
34650,1113,827
34655,1097,830
34660,1116,836
34665,1105,833
34670,1115,834
34675,1103,837
34680,1100,839
34685,1108,838
34690,1095,838
34695,1083,841
34700,1093,834
34705,1091,841
34710,1091,841
34715,1094,843
34720,1081,845
34725,1084,841
34730,1079,843
34735,1076,841
34740,1081,844
34745,1076,843
34750,1072,844
34755,1078,846
34760,1076,842
34765,1064,841
34770,1059,850
34775,1061,838
34780,1068,840
34785,1057,839
34790,1045,844
34795,1054,838
34800,1050,843
34805,1044,835
34810,1031,837
34815,1037,841
34820,1016,833
34825,1034,838
34830,1015,829
34835,1016,834
34840,1008,837
34845,1004,836
34850,990,836
34855,988,832
34860,975,824
34865,986,831
34870,976,827
34875,971,827
34880,965,829
34885,950,830
34890,947,825
34895,947,821
34900,930,822
34905,919,831
34910,913,822
34915,908,826
34920,898,828
34925,896,825
34930,885,827
34935,868,821
34940,876,821
34945,866,817
34950,848,823
34955,853,827
34960,844,827
34965,833,822
34970,830,821
34975,820,819
34980,818,819
34985,819,819
34990,799,820
34995,796,820
35000,796,818
35005,786,818
35010,775,816
35015,778,819
35020,782,813
35025,768,812
35030,765,814
35035,768,819
35040,754,814
35045,752,812
35050,756,817
35055,749,806
35060,749,810
35065,748,811
35070,752,807
35075,746,808
35080,749,811
35085,751,805
35090,749,806
35095,754,801
35100,749,802
35105,761,802
35110,764,802
35115,760,792
35120,774,799
35125,777,800
35130,767,797
35135,789,796
35140,791,791
35145,797,794
35150,800,788
35155,817,793
35160,822,784
35165,825,786
35170,828,780
35175,836,785
35180,851,785
35185,868,780
35190,864,776
35195,879,779
35200,884,778
35205,903,772
35210,905,766
35215,919,764
35220,929,769
35225,934,764
35230,950,762
35235,951,759
35240,955,759
35245,983,757
35250,985,760
35255,995,759
35260,1014,754
35265,1016,747
35270,1027,753
35275,1041,748
35280,1042,749
35285,1058,741
35290,1064,742
35295,1079,750
35300,1084,744
35305,1079,749
35310,1100,743
35315,1107,750
35320,1113,736
35325,1120,740
35330,1127,742
35335,1132,739
35340,1139,740
35345,1148,742
35350,1156,742
35355,1162,743
35360,1163,742
35365,1158,740
35370,1174,743
35375,1167,741
35380,1174,744
35385,1176,745
35390,1182,745
35395,1179,749
35400,1187,749
35405,1185,750
35410,1190,747
35415,1191,760
35420,1185,756
35425,1188,757
35430,1185,756
35435,1193,763
35440,1191,765
35445,1176,762
35450,1183,765
35455,1180,766
35460,1186,774
35465,1184,771
35470,1184,772
35475,1169,778
35480,1185,780
35485,1171,786
35490,1175,783
35495,1177,778
35500,1172,790
35505,1155,791
35510,1154,794
35515,1163,794
35520,1151,801
35525,1155,804
35530,1160,803
35535,1148,806
35540,1144,808
35545,1148,809
35550,1132,804
35555,1128,811
35560,1134,816
35565,1132,818
35570,1117,821
35575,1133,821
35580,1120,822
35585,1112,823
35590,1119,823
35595,1113,825
35600,1118,824
35605,1114,826
35610,1112,833
35615,1109,833
35620,1100,832
35625,1105,834
35630,1099,842
35635,1098,835
35640,1095,838
35645,1093,843
35650,1085,841
35655,1090,844
35660,1089,841
35665,1095,843
35670,1092,838
35675,1079,843
35680,1095,848
35685,1076,844
35690,1083,846
35695,1074,846
35700,1081,842
35705,1072,843
35710,1069,845
35715,1072,839
35720,1069,833
35725,1052,842
35730,1057,843
35735,1056,839
35740,1046,842
35745,1050,838
35750,1036,836
35755,1043,838
35760,1033,839
35765,1032,841
35770,1023,834
35775,1020,837
35780,1018,836
35785,1016,833
35790,1008,840
35795,1002,837
35800,1002,832
35805,998,831
35810,990,827
35815,982,831
35820,980,828
35825,973,826
35830,962,831
35835,966,824
35840,952,831
35845,944,824
35850,949,822
35855,928,824
35860,922,825
35865,916,831
35870,910,825
35875,903,827
35880,893,826
35885,885,827
35890,872,824
35895,872,821
35900,857,822
35905,857,820
35910,850,820
35915,848,821
35920,827,822
35925,827,821
35930,816,822
35935,813,819
35940,807,819
35945,798,815
35950,791,824
35955,785,818
35960,783,817
35965,786,819
35970,772,815
35975,764,816
35980,773,817
35985,763,816
35990,765,818
35995,761,809
36000,751,815
36005,753,809
36010,752,812
36015,755,813
36020,750,805
36025,756,806
36030,750,808
36035,751,809
36040,749,809
36045,756,802
36050,753,806
36055,755,802
36060,765,799
36065,760,797
36070,762,795
36075,769,796
36080,776,798
36085,777,795
36090,786,790
36095,782,791
36100,789,788
36105,802,789
36110,811,788
36115,819,777
36120,822,788
36125,836,782
36130,838,784
36135,858,776
36140,858,780
36145,864,770
36150,880,777
36155,890,768
36160,892,771
36165,901,769
36170,922,761
36175,926,768
36180,938,764
36185,939,760
36190,958,764
36195,965,757
36200,975,759
36205,994,761
36210,1002,753
36215,1007,756
36220,1028,756
36225,1020,748
36230,1034,750
36235,1052,746
36240,1065,745
36245,1062,740
36250,1061,744
36255,1088,744
36260,1088,746
36265,1096,743
36270,1099,739
36275,1121,744
36280,1121,744
36285,1117,740
36290,1137,741
36295,1140,740
36300,1154,742
36305,1160,743
36310,1155,742
36315,1162,746
36320,1167,745
36325,1170,747
36330,1162,752
36335,1174,743
36340,1171,746
36345,1182,750
36350,1187,746
36355,1190,755
36360,1188,754
36365,1180,755
36370,1191,750
36375,1187,759
36380,1184,751
36385,1181,762
36390,1185,759
36395,1184,760
36400,1193,765
36405,1186,766
36410,1181,771
36415,1187,765
36420,1185,773
36425,1188,777
36430,1181,775
36435,1174,778
36440,1163,779
36445,1179,788
36450,1163,789
36455,1170,790
36460,1170,790
36465,1160,795
36470,1162,798
36475,1146,804
36480,1152,797
36485,1153,805
36490,1148,803
36495,1137,813
36500,1142,806
36505,1133,811
36510,1132,814
36515,1136,813
36520,1129,820
36525,1128,820
36530,1128,822
36535,1119,830
36540,1128,821
36545,1117,828
36550,1114,827
36555,1108,833
36560,1115,835
36565,1114,831
36570,1112,834
36575,1104,835
36580,1110,842
36585,1094,836
36590,1107,839
36595,1106,839
36600,1091,837
36605,1098,829
36610,1095,844
36615,1092,845
36620,1087,838
36625,1082,841
36630,1077,844
36635,1076,845
36640,1090,839
36645,1085,844
36650,1074,845
36655,1064,847
36660,1066,840
36665,1073,845
36670,1063,844
36675,1068,842
36680,1073,838
36685,1060,835
36690,1048,837
36695,1052,836
36700,1046,840
36705,1049,839
36710,1043,841
36715,1039,839
36720,1026,838
36725,1029,839
36730,1024,829
36735,1019,837
36740,1012,831
36745,1006,839
36750,1005,830
36755,1001,831
36760,998,828
36765,985,834
36770,982,826
36775,970,828
36780,959,831
36785,962,829
36790,957,825
36795,946,829
36800,941,830
36805,932,830
36810,932,825
36815,922,831
36820,917,824
36825,910,822
36830,896,827
36835,887,820
36840,882,820
36845,874,823
36850,874,818
36855,862,820
36860,859,821
36865,851,826
36870,839,828
36875,837,823
36880,828,817
36885,819,824
36890,809,817
36895,803,819
36900,793,818
36905,789,817
36910,791,815
36915,780,821
36920,775,820
36925,771,814
36930,767,819
36935,767,821
36940,754,815
36945,761,812
36950,755,813
36955,754,813
36960,752,810
36965,744,814
36970,748,812
36975,757,815
36980,749,809
36985,745,809
36990,750,806
36995,757,808
37000,747,802
37005,751,805
37010,759,798
37015,760,799
37020,767,805
37025,768,794
37030,777,795
37035,779,793
37040,781,791
37045,788,796
37050,799,792
37055,795,791
37060,808,786
37065,819,789
37070,824,783
37075,827,784
37080,834,784
37085,836,779
37090,862,780
37095,860,776
37100,863,778
37105,882,777
37110,896,769
37115,900,771
37120,909,767
37125,916,772
37130,930,763
37135,943,766
37140,960,762
37145,968,757
37150,973,756
37155,978,755
37160,985,761
37165,1006,754
37170,1009,749
37175,1031,752
37180,1024,749
37185,1039,751
37190,1043,752
37195,1065,747
37200,1063,749
37205,1070,747
37210,1082,746
37215,1082,734
37220,1112,745
37225,1111,742
37230,1114,742
37235,1124,740
37240,1129,740
37245,1131,746
37250,1130,739
37255,1146,740
37260,1137,743
37265,1161,743
37270,1165,740
37275,1176,746
37280,1165,745
37285,1178,746
37290,1169,745
37295,1172,743
37300,1179,746
37305,1185,750
37310,1182,752
37315,1183,753
37320,1186,748
37325,1194,750
37330,1192,755
37335,1182,754
37340,1180,764
37345,1190,767
37350,1188,764
37355,1182,763
37360,1188,768
37365,1178,765
37370,1183,769
37375,1181,773
37380,1176,775
37385,1170,774
37390,1173,781
37395,1172,783
37400,1170,789
37405,1177,789
37410,1158,788
37415,1164,791
37420,1160,790
37425,1156,795
37430,1152,796
37435,1159,800
37440,1136,805
37445,1144,807
37450,1138,807
37455,1150,814
37460,1129,812
37465,1125,819
37470,1131,817
37475,1124,821
37480,1131,818
37485,1121,819
37490,1136,826
37495,1117,822
37500,1117,823
37505,1117,834
37510,1114,833
37515,1114,831
37520,1111,829
37525,1104,835
37530,1097,834
37535,1109,838
37540,1109,837
37545,1098,838
37550,1103,837
37555,1097,834
37560,1097,837
37565,1095,840
37570,1086,842
37575,1094,846
37580,1085,844
37585,1079,840
37590,1079,842
37595,1074,849
37600,1086,839
37605,1073,845
37610,1079,847
37615,1069,845
37620,1074,847
37625,1060,834
37630,1062,846
37635,1064,840
37640,1065,838
37645,1054,840
37650,1056,843
37655,1042,842
37660,1046,833
37665,1039,838
37670,1039,840
37675,1026,839
37680,1029,839
37685,1020,839
37690,1015,835
37695,1016,829
37700,1010,835
37705,1003,832
37710,999,832
37715,990,830
37720,992,837
37725,976,834
37730,974,828
37735,961,828
37740,967,831
37745,957,821
37750,952,827
37755,941,831
37760,938,824
37765,920,829
37770,920,826
37775,910,829
37780,903,822
37785,899,823
37790,893,818
37795,881,823
37800,877,821
37805,864,814
37810,858,824
37815,851,822
37820,846,826
37825,846,813
37830,824,815
37835,828,814
37840,823,817
37845,806,823
37850,800,824
37855,792,817
37860,802,820
37865,796,816
37870,781,816
37875,775,817
37880,767,811
37885,765,813
37890,768,816
37895,758,815
37900,760,815
37905,760,817
37910,748,817
37915,751,809
37920,757,813
37925,742,813
37930,755,809
37935,745,809
37940,745,808
37945,747,809
37950,746,808
37955,747,807
37960,748,798
37965,753,800
37970,752,805
37975,755,800
37980,773,800
37985,776,801
37990,771,798
37995,790,790
38000,791,791
38005,794,791
38010,810,793
38015,808,786
38020,817,784
38025,825,786
38030,833,783
38035,842,784
38040,850,781
38045,853,780
38050,866,776
38055,873,775
38060,891,773
38065,903,773
38070,911,773
38075,915,766
38080,925,769
38085,933,765
38090,947,761
38095,959,761
38100,961,758
38105,978,755
38110,981,754
38115,996,755
38120,1003,751
38125,1019,751
38130,1027,752
38135,1040,749
38140,1040,750
38145,1052,746
38150,1054,746
38155,1073,745
38160,1075,745
38165,1087,743
38170,1093,743
38175,1094,745
38180,1115,742
38185,1119,747
38190,1125,742
38195,1128,743
38200,1128,748
38205,1142,738
38210,1151,746
38215,1147,741
38220,1159,742
38225,1169,746
38230,1171,747
38235,1168,746
38240,1186,749
38245,1176,747
38250,1180,745
38255,1183,747
38260,1192,746
38265,1183,748
38270,1182,751
38275,1192,754
38280,1193,754
38285,1180,763
38290,1193,760
38295,1185,752
38300,1191,757
38305,1186,763
38310,1185,762
38315,1189,767
38320,1173,769
38325,1183,773
38330,1172,774
38335,1179,771
38340,1163,781
38345,1174,781
38350,1177,784
38355,1168,788
38360,1166,792
38365,1158,792
38370,1160,797
38375,1162,796
38380,1152,799
38385,1150,798
38390,1157,798
38395,1140,804
38400,1146,806
38405,1143,807
38410,1136,803
38415,1133,816
38420,1137,820
38425,1133,815
38430,1123,815
38435,1126,823
38440,1123,820
38445,1122,827
38450,1125,828
38455,1111,833
38460,1117,826
38465,1110,837
38470,1109,834
38475,1104,833
38480,1101,836
38485,1107,838
38490,1102,834
38495,1101,835
38500,1095,836
38505,1096,836
38510,1100,842
38515,1090,841
38520,1085,841
38525,1084,844
38530,1090,842
38535,1092,836
38540,1088,844
38545,1086,838
38550,1084,844
38555,1086,846
38560,1069,842
38565,1080,845
38570,1069,847
38575,1071,839
38580,1064,842
38585,1065,843
38590,1066,845
38595,1057,842
38600,1051,841
38605,1053,834
38610,1054,834
38615,1051,838
38620,1042,833
38625,1035,839
38630,1034,840
38635,1024,836
38640,1023,837
38645,1018,832
38650,1007,831
38655,1002,832
38660,991,835
38665,1002,836
38670,991,833
38675,992,831
38680,977,829
38685,962,830
38690,967,832
38695,950,835
38700,943,827
38705,942,828
38710,929,827
38715,926,826
38720,922,827
38725,927,823
38730,904,824
38735,909,824
38740,892,827
38745,875,831
38750,879,820
38755,872,826
38760,861,821
38765,852,818
38770,852,823
38775,844,819
38780,838,820
38785,830,822
38790,825,821
38795,821,818
38800,809,824
38805,805,818
38810,797,819
38815,792,820
38820,791,821
38825,778,814
38830,781,812
38835,781,817
38840,763,814
38845,767,814
38850,756,815
38855,755,812
38860,753,814
38865,753,811
38870,747,814
38875,748,813
38880,752,802
38885,758,809
38890,739,813
38895,749,811
38900,760,805
38905,757,807
38910,760,808
38915,760,804
38920,757,801
38925,759,804
38930,768,795
38935,760,796
38940,781,798
38945,770,798
38950,786,799
38955,783,796
38960,799,789
38965,806,785
38970,805,786
38975,813,782
38980,833,792
38985,837,779
38990,836,780
38995,860,779
39000,859,774
39005,870,774
39010,885,776
39015,888,777
39020,898,766
39025,909,771
39030,916,762
39035,924,768
39040,937,762
39045,948,763
39050,959,764
39055,970,764
39060,971,762
39065,989,758
39070,1001,759
39075,1012,755
39080,1023,748
39085,1032,754
39090,1037,753
39095,1051,748
39100,1055,752
39105,1057,748
39110,1060,745
39115,1079,742
39120,1090,745
39125,1091,740
39130,1102,745
39135,1120,744
39140,1125,738
39145,1125,742
39150,1125,741
39155,1142,743
39160,1139,738
39165,1143,746
39170,1160,742
39175,1161,739
39180,1169,742
39185,1164,749
39190,1171,746
39195,1171,745
39200,1177,742
39205,1176,742
39210,1185,754
39215,1185,750
39220,1190,749
39225,1188,757
39230,1181,758
39235,1195,762
39240,1189,759
39245,1174,758
39250,1187,760
39255,1184,768
39260,1179,760
39265,1186,772
39270,1189,768
39275,1183,775
39280,1168,770
39285,1187,773
39290,1175,774
39295,1172,782
39300,1169,784
39305,1165,780
39310,1167,786
39315,1164,790
39320,1170,789
39325,1164,794
39330,1158,798
39335,1150,800
39340,1155,803
39345,1150,801
39350,1147,810
39355,1144,806
39360,1140,811
39365,1134,812
39370,1132,814
39375,1130,813
39380,1137,816
39385,1125,816
39390,1124,821
39395,1129,822
39400,1122,823
39405,1114,826
39410,1116,827
39415,1106,832
39420,1109,831
39425,1105,828
39430,1112,834
39435,1102,835
39440,1098,832
39445,1102,837
39450,1098,837
39455,1096,835
39460,1094,837
39465,1091,843
39470,1095,843
39475,1083,839
39480,1081,845
39485,1087,843
39490,1086,843
39495,1084,847
39500,1096,846
39505,1081,844
39510,1081,843
39515,1072,845
39520,1073,842
39525,1068,846
39530,1074,844
39535,1061,844
39540,1061,841
39545,1052,843
39550,1048,841
39555,1055,839
39560,1055,838
39565,1043,837
39570,1044,843
39575,1037,836
39580,1039,839
39585,1034,849
39590,1021,839
39595,1025,842
39600,1010,839
39605,1012,838
39610,1005,834
39615,1001,828
39620,997,827
39625,989,829
39630,986,830
39635,971,829
39640,972,828
39645,960,829
39650,952,833
39655,949,823
39660,950,832
39665,939,830
39670,939,825
39675,921,829
39680,906,828
39685,911,823
39690,892,822
39695,884,820
39700,887,824
39705,873,826
39710,870,826
39715,861,821
39720,855,823
39725,855,828
39730,835,821
39735,831,823
39740,824,826
39745,828,819
39750,818,826
39755,804,821
39760,795,821
39765,791,819
39770,782,827
39775,778,817
39780,784,816
39785,779,815
39790,777,819
39795,769,812
39800,761,816
39805,763,810
39810,755,814
39815,748,818
39820,753,816
39825,748,813
39830,757,809
39835,746,812
39840,742,809
39845,740,808
39850,753,805
39855,737,804
39860,749,802
39865,755,797
39870,749,795
39875,761,806
39880,766,798
39885,772,802
39890,771,804
39895,777,793
39900,774,792
39905,788,794
39910,792,792
39915,796,789
39920,803,789
39925,802,788
39930,820,785
39935,832,787
39940,839,778
39945,837,777
39950,849,784
39955,865,779
39960,871,776
39965,883,771
39970,885,766
39975,896,774
39980,913,766
39985,915,771
39990,923,766
39995,942,766
40000,945,763
40005,959,764
40010,965,758
40015,978,756
40020,992,755
40025,1004,756
40030,1004,759
40035,1024,752
40040,1031,746
40045,1035,750
40050,1044,751
40055,1063,749
40060,1064,746
40065,1086,747
40070,1081,746
40075,1092,741
40080,1104,752
40085,1105,744
40090,1117,746
40095,1115,744
40100,1132,745
40105,1134,749
40110,1144,740
40115,1147,748
40120,1152,742
40125,1156,739
40130,1169,743
40135,1163,742
40140,1171,745
40145,1170,743
40150,1165,747
40155,1176,748
40160,1178,753
40165,1174,749
40170,1187,748
40175,1183,753
40180,1178,755
40185,1192,759
40190,1176,761
40195,1194,762
40200,1176,760
40205,1191,762
40210,1186,758
40215,1189,767
40220,1184,767
40225,1183,777
40230,1187,772
40235,1173,771
40240,1170,776
40245,1176,783
40250,1172,782
40255,1177,785
40260,1171,784
40265,1169,785
40270,1164,788
40275,1157,793
40280,1158,801
40285,1168,800
40290,1161,797
40295,1147,802
40300,1156,809
40305,1157,804
40310,1144,808
40315,1143,806
40320,1130,812
40325,1132,814
40330,1132,813
40335,1130,817
40340,1122,819
40345,1115,824
40350,1122,828
40355,1122,830
40360,1112,825
40365,1118,830
40370,1117,830
40375,1118,833
40380,1107,830
40385,1106,840
40390,1105,834
40395,1100,840
40400,1104,836
40405,1110,836
40410,1099,841
40415,1095,834
40420,1086,839
40425,1095,836
40430,1086,838
40435,1095,845
40440,1092,848
40445,1084,843
40450,1080,844
40455,1077,841
40460,1075,840
40465,1081,841
40470,1074,846
40475,1078,839
40480,1078,838
40485,1066,839
40490,1068,845
40495,1059,846
40500,1062,843
40505,1057,837
40510,1050,838
40515,1040,840
40520,1038,841
40525,1046,839
40530,1034,837
40535,1029,840
40540,1026,840
40545,1021,832
40550,1024,837
40555,1007,835
40560,1009,829
40565,1001,834
40570,992,833
40575,1003,833
40580,987,834
40585,994,834
40590,967,831
40595,972,828
40600,965,829
40605,961,832
40610,944,827
40615,936,826
40620,931,827
40625,926,828
40630,917,829
40635,910,822
40640,901,823
40645,894,821
40650,899,822
40655,874,820
40660,875,821
40665,872,820
40670,860,822
40675,851,824
40680,845,816
40685,840,824
40690,836,818
40695,826,815
40700,813,825
40705,814,824
40710,813,817
40715,798,823
40720,797,816
40725,783,821
40730,784,816
40735,771,818
40740,774,813
40745,773,816
40750,764,809
40755,763,812
40760,759,813
40765,752,811
40770,752,807
40775,756,813
40780,742,813
40785,755,810
40790,745,810
40795,744,813
40800,742,805
40805,751,811
40810,746,799
40815,756,804
40820,750,804
40825,761,796
40830,761,799
40835,752,800
40840,761,794
40845,771,798
40850,775,790
40855,783,789
40860,783,790
40865,798,796
40870,799,792
40875,807,791
40880,808,790
40885,824,784
40890,830,781
40895,836,780
40900,854,780
40905,853,780
40910,868,777
40915,876,774
40920,884,776
40925,895,769
40930,909,767
40935,922,768
40940,924,769
40945,934,764
40950,939,765
40955,964,765
40960,971,763
40965,977,765
40970,980,760
40975,996,750
40980,998,751
40985,1017,755
40990,1013,749
40995,1035,753
41000,1034,746
41005,1054,749
41010,1053,747
41015,1064,748
41020,1082,744
41025,1085,740
41030,1091,744
41035,1104,745
41040,1110,742
41045,1116,741
41050,1122,745
41055,1124,744
41060,1138,744
41065,1140,737
41070,1147,738
41075,1166,745
41080,1159,744
41085,1171,741
41090,1165,741
41095,1169,743
41100,1175,742
41105,1176,747
41110,1178,747
41115,1186,744
41120,1188,749
41125,1191,748
41130,1183,749
41135,1187,755
41140,1195,761
41145,1187,763
41150,1185,756
41155,1182,764
41160,1184,764
41165,1180,762
41170,1191,764
41175,1181,771
41180,1185,768
41185,1181,774
41190,1179,780
41195,1175,774
41200,1179,779
41205,1166,784
41210,1172,782
41215,1172,787
41220,1163,788
41225,1164,787
41230,1161,791
41235,1163,800
41240,1159,793
41245,1151,797
41250,1145,800
41255,1149,804
41260,1144,806
41265,1154,807
41270,1137,810
41275,1133,811
41280,1137,816
41285,1139,815
41290,1129,822
41295,1120,828
41300,1131,826
41305,1129,825
41310,1111,828
41315,1114,825
41320,1120,835
41325,1116,833
41330,1108,826
41335,1118,834
41340,1109,837
41345,1104,836
41350,1098,841
41355,1104,839
41360,1104,838
41365,1104,840
41370,1099,834
41375,1090,840
41380,1090,839
41385,1093,838
41390,1094,842
41395,1087,842
41400,1082,846
41405,1083,841
41410,1074,838
41415,1087,845
41420,1079,843
41425,1078,842
41430,1078,845
41435,1069,845
41440,1063,846
41445,1054,838
41450,1061,845
41455,1059,841
41460,1066,840
41465,1054,839
41470,1046,841
41475,1042,840
41480,1042,834
41485,1048,839
41490,1031,833
41495,1026,843
41500,1014,836
41505,1018,833
41510,1006,834
41515,1015,832
41520,1005,832
41525,993,831
41530,986,831
41535,986,832
41540,977,832
41545,971,832
41550,964,830
41555,955,828
41560,956,828
41565,942,825
41570,931,826
41575,936,827
41580,932,825
41585,919,831
41590,913,822
41595,909,826
41600,898,820
41605,897,823
41610,872,831
41615,866,820
41620,866,821
41625,854,825
41630,847,825
41635,841,823
41640,834,815
41645,828,822
41650,816,817
41655,810,821
41660,813,819
41665,810,823
41670,790,821
41675,792,826
41680,774,820
41685,775,816
41690,772,811
41695,772,819
41700,767,820
41705,761,816
41710,749,811
41715,755,817
41720,758,814
41725,754,811
41730,748,813
41735,744,809
41740,747,816
41745,743,812
41750,755,806
41755,733,805
41760,745,810
41765,742,805
41770,756,806
41775,756,802
41780,769,802
41785,770,797
41790,758,795
41795,771,797
41800,776,795
41805,785,786
41810,783,789
41815,784,793
41820,793,794
41825,806,794
41830,814,788
41835,823,783
41840,824,786
41845,834,783
41850,840,782
41855,855,786
41860,853,781
41865,863,774
41870,876,773
41875,890,771
41880,891,770
41885,905,771
41890,916,770
41895,934,769
41900,934,762
41905,950,763
41910,953,766
41915,970,757
41920,980,760
41925,980,756
41930,999,751
41935,1004,751
41940,1027,751
41945,1015,753
41950,1034,748
41955,1056,747
41960,1057,748
41965,1065,749
41970,1075,746
41975,1085,745
41980,1084,743
41985,1105,741
41990,1102,745
41995,1105,740
42000,1117,743
42005,1118,745
42010,1133,742
42015,1134,741
42020,1142,742
42025,1150,740
42030,1149,740
42035,1158,741
42040,1162,744
42045,1168,745
42050,1162,751
42055,1180,746
42060,1177,747
42065,1184,755
42070,1180,750
42075,1191,747
42080,1178,753
42085,1194,754
42090,1189,751
42095,1199,754
42100,1195,758
42105,1194,756
42110,1187,756
42115,1187,766
42120,1182,758
42125,1192,764
42130,1181,767
42135,1185,769
42140,1177,770
42145,1173,776
42150,1179,778
42155,1179,783
42160,1169,781
42165,1166,781
42170,1167,789
42175,1165,789
42180,1156,793
42185,1152,796
42190,1167,802
42195,1160,801
42200,1163,804
42205,1147,799
42210,1144,807
42215,1137,811
42220,1143,810
42225,1140,815
42230,1135,814
42235,1123,811
42240,1127,817
42245,1132,819
42250,1127,821
42255,1124,829
42260,1128,823
42265,1118,828
42270,1107,828
42275,1116,824
42280,1121,831
42285,1108,839
42290,1105,833
42295,1107,829
42300,1106,836
42305,1101,842
42310,1101,839
42315,1103,836
42320,1100,837
42325,1094,843
42330,1097,845
42335,1090,842
42340,1085,837
42345,1095,838
42350,1077,841
42355,1080,846
42360,1081,842
42365,1078,840
42370,1073,840
42375,1066,841
42380,1080,846
42385,1075,846
42390,1065,846
42395,1064,841
42400,1065,838
42405,1060,839
42410,1053,841
42415,1054,838
42420,1048,837
42425,1048,838
42430,1040,841
42435,1049,837
42440,1044,838
42445,1031,836
42450,1032,835
42455,1030,832
42460,1016,840
42465,1012,833
42470,1009,831
42475,994,835
42480,1003,832
42485,980,837
42490,971,834
42495,984,834
42500,970,836
42505,957,831
42510,963,832
42515,954,829
42520,942,826
42525,936,828
42530,930,828
42535,916,826
42540,920,830
42545,900,827
42550,909,822
42555,879,824
42560,882,822
42565,879,825
42570,865,823
42575,869,821
42580,858,826
42585,839,820
42590,843,824
42595,832,821
42600,833,821
42605,826,820
42610,812,815
42615,815,819
42620,799,824
42625,796,819
42630,786,822
42635,775,816
42640,789,808
42645,773,815
42650,763,815
42655,766,818
42660,758,818
42665,766,812
42670,755,812
42675,753,817
42680,756,812
42685,751,813
42690,751,812
42695,736,808
42700,750,805
42705,747,807
42710,750,807
42715,750,810
42720,755,812
42725,749,805
42730,751,801
42735,755,801
42740,756,801
42745,768,800
42750,779,801
42755,766,800
42760,782,797
42765,775,795
42770,804,788
42775,793,787
42780,803,788
42785,805,786
42790,822,787
42795,830,782
42800,841,786
42805,844,781
42810,854,780
42815,851,771
42820,865,776
42825,882,775
42830,887,770
42835,895,772
42840,907,766
42845,915,768
42850,928,766
42855,937,765
42860,943,760
42865,959,761
42870,966,756
42875,969,761
42880,998,754
42885,995,757
42890,1009,757
42895,1011,751
42900,1035,751
42905,1039,750
42910,1053,749
42915,1044,755
42920,1064,745
42925,1083,751
42930,1085,743
42935,1089,742
42940,1089,743
42945,1110,741
42950,1116,746
42955,1122,741
42960,1121,742
42965,1134,747
42970,1138,740
42975,1141,741
42980,1155,741
42985,1155,745
42990,1158,741
42995,1170,745
43000,1166,738
43005,1167,746
43010,1175,745
43015,1163,750
43020,1174,747
43025,1187,751
43030,1188,751
43035,1187,752
43040,1186,753
43045,1189,755
43050,1197,754
43055,1196,753
43060,1191,761
43065,1196,766
43070,1183,760
43075,1183,764
43080,1176,761
43085,1191,774
43090,1165,770
43095,1183,775
43100,1178,780
43105,1174,775
43110,1172,776
43115,1186,781
43120,1162,782
43125,1168,791
43130,1152,791
43135,1152,790
43140,1157,788
43145,1155,797
43150,1157,798
43155,1149,799
43160,1151,802
43165,1148,811
43170,1144,807
43175,1140,812
43180,1140,812
43185,1143,812
43190,1140,815
43195,1132,815
43200,1135,819
43205,1121,821
43210,1121,822
43215,1115,828
43220,1123,821
43225,1113,829
43230,1118,826
43235,1107,835
43240,1110,838
43245,1107,833
43250,1102,835
43255,1105,832
43260,1097,838
43265,1096,846
43270,1098,838
43275,1098,838
43280,1094,839
43285,1086,835
43290,1089,838
43295,1088,842
43300,1084,839
43305,1083,844
43310,1081,844
43315,1082,845
43320,1080,850
43325,1070,838
43330,1078,843
43335,1077,839
43340,1070,839
43345,1070,842
43350,1073,835
43355,1066,842
43360,1055,841
43365,1052,839
43370,1059,833
43375,1042,837
43380,1043,833
43385,1047,843
43390,1051,835
43395,1030,832
43400,1036,834
43405,1021,836
43410,1017,835
43415,1025,832
43420,1014,836
43425,1006,835
43430,988,832
43435,991,834
43440,985,829
43445,979,825
43450,967,833
43455,966,831
43460,959,835
43465,954,828
43470,963,830
43475,944,826
43480,932,830
43485,919,825
43490,925,826
43495,921,825
43500,907,826
43505,895,820
43510,891,822
43515,884,822
43520,875,824
43525,872,823
43530,852,823
43535,862,824
43540,844,823
43545,836,821
43550,830,825
43555,822,823
43560,819,816
43565,810,820
43570,807,823
43575,802,822
43580,795,811
43585,792,818
43590,793,823
43595,775,813
43600,782,818
43605,771,814
43610,762,815
43615,757,820
43620,768,818
43625,754,807
43630,752,808
43635,749,810
43640,757,818
43645,750,809
43650,749,808
43655,756,813
43660,755,809
43665,749,803
43670,754,807
43675,761,801
43680,750,807
43685,754,807
43690,765,801
43695,756,799
43700,759,804
43705,772,793
43710,773,792
43715,786,795
43720,791,795
43725,797,792
43730,795,789
43735,804,789
43740,811,788
43745,819,784
43750,830,780
43755,837,777
43760,843,782
43765,853,773
43770,855,782
43775,878,775
43780,887,772
43785,889,773
43790,912,765
43795,914,763
43800,919,764
43805,929,765
43810,940,764
43815,951,763
43820,961,765
43825,964,757
43830,977,754
43835,1002,748
43840,1003,753
43845,1003,753
43850,1014,755
43855,1035,749
43860,1041,747
43865,1047,746
43870,1054,749
43875,1072,748
43880,1078,743
43885,1083,746
43890,1089,738
43895,1093,740
43900,1109,740
43905,1119,745
43910,1119,741
43915,1122,742
43920,1132,745
43925,1140,742
43930,1142,744
43935,1148,744
43940,1154,741
43945,1156,741
43950,1163,746
43955,1175,745
43960,1175,745
43965,1173,742
43970,1186,746
43975,1174,744
43980,1190,755
43985,1189,757
43990,1196,745
43995,1183,753
44000,1191,752
44005,1187,754
44010,1196,755
44015,1183,757
44020,1186,761
44025,1181,758
44030,1186,766
44035,1183,769
44040,1187,768
44045,1192,773
44050,1184,780
44055,1179,776
44060,1171,782
44065,1163,782
44070,1176,784
44075,1177,780
44080,1164,793
44085,1164,784
44090,1158,791
44095,1168,792
44100,1152,796
44105,1164,800
44110,1146,803
44115,1139,801
44120,1135,808
44125,1146,809
44130,1138,811
44135,1130,809
44140,1127,813
44145,1140,821
44150,1135,821
44155,1137,817
44160,1122,825
44165,1121,820
44170,1116,825
44175,1113,829
44180,1108,825
44185,1104,827
44190,1110,829
44195,1111,829
44200,1100,834
44205,1103,835
44210,1097,838
44215,1102,839
44220,1088,836
44225,1108,839
44230,1095,840
44235,1092,843
44240,1088,845
44245,1085,845
44250,1080,845
44255,1086,842
44260,1093,845
44265,1085,842
44270,1083,845
44275,1083,840
44280,1076,845
44285,1079,841
44290,1064,842
44295,1070,842
44300,1076,841
44305,1063,843
44310,1062,842
44315,1050,838
44320,1054,837
44325,1052,841
44330,1052,840
44335,1059,840
44340,1041,836
44345,1033,841
44350,1034,836
44355,1037,835
44360,1015,837
44365,1025,834
44370,1013,833
44375,1004,831
44380,999,834
44385,991,829
44390,987,830
44395,982,828
44400,972,828
44405,977,830
44410,964,836
44415,955,833
44420,953,828
44425,944,828
44430,946,826
44435,924,829
44440,918,828
44445,916,824
44450,908,827
44455,913,827
44460,891,822
44465,892,820
44470,880,824
44475,867,825
44480,866,826
44485,864,821
44490,856,825
44495,851,821
44500,846,820
44505,833,820
44510,823,819
44515,825,820
44520,811,820
44525,804,815
44530,798,824
44535,799,815
44540,790,821
44545,778,818
44550,782,813
44555,764,815
44560,766,818
44565,775,818
44570,755,816
44575,756,809
44580,758,813
44585,744,814
44590,745,811
44595,751,811
44600,752,807
44605,747,810
44610,746,808
44615,748,806
44620,753,810
44625,746,808
44630,755,807
44635,758,805
44640,750,798
44645,765,795
44650,761,798
44655,773,794
44660,767,795
44665,776,789
44670,780,790
44675,779,794
44680,794,791
44685,807,791
44690,810,792
44695,816,786
44700,821,786
44705,841,782
44710,840,779
44715,851,772
44720,861,778
44725,870,772
44730,882,771
44735,895,774
44740,894,771
44745,898,770
44750,910,764
44755,927,765
44760,931,764
44765,943,767
44770,957,760
44775,969,762
44780,968,762
44785,987,756
44790,990,754
44795,1007,751
44800,1012,750
44805,1019,751
44810,1039,754
44815,1050,750
44820,1048,748
44825,1066,743
44830,1068,742
44835,1079,740
44840,1089,739
44845,1096,745
44850,1108,739
44855,1117,741
44860,1117,744
44865,1121,739
44870,1134,739
44875,1141,744
44880,1146,745
44885,1149,739
44890,1153,741
44895,1162,744
44900,1166,744
44905,1167,746
44910,1177,747
44915,1176,750
44920,1171,750
44925,1182,749
44930,1177,751
44935,1186,752
44940,1189,750
44945,1193,751
44950,1187,756
44955,1183,752
44960,1195,757
44965,1192,762
44970,1179,764
44975,1197,761
44980,1193,768
44985,1187,763
44990,1189,763
44995,1183,770
