timestamp_ms,ir_finger,ir_toe
0,1045,714
5,1055,707
10,1053,711
15,1074,712
20,1077,713
25,1093,706
30,1098,713
35,1103,706
40,1118,720
45,1123,714
50,1120,725
55,1132,717
60,1140,718
65,1150,719
70,1151,722
75,1163,720
80,1154,729
85,1164,730
90,1161,732
95,1163,737
100,1176,734
105,1186,744
110,1179,743
115,1193,741
120,1191,748
125,1188,754
130,1185,757
135,1180,764
140,1192,761
145,1194,763
150,1196,768
155,1193,770
160,1188,777
165,1188,777
170,1181,787
175,1190,789
180,1174,789
185,1179,797
190,1174,804
195,1172,800
200,1172,806
205,1167,809
210,1173,814
215,1159,821
220,1168,822
225,1155,824
230,1155,825
235,1145,832
240,1141,833
245,1149,837
250,1147,839
255,1130,842
260,1126,841
265,1130,848
270,1134,848
275,1116,851
280,1122,849
285,1119,856
290,1119,857
295,1108,859
300,1118,851
305,1117,868
310,1107,862
315,1110,865
320,1101,867
325,1110,863
330,1095,867
335,1103,871
340,1100,866
345,1098,868
350,1095,862
355,1098,869
360,1092,866
365,1087,869
370,1084,869
375,1082,864
380,1082,861
385,1079,862
390,1078,860
395,1072,863
400,1073,862
405,1070,862
410,1077,859
415,1073,859
420,1063,861
425,1053,858
430,1060,857
435,1056,857
440,1039,855
445,1057,856
450,1052,852
455,1035,851
460,1036,852
465,1034,846
470,1030,849
475,1014,850
480,1014,846
485,1012,845
490,1002,844
495,993,842
500,997,845
505,980,841
510,982,843
515,968,840
520,970,844
525,955,843
530,948,836
535,953,831
540,936,839
545,927,839
550,921,835
555,924,833
560,909,834
565,898,832
570,887,835
575,885,830
580,873,832
585,857,830
590,859,833
595,849,831
600,844,826
605,834,826
610,829,821
615,821,825
620,812,826
625,819,819
630,800,820
635,790,822
640,780,818
645,780,821
650,779,820
655,769,820
660,769,818
665,770,809
670,752,809
675,765,808
680,759,813
685,751,805
690,744,805
695,753,801
700,747,801
705,754,807
710,746,800
715,747,790
720,748,799
725,749,786
730,757,788
735,757,783
740,758,786
745,758,782
750,760,774
755,769,774
760,773,769
765,780,775
770,783,767
775,790,761
780,805,762
785,813,760
790,825,757
795,822,751
800,836,752
805,844,745
810,854,742
815,857,739
820,860,742
825,878,737
830,899,737
835,906,733
840,904,727
845,910,725
850,936,720
855,942,722
860,951,725
865,963,718
870,971,719
875,985,715
880,1006,713
885,1004,712
890,1017,714
895,1023,708
900,1028,710
905,1044,707
910,1060,706
915,1066,709
920,1072,712
925,1088,709
930,1085,708
935,1103,710
940,1102,712
945,1116,712
950,1127,719
955,1135,706
960,1140,715
965,1149,720
970,1141,722
975,1150,723
980,1155,724
985,1178,727
990,1168,732
995,1167,731
1000,1187,732
1004,1177,736
1010,1181,739
1014,1191,745
1020,1185,744
1025,1181,746
1030,1177,752
1035,1186,758
1040,1188,760
1045,1186,766
1050,1188,767
1055,1193,771
1060,1187,770
1065,1188,777
1070,1183,786
1075,1175,784
1080,1186,795
1085,1182,791
1090,1175,795
1095,1176,805
1100,1175,803
1105,1175,810
1110,1165,813
1115,1170,813
1120,1163,817
1125,1160,823
1130,1156,828
1135,1152,835
1140,1151,837
1145,1138,840
1150,1141,842
1155,1142,840
1160,1143,841
1165,1132,849
1170,1129,852
1175,1131,853
1180,1121,853
1185,1134,854
1190,1123,854
1195,1114,860
1200,1123,859
1205,1115,858
1210,1116,865
1215,1119,865
1220,1109,861
1225,1108,865
1230,1098,864
1235,1106,858
1240,1095,868
1245,1098,868
1250,1092,867
1255,1098,865
1260,1095,868
1265,1092,863
1270,1087,865
1275,1084,865
1280,1084,867
1285,1087,863
1290,1079,863
1295,1076,865
1300,1088,863
1305,1081,863
1310,1062,861
1315,1075,860
1320,1067,854
1325,1067,855
1330,1055,856
1335,1051,857
1340,1049,856
1345,1052,856
1350,1049,851
1355,1034,852
1360,1042,845
1365,1039,853
1370,1027,849
1375,1031,850
1380,1021,844
1385,1018,845
1390,1001,850
1395,1008,842
1400,1001,843
1405,990,842
1410,979,841
1415,975,841
1420,972,833
1425,951,838
1430,960,834
1435,941,842
1440,945,839
1445,936,832
1450,934,837
1455,913,834
1460,905,831
1465,902,836
1470,889,835
1475,889,831
1480,885,833
1485,870,831
1490,852,831
1495,852,829
1500,851,829
1505,840,825
1510,830,822
1515,818,828
1520,819,831
1525,809,822
1530,810,824
1535,795,825
1540,789,822
1545,789,819
1550,790,819
1555,782,822
1560,771,812
1565,770,815
1570,760,812
1575,749,815
1580,760,812
1585,757,807
1590,752,804
1595,744,802
1600,743,805
1605,744,801
1610,746,797
1615,756,799
1620,752,793
1625,757,792
1630,757,786
1635,747,788
1640,758,783
1645,760,780
1650,781,784
1655,764,778
1660,773,780
1665,776,766
1670,790,761
1675,782,767
1680,807,764
1685,811,761
1690,814,758
1695,829,759
1700,827,752
1705,837,745
1710,848,745
1715,847,745
1720,866,733
1725,880,741
1730,885,739
1735,905,732
1740,907,728
1745,913,727
1750,925,721
1755,929,725
1760,932,722
1765,957,721
1770,972,722
1775,977,717
1780,990,712
1785,993,716
1790,1014,715
1795,1022,709
1800,1035,712
1805,1042,711
1810,1039,711
1815,1056,712
1820,1065,701
1825,1075,709
1830,1082,708
1835,1093,703
1840,1102,709
1845,1108,707
1850,1127,709
1855,1127,718
1860,1137,718
1865,1132,712
1870,1143,716
1875,1162,722
1880,1158,722
1885,1162,725
1890,1162,730
1895,1161,725
1900,1176,733
1905,1179,730
1910,1179,736
1915,1176,739
1920,1178,747
1925,1181,748
1930,1186,754
1935,1191,754
1940,1188,761
1945,1180,762
1950,1190,766
1955,1192,773
1960,1191,776
1965,1188,776
1970,1181,785
1975,1183,789
1980,1181,790
1985,1181,794
1990,1180,796
1995,1172,801
2000,1164,803
2005,1175,808
2009,1172,809
2015,1158,814
2020,1164,824
2025,1166,825
2029,1154,825
2035,1146,830
2040,1149,829
2045,1148,833
2050,1142,841
2055,1149,840
2060,1138,845
2065,1143,846
2070,1132,848
2075,1135,847
2080,1127,849
2085,1132,855
2090,1125,855
2095,1110,856
2100,1119,856
2105,1112,856
2110,1111,863
2115,1107,866
2120,1103,868
2125,1105,859
2130,1116,864
2135,1096,857
2140,1094,867
2145,1093,865
2150,1097,866
2155,1095,858
2160,1088,868
2165,1080,864
2170,1087,863
2175,1091,869
2180,1085,863
2185,1083,868
2190,1084,861
2195,1084,864
2200,1074,860
2205,1077,868
2210,1071,859
2215,1069,859
2220,1068,855
2225,1058,859
2230,1063,858
2235,1049,859
2240,1053,860
2245,1055,854
2250,1051,853
2255,1042,848
2260,1051,853
2265,1030,850
2270,1034,848
2275,1032,852
2280,1022,850
2285,1019,847
2290,1015,840
2295,1007,845
2300,991,842
2305,994,840
2310,986,837
2315,983,841
2320,975,841
2325,972,841
2330,958,841
2335,946,840
2340,943,834
2345,948,838
2350,929,836
2355,929,838
2360,909,837
2365,906,834
2370,897,839
2375,891,830
2380,886,829
2385,876,826
2390,872,831
2395,853,829
2400,853,830
2405,839,831
2410,837,832
2415,829,822
2420,819,829
2425,821,824
2430,809,824
2435,806,819
2440,796,824
2445,790,821
2450,785,820
2455,784,820
2460,773,815
2465,777,812
2470,764,815
2475,762,815
2480,766,811
2485,751,808
2490,748,806
2495,755,807
2500,748,800
2505,750,801
2510,745,799
2515,749,791
2520,749,791
2525,760,790
2530,743,790
2535,745,791
2540,749,779
2545,747,784
2550,762,782
2555,771,775
2560,775,772
2565,769,773
2570,784,771
2575,790,768
2580,788,762
2585,796,762
2590,809,761
2595,812,753
2600,822,754
2605,828,750
2610,840,744
2615,850,742
2620,845,742
2625,866,739
2630,880,738
2635,885,737
2640,893,730
2645,906,728
2650,920,732
2655,923,726
2660,943,729
2665,964,717
2670,959,723
2675,970,715
2680,984,714
2685,1004,709
2690,1005,708
2695,1012,709
2700,1027,713
2705,1033,723
2710,1052,713
2715,1063,717
2720,1067,708
2725,1073,711
2730,1077,704
2735,1098,710
2740,1104,708
2745,1097,710
2750,1110,704
2755,1123,714
2760,1131,712
2765,1141,712
2770,1146,727
2775,1145,717
2780,1155,720
2785,1157,725
2790,1160,726
2795,1164,730
2800,1174,734
2805,1170,732
2810,1172,740
2815,1184,737
2820,1186,742
2825,1187,746
2830,1182,748
2835,1179,755
2840,1189,765
2845,1188,760
2850,1177,763
2855,1188,772
2860,1188,773
2865,1187,777
2870,1187,778
2875,1185,781
2880,1178,782
2885,1177,791
2890,1178,793
2895,1178,801
2900,1176,802
2905,1175,810
2910,1175,814
2915,1160,814
2920,1162,816
2925,1172,822
2930,1167,826
2935,1154,827
2940,1157,824
2945,1152,826
2950,1144,838
2955,1137,837
2960,1145,838
2965,1145,843
2970,1146,846
2975,1135,850
2980,1141,851
2985,1135,853
2990,1120,852
2995,1118,854
3000,1125,856
3005,1114,862
3010,1104,861
3015,1118,868
3020,1102,862
3025,1106,864
3030,1108,860
3035,1096,869
3040,1100,870
3045,1101,868
3050,1106,863
3055,1090,869
3060,1098,866
3065,1090,877
3070,1091,873
3075,1092,867
3080,1088,864
3085,1076,864
3090,1093,861
3095,1071,862
3100,1080,865
3105,1079,861
3110,1078,860
3115,1069,865
3120,1063,865
3125,1061,854
3130,1064,849
3135,1061,858
3140,1058,862
3145,1045,855
3150,1047,856
3155,1051,852
3160,1040,857
3165,1034,850
3170,1032,844
3175,1033,846
3180,1031,845
3185,1019,842
3190,1006,849
3195,1008,843
3200,1003,844
3205,998,843
3210,995,839
3215,988,838
3220,970,841
3225,977,839
3230,961,837
3235,955,837
3240,954,835
3245,939,833
3250,934,840
3255,933,836
3260,923,831
3265,916,840
3270,907,830
3275,899,828
3280,883,833
3285,883,830
3290,870,835
3295,874,830
3300,854,834
3305,840,828
3310,833,832
3315,826,822
3320,823,827
3325,816,826
3330,814,830
3335,810,830
3340,792,825
3345,795,820
3350,787,818
3355,783,820
3360,768,818
3365,772,813
3370,767,812
3375,760,810
3380,765,807
3385,763,813
3390,749,804
3395,756,807
3400,751,800
3405,743,802
3410,748,799
3415,745,796
3420,740,798
3425,750,793
3430,760,793
3435,751,790
3440,756,787
3445,749,784
3450,759,781
3455,759,777
3460,773,772
3465,770,773
3470,779,769
3475,776,769
3480,783,767
3485,798,759
3490,799,762
3495,804,755
3500,818,755
3505,821,750
3510,833,747
3515,854,742
3520,852,747
3525,853,743
3530,873,737
3535,879,738
3540,889,734
3545,894,731
3550,920,724
3555,928,726
3560,935,726
3565,946,721
3570,961,717
3575,972,718
3580,986,716
3585,985,714
3590,999,714
3595,1004,716
3600,1026,711
3605,1031,713
3610,1053,704
3615,1047,711
3620,1064,712
3625,1067,709
3630,1078,706
3635,1089,705
3640,1096,714
3645,1102,710
3650,1119,710
3655,1113,715
3660,1126,715
3665,1131,719
3670,1138,717
3675,1147,724
3680,1133,724
3685,1156,723
3690,1159,726
3695,1163,730
3700,1171,734
3705,1172,729
3710,1177,734
3715,1173,739
3720,1188,741
3725,1186,750
3730,1185,748
3735,1183,752
3740,1183,752
3745,1190,764
3750,1188,761
3755,1183,766
3760,1178,765
3765,1181,770
3770,1187,780
3775,1187,783
3780,1185,783
3785,1183,786
3790,1180,795
3795,1169,797
3800,1176,803
3805,1169,799
3810,1182,810
3815,1173,808
3820,1179,811
3825,1163,815
3830,1165,820
3835,1158,827
3840,1156,822
3845,1138,830
3850,1137,832
3855,1151,838
3860,1141,842
3865,1146,844
3870,1129,846
3875,1133,844
3880,1131,849
3885,1129,854
3890,1123,851
3895,1128,850
3900,1124,859
3905,1118,856
3910,1125,858
3915,1108,864
3920,1107,860
3925,1101,861
3930,1109,859
3935,1102,867
3940,1099,864
3945,1098,864
3950,1094,872
3955,1098,865
3960,1095,865
3965,1093,870
3970,1097,872
3975,1085,865
3980,1086,866
3985,1091,864
3990,1091,865
3995,1085,862
4000,1084,859
4005,1071,863
4010,1079,862
4014,1068,866
4019,1069,860
4025,1062,861
4030,1064,861
4035,1060,854
4040,1064,854
4045,1067,857
4050,1051,845
4054,1051,855
4059,1041,856
4065,1030,852
4070,1036,846
4075,1025,847
4080,1024,850
4085,1029,850
4090,1021,847
4094,1008,843
4100,1001,841
4105,998,844
4110,998,840
4115,988,844
4120,978,841
4125,977,839
4130,971,835
4135,961,838
4140,951,834
4145,943,838
4150,941,834
4155,938,836
4160,923,835
4165,902,836
4170,911,837
4175,900,830
4180,893,836
4185,887,835
4190,876,829
4195,869,833
4200,865,825
4205,847,828
4210,847,831
4215,842,822
4220,834,826
4225,822,821
4230,820,832
4235,807,828
4240,800,826
4245,801,818
4250,791,825
4255,782,818
4260,777,825
4265,775,817
4270,774,820
4275,763,816
4280,764,811
4285,753,810
4290,750,808
4295,761,810
4300,762,809
4305,756,807
4310,742,801
4315,737,800
4320,752,798
4325,750,800
4330,756,796
4335,749,790
4340,750,791
4345,751,783
4350,762,780
4355,752,783
4360,764,781
4365,769,777
4370,772,773
4375,783,776
4380,783,769
4385,789,763
4390,799,767
4395,802,753
4400,817,759
4405,822,754
4410,838,744
4415,838,748
4420,845,739
4425,856,741
4430,876,736
4435,875,734
4440,892,738
4445,893,729
4450,910,732
4455,920,727
4460,927,724
4465,936,722
4470,946,721
4475,971,716
4480,976,720
4485,985,713
4490,989,713
4495,1003,716
4500,1012,717
4505,1017,714
4510,1033,715
4515,1040,711
4520,1047,709
4525,1060,711
4530,1070,711
4535,1086,711
4540,1087,710
4545,1105,714
4550,1110,713
4555,1113,711
4560,1128,712
4565,1132,712
4570,1130,720
4575,1139,720
4580,1158,721
4585,1143,725
4590,1158,723
4595,1165,725
4600,1161,728
4605,1162,732
4610,1176,733
4615,1177,735
4620,1181,743
4625,1181,745
4630,1192,753
4635,1186,751
4640,1198,753
4645,1193,760
4650,1198,759
4655,1195,761
4660,1186,765
4665,1188,774
4670,1184,777
4675,1188,780
4680,1189,781
4685,1174,787
4690,1171,793
4695,1179,787
4700,1178,798
4705,1170,803
4710,1181,807
4715,1177,810
4720,1173,810
4725,1156,820
4730,1169,821
4735,1156,821
4740,1151,828
4745,1157,825
4750,1147,832
4755,1150,834
4760,1136,834
4765,1146,840
4770,1139,847
4775,1130,846
4780,1126,848
4785,1133,851
4790,1125,853
4795,1118,852
4800,1119,861
4805,1121,858
4810,1109,864
4815,1107,858
4820,1102,860
4825,1110,861
4830,1113,867
4835,1112,868
4840,1108,868
4845,1103,864
4850,1096,867
4855,1095,865
4860,1093,873
4865,1096,868
4870,1093,862
4875,1092,871
4880,1088,866
4885,1101,866
4890,1087,861
4895,1093,862
4900,1073,861
4905,1079,861
4910,1078,857
4915,1081,860
4920,1076,858
4925,1063,857
4930,1066,853
4935,1068,861
4940,1058,859
4945,1059,860
4950,1046,856
4955,1050,856
4960,1057,853
4965,1045,853
4970,1034,853
4975,1038,853
4980,1031,848
4985,1034,849
4990,1016,845
4995,1012,843
5000,1010,850
5005,1010,844
5010,988,846
5015,986,840
5020,989,842
5025,974,845
5030,974,843
5035,961,838
5040,954,838
5045,958,834
5050,935,836
5055,938,840
5060,936,836
5065,926,836
5070,910,832
5075,919,833
5080,902,833
5085,884,828
5090,880,836
5095,878,832
5100,868,831
5105,859,833
5110,837,822
5115,847,825
5120,837,825
5125,833,833
5130,817,822
5135,812,826
5140,803,823
5145,797,820
5150,797,825
5155,787,824
5160,781,819
5165,774,812
5170,780,822
5175,764,815
5180,777,818
5185,763,808
5190,756,806
5195,759,807
5200,755,806
5205,750,802
5210,741,798
5215,748,801
5220,743,799
5225,760,796
5230,755,796
5235,736,795
5240,755,790
5245,748,786
5250,753,785
5255,760,781
5260,764,778
5265,766,772
5270,765,771
5275,782,773
5280,771,769
5285,792,765
5290,794,767
5295,803,752
5300,808,759
5305,824,759
5310,818,752
5315,844,744
5320,840,747
5325,849,741
5330,859,742
5335,876,735
5340,887,735
5345,887,729
5350,905,730
5355,908,727
5360,921,730
5365,935,722
5370,947,724
5375,951,723
5380,971,714
5385,975,718
5390,988,722
5395,1003,719
5400,1009,713
5405,1020,713
5410,1030,707
5415,1034,708
5420,1055,705
5425,1057,709
5430,1064,714
5435,1073,716
5440,1081,711
5445,1089,715
5450,1090,710
5455,1113,713
5460,1114,717
5465,1126,717
5470,1139,711
5475,1138,717
5480,1140,721
5485,1157,729
5490,1151,728
5495,1164,724
5500,1157,723
5505,1169,733
5510,1172,732
5515,1171,739
5520,1176,736
5525,1179,743
5530,1188,743
5535,1196,744
5540,1192,749
5545,1181,756
5550,1192,762
5555,1191,761
5560,1190,762
5565,1193,773
5570,1186,769
5575,1192,773
5580,1196,773
5585,1183,781
5590,1186,787
5595,1179,793
5600,1178,795
5605,1179,803
5610,1177,805
5615,1180,806
5620,1169,817
5625,1172,818
5630,1162,815
5635,1155,821
5640,1161,823
5645,1149,827
5650,1165,829
5655,1148,832
5660,1144,839
5665,1137,836
5670,1142,841
5675,1140,840
5680,1129,843
5685,1130,850
5690,1131,855
5695,1124,852
5700,1125,857
5705,1115,866
5710,1123,863
5715,1114,865
5720,1113,860
5725,1118,853
5730,1109,861
5735,1103,861
5740,1105,865
5745,1110,867
5750,1094,871
5755,1110,864
5760,1090,864
5765,1099,866
5770,1099,865
5775,1097,865
5780,1089,862
5785,1089,861
5790,1087,864
5795,1091,871
5800,1080,865
5805,1089,861
5810,1075,866
5815,1073,863
5820,1072,859
5825,1073,860
5830,1061,862
5835,1072,859
5840,1059,857
5845,1063,859
5850,1053,854
5855,1050,856
5860,1049,853
5865,1047,852
5870,1040,851
5875,1028,852
5880,1032,855
5885,1019,853
5890,1021,850
5895,1021,846
5900,1007,849
5905,1001,834
5910,1000,844
5915,1001,840
5920,986,843
5925,986,839
5930,973,842
5935,961,844
5940,959,838
5945,957,839
5950,946,840
5955,947,830
5960,938,835
5965,923,837
5970,914,837
5975,908,833
5980,907,834
5985,897,833
5990,888,833
5995,880,831
6000,872,830
6005,869,830
6010,857,827
6015,842,828
6020,836,829
6025,838,825
6030,825,827
6035,811,823
6040,812,832
6045,798,822
6050,797,821
6055,798,822
6060,785,819
6065,780,819
6070,765,816
6075,767,820
6080,768,813
6085,759,813
6090,762,815
6095,759,806
6100,751,806
6105,750,801
6110,746,799
6115,746,801
6120,745,799
6125,744,792
6130,753,800
6135,756,790
6140,748,789
6145,756,786
6150,759,781
6155,764,780
6160,761,783
6165,762,785
6170,758,778
6175,780,772
6180,783,776
6185,779,774
6190,788,765
6195,796,766
6200,804,758
6205,805,756
6210,819,752
6215,833,752
6220,836,745
6225,848,744
6230,849,736
6235,862,739
6240,877,741
6245,882,733
6250,898,728
6255,903,734
6260,920,727
6265,928,727
6270,945,724
6275,949,718
6280,960,722
6285,964,721
6290,974,720
6295,994,713
6300,1010,717
6305,1014,709
6310,1020,708
6315,1032,716
6320,1055,711
6325,1050,709
6330,1065,710
6335,1069,717
6340,1071,711
6345,1097,712
6350,1098,710
6355,1104,714
6360,1119,712
6365,1116,716
6370,1131,720
6375,1132,717
6380,1142,720
6385,1143,717
6390,1154,726
6395,1161,721
6400,1164,730
6405,1159,723
6410,1179,732
6415,1175,733
6420,1174,734
6425,1176,741
6430,1189,749
6435,1183,748
6440,1184,750
6445,1187,751
6450,1192,755
6455,1185,770
6460,1183,761
6465,1180,767
6470,1187,776
6475,1189,773
6480,1186,776
6485,1181,785
6490,1182,792
6495,1188,793
6500,1175,793
6505,1179,800
6510,1175,801
6515,1171,801
6520,1164,808
6525,1165,813
6530,1175,817
6535,1168,820
6540,1166,820
6545,1162,824
6550,1153,824
6555,1151,832
6560,1150,829
6565,1146,837
6570,1143,842
6575,1137,848
6580,1140,844
6585,1136,848
6590,1130,851
6595,1126,850
6600,1125,858
6605,1125,856
6610,1117,855
6615,1119,860
6620,1119,862
6625,1109,860
6630,1115,863
6635,1110,866
6640,1095,867
6645,1112,859
6650,1105,864
6655,1091,869
6660,1091,869
6665,1093,870
6670,1100,866
6675,1094,867
6680,1083,868
6685,1088,865
6690,1095,869
6695,1084,865
6700,1086,864
6705,1081,868
6710,1078,864
6715,1081,864
6720,1075,855
6725,1069,862
6730,1066,859
6735,1061,857
6740,1050,858
6745,1060,856
6750,1063,851
6755,1056,859
6760,1047,855
6765,1050,854
6770,1042,850
6775,1047,853
6780,1032,845
6785,1041,850
6790,1019,851
6795,1018,843
6800,1019,849
6805,1020,840
6810,1008,845
6815,1003,843
6820,1000,842
6825,984,841
6830,985,835
6835,967,839
6840,965,843
6845,965,837
6850,946,832
6855,948,838
6860,939,831
6865,929,831
6870,924,838
6875,920,834
6880,905,831
6885,898,835
6890,886,832
6895,880,826
6900,875,829
6905,863,832
6910,860,827
6915,857,824
6920,852,830
6925,836,826
6930,825,821
6935,824,823
6940,811,824
6945,802,823
6950,798,823
6955,801,826
6960,790,817
6965,781,817
6970,766,820
6975,778,821
6980,770,814
6985,774,815
6990,764,812
6995,760,812
7000,752,809
7005,754,804
7010,753,803
7015,759,801
7020,748,802
7025,743,801
7030,743,800
7035,742,792
7040,762,785
7045,751,783
7050,757,793
7055,752,785
7060,769,781
7065,766,775
7070,770,775
7075,767,771
7080,779,768
7085,794,767
7090,795,768
7095,801,764
7100,801,766
7105,824,753
7110,820,751
7115,819,752
7120,830,752
7125,843,748
7130,849,742
7135,856,743
7140,870,740
7145,887,736
7150,889,733
7155,902,731
7160,915,731
7165,931,728
7170,929,728
7175,940,724
7180,948,721
7185,969,719
7190,968,720
7195,988,711
7200,998,716
7205,999,716
7210,1012,706
7215,1032,713
7220,1038,709
7225,1052,706
7230,1049,710
7235,1078,709
7240,1072,706
7245,1079,711
7250,1094,715
7255,1103,711
7260,1109,712
7265,1122,717
7270,1122,708
7275,1129,712
7280,1135,715
7285,1154,722
7290,1152,724
7295,1160,722
7300,1161,725
7305,1168,730
7310,1165,730
7315,1178,735
7320,1172,735
7325,1175,740
7330,1173,740
7335,1183,745
7340,1184,749
7345,1186,749
7350,1188,755
7355,1190,758
7360,1175,763
7365,1189,769
7370,1184,768
7375,1193,776
7380,1190,778
7385,1190,783
7390,1190,780
7395,1180,786
7400,1184,789
7405,1177,796
7410,1179,796
7415,1175,804
7420,1174,808
7425,1163,812
7430,1168,813
7435,1164,818
7440,1157,819
7445,1165,829
7450,1154,833
7455,1151,828
7460,1155,831
7465,1145,832
7470,1141,833
7475,1137,844
7480,1136,846
7485,1136,843
7490,1130,852
7495,1123,852
7500,1129,854
7505,1120,858
7510,1121,857
7515,1111,859
7520,1125,853
7525,1110,859
7530,1117,861
7535,1114,868
7540,1108,863
7545,1095,864
7550,1105,869
7555,1100,866
7560,1092,863
7565,1101,864
7570,1098,867
7575,1103,870
7580,1086,862
7585,1093,867
7590,1085,867
7595,1095,864
7600,1086,863
7605,1085,855
7610,1078,869
7615,1087,860
7620,1076,867
7625,1070,865
7630,1071,863
7635,1069,859
7640,1065,861
7645,1070,859
7650,1062,854
7655,1055,860
7660,1047,851
7665,1062,856
7670,1053,856
7675,1054,847
7680,1043,856
7685,1028,850
7690,1028,852
7695,1007,853
7700,1020,851
7705,1027,842
7710,1009,845
7715,1005,844
7720,994,845
7725,993,844
7730,984,846
7735,980,839
7740,979,843
7745,961,836
7750,950,835
7755,944,832
7760,936,836
7765,928,836
7770,924,835
7775,917,836
7780,911,835
7785,903,835
7790,895,833
7795,879,834
7800,878,830
7805,861,832
7810,854,830
7815,858,827
7820,845,831
7825,843,830
7830,830,829
7835,823,832
7840,823,828
7845,820,821
7850,800,822
7855,785,817
7860,791,822
7865,782,813
7870,782,819
7875,779,819
7880,762,816
7885,769,818
7890,755,810
7895,754,810
7900,752,810
7905,746,809
7910,752,802
7915,752,805
7920,753,802
7925,750,801
7930,751,797
7935,739,794
7940,760,791
7945,750,789
7950,751,789
7955,752,793
7960,756,782
7965,753,782
7970,761,773
7975,769,768
7980,780,769
7985,790,770
7990,786,767
7995,783,763
8000,797,767
8005,809,756
8010,804,753
8015,815,753
8020,819,749
8025,836,752
8029,852,745
8035,851,745
8039,868,738
8045,874,735
8050,882,734
8055,895,727
8060,909,732
8064,911,729
8070,937,724
8074,939,718
8080,949,720
8085,955,725
8090,974,719
8095,984,716
8100,989,709
8105,1006,712
8109,1005,710
8115,1032,713
8119,1041,708
8125,1035,711
8130,1053,709
8135,1060,713
8140,1073,713
8145,1073,712
8150,1089,712
8154,1083,705
8160,1094,707
8164,1122,717
8170,1123,717
8175,1131,713
8180,1122,712
8185,1134,716
8189,1150,718
8195,1151,721
8200,1162,722
8205,1162,730
8210,1158,728
8215,1160,729
8220,1178,736
8225,1178,736
8230,1175,739
8235,1177,742
8240,1185,748
8245,1186,751
8250,1186,755
8255,1194,754
8260,1177,757
8265,1199,766
8270,1193,764
8275,1189,769
8280,1185,773
8285,1184,773
8290,1183,790
8295,1185,785
8300,1184,790
8305,1187,797
8310,1178,797
8315,1176,803
8320,1171,803
8325,1169,810
8330,1172,809
8335,1174,811
8340,1168,817
8345,1167,822
8350,1157,821
8355,1157,827
8360,1150,836
8365,1155,841
8370,1152,836
8375,1137,837
8380,1134,838
8385,1140,842
8390,1127,852
8395,1132,849
8400,1122,854
8405,1124,856
8410,1130,854
8415,1117,855
8420,1108,859
8425,1111,860
8430,1114,861
8435,1110,867
8440,1109,863
8445,1101,864
8450,1099,860
8455,1101,863
8460,1103,864
8465,1094,870
8470,1098,872
8475,1103,868
8480,1096,864
8485,1096,865
8490,1091,868
8495,1086,866
8500,1091,869
8505,1088,866
8510,1078,870
8515,1071,861
8520,1073,867
8525,1074,862
8530,1074,863
8535,1073,853
8540,1064,861
8545,1060,855
8550,1061,856
8555,1057,859
8560,1054,861
8565,1053,857
8570,1054,850
8575,1046,852
8580,1042,854
8585,1033,848
8590,1035,846
8595,1027,851
8600,1023,844
8605,1016,851
8610,1000,844
8615,1003,844
8620,1002,849
8625,986,843
8630,984,836
8635,984,836
8640,970,842
8645,958,843
8650,958,837
8655,948,841
8660,941,840
8665,937,841
8670,928,833
8675,929,834
8680,923,834
8685,913,826
8690,903,832
8695,889,826
8700,881,830
8705,874,832
8710,862,823
8715,857,829
8720,850,824
8725,843,820
8730,842,822
8735,844,827
8740,821,822
8745,811,827
8750,806,828
8755,800,824
8760,805,824
8765,790,822
8770,786,821
8775,785,819
8780,766,816
8785,768,817
8790,759,817
8795,764,811
8800,754,813
8805,753,813
8810,750,804
8815,748,807
8820,750,800
8825,745,799
8830,747,800
8835,750,798
8840,737,799
8845,747,791
8850,762,793
8855,760,789
8860,752,784
8865,762,778
8870,758,784
8875,767,776
8880,766,774
8885,778,778
8890,784,770
8895,784,764
8900,788,764
8905,808,760
8910,808,757
8915,814,756
8920,830,752
8925,839,748
8930,836,745
8935,840,746
8940,861,740
8945,864,743
8950,877,737
8955,887,731
8960,896,736
8965,902,736
8970,913,729
8975,934,717
8980,948,721
8985,945,721
8990,958,720
8995,970,718
9000,990,715
9005,992,714
9010,1003,713
9015,1016,705
9020,1016,714
9025,1034,711
9030,1046,707
9035,1052,708
9040,1074,712
9045,1079,712
9050,1085,709
9055,1095,710
9060,1101,711
9065,1108,710
9070,1119,711
9075,1114,711
9080,1140,713
9085,1150,715
9090,1142,716
9095,1150,715
9100,1148,717
9105,1152,728
9110,1164,725
9115,1171,729
9120,1175,733
9125,1176,735
9130,1176,736
9135,1186,741
9140,1190,745
9145,1178,749
9150,1187,751
9155,1187,752
9160,1179,758
9165,1188,762
9170,1194,762
9175,1187,763
9180,1183,775
9185,1184,774
9190,1181,781
9195,1181,778
9200,1174,789
9205,1179,791
9210,1175,796
9215,1173,801
9220,1170,801
9225,1174,812
9230,1176,815
9235,1156,816
9240,1168,820
9245,1162,821
9250,1163,823
9255,1160,831
9260,1151,829
9265,1144,830
9270,1148,832
9275,1143,844
9280,1140,844
9285,1137,841
9290,1137,851
9295,1133,852
9300,1129,848
9305,1136,852
9310,1127,857
9315,1122,857
9320,1121,861
9325,1123,860
9330,1111,859
9335,1107,868
9340,1104,867
9345,1115,870
9350,1103,865
9355,1119,868
9360,1101,862
9365,1102,866
9370,1099,871
9375,1100,874
9380,1088,866
9385,1086,866
9390,1087,872
9395,1087,870
9400,1082,864
9405,1082,865
9410,1079,869
9415,1084,870
9420,1068,859
9425,1073,862
9430,1074,864
9435,1070,864
9440,1078,858
9445,1061,861
9450,1063,857
9455,1063,857
9460,1065,855
9465,1056,857
9470,1047,849
9475,1046,852
9480,1047,849
9485,1032,852
9490,1030,851
9495,1035,846
9500,1022,846
9505,1015,844
9510,1007,843
9515,1010,840
9520,1008,842
9525,994,839
9530,980,845
9535,987,843
9540,976,839
9545,956,836
9550,961,840
9555,952,839
9560,954,839
9565,940,840
9570,932,838
9575,932,833
9580,916,835
9585,920,837
9590,903,833
9595,896,829
9600,888,838
9605,883,828
9610,873,828
9615,863,826
9620,858,823
9625,839,826
9630,842,824
9635,834,824
9640,835,826
9645,829,831
9650,812,826
9655,814,825
9660,809,823
9665,800,818
9670,785,816
9675,782,823
9680,777,815
9685,766,813
9690,767,814
9695,770,816
9700,758,813
9705,753,809
9710,752,807
9715,750,810
9720,743,802
9725,749,802
9730,754,793
9735,748,800
9740,744,796
9745,746,793
9750,753,794
9755,745,786
9760,756,788
9765,748,779
9770,763,784
9775,767,782
9780,776,776
9785,778,777
9790,782,770
9795,778,767
9800,782,761
9805,794,765
9810,807,759
9815,813,761
9820,812,751
9825,827,752
9830,829,753
9835,847,745
9840,845,740
9845,868,742
9850,873,734
9855,896,735
9860,899,729
9865,903,733
9870,921,730
9875,923,723
9880,940,729
9885,950,721
9890,957,723
9895,970,717
9900,977,719
9905,983,715
9910,1001,718
9915,1008,715
9920,1021,714
9925,1039,707
9930,1039,714
9935,1058,716
9940,1066,714
9945,1073,709
9950,1079,712
9955,1095,712
9960,1103,711
9965,1101,710
9970,1103,708
9975,1110,714
9980,1127,713
9985,1134,714
9990,1133,720
9995,1143,717
10000,1157,718
10005,1155,722
10010,1161,726
10015,1163,726
10020,1172,731
10025,1175,731
10030,1168,733
10035,1176,736
10040,1182,745
10045,1193,743
10050,1187,745
10055,1187,751
10060,1191,755
10065,1179,757
10070,1191,762
10075,1176,763
10080,1181,767
10085,1188,775
10090,1190,778
10095,1182,781
10100,1184,783
10105,1189,782
10110,1176,792
10115,1174,794
10120,1177,799
10125,1178,805
10130,1175,808
10135,1165,811
10140,1166,813
10145,1157,819
10150,1162,823
10155,1162,826
10160,1152,830
10165,1153,825
10170,1147,827
10175,1149,834
10180,1138,839
10185,1148,848
10190,1143,847
10195,1131,848
10200,1137,855
10205,1127,857
10210,1125,854
10215,1120,854
10220,1127,856
10225,1110,857
10230,1115,861
10235,1116,857
10240,1105,863
10245,1106,870
10250,1110,860
10255,1108,865
10260,1101,865
10265,1101,865
10270,1094,869
10275,1094,873
10280,1100,865
10285,1098,864
10290,1085,865
10295,1091,868
10300,1088,864
10305,1082,865
10310,1086,866
10315,1078,863
10320,1076,865
10325,1071,864
10330,1073,859
10335,1071,864
10340,1068,860
10345,1067,860
10350,1058,866
10355,1064,855
10360,1058,852
10365,1064,857
10370,1042,856
10375,1051,859
10380,1036,853
10385,1042,853
10390,1038,851
10395,1031,853
10400,1036,853
10405,1018,849
10410,1021,841
10415,1016,848
10420,1011,846
10425,998,850
10430,978,841
10435,1002,843
10440,982,840
10445,968,838
10450,955,841
10455,959,838
10460,956,840
10465,939,837
10470,940,839
10475,933,834
10480,915,841
10485,918,838
10490,911,832
10495,900,833
10500,899,830
10505,886,826
10510,874,832
10515,863,833
10520,860,832
10525,861,828
10530,846,828
10535,845,829
10540,821,827
10545,825,824
10550,818,824
10555,811,821
10560,807,828
10565,793,823
10570,793,820
10575,780,820
10580,780,815
10585,776,815
10590,764,811
10595,766,816
10600,775,813
10605,764,809
10610,763,808
10615,750,809
10620,743,810
10625,746,801
10630,753,802
10635,748,799
10640,737,798
10645,755,798
10650,750,792
10655,749,795
10660,759,787
10665,753,790
10670,751,779
10675,762,781
10680,777,778
10685,771,780
10690,774,770
10695,781,766
10700,795,769
10705,793,757
10710,802,761
10715,800,760
10720,816,756
10725,821,744
10730,835,751
10735,833,749
10740,849,743
10745,854,740
10750,870,741
10755,876,739
10760,880,734
10765,894,730
10770,905,722
10775,915,731
10780,927,722
10785,933,721
10790,956,720
10795,968,727
10800,974,719
10805,978,717
10810,997,716
10815,1006,713
10820,1013,703
10825,1022,712
10830,1043,713
10835,1055,717
10840,1055,716
10845,1071,709
10850,1078,707
10855,1080,708
10860,1091,710
10865,1109,709
10870,1108,714
10875,1109,718
10880,1124,715
10885,1128,720
10890,1135,715
10895,1149,718
10900,1157,719
10905,1146,721
10910,1160,724
10915,1156,731
10920,1166,729
10925,1169,735
10930,1175,738
10935,1175,741
10940,1181,740
10945,1184,739
10950,1185,745
10955,1182,747
10960,1185,749
10965,1191,756
10970,1187,763
10975,1187,764
10980,1188,772
10985,1192,774
10990,1178,774
10995,1179,783
11000,1187,780
11005,1185,790
11010,1184,789
11015,1178,797
11020,1177,792
11025,1177,799
11030,1173,806
11035,1175,811
11040,1169,813
11045,1163,811
11050,1165,814
11055,1165,821
11060,1161,821
11065,1145,824
11070,1152,830
11075,1142,837
11080,1141,836
11085,1141,837
11090,1142,837
11095,1142,845
11100,1132,850
11105,1136,849
11110,1133,855
11115,1119,860
11120,1131,852
11125,1109,861
11130,1117,858
11135,1115,860
11140,1113,863
11145,1104,859
11150,1106,858
11155,1099,864
11160,1092,863
11165,1105,866
11170,1095,870
11175,1097,868
11180,1092,868
11185,1091,865
11190,1096,867
11195,1087,865
11200,1083,865
11205,1089,861
11210,1087,867
11215,1078,870
11220,1077,866
11225,1082,860
11230,1071,860
11235,1077,862
11240,1074,853
11245,1068,862
11250,1064,851
11255,1075,860
11260,1070,856
11265,1057,856
11270,1049,855
11275,1056,853
11280,1044,855
11285,1035,852
11290,1041,851
11295,1030,845
11300,1025,848
11305,1024,847
11310,1018,845
11315,1016,848
11320,1018,851
11325,1000,844
11330,1002,843
11335,992,842
11340,986,842
11345,981,836
11350,971,837
11355,969,842
11360,967,836
11365,947,843
11370,944,836
11375,939,835
11380,931,833
11385,915,833
11390,913,838
11395,904,831
11400,891,830
11405,884,832
11410,877,833
11415,864,835
11420,866,831
11425,855,835
11430,853,830
11435,841,831
11440,830,822
11445,824,825
11450,825,825
11455,815,827
11460,805,823
11465,800,825
11470,793,822
11475,790,826
11480,780,818
11485,777,818
11490,772,812
11495,767,810
11500,764,818
11505,765,814
11510,764,805
11515,748,807
11520,751,804
11525,754,802
11530,746,801
11535,740,804
11540,755,799
11545,746,799
11550,758,797
11555,754,790
11560,749,789
11565,755,783
11570,745,783
11575,757,780
11580,766,779
11585,769,777
11590,778,770
11595,777,771
11600,788,772
11605,787,768
11610,784,759
11615,794,759
11620,806,759
11625,831,752
11630,829,754
11635,847,744
11640,844,743
11645,853,738
11650,854,744
11655,875,738
11660,887,737
11665,894,729
11670,906,732
11675,913,724
11680,926,729
11685,938,718
11690,940,725
11695,951,720
11700,973,718
11705,978,718
11710,989,719
11715,991,717
11720,1008,715
11725,1011,714
11730,1025,710
11735,1044,710
11740,1050,705
11745,1066,710
11750,1066,710
11755,1093,703
11760,1086,714
11765,1093,713
11770,1103,712
11775,1117,712
11780,1124,717
11785,1132,714
11790,1136,722
11795,1131,716
11800,1140,716
11805,1148,722
11810,1152,726
11815,1160,732
11820,1161,723
11825,1168,732
11830,1173,734
11835,1171,741
11840,1183,741
11845,1176,746
11850,1186,741
11855,1183,745
11860,1190,749
11865,1182,752
11870,1191,757
11875,1184,760
11880,1191,769
11885,1191,768
11890,1189,771
11895,1177,782
11900,1177,778
11905,1179,784
11910,1183,786
11915,1182,794
11920,1183,794
11925,1175,799
11930,1175,801
11935,1172,813
11940,1165,810
11945,1165,815
11950,1158,821
11955,1156,825
11960,1157,823
11965,1153,827
11970,1144,825
11975,1148,834
11980,1140,834
11985,1148,835
11990,1143,846
11995,1132,842
12000,1140,846
12005,1132,851
12010,1132,849
12015,1126,852
12020,1121,851
12025,1123,857
12030,1114,865
12035,1112,860
12040,1109,862
12045,1110,863
12050,1114,867
12055,1106,865
12060,1098,864
12065,1099,862
12070,1100,867
12075,1099,870
12080,1104,863
12085,1104,865
12090,1092,861
12095,1095,870
12100,1088,864
12105,1088,863
12110,1089,863
12115,1086,868
12120,1083,863
12125,1077,863
12130,1085,858
12135,1080,861
12140,1071,858
12145,1078,859
12150,1061,861
12155,1072,863
12160,1066,856
12165,1062,860
12170,1055,857
12175,1057,851
12180,1049,847
12185,1043,851
12190,1035,857
12195,1041,853
12200,1031,848
12205,1027,848
12210,1029,846
12215,1008,849
12220,1012,841
12225,1021,841
12230,1005,848
12235,989,844
12240,992,844
12245,981,841
12250,971,841
12255,969,836
12260,953,831
12265,949,843
12270,945,832
12275,937,834
12280,933,836
12285,924,832
12290,930,834
12295,908,833
12300,895,832
12305,897,829
12310,881,834
12315,885,836
12320,881,830
12325,856,824
12330,848,828
12335,847,825
12340,839,830
12345,830,827
12350,815,831
12355,817,826
12360,821,828
12365,793,821
12370,796,821
12375,793,817
12380,783,816
12385,772,821
12390,776,818
12395,770,814
12400,766,818
12405,770,812
12410,753,815
12415,751,815
12420,754,807
12425,756,805
12430,743,802
12435,752,807
12440,745,801
12445,747,794
12450,741,793
12455,755,801
12460,750,792
12465,749,787
12470,746,788
12475,763,786
12480,757,780
12485,766,781
12490,770,778
12495,755,778
12500,779,773
12505,794,759
12510,801,766
12515,795,761
12520,801,754
12525,816,757
12530,817,755
12535,838,744
12540,827,749
12545,846,747
12550,859,740
12555,864,738
12560,868,735
12565,881,735
12570,896,732
12575,910,730
12580,922,725
12585,918,723
12590,938,724
12595,950,721
12600,961,714
12605,970,711
12610,978,713
12615,992,709
12620,1007,712
12625,1011,715
12630,1030,717
12635,1037,711
12640,1045,710
12645,1052,711
12650,1062,708
12655,1074,709
12660,1079,704
12665,1092,704
12670,1095,710
12675,1104,712
12680,1119,710
12685,1124,714
12690,1126,711
12695,1139,715
12700,1146,724
12705,1148,720
12710,1150,722
12715,1160,727
12720,1158,722
12725,1174,728
12730,1178,734
12735,1181,736
12740,1181,734
12745,1186,739
12750,1175,743
12755,1188,750
12760,1184,749
12765,1184,747
12770,1190,751
12775,1191,753
12780,1198,763
12785,1185,772
12790,1192,776
12795,1183,775
12800,1186,775
12805,1171,779
12810,1185,787
12815,1186,788
12820,1167,792
12825,1176,798
12830,1172,802
12835,1175,806
12840,1167,807
12845,1165,811
12850,1168,811
12855,1161,820
12860,1146,822
12865,1160,824
12870,1152,833
12875,1146,833
12880,1150,835
12885,1146,840
12890,1148,839
12895,1138,842
12900,1140,845
12905,1142,853
12910,1135,850
12915,1123,857
12920,1128,852
12925,1122,857
12930,1122,857
12935,1116,856
12940,1125,859
12945,1105,864
12950,1113,864
12955,1111,870
12960,1102,864
12965,1101,867
12970,1102,864
12975,1105,871
12980,1095,868
12985,1100,870
12990,1095,865
12995,1098,867
13000,1091,867
13005,1081,869
13010,1084,867
13015,1084,864
13020,1082,866
13025,1087,860
13030,1081,863
13035,1073,865
13040,1074,860
13045,1070,859
13050,1069,863
13055,1068,861
13060,1066,860
13065,1061,856
13070,1055,853
13075,1054,857
13080,1049,857
13085,1051,853
13090,1049,850
13095,1042,851
13100,1039,845
13105,1037,846
13110,1017,858
13115,1023,851
13120,1021,846
13125,1014,851
13130,1001,845
13135,998,839
13140,988,844
13145,986,844
13150,981,843
13155,971,841
13160,961,837
13165,961,839
13170,948,838
13175,943,836
13180,929,833
13185,933,836
13190,929,831
13195,914,831
13200,909,830
13205,905,830
13210,891,830
13215,880,834
13220,881,830
13225,860,831
13230,863,831
13235,843,826
13240,850,820
13245,836,829
13250,825,826
13255,814,821
13260,817,818
13265,811,826
13270,801,817
13275,792,825
13280,786,816
13285,784,819
13290,780,815
13295,784,810
13300,775,814
13305,758,812
13310,757,815
13315,760,812
13320,757,812
13325,749,804
13330,756,801
13335,748,802
13340,752,800
13345,746,797
13350,759,792
13355,750,799
13360,752,789
13365,754,792
13370,761,789
13375,757,789
13380,757,780
13385,765,776
13390,768,779
13395,766,775
13400,793,770
13405,788,770
13410,783,767
13415,799,763
13420,796,769
13425,804,754
13430,818,760
13435,835,745
13440,834,745
13445,849,748
13450,849,742
13455,860,735
13460,873,736
13465,886,736
13470,885,737
13475,890,729
13480,912,731
13485,921,724
13490,934,727
13495,941,725
13500,956,716
13505,961,716
13510,971,722
13515,982,715
13520,991,715
13525,1016,712
13530,1031,715
13535,1031,713
13540,1038,711
13545,1048,706
13550,1066,711
13555,1061,714
13560,1074,714
13565,1085,708
13570,1084,713
13575,1104,715
13580,1104,716
13585,1114,712
13590,1126,709
13595,1134,716
13600,1143,715
13605,1140,719
13610,1148,722
13615,1155,726
13620,1159,726
13625,1164,731
13630,1156,726
13635,1180,737
13640,1176,736
13645,1179,737
13650,1183,737
13655,1185,748
13660,1187,750
13665,1177,747
13670,1188,755
13675,1195,756
13680,1191,756
13685,1185,760
13690,1188,768
13695,1191,772
13700,1184,780
13705,1177,778
13710,1190,784
13715,1179,787
13720,1189,792
13725,1174,792
13730,1171,804
13735,1172,809
13740,1167,808
13745,1166,809
13750,1166,814
13755,1163,818
13760,1165,823
13765,1158,824
13770,1153,825
13775,1148,829
13780,1145,833
13785,1145,836
13790,1140,841
13795,1143,841
13800,1132,845
13805,1133,851
13810,1129,845
13815,1141,849
13820,1130,849
13825,1123,852
13830,1120,861
13835,1120,857
13840,1108,860
13845,1124,863
13850,1119,859
13855,1116,871
13860,1108,864
13865,1107,867
13870,1098,868
13875,1104,868
13880,1105,868
13885,1094,864
13890,1091,871
13895,1097,868
13900,1102,865
13905,1088,869
13910,1090,862
13915,1083,867
13920,1087,869
13925,1083,867
13930,1075,867
13935,1082,861
13940,1074,863
13945,1073,862
13950,1072,860
13955,1068,858
13960,1064,859
13965,1062,857
13970,1057,852
13975,1055,857
13980,1049,852
13985,1067,854
13990,1045,859
13995,1044,851
14000,1035,851
14005,1029,851
14010,1026,851
14015,1018,843
14020,1022,850
14025,1011,849
14030,1008,845
14035,1002,844
14040,993,848
14045,982,845
14050,984,839
14055,975,841
14060,966,841
14065,963,841
14070,967,836
14075,948,835
14080,939,832
14085,938,837
14090,923,831
14095,906,840
14100,917,833
14105,905,829
14110,893,832
14115,877,834
14120,882,828
14125,880,827
14130,861,829
14135,854,829
14140,850,828
14145,836,834
14150,836,828
14155,818,828
14160,820,823
14165,811,821
14170,801,821
14175,805,826
14180,802,825
14185,788,825
14190,777,814
14195,787,818
14200,769,814
14205,769,813
14210,763,815
14215,758,812
14220,753,808
14225,754,813
14230,757,812
14235,751,800
14240,752,808
14245,754,800
14250,746,795
14255,744,793
14260,751,795
14265,750,794
14270,746,798
14275,755,787
14280,765,784
14285,762,780
14290,757,775
14295,773,775
14300,774,769
14305,776,769
14310,786,764
14315,782,760
14320,805,764
14325,806,762
14330,821,756
14335,816,754
14340,816,756
14345,839,750
14350,845,747
14355,856,740
14360,874,740
14365,880,738
14370,894,733
14375,903,729
14380,899,730
14385,915,725
14390,936,724
14395,937,722
14400,949,719
14405,957,722
14410,975,718
14415,987,718
14420,996,715
14425,1004,716
14430,1009,715
14435,1019,710
14440,1033,713
14445,1042,708
14450,1048,713
14455,1058,712
14460,1073,711
14465,1081,707
14470,1089,708
14475,1092,709
14480,1101,712
14485,1120,715
14490,1121,711
14495,1137,712
14500,1132,720
14505,1133,720
14510,1157,722
14515,1149,716
14520,1158,722
14525,1165,721
14530,1171,734
14535,1169,732
14540,1170,734
14545,1175,734
14550,1179,743
14555,1186,744
14560,1179,746
14565,1183,751
14570,1186,750
14575,1189,759
14580,1184,761
14585,1186,763
14590,1186,768
14595,1183,768
14600,1188,772
14605,1179,778
14610,1184,782
14615,1189,788
14620,1187,792
14625,1180,790
14630,1171,800
14635,1182,800
14640,1164,796
14645,1183,807
14650,1167,810
14655,1169,809
14660,1163,820
14665,1153,824
14670,1160,824
14675,1153,830
14680,1146,831
14685,1158,836
14690,1151,839
14695,1140,840
14700,1140,840
14705,1137,847
14710,1140,846
14715,1129,849
14720,1127,851
14725,1127,851
14730,1120,859
14735,1118,855
14740,1124,860
14745,1121,861
14750,1111,861
14755,1114,858
14760,1111,864
14765,1113,867
14770,1110,866
14775,1100,868
14780,1107,867
14785,1097,866
14790,1100,867
14795,1090,870
14800,1092,868
14805,1090,866
14810,1095,866
14815,1091,863
14820,1083,864
14825,1079,864
14830,1091,861
14835,1078,863
14840,1074,865
14845,1065,863
14850,1068,862
14855,1065,862
14860,1067,862
14865,1064,856
14870,1065,857
14875,1055,856
14880,1055,853
14885,1053,854
14890,1052,851
14895,1043,849
14900,1039,851
14905,1033,851
14910,1034,849
14915,1016,852
14920,1022,850
14925,1017,846
14930,1015,843
14935,1003,847
14940,996,842
14945,991,847
14950,977,840
14955,979,845
14960,976,838
14965,964,841
14970,960,837
14975,945,837
14980,942,844
14985,942,838
14990,930,837
14995,918,839
15000,920,836
15005,907,832
15010,897,838
15015,893,833
15020,878,830
15025,870,832
15030,867,828
15035,862,832
15040,844,830
15045,857,824
15050,841,830
15055,832,823
15060,814,829
15065,819,822
15070,810,819
15075,804,824
15080,804,819
15085,793,818
15090,789,817
15095,775,820
15100,774,817
15105,773,813
15110,756,809
15115,768,813
15120,753,808
15125,761,807
15130,752,808
15135,754,804
15140,754,805
15145,742,796
15150,753,798
15155,745,800
15160,741,790
15165,756,790
15170,750,789
15175,751,788
15180,758,788
15185,758,780
15190,763,771
15195,768,777
15200,775,771
15205,772,776
15210,775,770
15215,796,765
15220,794,763
15225,797,764
15230,801,759
15235,826,753
15240,829,752
15245,831,748
15250,841,744
15255,848,747
15260,854,745
15265,870,733
15270,879,738
15275,878,734
15280,900,735
15285,916,735
15290,918,724
15295,935,723
15300,939,722
15305,958,721
15310,970,713
15315,979,713
15320,980,715
15325,996,712
15330,1000,715
15335,1015,713
15340,1025,709
15345,1044,712
15350,1051,711
15355,1052,710
15360,1056,708
15365,1077,707
15370,1081,712
15375,1095,714
15380,1109,716
15385,1098,712
15390,1120,716
15395,1125,718
15400,1126,716
15405,1145,714
15410,1148,716
15415,1140,721
15420,1159,725
15425,1155,721
15430,1160,729
15435,1165,730
15440,1174,733
15445,1178,738
15450,1179,737
15455,1188,741
15460,1177,744
15465,1186,741
15470,1180,749
15475,1186,749
15480,1190,752
15485,1187,761
15490,1199,766
15495,1183,763
15500,1188,775
15505,1188,770
15510,1186,777
15515,1179,777
15520,1191,790
15525,1179,788
15530,1177,798
15535,1176,798
15540,1170,801
15545,1178,804
15550,1173,814
15555,1166,811
15560,1160,817
15565,1159,824
15570,1153,823
15575,1159,824
15580,1148,828
15585,1153,838
15590,1139,842
15595,1145,839
15600,1142,841
15605,1137,846
15610,1140,847
15615,1133,848
15620,1129,849
15625,1122,852
15630,1121,858
15635,1118,863
15640,1120,857
15645,1117,861
15650,1108,862
15655,1107,865
15660,1110,868
15665,1102,871
15670,1109,867
15675,1108,864
15680,1105,863
15685,1109,868
15690,1088,870
15695,1106,868
15700,1095,869
15705,1089,866
15710,1084,861
15715,1098,869
15720,1084,867
15725,1078,865
15730,1084,866
15735,1074,864
15740,1074,862
15745,1084,863
15750,1066,865
15755,1070,870
15760,1064,854
15765,1062,856
15770,1055,861
15775,1062,860
15780,1058,853
15785,1052,853
15790,1041,851
15795,1043,849
15800,1041,856
15805,1048,849
15810,1041,851
15815,1033,849
15820,1020,851
15825,1019,843
15830,1015,844
15835,1012,844
15840,995,847
15845,999,850
15850,986,841
15855,984,839
15860,986,837
15865,976,834
15870,959,839
15875,952,832
15880,950,839
15885,938,832
15890,930,835
15895,938,834
15900,917,836
15905,915,835
15910,901,835
15915,906,835
15920,899,840
15925,893,832
15930,871,831
15935,865,827
15940,851,835
15945,854,827
15950,845,825
15955,832,823
15960,822,823
15965,820,830
15970,806,829
15975,799,823
15980,797,821
15985,796,823
15990,782,816
15995,782,819
16000,786,818
16004,765,815
16010,766,815
16015,760,814
16020,756,809
16024,749,808
16030,753,809
16035,747,804
16040,752,802
16045,747,801
16050,749,805
16055,748,800
16059,747,794
16065,742,794
16070,742,789
16075,753,789
16079,750,787
16085,760,786
16090,759,779
16094,763,777
16100,768,780
16105,774,772
16110,777,766
16114,780,766
16120,784,766
16125,798,758
16129,802,760
16135,809,758
16140,814,751
16145,823,753
16149,830,745
16155,847,748
16160,859,745
16165,870,737
16170,872,744
16175,891,734
16180,894,729
16184,904,722
16190,919,726
16195,919,736
16200,939,719
16204,945,720
16210,958,720
16215,967,719
16219,983,717
16225,982,718
16230,1006,712
16235,1002,709
16239,1020,714
16245,1035,712
16250,1039,708
16254,1044,709
16260,1065,711
16265,1084,710
16270,1083,709
16274,1083,712
16280,1096,717
16285,1107,710
16290,1110,713
16295,1120,712
16300,1125,714
16305,1134,718
16309,1148,718
16315,1145,719
16320,1149,722
16325,1156,723
16329,1165,723
16335,1172,731
16340,1160,733
16344,1182,726
16350,1170,737
16355,1173,740
16360,1183,746
16364,1181,743
16370,1185,749
16375,1184,756
16379,1183,749
16385,1184,759
16390,1185,764
16395,1188,762
16400,1183,774
16405,1189,773
16410,1188,783
16415,1178,784
16420,1185,780
16425,1186,792
16430,1173,797
16435,1184,795
16440,1181,803
16445,1172,809
16450,1179,806
16455,1167,808
16460,1162,818
16465,1161,818
16470,1161,820
16475,1168,825
16480,1160,823
16485,1160,831
16490,1144,834
16495,1146,842
16500,1140,835
16505,1136,843
16510,1131,843
16515,1135,851
16520,1133,852
16525,1138,849
16530,1123,850
16535,1126,855
16540,1116,857
16545,1123,858
16550,1118,864
16555,1106,860
16560,1117,863
16565,1112,863
16570,1099,865
16575,1101,863
16580,1108,869
16585,1102,858
16590,1102,865
16595,1095,869
16600,1088,867
16605,1096,868
16610,1090,867
16615,1090,859
16620,1089,868
16625,1095,866
16630,1085,860
16635,1081,866
16640,1078,864
16645,1075,859
16650,1080,864
16655,1067,859
16660,1076,866
16665,1066,860
16670,1068,858
16675,1058,863
16680,1063,854
16685,1051,858
16690,1049,857
16695,1044,850
16700,1048,849
16705,1046,854
16710,1039,852
16715,1030,850
16720,1023,851
16725,1024,848
16730,1025,844
16735,1018,844
16740,1000,844
16745,993,840
16750,996,847
16755,987,845
16760,975,839
16765,969,843
16770,962,843
16775,964,837
16780,961,842
16785,945,839
16790,949,833
16795,928,838
16800,924,831
16805,918,839
16810,901,836
16815,899,830
16820,892,834
16825,881,831
16830,869,832
16835,865,827
16840,865,832
16845,840,830
16850,848,829
16855,846,830
16860,825,823
16865,824,825
16870,810,823
16875,802,825
16880,804,818
16885,791,825
16890,795,820
16895,776,818
16900,778,819
16905,771,818
16910,771,814
16915,767,812
16920,756,808
16925,753,814
16930,759,811
16935,755,805
16940,752,802
16945,751,804
16950,738,799
16955,747,800
16960,747,798
16965,749,793
16970,751,795
16975,750,793
16980,752,789
16985,746,785
16990,756,785
16995,768,781
17000,765,777
17005,776,778
17010,788,772
17015,783,768
17020,781,767
17025,787,760
17030,790,765
17035,805,757
17040,824,752
17045,824,747
17050,824,748
17055,838,746
17060,855,748
17065,866,746
17070,872,735
17075,876,735
17080,891,734
17085,896,733
17090,912,730
17095,923,729
17100,933,729
17105,932,716
17110,952,721
17115,965,718
17120,966,718
17125,983,716
17130,995,715
17135,1009,715
17140,1013,715
17145,1026,708
17150,1034,714
17155,1049,709
17160,1057,708
17165,1060,714
17170,1076,711
17175,1084,708
17180,1099,710
17185,1098,716
17190,1112,708
17195,1117,713
17200,1128,712
17205,1133,711
17210,1138,715
17215,1147,716
17220,1150,723
17225,1153,719
17230,1158,723
17235,1170,725
17240,1165,725
17245,1173,730
17250,1180,731
17255,1180,732
17260,1172,745
17265,1181,743
17270,1187,755
17275,1183,749
17280,1187,750
17285,1179,757
17290,1189,760
17295,1187,765
17300,1192,766
17305,1186,768
17310,1193,778
17315,1183,781
17320,1187,782
17325,1188,791
17330,1178,786
17335,1183,795
17340,1180,802
17345,1168,801
17350,1172,804
17355,1175,810
17360,1163,816
17365,1169,818
17370,1162,817
17375,1161,826
17380,1156,825
17385,1148,832
17390,1152,830
17395,1141,837
17400,1143,844
17405,1147,846
17410,1138,841
17415,1136,850
17420,1131,847
17425,1138,855
17430,1124,855
17435,1129,857
17440,1128,857
17445,1126,859
17450,1113,850
17455,1110,863
17460,1115,863
17465,1107,860
17470,1102,866
17475,1113,868
17480,1105,864
17485,1105,864
17490,1100,865
17495,1090,864
17500,1108,871
17505,1088,865
17510,1091,865
17515,1082,869
17520,1091,867
17525,1080,864
17530,1080,868
17535,1088,864
17540,1081,865
17545,1078,864
17550,1074,863
17555,1074,867
17560,1077,861
17565,1072,858
17570,1060,862
17575,1065,858
17580,1057,852
17585,1055,854
17590,1054,853
17595,1054,856
17600,1040,849
17605,1035,849
17610,1037,856
17615,1036,849
17620,1030,848
17625,1027,845
17630,1015,849
17635,1015,843
17640,1003,838
17645,1001,842
17650,997,839
17655,992,841
17660,988,838
17665,975,844
17670,975,843
17675,972,838
17680,955,834
17685,954,836
17690,936,837
17695,936,837
17700,934,832
17705,920,833
17710,904,837
17715,893,834
17720,902,830
17725,882,830
17730,885,830
17735,877,828
17740,862,833
17745,853,829
17750,846,824
17755,842,825
17760,836,827
17765,822,829
17770,816,824
17775,808,821
17780,805,819
17785,793,823
17790,781,819
17795,795,817
17800,788,825
17805,770,821
17810,771,820
17815,771,816
17820,758,813
17825,766,813
17830,756,813
17835,752,808
17840,755,807
17845,742,808
17850,753,806
17855,757,800
17860,749,795
17865,751,793
17870,752,793
17875,743,790
17880,737,788
17885,759,784
17890,753,783
17895,754,778
17900,761,781
17905,771,775
17910,778,774
17915,768,776
17920,780,770
17925,790,761
17930,794,763
17935,796,763
17940,814,751
17945,818,750
17950,822,750
17955,831,748
17960,850,745
17965,846,741
17970,860,738
17975,874,736
17980,882,736
17985,886,736
17990,910,723
17995,918,727
18000,929,723
18005,930,722
18010,941,721
18015,955,725
18020,974,723
18025,977,714
18030,989,714
18035,1004,717
18040,1006,713
18045,1021,711
18050,1035,713
18055,1038,711
18060,1046,708
18065,1064,711
18070,1072,706
18075,1079,707
18080,1098,707
18085,1092,712
18090,1101,712
18095,1112,710
18100,1113,713
18105,1122,716
18110,1126,716
18115,1136,717
18120,1147,717
18125,1157,718
18130,1155,718
18135,1162,723
18140,1163,722
18145,1170,735
18150,1172,736
18155,1174,737
18160,1174,737
18165,1177,742
18170,1189,751
18175,1177,747
18180,1182,750
18185,1185,755
18190,1194,758
18195,1198,764
18200,1190,764
18205,1186,777
18210,1181,772
18215,1188,783
18220,1180,777
18225,1183,780
18230,1188,795
18235,1177,800
18240,1178,797
18245,1180,800
18250,1175,798
18255,1165,808
18260,1168,810
18265,1168,816
18270,1166,817
18275,1156,821
18280,1156,820
18285,1159,830
18290,1152,829
18295,1148,833
18300,1148,836
18305,1147,841
18310,1139,841
18315,1137,850
18320,1131,846
18325,1130,849
18330,1139,852
18335,1123,855
18340,1120,852
18345,1119,858
18350,1123,858
18355,1113,863
18360,1114,863
18365,1117,860
18370,1111,863
18375,1104,864
18380,1101,863
18385,1104,864
18390,1093,868
18395,1105,868
18400,1089,867
18405,1092,865
18410,1092,868
18415,1086,859
18420,1097,867
18425,1087,868
18430,1088,864
18435,1091,867
18440,1075,867
18445,1076,859
18450,1078,862
18455,1082,868
18460,1072,862
18465,1072,855
18470,1071,862
18475,1065,852
18480,1068,861
18485,1063,855
18490,1055,855
18495,1047,852
18500,1052,854
18505,1053,849
18510,1043,857
18515,1041,853
18520,1023,849
18525,1026,844
18530,1019,850
18535,1015,845
18540,1001,847
18545,1004,840
18550,1002,848
18555,988,842
18560,988,855
18565,980,840
18570,969,842
18575,967,839
18580,953,840
18585,957,835
18590,944,838
18595,943,835
18600,942,834
18605,921,839
18610,918,834
18615,903,835
18620,902,833
18625,891,830
18630,886,829
18635,874,830
18640,869,828
18645,864,829
18650,854,831
18655,844,825
18660,845,828
18665,830,830
18670,820,824
18675,820,820
18680,823,821
18685,800,818
18690,791,819
18695,781,822
18700,785,817
18705,782,815
18710,780,819
18715,770,823
18720,761,809
18725,763,808
18730,757,811
18735,757,809
18740,757,808
18745,753,810
18750,751,806
18755,745,802
18760,744,798
18765,752,800
18770,743,799
18775,749,794
18780,744,789
18785,749,786
18790,744,785
18795,753,782
18800,765,784
18805,767,773
18810,770,780
18815,775,770
18820,783,773
18825,791,768
18830,793,768
18835,790,761
18840,809,759
18845,807,759
18850,820,751
18855,832,751
18860,841,750
18865,850,749
18870,859,742
18875,862,746
18880,875,736
18885,882,733
18890,891,732
18895,905,736
18900,910,733
18905,923,726
18910,945,731
18915,949,721
18920,964,717
18925,972,718
18930,985,711
18935,992,713
18940,1008,713
18945,1019,712
18950,1029,716
18955,1041,713
18960,1043,711
18965,1047,711
18970,1066,709
18975,1069,705
18980,1080,708
18985,1078,709
18990,1092,709
18995,1106,713
19000,1118,712
19005,1120,717
19010,1130,712
19015,1129,718
19020,1140,717
19025,1145,722
19030,1156,721
19035,1160,724
19040,1168,722
19045,1166,730
19050,1158,736
19055,1172,730
19060,1176,732
19065,1190,745
19070,1186,743
19075,1191,743
19080,1189,751
19085,1185,752
19090,1184,753
19095,1187,761
19100,1188,761
19105,1188,768
19110,1183,770
19115,1189,771
19120,1185,775
19125,1178,784
19130,1178,785
19135,1178,787
19140,1179,794
19145,1174,793
19150,1175,799
19155,1176,807
19160,1174,804
19165,1168,815
19170,1153,814
19175,1167,813
19180,1153,821
19185,1156,831
19190,1157,829
19195,1146,833
19200,1144,832
19205,1144,837
19210,1147,846
19215,1141,842
19220,1139,844
19225,1133,850
19230,1135,848
19235,1130,858
19240,1129,851
19245,1122,855
19250,1120,859
19255,1117,862
19260,1107,861
19265,1107,861
19270,1103,861
19275,1107,863
19280,1107,863
19285,1100,867
19290,1105,865
19295,1104,864
19300,1087,865
19305,1097,869
19310,1087,863
19315,1094,868
19320,1091,863
19325,1089,868
19330,1089,866
19335,1083,866
19340,1076,869
19345,1084,865
19350,1081,864
19355,1080,863
19360,1076,861
19365,1063,860
19370,1066,861
19375,1063,856
19380,1056,862
19385,1067,858
19390,1058,855
19395,1044,857
19400,1043,852
19405,1044,853
19410,1053,853
19415,1037,848
19420,1033,851
19425,1033,849
19430,1027,846
19435,1022,846
19440,1017,846
19445,1006,850
19450,1003,846
19455,997,840
19460,993,841
19465,990,844
19470,985,843
19475,966,838
19480,962,832
19485,962,837
19490,943,834
19495,946,838
19500,944,835
19505,923,838
19510,927,836
19515,911,831
19520,903,830
19525,900,833
19530,884,837
19535,883,832
19540,875,830
19545,866,834
19550,853,826
19555,854,826
19560,840,820
19565,836,824
19570,828,824
19575,833,822
19580,805,826
19585,811,825
19590,805,817
19595,789,822
19600,784,820
19605,783,817
19610,770,817
19615,765,816
19620,765,815
19625,761,815
19630,768,812
19635,759,811
19640,759,812
19645,743,808
19650,751,807
19655,757,801
19660,743,800
19665,751,800
19670,750,797
19675,745,788
19680,755,789
19685,756,789
19690,757,791
19695,753,779
19700,755,782
19705,771,779
19710,764,778
19715,783,777
19720,775,775
19725,784,771
19730,786,765
19735,805,763
19740,799,760
19745,812,757
19750,816,755
19755,826,751
19760,833,747
19765,846,745
19770,856,741
19775,865,745
19780,863,736
19785,894,732
19790,887,733
19795,905,723
19800,912,737
19805,928,728
19810,937,726
19815,949,716
19820,961,714
19825,970,720
19830,969,719
19835,982,717
19840,1000,714
19845,1009,713
19850,1013,709
19855,1026,716
19860,1035,710
19865,1054,712
19870,1061,711
19875,1073,706
19880,1078,713
19885,1090,708
19890,1090,711
19895,1100,710
19900,1111,711
19905,1126,715
19910,1134,710
19915,1136,717
19920,1140,717
19925,1142,715
19930,1151,721
19935,1149,720
19940,1162,726
19945,1165,732
19950,1174,734
19955,1174,736
19960,1169,734
19965,1175,735
19970,1178,740
19975,1190,748
19980,1185,748
19985,1184,753
19990,1182,755
19995,1183,763
20000,1189,761
20005,1189,767
20010,1194,766
20015,1178,768
20020,1186,777
20025,1186,779
20030,1186,788
20035,1181,786
20040,1186,792
20045,1166,796
20050,1177,796
20055,1174,806
20060,1171,809
20065,1179,807
20070,1154,815
20075,1162,815
20080,1153,822
20085,1151,823
20090,1151,828
20095,1150,827
20100,1148,839
20105,1145,836
20110,1147,842
20115,1137,839
20120,1135,845
20125,1131,849
20130,1128,852
20135,1125,852
20140,1126,857
20145,1121,851
20150,1117,858
20155,1114,859
20160,1117,859
20165,1115,865
20170,1110,859
20175,1105,863
20180,1114,865
20185,1097,870
20190,1105,870
20195,1092,868
20200,1099,864
20205,1098,866
20210,1095,866
20215,1088,870
20220,1096,871
20225,1098,868
20230,1087,865
20235,1082,864
20240,1085,868
20245,1082,870
20250,1083,857
20255,1078,864
20260,1078,861
20265,1071,860
20270,1071,860
20275,1066,861
20280,1065,854
20285,1067,852
20290,1063,848
20295,1045,854
20300,1055,857
20305,1050,852
20310,1046,859
20315,1043,850
20320,1038,851
20325,1036,846
20330,1031,852
20335,1018,848
20340,1016,845
20345,1013,849
20350,1010,845
20355,999,845
20360,995,843
20365,988,839
20370,982,835
20375,980,841
20380,971,840
20385,959,835
20390,951,838
20395,947,834
20400,937,840
20405,932,830
20410,931,833
20415,921,833
20420,909,831
20425,899,835
20430,899,832
20435,884,836
20440,883,830
20445,869,836
20450,858,832
20455,857,830
20460,855,823
20465,836,830
20470,838,827
20475,828,825
20480,826,826
20485,811,823
20490,795,823
20495,810,820
20500,792,817
20505,779,824
20510,781,818
20515,772,818
20520,766,813
20525,762,815
20530,760,813
20535,756,812
20540,753,810
20545,749,810
20550,751,809
20555,754,802
20560,750,805
20565,749,800
20570,753,796
20575,746,800
20580,752,796
20585,745,792
20590,751,785
20595,760,787
20600,761,788
20605,765,781
20610,759,781
20615,763,778
20620,770,773
20625,771,770
20630,791,770
20635,795,770
20640,801,759
20645,805,762
20650,809,755
20655,822,750
20660,834,745
20665,837,744
20670,845,750
20675,858,744
20680,865,738
20685,881,739
20690,888,731
20695,901,736
20700,912,727
20705,920,727
20710,925,728
20715,934,719
20720,946,724
20725,957,715
20730,973,717
20735,977,714
20740,989,712
20745,1003,716
20750,1014,710
20755,1024,709
20760,1033,711
20765,1046,713
20770,1054,708
20775,1060,711
20780,1067,705
20785,1079,707
20790,1092,712
20795,1093,712
20800,1100,709
20805,1115,714
20810,1119,710
20815,1121,713
20820,1134,718
20825,1138,719
20830,1141,717
20835,1149,722
20840,1157,723
20845,1160,728
20850,1166,728
20855,1169,733
20860,1180,732
20865,1181,737
20870,1174,736
20875,1179,748
20880,1190,746
20885,1180,745
20890,1199,752
20895,1179,756
20900,1184,763
20905,1196,767
20910,1181,764
20915,1189,767
20920,1184,778
20925,1180,774
20930,1172,781
20935,1180,785
20940,1181,790
20945,1178,793
20950,1181,796
20955,1176,801
20960,1170,806
20965,1170,810
20970,1167,811
20975,1164,814
20980,1161,819
20985,1161,824
20990,1164,820
20995,1150,824
21000,1156,834
21005,1154,832
21010,1143,839
21015,1147,839
21020,1130,844
21025,1141,847
21030,1128,844
21035,1131,857
21040,1125,851
21045,1112,858
21050,1119,859
21055,1124,863
21060,1122,859
21065,1117,864
21070,1131,862
21075,1104,860
21080,1105,863
21085,1114,862
21090,1111,864
21095,1102,866
21100,1113,863
21105,1099,860
21110,1087,868
21115,1100,869
21120,1085,869
21125,1086,866
21130,1098,864
21135,1080,863
21140,1089,867
21145,1084,873
21150,1077,868
21155,1076,866
21160,1071,864
21165,1081,863
21170,1069,864
21175,1072,861
21180,1074,863
21185,1068,855
21190,1062,851
21195,1059,855
21200,1051,854
21205,1044,857
21210,1044,850
21215,1039,852
21220,1029,851
21225,1034,852
21230,1039,857
21235,1025,850
21240,1024,850
21245,1016,844
21250,1010,845
21255,1002,844
21260,996,839
21265,995,841
21270,983,841
21275,978,838
21280,980,846
21285,963,839
21290,961,838
21295,957,840
21300,942,835
21305,922,836
21310,931,841
21315,919,838
21320,919,833
21325,909,838
21330,897,832
21335,886,836
21340,884,829
21345,869,828
21350,867,830
21355,867,827
21360,851,826
21365,851,828
21370,839,827
21375,823,830
21380,820,828
21385,811,822
21390,813,817
21395,803,821
21400,788,818
21405,791,817
21410,790,825
21415,777,814
21420,778,814
21425,768,810
21430,770,814
21435,760,817
21440,761,806
21445,751,809
21450,751,807
21455,744,805
21460,758,806
21465,748,802
21470,742,801
21475,747,796
21480,754,795
21485,741,790
21490,749,785
21495,762,787
21500,753,782
21505,758,787
21510,763,775
21515,760,780
21520,774,772
21525,779,772
21530,785,766
21535,787,766
21540,798,763
21545,803,761
21550,807,758
21555,823,754
21560,837,753
21565,835,754
21570,844,746
21575,853,740
21580,850,741
21585,869,738
21590,880,737
21595,886,731
21600,904,729
21605,914,729
21610,922,725
21615,933,727
21620,937,723
21625,960,719
21630,961,717
21635,965,724
21640,985,720
21645,995,713
21650,1010,710
21655,1023,710
21660,1028,714
21665,1048,711
21670,1044,708
21675,1051,707
21680,1064,711
21685,1072,703
21690,1086,715
21695,1092,710
21700,1107,714
21705,1106,714
21710,1125,715
21715,1124,708
21720,1134,718
21725,1136,716
21730,1144,721
21735,1157,715
21740,1153,723
21745,1160,724
21750,1157,727
21755,1169,730
21760,1175,728
21765,1180,736
21770,1180,735
21775,1181,736
21780,1186,744
21785,1182,749
21790,1193,750
21795,1193,754
21800,1189,760
21805,1183,766
21810,1195,761
21815,1194,771
21820,1179,771
21825,1183,776
21830,1184,779
21835,1181,779
21840,1182,793
21845,1179,794
21850,1183,796
21855,1176,802
21860,1171,802
21865,1175,807
21870,1166,814
21875,1165,814
21880,1165,816
21885,1153,826
21890,1154,824
21895,1160,826
21900,1156,830
21905,1144,836
21910,1140,832
21915,1157,846
21920,1144,848
21925,1130,845
21930,1130,846
21935,1124,846
21940,1136,857
21945,1122,849
21950,1129,855
21955,1129,859
21960,1121,861
21965,1113,858
21970,1121,863
21975,1114,860
21980,1111,867
21985,1106,861
21990,1102,861
21995,1113,866
22000,1104,867
22005,1106,863
22010,1108,867
22015,1094,868
22020,1094,868
22025,1087,866
22030,1089,862
22035,1093,866
22040,1087,861
22045,1083,861
22050,1074,863
22055,1087,863
22060,1074,864
22065,1073,866
22070,1078,858
22075,1064,860
22080,1072,859
22085,1066,863
22090,1065,860
22095,1062,858
22100,1059,850
22105,1044,855
22110,1047,851
22115,1051,858
22120,1047,855
22125,1038,852
22130,1033,846
22135,1026,854
22140,1018,851
22145,1014,848
22150,1012,845
22155,1006,847
22160,998,849
22165,1006,841
22170,988,846
22175,983,838
22180,976,840
22185,972,836
22190,958,842
22195,959,845
22200,946,839
22205,952,836
22210,933,831
22215,923,833
22220,918,833
22225,910,831
22230,907,835
22235,910,831
22240,891,832
22245,875,831
22250,860,826
22255,858,829
22260,854,823
22265,847,827
22270,844,829
22275,836,831
22280,824,823
22285,814,827
22290,819,830
22295,807,825
22300,793,820
22305,789,819
22310,786,818
22315,777,823
22320,765,817
22325,771,815
22330,766,822
22335,767,815
22340,759,804
22345,755,815
22350,748,806
22355,756,808
22360,744,802
22365,747,800
22370,749,799
22375,752,800
22380,742,797
22385,751,793
22390,748,791
22395,757,786
22400,754,788
22405,756,781
22410,755,782
22415,765,775
22420,774,777
22425,778,769
22430,772,777
22435,793,770
22440,795,766
22445,794,759
22450,805,758
22455,814,760
22460,816,756
22465,830,753
22470,833,746
22475,842,747
22480,866,743
22485,859,740
22490,879,739
22495,894,732
22500,889,730
22505,910,733
22510,914,728
22515,929,728
22520,937,719
22525,946,727
22530,959,716
22535,983,723
22540,981,712
22545,994,715
22550,1000,708
22555,1007,712
22560,1024,708
22565,1031,713
22570,1045,712
22575,1049,712
22580,1066,710
22585,1068,711
22590,1077,713
22595,1093,707
22600,1095,712
22605,1106,713
22610,1114,710
22615,1122,719
22620,1133,709
22625,1127,716
22630,1146,716
22635,1141,719
22640,1150,722
22645,1158,729
22650,1151,724
22655,1170,728
22660,1167,731
22665,1174,733
22670,1177,737
22675,1190,735
22680,1178,748
22685,1188,749
22690,1194,751
22695,1182,748
22700,1185,759
22705,1184,757
22710,1192,758
22715,1181,768
22720,1176,770
22725,1187,773
22730,1185,776
22735,1181,785
22740,1189,784
22745,1188,790
22750,1191,790
22755,1179,794
22760,1170,804
22765,1171,804
22770,1173,810
22775,1163,814
22780,1169,809
22785,1162,819
22790,1158,826
22795,1161,826
22800,1162,827
22805,1155,838
22810,1147,836
22815,1150,841
22820,1144,842
22825,1150,844
22830,1141,842
22835,1139,849
22840,1131,851
22845,1136,853
22850,1123,854
22855,1120,849
22860,1117,858
22865,1117,860
22870,1117,859
22875,1114,859
22880,1113,863
22885,1112,858
22890,1101,864
22895,1111,861
22900,1100,865
22905,1099,872
22910,1094,865
22915,1097,868
22920,1097,869
22925,1086,871
22930,1096,871
22935,1091,867
22940,1091,868
22945,1081,867
22950,1078,870
22955,1085,865
22960,1072,860
22965,1079,865
22970,1071,861
22975,1076,860
22980,1066,858
22985,1072,862
22990,1063,862
22995,1060,855
23000,1058,857
23005,1053,854
23010,1038,855
23015,1052,853
23020,1045,857
23025,1044,853
23030,1040,845
23035,1027,847
23040,1024,843
23045,1026,842
23050,1022,846
23055,1003,849
23060,1002,844
23065,1000,844
23070,997,841
23075,982,839
23080,983,839
23085,979,839
23090,960,841
23095,958,838
23100,943,842
23105,942,834
23110,936,839
23115,938,842
23120,925,831
23125,925,837
23130,898,837
23135,893,828
23140,884,832
23145,886,833
23150,877,834
23155,867,831
23160,863,828
23165,851,834
23170,849,830
23175,835,825
23180,830,824
23185,817,831
23190,828,817
23195,798,821
23200,804,817
23205,795,819
23210,789,823
23215,790,822
23220,782,820
23225,765,815
23230,766,813
23235,772,815
23240,771,815
23245,755,814
23250,757,817
23255,753,805
23260,752,806
23265,748,802
23270,760,806
23275,745,800
23280,748,799
23285,755,799
23290,750,792
23295,752,793
23300,759,787
23305,756,784
23310,759,783
23315,759,782
23320,774,781
23325,769,777
23330,773,773
23335,774,765
23340,787,765
23345,796,761
23350,796,761
23355,811,756
23360,828,752
23365,822,748
23370,823,748
23375,837,746
23380,849,743
23385,856,740
23390,868,739
23395,880,736
23400,887,735
23405,905,736
23410,915,727
23415,924,724
23420,933,728
23425,947,720
23430,963,724
23435,962,719
23440,970,719
23445,993,717
23450,998,714
23455,1006,713
23460,1018,714
23465,1025,718
23470,1040,712
23475,1048,710
23480,1051,709
23485,1067,709
23490,1075,709
23495,1088,710
23500,1086,706
23505,1099,712
23510,1102,712
23515,1116,710
23520,1125,713
23525,1137,713
23530,1134,723
23535,1140,715
23540,1149,720
23545,1154,724
23550,1154,729
23555,1159,726
23560,1175,722
23565,1175,729
23570,1180,740
23575,1184,738
23580,1180,742
23585,1176,748
23590,1187,745
23595,1195,742
23600,1193,757
23605,1189,759
23610,1194,759
23615,1193,766
23620,1188,770
23625,1186,774
23630,1185,773
23635,1186,777
23640,1185,782
23645,1178,781
23650,1180,793
23655,1191,795
23660,1178,799
23665,1180,801
23670,1171,812
23675,1170,813
23680,1161,811
23685,1161,814
23690,1161,821
23695,1153,821
23700,1166,825
23705,1164,834
23710,1157,839
23715,1147,835
23720,1147,840
23725,1143,840
23730,1138,842
23735,1144,840
23740,1122,846
23745,1127,845
23750,1128,850
23755,1120,856
23760,1125,864
23765,1118,863
23770,1130,862
23775,1114,863
23780,1111,856
23785,1110,863
23790,1104,867
23795,1096,864
23800,1104,867
23805,1107,868
23810,1097,865
23815,1105,871
23820,1100,863
23825,1098,867
23830,1093,867
23835,1089,869
23840,1090,868
23845,1078,869
23850,1094,867
23855,1076,870
23860,1071,863
23865,1070,862
23870,1077,859
23875,1071,859
23880,1074,860
23885,1068,860
23890,1068,853
23895,1067,859
23900,1047,859
23905,1062,855
23910,1058,858
23915,1045,850
23920,1029,852
23925,1047,848
23930,1037,851
23935,1032,849
23940,1025,841
23945,1016,845
23950,1018,849
23955,1016,846
23960,1007,843
23965,1007,843
23970,999,842
23975,988,841
23980,993,843
23985,972,845
23990,973,836
23995,969,838
24000,956,837
24005,956,836
24010,940,841
24015,933,835
24020,933,836
24025,917,837
24030,907,832
24035,911,836
24040,892,831
24045,890,828
24050,883,827
24055,876,834
24060,864,827
24065,856,829
24070,843,824
24075,838,830
24080,831,834
24085,828,831
24090,821,823
24095,809,822
24100,804,823
24105,802,822
24110,791,825
24115,785,819
24120,782,820
24125,774,822
24130,769,815
24135,761,816
24140,765,807
24145,754,813
24150,755,815
24155,760,812
24160,749,804
24165,746,807
24170,735,799
24175,743,804
24180,746,799
24185,741,796
24190,747,798
24195,745,796
24200,756,789
24205,745,791
24210,757,783
24215,759,778
24220,750,777
24225,772,775
24230,771,773
24235,770,773
24240,787,765
24245,791,763
24250,800,763
24255,814,761
24260,812,761
24265,811,755
24270,838,749
24275,833,750
24280,846,743
24285,855,740
24290,857,737
24295,868,739
24300,875,737
24305,899,728
24310,903,726
24315,914,724
24320,926,725
24325,938,726
24330,950,724
24335,962,714
24340,973,716
24345,978,719
24350,991,713
24355,994,710
24360,1009,714
24365,1020,708
24370,1029,706
24375,1043,711
24380,1046,710
24385,1066,708
24390,1063,710
24395,1076,709
24400,1088,707
24405,1094,709
24410,1100,707
24415,1108,714
24420,1118,715
24425,1121,714
24430,1138,722
24435,1140,717
24440,1142,715
24445,1154,720
24450,1150,727
24455,1168,726
24460,1170,729
24465,1170,732
24470,1174,736
24475,1175,733
24480,1177,739
24485,1185,746
24490,1182,745
24495,1180,751
24500,1178,748
24505,1193,755
24510,1183,764
24515,1186,762
24520,1185,763
24525,1181,771
24530,1186,771
24535,1181,783
24540,1175,783
24545,1189,785
24550,1184,785
24555,1178,792
24560,1181,797
24565,1183,801
24570,1175,805
24575,1185,809
24580,1164,813
24585,1164,815
24590,1164,818
24595,1153,824
24600,1158,823
24605,1153,828
24610,1153,834
24615,1150,840
24620,1142,834
24625,1142,838
24630,1141,842
24635,1134,843
24640,1141,848
24645,1137,851
24650,1133,851
24655,1118,855
24660,1121,854
24665,1110,859
24670,1120,862
24675,1113,864
24680,1108,861
24685,1106,864
24690,1111,862
24695,1102,863
24700,1113,862
24705,1101,865
24710,1095,864
24715,1098,867
24720,1092,864
24725,1095,871
24730,1091,864
24735,1092,872
24740,1079,867
24745,1089,867
24750,1082,866
24755,1085,869
24760,1083,867
24765,1079,864
24770,1082,864
24775,1074,864
24780,1084,861
24785,1073,861
24790,1066,860
24795,1068,859
24800,1061,862
24805,1067,859
24810,1037,857
24815,1052,857
24820,1058,848
24825,1051,851
24830,1035,857
24835,1039,847
24840,1030,849
24845,1018,852
24850,1018,843
24855,1014,844
24860,1009,841
24865,1014,841
24870,999,842
24875,997,841
24880,995,845
24885,980,842
24890,976,838
24895,974,845
24900,970,840
24905,959,843
24910,940,839
24915,943,836
24920,934,835
24925,924,835
24930,910,837
24935,903,839
24940,899,833
24945,892,834
24950,881,832
24955,873,824
24960,865,829
24965,866,832
24970,860,832
24975,838,829
24980,837,828
24985,832,827
24990,818,825
24995,819,825
25000,808,825
25005,806,827
25010,794,819
25015,788,821
25020,787,822
25025,777,818
25030,778,812
25035,766,819
25040,762,816
25045,758,811
25050,763,812
25055,761,808
25060,754,810
25065,740,803
25070,748,810
25075,746,802
25080,751,802
25085,752,793
25090,742,801
25095,745,792
25100,766,790
25105,756,788
25110,759,787
25115,759,786
25120,759,779
25125,753,776
25130,770,773
25135,778,770
25140,783,770
25145,787,770
25150,794,766
25155,798,762
25160,806,761
25165,820,755
25170,820,757
25175,836,751
25180,841,745
25185,847,743
25190,863,741
25195,863,741
25200,886,738
25205,882,732
25210,905,731
25215,899,729
25220,923,725
25225,931,725
25230,941,726
25235,949,718
25240,954,721
25245,969,717
25250,981,713
25255,993,718
25260,1004,715
25265,1013,709
25270,1035,716
25275,1033,709
25280,1037,709
25285,1058,705
25290,1064,700
25295,1073,714
25300,1082,709
25305,1094,710
25310,1105,705
25315,1106,713
25320,1115,709
25325,1136,716
25330,1134,717
25335,1133,718
25340,1143,719
25345,1147,721
25350,1168,716
25355,1160,724
25360,1165,730
25365,1166,733
25370,1172,730
25375,1188,735
25380,1177,730
25385,1174,742
25390,1197,740
25395,1186,743
25400,1184,750
25405,1190,753
25410,1186,752
25415,1193,763
25420,1185,768
25425,1182,770
25430,1182,772
25435,1186,772
25440,1186,778
25445,1187,787
25450,1178,784
25455,1171,787
25460,1177,797
25465,1172,797
25470,1180,804
25475,1167,808
25480,1161,809
25485,1169,812
25490,1166,820
25495,1159,817
25500,1168,824
25505,1156,825
25510,1150,829
25515,1159,834
25520,1154,835
25525,1153,838
25530,1145,840
25535,1136,844
25540,1134,847
25545,1131,850
25550,1128,853
25555,1124,850
25560,1120,858
25565,1119,854
25570,1122,855
25575,1111,863
25580,1114,855
25585,1120,863
25590,1111,863
25595,1104,861
25600,1096,869
25605,1105,863
25610,1097,867
25615,1107,865
25620,1097,868
25625,1097,863
25630,1101,867
25635,1088,863
25640,1097,873
25645,1084,865
25650,1087,870
25655,1084,867
25660,1086,864
25665,1078,866
25670,1078,864
25675,1071,863
25680,1078,865
25685,1069,867
25690,1062,858
25695,1068,860
25700,1069,862
25705,1064,858
25710,1062,851
25715,1052,854
25720,1054,855
25725,1053,849
25730,1041,847
25735,1030,852
25740,1032,848
25745,1031,847
25750,1023,848
25755,1021,846
25760,1008,848
25765,1016,840
25770,1001,845
25775,991,844
25780,988,848
25785,989,840
25790,976,835
25795,974,841
25800,968,842
25805,956,836
25810,960,836
25815,946,836
25820,935,838
25825,928,833
25830,923,833
25835,913,831
25840,907,839
25845,898,832
25850,893,829
25855,880,829
25860,872,826
25865,870,828
25870,860,826
25875,856,825
25880,841,833
25885,831,828
25890,824,825
25895,825,826
25900,807,826
25905,815,820
25910,800,823
25915,788,822
25920,786,819
25925,785,821
25930,773,813
25935,781,814
25940,761,817
25945,767,811
25950,767,815
25955,752,811
25960,747,808
25965,748,805
25970,750,805
25975,747,798
25980,747,797
25985,749,802
25990,742,803
25995,755,789
26000,750,793
26005,754,793
26010,763,791
26015,752,782
26020,756,781
26025,767,776
26030,774,776
26035,771,776
26040,777,768
26045,786,768
26050,788,763
26055,794,767
26060,802,760
26065,817,756
26070,822,757
26075,821,754
26080,845,749
26085,842,736
26090,849,746
26095,875,742
26100,869,743
26105,880,735
26110,889,730
26115,907,731
26120,911,724
26125,925,731
26130,930,723
26135,948,728
26140,963,718
26145,967,716
26150,972,719
26155,980,717
26160,1005,713
26165,1010,708
26170,1020,710
26175,1030,708
26180,1037,711
26185,1057,713
26190,1059,708
26195,1070,712
26200,1067,710
26205,1082,704
26210,1094,709
26215,1101,712
26220,1115,710
26225,1113,714
26230,1120,715
26235,1127,724
26240,1142,716
26245,1145,723
26250,1150,721
26255,1153,726
26260,1157,726
26265,1165,730
26270,1169,730
26275,1171,732
26280,1186,735
26285,1177,740
26290,1181,738
26295,1178,747
26300,1191,745
26305,1191,747
26310,1186,753
26315,1181,758
26320,1185,768
26325,1180,765
26330,1196,772
26335,1184,772
26340,1193,781
26345,1189,778
26350,1186,779
26355,1170,789
26360,1181,798
26365,1169,799
26370,1177,804
26375,1173,803
26380,1167,805
26385,1168,810
26390,1165,816
26395,1162,818
26400,1159,825
26405,1170,817
26410,1149,826
26415,1153,834
26420,1152,840
26425,1144,836
26430,1151,839
26435,1143,847
26440,1128,840
26445,1127,847
26450,1124,851
26455,1130,852
26460,1122,849
26465,1125,857
26470,1120,857
26475,1122,859
26480,1108,867
26485,1110,860
26490,1119,866
26495,1108,866
26500,1118,868
26505,1109,863
26510,1098,866
26515,1105,862
26520,1095,863
26525,1097,867
26530,1091,864
26535,1091,863
26540,1092,867
26545,1088,868
26550,1095,865
26555,1083,861
26560,1084,865
26565,1080,864
26570,1083,863
26575,1078,859
26580,1068,863
26585,1066,863
26590,1072,862
26595,1066,868
26600,1074,857
26605,1066,859
26610,1062,860
26615,1053,851
26620,1056,857
26625,1049,853
26630,1045,857
26635,1037,852
26640,1031,854
26645,1031,850
26650,1024,850
26655,1028,848
26660,1018,845
26665,1015,847
26670,1008,842
26675,995,839
26680,999,844
26685,995,845
26690,991,844
26695,979,842
26700,965,844
26705,960,838
26710,960,838
26715,942,845
26720,937,838
26725,938,835
26730,911,834
26735,928,833
26740,916,835
26745,906,830
26750,897,833
26755,890,832
26760,878,832
26765,871,827
26770,861,833
26775,855,827
26780,840,832
26785,847,829
26790,836,826
26795,816,828
26800,812,824
26805,807,826
26810,809,824
26815,795,826
26820,793,822
26825,780,823
26830,775,814
26835,774,822
26840,777,810
26845,768,814
26850,757,808
26855,760,810
26860,757,812
26865,757,806
26870,755,803
26875,752,809
26880,750,802
26885,738,796
26890,746,793
26895,760,794
26900,759,795
26905,752,786
26910,754,794
26915,760,784
26920,762,782
26925,756,783
26930,761,779
26935,776,773
26940,764,774
26945,780,762
26950,782,764
26955,795,765
26960,795,760
26965,806,755
26970,814,753
26975,822,754
26980,826,751
26985,838,751
26990,849,747
26995,858,737
27000,863,743
27005,873,732
27010,883,734
27015,897,737
27020,910,730
27025,912,722
27030,935,728
27035,930,719
27040,957,721
27045,966,727
27050,976,724
27055,986,714
27060,978,720
27065,1001,717
27070,1013,710
27075,1029,717
27080,1031,712
27085,1043,705
27090,1053,716
27095,1070,711
27100,1079,705
27105,1089,711
27110,1085,708
27115,1102,712
27120,1112,707
27125,1115,712
27130,1117,713
27135,1129,726
27140,1141,716
27145,1145,715
27150,1138,719
27155,1162,721
27160,1150,723
27165,1176,724
27170,1164,730
27175,1176,734
27180,1180,733
27185,1181,737
27190,1177,738
27195,1186,742
27200,1182,748
27205,1186,749
27210,1191,747
27215,1187,756
27220,1190,760
27225,1191,762
27230,1188,768
27235,1181,770
27240,1185,775
27245,1191,778
27250,1182,782
27255,1186,791
27260,1184,788
27265,1183,794
27270,1179,792
27275,1173,802
27280,1164,806
27285,1163,809
27290,1170,817
27295,1160,817
27300,1160,827
27305,1163,822
27310,1162,830
27315,1148,831
27320,1151,830
27325,1144,832
27330,1144,834
27335,1142,840
27340,1137,845
27345,1137,852
27350,1134,850
27355,1132,847
27360,1128,854
27365,1120,851
27370,1118,852
27375,1120,860
27380,1112,859
27385,1109,863
27390,1113,858
27395,1113,862
27400,1108,863
27405,1105,866
27410,1107,874
27415,1104,866
27420,1109,867
27425,1097,860
27430,1094,868
27435,1094,874
27440,1098,865
27445,1088,874
27450,1084,868
27455,1083,864
27460,1086,865
27465,1083,864
27470,1087,868
27475,1081,864
27480,1074,860
27485,1080,861
27490,1071,857
27495,1073,858
27500,1065,864
27505,1068,855
27510,1051,857
27515,1059,859
27520,1047,857
27525,1050,855
27530,1049,850
27535,1037,849
27540,1041,845
27545,1043,851
27550,1034,847
27555,1024,848
27560,1019,846
27565,1003,843
27570,1012,849
27575,1008,848
27580,991,844
27585,989,845
27590,987,846
27595,987,848
27600,977,841
27605,965,846
27610,960,837
27615,950,836
27620,948,836
27625,925,840
27630,924,832
27635,925,834
27640,908,829
27645,907,836
27650,906,833
27655,887,833
27660,885,827
27665,874,834
27670,862,832
27675,858,824
27680,849,830
27685,849,832
27690,837,827
27695,824,826
27700,813,827
27705,814,825
27710,807,823
27715,801,819
27720,794,821
27725,790,820
27730,792,819
27735,778,813
27740,771,818
27745,768,816
27750,758,820
27755,757,811
27760,758,805
27765,754,806
27770,744,808
27775,751,801
27780,751,802
27785,743,800
27790,753,797
27795,752,791
27800,745,791
27805,761,791
27810,757,796
27815,750,791
27820,752,789
27825,760,783
27830,766,783
27835,761,778
27840,778,776
27845,773,770
27850,786,769
27855,782,767
27860,791,765
27865,794,755
27870,809,762
27875,818,749
27880,829,754
27885,837,750
27890,840,746
27895,858,745
27900,865,737
27905,861,740
27910,887,726
27915,894,734
27920,899,734
27925,909,732
27930,922,724
27935,936,726
27940,935,724
27945,950,719
27950,965,717
27955,966,720
27960,992,713
27965,994,714
27970,1002,709
27975,1010,717
27980,1031,713
27985,1041,711
27990,1048,711
27995,1061,713
28000,1065,711
28005,1079,706
28010,1090,713
28015,1095,711
28020,1103,710
28025,1116,713
28030,1117,708
28035,1127,713
28040,1128,715
28045,1141,720
28050,1143,719
28055,1149,717
28060,1161,722
28065,1160,719
28070,1170,732
28075,1173,728
28080,1176,726
28085,1178,731
28090,1186,739
28095,1180,740
28100,1177,745
28105,1187,746
28110,1183,751
28115,1179,759
28120,1191,756
28125,1186,761
28130,1184,770
28135,1184,766
28140,1188,772
28145,1178,774
28150,1186,780
28155,1181,780
28160,1189,788
28165,1170,789
28170,1182,793
28175,1169,799
28180,1170,801
28185,1169,798
28190,1171,807
28195,1162,819
28200,1168,816
28205,1159,822
28210,1155,828
28215,1157,827
28220,1147,830
28225,1149,827
28230,1153,838
28235,1142,839
28240,1142,840
28245,1133,843
28250,1125,848
28255,1143,845
28260,1135,852
28265,1120,858
28270,1123,849
28275,1127,851
28280,1120,855
28285,1120,855
28290,1106,859
28295,1110,863
28300,1107,868
28305,1105,863
28310,1108,869
28315,1104,870
28320,1101,863
28325,1105,870
28330,1095,859
28335,1097,869
28340,1095,868
28345,1089,863
28350,1087,865
28355,1090,865
28360,1092,869
28365,1081,860
28370,1079,862
28375,1084,863
28380,1083,861
28385,1076,863
28390,1077,860
28395,1075,861
28400,1070,859
28405,1068,859
28410,1056,857
28415,1065,859
28420,1052,857
28425,1047,856
28430,1049,860
28435,1049,848
28440,1034,855
28445,1039,848
28450,1029,852
28455,1030,852
28460,1016,847
28465,1023,845
28470,1012,849
28475,1009,851
28480,1009,850
28485,1006,846
28490,986,841
28495,981,843
28500,969,840
28505,971,847
28510,954,836
28515,957,837
28520,950,840
28525,950,841
28530,937,835
28535,917,837
28540,917,837
28545,911,834
28550,905,826
28555,888,829
28560,886,834
28565,875,829
28570,870,830
28575,864,826
28580,858,827
28585,852,826
28590,842,828
28595,821,829
28600,825,831
28605,823,826
28610,809,827
28615,805,824
28620,788,821
28625,792,817
28630,786,816
28635,787,822
28640,776,820
28645,766,813
28650,772,815
28655,762,810
28660,761,813
28665,758,816
28670,752,808
28675,748,812
28680,744,802
28685,749,803
28690,756,801
28695,746,799
28700,742,794
28705,750,793
28710,751,792
28715,756,783
28720,759,790
28725,763,786
28730,760,782
28735,768,776
28740,770,774
28745,767,772
28750,778,773
28755,786,766
28760,791,769
28765,802,765
28770,805,762
28775,811,748
28780,822,750
28785,831,746
28790,841,742
28795,837,740
28800,852,742
28805,869,736
28810,873,737
28815,875,737
28820,901,726
28825,897,732
28830,915,729
28835,927,732
28840,941,725
28845,953,724
28850,956,718
28855,967,712
28860,979,716
28865,993,722
28870,1010,712
28875,1017,714
28880,1026,716
28885,1031,708
28890,1047,708
28895,1055,705
28900,1066,707
28905,1067,708
28910,1085,708
28915,1082,714
28920,1108,710
28925,1102,711
28930,1109,710
28935,1120,715
28940,1127,714
28945,1136,715
28950,1137,721
28955,1147,723
28960,1154,718
28965,1158,728
28970,1159,723
28975,1159,726
28980,1165,735
28985,1175,727
28990,1171,734
28995,1181,739
29000,1182,740
29005,1185,748
29010,1179,751
29015,1181,748
29020,1183,759
29025,1185,762
29030,1190,759
29035,1187,766
29040,1189,773
29045,1182,777
29050,1190,781
29055,1182,783
29060,1182,788
29065,1186,793
29070,1179,795
29075,1181,795
29080,1169,801
29085,1173,808
29090,1168,808
29095,1170,813
29100,1159,814
29105,1165,823
29110,1159,825
29115,1156,826
29120,1167,827
29125,1153,835
29130,1150,835
29135,1149,841
29140,1143,841
29145,1146,840
29150,1140,846
29155,1128,847
29160,1121,849
29165,1138,853
29170,1128,856
29175,1122,854
29180,1122,860
29185,1109,859
29190,1120,864
29195,1113,866
29200,1112,865
29205,1105,864
29210,1105,865
29215,1097,865
29220,1108,866
29225,1099,869
29230,1105,871
29235,1100,862
29240,1096,873
29245,1095,868
29250,1093,870
29255,1098,870
29260,1084,864
29265,1088,868
29270,1087,863
29275,1091,868
29280,1085,868
29285,1075,864
29290,1073,864
29295,1071,859
29300,1059,861
29305,1066,863
29310,1067,855
29315,1058,857
29320,1054,856
29325,1060,864
29330,1041,851
29335,1040,851
29340,1051,858
29345,1046,854
29350,1036,854
29355,1031,845
29360,1021,842
29365,1024,845
29370,1010,849
29375,1013,849
29380,1001,843
29385,1005,843
29390,984,843
29395,990,845
29400,980,841
29405,970,845
29410,974,842
29415,954,836
29420,960,838
29425,942,835
29430,940,832
29435,927,831
29440,926,836
29445,910,838
29450,910,834
29455,907,835
29460,892,832
29465,885,827
29470,872,834
29475,863,830
29480,858,830
29485,859,833
29490,856,826
29495,832,822
29500,837,830
29505,813,832
29510,816,823
29515,803,831
29520,794,818
29525,791,822
29530,787,823
29535,785,816
29540,782,813
29545,780,818
29550,766,812
29555,774,814
29560,760,809
29565,760,805
29570,756,809
29575,757,805
29580,750,804
29585,757,805
29590,743,801
29595,757,793
29600,743,802
29605,744,794
29610,763,796
29615,751,789
29620,752,792
29625,752,787
29630,756,781
29635,762,782
29640,763,779
29645,770,775
29650,776,771
29655,781,771
29660,786,765
29665,797,760
29670,807,766
29675,808,759
29680,816,754
29685,823,751
29690,836,751
29695,837,747
29700,849,744
29705,857,739
29710,866,735
29715,888,734
29720,891,732
29725,900,728
29730,913,729
29735,927,726
29740,927,723
29745,943,724
29750,957,717
29755,967,717
29760,971,717
29765,996,716
29770,995,717
29775,1012,718
29780,1018,714
29785,1028,713
29790,1039,710
29795,1050,708
29800,1061,708
29805,1068,710
29810,1073,712
29815,1077,704
29820,1097,712
29825,1101,708
29830,1113,713
29835,1115,714
29840,1119,711
29845,1140,711
29850,1134,712
29855,1139,720
29860,1153,717
29865,1152,720
29870,1163,719
29875,1162,725
29880,1169,726
29885,1176,736
29890,1169,729
29895,1172,741
29900,1182,745
29905,1187,744
29910,1181,750
29915,1181,750
29920,1181,756
29925,1195,757
29930,1181,758
29935,1177,761
29940,1183,768
29945,1197,769
29950,1187,770
29955,1181,781
29960,1176,781
29965,1187,790
29970,1191,790
29975,1175,800
29980,1177,793
29985,1171,805
29990,1169,811
29995,1170,817
30000,1163,813
30005,1168,814
30010,1164,818
30015,1155,822
30020,1162,827
30025,1148,830
30030,1154,830
30035,1143,835
30040,1143,835
30045,1141,842
30050,1132,852
30055,1132,845
30060,1134,853
30065,1134,854
30070,1132,852
30075,1121,850
30080,1126,857
30085,1118,860
30090,1112,860
30095,1111,858
30100,1112,864
30105,1110,862
30110,1106,865
30115,1111,862
30120,1104,867
30125,1102,863
30130,1093,866
30135,1096,865
30140,1093,865
30145,1096,866
30150,1089,866
30155,1083,867
30160,1091,868
30165,1086,871
30170,1082,863
30175,1079,862
30180,1073,867
30185,1074,862
30190,1086,865
30195,1085,858
30200,1065,862
30205,1072,865
30210,1060,856
30215,1071,858
30220,1060,858
30225,1061,858
30230,1057,856
30235,1048,853
30240,1046,851
30245,1051,857
30250,1035,847
30255,1036,852
30260,1023,846
30265,1023,846
30270,1021,846
30275,1012,849
30280,1014,847
30285,996,842
30290,992,842
30295,989,849
30300,987,843
30305,977,843
30310,969,840
30315,976,835
30320,954,843
30325,952,845
30330,950,840
30335,933,835
30340,926,837
30345,919,837
30350,910,836
30355,903,837
30360,898,832
30365,878,841
30370,874,832
30375,883,826
30380,857,832
30385,859,826
30390,856,827
30395,837,826
30400,838,828
30405,823,826
30410,821,829
30415,817,824
30420,806,826
30425,798,820
30430,787,821
30435,790,823
30440,772,816
30445,780,816
30450,776,815
30455,777,814
30460,763,811
30465,758,807
30470,748,810
30475,753,808
30480,745,806
30485,747,806
30490,744,804
30495,747,797
30500,755,795
30505,755,800
30510,750,797
30515,755,793
30520,754,789
30525,751,788
30530,747,786
30535,759,781
30540,771,774
30545,760,773
30550,768,773
30555,780,770
30560,786,771
30565,781,766
30570,803,758
30575,801,754
30580,801,757
30585,825,752
30590,827,753
30595,835,752
30600,852,745
30605,857,739
30610,867,740
30615,860,737
30620,878,736
30625,902,731
30630,903,733
30635,913,723
30640,915,728
30645,933,721
30650,949,721
30655,952,716
30660,969,720
30665,983,718
30670,997,714
30675,1000,713
30680,1019,713
30685,1018,714
30690,1031,712
30695,1040,711
30700,1050,708
30705,1066,707
30710,1071,708
30715,1075,709
30720,1078,708
30725,1094,715
30730,1111,710
30735,1106,703
30740,1113,714
30745,1137,712
30750,1139,717
30755,1145,718
30760,1149,720
30765,1148,720
30770,1154,725
30775,1160,727
30780,1166,726
30785,1177,723
30790,1175,737
30795,1174,733
30800,1174,742
30805,1193,741
30810,1190,745
30815,1176,749
30820,1197,756
30825,1190,752
30830,1183,760
30835,1197,769
30840,1190,765
30845,1192,765
30850,1191,772
30855,1184,779
30860,1180,784
30865,1191,784
30870,1186,790
30875,1172,800
30880,1178,795
30885,1176,801
30890,1176,804
30895,1170,806
30900,1171,812
30905,1161,817
30910,1156,819
30915,1168,820
30920,1162,825
30925,1152,827
30930,1149,832
30935,1151,836
30940,1146,840
30945,1145,832
30950,1142,842
30955,1139,848
30960,1139,848
30965,1135,844
30970,1127,857
30975,1125,851
30980,1117,856
30985,1122,858
30990,1113,859
30995,1111,860
31000,1119,865
31005,1102,859
31010,1114,863
31015,1104,863
31020,1100,870
31025,1101,869
31030,1100,868
31035,1096,863
31040,1097,869
31045,1094,867
31050,1094,863
31055,1091,869
31060,1092,870
31065,1088,870
31070,1077,867
31075,1079,863
31080,1085,868
31085,1086,863
31090,1068,859
31095,1073,862
31100,1089,861
31105,1072,861
31110,1064,863
31115,1067,856
31120,1058,852
31125,1047,859
31130,1050,860
31135,1049,854
31140,1052,855
31145,1044,852
31150,1035,855
31155,1039,853
31160,1030,844
31165,1028,851
31170,1018,843
31175,1012,841
31180,1005,848
31185,1002,842
31190,995,846
31195,989,842
31200,985,840
31205,982,841
31210,974,837
31215,969,837
31220,959,840
31225,961,836
31230,948,837
31235,940,837
31240,925,832
31245,917,831
31250,912,835
31255,900,830
31260,897,836
31265,894,829
31270,886,825
31275,873,832
31280,873,827
31285,852,825
31290,847,832
31295,848,826
31300,837,830
31305,829,826
31310,818,825
31315,816,822
31320,812,827
31325,804,825
31330,796,830
31335,788,822
31340,784,820
31345,777,818
31350,775,818
31355,769,812
31360,769,814
31365,755,811
31370,756,811
31375,753,807
31380,759,805
31385,752,806
31390,745,804
31395,752,809
31400,756,801
31405,755,797
31410,748,793
31415,740,792
31420,759,792
31425,742,782
31430,749,781
31435,753,782
31440,764,784
31445,764,778
31450,771,776
31455,775,771
31460,787,765
31465,795,764
31470,789,764
31475,797,761
31480,811,756
31485,814,756
31490,826,753
31495,833,748
31500,843,754
31505,851,740
31510,858,745
31515,865,740
31520,877,736
31525,894,734
31530,902,732
31535,901,729
31540,926,722
31545,932,726
31550,942,721
31555,952,722
31560,964,717
31565,979,717
31570,988,717
31575,991,714
31580,1007,716
31585,1020,712
31590,1025,711
31595,1035,711
31600,1044,709
31605,1043,711
31610,1065,714
31615,1081,712
31620,1083,705
31625,1089,708
31630,1101,708
31635,1112,715
31640,1117,710
31645,1114,715
31650,1115,713
31655,1142,712
31660,1140,720
31665,1148,718
31670,1149,721
31675,1149,723
31680,1166,729
31685,1168,729
31690,1168,732
31695,1176,737
31700,1180,739
31705,1172,742
31710,1185,737
31715,1179,743
31720,1181,747
31725,1184,753
31730,1183,757
31735,1198,758
31740,1185,763
31745,1186,765
31750,1186,770
31755,1180,777
31760,1181,780
31765,1191,779
31770,1178,786
31775,1182,791
31780,1177,793
31785,1183,800
31790,1181,798
31795,1171,801
31800,1171,811
31805,1159,814
31810,1155,813
31815,1160,815
31820,1160,825
31825,1158,827
31830,1150,829
31835,1152,835
31840,1153,835
31845,1146,841
31850,1154,840
31855,1146,843
31860,1136,846
31865,1131,850
31870,1129,854
31875,1125,850
31880,1124,858
31885,1120,854
31890,1119,860
31895,1114,858
31900,1118,858
31905,1104,861
31910,1117,859
31915,1111,862
31920,1111,864
31925,1098,866
31930,1105,868
31935,1094,865
31940,1093,867
31945,1089,864
31950,1104,868
31955,1093,865
31960,1095,863
31965,1088,871
31970,1090,868
31975,1080,870
31980,1089,862
31985,1083,866
31990,1073,867
31995,1080,863
32000,1069,859
32005,1074,860
32009,1063,861
32015,1065,863
32020,1053,858
32025,1061,851
32030,1055,858
32034,1058,856
32040,1045,849
32045,1043,856
32049,1044,853
32055,1038,852
32060,1034,847
32064,1033,844
32070,1030,844
32075,1018,844
32080,1011,846
32085,1016,846
32090,1009,837
32095,991,838
32100,1000,844
32104,990,838
32110,973,845
32115,977,838
32119,967,838
32125,958,836
32130,951,841
32134,942,838
32140,930,832
32145,933,831
32150,917,836
32155,908,834
32159,900,834
32165,900,838
32170,895,834
32174,877,830
32180,868,833
32185,870,825
32189,855,824
32195,856,831
32200,841,828
32205,827,825
32210,825,827
32215,824,823
32220,814,822
32225,802,820
32229,803,824
32235,794,821
32240,784,816
32244,776,818
32250,777,813
32255,771,818
32259,774,816
32265,755,816
32270,755,814
32275,766,809
32280,761,809
32284,758,801
32290,749,807
32295,758,798
32299,748,798
32305,752,799
32310,743,798
32314,751,796
32320,746,791
32325,754,796
32330,749,790
32335,754,781
32340,766,781
32345,765,781
32350,782,774
32354,772,769
32360,776,775
32365,772,761
32369,794,767
32375,796,762
32380,795,761
32384,808,753
32390,822,753
32395,824,752
32400,836,751
32405,844,745
32409,859,744
32415,861,738
32420,870,735
32424,882,733
32430,894,735
32435,907,730
32439,915,724
32445,927,725
32450,932,724
32455,937,721
32460,951,718
32465,964,716
32470,978,719
32475,990,714
32479,996,714
32485,1006,715
32490,1027,711
32494,1033,711
32500,1040,708
32505,1055,711
32509,1057,712
32515,1064,711
32520,1084,714
32525,1083,709
32530,1092,707
32534,1104,709
32540,1108,713
32545,1117,712
32549,1127,713
32555,1124,717
32560,1140,717
32564,1145,718
32570,1151,725
32575,1154,725
32580,1163,727
32585,1169,730
32590,1168,728
32595,1166,736
32600,1178,740
32604,1174,740
32610,1185,736
32615,1179,745
32619,1187,752
32625,1188,743
32630,1184,756
32634,1189,761
32640,1187,768
32645,1193,761
32650,1189,766
32655,1178,777
32659,1186,779
32665,1181,783
32670,1186,781
32674,1185,790
32680,1174,792
32685,1176,796
32689,1179,797
32695,1168,802
32700,1170,810
32705,1174,811
32710,1162,816
32715,1164,821
32720,1169,818
32725,1160,826
32729,1149,826
32735,1151,825
32740,1143,834
32744,1155,838
32750,1138,842
32755,1137,839
32759,1135,847
32765,1128,846
32770,1129,851
32775,1125,845
32780,1124,855
32785,1121,854
32790,1125,851
32795,1118,857
32800,1115,856
32805,1109,863
32810,1113,865
32815,1108,862
32820,1099,865
32825,1100,867
32830,1096,867
32835,1102,868
32840,1086,871
32845,1098,865
32850,1100,867
32855,1092,861
32860,1091,869
32865,1092,871
32870,1080,863
32875,1085,863
32880,1087,873
32885,1076,863
32890,1074,867
32895,1077,863
32900,1075,859
32905,1079,861
32910,1076,865
32915,1072,857
32920,1058,860
32925,1069,858
32930,1061,854
32935,1057,858
32940,1053,856
32945,1052,855
32950,1042,851
32955,1042,856
32960,1036,854
32965,1033,850
32970,1032,849
32975,1019,842
32980,1022,851
32985,1013,843
32990,1012,843
32995,999,845
33000,989,843
33005,982,836
33010,985,841
33015,969,840
33020,967,839
33025,959,836
33030,954,838
33035,944,836
33040,938,837
33045,934,832
33050,927,835
33055,927,832
33060,915,839
33065,901,840
33070,884,831
33075,892,829
33080,880,828
33085,867,828
33090,865,826
33095,859,832
33100,851,827
33105,839,825
33110,828,829
33115,821,823
33120,820,824
33125,814,822
33130,806,819
33135,809,826
33140,786,814
33145,784,819
33150,783,820
33155,779,818
33160,766,814
33165,761,814
33170,767,812
33175,757,809
33180,756,808
33185,744,806
33190,751,806
33195,759,803
33200,748,807
33205,745,804
33210,746,801
33215,750,798
33220,746,790
33225,758,793
33230,760,787
33235,765,791
33240,750,779
33245,767,780
33250,765,780
33255,771,776
33260,778,771
33265,774,769
33270,791,766
33275,791,760
33280,799,768
33285,803,757
33290,820,752
33295,818,755
33300,826,750
33305,845,750
33310,855,744
33315,865,744
33320,868,743
33325,865,740
33330,877,735
33335,904,731
33340,904,725
33345,914,727
33350,928,722
33355,938,727
33360,953,723
33365,961,717
33370,971,721
33375,979,716
33380,994,711
33385,999,712
33390,1020,715
33395,1021,709
33400,1029,708
33405,1041,709
33410,1051,714
33415,1051,706
33420,1077,711
33425,1083,709
33430,1094,707
33435,1094,714
33440,1112,714
33445,1127,713
33450,1109,714
33455,1132,714
33460,1132,717
33465,1148,719
33470,1149,719
33475,1156,725
33480,1164,719
33485,1166,726
33490,1174,729
33495,1172,734
33500,1168,735
33505,1182,736
33510,1186,737
33515,1180,740
33520,1188,744
33525,1186,747
33530,1185,747
33535,1195,760
33540,1196,760
33545,1192,766
33550,1190,766
33555,1177,772
33560,1187,775
33565,1186,783
33570,1187,778
33575,1183,783
33580,1186,792
33585,1170,791
33590,1183,797
33595,1180,806
33600,1183,804
33605,1167,806
33610,1167,813
33615,1158,816
33620,1167,822
33625,1165,819
33630,1167,825
33635,1151,830
33640,1157,829
33645,1145,834
33650,1143,841
33655,1143,845
33660,1136,840
33665,1142,847
33670,1129,849
33675,1132,851
33680,1134,853
33685,1131,847
33690,1123,857
33695,1122,853
33700,1120,866
33705,1122,863
33710,1105,861
33715,1111,858
33720,1110,861
33725,1104,863
33730,1101,863
33735,1100,866
33740,1100,870
33745,1093,871
33750,1095,868
33755,1087,862
33760,1087,864
33765,1091,862
33770,1090,867
33775,1093,866
33780,1089,871
33785,1073,865
33790,1082,859
33795,1083,862
33800,1079,863
33805,1082,863
33810,1072,857
33815,1069,858
33820,1063,864
33825,1068,857
33830,1060,858
33835,1057,853
33840,1051,856
33845,1049,851
33850,1050,853
33855,1037,855
33860,1034,852
33865,1036,851
33870,1033,854
33875,1034,848
33880,1019,851
33885,1013,841
33890,1000,847
33895,1003,844
33900,1001,843
33905,1006,836
33910,986,841
33915,978,843
33920,979,838
33925,959,836
33930,954,840
33935,957,837
33940,938,837
33945,947,842
33950,928,835
33955,919,837
33960,912,830
33965,899,834
33970,893,836
33975,882,833
33980,882,831
33985,866,828
33990,871,828
33995,862,830
34000,857,827
34005,836,828
34010,839,830
34015,821,829
34020,816,822
34025,808,823
34030,803,825
34035,792,830
34040,798,820
34045,792,815
34050,785,823
34055,778,821
34060,769,819
34065,762,815
34070,760,811
34075,761,816
34080,748,809
34085,763,808
34090,760,810
34095,755,807
34100,749,803
34105,745,801
34110,754,795
34115,747,795
34120,745,790
34125,749,792
34130,747,791
34135,749,786
34140,751,784
34145,757,778
34150,757,781
34155,768,771
34160,773,774
34165,783,772
34170,779,772
34175,795,762
34180,800,755
34185,801,760
34190,812,758
34195,811,753
34200,817,750
34205,840,754
34210,849,744
34215,859,745
34220,854,735
34225,870,735
34230,891,736
34235,896,728
34240,906,734
34245,920,732
34250,916,733
34255,939,726
34260,941,722
34265,954,720
34270,960,715
34275,972,716
34280,981,715
34285,1000,716
34290,1011,713
34295,1014,705
34300,1026,714
34305,1033,710
34310,1043,716
34315,1053,709
34320,1074,705
34325,1074,707
34330,1090,711
34335,1094,713
34340,1094,711
34345,1114,713
34350,1113,714
34355,1113,713
34360,1125,715
34365,1134,718
34370,1147,718
34375,1153,721
34380,1150,723
34385,1165,728
34390,1164,726
34395,1171,730
34400,1174,730
34405,1183,728
34410,1188,739
34415,1185,740
34420,1181,743
34425,1179,747
34430,1184,755
34435,1191,751
34440,1193,755
34445,1186,763
34450,1190,763
34455,1187,772
34460,1191,774
34465,1187,781
34470,1197,782
34475,1190,788
34480,1176,792
34485,1176,794
34490,1176,795
34495,1180,799
34500,1172,804
34505,1168,805
34510,1162,812
34515,1169,814
34520,1171,814
34525,1157,820
34530,1161,828
34535,1157,827
34540,1159,826
34545,1152,832
34550,1156,835
34555,1137,842
34560,1143,841
34565,1150,839
34570,1142,856
34575,1126,850
34580,1133,851
34585,1131,855
34590,1118,856
34595,1126,856
34600,1120,861
34605,1111,859
34610,1117,862
34615,1109,865
34620,1107,860
34625,1104,868
34630,1104,863
34635,1105,862
34640,1107,869
34645,1106,863
34650,1094,861
34655,1103,864
34660,1100,870
34665,1094,867
34670,1093,865
34675,1082,870
34680,1082,864
34685,1086,864
34690,1087,865
34695,1078,869
34700,1074,862
34705,1073,861
34710,1067,859
34715,1069,862
34720,1070,858
34725,1064,859
34730,1072,859
34735,1063,853
34740,1055,856
34745,1053,852
34750,1046,848
34755,1047,857
34760,1045,858
34765,1036,846
34770,1031,850
34775,1037,846
34780,1028,849
34785,1020,845
34790,1006,850
34795,1008,845
34800,1005,844
34805,998,841
34810,993,847
34815,975,839
34820,979,843
34825,969,838
34830,964,839
34835,955,835
34840,937,835
34845,937,839
34850,928,839
34855,926,831
34860,915,837
34865,905,831
34870,901,832
34875,896,832
34880,893,829
34885,871,829
34890,865,826
34895,870,833
34900,855,830
34905,838,827
34910,847,828
34915,826,825
34920,826,824
34925,813,827
34930,810,824
34935,801,827
34940,804,822
34945,798,815
34950,783,820
34955,773,820
34960,775,821
34965,771,815
34970,771,808
34975,767,812
34980,753,815
34985,765,815
34990,758,806
34995,749,808
35000,749,799
35005,748,806
35010,747,800
35015,745,797
35020,741,798
35025,753,795
35030,748,786
35035,748,787
35040,755,784
35045,759,784
35050,757,781
35055,754,777
35060,772,778
35065,775,773
35070,792,771
35075,788,767
35080,785,767
35085,805,763
35090,808,756
35095,814,755
35100,815,757
35105,830,748
35110,832,750
35115,846,743
35120,858,738
35125,871,741
35130,883,730
35135,888,731
35140,891,732
35145,914,729
35150,927,724
35155,929,726
35160,940,725
35165,952,723
35170,952,718
35175,972,714
35180,985,714
35185,989,708
35190,1004,707
35195,1014,717
35200,1029,715
35205,1027,709
35210,1039,711
35215,1051,711
35220,1070,712
35225,1078,708
35230,1079,708
35235,1093,708
35240,1099,712
35245,1101,711
35250,1108,712
35255,1121,718
35260,1130,718
35265,1129,713
35270,1138,718
35275,1149,723
35280,1153,719
35285,1153,718
35290,1157,729
35295,1166,727
35300,1165,729
35305,1175,736
35310,1176,740
35315,1170,736
35320,1176,742
35325,1178,749
35330,1193,751
35335,1178,750
35340,1192,758
35345,1186,762
35350,1186,766
35355,1191,775
35360,1192,770
35365,1192,774
35370,1192,777
35375,1186,783
35380,1177,790
35385,1177,792
35390,1180,792
35395,1173,801
35400,1179,801
35405,1180,803
35410,1169,808
35415,1163,810
35420,1162,815
35425,1160,817
35430,1157,819
35435,1155,828
35440,1151,834
35445,1156,827
35450,1154,837
35455,1155,838
35460,1139,845
35465,1137,837
35470,1130,844
35475,1134,848
35480,1127,849
35485,1132,847
35490,1122,857
35495,1120,855
35500,1123,861
35505,1115,855
35510,1116,857
35515,1107,858
35520,1098,861
35525,1091,865
35530,1117,864
35535,1105,868
35540,1104,868
35545,1099,866
35550,1095,863
35555,1094,866
35560,1083,864
35565,1090,868
35570,1082,867
35575,1083,866
35580,1088,862
35585,1086,868
35590,1073,869
35595,1077,868
35600,1069,863
35605,1071,861
35610,1068,860
35615,1070,857
35620,1063,858
35625,1062,855
35630,1065,860
35635,1056,858
35640,1050,852
35645,1041,863
35650,1060,853
35655,1050,853
35660,1050,845
35665,1034,849
35670,1033,850
35675,1029,850
35680,1020,845
35685,1014,846
35690,1014,852
35695,1009,845
35700,1008,848
35705,998,839
35710,995,845
35715,983,844
35720,982,840
35725,980,841
35730,964,835
35735,962,841
35740,943,843
35745,943,836
35750,939,840
35755,930,833
35760,922,835
35765,909,839
35770,900,834
35775,895,833
35780,891,829
35785,876,835
35790,877,836
35795,865,824
35800,850,835
35805,855,830
35810,844,826
35815,835,827
35820,820,823
35825,822,828
35830,820,823
35835,804,818
35840,790,825
35845,801,822
35850,793,822
35855,780,819
35860,772,821
35865,775,818
35870,759,815
35875,763,811
35880,766,811
35885,748,810
35890,757,810
35895,751,805
35900,752,806
35905,753,802
35910,755,800
35915,747,797
35920,744,795
35925,746,792
35930,744,792
35935,759,788
35940,758,784
35945,746,785
35950,760,779
35955,773,779
35960,769,777
35965,773,777
35970,773,770
35975,786,769
35980,780,765
35985,794,764
35990,810,759
35995,808,755
36000,818,758
36005,829,745
36010,825,747
36015,837,748
36020,850,743
36025,856,737
36030,872,731
36035,878,736
36040,896,735
36045,896,728
36050,911,731
36055,922,729
36060,927,721
36065,941,725
36070,951,718
36075,968,724
36080,973,715
36085,982,718
36090,987,720
36095,1007,711
36100,1019,716
36105,1026,712
36110,1046,710
36115,1050,711
36120,1051,714
36125,1064,705
36130,1073,707
36135,1089,715
36140,1093,709
36145,1098,715
36150,1117,713
36155,1121,713
36160,1128,717
36165,1127,711
36170,1136,718
36175,1140,722
36180,1155,722
36185,1158,719
36190,1167,718
36195,1172,727
36200,1174,724
36205,1171,737
36210,1165,734
36215,1182,738
36220,1179,739
36225,1186,747
36230,1182,748
36235,1182,748
36240,1192,751
36245,1188,755
36250,1186,764
36255,1184,766
36260,1193,768
36265,1192,771
36270,1183,777
36275,1187,778
36280,1180,791
36285,1187,786
36290,1169,795
36295,1178,792
36300,1189,799
36305,1183,805
36310,1173,809
36315,1163,810
36320,1176,820
36325,1168,817
36330,1167,822
36335,1168,825
36340,1155,828
36345,1159,827
36350,1147,834
36355,1152,842
36360,1140,843
36365,1143,849
36370,1138,843
36375,1130,847
36380,1133,844
36385,1132,855
36390,1126,854
36395,1124,855
36400,1124,852
36405,1119,856
36410,1119,862
36415,1113,862
36420,1118,863
36425,1103,870
36430,1101,859
36435,1106,863
36440,1102,865
36445,1105,864
36450,1102,867
36455,1103,867
36460,1097,867
36465,1095,870
36470,1089,864
36475,1101,865
36480,1089,862
36485,1090,865
36490,1081,871
36495,1074,861
36500,1084,864
36505,1082,863
36510,1073,853
36515,1073,864
36520,1070,865
36525,1065,862
36530,1060,868
36535,1059,854
36540,1053,860
36545,1057,852
36550,1053,854
36555,1042,854
36560,1051,851
36565,1041,851
36570,1038,852
36575,1031,847
36580,1028,848
36585,1026,847
36590,1018,846
36595,1010,841
36600,1010,842
36605,999,844
36610,999,840
36615,995,851
36620,984,843
36625,982,839
36630,966,834
36635,962,841
36640,956,838
36645,955,833
36650,941,839
36655,928,835
36660,921,835
36665,927,831
36670,917,835
36675,897,835
36680,899,834
36685,888,828
36690,886,833
36695,869,829
36700,864,828
36705,849,834
36710,842,828
36715,847,825
36720,831,828
36725,822,828
36730,820,826
36735,814,820
36740,815,822
36745,803,823
36750,785,823
36755,795,823
36760,781,818
36765,781,823
36770,765,815
36775,756,813
36780,764,813
36785,764,810
36790,760,810
36795,747,804
36800,748,810
36805,752,807
36810,754,798
36815,752,797
36820,747,802
36825,745,795
36830,740,792
36835,745,787
36840,752,787
36845,755,786
36850,754,784
36855,752,776
36860,767,777
36865,770,778
36870,787,774
36875,788,774
36880,782,772
36885,790,765
36890,803,763
36895,806,757
36900,818,758
36905,828,753
36910,833,750
36915,834,750
36920,842,746
36925,849,742
36930,860,739
36935,874,735
36940,887,731
36945,904,730
36950,907,728
36955,918,722
36960,938,726
36965,928,728
36970,943,719
36975,958,719
36980,972,721
36985,977,718
36990,987,711
36995,1014,714
37000,1011,714
37005,1022,714
37010,1029,710
37015,1043,713
37020,1048,710
37025,1070,707
37030,1078,712
37035,1078,704
37040,1092,711
37045,1097,709
37050,1100,711
37055,1113,713
37060,1118,711
37065,1130,712
37070,1133,716
37075,1143,720
37080,1135,720
37085,1157,718
37090,1152,722
37095,1161,730
37100,1169,729
37105,1165,738
37110,1167,733
37115,1177,740
37120,1177,737
37125,1181,737
37130,1190,745
37135,1194,748
37140,1178,752
37145,1190,755
37150,1190,755
37155,1183,761
37160,1186,765
37165,1196,773
37170,1182,778
37175,1181,775
37180,1185,781
37185,1181,790
37190,1183,789
37195,1179,792
37200,1182,799
37205,1170,797
37210,1168,806
37215,1172,810
37220,1166,812
37225,1172,812
37230,1161,825
37235,1153,821
37240,1156,822
37245,1161,835
37250,1140,829
37255,1139,831
37260,1141,831
37265,1148,843
37270,1140,842
37275,1124,848
37280,1139,850
37285,1129,850
37290,1133,848
37295,1127,853
37300,1117,854
37305,1125,852
37310,1118,857
37315,1120,859
37320,1109,863
37325,1114,858
37330,1112,864
37335,1107,870
37340,1108,869
37345,1111,865
37350,1093,869
37355,1092,869
37360,1100,866
37365,1092,871
37370,1096,871
37375,1097,868
37380,1084,862
37385,1087,867
37390,1088,869
37395,1092,861
37400,1082,862
37405,1069,864
37410,1070,864
37415,1081,860
37420,1064,865
37425,1064,863
37430,1069,855
37435,1062,860
37440,1064,863
37445,1059,858
37450,1051,856
37455,1054,857
37460,1044,851
37465,1051,856
37470,1030,853
37475,1034,853
37480,1023,848
37485,1030,851
37490,1016,849
37495,1007,851
37500,1008,845
37505,1005,844
37510,998,839
37515,996,842
37520,985,849
37525,973,839
37530,970,845
37535,964,837
37540,966,837
37545,943,845
37550,943,839
37555,939,841
37560,928,838
37565,928,839
37570,907,837
37575,901,829
37580,903,830
37585,897,825
37590,885,832
37595,878,827
37600,871,835
37605,858,825
37610,856,830
37615,840,828
37620,832,820
37625,828,822
37630,824,818
37635,809,825
37640,807,828
37645,807,819
37650,786,818
37655,795,814
37660,789,817
37665,789,819
37670,772,822
37675,769,813
37680,761,818
37685,756,812
37690,758,810
37695,751,814
37700,753,808
37705,751,806
37710,750,798
37715,758,803
37720,748,796
37725,747,794
37730,746,792
37735,751,793
37740,749,787
37745,752,786
37750,756,789
37755,762,786
37760,768,777
37765,771,779
37770,770,780
37775,771,772
37780,777,774
37785,788,773
37790,795,766
37795,803,766
37800,815,758
37805,821,756
37810,821,746
37815,843,750
37820,847,748
37825,843,746
37830,861,744
37835,869,736
37840,879,737
37845,887,732
37850,898,736
37855,903,727
37860,911,727
37865,929,725
37870,952,723
37875,952,716
37880,963,721
37885,982,720
37890,990,706
37895,998,712
37900,1007,710
37905,1015,715
37910,1028,715
37915,1042,707
37920,1040,711
37925,1060,711
37930,1072,704
37935,1074,706
37940,1086,717
37945,1090,706
37950,1097,711
37955,1107,714
37960,1117,710
37965,1123,714
37970,1135,715
37975,1143,713
37980,1140,720
37985,1138,719
37990,1152,728
37995,1165,727
38000,1175,725
38005,1154,731
38010,1185,730
38015,1162,733
38020,1181,737
38025,1185,740
38030,1185,738
38035,1186,748
38040,1180,752
38045,1187,755
38050,1182,757
38055,1181,758
38060,1189,770
38065,1188,770
38070,1194,771
38075,1189,777
38080,1185,785
38085,1185,789
38090,1183,781
38095,1184,792
38100,1177,795
38105,1174,799
38110,1175,797
38115,1177,809
38120,1177,810
38125,1164,810
38130,1163,817
38135,1160,819
38140,1160,818
38145,1164,830
38150,1157,831
38155,1157,833
38160,1148,836
38165,1144,837
38170,1138,839
38175,1138,846
38180,1136,842
38185,1121,854
38190,1136,856
38195,1127,852
38200,1123,856
38205,1123,858
38210,1122,856
38215,1110,858
38220,1117,857
38225,1103,863
38230,1110,864
38235,1111,861
38240,1096,864
38245,1102,863
38250,1102,870
38255,1105,867
38260,1091,867
38265,1097,864
38270,1097,863
38275,1096,865
38280,1090,873
38285,1096,868
38290,1077,863
38295,1082,868
38300,1086,865
38305,1085,865
38310,1078,864
38315,1082,865
38320,1072,863
38325,1087,863
38330,1071,859
38335,1075,859
38340,1064,856
38345,1060,854
38350,1059,856
38355,1053,856
38360,1056,853
38365,1051,856
38370,1039,853
38375,1033,854
38380,1045,849
38385,1023,848
38390,1016,839
38395,1014,849
38400,1012,842
38405,1009,841
38410,1004,841
38415,1005,845
38420,992,840
38425,988,844
38430,969,842
38435,973,842
38440,961,840
38445,954,839
38450,959,838
38455,944,833
38460,938,841
38465,926,840
38470,929,833
38475,908,835
38480,904,835
38485,894,832
38490,887,830
38495,882,830
38500,873,828
38505,858,824
38510,857,826
38515,844,821
38520,845,830
38525,836,822
38530,829,827
38535,820,827
38540,816,827
38545,805,823
38550,799,826
38555,791,819
38560,779,821
38565,780,817
38570,774,819
38575,768,818
38580,767,817
38585,771,812
38590,753,816
38595,758,808
38600,748,804
38605,750,805
38610,747,805
38615,752,805
38620,749,804
38625,755,795
38630,753,798
38635,744,796
38640,751,796
38645,746,791
38650,758,786
38655,752,781
38660,764,784
38665,761,780
38670,768,779
38675,780,774
38680,780,771
38685,772,764
38690,793,765
38695,795,754
38700,802,756
38705,817,759
38710,824,753
38715,821,754
38720,835,751
38725,850,745
38730,855,748
38735,864,738
38740,866,740
38745,884,738
38750,900,731
38755,908,730
38760,909,728
38765,931,727
38770,936,724
38775,948,724
38780,957,720
38785,965,720
38790,983,720
38795,986,713
38800,995,716
38805,1010,716
38810,1024,715
38815,1029,707
38820,1038,709
38825,1048,706
38830,1064,712
38835,1076,707
38840,1079,718
38845,1079,709
38850,1093,710
38855,1098,713
38860,1109,722
38865,1122,712
38870,1122,713
38875,1135,718
38880,1142,722
38885,1139,721
38890,1148,719
38895,1154,727
38900,1156,720
38905,1159,735
38910,1174,733
38915,1167,731
38920,1175,736
38925,1172,736
38930,1179,739
38935,1177,743
38940,1189,749
38945,1180,756
38950,1188,758
38955,1184,754
38960,1185,759
38965,1186,763
38970,1181,767
38975,1190,775
38980,1185,775
38985,1189,783
38990,1178,781
38995,1181,787
39000,1190,792
39005,1175,800
39010,1181,800
39015,1173,800
39020,1165,813
39025,1161,807
39030,1172,816
39035,1170,826
39040,1155,818
39045,1165,828
39050,1153,824
39055,1153,832
39060,1146,835
39065,1147,837
39070,1137,834
39075,1136,847
39080,1133,846
39085,1132,847
39090,1129,849
39095,1128,852
39100,1128,850
39105,1123,849
39110,1130,856
39115,1107,863
39120,1112,859
39125,1107,862
39130,1103,862
39135,1107,863
39140,1108,866
39145,1104,865
39150,1101,861
39155,1102,865
39160,1101,870
39165,1098,865
39170,1095,864
39175,1087,868
39180,1082,866
39185,1087,867
39190,1087,867
39195,1084,862
39200,1084,861
39205,1086,865
39210,1082,866
39215,1083,857
39220,1075,859
39225,1077,862
39230,1066,860
39235,1071,856
39240,1065,861
39245,1070,856
39250,1061,861
39255,1058,858
39260,1052,857
39265,1054,856
39270,1042,855
39275,1037,850
39280,1037,856
39285,1029,856
39290,1027,849
39295,1019,845
39300,1018,843
39305,1013,840
39310,1000,848
39315,996,842
39320,1003,838
39325,984,845
39330,986,844
39335,984,834
39340,966,840
39345,959,837
39350,953,839
39355,945,840
39360,938,839
39365,941,838
39370,931,836
39375,910,833
39380,907,834
39385,902,833
39390,899,836
39395,883,829
39400,860,833
39405,868,832
39410,853,833
39415,856,824
39420,848,823
39425,837,828
39430,821,828
39435,815,827
39440,819,826
39445,807,821
39450,802,824
39455,796,822
39460,783,826
39465,786,817
39470,779,819
39475,775,817
39480,773,815
39485,770,809
39490,771,814
39495,757,812
39500,744,808
39505,759,811
39510,757,810
39515,755,809
39520,741,804
39525,751,803
39530,744,794
39535,759,795
39540,754,788
39545,750,786
39550,750,789
39555,765,786
39560,759,785
39565,756,771
39570,765,776
39575,765,778
39580,782,779
39585,769,768
39590,792,765
39595,794,768
39600,805,760
39605,813,756
39610,808,757
39615,818,752
39620,827,745
39625,834,746
39630,850,746
39635,858,745
39640,873,744
39645,880,742
39650,886,731
39655,905,735
39660,912,725
39665,919,728
39670,934,726
39675,942,727
39680,954,718
39685,961,716
39690,981,719
39695,972,719
39700,993,712
39705,995,709
39710,1006,714
39715,1027,704
39720,1036,706
39725,1039,711
39730,1052,712
39735,1051,713
39740,1078,708
39745,1080,710
39750,1093,707
39755,1102,710
39760,1117,713
39765,1118,708
39770,1112,710
39775,1129,710
39780,1132,721
39785,1135,712
39790,1151,721
39795,1158,720
39800,1153,726
39805,1166,722
39810,1178,729
39815,1169,729
39820,1173,741
39825,1182,736
39830,1179,742
39835,1174,745
39840,1183,744
39845,1175,746
39850,1188,752
39855,1186,757
39860,1198,757
39865,1182,765
39870,1194,770
39875,1182,771
39880,1190,773
39885,1185,779
39890,1196,782
39895,1185,785
39900,1185,793
39905,1180,799
39910,1174,801
39915,1183,801
39920,1171,807
39925,1164,815
39930,1163,809
39935,1170,813
39940,1156,821
39945,1155,822
39950,1156,827
39955,1157,830
39960,1154,830
39965,1158,841
39970,1147,844
39975,1143,844
39980,1142,845
39985,1135,841
39990,1132,850
39995,1123,849
40000,1124,853
40005,1121,855
40010,1118,847
40015,1115,862
40020,1124,854
40025,1118,862
40030,1109,863
40035,1113,865
40040,1110,863
40045,1106,861
40050,1105,869
40055,1103,863
40060,1100,865
40065,1091,861
40070,1090,873
40075,1108,860
40080,1088,868
40085,1094,865
40090,1089,864
40095,1087,872
40100,1082,861
40105,1082,862
40110,1070,867
40115,1078,865
40120,1078,862
40125,1073,868
40130,1079,861
40135,1069,865
40140,1066,859
40145,1066,857
40150,1057,859
40155,1061,853
40160,1052,854
40165,1054,851
40170,1053,854
40175,1050,849
40180,1033,847
40185,1037,851
40190,1034,844
40195,1023,853
40200,1020,842
40205,1016,849
40210,1004,845
40215,998,838
40220,1002,838
40225,992,840
40230,993,845
40235,984,841
40240,967,835
40245,969,846
40250,964,841
40255,948,841
40260,945,838
40265,940,832
40270,925,832
40275,914,837
40280,917,832
40285,905,835
40290,900,830
40295,885,827
40300,881,839
40305,864,835
40310,869,830
40315,849,823
40320,848,827
40325,841,834
40330,838,829
40335,833,828
40340,814,824
40345,806,820
40350,799,824
40355,791,823
40360,798,817
40365,788,820
40370,785,818
40375,771,820
40380,770,812
40385,772,813
40390,761,817
40395,762,814
40400,757,808
40405,753,808
40410,751,804
40415,754,805
40420,738,798
40425,749,799
40430,754,799
40435,752,802
40440,739,790
40445,744,792
40450,755,791
40455,756,791
40460,760,788
40465,763,786
40470,762,778
40475,764,773
40480,781,772
40485,774,768
40490,782,768
40495,778,773
40500,800,764
40505,808,763
40510,818,762
40515,823,755
40520,820,745
40525,829,750
40530,834,742
40535,855,744
40540,868,736
40545,866,736
40550,886,738
40555,893,736
40560,899,734
40565,910,722
40570,921,724
40575,942,728
40580,945,718
40585,948,717
40590,958,716
40595,974,716
40600,981,716
40605,1004,718
40610,1001,710
40615,1018,714
40620,1022,707
40625,1045,715
40630,1055,716
40635,1069,707
40640,1073,708
40645,1083,708
40650,1090,715
40655,1097,714
40660,1104,712
40665,1110,714
40670,1110,710
40675,1118,715
40680,1131,719
40685,1141,717
40690,1147,715
40695,1155,716
40700,1153,725
40705,1157,727
40710,1167,728
40715,1166,733
40720,1178,731
40725,1178,735
40730,1174,740
40735,1172,744
40740,1191,743
40745,1186,751
40750,1188,752
40755,1186,755
40760,1183,757
40765,1193,759
40770,1191,765
40775,1193,772
40780,1195,768
40785,1182,776
40790,1188,779
40795,1177,782
40800,1177,787
40805,1182,792
40810,1180,800
40815,1175,802
40820,1177,810
40825,1164,807
40830,1165,815
40835,1168,812
40840,1157,820
40845,1158,817
40850,1157,824
40855,1157,821
40860,1155,828
40865,1149,828
40870,1142,841
40875,1148,838
40880,1136,846
40885,1137,847
40890,1138,844
40895,1133,850
40900,1129,856
40905,1123,853
40910,1115,857
40915,1108,855
40920,1132,860
40925,1113,860
40930,1118,864
40935,1111,861
40940,1113,861
40945,1099,872
40950,1100,862
40955,1102,871
40960,1097,868
40965,1094,868
40970,1102,870
40975,1090,865
40980,1092,866
40985,1097,867
40990,1094,866
40995,1087,870
41000,1091,867
41005,1081,869
41010,1084,870
41015,1082,866
41020,1076,866
41025,1080,860
41030,1073,863
41035,1063,863
41040,1076,858
41045,1060,859
41050,1070,856
41055,1065,851
41060,1046,848
41065,1052,851
41070,1049,850
41075,1042,854
41080,1048,849
41085,1023,852
41090,1035,848
41095,1031,848
41100,1029,847
41105,1025,846
41110,1013,848
41115,1004,848
41120,996,840
41125,999,843
41130,992,844
41135,974,840
41140,975,841
41145,969,840
41150,961,840
41155,948,838
41160,945,840
41165,948,836
41170,928,836
41175,917,833
41180,919,833
41185,915,835
41190,905,835
41195,893,828
41200,883,836
41205,875,836
41210,864,828
41215,859,830
41220,846,832
41225,851,824
41230,839,822
41235,829,826
41240,825,832
41245,820,823
41250,811,827
41255,801,824
41260,791,826
41265,781,818
41270,784,822
41275,786,817
41280,763,817
41285,764,815
41290,769,818
41295,767,809
41300,755,809
41305,764,813
41310,760,802
41315,762,807
41320,754,800
41325,741,802
41330,734,800
41335,741,796
41340,751,789
41345,747,794
41350,749,788
41355,754,786
41360,757,784
41365,765,783
41370,764,783
41375,759,781
41380,772,774
41385,780,771
41390,774,766
41395,782,769
41400,795,767
41405,806,763
41410,803,757
41415,813,757
41420,821,756
41425,833,750
41430,842,743
41435,857,746
41440,853,741
41445,872,734
41450,873,731
41455,875,735
41460,893,726
41465,898,725
41470,909,725
41475,927,726
41480,941,722
41485,946,724
41490,954,723
41495,970,715
41500,979,719
41505,993,713
41510,1002,712
41515,1012,711
41520,1027,716
41525,1032,717
41530,1047,710
41535,1053,709
41540,1067,706
41545,1069,711
41550,1090,712
41555,1098,709
41560,1096,707
41565,1100,713
41570,1116,715
41575,1111,720
41580,1123,716
41585,1134,718
41590,1147,719
41595,1142,713
41600,1146,723
41605,1163,722
41610,1166,726
41615,1166,727
41620,1164,729
41625,1174,727
41630,1179,738
41635,1192,743
41640,1180,745
41645,1172,750
41650,1183,748
41655,1193,758
41660,1187,756
41665,1181,759
41670,1180,761
41675,1189,767
41680,1192,773
41685,1196,770
41690,1187,775
41695,1191,783
41700,1187,787
41705,1180,788
41710,1181,793
41715,1176,797
41720,1169,801
41725,1168,800
41730,1179,807
41735,1165,809
41740,1165,812
41745,1165,823
41750,1160,817
41755,1151,828
41760,1167,832
41765,1146,830
41770,1152,833
41775,1139,837
41780,1137,842
41785,1147,851
41790,1150,847
41795,1117,855
41800,1136,849
41805,1124,852
41810,1122,854
41815,1122,853
41820,1112,855
41825,1115,855
41830,1125,865
41835,1113,866
41840,1106,865
41845,1115,865
41850,1115,868
41855,1101,863
41860,1099,869
41865,1098,874
41870,1103,868
41875,1091,864
41880,1101,862
41885,1086,866
41890,1082,868
41895,1086,864
41900,1094,862
41905,1084,870
41910,1080,864
41915,1081,862
41920,1070,859
41925,1084,863
41930,1074,861
41935,1072,863
41940,1069,863
41945,1068,856
41950,1067,856
41955,1057,859
41960,1052,857
41965,1062,855
41970,1048,849
41975,1044,852
41980,1036,852
41985,1034,851
41990,1043,854
41995,1025,849
