timestamp_ms,ir_finger,ir_toe
0,1037,653
5,1051,662
10,1065,668
15,1073,667
20,1088,672
25,1090,682
30,1100,689
35,1111,701
40,1116,695
45,1124,708
50,1144,709
55,1144,725
60,1143,725
65,1158,737
70,1162,743
75,1168,749
80,1174,750
85,1171,759
90,1173,777
95,1184,778
100,1185,789
105,1184,790
110,1187,801
115,1187,814
120,1180,823
125,1185,825
130,1183,836
135,1186,845
140,1192,842
145,1180,852
150,1181,859
155,1178,867
160,1168,876
165,1184,880
170,1165,879
175,1174,887
180,1169,896
185,1165,898
190,1165,905
195,1160,905
200,1151,901
205,1145,902
210,1148,910
215,1146,908
220,1134,912
225,1137,914
230,1135,921
235,1134,922
240,1122,915
245,1125,923
250,1127,917
255,1118,919
260,1117,921
265,1117,918
270,1099,914
275,1110,916
280,1105,910
285,1103,912
290,1099,913
295,1091,907
300,1096,908
305,1091,905
310,1091,907
315,1084,901
320,1090,896
325,1091,893
330,1075,889
335,1080,893
340,1080,893
345,1084,890
350,1074,887
355,1066,884
360,1069,881
365,1068,879
370,1067,875
375,1066,875
380,1056,870
385,1049,869
390,1049,870
395,1031,872
400,1031,871
405,1027,865
410,1028,861
415,1017,862
420,1014,865
425,1013,863
430,996,859
435,989,854
440,980,854
445,976,856
450,968,854
455,960,850
460,953,853
465,940,845
470,940,850
475,922,846
480,924,842
485,906,846
490,902,840
495,891,842
500,885,833
505,868,834
510,862,831
515,860,827
520,842,827
525,844,817
530,829,817
535,821,813
540,817,808
545,804,803
550,798,806
555,797,799
560,783,793
565,781,783
570,774,784
575,769,777
580,761,775
585,761,769
590,759,766
595,757,759
600,758,751
605,749,750
610,750,742
615,735,741
620,748,733
625,740,728
630,747,720
635,754,710
640,759,710
645,753,696
650,766,699
655,773,690
660,779,687
665,781,679
670,794,678
675,796,670
680,815,668
685,814,662
690,821,661
695,842,658
700,854,651
705,852,651
710,870,647
715,871,646
720,889,645
725,900,643
730,912,643
735,925,638
740,929,640
745,941,641
750,957,646
755,967,644
760,979,641
765,1003,650
770,1014,646
775,1021,651
780,1044,654
785,1047,661
790,1072,658
795,1068,665
800,1080,678
805,1082,678
810,1094,685
815,1100,687
820,1116,696
825,1125,704
830,1137,708
835,1145,717
840,1142,724
845,1139,735
850,1157,737
855,1168,744
860,1158,758
865,1173,762
870,1170,768
875,1183,774
880,1180,780
885,1184,787
890,1185,802
895,1177,805
900,1186,816
905,1185,819
910,1185,827
915,1186,837
920,1186,842
925,1180,849
930,1190,860
935,1185,857
940,1180,871
945,1177,874
950,1177,880
955,1165,885
960,1166,884
965,1171,892
970,1165,897
975,1154,900
980,1155,904
985,1147,908
990,1153,910
995,1152,908
1000,1152,918
1004,1147,918
1010,1140,921
1014,1133,923
1020,1125,916
1025,1123,916
1030,1125,920
1035,1129,915
1040,1118,915
1045,1112,916
1050,1103,913
1055,1107,914
1060,1108,911
1065,1110,915
1070,1095,910
1075,1102,912
1080,1092,903
1085,1097,909
1090,1091,907
1095,1095,906
1100,1085,901
1105,1083,898
1110,1077,899
1115,1084,892
1120,1072,899
1125,1077,886
1130,1083,894
1135,1073,890
1140,1077,882
1145,1066,887
1150,1065,880
1155,1053,878
1160,1057,880
1165,1055,871
1170,1049,874
1175,1040,871
1180,1042,867
1185,1036,869
1190,1031,869
1195,1024,873
1200,1021,864
1205,1017,861
1210,1000,860
1215,999,861
1220,986,861
1225,984,859
1230,978,854
1235,966,852
1240,952,850
1245,954,853
1250,941,845
1255,937,850
1260,930,845
1265,915,843
1270,902,844
1275,898,838
1280,884,837
1285,882,837
1290,877,828
1295,864,830
1300,861,828
1305,845,821
1310,836,823
1315,819,818
1320,826,817
1325,812,810
1330,810,801
1335,798,804
1340,784,795
1345,794,787
1350,773,788
1355,767,787
1360,769,776
1365,758,777
1370,762,770
1375,749,765
1380,750,757
1385,743,755
1390,744,744
1395,752,741
1400,743,738
1405,751,728
1410,755,719
1415,751,715
1420,757,712
1425,748,709
1430,763,702
1435,775,701
1440,774,689
1445,775,683
1450,787,678
1455,788,676
1460,802,665
1465,814,664
1470,818,661
1475,822,655
1480,834,659
1485,838,647
1490,851,647
1495,865,647
1500,874,648
1505,883,647
1510,898,644
1515,906,647
1520,915,642
1525,940,635
1530,952,639
1535,960,645
1540,985,643
1545,983,645
1550,1007,644
1555,1002,653
1560,1022,653
1565,1029,651
1570,1048,657
1575,1060,663
1580,1076,672
1585,1085,675
1590,1080,681
1595,1094,689
1600,1103,687
1605,1120,698
1610,1121,699
1615,1129,710
1620,1137,718
1625,1147,722
1630,1156,732
1635,1154,733
1640,1165,741
1645,1168,752
1650,1169,762
1655,1184,767
1660,1177,781
1665,1174,785
1670,1180,795
1675,1194,804
1680,1184,807
1685,1190,810
1690,1185,826
1695,1179,827
1700,1186,833
1705,1191,845
1710,1190,849
1715,1190,850
1720,1188,860
1725,1178,867
1730,1182,873
1735,1168,883
1740,1166,883
1745,1162,892
1750,1168,894
1755,1167,893
1760,1162,905
1765,1151,905
1770,1156,911
1775,1154,910
1780,1144,912
1785,1148,909
1790,1134,912
1795,1136,912
1800,1133,916
1805,1140,922
1810,1128,917
1815,1113,922
1820,1111,916
1825,1122,921
1830,1109,918
1835,1112,914
1840,1114,917
1845,1109,914
1850,1109,916
1855,1099,909
1860,1095,911
1865,1098,902
1870,1092,905
1875,1095,903
1880,1090,907
1885,1087,899
1890,1088,895
1895,1086,898
1900,1086,891
1905,1079,891
1910,1075,890
1915,1076,884
1920,1062,884
1925,1070,880
1930,1065,878
1935,1060,883
1940,1065,879
1945,1057,875
1950,1052,874
1955,1038,871
1960,1037,869
1965,1039,874
1970,1039,866
1975,1026,863
1980,1020,865
1985,1012,857
1990,1007,858
1995,1012,860
2000,997,855
2005,984,858
2009,979,853
2015,974,854
2020,967,846
2025,954,857
2029,943,853
2035,946,845
2040,935,850
2045,924,841
2050,911,844
2055,897,848
2060,900,842
2065,886,838
2070,879,836
2075,872,837
2080,857,836
2085,857,827
2090,840,827
2095,844,820
2100,826,814
2105,822,812
2110,810,809
2115,799,810
2120,789,801
2125,792,798
2130,779,794
2135,783,792
2140,768,785
2145,766,776
2150,763,774
2155,752,777
2160,754,760
2165,756,754
2170,756,753
2175,747,745
2180,748,743
2185,744,738
2190,752,728
2195,748,723
2200,749,719
2205,749,710
2210,760,703
2215,762,701
2220,760,695
2225,769,691
2230,777,683
2235,786,682
2240,791,673
2245,796,673
2250,816,667
2255,819,660
2260,829,656
2265,840,656
2270,843,647
2275,860,646
2280,874,647
2285,880,649
2290,893,639
2295,899,643
2300,931,636
2305,929,640
2310,933,639
2315,948,634
2320,970,642
2325,981,640
2330,987,643
2335,1006,649
2340,1011,657
2345,1028,651
2350,1043,656
2355,1055,661
2360,1062,663
2365,1066,666
2370,1084,676
2375,1089,681
2380,1105,685
2385,1115,689
2390,1122,697
2395,1127,705
2400,1138,709
2405,1139,716
2410,1147,729
2415,1150,736
2420,1157,742
2425,1169,748
2430,1172,752
2435,1178,764
2440,1187,770
2445,1186,774
2450,1178,782
2455,1183,794
2460,1181,802
2465,1184,808
2470,1184,815
2475,1184,824
2480,1185,833
2485,1187,836
2490,1186,846
2495,1192,847
2500,1175,859
2505,1175,863
2510,1171,872
2515,1188,873
2520,1164,880
2525,1167,887
2530,1169,893
2535,1161,893
2540,1154,893
2545,1160,903
2550,1153,902
2555,1159,908
2560,1153,910
2565,1142,912
2570,1139,915
2575,1132,914
2580,1141,910
2585,1124,916
2590,1135,919
2595,1130,919
2600,1125,920
2605,1118,917
2610,1114,917
2615,1116,916
2620,1117,912
2625,1112,914
2630,1107,915
2635,1107,909
2640,1098,912
2645,1086,905
2650,1097,905
2655,1097,901
2660,1095,904
2665,1078,897
2670,1079,894
2675,1089,900
2680,1083,894
2685,1089,890
2690,1076,890
2695,1082,889
2700,1072,886
2705,1074,882
2710,1065,883
2715,1066,883
2720,1057,883
2725,1062,874
2730,1056,879
2735,1051,869
2740,1036,870
2745,1049,869
2750,1029,868
2755,1032,870
2760,1027,861
2765,1015,861
2770,1013,860
2775,1015,859
2780,1005,863
2785,997,856
2790,980,855
2795,979,854
2800,977,852
2805,966,856
2810,961,848
2815,947,847
2820,953,848
2825,932,841
2830,924,849
2835,914,838
2840,895,838
2845,890,837
2850,880,839
2855,874,835
2860,868,834
2865,862,826
2870,846,829
2875,839,825
2880,827,822
2885,822,813
2890,818,807
2895,810,807
2900,800,806
2905,788,796
2910,793,798
2915,780,792
2920,774,785
2925,770,779
2930,768,776
2935,770,765
2940,758,769
2945,753,764
2950,753,754
2955,747,751
2960,743,742
2965,745,739
2970,748,730
2975,746,730
2980,746,719
2985,755,717
2990,756,711
2995,759,708
3000,763,694
3005,778,699
3010,779,691
3015,771,688
3020,784,675
3025,793,677
3030,809,673
3035,815,661
3040,819,659
3045,825,656
3050,837,655
3055,848,651
3060,863,648
3065,867,647
3070,871,643
3075,894,640
3080,906,638
3085,923,635
3090,922,638
3095,944,642
3100,955,649
3105,974,641
3110,980,647
3115,988,641
3120,1011,647
3125,1018,653
3130,1027,656
3135,1042,652
3140,1049,659
3145,1062,665
3150,1073,669
3155,1079,678
3160,1099,678
3165,1110,687
3170,1118,694
3175,1132,699
3180,1129,706
3185,1144,715
3190,1150,721
3195,1151,723
3200,1157,740
3205,1168,747
3210,1170,746
3215,1177,758
3220,1173,765
3225,1186,777
3230,1184,778
3235,1175,791
3240,1183,798
3245,1182,802
3250,1178,812
3255,1186,824
3260,1186,826
3265,1180,837
3270,1187,839
3275,1188,849
3280,1182,851
3285,1188,860
3290,1178,865
3295,1180,872
3300,1167,872
3305,1179,884
3310,1166,880
3315,1163,889
3320,1161,896
3325,1160,899
3330,1154,903
3335,1151,911
3340,1153,906
3345,1140,911
3350,1147,916
3355,1144,911
3360,1135,913
3365,1128,917
3370,1137,920
3375,1136,916
3380,1127,919
3385,1118,920
3390,1117,921
3395,1114,912
3400,1117,915
3405,1116,912
3410,1112,913
3415,1117,912
3420,1109,909
3425,1104,911
3430,1107,907
3435,1100,902
3440,1107,908
3445,1102,902
3450,1082,899
3455,1093,899
3460,1090,896
3465,1083,893
3470,1082,895
3475,1071,890
3480,1076,892
3485,1075,886
3490,1070,882
3495,1067,884
3500,1060,883
3505,1060,887
3510,1055,875
3515,1052,871
3520,1045,874
3525,1044,869
3530,1033,870
3535,1042,866
3540,1027,868
3545,1021,858
3550,1024,862
3555,1009,864
3560,1009,861
3565,1001,857
3570,989,856
3575,988,857
3580,976,856
3585,977,850
3590,975,854
3595,951,862
3600,949,855
3605,935,842
3610,932,843
3615,922,844
3620,912,846
3625,898,839
3630,888,838
3635,875,832
3640,875,835
3645,864,830
3650,858,826
3655,850,821
3660,840,824
3665,840,822
3670,826,813
3675,811,815
3680,802,809
3685,798,805
3690,792,804
3695,778,792
3700,783,786
3705,769,787
3710,771,780
3715,761,773
3720,761,769
3725,758,760
3730,748,759
3735,750,756
3740,751,745
3745,748,748
3750,745,740
3755,756,736
3760,749,729
3765,743,726
3770,759,716
3775,757,709
3780,753,702
3785,770,696
3790,774,696
3795,774,692
3800,779,681
3805,783,682
3810,796,675
3815,808,673
3820,811,668
3825,823,662
3830,827,656
3835,840,657
3840,849,654
3845,862,648
3850,875,646
3855,887,642
3860,895,642
3865,902,642
3870,925,647
3875,933,639
3880,955,642
3885,957,640
3890,966,638
3895,987,641
3900,995,649
3905,1014,651
3910,1017,653
3915,1027,648
3920,1040,660
3925,1044,662
3930,1063,669
3935,1068,668
3940,1075,677
3945,1100,685
3950,1104,690
3955,1107,692
3960,1122,695
3965,1126,706
3970,1141,716
3975,1148,716
3980,1154,723
3985,1147,735
3990,1160,740
3995,1173,754
4000,1182,761
4005,1178,768
4010,1177,772
4014,1181,780
4019,1182,794
4025,1194,800
4030,1183,801
4035,1188,814
4040,1187,816
4045,1185,825
4050,1188,835
4054,1182,844
4059,1183,849
4065,1185,856
4070,1179,862
4075,1172,867
4080,1186,870
4085,1164,877
4090,1167,881
4094,1180,888
4100,1163,892
4105,1156,897
4110,1162,901
4115,1152,906
4120,1155,907
4125,1148,901
4130,1144,913
4135,1151,910
4140,1138,914
4145,1136,919
4150,1137,914
4155,1134,919
4160,1126,924
4165,1126,913
4170,1115,917
4175,1105,915
4180,1116,917
4185,1121,926
4190,1102,908
4195,1107,914
4200,1114,914
4205,1102,907
4210,1104,908
4215,1095,905
4220,1103,905
4225,1092,911
4230,1096,903
4235,1083,902
4240,1093,887
4245,1086,900
4250,1085,892
4255,1080,888
4260,1074,887
4265,1072,890
4270,1076,884
4275,1061,888
4280,1068,880
4285,1058,878
4290,1062,881
4295,1054,875
4300,1051,873
4305,1049,874
4310,1053,872
4315,1038,866
4320,1040,869
4325,1026,870
4330,1019,868
4335,1028,861
4340,1012,863
4345,1000,861
4350,993,859
4355,994,857
4360,988,851
4365,977,854
4370,967,854
4375,958,853
4380,958,854
4385,951,851
4390,933,846
4395,929,844
4400,925,848
4405,907,841
4410,905,840
4415,893,838
4420,883,836
4425,872,833
4430,867,832
4435,853,826
4440,849,821
4445,831,823
4450,829,818
4455,821,815
4460,813,811
4465,809,810
4470,792,803
4475,795,798
4480,783,794
4485,771,791
4490,770,784
4495,775,781
4500,765,778
4505,756,769
4510,764,770
4515,753,760
4520,745,751
4525,745,751
4530,742,739
4535,747,735
4540,748,735
4545,754,721
4550,751,723
4555,753,713
4560,752,707
4565,761,700
4570,760,693
4575,775,695
4580,769,688
4585,783,684
4590,791,677
4595,803,674
4600,807,670
4605,809,655
4610,826,661
4615,830,654
4620,844,656
4625,849,652
4630,865,645
4635,874,650
4640,894,639
4645,903,641
4650,918,642
4655,916,641
4660,938,642
4665,949,643
4670,961,640
4675,975,639
4680,983,643
4685,1004,649
4690,1012,650
4695,1025,658
4700,1036,659
4705,1047,657
4710,1050,660
4715,1070,668
4720,1075,672
4725,1089,681
4730,1108,679
4735,1103,688
4740,1114,698
4745,1129,700
4750,1132,707
4755,1146,718
4760,1144,725
4765,1158,726
4770,1160,729
4775,1148,742
4780,1174,750
4785,1175,757
4790,1171,767
4795,1178,775
4800,1177,784
4805,1184,792
4810,1191,796
4815,1184,809
4820,1185,819
4825,1187,820
4830,1187,833
4835,1183,835
4840,1183,839
4845,1193,849
4850,1178,859
4855,1176,866
4860,1190,865
4865,1184,870
4870,1170,877
4875,1169,886
4880,1176,886
4885,1168,889
4890,1163,898
4895,1157,900
4900,1160,904
4905,1159,909
4910,1146,908
4915,1143,910
4920,1143,908
4925,1141,921
4930,1127,916
4935,1122,912
4940,1122,917
4945,1126,920
4950,1126,914
4955,1118,916
4960,1112,917
4965,1118,915
4970,1118,917
4975,1106,914
4980,1106,916
4985,1104,915
4990,1097,905
4995,1102,908
5000,1098,910
5005,1106,911
5010,1100,908
5015,1093,903
5020,1084,901
5025,1089,902
5030,1083,896
5035,1085,891
5040,1077,887
5045,1081,891
5050,1072,889
5055,1075,887
5060,1067,886
5065,1064,885
5070,1057,880
5075,1055,877
5080,1055,874
5085,1050,874
5090,1050,875
5095,1056,868
5100,1038,870
5105,1040,869
5110,1023,868
5115,1023,866
5120,1018,860
5125,1010,860
5130,1013,863
5135,998,859
5140,982,856
5145,977,855
5150,968,856
5155,973,854
5160,952,854
5165,949,846
5170,944,852
5175,936,851
5180,913,845
5185,911,847
5190,906,841
5195,891,836
5200,886,839
5205,878,828
5210,868,826
5215,862,831
5220,856,825
5225,841,824
5230,824,822
5235,831,814
5240,808,814
5245,812,809
5250,804,804
5255,799,798
5260,802,801
5265,779,794
5270,780,790
5275,773,784
5280,766,778
5285,763,772
5290,756,772
5295,753,764
5300,751,761
5305,750,753
5310,745,751
5315,744,737
5320,749,736
5325,750,733
5330,748,722
5335,743,717
5340,753,714
5345,757,700
5350,763,701
5355,765,698
5360,772,689
5365,778,686
5370,783,678
5375,798,674
5380,794,670
5385,813,668
5390,809,666
5395,828,661
5400,829,656
5405,842,650
5410,863,646
5415,871,647
5420,876,643
5425,897,647
5430,895,639
5435,908,641
5440,923,646
5445,935,645
5450,964,637
5455,962,640
5460,987,643
5465,988,645
5470,1002,649
5475,1014,645
5480,1023,655
5485,1030,664
5490,1045,658
5495,1063,667
5500,1074,670
5505,1082,674
5510,1085,676
5515,1097,681
5520,1111,688
5525,1124,697
5530,1129,701
5535,1126,709
5540,1142,712
5545,1146,722
5550,1147,733
5555,1164,740
5560,1164,744
5565,1169,754
5570,1175,756
5575,1174,767
5580,1172,778
5585,1188,788
5590,1181,800
5595,1185,799
5600,1187,811
5605,1192,814
5610,1194,820
5615,1190,829
5620,1188,839
5625,1182,844
5630,1200,848
5635,1178,852
5640,1184,862
5645,1178,868
5650,1180,872
5655,1170,882
5660,1170,879
5665,1172,890
5670,1169,892
5675,1158,891
5680,1156,899
5685,1159,903
5690,1149,910
5695,1150,910
5700,1149,911
5705,1143,910
5710,1138,909
5715,1140,917
5720,1133,917
5725,1138,918
5730,1131,916
5735,1127,918
5740,1128,916
5745,1117,918
5750,1112,915
5755,1121,915
5760,1108,916
5765,1099,916
5770,1106,912
5775,1096,911
5780,1103,911
5785,1097,908
5790,1090,905
5795,1089,902
5800,1081,902
5805,1092,901
5810,1083,893
5815,1087,896
5820,1081,892
5825,1083,896
5830,1075,894
5835,1082,887
5840,1075,886
5845,1066,886
5850,1071,887
5855,1057,882
5860,1067,877
5865,1048,876
5870,1047,874
5875,1044,874
5880,1037,868
5885,1038,865
5890,1026,869
5895,1023,866
5900,1015,867
5905,1020,859
5910,1015,864
5915,1005,856
5920,995,859
5925,984,858
5930,989,862
5935,979,855
5940,957,851
5945,965,848
5950,956,851
5955,941,850
5960,937,848
5965,926,848
5970,910,843
5975,905,839
5980,903,836
5985,878,842
5990,881,835
5995,875,829
6000,864,830
6005,851,822
6010,844,824
6015,835,823
6020,821,820
6025,812,815
6030,820,811
6035,799,806
6040,785,803
6045,785,799
6050,771,796
6055,779,789
6060,774,781
6065,766,779
6070,757,773
6075,762,768
6080,758,761
6085,747,760
6090,755,759
6095,758,747
6100,759,735
6105,751,732
6110,745,730
6115,751,725
6120,753,714
6125,761,709
6130,758,701
6135,764,699
6140,770,696
6145,781,687
6150,778,687
6155,783,679
6160,788,671
6165,799,667
6170,805,660
6175,810,661
6180,832,654
6185,840,657
6190,845,649
6195,856,645
6200,872,641
6205,883,649
6210,896,644
6215,904,640
6220,911,637
6225,927,641
6230,944,641
6235,962,637
6240,958,642
6245,977,645
6250,989,644
6255,1003,644
6260,1007,651
6265,1026,655
6270,1046,658
6275,1050,660
6280,1054,667
6285,1062,663
6290,1092,672
6295,1101,681
6300,1103,683
6305,1113,692
6310,1114,701
6315,1127,706
6320,1134,709
6325,1136,718
6330,1140,721
6335,1152,728
6340,1158,738
6345,1163,746
6350,1172,753
6355,1169,762
6360,1172,770
6365,1184,782
6370,1177,785
6375,1172,797
6380,1180,801
6385,1187,808
6390,1191,815
6395,1185,825
6400,1190,828
6405,1184,843
6410,1193,846
6415,1183,855
6420,1183,859
6425,1181,867
6430,1184,866
6435,1176,874
6440,1179,879
6445,1180,881
6450,1165,891
6455,1166,893
6460,1162,899
6465,1161,902
6470,1159,905
6475,1148,911
6480,1145,910
6485,1150,912
6490,1148,916
6495,1142,920
6500,1138,920
6505,1137,922
6510,1134,915
6515,1120,923
6520,1118,921
6525,1117,921
6530,1120,920
6535,1110,915
6540,1098,919
6545,1113,914
6550,1097,910
6555,1089,912
6560,1115,910
6565,1094,905
6570,1109,905
6575,1088,906
6580,1090,899
6585,1085,904
6590,1091,899
6595,1085,896
6600,1079,897
6605,1081,896
6610,1073,887
6615,1074,886
6620,1072,884
6625,1071,882
6630,1072,887
6635,1070,882
6640,1069,880
6645,1056,877
6650,1052,878
6655,1047,876
6660,1043,869
6665,1035,872
6670,1031,867
6675,1027,870
6680,1029,869
6685,1027,858
6690,1021,866
6695,1004,865
6700,990,862
6705,992,858
6710,992,857
6715,979,855
6720,969,854
6725,959,850
6730,952,853
6735,950,846
6740,943,850
6745,930,843
6750,920,851
6755,906,839
6760,901,841
6765,893,839
6770,878,834
6775,880,831
6780,859,829
6785,862,831
6790,850,828
6795,839,817
6800,829,817
6805,823,816
6810,814,818
6815,801,805
6820,793,806
6825,800,802
6830,785,796
6835,775,791
6840,778,786
6845,770,787
6850,757,772
6855,767,772
6860,762,766
6865,746,766
6870,755,755
6875,747,753
6880,755,743
6885,745,740
6890,748,736
6895,742,731
6900,747,723
6905,756,716
6910,752,712
6915,759,707
6920,764,702
6925,764,699
6930,771,689
6935,784,686
6940,799,674
6945,790,671
6950,808,666
6955,815,666
6960,818,658
6965,830,659
6970,855,659
6975,846,657
6980,856,648
6985,870,644
6990,883,650
6995,890,644
7000,911,638
7005,922,642
7010,936,632
7015,942,643
7020,962,643
7025,965,641
7030,979,643
7035,994,645
7040,1015,643
7045,1019,651
7050,1029,648
7055,1030,660
7060,1053,661
7065,1063,666
7070,1082,668
7075,1085,678
7080,1100,679
7085,1105,692
7090,1109,695
7095,1119,700
7100,1121,703
7105,1134,710
7110,1149,725
7115,1157,726
7120,1154,736
7125,1166,747
7130,1171,748
7135,1181,755
7140,1179,763
7145,1177,772
7150,1189,783
7155,1190,789
7160,1193,789
7165,1186,802
7170,1191,810
7175,1190,822
7180,1189,826
7185,1183,830
7190,1180,840
7195,1195,850
7200,1186,852
7205,1178,855
7210,1180,862
7215,1178,869
7220,1176,875
7225,1169,877
7230,1170,891
7235,1170,892
7240,1165,895
7245,1154,900
7250,1167,899
7255,1150,901
7260,1152,904
7265,1142,910
7270,1146,910
7275,1145,912
7280,1136,906
7285,1139,919
7290,1133,921
7295,1122,920
7300,1128,921
7305,1125,919
7310,1123,919
7315,1111,918
7320,1117,916
7325,1115,917
7330,1100,913
7335,1106,914
7340,1103,913
7345,1105,915
7350,1106,906
7355,1095,907
7360,1094,908
7365,1087,902
7370,1087,902
7375,1099,896
7380,1090,895
7385,1082,896
7390,1085,899
7395,1075,891
7400,1074,885
7405,1072,885
7410,1064,885
7415,1069,882
7420,1060,883
7425,1062,881
7430,1060,881
7435,1052,868
7440,1043,872
7445,1043,870
7450,1043,869
7455,1044,875
7460,1020,863
7465,1022,866
7470,1018,863
7475,1023,859
7480,1014,859
7485,1000,865
7490,1004,852
7495,988,858
7500,973,857
7505,979,852
7510,960,853
7515,956,850
7520,954,851
7525,940,843
7530,925,841
7535,929,846
7540,909,844
7545,904,842
7550,898,847
7555,884,832
7560,879,830
7565,876,829
7570,850,826
7575,855,824
7580,835,822
7585,828,816
7590,820,822
7595,825,812
7600,804,800
7605,803,806
7610,789,804
7615,785,798
7620,771,789
7625,776,793
7630,774,780
7635,757,779
7640,763,762
7645,759,764
7650,748,761
7655,741,753
7660,758,744
7665,747,744
7670,750,742
7675,739,731
7680,743,730
7685,749,717
7690,761,715
7695,756,711
7700,764,707
7705,764,697
7710,772,694
7715,776,691
7720,779,681
7725,797,681
7730,798,674
7735,802,665
7740,813,663
7745,817,660
7750,839,658
7755,842,651
7760,850,650
7765,869,650
7770,873,644
7775,879,645
7780,893,639
7785,916,638
7790,914,643
7795,941,641
7800,947,637
7805,951,640
7810,964,634
7815,984,649
7820,1001,648
7825,1009,653
7830,1014,655
7835,1028,654
7840,1035,658
7845,1051,664
7850,1058,666
7855,1068,666
7860,1083,676
7865,1090,678
7870,1104,687
7875,1114,696
7880,1127,701
7885,1133,710
7890,1137,715
7895,1138,724
7900,1163,729
7905,1161,731
7910,1160,742
7915,1159,747
7920,1167,760
7925,1174,765
7930,1185,768
7935,1182,777
7940,1185,789
7945,1190,796
7950,1186,809
7955,1188,815
7960,1186,822
7965,1183,829
7970,1186,836
7975,1184,841
7980,1184,844
7985,1180,853
7990,1182,857
7995,1182,863
8000,1177,871
8005,1175,877
8010,1169,880
8015,1163,883
8020,1166,893
8025,1166,895
8029,1162,903
8035,1157,905
8039,1153,904
8045,1151,907
8050,1138,907
8055,1145,908
8060,1149,915
8064,1132,914
8070,1144,920
8074,1130,917
8080,1127,920
8085,1118,920
8090,1123,918
8095,1124,916
8100,1123,916
8105,1111,915
8109,1108,915
8115,1118,919
8119,1101,914
8125,1099,912
8130,1104,910
8135,1097,908
8140,1088,906
8145,1087,907
8150,1094,903
8154,1093,900
8160,1077,898
8164,1078,897
8170,1083,901
8175,1084,892
8180,1077,886
8185,1081,885
8189,1073,887
8195,1078,884
8200,1065,883
8205,1056,879
8210,1066,876
8215,1056,879
8220,1050,873
8225,1055,865
8230,1046,871
8235,1034,868
8240,1038,867
8245,1029,865
8250,1026,866
8255,1029,865
8260,1014,862
8265,1013,859
8270,1006,859
8275,990,854
8280,985,855
8285,981,855
8290,970,854
8295,960,849
8300,947,849
8305,939,848
8310,935,845
8315,931,844
8320,925,844
8325,910,840
8330,899,844
8335,886,837
8340,888,837
8345,872,832
8350,863,833
8355,860,824
8360,843,827
8365,837,820
8370,820,819
8375,817,819
8380,809,816
8385,810,810
8390,797,801
8395,790,801
8400,776,789
8405,778,790
8410,779,780
8415,772,785
8420,764,772
8425,757,768
8430,748,762
8435,751,754
8440,754,755
8445,751,745
8450,745,747
8455,750,738
8460,753,732
8465,741,723
8470,740,717
8475,757,717
8480,758,712
8485,766,700
8490,754,698
8495,770,691
8500,775,685
8505,789,682
8510,791,676
8515,794,668
8520,803,666
8525,813,665
8530,822,663
8535,838,657
8540,834,647
8545,853,654
8550,870,640
8555,870,645
8560,893,641
8565,900,643
8570,918,640
8575,924,643
8580,925,644
8585,952,651
8590,961,649
8595,964,638
8600,989,644
8605,1003,650
8610,1011,649
8615,1021,649
8620,1023,655
8625,1051,658
8630,1054,664
8635,1070,667
8640,1075,673
8645,1086,680
8650,1088,682
8655,1113,688
8660,1113,700
8665,1124,698
8670,1135,707
8675,1133,712
8680,1132,723
8685,1149,725
8690,1153,744
8695,1171,744
8700,1165,753
8705,1173,759
8710,1167,767
8715,1181,770
8720,1181,785
8725,1190,788
8730,1184,801
8735,1194,805
8740,1187,809
8745,1186,824
8750,1187,819
8755,1183,827
8760,1176,838
8765,1181,848
8770,1182,852
8775,1174,861
8780,1182,865
8785,1181,870
8790,1176,879
8795,1168,875
8800,1167,887
8805,1168,890
8810,1168,893
8815,1154,898
8820,1153,905
8825,1153,906
8830,1151,910
8835,1150,918
8840,1141,915
8845,1137,922
8850,1147,920
8855,1135,914
8860,1130,918
8865,1133,917
8870,1128,917
8875,1113,921
8880,1116,925
8885,1114,914
8890,1112,921
8895,1112,915
8900,1107,913
8905,1100,915
8910,1107,913
8915,1102,911
8920,1102,907
8925,1088,904
8930,1091,907
8935,1093,907
8940,1089,897
8945,1090,895
8950,1090,903
8955,1084,889
8960,1099,885
8965,1089,893
8970,1071,883
8975,1074,883
8980,1072,885
8985,1069,882
8990,1066,881
8995,1057,879
9000,1063,878
9005,1058,875
9010,1042,873
9015,1040,865
9020,1042,875
9025,1036,868
9030,1040,863
9035,1023,866
9040,1020,864
9045,1008,858
9050,1011,860
9055,995,861
9060,1003,857
9065,979,851
9070,977,852
9075,965,847
9080,968,849
9085,952,848
9090,938,850
9095,930,851
9100,927,847
9105,913,844
9110,906,838
9115,905,843
9120,883,833
9125,882,834
9130,877,832
9135,868,831
9140,857,825
9145,843,823
9150,830,822
9155,823,814
9160,807,813
9165,812,810
9170,802,803
9175,798,805
9180,790,796
9185,785,797
9190,779,791
9195,774,777
9200,767,778
9205,759,775
9210,763,762
9215,766,763
9220,750,754
9225,743,755
9230,746,746
9235,743,739
9240,750,736
9245,742,727
9250,752,723
9255,749,716
9260,753,711
9265,763,708
9270,758,698
9275,772,695
9280,771,690
9285,787,684
9290,783,677
9295,790,675
9300,797,671
9305,811,671
9310,811,663
9315,827,656
9320,832,659
9325,845,649
9330,858,648
9335,878,646
9340,875,648
9345,892,650
9350,897,643
9355,913,638
9360,929,641
9365,940,644
9370,955,643
9375,970,639
9380,989,645
9385,996,646
9390,991,646
9395,1014,651
9400,1025,647
9405,1039,655
9410,1040,662
9415,1052,662
9420,1074,669
9425,1081,678
9430,1091,674
9435,1097,683
9440,1106,688
9445,1120,696
9450,1120,701
9455,1132,708
9460,1133,711
9465,1147,726
9470,1149,736
9475,1150,739
9480,1169,745
9485,1163,753
9490,1171,761
9495,1183,768
9500,1182,781
9505,1180,785
9510,1188,793
9515,1186,802
9520,1189,810
9525,1177,815
9530,1183,824
9535,1191,833
9540,1183,836
9545,1190,838
9550,1188,848
9555,1187,853
9560,1177,859
9565,1184,866
9570,1177,874
9575,1180,878
9580,1178,883
9585,1172,890
9590,1162,888
9595,1160,898
9600,1161,900
9605,1157,896
9610,1154,905
9615,1153,911
9620,1151,911
9625,1140,913
9630,1141,917
9635,1133,918
9640,1135,914
9645,1127,920
9650,1122,916
9655,1121,910
9660,1116,917
9665,1118,913
9670,1105,920
9675,1116,918
9680,1108,913
9685,1112,914
9690,1105,914
9695,1101,914
9700,1095,917
9705,1106,902
9710,1087,899
9715,1089,902
9720,1093,905
9725,1090,898
9730,1086,898
9735,1086,894
9740,1080,892
9745,1086,890
9750,1076,888
9755,1079,889
9760,1068,886
9765,1069,884
9770,1056,887
9775,1062,883
9780,1067,879
9785,1056,876
9790,1050,875
9795,1046,869
9800,1045,872
9805,1031,863
9810,1024,870
9815,1022,864
9820,1025,863
9825,1014,864
9830,1018,856
9835,1007,861
9840,991,859
9845,991,854
9850,974,854
9855,986,854
9860,966,852
9865,959,856
9870,939,853
9875,936,851
9880,942,853
9885,925,846
9890,910,847
9895,903,839
9900,908,835
9905,892,835
9910,877,840
9915,865,828
9920,856,827
9925,852,829
9930,842,832
9935,832,822
9940,830,818
9945,817,814
9950,815,810
9955,803,805
9960,791,805
9965,786,798
9970,785,787
9975,779,792
9980,769,783
9985,767,780
9990,762,774
9995,753,771
10000,755,760
10005,753,754
10010,748,748
10015,734,747
10020,751,743
10025,750,741
10030,738,728
10035,751,716
10040,750,717
10045,763,708
10050,763,703
10055,768,705
10060,761,693
10065,773,687
10070,787,686
10075,782,679
10080,789,677
10085,800,665
10090,800,665
10095,824,664
10100,823,656
10105,841,650
10110,850,654
10115,864,646
10120,874,646
10125,879,646
10130,895,647
10135,901,639
10140,909,640
10145,929,641
10150,939,644
10155,953,641
10160,956,642
10165,973,648
10170,979,647
10175,1001,648
10180,1020,647
10185,1031,655
10190,1037,654
10195,1041,660
10200,1057,664
10205,1064,675
10210,1079,677
10215,1096,677
10220,1105,684
10225,1109,689
10230,1111,698
10235,1125,705
10240,1142,711
10245,1135,717
10250,1145,727
10255,1164,735
10260,1155,742
10265,1159,745
10270,1171,756
10275,1173,758
10280,1179,778
10285,1180,777
10290,1182,783
10295,1187,791
10300,1182,803
10305,1184,812
10310,1191,821
10315,1188,823
10320,1187,831
10325,1186,845
10330,1193,849
10335,1195,855
10340,1183,857
10345,1184,862
10350,1174,867
10355,1167,875
10360,1175,880
10365,1168,885
10370,1167,889
10375,1176,895
10380,1164,901
10385,1168,897
10390,1158,899
10395,1156,907
10400,1145,910
10405,1152,914
10410,1139,913
10415,1139,919
10420,1130,918
10425,1128,917
10430,1121,918
10435,1127,916
10440,1126,916
10445,1115,920
10450,1119,913
10455,1121,918
10460,1111,919
10465,1115,916
10470,1105,916
10475,1111,913
10480,1109,910
10485,1094,907
10490,1098,912
10495,1098,904
10500,1097,906
10505,1095,900
10510,1084,899
10515,1090,899
10520,1088,897
10525,1082,893
10530,1074,892
10535,1071,886
10540,1073,889
10545,1064,885
10550,1065,880
10555,1069,885
10560,1058,879
10565,1070,875
10570,1057,872
10575,1050,882
10580,1049,868
10585,1034,872
10590,1043,870
10595,1036,865
10600,1034,868
10605,1025,862
10610,1014,862
10615,1005,857
10620,1001,860
10625,994,860
10630,980,857
10635,982,854
10640,980,858
10645,966,849
10650,954,848
10655,944,845
10660,943,852
10665,926,845
10670,926,847
10675,911,843
10680,906,841
10685,895,839
10690,882,834
10695,876,838
10700,875,832
10705,860,827
10710,852,823
10715,845,825
10720,831,824
10725,819,817
10730,821,813
10735,813,811
10740,806,807
10745,804,803
10750,781,799
10755,786,793
10760,778,785
10765,775,782
10770,772,771
10775,763,769
10780,760,770
10785,747,759
10790,744,759
10795,753,745
10800,746,744
10805,748,736
10810,756,733
10815,748,728
10820,741,721
10825,754,714
10830,760,707
10835,757,710
10840,764,697
10845,768,694
10850,770,685
10855,784,688
10860,790,680
10865,781,670
10870,804,672
10875,809,660
10880,812,664
10885,824,657
10890,839,655
10895,856,651
10900,860,653
10905,879,651
10910,883,645
10915,896,643
10920,912,642
10925,916,640
10930,935,643
10935,945,642
10940,960,642
10945,969,647
10950,978,644
10955,990,646
10960,1000,652
10965,1018,649
10970,1033,653
10975,1039,663
10980,1046,663
10985,1059,670
10990,1068,674
10995,1084,673
11000,1094,685
11005,1100,684
11010,1112,695
11015,1126,695
11020,1122,699
11025,1138,717
11030,1143,717
11035,1147,726
11040,1162,730
11045,1162,744
11050,1160,750
11055,1180,756
11060,1162,765
11065,1177,767
11070,1174,783
11075,1175,788
11080,1191,797
11085,1193,806
11090,1197,810
11095,1186,823
11100,1185,824
11105,1191,828
11110,1184,837
11115,1189,847
11120,1183,851
11125,1181,863
11130,1172,867
11135,1174,879
11140,1178,874
11145,1168,874
11150,1160,887
11155,1164,889
11160,1167,897
11165,1154,901
11170,1159,903
11175,1154,905
11180,1148,908
11185,1146,903
11190,1151,911
11195,1148,916
11200,1137,910
11205,1139,922
11210,1127,921
11215,1127,918
11220,1123,917
11225,1119,919
11230,1114,913
11235,1114,922
11240,1118,916
11245,1111,918
11250,1103,914
11255,1112,911
11260,1102,912
11265,1109,915
11270,1095,906
11275,1098,910
11280,1094,903
11285,1095,904
11290,1094,898
11295,1086,896
11300,1082,901
11305,1085,893
11310,1069,888
11315,1079,894
11320,1084,889
11325,1076,890
11330,1072,886
11335,1070,881
11340,1067,878
11345,1054,879
11350,1063,874
11355,1052,876
11360,1041,871
11365,1042,874
11370,1040,866
11375,1032,867
11380,1033,862
11385,1027,864
11390,1018,861
11395,1017,862
11400,1006,860
11405,1005,854
11410,995,860
11415,987,856
11420,979,851
11425,977,855
11430,976,855
11435,951,852
11440,945,856
11445,937,852
11450,926,840
11455,916,844
11460,913,842
11465,902,843
11470,897,839
11475,886,832
11480,875,833
11485,865,832
11490,851,824
11495,851,828
11500,841,828
11505,829,815
11510,822,818
11515,813,812
11520,806,804
11525,801,807
11530,796,798
11535,789,800
11540,783,791
11545,778,790
11550,763,782
11555,775,776
11560,749,772
11565,753,763
11570,746,761
11575,747,755
11580,751,746
11585,746,740
11590,753,740
11595,756,732
11600,747,726
11605,746,725
11610,753,716
11615,751,712
11620,761,704
11625,766,697
11630,771,692
11635,774,688
11640,777,683
11645,784,682
11650,793,678
11655,805,675
11660,812,666
11665,820,654
11670,839,655
11675,845,654
11680,852,658
11685,865,653
11690,872,645
11695,879,645
11700,900,644
11705,915,638
11710,933,638
11715,939,644
11720,939,642
11725,958,643
11730,977,649
11735,990,643
11740,992,644
11745,1006,648
11750,1018,648
11755,1033,651
11760,1056,657
11765,1046,664
11770,1066,666
11775,1063,669
11780,1079,677
11785,1100,677
11790,1105,686
11795,1110,692
11800,1114,707
11805,1133,704
11810,1143,713
11815,1145,722
11820,1158,729
11825,1164,732
11830,1162,748
11835,1163,749
11840,1172,762
11845,1168,772
11850,1184,775
11855,1187,779
11860,1183,790
11865,1177,795
11870,1183,802
11875,1194,811
11880,1189,823
11885,1192,828
11890,1186,837
11895,1188,834
11900,1179,844
11905,1185,850
11910,1187,855
11915,1183,861
11920,1179,872
11925,1178,880
11930,1177,878
11935,1170,885
11940,1171,891
11945,1162,900
11950,1163,898
11955,1148,901
11960,1150,906
11965,1149,910
11970,1137,910
11975,1136,910
11980,1140,920
11985,1143,911
11990,1129,915
11995,1123,916
12000,1134,921
12005,1128,917
12010,1128,917
12015,1124,918
12020,1111,916
12025,1123,915
12030,1113,917
12035,1109,916
12040,1105,912
12045,1105,913
12050,1094,909
12055,1102,908
12060,1098,905
12065,1095,905
12070,1092,905
12075,1087,901
12080,1085,897
12085,1093,896
12090,1084,894
12095,1086,895
12100,1086,893
12105,1078,888
12110,1071,887
12115,1076,885
12120,1062,875
12125,1057,875
12130,1057,875
12135,1065,872
12140,1054,874
12145,1038,881
12150,1041,872
12155,1030,867
12160,1043,867
12165,1031,865
12170,1027,867
12175,1019,863
12180,1016,857
12185,1000,861
12190,1006,852
12195,988,859
12200,989,853
12205,972,856
12210,970,854
12215,965,851
12220,943,847
12225,954,855
12230,939,848
12235,925,845
12240,915,845
12245,910,847
12250,895,838
12255,890,839
12260,882,839
12265,879,838
12270,868,828
12275,862,829
12280,857,829
12285,836,819
12290,837,814
12295,827,821
12300,814,814
12305,809,805
12310,792,807
12315,793,797
12320,784,792
12325,776,784
12330,772,791
12335,761,784
12340,765,775
12345,760,775
12350,754,767
12355,765,759
12360,753,753
12365,750,747
12370,756,739
12375,737,734
12380,746,728
12385,756,724
12390,750,716
12395,759,709
12400,758,709
12405,760,705
12410,762,690
12415,769,694
12420,766,688
12425,783,687
12430,798,677
12435,793,680
12440,811,662
12445,810,662
12450,822,662
12455,829,655
12460,848,653
12465,855,645
12470,855,652
12475,880,647
12480,879,638
12485,904,639
12490,912,642
12495,917,643
12500,932,637
12505,946,640
12510,961,636
12515,971,647
12520,990,642
12525,995,648
12530,1016,645
12535,1026,653
12540,1029,660
12545,1044,659
12550,1056,664
12555,1064,664
12560,1069,675
12565,1084,673
12570,1096,684
12575,1109,686
12580,1117,693
12585,1128,705
12590,1135,711
12595,1134,719
12600,1140,724
12605,1153,730
12610,1154,733
12615,1163,741
12620,1171,755
12625,1172,756
12630,1175,765
12635,1181,779
12640,1176,777
12645,1188,788
12650,1189,801
12655,1189,807
12660,1191,813
12665,1177,819
12670,1192,826
12675,1194,838
12680,1181,841
12685,1194,848
12690,1174,856
12695,1166,863
12700,1181,871
12705,1177,877
12710,1172,882
12715,1175,886
12720,1176,885
12725,1168,890
12730,1157,895
12735,1167,898
12740,1159,904
12745,1151,905
12750,1148,899
12755,1144,912
12760,1141,911
12765,1137,917
12770,1138,914
12775,1134,915
12780,1123,915
12785,1128,920
12790,1122,921
12795,1122,921
12800,1123,924
12805,1118,925
12810,1119,916
12815,1105,916
12820,1110,918
12825,1099,912
12830,1106,909
12835,1106,913
12840,1110,911
12845,1101,912
12850,1098,906
12855,1096,897
12860,1090,901
12865,1084,896
12870,1096,895
12875,1083,895
12880,1081,898
12885,1087,889
12890,1068,887
12895,1075,879
12900,1071,887
12905,1070,878
12910,1054,884
12915,1062,880
12920,1047,875
12925,1058,868
12930,1049,873
12935,1045,871
12940,1025,869
12945,1032,868
12950,1027,866
12955,1022,861
12960,1025,861
12965,1009,855
12970,1011,859
12975,988,854
12980,983,855
12985,983,852
12990,978,857
12995,970,853
13000,963,851
13005,952,844
13010,943,848
13015,932,842
13020,926,844
13025,916,839
13030,911,846
13035,896,833
13040,901,832
13045,879,835
13050,866,830
13055,857,827
13060,846,832
13065,836,819
13070,830,823
13075,826,818
13080,817,808
13085,807,807
13090,799,806
13095,796,804
13100,782,795
13105,782,800
13110,775,787
13115,775,786
13120,770,782
13125,760,774
13130,762,763
13135,749,763
13140,749,761
13145,748,750
13150,742,746
13155,743,740
13160,752,732
13165,750,736
13170,746,725
13175,751,721
13180,751,713
13185,755,703
13190,752,703
13195,771,700
13200,772,691
13205,784,687
13210,789,683
13215,790,676
13220,794,674
13225,804,663
13230,817,662
13235,825,662
13240,840,654
13245,842,656
13250,853,651
13255,869,648
13260,875,649
13265,886,639
13270,904,640
13275,915,643
13280,921,641
13285,945,637
13290,944,640
13295,957,642
13300,977,643
13305,981,650
13310,994,648
13315,1018,651
13320,1028,649
13325,1029,656
13330,1045,662
13335,1063,668
13340,1069,671
13345,1084,676
13350,1088,675
13355,1091,686
13360,1109,694
13365,1117,699
13370,1133,701
13375,1138,713
13380,1139,715
13385,1149,726
13390,1155,734
13395,1162,736
13400,1168,740
13405,1171,756
13410,1182,756
13415,1172,770
13420,1186,778
13425,1183,786
13430,1186,792
13435,1185,799
13440,1199,813
13445,1186,814
13450,1188,820
13455,1189,831
13460,1180,840
13465,1189,848
13470,1183,854
13475,1182,861
13480,1179,869
13485,1181,873
13490,1184,873
13495,1182,873
13500,1166,884
13505,1172,892
13510,1157,895
13515,1165,892
13520,1159,901
13525,1159,906
13530,1162,904
13535,1145,904
13540,1145,907
13545,1136,915
13550,1139,918
13555,1140,918
13560,1133,915
13565,1127,916
13570,1126,920
13575,1122,919
13580,1119,920
13585,1116,913
13590,1122,912
13595,1118,919
13600,1114,917
13605,1107,914
13610,1109,911
13615,1106,921
13620,1100,912
13625,1100,906
13630,1101,903
13635,1097,903
13640,1088,903
13645,1090,898
13650,1095,898
13655,1086,900
13660,1090,893
13665,1079,894
13670,1078,894
13675,1071,889
13680,1072,889
13685,1074,883
13690,1069,877
13695,1064,881
13700,1066,874
13705,1058,873
13710,1051,868
13715,1045,876
13720,1038,872
13725,1042,870
13730,1026,866
13735,1026,867
13740,1018,866
13745,1014,865
13750,1013,857
13755,1006,866
13760,1002,858
13765,979,850
13770,979,853
13775,984,855
13780,963,854
13785,960,848
13790,942,847
13795,943,848
13800,929,842
13805,927,854
13810,909,840
13815,910,844
13820,895,840
13825,892,838
13830,877,837
13835,865,831
13840,863,829
13845,857,824
13850,841,819
13855,839,820
13860,827,817
13865,828,809
13870,807,808
13875,788,806
13880,795,798
13885,785,801
13890,778,794
13895,778,788
13900,771,784
13905,776,781
13910,760,772
13915,756,770
13920,757,764
13925,754,755
13930,753,753
13935,741,748
13940,750,742
13945,742,738
13950,743,731
13955,744,719
13960,746,720
13965,763,706
13970,758,708
13975,758,697
13980,768,696
13985,774,690
13990,782,682
13995,794,679
14000,797,672
14005,802,668
14010,801,662
14015,829,661
14020,826,655
14025,835,654
14030,847,653
14035,860,652
14040,864,647
14045,883,648
14050,898,640
14055,904,641
14060,917,640
14065,931,642
14070,934,634
14075,952,646
14080,971,640
14085,973,647
14090,992,641
14095,1001,648
14100,1012,653
14105,1021,661
14110,1044,657
14115,1049,668
14120,1061,662
14125,1062,670
14130,1088,675
14135,1094,679
14140,1097,688
14145,1103,686
14150,1124,694
14155,1128,703
14160,1136,709
14165,1145,717
14170,1157,719
14175,1149,732
14180,1160,740
14185,1163,748
14190,1170,755
14195,1171,759
14200,1178,769
14205,1182,777
14210,1190,792
14215,1181,792
14220,1192,796
14225,1190,810
14230,1189,814
14235,1193,821
14240,1193,833
14245,1192,842
14250,1194,842
14255,1184,849
14260,1180,860
14265,1176,861
14270,1180,865
14275,1179,877
14280,1174,874
14285,1172,885
14290,1157,890
14295,1166,894
14300,1168,900
14305,1156,902
14310,1147,900
14315,1148,913
14320,1149,910
14325,1147,913
14330,1140,913
14335,1136,912
14340,1134,918
14345,1134,917
14350,1124,918
14355,1123,916
14360,1125,917
14365,1121,918
14370,1126,916
14375,1114,916
14380,1114,920
14385,1108,917
14390,1112,913
14395,1107,917
14400,1098,918
14405,1098,911
14410,1082,902
14415,1094,907
14420,1095,905
14425,1098,899
14430,1087,902
14435,1079,900
14440,1078,902
14445,1078,891
14450,1073,892
14455,1088,892
14460,1080,890
14465,1076,885
14470,1070,884
14475,1068,891
14480,1063,877
14485,1069,879
14490,1054,871
14495,1056,873
14500,1050,873
14505,1039,871
14510,1035,866
14515,1028,868
14520,1024,868
14525,1022,866
14530,1005,860
14535,1008,861
14540,989,860
14545,984,856
14550,993,861
14555,980,851
14560,979,858
14565,965,854
14570,954,852
14575,954,852
14580,936,845
14585,927,848
14590,922,842
14595,921,840
14600,907,844
14605,899,843
14610,886,834
14615,876,835
14620,870,834
14625,857,826
14630,853,827
14635,847,823
14640,829,824
14645,821,817
14650,806,812
14655,806,809
14660,807,799
14665,790,802
14670,783,792
14675,781,788
14680,774,788
14685,773,783
14690,764,777
14695,754,769
14700,754,770
14705,753,757
14710,755,754
14715,761,751
14720,749,746
14725,750,743
14730,741,733
14735,752,727
14740,748,722
14745,758,713
14750,751,709
14755,764,706
14760,768,696
14765,776,692
14770,778,687
14775,783,686
14780,786,677
14785,795,676
14790,808,670
14795,815,663
14800,816,665
14805,829,658
14810,841,653
14815,843,649
14820,850,646
14825,870,643
14830,883,643
14835,895,644
14840,901,640
14845,919,644
14850,925,644
14855,941,641
14860,963,643
14865,973,640
14870,980,645
14875,993,645
14880,998,650
14885,1011,654
14890,1031,653
14895,1038,659
14900,1052,663
14905,1069,664
14910,1073,672
14915,1088,676
14920,1092,678
14925,1109,690
14930,1114,691
14935,1122,690
14940,1130,710
14945,1134,710
14950,1140,717
14955,1148,728
14960,1150,734
14965,1162,739
14970,1165,751
14975,1179,759
14980,1173,769
14985,1174,780
14990,1174,781
14995,1187,786
15000,1184,797
15005,1190,804
15010,1188,814
15015,1188,812
15020,1198,829
15025,1180,831
15030,1193,835
15035,1190,847
15040,1182,851
15045,1178,862
15050,1173,863
15055,1183,869
15060,1179,870
15065,1176,882
15070,1163,881
15075,1167,887
15080,1161,892
15085,1150,903
15090,1156,902
15095,1152,907
15100,1150,909
15105,1156,913
15110,1152,911
15115,1140,917
15120,1145,919
15125,1132,913
15130,1128,920
15135,1126,919
15140,1125,918
15145,1111,920
15150,1112,919
15155,1118,913
15160,1114,912
15165,1124,916
15170,1107,921
15175,1104,917
15180,1106,905
15185,1100,911
15190,1102,909
15195,1103,909
15200,1097,906
15205,1092,904
15210,1095,901
15215,1085,893
15220,1087,898
15225,1090,896
15230,1087,890
15235,1083,892
15240,1079,890
15245,1075,886
15250,1073,885
15255,1069,884
15260,1069,881
15265,1060,878
15270,1062,878
15275,1057,878
15280,1047,869
15285,1045,874
15290,1034,870
15295,1029,866
15300,1041,865
15305,1020,869
15310,1015,863
15315,1017,864
15320,1012,859
15325,998,855
15330,995,858
15335,981,857
15340,975,856
15345,979,852
15350,963,853
15355,954,846
15360,947,851
15365,935,847
15370,936,845
15375,922,843
15380,908,843
15385,901,839
15390,891,836
15395,879,835
15400,878,834
15405,865,827
15410,852,828
15415,845,829
15420,835,818
15425,831,822
15430,821,817
15435,805,814
15440,806,804
15445,794,805
15450,798,795
15455,786,796
15460,780,793
15465,767,779
15470,763,780
15475,763,767
15480,762,762
15485,753,769
15490,754,762
15495,754,758
15500,745,750
15505,744,746
15510,753,735
15515,745,732
15520,748,727
15525,752,722
15530,749,715
15535,755,710
15540,752,705
15545,766,701
15550,764,694
15555,770,680
15560,782,684
15565,785,679
15570,792,670
15575,801,666
15580,817,668
15585,812,661
15590,831,652
15595,827,652
15600,849,655
15605,865,644
15610,867,645
15615,884,644
15620,906,644
15625,912,639
15630,921,643
15635,936,646
15640,945,643
15645,961,640
15650,962,639
15655,975,640
15660,989,647
15665,1005,644
15670,1022,652
15675,1040,654
15680,1035,659
15685,1050,659
15690,1065,670
15695,1072,668
15700,1085,678
15705,1093,679
15710,1104,686
15715,1111,696
15720,1123,704
15725,1130,707
15730,1141,714
15735,1157,719
15740,1148,731
15745,1156,742
15750,1167,742
15755,1166,755
15760,1173,762
15765,1177,761
15770,1184,775
15775,1183,785
15780,1180,789
15785,1185,794
15790,1182,806
15795,1191,809
15800,1186,820
15805,1190,833
15810,1185,835
15815,1189,839
15820,1180,850
15825,1185,853
15830,1183,862
15835,1175,863
15840,1180,879
15845,1179,876
15850,1176,882
15855,1165,887
15860,1164,893
15865,1162,895
15870,1159,895
15875,1160,899
15880,1163,909
15885,1148,910
15890,1141,910
15895,1149,917
15900,1142,915
15905,1143,917
15910,1136,912
15915,1128,914
15920,1113,917
15925,1118,918
15930,1123,915
15935,1114,920
15940,1119,917
15945,1108,912
15950,1107,915
15955,1110,912
15960,1108,915
15965,1110,906
15970,1093,911
15975,1094,907
15980,1100,906
15985,1095,905
15990,1089,904
15995,1086,904
16000,1085,901
16004,1079,898
16010,1079,895
16015,1073,884
16020,1077,884
16024,1078,892
16030,1069,887
16035,1068,884
16040,1064,879
16045,1055,879
16050,1060,878
16055,1051,875
16059,1052,873
16065,1049,876
16070,1040,874
16075,1031,870
16079,1033,864
16085,1038,868
16090,1032,870
16094,1023,861
16100,1018,863
16105,1006,862
16110,987,856
16114,986,860
16120,974,858
16125,975,855
16129,967,857
16135,963,858
16140,954,851
16145,950,850
16149,936,847
16155,932,846
16160,919,844
16165,904,846
16170,898,838
16175,884,842
16180,878,829
16184,863,832
16190,864,834
16195,846,828
16200,843,830
16204,841,820
16210,829,819
16215,819,816
16219,817,812
16225,806,807
16230,791,808
16235,790,799
16239,773,795
16245,781,789
16250,770,784
16254,763,781
16260,762,771
16265,761,772
16270,740,767
16274,748,763
16280,748,751
16285,749,752
16290,751,743
16295,744,735
16300,759,731
16305,748,726
16309,752,718
16315,744,714
16320,758,708
16325,765,705
16329,762,693
16335,778,687
16340,786,691
16344,776,677
16350,797,674
16355,794,671
16360,812,668
16364,817,661
16370,816,660
16375,839,660
16379,851,650
16385,853,652
16390,871,643
16395,873,647
16400,893,648
16405,896,644
16410,921,644
16415,931,639
16420,933,639
16425,954,641
16430,962,638
16435,973,645
16440,986,641
16445,999,646
16450,1009,653
16455,1024,656
16460,1039,657
16465,1048,654
16470,1048,660
16475,1065,667
16480,1084,674
16485,1089,678
16490,1096,683
16495,1105,688
16500,1115,691
16505,1125,704
16510,1126,704
16515,1144,713
16520,1147,723
16525,1151,731
16530,1157,733
16535,1164,745
16540,1160,754
16545,1172,762
16550,1177,767
16555,1171,776
16560,1190,785
16565,1185,799
16570,1178,798
16575,1187,808
16580,1183,808
16585,1191,821
16590,1181,830
16595,1185,840
16600,1188,842
16605,1199,846
16610,1183,857
16615,1185,862
16620,1178,867
16625,1178,876
16630,1170,874
16635,1172,879
16640,1162,882
16645,1175,898
16650,1164,901
16655,1165,904
16660,1166,905
16665,1154,908
16670,1153,903
16675,1154,911
16680,1141,914
16685,1141,911
16690,1129,912
16695,1122,916
16700,1127,920
16705,1132,913
16710,1133,921
16715,1121,920
16720,1117,917
16725,1117,916
16730,1120,917
16735,1109,913
16740,1109,914
16745,1099,914
16750,1101,906
16755,1099,916
16760,1092,911
16765,1095,914
16770,1095,904
16775,1086,902
16780,1092,905
16785,1084,899
16790,1087,893
16795,1082,900
16800,1075,895
16805,1078,889
16810,1061,891
16815,1082,882
16820,1083,884
16825,1068,878
16830,1067,875
16835,1066,879
16840,1056,878
16845,1045,871
16850,1049,876
16855,1042,870
16860,1040,870
16865,1039,871
16870,1018,867
16875,1020,869
16880,1012,865
16885,1018,862
16890,995,861
16895,997,859
16900,992,861
16905,979,857
16910,971,855
16915,966,855
16920,958,852
16925,952,846
16930,950,849
16935,943,841
16940,930,847
16945,919,844
16950,900,841
16955,904,843
16960,891,830
16965,891,837
16970,867,837
16975,847,831
16980,859,831
16985,847,828
16990,841,823
16995,822,824
17000,819,816
17005,812,813
17010,804,808
17015,800,803
17020,786,797
17025,783,794
17030,771,790
17035,765,784
17040,767,777
17045,768,770
17050,762,766
17055,755,765
17060,748,761
17065,745,754
17070,751,750
17075,756,743
17080,744,736
17085,754,732
17090,745,724
17095,751,715
17100,756,713
17105,744,700
17110,761,700
17115,761,702
17120,772,689
17125,775,684
17130,778,682
17135,788,674
17140,797,671
17145,813,659
17150,813,665
17155,821,660
17160,833,652
17165,841,660
17170,851,650
17175,865,643
17180,875,643
17185,893,640
17190,908,644
17195,909,642
17200,924,644
17205,943,643
17210,946,642
17215,959,645
17220,972,634
17225,1001,641
17230,1002,647
17235,1012,654
17240,1029,653
17245,1032,652
17250,1048,660
17255,1059,661
17260,1082,669
17265,1083,675
17270,1083,680
17275,1098,685
17280,1106,695
17285,1108,692
17290,1122,701
17295,1124,707
17300,1137,707
17305,1151,719
17310,1150,732
17315,1161,738
17320,1173,745
17325,1177,752
17330,1166,763
17335,1174,769
17340,1182,778
17345,1181,787
17350,1180,793
17355,1187,805
17360,1189,811
17365,1186,814
17370,1191,823
17375,1192,828
17380,1175,841
17385,1193,839
17390,1188,846
17395,1190,863
17400,1182,866
17405,1182,866
17410,1179,876
17415,1177,878
17420,1172,880
17425,1175,886
17430,1158,885
17435,1156,894
17440,1163,903
17445,1148,907
17450,1164,904
17455,1155,911
17460,1136,910
17465,1137,915
17470,1141,916
17475,1132,911
17480,1134,919
17485,1129,916
17490,1125,915
17495,1125,920
17500,1124,918
17505,1114,918
17510,1108,918
17515,1118,920
17520,1113,913
17525,1107,910
17530,1104,907
17535,1108,912
17540,1094,913
17545,1096,911
17550,1096,907
17555,1096,911
17560,1095,904
17565,1091,905
17570,1091,895
17575,1088,896
17580,1090,891
17585,1082,888
17590,1072,886
17595,1077,886
17600,1077,882
17605,1073,882
17610,1063,878
17615,1059,877
17620,1053,879
17625,1058,872
17630,1053,871
17635,1050,868
17640,1039,866
17645,1039,865
17650,1033,873
17655,1029,864
17660,1022,863
17665,1017,864
17670,1014,863
17675,1000,857
17680,993,862
17685,987,863
17690,981,858
17695,974,851
17700,968,848
17705,957,854
17710,952,850
17715,938,846
17720,933,848
17725,918,846
17730,910,847
17735,906,841
17740,897,839
17745,885,838
17750,869,836
17755,863,831
17760,850,833
17765,846,831
17770,842,823
17775,832,822
17780,830,822
17785,822,822
17790,810,807
17795,799,806
17800,790,795
17805,777,799
17810,784,795
17815,770,792
17820,771,787
17825,763,782
17830,758,772
17835,764,769
17840,761,765
17845,759,752
17850,750,756
17855,751,743
17860,748,738
17865,748,730
17870,748,730
17875,755,726
17880,745,714
17885,749,712
17890,758,706
17895,759,701
17900,768,694
17905,765,691
17910,783,684
17915,786,676
17920,792,677
17925,798,674
17930,810,662
17935,818,661
17940,832,664
17945,841,652
17950,842,651
17955,863,642
17960,865,649
17965,885,643
17970,893,642
17975,907,643
17980,922,641
17985,930,641
17990,939,642
17995,947,647
18000,955,649
18005,980,644
18010,988,644
18015,1002,648
18020,1021,649
18025,1028,652
18030,1038,653
18035,1056,661
18040,1063,666
18045,1065,673
18050,1084,681
18055,1098,680
18060,1102,679
18065,1105,687
18070,1113,700
18075,1117,701
18080,1137,708
18085,1139,719
18090,1159,728
18095,1150,737
18100,1163,746
18105,1160,747
18110,1172,755
18115,1170,760
18120,1184,770
18125,1180,782
18130,1183,792
18135,1182,788
18140,1181,804
18145,1187,809
18150,1190,817
18155,1184,823
18160,1174,834
18165,1183,835
18170,1178,848
18175,1181,848
18180,1187,860
18185,1178,861
18190,1189,865
18195,1189,876
18200,1179,883
18205,1173,885
18210,1176,889
18215,1152,888
18220,1165,899
18225,1154,896
18230,1158,902
18235,1145,907
18240,1137,907
18245,1149,917
18250,1145,920
18255,1137,915
18260,1133,920
18265,1122,919
18270,1136,916
18275,1121,917
18280,1117,921
18285,1119,922
18290,1108,918
18295,1115,918
18300,1116,915
18305,1113,921
18310,1106,915
18315,1100,913
18320,1102,914
18325,1098,912
18330,1093,905
18335,1096,903
18340,1081,900
18345,1097,905
18350,1083,896
18355,1083,903
18360,1082,895
18365,1082,890
18370,1078,887
18375,1074,889
18380,1077,885
18385,1074,883
18390,1074,887
18395,1075,880
18400,1052,875
18405,1058,873
18410,1057,871
18415,1048,873
18420,1048,876
18425,1045,872
18430,1045,865
18435,1029,864
18440,1015,863
18445,1027,866
18450,1009,866
18455,1006,861
18460,1010,861
18465,993,861
18470,988,851
18475,978,854
18480,975,856
18485,962,852
18490,960,847
18495,947,851
18500,943,853
18505,935,848
18510,922,838
18515,904,848
18520,898,842
18525,896,843
18530,877,840
18535,879,832
18540,871,834
18545,855,831
18550,856,825
18555,849,821
18560,830,818
18565,815,813
18570,813,813
18575,805,812
18580,808,801
18585,792,804
18590,784,799
18595,782,794
18600,776,786
18605,766,785
18610,772,780
18615,759,769
18620,760,759
18625,751,758
18630,756,755
18635,740,749
18640,748,744
18645,742,735
18650,744,728
18655,748,732
18660,753,721
18665,754,712
18670,761,712
18675,766,704
18680,763,699
18685,766,698
18690,769,686
18695,782,682
18700,786,676
18705,803,671
18710,798,672
18715,809,667
18720,816,662
18725,835,657
18730,848,658
18735,837,648
18740,858,650
18745,865,644
18750,872,642
18755,901,647
18760,915,642
18765,930,647
18770,922,643
18775,945,640
18780,947,636
18785,964,642
18790,981,642
18795,988,648
18800,1017,654
18805,1017,650
18810,1023,652
18815,1049,653
18820,1061,656
18825,1060,666
18830,1068,671
18835,1082,670
18840,1092,685
18845,1111,688
18850,1114,686
18855,1122,700
18860,1123,706
18865,1135,709
18870,1142,722
18875,1156,724
18880,1152,733
18885,1160,744
18890,1164,751
18895,1174,754
18900,1174,762
18905,1182,770
18910,1183,782
18915,1190,787
18920,1180,792
18925,1181,801
18930,1177,813
18935,1183,815
18940,1185,828
18945,1183,830
18950,1189,839
18955,1183,843
18960,1187,854
18965,1195,856
18970,1175,863
18975,1178,871
18980,1177,878
18985,1170,878
18990,1182,885
18995,1165,887
19000,1163,894
19005,1165,899
19010,1160,898
19015,1151,904
19020,1151,906
19025,1144,913
19030,1137,911
19035,1139,917
19040,1147,918
19045,1139,915
19050,1138,911
19055,1128,926
19060,1130,919
19065,1120,911
19070,1112,918
19075,1121,919
19080,1107,921
19085,1109,920
19090,1106,916
19095,1106,910
19100,1102,913
19105,1098,909
19110,1096,909
19115,1091,908
19120,1100,907
19125,1088,903
19130,1087,901
19135,1094,895
19140,1085,893
19145,1087,896
19150,1089,893
19155,1078,892
19160,1076,885
19165,1082,879
19170,1073,885
19175,1062,883
19180,1072,879
19185,1062,877
19190,1048,874
19195,1053,873
19200,1045,871
19205,1049,871
19210,1046,869
19215,1034,868
19220,1031,870
19225,1031,870
19230,1020,863
19235,1019,862
19240,1000,858
19245,1000,860
19250,997,858
19255,982,858
19260,977,844
19265,968,853
19270,971,849
19275,957,854
19280,940,852
19285,934,847
19290,931,847
19295,920,846
19300,907,843
19305,895,847
19310,893,839
19315,877,837
19320,865,834
19325,866,831
19330,863,828
19335,851,829
19340,835,821
19345,834,813
19350,820,818
19355,811,811
19360,806,803
19365,803,807
19370,792,794
19375,784,799
19380,776,793
19385,779,785
19390,779,774
19395,762,777
19400,753,772
19405,755,767
19410,754,758
19415,749,756
19420,740,746
19425,753,747
19430,746,735
19435,746,737
19440,747,731
19445,744,720
19450,750,715
19455,755,714
19460,762,702
19465,769,690
19470,775,695
19475,777,689
19480,775,681
19485,796,679
19490,797,672
19495,803,671
19500,811,670
19505,817,662
19510,834,655
19515,838,650
19520,854,655
19525,867,652
19530,877,644
19535,884,644
19540,891,645
19545,912,642
19550,924,643
19555,944,643
19560,943,645
19565,958,641
19570,972,644
19575,986,649
19580,995,642
19585,1005,644
19590,1019,651
19595,1025,655
19600,1042,658
19605,1050,663
19610,1066,666
19615,1068,669
19620,1086,677
19625,1095,685
19630,1100,687
19635,1119,693
19640,1120,699
19645,1128,703
19650,1147,711
19655,1139,715
19660,1157,730
19665,1146,742
19670,1172,736
19675,1173,750
19680,1173,754
19685,1184,763
19690,1179,769
19695,1192,778
19700,1192,792
19705,1183,795
19710,1183,806
19715,1188,815
19720,1186,821
19725,1192,826
19730,1190,836
19735,1183,843
19740,1191,850
19745,1191,851
19750,1182,859
19755,1182,865
19760,1182,866
19765,1174,882
19770,1170,880
19775,1163,885
19780,1166,892
19785,1161,894
19790,1157,898
19795,1159,904
19800,1150,905
19805,1154,908
19810,1148,910
19815,1144,916
19820,1149,912
19825,1144,914
19830,1135,921
19835,1134,919
19840,1124,920
19845,1124,920
19850,1118,915
19855,1117,925
19860,1106,918
19865,1113,920
19870,1111,909
19875,1112,911
19880,1109,915
19885,1109,910
19890,1104,910
19895,1105,912
19900,1106,911
19905,1106,904
19910,1102,903
19915,1091,905
19920,1092,894
19925,1088,897
19930,1080,898
19935,1086,892
19940,1077,889
19945,1076,885
19950,1077,888
19955,1066,882
19960,1069,879
19965,1073,880
19970,1063,871
19975,1050,879
19980,1048,872
19985,1062,871
19990,1044,868
19995,1042,872
20000,1033,868
20005,1030,866
20010,1023,865
20015,1017,862
20020,1014,865
20025,1003,859
20030,1004,858
20035,991,860
20040,980,857
20045,977,856
20050,969,855
20055,952,855
20060,949,853
20065,942,854
20070,938,847
20075,930,839
20080,914,842
20085,908,841
20090,895,837
20095,889,837
20100,883,832
20105,878,830
20110,864,824
20115,848,822
20120,851,820
20125,836,823
20130,829,817
20135,816,814
20140,804,813
20145,803,804
20150,796,800
20155,790,795
20160,787,798
20165,776,786
20170,771,780
20175,759,782
20180,760,773
20185,761,766
20190,762,763
20195,759,757
20200,745,758
20205,755,752
20210,752,746
20215,753,739
20220,757,728
20225,757,727
20230,760,717
20235,765,714
20240,761,704
20245,754,699
20250,756,695
20255,774,693
20260,777,688
20265,781,685
20270,787,676
20275,797,672
20280,800,662
20285,810,665
20290,833,662
20295,837,655
20300,846,651
20305,860,648
20310,857,646
20315,884,640
20320,893,644
20325,899,645
20330,916,644
20335,922,640
20340,937,640
20345,950,644
20350,960,643
20355,971,638
20360,983,640
20365,1003,651
20370,1014,651
20375,1023,653
20380,1036,651
20385,1055,660
20390,1057,663
20395,1069,663
20400,1078,670
20405,1091,677
20410,1106,679
20415,1110,694
20420,1108,696
20425,1130,695
20430,1131,707
20435,1135,712
20440,1156,722
20445,1144,726
20450,1151,734
20455,1163,747
20460,1166,751
20465,1163,763
20470,1180,769
20475,1172,775
20480,1181,785
20485,1185,788
20490,1184,798
20495,1184,800
20500,1188,816
20505,1183,817
20510,1187,830
20515,1190,834
20520,1190,843
20525,1193,850
20530,1182,853
20535,1178,858
20540,1170,868
20545,1180,873
20550,1177,876
20555,1173,884
20560,1174,891
20565,1166,893
20570,1166,896
20575,1157,902
20580,1155,902
20585,1156,904
20590,1144,902
20595,1148,912
20600,1145,914
20605,1143,913
20610,1140,921
20615,1136,920
20620,1122,920
20625,1137,921
20630,1129,914
20635,1120,918
20640,1111,920
20645,1114,916
20650,1110,914
20655,1105,913
20660,1101,919
20665,1097,911
20670,1105,916
20675,1101,912
20680,1093,914
20685,1088,915
20690,1103,902
20695,1088,903
20700,1091,900
20705,1104,895
20710,1085,894
20715,1075,891
20720,1083,889
20725,1083,892
20730,1080,885
20735,1075,887
20740,1065,888
20745,1072,879
20750,1059,874
20755,1059,875
20760,1048,878
20765,1052,878
20770,1045,873
20775,1042,870
20780,1041,872
20785,1036,872
20790,1022,869
20795,1022,862
20800,1026,864
20805,1006,863
20810,1002,851
20815,1001,869
20820,996,855
20825,984,857
20830,974,854
20835,964,857
20840,958,853
20845,954,848
20850,943,848
20855,940,852
20860,917,847
20865,911,843
20870,913,841
20875,904,837
20880,888,840
20885,877,834
20890,873,834
20895,862,834
20900,850,824
20905,837,823
20910,832,819
20915,833,819
20920,821,815
20925,809,812
20930,804,809
20935,789,801
20940,790,801
20945,782,790
20950,783,787
20955,766,785
20960,767,781
20965,762,769
20970,764,773
20975,752,761
20980,756,761
20985,761,758
20990,746,746
20995,746,744
21000,749,734
21005,757,730
21010,752,722
21015,763,713
21020,754,708
21025,759,708
21030,768,699
21035,777,694
21040,768,688
21045,770,686
21050,792,684
21055,797,674
21060,793,672
21065,806,665
21070,817,658
21075,829,657
21080,832,661
21085,849,653
21090,857,645
21095,868,646
21100,875,648
21105,888,637
21110,899,641
21115,912,644
21120,927,645
21125,935,639
21130,951,642
21135,971,645
21140,974,643
21145,988,645
21150,989,644
21155,1013,649
21160,1023,651
21165,1033,653
21170,1052,658
21175,1061,663
21180,1074,662
21185,1081,676
21190,1086,680
21195,1104,681
21200,1113,686
21205,1125,695
21210,1126,702
21215,1132,711
21220,1139,720
21225,1154,725
21230,1150,732
21235,1159,740
21240,1169,742
21245,1165,753
21250,1164,764
21255,1172,770
21260,1182,779
21265,1189,787
21270,1171,791
21275,1191,800
21280,1184,809
21285,1188,814
21290,1187,827
21295,1190,829
21300,1189,834
21305,1195,844
21310,1179,850
21315,1185,853
21320,1180,860
21325,1187,868
21330,1177,877
21335,1179,879
21340,1164,883
21345,1168,891
21350,1168,898
21355,1155,896
21360,1156,901
21365,1159,902
21370,1153,908
21375,1150,905
21380,1145,918
21385,1147,916
21390,1136,913
21395,1133,918
21400,1129,918
21405,1136,916
21410,1123,925
21415,1115,917
21420,1116,917
21425,1118,916
21430,1122,917
21435,1118,921
21440,1118,913
21445,1113,921
21450,1103,911
21455,1103,912
21460,1102,909
21465,1100,908
21470,1088,907
21475,1086,906
21480,1095,902
21485,1089,900
21490,1079,898
21495,1083,897
21500,1077,898
21505,1081,888
21510,1085,893
21515,1074,884
21520,1075,881
21525,1069,885
21530,1059,881
21535,1059,877
21540,1056,878
21545,1051,874
21550,1050,872
21555,1049,873
21560,1043,869
21565,1028,866
21570,1037,867
21575,1029,865
21580,1023,867
21585,1015,862
21590,1011,858
21595,1010,857
21600,991,858
21605,982,857
21610,979,857
21615,973,852
21620,966,850
21625,965,852
21630,949,848
21635,935,847
21640,931,850
21645,917,846
21650,913,845
21655,907,847
21660,895,836
21665,884,836
21670,876,834
21675,866,830
21680,857,831
21685,848,823
21690,835,824
21695,831,817
21700,824,819
21705,818,821
21710,811,808
21715,802,803
21720,795,796
21725,788,797
21730,780,793
21735,776,783
21740,772,788
21745,770,777
21750,762,771
21755,760,768
21760,760,767
21765,756,757
21770,749,752
21775,745,745
21780,748,740
21785,748,735
21790,744,731
21795,751,724
21800,755,714
21805,761,712
21810,747,702
21815,761,700
21820,760,697
21825,776,687
21830,781,687
21835,784,679
21840,790,673
21845,801,670
21850,811,663
21855,820,666
21860,828,658
21865,839,656
21870,848,647
21875,866,648
21880,869,643
21885,884,643
21890,888,638
21895,895,641
21900,913,642
21905,931,638
21910,942,641
21915,954,638
21920,967,645
21925,970,645
21930,994,646
21935,998,643
21940,1010,647
21945,1028,650
21950,1039,653
21955,1048,658
21960,1053,667
21965,1070,671
21970,1080,670
21975,1087,685
21980,1095,688
21985,1111,686
21990,1119,695
21995,1131,700
22000,1142,709
22005,1142,719
22010,1148,724
22015,1159,736
22020,1165,740
22025,1164,753
22030,1172,752
22035,1193,763
22040,1184,763
22045,1179,778
22050,1182,781
22055,1184,795
22060,1182,803
22065,1194,808
22070,1192,819
22075,1189,825
22080,1185,831
22085,1183,835
22090,1188,846
22095,1181,849
22100,1186,858
22105,1182,867
22110,1178,873
22115,1177,876
22120,1177,877
22125,1180,881
22130,1169,889
22135,1170,897
22140,1158,903
22145,1174,901
22150,1160,902
22155,1145,908
22160,1145,908
22165,1146,913
22170,1133,911
22175,1136,913
22180,1132,915
22185,1126,919
22190,1130,918
22195,1130,916
22200,1117,917
22205,1117,918
22210,1119,916
22215,1119,920
22220,1109,911
22225,1105,911
22230,1121,921
22235,1100,917
22240,1098,909
22245,1099,907
22250,1100,905
22255,1094,905
22260,1086,902
22265,1102,907
22270,1095,896
22275,1089,898
22280,1092,892
22285,1092,892
22290,1077,891
22295,1080,893
22300,1075,887
22305,1065,882
22310,1062,885
22315,1067,881
22320,1053,886
22325,1054,876
22330,1050,872
22335,1049,875
22340,1046,874
22345,1045,875
22350,1036,872
22355,1032,872
22360,1025,869
22365,1024,866
22370,1014,863
22375,1009,854
22380,999,866
22385,999,855
22390,988,851
22395,975,854
22400,977,860
22405,971,853
22410,956,855
22415,944,849
22420,940,848
22425,928,848
22430,924,849
22435,911,839
22440,908,841
22445,902,842
22450,889,836
22455,872,834
22460,876,832
22465,858,830
22470,850,824
22475,838,823
22480,826,819
22485,829,818
22490,815,813
22495,808,807
22500,803,805
22505,784,797
22510,782,798
22515,782,790
22520,778,786
22525,767,780
22530,769,778
22535,753,765
22540,753,768
22545,756,767
22550,750,754
22555,753,749
22560,742,741
22565,746,735
22570,749,731
22575,754,729
22580,748,724
22585,758,714
22590,754,708
22595,752,710
22600,766,705
22605,769,693
22610,772,688
22615,779,676
22620,792,680
22625,791,678
22630,809,673
22635,806,671
22640,821,662
22645,821,658
22650,832,657
22655,853,651
22660,863,652
22665,863,653
22670,880,647
22675,888,642
22680,904,645
22685,916,644
22690,933,639
22695,941,642
22700,956,643
22705,971,643
22710,984,644
22715,982,647
22720,1011,649
22725,1020,651
22730,1030,654
22735,1052,664
22740,1063,661
22745,1062,662
22750,1067,672
22755,1088,679
22760,1097,683
22765,1108,685
22770,1117,689
22775,1128,697
22780,1123,710
22785,1129,716
22790,1144,721
22795,1151,726
22800,1157,731
22805,1165,742
22810,1165,752
22815,1172,758
22820,1179,767
22825,1176,771
22830,1183,778
22835,1181,792
22840,1182,792
22845,1183,809
22850,1191,812
22855,1190,815
22860,1184,823
22865,1177,830
22870,1189,838
22875,1188,849
22880,1195,850
22885,1187,852
22890,1180,861
22895,1179,869
22900,1178,875
22905,1176,878
22910,1175,885
22915,1173,894
22920,1159,891
22925,1153,899
22930,1159,904
22935,1150,902
22940,1146,905
22945,1146,907
22950,1151,913
22955,1131,915
22960,1141,920
22965,1132,914
22970,1129,916
22975,1119,918
22980,1125,918
22985,1126,921
22990,1127,913
22995,1114,920
23000,1110,910
23005,1110,915
23010,1097,915
23015,1104,917
23020,1107,910
23025,1102,914
23030,1092,903
23035,1104,906
23040,1105,902
23045,1097,904
23050,1096,902
23055,1087,900
23060,1082,896
23065,1073,895
23070,1066,894
23075,1079,891
23080,1086,890
23085,1078,882
23090,1060,881
23095,1065,879
23100,1072,883
23105,1059,878
23110,1054,879
23115,1054,874
23120,1050,869
23125,1043,872
23130,1044,870
23135,1045,865
23140,1039,865
23145,1027,871
23150,1013,863
23155,1019,864
23160,1005,861
23165,994,861
23170,981,855
23175,988,860
23180,976,852
23185,980,855
23190,965,854
23195,952,851
23200,943,848
23205,931,844
23210,919,850
23215,920,845
23220,915,849
23225,903,842
23230,885,839
23235,883,835
23240,875,832
23245,866,833
23250,853,826
23255,849,829
23260,840,828
23265,830,819
23270,818,819
23275,810,811
23280,805,809
23285,802,802
23290,786,797
23295,787,795
23300,787,793
23305,781,786
23310,758,780
23315,760,777
23320,765,772
23325,750,768
23330,756,755
23335,757,754
23340,740,749
23345,750,748
23350,749,740
23355,756,734
23360,745,729
23365,749,720
23370,756,714
23375,753,710
23380,763,703
23385,755,701
23390,767,688
23395,778,688
23400,778,684
23405,784,678
23410,798,674
23415,810,668
23420,810,667
23425,816,661
23430,835,662
23435,832,656
23440,848,648
23445,859,651
23450,871,651
23455,892,637
23460,898,648
23465,911,636
23470,923,641
23475,933,639
23480,959,638
23485,963,639
23490,976,648
23495,986,640
23500,990,648
23505,1005,654
23510,1016,655
23515,1029,651
23520,1044,660
23525,1062,662
23530,1061,667
23535,1073,666
23540,1095,676
23545,1085,685
23550,1101,689
23555,1115,693
23560,1118,702
23565,1137,705
23570,1133,711
23575,1148,722
23580,1160,727
23585,1165,737
23590,1162,748
23595,1167,749
23600,1174,754
23605,1167,763
23610,1178,774
23615,1179,780
23620,1188,788
23625,1178,798
23630,1192,809
23635,1194,816
23640,1188,818
23645,1187,828
23650,1184,835
23655,1188,843
23660,1176,847
23665,1187,854
23670,1184,863
23675,1184,867
23680,1175,873
23685,1177,875
23690,1172,882
23695,1168,891
23700,1168,890
23705,1161,893
23710,1158,899
23715,1155,901
23720,1152,906
23725,1148,905
23730,1148,917
23735,1145,906
23740,1138,911
23745,1138,914
23750,1129,917
23755,1131,920
23760,1117,917
23765,1118,920
23770,1120,916
23775,1123,919
23780,1121,916
23785,1118,916
23790,1114,920
23795,1111,915
23800,1102,912
23805,1108,909
23810,1092,908
23815,1094,911
23820,1095,908
23825,1095,906
23830,1091,905
23835,1091,903
23840,1082,906
23845,1093,900
23850,1081,895
23855,1075,891
23860,1075,890
23865,1070,888
23870,1068,887
23875,1067,882
23880,1056,878
23885,1059,883
23890,1067,872
23895,1060,876
23900,1058,878
23905,1042,877
23910,1056,867
23915,1033,869
23920,1037,864
23925,1036,863
23930,1020,864
23935,1016,861
23940,1024,863
23945,1001,862
23950,1003,863
23955,993,861
23960,987,860
23965,978,854
23970,956,853
23975,953,854
23980,951,851
23985,944,849
23990,934,851
23995,923,845
24000,916,843
24005,904,840
24010,904,844
24015,889,837
24020,884,840
24025,878,839
24030,862,829
24035,856,830
24040,840,824
24045,842,816
24050,830,823
24055,817,811
24060,810,813
24065,806,807
24070,796,806
24075,793,799
24080,781,798
24085,777,790
24090,773,789
24095,766,779
24100,762,776
24105,754,768
24110,758,764
24115,755,760
24120,755,754
24125,748,746
24130,751,744
24135,744,736
24140,749,727
24145,752,722
24150,754,719
24155,754,717
24160,765,709
24165,756,701
24170,760,693
24175,766,691
24180,772,686
24185,784,677
24190,785,676
24195,800,670
24200,808,666
24205,818,661
24210,823,660
24215,836,652
24220,848,651
24225,846,651
24230,853,646
24235,867,648
24240,890,643
24245,900,646
24250,913,639
24255,925,642
24260,942,644
24265,951,640
24270,962,646
24275,974,642
24280,984,644
24285,997,644
24290,1008,650
24295,1028,651
24300,1029,663
24305,1049,659
24310,1056,664
24315,1066,667
24320,1079,671
24325,1084,678
24330,1100,675
24335,1098,686
24340,1110,697
24345,1120,700
24350,1132,706
24355,1143,717
24360,1145,718
24365,1141,727
24370,1161,739
24375,1166,739
24380,1175,752
24385,1174,758
24390,1182,769
24395,1183,774
24400,1183,782
24405,1185,793
24410,1195,797
24415,1193,811
24420,1184,815
24425,1193,822
24430,1197,831
24435,1180,833
24440,1199,841
24445,1182,848
24450,1185,853
24455,1180,861
24460,1178,869
24465,1171,873
24470,1187,871
24475,1176,880
24480,1162,889
24485,1172,891
24490,1166,895
24495,1166,903
24500,1158,893
24505,1154,908
24510,1143,910
24515,1151,907
24520,1141,907
24525,1135,917
24530,1144,911
24535,1142,919
24540,1125,919
24545,1125,918
24550,1128,914
24555,1119,925
24560,1119,913
24565,1111,917
24570,1116,911
24575,1105,918
24580,1104,916
24585,1104,911
24590,1105,911
24595,1096,914
24600,1086,909
24605,1092,906
24610,1100,904
24615,1081,903
24620,1094,898
24625,1093,894
24630,1080,895
24635,1089,892
24640,1078,885
24645,1075,890
24650,1079,885
24655,1074,887
24660,1075,886
24665,1075,882
24670,1071,878
24675,1052,875
24680,1059,880
24685,1052,870
24690,1050,871
24695,1041,869
24700,1037,868
24705,1039,869
24710,1022,871
24715,1029,864
24720,1016,870
24725,1015,864
24730,1003,859
24735,992,853
24740,994,857
24745,990,856
24750,978,855
24755,970,851
24760,967,854
24765,952,848
24770,942,852
24775,924,848
24780,922,845
24785,919,843
24790,915,843
24795,903,839
24800,881,838
24805,886,832
24810,875,838
24815,863,831
24820,842,822
24825,845,829
24830,829,821
24835,829,818
24840,812,813
24845,809,813
24850,807,807
24855,795,808
24860,791,798
24865,784,794
24870,777,791
24875,763,787
24880,765,776
24885,765,776
24890,756,774
24895,756,763
24900,758,757
24905,752,754
24910,742,746
24915,754,745
24920,753,734
24925,749,727
24930,741,725
24935,754,721
24940,758,712
24945,750,706
24950,765,703
24955,771,694
24960,774,693
24965,775,683
24970,777,678
24975,783,677
24980,796,678
24985,816,670
24990,810,662
24995,831,660
25000,835,654
25005,851,655
25010,857,646
25015,879,651
25020,879,645
25025,884,644
25030,899,641
25035,911,642
25040,920,643
25045,946,641
25050,959,642
25055,964,640
25060,980,639
25065,986,641
25070,999,646
25075,1013,654
25080,1023,654
25085,1032,655
25090,1053,660
25095,1059,664
25100,1067,670
25105,1082,677
25110,1091,683
25115,1103,688
25120,1100,687
25125,1116,695
25130,1124,697
25135,1136,718
25140,1148,715
25145,1146,724
25150,1151,732
25155,1163,737
25160,1166,741
25165,1169,754
25170,1165,760
25175,1174,776
25180,1173,777
25185,1181,782
25190,1188,796
25195,1182,802
25200,1187,810
25205,1187,812
25210,1180,824
25215,1193,829
25220,1190,840
25225,1191,843
25230,1186,848
25235,1182,857
25240,1179,867
25245,1168,870
25250,1180,869
25255,1168,877
25260,1167,883
25265,1162,885
25270,1169,895
25275,1160,898
25280,1158,901
25285,1151,904
25290,1155,907
25295,1149,910
25300,1152,916
25305,1139,908
25310,1148,913
25315,1138,922
25320,1130,915
25325,1134,919
25330,1133,925
25335,1118,914
25340,1112,915
25345,1112,914
25350,1116,912
25355,1106,922
25360,1110,913
25365,1108,916
25370,1098,913
25375,1101,910
25380,1105,909
25385,1108,911
25390,1101,906
25395,1104,907
25400,1090,902
25405,1085,890
25410,1085,903
25415,1082,898
25420,1078,898
25425,1075,893
25430,1075,894
25435,1076,888
25440,1070,886
25445,1068,882
25450,1065,878
25455,1065,876
25460,1059,878
25465,1047,878
25470,1049,871
25475,1050,875
25480,1049,869
25485,1035,868
25490,1035,866
25495,1024,865
25500,1016,865
25505,1002,865
25510,1016,864
25515,998,862
25520,1000,859
25525,988,862
25530,987,856
25535,972,856
25540,971,857
25545,955,852
25550,951,852
25555,940,847
25560,935,850
25565,935,840
25570,911,840
25575,912,839
25580,897,836
25585,882,836
25590,872,836
25595,870,832
25600,854,831
25605,848,830
25610,848,828
25615,832,821
25620,821,818
25625,814,815
25630,811,808
25635,809,803
25640,796,806
25645,789,799
25650,780,792
25655,780,787
25660,773,785
25665,764,783
25670,765,770
25675,757,768
25680,749,763
25685,757,755
25690,752,755
25695,753,754
25700,757,737
25705,746,736
25710,748,732
25715,752,720
25720,752,717
25725,757,712
25730,760,709
25735,762,695
25740,766,695
25745,770,688
25750,780,680
25755,778,680
25760,787,674
25765,806,672
25770,808,677
25775,814,664
25780,829,661
25785,839,657
25790,858,650
25795,858,652
25800,868,642
25805,877,643
25810,888,643
25815,904,640
25820,914,638
25825,927,640
25830,940,641
25835,955,646
25840,965,650
25845,983,640
25850,985,646
25855,1003,650
25860,1012,648
25865,1021,650
25870,1038,658
25875,1046,659
25880,1061,668
25885,1066,669
25890,1078,678
25895,1091,677
25900,1103,682
25905,1111,699
25910,1122,697
25915,1127,702
25920,1134,712
25925,1145,719
25930,1151,723
25935,1144,732
25940,1155,739
25945,1163,749
25950,1170,749
25955,1174,763
25960,1175,773
25965,1188,782
25970,1178,786
25975,1179,791
25980,1185,805
25985,1184,810
25990,1195,816
25995,1182,820
26000,1183,826
26005,1189,836
26010,1190,844
26015,1178,850
26020,1183,860
26025,1174,869
26030,1169,868
26035,1185,875
26040,1179,878
26045,1186,879
26050,1158,888
26055,1168,893
26060,1160,897
26065,1155,903
26070,1157,899
26075,1148,906
26080,1155,911
26085,1144,908
26090,1136,907
26095,1130,919
26100,1134,922
26105,1130,920
26110,1131,916
26115,1128,916
26120,1125,916
26125,1117,923
26130,1120,919
26135,1112,915
26140,1114,917
26145,1109,916
26150,1111,916
26155,1102,918
26160,1103,918
26165,1095,912
26170,1101,905
26175,1100,907
26180,1094,905
26185,1089,901
26190,1091,900
26195,1091,901
26200,1083,900
26205,1093,887
26210,1074,893
26215,1081,892
26220,1067,889
26225,1072,882
26230,1072,882
26235,1066,877
26240,1062,879
26245,1064,875
26250,1061,873
26255,1050,878
26260,1047,868
26265,1041,871
26270,1037,867
26275,1034,869
26280,1034,866
26285,1022,868
26290,1010,859
26295,1006,860
26300,1003,864
26305,999,859
26310,983,852
26315,983,858
26320,976,860
26325,963,848
26330,949,847
26335,951,848
26340,939,851
26345,927,848
26350,912,850
26355,916,843
26360,910,836
26365,897,841
26370,885,832
26375,882,833
26380,869,836
26385,862,831
26390,858,823
26395,833,819
26400,830,820
26405,830,809
26410,811,809
26415,808,807
26420,805,808
26425,787,800
26430,788,800
26435,780,791
26440,772,790
26445,763,781
26450,768,780
26455,752,770
26460,755,771
26465,759,764
26470,755,759
26475,762,748
26480,746,741
26485,755,735
26490,749,732
26495,750,724
26500,753,721
26505,760,714
26510,761,711
26515,757,709
26520,766,695
26525,772,698
26530,778,687
26535,778,687
26540,789,683
26545,794,667
26550,797,662
26555,816,669
26560,813,664
26565,827,657
26570,837,653
26575,857,652
26580,867,648
26585,861,645
26590,884,640
26595,888,645
26600,906,649
26605,922,641
26610,927,645
26615,942,643
26620,959,643
26625,970,639
26630,976,643
26635,999,644
26640,1004,647
26645,1016,654
26650,1018,659
26655,1042,655
26660,1043,667
26665,1072,661
26670,1071,670
26675,1082,676
26680,1095,682
26685,1111,685
26690,1108,690
26695,1114,699
26700,1134,707
26705,1133,711
26710,1140,719
26715,1155,731
26720,1157,740
26725,1163,743
26730,1159,749
26735,1179,756
26740,1166,763
26745,1180,771
26750,1172,784
26755,1187,792
26760,1186,793
26765,1184,803
26770,1190,812
26775,1188,817
26780,1181,822
26785,1191,837
26790,1191,836
26795,1184,846
26800,1184,853
26805,1182,852
26810,1178,865
26815,1175,867
26820,1176,871
26825,1178,884
26830,1167,891
26835,1164,887
26840,1159,890
26845,1164,902
26850,1155,904
26855,1155,904
26860,1147,907
26865,1150,904
26870,1143,913
26875,1144,915
26880,1136,919
26885,1130,917
26890,1131,915
26895,1134,910
26900,1119,919
26905,1123,919
26910,1122,915
26915,1118,919
26920,1114,916
26925,1109,916
26930,1106,912
26935,1110,910
26940,1102,911
26945,1099,906
26950,1102,911
26955,1102,903
26960,1100,903
26965,1087,907
26970,1085,907
26975,1090,899
26980,1080,894
26985,1097,901
26990,1089,890
26995,1084,890
27000,1078,891
27005,1079,882
27010,1078,883
27015,1060,882
27020,1069,881
27025,1064,878
27030,1055,878
27035,1048,870
27040,1062,870
27045,1050,870
27050,1040,864
27055,1033,869
27060,1027,868
27065,1027,866
27070,1028,867
27075,1014,863
27080,1018,862
27085,989,860
27090,994,862
27095,991,854
27100,979,855
27105,967,856
27110,953,849
27115,953,854
27120,949,854
27125,938,844
27130,941,843
27135,921,845
27140,916,843
27145,908,846
27150,891,837
27155,890,837
27160,877,838
27165,872,835
27170,852,825
27175,845,824
27180,842,822
27185,825,827
27190,830,818
27195,813,812
27200,813,814
27205,799,798
27210,787,801
27215,782,794
27220,775,786
27225,771,784
27230,768,778
27235,763,771
27240,762,773
27245,756,766
27250,756,757
27255,751,756
27260,752,748
27265,746,737
27270,751,740
27275,757,731
27280,747,729
27285,753,725
27290,762,714
27295,763,707
27300,764,704
27305,767,697
27310,767,689
27315,781,691
27320,791,682
27325,791,679
27330,796,668
27335,810,671
27340,819,666
27345,830,660
27350,833,654
27355,853,651
27360,850,655
27365,864,652
27370,886,645
27375,890,646
27380,899,640
27385,912,644
27390,923,643
27395,931,643
27400,945,647
27405,959,643
27410,960,642
27415,981,643
27420,998,643
27425,1010,650
27430,1013,649
27435,1037,655
27440,1044,655
27445,1056,664
27450,1064,665
27455,1068,671
27460,1080,675
27465,1101,682
27470,1100,685
27475,1111,698
27480,1120,698
27485,1130,706
27490,1133,713
27495,1151,720
27500,1154,730
27505,1150,734
27510,1164,745
27515,1159,750
27520,1168,757
27525,1178,769
27530,1179,776
27535,1179,784
27540,1181,790
27545,1181,800
27550,1190,803
27555,1186,815
27560,1182,818
27565,1183,828
27570,1195,835
27575,1187,840
27580,1192,851
27585,1193,848
27590,1181,858
27595,1179,862
27600,1178,870
27605,1164,875
27610,1173,880
27615,1168,893
27620,1173,893
27625,1166,899
27630,1167,896
27635,1160,903
27640,1156,908
27645,1159,903
27650,1148,909
27655,1146,909
27660,1137,914
27665,1144,917
27670,1134,915
27675,1126,914
27680,1128,917
27685,1127,916
27690,1117,917
27695,1125,922
27700,1117,919
27705,1112,920
27710,1121,917
27715,1110,915
27720,1105,908
27725,1100,913
27730,1100,909
27735,1094,909
27740,1098,902
27745,1091,902
27750,1095,904
27755,1088,901
27760,1090,898
27765,1082,898
27770,1087,898
27775,1080,895
27780,1077,893
27785,1083,892
27790,1069,886
27795,1069,885
27800,1069,881
27805,1065,881
27810,1049,877
27815,1058,878
27820,1051,873
27825,1042,874
27830,1040,868
27835,1042,867
27840,1036,867
27845,1039,870
27850,1018,867
27855,1013,858
27860,1013,860
27865,1003,860
27870,997,857
27875,996,859
27880,982,854
27885,983,855
27890,978,851
27895,965,857
27900,951,850
27905,944,847
27910,939,851
27915,928,850
27920,917,844
27925,899,846
27930,901,842
27935,892,837
27940,881,828
27945,867,829
27950,866,832
27955,859,822
27960,853,824
27965,833,823
27970,817,817
27975,819,817
27980,816,812
27985,802,806
27990,796,807
27995,794,798
28000,781,797
28005,772,789
28010,773,783
28015,777,779
28020,772,774
28025,753,768
28030,751,765
28035,749,756
28040,754,755
28045,745,750
28050,753,738
28055,756,744
28060,746,732
28065,747,727
28070,744,719
28075,750,714
28080,758,713
28085,759,702
28090,764,698
28095,772,686
28100,775,690
28105,788,678
28110,784,678
28115,797,676
28120,805,665
28125,810,664
28130,825,663
28135,830,655
28140,843,652
28145,845,652
28150,871,646
28155,878,650
28160,886,645
28165,900,641
28170,910,642
28175,928,635
28180,942,640
28185,949,641
28190,953,643
28195,974,640
28200,981,646
28205,1009,647
28210,1006,650
28215,1031,650
28220,1036,658
28225,1048,659
28230,1065,662
28235,1069,670
28240,1082,676
28245,1096,678
28250,1101,677
28255,1107,690
28260,1113,696
28265,1125,705
28270,1128,699
28275,1147,709
28280,1144,721
28285,1147,732
28290,1151,737
28295,1171,747
28300,1168,754
28305,1167,761
28310,1181,763
28315,1179,771
28320,1180,778
28325,1185,792
28330,1189,799
28335,1188,807
28340,1189,811
28345,1182,825
28350,1181,825
28355,1183,839
28360,1187,841
28365,1182,854
28370,1189,856
28375,1178,862
28380,1186,872
28385,1184,873
28390,1171,881
28395,1174,888
28400,1172,891
28405,1164,893
28410,1159,895
28415,1163,899
28420,1148,900
28425,1158,906
28430,1151,905
28435,1152,910
28440,1144,916
28445,1142,912
28450,1134,915
28455,1135,915
28460,1133,923
28465,1123,920
28470,1125,919
28475,1123,923
28480,1118,920
28485,1107,917
28490,1116,913
28495,1119,916
28500,1108,916
28505,1100,912
28510,1101,911
28515,1098,909
28520,1101,908
28525,1097,907
28530,1096,907
28535,1090,902
28540,1088,898
28545,1086,896
28550,1080,896
28555,1094,892
28560,1068,889
28565,1082,891
28570,1076,890
28575,1064,885
28580,1066,880
28585,1059,884
28590,1056,880
28595,1062,874
28600,1056,878
28605,1044,869
28610,1051,879
28615,1043,870
28620,1030,867
28625,1036,864
28630,1030,868
28635,1029,865
28640,1013,865
28645,1017,860
28650,997,857
28655,990,859
28660,987,851
28665,981,861
28670,974,861
28675,963,854
28680,963,848
28685,950,851
28690,940,848
28695,937,843
28700,927,843
28705,918,842
28710,901,842
28715,905,840
28720,885,835
28725,880,842
28730,869,837
28735,863,832
28740,847,829
28745,839,823
28750,842,821
28755,832,813
28760,814,812
28765,804,815
28770,802,804
28775,807,803
28780,778,797
28785,785,794
28790,782,791
28795,777,780
28800,771,782
28805,761,780
28810,758,775
28815,755,762
28820,753,757
28825,745,749
28830,745,750
28835,739,742
28840,750,736
28845,742,729
28850,744,725
28855,751,722
28860,755,712
28865,755,708
28870,757,700
28875,765,697
28880,778,689
28885,783,690
28890,793,682
28895,784,674
28900,797,675
28905,817,669
28910,814,668
28915,825,662
28920,836,654
28925,838,656
28930,853,650
28935,869,647
28940,869,643
28945,896,641
28950,903,650
28955,919,640
28960,926,639
28965,936,646
28970,955,640
28975,959,640
28980,977,644
28985,990,645
28990,999,643
28995,1005,654
29000,1023,653
29005,1035,654
29010,1049,663
29015,1060,665
29020,1067,667
29025,1082,673
29030,1086,685
29035,1102,688
29040,1111,690
29045,1120,694
29050,1127,704
29055,1133,712
29060,1137,713
29065,1148,728
29070,1160,728
29075,1167,741
29080,1162,744
29085,1174,756
29090,1174,764
29095,1179,772
29100,1170,777
29105,1184,786
29110,1191,793
29115,1185,799
29120,1182,815
29125,1183,814
29130,1190,821
29135,1193,831
29140,1191,832
29145,1173,844
29150,1182,853
29155,1187,850
29160,1181,864
29165,1179,868
29170,1176,869
29175,1171,881
29180,1181,888
29185,1167,890
29190,1165,889
29195,1163,897
29200,1163,903
29205,1158,901
29210,1148,905
29215,1146,908
29220,1149,909
29225,1138,906
29230,1135,920
29235,1142,917
29240,1131,915
29245,1139,918
29250,1125,925
29255,1116,921
29260,1121,917
29265,1106,917
29270,1113,917
29275,1113,918
29280,1109,917
29285,1108,911
29290,1107,908
29295,1107,911
29300,1102,913
29305,1105,905
29310,1094,910
29315,1099,900
29320,1098,899
29325,1093,903
29330,1085,898
29335,1076,901
29340,1079,887
29345,1080,892
29350,1082,890
29355,1079,892
29360,1081,885
29365,1066,886
29370,1057,880
29375,1068,883
29380,1057,876
29385,1053,877
29390,1045,877
29395,1040,872
29400,1036,871
29405,1034,870
29410,1036,867
29415,1033,868
29420,1033,866
29425,1014,869
29430,1007,861
29435,1004,858
29440,1003,860
29445,992,859
29450,980,857
29455,976,854
29460,968,853
29465,964,854
29470,948,855
29475,945,849
29480,926,848
29485,921,849
29490,905,835
29495,901,836
29500,896,840
29505,886,834
29510,870,834
29515,875,835
29520,856,828
29525,842,828
29530,839,825
29535,839,822
29540,833,817
29545,819,811
29550,813,815
29555,804,808
29560,800,801
29565,792,798
29570,786,792
29575,782,795
29580,765,780
29585,769,776
29590,771,775
29595,749,766
29600,750,763
29605,754,761
29610,748,748
29615,749,745
29620,748,745
29625,740,731
29630,753,725
29635,747,721
29640,758,713
29645,763,715
29650,764,708
29655,768,701
29660,773,693
29665,767,692
29670,774,682
29675,793,675
29680,793,673
29685,806,676
29690,813,664
29695,815,660
29700,832,663
29705,836,657
29710,835,650
29715,855,649
29720,878,643
29725,883,644
29730,892,641
29735,902,647
29740,922,645
29745,927,638
29750,942,645
29755,951,644
29760,968,641
29765,975,645
29770,986,640
29775,1005,648
29780,1021,650
29785,1022,649
29790,1044,659
29795,1044,659
29800,1050,663
29805,1070,671
29810,1090,677
29815,1094,676
29820,1101,684
29825,1108,687
29830,1121,693
29835,1121,706
29840,1127,717
29845,1144,710
29850,1152,728
29855,1156,735
29860,1153,743
29865,1159,749
29870,1175,756
29875,1177,767
29880,1180,771
29885,1181,773
29890,1184,787
29895,1193,793
29900,1180,795
29905,1187,808
29910,1187,819
29915,1186,823
29920,1196,826
29925,1183,838
29930,1184,842
29935,1188,851
29940,1184,857
29945,1174,866
29950,1175,867
29955,1175,876
29960,1175,875
29965,1174,884
29970,1164,887
29975,1167,893
29980,1154,897
29985,1158,900
29990,1153,905
29995,1148,901
30000,1147,908
30005,1139,914
30010,1134,913
30015,1136,910
30020,1146,912
30025,1141,915
30030,1124,916
30035,1134,920
30040,1122,917
30045,1120,920
30050,1116,919
30055,1116,915
30060,1110,915
30065,1104,913
30070,1103,920
30075,1105,907
30080,1102,911
30085,1108,910
30090,1097,908
30095,1093,905
30100,1096,901
30105,1083,902
30110,1094,905
30115,1093,897
30120,1082,897
30125,1086,896
30130,1075,894
30135,1076,888
30140,1081,888
30145,1070,884
30150,1069,882
30155,1069,881
30160,1072,875
30165,1058,870
30170,1056,875
30175,1057,872
30180,1051,871
30185,1041,871
30190,1037,870
30195,1024,871
30200,1031,866
30205,1024,868
30210,1025,861
30215,1001,856
30220,1011,856
30225,990,855
30230,991,854
30235,976,856
30240,969,854
30245,967,854
30250,964,852
30255,942,848
30260,935,845
30265,936,848
30270,923,848
30275,914,844
30280,911,842
30285,890,844
30290,885,830
30295,875,833
30300,864,828
30305,857,828
30310,844,824
30315,846,820
30320,834,819
30325,822,818
30330,822,811
30335,809,810
30340,797,804
30345,801,801
30350,783,799
30355,784,790
30360,776,790
30365,767,783
30370,767,774
30375,758,777
30380,764,765
30385,763,764
30390,757,757
30395,742,749
30400,747,749
30405,755,737
30410,742,730
30415,756,726
30420,747,718
30425,755,714
30430,758,713
30435,761,703
30440,759,700
30445,765,695
30450,767,691
30455,788,682
30460,784,679
30465,796,679
30470,811,670
30475,808,663
30480,814,661
30485,842,655
30490,843,656
30495,848,657
30500,860,649
30505,867,651
30510,886,650
30515,895,640
30520,908,643
30525,917,646
30530,919,644
30535,938,639
30540,949,646
30545,971,648
30550,980,643
30555,986,648
30560,1008,644
30565,1016,649
30570,1031,650
30575,1045,659
30580,1050,663
30585,1062,667
30590,1065,673
30595,1070,676
30600,1091,682
30605,1103,682
30610,1106,692
30615,1127,698
30620,1130,703
30625,1138,718
30630,1140,723
30635,1143,730
30640,1163,735
30645,1165,739
30650,1172,749
30655,1170,757
30660,1177,762
30665,1178,775
30670,1176,782
30675,1193,785
30680,1187,793
30685,1182,804
30690,1187,805
30695,1190,816
30700,1188,826
30705,1184,835
30710,1191,840
30715,1182,842
30720,1180,857
30725,1187,861
30730,1174,863
30735,1176,869
30740,1174,872
30745,1167,881
30750,1166,886
30755,1166,891
30760,1172,895
30765,1155,897
30770,1168,906
30775,1154,907
30780,1149,908
30785,1154,910
30790,1145,918
30795,1142,908
30800,1138,913
30805,1135,918
30810,1127,915
30815,1128,913
30820,1132,914
30825,1124,922
30830,1123,916
30835,1115,922
30840,1113,920
30845,1110,915
30850,1118,911
30855,1104,912
30860,1113,919
30865,1099,906
30870,1096,911
30875,1097,906
30880,1084,909
30885,1092,897
30890,1092,899
30895,1087,900
30900,1091,893
30905,1082,890
30910,1077,890
30915,1071,890
30920,1079,887
30925,1072,890
30930,1070,884
30935,1067,887
30940,1071,882
30945,1062,880
30950,1061,875
30955,1056,874
30960,1051,873
30965,1040,872
30970,1041,866
30975,1034,863
30980,1028,865
30985,1025,864
30990,1022,861
30995,1018,868
31000,1004,861
31005,999,860
31010,998,859
31015,987,851
31020,976,860
31025,962,852
31030,967,858
31035,954,849
31040,949,845
31045,940,848
31050,925,843
31055,916,852
31060,915,843
31065,896,838
31070,890,836
31075,883,839
31080,874,828
31085,862,835
31090,855,831
31095,851,825
31100,841,820
31105,831,815
31110,830,819
31115,813,806
31120,811,810
31125,801,805
31130,792,795
31135,789,798
31140,771,787
31145,766,786
31150,773,782
31155,770,776
31160,754,767
31165,757,761
31170,754,758
31175,747,754
31180,750,748
31185,747,742
31190,743,738
31195,750,735
31200,751,725
31205,746,717
31210,752,716
31215,759,707
31220,762,695
31225,775,701
31230,768,693
31235,782,686
31240,789,684
31245,789,678
31250,795,671
31255,795,673
31260,813,661
31265,822,656
31270,831,657
31275,839,655
31280,858,645
31285,867,652
31290,866,646
31295,878,641
31300,900,643
31305,907,642
31310,913,641
31315,932,642
31320,951,644
31325,963,644
31330,972,646
31335,982,643
31340,986,648
31345,1005,646
31350,1027,646
31355,1035,655
31360,1049,661
31365,1055,663
31370,1063,663
31375,1078,674
31380,1086,681
31385,1098,685
31390,1111,682
31395,1108,694
31400,1117,705
31405,1134,704
31410,1129,716
31415,1148,721
31420,1144,730
31425,1154,733
31430,1160,742
31435,1171,754
31440,1177,759
31445,1180,765
31450,1177,774
31455,1179,785
31460,1183,790
31465,1180,793
31470,1187,804
31475,1187,807
31480,1182,821
31485,1189,826
31490,1191,828
31495,1176,843
31500,1191,853
31505,1186,850
31510,1184,860
31515,1180,865
31520,1178,864
31525,1167,878
31530,1171,885
31535,1170,885
31540,1166,889
31545,1173,894
31550,1149,902
31555,1153,902
31560,1147,906
31565,1149,909
31570,1143,914
31575,1134,906
31580,1135,914
31585,1131,916
31590,1133,916
31595,1129,918
31600,1126,921
31605,1126,920
31610,1126,919
31615,1127,920
31620,1113,918
31625,1107,915
31630,1113,915
31635,1104,912
31640,1113,910
31645,1104,914
31650,1100,911
31655,1097,911
31660,1095,909
31665,1104,903
31670,1098,906
31675,1082,905
31680,1094,898
31685,1087,898
31690,1084,897
31695,1088,899
31700,1071,893
31705,1073,889
31710,1073,887
31715,1072,884
31720,1067,885
31725,1063,876
31730,1065,878
31735,1055,875
31740,1054,874
31745,1051,877
31750,1050,869
31755,1042,872
31760,1031,867
31765,1036,866
31770,1030,870
31775,1015,862
31780,1013,866
31785,1007,858
31790,990,852
31795,992,857
31800,982,862
31805,986,855
31810,971,858
31815,961,851
31820,953,855
31825,951,845
31830,927,848
31835,920,846
31840,919,842
31845,902,847
31850,897,836
31855,890,833
31860,885,834
31865,869,834
31870,864,831
31875,860,829
31880,848,828
31885,841,822
31890,827,818
31895,818,816
31900,809,813
31905,801,806
31910,797,800
31915,788,808
31920,786,793
31925,780,792
31930,770,784
31935,767,773
31940,760,771
31945,760,766
31950,750,769
31955,750,760
31960,755,757
31965,746,751
31970,747,739
31975,751,737
31980,748,724
31985,750,727
31990,754,719
31995,770,715
32000,756,710
32005,761,704
32009,770,695
32015,771,696
32020,779,687
32025,779,686
32030,790,678
32034,805,670
32040,804,672
32045,815,664
32049,823,662
32055,834,655
32060,849,652
32064,858,645
32070,867,651
32075,875,647
32080,890,647
32085,908,637
32090,907,644
32095,934,640
32100,938,642
32104,946,640
32110,961,639
32115,973,641
32119,984,644
32125,1004,647
32130,1007,644
32134,1025,653
32140,1039,657
32145,1041,656
32150,1048,662
32155,1068,664
32159,1082,673
32165,1079,679
32170,1094,687
32174,1107,686
32180,1116,693
32185,1111,702
32189,1123,710
32195,1139,712
32200,1139,721
32205,1150,731
32210,1157,738
32215,1164,740
32220,1171,755
32225,1164,760
32229,1175,763
32235,1176,776
32240,1182,782
32244,1178,793
32250,1179,796
32255,1191,811
32259,1185,813
32265,1176,819
32270,1188,833
32275,1195,835
32280,1190,842
32284,1190,850
32290,1186,858
32295,1185,860
32299,1178,865
32305,1175,874
32310,1165,879
32314,1166,881
32320,1169,887
32325,1165,889
32330,1164,895
32335,1161,903
32340,1150,906
32345,1161,901
32350,1153,912
32354,1147,912
32360,1146,913
32365,1141,913
32369,1137,915
32375,1136,921
32380,1135,919
32384,1133,922
32390,1119,916
32395,1118,917
32400,1118,921
32405,1105,919
32409,1107,915
32415,1109,913
32420,1110,915
32424,1111,919
32430,1100,913
32435,1097,914
32439,1100,909
32445,1091,904
32450,1099,905
32455,1088,902
32460,1107,898
32465,1095,896
32470,1079,894
32475,1079,890
32479,1071,889
32485,1076,891
32490,1081,884
32494,1066,884
32500,1070,886
32505,1065,881
32509,1063,882
32515,1056,876
32520,1048,875
32525,1052,867
32530,1049,872
32534,1035,870
32540,1037,873
32545,1024,871
32549,1027,868
32555,1017,869
32560,1014,860
32564,1013,859
32570,1007,862
32575,997,858
32580,995,857
32585,988,853
32590,976,854
32595,970,852
32600,955,853
32604,949,850
32610,951,850
32615,935,849
32619,929,845
32625,922,847
32630,907,846
32634,892,848
32640,896,836
32645,877,837
32650,865,833
32655,857,830
32659,854,832
32665,846,824
32670,834,822
32674,833,821
32680,805,816
32685,808,808
32689,808,803
32695,796,800
32700,790,800
32705,783,792
32710,775,791
32715,775,788
32720,761,783
32725,763,768
32729,756,765
32735,757,764
32740,754,759
32744,745,753
32750,752,753
32755,749,745
32759,746,739
32765,753,736
32770,746,719
32775,751,718
32780,752,712
32785,766,713
32790,754,704
32795,763,690
32800,768,689
32805,773,685
32810,782,679
32815,801,672
32820,801,670
32825,813,667
32830,818,664
32835,830,655
32840,838,647
32845,837,652
32850,857,651
32855,871,650
32860,886,652
32865,893,644
32870,904,641
32875,912,643
32880,935,633
32885,939,636
32890,940,641
32895,951,641
32900,973,645
32905,994,650
32910,994,646
32915,1015,647
32920,1017,648
32925,1043,657
32930,1044,657
32935,1056,664
32940,1076,670
32945,1085,675
32950,1100,677
32955,1105,687
32960,1104,689
32965,1119,693
32970,1122,701
32975,1134,711
32980,1142,718
32985,1150,726
32990,1146,729
32995,1161,741
33000,1170,746
33005,1167,752
33010,1179,762
33015,1169,767
33020,1178,772
33025,1186,780
33030,1175,792
33035,1191,797
33040,1176,801
33045,1185,819
33050,1194,825
33055,1190,830
33060,1185,839
33065,1183,841
33070,1185,849
33075,1183,859
33080,1176,861
33085,1182,869
33090,1179,874
33095,1176,882
33100,1172,885
33105,1175,889
33110,1163,892
33115,1165,896
33120,1164,897
33125,1166,900
33130,1154,907
33135,1141,906
33140,1153,911
33145,1138,917
33150,1145,910
33155,1137,913
33160,1128,917
33165,1126,917
33170,1129,917
33175,1114,921
33180,1121,921
33185,1117,916
33190,1114,916
33195,1113,918
33200,1108,918
33205,1109,914
33210,1099,912
33215,1107,909
33220,1105,912
33225,1107,909
33230,1099,906
33235,1094,905
33240,1090,905
33245,1095,898
33250,1091,901
33255,1087,896
33260,1088,895
33265,1079,891
33270,1083,891
33275,1071,886
33280,1072,890
33285,1076,881
33290,1069,883
33295,1058,880
33300,1060,877
33305,1049,873
33310,1052,873
33315,1045,872
33320,1040,871
33325,1043,864
33330,1035,865
33335,1026,862
33340,1015,868
33345,1019,863
33350,1008,858
33355,1001,861
33360,993,859
33365,993,853
33370,980,852
33375,972,853
33380,965,853
33385,954,853
33390,947,851
33395,944,847
33400,928,845
33405,925,847
33410,910,841
33415,906,840
33420,905,830
33425,880,839
33430,884,831
33435,869,834
33440,857,830
33445,845,826
33450,842,821
33455,831,816
33460,822,815
33465,815,817
33470,805,816
33475,804,803
33480,793,800
33485,783,799
33490,782,792
33495,770,792
33500,767,785
33505,760,777
33510,760,773
33515,756,771
33520,752,764
33525,753,754
33530,749,748
33535,749,743
33540,738,743
33545,751,735
33550,748,726
33555,763,723
33560,752,719
33565,753,710
33570,757,706
33575,759,698
33580,759,694
33585,774,688
33590,779,686
33595,781,675
33600,787,674
33605,799,666
33610,812,668
33615,823,665
33620,823,657
33625,840,659
33630,848,650
33635,864,653
33640,868,648
33645,868,650
33650,898,637
33655,899,637
33660,914,643
33665,929,641
33670,946,643
33675,946,638
33680,963,641
33685,985,644
33690,993,645
33695,1000,650
33700,1013,650
33705,1032,657
33710,1039,650
33715,1057,658
33720,1062,660
33725,1061,667
33730,1077,672
33735,1091,680
33740,1104,683
33745,1111,687
33750,1114,702
33755,1126,706
33760,1140,704
33765,1139,713
33770,1157,727
33775,1166,732
33780,1162,740
33785,1168,746
33790,1177,754
33795,1169,765
33800,1175,774
33805,1186,774
33810,1190,788
33815,1185,798
33820,1191,804
33825,1189,808
33830,1194,815
33835,1186,825
33840,1184,833
33845,1190,833
33850,1189,844
33855,1189,851
33860,1188,858
33865,1184,866
33870,1179,871
33875,1179,874
33880,1173,884
33885,1175,886
33890,1167,895
33895,1162,894
33900,1160,899
33905,1161,900
33910,1153,905
33915,1150,908
33920,1153,911
33925,1136,912
33930,1136,918
33935,1138,917
33940,1136,916
33945,1138,921
33950,1122,914
33955,1124,921
33960,1117,916
33965,1125,919
33970,1116,920
33975,1116,916
33980,1106,919
33985,1102,919
33990,1109,913
33995,1110,909
34000,1111,913
34005,1094,909
34010,1094,906
34015,1097,908
34020,1094,903
34025,1089,903
34030,1075,898
34035,1084,893
34040,1082,902
34045,1076,892
34050,1075,889
34055,1064,887
34060,1076,889
34065,1072,887
34070,1074,880
34075,1075,882
34080,1065,881
34085,1053,879
34090,1060,880
34095,1052,873
34100,1046,872
34105,1049,873
34110,1036,866
34115,1031,863
34120,1030,863
34125,1020,864
34130,1016,869
34135,1011,857
34140,1006,859
34145,985,859
34150,991,858
34155,973,857
34160,972,853
34165,967,854
34170,954,852
34175,939,841
34180,942,851
34185,922,850
34190,920,847
34195,910,845
34200,890,835
34205,894,839
34210,886,835
34215,877,834
34220,867,834
34225,859,831
34230,846,826
34235,849,824
34240,838,813
34245,824,821
34250,812,810
34255,812,811
34260,796,805
34265,795,801
34270,780,796
34275,781,792
34280,769,788
34285,764,783
34290,774,775
34295,758,769
34300,745,771
34305,757,759
34310,751,756
34315,747,750
34320,745,743
34325,751,739
34330,752,733
34335,749,728
34340,754,725
34345,738,716
34350,750,705
34355,764,702
34360,766,695
34365,774,688
34370,766,689
34375,780,681
34380,787,678
34385,783,673
34390,798,668
34395,820,660
34400,825,660
34405,824,657
34410,839,662
34415,844,650
34420,854,649
34425,868,646
34430,889,642
34435,894,644
34440,915,639
34445,921,640
34450,934,643
34455,946,642
34460,958,634
34465,960,641
34470,985,644
34475,1006,650
34480,1010,645
34485,1020,653
34490,1024,656
34495,1049,661
34500,1047,661
34505,1060,668
34510,1074,673
34515,1090,675
34520,1098,678
34525,1107,688
34530,1113,692
34535,1116,700
34540,1129,701
34545,1134,714
34550,1139,721
34555,1149,727
34560,1148,732
34565,1164,736
34570,1158,750
34575,1168,755
34580,1173,762
34585,1180,773
34590,1176,779
34595,1181,785
34600,1194,790
34605,1181,801
34610,1179,809
34615,1194,816
34620,1190,830
34625,1198,829
34630,1185,839
34635,1187,844
34640,1188,852
34645,1180,863
34650,1183,865
34655,1178,871
34660,1174,873
34665,1181,877
34670,1175,889
34675,1167,891
34680,1171,896
34685,1159,895
34690,1167,906
34695,1148,902
34700,1155,905
34705,1148,909
34710,1146,906
34715,1150,910
34720,1140,920
34725,1128,916
34730,1140,922
34735,1126,919
34740,1127,918
34745,1120,917
34750,1119,924
34755,1123,920
34760,1123,915
34765,1115,917
34770,1106,913
34775,1110,910
34780,1105,912
34785,1100,912
34790,1100,915
34795,1092,910
34800,1098,904
34805,1102,902
34810,1102,904
34815,1086,899
34820,1083,902
34825,1090,895
34830,1077,892
34835,1076,889
34840,1077,891
34845,1072,886
34850,1074,882
34855,1062,881
34860,1064,880
34865,1067,881
34870,1060,878
34875,1052,876
34880,1053,872
34885,1046,866
34890,1041,868
34895,1038,865
34900,1025,866
34905,1020,867
34910,1010,865
34915,1023,863
34920,1004,861
34925,997,856
34930,988,852
34935,993,854
34940,978,852
34945,973,854
34950,957,857
34955,957,853
34960,954,853
34965,937,847
34970,934,846
34975,923,845
34980,904,845
34985,909,831
34990,888,845
34995,887,827
35000,873,831
35005,856,831
35010,854,829
35015,858,820
35020,833,820
35025,814,820
35030,834,816
35035,811,809
35040,800,812
35045,811,803
35050,785,803
35055,785,795
35060,779,791
35065,773,786
35070,770,778
35075,762,774
35080,764,777
35085,749,763
35090,750,763
35095,748,756
35100,742,750
35105,746,746
35110,758,741
35115,742,728
35120,751,720
35125,750,717
35130,752,718
35135,751,708
35140,760,704
35145,773,697
35150,772,695
35155,774,689
35160,770,682
35165,787,678
35170,803,676
35175,800,667
35180,810,668
35185,818,660
35190,836,658
35195,843,648
35200,852,654
35205,863,643
35210,877,653
35215,890,641
35220,900,647
35225,912,637
35230,928,645
35235,932,646
35240,942,637
35245,957,642
35250,967,641
35255,986,644
35260,1002,644
35265,1007,645
35270,1029,651
35275,1032,653
35280,1052,654
35285,1058,664
35290,1073,669
35295,1066,671
35300,1086,677
35305,1094,690
35310,1098,684
35315,1109,697
35320,1118,702
35325,1127,706
35330,1147,710
35335,1143,720
35340,1151,728
35345,1160,738
35350,1162,743
35355,1163,745
35360,1171,756
35365,1179,765
35370,1166,776
35375,1169,789
35380,1181,792
35385,1185,796
35390,1194,808
35395,1193,812
35400,1197,818
35405,1186,826
35410,1192,830
35415,1187,846
35420,1187,845
35425,1179,857
35430,1179,860
35435,1183,867
35440,1178,870
35445,1178,875
35450,1169,883
35455,1177,885
35460,1162,890
35465,1170,895
35470,1161,901
35475,1162,903
35480,1159,904
35485,1155,909
35490,1143,912
35495,1135,912
35500,1144,913
35505,1139,915
35510,1126,917
35515,1129,923
35520,1126,919
35525,1120,920
35530,1118,917
35535,1115,919
35540,1114,919
35545,1118,915
35550,1122,920
35555,1114,915
35560,1103,914
35565,1098,910
35570,1103,911
35575,1093,906
35580,1091,907
35585,1096,907
35590,1099,909
35595,1087,899
35600,1094,897
35605,1083,896
35610,1084,895
35615,1072,893
35620,1078,889
35625,1079,882
35630,1079,884
35635,1062,879
35640,1060,878
35645,1063,882
35650,1057,877
35655,1055,877
35660,1048,874
35665,1049,871
35670,1043,870
35675,1051,872
35680,1043,870
35685,1033,869
35690,1027,863
35695,1018,867
35700,1010,867
35705,1003,860
35710,997,856
35715,999,859
35720,980,857
35725,985,858
35730,969,852
35735,954,854
35740,953,853
35745,942,849
35750,930,847
35755,936,847
35760,927,843
35765,906,837
35770,894,836
35775,892,839
35780,884,836
35785,879,839
35790,863,830
35795,861,829
35800,846,829
35805,842,825
35810,825,820
35815,823,820
35820,813,817
35825,805,806
35830,794,804
35835,794,795
35840,787,794
35845,778,790
35850,767,785
35855,775,783
35860,756,770
35865,764,772
35870,750,764
35875,749,765
35880,748,755
35885,747,750
35890,748,741
35895,746,739
35900,747,734
35905,746,720
35910,760,724
35915,746,709
35920,753,705
35925,756,704
35930,765,699
35935,769,692
35940,775,684
35945,794,680
35950,794,677
35955,797,674
35960,808,664
35965,821,666
35970,820,659
35975,833,660
35980,852,652
35985,845,647
35990,868,648
35995,878,647
36000,889,642
36005,895,644
36010,912,638
36015,922,643
36020,929,638
36025,950,642
36030,961,642
36035,968,643
36040,986,639
36045,991,649
36050,1006,651
36055,1029,654
36060,1038,656
36065,1041,655
36070,1053,662
36075,1070,670
36080,1078,672
36085,1093,678
36090,1098,680
36095,1115,691
36100,1107,697
36105,1126,703
36110,1132,715
36115,1134,716
36120,1147,715
36125,1151,729
36130,1158,736
36135,1171,743
36140,1171,754
36145,1170,761
36150,1168,761
36155,1183,773
36160,1178,786
36165,1175,791
36170,1184,794
36175,1184,806
36180,1194,818
36185,1181,821
36190,1193,827
36195,1193,840
36200,1179,840
36205,1188,846
36210,1179,859
36215,1183,863
36220,1181,866
36225,1175,874
36230,1172,880
36235,1177,882
36240,1170,884
36245,1162,891
36250,1168,895
36255,1158,901
36260,1158,906
36265,1146,907
36270,1161,906
36275,1150,912
36280,1154,913
36285,1141,914
36290,1138,915
36295,1136,921
36300,1126,918
36305,1126,917
36310,1128,916
36315,1119,919
36320,1118,920
36325,1122,919
36330,1120,912
36335,1112,920
36340,1108,912
36345,1093,915
36350,1100,913
36355,1101,904
36360,1094,909
36365,1091,907
36370,1105,903
36375,1091,905
36380,1094,899
36385,1092,898
36390,1088,896
36395,1085,893
36400,1081,892
36405,1079,892
36410,1071,891
36415,1062,892
36420,1078,882
36425,1061,884
36430,1071,881
36435,1054,880
36440,1055,880
36445,1055,878
36450,1050,875
36455,1047,870
36460,1040,869
36465,1037,868
36470,1026,862
36475,1021,862
36480,1012,866
36485,1012,864
36490,1010,862
36495,995,853
36500,1000,859
36505,984,859
36510,981,856
36515,958,853
36520,957,856
36525,948,848
36530,942,848
36535,937,851
36540,920,845
36545,918,840
36550,922,842
36555,894,833
36560,893,837
36565,882,836
36570,878,834
36575,867,832
36580,856,828
36585,844,817
36590,836,821
36595,828,815
36600,824,812
36605,802,806
36610,805,808
36615,806,800
36620,786,793
36625,782,794
36630,777,790
36635,772,782
36640,760,781
36645,760,777
36650,756,771
36655,764,764
36660,759,757
36665,742,755
36670,752,741
36675,745,735
36680,751,735
36685,751,734
36690,744,723
36695,741,721
36700,755,711
36705,762,713
36710,772,699
36715,761,696
36720,763,687
36725,782,689
36730,772,679
36735,788,678
36740,804,673
36745,806,670
36750,815,664
36755,817,659
36760,841,654
36765,852,653
36770,861,647
36775,868,649
36780,882,642
36785,888,643
36790,899,642
36795,912,643
36800,932,636
36805,927,638
36810,939,640
36815,963,639
36820,972,640
36825,983,646
36830,1001,651
36835,1013,649
36840,1024,659
36845,1032,656
36850,1040,656
36855,1061,663
36860,1068,670
36865,1077,675
36870,1088,681
36875,1105,680
36880,1114,690
36885,1123,698
36890,1126,706
36895,1135,712
36900,1138,710
36905,1148,725
36910,1156,725
36915,1166,741
36920,1161,752
36925,1170,754
36930,1170,762
36935,1176,771
36940,1177,776
36945,1185,779
36950,1176,795
36955,1180,801
36960,1187,806
36965,1182,816
36970,1188,819
36975,1185,830
36980,1188,835
36985,1182,843
36990,1183,848
36995,1187,858
37000,1182,862
37005,1180,863
37010,1181,873
37015,1171,884
37020,1176,885
37025,1170,887
37030,1167,895
37035,1166,896
37040,1158,905
37045,1160,899
37050,1156,905
37055,1149,910
37060,1143,909
37065,1143,906
37070,1137,914
37075,1130,916
37080,1134,920
37085,1129,915
37090,1130,923
37095,1118,914
37100,1130,923
37105,1128,916
37110,1118,912
37115,1112,917
37120,1110,916
37125,1107,905
37130,1114,910
37135,1101,913
37140,1097,916
37145,1101,915
37150,1099,906
37155,1093,903
37160,1093,899
37165,1097,899
37170,1085,897
37175,1083,896
37180,1075,891
37185,1070,891
37190,1076,886
37195,1074,883
37200,1072,882
37205,1072,880
37210,1061,877
37215,1070,877
37220,1059,881
37225,1053,871
37230,1056,874
37235,1045,869
37240,1048,873
37245,1038,863
37250,1027,866
37255,1026,865
37260,1021,866
37265,1019,857
37270,1013,859
37275,1005,858
37280,998,854
37285,991,861
37290,978,854
37295,973,860
37300,963,854
37305,959,853
37310,941,850
37315,936,850
37320,934,850
37325,929,848
37330,914,846
37335,906,842
37340,904,840
37345,888,837
37350,879,831
37355,869,829
37360,861,827
37365,851,828
37370,846,828
37375,836,822
37380,831,816
37385,823,810
37390,818,818
37395,809,807
37400,788,802
37405,786,797
37410,785,795
37415,785,788
37420,768,780
37425,765,778
37430,764,776
37435,757,766
37440,755,762
37445,752,758
37450,750,751
37455,757,746
37460,748,736
37465,746,730
37470,744,734
37475,758,721
37480,768,721
37485,764,713
37490,762,702
37495,773,698
37500,771,688
37505,766,685
37510,785,686
37515,785,681
37520,796,676
37525,807,673
37530,811,666
37535,814,659
37540,828,657
37545,837,653
37550,849,649
37555,861,647
37560,868,648
37565,884,642
37570,891,642
37575,898,644
37580,916,642
37585,929,641
37590,941,642
37595,953,644
37600,967,639
37605,979,643
37610,991,643
37615,998,649
37620,1009,651
37625,1025,660
37630,1031,659
37635,1049,660
37640,1055,668
37645,1070,669
37650,1082,674
37655,1090,677
37660,1101,687
37665,1109,690
37670,1123,695
37675,1127,699
37680,1134,711
37685,1147,719
37690,1148,724
37695,1157,735
37700,1166,735
37705,1155,747
37710,1170,750
37715,1168,763
37720,1185,774
37725,1182,772
37730,1183,785
37735,1191,795
37740,1184,801
37745,1185,816
37750,1185,817
37755,1194,828
37760,1192,832
37765,1184,834
37770,1185,850
37775,1182,849
37780,1182,858
37785,1180,861
37790,1187,873
37795,1176,873
37800,1166,881
37805,1164,885
37810,1163,890
37815,1161,893
37820,1167,897
37825,1152,900
37830,1163,903
37835,1154,908
37840,1151,913
37845,1147,917
37850,1143,912
37855,1141,919
37860,1135,914
37865,1133,916
37870,1134,917
37875,1129,922
37880,1121,915
37885,1113,917
37890,1110,918
37895,1115,919
37900,1122,912
37905,1107,915
37910,1103,914
37915,1107,916
37920,1097,912
37925,1096,910
37930,1101,910
37935,1092,904
37940,1089,904
37945,1096,900
37950,1087,901
37955,1076,898
37960,1086,894
37965,1084,890
37970,1088,895
37975,1081,888
37980,1079,881
37985,1068,887
37990,1065,881
37995,1066,881
38000,1059,884
38005,1056,876
38010,1044,881
38015,1050,874
38020,1048,869
38025,1038,867
38030,1030,866
38035,1030,867
38040,1027,869
38045,1018,865
38050,1015,864
38055,1003,853
38060,1002,862
38065,993,856
38070,986,862
38075,981,858
38080,977,849
38085,964,851
38090,966,852
38095,949,852
38100,942,855
38105,935,845
38110,912,840
38115,912,843
38120,902,840
38125,895,837
38130,886,836
38135,883,834
38140,880,834
38145,864,823
38150,850,826
38155,836,823
38160,843,820
38165,825,819
38170,812,813
38175,805,806
38180,808,803
38185,798,801
38190,790,793
38195,775,798
38200,773,784
38205,769,786
38210,761,771
38215,755,771
38220,746,766
38225,764,761
38230,751,756
38235,741,755
38240,748,746
38245,749,739
38250,742,732
38255,748,726
38260,747,720
38265,747,715
38270,756,714
38275,752,704
38280,770,703
38285,763,698
38290,777,693
38295,776,685
38300,789,677
38305,800,673
38310,795,670
38315,815,670
38320,818,665
38325,822,654
38330,841,657
38335,844,654
38340,851,647
38345,865,649
38350,873,641
38355,890,640
38360,904,641
38365,915,643
38370,938,649
38375,939,639
38380,951,645
38385,972,642
38390,974,643
38395,994,642
38400,1003,646
38405,1011,651
38410,1026,657
38415,1035,659
38420,1048,660
38425,1057,666
38430,1077,665
38435,1086,678
38440,1099,682
38445,1106,685
38450,1109,695
38455,1124,706
38460,1133,709
38465,1143,709
38470,1149,719
38475,1150,723
38480,1161,729
38485,1159,745
38490,1163,752
38495,1163,757
38500,1186,766
38505,1177,772
38510,1170,782
38515,1178,787
38520,1183,792
38525,1184,807
38530,1185,810
38535,1188,820
38540,1188,820
38545,1180,831
38550,1182,838
38555,1183,838
38560,1180,854
38565,1177,857
38570,1168,870
38575,1183,867
38580,1177,877
38585,1178,885
38590,1171,880
38595,1164,891
38600,1165,893
38605,1154,903
38610,1153,903
38615,1156,903
38620,1159,907
38625,1153,905
38630,1145,910
38635,1146,910
38640,1127,915
38645,1136,921
38650,1128,922
38655,1130,913
38660,1120,924
38665,1121,922
38670,1117,916
38675,1122,919
38680,1111,919
38685,1104,915
38690,1109,915
38695,1110,915
38700,1101,917
38705,1101,910
38710,1097,909
38715,1103,911
38720,1098,906
38725,1092,901
38730,1087,903
38735,1082,901
38740,1088,898
38745,1083,897
38750,1095,891
38755,1082,889
38760,1078,887
38765,1073,891
38770,1065,884
38775,1083,879
38780,1071,880
38785,1064,878
38790,1056,882
38795,1054,875
38800,1063,870
38805,1045,866
38810,1051,872
38815,1041,863
38820,1028,869
38825,1031,866
38830,1026,861
38835,1018,860
38840,1016,863
38845,1000,859
38850,989,856
38855,989,857
38860,983,853
38865,971,855
38870,969,848
38875,965,851
38880,955,849
38885,942,846
38890,925,843
38895,921,850
38900,911,844
38905,903,844
38910,889,833
38915,884,837
38920,872,840
38925,867,839
38930,859,829
38935,851,824
38940,836,816
38945,833,820
38950,815,812
38955,814,814
38960,810,811
38965,800,802
38970,784,796
38975,778,795
38980,779,790
38985,775,789
38990,770,782
38995,760,774
39000,756,769
39005,762,764
39010,747,762
39015,748,757
39020,751,748
39025,757,741
39030,748,737
39035,752,735
39040,747,733
39045,748,722
39050,752,718
39055,753,707
39060,756,702
39065,759,698
39070,766,696
39075,773,692
39080,774,678
39085,786,681
39090,793,670
39095,803,671
39100,801,662
39105,815,657
39110,821,659
39115,845,656
39120,849,651
39125,857,654
39130,871,640
39135,885,646
39140,898,638
39145,908,638
39150,924,642
39155,932,640
39160,947,641
39165,959,643
39170,967,636
39175,983,644
39180,993,643
39185,1012,645
39190,1022,652
39195,1027,657
39200,1038,656
39205,1056,665
39210,1061,670
39215,1072,669
39220,1085,675
39225,1091,683
39230,1099,686
39235,1113,688
39240,1120,704
39245,1126,703
39250,1127,710
39255,1146,717
39260,1158,726
39265,1159,739
39270,1165,740
39275,1161,751
39280,1174,756
39285,1176,768
39290,1184,773
39295,1176,779
39300,1182,791
39305,1187,799
39310,1176,804
39315,1200,812
39320,1178,820
39325,1191,824
39330,1185,837
39335,1192,838
39340,1199,851
39345,1188,847
39350,1188,859
39355,1178,865
39360,1176,870
39365,1183,879
39370,1175,880
39375,1178,892
39380,1176,893
39385,1169,894
39390,1161,900
39395,1163,903
39400,1167,902
39405,1143,911
39410,1144,909
39415,1143,904
39420,1137,917
39425,1131,916
39430,1131,914
39435,1130,916
39440,1117,914
39445,1128,921
39450,1135,923
39455,1113,912
39460,1115,919
39465,1110,919
39470,1125,920
39475,1116,915
39480,1112,913
39485,1097,910
39490,1103,905
39495,1100,905
39500,1098,909
39505,1099,909
39510,1091,905
39515,1090,901
39520,1085,898
39525,1086,893
39530,1086,895
39535,1073,888
39540,1087,895
39545,1079,883
39550,1073,887
39555,1069,886
39560,1068,881
39565,1057,886
39570,1062,876
39575,1069,875
39580,1062,876
39585,1051,871
39590,1048,868
39595,1042,868
39600,1035,866
39605,1026,867
39610,1027,868
39615,1020,862
39620,1019,858
39625,1004,862
39630,1002,864
39635,998,859
39640,977,854
39645,972,848
39650,967,853
39655,962,851
39660,962,854
39665,941,851
39670,932,849
39675,928,845
39680,919,846
39685,919,844
39690,911,841
39695,901,836
39700,891,832
39705,873,834
39710,862,824
39715,857,827
39720,850,827
39725,827,819
39730,829,814
39735,821,815
39740,803,811
39745,807,810
39750,797,802
39755,799,799
39760,786,801
39765,778,786
39770,771,782
39775,765,779
39780,761,775
39785,761,772
39790,748,764
39795,745,755
39800,748,748
39805,752,754
39810,751,742
39815,746,743
39820,746,736
39825,750,729
39830,748,718
39835,756,715
39840,764,713
39845,763,702
39850,773,696
39855,764,691
39860,777,685
39865,781,680
39870,783,685
39875,799,674
39880,799,671
39885,818,667
39890,824,668
39895,838,657
39900,843,654
39905,855,652
39910,856,645
39915,889,643
39920,892,642
39925,905,643
39930,906,644
39935,916,639
39940,942,641
39945,948,640
39950,961,646
39955,983,642
39960,994,644
39965,997,644
39970,1007,649
39975,1026,651
39980,1027,654
39985,1047,659
39990,1057,663
39995,1067,662
40000,1086,672
40005,1090,674
40010,1102,680
40015,1108,688
40020,1099,692
40025,1122,698
40030,1122,707
40035,1143,712
40040,1139,722
40045,1153,729
40050,1158,731
40055,1164,742
40060,1163,752
40065,1178,762
40070,1177,769
40075,1182,775
40080,1178,788
40085,1184,787
40090,1176,792
40095,1188,808
40100,1186,813
40105,1189,818
40110,1193,832
40115,1184,830
40120,1189,843
40125,1191,847
40130,1182,858
40135,1186,861
40140,1187,867
40145,1168,877
40150,1172,876
40155,1173,892
40160,1167,887
40165,1167,889
40170,1157,891
40175,1160,903
40180,1157,902
40185,1148,905
40190,1154,909
40195,1138,913
40200,1134,912
40205,1140,913
40210,1136,913
40215,1128,914
40220,1131,916
40225,1125,920
40230,1127,913
40235,1119,922
40240,1109,912
40245,1121,914
40250,1117,917
40255,1112,915
40260,1109,915
40265,1109,916
40270,1103,911
40275,1098,911
40280,1098,907
40285,1096,908
40290,1095,910
40295,1087,903
40300,1085,896
40305,1085,897
40310,1089,894
40315,1081,894
40320,1087,893
40325,1081,894
40330,1078,887
40335,1070,886
40340,1067,878
40345,1071,886
40350,1067,876
40355,1070,881
40360,1050,874
40365,1046,875
40370,1057,869
40375,1045,875
40380,1033,874
40385,1030,865
40390,1029,868
40395,1020,863
40400,1022,861
40405,1007,856
40410,1004,862
40415,1000,864
40420,991,856
40425,986,859
40430,979,856
40435,964,855
40440,958,857
40445,953,848
40450,942,855
40455,943,845
40460,928,843
40465,920,841
40470,908,843
40475,891,837
40480,884,838
40485,885,836
40490,870,831
40495,860,829
40500,859,828
40505,836,822
40510,836,826
40515,826,815
40520,815,811
40525,814,813
40530,801,807
40535,800,799
40540,786,797
40545,796,793
40550,783,791
40555,764,781
40560,757,781
40565,760,780
40570,752,768
40575,762,768
40580,753,750
40585,746,750
40590,739,751
40595,748,741
40600,743,731
40605,754,730
40610,758,730
40615,750,720
40620,758,715
40625,754,701
40630,757,703
40635,777,694
40640,780,690
40645,775,687
40650,778,678
40655,797,673
40660,801,671
40665,812,669
40670,811,662
40675,824,657
40680,833,656
40685,853,654
40690,857,645
40695,868,645
40700,885,644
40705,886,643
40710,899,648
40715,906,637
40720,921,641
40725,942,645
40730,959,641
40735,952,648
40740,980,642
40745,995,644
40750,1005,649
40755,1010,650
40760,1019,655
40765,1037,659
40770,1042,655
40775,1061,664
40780,1066,669
40785,1077,676
40790,1083,673
40795,1103,683
40800,1099,686
40805,1125,696
40810,1125,700
40815,1132,710
40820,1138,716
40825,1140,719
40830,1147,729
40835,1154,738
40840,1162,747
40845,1173,754
40850,1171,762
40855,1174,773
40860,1178,776
40865,1191,783
40870,1179,788
40875,1183,800
40880,1182,813
40885,1191,811
40890,1192,825
40895,1183,834
40900,1184,835
40905,1187,842
40910,1183,848
40915,1183,853
40920,1186,860
40925,1179,868
40930,1175,868
40935,1172,875
40940,1170,881
40945,1170,887
40950,1173,893
40955,1170,899
40960,1158,897
40965,1150,903
40970,1153,902
40975,1147,914
40980,1147,917
40985,1145,919
40990,1141,921
40995,1140,915
41000,1139,916
41005,1133,918
41010,1127,923
41015,1123,918
41020,1116,921
41025,1125,918
41030,1113,923
41035,1111,923
41040,1121,922
41045,1105,917
41050,1113,916
41055,1100,906
41060,1103,912
41065,1100,906
41070,1094,906
41075,1082,907
41080,1092,903
41085,1089,907
41090,1085,895
41095,1076,896
41100,1081,898
41105,1070,894
41110,1078,888
41115,1080,887
41120,1067,882
41125,1072,886
41130,1067,882
41135,1068,881
41140,1056,876
41145,1058,872
41150,1057,877
41155,1052,874
41160,1041,864
41165,1040,866
41170,1034,874
41175,1024,867
41180,1026,870
41185,1014,865
41190,1013,861
41195,1001,858
41200,1000,859
41205,990,854
41210,977,857
41215,972,858
41220,971,851
41225,955,855
41230,948,847
41235,940,846
41240,938,844
41245,918,843
41250,917,846
41255,910,844
41260,894,838
41265,892,842
41270,885,829
41275,858,830
41280,858,829
41285,859,825
41290,846,822
41295,824,825
41300,827,819
41305,822,813
41310,810,808
41315,798,807
41320,797,800
41325,788,795
41330,784,791
41335,781,787
41340,779,781
41345,766,778
41350,757,769
41355,750,765
41360,751,761
41365,760,755
41370,747,746
41375,742,743
41380,745,737
41385,753,735
41390,743,728
41395,753,718
41400,756,722
41405,748,717
41410,766,708
41415,760,703
41420,772,696
41425,774,693
41430,775,685
41435,793,680
41440,795,678
41445,803,668
41450,807,666
41455,817,665
41460,821,653
41465,835,655
41470,856,654
41475,854,649
41480,864,644
41485,872,644
41490,889,640
41495,895,640
41500,926,640
41505,922,632
41510,928,639
41515,960,639
41520,962,645
41525,975,648
41530,991,644
41535,1004,646
41540,1015,649
41545,1020,658
41550,1043,655
41555,1046,661
41560,1057,663
41565,1072,662
41570,1079,672
41575,1086,678
41580,1110,686
41585,1110,689
41590,1112,696
41595,1132,701
41600,1131,712
41605,1136,715
41610,1139,732
41615,1153,734
41620,1152,740
41625,1173,745
41630,1176,757
41635,1172,762
41640,1175,772
41645,1184,779
41650,1187,788
41655,1185,796
41660,1185,799
41665,1192,808
41670,1189,815
41675,1188,822
41680,1195,830
41685,1183,835
41690,1180,841
41695,1183,852
41700,1178,858
41705,1185,866
41710,1183,871
41715,1183,874
41720,1169,878
41725,1167,886
41730,1167,884
41735,1160,888
41740,1162,895
41745,1156,906
41750,1159,903
41755,1176,902
41760,1149,914
41765,1150,916
41770,1144,913
41775,1137,916
41780,1129,918
41785,1131,917
41790,1133,925
41795,1123,921
41800,1117,921
41805,1110,916
41810,1115,916
41815,1116,913
41820,1116,916
41825,1101,912
41830,1105,917
41835,1105,918
41840,1096,914
41845,1103,910
41850,1096,905
41855,1099,907
41860,1103,905
41865,1093,906
41870,1091,903
41875,1081,901
41880,1089,899
41885,1086,892
41890,1081,889
41895,1073,892
41900,1076,886
41905,1079,887
41910,1066,888
41915,1061,881
41920,1063,880
41925,1061,878
41930,1058,874
41935,1048,874
41940,1052,876
41945,1045,865
41950,1043,866
41955,1040,866
41960,1022,865
41965,1021,869
41970,1014,865
41975,1003,856
41980,1008,852
41985,1001,862
41990,976,858
41995,987,855
42000,970,851
42005,961,848
42010,966,850
42015,960,849
42020,940,849
42025,934,844
42030,932,841
42035,917,845
42040,899,842
42045,894,837
42050,887,837
42055,881,835
42060,862,830
42065,854,829
42070,850,829
42075,829,828
42080,837,822
42085,820,817
42090,805,807
42095,807,809
42100,803,808
42105,788,802
42110,786,796
42115,782,794
42120,767,788
42125,762,789
42130,765,773
42135,761,777
42140,760,769
42145,757,763
42150,752,755
42155,750,751
42160,744,745
42165,750,742
42170,747,730
42175,748,730
42180,757,721
42185,758,718
42190,743,706
42195,756,704
42200,768,698
42205,760,693
42210,777,691
42215,770,684
42220,784,679
42225,807,673
42230,794,671
42235,812,666
42240,831,659
42245,839,653
42250,837,654
42255,857,646
42260,855,646
42265,874,645
42270,879,643
42275,886,641
42280,910,640
42285,915,641
42290,928,639
42295,935,641
42300,951,643
42305,968,638
42310,980,645
42315,988,647
42320,1010,649
42325,1009,649
42330,1020,652
42335,1041,653
42340,1046,658
42345,1064,664
42350,1071,673
42355,1079,676
42360,1094,681
42365,1107,691
42370,1115,694
42375,1115,698
42380,1124,706
42385,1130,713
42390,1150,723
42395,1140,727
42400,1155,737
42405,1158,735
42410,1161,746
42415,1172,755
42420,1167,762
42425,1170,773
42430,1188,779
42435,1179,793
42440,1183,793
42445,1179,803
42450,1190,813
42455,1190,816
42460,1194,822
42465,1186,828
42470,1185,842
42475,1183,851
42480,1184,856
42485,1187,859
42490,1186,867
42495,1179,866
42500,1169,879
42505,1178,882
42510,1164,887
42515,1171,889
42520,1159,893
42525,1157,897
42530,1159,901
42535,1155,900
42540,1156,908
42545,1138,909
42550,1153,912
42555,1139,913
42560,1137,916
42565,1137,913
42570,1122,918
42575,1121,919
42580,1124,925
42585,1122,917
42590,1111,919
42595,1119,913
42600,1113,914
42605,1113,916
42610,1108,908
42615,1107,914
42620,1105,911
42625,1103,907
42630,1092,909
42635,1097,903
42640,1095,902
42645,1093,911
42650,1084,901
42655,1082,900
42660,1088,898
42665,1087,893
42670,1085,894
42675,1074,886
42680,1075,890
42685,1078,886
42690,1068,883
42695,1064,885
42700,1066,880
42705,1061,882
42710,1061,876
42715,1058,875
42720,1051,874
42725,1046,874
42730,1045,868
42735,1046,870
42740,1028,863
42745,1024,863
42750,1021,865
42755,1016,865
42760,1013,860
42765,1004,860
42770,993,857
42775,985,861
42780,978,854
42785,967,854
42790,964,851
42795,951,849
42800,944,847
42805,944,844
42810,937,853
42815,911,844
42820,909,841
42825,897,844
42830,894,840
42835,892,842
42840,873,835
42845,872,832
42850,857,827
42855,854,826
42860,841,819
42865,834,816
42870,820,815
42875,816,814
42880,811,805
42885,794,807
42890,789,801
42895,784,797
42900,784,791
42905,782,785
42910,774,780
42915,761,779
42920,753,767
42925,753,767
42930,758,764
42935,750,749
42940,753,749
42945,745,746
42950,743,742
42955,758,732
42960,757,726
42965,750,721
42970,754,712
42975,755,705
42980,758,700
42985,762,703
42990,772,690
42995,773,690
43000,769,681
43005,789,676
43010,793,671
43015,815,677
43020,816,669
43025,826,662
43030,835,656
43035,842,655
43040,857,646
43045,859,648
43050,868,649
43055,894,644
43060,893,644
43065,909,646
43070,919,641
43075,939,641
43080,951,641
43085,955,644
43090,976,643
43095,980,645
43100,991,642
43105,1001,649
43110,1016,654
43115,1028,652
43120,1035,656
43125,1062,661
43130,1069,667
43135,1066,672
43140,1086,679
43145,1089,683
43150,1096,687
43155,1118,699
43160,1123,700
43165,1130,706
43170,1141,711
43175,1138,724
43180,1159,732
43185,1154,739
43190,1165,742
43195,1169,752
43200,1169,755
43205,1174,764
43210,1179,771
43215,1181,779
43220,1185,793
43225,1185,796
43230,1174,796
43235,1181,813
43240,1184,821
43245,1185,830
43250,1189,835
43255,1190,839
43260,1177,848
43265,1178,853
43270,1178,857
43275,1178,865
43280,1173,871
43285,1177,877
43290,1177,877
43295,1175,889
43300,1167,894
43305,1160,898
43310,1159,898
43315,1160,901
43320,1152,905
43325,1152,907
43330,1138,910
43335,1142,916
43340,1143,912
43345,1137,912
43350,1135,917
43355,1129,920
43360,1124,919
43365,1129,914
43370,1131,917
43375,1123,916
43380,1121,923
43385,1112,914
43390,1105,915
43395,1112,918
43400,1101,917
43405,1107,910
43410,1098,907
43415,1105,903
43420,1103,907
43425,1082,909
43430,1087,908
43435,1088,901
43440,1088,899
43445,1084,901
43450,1081,894
43455,1087,894
43460,1083,889
43465,1073,894
43470,1077,887
43475,1070,886
43480,1071,880
43485,1065,873
43490,1055,882
43495,1069,876
43500,1062,873
43505,1049,867
43510,1038,874
43515,1051,866
43520,1036,864
43525,1032,862
43530,1023,862
43535,1016,862
43540,1016,860
43545,1015,857
43550,998,861
43555,986,857
43560,977,857
43565,978,858
43570,961,857
43575,964,850
43580,956,845
43585,944,853
43590,938,848
43595,929,845
43600,921,844
43605,910,833
43610,907,833
43615,893,834
43620,883,832
43625,873,831
43630,861,830
43635,865,832
43640,854,826
43645,832,821
43650,823,819
43655,831,815
43660,817,814
43665,801,808
43670,805,803
43675,791,800
43680,781,796
43685,781,792
43690,769,784
43695,764,781
43700,766,773
43705,768,773
43710,759,764
43715,752,764
43720,760,760
43725,752,745
43730,749,746
43735,746,741
43740,748,728
43745,748,721
43750,746,718
43755,755,712
43760,754,707
43765,771,705
43770,771,700
43775,778,691
43780,779,687
43785,787,679
43790,786,685
43795,794,671
43800,801,671
43805,821,660
43810,821,666
43815,830,655
43820,847,652
43825,850,647
43830,871,648
43835,878,652
43840,888,648
43845,904,645
43850,904,641
43855,925,639
43860,931,641
43865,956,642
43870,952,646
43875,977,642
43880,983,642
43885,988,648
43890,1006,650
43895,1013,653
43900,1033,650
43905,1045,657
43910,1068,660
43915,1062,665
43920,1078,679
43925,1079,678
43930,1088,681
43935,1097,690
43940,1111,690
43945,1128,702
43950,1136,707
43955,1140,717
43960,1141,723
43965,1149,729
43970,1153,735
43975,1155,739
43980,1173,754
43985,1171,758
43990,1177,765
43995,1179,776
